word	count	lemma_count	books	irv_count	first_ref
अँकड़ियाँ	1	1	1	0	EZK 40:43
अँकवार	3	3	2	4	2KI 4:39
अँकुर	2	2	2	0	PSA 80:11
अँगरखा	1	1	1	0	ISA 22:20
अँगरखे	3	3	2	0	GEN 3:21
अँगारा	1	1	1	0	ISA 6:6
अँगारे	3	3	1	0	PSA 18:12
अँगीठी	4	4	2	6	ISA 30:14
अँगूठियों	2	2	2	2	ISA 3:21
अँगूठी	11	11	6	0	GEN 41:42
अँगूठे	2	2	1	2	JDG 1:6
अँगूर	1	1	1	0	SNG 7:8
अँगोछा	1	1	1	2	JHN 13:4
अँगोछे	2	2	1	4	JHN 11:44
अँतड़ियाँ	2	2	1	0	2CH 21:15
अँतड़ियों	2	2	1	0	2CH 21:15
अँधा	1	1	1	0	2KI 6:18
अँधियारा	1	1	1	0	ISA 5:20
अँधियारे	1	1	1	0	ISA 5:20
अंक	5	5	1	6	REV 13:17
अंकड़ियाँ	1	1	1	1	EXO 26:32
अंकड़ियों	1	1	1	1	EXO 26:33
अंकड़े	6	6	1	6	EXO 26:6
अंकड़ों	2	2	1	2	EXO 26:6
अंकवार	1	1	1	0	PSA 129:7
अंकित	0	0	0	1	extra_words.txt
अंकुर	5	5	5	11	PRO 14:3
अंकुश	1	1	1	0	ECC 12:11
अंग	41	41	14	38	LEV 14:9
अंगरक्षकों	34	34	5	37	GEN 37:36
अंगरखा	11	11	5	15	GEN 37:3
अंगरखे	8	8	4	11	GEN 37:32
अंगरखों	2	2	2	2	LEV 10:5
अंगवाले	1	1	1	1	JHN 5:3
अंगारे	4	4	3	6	2SA 14:7
अंगारों	8	8	6	9	NUM 16:37
अंगीकर	1	1	1	0	PHP 2:11
अंगीकार	21	21	11	37	LEV 16:21
अंगीठियाँ	1	1	1	0	EXO 27:3
अंगीठी	2	2	2	0	GEN 15:17
अंगुल	4	4	3	6	EXO 25:25
अंगुलियाँ	1	1	1	1	ISA 59:3
अंगुलियों	2	2	2	2	PRO 6:13
अंगुली	1	1	1	0	JOB 40:4
अंगूठी	1	1	1	13	HAG 2:23
अंगूठों	7	7	2	0	EXO 29:20
अंगूर	13	13	5	22	SNG 7:7
अंगूरों	1	1	1	1	LEV 19:10
अंगों	19	19	7	20	EXO 33:5
अंगोछा	1	1	1	0	JHN 20:7
अंगोछे	2	2	2	0	LUK 19:20
अंजन	2	2	2	2	JER 4:30
अंजीर	52	52	26	65	GEN 3:7
अंजीरों	11	11	8	11	NUM 13:23
अंड	2	2	1	0	LEV 21:20
अंत	2	2	2	2	JOS 3:17
अंतड़ियाँ	10	10	2	19	EXO 29:13
अंतड़ियों	8	8	3	9	EXO 12:9
अंतराल	0	0	0	2	extra_words.txt
अंतर्ग्रहण	0	0	0	1	extra_words.txt
अंतर्निहित	0	0	0	2	extra_words.txt
अंतिम	5	5	1	6	JHN 6:39
अंदरूनी	0	0	0	2	extra_words.txt
अंधकार	8	8	7	128	2SA 22:10
अंधकारपूर्ण	0	0	0	1	extra_words.txt
अंधविश्वासियों	0	0	0	1	extra_words.txt
अंधा	22	22	11	32	EXO 4:11
अंधापन	0	0	0	2	extra_words.txt
अंधियारे	4	4	3	50	EXO 19:9
अंधी	4	4	4	6	JOB 17:5
अंधे	30	30	6	45	LEV 19:14
अंधेपन	0	0	0	1	extra_words.txt
अंधेर	7	7	3	86	PRO 14:31
अंधेरा	3	3	3	29	JHN 20:1
अंधेरे	2	2	2	28	ECC 12:2
अंधो	3	3	2	0	ISA 42:18
अंधों	8	8	5	20	ISA 35:5
अंश	83	83	20	95	GEN 31:14
अककूब	1	1	1	0	1CH 3:24
अकजीब	4	4	3	4	JOS 15:44
अकड़ते	1	1	1	1	PSA 12:8
अकबोर	6	6	4	7	GEN 36:38
अकसा	5	5	3	6	JOS 15:16
अकान	1	1	1	1	GEN 36:27
अकारण	12	12	4	12	1SA 19:5
अकारथ	3	3	3	3	LEV 26:20
अकाल	58	58	18	102	GEN 12:10
अकिंचन	0	0	0	2	extra_words.txt
अकेला	55	55	25	61	GEN 2:18
अकेलापन	0	0	0	1	extra_words.txt
अकेली	6	6	4	7	NUM 23:9
अकेले	18	18	14	18	NUM 11:17
अक्कद	1	1	1	1	GEN 10:10
अक्कूब	7	7	3	8	1CH 9:17
अक्को	1	1	1	1	JDG 1:31
अक्रब्बीम	3	3	3	3	NUM 34:4
अक्विला	6	6	4	7	ACT 18:2
अक्षम	0	0	0	1	extra_words.txt
अक्षर	3	3	2	6	EXO 28:36
अक्षरों	7	7	4	7	EZR 4:7
अक्षाप	3	3	1	3	JOS 11:1
अखइकुस	1	1	1	1	1CO 16:17
अखण्ड	0	0	0	3	extra_words.txt
अखण्डता	0	0	0	1	extra_words.txt
अखमीरी	26	26	11	0	NUM 6:15
अखया	7	7	4	0	ROM 15:26
अखरोट	1	1	1	1	SNG 6:11
अख़मीरी	29	29	7	63	EXO 12:8
अखाड़े	1	1	1	1	2TI 2:5
अखाया	3	3	1	14	ACT 18:12
अखीआज़र	1	1	1	0	NUM 10:25
अखीम	2	2	1	2	MAT 1:14
अगबुस	2	2	1	3	ACT 11:28
अगम	3	3	3	3	PSA 145:3
अगम्य	3	3	3	3	ZEC 11:2
अगर	6	6	6	10	EXO 30:23
अगला	2	2	2	3	JOL 2:20
अगली	2	2	2	3	PSA 84:6
अगले	9	9	5	13	GEN 17:21
अगाग	6	6	2	8	NUM 24:7
अगागी	5	5	1	5	EST 3:1
अगुआ	3	3	3	14	JDG 9:39
अगुआई	9	9	7	54	NEH 9:12
अगुवा	6	6	6	0	2SA 5:2
अगुवाई	33	33	9	0	EXO 15:13
अगुवे	4	4	4	0	ISA 3:12
अगुवो	2	2	1	0	MAT 23:16
अगुवों	3	3	2	0	JDG 5:2
अग्नि	14	14	7	17	LEV 6:9
अग्निबाण	1	1	1	1	PSA 7:13
अग्निबाणों	2	2	1	2	ISA 50:11
अग्निमय	4	4	2	5	2KI 2:11
अग्निसर्प	1	1	1	1	ISA 14:29
अग्रसर	0	0	0	1	extra_words.txt
अग्रिप्पा	11	11	1	19	ACT 25:13
अग्रिम	0	0	0	2	extra_words.txt
अग्री	1	1	1	0	1CH 5:20
अघा	4	4	3	4	PRO 1:31
अचम्भा	27	27	8	36	ISA 59:16
अचम्भित	12	12	7	12	1SA 6:6
अचम्भे	6	6	6	9	GEN 24:21
अचल	0	0	0	1	extra_words.txt
अचानक	34	34	16	42	NUM 6:9
अचूक	1	1	1	4	HEB 10:1
अचेत	2	2	2	2	ISA 51:20
अचेतन	1	1	1	1	JUD 1:10
अच्छा	213	213	46	236	GEN 1:4
अच्छी	117	117	34	115	GEN 41:5
अच्छे	93	93	33	80	GEN 2:9
अजगर	20	20	5	23	EXO 7:9
अजगाद	4	4	2	4	EZR 2:12
अजज्याह	3	3	2	3	1CH 15:21
अजनबी	1	1	1	1	PSA 69:8
अजनोत्ताबोर	1	1	1	1	JOS 19:34
अजबूक	1	1	1	1	NEH 3:16
अजमावेत	6	6	2	0	2SA 23:31
अजर	1	1	1	1	1PE 1:4
अजरेल	6	6	3	6	1CH 12:6
अजर्याह	53	53	8	57	1KI 4:2
अज़ाज़ेल	4	4	1	0	LEV 16:8
अज़ीज़ा	1	1	1	1	EZR 10:27
अजाज	1	1	1	1	1CH 5:8
अजीएल	1	1	1	1	1CH 15:20
अजूबा	4	4	3	4	1KI 22:42
अजेका	7	7	5	7	JOS 10:10
अजोर	2	2	1	2	MAT 1:13
अज्जा	12	12	8	0	GEN 10:19
अज्जान	1	1	1	1	NUM 34:26
अज्जूर	3	3	3	3	NEH 10:17
अज्ञात	1	1	1	16	2CO 5:21
अज्ञान	1	1	1	6	ISA 45:20
अज्ञानता	15	15	7	17	LEV 4:13
अज्ञानतावश	1	1	1	0	EZK 45:20
अज्ञानी	3	3	3	5	ISA 56:10
अज्ञानों	1	1	1	0	HEB 5:2
अज्ञेय	0	0	0	1	extra_words.txt
अज्माबेत	1	1	1	0	NEH 12:29
अज्मावेत	1	1	1	8	EZR 2:24
अज्रीएल	3	3	2	3	1CH 5:24
अज्रीकाम	6	6	3	6	1CH 3:23
अटक	1	1	1	1	2SA 18:9
अटकल	1	1	1	1	1KI 22:34
अटका	1	1	1	1	GEN 44:30
अटल	30	30	17	34	GEN 18:19
अटारियों	4	4	3	4	1CH 28:11
अटारी	16	16	7	17	JDG 3:20
अटूट	1	1	1	3	PSA 73:4
अटेरन	1	1	1	1	PRO 31:19
अट्ठाइस	2	2	1	0	EXO 26:2
अट्ठाईस	11	11	5	13	2KI 10:36
अट्ठानबे	2	2	2	0	1SA 4:15
अट्ठानवे	1	1	1	1	NEH 7:21
अट्ठासी	1	1	1	2	NEH 7:26
अठारह	24	24	12	20	GEN 14:14
अठारहवाँ	1	1	1	1	JER 32:1
अठारहवीं	2	2	1	2	1CH 24:15
अठारहवें	8	8	4	8	1KI 15:1
अठासी	1	1	1	0	1CH 25:7
अड़ंगा	4	4	4	3	GEN 27:36
अड़तालीस	4	4	3	4	NUM 35:7
अड़तीस	4	4	4	5	DEU 2:14
अड़तीसवें	2	2	2	2	1KI 16:29
अड़सठ	2	2	2	2	1CH 16:38
अड़ा	2	2	2	2	DEU 25:8
अड्डा	2	2	1	2	REV 18:2
अड्डे	1	1	1	1	1SA 23:22
अण्ड	1	1	1	3	DEU 23:1
अण्डा	1	1	1	2	LUK 11:12
अण्डे	7	7	4	8	DEU 22:6
अण्डों	3	3	3	3	DEU 22:6
अतः	400	400	42	397	GEN 2:20
अतएव	4	4	2	3	1KI 13:19
अतलै	1	1	1	1	EZR 10:28
अतल्याह	17	17	4	23	2KI 8:26
अताक	1	1	1	1	1SA 30:30
अतायाह	1	1	1	1	NEH 11:4
अतारा	1	1	1	1	1CH 2:26
अतारोत	4	4	2	4	NUM 32:3
अति	107	107	28	154	GEN 4:5
अति-मानसिक	0	0	0	1	extra_words.txt
अतिकरुणामय	1	1	1	0	NEH 9:17
अतिक्रमणकारियों	0	0	0	1	extra_words.txt
अतिथि	12	12	9	12	GEN 23:4
अतिथियों	5	5	3	7	GEN 19:10
अतिदयालु	2	2	1	0	NEH 9:27
अतिभोग	0	0	0	1	extra_words.txt
अतिरिक्त	4	4	4	14	GEN 20:12
अतीत	0	0	0	1	extra_words.txt
अतीतकाल	0	0	0	1	extra_words.txt
अतुलनीय	0	0	0	1	extra_words.txt
अतुल्य	0	0	0	1	extra_words.txt
अत्तलिया	1	1	1	1	ACT 14:25
अत्ताएलरोई	1	1	1	2	GEN 16:13
अत्ते	1	1	1	0	2CH 11:20
अत्तै	3	3	1	4	1CH 2:35
अत्यन्त	94	94	26	99	GEN 7:19
अत्याचार	11	11	7	38	2CH 16:10
अत्याचारी	1	1	1	2	PSA 59:5
अत्यावश्यकता	0	0	0	1	extra_words.txt
अत्युत्तम	0	0	0	1	extra_words.txt
अत्रोतदार	1	1	1	2	JOS 16:5
अत्रोतद्दार	1	1	1	0	JOS 18:13
अत्रोतबेत्योआब	1	1	1	1	1CH 2:54
अत्रौत	1	1	1	1	NUM 32:35
अथवा	30	30	12	30	GEN 17:12
अथाह	14	14	7	15	JOB 28:14
अदन	14	14	4	14	GEN 2:8
अदना	4	4	4	2	1CH 12:20
अदबेल	1	1	1	0	1CH 1:29
अदमा	5	5	3	5	GEN 10:19
अदमाता	1	1	1	1	EST 1:14
अदम्य	0	0	0	2	extra_words.txt
अदल	1	1	1	0	JAS 1:17
अदलै	1	1	1	1	1CH 27:29
अदल्या	1	1	1	1	EST 9:8
अदादा	1	1	1	1	JOS 15:22
अदामा	1	1	1	1	JOS 19:36
अदामीनेकेब	1	1	1	1	JOS 19:33
अदाया	1	1	1	0	2KI 22:1
अदायाह	10	10	5	10	2KI 23:36
अदार	10	10	2	10	EZR 6:15
अदालत	3	3	2	5	JOB 11:10
अदीएल	2	2	1	3	1CH 4:36
अदीतैम	1	1	1	1	JOS 15:36
अदीना	1	1	1	1	1CH 11:42
अदीनो	1	1	1	1	2SA 23:8
अदुम्मीम	2	2	1	2	JOS 15:7
अदुल्लाम	8	8	7	9	JOS 12:15
अदुल्लामवासी	3	3	1	3	GEN 38:1
अदृश्य	1	1	1	4	COL 1:15
अदेम्मेलेक	1	1	1	0	2KI 19:37
अदोएल	1	1	1	0	1CH 9:12
अदोनिय्याह	25	25	5	32	2SA 3:4
अदोनीकाम	2	2	1	3	EZR 2:13
अदोनीबेजेक	3	3	1	3	JDG 1:5
अदोनीराम	2	2	1	2	1KI 4:6
अदोनीसेदेक	2	2	1	3	JOS 10:1
अदोराम	2	2	2	2	2SA 20:24
अदोरैम	1	1	1	1	2CH 11:9
अद्दान	1	1	1	1	EZR 2:59
अद्दार	2	2	2	2	JOS 15:3
अद्दी	1	1	1	1	LUK 3:28
अद्दोन	1	1	1	1	NEH 7:61
अद्बेल	1	1	1	0	GEN 25:13
अद्भुत	47	47	18	60	JDG 13:18
अद्रमुत्तियुम	1	1	1	2	ACT 27:2
अद्रम्मेलेक	2	2	2	3	2KI 17:31
अद्रिया	1	1	1	1	ACT 27:27
अद्रीएल	2	2	2	2	1SA 18:19
अद्वितीय	1	1	1	1	SNG 6:9
अद्वैत	0	0	0	3	extra_words.txt
अधगली	1	1	1	1	NUM 12:12
अधम	2	2	1	0	DEU 13:13
अधमरा	1	1	1	1	LUK 10:30
अधमरे	2	2	1	2	JER 14:18
अधमुआ	1	1	1	1	PSA 88:15
अधमूए	1	1	1	1	JER 48:6
अधर	2	2	2	1	2SA 18:9
अधर्म	244	244	38	257	GEN 15:16
अधर्मियों	7	7	5	9	ACT 2:23
अधर्मी	15	15	8	22	EXO 9:27
अधर्मों	2	2	2	2	JER 11:10
अधार्मिकता	0	0	0	2	extra_words.txt
अधिक	393	393	47	512	GEN 3:14
अधिकतर	0	0	0	3	extra_words.txt
अधिकता	2	2	1	3	ECC 5:3
अधिकवाले	1	1	1	1	NUM 33:54
अधिकांश	1	1	1	10	PHP 1:14
अधिकाई	4	4	4	4	PSA 5:10
अधिकाधिक	2	2	2	3	PSA 71:14
अधिकार	219	219	40	277	GEN 1:26
अधिकाराधीन	0	0	0	2	extra_words.txt
अधिकारिणी	1	1	1	1	JDG 9:13
अधिकारिन	1	1	1	0	NEH 9:24
अधिकारियों	17	17	13	26	GEN 41:34
अधिकारी	242	242	34	252	GEN 14:19
अधिकारीगण	0	0	0	1	extra_words.txt
अधिकारों	1	1	1	4	COL 2:15
अधिकृत	0	0	0	2	extra_words.txt
अधिपति	89	89	13	100	GEN 36:15
अधिपतियो	1	1	1	0	JDG 5:3
अधिपतियों	18	18	8	24	GEN 36:40
अधीन	121	121	28	178	GEN 14:4
अधीनता	11	11	8	17	1SA 11:1
अधीनों	1	1	1	1	GAL 4:5
अधीर	5	5	5	7	JOB 21:4
अधूरा	3	3	1	4	1CO 13:9
अधूरी	2	2	2	1	PSA 119:96
अधूरे	2	2	2	3	ECC 6:3
अधेड़	1	1	1	1	JER 6:11
अधेले	1	1	1	1	MRK 12:42
अधोगति	0	0	0	1	extra_words.txt
अधोलोक	77	77	20	90	GEN 37:35
अधोवस्त्र	0	0	0	1	extra_words.txt
अध्यक्ष	9	9	6	9	PSA 68:27
अध्यक्षों	3	3	2	3	DAN 6:3
अध्यादेश	0	0	0	1	extra_words.txt
अध्याय	1	1	1	11	ACT 8:32
अनगढ़े	1	1	1	1	DEU 27:6
अनगिनत	5	5	4	29	JDG 6:5
अनगिनित	23	23	12	0	GEN 22:17
अनजान	15	15	8	16	DEU 13:2
अनजाना	1	1	1	0	JOB 19:15
अनजानी	2	2	2	2	DEU 28:36
अनजाने	14	14	10	14	LEV 5:17
अनजानों	1	1	1	2	2CO 6:9
अनदेखी	7	7	4	6	DEU 22:1
अनदेखे	3	3	3	5	ROM 1:20
अनन्त	72	72	24	84	DEU 32:40
अनन्तकाल	19	19	6	27	1CH 16:36
अनन्दित	1	1	1	0	1CH 29:9
अनन्याह	2	2	1	2	NEH 3:23
अनपढ़	4	4	3	4	ISA 29:12
अनभिज्ञ	0	0	0	2	extra_words.txt
अनमोल	42	42	15	46	GEN 24:53
अनम्मेलेक	1	1	1	1	2KI 17:31
अनरीति	1	1	1	0	1CO 13:5
अनर्थ	33	33	9	38	NUM 23:21
अनर्थकारियो	1	1	1	0	PSA 6:8
अनर्थकारियों	12	12	4	15	PSA 5:5
अनर्थकारी	8	8	3	9	PSA 14:4
अनर्थियों	1	1	1	0	JOB 34:36
अनवरत	0	0	0	1	extra_words.txt
अनसुना	1	1	1	4	1KI 15:22
अनसुनी	10	10	5	9	1SA 10:27
अनसुलझे	0	0	0	1	extra_words.txt
अनहोना	7	7	4	10	GEN 11:6
अना	12	12	2	12	GEN 36:2
अनाक	4	4	2	4	JOS 15:13
अनाकवंशियों	4	4	2	4	NUM 13:28
अनाकवंशी	3	3	3	3	NUM 13:22
अनाकियों	5	5	2	5	DEU 2:10
अनाकी	1	1	1	1	JOS 11:22
अनाचार	0	0	0	1	extra_words.txt
अनाज	27	27	14	29	GEN 27:28
अनाज्ञाकारिता	0	0	0	2	extra_words.txt
अनाड़ी	1	1	1	1	2CO 11:6
अनात	2	2	1	2	JDG 3:31
अनातोत	15	15	7	16	JOS 21:18
अनातोतवासी	1	1	1	1	1CH 27:12
अनातोती	4	4	3	4	2SA 23:27
अनाथ	31	31	12	32	EXO 22:22
अनाथों	18	18	9	21	DEU 10:18
अनादर	22	22	13	23	NUM 15:30
अनादररूपी	1	1	1	1	PSA 109:29
अनादि	4	4	4	1	DEU 33:27
अनादिकाल	6	6	3	9	1CH 16:36
अनानी	1	1	1	1	1CH 3:24
अनापेक्षित	0	0	0	3	extra_words.txt
अनाब	2	2	1	2	JOS 11:21
अनामी	2	2	2	2	GEN 10:13
अनायाह	2	2	1	2	NEH 8:4
अनार	22	22	10	22	EXO 28:33
अनारों	8	8	6	8	EXO 39:25
अनावरण	0	0	0	2	extra_words.txt
अनावश्यक	0	0	0	3	extra_words.txt
अनावृत	0	0	0	1	extra_words.txt
अनाहरत	1	1	1	1	JOS 19:19
अनित्य	2	2	1	2	PSA 39:4
अनिवार्य	1	1	1	5	HEB 8:13
अनिवार्यताओं	0	0	0	3	extra_words.txt
अनिश्चित	0	0	0	1	extra_words.txt
अनिष्ट	0	0	0	1	extra_words.txt
अनीआम	1	1	1	1	1CH 7:19
अनुकंपा	0	0	0	2	extra_words.txt
अनुकरण	7	7	6	9	NUM 14:24
अनुकूल	4	4	4	10	JER 3:15
अनुकूलित	0	0	0	1	extra_words.txt
अनुगामी	1	1	1	1	JOS 14:14
अनुग्रह	241	241	45	274	GEN 6:8
अनुग्रहकारी	12	12	6	11	EXO 34:6
अनुग्रहरूपी	1	1	1	0	PSA 5:12
अनुचर	1	1	1	1	NEH 4:23
अनुचरों	4	4	3	3	EXO 11:8
अनुचित	19	19	14	28	GEN 34:7
अनुपजाऊ	0	0	0	1	extra_words.txt
अनुपम	1	1	1	1	DAN 2:31
अनुपयुक्त	0	0	0	1	extra_words.txt
अनुपयोगी	0	0	0	1	extra_words.txt
अनुपालन	0	0	0	1	extra_words.txt
अनुभव	2	2	2	14	GEN 30:27
अनुभूति	0	0	0	1	extra_words.txt
अनुमति	3	3	2	17	EST 4:7
अनुमान	1	1	1	6	ACT 27:27
अनुमोदित	0	0	0	2	extra_words.txt
अनुयायी	2	2	2	3	DEU 13:2
अनुराग	0	0	0	1	extra_words.txt
अनुरूप	1	1	1	2	EPH 4:24
अनुरोध	0	0	0	3	extra_words.txt
अनुवाद	5	5	1	9	1CO 12:31
अनुवादक	0	0	0	1	extra_words.txt
अनुवादकों	0	0	0	1	extra_words.txt
अनुशासन	1	1	1	11	PRO 22:15
अनुशासनहीन	0	0	0	1	extra_words.txt
अनुशासित	0	0	0	4	extra_words.txt
अनुष्ठानों	0	0	0	3	extra_words.txt
अनुसरण	2	2	2	15	2CH 17:3
अनुसरणीय	0	0	0	1	extra_words.txt
अनुसार	977	977	58	1042	GEN 1:11
अनूठा	0	0	0	1	extra_words.txt
अनूप	1	1	1	0	PSA 119:129
अनेक	6	6	5	56	1SA 2:5
अनैतिक	0	0	0	3	extra_words.txt
अनोखा	1	1	1	1	ISA 28:21
अनोखी	12	12	8	11	NUM 16:30
अनोखे	3	3	2	1	DEU 28:59
अन्त	292	292	44	351	GEN 3:19
अन्तःकरण	7	7	4	6	JOB 15:2
अन्तःक्षेप	0	0	0	1	extra_words.txt
अन्तकाल	2	2	2	3	GEN 27:41
अन्तड़ियाँ	6	6	5	0	2SA 20:10
अन्ततः	1	1	1	8	2KI 13:9
अन्तफल	2	2	1	3	PSA 37:37
अन्तर	25	25	11	29	GEN 1:6
अन्तरंग	0	0	0	1	extra_words.txt
अन्तरतम	0	0	0	2	extra_words.txt
अन्तराल	0	0	0	3	extra_words.txt
अन्तर्जातीय	0	0	0	1	extra_words.txt
अन्तर्निहित	0	0	0	3	extra_words.txt
अन्तर्विराम	0	0	0	1	extra_words.txt
अन्तसमय	1	1	1	0	DAN 12:9
अन्ताकिया	18	18	3	31	ACT 11:19
अन्ताकियावासी	1	1	1	0	ACT 6:5
अन्तिपत्रिस	1	1	1	1	ACT 23:31
अन्तिपास	1	1	1	1	REV 2:13
अन्तिम	26	26	16	108	EXO 14:24
अन्तोतिय्याह	1	1	1	1	1CH 8:24
अन्दर	27	27	7	32	GEN 39:11
अन्द्रियास	13	13	5	13	MAT 4:18
अन्द्रुनीकुस	1	1	1	1	ROM 16:7
अन्धकार	101	101	28	1	GEN 15:12
अन्धकारमय	2	2	2	0	PRO 4:19
अन्धड़	1	1	1	0	JOB 36:33
अन्धा	6	6	5	0	GEN 19:11
अन्धियारा	18	18	12	0	GEN 1:2
अन्धियारे	44	44	15	0	GEN 1:4
अन्धी	2	2	2	0	DEU 16:19
अन्धे	8	8	6	0	DEU 27:18
अन्धेर	96	96	25	0	EXO 3:9
अन्धेरा	23	23	14	0	JOS 2:5
अन्धेरी	2	2	2	0	JOB 19:8
अन्धेरे	19	19	10	0	JOB 12:25
अन्धों	7	7	6	0	2SA 5:6
अन्न	110	110	25	117	GEN 41:7
अन्नबलि	146	146	20	150	EXO 29:41
अन्नबलियों	3	3	3	3	LEV 2:13
अन्नरूपी	3	3	1	3	EZK 4:16
अन्य	154	154	37	174	GEN 47:24
अन्यजाति	21	21	9	45	EZR 10:2
अन्यजातियाँ	7	7	5	15	PSA 79:1
अन्यजातियों	109	109	31	170	GEN 10:5
अन्यजातिवालों	1	1	1	0	PSA 59:5
अन्यजातीय	10	10	6	4	MAT 6:32
अन्यथा	0	0	0	4	extra_words.txt
अन्यभाषियों	1	1	1	1	ROM 1:14
अन्याय	40	40	19	48	EXO 18:21
अन्यायी	5	5	5	7	EXO 23:1
अपना	1009	1009	56	965	GEN 2:2
अपनाएगा	1	1	1	1	PSA 49:15
अपनाकर	1	1	1	1	ISA 14:1
अपनाते	2	2	2	2	ISA 56:4
अपनाया	6	6	3	6	2CH 7:12
अपनी	2221	2221	62	2199	GEN 1:12
अपने	6547	6547	65	6097	GEN 1:26
अपनों	4	4	3	4	JHN 1:11
अपमान	47	47	18	80	NUM 14:23
अपमानित	7	7	4	15	PSA 40:14
अपरम्पार	2	2	2	2	PSA 147:5
अपराध	114	114	37	141	GEN 31:36
अपराधिनी	1	1	1	1	1TI 2:14
अपराधियो	1	1	1	0	ISA 46:8
अपराधियों	7	7	5	5	PSA 51:13
अपराधी	22	22	15	32	GEN 39:9
अपराधों	45	45	13	52	LEV 16:16
अपरिचित	2	2	2	0	PRO 5:20
अपरिपक्वता	0	0	0	1	extra_words.txt
अपरिवर्तनीय	0	0	0	4	extra_words.txt
अपरिवर्तनीयता	0	0	0	1	extra_words.txt
अपरोक्ष	0	0	0	2	extra_words.txt
अपर्याप्त	0	0	0	1	extra_words.txt
अपर्सतकी	1	1	1	1	EZR 4:9
अपवित्र	79	79	18	88	EXO 31:14
अपवित्रीकरण	0	0	0	1	extra_words.txt
अपहरण	0	0	0	1	extra_words.txt
अपहर्ता	0	0	0	1	extra_words.txt
अपार	5	5	3	6	PSA 5:7
अपार्सकियों	2	2	1	0	EZR 5:6
अपाहिज	0	0	0	1	extra_words.txt
अपितु	0	0	0	3	extra_words.txt
अपिल्लेस	1	1	1	1	ROM 16:10
अपीक	1	1	1	1	JDG 1:31
अपीह	1	1	1	1	1SA 9:1
अपुल्लयोन	1	1	1	1	REV 9:11
अपुल्लोनिया	1	1	1	1	ACT 17:1
अपुल्लोस	10	10	3	12	ACT 18:24
अपूर्वचिन्तित	0	0	0	1	extra_words.txt
अपेक	8	8	4	8	JOS 12:18
अपेका	1	1	1	1	JOS 15:53
अपेक्षा	7	7	7	26	EXO 14:12
अपेक्षाकृत	0	0	0	1	extra_words.txt
अपेक्षित	0	0	0	2	extra_words.txt
अपोसतोलॉस	0	0	0	1	extra_words.txt
अप्पियुस	1	1	1	1	ACT 28:15
अप्पैम	2	2	1	2	1CH 2:30
अप्रतिष्ठित	0	0	0	1	extra_words.txt
अप्रभावी	0	0	0	1	extra_words.txt
अप्रवासी	0	0	0	1	extra_words.txt
अप्रसन्न	19	19	13	21	GEN 31:35
अप्रिय	11	11	7	19	GEN 29:31
अप्रिया	4	4	1	0	DEU 21:15
अफफिया	1	1	1	3	PHM 1:2
अफसरों	1	1	1	1	JOB 39:25
अफ़ारसी	1	1	1	1	EZR 4:9
अफ्रीका	0	0	0	1	extra_words.txt
अब	941	941	62	1070	GEN 2:23
अबगता	1	1	1	1	EST 1:10
अबद्दोन	1	1	1	1	REV 9:11
अबबोर	1	1	1	0	JER 36:12
अबशालोम	111	111	4	124	2SA 3:3
अबाना	1	1	1	1	2KI 5:12
अबारीम	7	7	3	7	NUM 21:11
अबियातार	1	1	1	2	MRK 2:26
अबिय्याम	5	5	1	6	1KI 14:31
अबिय्याह	29	29	7	31	1SA 8:2
अबिलेने	1	1	1	1	LUK 3:1
अबी	3	3	2	1	2KI 18:2
अबीअल्बोन	1	1	1	1	2SA 23:31
अबीआसाप	1	1	1	1	EXO 6:24
अबीएज़ेर	1	1	1	0	2SA 23:27
अबीएजेर	5	5	3	7	JOS 17:2
अबीएजेरियों	2	2	1	2	JDG 6:24
अबीएजेरी	2	2	1	2	JDG 6:11
अबीएल	3	3	2	3	1SA 9:1
अबीगल	1	1	1	0	2SA 17:25
अबीगैल	16	16	3	18	1SA 25:3
अबीत	1	1	1	2	GEN 36:35
अबीतल	2	2	2	2	2SA 3:4
अबीतूब	1	1	1	1	1CH 8:11
अबीदा	2	2	2	2	GEN 25:4
अबीदान	5	5	1	5	NUM 1:11
अबीनादाब	13	13	3	13	1SA 7:1
अबीनोअम	4	4	1	4	JDG 4:6
अबीब	1	1	1	6	EXO 23:15
अबीमाएल	2	2	2	2	GEN 10:28
अबीमेलेक	65	65	4	73	GEN 20:2
अबीराम	11	11	4	12	NUM 16:1
अबीशग	5	5	1	5	1KI 1:3
अबीशू	7	7	2	7	1CH 6:4
अबीशूर	2	2	1	2	1CH 2:28
अबीशै	25	25	3	27	1SA 26:6
अबीहू	12	12	4	15	EXO 6:23
अबीहूद	3	3	2	3	1CH 8:3
अबीहैल	6	6	4	6	NUM 3:35
अबेदनगो	15	15	1	17	DAN 1:7
अबेल्बेत्माका	1	1	1	0	2KI 15:29
अबोध	1	1	1	1	JER 5:4
अबोल	3	3	3	3	EXO 15:16
अब्दा	2	2	2	2	1KI 4:6
अब्दी	4	4	3	4	1CH 6:44
अब्दीएल	1	1	1	1	1CH 5:15
अब्देल	1	1	1	1	JER 36:26
अब्दोन	8	8	4	8	JOS 21:30
अब्नेर	61	61	4	65	1SA 14:50
अब्बा	3	3	3	5	MRK 14:36
अब्बीम	1	1	1	1	JOS 18:23
अब्राम	62	62	3	84	GEN 11:26
अब्राहम	247	247	27	311	GEN 17:5
अब्रोना	2	2	1	2	NUM 33:34
अब्वाहमात	1	1	1	0	2KI 17:24
अभक्त	0	0	0	1	extra_words.txt
अभक्ति	6	6	4	7	ROM 1:18
अभक्तों	0	0	0	1	extra_words.txt
अभक्ष्य	1	1	1	1	LEV 11:47
अभागा	2	2	2	2	ROM 7:24
अभागे	1	1	1	1	1CO 15:19
अभाव	0	0	0	1	extra_words.txt
अभिकथन	0	0	0	1	extra_words.txt
अभिकरणों	0	0	0	1	extra_words.txt
अभिपुष्टि	0	0	0	1	extra_words.txt
अभिप्राय	9	9	5	35	EXO 6:13
अभिप्रायों	1	1	1	0	1CO 4:5
अभिभावक	0	0	0	1	extra_words.txt
अभिभूत	0	0	0	4	extra_words.txt
अभिमान	33	33	16	37	DEU 17:12
अभिमानियों	10	10	5	8	2SA 22:28
अभिमानी	18	18	9	18	JOB 9:13
अभियान	0	0	0	3	extra_words.txt
अभियानों	0	0	0	2	extra_words.txt
अभियोक्ता	0	0	0	1	extra_words.txt
अभियोग	0	0	0	2	extra_words.txt
अभिलाषा	26	26	13	31	DEU 18:6
अभिलाषाएँ	2	2	2	2	ROM 7:5
अभिलाषाओं	19	19	8	22	ROM 1:24
अभिलाषी	9	9	5	9	GEN 31:30
अभिलेख	0	0	0	3	extra_words.txt
अभिलेखों	0	0	0	2	extra_words.txt
अभिवादन	1	1	1	23	LUK 1:29
अभिव्यक्त	0	0	0	1	extra_words.txt
अभिव्यक्तियाँ	0	0	0	1	extra_words.txt
अभिशाप	0	0	0	3	extra_words.txt
अभिषिक्त	42	42	12	54	LEV 4:3
अभिषिक्तों	2	2	2	3	1CH 16:22
अभिषेक	87	87	19	116	EXO 25:6
अभिषेकवाला	1	1	1	0	NUM 18:8
अभी	92	92	33	90	GEN 25:32
अभेद्यता	0	0	0	1	extra_words.txt
अभ्यंजन	0	0	0	1	extra_words.txt
अभ्यस्त	0	0	0	1	extra_words.txt
अभ्यास	3	3	3	8	ISA 47:12
अभ्येलेरशर	0	0	0	1	extra_words.txt
अमर	2	2	2	3	PSA 89:48
अमरता	5	5	4	5	ROM 2:7
अमर्याह	18	18	5	19	1CH 6:7
अमशै	1	1	1	1	NEH 11:13
अमसी	2	2	1	3	1CH 6:46
अमस्याह	46	46	4	56	2KI 12:21
अमाद	1	1	1	1	JOS 19:26
अमाना	1	1	1	1	SNG 4:8
अमान्य	0	0	0	1	extra_words.txt
अमाम	1	1	1	1	JOS 15:26
अमालेक	11	11	7	12	GEN 36:12
अमालेकियों	24	24	6	27	GEN 14:7
अमालेकी	16	16	7	16	EXO 17:8
अमासा	17	17	4	17	2SA 17:25
अमासै	6	6	2	6	1CH 6:25
अमित्तै	2	2	2	2	2KI 14:25
अमीरों	0	0	0	1	extra_words.txt
अमुक	6	6	4	3	2SA 15:2
अमूल्य	0	0	0	1	extra_words.txt
अमोन	1	1	1	2	NAM 3:8
अमोरा	22	22	10	0	GEN 10:19
अमोरियों	1	1	1	0	JER 23:14
अम्नोन	30	30	2	32	2SA 3:2
अम्पलियातुस	1	1	1	1	ROM 16:8
अम्फिपुलिस	1	1	1	2	ACT 17:1
अम्मा	1	1	1	0	2SA 2:24
अम्मी	1	1	1	1	HOS 2:1
अम्मीएल	6	6	3	6	NUM 13:12
अम्मीजाबाद	1	1	1	1	1CH 27:6
अम्मीनादाब	17	17	6	17	EXO 6:23
अम्मीशद्दे	3	3	1	0	NUM 1:12
अम्मीशद्दै	2	2	1	5	NUM 7:71
अम्मीहूद	10	10	2	11	NUM 1:10
अम्मीहूर	1	1	1	0	2SA 13:37
अम्मोन	3	3	3	8	JOS 15:4
अम्मोनवंशियों	1	1	1	1	GEN 19:38
अम्मोनिन	2	2	2	2	1KI 14:31
अम्मोनियो	1	1	1	0	EZK 25:3
अम्मोनियों	87	87	15	99	NUM 21:24
अम्मोनी	33	33	12	35	DEU 2:20
अम्रापेल	2	2	1	2	GEN 14:1
अम्राम	14	14	4	14	EXO 6:18
अम्रामियों	2	2	2	2	NUM 3:27
अम्सी	1	1	1	0	NEH 11:12
अयाल	1	1	1	0	JOB 39:19
अयोग्य	3	3	3	6	1SA 16:7
अयोग्यताओं	0	0	0	1	extra_words.txt
अय्यलोन	1	1	1	0	JDG 1:35
अय्या	7	7	4	8	GEN 36:24
अय्यात्	1	1	1	0	ISA 10:28
अय्यालोन	9	9	5	10	JOS 10:12
अय्यूब	63	63	3	128	JOB 1:1
अरखिप्पुस	1	1	1	3	PHM 1:2
अरखिलाउस	1	1	1	3	MAT 2:22
अरण्य	1	1	1	0	PSA 29:9
अरतिमास	1	1	1	1	TIT 3:12
अरतिमिस	5	5	1	5	ACT 19:24
अरनी	1	1	1	1	LUK 3:33
अरफक्षद	1	1	1	1	LUK 3:36
अरब	9	9	6	11	1KI 10:15
अरबियों	4	4	2	4	2CH 21:16
अरबी	5	5	4	5	NEH 2:19
अरम्नहरैम	3	3	3	5	DEU 23:4
अरम्माका	1	1	1	1	1CH 19:6
अरा	1	1	1	1	1CH 7:38
अरात	1	1	1	0	NUM 33:40
अराद	4	4	4	5	NUM 21:1
अरान	2	2	2	2	GEN 36:28
अराब	1	1	1	1	JOS 15:52
अराबा	47	47	11	47	NUM 22:1
अराबावासी	1	1	1	1	1CH 11:32
अराबी	1	1	1	1	2SA 23:35
अराम	69	69	11	73	GEN 10:22
अरामियों	38	38	8	41	2SA 8:5
अरामी	37	37	10	42	GEN 25:20
अरारात	4	4	4	4	GEN 8:4
अरारी	1	1	1	0	2SA 23:33
अरितास	1	1	1	1	2CO 11:32
अरिमतिया	4	4	4	0	MAT 27:57
अरियुपगुस	3	3	1	5	ACT 17:19
अरिस्तर्खुस	5	5	3	5	ACT 19:29
अरिस्तुबुलुस	1	1	1	1	ROM 16:10
अरीएल	6	6	2	7	EZR 8:16
अरीदाता	1	1	1	1	EST 9:8
अरीदै	1	1	1	1	EST 9:9
अरीसै	1	1	1	1	EST 9:9
अरुब्बोत	1	1	1	1	1KI 4:10
अरूमा	1	1	1	3	JDG 9:41
अरे	2	2	2	2	LAM 4:15
अरेलियों	1	1	1	1	NUM 26:17
अरेली	2	2	2	2	GEN 46:16
अरोएर	16	16	10	16	NUM 32:34
अरोएरी	1	1	1	1	1CH 11:44
अरोद	1	1	1	1	NUM 26:16
अरोदियों	1	1	1	1	NUM 26:16
अरोदी	1	1	1	1	GEN 46:16
अरौना	9	9	1	9	2SA 24:16
अर्की	2	2	2	2	GEN 10:17
अर्खिप्पुस	1	1	1	0	COL 4:17
अर्गवानी	1	1	1	1	ISA 1:18
अर्गोब	5	5	3	5	DEU 3:4
अर्घ	52	52	14	57	GEN 35:14
अर्घों	2	2	2	3	NUM 29:11
अर्जन	0	0	0	1	extra_words.txt
अर्तक्षत्र	16	16	2	22	EZR 4:7
अर्थ	66	66	20	328	GEN 40:12
अर्थहीन	0	0	0	1	extra_words.txt
अर्थात्	1144	1144	58	1501	GEN 1:24
अर्थी	3	3	3	3	2SA 3:31
अर्थों	1	1	1	2	2PE 3:16
अर्द	2	2	1	3	NUM 26:40
अर्दियों	1	1	1	1	NUM 26:40
अर्दोन	1	1	1	1	1CH 2:18
अर्द्धांगिनी	2	2	2	1	DEU 13:6
अर्धांगिनी	0	0	0	1	extra_words.txt
अर्नान	1	1	1	1	1CH 3:21
अर्नोन	24	24	7	24	NUM 21:13
अर्नोनवाली	1	1	1	0	NUM 22:36
अर्पक्षद	9	9	2	9	GEN 10:22
अर्पण	60	60	15	74	EXO 13:12
अर्पद	2	2	2	0	ISA 10:9
अर्पाद	4	4	2	6	2KI 18:34
अर्पित	4	4	4	9	EXO 30:15
अर्बा	3	3	1	3	JOS 14:15
अर्बे	4	4	2	4	JOL 1:4
अर्मोन	2	2	2	2	GEN 30:37
अर्मोनी	1	1	1	1	2SA 21:8
अर्ये	1	1	1	1	2KI 15:25
अर्योक	7	7	2	7	GEN 14:1
अर्वद	2	2	1	2	EZK 27:8
अर्वदी	2	2	2	2	GEN 10:18
अर्सा	1	1	1	1	1KI 16:9
अलंग	4	4	2	0	EXO 17:12
अलंगें	1	1	1	1	EZK 41:22
अलंगों	4	4	2	1	EXO 12:7
अलग	274	274	45	272	GEN 1:4
अलगाए	1	1	1	1	ISA 28:9
अलगाव	0	0	0	2	extra_words.txt
अलापता	1	1	1	1	JER 48:36
अलामोत	1	1	1	2	1CH 15:20
अलाम्मेल्लेक	1	1	1	1	JOS 19:26
अलावा	18	18	4	20	LEV 9:17
अलोकप्रिय	0	0	0	1	extra_words.txt
अलौकिक	0	0	0	4	extra_words.txt
अल्प	1	1	1	1	LUK 12:28
अल्पविश्वासियो	3	3	1	0	MAT 6:30
अल्पविश्वासी	1	1	1	0	MAT 14:31
अल्पसंख्यक	0	0	0	1	extra_words.txt
अल्फ़ा	1	1	1	0	REV 1:8
अल्फा	2	2	1	4	REV 21:6
अल्बा	1	1	1	0	GEN 36:40
अल्मोदाद	2	2	2	2	GEN 10:26
अल्मोन	1	1	1	1	JOS 21:18
अल्मोनदिबलातैम	2	2	1	2	NUM 33:46
अल्या	1	1	1	0	1CH 1:51
अल्यान	1	1	1	1	1CH 1:40
अल्लेमेत	1	1	1	0	1CH 6:60
अल्लोन	1	1	1	1	1CH 4:37
अल्लोनबक्कूत	1	1	1	1	GEN 35:8
अल्हड़	1	1	1	1	2CH 13:7
अवकाश	1	1	1	1	1CO 7:5
अवगुण	3	3	1	0	LEV 27:12
अवज्ञाकारिता	0	0	0	1	extra_words.txt
अवज्ञाकारी	0	0	0	1	extra_words.txt
अवतरण	0	0	0	2	extra_words.txt
अवधारणा	0	0	0	1	extra_words.txt
अवधि	0	0	0	1	extra_words.txt
अवमानना	0	0	0	3	extra_words.txt
अवरोध	0	0	0	2	extra_words.txt
अवरोधक	0	0	0	1	extra_words.txt
अवर्णनीय	0	0	0	2	extra_words.txt
अवलोकन	0	0	0	2	extra_words.txt
अवशेष	0	0	0	1	extra_words.txt
अवश्य	117	117	28	135	GEN 2:17
अवश्यकता	1	1	1	0	REV 22:5
अवसर	44	44	25	62	EXO 12:39
अवस्था	29	29	12	51	GEN 23:1
अवहेलना	0	0	0	1	extra_words.txt
अवाक्	1	1	1	0	ACT 9:7
अविद्या	1	1	1	1	2TI 2:23
अविनाश	2	2	1	2	1CO 15:53
अविनाशी	11	11	6	14	DAN 6:26
अविरत	0	0	0	1	extra_words.txt
अविलम्ब	0	0	0	1	extra_words.txt
अविवाहित	2	2	1	2	1CO 7:32
अविवाहिता	2	2	1	2	1CO 7:34
अविवाहितों	1	1	1	2	1CO 7:8
अविश्वसनीयता	0	0	0	1	extra_words.txt
अविश्वास	8	8	5	13	MAT 13:58
अविश्वासयोग्य	0	0	0	1	extra_words.txt
अविश्वासियों	10	10	6	17	LUK 12:46
अविश्वासी	11	11	10	12	MAT 17:17
अवीत	1	1	1	0	1CH 1:46
अवैध	0	0	0	1	extra_words.txt
अव्यवस्था	0	0	0	2	extra_words.txt
अव्यवस्थित	0	0	0	1	extra_words.txt
अव्वियों	2	2	2	2	DEU 2:23
अव्वी	1	1	1	1	JOS 13:3
अशकनज	2	2	2	0	GEN 10:3
अशकलोन	2	2	2	0	JOS 13:3
अशक्ति	0	0	0	1	extra_words.txt
अशतरोत्कनम	1	1	1	0	GEN 14:5
अशतारोत	3	3	2	0	JOS 9:10
अशतारोतवासी	1	1	1	0	DEU 1:4
अशतारोती	1	1	1	0	1CH 11:44
अशतोरेत	1	1	1	0	JDG 2:13
अशदोद	17	17	8	0	JOS 11:22
अशदोदियों	3	3	2	0	1SA 5:3
अशदोदी	2	2	1	0	NEH 13:23
अशना	1	1	1	0	JOS 15:33
अशपनज	1	1	1	0	DAN 1:3
अशबे	1	1	1	0	1CH 4:21
अशबेल	2	2	2	0	NUM 26:38
अशबेलियों	1	1	1	1	NUM 26:38
अशरेला	1	1	1	1	1CH 25:2
अशहूर	2	2	1	2	1CH 2:24
अशाना	1	1	1	0	JOS 15:43
अशान्त	0	0	0	1	extra_words.txt
अशान्ति	0	0	0	1	extra_words.txt
अशिक्षित	0	0	0	1	extra_words.txt
अशीमा	1	1	1	1	2KI 17:30
अशीष	1	1	1	0	1SA 23:21
अशुद्ध	355	355	45	396	GEN 7:8
अशुद्धता	40	40	13	48	LEV 12:5
अशुद्धताओं	1	1	1	2	ACT 15:20
अशुभ	5	5	4	1	LEV 19:26
अशूरियों	1	1	1	1	2SA 2:9
अशेरा	36	36	9	37	EXO 34:13
अशेरों	4	4	2	4	2KI 23:14
अशोभनीय	0	0	0	1	extra_words.txt
अश्कनज	1	1	1	3	JER 51:27
अश्कलोन	11	11	7	13	JDG 14:19
अश्चर्यकर्मों	1	1	1	0	1CH 16:9
अश्तारोत	1	1	1	7	JOS 13:31
अश्तारोतवासी	0	0	0	1	extra_words.txt
अश्तोरेत	7	7	4	10	JDG 10:6
अश्दोद	1	1	1	19	ZEC 9:6
अश्बेल	1	1	1	3	GEN 46:21
अश्वात	1	1	1	1	1CH 7:33
अश्शूर	135	135	16	153	GEN 2:14
अश्शूरियों	6	6	4	7	2KI 19:35
अश्शूरी	10	10	5	11	GEN 25:3
असंख्य	2	2	2	5	GEN 41:49
असंगत	0	0	0	1	extra_words.txt
असंगति	0	0	0	1	extra_words.txt
असंतुष्ट	1	1	1	1	JUD 1:16
असंयम	2	2	2	2	MAT 23:25
असंयमी	1	1	1	1	2TI 3:3
असत्य	1	1	1	1	JHN 10:35
असन्तोष	0	0	0	1	extra_words.txt
असफलता	0	0	0	1	extra_words.txt
असभ्यता	1	1	1	1	ISA 3:5
असमंजस	0	0	0	1	extra_words.txt
असमय	2	2	2	2	JOB 3:16
असमर्थ	0	0	0	4	extra_words.txt
असमान	1	1	1	3	2CO 6:14
असम्भव	1	1	1	1	MAT 17:20
असरेल	1	1	1	1	1CH 4:16
असली	1	1	1	1	HEB 10:1
असल्याह	3	3	3	3	2KI 22:3
असहनीय	0	0	0	2	extra_words.txt
असहमत	0	0	0	1	extra_words.txt
असहमति	0	0	0	1	extra_words.txt
असहाय	2	2	2	7	JOB 29:12
असाध्य	7	7	7	9	DEU 28:35
असाध्यरोग	1	1	1	0	2CH 21:18
असाप	1	1	1	0	1CH 6:39
असामान्य	0	0	0	2	extra_words.txt
असाया	2	2	1	0	2KI 22:12
असायाह	6	6	2	8	1CH 4:36
असाहेल	18	18	4	19	2SA 2:18
असिद्धता	0	0	0	1	extra_words.txt
असीएल	1	1	1	1	1CH 4:35
असीम	2	2	2	4	2CO 4:7
असीमित	0	0	0	1	extra_words.txt
असुंक्रितुस	1	1	1	1	ROM 16:14
अस्त	19	19	15	21	GEN 15:12
अस्ताचल	6	6	3	6	PSA 50:1
अस्त्र	3	3	3	1	GEN 14:14
अस्थाई	1	1	1	4	PSA 62:9
अस्थिर	1	1	1	1	2TH 2:2
अस्ना	1	1	1	1	EZR 2:50
अस्पष्ट	0	0	0	3	extra_words.txt
अस्पाता	1	1	1	1	EST 9:7
अस्मोन	2	2	1	3	NUM 34:4
अस्रीएल	3	3	3	3	NUM 26:31
अस्रीएलियों	1	1	1	1	NUM 26:31
अस्वीकरण	0	0	0	3	extra_words.txt
अस्वीकार	5	5	4	16	GEN 39:8
अस्वीकार्य	0	0	0	1	extra_words.txt
अस्वीकृत	0	0	0	4	extra_words.txt
अस्वीकृति	0	0	0	1	extra_words.txt
अस्सी	24	24	15	24	GEN 35:28
अस्सीर	7	7	2	8	EXO 6:24
अस्सीवें	1	1	1	1	1KI 6:1
अस्सुस	2	2	1	2	ACT 20:13
अहँकार	1	1	1	0	1SA 2:3
अहंकार	10	10	5	16	DEU 8:14
अहंकारपूर्ण	1	1	1	1	EXO 18:11
अहंकारियों	2	2	2	4	PSA 123:4
अहंकारी	5	5	4	8	PSA 36:11
अहजै	1	1	1	1	NEH 11:13
अहज्याह	41	41	4	47	1KI 22:40
अहबान	1	1	1	1	1CH 2:29
अहमता	1	1	1	1	EZR 6:2
अहर्हेल	1	1	1	1	1CH 4:8
अहलाब	1	1	1	1	JDG 1:31
अहलै	2	2	1	2	1CH 2:31
अहवा	3	3	1	5	EZR 8:15
अहसबै	1	1	1	1	2SA 23:34
अहसान	1	1	1	0	LUK 17:9
अहह्यो	2	2	1	0	2SA 6:3
अहा	6	6	3	6	PSA 73:19
अहाज	2	2	1	0	1CH 9:41
अहाब	91	91	5	97	1KI 16:28
अहिनोअम	1	1	1	0	1SA 25:43
अहिय्याह	24	24	6	29	1SA 14:3
अहिलूद	1	1	1	0	1CH 8:7
अही	2	2	1	2	1CH 5:15
अहीआम	2	2	2	2	2SA 23:33
अहीएजेर	5	5	2	6	NUM 1:12
अहीएल	1	1	1	0	2CH 31:13
अहीकाम	20	20	3	20	2KI 22:12
अहीतूब	15	15	5	17	1SA 14:3
अहीतोपेल	20	20	2	23	2SA 15:12
अहीनादाब	1	1	1	1	1KI 4:14
अहीनोअम	6	6	3	7	1SA 14:50
अहीमन	3	3	3	4	NUM 13:22
अहीमान	1	1	1	0	1CH 9:17
अहीमास	15	15	4	16	1SA 14:50
अहीमेलक	1	1	1	0	1SA 21:8
अहीमेलेक	15	15	3	19	1SA 21:1
अहीमोत	1	1	1	1	1CH 6:25
अहीरा	5	5	1	5	NUM 1:15
अहीराम	1	1	1	1	NUM 26:38
अहीरामियों	1	1	1	1	NUM 26:38
अहीलूद	5	5	3	5	2SA 8:16
अहीशहर	1	1	1	1	1CH 7:10
अहीशार	1	1	1	1	1KI 4:6
अहीसामाक	3	3	1	3	EXO 31:6
अहीहूद	1	1	1	2	NUM 34:27
अहुज्जत	1	1	1	1	GEN 26:26
अहुज्जाम	1	1	1	1	1CH 4:6
अहूमै	1	1	1	1	1CH 4:2
अहृह	1	1	1	1	1CH 8:1
अहेर	39	39	13	37	GEN 25:28
अहो	2	2	2	2	GEN 30:11
अहोह	1	1	1	1	1CH 8:4
अहोही	5	5	2	5	2SA 23:9
अह्यान	1	1	1	0	1CH 7:19
अह्यो	4	4	1	6	1CH 8:14
आ	516	516	54	552	GEN 6:13
आँकड़े	2	2	1	0	EZK 29:4
आँख	81	81	19	83	GEN 13:10
आँखे	2	2	1	0	1SA 3:2
आँखें	211	211	39	234	GEN 3:5
आँखों	150	150	37	176	GEN 20:16
आँगन	136	136	18	146	EXO 27:9
आँगनों	23	23	9	25	EXO 8:13
आँच	7	7	5	7	PSA 58:9
आँचल	8	8	5	6	JER 13:22
आँधी	61	61	23	71	NUM 11:31
आँव	1	1	1	0	ACT 28:8
आँसुओं	10	10	6	11	PSA 6:6
आँसू	29	29	13	34	2KI 20:5
आंगनों	1	1	1	0	PSA 135:2
आंशिक	0	0	0	3	extra_words.txt
आई	119	119	32	169	GEN 8:9
आईं	17	17	9	15	GEN 8:18
आऊँ	25	25	18	26	GEN 18:5
आऊँगा	64	64	22	65	GEN 18:10
आए	660	660	49	676	GEN 8:19
आएँ	63	63	25	63	EXO 8:18
आएँगी	8	8	6	9	EXO 10:14
आएँगे	87	87	25	92	GEN 6:20
आएगा	109	109	32	121	GEN 24:4
आएगी	21	21	14	20	LEV 25:21
आओ	181	181	38	191	GEN 11:3
आओगे	1	1	1	1	JER 29:13
आकर	470	470	50	510	GEN 9:22
आकर्षक	0	0	0	1	extra_words.txt
आकर्षण	0	0	0	4	extra_words.txt
आकर्षित	1	1	1	3	PRO 5:19
आकस्मिकता	0	0	0	1	extra_words.txt
आकांक्षा	0	0	0	1	extra_words.txt
आकांक्षाएँ	0	0	0	2	extra_words.txt
आकांक्षाओं	0	0	0	1	extra_words.txt
आकान	6	6	1	9	JOS 7:1
आकार	15	15	8	16	EXO 25:33
आकाल	2	2	1	2	JER 15:2
आकाश	369	369	44	391	GEN 1:1
आकाशगण	1	1	1	1	ACT 7:42
आकाशमण्डल	30	30	9	31	DEU 33:26
आकाशरूपी	1	1	1	1	DEU 28:12
आकाशवाणी	5	5	5	5	DAN 4:31
आकाशीय	0	0	0	1	extra_words.txt
आकीश	22	22	2	22	1SA 21:10
आकृति	1	1	1	2	JOB 4:16
आकोर	5	5	3	5	JOS 7:24
आक्रमण	5	5	3	30	1SA 13:17
आक्रमणकारी	1	1	1	2	JER 4:16
आक्रामक	0	0	0	2	extra_words.txt
आक्रामकता	0	0	0	1	extra_words.txt
आक्रोश	0	0	0	2	extra_words.txt
आखिरकार	0	0	0	3	extra_words.txt
आखिरी	0	0	0	1	extra_words.txt
आखेट	1	1	1	1	NAM 2:11
आख्यान	0	0	0	1	extra_words.txt
आग	440	440	46	488	GEN 11:3
आगन्तुक	0	0	0	1	extra_words.txt
आगमन	5	5	4	24	ACT 7:52
आगामी	0	0	0	2	extra_words.txt
आगूर	1	1	1	4	PRO 30:1
आगे	489	489	48	336	GEN 2:10
आग्रह	3	3	3	12	GEN 33:11
आघात	0	0	0	1	extra_words.txt
आचार	0	0	0	1	extra_words.txt
आज	404	404	36	415	GEN 4:14
आजकल	5	5	5	8	DEU 12:8
आजन्याह	1	1	1	1	NEH 10:9
आजाद	1	1	1	1	JER 2:31
आजीवन	0	0	0	1	extra_words.txt
आज्ञा	949	949	56	1027	GEN 2:16
आज्ञाएँ	51	51	19	55	EXO 25:22
आज्ञाओं	135	135	32	155	GEN 26:5
आज्ञाकारिता	1	1	1	19	ROM 6:16
आज्ञाकारी	7	7	6	8	ISA 1:19
आज्ञानुसार	1	1	1	1	EXO 17:1
आज्ञापत्र	3	3	1	4	DAN 6:9
आज्ञापालन	1	1	1	3	2CO 10:6
आटा	16	16	13	19	EXO 12:39
आटे	7	7	6	8	EXO 12:34
आठ	55	55	21	56	GEN 5:4
आठवाँ	4	4	2	6	1CH 12:12
आठवीं	3	3	2	4	1CH 24:10
आठवें	28	28	13	29	EXO 22:30
आठों	1	1	1	1	GEN 22:23
आड़	33	33	12	35	GEN 4:14
आतंक	0	0	0	1	extra_words.txt
आता	151	151	35	170	GEN 14:17
आताद	2	2	1	2	GEN 50:10
आती	63	63	25	72	GEN 16:8
आते	125	125	40	126	GEN 37:18
आतेर	5	5	2	5	EZR 2:16
आत्म-त्याग	0	0	0	1	extra_words.txt
आत्म-निरीक्षण	0	0	0	1	extra_words.txt
आत्म-निर्भर	0	0	0	3	extra_words.txt
आत्मप्रशंसा	0	0	0	1	extra_words.txt
आत्मरक्षा	0	0	0	3	extra_words.txt
आत्मस्वाभिमानी	0	0	0	1	extra_words.txt
आत्मस्वीकृत	0	0	0	1	extra_words.txt
आत्महत्या	0	0	0	1	extra_words.txt
आत्महीनता	2	2	1	0	COL 2:18
आत्मा	496	496	52	620	GEN 1:2
आत्माएँ	7	7	5	9	MAL 2:15
आत्माओं	24	24	13	27	LEV 26:43
आत्मावाला	1	1	1	1	PRO 29:23
आत्मिक	37	37	8	74	ROM 1:11
आदत	3	3	2	5	EXO 21:29
आदम	41	41	9	52	GEN 2:7
आदमियो	1	1	1	0	PSA 90:3
आदमियों	10	10	9	9	GEN 12:20
आदमी	18	18	7	20	NUM 23:19
आदर	83	83	28	91	EXO 20:12
आदरणीय	2	2	2	3	DEU 28:58
आदरपूर्ण	0	0	0	1	extra_words.txt
आदरमान	7	7	6	8	LEV 19:32
आदरयोग्य	1	1	1	0	ISA 49:5
आदर्श	8	8	6	11	1TH 1:7
आदा	8	8	1	8	GEN 4:19
आदान-प्रदान	0	0	0	1	extra_words.txt
आदाम	1	1	1	1	JOS 3:16
आदि	108	108	32	128	GEN 1:1
आदिकाल	0	0	0	1	extra_words.txt
आदिमाता	2	2	1	1	GEN 3:20
आदीन	4	4	2	4	EZR 2:15
आदेश	4	4	4	14	EXO 8:9
आदोनीकाम	1	1	1	0	NEH 7:18
आध	1	1	1	0	NUM 28:14
आधा	32	32	10	31	GEN 24:22
आधार	29	29	12	51	GEN 8:9
आधारभूत	0	0	0	1	extra_words.txt
आधारशिला	0	0	0	2	extra_words.txt
आधारित	2	2	2	16	ROM 4:16
आधिकारिक	0	0	0	2	extra_words.txt
आधी	23	23	14	22	EXO 11:4
आधीन	13	13	1	0	JER 25:11
आधुनिक	1	1	1	2	GAL 4:25
आधे	75	75	15	78	EXO 30:15
आध्यात्मिक	1	1	1	4	ROM 8:5
आनन्द	304	304	50	371	GEN 31:27
आनन्ददायक	1	1	1	1	PRO 3:17
आनन्दपूर्वक	1	1	1	1	ISA 12:3
आनन्दमय	1	1	1	1	ECC 5:20
आनन्दित	162	162	42	177	EXO 4:14
आना	70	70	27	82	GEN 24:5
आनाकानी	1	1	1	1	LEV 20:4
आनान	1	1	1	1	NEH 10:26
आनीम	1	1	1	1	JOS 15:50
आनुपातिक	0	0	0	1	extra_words.txt
आनूब	1	1	1	1	1CH 4:8
आने	199	199	48	215	GEN 7:10
आनेम	1	1	1	1	1CH 6:73
आनेर	3	3	2	3	GEN 14:13
आनेवाला	37	37	17	49	NUM 3:31
आनेवाली	27	27	15	40	DEU 29:22
आनेवाले	39	39	21	58	NUM 4:26
आनेवालों	4	4	4	6	JDG 8:5
आन्धियाँ	2	2	1	0	MAT 7:25
आप	473	473	55	341	GEN 3:5
आपका	1	1	0	2	OV bigram
आपको	11	11	8	197	NUM 19:12
आपत्ति	2	2	2	4	ISA 57:1
आपदाग्रस्त	0	0	0	2	extra_words.txt
आपमें	3	3	0	0	OV bigram
आपस	145	145	36	149	GEN 11:3
आपसे	21	21	0	0	OV bigram
आपात	0	0	0	1	extra_words.txt
आपातकालीन	0	0	0	1	extra_words.txt
आपूर्ति	0	0	0	2	extra_words.txt
आपे	5	5	3	4	GEN 45:26
आबनूस	1	1	1	1	EZK 27:15
आबादी	1	1	1	0	PRO 14:11
आबीब	5	5	2	0	EXO 13:4
आबेल	4	4	2	2	JDG 7:22
आबेलकरामीम	1	1	1	1	JDG 11:33
आबेलमहोला	2	2	1	0	1KI 4:12
आबेलमिस्रैम	1	1	1	2	GEN 50:11
आबेलशित्तीम	1	1	1	1	NUM 33:49
आबेल्मैम	1	1	1	2	2CH 16:4
आबेल्वेत्माका	1	1	1	3	1KI 15:20
आभारोक्ति	0	0	0	2	extra_words.txt
आभूषण	4	4	3	6	SNG 1:11
आभूषित	2	2	2	2	PSA 21:5
आमदनी	2	2	2	2	2KI 8:6
आमने	24	24	14	0	GEN 15:10
आमन्त्रित	5	5	2	9	1SA 9:13
आमाल	1	1	1	1	1CH 7:35
आमी	1	1	1	1	EZR 2:57
आमीन	61	61	24	67	NUM 5:22
आमुख	0	0	0	1	extra_words.txt
आमोक	2	2	1	2	NEH 12:7
आमोन	20	20	8	22	1KI 22:26
आमोस	21	21	5	33	2KI 19:2
आया	749	749	54	757	GEN 2:19
आयात	0	0	0	2	extra_words.txt
आयु	105	105	21	116	GEN 5:5
आयुवाले	2	2	1	0	NUM 3:39
आयुवालों	1	1	1	0	JOB 12:12
आये	4	4	4	0	EXO 35:28
आयेंगे	1	1	1	0	GEN 41:30
आयोजन	0	0	0	3	extra_words.txt
आर	8	8	5	6	NUM 21:15
आरक्षित	0	0	0	1	extra_words.txt
आरपार	3	3	3	0	JDG 3:22
आरम्भ	99	99	35	164	GEN 10:10
आरम्भिक	1	1	1	30	EZR 4:6
आरह	4	4	3	4	1CH 7:39
आराधक	0	0	0	1	extra_words.txt
आराधकों	1	1	1	3	JHN 4:23
आराधना	18	18	8	60	2SA 15:32
आराधनालय	43	43	6	51	JER 17:12
आराधनालयों	16	16	5	23	MAT 4:23
आराम	6	6	5	6	EXO 8:15
आरामी	1	1	1	0	2CH 28:23
आरी	1	1	1	2	ISA 10:15
आरे	2	2	2	2	1KI 7:33
आरों	3	3	3	3	2SA 12:31
आरोग्यता	3	3	2	3	PSA 38:3
आरोप	2	2	2	11	JHN 18:29
आरोहण	1	1	1	1	ISA 60:3
आर्द	1	1	1	0	GEN 46:21
आलस	3	3	2	4	JDG 18:9
आलसी	25	25	7	30	EXO 5:8
आलस्य	3	3	3	6	PRO 26:15
आलिंगन	2	2	1	2	SNG 2:6
आलूश	2	2	1	2	NUM 33:13
आलेमेत	3	3	1	4	1CH 7:8
आलोचना	0	0	0	1	extra_words.txt
आलोत	1	1	1	1	1KI 4:16
आल्वान	1	1	1	1	GEN 36:23
आवधिक	0	0	0	1	extra_words.txt
आवरण	10	10	2	10	EXO 35:11
आवश्यक	26	26	15	53	EXO 35:29
आवश्यकता	32	32	17	43	EXO 16:16
आवश्यकताएँ	3	3	3	3	MAT 6:8
आवश्यकताओं	1	1	1	10	TIT 3:14
आवागमन	0	0	0	1	extra_words.txt
आवाज	1	1	1	10	NUM 7:89
आवाज़	1	1	1	0	GEN 21:17
आवारा	1	1	1	1	JER 4:1
आवास	0	0	0	1	extra_words.txt
आवासीय	0	0	0	2	extra_words.txt
आवेग	1	1	1	1	ISA 54:8
आवेन	3	3	3	2	EZK 30:17
आवेश	0	0	0	2	extra_words.txt
आशंका	0	0	0	1	extra_words.txt
आशंकाएँ	0	0	0	1	extra_words.txt
आशतारोत	1	1	1	0	JOS 13:12
आशय	15	15	8	15	GEN 17:7
आशा	211	211	42	252	GEN 48:11
आशान	4	4	2	4	JOS 15:42
आशाभरी	1	1	1	0	ROM 8:19
आशाहीन	1	1	1	1	EPH 2:12
आशीर्वाद	92	92	17	130	GEN 12:3
आशीर्वादों	1	1	1	1	GEN 49:26
आशीष	185	185	34	229	GEN 1:22
आशीषित	2	2	2	4	1CH 17:27
आशीषें	4	4	2	18	GEN 49:25
आशीषों	1	1	1	9	EZK 34:26
आशेर	38	38	12	40	GEN 30:13
आशेरियों	6	6	2	6	NUM 7:72
आशेरी	1	1	1	1	JDG 1:32
आश्चर्य	27	27	12	20	EXO 3:3
आश्चर्यकर्म	27	27	10	19	EXO 15:11
आश्चर्यकर्मों	23	23	7	39	EXO 3:20
आश्चर्यचकित	0	0	0	1	extra_words.txt
आश्चर्यजनक	0	0	0	2	extra_words.txt
आश्तोरेत	1	1	1	0	1SA 31:10
आश्रय	3	3	3	6	2SA 22:19
आश्रित	0	0	0	1	extra_words.txt
आस	43	43	22	5	GEN 45:1
आसन	17	17	11	21	1SA 20:25
आसनत	3	3	1	3	GEN 41:45
आसपास	57	57	18	0	EXO 18:13
आसमान	1	1	1	0	ISA 7:11
आसरा	7	7	4	6	JOB 4:6
आसा	60	60	5	71	1KI 15:8
आसान	0	0	0	1	extra_words.txt
आसाप	32	32	6	52	2KI 18:18
आसिया	18	18	6	29	ACT 2:9
आसियावाले	1	1	1	1	2TI 1:15
आसीन	0	0	0	1	extra_words.txt
आसेल	7	7	2	7	1CH 8:37
आस्था	0	0	0	2	extra_words.txt
आह	11	11	6	10	DEU 28:67
आहट	11	11	8	11	2SA 5:24
आहा	11	11	3	10	PSA 31:19
आहाज	42	42	7	53	2KI 15:38
आहार	31	31	11	32	GEN 9:3
आहें	3	3	3	5	EXO 2:23
आहेर	10	10	6	11	LAM 3:52
आह्वान	0	0	0	4	extra_words.txt
इंद्रियों	0	0	0	1	extra_words.txt
इकट्ठा	220	220	34	188	GEN 1:9
इकट्ठी	58	58	26	62	EXO 23:10
इकट्ठे	157	157	37	200	GEN 13:6
इकतालीस	6	6	4	6	NUM 1:41
इकतालीसवें	1	1	1	1	2CH 16:13
इकतीस	3	3	3	3	JOS 12:24
इकतीसवें	1	1	1	1	1KI 16:23
इकसठ	3	3	2	3	NUM 31:34
इकुनियुम	6	6	2	7	ACT 13:51
इक्कीस	7	7	6	7	2KI 24:18
इक्कीसवीं	2	2	1	2	1CH 24:17
इक्कीसवें	2	2	2	2	EXO 12:18
इक्केश	3	3	2	3	2SA 23:26
इक्यावन	1	1	1	1	NUM 2:16
इच्छा	232	232	48	312	GEN 19:8
इच्छाएँ	1	1	1	2	EPH 2:3
इच्छानुसार	0	0	0	1	extra_words.txt
इच्छुक	0	0	0	3	extra_words.txt
इजेबेल	1	1	1	0	REV 2:20
इटली	3	3	1	0	ACT 18:2
इटलीवाले	1	1	1	0	HEB 13:24
इतना	64	64	28	77	GEN 31:36
इतनी	42	42	18	49	GEN 18:13
इतने	60	60	25	63	GEN 50:3
इतालियानी	1	1	1	1	ACT 10:1
इतालियावाले	0	0	0	1	extra_words.txt
इतिहास	58	58	10	108	2SA 8:16
इतिहासकार	0	0	0	2	extra_words.txt
इतीएह	1	1	1	1	NEH 11:7
इतूरैया	1	1	1	1	LUK 3:1
इतै	1	1	1	0	1CH 11:31
इत्कासीन	1	1	1	1	JOS 19:13
इत्तै	7	7	1	9	2SA 15:19
इत्यादि	1	1	1	4	LUK 12:17
इत्र	18	18	7	19	ECC 7:1
इत्रों	2	2	1	2	SNG 1:3
इदूमिया	1	1	1	1	MRK 3:8
इद्दा	1	1	1	0	1KI 4:14
इद्दो	14	14	5	17	1CH 6:21
इधर	57	57	22	19	GEN 8:7
इन	507	507	50	515	GEN 4:20
इनका	32	32	21	29	GEN 9:19
इनकी	34	34	15	36	GEN 31:43
इनके	85	85	27	86	GEN 10:5
इनको	56	56	20	59	GEN 32:16
इनपर	11	11	0	0	OV bigram
इनमें	35	35	15	48	GEN 31:38
इनसे	21	21	17	35	GEN 46:15
इनाम	4	4	4	5	2SA 11:8
इन्कार	72	72	28	89	EXO 22:17
इन्द्रायन	1	1	1	0	PSA 69:21
इन्हीं	27	27	19	29	GEN 10:32
इन्हें	49	49	22	55	EXO 18:20
इन्हों	1	1	1	0	DEU 5:28
इन्होंने	26	26	14	27	2KI 12:11
इपफ्रास	3	3	2	4	COL 1:7
इपफ्रुदीतुस	2	2	1	6	PHP 2:25
इपिकूरी	1	1	1	2	ACT 17:18
इपैनितुस	1	1	1	1	ROM 16:5
इप्फत्तह	1	1	1	1	MRK 7:34
इफिसियों	3	3	1	11	ACT 19:28
इफिसुस	17	17	6	36	ACT 18:19
इफिसुसवासी	1	1	1	0	ACT 21:29
इफ्राईम	1	1	1	0	JHN 11:54
इबसान	2	2	1	2	JDG 12:8
इब्रानियों	2	2	2	14	GEN 40:15
इब्रानी	13	13	5	40	JHN 5:2
इब्रिन	2	2	2	2	DEU 15:12
इब्रियों	10	10	3	11	GEN 43:32
इब्री	23	23	7	29	GEN 14:13
इब्लीस	5	5	2	0	MAT 4:1
इमारत	0	0	0	1	extra_words.txt
इम्माऊस	1	1	1	2	LUK 24:13
इम्मानुएल	3	3	2	5	ISA 7:14
इम्मेर	10	10	4	10	1CH 9:12
इम्रा	1	1	1	1	1CH 7:36
इम्री	2	2	2	2	1CH 9:4
इय्यीम	1	1	1	1	JOS 15:29
इय्योन	3	3	3	3	1KI 15:20
इरादा	0	0	0	1	extra_words.txt
इरादे	0	0	0	1	extra_words.txt
इरादों	0	0	0	1	extra_words.txt
इरास्तुस	3	3	3	3	ACT 19:22
इलमोदाम	1	1	1	0	LUK 3:28
इलयाकीम	1	1	1	0	LUK 3:30
इलाज	7	7	3	7	2KI 8:29
इलाजार	1	1	1	0	LUK 3:29
इलियाजार	2	2	1	0	MAT 1:15
इलिय्याता	1	1	1	0	1CH 25:27
इलीमास	1	1	1	0	ACT 13:8
इलीशिबा	9	9	1	1	LUK 1:5
इलीहूद	2	2	1	0	MAT 1:14
इलोई	2	2	1	2	MRK 15:34
इल्याकीम	2	2	1	0	MAT 1:13
इल्लुरिकुम	1	1	1	2	ROM 15:19
इव्वा	3	3	2	3	2KI 18:34
इशमाएल	1	1	1	0	EZR 10:22
इशारा	1	1	1	5	PRO 6:13
इश्माएल	44	44	5	58	GEN 16:11
इश्माएलियों	4	4	1	4	GEN 37:25
इश्माएली	4	4	3	4	JDG 8:24
इस	2196	2196	64	2486	GEN 1:5
इसका	140	140	41	277	GEN 2:23
इसकी	47	47	23	65	GEN 6:16
इसके	208	208	44	241	GEN 3:15
इसको	56	56	26	69	GEN 44:29
इसने	28	28	14	31	NUM 22:5
इसपर	128	128	0	0	OV bigram
इसमें	46	46	22	76	GEN 34:10
इसलिए	6	6	4	1911	GEN 2:23
इसलिये	1833	1833	62	0	GEN 1:17
इससे	127	127	43	220	GEN 22:12
इसहाक	130	130	21	162	GEN 17:19
इसहारियों	1	1	1	0	1CH 24:22
इसी	353	353	55	326	GEN 15:18
इसे	99	99	31	134	GEN 41:24
इस्करियोती	11	11	4	14	MAT 10:4
इस्तखुस	1	1	1	1	ROM 16:9
इस्राएल	1497	1497	43	1775	GEN 32:28
इस्राएलियो	21	21	9	0	EXO 32:8
इस्राएलियों	711	711	30	811	GEN 36:31
इस्राएली	385	385	26	414	GEN 32:32
इस्साकार	35	35	11	39	GEN 30:18
इस्साकारियों	6	6	3	6	NUM 10:15
इस्साकारी	1	1	1	2	JDG 10:1
ईंट	7	7	6	8	GEN 11:3
ईंटे	1	1	1	0	EXO 5:16
ईंटें	4	4	2	6	EXO 5:7
ईंटों	5	5	2	5	EXO 5:8
ईंधन	11	11	6	14	LEV 6:9
ईएजेर	1	1	1	1	NUM 26:30
ईएजेरियों	1	1	1	1	NUM 26:30
ईकाबोद	2	2	1	3	1SA 4:21
ईज़ेबेल	20	20	2	0	1KI 18:4
ईजेबेल	1	1	1	27	1KI 16:31
ईटें	1	1	1	0	GEN 11:3
ईतामार	21	21	5	22	EXO 6:23
ईतीएल	1	1	1	1	PRO 30:1
ईमानदारी	0	0	0	3	extra_words.txt
ईर	1	1	1	1	1CH 7:12
ईरशेमेश	1	1	1	1	JOS 19:41
ईरा	6	6	2	6	2SA 20:26
ईराद	2	2	1	2	GEN 4:18
ईराम	2	2	2	2	GEN 36:43
ईरी	1	1	1	1	1CH 7:7
ईरू	1	1	1	1	1CH 4:15
ईर्नाहाश	1	1	1	1	1CH 4:12
ईर्ष्या	4	4	4	20	SNG 8:6
ईलै	1	1	1	1	1CH 11:29
ईशबोशेत	12	12	1	14	2SA 2:8
ईशहोद	1	1	1	1	1CH 7:18
ईशी	1	1	1	0	HOS 2:16
ईश्वर	129	129	32	35	GEN 14:18
ईश्वरत्व	2	2	2	2	ACT 17:29
ईश्वररहित	1	1	1	0	EPH 2:12
ईश्वरीय	6	6	5	16	ROM 15:14
ईश्वरों	12	12	5	12	DEU 10:17
ईश्शेकेल	1	1	1	1	EZR 8:18
उँगलियाँ	5	5	3	6	2SA 21:20
उँगलियों	3	3	3	5	PRO 7:3
उँगली	8	8	4	27	2SA 21:20
उँडेल	3	3	1	0	DEU 12:16
उँडेलकर	1	1	1	0	DEU 12:27
उँडेलता	1	1	1	0	PSA 75:8
उँडेलते	1	1	1	0	JOB 36:28
उँडेलूँगा	2	2	1	0	ACT 2:17
उंगलियाँ	1	1	1	0	MRK 7:33
उंगली	18	18	5	0	EXO 29:12
उंडेल	20	20	7	0	EXO 29:12
उंडेलकर	1	1	1	0	LEV 17:13
उंडेलने	3	3	2	0	EXO 25:29
उंडेला	5	5	5	0	1SA 10:1
उंडेले	1	1	1	0	SNG 1:3
उकता	11	11	5	0	JOB 7:4
उकताता	1	1	1	1	JOB 10:1
उकसाता	1	1	1	2	JER 43:3
उकसाने	1	1	1	4	1KI 21:25
उकसाया	4	4	4	5	1SA 26:19
उक़ाब	2	2	2	0	JOB 9:26
उकाब	27	27	14	37	EXO 19:4
उकाबों	3	3	3	4	ISA 40:31
उक्काल	1	1	1	1	PRO 30:1
उखड़	5	5	5	5	PSA 22:14
उखड़कर	4	4	3	4	JOB 31:22
उखड़ना	1	1	1	1	PSA 73:2
उखड़ने	1	1	1	1	PRO 12:3
उखड़ा	1	1	1	1	DAN 2:45
उखड़े	1	1	1	1	PRO 25:19
उखाड़	13	13	7	15	JDG 16:3
उखाड़कर	6	6	6	6	GEN 13:18
उखाड़ने	4	4	4	4	PSA 140:4
उखाड़ा	3	3	3	3	ISA 33:20
उखाड़ूँगा	5	5	2	5	2CH 7:20
उखाड़े	4	4	4	4	DEU 28:63
उखाड़ेगा	1	1	1	1	EZK 17:9
उग	2	2	2	2	MAT 13:5
उगकर	4	4	4	4	EZK 17:6
उगता	1	1	1	4	JOB 5:6
उगती	3	3	3	3	DEU 29:23
उगते	2	2	2	2	DEU 33:14
उगने	1	1	1	3	AMO 7:1
उगल	7	7	4	7	LEV 18:25
उगलना	1	1	1	1	PRO 23:8
उगलने	1	1	1	1	REV 3:16
उगलवाऊँगा	1	1	1	1	JER 51:44
उगा	5	5	5	5	GEN 2:5
उगाऊँगा	4	4	4	5	PSA 132:17
उगाए	4	4	4	4	GEN 2:9
उगाएगी	1	1	1	1	GEN 3:18
उगाकर	1	1	1	1	JON 4:6
उगाता	1	1	1	1	PSA 147:8
उगाती	2	2	2	2	ISA 61:11
उगी	1	1	1	1	EZK 17:10
उगे	6	6	6	0	GEN 1:12
उगें	1	1	1	9	GEN 1:11
उगेंगे	5	5	3	5	JOB 8:19
उगेगी	3	3	3	3	ISA 55:13
उग्र	1	1	1	3	PRO 11:16
उघड़ा	1	1	1	1	JOB 26:6
उघरवाएगा	1	1	1	1	ISA 3:17
उघाड़	2	2	1	2	RUT 3:4
उघाड़ता	1	1	1	1	DEU 27:20
उघाड़ती	1	1	1	1	EZK 23:18
उघाड़ना	15	15	1	15	LEV 18:7
उघाड़ने	2	2	1	2	LEV 18:6
उघाड़नेवाला	5	5	1	5	LEV 20:11
उघाड़नेवाली	1	1	1	1	LEV 20:18
उघाड़ा	1	1	1	2	ISA 20:3
उघाड़ी	1	1	1	5	ISA 47:3
उघाड़ूँगा	1	1	1	1	HOS 2:10
उघाड़े	14	14	8	13	LEV 18:18
उघारा	1	1	1	0	JER 49:10
उघारी	3	3	3	0	ISA 47:2
उचकेगा	1	1	1	1	AMO 3:5
उचित	94	94	37	145	GEN 20:9
उच्च	2	2	2	10	EST 3:1
उच्चतम	0	0	0	3	extra_words.txt
उच्चतर	0	0	0	1	extra_words.txt
उच्चारण	1	1	1	2	JDG 12:6
उछल	3	3	2	3	JOB 6:10
उछलकर	2	2	1	2	ACT 3:8
उछलता	2	2	1	2	JER 46:7
उछलती	1	1	1	1	JAS 1:6
उछलते	2	2	2	2	JER 50:11
उछलना	1	1	1	1	LUK 6:23
उछलने	4	4	3	4	1KI 18:26
उछला	1	1	1	1	LUK 1:41
उछलीं	1	1	1	1	PSA 114:6
उछालता	3	3	3	3	PSA 29:6
उछालते	1	1	1	1	JUD 1:13
उछाले	1	1	1	1	EPH 4:14
उजड़	31	31	14	33	GEN 47:19
उजड़कर	3	3	1	3	JER 12:11
उजड़नेवाली	1	1	1	1	PSA 137:8
उजड़वानेवाले	1	1	1	1	DAN 8:13
उजड़ा	3	3	3	3	ISA 1:7
उजड़ी	3	3	2	3	ISA 62:4
उजड़े	24	24	8	25	GEN 47:19
उजड़ेंगी	2	2	1	3	EZK 6:4
उजड़ेंगे	1	1	1	1	EZK 33:28
उजड़ेगा	1	1	1	1	JER 26:9
उजड़ेगी	1	1	1	0	JER 4:30
उजला	11	11	5	11	LEV 13:4
उजलापन	1	1	1	1	GEN 30:35
उजली	6	6	2	7	LEV 13:10
उजले	14	14	5	17	LEV 13:3
उजागर	0	0	0	4	extra_words.txt
उजाड़	132	132	27	141	EXO 23:29
उजाड़कर	2	2	1	0	JER 6:8
उजाड़ता	2	2	2	2	PSA 91:6
उजाड़ने	6	6	5	7	JOS 22:33
उजाड़नेवाली	4	4	4	5	ISA 28:2
उजाड़नेवाले	2	2	2	2	ISA 49:17
उजाड़नेवालों	1	1	1	1	NAM 2:2
उजाड़ा	5	5	3	6	2KI 19:17
उजाड़ूँगा	3	3	2	3	EZK 5:14
उजाड़े	2	2	2	3	JOB 15:28
उजाला	4	4	3	4	LUK 11:36
उजाले	1	1	1	1	LUK 12:3
उजियाला	55	55	16	58	GEN 1:3
उजियाले	33	33	11	38	GEN 1:4
उजिय्याह	2	2	2	2	2KI 15:30
उजीएल	1	1	1	0	NEH 3:8
उज्जर	2	2	1	0	2KI 21:18
उज्जा	13	13	4	16	2SA 6:3
उज्जियाह	6	6	4	36	1CH 6:24
उज्जिय्याह	24	24	6	0	2KI 15:13
उज्जी	13	13	3	13	1CH 6:5
उज्जीएल	13	13	5	15	EXO 6:18
उज्जीएलियों	3	3	2	3	NUM 3:27
उज्जेनशेरा	1	1	1	1	1CH 7:24
उज्ज्वल	7	7	5	4	LAM 4:7
उठ	146	146	36	147	GEN 7:17
उठकर	208	208	30	217	GEN 19:2
उठके	1	1	1	0	1SA 3:8
उठता	23	23	12	23	GEN 2:6
उठती	11	11	9	13	GEN 35:17
उठतीं	1	1	1	0	GAL 4:27
उठते	25	25	9	25	EXO 20:18
उठना	10	10	9	15	1SA 29:10
उठने	42	42	16	47	GEN 7:17
उठनेवाला	4	4	3	1	EXO 34:14
उठनेवालों	2	2	2	2	COL 1:18
उठवाएँ	1	1	1	1	LEV 22:16
उठवाकर	2	2	2	2	LEV 14:45
उठा	279	279	40	294	GEN 5:24
उठाई	45	45	17	62	EXO 25:27
उठाईं	15	15	8	0	GEN 22:13
उठाऊँ	6	6	5	6	1SA 24:6
उठाऊँगा	14	14	10	17	1SA 24:10
उठाए	62	62	21	70	EXO 17:11
उठाएँ	9	9	7	6	GEN 37:27
उठाएँगे	9	9	5	12	EXO 18:22
उठाएगा	17	17	13	19	NUM 30:15
उठाएगी	1	1	1	1	NUM 5:31
उठाओ	10	10	8	11	GEN 37:22
उठाओगे	1	1	1	1	EZK 23:49
उठाकर	130	130	38	139	GEN 13:10
उठाके	1	1	1	0	GEN 43:34
उठाता	26	26	16	30	GEN 31:39
उठाती	1	1	1	1	PSA 107:25
उठाते	13	13	10	13	NUM 10:17
उठाना	32	32	16	41	LEV 5:1
उठानी	1	1	1	1	PSA 15:4
उठाने	37	37	21	44	GEN 49:15
उठानेवाला	3	3	3	3	ECC 4:10
उठानेवाले	18	18	8	19	DEU 31:9
उठाया	56	56	27	69	EXO 9:23
उठाये	1	1	1	0	DEU 1:31
उठी	42	42	20	49	GEN 31:35
उठीं	5	5	5	0	RUT 1:14
उठूँ	2	2	2	2	ZEP 3:8
उठूँगा	10	10	6	11	JOB 7:4
उठे	78	78	27	82	EXO 2:23
उठें	13	13	9	14	DEU 13:9
उठेंगी	5	5	4	5	ISA 13:8
उठेंगे	22	22	13	23	GEN 16:12
उठेगा	35	35	16	36	GEN 16:12
उठेगी	9	9	4	9	ISA 24:18
उठो	18	18	12	19	GEN 19:14
उठोगी	1	1	1	1	EZK 37:5
उड़	25	25	11	26	JDG 20:40
उड़कर	2	2	2	3	JER 48:9
उड़ता	4	4	4	5	JOB 39:26
उड़ती	6	6	3	7	PRO 27:8
उड़ते	10	10	5	6	JOB 13:25
उड़ने	2	2	2	2	JOB 39:26
उड़नेवाला	2	2	2	2	ECC 10:20
उड़नेवाली	1	1	1	2	HOS 13:3
उड़नेवाले	8	8	5	8	GEN 1:21
उड़ा	36	36	17	33	GEN 8:7
उड़ाई	9	9	7	8	1KI 18:45
उड़ाऊ	2	2	2	5	DEU 21:20
उड़ाए	10	10	9	9	JOB 21:18
उड़ाएँ	1	1	1	2	MAT 20:19
उड़ाएँगे	3	3	3	1	EZK 22:5
उड़ाएगा	2	2	1	2	PSA 2:4
उड़ाकर	6	6	5	6	EXO 10:19
उड़ाके	1	1	1	0	NUM 11:31
उड़ाता	4	4	2	4	JOB 30:22
उड़ाती	3	3	3	3	2KI 19:21
उड़ाते	5	5	5	6	2CH 36:16
उड़ाना	1	1	1	3	EZK 5:2
उड़ाने	5	5	3	5	NEH 2:19
उड़ाया	10	10	9	9	EXO 10:2
उड़े	2	2	2	1	PSA 102:3
उड़ें	1	1	1	1	GEN 1:20
उड़ेंगे	1	1	1	1	ISA 40:31
उड़ेगा	1	1	1	3	JER 48:40
उण्डेल	9	9	9	33	JDG 6:20
उण्डेलकर	3	3	3	5	GEN 24:20
उण्डेलती	2	2	2	2	2KI 4:5
उण्डेलते	1	1	1	2	ISA 46:6
उण्डेलने	1	1	1	4	JER 48:12
उण्डेला	7	7	7	17	2SA 23:16
उण्डेलूँगा	7	7	6	9	ISA 44:3
उण्डेलेंगे	1	1	1	1	JER 48:12
उतना	29	29	19	36	GEN 23:16
उतनी	10	10	9	11	GEN 44:1
उतने	25	25	12	26	GEN 47:9
उतर	100	100	30	101	GEN 9:24
उतरकर	32	32	16	42	GEN 18:21
उतरके	5	5	5	0	GEN 24:45
उतरता	6	6	5	9	1SA 10:5
उतरती	2	2	2	2	JOS 16:7
उतरते	16	16	8	14	GEN 28:12
उतरने	6	6	5	7	EXO 32:1
उतरनेवाला	2	2	2	2	JOB 7:9
उतरनेवाली	1	1	1	1	NEH 3:15
उतरवाकर	1	1	1	2	PSA 30:11
उतरा	31	31	14	35	EXO 19:18
उतराई	3	3	2	3	JOS 7:5
उतरी	10	10	5	12	JOS 18:16
उतरे	19	19	13	19	GEN 27:44
उतरेंगे	3	3	2	3	JDG 19:12
उतरेगा	5	5	5	6	1SA 10:6
उतरो	2	2	2	2	MRK 6:10
उतार	67	67	29	75	GEN 32:23
उतारकर	28	28	19	31	GEN 24:18
उतारके	7	7	5	0	GEN 24:46
उतारता	3	3	3	3	1SA 2:6
उतारते	2	2	2	2	2CH 35:11
उतारना	3	3	3	3	PRO 25:20
उतारने	1	1	1	1	MRK 15:36
उतारा	15	15	13	15	GEN 38:14
उतारी	1	1	1	1	RUT 4:8
उतारूँगा	2	2	2	2	EZK 6:12
उतारे	8	8	5	9	EXO 33:6
उतारें	1	1	1	1	LUK 10:8
उतारेंगे	2	2	1	2	EZK 16:39
उतारो	2	2	2	2	EXO 32:2
उतावली	27	27	13	27	DEU 16:3
उतावलों	1	1	1	1	ISA 32:4
उत्कर्षित	0	0	0	1	extra_words.txt
उत्कीर्ण	0	0	0	1	extra_words.txt
उत्कृष्टता	0	0	0	4	extra_words.txt
उत्तम	235	235	37	230	GEN 24:10
उत्तमता	2	2	2	3	1CO 2:1
उत्तर	569	569	46	635	GEN 13:14
उत्तरकाल	0	0	0	2	extra_words.txt
उत्तरकालीन	0	0	0	4	extra_words.txt
उत्तरदायित्व	1	1	1	11	NUM 3:28
उत्तरदायी	9	9	1	8	PRO 6:1
उत्तरमुखी	2	2	1	2	EZK 40:20
उत्तरवाले	1	1	1	0	JOS 15:8
उत्तराधिकार	0	0	0	2	extra_words.txt
उत्तराधिकारी	1	1	1	8	GAL 4:30
उत्तरार्ध	0	0	0	1	extra_words.txt
उत्तरी	30	30	9	49	LEV 1:11
उत्तरों	2	2	2	2	JOB 21:34
उत्तेजना	1	1	1	2	LUK 24:32
उत्तेजित	2	2	2	6	JER 51:39
उत्पत्ति	18	18	14	29	GEN 2:4
उत्पन्न	452	452	48	496	GEN 1:24
उत्पात	20	20	6	21	PSA 7:14
उत्पाद	0	0	0	1	extra_words.txt
उत्पादन	0	0	0	2	extra_words.txt
उत्पादित	0	0	0	1	extra_words.txt
उत्पीड़क	0	0	0	1	extra_words.txt
उत्पीड़कों	0	0	0	3	extra_words.txt
उत्पीड़न	1	1	1	5	PSA 10:14
उत्पीड़ित	0	0	0	1	extra_words.txt
उत्पीड़ितों	0	0	0	1	extra_words.txt
उत्प्रेरित	0	0	0	1	extra_words.txt
उत्सव	9	9	9	18	EZR 6:16
उत्सवों	1	1	1	1	HOS 2:11
उत्साह	10	10	5	14	EXO 35:21
उत्साहपूर्वक	1	1	1	1	PSA 98:4
उत्साहित	1	1	1	6	ACT 20:2
उत्साही	4	4	2	5	2CO 8:17
उत्सुकता	0	0	0	3	extra_words.txt
उथल	1	1	1	0	ISA 51:15
उदय	24	24	14	27	GEN 19:23
उदयाचल	6	6	3	6	PSA 50:1
उदर	1	1	1	2	JON 2:2
उदार	7	7	5	8	PSA 51:12
उदारता	16	16	8	21	1KI 10:13
उदारतापूर्वक	0	0	0	2	extra_words.txt
उदास	60	60	19	61	GEN 34:7
उदासी	14	14	11	19	GEN 4:5
उदासीन	0	0	0	1	extra_words.txt
उदासीरूपी	1	1	1	1	EZK 7:27
उदाहरण	2	2	2	16	ACT 4:2
उदाहरणार्थ	0	0	0	2	extra_words.txt
उद्घाटन	1	1	1	1	2PE 2:1
उद्घोषणा	0	0	0	2	extra_words.txt
उद्घोषित	0	0	0	1	extra_words.txt
उद्देश्य	7	7	7	174	1KI 11:17
उद्धरण	0	0	0	1	extra_words.txt
उद्धार	276	276	40	346	GEN 49:18
उद्धारक	0	0	0	4	extra_words.txt
उद्धारकर्ता	49	49	17	66	2SA 22:3
उद्धारमूल	1	1	1	0	DEU 32:15
उद्धाररूपी	1	1	1	1	2CH 6:41
उद्धारवाली	1	1	1	1	HEB 6:9
उद्बोधन	0	0	0	1	extra_words.txt
उद्यत	1	1	1	1	PSA 78:6
उद्यम	6	6	4	4	GEN 46:33
उधम	1	1	1	0	ISA 52:5
उधर	78	78	26	39	GEN 8:7
उधार	23	23	8	25	DEU 15:2
उधेड़	2	2	2	2	MIC 3:2
उधेड़ते	1	1	1	1	MIC 3:3
उन	1762	1762	64	1663	GEN 1:16
उनका	679	679	53	772	GEN 2:19
उनकी	735	735	52	873	GEN 2:1
उनके	2081	2081	60	2365	GEN 6:1
उनको	993	993	53	1038	GEN 1:17
उनचास	1	1	1	1	LEV 25:8
उनतालीस	1	1	1	2	EZR 2:42
उनतालीसवें	3	3	2	3	2KI 15:13
उनतीस	7	7	5	8	GEN 11:24
उनपर	348	348	0	0	OV bigram
उनमें	392	392	49	500	GEN 7:2
उनसठ	2	2	1	2	NUM 1:23
उनसे	777	777	48	933	GEN 1:28
उनहत्तर	1	1	1	1	GEN 5:27
उनेसिफुरुस	2	2	1	0	2TI 1:16
उनेसिमुस	2	2	2	10	COL 4:9
उन्तालीस	2	2	1	0	2CO 11:24
उन्तीस	1	1	1	0	JOS 15:32
उन्नति	28	28	13	31	GEN 26:13
उन्नी	2	2	1	2	1CH 15:18
उन्नीस	3	3	3	3	GEN 11:25
उन्नीसवीं	2	2	1	2	1CH 24:16
उन्नीसवें	2	2	2	2	2KI 25:8
उन्नो	1	1	1	1	NEH 12:9
उन्माद	1	1	1	1	ROM 12:11
उन्मुख	0	0	0	1	extra_words.txt
उन्मूलन	0	0	0	1	extra_words.txt
उन्हीं	142	142	41	156	GEN 1:11
उन्हें	1142	1142	54	1369	GEN 5:2
उन्हों	7	7	6	0	EXO 39:17
उन्होंने	1308	1308	53	1409	GEN 3:7
उपकार	10	10	6	11	2CH 32:25
उपकारक	1	1	1	2	LUK 22:25
उपकारिणी	0	0	0	1	extra_words.txt
उपक्रम	0	0	0	1	extra_words.txt
उपचार	0	0	0	1	extra_words.txt
उपज	119	119	25	125	GEN 3:17
उपजता	3	3	2	3	EZK 8:3
उपजना	1	1	1	1	HAG 1:10
उपजने	1	1	1	1	EZK 36:29
उपजवाले	1	1	1	2	2SA 1:21
उपजा	2	2	2	2	PSA 107:37
उपजाई	4	4	4	5	DEU 32:16
उपजाऊ	13	13	6	13	GEN 13:10
उपजाऊँगा	8	8	6	8	EXO 32:10
उपजाए	1	1	1	1	PSA 64:1
उपजाएगा	1	1	1	1	ZEC 10:1
उपजाएगी	3	3	2	3	LEV 26:4
उपजाकर	1	1	1	1	EZK 37:6
उपजाता	1	1	1	1	PSA 104:14
उपजाती	5	5	5	6	GEN 41:47
उपजाते	4	4	2	4	ISA 55:10
उपजाना	1	1	1	1	1KI 8:50
उपजाने	1	1	1	2	JER 49:5
उपजानेवाली	3	3	2	3	RUT 4:11
उपजाया	7	7	4	8	LEV 25:19
उपजी	1	1	1	1	2CH 24:4
उपजे	4	4	4	4	GEN 47:24
उपजेंगे	2	2	2	2	ISA 32:13
उपजेगी	1	1	1	1	GEN 18:18
उपदेश	99	99	16	121	DEU 32:2
उपदेशक	19	19	10	20	ECC 1:1
उपदेशकों	2	2	2	5	ISA 30:20
उपदेशों	21	21	2	25	PSA 103:18
उपद्रव	73	73	26	84	GEN 6:11
उपद्रवियों	1	1	1	2	PSA 86:14
उपद्रवी	12	12	7	13	2SA 22:49
उपद्रवों	1	1	1	1	2CO 12:10
उपनाम	1	1	1	2	ACT 1:23
उपमा	26	26	12	35	1KI 9:7
उपयुक्त	0	0	0	4	extra_words.txt
उपयोग	1	1	1	36	ISA 47:12
उपयोगी	1	1	1	4	1CO 16:9
उपरला	1	1	1	1	2SA 11:21
उपरान्त	4	4	3	13	GEN 7:10
उपरिलेख	0	0	0	1	extra_words.txt
उपरोक्त	0	0	0	1	extra_words.txt
उपरौठी	4	4	3	3	2KI 4:10
उपलक्ष्य	0	0	0	1	extra_words.txt
उपलब्ध	0	0	0	3	extra_words.txt
उपलब्धियाँ	0	0	0	1	extra_words.txt
उपवास	66	66	21	90	JDG 20:26
उपवासी	2	2	1	2	MAT 6:16
उपशासक	0	0	0	1	extra_words.txt
उपसंहार	0	0	0	4	extra_words.txt
उपसंहार-व्यक्तिगत	0	0	0	1	extra_words.txt
उपस्थित	62	62	26	71	NUM 8:24
उपस्थिति	5	5	4	40	GEN 17:1
उपहार	1	1	1	9	PSA 72:10
उपहास	3	3	3	47	EXO 32:25
उपहासगर्भित	0	0	0	1	extra_words.txt
उपाधि	0	0	0	3	extra_words.txt
उपाय	23	23	15	24	GEN 22:8
उपार्जन	1	1	1	0	PRO 15:6
उपासक	4	4	2	6	2KI 10:21
उपासकों	4	4	1	8	2KI 10:19
उपासना	126	126	24	154	EXO 3:12
उपेक्षा	1	1	1	7	MAT 22:5
उपेक्षित	0	0	0	1	extra_words.txt
उफाज	1	1	1	0	JER 10:9
उबल	2	2	1	2	PRO 15:2
उबलता	1	1	1	3	JER 1:13
उबलती	1	1	1	1	JOB 30:27
उबलनेवाला	1	1	1	1	GEN 49:4
उबार	6	6	2	8	PSA 66:12
उबारा	2	2	1	4	PSA 40:2
उबारे	1	1	1	1	PSA 22:8
उबालती	1	1	1	1	ISA 64:2
उबाला	1	1	1	1	LEV 6:28
उभर	0	0	0	1	extra_words.txt
उभरकर	1	1	1	1	JOL 3:12
उभरता	1	1	1	1	LUK 6:38
उभरी	1	1	1	2	SNG 5:13
उभरीं	1	1	1	1	SNG 8:8
उभरेगा	1	1	1	1	DAN 11:28
उभार	2	2	2	1	JOB 32:18
उभारकर	2	2	2	4	JER 50:9
उभारता	2	2	1	2	2PE 1:13
उभारती	1	1	1	1	PRO 16:26
उभारने	2	2	2	2	JDG 13:25
उभारा	20	20	15	22	NUM 14:36
उभारूँगा	3	3	2	3	ISA 13:17
उभारे	2	2	2	2	JER 6:22
उभारेगा	2	2	2	2	ISA 9:12
उभारो	1	1	1	1	JOL 3:9
उमंग	5	5	4	5	PSA 32:9
उमंडनेवाली	1	1	1	0	JOB 38:11
उमड़	3	3	3	6	NUM 21:17
उमड़ता	1	1	1	2	JHN 4:14
उमड़ती	1	1	1	3	NAM 1:8
उमड़ते	1	1	1	1	PSA 124:5
उमड़ेंगे	1	1	1	1	JOL 2:24
उमण्ड	2	2	1	0	PSA 45:1
उमण्डता	1	1	1	0	PRO 3:10
उमण्डती	1	1	1	0	PSA 73:7
उमण्डने	1	1	1	0	JOL 3:13
उमण्डनेवाली	4	4	4	0	PRO 18:4
उमण्डा	1	1	1	0	NUM 24:7
उम्मा	1	1	1	1	JOS 19:30
उम्र	2	2	1	4	JOS 13:1
उरबानुस	1	1	1	1	ROM 16:9
उरिय्याह	1	1	1	0	MAT 1:6
उर्वरता	0	0	0	2	extra_words.txt
उलझन	2	2	2	1	ACT 25:20
उलझनों	1	1	1	1	EXO 14:3
उलझा	1	1	1	1	1KI 5:3
उलझानेवाले	1	1	1	1	HEB 12:1
उलझी	1	1	1	1	ISA 47:8
उलझे	1	1	1	1	NAM 1:10
उलट	48	48	21	33	GEN 19:29
उलटकर	4	4	4	4	PSA 41:3
उलटा	9	9	8	9	GEN 9:23
उलटी	6	6	5	7	LEV 18:23
उलटे	5	5	4	5	EXO 14:27
उलाहना	14	14	13	15	GEN 21:25
उलाहने	2	2	2	2	ISA 37:3
उलुम्पास	1	1	1	1	ROM 16:15
उल्टी	3	3	3	0	PRO 23:33
उल्टे	1	1	1	1	JHN 6:66
उल्लंघन	21	21	17	37	LEV 26:43
उल्ला	1	1	1	1	1CH 7:39
उल्लास	0	0	0	1	extra_words.txt
उल्लू	6	6	4	6	LEV 11:17
उल्लेखित	0	0	0	2	extra_words.txt
उल्लेखों	0	0	0	1	extra_words.txt
उष्ण	0	0	0	1	extra_words.txt
उस	3733	3733	66	3429	GEN 1:8
उसका	1520	1520	60	1714	GEN 2:17
उसकाए	1	1	1	0	ACT 14:2
उसकाओ	2	2	1	0	SNG 2:7
उसकाता	1	1	1	0	HOS 7:4
उसकाने	2	2	2	0	MAT 14:8
उसकाया	1	1	1	0	ACT 13:50
उसकी	1740	1740	61	2102	GEN 2:15
उसके	4610	4610	64	5069	GEN 1:7
उसको	1463	1463	58	1543	GEN 1:10
उसतक	1	1	0	0	OV bigram
उसने	3308	3308	61	3661	GEN 1:10
उसपर	514	514	0	0	OV bigram
उसमें	551	551	47	730	GEN 2:3
उससे	1262	1262	51	1486	GEN 5:6
उसी	844	844	57	897	GEN 2:17
उसे	1998	1998	62	2270	GEN 3:17
उस्काने	1	1	1	0	HEB 10:24
उस्तरे	3	3	3	3	PSA 52:2
ऊँघता	1	1	1	0	2PE 2:3
ऊँघते	1	1	1	1	NAM 3:18
ऊँघने	2	2	2	0	ISA 5:27
ऊँघेगा	2	2	1	2	PSA 121:3
ऊँच	1	1	1	1	PSA 49:2
ऊँचा	86	86	23	103	GEN 7:17
ऊँचाई	51	51	16	54	GEN 6:15
ऊँची	30	30	12	25	DEU 3:5
ऊँचे	321	321	43	307	GEN 27:34
ऊँट	33	33	18	33	GEN 12:16
ऊँटकटारे	3	3	3	3	GEN 3:18
ऊँटकटारों	3	3	3	3	ISA 9:18
ऊँटनियाँ	1	1	1	1	GEN 32:15
ऊँटों	26	26	9	25	GEN 24:10
ऊएल	1	1	1	1	EZR 10:34
ऊगे	1	1	1	0	LEV 25:11
ऊज	2	2	2	0	JER 25:20
ऊज़	1	1	1	0	JOB 1:1
ऊजाल	2	2	2	2	GEN 10:27
ऊजै	1	1	1	1	NEH 3:25
ऊतै	2	2	2	2	1CH 9:4
ऊधम	1	1	1	2	ISA 22:2
ऊन	40	40	18	41	GEN 31:19
ऊपर	534	534	52	546	GEN 1:2
ऊपरवाली	3	3	2	3	1KI 6:6
ऊपरवाले	9	9	7	10	EXO 30:3
ऊपरी	12	12	6	13	LEV 10:1
ऊपर्सीन	1	1	1	2	DAN 5:25
ऊफाज़	1	1	1	0	DAN 10:5
ऊब	1	1	1	1	PSA 35:12
ऊर	5	5	3	5	GEN 11:28
ऊरियाह	2	2	1	0	NEH 3:4
ऊरिय्याह	35	35	7	41	2SA 11:3
ऊरी	8	8	5	8	EXO 31:2
ऊरीएल	5	5	2	5	1CH 6:24
ऊरीम	7	7	7	9	EXO 28:30
ऊरीयाह	1	1	1	0	EZR 8:33
ऊलाम	4	4	1	4	1CH 7:16
ऊलै	2	2	1	2	DAN 8:2
ऊस	6	6	2	9	GEN 10:23
ऊसर	1	1	1	5	PSA 63:1
ऋण	8	8	5	13	EXO 22:25
ऋणियों	1	1	1	0	PRO 22:26
ऋणी	2	2	2	2	1SA 22:2
ऋतु	14	14	10	14	GEN 18:10
ऋतुओं	1	1	1	1	DAN 2:21
ऋतुमती	12	12	2	12	LEV 12:2
एक	4223	4223	64	4402	GEN 1:6
एकजुट	0	0	0	3	extra_words.txt
एकता	3	3	2	14	ZEC 11:7
एकत्र	2	2	2	20	EXO 15:8
एकत्रित	4	4	4	4	LEV 23:2
एकदम	3	3	3	5	NUM 11:15
एकनिष्ठा	0	0	0	1	extra_words.txt
एकमत	1	1	1	7	JHN 9:22
एकमात्र	7	7	4	22	JHN 5:44
एकलौता	4	4	2	5	LUK 7:12
एकलौती	3	3	3	3	JDG 11:34
एकलौते	10	10	7	11	GEN 22:2
एका	4	4	3	5	GEN 14:3
एकाएक	16	16	11	13	NUM 12:4
एकान्त	15	15	8	14	2SA 3:27
एकीकरण	0	0	0	1	extra_words.txt
एकेर	1	1	1	1	1CH 2:27
एक्रोन	23	23	8	23	JOS 13:3
एक्रोनी	1	1	1	1	1SA 5:10
एगलैम	1	1	1	1	ISA 15:8
एग्लतशलीशिया	1	1	1	0	JER 48:34
एग्लतशलीशिय्या	1	1	1	0	ISA 15:5
एग्ला	2	2	2	2	2SA 3:5
एग्लोन	14	14	2	14	JOS 10:3
एज़ेर	1	1	1	0	NEH 3:19
एजेर	3	3	2	5	1CH 4:4
एजेल	1	1	1	1	1SA 20:19
एज्बै	1	1	1	1	1CH 11:37
एज्रा	27	27	3	56	1CH 4:17
एज्री	1	1	1	1	1CH 27:26
एज्रेही	1	1	1	1	1KI 4:31
एड़ियाँ	1	1	1	1	JER 13:22
एड़ी	3	3	2	4	GEN 3:15
एतबाल	1	1	1	2	1KI 16:31
एतान	7	7	2	10	1KI 4:31
एतानीम	1	1	1	1	1KI 8:2
एताम	9	9	5	12	EXO 13:20
एताव	1	1	1	0	1CH 6:44
एतेर	1	1	1	2	JOS 19:7
एत्ना	1	1	1	1	1CH 4:7
एत्नी	2	2	1	2	1CH 6:41
एथेंस	4	4	1	8	ACT 17:15
एथेंसवासी	1	1	1	0	ACT 17:21
एथेन्स	1	1	1	0	1TH 3:1
एद	1	1	1	1	JOS 22:34
एदेन	3	3	2	3	2CH 29:12
एदेनी	2	2	2	2	2KI 19:12
एदेर	6	6	4	7	GEN 35:21
एदोनियों	1	1	1	0	JER 25:21
एदोम	77	77	19	94	GEN 32:3
एदोमवंशियों	1	1	1	1	GEN 36:43
एदोमियों	13	13	8	19	GEN 36:9
एदोमी	16	16	9	19	GEN 36:43
एदोम्	1	1	1	0	GEN 25:30
एद्रेई	8	8	3	8	NUM 21:33
एनगदी	6	6	5	7	JOS 15:62
एनगन्नीम	3	3	1	3	JOS 15:34
एनतप्पूह	1	1	1	1	JOS 17:7
एनदोर	1	1	1	3	JOS 17:11
एनरोगेल	4	4	3	4	JOS 15:7
एनशेमेश	2	2	1	2	JOS 15:7
एनहक्कोरे	1	1	1	1	JDG 15:19
एनहद्दा	1	1	1	1	JOS 19:21
एनान	4	4	1	5	NUM 2:29
एनाम	2	2	2	1	NUM 1:15
एनियास	2	2	1	0	ACT 9:33
एनैम	2	2	1	2	GEN 38:14
एनोश	8	8	3	9	GEN 4:26
एन्दोर	2	2	2	0	1SA 28:7
एन्निम्मोन	1	1	1	1	NEH 11:29
एन्मिशपात	1	1	1	1	GEN 14:7
एन्हासोर	1	1	1	1	JOS 19:37
एपलाल	2	2	1	2	1CH 2:37
एपा	67	67	13	69	GEN 25:4
एपादेशों	1	1	1	0	ISA 60:6
एपेर	4	4	2	4	GEN 25:4
एपेसदम्मीम	1	1	1	1	1SA 17:1
एपै	1	1	1	1	JER 40:8
एपोद	53	53	8	64	EXO 25:7
एप्रात	1	1	1	0	1CH 2:19
एप्राता	10	10	5	12	GEN 35:16
एप्राती	2	2	2	2	RUT 1:2
एप्रैम	148	148	19	155	GEN 41:52
एप्रैमियों	18	18	8	18	NUM 7:48
एप्रैमी	15	15	9	16	JOS 17:17
एप्रोन	12	12	3	14	GEN 23:8
एबनेज़ेर	2	2	1	0	1SA 4:1
एबाल	8	8	4	9	GEN 36:23
एबिर	1	1	1	0	LUK 3:35
एबी	1	1	1	0	NUM 31:8
एबीलमरोदक	1	1	1	0	JER 52:31
एबेद	6	6	2	6	JDG 9:26
एबेदमेलेक	6	6	1	7	JER 38:7
एबेनेज़ेर	1	1	1	0	1SA 7:12
एबेर	13	13	4	15	GEN 10:24
एबेरवंशियों	1	1	1	1	GEN 10:21
एबेस	1	1	1	1	JOS 19:20
एब्यातार	30	30	4	34	1SA 22:20
एब्यासाप	5	5	1	5	1CH 6:23
एब्रोन	1	1	1	1	JOS 19:28
एमियों	1	1	1	1	GEN 14:5
एमी	2	2	1	2	DEU 2:10
एमेक्कसीस	1	1	1	1	JOS 18:21
एमोरियों	63	63	14	66	GEN 14:7
एमोरी	25	25	9	25	GEN 10:16
एर	10	10	4	10	GEN 38:3
एरान	1	1	1	1	NUM 26:36
एरानियों	1	1	1	1	NUM 26:36
एराम	2	2	1	2	MAT 1:3
एरियों	1	1	1	1	NUM 26:16
एरी	2	2	2	2	GEN 46:16
एरेकियों	1	1	1	1	JOS 16:2
एरेकी	6	6	3	6	2SA 15:32
एरेख	1	1	1	1	GEN 10:10
एल	1	1	1	0	GEN 33:20
एलकाना	3	3	3	1	EXO 6:24
एलजाबाद	2	2	1	2	1CH 12:12
एलत	4	4	2	4	DEU 2:8
एलतके	2	2	1	2	JOS 19:44
एलतकोन	1	1	1	1	JOS 15:59
एलतोलद	2	2	1	2	JOS 15:30
एलदा	1	1	1	0	1CH 1:33
एलदाद	2	2	1	2	NUM 11:26
एलनातान	7	7	3	8	2KI 24:8
एलनाम	1	1	1	1	1CH 11:46
एलपेलेत	1	1	1	1	1CH 14:5
एलबरीत	1	1	1	1	JDG 9:46
एलबेतेल	1	1	1	2	GEN 35:7
एलवा	1	1	1	1	JHN 19:39
एलसापन	1	1	1	0	EXO 6:22
एलसाफान	1	1	1	2	LEV 10:4
एला	17	17	5	18	GEN 36:41
एलाजार	2	2	1	0	EXO 6:23
एलाद	1	1	1	1	1CH 7:21
एलादा	2	2	1	2	1CH 7:20
एलाम	26	26	8	31	GEN 10:22
एलामी	3	3	3	1	EZR 4:9
एलाले	5	5	3	5	NUM 32:3
एलासा	8	8	3	8	1CH 2:39
एलियाह	1	1	1	0	EZR 10:26
एलिय्याह	106	106	11	128	1KI 17:1
एलिसापान	1	1	1	0	2CH 29:13
एली	37	37	4	47	1SA 1:3
एलीआजर	6	6	2	78	1CH 23:21
एलीआज़र	4	4	3	0	2SA 23:9
एलीआज़ार	69	69	10	0	EXO 28:1
एलीआता	1	1	1	1	1CH 25:4
एलीआब	22	22	5	22	NUM 1:9
एलीआम	2	2	1	2	2SA 11:3
एलीएजेर	8	8	4	16	GEN 15:2
एलीएनै	1	1	1	1	1CH 8:20
एलीएल	11	11	2	11	1CH 5:24
एलीका	1	1	1	1	2SA 23:25
एलीदाद	1	1	1	1	NUM 34:21
एलीपज	14	14	3	20	GEN 36:4
एलीपजवंशियों	1	1	1	0	GEN 36:16
एलीपलेह	2	2	1	2	1CH 15:18
एलीपाल	1	1	1	1	1CH 11:35
एलीपेलेत	6	6	3	8	2SA 5:16
एलीपेलेद	1	1	1	0	1CH 14:7
एलीपेलेप्त	1	1	1	0	2SA 23:34
एलीम	6	6	2	7	EXO 15:27
एलीमेलेक	6	6	1	7	RUT 1:2
एलीयाह	1	1	1	0	EZR 10:21
एलीशा	72	72	6	94	GEN 10:4
एलीशापात	1	1	1	1	2CH 23:1
एलीशामा	18	18	6	18	NUM 1:10
एलीशू	1	1	1	2	1CH 14:5
एलीशूर	1	1	1	0	NUM 10:18
एलीशेबा	1	1	1	1	EXO 6:23
एलीसापान	2	2	1	4	NUM 3:30
एलीसापानियों	1	1	1	1	1CH 15:8
एलीसूर	4	4	1	5	NUM 1:5
एलीहू	11	11	3	19	1SA 1:1
एलीहोरेप	1	1	1	0	1KI 4:3
एलूजै	1	1	1	1	1CH 12:5
एलूल	1	1	1	1	NEH 6:15
एलेप	1	1	1	1	JOS 18:28
एलोत	3	3	2	3	1KI 9:26
एलोन	7	7	4	7	GEN 26:34
एलोनबेथानान	1	1	1	0	1KI 4:9
एलोनियों	1	1	1	1	NUM 26:26
एलोशू	1	1	1	0	2SA 5:15
एलोहे	1	1	1	0	GEN 33:20
एल्काना	21	21	2	24	1SA 1:1
एल्कोश	1	1	1	0	NAM 1:1
एल्दा	1	1	1	2	GEN 25:4
एल्पारान	1	1	1	1	GEN 14:6
एल्पाल	3	3	1	3	1CH 8:11
एल्यहबा	2	2	2	2	2SA 23:32
एल्यहोएनै	2	2	2	2	1CH 26:3
एल्याकीम	12	12	4	0	2KI 18:18
एल्यादा	4	4	4	4	2SA 5:16
एल्याशीब	16	16	3	17	1CH 3:24
एल्यासाप	6	6	1	6	NUM 1:14
एल्योएनै	7	7	3	7	1CH 3:23
एल्लासार	2	2	1	2	GEN 14:1
एल्हनान	1	1	1	4	2SA 21:19
एल्हानान	3	3	2	0	2SA 23:24
एवी	1	1	1	2	JOS 13:21
एवील्मरोदक	1	1	1	2	2KI 25:27
एशकोल	4	4	2	7	NUM 13:23
एशतमो	4	4	2	0	JOS 15:50
एशताओल	2	2	1	0	JOS 15:33
एशतोन	2	2	1	2	1CH 4:11
एशबान	1	1	1	2	1CH 1:41
एशबाल	2	2	1	2	1CH 8:33
एशान	1	1	1	1	JOS 15:52
एशिया	2	2	1	6	ACT 6:9
एशेक	1	1	1	1	1CH 8:39
एश्कोल	2	2	1	0	GEN 14:13
एश्तमो	2	2	2	7	JOS 21:14
एश्ताओल	5	5	1	7	JDG 13:25
एश्ताओली	1	1	1	1	1CH 2:53
एश्बान	1	1	1	0	GEN 36:26
एश्योनगेबेर	1	1	1	0	1KI 22:48
एसबोन	2	2	2	2	GEN 46:16
एसर्हद्दोन	3	3	3	5	2KI 19:37
एसाव	89	89	8	108	GEN 25:25
एसाववंशियों	2	2	1	3	GEN 36:15
एसावियों	6	6	1	7	DEU 2:4
एसेक	1	1	1	1	GEN 26:20
एसेम	3	3	2	3	JOS 15:29
एसेर	5	5	2	5	GEN 36:21
एस्तेर	54	54	1	75	EST 2:7
एस्नी	1	1	1	1	2SA 23:8
एस्योन	1	1	1	0	2CH 20:36
एस्योनगेबेर	5	5	4	7	NUM 33:35
एहसान	0	0	0	1	extra_words.txt
एहसास	0	0	0	2	extra_words.txt
एहसीएल	1	1	1	0	1CH 7:13
एही	1	1	1	1	GEN 46:21
एहीएल	1	1	1	0	1CH 27:32
एहूद	10	10	2	11	JDG 3:15
ऐ	37	37	5	0	GEN 12:8
ऐंठ	1	1	1	1	2KI 2:8
ऐंठती	1	1	1	1	ISA 26:17
ऐंठी	2	2	1	2	LAM 1:20
ऐंठे	1	1	1	1	ISA 26:18
ऐतेर	1	1	1	0	JOS 15:42
ऐन	6	6	4	6	NUM 34:11
ऐनेग्लैम	1	1	1	0	EZK 47:10
ऐनोन	1	1	1	3	JHN 3:23
ऐश्वर्य	13	13	6	14	1CH 16:27
ऐश्वर्यमय	1	1	1	1	PSA 111:3
ऐश्वर्यवान	1	1	1	1	2CH 18:1
ऐसा	1177	1177	61	1313	GEN 1:6
ऐसी	395	395	55	433	GEN 17:16
ऐसे	379	379	56	388	GEN 10:5
ऐसों	20	20	14	21	EXO 22:23
ओंठ	5	5	4	0	PSA 12:4
ओक्रान	5	5	1	5	NUM 1:13
ओखली	3	3	3	3	NUM 11:8
ओग	22	22	6	23	NUM 21:33
ओछा	2	2	2	1	2SA 20:1
ओछापन	1	1	1	1	PSA 26:10
ओछी	1	1	1	1	1SA 1:16
ओछे	6	6	5	9	1SA 30:22
ओजनियों	1	1	1	1	NUM 26:15
ओजनी	1	1	1	1	NUM 26:15
ओझल	1	1	1	3	JDG 6:21
ओझाई	1	1	1	1	LEV 20:27
ओझाओं	3	3	2	3	LEV 19:31
ओझे	1	1	1	1	2KI 23:24
ओझों	6	6	5	6	DEU 18:11
ओट	11	11	8	8	GEN 23:4
ओटों	1	1	1	1	EZK 46:22
ओठों	9	9	5	0	PSA 12:2
ओढ़	1	1	1	1	JON 3:6
ओढ़कर	6	6	6	6	EXO 22:27
ओढ़ता	1	1	1	1	JER 43:12
ओढ़ना	17	17	5	19	EXO 22:27
ओढ़नी	6	6	3	6	EXO 34:34
ओढ़ने	7	7	7	7	EXO 40:19
ओढ़ा	6	6	6	7	JDG 4:19
ओढ़ाऊँ	1	1	1	1	ISA 61:3
ओढ़ाकर	1	1	1	1	EZK 16:8
ओढ़ाया	3	3	1	3	EZK 16:10
ओढ़ाये	1	1	1	0	1KI 1:1
ओढ़े	16	16	12	16	RUT 3:15
ओढ़ें	2	2	2	2	PSA 109:29
ओती	1	1	1	0	1CH 26:7
ओत्नीएल	8	8	3	10	JOS 15:17
ओदेद	3	3	1	4	2CH 15:1
ओन	4	4	2	5	GEN 41:45
ओनान	7	7	3	7	GEN 38:4
ओनाम	4	4	2	4	GEN 36:23
ओनो	4	4	3	5	1CH 8:12
ओनों	1	1	1	0	NEH 7:37
ओपीर	12	12	7	12	GEN 10:29
ओपेल	4	4	2	6	2CH 27:3
ओप्रनी	1	1	1	0	JOS 18:24
ओप्रा	8	8	4	8	JOS 18:23
ओबद्याह	20	20	6	29	1KI 18:3
ओबाल	1	1	1	1	GEN 10:28
ओबील	1	1	1	1	1CH 27:30
ओबेद	13	13	5	14	RUT 4:17
ओबेदेदोम	19	19	3	22	2SA 6:10
ओबेदेदोमी	1	1	1	1	1CH 26:8
ओबेल	1	1	1	0	NEH 3:27
ओबोत	2	2	1	4	NUM 21:10
ओबोस	2	2	1	0	NUM 33:43
ओमार	3	3	2	3	GEN 36:11
ओमेगा	3	3	1	4	REV 1:8
ओमेर	6	6	1	6	EXO 16:16
ओम्नी	1	1	1	0	1CH 27:18
ओम्री	16	16	5	20	1KI 16:16
ओर	1817	1817	66	1962	GEN 2:8
ओरेन	1	1	1	1	1CH 2:25
ओरेब	7	7	3	9	JDG 7:25
ओर्नान	12	12	2	12	1CH 21:15
ओर्पा	2	2	1	2	RUT 1:4
ओले	21	21	5	22	EXO 9:18
ओलो	1	1	1	0	PSA 148:8
ओलों	17	17	7	19	EXO 9:25
ओस	34	34	17	34	GEN 27:28
ओसवाले	1	1	1	1	ISA 18:4
ओसाना	1	1	1	1	JER 4:11
ओसारा	16	16	2	16	1KI 7:6
ओसारे	34	34	6	36	1KI 6:3
ओसारों	3	3	2	3	1KI 7:19
ओसेम	2	2	1	2	1CH 2:15
ओस्नप्पर	1	1	1	1	EZR 4:10
ओहद	2	2	2	2	GEN 46:10
ओहेल	1	1	1	1	1CH 3:20
ओहोला	5	5	1	5	EZK 23:4
ओहोलीआब	5	5	1	6	EXO 31:6
ओहोलीबा	7	7	1	7	EZK 23:4
ओहोलीबामा	7	7	1	8	GEN 36:2
ओहोलीवामा	1	1	1	0	1CH 1:52
औंधे	6	6	3	6	1SA 5:3
औगुस्तुस	2	2	2	2	LUK 2:1
औचित्य	0	0	0	2	extra_words.txt
औज़ार	2	2	2	3	DEU 27:5
औजार	1	1	1	0	1KI 6:7
औपचारिक	0	0	0	2	extra_words.txt
और	34224	34224	66	37924	GEN 1:1
औरत	1	1	1	1	1KI 14:5
औरों	21	21	12	53	1KI 22:35
औषध	2	2	1	2	JER 30:12
औषधि	6	6	3	7	PRO 17:22
कँगनियाँ	2	2	2	2	1KI 7:19
कँगनियों	2	2	1	5	1KI 7:17
कँगनी	7	7	2	13	1KI 7:16
कँटीली	1	1	1	7	ISA 7:19
कँटीले	2	2	2	0	SNG 2:2
कँपकँपी	6	6	5	5	JOB 4:14
कँपाऊँगा	1	1	1	1	ISA 13:13
कँपाएगा	1	1	1	1	JOB 13:25
कँपाता	3	3	2	3	PSA 29:8
कँपाया	1	1	1	1	PSA 60:2
कंकड़	0	0	0	2	extra_words.txt
कंकड़ी	0	0	0	1	extra_words.txt
कंकड़ों	1	1	1	2	PRO 20:17
कंकरी	1	1	1	0	LAM 3:16
कंकरों	1	1	1	0	JOB 8:17
कंगन	5	5	3	5	GEN 24:22
कंगनियों	3	3	3	0	JER 52:23
कंगनी	6	6	3	0	EXO 27:5
कंगाल	56	56	21	56	EXO 23:3
कंगालपन	4	4	2	4	PRO 6:11
कंगाली	1	1	1	1	HEB 11:37
कंगालों	39	39	15	33	2KI 24:14
कंगूरा	1	1	1	1	SNG 8:9
कंगूरे	3	3	3	3	DAN 9:27
कंगूरों	1	1	1	1	2CH 26:15
कंजूस	1	1	1	1	ISA 32:5
कंटीले	1	1	1	0	PRO 24:31
कंठस्थ	1	1	1	1	DEU 31:19
कंधा	1	1	1	5	DEU 18:3
कंधे	10	10	4	27	1SA 9:2
कंधों	3	3	3	25	NUM 7:9
कंपन	0	0	0	1	extra_words.txt
कंपित	1	1	1	0	PSA 18:7
कई	72	72	25	85	GEN 4:4
ककड़ी	2	2	2	2	ISA 1:8
कक्ष	0	0	0	4	extra_words.txt
कगार	0	0	0	3	extra_words.txt
कचपचिया	3	3	2	3	JOB 9:9
कचरा	0	0	0	1	extra_words.txt
कचहरियों	2	2	2	2	ZEC 8:16
कचहरी	5	5	4	5	JOB 14:3
कच्चा	23	23	11	23	EXO 12:9
कच्ची	5	5	1	5	EZK 13:10
कच्चे	4	4	4	4	DEU 20:8
कछार	4	4	3	4	GEN 41:2
कजीब	1	1	1	1	GEN 38:5
कट	15	15	8	14	GEN 47:18
कटकर	1	1	1	1	PSA 90:6
कटनी	34	34	16	40	GEN 30:14
कटने	1	1	1	1	RUT 1:22
कटवा	1	1	1	1	MAT 14:10
कटवाई	3	3	3	3	JOS 11:9
कटवाएगा	1	1	1	1	1SA 8:12
कटवाकर	7	7	6	7	GEN 40:19
कटवाना	1	1	1	1	JOS 11:6
कटवाया	7	7	5	5	2SA 12:31
कटा	1	1	1	1	1CO 11:6
कटाए	1	1	1	0	DEU 21:12
कटाएँ	1	1	1	2	EZK 44:20
कटाक्ष	1	1	1	2	PRO 6:25
कटाना	1	1	1	1	1CO 11:6
कटार	1	1	1	1	PSA 42:10
कटारबन्द	1	1	1	0	ACT 21:38
कटारों	1	1	1	1	EZK 16:40
कटि	16	16	10	0	1SA 2:4
कटिबन्द	4	4	2	0	LEV 8:7
कटिबन्ध	7	7	6	0	1SA 18:4
कटिबन्धीय	0	0	0	1	extra_words.txt
कटियों	1	1	1	0	NAM 2:10
कटी	3	3	3	3	JDG 6:28
कटीली	3	3	3	0	EXO 3:2
कटीले	12	12	3	15	JDG 8:7
कटु	0	0	0	1	extra_words.txt
कटुता	1	1	1	1	ACT 14:2
कटुवचन	1	1	1	1	PRO 15:1
कटे	1	1	1	3	ISA 33:12
कटोरा	59	59	17	73	GEN 40:11
कटोरियाँ	1	1	1	1	2KI 25:15
कटोरियों	3	3	2	3	1CH 28:17
कटोरी	2	2	1	2	1CH 28:17
कटोरे	49	49	20	52	GEN 40:11
कटोरों	13	13	11	13	EXO 24:6
कट्टर	0	0	0	2	extra_words.txt
कठघरे	1	1	1	1	EZK 19:9
कठिन	68	68	25	72	GEN 5:29
कठिनाइयों	1	1	1	5	ECC 7:18
कठिनाई	6	6	3	4	LUK 9:39
कठिया	2	2	2	3	EXO 9:32
कठिये	1	1	1	0	ISA 28:25
कठोर	49	49	21	67	EXO 7:3
कठोरता	21	21	13	24	GEN 42:7
कठोरतापूर्वक	0	0	0	1	extra_words.txt
कठौतियों	2	2	1	2	EXO 8:3
कठौती	2	2	1	0	DEU 28:5
कठौतों	3	3	2	3	GEN 30:38
कड़क	2	2	2	3	1SA 7:10
कड़कनेवाली	1	1	1	1	JOB 38:25
कड़काकर	1	1	1	1	PSA 144:6
कड़वा	10	10	5	14	NUM 5:18
कड़वाहट	7	7	5	9	JOB 9:18
कड़वी	7	7	5	7	PRO 27:7
कड़वे	8	8	6	13	EXO 12:8
कड़ा	5	5	3	6	PRO 13:15
कड़ाई	7	7	5	7	1KI 2:8
कड़ाड़े	3	3	3	2	MAT 8:32
कड़ापन	1	1	1	1	DAN 2:41
कड़ाही	1	1	1	3	1SA 2:14
कड़ियाँ	19	19	8	19	EXO 26:37
कड़ियों	13	13	4	13	EXO 28:23
कड़ी	16	16	15	20	GEN 18:1
कड़ुआ	1	1	1	0	JOB 27:2
कड़ुवा	1	1	1	0	PSA 73:21
कड़ुवाहट	1	1	1	0	JOB 7:11
कड़ुवे	1	1	1	0	DEU 32:32
कड़े	20	20	4	20	EXO 25:12
कड़ों	7	7	2	7	EXO 25:14
कढ़वाए	1	1	1	1	2CH 3:14
कढ़ाई	11	11	1	13	EXO 26:1
कढ़ाही	2	2	1	0	LEV 2:7
कढ़े	1	1	1	2	PSA 45:13
कणों	1	1	1	1	ISA 48:19
कण्ठ	3	3	2	3	PSA 115:7
कण्ठमाला	3	3	1	3	DAN 5:7
कण्ठस्थ	1	1	1	1	MAL 2:6
कण्डों	1	1	1	0	EZK 4:12
कतर	3	3	1	3	1SA 25:2
कतरना	1	1	1	1	DEU 15:19
कतरने	4	4	3	4	GEN 31:19
कतरनेवालों	3	3	3	3	GEN 38:12
कतरवाया	1	1	1	1	2SA 13:23
कतरा	2	2	2	2	DEU 18:4
कतराकर	2	2	1	2	LUK 10:31
कतराने	1	1	1	1	GEN 38:13
कतरी	1	1	1	1	SNG 4:2
कतार	1	1	1	1	SNG 5:12
कतूरा	4	4	2	5	GEN 25:1
कत्तात	1	1	1	1	JOS 19:15
कथन	1	1	1	4	1KI 8:56
कथनानुसार	0	0	0	1	extra_words.txt
कथा	12	12	8	15	2CH 13:22
कद	1	1	1	2	1SA 16:7
कदम	1	1	1	6	2SA 6:13
कदमिएल	1	1	1	0	EZR 2:40
कदमीएल	7	7	2	8	EZR 3:9
कदमों	1	1	1	1	PSA 56:6
कदमोनियों	1	1	1	1	GEN 15:19
कदाचित	3	3	3	0	1KI 18:5
कदाचित्	19	19	7	20	GEN 18:24
कदापि	27	27	13	28	DEU 7:26
कदेमोत	4	4	3	5	DEU 2:26
कदोर्लाओमेर	5	5	1	5	GEN 14:1
कनखा	2	2	1	2	EZK 17:6
कनखाएँ	1	1	1	1	EZK 17:8
कनखाओं	1	1	1	1	EZK 17:22
कनज	7	7	2	7	GEN 36:11
कनजी	7	7	3	7	NUM 32:12
कनत	1	1	1	0	1CH 2:23
कनन्याह	3	3	1	3	1CH 15:22
कनपटी	3	3	1	3	JDG 4:21
कनात	6	6	2	7	EXO 27:18
कनातें	1	1	1	1	JER 10:20
कनान	90	90	12	121	GEN 9:18
कनाना	5	5	3	5	1KI 22:11
कनानियों	38	38	12	48	GEN 10:18
कनानी	40	40	10	44	GEN 12:6
कनिज्जियों	1	1	1	1	GEN 15:19
कनिदुस	1	1	1	1	ACT 27:7
कन्ठ	1	1	1	0	PRO 1:9
कन्दाके	1	1	1	1	ACT 8:27
कन्धा	4	4	4	0	NUM 6:19
कन्धे	16	16	8	0	GEN 21:14
कन्धों	17	17	10	0	GEN 9:23
कन्ने	1	1	1	1	EZK 27:23
कन्या	40	40	16	43	GEN 24:14
कन्याओं	1	1	1	1	EXO 22:17
कपट	22	22	17	21	EXO 8:29
कपटपूर्ण	0	0	0	1	extra_words.txt
कपटरहित	1	1	1	1	1TI 1:5
कपटरूपी	1	1	1	1	LUK 12:1
कपटियो	4	4	2	0	MAT 15:7
कपटियों	5	5	3	9	PSA 26:4
कपटी	11	11	3	13	PSA 109:2
कपड़ा	31	31	11	29	GEN 9:23
कपड़े	141	141	27	146	EXO 26:1
कपड़ों	9	9	7	10	EXO 12:34
कपरम्मोनी	1	1	1	1	JOS 18:24
कपीर	1	1	1	0	NEH 7:29
कपीरा	3	3	2	4	JOS 9:17
कपोल	2	2	1	2	SNG 4:3
कप्तान	1	1	1	1	ACT 27:11
कप्तोर	3	3	3	3	DEU 2:23
कप्तोरियों	1	1	1	1	DEU 2:23
कप्तोरी	2	2	2	2	GEN 10:14
कप्पदुकिया	1	1	1	0	1PE 1:1
कप्पदूकिया	1	1	1	2	ACT 2:9
कफन	2	2	1	2	JHN 11:44
कफरनहूम	16	16	4	19	MAT 4:13
कब	106	106	28	114	GEN 19:33
कबजेल	1	1	1	0	1CH 11:22
कबर	29	29	10	0	GEN 50:5
कबरें	7	7	2	0	NEH 2:3
कबरों	7	7	4	0	2KI 23:6
कबसेल	1	1	1	2	JOS 15:21
कबसेलवासी	1	1	1	1	2SA 23:20
कबार	8	8	1	8	EZK 1:1
कबूतर	12	12	7	11	GEN 15:9
कबूतरी	19	19	5	19	GEN 8:8
कबूतरों	6	6	5	7	LEV 1:14
कबूल	1	1	1	1	1KI 9:13
कब्जा	0	0	0	2	extra_words.txt
कब्जे	1	1	1	2	1KI 7:50
कब्बोन	1	1	1	1	JOS 15:40
कब्र	58	58	16	126	GEN 23:15
कब्रिस्तान	16	16	6	22	GEN 23:4
कब्रें	8	8	4	15	EXO 14:11
कब्रों	9	9	4	19	MAT 8:28
कभी	347	347	50	372	GEN 2:17
कम	45	45	17	72	GEN 24:55
कमजोर	0	0	0	3	extra_words.txt
कमजोरी	0	0	0	1	extra_words.txt
कमर	89	89	26	110	GEN 37:34
कमरबन्द	5	5	3	19	EXO 28:4
कमरे	1	1	1	1	JOL 2:16
कमरें	1	1	1	0	LUK 12:35
कमरों	2	2	2	1	1CH 9:33
कमल	2	2	1	2	JOB 40:21
कमा	2	2	2	2	ACT 16:16
कमाई	40	40	17	36	DEU 23:18
कमाऊँगा	1	1	1	1	GEN 27:12
कमाए	4	4	1	4	MAT 25:16
कमाएँगे	1	1	1	0	JAS 4:13
कमाकर	1	1	1	1	JER 48:36
कमाता	2	2	2	3	PRO 11:18
कमाते	1	1	1	1	REV 18:17
कमाने	1	1	1	1	1TH 4:11
कमाया	2	2	2	3	MIC 1:7
कमी	2	2	2	21	EST 6:10
कमीज़	0	0	0	1	extra_words.txt
कमूएल	3	3	3	3	GEN 22:21
कमोश	8	8	5	10	NUM 21:29
कम्पकपाऊँगा	1	1	1	0	HAG 2:7
कम्पन	0	0	0	1	extra_words.txt
कम्पाऊँगा	1	1	1	0	HAG 2:21
कम्पायमान	1	1	1	1	ISA 24:19
कम्पित	3	3	2	2	ISA 2:19
कम्बल	5	5	5	6	GEN 25:25
कर	2495	2495	63	2573	GEN 1:28
करके	1276	1276	60	1414	GEN 1:27
करघा	0	0	0	2	extra_words.txt
करछे	4	4	4	4	NUM 4:14
करछों	3	3	3	3	EXO 38:3
करता	1513	1513	62	1837	GEN 2:2
करती	145	145	42	202	GEN 16:2
करतीं	3	3	3	0	PSA 65:13
करते	1065	1065	59	1206	GEN 5:29
करधनी	0	0	0	1	extra_words.txt
करना	799	799	54	1028	GEN 6:18
करनी	35	35	20	44	GEN 4:7
करने	1415	1415	60	1723	GEN 1:14
करनेवाला	137	137	43	162	GEN 19:14
करनेवालियों	1	1	1	1	JER 9:17
करनेवाली	38	38	21	51	EXO 22:18
करनेवाले	187	187	42	217	EXO 12:23
करनेवालो	11	11	7	0	NUM 20:10
करनेवालों	94	94	35	123	EXO 7:11
करनेहारा	2	2	2	0	EXO 31:13
करनेहारी	1	1	1	0	JER 25:38
करपुस	1	1	1	1	2TI 4:13
करवट	5	5	1	5	EZK 4:4
करवटें	1	1	1	1	PRO 26:14
करवा	3	3	3	4	1KI 16:13
करवाई	3	3	2	4	EXO 1:13
करवाऊँगा	1	1	1	1	EXO 3:21
करवाए	4	4	2	7	1KI 15:30
करवाएँ	1	1	1	1	EXO 34:16
करवाएँगी	1	1	1	1	DEU 7:4
करवाएँगे	1	1	1	1	JER 27:7
करवाकर	5	5	4	10	1KI 15:20
करवाके	2	2	2	0	NUM 1:18
करवाता	2	2	2	9	MAT 5:32
करवाती	1	1	1	4	2CO 9:11
करवाते	2	2	2	3	EXO 1:14
करवाना	1	1	1	3	LEV 25:39
करवाने	5	5	4	6	LEV 14:21
करवानेवाले	0	0	0	1	extra_words.txt
करवानेवालों	1	1	1	1	EXO 5:6
करवाया	13	13	6	20	EXO 36:6
करा	30	30	20	31	GEN 17:11
कराई	25	25	10	25	GEN 34:30
कराईं	1	1	1	1	2CH 33:19
कराऊँ	3	3	3	3	EXO 20:24
कराऊँगा	11	11	5	10	2SA 12:12
कराए	15	15	11	15	EXO 12:48
कराएँ	4	4	4	4	EXO 23:33
कराएँगे	2	2	1	2	JER 25:14
कराएगा	5	5	5	5	JOB 8:21
कराओ	2	2	2	3	NUM 31:3
कराओगे	3	3	3	3	GEN 34:17
कराकर	3	3	2	4	2KI 9:2
कराके	7	7	5	6	GEN 40:3
कराता	9	9	8	16	1KI 16:2
कराती	1	1	1	4	EZK 23:21
कराते	3	3	3	3	1SA 2:24
करान	2	2	2	2	GEN 36:26
कराना	3	3	3	7	GEN 29:15
कराने	15	15	11	19	NUM 13:30
करानेवाला	3	3	3	6	NUM 5:15
करानेवाली	2	2	2	3	EXO 13:9
करानेवाले	8	8	6	6	EXO 5:13
करानेवालों	6	6	2	8	EXO 1:11
कराया	44	44	17	50	GEN 50:10
कराह	0	0	0	1	extra_words.txt
कराहता	4	4	2	4	PSA 38:8
कराहती	4	4	2	4	LAM 1:8
कराहते	19	19	8	9	JOB 24:12
कराहना	7	7	4	9	EXO 2:24
कराहने	3	3	2	3	JOB 23:2
कराहेंगे	1	1	1	1	EZK 26:15
कराहेगा	1	1	1	1	EZK 30:24
करिय्योत	3	3	2	4	JER 48:24
करिय्योथेस्रोन	1	1	1	1	JOS 15:25
करीत	2	2	1	2	1KI 17:3
करुण	1	1	1	0	MAT 2:18
करुणा	177	177	24	190	GEN 21:23
करुणानिधान	4	4	3	4	PSA 144:2
करुणामय	14	14	8	18	EXO 22:27
करूँ	162	162	38	170	GEN 18:27
करूँगा	621	621	45	641	GEN 3:15
करूँगी	9	9	7	11	GEN 29:35
करूब	45	45	9	49	EXO 25:18
करूबों	42	42	12	47	GEN 3:24
करे	768	768	58	843	GEN 2:15
करें	514	514	53	589	GEN 1:18
करेंगी	23	23	13	28	LEV 10:15
करेंगे	326	326	43	351	GEN 11:6
करेगा	560	560	52	648	GEN 3:14
करेगी	47	47	19	49	GEN 3:16
करेतियों	7	7	5	7	1SA 30:14
करेती	3	3	2	3	2SA 15:18
करैत	3	3	3	3	JOB 20:16
करैतों	1	1	1	1	MAT 23:33
करो	737	737	54	790	GEN 19:7
करोगे	63	63	23	67	EXO 3:12
करोड़	1	1	1	1	REV 9:16
करोड़ों	1	1	1	1	REV 5:11
कर्कट	1	1	1	0	LAM 3:45
कर्कमीश	3	3	3	3	2CH 35:20
कर्कस	1	1	1	1	EST 1:10
कर्काआ	1	1	1	1	JOS 15:3
कर्कोर	1	1	1	1	JDG 8:10
कर्ज	4	4	3	10	HAB 2:7
कर्जदार	5	5	2	8	2KI 4:1
कर्तव्य	4	4	4	10	EXO 12:47
कर्ता	24	24	8	31	EXO 15:11
कर्तान	1	1	1	1	JOS 21:32
कर्त्ता	0	0	0	2	extra_words.txt
कर्धनी	1	1	1	0	ISA 3:24
कर्म	22	22	14	26	LEV 7:18
कर्मचारियों	110	110	14	114	GEN 20:8
कर्मचारी	58	58	15	58	GEN 45:16
कर्मियों	1	1	1	1	NUM 26:6
कर्मी	4	4	2	8	NUM 26:6
कर्मेल	17	17	8	22	JOS 12:22
कर्मेली	6	6	3	7	1SA 27:3
कर्मों	17	17	7	20	1KI 16:26
कर्म्मी	4	4	3	0	GEN 46:9
कर्म्मेल	4	4	3	0	AMO 1:2
कर्म्मेली	1	1	1	0	2SA 23:35
कर्शना	1	1	1	1	EST 1:14
कल	67	67	24	67	GEN 19:34
कलंक	7	7	7	10	DEU 32:5
कलंकित	2	2	2	2	PRO 9:7
कलकोल	2	2	2	2	1KI 4:31
कलने	2	2	2	2	GEN 10:10
कलनो	1	1	1	1	ISA 10:9
कलपते	2	2	1	0	REV 18:15
कलपेंगे	1	1	1	0	REV 18:11
कलम	2	2	2	2	ISA 17:10
कलमद	1	1	1	1	EZK 27:23
कलश	1	1	1	1	ISA 54:12
कलह	1	1	1	5	EPH 4:31
कलाकार	0	0	0	1	extra_words.txt
कलाल	1	1	1	1	EZR 10:30
कलियाँ	7	7	3	10	GEN 40:10
कलियें	2	2	1	0	SNG 6:11
कलीता	3	3	2	3	EZR 10:23
कलीसिया	80	80	17	186	MAT 16:18
कलीसियाएँ	4	4	3	6	ACT 16:5
कलीसियाओं	27	27	7	36	ACT 15:41
कलूब	2	2	1	2	1CH 4:11
कलूबै	1	1	1	1	1CH 2:9
कलूही	1	1	1	1	EZR 10:35
कलेजा	4	4	4	5	PRO 7:23
कलेजे	12	12	3	12	EXO 29:13
कलोर	9	9	6	0	GEN 15:9
कलोल	1	1	1	1	JOB 40:20
कल्पना	24	24	14	31	DEU 31:21
कल्पनाएँ	22	22	7	25	JOB 5:12
कल्पनाओं	6	6	4	6	PSA 33:10
कल्याण	38	38	16	43	GEN 12:13
कल्लै	1	1	1	1	NEH 12:20
कवच	2	2	2	6	1SA 17:6
कविता	0	0	0	2	extra_words.txt
कविताओं	0	0	0	1	extra_words.txt
कवियों	1	1	1	1	ACT 17:28
कष्ट	36	36	19	62	EXO 18:8
कष्टदाई	1	1	1	0	ZEC 10:11
कष्टदायक	0	0	0	3	extra_words.txt
कष्टों	2	2	2	33	1SA 10:19
कस	5	5	5	4	LEV 8:7
कसकर	6	6	6	7	GEN 22:3
कसता	1	1	1	1	PSA 105:19
कसती	1	1	1	1	PRO 31:17
कसदियों	71	71	10	73	GEN 11:28
कसदी	20	20	7	20	2KI 25:4
कसने	1	1	1	1	EXO 39:5
कसलूहियों	1	1	1	1	GEN 10:14
कसलूही	2	2	2	2	GEN 10:14
कसवाकर	1	1	1	1	2SA 19:26
कसा	3	3	3	4	1SA 2:4
कसाइयों	0	0	0	1	extra_words.txt
कसाई	2	2	2	1	PSA 44:11
कसालोन	1	1	1	1	JOS 15:10
कसी	3	3	3	3	1SA 17:39
कसीआ	1	1	1	1	JOB 42:14
कसीतों	1	1	1	1	GEN 33:19
कसील	1	1	1	1	JOS 15:30
कसुल्लोत	1	1	1	1	JOS 19:18
कसूँगा	1	1	1	1	ISA 45:5
कसे	5	5	4	5	JDG 19:10
कसेंगे	1	1	1	1	EZK 7:18
कसो	5	5	1	5	ISA 8:9
कसौटी	2	2	1	3	PSA 105:19
कस्साइयों	1	1	1	0	1CO 10:25
कह	433	433	45	432	GEN 4:25
कहकर	264	264	41	296	GEN 5:29
कहके	14	14	10	0	GEN 1:22
कहता	978	978	54	1030	GEN 18:5
कहती	51	51	22	53	GEN 24:57
कहतीं	1	1	1	0	PRO 30:15
कहते	267	267	48	278	GEN 27:6
कहना	148	148	33	158	GEN 12:13
कहनी	7	7	6	8	EXO 19:6
कहने	470	470	43	525	GEN 11:3
कहनेवाला	2	2	2	3	DEU 13:5
कहनेवाली	1	1	1	1	ACT 16:16
कहनेवाले	8	8	8	8	NUM 21:27
कहनेवालों	11	11	8	17	DEU 18:14
कहलवा	1	1	1	1	1SA 28:8
कहलवाया	5	5	3	6	1SA 28:17
कहला	91	91	22	86	GEN 37:32
कहलाई	1	1	1	1	ISA 65:1
कहलाऊँ	2	2	1	2	LUK 15:19
कहलाए	6	6	5	8	LEV 25:10
कहलाएँ	4	4	3	4	GEN 48:16
कहलाएँगे	5	5	5	5	ISA 4:3
कहलाएगा	21	21	10	23	GEN 21:12
कहलाएगी	10	10	4	10	ISA 1:26
कहलाओगे	1	1	1	2	ISA 61:6
कहलाकर	1	1	1	1	1CO 5:11
कहलाता	103	103	27	112	GEN 14:2
कहलाती	13	13	9	14	GEN 14:17
कहलाते	9	9	9	9	JDG 10:4
कहलाना	3	3	1	3	MAT 23:7
कहलाने	4	4	3	5	PRO 30:2
कहलाया	8	8	7	9	GEN 38:25
कहा	4014	4014	55	4092	GEN 1:3
कहाँ	204	204	40	215	GEN 3:9
कहात	20	20	4	20	GEN 46:11
कहातवाले	1	1	1	0	NUM 3:30
कहातियों	22	22	4	25	NUM 3:27
कहाती	4	4	3	4	NUM 4:15
कहानियों	5	5	4	5	1TI 1:4
कहानी	1	1	1	10	LUK 24:11
कहावत	15	15	7	21	GEN 10:9
कही	85	85	29	95	GEN 45:27
कहीं	243	243	44	239	GEN 19:19
कहूँ	47	47	20	47	GEN 18:30
कहूँगा	35	35	18	36	GEN 18:32
कहूँगी	2	2	2	2	1KI 2:18
कहे	149	149	33	155	GEN 21:12
कहें	65	65	20	66	GEN 44:16
कहेंगी	8	8	7	9	GEN 30:13
कहेंगे	62	62	26	61	GEN 12:12
कहेगा	61	61	26	62	GEN 43:7
कहेगी	13	13	5	12	RUT 3:11
कहेलाता	2	2	1	2	NUM 33:22
कहो	96	96	25	101	GEN 24:49
कहोगी	1	1	1	1	EZK 13:23
कहोगे	9	9	6	10	JOB 13:7
क़ब्र	22	22	7	0	GEN 23:6
क़ब्रिस्तान	4	4	2	0	GEN 23:9
क़ब्रों	2	2	2	0	GEN 23:6
क़र्ज	6	6	1	0	MAT 18:25
क़र्जदार	2	2	1	0	MAT 18:24
क़ाफ	1	1	1	2	PSA 119:80
क़ाफ़	1	1	1	0	PSA 119:144
क़िला	1	1	1	0	2SA 22:33
क़ैद	1	1	1	0	GEN 41:10
क़ैदी	2	2	1	0	ACT 16:25
का	9905	9905	65	13050	GEN 1:2
काँखों	1	1	1	0	JER 38:12
काँच	6	6	2	7	JOB 28:17
काँटा	5	5	4	6	1SA 2:13
काँटे	11	11	9	13	GEN 3:18
काँटेवाले	2	2	2	2	ISA 5:5
काँटों	17	17	14	18	EXO 22:6
काँधे	1	1	1	3	ISA 9:6
काँप	36	36	11	38	EXO 15:14
काँपकर	2	2	2	2	EXO 20:18
काँपता	4	4	4	4	DEU 28:65
काँपती	6	6	5	6	PRO 30:21
काँपते	16	16	10	16	GEN 27:33
काँपने	3	3	2	3	JOB 9:6
काँपी	1	1	1	1	PSA 77:18
काँपेंगे	3	3	3	4	DEU 2:25
काँपेगी	1	1	1	1	AMO 8:8
कांसों	2	2	1	2	EXO 2:3
कांस्य	0	0	0	1	extra_words.txt
काइफा	7	7	2	0	MAT 26:3
काई	4	4	2	5	MAT 6:19
काग	2	2	2	2	LEV 11:15
कागज	2	2	2	2	ISA 34:4
काज	29	29	11	0	GEN 39:11
काजी	5	5	1	0	PRO 10:4
काट	86	86	27	89	EXO 4:25
काटकर	27	27	15	24	EXO 39:3
काटता	8	8	4	9	PRO 23:32
काटते	5	5	5	7	JOB 4:8
काटना	9	9	6	10	EXO 29:17
काटने	19	19	15	19	GEN 8:22
काटनेवाला	3	3	1	3	JHN 4:36
काटनेवाले	8	8	4	8	1KI 5:15
काटनेवालों	2	2	2	2	JER 46:22
काटा	20	20	18	20	GEN 45:6
काटी	6	6	6	7	JOS 6:11
काटीं	1	1	1	0	ISA 21:8
काटूँ	1	1	1	1	1CO 16:6
काटूँगा	1	1	1	1	REV 3:5
काटे	14	14	12	16	LEV 19:9
काटें	3	3	3	3	ACT 27:12
काटेंगे	5	5	4	7	2CH 2:10
काटेगा	6	6	3	7	PRO 22:8
काटो	3	3	1	3	LEV 19:9
काटोगे	1	1	1	1	ROM 8:13
काठ	41	41	20	40	EXO 7:19
काठियाँ	1	1	1	1	GEN 24:32
काठी	13	13	6	14	GEN 22:3
काढ़ने	1	1	1	2	EXO 35:35
काढ़नेवाला	1	1	1	1	EXO 38:23
काढ़ा	3	3	1	3	EXO 28:8
काढ़े	13	13	4	13	EXO 28:27
कात	1	1	1	0	EXO 35:25
कातकर	1	1	1	0	EXO 35:25
कातते	2	2	2	0	MAT 6:28
काते	2	2	1	2	EXO 35:25
कादेश	18	18	6	18	GEN 14:7
कादेशबर्ने	10	10	3	10	NUM 32:8
कान	187	187	36	194	GEN 4:23
काना	9	9	4	11	JOS 16:8
कानाफूसी	5	5	2	5	PSA 41:7
कानून	3	3	2	4	EST 1:19
कानों	38	38	20	41	GEN 35:4
काफिलेवालों	1	1	1	1	JOB 6:19
काफी	0	0	0	1	extra_words.txt
काबू	0	0	0	1	extra_words.txt
काबूल	1	1	1	1	JOS 19:27
काम	1348	1348	60	1475	GEN 2:2
कामदार	1	1	1	1	EXO 27:16
कामना	3	3	2	6	PSA 78:29
कामनाओं	1	1	1	1	ROM 1:26
कामातुर	4	4	4	4	ISA 57:5
कामिनियाँ	1	1	1	1	ECC 2:8
कामुक	0	0	0	1	extra_words.txt
कामुकता	2	2	1	0	NUM 11:4
कामों	327	327	52	363	GEN 32:10
कामोन	1	1	1	1	JDG 10:5
कायरता	1	1	1	1	LEV 26:36
कायरों	1	1	1	0	1TH 5:14
कार	1	1	1	0	REV 7:10
कारण	1657	1657	62	1868	GEN 1:14
कारणों	2	2	2	3	LAM 2:22
कारबार	1	1	1	1	TIT 2:5
कारागार	2	2	1	12	GEN 39:22
कारावास	0	0	0	3	extra_words.txt
कारीगर	20	20	12	23	EXO 38:23
कारीगरी	14	14	8	14	EXO 31:4
कारीगरों	15	15	9	15	1KI 5:18
कारेह	13	13	1	14	JER 40:8
कारेहू	1	1	1	0	2KI 25:23
कार्मेल	1	1	1	0	JOS 19:26
कार्य	45	45	24	104	GEN 24:12
कार्यकर्ता	0	0	0	1	extra_words.txt
कार्यकारी	1	1	1	4	ROM 3:25
कार्यक्रम	1	1	1	2	PSA 64:9
कार्यबल	0	0	0	1	extra_words.txt
कार्यभार	0	0	0	1	extra_words.txt
कार्यवाही	0	0	0	1	extra_words.txt
कार्यसाधक	0	0	0	1	extra_words.txt
कार्यान्वित	0	0	0	2	extra_words.txt
कार्यों	9	9	5	19	EXO 31:3
काल	47	47	24	31	DEU 32:40
कालकोठरियों	1	1	1	1	ISA 42:22
कालकोठरी	1	1	1	2	ISA 42:7
कालह	2	2	1	2	GEN 10:11
काला	27	27	12	26	2SA 19:5
कालिब	4	4	1	0	NUM 14:6
काली	14	14	9	14	GEN 30:32
काले	18	18	10	13	GEN 30:40
कालेब	32	32	6	41	NUM 13:6
कालेबवंशी	1	1	1	1	1SA 25:3
कालों	3	3	3	3	2CH 36:21
काल्पनिक	0	0	0	1	extra_words.txt
काश	2	2	1	2	SNG 2:6
काश्तकारी	1	1	1	1	2KI 25:12
कासिप्या	2	2	1	3	EZR 8:17
काहे	1	1	1	0	JDG 16:13
कि	6960	6960	66	8122	GEN 1:4
किंख्रिया	2	2	2	2	ACT 18:18
किए	513	513	53	593	GEN 2:2
किक्कार	48	48	8	49	EXO 25:39
कितना	15	15	12	18	GEN 34:12
कितनी	27	27	15	28	NUM 32:41
कितने	51	51	24	78	GEN 30:30
कितनों	18	18	14	40	NUM 21:1
कितलीश	1	1	1	1	JOS 15:40
कित्तियों	6	6	5	6	NUM 24:24
कित्ती	2	2	2	2	GEN 10:4
कित्रोन	1	1	1	1	JDG 1:30
किद्रोन	11	11	6	13	2SA 15:23
किधर	12	12	9	12	GEN 37:30
किन	4	4	3	5	MAT 17:25
किनके	1	1	1	1	NUM 23:10
किनकों	23	23	14	9	GEN 13:16
किनसे	1	1	1	0	HEB 3:18
किनारा	7	7	6	6	EXO 36:32
किनारे	98	98	25	85	GEN 41:1
किनारेवाले	2	2	2	1	DEU 3:12
किनारों	5	5	3	3	EXO 25:32
किन्तु	19	19	5	20	DEU 1:26
किन्नेरेत	7	7	4	7	NUM 34:11
किबसैम	1	1	1	1	JOS 21:22
किब्रोतहत्तावा	1	1	1	5	DEU 9:22
किब्रोथत्तावा	4	4	1	0	NUM 11:34
किम्हाम	4	4	2	4	2SA 19:37
किया	2802	2802	62	3291	GEN 1:4
किये	13	13	9	0	EXO 26:31
किरण	0	0	0	3	extra_words.txt
किरणें	6	6	3	7	EXO 34:29
किरणों	2	2	2	2	PSA 139:9
किराएदार	0	0	0	1	extra_words.txt
किराये	3	3	2	5	1CH 19:6
किरिया	1	1	1	0	MAL 3:5
किर्यत	1	1	1	1	JOS 18:28
किर्यतबाल	2	2	1	2	JOS 15:60
किर्यतर्बा	9	9	4	0	GEN 23:2
किर्यतारीम	1	1	1	0	EZR 2:25
किर्यत्यारीम	18	18	7	20	JOS 9:17
किर्यत्सन्ना	1	1	1	1	JOS 15:49
किर्यत्सेपेर	4	4	2	4	JOS 15:15
किर्यथूसोत	1	1	1	1	NUM 22:39
किर्यातैम	5	5	5	6	NUM 32:37
किर्य्यातैम	1	1	1	0	JER 48:23
किला	5	5	4	7	JER 49:16
किलाब	1	1	1	1	2SA 3:3
किलिकिया	8	8	2	8	ACT 6:9
किले	10	10	7	10	1KI 21:23
किलों	6	6	6	6	NUM 13:19
किलोमीटर	0	0	0	3	extra_words.txt
किल्योन	3	3	1	3	RUT 1:2
किवाड़	22	22	13	26	GEN 19:6
किवाड़ें	1	1	1	1	JOB 38:10
किवाड़ों	11	11	8	11	JDG 3:24
किशमिश	7	7	4	8	1SA 25:18
किशोन	1	1	1	0	1KI 18:40
किश्योन	2	2	1	2	JOS 19:20
किस	176	176	38	159	GEN 21:26
किसका	19	19	10	23	GEN 32:17
किसकी	13	13	8	22	GEN 24:23
किसके	26	26	15	37	GEN 32:17
किसको	10	10	7	17	EXO 33:12
किसने	71	71	22	79	GEN 3:11
किसपर	7	7	0	0	OV bigram
किसमें	1	1	0	0	OV bigram
किसलेव	2	2	2	2	NEH 1:1
किसलोत्ताबोर	1	1	1	1	JOS 19:12
किसलोन	1	1	1	1	NUM 34:21
किससे	9	9	5	0	ISA 40:14
किसान	9	9	7	15	GEN 4:2
किसानी	3	3	3	3	GEN 9:20
किसानो	1	1	1	0	JOL 1:11
किसानों	17	17	4	21	AMO 5:16
किसी	1028	1028	58	1165	GEN 3:1
किसे	2	2	2	3	EXO 22:27
की	12102	12102	66	15071	GEN 1:1
कीं	56	56	26	3	GEN 34:3
कीच	10	10	6	10	JOB 40:21
कीचड़	6	6	6	7	2SA 22:43
कीजिए	1	1	1	1	GEN 19:2
कीड़ा	10	10	6	10	JOB 13:28
कीड़े	20	20	12	22	EXO 16:20
कीड़ों	2	2	2	4	JOB 7:5
कीदोन	1	1	1	0	1CH 13:9
कीना	1	1	1	1	JOS 15:22
कीमत	0	0	0	4	extra_words.txt
कीमती	0	0	0	1	extra_words.txt
कीर	5	5	3	5	2KI 16:9
कीरहरासत	1	1	1	2	ISA 16:7
कीरहैरेस	1	1	1	0	ISA 16:11
कीर्तन	2	2	2	1	PSA 57:7
कीर्ति	23	23	12	25	GEN 6:4
कीर्हरेशेत	1	1	1	0	2KI 3:25
कीर्हेरेस	2	2	1	0	JER 48:31
कील	3	3	3	4	JOB 41:2
कीला	18	18	4	20	JOS 15:44
कीलें	1	1	1	1	NUM 33:55
कीलों	6	6	5	6	1CH 22:3
कीश	22	22	6	22	1SA 9:1
कीशी	2	2	1	2	1CH 6:44
कीशोन	5	5	2	6	JDG 4:7
कुँओं	2	2	1	0	DEU 2:6
कुँवारपन	1	1	1	0	EZK 23:3
कुँवारियाँ	6	6	4	6	DEU 32:25
कुँवारियों	4	4	3	5	EST 2:3
कुँवारी	27	27	16	31	LEV 21:3
कुँवारीपन	4	4	1	4	DEU 22:15
कुँवारे	2	2	2	2	DEU 32:25
कुँवारेपन	2	2	1	4	JDG 11:37
कुंज	0	0	0	1	extra_words.txt
कुंजियाँ	2	2	2	0	MAT 16:19
कुंजी	6	6	4	0	JDG 3:25
कुंड	6	6	3	0	PSA 43:4
कुआँ	10	10	4	13	GEN 16:14
कुएँ	30	30	8	36	GEN 16:14
कुओं	2	2	2	5	GEN 26:15
कुकर्म	50	50	15	51	GEN 26:10
कुकर्मियो	1	1	1	0	PSA 119:115
कुकर्मियों	14	14	6	15	PSA 22:16
कुकर्मी	13	13	9	14	PSA 37:9
कुकर्मों	2	2	2	2	1SA 2:23
कुचल	7	7	6	11	GEN 3:15
कुचलकर	1	1	1	2	LUK 9:39
कुचलवा	1	1	1	0	ROM 16:20
कुचला	1	1	1	4	ISA 53:5
कुचली	2	2	2	2	JER 14:17
कुचले	9	9	7	11	LEV 22:24
कुचलेगा	1	1	1	2	PSA 91:13
कुचाल	1	1	1	1	PSA 107:17
कुचैले	2	2	2	2	ISA 30:22
कुछ	1713	1713	63	1851	GEN 1:31
कुटकियाँ	6	6	2	6	EXO 8:16
कुटकियों	0	0	0	1	extra_words.txt
कुटिल	34	34	11	34	2SA 3:34
कुटिलता	28	28	15	30	LEV 19:15
कुटिला	1	1	1	2	1SA 20:30
कुटिलों	2	2	1	3	JOB 16:11
कुटुंबी	1	1	1	0	JOB 19:14
कुटुम्ब	8	8	6	10	GEN 14:14
कुटुम्बिनी	6	6	2	6	LEV 18:6
कुटुम्बियों	16	16	10	16	GEN 12:1
कुटुम्बी	21	21	7	24	GEN 24:48
कुठाली	2	2	1	3	PRO 17:3
कुड़कुड़ा	1	1	1	0	MAT 20:11
कुड़कुड़ाऊँगा	1	1	1	0	JOB 10:1
कुड़कुड़ाए	5	5	5	0	PSA 106:25
कुड़कुड़ाओ	2	2	2	0	JHN 6:43
कुड़कुड़ाकर	2	2	1	0	LUK 15:2
कुड़कुड़ाता	1	1	1	0	JOB 7:11
कुड़कुड़ाते	2	2	2	0	ISA 29:24
कुड़कुड़ाने	6	6	6	0	NUM 14:36
कुड़कुड़ानेवाले	1	1	1	0	JUD 1:16
कुड़कुड़ाहट	1	1	1	0	JOB 23:2
कुडौल	4	4	1	4	GEN 41:19
कुढ़	7	7	4	4	JOB 21:25
कुढ़कर	1	1	1	0	JOB 21:25
कुढ़कुढ़कर	0	0	0	1	extra_words.txt
कुढ़कुढ़ा	0	0	0	2	extra_words.txt
कुढ़कुढ़ाऊँगा	0	0	0	1	extra_words.txt
कुढ़कुढ़ाओ	0	0	0	2	extra_words.txt
कुढ़कुढ़ाकर	0	0	0	2	extra_words.txt
कुढ़कुढ़ाता	0	0	0	1	extra_words.txt
कुढ़कुढ़ाते	0	0	0	2	extra_words.txt
कुढ़कुढ़ाना	0	0	0	2	extra_words.txt
कुढ़कुढ़ानेवाले	0	0	0	1	extra_words.txt
कुढ़कुढ़ाया	0	0	0	1	extra_words.txt
कुढ़कुढ़ाहट	0	0	0	2	extra_words.txt
कुढ़ता	1	1	1	1	1SA 10:2
कुढ़ते	1	1	1	1	LUK 2:48
कुढ़ना	4	4	1	0	ECC 4:4
कुढ़ाती	1	1	1	1	1SA 1:6
कुढ़ेगा	1	1	1	1	PSA 112:10
कुण्ड	33	33	15	44	DEU 15:14
कुण्डल	1	1	1	1	GEN 35:4
कुण्डों	4	4	4	6	JOB 24:11
कुत्ता	7	7	6	9	EXO 11:7
कुत्ते	25	25	14	28	DEU 23:18
कुत्तों	10	10	7	10	EXO 22:31
कुदाए	1	1	1	1	ISA 66:12
कुदाल	1	1	1	1	ISA 7:25
कुदृष्टि	2	2	2	2	MAT 5:28
कुन्ज	1	1	1	0	SNG 2:14
कुन्डे	3	3	1	0	EXO 27:10
कुन्डों	1	1	1	0	SNG 7:4
कुन्दन	18	18	8	18	1KI 10:18
कुन्दरू	1	1	1	1	EXO 30:34
कुपन्थ	2	2	1	0	ACT 24:5
कुपित	0	0	0	1	extra_words.txt
कुप्पा	2	2	1	1	1SA 10:3
कुप्पियों	2	2	2	2	JOB 32:19
कुप्पी	13	13	6	14	JDG 4:19
कुप्पे	4	4	2	4	JOS 9:4
कुप्पों	1	1	1	2	JOB 38:37
कुप्रभाव	0	0	0	1	extra_words.txt
कुबड़ा	1	1	1	1	LEV 21:20
कुबड़ी	1	1	1	2	LUK 13:11
कुमार	1	1	1	1	LAM 1:18
कुमारियाँ	12	12	7	12	JDG 21:12
कुमारियो	1	1	1	0	PSA 148:12
कुमारियों	2	2	2	3	PSA 78:63
कुमारी	21	21	8	20	GEN 24:16
कुमार्ग	7	7	4	7	PSA 36:4
कुम्हला	7	7	4	7	PSA 6:2
कुम्हलाएगा	1	1	1	1	ISA 24:4
कुम्हलाते	1	1	1	1	NAM 1:4
कुम्हार	22	22	10	26	1CH 4:23
कुरता	4	4	3	0	MAT 5:40
कुरते	5	5	4	0	MAT 10:10
कुरनेलियुस	8	8	1	12	ACT 10:1
कुरबान	1	1	1	2	MRK 7:11
कुरर	2	2	2	2	LEV 11:13
कुरिन्थवासी	1	1	1	0	ACT 18:8
कुरिन्थियो	1	1	1	0	2CO 6:11
कुरिन्थुस	6	6	4	11	ACT 18:1
कुरीतियों	0	0	0	1	extra_words.txt
कुरूप	3	3	1	3	GEN 41:3
कुरेनी	6	6	4	7	MAT 27:32
कुरेने	1	1	1	1	ACT 2:10
कुर्तियों	1	1	1	1	ISA 3:22
कुर्ती	2	2	1	2	2SA 13:18
कुर्ते	2	2	1	7	JDG 14:12
कुर्त्ते	1	1	1	0	JOB 30:18
कुर्सियाँ	38	38	5	38	EXO 26:19
कुर्सियों	7	7	4	7	EXO 26:32
कुर्सी	12	12	4	12	EXO 38:27
कुर्सीदार	1	1	1	1	1KI 6:6
कुल	219	219	23	212	GEN 5:5
कुलनाम	1	1	1	1	ISA 44:5
कुलपति	3	3	2	3	ACT 2:29
कुलपतियों	1	1	1	1	ACT 7:9
कुलवाले	1	1	1	1	EXO 30:33
कुलवालों	1	1	1	1	NUM 4:24
कुलीन	9	9	7	9	2KI 4:8
कुलीनों	2	2	2	2	JOB 31:34
कुलुस्से	1	1	1	7	COL 1:2
कुलो	1	1	1	0	1CH 16:28
कुलों	104	104	11	108	GEN 10:5
कुल्हाड़ा	5	5	5	5	PRO 26:6
कुल्हाड़ियाँ	1	1	1	1	JER 46:22
कुल्हाड़ियों	4	4	4	4	1SA 13:21
कुल्हाड़ी	7	7	5	7	DEU 19:5
कुल्हाड़े	1	1	1	1	PSA 74:5
कुविचार	0	0	0	1	extra_words.txt
कुव्यवहार	1	1	1	1	HOS 10:13
कुशल	123	123	28	124	GEN 15:15
कुशलक्षेम	3	3	3	0	1SA 25:5
कुशलता	2	2	2	3	PSA 78:72
कुश्ती	2	2	2	2	1TI 6:12
कुष्ठ	0	0	0	1	extra_words.txt
कुस्रू	21	21	4	28	2CH 36:22
कुहरा	3	3	3	3	GEN 2:6
कुहरे	4	4	3	4	JOB 36:27
कूआँ	3	3	1	0	JHN 4:6
कूएँ	5	5	5	0	GEN 29:3
कूच	95	95	14	98	GEN 35:5
कूचों	2	2	2	1	2SA 22:43
कूट	5	5	5	5	EXO 27:20
कूटकर	2	2	2	5	2SA 22:43
कूटके	2	2	2	0	EXO 29:40
कूटता	1	1	1	1	1CO 9:27
कूटते	1	1	1	1	NUM 11:8
कूटा	2	2	2	2	2CH 2:10
कूटे	2	2	2	2	LEV 16:12
कूड़ा	4	4	4	6	ISA 5:25
कूड़ा-करकट	0	0	0	1	extra_words.txt
कूड़ाफाटक	4	4	1	0	NEH 2:13
कूत	1	1	1	1	2KI 17:30
कूता	1	1	1	1	2KI 17:24
कूद	1	1	1	1	JHN 21:7
कूदकर	1	1	1	1	ACT 27:43
कूदता	2	2	2	2	SNG 2:8
कूदते	4	4	4	2	2SA 6:16
कूदने	5	5	5	4	LEV 11:21
कूदनेवाला	1	1	1	1	DEU 33:22
कूदोगे	1	1	1	1	MAL 4:2
कून	1	1	1	1	1CH 18:8
कूब	1	1	1	1	EZK 30:5
कूबड़ों	1	1	1	1	ISA 30:6
कूमी	1	1	1	2	MRK 5:41
कूश	25	25	10	29	GEN 2:13
कूशन	4	4	1	4	JDG 3:8
कूशान	1	1	1	1	HAB 3:7
कूशायाह	1	1	1	1	1CH 15:17
कूशियो	1	1	1	0	ZEP 2:12
कूशियों	7	7	5	8	2CH 14:12
कूशी	23	23	7	26	NUM 12:1
कृतघ्न	1	1	1	2	2TI 3:2
कृतज्ञ	1	1	1	0	HEB 12:28
कृतार्थ	7	7	3	7	1KI 22:12
कृति	0	0	0	4	extra_words.txt
कृत्य	0	0	0	4	extra_words.txt
कृत्रिम	0	0	0	1	extra_words.txt
कृपया	3	3	3	1	GEN 37:16
कृपा	55	55	28	52	GEN 19:19
कृपादृष्टि	20	20	10	30	1SA 9:16
कृपामय	1	1	1	0	1PE 3:8
कृपालु	5	5	5	5	EZR 9:9
कृपालुता	1	1	1	1	2CO 6:6
कृषि	0	0	0	2	extra_words.txt
के	31129	31129	66	36021	GEN 1:2
केंचुआ	1	1	1	1	JOB 25:6
केंचुए	1	1	1	1	ISA 14:11
केंद्र	0	0	0	3	extra_words.txt
केदमा	2	2	2	2	GEN 25:15
केदार	12	12	7	13	GEN 25:13
केदेश	12	12	4	12	JOS 12:22
केन	1	1	1	1	NUM 24:22
केनान	8	8	3	8	GEN 5:9
केनियों	6	6	4	7	GEN 15:19
केनी	7	7	3	7	JDG 1:16
केन्द्र	0	0	0	4	extra_words.txt
केन्द्रीय	0	0	0	1	extra_words.txt
केन्द्रों	0	0	0	1	extra_words.txt
केरेन्हप्पूक	1	1	1	1	JOB 42:14
केरोस	2	2	2	2	EZR 2:44
केलायाह	1	1	1	1	EZR 10:23
केवल	261	261	46	347	GEN 7:1
केश	2	2	2	2	1SA 17:35
केशों	1	1	1	1	SNG 1:10
केसर	2	2	2	2	SNG 4:14
केसेद	1	1	1	1	GEN 22:22
कैंचियाँ	2	2	2	2	1KI 7:50
कैंचियों	1	1	1	1	JER 52:18
कैद	24	24	13	29	GEN 40:3
कैदियों	3	3	2	4	ISA 61:1
कैदी	8	8	6	15	GEN 39:20
कैन	23	23	5	27	GEN 4:1
कैफा	11	11	5	22	LUK 3:2
कैसर	30	30	6	34	MAT 22:17
कैसरिया	17	17	3	24	MAT 16:13
कैसा	66	66	33	68	GEN 37:10
कैसी	50	50	26	44	GEN 30:26
कैसे	215	215	45	191	GEN 15:8
को	14254	14254	66	15735	GEN 1:4
कोंपलें	1	1	1	1	LUK 21:30
कोआ	1	1	1	1	EZK 23:23
कोई	1937	1937	64	2039	GEN 2:5
कोएले	2	2	2	2	PSA 18:8
कोख	15	15	9	17	GEN 16:2
कोखों	1	1	1	1	GEN 20:18
कोजबी	3	3	1	3	NUM 25:15
कोज़ेबा	1	1	1	0	1CH 4:22
कोट	3	3	2	3	JER 50:15
कोटों	1	1	1	1	ISA 29:3
कोठरियाँ	32	32	8	36	GEN 6:14
कोठरियों	45	45	10	44	DEU 32:25
कोठरी	62	62	20	64	GEN 43:30
कोठे	2	2	1	2	NEH 3:31
कोड़ा	4	4	3	4	PRO 10:13
कोड़े	23	23	13	23	DEU 25:2
कोड़ों	6	6	4	6	1KI 12:11
कोढ़	47	47	9	50	EXO 4:6
कोढ़िन	1	1	1	1	NUM 12:10
कोढ़ियों	2	2	2	3	NUM 5:2
कोढ़ी	21	21	7	34	LEV 13:44
कोनन्याह	3	3	1	3	2CH 31:12
कोने	38	38	18	40	LEV 19:9
कोनेवाले	6	6	6	6	2KI 14:13
कोनों	25	25	9	25	EXO 25:26
कोन्याह	3	3	1	4	JER 22:24
कोप	105	105	23	107	GEN 39:19
कोपमय	1	1	1	1	REV 14:8
कोपरूपी	1	1	1	1	JER 13:13
कोपाग्नि	1	1	1	1	PSA 74:1
कोपित	2	2	2	2	DEU 9:20
कोमल	18	18	13	23	GEN 18:7
कोमलता	21	21	12	24	DEU 13:8
कोयला	1	1	1	1	PRO 26:21
कोयले	5	5	3	5	2SA 22:9
कोयलों	2	2	2	2	LEV 16:12
कोर	15	15	6	15	EXO 28:26
कोरह	30	30	5	35	GEN 36:5
कोरहवंशी	1	1	1	1	1CH 12:6
कोरहियों	4	4	4	4	EXO 6:24
कोरही	2	2	1	2	1CH 9:19
कोराशान	1	1	1	1	1SA 30:30
कोरे	5	5	4	3	1CH 9:19
कोरें	1	1	1	0	MAT 23:5
कोल	3	3	1	4	JOS 15:2
कोलहोजे	1	1	1	0	NEH 11:5
कोलायाह	2	2	2	2	NEH 11:7
कोलाहल	34	34	14	36	EXO 32:17
कोल्हू	1	1	1	0	LAM 1:15
कोल्होजे	1	1	1	2	NEH 3:15
कोशिश	0	0	0	1	extra_words.txt
कोष	0	0	0	2	extra_words.txt
कोषागार	0	0	0	1	extra_words.txt
कोस	6	6	4	6	1CH 4:8
कोसता	4	4	2	4	2SA 16:5
कोसते	4	4	3	4	JOB 24:18
कोसने	2	2	2	4	JDG 9:27
कोसा	1	1	1	1	NEH 13:25
कोसाम	1	1	1	1	LUK 3:28
कोसे	1	1	1	1	GEN 12:3
कोसेंगे	1	1	1	1	JER 44:12
कोहनी	0	0	0	1	extra_words.txt
कौंध	1	1	1	0	LUK 17:24
कौआ	2	2	1	2	GEN 8:7
कौड़ी	2	2	1	0	MAT 5:26
कौदा	1	1	1	2	ACT 27:16
कौन	395	395	47	408	GEN 19:12
कौर	19	19	12	19	RUT 2:14
कौवे	5	5	5	5	1KI 17:6
कौवों	3	3	3	3	1KI 17:4
कौशल	1	1	1	2	GEN 14:14
क्या	2627	2627	59	2602	GEN 1:31
क्यारियाँ	1	1	1	1	SNG 5:13
क्यारियों	1	1	1	1	SNG 6:2
क्यारी	1	1	1	1	EZK 17:10
क्यों	501	501	44	549	GEN 4:6
क्योंकि	3556	3556	66	3692	GEN 2:3
क्योकि	2	2	2	0	JER 6:25
क्रन्दन	1	1	1	1	ISA 16:11
क्रम	6	6	5	17	GEN 43:33
क्रमानुसार	2	2	2	3	LUK 1:3
क्रांतियों	0	0	0	1	extra_words.txt
क्रिया	1	1	1	5	ECC 6:3
क्रियाओं	1	1	1	2	ROM 8:13
क्रिसपुस	1	1	1	0	ACT 18:8
क्रिस्पुस	1	1	1	3	1CO 1:14
क्रीड़ा	3	3	3	1	GEN 26:8
क्रुद्ध	2	2	2	2	MAT 20:24
क्रूर	18	18	8	17	DEU 15:9
क्रूरता	2	2	2	2	EXO 6:9
क्रूरों	1	1	1	0	PSA 17:4
क्रूस	78	78	15	94	MAT 10:38
क्रूसों	6	6	4	6	MAT 27:38
क्रेती	2	2	2	2	ACT 2:11
क्रेते	5	5	2	10	ACT 27:7
क्रेसकेंस	1	1	1	1	2TI 4:10
क्रोध	300	300	49	344	GEN 18:30
क्रोधभरी	1	1	1	1	HOS 7:16
क्रोधाग्नि	0	0	0	1	extra_words.txt
क्रोधित	65	65	25	79	GEN 4:5
क्रोधी	5	5	3	5	JDG 18:25
क्लांत	0	0	0	1	extra_words.txt
क्लांतकारी	0	0	0	1	extra_words.txt
क्लियोपास	1	1	1	0	LUK 24:18
क्लेमेंस	1	1	1	4	PHP 4:3
क्लेश	63	63	23	67	GEN 41:51
क्लेशित	1	1	1	1	ISA 8:21
क्लेशों	8	8	6	9	ACT 7:10
क्लोपास	1	1	1	1	JHN 19:25
क्लौदिया	1	1	1	1	2TI 4:21
क्लौदियुस	3	3	1	3	ACT 11:28
क्वारतुस	1	1	1	1	ROM 16:23
क्विरिनियुस	1	1	1	2	LUK 2:2
क्षण	17	17	9	17	NUM 4:20
क्षणभंगुरता	0	0	0	1	extra_words.txt
क्षणमात्र	1	1	1	0	ISA 66:8
क्षणिक	1	1	1	2	ECC 6:12
क्षतिपूर्ति	1	1	1	4	NUM 5:7
क्षमा	155	155	32	184	GEN 50:17
क्षमादान	0	0	0	2	extra_words.txt
क्षमारहित	1	1	1	0	2TI 3:3
क्षमाशील	0	0	0	1	extra_words.txt
क्षय	0	0	0	1	extra_words.txt
क्षयरोग	2	2	2	2	LEV 26:16
क्षयर्ष	31	31	3	36	EZR 4:6
क्षीण	2	2	2	2	PRO 5:11
क्षेत्र	3	3	1	49	1KI 20:39
क्षेम	25	25	13	26	GEN 26:29
खंडहर	1	1	1	0	JOS 8:28
खंडहरों	1	1	1	2	ACT 15:16
खंभा	2	2	2	0	1TI 3:15
खंभे	2	2	2	0	PRO 9:1
खंभों	1	1	1	0	PRO 8:34
खगोलशास्त्री	0	0	0	1	extra_words.txt
खच्चर	15	15	9	15	2SA 13:29
खच्चरों	4	4	4	4	1KI 18:5
खज़ानों	1	1	1	0	NEH 12:44
खजांचियों	1	1	1	2	EZR 7:21
खजांची	2	2	2	3	EZR 1:8
खजानचियों	1	1	1	0	DAN 3:2
खजानची	1	1	1	0	DAN 3:3
खजाना	2	2	2	4	2CH 25:24
खजाने	8	8	4	9	1CH 26:15
खजानों	3	3	3	4	1CH 26:24
खजूर	29	29	13	34	EXO 15:27
खजूरवाले	2	2	2	3	DEU 34:3
खजूरों	2	2	2	2	1KI 6:32
खटके	1	1	1	1	GEN 2:16
खटखटा	1	1	1	0	JDG 19:22
खटखटाई	1	1	1	1	ACT 12:13
खटखटाए	1	1	1	0	LUK 12:36
खटखटाओ	2	2	2	2	MAT 7:7
खटखटाकर	2	2	2	1	JDG 19:22
खटखटाता	5	5	5	5	SNG 5:2
खटोलों	1	1	1	1	ACT 5:15
खट्टे	4	4	2	6	JER 31:29
खड़कने	1	1	1	1	LEV 26:36
खड़खड़ाता	1	1	1	1	JOB 39:23
खड़ा	398	398	43	428	GEN 12:8
खड़ी	64	64	28	66	GEN 28:12
खड़े	338	338	37	340	GEN 18:2
खड्ड	4	4	2	3	MIC 1:6
खड्डों	1	1	1	1	JDG 6:2
खण्ड	4	4	2	2	GEN 6:16
खण्डन	5	5	4	9	JOB 32:12
खण्डहर	26	26	6	30	2KI 19:25
खण्डहरो	1	1	1	0	ISA 52:9
खण्डहरों	15	15	9	17	1CH 11:8
खतना	71	71	14	84	GEN 17:10
खतनारहित	25	25	15	38	GEN 17:14
खतनारहितों	4	4	3	6	JER 9:25
खतनावाले	2	2	2	4	EPH 2:11
खतनावालों	3	3	2	3	ROM 3:30
खतनाहीन	14	14	3	4	JDG 14:3
खतनाहीनों	3	3	1	2	EZK 32:19
खतने	16	16	6	18	EXO 4:26
खतरनाक	0	0	0	2	extra_words.txt
खतरा	0	0	0	2	extra_words.txt
खतरे	0	0	0	4	extra_words.txt
खतरों	0	0	0	2	extra_words.txt
खत्ता	1	1	1	1	LUK 12:24
खत्ते	9	9	8	9	PSA 144:13
खत्तों	2	2	2	2	DEU 28:8
खत्म	0	0	0	3	extra_words.txt
खदान	1	1	1	2	ISA 51:1
खदेड़	1	1	1	0	LAM 3:66
खदेड़कर	3	3	3	2	JER 39:5
खदेड़ता	3	3	3	4	LEV 26:17
खदेड़ते	2	2	2	2	JDG 8:4
खदेड़नेवाले	2	2	1	2	LAM 4:19
खदेड़नेवालों	3	3	2	3	JOS 8:20
खदेड़ा	5	5	4	5	JDG 9:40
खदेड़े	2	2	2	1	PSA 10:2
खदेड़ेंगे	1	1	1	1	LEV 26:8
खनती	1	1	1	1	DEU 23:13
खपरैल	1	1	1	1	LUK 5:19
खबर	1	1	1	2	ISA 21:11
खमीर	20	20	9	0	GEN 19:3
खमीरा	1	1	1	0	MAT 13:33
खम्भा	22	22	9	29	GEN 19:26
खम्भे	92	92	19	98	GEN 31:13
खम्भेवाला	2	2	1	2	1KI 7:6
खम्भों	71	71	11	72	EXO 26:32
खरगोश	0	0	0	2	extra_words.txt
खरपतवार	0	0	0	1	extra_words.txt
खरबूजे	1	1	1	1	NUM 11:5
खरल	0	0	0	2	extra_words.txt
खरहा	2	2	2	0	LEV 11:6
खरा	18	18	10	21	GEN 6:9
खराई	32	32	10	30	GEN 20:5
खराब	0	0	0	2	extra_words.txt
खरी	15	15	8	19	2SA 22:31
खरीद	0	0	0	2	extra_words.txt
खरीदने	0	0	0	2	extra_words.txt
खरीदा	0	0	0	4	extra_words.txt
खरीदी	0	0	0	1	extra_words.txt
खरीदे	0	0	0	2	extra_words.txt
खरे	28	28	14	31	2SA 22:26
खर्च	8	8	4	9	2KI 12:12
खर्चा	2	2	2	2	EZR 6:8
खर्ज	1	1	1	3	1CH 15:21
खलड़ियाँ	3	3	3	3	JOS 5:3
खलड़ियों	1	1	1	1	1SA 18:27
खलड़ी	6	6	2	6	GEN 17:11
खलिहान	36	36	17	38	GEN 50:10
खलिहानों	2	2	2	2	1SA 23:1
खलोए	1	1	1	1	1CO 1:11
ख़तना	1	1	1	0	DEU 30:6
ख़तनारहित	1	1	1	0	LEV 26:41
ख़मीर	15	15	3	44	EXO 12:15
ख़मीरी	8	8	3	7	EXO 12:15
ख़ुदवाई	1	1	1	0	GEN 50:5
ख़ेथ	1	1	1	0	PSA 119:56
खा	168	168	35	174	GEN 2:16
खाँचकर	1	1	1	0	EZK 22:26
खांच	1	1	1	0	ZEP 3:4
खाई	142	142	32	151	GEN 21:31
खाईं	5	5	4	0	MAT 12:4
खाऊँ	14	14	6	13	DEU 2:28
खाऊँगा	13	13	11	13	GEN 21:24
खाए	87	87	30	90	GEN 2:18
खाएँ	32	32	19	35	EXO 12:8
खाएँगी	2	2	2	2	2KI 6:28
खाएँगे	33	33	14	33	GEN 40:19
खाएगा	33	33	15	34	GEN 2:17
खाएगी	2	2	1	2	DEU 28:57
खाओ	38	38	22	36	EXO 16:25
खाओगे	16	16	12	17	GEN 3:5
खाकर	119	119	33	126	GEN 27:4
खाके	3	3	3	3	LEV 19:12
खाट	35	35	13	36	GEN 47:31
खाटों	2	2	2	2	MRK 6:55
खाड़ियों	1	1	1	1	JDG 5:17
खाड़ी	2	2	2	1	ISA 11:15
खाता	62	62	22	58	GEN 14:23
खातिर	0	0	0	1	extra_words.txt
खाती	5	5	4	5	1SA 1:7
खाते	98	98	39	84	GEN 32:32
खाद	8	8	4	8	2KI 9:37
खान	1	1	1	1	DAN 9:9
खाना	101	101	25	107	GEN 2:17
खानि	2	2	1	2	JOB 28:1
खानियाँ	1	1	1	1	ZEP 2:9
खाने	195	195	42	193	GEN 1:30
खानेवाला	8	8	6	8	LEV 7:25
खानेवाले	19	19	13	19	LEV 17:10
खानेवालों	7	7	7	8	1SA 2:4
खानों	11	11	1	11	EXO 28:11
खाया	112	112	31	122	GEN 3:6
खार	1	1	1	1	JOB 9:30
खारा	6	6	4	6	EXO 15:23
खारिज	0	0	0	1	extra_words.txt
खारे	7	7	5	7	GEN 14:3
खाल	18	18	7	18	EXO 29:14
खाली	14	14	10	33	LEV 14:36
खालीपन	0	0	0	1	extra_words.txt
खालें	8	8	3	8	EXO 25:5
खालों	14	14	3	14	GEN 27:16
खास	0	0	0	1	extra_words.txt
खिंच	1	1	1	1	1PE 3:2
खिंचकर	1	1	1	1	JAS 1:14
खिंचे	1	1	1	0	EZK 8:10
खिड़कियाँ	12	12	4	12	1KI 6:4
खिड़कियों	9	9	5	9	SNG 2:9
खिड़की	19	19	10	20	GEN 6:16
खिन्न	1	1	1	1	PRO 25:17
खियुस	1	1	1	1	ACT 20:15
खिलता	1	1	1	1	JOB 14:2
खिलने	1	1	1	1	ISA 17:11
खिलवाने	1	1	1	1	DEU 25:3
खिला	7	7	5	7	GEN 25:30
खिलाई	21	21	11	22	GEN 24:37
खिलाईं	1	1	1	0	GEN 19:3
खिलाऊँगा	6	6	2	6	ISA 49:26
खिलाए	12	12	5	0	2SA 13:5
खिलाएँ	4	4	4	15	1KI 17:4
खिलाएगा	1	1	1	1	EZK 36:15
खिलाकर	7	7	5	7	EXO 13:18
खिलाता	6	6	6	7	EXO 16:32
खिलाती	1	1	1	1	PRO 31:15
खिलाना	3	3	3	9	JOS 23:7
खिलाने	4	4	4	5	2SA 3:35
खिलाया	6	6	5	6	DEU 8:3
खिले	6	6	2	6	1KI 6:18
खिवैयों	1	1	1	1	EZK 27:26
खींच	45	45	24	43	GEN 19:10
खींचकर	19	19	11	22	JDG 3:21
खींचता	4	4	3	3	PSA 36:4
खींचते	2	2	2	2	EXO 15:9
खींचने	1	1	1	1	1SA 21:13
खींचा	5	5	5	6	JOS 8:26
खींची	6	6	5	6	JDG 8:20
खींचे	6	6	6	7	LEV 26:33
खींचेंगे	1	1	1	1	2SA 17:13
खींचेगा	1	1	1	1	HOS 10:11
खीचूँगा	1	1	1	1	JHN 12:32
खीरे	1	1	1	1	NUM 11:5
खुजलाने	1	1	1	1	JOB 2:8
खुजली	4	4	3	4	LEV 21:20
खुज़ा	1	1	1	1	LUK 8:3
खुदवा	2	2	2	2	2CH 16:14
खुदवाई	5	5	5	6	JDG 18:31
खुदवाए	5	5	2	5	1KI 6:29
खुदवाकर	6	6	4	6	LEV 14:45
खुदवाता	3	3	1	3	ISA 22:16
खुदवाना	3	3	1	3	EXO 28:9
खुदवाया	3	3	2	3	GEN 26:18
खुदा	2	2	2	2	1KI 7:31
खुदी	31	31	12	33	LEV 14:37
खुदे	14	14	5	14	EXO 28:21
खुदें	1	1	1	1	EXO 28:21
खुमार	1	1	1	1	LUK 21:34
खुर	11	11	4	12	EXO 10:26
खुरचकर	1	1	1	1	EZK 26:4
खुरचन	2	2	2	2	LEV 14:41
खुरचवाए	1	1	1	1	LEV 14:41
खुरचे	1	1	1	1	LEV 14:43
खुरवाले	2	2	2	2	DEU 14:6
खुरवालों	2	2	2	2	LEV 11:4
खुराजीन	2	2	2	3	MAT 11:21
खुरों	6	6	5	7	JDG 5:22
खुल	32	32	14	34	GEN 3:5
खुलकर	5	5	4	6	MAT 7:23
खुलता	1	1	1	2	ACT 27:12
खुलते	1	1	1	3	MRK 1:10
खुलना	1	1	1	1	DAN 2:23
खुलने	1	1	1	3	PSA 119:130
खुलनेवाले	0	0	0	1	extra_words.txt
खुलवा	1	1	1	1	2CH 29:3
खुलवाए	1	1	1	1	PSA 105:20
खुला	15	15	12	20	NUM 19:15
खुली	22	22	13	28	NUM 5:13
खुले	17	17	12	21	LEV 17:5
खुलेगा	3	3	2	3	EZK 24:27
खुल्लमखुल्ला	3	3	3	3	MRK 1:45
खुश	3	3	2	3	MAT 14:6
खुशी	5	5	3	9	2KI 5:23
खूँटा	1	1	1	1	ISA 33:20
खूँटी	19	19	11	19	EXO 5:12
खूँटे	8	8	2	8	EXO 27:19
खूँटों	1	1	1	1	ISA 54:2
खून	80	80	19	84	GEN 37:26
खूनियों	1	1	1	1	2KI 14:6
खूनी	31	31	6	36	NUM 35:6
खूब	1	1	1	1	PSA 144:14
खूबसूरत	0	0	0	1	extra_words.txt
खेत	171	171	33	177	GEN 3:18
खेती	26	26	17	26	GEN 2:5
खेतीबारी	1	1	1	1	PSA 78:46
खेते	5	5	3	1	JON 1:13
खेतों	38	38	20	39	GEN 41:48
खेद	13	13	6	14	GEN 26:35
खेदित	19	19	8	20	GEN 6:6
खेनेवाले	2	2	1	2	EZK 27:8
खेरी	1	1	1	1	DEU 28:57
खेलकर	6	6	5	6	JDG 9:17
खेलते	1	1	1	1	1CH 15:29
खेलने	3	3	3	2	EXO 32:6
खेलनेवाला	3	3	1	3	GEN 10:9
खेलनेवाले	2	2	2	2	JDG 5:18
खेला	1	1	1	1	1CH 11:19
खेलें	1	1	1	1	2SA 2:14
खेलेगा	2	2	2	2	JOB 41:5
खो	16	16	9	21	DEU 22:3
खोई	11	11	8	13	EXO 22:9
खोऊँ	1	1	1	1	JHN 6:39
खोए	3	3	2	4	MAT 18:11
खोएगा	11	11	4	11	PRO 23:8
खोकर	1	1	1	0	PRO 30:9
खोखली	2	2	1	3	EXO 27:8
खोखले	2	2	2	2	1KI 7:15
खोज	90	90	28	104	GEN 44:12
खोजकर	3	3	3	3	JOB 5:27
खोजता	4	4	4	7	JOB 5:8
खोजती	1	1	1	1	LUK 15:8
खोजते	2	2	2	3	PSA 78:34
खोजना	1	1	1	6	DEU 13:14
खोजने	3	3	3	5	1SA 24:2
खोजनेवाला	1	1	1	2	ROM 3:11
खोजनेवाले	4	4	1	4	JOS 2:7
खोजनेवालों	2	2	2	2	JOS 2:22
खोजबीन	1	1	1	1	1PE 1:10
खोजा	8	8	5	10	EST 2:3
खोजियो	1	1	1	0	PSA 69:32
खोजियों	10	10	4	11	1CH 16:10
खोजी	32	32	12	36	NUM 16:10
खोजे	16	16	7	19	1SA 26:2
खोजो	1	1	1	1	PSA 105:4
खोजों	19	19	4	20	2KI 9:32
खोट	1	1	1	2	DEU 17:1
खोटा	2	2	2	2	JER 6:30
खोटापन	1	1	1	1	PSA 17:3
खोटी	1	1	1	1	JER 6:30
खोता	1	1	1	1	MAT 10:39
खोती	1	1	1	1	PRO 11:16
खोते	2	2	1	1	PRO 11:16
खोद	9	9	7	6	NUM 21:18
खोदकर	25	25	12	27	EXO 20:4
खोदते	3	3	2	1	GEN 26:19
खोदने	2	2	1	1	EXO 7:24
खोदा	21	21	9	23	GEN 21:30
खोदी	11	11	6	12	JOB 19:24
खोदूँगा	1	1	1	1	NAM 1:14
खोदे	18	18	11	18	GEN 26:18
खोदो	1	1	1	1	2KI 3:16
खोना	0	0	0	1	extra_words.txt
खोपड़ी	8	8	8	8	JDG 9:53
खोया	5	5	3	7	1SA 25:7
खोल	62	62	23	65	GEN 21:19
खोलकर	67	67	26	72	GEN 8:6
खोलके	1	1	1	0	GEN 41:56
खोलता	8	8	5	9	JDG 3:25
खोलती	1	1	1	1	PRO 31:20
खोलते	5	5	4	5	JOB 27:19
खोलना	2	2	2	2	1CH 9:27
खोलने	13	13	9	16	GEN 44:11
खोलनेवाला	1	1	1	1	DAN 2:47
खोलनेवाले	1	1	1	1	DAN 2:29
खोला	40	40	13	42	GEN 4:11
खोली	15	15	6	19	GEN 29:31
खोलीं	8	8	4	6	NUM 22:31
खोलूँ	2	2	2	2	EZK 37:13
खोलूँगा	4	4	3	5	PSA 78:2
खोलूँगी	1	1	1	1	PRO 8:6
खोले	18	18	10	20	JDG 3:25
खोलेगा	3	3	3	3	ISA 22:22
खोलो	4	4	3	4	PSA 118:19
खोलोगे	1	1	1	1	MAT 18:18
खोह	3	3	3	3	MAT 21:13
खोहों	1	1	1	0	REV 6:15
खौरा	1	1	1	1	LEV 22:22
खौलती	1	1	1	1	JOB 41:20
ख्याति	0	0	0	1	extra_words.txt
ख्रिस्त	2	2	1	2	JHN 1:41
गँवाया	2	2	2	2	LEV 26:20
गंगाल	1	1	1	1	JER 27:19
गंजा	3	3	3	3	ISA 3:17
गंजापन	1	1	1	1	ISA 3:24
गंतव्य	0	0	0	1	extra_words.txt
गंदला	2	2	1	2	EZK 32:2
गंदले	3	3	2	2	PRO 25:26
गंधी	1	1	1	5	2CH 16:14
गंभीर	1	1	1	1	ROM 11:33
गई	860	860	55	1114	GEN 2:10
गईं	132	132	34	93	GEN 3:7
गए	1682	1682	59	1821	GEN 3:8
गज़	2	2	1	0	REV 21:15
गज्जाम	2	2	2	2	EZR 2:48
गट्ठा	1	1	1	1	ACT 28:3
गट्ठे	1	1	1	1	MAT 13:30
गठकर	2	2	2	2	EPH 4:16
गठन	0	0	0	1	extra_words.txt
गठबंधन	0	0	0	1	extra_words.txt
गठरी	2	2	2	2	1SA 25:29
गठा	1	1	1	1	HOS 13:12
गठे	1	1	1	3	COL 2:2
गड़	3	3	3	3	PSA 71:13
गड़ता	2	2	1	2	PRO 17:10
गड़बड़	2	2	2	2	JOB 10:22
गड़बड़ी	7	7	6	9	GEN 11:7
गड़रिया	0	0	0	1	extra_words.txt
गड़हा	20	20	10	0	GEN 37:24
गड़हियों	1	1	1	0	ISA 42:22
गड़हे	67	67	19	1	GEN 14:10
गड़हेवाले	1	1	1	0	EXO 21:34
गड़हों	4	4	3	0	PSA 140:10
गड़ा	2	2	2	2	1SA 26:7
गड़ाई	1	1	1	0	ACT 6:15
गड़ी	2	2	2	2	JOS 7:22
गड़े	10	10	3	10	JOS 7:21
गड़ेरिया	1	1	1	0	PSA 49:14
गड़ेरिये	2	2	1	2	LUK 2:8
गड़ेरियों	2	2	1	2	LUK 2:15
गड्ढेवाले	0	0	0	1	extra_words.txt
गढ़	85	85	25	92	EXO 20:23
गढ़कर	4	4	4	7	EXO 37:7
गढ़के	1	1	1	0	NUM 10:2
गढ़ता	4	4	4	4	NEH 6:8
गढ़ती	2	2	1	3	PSA 50:19
गढ़ते	1	1	1	1	JOB 15:35
गढ़ने	2	2	2	2	EXO 35:35
गढ़नेवाला	4	4	3	4	GEN 4:22
गढ़नेवाले	4	4	4	5	1CH 22:15
गढ़नेवालों	1	1	1	1	EZR 3:7
गढ़वाकर	2	2	1	2	1KI 10:16
गढ़वाला	4	4	4	4	2KI 10:2
गढ़वाले	41	41	13	41	NUM 13:28
गढ़हा	1	1	1	0	JDG 15:19
गढ़हे	3	3	2	0	2SA 17:9
गढ़हों	1	1	1	0	1SA 13:6
गढ़ा	3	3	3	3	EXO 32:4
गढ़ाकर	2	2	1	2	2CH 9:15
गढ़ियों	1	1	1	1	1SA 13:6
गढ़ी	7	7	7	7	PSA 119:69
गढ़ीं	3	3	3	3	EXO 34:4
गढ़े	15	15	10	15	EXO 37:22
गढ़ों	19	19	11	20	1SA 23:14
गण	7	7	6	7	DEU 17:3
गणना	4	4	4	6	GEN 16:10
गणों	10	10	4	10	2KI 17:16
गण्डों	1	1	1	1	ISA 3:20
गत	35	35	9	38	JOS 11:22
गतवासी	4	4	2	5	1SA 17:23
गतसमनी	2	2	2	7	MAT 26:36
गति	30	30	11	31	GEN 33:14
गती	6	6	2	6	2SA 15:18
गत्रिम्मोन	4	4	2	5	JOS 19:45
गथेपेर	1	1	1	2	JOS 19:13
गथेपेरवासी	1	1	1	1	2KI 14:25
गदरेनियों	1	1	1	1	MAT 8:28
गदल्याह	32	32	5	40	2KI 25:22
गदहा	19	19	11	19	GEN 44:13
गदहियाँ	10	10	3	9	GEN 12:16
गदहियों	9	9	3	9	JDG 5:10
गदही	27	27	10	29	GEN 49:11
गदहे	70	70	22	69	GEN 12:16
गदहों	24	24	12	24	GEN 36:24
गदेरा	2	2	2	2	JOS 15:36
गदेरावासी	1	1	1	1	1CH 12:4
गदेरी	1	1	1	1	1CH 27:28
गदेरोत	2	2	2	2	JOS 15:41
गदेरोतैम	1	1	1	1	JOS 15:36
गदोर	6	6	2	6	JOS 15:58
गदोरवासी	1	1	1	1	1CH 12:7
गद्दी	50	50	17	52	EXO 1:8
गद्दीएल	1	1	1	1	NUM 13:10
गधे	0	0	0	1	extra_words.txt
गनूबत	2	2	1	2	1KI 11:20
गन्दने	1	1	1	1	NUM 11:5
गन्दी	1	1	1	0	EPH 4:29
गन्दे	3	3	3	0	2CO 12:21
गन्ध	6	6	5	6	JOB 14:9
गन्धक	15	15	8	19	GEN 19:24
गन्धरस	15	15	8	17	GEN 37:25
गन्धियों	1	1	1	1	NEH 3:8
गन्धी	4	4	2	0	EXO 30:25
गन्नेसरत	3	3	3	6	MAT 14:34
गपशप	1	1	1	2	DAN 2:9
गबल	1	1	1	1	EZK 27:9
गबालियों	1	1	1	3	1KI 5:18
गबाली	1	1	1	1	PSA 83:7
गब्बता	1	1	1	2	JHN 19:13
गब्बै	1	1	1	1	NEH 11:8
गभर्वती	1	1	1	0	HOS 1:8
गमर्याह	5	5	1	5	JER 29:3
गमलीएल	2	2	1	4	ACT 5:34
गमल्ली	1	1	1	1	NUM 13:12
गम्भीर	11	11	6	18	PSA 68:33
गम्भीरता	4	4	3	3	1SA 8:9
गम्लीएल	5	5	1	5	NUM 1:10
गया	2758	2758	62	3201	GEN 1:3
गयी	10	10	3	0	JOS 15:3
गयुस	5	5	4	9	ACT 19:29
गये	17	17	10	47	NUM 11:26
गरज	4	4	3	4	1CH 16:32
गरजकर	2	2	2	3	JOB 37:5
गरजता	4	4	4	4	JOB 37:4
गरजते	5	5	2	3	PSA 74:4
गरजन	2	2	2	0	PRO 19:12
गरजना	8	8	4	8	EXO 9:28
गरजने	10	10	6	11	EXO 9:23
गरजनेवाले	4	4	4	4	PSA 22:13
गरजनेवालों	1	1	1	1	DEU 32:10
गरजा	5	5	5	6	2SA 22:14
गरजाएगा	1	1	1	1	1SA 12:17
गरजाकर	1	1	1	1	1SA 7:10
गरजाता	2	2	2	2	ISA 29:6
गरजाया	1	1	1	1	1SA 12:18
गरजे	1	1	1	0	PSA 46:3
गरजें	1	1	1	2	JER 5:22
गरजेंगे	3	3	2	4	JER 50:42
गरजेगा	6	6	5	7	1SA 2:10
गरदन	1	1	1	0	ACT 15:10
गरम	4	4	4	4	GEN 36:24
गरमाते	1	1	1	1	HAG 1:6
गरमी	1	1	1	1	JOB 6:17
गरार	10	10	2	11	GEN 10:19
गरिज्जीम	1	1	1	0	DEU 11:29
गरिमा	0	0	0	4	extra_words.txt
गरीबी	0	0	0	2	extra_words.txt
गरुड़	1	1	1	0	DEU 14:13
गर्जन	15	15	5	23	EXO 20:18
गर्जनेवाले	1	1	1	1	1PE 5:8
गर्जेंगे	1	1	1	0	ISA 5:30
गर्दन	27	27	13	28	GEN 49:8
गर्दनवालों	1	1	1	1	ISA 2:12
गर्दनों	4	4	3	4	JOS 10:24
गर्भ	53	53	16	59	GEN 25:22
गर्भपात	1	1	1	1	PSA 29:9
गर्भवती	58	58	19	64	GEN 3:16
गर्भाशय	1	1	1	1	JER 20:17
गर्भिणी	3	3	3	0	EXO 21:22
गर्भित	0	0	0	1	extra_words.txt
गर्म	13	13	8	13	1KI 1:1
गर्मी	5	5	4	7	1KI 1:2
गर्व	29	29	11	38	2SA 1:20
गल	13	13	10	13	EXO 16:21
गलकर	2	2	2	2	JDG 15:14
गलतियों	0	0	0	2	extra_words.txt
गलते	2	2	1	1	EZK 24:23
गलमोछ	1	1	1	1	ISA 50:6
गलही	2	2	1	2	ACT 27:30
गला	28	28	15	32	EXO 13:13
गलाता	1	1	1	1	PSA 147:18
गलातिया	6	6	5	10	ACT 16:6
गलातियावासी	0	0	0	1	extra_words.txt
गलातियो	1	1	1	0	GAL 3:1
गलित	3	3	1	3	LEV 13:51
गलियों	2	2	2	2	MAT 6:2
गली	6	6	5	5	NUM 22:24
गलील	68	68	10	87	JOS 20:7
गलीलियों	2	2	1	2	LUK 13:1
गलीली	9	9	5	9	MAT 26:69
गलीलोत	1	1	1	1	JOS 18:17
गले	37	37	18	39	GEN 27:16
गलों	2	2	1	2	JDG 8:21
गल्लियो	3	3	1	3	ACT 18:12
गल्लीम	1	1	1	1	ISA 10:30
गल्लीमवासी	1	1	1	1	1SA 25:44
गवर्नर	2	2	1	0	DAN 3:3
गवर्नरों	3	3	2	0	1KI 10:15
गवाँ	1	1	1	0	2JN 1:8
गवाऊँगा	1	1	1	1	AMO 8:10
गवाता	1	1	1	1	JOB 35:10
गवाते	1	1	1	1	GEN 31:27
गवाना	1	1	1	1	PSA 137:3
गवालियों	1	1	1	0	JOS 13:5
गवाह	38	38	17	44	JOB 16:19
गवाहियाँ	1	1	1	1	MAT 27:13
गवाही	142	142	18	163	MAT 8:4
गवाहों	15	15	9	17	JER 32:10
गवैया	1	1	1	1	1CH 6:33
गवैये	15	15	5	15	1CH 9:33
गवैयों	11	11	4	13	1KI 10:12
गवैय्यों	1	1	1	0	2SA 19:35
गशूर	8	8	2	8	2SA 3:3
गशूरियों	5	5	3	5	DEU 3:14
गशूरी	2	2	1	3	JOS 13:2
गहने	20	20	9	22	GEN 24:53
गहनों	2	2	2	3	SNG 7:1
गहम	1	1	1	1	GEN 22:24
गहर	2	2	2	2	EZR 2:47
गहरा	8	8	3	26	LEV 13:4
गहराई	5	5	5	8	PSA 107:26
गहरी	14	14	10	20	LEV 13:3
गहरे	6	6	5	58	GEN 1:2
गहिने	1	1	1	0	EZK 23:40
गहिरा	16	16	11	0	EXO 15:8
गहिरी	2	2	2	0	LEV 14:37
गहिरे	44	44	12	0	GEN 8:2
गा	13	13	8	14	EZR 3:11
गाँठ	13	13	4	12	EXO 25:31
गाँठे	1	1	1	0	EXO 37:22
गाँठें	1	1	1	2	EXO 25:36
गाँव	55	55	12	51	JOS 13:17
गाँवों	65	65	18	65	GEN 25:16
गांठ	1	1	1	0	PRO 6:21
गाऊँगा	32	32	8	36	EXO 15:1
गाऊँगी	1	1	1	1	JDG 5:3
गाए	4	4	4	2	2SA 22:1
गाएँ	6	6	3	8	2CH 20:21
गाएँगी	2	2	1	2	EZK 32:16
गाएँगे	5	5	2	5	PSA 20:5
गाओ	38	38	7	39	EXO 15:21
गाओगे	1	1	1	1	ISA 30:29
गाकर	12	12	8	12	2CH 20:22
गाज़ा	11	11	7	23	JDG 16:1
गाज़ावासियों	1	1	1	1	JDG 16:2
गाजाम	2	2	1	2	JOL 1:4
गाजेज़	2	2	1	0	1CH 2:46
गाड़	11	11	8	11	GEN 23:6
गाड़कर	2	2	1	2	GEN 23:4
गाड़ने	4	4	4	6	GEN 23:6
गाड़नेवाले	1	1	1	1	ACT 5:9
गाड़ा	5	5	5	6	JOB 27:19
गाड़ियाँ	6	6	2	7	GEN 45:19
गाड़ियों	5	5	2	7	GEN 45:27
गाड़ी	21	21	8	22	NUM 7:3
गाड़ूँगा	2	2	2	2	GEN 23:13
गाड़े	8	8	7	7	ECC 8:10
गाता	5	5	2	7	PSA 89:1
गाताम	3	3	2	3	GEN 36:11
गाती	6	6	4	5	EXO 15:21
गाते	16	16	10	17	1SA 29:5
गाथा	0	0	0	1	extra_words.txt
गाद	44	44	12	52	GEN 30:11
गादियो	1	1	1	1	JOS 22:25
गादियों	30	30	4	30	NUM 7:42
गादी	13	13	5	13	NUM 32:29
गाना	7	7	5	7	1SA 21:11
गाने	20	20	10	18	EXO 15:19
गानेवाला	2	2	2	1	2SA 23:1
गानेवालियाँ	3	3	3	3	2CH 35:25
गानेवालियों	1	1	1	1	ECC 12:4
गानेवाले	7	7	5	8	1CH 15:27
गानेवालों	2	2	2	2	1CH 15:27
गाभिन	7	7	2	7	GEN 30:38
गामूल	1	1	1	1	1CH 24:17
गाय	89	89	21	13	GEN 12:16
गायक	1	1	1	3	2CH 5:12
गायकों	3	3	3	5	2CH 9:11
गाया	8	8	7	10	EXO 15:1
गायिकाओं	2	2	2	2	2SA 19:35
गायें	13	13	3	13	GEN 32:15
गायो	1	1	1	0	AMO 4:1
गायों	12	12	4	13	GEN 41:3
गार	1	1	1	0	EZK 23:34
गारकर	1	1	1	0	EZK 23:34
गारा	2	2	2	2	LEV 14:42
गारे	3	3	3	3	GEN 11:3
गारेब	3	3	3	3	2SA 23:38
गाल	26	26	14	26	LEV 19:27
गालाल	3	3	2	3	1CH 9:15
गालियाँ	1	1	1	1	COL 3:8
गाली	6	6	2	6	1CO 5:11
गालों	1	1	1	1	LAM 1:2
गाश	3	3	3	4	JOS 24:30
गाशके	1	1	1	0	1CH 11:32
गाहक	2	2	2	3	2SA 4:8
गिड़गिड़ा	2	2	2	1	1KI 8:30
गिड़गिड़ाएँ	1	1	1	0	2CH 6:24
गिड़गिड़ाएगा	1	1	1	0	JOB 41:3
गिड़गिड़ाकर	19	19	13	20	GEN 42:21
गिड़गिड़ाता	1	1	1	1	PSA 142:1
गिड़गिड़ाते	2	2	2	2	JER 31:9
गिड़गिड़ाना	3	3	2	4	JOB 19:16
गिड़गिड़ाने	6	6	2	6	PSA 86:6
गिड़गिड़ाया	1	1	1	1	2KI 13:4
गिड़गिड़ाहट	19	19	4	20	1KI 8:28
गित्तैम	2	2	2	2	2SA 4:3
गिदोन	45	45	2	54	JDG 6:11
गिदोनी	5	5	1	5	NUM 1:11
गिदोम	1	1	1	1	JDG 20:45
गिद्दल	1	1	1	0	EZR 2:47
गिद्दलती	2	2	1	2	1CH 25:4
गिद्देल	3	3	2	4	EZR 2:56
गिद्ध	7	7	7	7	LEV 11:18
गिन	41	41	12	45	GEN 13:16
गिनकर	13	13	8	11	DEU 25:2
गिनके	1	1	1	1	GEN 41:49
गिनता	6	6	2	6	JOB 13:24
गिनती	156	156	25	174	GEN 47:12
गिनना	4	4	4	3	GEN 41:49
गिनने	5	5	5	6	EXO 30:12
गिननेवाला	1	1	1	1	ISA 33:18
गिना	39	39	20	39	GEN 15:6
गिनी	9	9	7	11	NUM 18:27
गिने	105	105	17	107	GEN 32:12
गिनें	1	1	1	2	2CO 10:12
गिनेंगे	1	1	1	1	PSA 72:17
गिन्नतोई	1	1	1	1	NEH 12:4
गिन्नतोन	2	2	1	2	NEH 10:6
गिबत	1	1	1	0	JOS 18:28
गिबत्पीनहास	1	1	1	1	JOS 24:33
गिबा	43	43	7	42	JOS 15:57
गिबावासी	4	4	3	4	JDG 20:13
गिबोन	38	38	8	44	JOS 9:3
गिबोनियों	5	5	1	10	2SA 21:1
गिबोनी	3	3	3	3	2SA 21:2
गिब्बतोन	6	6	2	6	JOS 19:44
गिब्बार	1	1	1	1	EZR 2:20
गिमजो	1	1	1	1	2CH 28:18
गिमेल	1	1	1	1	PSA 119:16
गिर	143	143	34	153	GEN 14:10
गिरकर	45	45	17	72	GEN 18:2
गिरके	16	16	5	0	GEN 24:52
गिरगिट	0	0	0	1	extra_words.txt
गिरगिटान	1	1	1	0	LEV 11:30
गिरता	5	5	4	6	NUM 11:9
गिरती	3	3	3	4	2SA 17:12
गिरते	14	14	8	12	EXO 9:24
गिरना	3	3	3	5	PRO 29:16
गिरने	17	17	12	22	1SA 14:45
गिरनेवालों	2	2	1	2	EZK 26:20
गिरफ्तारी	0	0	0	3	extra_words.txt
गिरवाकर	1	1	1	1	DEU 25:2
गिरवी	0	0	0	1	extra_words.txt
गिरह	1	1	1	1	1CO 9:7
गिरा	101	101	27	107	GEN 17:3
गिराई	8	8	6	8	JDG 6:31
गिराऊँगा	6	6	3	6	EZK 13:13
गिराए	16	16	7	17	2KI 12:3
गिराएँगी	1	1	1	1	EZK 26:4
गिराएगा	2	2	2	2	2CH 25:8
गिराएगी	1	1	1	1	EZK 13:11
गिराकर	14	14	8	15	GEN 38:9
गिराता	3	3	2	4	PSA 147:16
गिरातीं	1	1	1	0	JOB 21:10
गिराने	4	4	3	5	2SA 20:15
गिरानेवाली	1	1	1	1	2KI 2:19
गिराया	10	10	6	9	LEV 1:15
गिरावट	0	0	0	1	extra_words.txt
गिरासेनियों	3	3	2	3	MRK 5:1
गिरिज्जीम	3	3	3	6	DEU 27:12
गिरी	16	16	11	17	LEV 19:9
गिरूँगा	1	1	1	1	MIC 7:8
गिरे	33	33	17	34	GEN 31:38
गिरें	5	5	4	5	EXO 9:22
गिरेंगे	32	32	13	31	EXO 9:19
गिरेगा	18	18	12	18	EXO 23:26
गिरेगी	2	2	2	2	ISA 24:20
गिरो	1	1	1	1	LUK 23:30
गिरोगे	1	1	1	1	EZK 11:10
गिर्गाशियों	3	3	3	3	GEN 15:21
गिर्गाशी	4	4	4	4	GEN 10:16
गिर्जियों	1	1	1	1	1SA 27:8
गिलगाल	40	40	9	42	DEU 11:30
गिलटियाँ	4	4	1	4	1SA 5:6
गिलटियों	3	3	1	3	1SA 5:12
गिलबो	7	7	3	9	1SA 28:4
गिललै	1	1	1	1	NEH 12:36
गिला	1	1	1	0	1KI 4:13
गिलाद	124	124	20	131	GEN 31:21
गिलादवाले	1	1	1	1	1SA 31:11
गिलादियो	1	1	1	0	JDG 12:4
गिलादियों	3	3	2	4	NUM 26:29
गिलादी	16	16	6	16	JDG 10:3
गिलियाद	2	2	1	2	GEN 31:47
गिल्बो	1	1	1	0	2SA 21:12
गिश्पा	1	1	1	1	NEH 11:21
गीजोई	1	1	1	1	1CH 11:34
गीत	94	94	23	159	GEN 31:27
गीतों	6	6	4	6	2CH 35:25
गीदड़	3	3	2	3	NEH 4:3
गीदड़िन	1	1	1	1	LAM 4:3
गीदड़ों	11	11	6	11	JOB 30:29
गीनत	2	2	1	2	1KI 16:21
गीली	1	1	1	2	ISA 41:25
गीलो	2	2	2	2	JOS 15:51
गीलोई	1	1	1	0	2SA 23:34
गीलोवासी	1	1	1	2	2SA 15:12
गीह	1	1	1	1	2SA 2:24
गीहोन	6	6	3	6	GEN 2:13
गुँथे	1	1	1	0	ISA 3:24
गुँधी	0	0	0	1	extra_words.txt
गुँधे-गुँधाए	0	0	0	1	extra_words.txt
गुंधाए	1	1	1	0	EXO 12:34
गुंधे	1	1	1	0	EXO 12:34
गुच्छा	4	4	4	4	EXO 12:22
गुच्छे	9	9	6	9	NUM 13:23
गुच्छों	2	2	2	2	GEN 40:10
गुजर	0	0	0	2	extra_words.txt
गुजरते	0	0	0	1	extra_words.txt
गुजरे	1	1	1	1	JOB 11:10
गुण	9	9	7	15	LEV 27:12
गुणा	13	13	4	31	GEN 4:15
गुणानुवाद	15	15	3	15	1CH 16:28
गुणी	2	2	1	2	EXO 18:21
गुणों	1	1	1	5	PSA 9:14
गुदगोदा	2	2	1	2	DEU 10:7
गुनगुना	1	1	1	1	REV 3:16
गुनगुनाकर	1	1	1	1	ISA 29:4
गुनगुनाते	1	1	1	1	ISA 8:19
गुना	8	8	2	12	1CH 21:3
गुने	2	2	2	3	MAT 18:22
गुप्त	54	54	22	76	NUM 12:8
गुप्तस्थान	2	2	1	0	PSA 27:5
गुफ़ा	13	13	3	0	GEN 23:9
गुफ़ाओं	2	2	2	0	1SA 13:6
गुफा	19	19	7	38	GEN 19:30
गुफाओं	8	8	7	11	JDG 6:2
गुम्मट	45	45	18	45	GEN 11:4
गुम्मटों	10	10	5	10	2CH 26:15
गुरु	51	51	6	51	1CH 25:8
गुरुओं	1	1	1	0	PRO 5:13
गुर्दे	6	6	1	6	LEV 3:4
गुर्दों	12	12	4	12	EXO 29:13
गुर्राएँगे	1	1	1	1	JER 51:38
गुर्राएगा	1	1	1	1	AMO 3:4
गुर्राकर	1	1	1	1	ISA 5:29
गुर्राता	1	1	1	1	ISA 31:4
गुर्राते	3	3	1	3	PSA 59:6
गुलगुता	3	3	3	4	MAT 27:33
गुलतराश	2	2	1	2	EXO 25:38
गुलतराशों	1	1	1	1	NUM 4:9
गुलदान	2	2	1	2	EXO 25:38
गुलदानों	1	1	1	1	NUM 4:9
गुलाब	1	1	1	2	SNG 2:1
गुलाम	0	0	0	1	extra_words.txt
गुलामी	0	0	0	2	extra_words.txt
गुस्सा	3	3	2	3	EST 2:1
गूँगा	7	7	5	10	EXO 4:11
गूँगी	3	3	2	4	MRK 9:17
गूँगे	7	7	4	7	PSA 38:13
गूँगों	2	2	2	2	MAT 15:30
गूँज	3	3	3	4	1SA 4:5
गूँजता	2	2	2	2	JOB 15:21
गूँथ	1	1	1	1	JOB 38:31
गूँथकर	4	4	4	4	JOB 10:11
गूँथना	1	1	1	0	1PE 3:3
गूँथने	1	1	1	2	1TI 2:9
गूँथी	2	2	1	2	EXO 39:17
गूँथे	6	6	1	7	EXO 28:14
गूँध	1	1	1	1	GEN 18:6
गूँधती	1	1	1	0	JER 7:18
गूँधा	9	9	8	9	EXO 12:39
गूँधी	1	1	1	0	JOB 10:9
गूँधे	4	4	3	0	NUM 15:20
गूंगी	1	1	1	0	1CO 12:2
गूएल	1	1	1	1	NUM 13:15
गूढ़	13	13	4	14	NUM 21:27
गूदे	3	3	2	1	JOB 21:24
गूनियों	1	1	1	1	NUM 26:48
गूनी	4	4	3	4	GEN 46:24
गूर	1	1	1	1	2KI 9:27
गूर्बालवासी	1	1	1	1	2CH 26:7
गूलर	6	6	6	6	1KI 10:27
गूलरों	2	2	1	2	2CH 1:15
गृह	2	2	2	1	ISA 24:22
गृहदेवता	8	8	5	9	GEN 31:35
गृहदेवताओं	8	8	5	8	GEN 31:19
गृहधाम	1	1	1	1	DEU 33:27
गृहस्थ	2	2	1	4	MAT 13:27
गृहस्थिन	1	1	1	1	PSA 68:12
गृहस्वामी	3	3	1	0	MAT 20:1
गेजेर	14	14	5	15	JOS 10:33
गेतेर	2	2	2	2	GEN 10:23
गेदी	0	0	0	1	extra_words.txt
गेदेर	1	1	1	1	JOS 12:13
गेन्द	1	1	1	1	ISA 22:18
गेबा	14	14	10	17	JOS 18:24
गेबीम	1	1	1	1	ISA 10:31
गेबेर	2	2	2	1	1KI 4:19
गेरा	14	14	9	14	GEN 46:21
गेरुई	3	3	3	0	1KI 8:37
गेरूई	2	2	2	5	DEU 28:22
गेरेमी	1	1	1	1	1CH 4:19
गेर्शेनियों	1	1	1	0	1CH 26:21
गेर्शेनी	1	1	1	0	1CH 26:21
गेर्शेम	1	1	1	0	1CH 26:24
गेर्शोन	9	9	4	8	GEN 46:11
गेर्शोनवंशियों	2	2	1	2	NUM 3:21
गेर्शोनवाले	1	1	1	1	NUM 3:23
गेर्शोनियों	17	17	4	19	NUM 3:24
गेर्शोनी	1	1	1	2	1CH 29:8
गेर्शोम	10	10	4	13	EXO 2:22
गेर्शोमियों	3	3	1	3	1CH 6:62
गेवा	1	1	1	0	2CH 16:6
गेशान	1	1	1	1	1CH 2:47
गेशेम	4	4	1	4	NEH 2:19
गेहजी	13	13	1	14	2KI 4:12
गेहराशीम	1	1	1	1	1CH 4:14
गेहूँ	49	49	25	51	GEN 30:14
गैर	0	0	0	1	extra_words.txt
गैर-यहूदियों	0	0	0	1	extra_words.txt
गैर-यहूदी	0	0	0	2	extra_words.txt
गोआ	1	1	1	1	JER 31:39
गोग	15	15	3	22	1CH 5:4
गोज़ान	1	1	1	0	ISA 37:12
गोजान	4	4	2	5	2KI 17:6
गोत्र	244	244	23	260	GEN 49:16
गोत्रवाले	8	8	2	8	EXO 31:6
गोत्रवालों	1	1	1	1	NUM 3:6
गोत्रियों	17	17	5	15	NUM 4:18
गोत्री	4	4	3	3	NUM 36:5
गोत्रों	85	85	21	110	EXO 24:4
गोद	23	23	12	26	GEN 50:23
गोधूलि	11	11	3	0	EXO 12:6
गोपनीय	0	0	0	1	extra_words.txt
गोपेर	1	1	1	1	GEN 6:14
गोफन	10	10	8	15	JDG 20:16
गोफ़न	1	1	1	0	1SA 25:29
गोब	2	2	1	2	2SA 21:18
गोबर	7	7	5	7	EXO 29:14
गोमर	1	1	1	0	EZK 38:6
गोमेदक	1	1	1	1	REV 21:20
गोमेर	5	5	3	7	GEN 10:2
गोयीम	3	3	2	3	GEN 14:1
गोरा	1	1	1	1	SNG 5:10
गोल	5	5	3	7	1KI 7:23
गोलकों	1	1	1	1	ZEC 14:12
गोलयत	1	1	1	0	2SA 21:19
गोलाइयाँ	2	2	1	2	1KI 7:41
गोलाइयों	1	1	1	1	1KI 7:41
गोलाई	3	3	2	3	1KI 7:20
गोलाकार	1	1	1	2	1KI 10:19
गोलान	4	4	3	0	DEU 4:43
गोलियत	4	4	1	7	1SA 17:4
गोले	1	1	1	1	2CH 4:13
गोलों	2	2	1	2	2CH 4:12
गोल्यत	1	1	1	0	1CH 20:5
गोशेन	15	15	3	17	GEN 45:10
गोष्ठी	32	32	10	28	1SA 22:8
गोह	1	1	1	1	LEV 11:29
गौरव	3	3	3	7	PRO 20:29
गौरवशाली	0	0	0	1	extra_words.txt
गौरवान्वित	0	0	0	1	extra_words.txt
गौरे	1	1	1	1	PSA 102:7
गौरैया	2	2	2	2	PSA 84:3
गौरैयाँ	1	1	1	1	LUK 12:6
गौरैयें	1	1	1	0	MAT 10:29
गौरैयों	2	2	2	2	MAT 10:31
गौशाला	1	1	1	1	PRO 14:4
गौशालाओं	1	1	1	1	AMO 6:4
ग्यारह	20	20	13	19	GEN 37:9
ग्यारहवाँ	2	2	1	2	1CH 12:13
ग्यारहवीं	3	3	2	3	1CH 24:12
ग्यारहवें	14	14	8	14	NUM 7:72
ग्यारहों	6	6	4	5	GEN 32:22
ग्रंथों	0	0	0	1	extra_words.txt
ग्रस	1	1	1	0	PSA 106:17
ग्रसित	2	2	2	5	DEU 32:24
ग्रसेगा	1	1	1	1	ISA 24:6
ग्रस्त	1	1	1	6	MRK 3:10
ग्रह	0	0	0	1	extra_words.txt
ग्रहण	127	127	34	148	GEN 4:4
ग्रहणयोग्य	7	7	4	13	LEV 22:19
ग्रामीण	0	0	0	4	extra_words.txt
ग्राहक	8	8	4	8	DEU 28:68
ग्राह्य	1	1	1	0	1PE 2:5
ग्रीष्म	1	1	1	0	MAT 24:32
ग्रीष्मकाल	3	3	3	4	ISA 28:4
घंटा	3	3	1	3	MAT 20:6
घंटियाँ	2	2	1	2	EXO 28:33
घंटियों	1	1	1	1	ZEC 14:20
घंटी	4	4	1	4	EXO 28:34
घंटे	6	6	3	10	LUK 22:59
घट	24	24	13	24	GEN 8:8
घटकर	1	1	1	1	2CO 12:15
घटता	7	7	6	8	GEN 8:5
घटती	4	4	3	4	DEU 25:13
घटते	4	4	2	2	PSA 107:39
घटना	10	10	7	23	GEN 19:29
घटनाएँ	3	3	1	14	ISA 41:22
घटनाओं	4	4	3	21	2CH 32:20
घटनाक्रम	0	0	0	1	extra_words.txt
घटने	7	7	4	7	GEN 8:1
घटनेवाले	1	1	1	1	2CO 3:13
घटबढ़	1	1	1	1	MIC 6:11
घटा	15	15	12	15	EXO 19:16
घटाऊँगा	2	2	1	2	EZK 5:11
घटाए	3	3	2	3	EXO 21:10
घटाएँ	1	1	1	0	PSA 18:12
घटाएँगे	1	1	1	1	LEV 26:22
घटाओं	7	7	4	8	2SA 22:12
घटाकर	1	1	1	1	NUM 22:18
घटाता	2	2	2	2	PSA 75:7
घटाना	4	4	3	4	EXO 5:8
घटाने	1	1	1	2	2KI 10:32
घटाया	5	5	4	6	EXO 5:11
घटित	0	0	0	1	extra_words.txt
घटी	62	62	27	61	EXO 16:18
घटूँ	1	1	1	1	JHN 3:30
घटे	3	3	3	4	DEU 18:22
घटें	1	1	1	1	DEU 30:1
घटेंगी	1	1	1	1	ISA 47:13
घटेगा	3	3	3	3	1KI 17:14
घटेगी	4	4	2	4	EXO 5:19
घटो	1	1	1	1	JER 29:6
घड़घड़ाहट	3	3	2	3	EZK 3:12
घड़ा	11	11	7	13	GEN 24:14
घड़ी	65	65	11	47	1SA 11:9
घड़े	8	8	2	8	GEN 24:17
घड़ों	6	6	4	6	NUM 24:7
घण्टे	3	3	2	4	JHN 4:6
घना	2	2	2	2	JER 46:23
घनिष्ठ	0	0	0	3	extra_words.txt
घनिष्ठता	0	0	0	4	extra_words.txt
घनी	2	2	2	2	2SA 18:9
घने	13	13	6	12	LEV 23:40
घबड़ा	1	1	1	0	2SA 22:5
घबरा	62	62	25	62	GEN 45:3
घबराए	3	3	3	4	JOB 9:34
घबराएँगे	2	2	2	2	PSA 6:10
घबराएगा	4	4	4	4	JOB 40:23
घबराओ	3	3	3	3	ACT 20:10
घबराकर	5	5	4	5	PSA 31:22
घबराता	7	7	6	7	1SA 16:15
घबराती	1	1	1	1	LUK 10:41
घबराते	4	4	2	2	PSA 39:6
घबराना	5	5	3	7	PRO 3:25
घबराने	3	3	3	2	1SA 16:14
घबरानेवालों	1	1	1	1	ISA 35:4
घबराया	3	3	3	3	2SA 18:33
घबराहट	15	15	10	18	EXO 15:16
घब्बेवाले	1	1	1	0	GEN 31:10
घमंड	3	3	2	0	1CH 16:10
घमंडियों	1	1	1	0	PSA 75:4
घमंडी	1	1	1	0	PSA 5:5
घमण्ड	113	113	25	131	LEV 26:19
घमण्डियों	8	8	5	9	JOB 41:34
घमण्डी	6	6	5	8	JOB 40:11
घमासान	3	3	2	3	1SA 4:2
घर	797	797	52	838	GEN 12:1
घरघराहट	1	1	1	1	EZK 43:2
घरद्वार	1	1	1	0	NUM 16:32
घरबार	5	5	3	7	NUM 16:33
घरवालों	3	3	2	3	GEN 42:19
घराना	75	75	20	77	GEN 41:51
घराने	452	452	40	471	GEN 7:1
घरानेवाले	1	1	1	1	EZK 3:7
घरानों	121	121	14	121	EXO 6:14
घरेलू	22	22	9	24	GEN 1:24
घरों	68	68	26	73	EXO 8:3
घसीट	10	10	5	7	PSA 10:9
घसीटकर	2	2	2	0	JER 22:19
घसीटता	2	2	2	2	JOB 14:3
घसीटे	1	1	1	1	PRO 24:11
घाघरा	1	1	1	1	ISA 47:2
घाघरे	1	1	1	1	JER 2:34
घाट	10	10	8	10	GEN 32:22
घाटियों	2	2	1	3	NUM 21:15
घाटी	28	28	14	38	GEN 26:17
घाटीवाले	1	1	1	1	JER 48:8
घाटों	2	2	1	2	JDG 3:28
घात	284	284	41	273	GEN 4:8
घातक	4	4	4	5	JDG 20:37
घातकों	8	8	4	8	JDG 9:25
घातियों	1	1	1	1	JOS 8:21
घाम	2	2	2	2	GEN 31:40
घामकर	1	1	1	0	EZK 39:14
घायल	42	42	22	45	GEN 4:23
घायलों	3	3	2	3	EZK 21:29
घाव	30	30	17	34	EXO 21:25
घावों	10	10	7	14	2KI 8:29
घास	78	78	22	83	GEN 1:11
घिन	5	5	4	7	GEN 27:46
घिनाता	1	1	1	1	EZK 35:6
घिनौना	13	13	5	15	LEV 11:43
घिनौनी	22	22	13	22	LEV 18:30
घिनौने	45	45	12	48	LEV 11:41
घिनौनों	1	1	1	1	REV 21:8
घिर	9	9	7	11	EXO 14:3
घिरने	2	2	2	2	EZK 5:2
घिरा	12	12	9	12	2KI 6:25
घिरी	1	1	1	2	EZK 5:5
घिरूँ	1	1	1	0	PSA 49:5
घिरे	2	2	2	3	2CH 32:10
घिस	1	1	1	1	JOB 14:19
घुँघरुओं	2	2	1	0	ISA 3:16
घुंडियाँ	8	8	1	8	EXO 36:36
घुंडियों	1	1	1	1	EXO 36:38
घुंडी	1	1	1	1	EXO 35:11
घुग्घू	1	1	1	1	DEU 14:16
घुटना	3	3	3	4	ISA 45:23
घुटने	26	26	13	31	GEN 41:43
घुटनों	18	18	14	19	GEN 30:3
घुड़ककर	1	1	1	1	NEH 5:7
घुड़कने	1	1	1	1	NAM 1:4
घुड़का	3	3	2	3	PSA 106:9
घुड़कियों	1	1	1	1	EZK 5:15
घुड़की	8	8	4	8	JOB 26:11
घुड़कूँगा	1	1	1	2	MAL 3:11
घुड़के	3	3	2	3	ZEC 3:2
घुड़केगा	1	1	1	2	ISA 17:13
घुड़को	1	1	1	0	RUT 2:16
घुड़चढ़ों	1	1	1	1	PSA 66:12
घुड़सवार	2	2	2	3	1KI 4:26
घुड़साल	2	2	2	2	1KI 4:26
घुन	1	1	1	1	ISA 51:8
घुने	1	1	1	1	ISA 40:20
घुमवाया	1	1	1	1	JOS 6:11
घुमा	3	3	2	3	EZK 38:4
घुमाए	2	2	2	2	EPH 4:14
घुमाएगा	1	1	1	1	DAN 11:20
घुमाकर	6	6	3	6	1SA 5:8
घुमाया	3	3	2	2	EST 6:11
घुमावदार	0	0	0	1	extra_words.txt
घुल	1	1	1	1	PSA 31:10
घुलकर	2	2	1	2	PSA 58:7
घुलती	1	1	1	1	1SA 2:5
घुले	1	1	1	1	PSA 31:9
घुस	17	17	11	21	JOS 10:20
घुसकर	12	12	11	13	GEN 34:25
घुसता	2	2	2	2	HOS 7:1
घुसते	4	4	3	4	JER 4:29
घुसना	3	3	3	3	DEU 24:10
घुसने	3	3	3	3	2KI 7:12
घुसा	4	4	4	4	1SA 26:15
घुसीं	1	1	1	2	EZK 23:39
घुसे	9	9	6	10	JDG 9:46
घुसें	1	1	1	1	EXO 19:21
घुसेंगे	2	2	1	2	ISA 2:19
घुसेगा	1	1	1	1	EZK 26:10
घुसेड़	1	1	1	1	JDG 3:21
घूँघट	7	7	3	8	GEN 24:65
घूँघटों	1	1	1	1	ISA 3:19
घूँसे	5	5	5	5	ISA 58:4
घूम	12	12	7	8	EXO 32:27
घूमकर	28	28	17	27	EXO 32:27
घूमता	3	3	3	4	DEU 23:14
घूमती	3	3	2	3	ECC 1:6
घूमते	16	16	7	9	JOS 14:10
घूमना	1	1	1	1	JOS 6:4
घूमने	1	1	1	2	ZEC 1:10
घूमनेवाला	1	1	1	1	PRO 27:8
घूमनेवाली	1	1	1	1	GEN 3:24
घूमनेवाले	4	4	2	4	PRO 28:15
घूमा	2	2	2	2	1SA 15:27
घूमे	5	5	3	5	JOS 6:15
घूमें	1	1	1	2	JOS 18:4
घूमेंगे	1	1	1	1	REV 3:4
घूमो	1	1	1	1	JOS 18:8
घूर	1	1	1	1	SNG 1:6
घूरते	1	1	1	1	PSA 68:16
घूरने	1	1	1	1	JOB 30:20
घूरा	2	2	2	2	EZR 6:11
घूरे	3	3	3	3	1SA 2:8
घूरों	1	1	1	1	LAM 4:5
घूस	27	27	12	28	EXO 23:8
घूसे	1	1	1	1	1CO 4:11
घृणा	87	87	27	108	GEN 34:30
घृणित	90	90	21	102	GEN 43:32
घेर	57	57	23	57	GEN 19:4
घेरकर	3	3	3	4	DEU 28:57
घेरने	3	3	1	3	EZK 4:7
घेरनेवाला	1	1	1	1	AMO 3:11
घेरनेवाले	1	1	1	1	JER 21:4
घेरनेवालों	1	1	1	1	PSA 140:9
घेरा	14	14	10	14	LEV 19:27
घेराबन्दी	3	3	3	4	DEU 20:20
घेराव	1	1	1	6	PRO 25:28
घेरूँगा	1	1	1	1	HOS 2:6
घेरे	33	33	13	36	GEN 2:11
घेरेंगे	1	1	1	1	DEU 28:52
घेरेगी	1	1	1	1	AMO 9:10
घेरों	1	1	1	1	EZK 1:18
घोंघे	1	1	1	1	PSA 58:8
घोंट	1	1	1	1	NAM 2:12
घोंटकर	1	1	1	1	NAM 2:12
घोंटा	1	1	1	1	MAT 18:28
घोंटे	3	3	1	3	ACT 15:20
घोंसला	9	9	8	9	DEU 22:6
घोंसले	3	3	3	3	DEU 32:11
घोंसलों	1	1	1	1	ISA 10:14
घोड़ा	14	14	8	15	1KI 10:29
घोड़ाफाटक	2	2	2	3	2CH 23:15
घोड़ी	1	1	1	1	SNG 1:9
घोड़े	73	73	26	77	GEN 49:17
घोड़ों	80	80	26	86	GEN 47:17
घोर	47	47	17	58	GEN 15:17
घोषणा	1	1	1	31	JDG 21:13
चँगा	1	1	1	0	LUK 15:27
चंगा	111	111	26	134	GEN 20:17
चंगाई	1	1	1	13	JER 8:15
चंगी	12	12	6	13	LEV 14:3
चंगे	21	21	13	22	JOS 5:8
चंगों	3	3	3	3	MAT 9:12
चंचल	8	8	7	7	1CH 12:33
चंचलता	3	3	3	5	PRO 5:6
चंदन	1	1	1	0	2CH 2:8
चंद्रमा	10	10	7	0	DEU 4:19
चंद्रहारों	1	1	1	0	ISA 3:19
चंद्राकार	1	1	1	0	JER 44:19
चकनाचूर	13	13	10	14	EXO 15:6
चकमक	9	9	7	9	EXO 4:25
चकरा	1	1	1	0	ISA 9:18
चकराकर	1	1	1	1	ISA 9:18
चकित	66	66	17	68	LEV 26:32
चक्कर	6	6	5	7	EXO 13:18
चक्करदार	1	1	1	1	1KI 6:8
चक्की	18	18	14	19	EXO 11:5
चक्र	3	3	2	3	1KI 7:33
चख	4	4	3	5	1SA 14:43
चखकर	1	1	1	3	MAT 27:34
चखना	1	1	1	1	COL 2:21
चखा	4	4	3	4	1SA 14:29
चखे	1	1	1	1	HEB 2:9
चखें	1	1	1	0	ACT 23:14
चखेंगे	3	3	3	3	MAT 16:28
चखेगा	2	2	2	3	LUK 14:24
चचाओं	1	1	1	0	JOS 17:4
चचेरा	3	3	2	4	LEV 25:49
चचेरी	1	1	1	1	EST 2:7
चचेरे	3	3	2	4	NUM 36:11
चट	12	12	6	12	EXO 10:5
चट्टान	120	120	25	134	GEN 49:24
चट्टानरूपी	1	1	1	2	2SA 22:3
चट्टानें	5	5	4	5	1KI 19:11
चट्टानों	14	14	6	15	NUM 23:9
चढ़	124	124	33	119	GEN 17:22
चढ़कर	63	63	25	72	GEN 4:8
चढ़के	3	3	2	0	NUM 27:12
चढ़ता	5	5	4	6	NUM 22:30
चढ़ते	8	8	5	6	GEN 28:12
चढ़ना	1	1	1	1	EXO 20:26
चढ़ने	18	18	9	16	NUM 13:31
चढ़नेवाली	1	1	1	1	ZEC 14:16
चढ़नेवालो	1	1	1	0	JDG 5:10
चढ़वा	1	1	1	1	2CH 35:12
चढ़वाकर	1	1	1	1	ACT 2:23
चढ़वाया	2	2	2	2	GEN 41:43
चढ़वैयों	0	0	0	1	extra_words.txt
चढ़ा	73	73	26	72	GEN 22:2
चढ़ाइयाँ	1	1	1	1	EZK 38:20
चढ़ाई	219	219	34	232	GEN 4:4
चढ़ाईं	3	3	2	0	2CH 7:5
चढ़ाऊँ	1	1	1	1	JHN 19:15
चढ़ाऊँगा	14	14	7	17	JDG 11:31
चढ़ाए	112	112	26	117	EXO 18:12
चढ़ाएँ	19	19	11	23	EXO 3:18
चढ़ाएँगे	3	3	3	3	PSA 51:19
चढ़ाएगा	4	4	2	6	2KI 5:17
चढ़ाओ	14	14	11	14	LEV 2:11
चढ़ाओगे	4	4	3	4	NUM 15:20
चढ़ाकर	43	43	22	44	GEN 46:5
चढ़ाके	1	1	1	0	LEV 12:7
चढ़ाता	10	10	7	10	LEV 3:7
चढ़ाते	24	24	15	25	LEV 27:9
चढ़ाना	91	91	9	96	EXO 20:24
चढ़ाने	52	52	19	64	GEN 4:4
चढ़ानेवाला	4	4	4	4	NUM 15:9
चढ़ानेवाले	6	6	5	6	1SA 2:15
चढ़ानेवालों	1	1	1	1	NUM 16:35
चढ़ाया	106	106	29	119	GEN 8:20
चढ़ाव	1	1	1	0	JOS 10:10
चढ़ावा	30	30	6	33	LEV 1:2
चढ़ावे	13	13	6	20	LEV 3:2
चढ़ावें	1	1	1	0	EXO 28:38
चढ़ावों	2	2	2	5	LEV 2:13
चढ़ी	7	7	4	8	1SA 25:20
चढ़ीं	1	1	1	0	1CO 2:9
चढ़ूँ	1	1	1	1	PSA 139:8
चढ़ूँगा	3	3	2	0	PSA 132:3
चढ़े	18	18	12	18	DEU 5:5
चढ़ें	3	3	2	3	1SA 14:9
चढ़ेंगे	2	2	2	2	GEN 34:30
चढ़ेगा	4	4	3	4	ISA 8:8
चढ़ेगी	1	1	1	0	DAN 11:26
चढ़ो	4	4	3	3	EXO 19:12
चतुर	17	17	7	12	GEN 25:27
चतुराई	19	19	12	23	1SA 23:22
चतुरों	1	1	1	0	PRO 14:18
चद्दर	12	12	6	14	DEU 22:17
चद्दरों	1	1	1	1	ISA 3:22
चने	0	0	0	1	extra_words.txt
चन्दन	5	5	2	6	1KI 10:11
चन्दा	4	4	3	4	2CH 24:10
चन्दुए	2	2	1	2	2KI 2:23
चन्दुला	2	2	1	2	LEV 13:40
चन्दुले	6	6	1	6	LEV 13:42
चन्दे	5	5	3	5	2CH 24:6
चन्द्रमा	22	22	10	33	GEN 37:9
चन्द्रहार	1	1	1	1	JDG 8:26
चन्द्रहारों	1	1	1	2	JDG 8:21
चपड़	6	6	1	0	JDG 7:5
चपरास	24	24	2	26	EXO 25:7
चपातियों	1	1	1	0	LEV 2:4
चपाती	1	1	1	1	HOS 7:8
चबा	1	1	1	1	DAN 6:24
चबाऊँ	1	1	1	1	JOB 13:14
चबाएगी	1	1	1	1	EZK 23:34
चबाने	1	1	1	2	REV 16:10
चबूतरा	2	2	2	2	EXO 24:10
चबूतरे	2	2	2	2	2CH 9:11
चमक	18	18	11	21	LEV 13:6
चमकता	9	9	8	10	JOB 39:23
चमकती	5	5	5	4	PRO 4:18
चमकते	4	4	4	6	JOB 31:26
चमकदार	3	3	2	3	PRO 27:17
चमकने	5	5	5	5	EXO 19:16
चमकनेवाले	4	4	3	6	EZR 8:27
चमका	11	11	6	11	PSA 4:6
चमकाए	3	3	3	3	NUM 6:25
चमकाता	3	3	3	3	JOB 37:15
चमकी	5	5	3	5	ISA 9:2
चमकीं	1	1	1	0	REV 16:18
चमकीला	3	3	2	3	ISA 23:18
चमकीली	4	4	2	4	GEN 49:12
चमकीले	1	1	1	1	HAB 3:11
चमके	4	4	3	4	EZK 21:10
चमकेंगे	2	2	2	2	JOL 3:15
चमकेगा	4	4	2	5	ISA 58:8
चमकेगी	2	2	2	2	JOB 18:5
चमगादड़	2	2	2	2	LEV 11:19
चमगीदड़ों	1	1	1	0	ISA 2:20
चमचमाते	1	1	1	0	PSA 76:3
चमचे	1	1	1	1	EXO 25:29
चमड़ा	11	11	6	10	LEV 16:27
चमड़े	25	25	8	26	GEN 3:21
चमत्कार	25	25	9	35	EXO 4:21
चमत्कारों	4	4	3	9	DEU 7:19
चयनित	0	0	0	1	extra_words.txt
चर	8	8	8	8	EXO 22:5
चरखा	1	1	1	1	PRO 31:19
चरचराहट	1	1	1	2	ECC 7:6
चरण	1	1	1	5	1SA 25:41
चरणपीठ	1	1	1	1	AMO 5:26
चरणों	8	8	5	11	EXO 24:10
चरता	2	2	2	2	JOB 39:8
चरते	1	1	1	1	SNG 4:5
चरना	1	1	1	1	EZK 34:19
चरनी	5	5	3	6	JOB 39:9
चरने	5	5	4	5	GEN 41:2
चरनेवाली	1	1	1	1	JER 50:11
चरनेवाले	1	1	1	1	1CH 27:29
चरबी	59	59	5	0	EXO 29:13
चरम	0	0	0	4	extra_words.txt
चरवाहा	27	27	11	45	GEN 4:2
चरवाही	12	12	8	12	NUM 14:33
चरवाहे	39	39	16	50	GEN 29:3
चरवाहो	3	3	2	0	JER 25:34
चरवाहों	30	30	12	40	GEN 13:7
चरा	9	9	7	9	GEN 37:13
चराइयाँ	13	13	7	14	NUM 35:2
चराइयों	31	31	8	46	JOS 21:3
चराई	30	30	9	35	LEV 25:34
चराईवाले	2	2	2	2	1CH 13:2
चराऊँगा	4	4	3	5	GEN 30:31
चराए	3	3	3	3	EXO 22:5
चराएँगे	4	4	3	4	ISA 61:5
चराएगा	3	3	3	3	ISA 40:11
चराओ	1	1	1	1	GEN 29:7
चरागाह	4	4	2	3	1CH 4:39
चरागाहों	15	15	1	0	1CH 6:55
चराता	7	7	5	8	GEN 37:2
चराते	6	6	5	4	GEN 36:24
चराने	7	7	5	8	GEN 30:36
चरानेवालों	1	1	1	1	AMO 1:1
चराया	1	1	1	1	GEN 29:9
चरित्र	4	4	3	30	PSA 50:23
चरेंगी	3	3	2	4	ISA 11:7
चरेंगे	3	3	2	3	ISA 5:17
चरेगा	3	3	2	3	JER 50:19
चर्चा	144	144	41	171	GEN 19:21
चर्चित	0	0	0	2	extra_words.txt
चर्बी	26	26	10	91	GEN 4:4
चर्म	36	36	1	39	LEV 13:2
चर्मपत्र	0	0	0	2	extra_words.txt
चर्मपत्री	0	0	0	1	extra_words.txt
चर्मपत्रों	1	1	1	2	2TI 4:13
चर्महीन	5	5	1	5	LEV 13:14
चल	115	115	33	128	GEN 13:17
चलकर	59	59	17	64	GEN 9:23
चलता	138	138	33	149	GEN 5:22
चलती	21	21	11	21	1CH 21:12
चलते	203	203	47	169	GEN 1:21
चलन	20	20	14	60	GEN 6:12
चलना	52	52	23	63	EXO 18:20
चलनी	2	2	2	2	AMO 9:9
चलने	74	74	32	86	EXO 21:19
चलनेवाला	9	9	6	9	DEU 31:6
चलनेवाली	3	3	2	0	JER 2:23
चलनेवाले	24	24	19	26	GEN 7:21
चलनेवालो	3	3	2	0	JDG 5:10
चलनेवालों	9	9	6	12	LEV 11:27
चलनेहारों	1	1	1	1	1KI 20:10
चलवाई	1	1	1	1	JDG 7:22
चलवाऊँगा	4	4	2	4	LEV 26:25
चलवाए	1	1	1	1	EXO 5:3
चलवाकर	2	2	2	2	JER 19:7
चलवाता	1	1	1	1	PRO 20:26
चलवाते	2	2	1	0	JER 49:37
चलवाने	1	1	1	1	MAT 10:34
चलवाया	1	1	1	1	2SA 12:31
चला	442	442	43	457	GEN 3:14
चलाई	10	10	7	12	EXO 14:21
चलाऊँ	2	2	2	2	1SA 20:36
चलाऊँगा	14	14	6	14	1SA 20:20
चलाए	13	13	13	13	1SA 20:37
चलाएँ	4	4	3	4	EST 1:22
चलाएँगे	1	1	1	1	EZK 28:7
चलाएगा	6	6	3	8	PSA 25:12
चलाएगी	2	2	2	2	ISA 2:4
चलाओ	2	2	1	2	JER 46:9
चलाकर	18	18	15	17	GEN 24:27
चलाता	8	8	6	9	PRO 13:24
चलाते	2	2	2	3	PSA 74:5
चलाना	5	5	3	5	GEN 40:14
चलानी	1	1	1	1	LAM 5:13
चलाने	10	10	6	15	1CH 5:18
चलानेवाले	14	14	6	15	JDG 20:2
चलानेवालों	1	1	1	1	2KI 3:25
चलायमान	2	2	2	3	2SA 7:10
चलाया	24	24	11	25	EXO 15:10
चली	74	74	26	79	GEN 10:9
चलीं	3	3	2	3	PSA 78:20
चलूँ	9	9	5	12	EXO 33:5
चलूँगा	24	24	11	26	GEN 33:12
चलूँगी	2	2	2	2	JDG 4:9
चले	360	360	46	369	GEN 8:22
चलें	49	49	25	51	GEN 33:12
चलेंगी	2	2	2	2	RUT 1:10
चलेंगे	29	29	15	31	EXO 16:4
चलेगा	36	36	20	37	GEN 21:12
चलेगी	23	23	12	25	GEN 41:40
चलो	61	61	27	67	GEN 19:14
चलोगी	1	1	1	1	RUT 1:11
चलोगे	2	2	2	2	DEU 7:12
चहिये	1	1	1	0	JER 10:19
चहुँ	0	0	0	1	extra_words.txt
चाँद	34	34	19	42	NUM 29:6
चाँदनी	3	3	3	3	PSA 121:6
चाँदी	297	297	39	286	GEN 37:28
चाँदों	1	1	1	1	ISA 1:14
चाईं	1	1	1	1	LEV 21:20
चाक	1	1	1	2	JER 18:3
चाकरों	2	2	2	0	MAT 24:45
चाकू	1	1	1	1	JER 36:23
चाचा	12	12	6	13	LEV 10:4
चाचाओं	3	3	1	4	NUM 27:4
चाची	2	2	1	2	LEV 18:14
चाट	1	1	1	1	1KI 22:38
चाटता	2	2	2	2	GEN 3:14
चाटते	1	1	1	1	LUK 16:21
चाटा	1	1	1	1	1KI 21:19
चाटुकार	0	0	0	1	extra_words.txt
चाटेंगी	1	1	1	2	MIC 7:17
चाटेंगे	3	3	3	3	1KI 21:19
चादर	11	11	7	11	PSA 104:2
चापलूस	1	1	1	1	PSA 12:3
चापलूसी	8	8	5	10	2SA 22:45
चार	214	214	29	211	GEN 2:10
चारखाना	0	0	0	1	extra_words.txt
चारखाने	2	2	1	0	EXO 28:4
चारपाइयाँ	1	1	1	1	2SA 17:28
चारपाई	7	7	3	7	DEU 3:11
चारा	12	12	5	12	GEN 24:25
चारो	1	1	1	0	GEN 13:14
चारों	412	412	34	431	GEN 3:24
चाल	144	144	27	188	GEN 6:12
चालचलन	62	62	17	0	1KI 8:25
चालबाज	0	0	0	1	extra_words.txt
चालबाज़ी	1	1	1	0	PRO 4:24
चालवाले	1	1	1	0	PRO 30:29
चालवालों	1	1	1	1	PRO 11:20
चाला	2	2	1	2	AMO 9:9
चालाक	0	0	0	1	extra_words.txt
चालाकी	2	2	2	2	ACT 7:19
चालीस	101	101	23	105	GEN 5:13
चालीसवें	3	3	3	3	NUM 33:38
चालू	0	0	0	1	extra_words.txt
चालें	1	1	1	1	ISA 32:7
चाव	1	1	1	1	DEU 28:32
चाह	5	5	4	6	PSA 45:11
चाहकर	1	1	1	1	PSA 137:3
चाहत	0	0	0	1	extra_words.txt
चाहता	203	203	45	240	GEN 23:13
चाहती	19	19	13	19	GEN 30:15
चाहते	116	116	28	124	GEN 24:49
चाहना	4	4	3	4	DEU 7:26
चाहने	3	3	2	3	PRO 19:22
चाहनेयोग्य	1	1	1	0	GEN 3:6
चाहनेवाला	2	2	2	2	TIT 1:8
चाहनेवाले	4	4	4	4	1SA 25:26
चाहा	86	86	25	93	GEN 6:2
चाहिए	77	77	28	116	EXO 33:5
चाहिये	44	44	23	54	EXO 36:5
चाही	5	5	4	4	1CH 19:19
चाहूँ	9	9	6	9	EXO 33:19
चाहे	393	393	50	414	GEN 4:12
चाहें	12	12	11	12	EXO 25:2
चाहेंगे	3	3	2	3	JER 8:3
चाहेगा	7	7	6	7	EXO 7:18
चाहो	6	6	6	6	EXO 13:13
चाहोगे	2	2	2	2	LUK 17:22
चिंगारियाँ	1	1	1	2	JOB 5:7
चिंगारी	1	1	1	1	ISA 1:31
चिंता	1	1	1	3	ROM 12:17
चिंताजनक	0	0	0	1	extra_words.txt
चिंतित	0	0	0	2	extra_words.txt
चिकना	7	7	4	3	NEH 8:10
चिकनाई	2	2	2	2	JOB 15:27
चिकनाहट	1	1	1	1	JDG 9:9
चिकनी	23	23	11	16	EXO 2:3
चिकने	7	7	6	6	GEN 27:16
चिकारा	1	1	1	1	DEU 14:5
चिकारियों	2	2	1	2	SNG 2:7
चिकारे	8	8	4	7	DEU 12:15
चिकित्सा	0	0	0	1	extra_words.txt
चिटकनी	2	2	1	2	2SA 13:17
चिट्ठियाँ	24	24	11	25	LEV 16:8
चिट्ठियों	1	1	1	2	EST 8:11
चिट्ठी	102	102	25	104	LEV 16:8
चिड़िया	9	9	7	9	DEU 22:6
चिड़ियाँ	3	3	2	5	PSA 104:17
चिड़ियें	3	3	3	2	NEH 5:18
चिड़ियों	7	7	6	6	GEN 15:10
चिड़ीमार	3	3	3	4	PSA 124:7
चिढ़कर	1	1	1	1	DAN 11:30
चिढ़ने	1	1	1	1	PRO 19:3
चिढ़नेवाली	1	1	1	1	PRO 21:19
चिढ़ाई	1	1	1	1	1SA 1:16
चिढ़ाकर	1	1	1	1	1SA 1:6
चिढ़ाती	1	1	1	1	1SA 1:7
चिढ़ाया	2	2	2	2	JDG 8:15
चिढ़े	1	1	1	1	PRO 18:19
चिढ़ेगा	1	1	1	1	DAN 11:11
चित	2	2	2	0	MRK 3:21
चितकबरी	4	4	1	4	GEN 30:32
चितकबरे	4	4	2	4	GEN 30:35
चितवन	1	1	1	1	SNG 4:9
चिता	15	15	12	13	NUM 24:14
चिताए	6	6	1	5	EZK 3:18
चिताओ	2	2	2	2	COL 3:16
चिताकर	14	14	10	10	DEU 3:21
चिताता	6	6	5	6	DEU 7:11
चिताते	1	1	1	1	NEH 9:26
चिताना	3	3	3	2	1KI 22:16
चिताया	16	16	10	12	EXO 19:23
चितौनियाँ	6	6	2	6	2KI 17:15
चितौनियों	27	27	6	26	1KI 2:3
चितौनी	12	12	7	10	DEU 30:18
चित्त	41	41	14	47	GEN 45:27
चित्तीवाली	4	4	1	4	GEN 30:32
चित्तीवाले	7	7	2	7	GEN 30:39
चित्र	5	5	2	7	ISA 49:16
चित्रकारी	1	1	1	1	ISA 2:16
चित्रित	0	0	0	1	extra_words.txt
चित्रों	1	1	1	1	EZK 8:11
चिथड़े	3	3	2	3	PRO 23:21
चिथड़ों	1	1	1	1	ISA 64:6
चिनगारियाँ	1	1	1	0	JOB 41:19
चिनार	3	3	3	3	GEN 30:37
चिन्ता	79	79	24	91	DEU 15:9
चिन्ताएँ	1	1	1	2	PSA 94:19
चिन्ताओं	3	3	3	4	JOB 4:13
चिन्तित	0	0	0	2	extra_words.txt
चिन्ह-सा	0	0	0	1	extra_words.txt
चिन्हवाले	0	0	0	2	extra_words.txt
चिन्हित	0	0	0	2	extra_words.txt
चिपक	1	1	1	1	PSA 22:15
चिपट	3	3	3	3	2SA 23:10
चिपटाऊँगा	1	1	1	1	EZK 29:4
चिपटी	1	1	1	1	EZK 29:4
चिमटे	4	4	4	4	1KI 7:50
चिमटों	1	1	1	1	2KI 25:14
चिमनी	1	1	1	1	HOS 13:3
चिर	0	0	0	1	extra_words.txt
चिरंजीव	4	4	2	4	1SA 10:24
चिरंजीवी	2	2	1	2	DAN 2:4
चिरपरिचित	0	0	0	3	extra_words.txt
चिरस्थाई	1	1	1	1	2CO 5:1
चिरे	10	10	2	10	LEV 11:3
चिल्ला	50	50	22	48	GEN 21:16
चिल्लाई	4	4	3	4	DEU 22:24
चिल्लाऊँगा	3	3	3	3	ISA 42:14
चिल्लाए	5	5	4	5	NUM 11:2
चिल्लाएँगे	2	2	2	2	ISA 24:11
चिल्लाएगा	1	1	1	2	ISA 42:2
चिल्लाओ	3	3	1	3	JER 25:34
चिल्लाओगे	1	1	1	1	ISA 65:14
चिल्लाकर	44	44	18	48	GEN 4:10
चिल्लाता	8	8	7	7	JOB 19:7
चिल्लाती	8	8	7	8	2SA 13:19
चिल्लाते	9	9	7	10	EXO 5:8
चिल्लाना	4	4	3	4	NUM 16:34
चिल्लाने	9	9	8	8	1SA 4:14
चिल्लाया	5	5	4	5	2SA 22:7
चिल्लाहट	33	33	11	35	GEN 18:20
चिह्न	159	159	26	0	GEN 4:15
चिह्नवाले	2	2	1	0	NUM 6:18
चिह्नों	20	20	17	0	GEN 1:14
चीं	2	2	1	0	ISA 10:14
चींटियाँ	1	1	1	1	PRO 30:25
चींटियों	1	1	1	1	PRO 6:6
चीज़	1	1	1	0	ECC 6:5
चीजें	1	1	1	1	JOB 3:5
चीजों	0	0	0	2	extra_words.txt
चीड़	2	2	1	2	ISA 41:19
चीता	3	3	2	3	ISA 11:6
चीते	3	3	3	3	DAN 7:6
चीतों	2	2	2	2	SNG 4:8
चीर	6	6	5	6	GEN 22:3
चीरकर	2	2	2	3	1KI 7:9
चीरता	2	2	2	3	ISA 28:24
चीरती	1	1	1	1	PSA 29:7
चीरना	2	2	2	2	LEV 19:28
चीरा	2	2	2	2	1SA 6:14
चीरे	3	3	2	3	JER 41:5
चीरें	1	1	1	1	LEV 21:5
चीरेंगे	1	1	1	1	JER 16:6
चील	2	2	2	2	LEV 11:14
चुंगी	18	18	3	34	EZR 4:13
चुक	2	2	2	2	1SA 9:7
चुकता	3	3	3	3	JOB 29:22
चुकती	1	1	1	0	JHN 16:21
चुकते	1	1	1	1	HOS 4:18
चुका	131	131	40	143	GEN 18:33
चुकाऊँगा	3	3	2	3	EZK 11:10
चुकाए	2	2	2	2	EXO 21:11
चुकाएँगे	1	1	1	1	LUK 11:19
चुकाएगा	8	8	4	9	PSA 72:2
चुकाओ	4	4	3	5	PSA 82:3
चुकाकर	1	1	1	1	LUK 18:3
चुकाता	5	5	5	5	DEU 10:18
चुकाते	1	1	1	1	JER 5:28
चुकाना	1	1	1	1	ZEC 7:9
चुकाने	2	2	2	2	ISA 34:8
चुकाया	4	4	4	3	GEN 30:6
चुकी	30	30	21	41	GEN 24:19
चुकीं	4	4	4	3	JOS 4:10
चुकूँ	2	2	2	2	JOB 21:3
चुकूँगा	1	1	1	1	EZK 16:42
चुके	101	101	34	105	GEN 16:3
चुकें	7	7	7	7	GEN 24:19
चुकेंगे	2	2	1	2	REV 11:7
चुकेगा	4	4	2	4	1SA 20:15
चुको	2	2	2	1	LEV 23:39
चुकोगे	1	1	1	0	MAT 10:23
चुग	3	3	3	3	MAT 13:4
चुगलखोर	1	1	1	1	ROM 1:29
चुगली	9	9	6	12	2SA 19:27
चुन	99	99	27	102	GEN 13:11
चुनकर	17	17	10	16	GEN 22:9
चुनना	1	1	1	1	LEV 19:9
चुना	38	38	15	61	1SA 16:1
चुनाव	0	0	0	3	extra_words.txt
चुनी	5	5	4	10	1KI 3:8
चुनूँ	1	1	1	1	PHP 1:22
चुनूँगा	1	1	1	1	NUM 17:5
चुने	47	47	23	55	NUM 11:28
चुनें	1	1	1	1	ACT 15:22
चुनो	1	1	1	1	1SA 17:8
चुनौती	0	0	0	3	extra_words.txt
चुप	81	81	27	87	GEN 34:5
चुपका	1	1	1	0	ZEP 3:17
चुपके	13	13	8	9	GEN 31:27
चुपचाप	37	37	20	39	GEN 24:21
चुपड़ा	1	1	1	0	PSA 92:10
चुपड़ी	18	18	9	13	EXO 29:2
चुप्पी	1	1	1	1	PSA 39:2
चुभ	0	0	0	1	extra_words.txt
चुभकर	2	2	2	2	2KI 18:21
चुभता	1	1	1	1	PRO 12:18
चुभनेवाला	1	1	1	1	EZK 28:24
चुभाया	1	1	1	2	2CO 12:7
चुभे	1	1	1	2	JOB 6:4
चुम्बन	9	9	8	9	PSA 85:10
चुम्बनों	1	1	1	1	SNG 1:2
चुरा	9	9	4	7	GEN 31:19
चुराई	1	1	1	1	EXO 22:7
चुराए	2	2	2	2	EXO 21:16
चुराकर	5	5	5	5	EXO 22:1
चुराता	1	1	1	1	DEU 24:7
चुराते	3	3	2	3	2SA 19:3
चुराने	1	1	1	2	HOS 4:2
चुराया	2	2	1	2	EXO 22:4
चुलबुला	1	1	1	1	JOB 33:2
चुल्लू	1	1	1	1	ISA 40:12
चुसाया	3	3	3	3	DEU 32:13
चूक	8	8	5	18	EZR 6:9
चूकता	3	3	3	4	JOB 21:10
चूकते	1	1	1	3	JDG 20:16
चूड़ियाँ	2	2	1	2	EZK 16:11
चूता	1	1	1	1	ECC 10:18
चूना	7	7	6	8	DEU 27:2
चूने	3	3	3	4	GEN 11:3
चूम	4	4	4	5	GEN 27:26
चूमकर	6	6	4	6	GEN 31:55
चूमता	1	1	1	1	PRO 24:26
चूमना	1	1	1	1	LUK 7:45
चूमने	4	4	4	4	GEN 31:28
चूमा	19	19	10	18	GEN 27:27
चूमूँ	1	1	1	0	MRK 14:44
चूमे	1	1	1	1	SNG 1:2
चूमें	1	1	1	1	HOS 13:2
चूमो	1	1	1	1	PSA 2:12
चूर	58	58	16	22	EXO 32:20
चूरकर	2	2	2	6	EXO 32:20
चूरचार	1	1	1	0	MAT 15:27
चूल	1	1	1	1	PRO 26:14
चूलें	2	2	1	2	EXO 26:17
चूलों	2	2	1	2	EXO 26:19
चूल्हे	2	2	2	2	LEV 11:35
चूस	1	1	1	1	JOB 20:16
चूसते	2	2	1	2	JOB 24:20
चूसे	1	1	1	1	LUK 11:27
चूसेगी	1	1	1	1	ISA 60:16
चूहा	1	1	1	1	LEV 11:29
चूहे	3	3	2	3	1SA 6:4
चूहों	2	2	1	2	1SA 6:5
चेत	1	1	1	1	EZK 33:5
चेता	2	2	2	2	ISA 42:25
चेतावनियाँ	2	2	1	4	DEU 4:45
चेतावनियों	1	1	1	4	DEU 6:17
चेतावनी	17	17	10	113	GEN 43:3
चेते	1	1	1	1	EZK 33:4
चेला	26	26	6	32	1CH 25:8
चेले	89	89	6	88	2KI 2:3
चेलों	182	182	8	198	1KI 20:35
चेष्टा	2	2	2	2	PRO 7:13
चेहरा	3	3	3	7	EXO 34:35
चेहरे	9	9	6	15	EXO 34:29
चैतन्य	1	1	1	1	2CO 5:13
चैन	62	62	27	62	LEV 26:6
चोंच	2	2	2	2	GEN 8:11
चोंयेटे	3	3	1	3	LEV 11:9
चोखा	14	14	9	0	GEN 2:12
चोखी	2	2	2	3	ISA 49:2
चोखे	39	39	7	0	EXO 25:11
चोगा	0	0	0	2	extra_words.txt
चोगे	1	1	1	0	MRK 12:38
चोचला	1	1	1	1	JER 13:27
चोट	18	18	8	22	GEN 4:23
चोटियाँ	3	3	3	4	GEN 8:5
चोटियों	9	9	6	10	JDG 9:25
चोटी	41	41	20	42	GEN 11:4
चोण्डे	1	1	1	1	JER 48:45
चोर	31	31	18	33	EXO 22:2
चोरबालू	1	1	1	0	ACT 27:17
चोरी	31	31	18	35	GEN 30:33
चोरों	2	2	2	3	ISA 1:23
चौंक	3	3	3	4	JDG 16:14
चौंककर	1	1	1	1	JDG 16:20
चौंतीस	2	2	2	2	GEN 11:16
चौंधिया	1	1	1	0	MIC 7:4
चौंसठ	2	2	1	0	NUM 26:25
चौक	29	29	16	29	GEN 19:2
चौकड़ियाँ	1	1	1	1	ISA 35:6
चौकस	36	36	19	26	GEN 24:6
चौकसी	71	71	20	72	DEU 4:9
चौकियाँ	9	9	6	9	2SA 8:6
चौकी	24	24	12	33	1SA 10:5
चौकीदारी	1	1	1	2	1CH 26:16
चौकीदारों	2	2	1	2	2KI 7:10
चौकीवाले	1	1	1	1	1SA 14:15
चौकों	16	16	9	17	PSA 144:14
चौकोनी	1	1	1	1	EZK 45:2
चौकोर	13	13	3	13	EXO 27:1
चौखट	11	11	6	11	EXO 12:7
चौखाने	1	1	1	0	1KI 7:17
चौगुना	2	2	2	2	2SA 12:6
चौड़ा	28	28	12	25	EXO 39:9
चौड़ाई	73	73	12	74	GEN 6:15
चौड़ी	23	23	9	21	EXO 25:25
चौड़े	15	15	8	14	2SA 22:20
चौथा	21	21	7	26	GEN 1:19
चौथाई	17	17	9	19	EXO 29:40
चौथी	9	9	5	16	GEN 2:14
चौथे	35	35	15	36	LEV 19:24
चौदह	27	27	13	28	GEN 31:41
चौदहवीं	3	3	2	3	1CH 24:13
चौदहवें	20	20	10	20	GEN 14:5
चौदहों	1	1	1	1	NUM 29:15
चौधरियों	1	1	1	1	ISA 60:17
चौपट	1	1	1	1	ISA 32:19
चौपाए	3	3	2	4	GEN 8:19
चौपायों	1	1	1	2	ROM 1:23
चौबीस	22	22	6	22	NUM 7:88
चौबीसवीं	2	2	1	2	1CH 24:18
चौबीसवें	7	7	4	7	NEH 9:1
चौबीसों	4	4	1	4	REV 4:10
चौमुखी	0	0	0	1	extra_words.txt
चौरस	20	20	8	20	JOS 13:9
चौरासी	2	2	2	2	NEH 11:18
चौराहे	0	0	0	1	extra_words.txt
चौराहों	1	1	1	4	MAT 22:9
चौवन	7	7	3	7	NUM 1:29
चौवा	2	2	1	1	EZK 40:5
चौवालीस	5	5	2	5	1CH 5:18
चौवे	2	2	1	1	EZK 40:43
चौसठ	0	0	0	2	extra_words.txt
चौहत्तर	4	4	3	4	NUM 1:27
च्यूं	4	4	1	0	ISA 38:14
छँटे	3	3	1	3	2CH 13:3
छः	164	164	29	173	GEN 7:6
छक	6	6	4	6	ISA 56:12
छकड़े	1	1	1	1	EZK 23:24
छकड़ों	1	1	1	1	EZK 26:10
छछून्दरों	1	1	1	1	ISA 2:20
छज्जे	3	3	2	3	JDG 3:23
छज्जों	2	2	1	2	EZK 41:16
छटकर	1	1	1	1	JOB 7:9
छटपटाता	1	1	1	0	PSA 55:2
छटपटाते	2	2	1	0	JOB 7:4
छठवाँ	12	12	5	12	GEN 1:31
छठवीं	4	4	3	7	JOS 19:32
छठवें	19	19	11	19	EXO 16:5
छठा	2	2	1	4	1CH 2:15
छठीं	1	1	1	1	1CH 25:13
छठे	2	2	1	1	JHN 4:6
छड़	4	4	3	5	1SA 17:7
छड़ियाँ	2	2	2	2	GEN 30:37
छड़ियों	10	10	2	10	GEN 30:37
छड़ी	33	33	13	37	GEN 32:10
छड़ें	8	8	3	8	EXO 38:10
छड़ों	2	2	1	2	EXO 36:38
छत	43	43	23	45	GEN 6:16
छतवाली	1	1	1	1	1KI 7:3
छतवाले	1	1	1	1	HAG 1:4
छते	1	1	1	0	1SA 14:27
छतों	6	6	3	9	ISA 15:3
छत्ता	3	3	2	4	PRO 24:13
छत्तीस	6	6	5	6	NUM 31:38
छत्तीसवें	1	1	1	1	2CH 16:1
छत्ते	2	2	2	3	PSA 19:10
छत्र	1	1	1	1	JER 43:10
छप	0	0	0	1	extra_words.txt
छप्पन	4	4	2	4	1CH 9:9
छप्पर	1	1	1	1	JON 4:5
छब्बीस	2	2	2	2	JDG 20:15
छब्बीसवें	1	1	1	1	1KI 16:8
छमछमाती	1	1	1	1	ISA 3:16
छल	66	66	24	75	GEN 21:23
छलककर	1	1	1	1	ISA 8:7
छलनी	1	1	1	2	1TI 6:10
छली	9	9	4	10	PSA 5:6
छल्ले	1	1	1	1	JAS 2:2
छल्लों	1	1	1	3	EST 1:6
छवि	0	0	0	4	extra_words.txt
छहों	9	9	6	8	EXO 25:33
छा	68	68	20	68	GEN 4:5
छाँट	13	13	10	13	GEN 32:13
छाँटकर	11	11	8	8	GEN 24:10
छाँटता	1	1	1	1	JHN 15:2
छाँटना	1	1	1	1	LEV 25:4
छाँटने	1	1	1	1	2SA 17:1
छाँटनेवाला	1	1	1	1	AMO 7:14
छाँटी	3	3	2	3	LEV 25:5
छाँटे	3	3	3	3	JDG 20:34
छाई	6	6	4	4	NUM 7:3
छाए	3	3	3	3	JOB 3:5
छाएँ	1	1	1	1	2CH 34:11
छाएगी	1	1	1	1	ISA 54:4
छाड़	2	2	2	0	DEU 32:27
छातियाँ	12	12	3	12	SNG 4:5
छातियों	6	6	4	6	LEV 9:20
छाती	58	58	22	60	EXO 4:6
छान	4	4	3	1	JDG 18:2
छानबीन	1	1	1	3	PSA 139:3
छानेवाला	1	1	1	0	EZK 28:14
छानेवाले	1	1	1	0	EZK 28:16
छाप	30	30	18	31	LEV 19:28
छापा	7	7	4	7	GEN 49:19
छापे	2	2	1	2	EXO 28:36
छाया	80	80	28	84	GEN 8:9
छाल	1	1	1	1	JOL 1:7
छावनियाँ	1	1	1	1	EZK 25:4
छावनियों	10	10	4	10	GEN 25:16
छावनी	176	176	22	191	GEN 32:21
छावनीवाले	1	1	1	1	NUM 2:3
छिंगुलिया	2	2	2	2	1KI 12:10
छिटकी	1	1	1	1	EST 3:8
छिटके	1	1	1	1	1SA 30:16
छिड़	1	1	1	1	1KI 20:29
छिड़क	20	20	6	19	EXO 24:6
छिड़ककर	2	2	1	3	LEV 14:7
छिड़कना	1	1	1	1	EXO 29:16
छिड़कने	2	2	2	2	EZK 43:18
छिड़कनेवाले	1	1	1	1	LEV 7:14
छिड़कवा	1	1	1	2	JDG 9:45
छिड़का	9	9	4	7	LEV 8:11
छिड़काव	2	2	1	8	HEB 10:22
छिड़की	1	1	1	1	PRO 7:17
छिड़कूँगा	1	1	1	1	EZK 36:25
छिड़के	14	14	3	17	LEV 4:6
छिड़कें	5	5	1	3	LEV 1:5
छिड़ेगा	1	1	1	0	ISA 19:2
छितरा	7	7	4	8	NUM 16:37
छितराई	2	2	2	3	JOB 18:15
छितराऊँगा	1	1	1	1	EZK 30:23
छितराता	1	1	1	1	ISA 28:25
छिद	5	5	5	5	JOB 30:17
छिदकर	1	1	1	1	DAN 11:33
छिदी	1	1	1	1	PSA 42:10
छिदे	1	1	1	3	JER 51:4
छिदेंगे	2	2	1	2	PSA 37:15
छिन	0	0	0	1	extra_words.txt
छिनवा	1	1	1	1	AMO 4:10
छिनवाऊँगा	1	1	1	1	JER 30:16
छिनाल	1	1	1	1	HOS 4:13
छिनालपन	3	3	3	3	2KI 9:22
छिनाला	11	11	3	12	ISA 23:17
छिनाले	9	9	5	8	ISA 23:17
छिन्न	2	2	1	1	EZK 12:15
छिप	31	31	19	33	GEN 3:8
छिपकर	15	15	8	16	DEU 27:24
छिपकली	2	2	2	2	LEV 11:30
छिपके	2	2	2	3	JDG 9:31
छिपना	1	1	1	1	JOB 24:4
छिपने	9	9	7	9	1KI 22:25
छिपा	106	106	28	120	GEN 4:7
छिपाऊँगा	3	3	3	3	JOB 27:11
छिपाए	10	10	5	9	1SA 3:17
छिपाएँगी	1	1	1	1	MIC 7:16
छिपाएगा	2	2	2	2	1SA 20:2
छिपाओ	1	1	1	1	JER 50:2
छिपाकर	2	2	2	3	2SA 12:12
छिपाता	3	3	2	4	PSA 10:11
छिपाते	1	1	1	1	ISA 3:9
छिपाना	1	1	1	2	ISA 58:7
छिपाने	3	3	3	9	GEN 37:26
छिपाया	6	6	4	9	JOB 3:10
छिपाये	1	1	1	1	ISA 8:17
छिपी	15	15	13	21	LEV 4:13
छिपूँगा	1	1	1	0	JOB 13:20
छिपे	17	17	10	20	DEU 33:19
छिपें	1	1	1	1	ISA 30:20
छियानबे	1	1	1	1	EZR 8:35
छियानवे	1	1	1	1	JER 52:23
छियालीस	3	3	2	3	NUM 1:21
छियासठ	6	6	6	6	GEN 46:26
छियासी	2	2	2	2	GEN 16:16
छिल	1	1	1	1	EZK 29:18
छिलके	6	6	5	6	GEN 30:37
छिलकों	1	1	1	1	JOB 41:15
छिलने	1	1	1	1	JOL 1:7
छिहत्तर	2	2	2	2	NUM 26:22
छींकने	1	1	1	1	JOB 41:18
छींका	1	1	1	1	2KI 4:35
छींटता	1	1	1	1	MAT 25:24
छींटा	1	1	1	1	MAT 25:26
छींटे	4	4	4	4	LEV 6:27
छींटों	1	1	1	1	LAM 4:14
छीन	52	52	20	53	GEN 31:1
छीनकर	17	17	11	18	1SA 28:17
छीनता	1	1	1	2	JHN 10:18
छीनते	2	2	2	2	JER 30:16
छीनने	3	3	2	5	JOB 9:12
छीननेवालों	1	1	1	2	EZK 39:10
छीना	3	3	3	4	ISA 49:24
छीनी	3	3	3	3	2SA 17:8
छीनूँगा	2	2	2	2	1SA 2:33
छीनेंगे	1	1	1	1	EZK 39:10
छील	1	1	1	1	GEN 30:37
छीलकर	2	2	2	2	2KI 18:16
छीली	1	1	1	1	GEN 30:38
छुआ	21	21	9	24	GEN 26:29
छुआया	1	1	1	1	DAN 8:5
छुआव	1	1	1	1	LEV 11:34
छुई	1	1	1	1	EST 5:2
छुए	5	5	4	1	DAN 10:16
छुओ	3	3	3	0	EXO 19:12
छुटकारा	38	38	20	58	EXO 5:23
छुटकारे	16	16	10	34	LEV 25:10
छुट्टी	8	8	7	7	JDG 11:38
छुड़वा	2	2	2	2	GEN 40:14
छुड़वाना	1	1	1	1	EXO 5:4
छुड़ा	110	110	26	116	GEN 38:20
छुड़ाई	8	8	6	9	EXO 15:13
छुड़ाऊँ	3	3	3	3	EXO 3:8
छुड़ाऊँगा	15	15	7	15	EXO 6:6
छुड़ाए	27	27	11	30	LEV 25:30
छुड़ाएँ	3	3	3	3	LEV 25:32
छुड़ाएगा	11	11	8	14	JDG 6:14
छुड़ाओ	3	3	2	3	PSA 82:4
छुड़ाकर	22	22	12	22	GEN 37:22
छुड़ाता	16	16	11	18	GEN 48:16
छुड़ाते	2	2	2	2	JDG 2:16
छुड़ाना	13	13	4	15	EXO 13:13
छुड़ाने	20	20	11	24	GEN 21:8
छुड़ानेवाला	43	43	17	46	LEV 25:26
छुड़ानेवाले	13	13	6	15	NUM 19:9
छुड़ाया	54	54	19	59	GEN 21:8
छुड़ौती	10	10	8	9	EXO 21:30
छुपा	0	0	0	2	extra_words.txt
छुरा	4	4	3	5	NUM 6:5
छुरियाँ	3	3	2	3	JOS 5:2
छुरियों	1	1	1	1	1KI 18:28
छुरी	3	3	2	3	GEN 22:6
छुरीवाले	1	1	1	1	ISA 41:15
छू	24	24	13	23	EXO 29:37
छूआ	2	2	2	1	NUM 31:19
छूई	0	0	0	1	extra_words.txt
छूईं	1	1	1	0	MAT 20:34
छूए	30	30	6	35	EXO 19:12
छूएँ	1	1	1	1	NUM 4:15
छूएगा	2	2	2	2	GEN 26:11
छूओ	4	4	4	8	NUM 16:26
छूकर	11	11	8	12	LEV 7:21
छूछा	4	4	3	2	NEH 5:13
छूछी	6	6	4	3	GEN 41:23
छूछे	15	15	8	0	GEN 31:42
छूट	37	37	20	41	GEN 24:8
छूटकर	9	9	7	8	LEV 12:7
छूटता	2	2	1	2	EZK 24:12
छूटती	1	1	1	1	JOB 41:19
छूटने	5	5	4	5	1SA 1:23
छूटा	4	4	3	4	DEU 2:34
छूटी	3	3	3	3	GEN 49:21
छूटे	4	4	3	5	LEV 25:30
छूटेगा	7	7	5	7	GEN 24:41
छूता	2	2	1	3	ZEC 2:8
छूते	5	5	5	5	JDG 16:9
छूना	6	6	6	7	GEN 3:3
छूने	9	9	8	11	GEN 20:6
छूनेवाले	1	1	1	2	NUM 19:18
छूनेहारा	1	1	1	0	LEV 15:23
छूरी	1	1	1	1	JDG 19:29
छेड़	3	3	2	2	DEU 2:24
छेड़कर	1	1	1	1	JDG 11:27
छेड़ना	3	3	1	3	DEU 2:5
छेड़ने	3	3	3	3	1CH 15:21
छेड़े	1	1	1	1	NUM 24:9
छेड़ें	1	1	1	1	GAL 5:26
छेड़ेगा	1	1	1	1	GEN 49:9
छेद	18	18	11	18	EXO 21:6
छेदकर	2	2	2	2	1KI 22:34
छेदता	1	1	1	1	HEB 4:12
छेदते	1	1	1	1	PSA 22:16
छेदना	1	1	1	1	DEU 15:17
छेदवाली	1	1	1	1	HAG 1:6
छेदा	3	3	3	3	EXO 19:13
छेदेंगे	1	1	1	1	EZK 16:40
छेदेगा	1	1	1	1	2KI 18:21
छेदों	2	2	2	2	ISA 2:21
छोट	1	1	1	0	JAS 3:5
छोटा	81	81	30	102	GEN 2:5
छोटी	57	57	20	68	GEN 1:16
छोटे	104	104	28	104	GEN 1:11
छोटों	8	8	4	8	MAT 10:42
छोड़	420	420	49	439	GEN 11:8
छोड़कर	139	139	35	152	GEN 2:24
छोड़ता	9	9	6	11	JOB 10:18
छोड़ती	3	3	2	3	PRO 28:3
छोड़ते	12	12	10	10	JDG 2:19
छोड़ना	14	14	8	21	EXO 12:6
छोड़ने	9	9	6	11	DEU 2:14
छोड़ा	62	62	26	64	GEN 22:12
छोड़ी	8	8	6	9	JOS 11:15
छोड़ूँ	1	1	1	0	1SA 25:22
छोड़ूँगा	25	25	12	26	GEN 18:26
छोड़ूँगी	1	1	1	1	2KI 4:30
छोड़े	21	21	17	23	GEN 49:33
छोड़ें	6	6	6	3	NUM 9:12
छोड़ेंगे	6	6	6	6	DEU 28:51
छोड़ेगा	14	14	8	15	GEN 18:24
छोड़ेगी	1	1	1	1	JER 42:16
छोड़ो	15	15	12	15	EXO 16:23
छोड़ोगे	1	1	1	1	ISA 10:3
छोर	82	82	22	84	GEN 47:21
छोरवाले	2	2	1	2	DEU 2:36
छोरों	5	5	1	6	EXO 26:4
जँगल	5	5	1	0	2CH 20:16
जँचे	1	1	1	0	JER 40:4
जंग	0	0	0	4	extra_words.txt
जंगल	303	303	35	335	GEN 14:6
जंगली	45	45	12	73	2SA 17:16
जंगलों	5	5	4	5	2CH 27:4
जंघानस	2	2	1	2	GEN 32:32
जंजीर	8	8	6	7	GEN 41:42
जंजीरें	1	1	1	1	ACT 12:7
जंजीरों	9	9	4	16	EXO 28:14
जंतु	1	1	1	0	DEU 14:19
जकड़	4	4	4	5	JDG 16:21
जकड़कर	4	4	4	4	2KI 25:7
जकड़ता	1	1	1	0	JOB 12:18
जकड़वा	1	1	1	1	JER 39:7
जकड़ा	6	6	6	9	JDG 16:14
जकड़ूँगा	1	1	1	1	EZK 4:8
जकड़े	4	4	4	4	JOB 36:8
जकरयाह	11	11	2	0	MAT 23:35
जकर्याह	43	43	7	70	2KI 14:29
जक्कई	3	3	1	7	LUK 19:2
जक्कर	1	1	1	0	1CH 4:26
जक्कू	1	1	1	0	1CH 24:27
जक्कूर	7	7	3	10	NUM 13:4
जक्कै	2	2	2	0	EZR 2:9
जगत	150	150	29	171	1SA 2:8
जगत्	1	1	1	0	PSA 50:12
जगह	101	101	22	113	GEN 2:21
जगहें	1	1	1	1	LUK 14:7
जगहों	6	6	4	6	MAT 12:43
जगाओ	3	3	2	3	1SA 4:9
जगाकर	1	1	1	1	MRK 4:38
जगाता	2	2	1	2	ISA 14:9
जगाना	2	2	2	2	1KI 18:27
जगाने	1	1	1	1	JHN 11:11
जगानेवाला	1	1	1	1	DEU 18:11
जगाया	6	6	5	6	SNG 8:5
जज	1	1	1	0	DAN 3:3
जजों	1	1	1	0	DAN 3:2
जटामांसी	2	2	2	0	MRK 14:3
जटामासी	3	3	1	5	SNG 1:12
जड़	62	62	26	78	EXO 39:6
जड़कर	1	1	1	1	COL 2:14
जड़ने	6	6	2	6	EXO 25:7
जड़वा	2	2	1	2	EXO 28:11
जड़वाए	1	1	1	1	2CH 3:6
जड़वाना	1	1	1	1	EXO 28:14
जड़ा	1	1	1	1	SNG 3:10
जड़ाना	1	1	1	1	EXO 28:17
जड़ी	1	1	1	2	EZK 27:6
जड़े	9	9	4	9	EXO 28:20
जड़ें	1	1	1	2	JOB 30:4
जड़ों	1	1	1	1	DAN 11:7
जता	12	12	8	13	EXO 18:20
जताए	3	3	3	5	EXO 21:29
जताओ	1	1	1	1	1PE 5:3
जताकर	2	2	2	2	RUT 4:4
जताता	1	1	1	2	NUM 16:13
जताते	4	4	3	4	NEH 5:15
जताना	2	2	2	2	LEV 25:46
जताने	1	1	1	1	LEV 25:53
जताया	3	3	3	5	1SA 19:11
जत्तू	4	4	2	4	EZR 2:8
जत्थों	1	1	1	2	EXO 6:26
जन	216	216	45	239	GEN 14:13
जनकर	1	1	1	1	JER 14:5
जनता	11	11	1	18	LEV 9:7
जनती	3	3	3	3	JER 4:31
जनतीं	1	1	1	1	JOB 39:3
जननी	6	6	3	6	PRO 17:25
जनने	12	12	5	15	GEN 20:17
जनी	8	8	6	9	GEN 19:37
जनीं	1	1	1	1	GEN 30:39
जने	4	4	4	4	DEU 28:57
जनें	5	5	5	5	DEU 21:15
जनेगी	6	6	3	6	GEN 16:11
जनों	77	77	17	84	GEN 24:54
जन्तु	50	50	13	45	GEN 1:24
जन्तुओ	2	2	2	0	PSA 148:10
जन्तुओं	26	26	13	24	GEN 1:21
जन्म	123	123	25	155	GEN 4:1
जन्मते	3	3	2	2	PSA 22:10
जन्मदिन	2	2	2	6	GEN 40:20
जन्मने	1	1	1	1	ISA 37:3
जन्मभूमि	10	10	4	0	GEN 11:28
जन्मा	28	28	13	30	GEN 46:10
जन्माऊँ	1	1	1	1	ISA 66:9
जन्माए	5	5	4	5	GEN 24:24
जन्माएँ	3	3	2	3	JER 16:3
जन्माओ	1	1	1	1	JER 29:6
जन्माता	1	1	1	1	ISA 45:10
जन्माने	1	1	1	1	ISA 66:9
जन्मानेवाला	1	1	1	1	PRO 23:24
जन्मानेवाले	1	1	1	1	PRO 23:22
जन्माया	2	2	2	5	ISA 49:21
जन्माये	1	1	1	1	GEN 24:15
जन्मी	2	2	2	3	PSA 110:3
जन्मे	13	13	10	17	GEN 41:50
जप्त	1	1	1	1	EZR 7:26
जब	2810	2810	62	2914	GEN 1:3
जबकि	9	9	8	77	EZR 9:13
जबड़ा	1	1	1	2	JOB 41:2
जबड़े	4	4	1	5	JDG 15:15
जबड़ों	5	5	4	6	JOB 41:13
जबद्याह	9	9	3	9	1CH 8:15
जबरदस्ती	3	3	2	2	EZK 34:4
जबरन	13	13	4	12	JER 23:2
जबीदा	1	1	1	1	2KI 23:36
जबीना	1	1	1	1	EZR 10:43
जबूल	6	6	1	6	JDG 9:28
जबूलून	40	40	13	43	GEN 35:23
जबूलूनियों	7	7	3	7	NUM 7:24
जबूलूनी	2	2	1	2	JDG 12:11
जबूलून्	1	1	1	0	GEN 30:20
जब्त	0	0	0	1	extra_words.txt
जब्दी	17	17	7	20	JOS 7:1
जब्दीएल	2	2	2	2	1CH 27:2
जब्बूद	1	1	1	0	EZR 8:14
जब्बै	2	2	2	2	EZR 10:28
जम	6	6	3	5	EXO 15:8
जमजुम्मी	1	1	1	2	DEU 2:20
जमने	1	1	1	1	PSA 89:43
जमा	3	3	3	4	GEN 41:48
जमाई	1	1	1	1	JOB 39:19
जमाकर	1	1	1	1	JOB 10:10
जमाखोरी	0	0	0	1	extra_words.txt
जमानत	1	1	1	5	PRO 11:15
जमाये	1	1	1	1	ISA 17:10
जमावट	0	0	0	1	extra_words.txt
जमी	1	1	1	1	JOB 15:27
जमीन	1	1	1	2	ACT 27:14
जमीरा	1	1	1	1	1CH 7:8
जमे	1	1	1	1	LEV 13:37
जय	46	46	17	43	LEV 9:24
जयकार	13	13	7	9	LEV 9:24
जयजयकार	83	83	10	88	NUM 29:1
जयवन्त	16	16	12	17	NUM 22:6
जरह्याह	7	7	2	0	1CH 6:6
जरुब्बाबिल	3	3	2	0	MAT 1:12
जरुब्बाबेल	22	22	5	31	1CH 3:19
जरूरतों	0	0	0	1	extra_words.txt
जल	493	493	42	510	GEN 1:2
जलकर	9	9	7	8	NUM 25:11
जलकुक्कट	0	0	0	3	extra_words.txt
जलकुक्कुट	2	2	2	0	LEV 11:16
जलगज	1	1	1	1	JOB 40:15
जलचर	2	2	2	2	PSA 104:25
जलचरी	2	2	1	2	LEV 11:10
जलजन्तु	2	2	2	3	LEV 11:9
जलजन्तुओं	1	1	1	1	LEV 11:9
जलजलाहट	91	91	17	99	NUM 25:11
जलता	11	11	10	12	EXO 27:20
जलती	20	20	12	20	GEN 15:17
जलते	17	17	10	13	LEV 16:12
जलधाराओं	1	1	1	1	PSA 42:7
जलन	45	45	16	53	EXO 20:5
जलनवाला	2	2	1	2	NUM 5:15
जलनवाले	1	1	1	1	NUM 5:25
जलनशील	1	1	1	2	EXO 34:14
जलनिधि	2	2	1	2	JOB 26:5
जलने	13	13	7	12	LEV 13:24
जलन्धर	1	1	1	0	LUK 14:2
जलपाइयों	1	1	1	0	2KI 18:32
जलपाई	4	4	4	0	DEU 24:20
जलपात्रों	1	1	1	1	EXO 7:19
जलपान	1	1	1	1	GEN 24:33
जलप्रलय	5	5	3	0	PSA 29:10
जलफाटक	5	5	1	5	NEH 3:26
जलभरे	1	1	1	3	NUM 24:7
जलमग्न	0	0	0	1	extra_words.txt
जलयात्रा	2	2	1	2	ACT 21:7
जलरहित	1	1	1	1	DEU 8:15
जलवाकर	1	1	1	1	2KI 23:16
जलवाले	1	1	1	1	2SA 12:27
जलवृष्टि	1	1	1	1	PSA 105:32
जला	45	45	15	48	EXO 12:10
जलाई	10	10	8	10	GEN 38:24
जलाईं	1	1	1	1	2CH 34:5
जलाऊँ	1	1	1	1	2CH 2:4
जलाए	40	40	9	40	EXO 22:6
जलाएँ	2	2	2	2	LEV 3:5
जलाएँगे	2	2	2	2	JDG 14:15
जलाएगा	2	2	2	2	PSA 21:9
जलाएगी	1	1	1	1	JER 15:14
जलाओ	1	1	1	1	DAN 2:46
जलाकर	14	14	11	17	LEV 6:12
जलाता	4	4	3	4	PSA 18:28
जलाती	3	3	3	6	JER 44:15
जलातीं	2	2	2	0	1KI 11:8
जलाते	18	18	7	20	1KI 13:2
जलाना	15	15	7	18	EXO 29:13
जलाने	22	22	12	27	EXO 30:1
जलानेवाला	1	1	1	1	AMO 6:10
जलानेवाले	2	2	2	2	2CH 29:11
जलाया	51	51	12	58	EXO 30:7
जलाशय	2	2	2	4	2KI 20:20
जलाशयों	8	8	7	8	EXO 8:6
जलाहट	1	1	1	0	DEU 9:19
जलूँगा	2	2	1	2	EZK 16:42
जले	9	9	5	9	NUM 16:39
जलें	1	1	1	1	PRO 6:27
जलेंगे	1	1	1	1	ISA 1:31
जलेगा	1	1	1	1	JER 25:10
जलोदर	0	0	0	2	extra_words.txt
जल्द	5	5	5	6	MAT 13:5
जल्दी	22	22	12	19	GEN 18:6
जवान	140	140	36	143	GEN 4:23
जवानी	29	29	13	36	1SA 2:33
जवानो	3	3	2	0	PSA 148:12
जवानों	53	53	20	60	GEN 14:24
जवाब	1	1	1	1	TIT 2:9
जहर	1	1	1	1	2KI 4:40
जहरीले	0	0	0	2	extra_words.txt
जहाँ	308	308	41	334	GEN 2:11
जहाज	87	87	17	107	GEN 6:14
जहाजवाले	1	1	1	0	REV 18:19
जहाज़	13	13	5	0	GEN 7:16
जहाज़ों	3	3	2	0	PSA 107:23
जहाजियों	5	5	2	5	1KI 22:49
जहाजी	1	1	1	1	2CH 9:10
जहाजो	2	2	1	0	ISA 23:1
जहाजों	10	10	7	16	GEN 49:13
ज़च्चा	25	25	10	0	1SA 4:19
ज़ब्दी	1	1	1	0	1CH 8:19
ज़मानत	1	1	1	0	JOB 17:3
ज़ामिन	1	1	1	0	JOB 17:3
ज़ीज़ा	1	1	1	0	1CH 4:37
ज़ैन	1	1	1	1	PSA 119:48
ज़ोर	2	2	1	0	JER 25:30
जा	513	513	40	610	GEN 7:1
जाँघ	30	30	10	31	GEN 24:2
जाँघिया	5	5	3	5	EXO 28:42
जाँघियों	1	1	1	1	EXO 28:43
जाँघें	1	1	1	1	DAN 2:32
जाँघों	2	2	2	2	JOB 40:17
जाँच	23	23	15	24	LEV 13:7
जाँचकर	3	3	2	4	PSA 139:1
जाँचता	11	11	8	13	1CH 28:9
जाँचती	1	1	1	1	PSA 11:4
जाँचते	2	2	1	2	1CO 9:3
जाँचने	4	4	3	6	2CH 19:8
जाँचनेवाला	2	2	2	2	PRO 24:12
जाँचनेवाले	1	1	1	0	ACT 15:8
जाँचा	5	5	3	4	PSA 17:3
जाँचीं	1	1	1	0	ECC 7:27
जाँचूँगा	2	2	2	2	ECC 2:1
जाँचे	4	4	3	4	JOB 9:23
जाँचो	2	2	2	3	ACT 22:24
जाइए	1	1	1	1	GEN 19:2
जाई	0	0	0	1	extra_words.txt
जाऊँ	64	64	27	66	GEN 19:19
जाऊँगा	94	94	34	97	GEN 13:9
जाऊँगी	12	12	10	12	GEN 24:58
जाए	1068	1068	57	1164	GEN 1:6
जाएँ	412	412	53	432	GEN 8:17
जाएँगी	90	90	26	105	GEN 3:5
जाएँगे	442	442	46	462	GEN 6:17
जाएगा	821	821	50	913	GEN 2:17
जाएगी	221	221	42	250	GEN 4:7
जाएब	1	1	1	0	PSA 83:11
जाओ	234	234	47	230	GEN 1:22
जाओगी	4	4	3	4	ISA 32:10
जाओगे	71	71	21	74	GEN 3:3
जाकर	703	703	42	716	GEN 6:19
जाकरवेदी	1	1	1	0	1KI 1:50
जाके	1	1	1	0	GEN 22:13
जाग	37	37	16	41	GEN 28:16
जागकर	5	5	3	5	ISA 26:19
जागता	6	6	6	6	JOB 8:6
जागते	26	26	14	29	EZR 8:29
जागना	1	1	1	1	PSA 127:1
जागनेवाला	0	0	0	1	extra_words.txt
जागनेहारा	1	1	1	0	PSA 73:20
जागा	4	4	4	4	GEN 41:7
जागूँगा	1	1	1	1	PSA 17:15
जागृत	5	5	4	7	JER 1:12
जागृति	0	0	0	4	extra_words.txt
जागे	1	1	1	1	MRK 4:27
जागेंगे	3	3	2	3	JER 51:39
जागेगा	1	1	1	1	JOB 14:12
जागो	1	1	1	1	PSA 108:2
जाजा	1	1	1	1	1CH 2:33
जाड़ा	7	7	6	4	JOB 37:9
जाड़े	12	12	11	11	JOB 24:7
जाता	618	618	55	794	GEN 6:21
जाति	547	547	42	246	GEN 1:11
जातिभाइयों	7	7	5	9	GEN 23:11
जातियाँ	50	50	19	55	GEN 10:32
जातियो	1	1	1	0	JER 6:18
जातियों	268	268	37	260	GEN 7:15
जातिवाले	3	3	2	3	GEN 36:21
जातिवालों	3	3	3	2	PSA 9:15
जाती	241	241	47	289	GEN 2:6
जातीं	10	10	6	10	2SA 23:6
जातीय	0	0	0	1	extra_words.txt
जाते	408	408	53	431	GEN 9:2
जादू	4	4	2	1	EXO 22:18
जादूगर	2	2	1	7	EXO 8:7
जादूगरनी	1	1	1	1	ISA 57:3
जादूगरों	5	5	1	6	EXO 7:11
जान	401	401	48	404	GEN 8:11
जान-बूझके	0	0	0	2	extra_words.txt
जानकर	143	143	43	151	GEN 21:30
जानकार	1	1	1	2	2CH 8:18
जानकारी	1	1	1	6	1KI 9:27
जानता	393	393	47	438	GEN 3:5
जानती	28	28	14	30	GEN 31:6
जानतीं	6	6	6	4	2KI 17:26
जानते	273	273	50	290	GEN 29:5
जानना	26	26	13	31	LEV 11:11
जानने	19	19	17	20	RUT 3:14
जाननेवाला	6	6	5	7	NUM 24:16
जाननेवाले	3	3	3	3	2CH 34:12
जाननेवालो	2	2	2	0	ISA 51:7
जाननेवालों	2	2	2	4	PSA 36:10
जानवर	5	5	4	9	LEV 22:8
जानवरों	2	2	2	4	1SA 30:20
जाना	254	254	46	435	GEN 16:4
जानी	5	5	3	8	ISA 23:4
जानूँ	13	13	10	12	GEN 15:8
जानूँगा	2	2	2	2	PSA 101:4
जाने	476	476	50	524	GEN 11:31
जानें	16	16	10	15	EXO 16:32
जानेंगे	9	9	7	11	PSA 59:13
जानेगा	9	9	9	8	PSA 73:20
जानेगी	1	1	1	1	ZEC 2:12
जानेवाला	10	10	8	19	EXO 34:12
जानेवाली	4	4	3	7	LEV 23:15
जानेवाले	14	14	10	17	LEV 27:32
जानेवालों	9	9	5	10	JDG 9:25
जानो	24	24	16	27	LEV 25:21
जानोगे	10	10	6	11	LEV 26:15
जानोह	5	5	3	5	JOS 15:34
जाबाद	9	9	3	9	1CH 2:36
जाबान	1	1	1	0	GEN 36:27
जाबूद	1	1	1	1	1KI 4:5
जामिन	4	4	3	5	GEN 43:9
जामे	1	1	1	0	EZK 27:20
जाय	4	4	4	0	1SA 5:8
जाया	41	41	22	31	EXO 18:19
जाये	3	3	3	11	LEV 6:22
जायेंगे	1	1	1	2	GEN 41:30
जायेगा	4	4	4	2	EXO 4:9
जायेगी	3	3	3	0	1KI 9:7
जारी	0	0	0	3	extra_words.txt
जाल	56	56	16	68	JOS 23:13
जालसाजी	1	1	1	1	MIC 7:3
जाला	1	1	1	1	JOB 8:14
जालियाँ	2	2	1	2	1KI 7:17
जालियों	5	5	3	5	1KI 7:18
जाली	8	8	5	8	EXO 27:4
जालीदार	2	2	2	2	1KI 6:4
जाले	2	2	1	2	ISA 59:5
जालों	5	5	3	5	PSA 141:10
जावान	1	1	1	2	1CH 1:42
जावे	1	1	1	0	PSA 135:21
जाहम	1	1	1	1	2CH 11:19
जाहिर	0	0	0	4	extra_words.txt
जिक्री	13	13	4	13	EXO 6:21
जिठानी	2	2	1	2	RUT 1:15
जितना	64	64	25	72	GEN 15:18
जितनी	87	87	25	95	GEN 13:15
जितने	382	382	44	394	GEN 1:29
जितनों	26	26	16	27	GEN 7:22
जितेन्द्रिय	1	1	1	1	TIT 1:8
जिधर	11	11	7	11	RUT 1:16
जिन	197	197	47	158	GEN 1:21
जिनका	50	50	27	56	LEV 16:27
जिनकी	45	45	25	53	GEN 6:4
जिनके	135	135	37	152	GEN 1:11
जिनको	62	62	26	74	GEN 31:51
जिनपर	26	26	0	0	OV bigram
जिनमें	67	67	30	96	GEN 1:12
जिनसे	61	61	27	81	EXO 6:16
जिन्हें	159	159	40	182	GEN 33:5
जिन्हों	1	1	1	0	DEU 31:13
जिन्होंने	118	118	38	134	GEN 19:8
जिप्रोन	1	1	1	1	NUM 34:9
जिब्राईल	2	2	1	0	LUK 1:19
जिब्राएल	2	2	1	0	DAN 8:16
जिम्मा	5	5	2	5	1CH 6:20
जिम्मेदार	0	0	0	1	extra_words.txt
जिम्मेदारियाँ	0	0	0	3	extra_words.txt
जिम्मेदारियों	0	0	0	1	extra_words.txt
जिम्मेदारी	0	0	0	3	extra_words.txt
जिम्रान	2	2	2	2	GEN 25:2
जिम्री	14	14	5	15	NUM 25:14
जिला	16	16	3	17	PSA 80:18
जिलाऊँगा	1	1	1	1	JER 49:11
जिलाए	8	8	7	8	2KI 7:4
जिलाएगा	7	7	5	6	PSA 71:20
जिलाओ	1	1	1	1	MAT 10:8
जिलाकर	5	5	4	5	ACT 13:33
जिलाता	8	8	6	9	DEU 32:39
जिलाने	1	1	1	1	ACT 13:34
जिलानेवाला	1	1	1	1	2KI 5:7
जिलाया	36	36	14	38	2SA 12:3
जिले	8	8	1	8	NEH 3:9
जिल्पा	7	7	1	7	GEN 29:24
जिस	844	844	64	635	GEN 2:4
जिसका	162	162	40	224	GEN 17:10
जिसकी	125	125	38	157	GEN 6:7
जिसके	312	312	47	372	GEN 12:8
जिसको	101	101	34	110	GEN 4:25
जिसने	260	260	46	307	GEN 4:11
जिसपर	67	67	0	0	OV bigram
जिसमें	145	145	40	224	GEN 15:17
जिससे	344	344	49	494	GEN 7:17
जिसे	340	340	52	387	GEN 2:2
जी	195	195	39	213	GEN 25:6
जीऊँ	1	1	1	1	GAL 2:19
जीएँ	3	3	3	6	ROM 14:8
जीएँगे	6	6	5	6	EZK 47:9
जीएगा	1	1	1	2	JHN 11:25
जीओगे	1	1	1	1	EZK 37:14
जीकर	1	1	1	1	EZK 37:10
जीजा	2	2	2	3	1CH 23:11
जीत	28	28	17	37	GEN 14:7
जीतकर	8	8	6	9	GEN 14:17
जीतते	3	3	2	1	JDG 11:33
जीतने	1	1	1	3	DEU 20:19
जीतनेवाला	0	0	0	1	extra_words.txt
जीतनेवालों	1	1	1	1	EXO 32:18
जीता	5	5	5	12	GEN 20:7
जीती	2	2	2	1	GEN 12:12
जीते	15	15	12	17	GEN 25:6
जीतेंगे	1	1	1	1	PSA 12:4
जीतेगा	2	2	2	1	PSA 112:5
जीतो	1	1	1	1	1CO 9:24
जीन	1	1	1	1	2SA 16:1
जीना	1	1	1	8	1CH 23:10
जीने	1	1	1	10	2CO 7:3
जीप	9	9	4	10	JOS 15:24
जीपा	1	1	1	1	1CH 4:16
जीपी	2	2	1	2	1SA 23:19
जीभ	59	59	22	63	EXO 4:10
जीभें	1	1	1	1	ACT 2:3
जीभों	1	1	1	1	ROM 3:13
जीरा	1	1	1	1	ISA 28:27
जीरे	3	3	2	3	ISA 28:25
जीर्ण	2	2	2	2	DEU 9:21
जीव	34	34	14	20	GEN 18:5
जीवजन्तु	11	11	5	9	GEN 8:17
जीवजन्तुओं	4	4	2	5	JER 19:7
जीवता	10	10	5	0	PRO 1:12
जीवते	26	26	16	0	2KI 19:4
जीवतों	13	13	10	0	PSA 52:5
जीवधारियों	12	12	2	13	LEV 11:2
जीवधारी	9	9	4	10	LEV 11:10
जीवन	401	401	49	594	GEN 1:30
जीवनकाल	2	2	2	7	2SA 1:23
जीवनदाता	1	1	1	1	PSA 42:8
जीवनदान	1	1	1	4	PSA 21:4
जीवनदायक	3	3	3	5	EZK 33:15
जीवनदायी	1	1	1	2	PRO 15:31
जीवनपत्र	1	1	1	1	ISA 4:3
जीवनरूपी	2	2	2	3	1SA 25:29
जीवनलोक	8	8	2	8	JOB 28:13
जीवनशैली	0	0	0	2	extra_words.txt
जीवन्त	0	0	0	1	extra_words.txt
जीविका	5	5	4	6	MRK 12:44
जीवित	371	371	45	415	GEN 1:20
जीविते	1	1	1	31	1KI 3:25
जीवितों	4	4	4	17	PSA 27:13
जीवों	1	1	1	2	GEN 8:21
जुआ	2	2	2	0	2CH 10:11
जुए	0	0	0	1	extra_words.txt
जुओं	1	1	1	2	EZK 30:18
जुगनू	1	1	1	1	EXO 35:22
जुट	2	2	1	2	ROM 6:5
जुड़	3	3	3	4	EZR 5:8
जुड़वा	1	1	1	2	SNG 4:2
जुड़वाँ	1	1	1	1	SNG 6:6
जुड़वाना	3	3	1	3	EXO 26:6
जुड़वे	4	4	2	4	GEN 25:24
जुड़ाई	2	2	2	2	LEV 14:42
जुड़े	6	6	4	7	EXO 26:3
जुत	1	1	1	1	2KI 9:21
जुतवा	2	2	2	1	1KI 18:44
जुतवाएगा	1	1	1	1	1SA 8:12
जुतवाओ	1	1	1	1	JER 46:4
जुतवाकर	1	1	1	2	GEN 46:29
जुतवाया	1	1	1	0	EXO 14:6
जुती	1	1	1	1	SNG 1:9
जुतो	2	2	2	3	2CO 6:14
जुबली	22	22	2	29	LEV 25:10
जुरमाना	3	3	2	0	NUM 35:31
जुरमाने	1	1	1	0	2CH 36:3
जुर्माना	1	1	1	3	PRO 17:26
जुला	1	1	1	0	HOS 7:8
जुलाहे	5	5	5	5	1SA 17:7
जुलाहों	1	1	1	1	1CH 11:23
जुली	3	3	3	1	EXO 12:38
जुलूस	0	0	0	2	extra_words.txt
जुले	2	2	2	1	JER 50:37
जूआ	32	32	11	38	NUM 19:2
जूए	17	17	12	19	GEN 27:40
जूओं	1	1	1	1	ISA 58:6
जूजियों	1	1	1	1	GEN 14:5
जूझे	3	3	2	2	NUM 31:8
जूठन	1	1	1	1	LUK 16:21
जूता	3	3	2	3	PSA 60:8
जूतियाँ	10	10	9	10	DEU 29:5
जूतियों	3	3	3	4	EXO 3:5
जूती	13	13	9	14	GEN 14:23
जूते	7	7	6	7	DEU 33:25
जूतों	3	3	3	3	ISA 5:27
जूफा	11	11	6	13	EXO 12:22
जूफे	1	1	1	1	JHN 19:29
जूस	2	2	1	0	JDG 6:19
जेकेर	1	1	1	1	1CH 8:31
जेठा	43	43	12	43	GEN 22:21
जेठांस	1	1	1	1	DEU 21:16
जेठांसी	1	1	1	1	DEU 21:17
जेठी	1	1	1	1	JOB 42:14
जेठे	22	22	9	21	GEN 27:1
जेतान	1	1	1	1	1CH 7:10
जेताम	2	2	1	2	1CH 23:8
जेतेर	1	1	1	1	EST 1:10
जेनास	1	1	1	1	TIT 3:13
जेब	5	5	1	7	JDG 7:25
जेबह	12	12	2	12	JDG 8:5
जेबेरेक्याह	1	1	1	1	ISA 8:2
जेरह	22	22	7	23	GEN 36:13
जेरहवंशियों	2	2	1	2	JOS 7:17
जेरहवंशी	3	3	1	3	JOS 7:1
जेरहियों	2	2	1	2	NUM 26:13
जेरही	1	1	1	1	1CH 27:13
जेरा	1	1	1	1	1CH 9:12
जेरेद	4	4	2	4	NUM 21:12
जेरेश	4	4	1	4	EST 5:10
जेल	0	0	0	1	extra_words.txt
जेलखाने	5	5	4	5	MAT 14:3
जेला	1	1	1	1	2SA 21:14
जेलोतेस	2	2	2	2	LUK 6:15
जेवनार	1	1	1	0	EST 9:22
जेवर	1	1	1	1	PRO 25:12
जैतून	56	56	28	71	GEN 8:11
जैसा	455	455	52	524	GEN 8:21
जैसी	65	65	29	77	GEN 18:21
जैसे	373	373	54	512	GEN 26:29
जो	7666	7666	66	8208	GEN 1:10
जोंक	1	1	1	1	PRO 30:15
जोखिम	13	13	10	13	PSA 106:23
जोखिमों	10	10	2	10	1KI 1:29
जोड़	25	25	14	25	GEN 3:7
जोड़कर	4	4	3	4	2KI 22:5
जोड़ते	1	1	1	1	ISA 29:1
जोड़ने	6	6	1	6	EXO 36:18
जोड़वाले	1	1	1	1	GEN 32:32
जोड़ा	10	10	8	12	GEN 45:22
जोड़ाई	1	1	1	1	EZK 27:9
जोड़ी	11	11	7	11	EXO 26:17
जोड़े	16	16	6	18	GEN 7:2
जोड़ो	1	1	1	2	JOS 23:12
जोड़ों	6	6	5	6	1KI 7:29
जोत	4	4	4	4	1KI 19:19
जोतकर	5	5	5	5	DEU 22:10
जोतता	4	4	3	5	PRO 12:11
जोतते	2	2	2	2	JDG 14:18
जोतने	1	1	1	2	EXO 34:21
जोतनेवाला	3	3	3	3	ISA 28:24
जोता	4	4	4	3	GEN 26:12
जोती	3	3	3	1	DEU 21:4
जोतीं	1	1	1	1	1SA 6:10
जोते	3	3	3	2	EZK 36:9
जोतो	2	2	2	2	JER 4:3
जोर	5	5	4	8	1CH 11:10
जोल	2	2	2	2	PRO 20:19
जोह	9	9	7	2	1SA 4:13
जोहता	26	26	15	21	GEN 49:18
जोहती	3	3	3	3	PSA 65:1
जोहते	45	45	20	23	EXO 24:14
जोहना	2	2	2	0	HEB 10:27
जोहनेवाला	1	1	1	0	LUK 23:51
जोहनेवाले	1	1	1	1	ISA 49:23
जोहनेवालों	1	1	1	1	ISA 64:4
जोही	2	2	1	2	2SA 22:42
जोहूँ	1	1	1	1	PSA 39:7
जोहूँगा	1	1	1	1	PSA 5:3
जोहे	1	1	1	1	JOB 3:9
जोहें	1	1	1	0	MAT 11:3
जोहेंगे	2	2	1	2	ISA 42:4
जोहेत	1	1	1	1	1CH 4:20
जोहेलेत	1	1	1	1	1KI 1:9
जौ	36	36	19	37	EXO 9:31
ज्ञात	5	5	4	18	EXO 8:10
ज्ञाता	3	3	2	4	PSA 7:9
ज्ञान	171	171	32	212	GEN 2:9
ज्ञानरहित	4	4	3	5	JOB 42:3
ज्ञानरूपी	1	1	1	1	PRO 14:18
ज्ञानवान	4	4	2	5	1CO 1:20
ज्ञानवानों	2	2	1	1	1CO 1:19
ज्ञानियो	1	1	1	0	JOB 34:2
ज्ञानियों	6	6	5	8	EST 1:13
ज्ञानी	13	13	7	15	1SA 2:3
ज्ञानेन्द्रियाँ	1	1	1	1	HEB 5:14
ज्यूस	3	3	1	2	ACT 14:12
ज्येष्ठ	3	3	2	3	GEN 10:15
ज्यों	39	39	20	35	GEN 29:3
ज्योंति	1	1	1	0	1SA 14:27
ज्योंही	18	18	7	0	GEN 37:18
ज्योति	93	93	24	107	GEN 1:16
ज्योतिगण	1	1	1	1	ZEC 14:6
ज्योतिमय	1	1	1	1	PSA 148:3
ज्योतियाँ	5	5	3	5	GEN 1:14
ज्योतियों	1	1	1	1	JAS 1:17
ज्योतिर्मय	3	3	3	3	PSA 76:4
ज्योतिषियों	9	9	4	11	GEN 41:8
ज्योतिषी	6	6	3	6	ISA 47:13
ज्वर	11	11	7	6	LEV 26:16
ज्वलन	2	2	2	2	DEU 19:6
ज्वाला	12	12	8	12	SNG 8:6
ज्वालामय	2	2	2	1	GEN 3:24
झँखाड़	1	1	1	1	ISA 64:2
झंखाड़	1	1	1	0	ISA 10:17
झंझट	1	1	1	1	DEU 1:12
झंझनाती	1	1	1	1	1CO 13:1
झंझरी	8	8	2	8	EXO 27:4
झंडे	4	4	1	0	NUM 10:14
झगड़ता	2	2	2	2	JOB 33:13
झगड़ते	7	7	6	7	EXO 21:18
झगड़ने	9	9	8	10	GEN 31:36
झगड़ा	42	42	17	44	GEN 13:7
झगड़ालु	1	1	1	0	1TI 3:3
झगड़ालू	8	8	4	10	PSA 78:8
झगड़े	27	27	13	21	GEN 26:20
झगड़ों	6	6	6	8	2SA 22:44
झट	15	15	10	15	JDG 9:54
झटक	2	2	2	4	EXO 14:27
झटकूँगा	1	1	1	1	JDG 16:20
झटपट	11	11	8	11	GEN 41:14
झड़	6	6	5	6	LEV 13:40
झड़ते	1	1	1	1	REV 6:13
झड़बेड़ी	1	1	1	0	JOB 31:40
झड़बेरी	10	10	5	10	JDG 9:14
झड़ियाँ	3	3	2	2	DEU 32:2
झड़ियों	1	1	1	1	PSA 72:6
झड़ी	3	3	3	3	PRO 27:15
झड़े	1	1	1	1	LEV 19:10
झण्डा	16	16	4	16	PSA 60:4
झण्डे	12	12	4	16	NUM 1:52
झपकी	5	5	2	5	PSA 77:4
झपट	1	1	1	1	JDG 20:37
झपटकर	6	6	6	6	JDG 5:15
झपटते	1	1	1	1	JOB 9:26
झपटनेवाले	1	1	1	1	HAB 1:8
झपटे	2	2	2	2	GEN 15:11
झपटेगा	1	1	1	1	HOS 8:1
झपट्टा	2	2	2	2	ISA 11:14
झरना	1	1	1	2	SNG 4:12
झरने	3	3	3	4	GEN 36:24
झरोखे	7	7	5	7	GEN 7:11
झरोखों	1	1	1	1	ECC 12:3
झलक	3	3	3	4	PSA 18:12
झलकती	4	4	3	4	1SA 16:12
झलकते	2	2	2	2	JOL 2:10
झलकाई	4	4	1	4	EZK 21:9
झलकाऊँ	1	1	1	1	DEU 32:41
झलकाए	3	3	2	3	2CH 4:16
झलकाने	1	1	1	1	EZK 21:11
झलकाया	2	2	1	2	EZK 1:4
झलकाये	1	1	1	1	1KI 7:45
झल्ला	1	1	1	1	PSA 46:6
झल्लाहट	0	0	0	1	extra_words.txt
झाँककर	3	3	3	4	JDG 5:28
झाँकके	1	1	1	0	GEN 26:8
झाँकने	1	1	1	1	2KI 9:30
झाँका	3	3	3	3	1SA 6:19
झाँझ	16	16	7	16	2SA 6:5
झाँझें	1	1	1	1	1CH 16:42
झाऊ	8	8	6	8	GEN 21:33
झाग	0	0	0	1	extra_words.txt
झागवाला	1	1	1	1	PSA 75:8
झाड़	14	14	8	12	JDG 6:11
झाड़कर	4	4	2	4	NEH 5:13
झाड़ते	1	1	1	1	ISA 17:6
झाड़ना	1	1	1	1	DEU 24:20
झाड़ने	1	1	1	1	ISA 24:13
झाड़ा	5	5	5	3	NEH 5:13
झाड़ियों	17	17	8	19	1SA 13:6
झाड़ी	16	16	11	18	GEN 21:15
झाड़ू	1	1	1	1	ISA 14:23
झाड़े	1	1	1	1	DEU 24:20
झाड़ों	1	1	1	2	JER 4:3
झालर	4	4	2	5	NUM 15:38
झालरें	4	4	1	4	1KI 7:17
झिंगुर	1	1	1	0	LEV 11:22
झिझका	2	2	1	2	ACT 20:20
झिड़क	3	3	2	3	PSA 38:1
झिड़ककर	1	1	1	1	JOB 16:3
झिड़कने	3	3	2	1	MAT 16:22
झिड़का	1	1	1	2	PSA 9:5
झिड़कूँगा	1	1	1	0	MAL 2:3
झिलम	11	11	9	11	1SA 17:5
झिलमिली	1	1	1	1	JDG 5:28
झिलमिलीदार	3	3	1	3	EZK 40:16
झिलमें	1	1	1	1	REV 9:17
झिलमों	2	2	2	2	NEH 4:16
झिल्ली	12	12	3	13	EXO 29:13
झींगुर	0	0	0	1	extra_words.txt
झींसी	1	1	1	1	DEU 32:2
झील	48	48	5	57	MAT 4:13
झीलें	2	2	2	2	EXO 7:19
झीलों	1	1	1	1	EXO 8:5
झुँझला	5	5	3	6	2SA 13:21
झुँझलाकर	2	2	2	3	2CH 28:9
झुँझलाता	1	1	1	1	1CO 13:5
झुँझलाया	1	1	1	1	DAN 8:7
झुंझलाहट	1	1	1	0	PSA 6:1
झुंड	11	11	4	0	EXO 8:21
झुक	11	11	7	14	NUM 22:31
झुककर	20	20	12	22	GEN 19:1
झुकता	4	4	2	5	EST 3:2
झुकते	1	1	1	1	ISA 2:9
झुकना	1	1	1	1	JOB 9:13
झुकने	2	2	2	2	JOB 15:29
झुका	12	12	9	12	GEN 24:14
झुकाए	4	4	3	4	ISA 2:12
झुकाएगा	1	1	1	1	ISA 25:12
झुकाकर	15	15	9	16	GEN 24:26
झुकाना	1	1	1	2	ISA 58:5
झुकाने	1	1	1	1	EZK 17:7
झुकाया	5	5	4	5	GEN 49:15
झुकाव	0	0	0	2	extra_words.txt
झुकी	2	2	2	4	JOS 15:7
झुकीं	1	1	1	0	EZK 17:6
झुकूँ	1	1	1	1	MIC 6:6
झुके	3	3	2	2	PSA 145:14
झुकेगा	1	1	1	1	ISA 45:23
झुकोगे	1	1	1	1	ISA 65:12
झुठलाएगा	1	1	1	1	JOB 24:25
झुठलाकर	1	1	1	1	JER 5:12
झुण्ड	59	59	21	76	GEN 18:7
झुण्डों	10	10	7	11	GEN 29:2
झुमके	1	1	1	1	JDG 8:26
झुमकों	1	1	1	1	ISA 3:19
झुर्राहट	1	1	1	1	PSA 32:4
झुर्री	1	1	1	1	EPH 5:27
झुलस	9	9	9	9	DEU 28:22
झुलसा	3	3	3	3	ISA 42:15
झुलसाने	1	1	1	1	LAM 5:10
झुलसी	1	1	1	1	PSA 102:4
झुलसें	1	1	1	1	PRO 6:28
झूठ	89	89	32	100	LEV 6:3
झूठमूठ	4	4	2	4	JER 5:31
झूठा	31	31	14	37	DEU 19:18
झूठी	66	66	21	82	EXO 5:9
झूठे	37	37	21	66	EXO 23:7
झूठों	2	2	2	2	PRO 12:22
झूमता	1	1	1	1	ISA 63:1
झूमेंगी	1	1	1	1	PSA 72:16
झूलते	1	1	1	1	JOB 28:4
झेलने	1	1	1	1	REV 2:10
झोंक	6	6	4	7	2SA 22:16
झोंका	7	7	6	8	2KI 19:18
झोंकी	3	3	3	3	EZK 15:4
झोंके	4	4	4	4	JOB 4:9
झोंपड़े	0	0	0	1	extra_words.txt
झोके	1	1	1	0	ACT 20:9
झोपड़ियाँ	3	3	1	3	NEH 8:15
झोपड़ियों	14	14	8	29	LEV 23:34
झोपड़ी	3	3	3	3	JOB 27:18
झोपड़ीवाले	1	1	1	1	DEU 31:10
झोपड़े	1	1	1	0	GEN 33:17
झोली	6	6	3	6	MAT 10:10
झोले	1	1	1	2	1SA 17:40
टँगा	1	1	1	3	2SA 18:10
टंगवा	2	2	1	2	GEN 40:19
टंगा	1	1	1	0	DEU 21:23
टंगी	1	1	1	0	SNG 4:4
टकटकी	6	6	4	7	2KI 8:11
टकरा	1	1	1	2	JER 13:14
टकराईं	2	2	1	0	MAT 7:25
टकराने	2	2	2	0	DAN 5:6
टकराव	0	0	0	1	extra_words.txt
टक्कर	1	1	1	1	JDG 7:13
टखनों	2	2	2	2	EZK 47:3
टटका	6	6	3	8	DEU 11:14
टटके	7	7	3	6	DEU 7:13
टटोलकर	4	4	2	3	GEN 27:21
टटोलता	2	2	1	2	DEU 28:29
टटोलते	6	6	3	5	GEN 19:11
टटोलने	3	3	2	3	GEN 27:12
टटोला	1	1	1	1	EXO 10:21
टपक	1	1	1	1	1SA 14:26
टपकता	5	5	3	5	JOB 28:11
टपकती	3	3	2	3	JOB 36:27
टपकना	1	1	1	2	PRO 27:15
टपकने	4	4	4	5	PSA 68:8
टपकनेवाले	1	1	1	1	PSA 19:10
टपका	1	1	1	1	SNG 5:5
टपकेंगी	1	1	1	1	DEU 32:2
टप्पे	1	1	1	1	GEN 21:16
टल	16	16	10	21	ISA 13:13
टलता	2	2	2	3	PSA 125:1
टलने	11	11	2	13	1CH 16:30
टला	1	1	1	1	JER 4:8
टलेंगी	3	3	3	3	MAT 24:35
टलेगा	2	2	2	2	ISA 45:23
टलेगी	1	1	1	1	ISA 54:10
टहनियाँ	3	3	1	3	EZK 19:11
टहनियों	4	4	2	4	ISA 18:5
टहनी	3	3	2	4	JER 1:11
टहल	89	89	23	82	GEN 39:4
टहलता	1	1	1	1	EST 2:11
टहलने	2	2	2	2	EXO 2:5
टहलुआ	3	3	3	3	2KI 6:15
टहलुए	15	15	9	14	1SA 20:21
टहलुओ	3	3	2	2	PSA 103:21
टाँकी	4	4	4	4	EXO 32:4
टाँग	3	3	3	3	2SA 4:12
टाँगने	1	1	1	1	EZK 15:3
टाँगा	1	1	1	1	2SA 21:12
टाँगी	3	3	2	3	ISA 22:24
टाँगे	1	1	1	0	LAM 5:12
टाँगें	6	6	4	8	LEV 11:21
टाँगों	3	3	3	3	DEU 28:35
टाट	47	47	20	49	GEN 37:34
टाप	3	3	3	3	JDG 5:22
टापुओं	0	0	0	1	extra_words.txt
टापू	11	11	4	13	EST 10:1
टापों	1	1	1	1	EZK 26:11
टाल	15	15	10	15	JDG 11:35
टालकर	5	5	3	5	1SA 12:14
टालता	1	1	1	1	GAL 3:15
टालते	3	3	2	4	2CH 24:20
टालना	1	1	1	3	MRK 6:26
टालने	1	1	1	1	EZR 6:12
टालनेवाला	1	1	1	1	NUM 15:31
टालनेवाले	1	1	1	1	2TI 3:2
टाला	4	4	4	3	DEU 26:13
टाली	2	2	2	2	LUK 15:29
टाले	2	2	2	2	NUM 30:2
टालेगा	1	1	1	1	ISA 31:2
टिक	8	8	6	8	GEN 8:4
टिकटिक	1	1	1	1	LEV 11:30
टिकता	1	1	1	1	JER 14:8
टिकते	3	3	3	4	NEH 13:21
टिकना	3	3	3	3	JDG 19:10
टिकने	6	6	4	7	GEN 24:23
टिकनेवालों	1	1	1	1	EZK 26:17
टिका	8	8	5	8	JOS 8:9
टिकाएँ	1	1	1	1	ACT 27:39
टिकाता	1	1	1	2	JDG 19:18
टिकाया	3	3	3	3	LEV 23:43
टिकाव	1	1	1	1	JER 9:2
टिकिया	7	7	5	5	1SA 30:12
टिकियाँ	4	4	3	7	1SA 17:18
टिकियों	2	2	2	2	ISA 16:7
टिकूँगी	1	1	1	1	RUT 1:16
टिके	5	5	3	6	JDG 19:4
टिकें	3	3	3	2	JDG 19:11
टिकेगा	5	5	3	5	ISA 10:32
टिको	1	1	1	1	NUM 22:8
टिटीहरी	1	1	1	1	LEV 11:19
टिड्डियाँ	17	17	10	20	EXO 10:4
टिड्डियों	15	15	9	23	EXO 10:14
टिड्डी	15	15	8	15	EXO 10:19
टिड्डे	2	2	2	2	LEV 11:22
टिप्पणियाँ	0	0	0	1	extra_words.txt
टिमटिमाती	1	1	1	1	ISA 42:3
टीका	1	1	1	1	EXO 13:16
टीकाकार	0	0	0	1	extra_words.txt
टीके	3	3	2	3	LEV 8:9
टीन	1	1	1	1	NUM 31:22
टीला	2	2	2	2	2SA 20:15
टीले	10	10	7	11	JOS 5:3
टीलो	1	1	1	0	PSA 148:9
टीलों	21	21	10	22	DEU 12:2
टुकड़ा	21	21	14	19	GEN 18:5
टुकड़े	142	142	28	59	GEN 15:10
टुकड़ों	20	20	12	20	GEN 15:10
टुण्डा	2	2	2	2	MAT 18:8
टुण्डे	1	1	1	1	MAT 15:31
टुण्डों	3	3	2	3	MAT 15:30
टूट	68	68	23	73	GEN 43:18
टूटकर	4	4	4	5	1KI 2:32
टूटती	3	3	3	3	ECC 4:12
टूटते	2	2	1	0	DAN 12:7
टूटना	1	1	1	2	1SA 20:30
टूटने	7	7	6	7	1KI 19:11
टूटा	13	13	8	16	LEV 21:19
टूटी	8	8	4	10	2CH 32:5
टूटे	14	14	7	13	LEV 22:24
टूटेगा	4	4	3	4	PRO 22:8
टूटेगी	14	14	8	12	JOB 14:12
टेक	14	14	12	14	EXO 15:21
टेककर	13	13	8	15	GEN 41:43
टेकता	1	1	1	1	EPH 3:14
टेकने	1	1	1	1	GEN 8:9
टेके	5	5	4	5	1KI 8:54
टेकें	4	4	4	4	LEV 24:14
टेकेंगे	2	2	1	2	PSA 22:29
टेकों	3	3	2	3	1KI 7:36
टेढ़ा	14	14	7	13	JOB 24:20
टेढ़ी	16	16	6	11	JOB 13:7
टेढ़े	15	15	8	15	DEU 32:5
टेथ	1	1	1	1	PSA 119:64
टोक	3	3	3	2	PRO 4:12
टोकरियाँ	8	8	5	8	GEN 40:16
टोकरियों	3	3	3	3	GEN 40:18
टोकरी	22	22	8	26	GEN 40:17
टोकरे	10	10	5	10	JER 24:1
टोनहा	1	1	1	1	EXO 7:11
टोनहिन	1	1	1	1	NAM 3:4
टोनहे	2	2	2	0	DAN 2:2
टोनहों	2	2	2	1	ISA 19:3
टोना	10	10	8	8	EXO 22:18
टोने	2	2	2	2	NAM 3:4
टोन्हा	2	2	2	1	DEU 18:10
टोन्हे	2	2	2	3	ISA 3:3
टोन्हें	1	1	1	1	REV 22:15
टोन्हों	5	5	3	6	ISA 8:19
टोप	11	11	8	12	1SA 17:5
टोपियाँ	4	4	2	4	EXO 28:40
टोपी	2	2	2	2	LEV 8:13
टोलियों	1	1	1	1	EZK 12:14
टोले	2	2	2	2	2CH 34:22
ट्रॉय	0	0	0	1	extra_words.txt
ठंडा	12	12	9	0	EXO 23:12
ठंडी	2	2	2	2	LUK 16:24
ठंडे	1	1	1	2	GEN 3:8
ठग	2	2	2	1	GEN 27:12
ठगा	1	1	1	1	2CO 7:2
ठगे	1	1	1	1	1TH 4:6
ठगेंगे	1	1	1	1	JER 9:5
ठट्टों	1	1	1	0	HAB 1:10
ठट्ठा	54	54	18	47	GEN 19:14
ठट्ठे	6	6	5	4	PSA 119:51
ठट्ठों	27	27	15	0	EXO 10:2
ठठेरा	1	1	1	1	1KI 7:14
ठठेरे	1	1	1	1	2TI 4:14
ठठेरों	1	1	1	1	2CH 24:12
ठठ्ठों	1	1	1	0	2KI 19:21
ठण्ड	4	4	4	2	GEN 8:22
ठण्डा	18	18	9	29	EXO 31:17
ठण्डी	1	1	1	2	ISA 25:5
ठन	1	1	1	1	PSA 27:3
ठनठनाता	1	1	1	1	1CO 13:1
ठना	1	1	1	1	DAN 11:36
ठनी	1	1	1	1	DAN 9:27
ठहर	59	59	28	57	EXO 18:23
ठहरकर	10	10	8	12	GEN 8:10
ठहरके	3	3	2	5	JER 25:29
ठहरता	47	47	20	49	NUM 15:15
ठहरती	12	12	7	10	JOB 6:3
ठहरते	20	20	14	20	LEV 6:3
ठहरना	6	6	5	7	GEN 19:17
ठहरने	15	15	8	17	LEV 13:35
ठहरनेवाला	2	2	2	1	LEV 14:8
ठहरनेवाली	1	1	1	1	HEB 10:34
ठहरनेवाले	7	7	2	7	LEV 14:7
ठहरा	209	209	41	221	GEN 4:25
ठहराई	25	25	14	33	EXO 5:14
ठहराईं	2	2	2	0	DEU 32:8
ठहराऊँ	3	3	3	4	JOB 27:5
ठहराऊँगा	35	35	14	35	EXO 8:23
ठहराए	129	129	33	134	GEN 41:33
ठहराएँ	9	9	9	10	GEN 44:16
ठहराएँगे	6	6	5	6	ISA 29:23
ठहराएगा	33	33	17	34	EXO 20:7
ठहराएगी	2	2	2	1	MAT 12:42
ठहराओ	4	4	3	4	JER 51:27
ठहराकर	25	25	22	29	EXO 5:21
ठहराके	2	2	2	1	EXO 29:24
ठहराता	31	31	17	32	EXO 7:1
ठहराती	3	3	3	4	LEV 21:9
ठहराते	14	14	9	14	JOB 17:12
ठहराना	14	14	8	19	EXO 29:27
ठहराने	17	17	8	22	LEV 13:59
ठहरानेवाला	6	6	3	6	LEV 14:11
ठहरानेवाली	2	2	1	2	2CO 3:9
ठहरानेवाले	2	2	2	2	LEV 14:4
ठहराया	263	263	51	284	GEN 2:3
ठहराये	2	2	2	2	LEV 23:4
ठहरी	41	41	17	41	EXO 29:28
ठहरीं	6	6	6	6	GEN 31:15
ठहरूँ	9	9	8	9	LEV 11:45
ठहरूँगा	36	36	14	36	GEN 27:12
ठहरे	242	242	40	243	GEN 22:5
ठहरें	48	48	16	50	GEN 1:15
ठहरेंगी	6	6	3	6	GEN 30:32
ठहरेंगे	44	44	21	45	GEN 31:8
ठहरेगा	127	127	29	133	GEN 28:21
ठहरेगी	34	34	18	35	GEN 38:9
ठहरो	10	10	9	10	DEU 4:20
ठहरोगी	1	1	1	1	1PE 3:6
ठहरोगे	20	20	12	21	GEN 44:10
ठाँव	1	1	1	0	RUT 3:1
ठाट	0	0	0	1	extra_words.txt
ठान	35	35	20	20	EXO 3:17
ठानकर	1	1	1	1	JOB 2:11
ठाना	4	4	3	17	ISA 28:22
ठानी	6	6	5	11	1SA 20:7
ठाने	3	3	3	3	JDG 5:15
ठिकाना	8	8	6	8	DEU 28:65
ठिकाने	4	4	4	4	JOS 8:13
ठीक	203	203	42	178	GEN 7:13
ठीकरा	4	4	3	4	JOB 2:8
ठीकरे	2	2	2	2	JOB 41:30
ठीकरों	2	2	2	2	ISA 45:9
ठुकरा	1	1	1	3	JER 14:21
ठुकराई	1	1	1	1	JER 30:17
ठुमुक	2	2	1	0	ISA 3:16
ठूँठ	8	8	3	5	JOB 14:8
ठेका	5	5	4	5	JOB 15:8
ठेला	1	1	1	1	1KI 7:29
ठेले	12	12	1	12	1KI 7:27
ठेलों	3	3	1	2	1KI 7:28
ठेस	8	8	7	8	PSA 91:12
ठोंक	4	4	4	2	JOB 33:11
ठोंककर	2	2	2	0	ISA 41:7
ठोंकता	2	2	1	2	JOB 13:27
ठोंकवा	1	1	1	1	2CH 16:10
ठोंके	1	1	1	1	JER 29:26
ठोक	1	1	1	2	JDG 4:21
ठोकर	116	116	28	123	LEV 19:14
ठोकरें	1	1	1	0	LUK 17:1
ठोकरों	3	3	2	4	ZEP 1:3
ठौर	1	1	1	1	JER 25:38
डंक	4	4	2	4	1CO 15:55
डंठल	3	3	2	3	GEN 41:5
डंडे	1	1	1	0	1KI 8:8
डंडों	2	2	2	0	1KI 8:7
डंसता	1	1	1	0	GEN 49:17
डकारता	1	1	1	1	JOB 6:5
डकारते	1	1	1	1	PSA 59:7
डकैती	2	2	2	2	ISA 61:8
डग	6	6	4	5	1SA 20:3
डगमगा	4	4	4	4	PSA 60:2
डगमगाऊँगा	1	1	1	1	PSA 16:8
डगमगाए	1	1	1	1	PSA 104:5
डगमगाएगा	1	1	1	1	PSA 15:5
डगमगाएगी	1	1	1	1	ISA 24:20
डगमगाता	1	1	1	1	ISA 19:14
डगमगाते	4	4	2	4	JOB 12:25
डगमगाने	2	2	1	2	PSA 13:4
डगमगाया	1	1	1	1	ISA 3:8
डगर	2	2	2	3	JOB 38:20
डगरें	2	2	2	2	JOB 19:8
डगरों	3	3	2	3	PRO 7:25
डण्डी	4	4	1	6	EXO 25:31
डण्डे	10	10	5	11	EXO 25:13
डण्डों	24	24	3	27	EXO 25:14
डपटकर	1	1	1	0	PSA 39:11
डफ	17	17	10	17	EXO 15:20
डमरू	1	1	1	1	2SA 6:5
डर	199	199	43	213	GEN 3:10
डरकर	9	9	9	11	GEN 43:18
डरता	30	30	19	31	GEN 19:30
डरती	4	4	3	5	DEU 28:56
डरते	32	32	18	31	1SA 23:3
डरना	17	17	9	18	DEU 1:17
डरनेवाला	1	1	1	1	ACT 10:22
डरनेवाले	1	1	1	1	REV 19:5
डरनेवालो	1	1	1	0	ACT 13:16
डरपोंक	1	1	1	0	DEU 20:8
डरपोक	0	0	0	2	extra_words.txt
डरपोकों	1	1	1	1	REV 21:8
डरवैये	5	5	2	5	PSA 61:5
डरवैयो	4	4	1	0	PSA 22:23
डरवैयों	13	13	1	19	PSA 15:4
डरा	6	6	4	8	1SA 3:15
डराऊँगा	1	1	1	1	2SA 17:2
डराएँ	1	1	1	1	JOB 3:5
डराएँगी	1	1	1	1	JOB 18:11
डराएँगे	1	1	1	1	EZK 30:9
डराएगा	4	4	3	4	JOB 11:19
डराकर	2	2	2	2	2CH 32:18
डराना	2	2	1	4	NEH 6:9
डराने	5	5	4	5	2CH 20:23
डरानेवाला	3	3	3	3	LEV 26:6
डरानेवाली	1	1	1	1	EZK 26:17
डरावना	5	5	4	6	JOB 15:21
डरावनी	3	3	2	4	JOB 3:25
डरावने	6	6	5	8	1CH 17:21
डरी	1	1	1	1	JER 3:8
डरूँ	2	2	1	3	PSA 27:1
डरूँगा	6	6	2	6	PSA 23:4
डरे	8	8	7	10	NUM 12:8
डरें	2	2	2	1	PSA 33:8
डरेंगी	2	2	2	2	JER 23:4
डरेंगे	5	5	3	6	DEU 19:20
डरेगा	8	8	6	8	JOB 11:15
डरो	47	47	22	48	GEN 43:23
डलवा	4	4	3	4	GEN 39:20
डलवाई	1	1	1	1	EST 3:7
डलवाए	1	1	1	1	DAN 3:24
डलवाएँगे	1	1	1	1	LUK 21:12
डलवाया	1	1	1	1	JER 37:18
डलिया	1	1	1	1	ISA 30:24
डसता	1	1	1	2	PRO 23:32
डसने	3	3	3	4	NUM 21:6
डसा	1	1	1	1	NUM 21:8
डसे	3	3	3	3	NUM 21:9
डसेंगे	1	1	1	1	JER 8:17
डसेगा	2	2	2	2	GEN 3:15
डाँट	24	24	8	25	GEN 37:10
डाँटकर	4	4	2	7	NEH 13:11
डाँटता	5	5	3	6	JOB 22:4
डाँटते	1	1	1	1	PRO 24:25
डाँटना	1	1	1	2	LEV 19:17
डाँटने	1	1	1	3	LUK 18:39
डाँटनेवाला	1	1	1	1	EZK 3:26
डाँटनेवाले	1	1	1	1	PRO 5:12
डाँटा	15	15	5	15	GEN 31:42
डाँटे	7	7	4	7	2KI 19:4
डाँटेगा	1	1	1	1	JOB 13:10
डाँडवाली	1	1	1	1	ISA 33:21
डाँड़	1	1	1	1	EZK 27:6
डाँवाँडोल	1	1	1	0	GAL 5:12
डाँवाडोल	2	2	2	3	JER 2:36
डाँस	2	2	1	0	PSA 78:45
डांस	1	1	1	3	EXO 8:21
डांसों	6	6	1	7	EXO 8:21
डाकिए	0	0	0	1	extra_words.txt
डाकियों	0	0	0	1	extra_words.txt
डाकुओं	10	10	7	10	JOB 12:6
डाकू	14	14	7	14	PRO 23:28
डाढ़ें	2	2	2	2	JOB 29:17
डाल	178	178	41	181	GEN 2:21
डालकर	77	77	30	86	GEN 38:14
डालके	1	1	1	1	JOS 19:51
डालता	47	47	21	51	EXO 11:1
डालती	7	7	7	8	PSA 29:5
डालते	29	29	15	26	JDG 6:4
डालना	54	54	19	58	GEN 42:37
डालने	86	86	30	95	GEN 34:27
डालनेवाला	3	3	2	3	LEV 24:21
डालनेवाले	3	3	2	3	ISA 51:13
डाला	445	445	41	468	GEN 25:33
डालियाँ	38	38	15	38	GEN 40:10
डालियों	30	30	14	30	GEN 40:12
डाली	103	103	39	118	GEN 11:9
डालीं	13	13	10	5	GEN 12:17
डालूँ	23	23	13	24	EXO 33:3
डालूँगा	111	111	23	112	GEN 6:13
डाले	167	167	33	156	GEN 4:15
डालें	37	37	19	54	GEN 11:7
डालेंगी	1	1	1	0	EZK 26:4
डालेंगे	41	41	20	44	GEN 12:12
डालेगा	68	68	28	71	GEN 3:15
डालेगी	2	2	2	3	PSA 21:9
डालो	30	30	18	31	GEN 35:2
डालोगे	4	4	4	4	JOS 7:12
डाह	37	37	18	30	GEN 26:14
डिग	1	1	1	1	ACT 2:25
डिगूँगा	2	2	1	2	PSA 62:2
डिब्बा	0	0	0	1	extra_words.txt
डींग	6	6	5	6	2CH 25:19
डींगमार	2	2	2	2	ROM 1:30
डीकन	0	0	0	1	extra_words.txt
डीगें	1	1	1	0	JAS 3:5
डील	8	8	7	0	NUM 13:32
डीह	1	1	1	0	DEU 13:16
डीहों	3	3	1	2	NUM 21:11
डुबकी	2	2	1	2	2KI 5:10
डुबा	7	7	6	5	GEN 37:31
डुबाओ	1	1	1	1	NUM 31:23
डुबाकर	6	6	4	4	EXO 12:22
डुबाया	2	2	2	2	1SA 14:27
डुबो	3	3	2	1	LEV 4:6
डुबोए	2	2	2	2	DEU 33:24
डुबोकर	3	3	2	3	LEV 4:6
डुबोया	2	2	2	3	MAT 27:48
डुल	1	1	1	0	JER 10:4
डूब	32	32	18	31	GEN 7:19
डूबते	8	8	4	2	JOS 8:29
डूबने	6	6	5	6	DEU 16:6
डूबा	5	5	4	7	JOS 10:13
डूबे	2	2	2	3	PRO 17:12
डूबेगी	2	2	2	2	ISA 54:9
डेढ़	21	21	8	18	EXO 25:10
डेरा	31	31	10	33	GEN 38:1
डेरे	159	159	22	157	GEN 33:18
डेरों	22	22	10	22	NUM 9:22
डेवढ़ियाँ	2	2	2	2	AMO 9:1
डेवढ़ियों	4	4	3	4	2CH 3:7
डेवढ़ी	22	22	11	21	JDG 19:27
डेवढ़ीदारों	1	1	1	1	JER 52:24
डोंगी	8	8	5	8	1SA 17:7
डोरियाँ	5	5	2	5	EXO 35:18
डोरियों	6	6	4	6	EXO 28:14
डोरी	24	24	15	24	JOS 2:18
डोल	10	10	7	10	JDG 5:4
डोलते	2	2	1	0	JOB 1:7
डोलने	3	3	1	3	JDG 9:9
डोलेगी	1	1	1	1	ISA 24:20
डौल	6	6	6	0	NUM 13:32
डौलवाले	2	2	2	0	1CH 11:23
ढँक	1	1	1	0	PRO 24:31
ढँकने	1	1	1	0	MAT 8:24
ढँका	1	1	1	1	MAT 10:26
ढँप	7	7	5	9	NUM 22:11
ढँपा	3	3	3	6	EXO 25:20
ढँपी	1	1	1	1	PSA 65:13
ढँपे	1	1	1	1	EZK 1:23
ढँपेगा	1	1	1	1	OBA 1:10
ढंग	5	5	5	6	GEN 6:15
ढक	2	2	2	2	NUM 22:5
ढकना	7	7	2	7	EXO 25:17
ढकने	21	21	5	21	EXO 25:18
ढका	1	1	1	0	LUK 12:2
ढकी	1	1	1	2	JOB 7:5
ढकेल	9	9	6	9	NUM 35:20
ढकेलकर	2	2	2	2	PSA 44:5
ढकेलते	1	1	1	1	EZK 34:21
ढकेलेगा	1	1	1	1	DEU 33:17
ढक्कन	3	3	2	0	2KI 12:9
ढपा	2	2	1	0	EXO 28:42
ढपी	8	8	2	8	EXO 29:13
ढरकी	1	1	1	1	JOB 7:6
ढल	11	11	8	12	JDG 19:9
ढलकते	1	1	1	1	LAM 1:2
ढलता	1	1	1	1	JER 6:4
ढलती	3	3	1	3	PSA 102:11
ढलने	2	2	2	2	JDG 19:8
ढलवा	1	1	1	6	EXO 26:37
ढलवाकर	5	5	3	0	EXO 25:12
ढलवाया	1	1	1	1	2CH 4:17
ढलवैये	0	0	0	1	extra_words.txt
ढलवैयों	1	1	1	0	JDG 17:4
ढला	3	3	3	3	2CH 4:2
ढलान	9	9	7	10	NUM 21:15
ढली	14	14	8	14	NUM 33:52
ढा	49	49	24	49	LEV 26:30
ढाँक	2	2	2	1	EST 7:8
ढाँककर	1	1	1	0	LUK 22:64
ढाँकता	1	1	1	1	LUK 8:16
ढाँकना	1	1	1	1	1CO 11:7
ढाँकने	6	6	4	2	EXO 26:13
ढाँकनेवाली	1	1	1	1	2CH 4:13
ढाँकनेवाले	1	1	1	1	1CH 28:18
ढाँके	6	6	5	6	2SA 15:30
ढाँगों	1	1	1	1	JER 51:25
ढाँढ़	6	6	6	0	JDG 6:29
ढाँढ़स	2	2	2	0	DEU 3:28
ढाँप	37	37	17	43	GEN 9:23
ढाँपकर	2	2	2	3	DEU 21:8
ढाँपता	3	3	3	3	JOB 36:30
ढाँपती	1	1	1	1	HOS 2:9
ढाँपना	2	2	2	2	JOB 16:18
ढाँपने	1	1	1	5	EZK 13:18
ढाँपा	3	3	3	4	1KI 19:13
ढाँपूँगा	3	3	1	3	EZK 16:63
ढाँपे	10	10	8	11	GEN 38:15
ढाँपें	4	4	1	4	NUM 4:8
ढाँपेंगे	1	1	1	2	MIC 3:7
ढाँपेगी	1	1	1	1	MIC 7:10
ढाँपोगे	1	1	1	1	EZK 24:22
ढाई	18	18	6	17	EXO 25:10
ढाए	6	6	3	6	1KI 15:14
ढाओ	1	1	1	1	PSA 137:7
ढाकर	3	3	2	4	2KI 10:27
ढाढ़स	19	19	9	16	MAT 9:2
ढाता	1	1	1	1	JER 31:28
ढाने	0	0	0	2	extra_words.txt
ढानेवाले	2	2	2	2	MAT 27:40
ढाया	5	5	5	5	PRO 11:11
ढाल	58	58	17	61	GEN 15:1
ढालकर	20	20	11	20	EXO 25:18
ढालता	1	1	1	1	ISA 40:19
ढालने	1	1	1	1	EXO 38:27
ढालनेवाले	2	2	2	2	JER 6:29
ढाला	5	5	3	5	1KI 7:23
ढाली	5	5	3	5	1KI 7:24
ढालीं	1	1	1	1	EXO 36:36
ढालू	2	2	1	2	JOS 10:40
ढाले	5	5	4	5	EXO 37:3
ढालें	24	24	11	25	2SA 1:21
ढालों	1	1	1	1	2CH 32:27
ढिंढोरा	1	1	1	2	JON 3:7
ढिंढोरिये	2	2	1	2	DAN 3:4
ढिठाई	11	11	7	10	GEN 18:27
ढिलाई	5	5	4	5	JOS 18:3
ढीठ	5	5	4	4	PRO 14:16
ढीला	3	3	2	3	DEU 15:8
ढीली	5	5	3	5	ISA 22:25
ढीले	19	19	13	19	2SA 4:1
ढूँढ़	31	31	18	23	GEN 41:33
ढूँढ़कर	10	10	8	10	2KI 10:23
ढूँढ़ता	19	19	15	20	GEN 37:15
ढूँढ़ती	11	11	6	11	SNG 3:1
ढूँढ़ते	34	34	17	30	JOS 2:22
ढूँढ़ना	1	1	1	2	EZK 22:30
ढूँढ़ने	37	37	19	41	GEN 31:35
ढूँढ़नेवाले	2	2	1	2	PRO 21:6
ढूँढ़नेवालो	1	1	1	0	ISA 51:1
ढूँढ़ा	13	13	10	13	1SA 10:21
ढूँढ़ी	3	3	3	3	1KI 1:2
ढूँढ़ूँ	1	1	1	1	RUT 3:1
ढूँढ़ूँगा	4	4	3	0	PSA 63:1
ढूँढ़ूँगी	1	1	1	0	SNG 3:2
ढूँढ़े	11	11	8	12	LEV 13:36
ढूँढ़ें	4	4	4	3	2KI 2:16
ढूँढ़ेंगे	3	3	3	3	PRO 1:28
ढूँढ़ेगा	4	4	4	4	1SA 27:1
ढूँढ़ेगी	1	1	1	1	NAM 3:11
ढूँढ़ो	9	9	8	10	DEU 4:29
ढूँढ़ोगे	6	6	3	6	DEU 4:29
ढेका	1	1	1	0	1CH 11:23
ढेर	46	46	23	47	GEN 31:46
ढेरों	4	4	3	5	2CH 31:8
ढेला	1	1	1	1	LUK 22:41
ढेले	3	3	2	4	JOB 21:33
ढेलों	1	1	1	3	JOL 1:17
ढोंग	0	0	0	1	extra_words.txt
ढोंगी	0	0	0	1	extra_words.txt
ढोते	1	1	1	1	JOB 24:10
ढोना	1	1	1	1	PSA 81:6
ढोने	2	2	1	2	NUM 4:32
ढोनेवाला	9	9	3	9	1SA 14:13
ढोनेवाले	17	17	8	18	JDG 9:54
ढोनेवालो	1	1	1	0	ISA 52:11
ढोनेवालों	1	1	1	2	NEH 4:10
ढोरों	1	1	1	1	PSA 78:48
तंग	8	8	6	7	JDG 14:17
तंत्र	6	6	3	0	EXO 7:11
तंत्रिकाओं	0	0	0	1	extra_words.txt
तंत्रियों	1	1	1	3	DAN 1:20
तंत्री	3	3	1	0	DAN 2:2
तंदूर	4	4	2	6	LEV 7:9
तक	2345	2345	62	2471	GEN 5:22
तकिए	1	1	1	0	GEN 28:18
तकिया	6	6	4	6	GEN 28:11
तकिये	1	1	1	2	PRO 31:22
तकियों	1	1	1	1	EZK 13:20
तकेल	2	2	1	3	DAN 5:25
तको	2	2	1	0	1CH 2:24
तकोआ	6	6	3	10	2SA 14:2
तकोआवासी	1	1	1	1	AMO 1:1
तकोइयों	2	2	1	2	NEH 3:5
तकोई	3	3	2	3	2SA 23:26
तखमास	1	1	1	1	LEV 11:16
तख़्त	1	1	1	0	EXO 26:25
तख़्ताबंदी	6	6	1	0	1KI 6:15
तख़्ताबन्दी	2	2	1	0	EZK 41:16
तख़्तियाँ	6	6	1	0	EXO 31:18
तख़्तियों	8	8	1	0	EXO 32:15
तख़्ते	24	24	1	0	EXO 26:15
तख़्तों	20	20	2	0	EXO 26:17
तख्ता	0	0	0	2	extra_words.txt
तख्ते	2	2	1	27	NUM 3:36
तज	14	14	9	13	EXO 30:24
तजकर	3	3	3	4	DEU 11:28
तजा	1	1	1	0	ISA 41:9
तजूँगा	1	1	1	1	1KI 6:13
तजेगा	3	3	2	3	1SA 12:22
तट	52	52	16	77	GEN 41:3
तटवाले	1	1	1	1	GEN 36:37
तटीय	1	1	1	3	EZK 27:35
तटों	3	3	3	3	JOS 4:18
तड़क	1	1	1	0	MAT 27:51
तड़के	17	17	8	17	GEN 20:8
तड़प	3	3	2	4	MIC 1:12
तड़पता	4	4	2	4	JOB 15:20
तड़पती	1	1	1	1	ROM 8:22
तड़पते	2	2	2	2	JOB 26:5
तत्काल	0	0	0	3	extra_words.txt
तत्तनै	4	4	1	4	EZR 5:3
तत्त्व	0	0	0	1	extra_words.txt
तत्पर	8	8	6	10	ISA 16:5
तत्पश्चात्	11	11	1	11	GEN 5:5
तत्व	4	4	4	4	PSA 139:16
तथा	24	24	11	126	GEN 1:2
तथाकथित	0	0	0	1	extra_words.txt
तथ्यों	0	0	0	4	extra_words.txt
तदमोर	1	1	1	1	2CH 8:4
तदोपरान्त	0	0	0	1	extra_words.txt
तद्दै	2	2	2	2	MAT 10:3
तन	70	70	23	69	GEN 2:24
तनवाएगा	1	1	1	1	JER 43:10
तना	1	1	1	1	EZK 37:27
तनाव	0	0	0	3	extra_words.txt
तनिक	1	1	1	1	LAM 2:18
तन्त्र	2	2	1	0	ISA 47:9
तन्त्रियों	2	2	1	0	DAN 5:7
तन्त्री	2	2	1	0	DAN 4:7
तन्दूर	6	6	3	4	EXO 16:23
तन्दूरों	1	1	1	1	EXO 8:3
तन्हूमेत	1	1	1	2	2KI 25:23
तन्हूसेत	1	1	1	0	JER 40:8
तपन	5	5	3	5	GEN 8:22
तपाई	0	0	0	1	extra_words.txt
तपाए	0	0	0	1	extra_words.txt
तपाकर	1	1	1	2	JER 9:7
तपाया	1	1	1	0	REV 1:15
तपावन	9	9	3	8	ISA 57:6
तपावनों	1	1	1	1	DEU 32:38
तप्त	3	3	2	3	ISA 32:2
तप्पूह	6	6	2	6	JOS 12:17
तब	5707	5707	57	5588	GEN 1:7
तबलियों	1	1	1	0	ISA 66:19
तबल्याह	1	1	1	1	1CH 26:11
तबाह	0	0	0	1	extra_words.txt
तबीता	2	2	1	2	ACT 9:36
तबेरा	2	2	2	4	NUM 11:3
तब्बाओत	2	2	2	2	EZR 2:43
तब्बात	1	1	1	1	JDG 7:22
तब्रिम्मोन	1	1	1	1	1KI 15:18
तभी	4	4	3	4	EZK 18:30
तमसपूर्ण	0	0	0	1	extra_words.txt
तमाम	1	1	1	1	LUK 23:18
तमाशा	5	5	4	6	JDG 16:25
तम्बुओं	19	19	9	20	GEN 4:20
तम्बू	278	278	24	340	GEN 9:21
तम्बूवाले	1	1	1	1	PSA 83:6
तम्मूज	1	1	1	1	EZK 8:14
तय	1	1	1	1	ACT 25:9
तर	2	2	1	2	LEV 6:21
तरंग	1	1	1	2	PSA 89:9
तरंगें	2	2	2	1	PSA 107:29
तरंगों	5	5	2	5	2SA 22:5
तरकश	1	1	1	6	GEN 27:3
तरख	1	1	1	0	PSA 90:13
तरफ	2	2	2	6	GEN 37:7
तरला	1	1	1	1	JOS 18:27
तरस	42	42	19	50	EXO 2:6
तरसुस	4	4	1	5	ACT 9:30
तरसुसवासी	1	1	1	0	ACT 9:11
तरह	32	32	21	84	EXO 28:7
तराइयाँ	2	2	2	2	PSA 65:13
तराइयों	13	13	6	15	DEU 8:7
तराई	135	135	24	144	GEN 13:10
तराजू	11	11	9	13	LEV 19:36
तरावट	1	1	1	1	PSA 32:4
तराशनेवाले	0	0	0	1	extra_words.txt
तराशे	2	2	2	2	EXO 20:25
तरी	1	1	1	1	LUK 8:6
तरीका	0	0	0	4	extra_words.txt
तरीकों	0	0	0	1	extra_words.txt
तरुण	1	1	1	0	ISA 40:30
तरोताजा	0	0	0	1	extra_words.txt
तर्क	3	3	3	7	ACT 17:18
तर्क-सम्मत	0	0	0	1	extra_words.txt
तर्कश	5	5	4	0	JOB 39:23
तर्कसंगत	0	0	0	1	extra_words.txt
तर्तान	1	1	1	0	ISA 20:1
तर्त्ताक	1	1	1	1	2KI 17:31
तर्त्तान	1	1	1	2	2KI 18:17
तर्पली	1	1	1	1	EZR 4:9
तर्शीश	26	26	10	27	GEN 10:4
तर्शीशियों	1	1	1	1	ISA 66:19
तर्शीशी	1	1	1	1	EZK 27:12
तल	2	2	1	7	PSA 68:22
तलघर	3	3	2	3	JER 37:16
तलछट	3	3	3	3	PSA 75:8
तलवार	428	428	42	443	GEN 3:24
तलवारें	16	16	10	16	GEN 49:5
तलवारों	5	5	4	5	NEH 4:16
तलवे	3	3	3	4	LEV 13:12
तलवों	1	1	1	1	MRK 6:11
तलस्सार	2	2	2	2	2KI 19:12
तला	1	1	1	1	LEV 2:7
तलाईम	1	1	1	1	1SA 15:4
तलाक	2	2	1	5	MAT 5:31
तलाश	0	0	0	3	extra_words.txt
तलीता	1	1	1	2	MRK 5:41
तलुए	1	1	1	0	EZK 1:7
तले	50	50	23	66	GEN 18:8
तल्मै	6	6	5	6	NUM 13:22
तल्मोन	5	5	3	5	1CH 9:17
तवे	4	4	2	4	LEV 2:5
तवों	1	1	1	1	1CH 9:31
तसमों	1	1	1	1	ACT 22:25
तसले	8	8	7	8	EXO 12:22
तसलों	1	1	1	1	JER 52:19
तह	4	4	4	4	DEU 32:22
तहकमोनी	1	1	1	1	2SA 23:8
तहक़ीक़ात	1	1	1	0	EZR 10:16
तहखाने	0	0	0	1	extra_words.txt
तहत	10	10	2	14	NUM 33:26
तहतीम्होदशी	1	1	1	1	2SA 24:6
तहन	3	3	2	3	NUM 26:35
तहनियों	1	1	1	1	NUM 26:35
तहपनेस	3	3	1	3	1KI 11:19
तहपन्हेस	7	7	2	8	JER 2:16
तहमास	1	1	1	1	DEU 14:15
तहश	1	1	1	1	GEN 22:24
तहाँ	1	1	1	1	LEV 13:28
तहिन्ना	1	1	1	1	1CH 4:12
तह्रे	1	1	1	1	1CH 9:41
ता	1	1	1	1	JOB 23:10
ताँत	1	1	1	1	ISA 38:12
ताँता	2	2	1	2	JER 31:12
ताँतें	1	1	1	1	JDG 16:8
ताँतों	2	2	1	2	JDG 16:7
ताँबा	2	2	2	0	JER 6:28
ताँबे	1	1	1	0	MRK 7:4
तांत्रिकों	1	1	1	1	JER 27:9
तांबा	1	1	1	3	DEU 8:9
ताई	1	1	1	1	PSA 12:6
ताए	1	1	1	1	1PE 1:7
ताक	15	15	9	18	1SA 1:12
ताककर	1	1	1	0	LUK 22:56
ताकता	7	7	6	8	GEN 24:21
ताकती	2	2	2	2	JER 48:19
ताकते	4	4	4	4	EXO 33:8
ताकना	1	1	1	1	GEN 19:17
ताकने	2	2	2	2	GEN 42:28
ताकनेवाले	0	0	0	1	extra_words.txt
ताकि	233	233	48	251	GEN 18:19
ताकूँगा	2	2	2	2	AMO 5:22
ताकेंगे	2	2	2	2	ISA 13:8
तागे	1	1	1	1	ECC 4:12
ताज	0	0	0	3	extra_words.txt
ताज़ा	1	1	1	0	JDG 15:19
ताज़े	2	2	2	0	HAG 1:11
ताजा	5	5	5	7	LEV 14:42
ताजी	1	1	1	1	JOS 9:12
ताजे	3	3	3	5	EZK 16:26
ताड़	4	4	4	2	GEN 31:2
ताड़कर	1	1	1	1	LUK 20:23
ताड़ना	66	66	17	70	LEV 26:18
ताड़नाओं	1	1	1	1	PRO 1:30
ताते	1	1	1	0	JOB 28:1
तात्त्विक	0	0	0	1	extra_words.txt
तात्पर्य	0	0	0	3	extra_words.txt
तान	5	5	3	5	JOB 37:18
तानकर	1	1	1	1	2PE 3:16
तानतशीलो	1	1	1	1	JOS 16:6
ताननेवाला	2	2	2	2	ISA 42:5
ताननेवाले	1	1	1	1	ISA 51:13
ताना	7	7	4	8	JOB 30:9
तानाक	7	7	4	8	JOS 12:21
तानूँ	1	1	1	1	ISA 51:16
ताने	14	14	5	14	LEV 13:48
तानेगा	2	2	2	2	ISA 34:11
तानेवाला	1	1	1	1	MAL 3:3
तान्त्रिक	1	1	1	0	DEU 18:10
ताप	4	4	2	4	JOB 30:30
तापकर	1	1	1	1	ISA 44:16
तापत	1	1	1	1	1KI 4:11
तापता	1	1	1	1	ISA 44:15
तापते	1	1	1	1	MRK 14:67
तापने	2	2	2	3	ISA 47:14
ताबीज़	1	1	1	1	SNG 8:6
ताबीजों	1	1	1	0	MAT 23:5
ताबेल	2	2	2	2	EZR 4:7
ताबोर	10	10	7	11	JOS 19:22
तामार	26	26	7	30	GEN 38:6
तामाशा	1	1	1	0	JDG 16:27
ताया	7	7	5	8	2SA 22:31
तायी	1	1	1	0	1CH 29:4
तार	2	2	2	2	EXO 39:3
तारवाली	2	2	1	2	PSA 33:2
तारवाले	6	6	3	11	PSA 45:8
तारा	10	10	5	10	NUM 24:17
तारागण	15	15	9	16	GEN 1:16
तारागणों	1	1	1	1	1CO 15:41
तारीफ	0	0	0	1	extra_words.txt
तारे	21	21	10	24	GEN 37:9
तारों	22	22	12	22	EXO 32:13
तार्किक	0	0	0	1	extra_words.txt
ताल	41	41	13	41	GEN 14:3
ताला	2	2	1	3	JDG 3:23
तालाब	2	2	2	4	LEV 11:36
तालियाँ	2	2	1	2	PSA 47:1
ताली	22	22	11	21	1KI 9:8
तालू	7	7	5	7	JOB 20:13
ताले	5	5	1	5	NEH 3:3
तालों	1	1	1	1	ISA 42:15
ताव	1	1	1	1	PSA 119:168
तावीजों	0	0	0	2	extra_words.txt
तिकवा	2	2	2	2	2KI 22:14
तिकोने	1	1	1	1	1SA 18:6
तिग्लत्पिलेसेर	3	3	1	6	2KI 15:29
तितर	97	97	30	3	GEN 49:7
तितुस	1	1	1	0	ACT 18:7
तित्तर	2	2	1	0	1KI 14:15
तिदाल	2	2	1	2	GEN 14:1
तिनका	3	3	2	3	MAT 7:4
तिनके	3	3	2	4	MAT 7:3
तिप्सह	2	2	2	2	1KI 4:24
तिप्सहियों	1	1	1	1	2KI 15:16
तिबिरियास	3	3	1	7	JHN 6:1
तिबिरियुस	1	1	1	1	LUK 3:1
तिब्नी	3	3	1	3	1KI 16:21
तिभत	1	1	1	1	1CH 18:8
तिमाई	1	1	1	1	MRK 10:46
तिमिर	1	1	1	0	JOL 2:2
तिम्नत्सेरह	2	2	1	2	JOS 19:50
तिम्नथेरेस	1	1	1	1	JDG 2:9
तिम्ना	15	15	5	6	GEN 36:12
तिम्नाथ	3	3	1	0	GEN 38:12
तिम्नी	1	1	1	0	JDG 15:6
तिरछा	1	1	1	2	2SA 22:27
तिरज़ा	1	1	1	0	1KI 14:17
तिरतियुस	1	1	1	1	ROM 16:22
तिरतुल्लुस	2	2	1	2	ACT 24:1
तिरपन	4	4	3	5	NUM 1:43
तिरमुहाने	1	1	1	0	OBA 1:14
तिरशूलों	1	1	1	0	JOB 41:7
तिरस्कार	15	15	12	25	GEN 39:14
तिरह	1	1	1	0	LUK 3:34
तिराती	1	1	1	1	1CH 2:55
तिरासी	1	1	1	1	EXO 7:7
तिर्छा	1	1	1	0	PSA 18:26
तिर्छे	1	1	1	0	DEU 32:5
तिर्पन	1	1	1	0	NUM 26:47
तिर्मुहानियों	1	1	1	0	PRO 8:2
तिर्मुहाने	1	1	1	0	EZK 21:21
तिर्सा	17	17	5	18	NUM 26:33
तिर्सावाले	1	1	1	1	1KI 16:9
तिर्हाका	2	2	2	2	2KI 19:9
तिर्हाना	1	1	1	1	1CH 2:48
तिलगतपिलनेसेर	3	3	2	0	1CH 5:6
तिशबी	6	6	2	6	1KI 17:1
तिहत्तर	4	4	3	4	NUM 3:43
तिहाई	38	38	8	40	NUM 15:6
तीखे	1	1	1	1	EZK 5:16
तीतर	2	2	2	2	1SA 26:20
तीतुस	13	13	4	25	2CO 2:13
तीन	419	419	39	429	GEN 5:22
तीनों	67	67	25	71	GEN 7:13
तीमुथियुस	24	24	12	53	ACT 16:1
तीमोन	1	1	1	1	ACT 6:5
तीर	72	72	19	65	GEN 21:16
तीरन्दाज	1	1	1	1	PRO 26:10
तीरया	1	1	1	1	1CH 4:16
तीरास	2	2	2	2	GEN 10:2
तीरों	16	16	11	16	NUM 24:8
तीर्थयात्रियों	0	0	0	1	extra_words.txt
तीव्रता	0	0	0	2	extra_words.txt
तीस	108	108	24	106	GEN 5:3
तीसरा	27	27	11	35	GEN 1:13
तीसरी	24	24	15	33	GEN 2:14
तीसरे	88	88	30	92	GEN 22:4
तीसवें	1	1	1	1	EZK 1:1
तीसी	1	1	1	1	1CH 11:45
तीसों	10	10	2	10	2SA 23:13
तुखिकुस	5	5	5	7	ACT 20:4
तुच्छ	141	141	41	155	GEN 16:4
तुच्छों	1	1	1	1	1CO 1:28
तुझ	875	875	51	694	GEN 3:16
तुझको	1	1	1	196	DEU 13:10
तुझतक	8	8	0	0	OV bigram
तुझपर	176	176	0	0	OV bigram
तुझमें	87	87	0	0	OV bigram
तुझसे	4	4	3	0	EXO 32:10
तुझी	34	34	16	34	GEN 7:1
तुझे	1099	1099	55	1136	GEN 3:11
तुड़वा	3	3	2	2	2CH 14:3
तुतलानेवालों	1	1	1	1	ISA 32:4
तुम	3781	3781	60	3904	GEN 1:29
तुमको	5	5	3	0	SNG 5:8
तुमतक	2	2	0	0	OV bigram
तुमने	23	23	4	0	ISA 31:6
तुमपर	142	142	0	0	OV bigram
तुममें	1	1	1	0	GEN 34:15
तुमसे	12	12	4	0	MAT 5:44
तुम्मीम	5	5	5	7	EXO 28:30
तुम्हारा	381	381	48	397	GEN 9:2
तुम्हारी	357	357	42	364	GEN 3:5
तुम्हारे	1288	1288	55	1327	GEN 1:29
तुम्हीं	3	3	3	4	NUM 33:53
तुम्हें	574	574	50	590	GEN 34:16
तुरन्त	128	128	21	136	GEN 18:6
तुरन्नुस	1	1	1	1	ACT 19:9
तुरहियाँ	25	25	8	1	NUM 10:2
तुरहियों	4	4	2	6	NUM 10:8
तुरही	25	25	9	32	NUM 10:4
तुलना	1	1	1	44	SNG 1:9
तुला	1	1	1	0	JOB 6:2
तुल्य	107	107	28	114	GEN 3:5
तू	4292	4292	56	3433	GEN 2:16
तूत	4	4	2	4	2SA 5:23
तूने	8	8	5	962	PSA 22:1
तूफान	1	1	1	5	MAT 8:24
तूबल	9	9	3	7	GEN 4:22
तृतीय	0	0	0	1	extra_words.txt
तृप्त	85	85	28	88	GEN 18:5
तृप्ति	0	0	0	2	extra_words.txt
तृष्णा	3	3	1	3	EZK 16:28
तेइसवें	1	1	1	0	2CH 7:10
तेईस	15	15	9	15	NUM 26:62
तेईसवीं	2	2	1	2	1CH 24:18
तेईसवें	4	4	3	5	2KI 12:6
तेज	87	87	20	105	EXO 4:25
तेजस्वी	3	3	3	5	ACT 2:20
तेज़	4	4	2	0	1SA 11:9
तेजी	1	1	1	1	JOB 9:26
तेजोमय	22	22	10	24	JDG 5:31
तेबह	1	1	1	1	GEN 22:24
तेबेत	1	1	1	1	EST 2:16
तेबेस	2	2	2	3	JDG 9:50
तेमनी	1	1	1	1	1CH 4:6
तेमह	1	1	1	2	EZR 2:53
तेमा	4	4	4	4	GEN 25:15
तेमाइयों	1	1	1	1	JER 25:23
तेमान	11	11	7	11	GEN 36:11
तेमानियों	2	2	2	2	GEN 36:34
तेमानी	6	6	1	7	JOB 2:11
तेमेह	1	1	1	0	NEH 7:55
तेरह	24	24	7	28	GEN 11:24
तेरहवीं	2	2	1	2	1CH 24:13
तेरहवें	9	9	3	9	GEN 14:4
तेरहों	1	1	1	1	NUM 29:14
तेरा	1060	1060	49	1074	GEN 3:10
तेरी	1025	1025	50	1069	GEN 3:16
तेरे	2561	2561	55	2609	GEN 3:15
तेरेश	2	2	1	2	EST 2:21
तेल	224	224	35	246	GEN 28:18
तेलमेलह	1	1	1	0	NEH 7:61
तेलरूपी	1	1	1	1	LEV 21:12
तेलवाली	0	0	0	1	extra_words.txt
तेलवाले	1	1	1	0	DEU 8:8
तेलह	2	2	1	2	1CH 7:25
तेलहर्शा	2	2	2	2	EZR 2:59
तेलाबीब	1	1	1	1	EZK 3:15
तेलेम	2	2	2	2	JOS 15:24
तेल्मेलह	1	1	1	0	EZR 2:59
तैंतालीस	3	3	3	3	NUM 26:7
तैंतीस	7	7	6	6	GEN 46:15
तैंतीसवें	1	1	1	1	2KI 25:27
तैयार	215	215	44	270	GEN 19:3
तैयारी	41	41	19	50	JOS 8:3
तैर	2	2	1	2	ACT 27:42
तैरता	2	2	2	2	GEN 7:18
तैरते	1	1	1	2	ISA 25:11
तैरने	2	2	2	2	2KI 6:6
तैलवृक्ष	1	1	1	1	NEH 8:15
तैसा	2	2	2	2	LEV 13:37
तैसी	3	3	3	3	GEN 41:21
तैसे	1	1	1	1	2KI 7:10
तो	4623	4623	66	5588	GEN 1:3
तोंद	2	2	1	2	JDG 3:21
तोई	3	3	1	3	2SA 8:9
तोऊ	2	2	1	2	1CH 18:9
तोकेन	1	1	1	1	1CH 4:32
तोखत	1	1	1	1	2CH 34:22
तोगर्मा	4	4	3	4	GEN 10:3
तोड़	149	149	33	144	GEN 3:22
तोड़कर	26	26	15	25	GEN 3:6
तोड़ता	4	4	3	6	PSA 46:9
तोड़ते	8	8	6	9	LEV 26:5
तोड़ना	3	3	2	5	EXO 12:46
तोड़ने	17	17	12	19	GEN 19:9
तोड़नेवाला	1	1	1	1	MIC 2:13
तोड़नेवाले	3	3	2	3	JER 6:9
तोड़नेवालों	1	1	1	1	DAN 11:30
तोड़ा	13	13	9	13	DEU 21:6
तोड़ी	20	20	15	25	LEV 26:30
तोड़ीं	3	3	2	0	MRK 8:6
तोड़ूँ	1	1	1	1	ZEC 11:10
तोड़ूँगा	9	9	7	11	JDG 2:1
तोड़े	22	22	8	24	NUM 30:13
तोड़ें	1	1	1	0	NUM 9:12
तोड़ेंगे	3	3	3	3	DEU 31:16
तोड़ेगा	4	4	3	4	ISA 25:11
तोड़ोगे	1	1	1	1	LEV 26:15
तोपेत	10	10	3	11	2KI 23:10
तोपेल	1	1	1	1	DEU 1:1
तोब	3	3	2	4	JDG 11:3
तोबदोनिय्याह	1	1	1	1	2CH 17:8
तोबियाह	9	9	1	18	NEH 2:10
तोबिय्याह	9	9	4	0	2CH 17:8
तोबी	1	1	1	1	2SA 10:6
तोला	7	7	4	9	GEN 24:22
तोलाद	1	1	1	1	1CH 4:29
तोलियों	1	1	1	1	NUM 26:23
तोले	1	1	1	1	GEN 24:22
तोलोन	1	1	1	1	1CH 4:20
तोह	2	2	1	2	1CH 6:34
तोहू	1	1	1	1	1SA 1:1
तौभी	545	545	58	4	GEN 2:6
तौल	28	28	17	23	GEN 23:16
तौलकर	23	23	9	22	LEV 26:26
तौलता	1	1	1	1	PRO 16:2
तौलते	1	1	1	1	ISA 46:6
तौलना	1	1	1	1	JOB 37:16
तौलने	2	2	2	2	1CH 23:29
तौलनेवाला	1	1	1	1	1SA 2:3
तौला	4	4	3	4	JOB 6:2
तौली	2	2	2	2	EZR 8:34
तौले	2	2	2	2	1KI 7:47
त्याग	64	64	21	112	JDG 2:13
त्यागकर	25	25	12	0	DEU 28:20
त्यागते	1	1	1	1	ISA 50:1
त्यागना	4	4	3	7	ISA 7:15
त्यागने	3	3	2	3	DEU 22:19
त्यागपत्र	6	6	4	6	DEU 24:1
त्यागा	10	10	5	15	2CH 13:10
त्यागी	13	13	7	14	LEV 21:7
त्यागूँगा	2	2	2	2	ISA 42:16
त्यागे	3	3	3	4	MIC 5:3
त्यागेगा	1	1	1	1	1CH 28:20
त्यागो	1	1	1	1	2CH 7:19
त्यों	39	39	20	36	GEN 29:3
त्योंही	16	16	7	0	JDG 7:19
त्योहार	0	0	0	1	extra_words.txt
त्योहारों	0	0	0	1	extra_words.txt
त्रखोनीतिस	1	1	1	1	LUK 3:1
त्रस्त	1	1	1	0	GEN 47:13
त्रासदियाँ	0	0	0	1	extra_words.txt
त्रासदी	0	0	0	1	extra_words.txt
त्रिएक	0	0	0	2	extra_words.txt
त्रिशूलों	1	1	1	2	1SA 13:21
त्रुटि	0	0	0	2	extra_words.txt
त्रुफिमुस	3	3	2	4	ACT 20:4
त्रूफेना	1	1	1	0	ROM 16:12
त्रूफोसा	1	1	1	2	ROM 16:12
त्रोआस	6	6	3	9	ACT 16:8
त्वचा	0	0	0	3	extra_words.txt
थक	22	22	11	29	GEN 19:11
थककर	1	1	1	2	MAT 15:32
थकता	1	1	1	1	ISA 40:28
थकते	1	1	1	1	ISA 40:30
थका	12	12	8	18	GEN 25:29
थकान	0	0	0	2	extra_words.txt
थकावट	1	1	1	1	ECC 10:15
थकित	2	2	1	2	ISA 40:31
थकी	1	1	1	1	ISA 57:10
थके	13	13	7	6	JDG 8:4
थकेगा	1	1	1	1	ISA 42:4
थन	1	1	1	1	LAM 4:3
थप्पड़	11	11	9	11	1KI 22:24
थम	15	15	11	18	EXO 15:8
थमती	1	1	1	1	PRO 21:14
थमा	2	2	1	2	JOS 10:12
थमी	1	1	1	1	JER 47:6
थर	2	2	1	0	JOB 21:6
थरथर	1	1	1	1	GEN 27:33
थरथरा	14	14	9	15	EXO 15:15
थरथराऊँगा	1	1	1	1	ISA 12:2
थरथराएँगे	4	4	4	4	ISA 19:16
थरथराएगा	2	2	2	2	ISA 60:5
थरथराओ	3	3	3	3	DEU 20:3
थरथराकर	1	1	1	0	JOB 26:11
थरथराता	9	9	8	9	DEU 28:66
थरथराती	2	2	2	2	JER 23:9
थरथराते	17	17	10	19	1SA 13:7
थरथराने	3	3	3	3	1SA 14:15
थरथरानेवालों	1	1	1	1	EZR 10:3
थरथराहट	7	7	5	8	DEU 2:25
थल	1	1	1	2	MAT 23:15
था	4077	4077	64	5615	GEN 1:2
थांभ	1	1	1	0	PSA 18:16
थान	2	2	2	2	2CH 32:28
थानों	1	1	1	1	HAB 3:17
थाम	7	7	4	12	2SA 6:6
थामकर	1	1	1	0	ISA 42:6
थामा	1	1	1	1	REV 3:10
थामे	13	13	9	14	JOB 23:11
थामेगा	1	1	1	1	JOB 8:15
थाल	5	5	3	5	2SA 13:9
थालियों	1	1	1	1	2CH 35:13
थाली	9	9	6	9	2KI 21:13
थाह	10	10	6	10	2SA 22:16
थियुफिलुस	2	2	2	9	LUK 1:3
थियूदास	1	1	1	1	ACT 5:36
थिस्सलुनीकियों	3	3	3	16	ACT 20:4
थिस्सलुनीके	6	6	3	13	ACT 17:1
थी	1221	1221	56	1698	GEN 1:2
थीं	369	369	44	393	GEN 16:13
थुआतीरा	2	2	1	5	REV 2:18
थुआथीरा	1	1	1	0	ACT 16:14
थूआतीरा	1	1	1	0	REV 1:11
थूक	3	3	3	3	DEU 25:9
थूककर	2	2	1	2	MRK 7:33
थूकते	2	2	2	2	JOB 17:6
थूकने	3	3	3	3	JOB 30:10
थूका	4	4	3	4	NUM 12:14
थूके	1	1	1	1	LEV 15:8
थूकेंगे	2	2	2	2	MRK 10:34
थूथन	0	0	0	1	extra_words.txt
थूथुन	1	1	1	0	PRO 11:22
थे	2564	2564	59	2998	GEN 2:25
थैला	1	1	1	2	MAT 2:11
थैलियों	5	5	3	5	GEN 42:35
थैली	18	18	11	17	GEN 21:14
थोड़ा	52	52	26	47	GEN 18:4
थोड़ी	54	54	24	53	GEN 35:16
थोड़े	81	81	29	84	GEN 27:44
थोड़ेवाले	1	1	1	1	NUM 33:54
थोड़ों	1	1	1	1	NUM 26:56
थोथा	1	1	1	1	ECC 10:10
थोमा	11	11	5	12	MAT 10:3
दंगा	5	5	3	4	NUM 17:10
दंगे	1	1	1	1	PRO 17:11
दंगैत	3	3	2	2	DEU 21:18
दकोदा	1	1	1	0	NEH 7:62
दक्खिन	25	25	13	0	GEN 12:9
दक्खिनी	4	4	3	0	JOS 11:16
दक्षता	0	0	0	1	extra_words.txt
दक्षिण	106	106	24	158	GEN 13:14
दक्षिणा	3	3	3	2	NUM 22:7
दक्षिणी	30	30	9	43	NUM 34:3
दण्ड	242	242	45	378	GEN 4:13
दण्डनीय	0	0	0	1	extra_words.txt
दण्डवत्	201	201	32	212	GEN 18:2
दण्डात्मक	0	0	0	1	extra_words.txt
दण्डित	1	1	1	3	2CO 10:6
दण्डी	1	1	1	0	AMO 8:5
ददान	9	9	4	9	GEN 10:7
ददानियों	1	1	1	1	JER 25:23
ददानी	2	2	2	2	ISA 21:13
दन्ना	1	1	1	1	JOS 15:49
दपटे	1	1	1	1	ISA 37:4
दफन	0	0	0	1	extra_words.txt
दफनाना	0	0	0	1	extra_words.txt
दफनाया	0	0	0	3	extra_words.txt
दफ़न	0	0	0	3	extra_words.txt
दब	14	14	12	15	LEV 26:41
दबक	1	1	1	1	JOB 38:40
दबकर	6	6	5	12	GEN 49:9
दबका	2	2	2	1	GEN 49:14
दबते	1	1	1	1	PSA 106:43
दबा	24	24	14	27	EXO 23:5
दबाई	1	1	1	1	AMO 2:13
दबाऊँ	1	1	1	1	PSA 81:14
दबाऊँगा	1	1	1	1	AMO 2:13
दबाए	7	7	7	7	EXO 3:19
दबाएँगे	1	1	1	1	LUK 19:43
दबाओ	1	1	1	1	JOB 21:5
दबाकर	2	2	2	1	JDG 6:38
दबाता	4	4	4	4	JOB 40:4
दबाती	1	1	1	1	2CO 11:28
दबाते	1	1	1	1	MAL 3:5
दबाने	2	2	2	3	GEN 19:9
दबानेवाला	1	1	1	1	PRO 16:30
दबाया	6	6	6	7	JDG 19:7
दबाये	1	1	1	1	ISA 1:6
दबाव	10	10	8	11	EXO 12:33
दबी	1	1	1	1	2TI 3:6
दबीर	14	14	3	15	JOS 10:3
दबे	9	9	8	10	LEV 22:24
दबेगा	2	2	2	2	JOB 33:7
दबोरा	10	10	2	15	GEN 35:8
दब्बेशेत	1	1	1	1	JOS 19:11
दम	3	3	2	3	JDG 15:19
दमक	2	2	2	1	SNG 8:6
दमड़ियाँ	2	2	2	2	MRK 12:42
दमड़ी	2	2	1	0	LUK 12:59
दमदमा	7	7	4	7	2KI 19:32
दमदमों	2	2	1	2	JER 32:24
दमन	0	0	0	4	extra_words.txt
दमनकारी	0	0	0	1	extra_words.txt
दमरिस	1	1	1	1	ACT 17:34
दमिश्क	56	56	15	64	GEN 14:15
दमिश्कवासी	3	3	3	4	GEN 15:2
दमिश्कियों	1	1	1	1	2CO 11:32
दयनीय	0	0	0	2	extra_words.txt
दया	163	163	43	224	GEN 19:16
दयादृष्टि	3	3	1	5	EZK 7:4
दयापूर्ण	0	0	0	1	extra_words.txt
दयारहित	1	1	1	0	2TI 3:3
दयालु	21	21	12	25	GEN 43:14
दयावन्त	10	10	5	6	2SA 22:26
दयासागर	1	1	1	0	DAN 9:9
दरबान	1	1	1	1	2CH 34:13
दरबानों	2	2	2	2	2CH 34:9
दरबार	2	2	2	3	DAN 2:49
दरबों	1	1	1	1	ISA 60:8
दरवाज़े	1	1	1	0	1KI 6:31
दरवाजा	0	0	0	1	extra_words.txt
दरवाजे	7	7	3	7	EXO 38:15
दरवाजों	1	1	1	0	2KI 18:16
दरार	11	11	7	13	EXO 33:22
दरारों	11	11	7	11	PSA 60:2
दरिद्र	51	51	13	52	EXO 23:6
दरिद्रता	5	5	4	5	JOB 30:3
दरिद्रों	16	16	5	18	JOB 5:15
दर्कमोन	6	6	3	6	1CH 29:7
दर्कोन	2	2	2	2	EZR 2:56
दर्ज	0	0	0	2	extra_words.txt
दर्द	1	1	1	3	1SA 4:19
दर्दनाक	0	0	0	1	extra_words.txt
दर्दा	1	1	1	1	1KI 4:31
दर्पण	4	4	4	4	JOB 37:18
दर्पणों	2	2	2	3	EXO 38:8
दर्रे	1	1	1	0	1SA 13:23
दर्रों	1	1	1	0	1SA 14:4
दर्शन	169	169	33	222	GEN 12:7
दर्शनों	4	4	3	6	JOB 7:14
दर्शाते	1	1	1	10	MAT 21:32
दर्शियों	3	3	3	4	2KI 17:13
दर्शी	24	24	7	27	1SA 9:9
दर्शीरूपी	1	1	1	1	ISA 29:10
दल	158	158	28	162	GEN 11:6
दलते	1	1	1	1	ISA 3:15
दलदल	5	5	3	8	PSA 40:2
दलबन्दी	1	1	1	0	1CO 11:19
दलमतिया	1	1	1	1	2TI 4:10
दलमनूता	1	1	1	1	MRK 8:10
दला	1	1	1	1	2SA 17:19
दलायाह	7	7	4	7	1CH 3:24
दलित	1	1	1	2	LAM 3:34
दलीला	8	8	1	9	JDG 16:4
दलों	47	47	12	51	NUM 1:3
दल्पोन	1	1	1	1	EST 9:7
दवा	0	0	0	1	extra_words.txt
दवात	3	3	1	3	EZK 9:2
दशमांश	31	31	8	37	GEN 14:20
दशमांशों	3	3	2	3	NUM 18:28
दशा	148	148	41	159	GEN 18:25
दशाओं	1	1	1	1	PHP 4:12
दस	218	218	32	205	GEN 5:14
दसगुणे	1	1	1	1	DAN 1:20
दसवाँ	48	48	11	48	EXO 16:36
दसवीं	4	4	3	5	DEU 23:3
दसवें	30	30	13	31	GEN 8:5
दसों	11	11	7	11	DEU 4:13
दस्तखत	1	1	1	4	JOB 31:35
दस्तख़त	3	3	1	0	JER 32:10
दस्तावेज़	4	4	1	0	JER 32:10
दस्तावेज़ें	1	1	1	0	JER 32:11
दस्तावेज़ों	1	1	1	0	JER 32:14
दहक	5	5	3	5	DEU 5:23
दहशत	0	0	0	1	extra_words.txt
दहाई	1	1	1	1	LEV 14:10
दहाड़ना	1	1	1	1	JOB 4:10
दहाड़े	1	1	1	1	EZK 30:16
दही	5	5	4	5	GEN 18:8
दहेज	0	0	0	4	extra_words.txt
दाँई	1	1	1	0	ISA 28:27
दाँत	47	47	20	63	GEN 49:12
दाँतों	8	8	5	8	JOB 13:14
दाँव	9	9	7	7	JDG 14:4
दाँवकर	2	2	2	1	ISA 41:15
दाँवता	1	1	1	2	ISA 28:28
दाँवते	3	3	3	3	DEU 25:4
दाँवनी	3	3	3	4	ISA 28:28
दाँवने	6	6	5	6	2SA 24:22
दाँवनेवाला	1	1	1	1	1CO 9:10
दाँवनेवाले	2	2	2	2	AMO 1:3
दाइयाँ	0	0	0	3	extra_words.txt
दाइयों	0	0	0	4	extra_words.txt
दाऊद	1020	1020	28	1285	RUT 4:17
दाऊदपुर	38	38	7	39	2SA 5:7
दाऊदवंश	1	1	1	1	JER 13:13
दाएँ	1	1	1	8	ISA 21:10
दाख	163	163	33	169	GEN 9:20
दाखमधु	195	195	32	201	GEN 9:21
दाखरस	35	35	15	40	NUM 18:27
दाखरसकुण्डों	1	1	1	0	ZEC 14:10
दाखलता	44	44	20	46	GEN 40:9
दाखलताएँ	3	3	2	3	SNG 2:13
दाखलताओं	9	9	7	10	DEU 8:8
दाखें	4	4	1	5	ISA 5:2
दाखों	9	9	4	9	GEN 40:11
दाग	17	17	3	19	EXO 21:25
दागा	1	1	1	1	1TI 4:2
दागों	1	1	1	2	GAL 6:17
दागोन	13	13	3	14	JDG 16:23
दाढ़ियाँ	4	4	4	4	2SA 10:5
दाढ़ी	12	12	8	16	LEV 13:29
दाढ़ें	1	1	1	1	PRO 30:14
दाढ़ों	1	1	1	1	PSA 58:6
दाता	5	5	4	7	ISA 45:7
दातान	10	10	3	11	NUM 16:1
दाद	2	2	2	2	LEV 13:39
दादा	4	4	3	7	GEN 28:13
दादे	2	2	1	0	LUK 6:23
दादों	6	6	3	0	NUM 32:14
दान	118	118	33	145	GEN 14:14
दानव	1	1	1	1	GEN 6:4
दाना	10	10	7	6	LEV 19:10
दानियों	17	17	4	14	NUM 7:66
दानिय्येल	82	82	6	121	1CH 3:1
दानी	4	4	4	4	JOS 19:47
दाने	12	12	4	14	2SA 17:28
दानों	1	1	1	1	JER 31:14
दान्यान	1	1	1	1	2SA 24:6
दाबरत	2	2	1	0	JOS 19:12
दाबरात	1	1	1	3	1CH 6:72
दाम	54	54	22	52	GEN 23:9
दामाद	14	14	6	16	GEN 19:12
दामादों	2	2	1	1	GEN 19:14
दायित्वों	0	0	0	3	extra_words.txt
दारा	26	26	6	29	1CH 2:6
दारोगा	6	6	2	0	GEN 39:21
दार्शनिकों	1	1	1	2	ACT 17:18
दाल	2	2	1	2	GEN 25:29
दालचीनी	4	4	4	4	EXO 30:23
दाल्थ	1	1	1	1	PSA 119:24
दावनी	1	1	1	0	LEV 26:5
दावा	7	7	5	13	JOB 35:2
दास	592	592	50	632	GEN 9:25
दासता	2	2	2	2	EXO 14:5
दासत्व	30	30	15	47	EXO 6:5
दासियाँ	16	16	9	7	GEN 12:16
दासियों	29	29	13	30	GEN 20:17
दासी	105	105	26	101	GEN 16:1
दासो	4	4	4	0	PSA 113:1
दासों	117	117	29	134	GEN 9:25
दाह	1	1	1	1	DEU 28:22
दाहिना	34	34	15	36	GEN 48:14
दाहिनी	74	74	27	75	GEN 13:9
दाहिने	106	106	28	95	GEN 48:13
दिए	277	277	42	311	GEN 1:29
दिकापुलिस	3	3	2	4	MAT 4:25
दिक्ला	2	2	2	2	GEN 10:27
दिख	0	0	0	1	extra_words.txt
दिखता	2	2	2	6	DEU 28:67
दिखला	3	3	3	0	NUM 16:5
दिखलाई	2	2	2	3	GEN 42:27
दिखलाईं	1	1	1	0	ISA 39:2
दिखलाऊँ	1	1	1	1	EXO 10:1
दिखलाऊँगा	2	2	2	2	EXO 7:3
दिखलाए	1	1	1	3	EXO 4:30
दिखलाएगा	2	2	1	2	PSA 25:8
दिखलाओ	1	1	1	1	ISA 49:9
दिखलाकर	1	1	1	1	DEU 26:8
दिखलाना	1	1	1	1	EXO 4:21
दिखलाने	1	1	1	1	EXO 4:28
दिखलाया	2	2	2	1	EXO 14:31
दिखा	34	34	16	39	EXO 33:18
दिखाई	211	211	43	229	GEN 1:9
दिखाईं	1	1	1	1	2KI 20:13
दिखाऊँ	8	8	7	8	EXO 9:16
दिखाऊँगा	27	27	15	31	GEN 12:1
दिखाऊँगी	2	2	2	2	JDG 4:22
दिखाए	38	38	21	38	GEN 46:28
दिखाएँ	3	3	2	5	EXO 23:17
दिखाएँगे	4	4	3	4	PSA 60:12
दिखाएगा	11	11	7	14	2SA 15:25
दिखाओ	6	6	5	6	EXO 7:9
दिखाकर	10	10	8	10	NUM 14:13
दिखाता	40	40	21	44	EXO 25:9
दिखाते	5	5	4	4	JOS 7:12
दिखाना	7	7	6	6	EXO 4:17
दिखाने	23	23	17	31	EXO 13:21
दिखानेवाला	1	1	1	1	NEH 9:19
दिखानेवाली	1	1	1	2	REV 16:14
दिखाया	41	41	17	51	GEN 41:28
दिखावटी	2	2	2	3	2CO 5:12
दिखावा	1	1	1	2	GAL 6:12
दिदुमुस	2	2	1	3	JHN 20:24
दिद्मुस	1	1	1	0	JHN 11:16
दिन	1947	1947	62	2049	GEN 1:5
दिनदुपहरी	2	2	2	0	HOS 4:5
दिनांकित	0	0	0	1	extra_words.txt
दिनों	341	341	51	365	GEN 1:14
दिन्हाबा	2	2	2	2	GEN 36:32
दिबलैम	1	1	1	1	HOS 1:3
दिब्री	1	1	1	1	LEV 24:11
दिमेत्रियुस	1	1	1	5	3JN 1:12
दिम्ना	1	1	1	1	JOS 21:35
दिया	2681	2681	62	2925	GEN 2:7
दियुत्रिफेस	1	1	1	3	3JN 1:9
दियुनुसियुस	1	1	1	1	ACT 17:34
दियुसकूरी	1	1	1	1	ACT 28:11
दिये	14	14	9	15	NUM 18:6
दिरबे	4	4	1	5	ACT 14:6
दिल	1	1	1	5	ACT 21:13
दिलवा	1	1	1	1	1KI 21:7
दिलवाई	1	1	1	1	NUM 32:4
दिलवाने	1	1	1	2	EXO 28:12
दिला	11	11	9	8	GEN 34:4
दिलाई	18	18	10	21	DEU 9:18
दिलाऊँगा	4	4	4	4	DEU 32:21
दिलाए	1	1	1	1	1KI 17:18
दिलाओ	2	2	2	2	JER 25:6
दिलाओगे	1	1	1	1	DEU 31:29
दिलाकर	6	6	5	6	GEN 47:12
दिलाता	6	6	5	10	NUM 18:26
दिलाते	13	13	8	13	1KI 16:2
दिलान	1	1	1	1	JOS 15:38
दिलाना	3	3	3	3	EXO 5:5
दिलाने	12	12	11	16	LEV 23:24
दिलानेवाला	6	6	3	6	EXO 12:14
दिलानेवाली	3	3	3	4	LEV 24:7
दिलानेवाले	3	3	3	4	LEV 2:2
दिलानेवालों	1	1	1	0	PSA 109:31
दिलाया	13	13	9	13	1SA 23:16
दिवस	1	1	1	6	JOB 3:1
दिवसों	1	1	1	1	LEV 25:50
दिशा	59	59	15	67	NUM 2:3
दिशाओं	12	12	6	11	ISA 11:12
दी	954	954	56	1076	GEN 1:22
दीं	62	62	22	61	GEN 8:5
दीख	1	1	1	0	2CO 13:7
दीजाहाब	1	1	1	1	DEU 1:1
दीजिए	1	1	1	1	LUK 15:12
दीदो	1	1	1	0	1CH 11:12
दीन	87	87	22	91	EXO 10:3
दीनता	9	9	6	19	LUK 1:48
दीनहीन	1	1	1	0	LEV 23:22
दीना	9	9	1	10	GEN 30:21
दीनार	16	16	5	18	MAT 18:28
दीनी	1	1	1	1	EZR 4:9
दीनों	10	10	9	9	JOB 24:4
दीपक	32	32	16	38	EXO 25:37
दीपकों	15	15	7	16	EXO 30:8
दीपत	1	1	1	1	1CH 1:6
दीबोन	9	9	5	11	NUM 21:30
दीबोनगाद	2	2	1	0	NUM 33:45
दीमोन	2	2	1	2	ISA 15:9
दीमोना	1	1	1	1	JOS 15:22
दीया	10	10	5	9	MAT 5:15
दीये	3	3	3	4	MRK 4:21
दीर्घ	0	0	0	3	extra_words.txt
दीर्घकालीन	0	0	0	4	extra_words.txt
दीर्घजीवन	1	1	1	0	DEU 30:20
दीर्घायु	13	13	10	19	GEN 25:8
दीवट	55	55	13	59	EXO 25:31
दीवटें	3	3	3	3	1KI 7:49
दीवटों	6	6	3	7	1CH 28:15
दीवान	1	1	1	1	1KI 18:3
दीवार	55	55	14	73	EXO 14:22
दीवारें	3	3	2	3	1CH 29:4
दीवारों	23	23	10	25	LEV 14:37
दीवाल	1	1	1	0	1KI 20:30
दीशान	5	5	2	5	GEN 36:21
दीशोन	7	7	2	7	GEN 36:21
दुःख	257	257	48	288	GEN 3:16
दुःखदाई	8	8	5	12	2SA 2:26
दुःखप्रद	1	1	1	0	JER 30:12
दुःखभरा	1	1	1	0	ECC 4:8
दुःखभरे	2	2	2	0	EST 4:1
दुःखित	11	11	7	14	NUM 21:5
दुःखिया	1	1	1	2	1SA 1:15
दुःखियारी	1	1	1	2	ISA 54:11
दुःखियों	4	4	2	5	JOB 3:20
दुःखी	21	21	14	26	EXO 1:14
दुःखों	23	23	15	25	EXO 2:11
दुख	1	1	1	0	DEU 26:7
दुखता	2	2	2	2	ROM 9:2
दुखदाई	3	3	2	0	PSA 78:49
दुखित	1	1	1	0	PSA 13:2
दुखिया	1	1	1	0	ISA 54:6
दुखियारी	1	1	1	0	ISA 51:21
दुखियारे	1	1	1	0	PRO 15:15
दुखियों	1	1	1	0	1TI 5:10
दुखों	1	1	1	0	PSA 54:7
दुगना	1	1	1	4	JOB 42:10
दुगुना	1	1	1	0	EZK 21:14
दुचित्ता	1	1	1	1	JAS 1:8
दुचित्ते	1	1	1	1	JAS 4:8
दुचित्तों	1	1	1	1	PSA 119:113
दुधार	2	2	1	2	1SA 6:7
दुनिया	1	1	1	3	ECC 6:12
दुपट्टों	1	1	1	1	ISA 3:23
दुपहर	1	1	1	0	2SA 12:12
दुपहरी	5	5	5	8	DEU 28:29
दुबक	1	1	1	0	PSA 10:10
दुबला	2	2	2	2	2SA 13:4
दुबलापन	1	1	1	1	JOB 16:8
दुबली	3	3	3	4	GEN 41:19
दुबले	2	2	2	2	DEU 32:24
दुभाषिया	1	1	1	1	GEN 42:23
दुराग्रह	0	0	0	1	extra_words.txt
दुराचारी	2	2	1	3	MAL 3:15
दुर्गंध	1	1	1	0	JHN 11:39
दुर्गति	1	1	1	1	ISA 47:11
दुर्गन्ध	5	5	4	10	EXO 7:21
दुर्घटना	1	1	1	1	JOB 15:24
दुर्घटनाओं	1	1	1	1	PRO 18:10
दुर्जन	2	2	2	2	JOB 21:30
दुर्दमनीयता	0	0	0	1	extra_words.txt
दुर्दशा	17	17	10	20	GEN 42:9
दुर्दिन	1	1	1	1	JOB 30:25
दुर्नाम	1	1	1	1	2CO 6:8
दुर्बल	12	12	8	23	GEN 41:3
दुर्बलता	5	5	3	8	MAT 4:23
दुर्बलताओं	2	2	1	3	MAT 8:17
दुर्बोध	0	0	0	1	extra_words.txt
दुर्भाग्य	1	1	1	4	JOB 22:29
दुर्भाग्यवश	0	0	0	1	extra_words.txt
दुर्लभ	2	2	2	4	1SA 3:1
दुर्वचनों	1	1	1	1	PRO 12:13
दुर्व्यवहार	0	0	0	3	extra_words.txt
दुलहिन	1	1	1	0	JHN 3:29
दुलारा	2	2	2	2	PRO 4:3
दुलारी	1	1	1	1	SNG 6:9
दुलारे	1	1	1	1	MIC 1:16
दुलारों	1	1	1	1	HOS 9:16
दुल्हा	2	2	2	5	ISA 62:5
दुल्हिन	20	20	5	0	SNG 4:8
दुल्हे	5	5	2	7	PSA 19:5
दुल्हे-दुल्हन	0	0	0	1	extra_words.txt
दुविधा	2	2	2	3	JHN 10:24
दुश्मन	0	0	0	1	extra_words.txt
दुष्कर्म	1	1	1	1	JAS 3:16
दुष्कामना	1	1	1	1	COL 3:5
दुष्ट	234	234	31	284	GEN 13:13
दुष्टता	76	76	26	99	GEN 39:9
दुष्टात्मा	30	30	6	34	MAT 9:32
दुष्टात्माएँ	18	18	5	17	MAT 4:24
दुष्टात्माओं	34	34	6	40	MAT 7:22
दुष्टात्माग्रस्त	0	0	0	2	extra_words.txt
दुष्टों	93	93	12	109	1SA 24:13
दुष्परिणाम	0	0	0	1	extra_words.txt
दुष्परिणामों	0	0	0	1	extra_words.txt
दुहर	2	2	2	2	1SA 4:19
दुहरा	1	1	1	1	EXO 26:9
दुहराता	1	1	1	0	PRO 26:11
दुहाई	2	2	2	135	JER 14:12
दूँ	108	108	32	108	GEN 15:7
दूँगा	548	548	42	571	GEN 6:7
दूँगी	5	5	5	5	GEN 24:44
दूएल	4	4	1	4	NUM 1:14
दूकान	1	1	1	1	JER 37:21
दूत	222	222	33	230	GEN 16:7
दूतकार्य	0	0	0	2	extra_words.txt
दूतो	3	3	2	0	PSA 103:20
दूतों	59	59	21	60	GEN 19:15
दूदाफल	3	3	1	5	GEN 30:14
दूदाफलों	2	2	1	3	GEN 30:14
दूध	85	85	25	92	GEN 18:8
दूधपीउवों	1	1	1	1	JOL 2:16
दूधपीता	2	2	2	0	1SA 15:3
दूधपीते	1	1	1	0	ISA 49:15
दूधपीतों	1	1	1	1	1SA 22:19
दूधभाई	1	1	1	1	ACT 13:1
दूना	14	14	8	10	GEN 43:12
दूने	1	1	1	1	ISA 61:7
दूमा	4	4	4	4	GEN 25:14
दूर	491	491	51	477	GEN 18:25
दूरस्थ	0	0	0	1	extra_words.txt
दूरा	1	1	1	1	DAN 3:1
दूरी	10	10	6	20	DEU 21:2
दूल्हा	11	11	5	10	ISA 61:10
दूल्हे	6	6	3	7	MAT 25:1
दूषित	0	0	0	4	extra_words.txt
दूसरा	129	129	34	152	GEN 1:8
दूसरी	151	151	38	192	GEN 2:13
दूसरे	535	535	50	567	GEN 7:11
दूसरों	57	57	26	46	GEN 49:4
दृढ़	182	182	37	224	GEN 49:24
दृढ़ता	23	23	15	26	EXO 21:5
दृढ़तापूर्वक	0	0	0	1	extra_words.txt
दृढ़स्थान	2	2	2	0	JOB 39:28
दृश्य	1	1	1	7	LUK 17:20
दृश्यमान	0	0	0	1	extra_words.txt
दृष्टान्त	57	57	20	98	NUM 26:10
दृष्टान्तों	15	15	4	21	MAT 13:3
दृष्टि	453	453	45	490	GEN 4:14
दृष्टिकर	1	1	1	0	1SA 16:7
दृष्टिदान	0	0	0	2	extra_words.txt
दृष्टिवाला	1	1	1	2	DAN 8:23
दे	1154	1154	58	1228	GEN 1:9
दें	127	127	32	148	GEN 1:17
देंगी	5	5	4	8	LEV 26:26
देंगे	107	107	33	113	GEN 15:13
देकर	213	213	38	228	GEN 12:7
देके	3	3	3	2	EXO 22:16
देख	511	511	46	507	GEN 4:14
देखकर	287	287	41	320	GEN 12:15
देखके	1	1	1	1	GEN 44:31
देखता	112	112	30	130	GEN 11:6
देखती	10	10	8	13	GEN 30:41
देखते	181	181	35	160	GEN 24:64
देखना	16	16	12	21	GEN 44:34
देखनी	3	3	2	3	GEN 21:16
देखने	147	147	34	159	GEN 2:9
देखनेवाला	4	4	3	7	EXO 4:11
देखनेवालियाँ	1	1	1	1	ECC 12:3
देखनेवाले	5	5	4	7	DEU 13:3
देखनेवालों	5	5	5	7	ISA 32:3
देखभाल	4	4	4	0	GEN 31:49
देखा	642	642	49	678	GEN 1:4
देखादेखी	1	1	1	0	DEU 20:8
देखी	43	43	23	51	NUM 14:22
देखीं	13	13	10	10	GEN 41:19
देखूँ	14	14	11	14	GEN 44:21
देखूँगा	11	11	8	11	GEN 18:21
देखे	94	94	24	100	GEN 2:19
देखें	29	29	13	56	EXO 13:17
देखेंगी	2	2	2	2	JER 34:3
देखेंगे	34	34	16	39	GEN 12:12
देखेगा	39	39	15	43	EXO 6:1
देखेगी	5	5	5	5	DEU 28:57
देखो	422	422	46	383	GEN 15:12
देखोगी	1	1	1	1	EZK 13:23
देखोगे	23	23	8	23	EXO 14:13
देगा	347	347	46	405	GEN 5:29
देगी	18	18	11	23	NUM 20:8
देता	645	645	55	776	GEN 9:3
देती	65	65	28	92	GEN 13:15
देतीं	2	2	2	1	EZK 31:3
देते	180	180	49	205	GEN 29:3
देन	17	17	7	1	GEN 34:10
देनदार	2	2	1	2	LUK 7:41
देनदारों	1	1	1	1	LUK 16:5
देना	270	270	39	330	GEN 23:13
देनी	12	12	7	13	EXO 25:22
देने	278	278	45	340	GEN 3:6
देनेवाला	51	51	28	62	GEN 49:10
देनेवाली	14	14	10	20	GEN 1:15
देनेवाले	46	46	23	62	EXO 35:22
देनेवालों	6	6	5	8	JDG 11:35
देनेहारी	1	1	1	1	GEN 33:13
देमास	3	3	3	3	COL 4:14
देमेत्रियुस	2	2	1	0	ACT 19:24
देर	66	66	27	71	GEN 46:29
देवगण	0	0	0	1	extra_words.txt
देवता	132	132	23	158	GEN 35:2
देवताओ	1	1	1	0	PSA 97:7
देवताओं	178	178	21	202	GEN 31:30
देवदार	22	22	8	67	JOB 40:17
देवदारु	42	42	10	0	LEV 14:4
देवदारुओं	2	2	2	2	1KI 4:33
देवदारो	1	1	1	0	PSA 148:9
देवदारों	11	11	6	11	2CH 1:15
देवदासियों	1	1	1	1	HOS 4:14
देवदासी	4	4	2	5	GEN 38:21
देवर	1	1	1	1	GEN 38:8
देवस्थान	1	1	1	1	JDG 17:5
देवालय	1	1	1	0	1CH 10:10
देवालयों	4	4	3	4	1SA 31:9
देवियाँ	1	1	1	1	JER 17:2
देवियों	7	7	2	7	JDG 2:13
देवी	8	8	5	10	JDG 6:25
देवे	2	2	1	3	PSA 128:5
देश	2303	2303	47	2156	GEN 2:11
देशभक्त	0	0	0	1	extra_words.txt
देशरूपी	1	1	1	1	EZK 20:36
देशवाले	1	1	1	2	HEB 8:11
देशवालों	1	1	1	1	DEU 4:19
देशवासी	1	1	1	2	GEN 42:13
देशी	14	14	5	14	EXO 12:19
देशों	113	113	28	140	GEN 10:5
देह	142	142	32	164	GEN 17:13
देहधारण	0	0	0	1	extra_words.txt
देहधारियों	1	1	1	1	JOB 10:4
देहधारी	3	3	2	4	JOB 12:10
देहरहित	2	2	1	2	2CO 12:2
देहवी	1	1	1	1	EZR 4:9
देहसहित	2	2	1	2	2CO 12:2
देहात	5	5	4	1	1CH 27:25
देहाती	1	1	1	2	EST 9:19
देहों	2	2	2	2	ROM 8:11
दैविक	0	0	0	1	extra_words.txt
दैवीय	0	0	0	2	extra_words.txt
दैवीवाणी	1	1	1	1	PRO 16:10
दैहिक	0	0	0	1	extra_words.txt
दो	842	842	53	839	GEN 1:6
दोएग	5	5	1	6	1SA 21:7
दोगले	2	2	2	2	JER 25:24
दोगे	19	19	10	23	EXO 20:25
दोतान	3	3	2	3	GEN 37:17
दोदानी	1	1	1	1	GEN 10:4
दोदाफलों	1	1	1	0	SNG 7:13
दोदावाह	1	1	1	1	2CH 20:37
दोदै	2	2	2	2	2SA 23:9
दोदो	3	3	3	5	JDG 10:1
दोधारी	6	6	5	6	JDG 3:16
दोनों	610	610	52	655	GEN 2:25
दोपका	2	2	1	2	NUM 33:12
दोपहर	26	26	15	30	GEN 43:16
दोबारा	2	2	2	4	MRK 8:25
दोर	7	7	4	7	JOS 11:2
दोरंगी	1	1	1	0	1TI 3:8
दोरकास	2	2	1	3	ACT 9:36
दोष	149	149	38	171	EXO 5:16
दोषपत्र	3	3	3	4	EZR 4:6
दोषबलि	33	33	5	38	LEV 5:6
दोषबलिपशु	1	1	1	0	LEV 7:2
दोषबलियों	1	1	1	2	2KI 12:16
दोषबलिवाले	1	1	1	1	LEV 14:24
दोषमार्जन	0	0	0	1	extra_words.txt
दोषयुक्त	1	1	1	1	LEV 21:21
दोषारोपण	1	1	1	7	PSA 55:3
दोषी	111	111	34	128	GEN 38:26
दोस्त	0	0	0	2	extra_words.txt
दोहर	2	2	2	1	MAT 5:40
दोहरा	2	2	1	2	EXO 39:9
दोहरी	1	1	1	2	EXO 28:16
दोहाई	127	127	26	0	GEN 4:10
दौड़	26	26	16	27	GEN 24:20
दौड़कर	22	22	12	23	GEN 24:28
दौड़के	1	1	1	0	GEN 29:12
दौड़ता	8	8	7	8	1KI 18:46
दौड़ते	13	13	9	14	2SA 18:25
दौड़ना	3	3	3	4	2SA 18:27
दौड़ने	3	3	3	4	JDG 7:21
दौड़नेवाला	2	2	2	2	2SA 2:18
दौड़नेवाले	6	6	6	6	2SA 15:1
दौड़ा	22	22	12	22	GEN 18:2
दौड़ी	2	2	2	2	ISA 55:5
दौड़ूँगा	1	1	1	1	PSA 119:32
दौड़े	11	11	9	10	JOS 7:22
दौड़ें	2	2	2	2	AMO 6:12
दौड़ेंगे	2	2	2	2	SNG 1:4
दौड़ेगा	1	1	1	1	JER 51:31
दौड़ो	2	2	2	2	JER 49:3
दौर	0	0	0	1	extra_words.txt
दौरा	4	4	3	4	GEN 41:45
दौरान	0	0	0	2	extra_words.txt
द्योतक	0	0	0	2	extra_words.txt
द्योतित	0	0	0	1	extra_words.txt
द्रव्य	16	16	9	4	GEN 43:11
द्रुतगामिता	0	0	0	1	extra_words.txt
द्रुसिल्ला	1	1	1	3	ACT 24:24
द्रोह	5	5	1	5	2CH 24:21
द्रोहियों	22	22	10	23	GEN 14:20
द्रोही	15	15	7	16	EXO 23:22
द्वार	221	221	36	244	GEN 4:7
द्वारपाल	27	27	7	33	1CH 9:18
द्वारपालिन	2	2	1	2	JHN 18:16
द्वारपाली	2	2	2	2	1CH 9:18
द्वारपालों	13	13	5	13	2KI 22:4
द्वारा	633	633	58	1061	GEN 5:3
द्वारो	2	2	1	0	PSA 24:7
द्वारों	11	11	6	13	2CH 28:24
द्वितीय	0	0	0	2	extra_words.txt
द्वीप	11	11	4	13	PSA 72:10
द्वीपवासियों	2	2	1	2	ISA 59:18
द्वीपो	3	3	1	0	ISA 41:1
द्वीपों	14	14	6	18	GEN 10:5
द्वेष	5	5	5	6	GEN 37:5
धँस	8	8	4	8	JDG 4:21
धँसा	2	2	2	1	JDG 3:22
धक्का	5	5	5	6	2SA 20:15
धक्के	1	1	1	1	ACT 27:18
धड़	4	4	3	4	LEV 1:15
धड़कता	2	2	2	2	PSA 38:10
धतूरे	1	1	1	1	HOS 10:4
धधक	1	1	1	1	DEU 4:11
धधकती	12	12	9	12	GEN 19:28
धधकते	10	10	3	10	DAN 3:6
धधका	1	1	1	1	DAN 3:19
धधकाकर	1	1	1	1	JHN 18:18
धधकाया	1	1	1	1	DAN 3:22
धन	211	211	42	203	GEN 12:5
धन-सम्पदा	0	0	0	3	extra_words.txt
धनवान	28	28	13	42	2KI 15:20
धनवानो	1	1	1	0	JAS 5:1
धनवानों	7	7	4	11	2KI 24:14
धनवान्	1	1	1	0	MIC 6:12
धनहीन	1	1	1	1	ECC 4:14
धनाढ्य	3	3	2	3	GEN 30:43
धनिया	1	1	1	1	EXO 16:31
धनिये	1	1	1	1	NUM 11:7
धनी	62	62	24	68	GEN 13:2
धनुर्धारियो	1	1	1	1	JER 50:14
धनुर्धारियों	8	8	7	8	GEN 49:23
धनुर्धारी	12	12	7	12	GEN 21:20
धनुष	57	57	18	63	GEN 9:13
धनुषों	1	1	1	1	NEH 4:16
धनेश	3	3	3	5	LEV 11:18
धनेशपक्षी	1	1	1	0	ISA 34:11
धनेस	1	1	1	0	PSA 102:6
धनोपार्जन	0	0	0	1	extra_words.txt
धन्धा	5	5	3	5	ACT 9:43
धन्धे	1	1	1	1	ACT 19:27
धन्य	244	244	37	249	GEN 9:26
धन्यवाद	202	202	33	225	GEN 29:35
धन्यवादबलि	9	9	5	0	LEV 7:12
धन्यवादवाले	2	2	1	2	LEV 7:13
धन्यवादी	1	1	1	1	COL 3:15
धब्बा	1	1	1	1	JER 2:22
धब्बे	1	1	1	1	JER 13:23
धब्बेदार	1	1	1	1	ISA 63:3
धब्बेवाले	1	1	1	2	GEN 31:12
धमकाएँ	1	1	1	1	ACT 4:17
धमकाएगा	1	1	1	1	ISA 10:32
धमकाकर	1	1	1	1	ACT 4:21
धमकाने	1	1	1	1	ACT 9:1
धमकियाँ	1	1	1	1	EPH 6:9
धमकियों	1	1	1	4	ACT 4:29
धमकी	13	13	7	15	NUM 23:7
धमाके	1	1	1	1	ZEP 1:10
धर	17	17	9	14	EXO 16:34
धरकर	9	9	9	10	LEV 16:21
धरके	1	1	1	1	PRO 4:20
धरता	6	6	6	6	PSA 104:3
धरती	55	55	21	45	GEN 7:19
धरते	3	3	3	4	DEU 28:56
धरन	2	2	2	2	JDG 16:14
धरना	3	3	3	0	LEV 24:6
धरने	5	5	5	4	PRO 25:15
धरनें	2	2	1	2	EZK 41:25
धरनेवाले	1	1	1	1	2CO 11:13
धरनेवालों	1	1	1	1	JAS 5:11
धरवा	1	1	1	0	1KI 6:27
धरवाकर	1	1	1	1	NUM 5:19
धरा	8	8	7	10	GEN 29:2
धराकर	7	7	5	7	NUM 5:21
धराती	2	2	1	2	SNG 5:9
धराते	1	1	1	1	1SA 14:27
धराशायी	0	0	0	2	extra_words.txt
धरी	3	3	3	3	EXO 29:23
धरूँ	1	1	1	1	JOB 6:11
धरे	17	17	13	15	EXO 22:7
धरें	1	1	1	1	2CO 11:15
धरेंगे	1	1	1	1	2TI 3:5
धरो	5	5	3	5	ISA 51:4
धरोगे	1	1	1	0	JOS 1:3
धरोहर	6	6	4	6	EXO 22:7
धर्म	272	272	38	126	GEN 15:6
धर्म-निष्ठा	0	0	0	1	extra_words.txt
धर्मगुरुओं	0	0	0	1	extra_words.txt
धर्मनिष्ठ	0	0	0	4	extra_words.txt
धर्मनिष्ठा	0	0	0	1	extra_words.txt
धर्मपुरी	1	1	1	1	ISA 1:26
धर्मभरे	1	1	1	1	JER 31:23
धर्ममय	15	15	4	15	DEU 4:8
धर्मयज्ञ	1	1	1	1	DEU 33:19
धर्मराज्य	1	1	1	1	ISA 26:10
धर्मरूपी	1	1	1	1	ROM 5:17
धर्मवृद्धों	0	0	0	2	extra_words.txt
धर्मशास्त्री	0	0	0	1	extra_words.txt
धर्मशिक्षा	0	0	0	1	extra_words.txt
धर्मियो	3	3	1	0	PSA 32:11
धर्मियों	45	45	16	53	GEN 18:24
धर्मी	267	267	40	327	GEN 6:9
धर्मीजन	1	1	1	0	PSA 11:7
धर्मोपदेश	3	3	3	3	MAT 15:9
धस	1	1	1	1	LAM 2:9
धाइयाँ	3	3	2	0	EXO 1:17
धाइयों	4	4	1	0	EXO 1:15
धाई	4	4	4	1	EXO 2:7
धागों	0	0	0	1	extra_words.txt
धातु	7	7	5	13	1KI 7:15
धातुओं	0	0	0	2	extra_words.txt
धातुरोग	1	1	1	1	LEV 15:33
धाम	15	15	7	14	DEU 26:15
धाय	6	6	2	0	GEN 24:59
धार	8	8	6	8	JOB 5:20
धारण	25	25	19	31	GEN 14:14
धारवाले	1	1	1	1	GEN 4:22
धारा	26	26	15	28	GEN 2:11
धाराएँ	27	27	12	23	EXO 3:8
धाराओं	6	6	6	9	GEN 2:10
धारीदार	1	1	1	1	GEN 30:37
धारीवाले	6	6	1	6	GEN 30:35
धारें	1	1	1	1	1SA 13:21
धार्मिक	4	4	3	36	JHN 17:25
धार्मिकता	68	68	17	254	JOB 8:6
धावक	0	0	0	1	extra_words.txt
धावा	11	11	5	11	JDG 9:44
धिक्कार	4	4	3	5	GEN 49:7
धिक्कारते	1	1	1	1	JOB 3:8
धिक्कारने	3	3	3	1	JOB 3:1
धिक्कारा	1	1	1	1	JOB 5:3
धिक्कारें	1	1	1	1	JOB 3:8
धीमा	4	4	3	4	1KI 19:12
धीमी	2	2	1	0	ISA 29:4
धीमे	2	2	1	0	ECC 9:17
धीर	2	2	2	2	AMO 2:16
धीरज	64	64	29	75	GEN 27:42
धीरजरूपी	1	1	1	1	ROM 2:4
धीरजवन्त	4	4	4	5	EXO 34:6
धीरता	1	1	1	1	1TH 1:3
धीरे	16	16	6	20	GEN 33:14
धुँधला	4	4	4	4	PSA 6:7
धुँधली	12	12	7	9	DEU 28:65
धुँधले	1	1	1	1	ISA 34:4
धुंध	0	0	0	1	extra_words.txt
धुंधलापन	2	2	2	2	JOB 17:7
धुंधली	3	3	3	5	GEN 27:1
धुआँ	10	10	4	30	2SA 22:9
धुएँ	6	6	3	24	SNG 3:6
धुन	20	20	7	22	PSA 27:12
धुनष	1	1	1	0	2SA 1:18
धुने	1	1	1	1	ISA 19:9
धुन्धला	3	3	2	4	PSA 88:9
धुन्धली	2	2	1	3	GEN 29:17
धुरियाँ	3	3	1	3	1KI 7:30
धुल	1	1	1	0	LEV 13:58
धुलकर	1	1	1	2	2PE 1:9
धुलवाए	1	1	1	1	2SA 19:24
धुलवाकर	1	1	1	1	HEB 10:22
धुलाया	1	1	1	1	2KI 3:11
धूआँ	18	18	10	0	GEN 15:17
धूएँ	16	16	9	0	EXO 19:18
धूप	152	152	29	164	GEN 18:1
धूपकाल	18	18	9	20	GEN 8:22
धूपघड़ी	3	3	2	3	2KI 20:9
धूपदान	33	33	7	35	EXO 25:29
धूपदानी	1	1	1	1	HEB 9:4
धूपदानों	7	7	3	7	NUM 4:7
धूपवेदी	4	4	1	5	EXO 30:27
धूम	4	4	3	3	ISA 66:6
धूमधाम	3	3	2	3	NEH 12:31
धूमिल	1	1	1	0	MAT 16:3
धूम्रकान्त	2	2	1	2	REV 9:17
धूर्त	4	4	3	5	GEN 3:1
धूर्तता	2	2	2	2	GEN 27:35
धूल	60	60	24	56	GEN 13:16
धूलि	11	11	10	23	LEV 17:13
धैर्य	1	1	1	11	2CO 6:4
धो	23	23	16	23	EXO 19:10
धोंककर	1	1	1	1	ISA 54:16
धोइये	1	1	1	1	GEN 19:2
धोई	3	3	3	3	LEV 13:58
धोऊँ	1	1	1	1	JHN 13:8
धोऊँगा	1	1	1	2	PSA 26:6
धोए	31	31	10	31	EXO 40:31
धोएँ	3	3	2	3	EXO 30:20
धोएगा	1	1	1	2	PSA 58:10
धोकर	23	23	10	25	GEN 18:4
धोके	1	1	1	0	LEV 13:34
धोखा	75	75	30	91	DEU 11:16
धोखे	8	8	7	14	PSA 144:8
धोखेबाज	0	0	0	1	extra_words.txt
धोता	2	2	2	2	JOB 29:6
धोते	1	1	1	1	EXO 40:32
धोना	3	3	3	3	NUM 31:24
धोने	16	16	9	19	GEN 24:32
धोबियों	3	3	2	3	2KI 18:17
धोबी	2	2	2	2	MAL 3:2
धोया	10	10	8	9	GEN 43:24
धोये	1	1	1	2	LEV 8:21
धौंकनी	1	1	1	1	JER 6:29
ध्यान	147	147	43	170	GEN 24:63
ध्यानपूर्वक	2	2	2	2	PRO 24:32
ध्यानाकर्षक	0	0	0	2	extra_words.txt
ध्यानाकर्षण	0	0	0	1	extra_words.txt
ध्यानाकर्षित	0	0	0	1	extra_words.txt
ध्वंस	0	0	0	3	extra_words.txt
ध्वज	0	0	0	1	extra_words.txt
ध्वजा	2	2	1	2	ISA 30:17
ध्वजाओं	1	1	1	1	PSA 74:4
ध्वनि	12	12	10	12	JOS 6:5
न	6878	6878	66	7188	GEN 2:5
नंगा	29	29	17	31	GEN 3:10
नंगाई	2	2	2	3	LAM 1:8
नंगापन	1	1	1	1	REV 16:15
नंगी	20	20	11	20	NUM 22:23
नंगे	18	18	11	19	GEN 2:25
नंगेपन	1	1	1	1	REV 3:18
नई	65	65	28	82	JDG 15:13
नए	10	10	7	8	NUM 29:6
नकचपटा	1	1	1	1	LEV 21:18
नकल	6	6	4	7	DEU 17:18
नकलें	3	3	1	3	EST 3:14
नक़ल	1	1	1	0	JOS 8:32
नकारा	1	1	1	1	ACT 7:35
नकारात्मक	0	0	0	2	extra_words.txt
नकेल	6	6	5	8	2KI 19:28
नको	8	8	2	4	2KI 23:29
नकोदा	3	3	2	4	EZR 2:48
नक्काशी	9	9	3	9	EXO 31:5
नक्काशीदार	3	3	2	3	LEV 26:1
नक्काशीवाली	1	1	1	1	EZK 8:12
नक्शा	1	1	1	1	2KI 16:10
नक्षत्र	1	1	1	1	ISA 13:10
नक्षत्रों	2	2	2	2	JOB 9:9
नख	3	3	3	3	DEU 28:35
नखी	1	1	1	1	EXO 30:34
नग	1	1	1	1	1CH 29:2
नगण्य	0	0	0	3	extra_words.txt
नगण्यता	0	0	0	1	extra_words.txt
नगर	1076	1076	47	1171	GEN 4:17
नगररूपी	1	1	1	1	EZK 11:7
नगरवाले	1	1	1	1	DEU 23:4
नगरवालों	1	1	1	1	JDG 9:31
नगरवासियों	2	2	1	3	GEN 24:13
नगरवासी	2	2	2	2	1CH 11:31
नगरी	21	21	5	24	ISA 1:21
नगरों	249	249	35	266	GEN 13:12
नगीने	1	1	1	1	SNG 8:6
नग्न	2	2	1	3	LEV 20:17
नग्नता	1	1	1	2	ISA 47:3
नजदीक	0	0	0	3	extra_words.txt
नजदीकी	0	0	0	1	extra_words.txt
नजर	1	1	1	1	JOB 7:20
नजरबन्द	0	0	0	2	extra_words.txt
नज़रअंदाज़	0	0	0	2	extra_words.txt
नटखटी	1	1	1	1	NUM 22:29
नतनएल	6	6	1	7	JHN 1:45
नतनेल	14	14	5	14	NUM 1:8
नतन्मेलेक	1	1	1	1	2KI 23:11
नतन्याह	20	20	4	20	2KI 25:23
नताईम	1	1	1	1	1CH 4:23
नतिनी	2	2	1	0	LEV 18:10
नतिनों	3	3	2	3	EZR 8:20
नतीन	12	12	2	13	EZR 2:43
नतोपा	2	2	2	2	EZR 2:22
नतोपाइयों	1	1	1	1	1CH 9:16
नतोपाई	4	4	2	4	2KI 25:23
नतोपातियों	1	1	1	1	NEH 12:28
नतोपावासी	3	3	2	3	1CH 27:13
नतोपाही	2	2	1	2	2SA 23:28
नत्थ	2	2	2	7	EZK 16:12
नथ	5	5	2	2	GEN 24:22
नथनी	1	1	1	1	EXO 35:22
नथनों	9	9	6	11	GEN 2:7
नथुनों	2	2	1	2	JOB 27:3
नथों	1	1	1	1	ISA 3:21
नद	1	1	1	1	GEN 15:18
नदब्याह	1	1	1	1	1CH 3:18
नदियाँ	14	14	8	15	EXO 7:19
नदियों	41	41	14	45	EXO 8:5
नदी	151	151	26	191	GEN 2:13
नन्हे	1	1	1	0	JER 48:4
नन्हें	2	2	2	3	MIC 2:9
नपवाऊँगा	2	2	1	2	PSA 60:6
नपा	1	1	1	1	DEU 32:9
नपीली	1	1	1	1	NUM 13:33
नपीलों	1	1	1	1	NUM 13:33
नपीसीम	1	1	1	1	EZR 2:50
नपुंसक	5	5	1	5	MAT 19:12
नपुआ	1	1	1	0	1TH 2:16
नपुए	7	7	5	7	DEU 25:14
नपुओं	1	1	1	1	HAG 2:16
नपूशस	1	1	1	1	NEH 7:52
नप्तही	1	1	1	0	1CH 1:11
नप्तालियों	6	6	3	6	NUM 7:78
नप्ताली	46	46	15	48	GEN 30:8
नप्तूही	1	1	1	2	GEN 10:13
नफरत	0	0	0	3	extra_words.txt
नब	2	2	1	2	ISA 46:1
नबल्लत	1	1	1	1	NEH 11:34
नबात	24	24	3	25	1KI 11:26
नबायोत	11	11	4	11	GEN 25:13
नबिया	5	5	5	7	EXO 15:20
नबियों	46	46	13	49	1SA 10:5
नबी	96	96	21	112	GEN 20:7
नबीरूपी	1	1	1	1	ISA 29:10
नबू	1	1	1	0	JER 48:1
नबूकदनेस्सर	87	87	9	105	2KI 24:1
नबूजरदान	17	17	2	17	2KI 25:8
नबूदकनेस्सर	1	1	1	0	DAN 4:37
नबूवत	32	32	7	30	NUM 11:25
नबूसजबान	1	1	1	1	JER 39:13
नबो	12	12	7	15	NUM 32:3
नब्बे	7	7	4	7	GEN 5:9
नमक	24	24	15	36	GEN 19:26
नमकवाली	1	1	1	0	2CH 13:5
नमकीन	5	5	4	6	LEV 2:13
नमस्कार	74	74	20	85	1SA 13:10
नमी	1	1	1	3	ISA 15:6
नमूएल	3	3	2	3	NUM 26:9
नमूएलियों	1	1	1	1	NUM 26:12
नमूना	9	9	8	11	EXO 25:9
नमूने	7	7	5	6	EXO 25:40
नम्र	36	36	12	43	NUM 12:3
नम्रता	22	22	16	28	2SA 22:36
नया	77	77	32	90	GEN 8:11
नयी	1	1	1	0	REV 21:1
नये	80	80	29	89	LEV 23:14
नर	38	38	9	38	GEN 1:27
नरक	12	12	5	15	MAT 5:22
नरकट	10	10	5	12	1KI 14:15
नरकटों	3	3	2	3	JOB 40:21
नरकिस्सुस	1	1	1	1	ROM 16:11
नरपशु	0	0	0	1	extra_words.txt
नरम	2	2	1	4	PSA 55:21
नरमाए	1	1	1	0	ISA 1:6
नरमेध	1	1	1	1	HOS 13:2
नरसंहार	0	0	0	2	extra_words.txt
नरसिंगा	33	33	17	34	LEV 25:9
नरसिंगे	44	44	17	44	EXO 19:13
नरसिंगों	2	2	1	2	JDG 7:20
नर्म	2	2	1	0	JOB 14:7
नर्मी	1	1	1	1	HEB 5:2
नलियाँ	1	1	1	1	JOB 40:18
नली	1	1	1	1	GEN 49:17
नव-वर्ष	0	0	0	1	extra_words.txt
नवजीवन	0	0	0	1	extra_words.txt
नवनिर्मित	0	0	0	1	extra_words.txt
नवयुवक	0	0	0	1	extra_words.txt
नवयुवको	1	1	1	0	1PE 5:5
नवयुवकों	0	0	0	1	extra_words.txt
नवीं	1	1	1	0	REV 21:20
नवीकृत	0	0	0	2	extra_words.txt
नवीनीकरण	0	0	0	1	extra_words.txt
नवें	4	4	3	4	LEV 23:32
नशा	3	3	2	8	GEN 9:24
नशीले	0	0	0	1	extra_words.txt
नशे	8	8	5	8	1SA 1:13
नश्वर	2	2	1	3	ROM 6:12
नष्ट	500	500	49	171	GEN 6:13
नस	7	7	5	7	GEN 32:25
नसीब	1	1	1	1	JOS 15:43
नसीह	2	2	2	2	EZR 2:54
नसें	5	5	2	5	JOB 10:11
नसों	1	1	1	2	JOB 30:17
नहत	6	6	3	6	GEN 36:13
नहम	1	1	1	1	1CH 4:19
नहमानी	1	1	1	1	NEH 7:7
नहर	2	2	2	1	2KI 20:20
नहरें	2	2	2	2	EXO 7:19
नहरै	2	2	2	2	2SA 23:37
नहरों	8	8	5	7	EXO 8:5
नहलाई	1	1	1	1	2PE 2:22
नहलाकर	2	2	2	2	EZK 16:9
नहलाना	2	2	1	2	EXO 29:4
नहलाया	1	1	1	2	LEV 8:6
नहलाल	2	2	1	2	JOS 19:15
नहलीएल	2	2	1	2	NUM 21:19
नहलोल	1	1	1	1	JDG 1:30
नहशोन	13	13	6	13	EXO 6:23
नहा	2	2	2	2	EZK 23:40
नहाकर	3	3	2	3	2SA 12:20
नहाती	1	1	1	1	2SA 11:2
नहाने	1	1	1	1	EXO 2:5
नहीं	3962	3962	66	4805	GEN 2:5
नहुशतान	1	1	1	2	2KI 18:4
नहुश्ता	1	1	1	1	2KI 24:8
नहूबी	1	1	1	1	NUM 13:14
नहूम	3	3	3	14	NEH 7:7
नहेम्याह	8	8	2	27	EZR 2:2
नाँद	1	1	1	0	JER 27:19
नाई	1	1	1	3	EZK 5:1
नाईन	1	1	1	2	LUK 7:11
नाओमी	23	23	1	35	RUT 1:2
नाक	15	15	11	14	GEN 24:47
नाकाम	0	0	0	1	extra_words.txt
नाके	6	6	6	6	NEH 4:7
नाकेवाले	1	1	1	1	EZK 26:10
नाकों	2	2	1	3	AMO 4:3
नाकोन	1	1	1	1	2SA 6:6
नाखून	3	3	3	4	DEU 21:12
नाग	10	10	5	11	GEN 49:17
नागदौना	4	4	3	4	PRO 5:4
नागदौने	1	1	1	1	LAM 3:19
नागरिकता	0	0	0	1	extra_words.txt
नागों	2	2	2	2	DEU 32:33
नाच	2	2	2	2	1SA 30:16
नाचकर	1	1	1	1	MRK 6:22
नाचगान	0	0	0	1	extra_words.txt
नाचता	2	2	2	2	2SA 6:14
नाचती	6	6	4	6	EXO 15:20
नाचते	7	7	4	5	1SA 21:11
नाचना	2	2	2	2	EXO 32:19
नाचने	3	3	3	3	JDG 21:21
नाचनेवालियों	1	1	1	1	JDG 21:23
नाचा	2	2	1	2	2SA 6:21
नाचे	3	3	3	3	EZK 25:6
नाचेंगे	1	1	1	1	ISA 13:21
नाज़ीर	11	11	3	15	NUM 6:2
नाज़ीरों	1	1	1	2	AMO 2:12
नाटक	0	0	0	1	extra_words.txt
नाटा	1	1	1	1	LUK 19:3
नाता	2	2	2	2	EST 8:1
नातान	42	42	7	52	2SA 5:14
नातिन	3	3	1	5	GEN 36:2
नातिनी	1	1	1	1	1CH 1:50
नाती	5	5	3	1	PSA 103:17
नाते	2	2	2	2	LEV 21:4
नाथ	1	1	1	2	JOB 40:24
नाद	5	5	3	4	ISA 17:12
नादाब	21	21	5	26	EXO 6:23
नाना	15	15	12	13	GEN 28:2
नानी	1	1	1	1	2TI 1:5
नाप	26	26	15	25	EXO 26:2
नापकर	3	3	3	3	RUT 3:15
नापते	3	3	3	3	MAT 7:2
नापना	1	1	1	1	NUM 35:5
नापने	7	7	4	6	2KI 21:13
नापा	7	7	6	7	EXO 16:18
नापीश	3	3	2	3	GEN 25:15
नापें	1	1	1	1	DEU 21:2
नाबात	1	1	1	1	2CH 10:2
नाबाल	22	22	2	22	1SA 25:3
नाबोत	21	21	2	22	1KI 21:1
नाभि	1	1	1	2	SNG 7:2
नाभी	1	1	1	0	EZK 38:12
नाभें	1	1	1	1	1KI 7:33
नाम	1161	1161	61	1388	GEN 2:11
नामक	485	485	34	471	GEN 4:16
नामकरण	0	0	0	1	extra_words.txt
नामधराई	69	69	20	70	GEN 30:23
नामवरी	1	1	1	1	EZK 16:15
नामा	3	3	3	0	GEN 4:22
नामाती	4	4	1	5	JOB 2:11
नामान	18	18	5	22	GEN 46:21
नामानियों	1	1	1	1	NUM 26:40
नामावली	2	2	2	4	1CH 11:11
नामाह	2	2	1	5	1KI 14:21
नामित	0	0	0	2	extra_words.txt
नामी	9	9	5	10	NUM 16:2
नामों	16	16	10	20	GEN 25:16
नायकों	0	0	0	1	extra_words.txt
नायब	2	2	2	2	1KI 22:47
नारकीय	1	1	1	1	MAT 23:15
नारा	5	5	3	5	LEV 9:24
नारान	1	1	1	1	1CH 7:28
नारी	14	14	7	15	GEN 1:27
नारै	1	1	1	1	1CH 11:37
नार्याह	3	3	1	3	1CH 3:22
नाल	1	1	1	1	EZK 16:4
नाला	4	4	4	2	NUM 13:24
नालियाँ	5	5	5	5	DEU 11:10
नालियों	3	3	3	1	PSA 1:3
नालिश	8	8	3	2	ISA 54:17
नाली	2	2	2	3	2KI 18:17
नाले	59	59	16	48	NUM 13:23
नालों	19	19	7	17	LEV 23:40
नाव	47	47	5	49	ISA 33:21
नावें	4	4	3	3	MRK 4:36
नावों	6	6	5	6	DEU 28:68
नाश	181	181	45	571	GEN 9:11
नाशक	1	1	1	1	ISA 21:2
नाशनगर	1	1	1	1	ISA 19:18
नाशमान	2	2	2	0	JOB 4:17
नाशवान्	9	9	4	0	JHN 6:27
नासमझ	2	2	2	3	MAT 15:16
नासरत	10	10	4	16	MAT 2:23
नासरियों	1	1	1	1	ACT 24:5
नासरी	19	19	5	21	MAT 2:23
नास्तिकपन	1	1	1	1	2SA 22:5
नाहाश	10	10	3	12	1SA 11:1
नाही	4	4	1	0	1KI 2:16
नाहोर	20	20	4	21	GEN 11:22
निःसंकोच	2	2	1	1	ACT 10:20
निःसन्तान	3	3	2	4	1CH 2:30
निःसन्देह	50	50	16	53	GEN 37:33
निःस्वार्थ	0	0	0	3	extra_words.txt
निकट	274	274	47	326	GEN 12:11
निकटतम	0	0	0	3	extra_words.txt
निकटवर्ती	1	1	1	1	JHN 11:54
निकम्मा	35	35	16	36	LEV 26:15
निकम्मी	22	22	11	23	NUM 21:5
निकम्मे	27	27	14	29	2KI 17:15
निकम्मों	1	1	1	1	PRO 12:11
निकल	247	247	42	240	GEN 4:16
निकलकर	140	140	30	162	GEN 10:11
निकलता	29	29	16	31	EXO 33:11
निकलती	42	42	19	46	GEN 24:11
निकलते	34	34	17	34	GEN 25:23
निकलना	4	4	4	7	PRO 16:33
निकलने	42	42	22	47	GEN 20:13
निकलवा	4	4	4	3	2KI 23:16
निकलवाकर	3	3	1	4	EZR 5:14
निकलवाया	2	2	2	2	GEN 40:20
निकला	151	151	38	161	GEN 12:4
निकली	125	125	26	123	GEN 2:10
निकलीं	16	16	10	13	GEN 41:3
निकलूँ	1	1	1	1	PSA 141:10
निकलूँगा	5	5	5	5	GEN 30:32
निकले	143	143	37	152	GEN 7:11
निकलें	15	15	10	15	GEN 30:33
निकलेंगी	7	7	7	7	GEN 48:19
निकलेंगे	14	14	9	15	2SA 22:46
निकलेगा	20	20	14	20	EXO 17:6
निकलेगी	8	8	5	8	JDG 9:15
निकलो	5	5	5	5	NUM 10:9
निकलोगे	3	3	2	3	EXO 3:21
निकाल	284	284	42	282	GEN 3:23
निकालकर	73	73	22	88	GEN 2:21
निकालके	1	1	1	0	GEN 41:42
निकालता	36	36	12	37	EXO 23:30
निकालते	9	9	7	9	PSA 64:6
निकालना	5	5	3	10	NUM 20:10
निकालने	16	16	12	18	GEN 42:35
निकालनेवाले	1	1	1	1	1KI 5:15
निकालनेवालों	1	1	1	1	PRO 14:22
निकाला	77	77	25	93	GEN 3:19
निकाली	20	20	14	22	GEN 2:22
निकालीं	3	3	3	3	GEN 41:27
निकालूँ	2	2	2	2	ECC 7:25
निकालूँगा	12	12	6	12	EXO 6:6
निकाले	47	47	25	46	EXO 12:39
निकालें	7	7	6	5	1KI 20:6
निकालेंगे	3	3	3	3	JOB 8:10
निकालेगा	9	9	7	9	EXO 4:9
निकालो	3	3	3	4	2CH 29:5
निकालोगे	2	2	2	2	LEV 26:10
निकास	7	7	4	7	EXO 32:26
निकासों	1	1	1	1	EZK 44:5
निकुपुलिस	1	1	1	1	TIT 3:12
निको	1	1	1	0	JER 46:2
निगरानी	1	1	1	3	JOB 33:11
निगल	37	37	18	43	GEN 41:7
निगलता	1	1	1	1	JOB 39:24
निगलती	1	1	1	1	JER 12:12
निगलना	3	3	2	4	PSA 56:1
निगलने	1	1	1	1	JOB 20:18
निगलनेवाला	1	1	1	1	PSA 57:3
निगला	1	1	1	1	HOS 8:8
निचला	1	1	1	1	EZK 40:18
निचली	6	6	2	6	EZK 41:7
निचले	11	11	10	11	GEN 35:8
निचोड़ा	1	1	1	1	GEN 40:11
निचोड़ी	1	1	1	1	JDG 6:38
निज	188	188	32	186	GEN 15:4
निडर	52	52	20	53	LEV 25:18
नित	14	14	10	16	EXO 19:8
नितम्ब	3	3	3	3	2SA 10:4
नितान्त	1	1	1	1	DEU 16:20
नित्य	85	85	21	83	GEN 47:22
निथरा	2	2	1	2	ISA 25:6
निदान	2	2	2	2	GEN 36:6
निद्रा	2	2	1	2	JOB 4:13
निधड़क	4	4	4	3	GEN 34:25
निन्दक	2	2	2	3	ACT 19:37
निन्दकों	1	1	1	1	ROM 15:3
निन्दनीय	0	0	0	1	extra_words.txt
निन्दा	127	127	31	149	LEV 24:11
निन्दाओं	1	1	1	1	2CO 12:10
निन्दित	4	4	4	4	LEV 20:17
निन्यानबे	4	4	2	0	MAT 18:12
निन्यानवे	2	2	1	6	GEN 17:1
निपटा	2	2	2	6	2SA 20:18
निपटाए	1	1	1	1	RUT 3:18
निपटाएगा	1	1	1	1	PSA 9:8
निपटाकर	1	1	1	1	JDG 19:16
निपटाने	1	1	1	1	PSA 35:23
निपटाया	1	1	1	1	2SA 24:7
निपटारा	0	0	0	1	extra_words.txt
निपुण	27	27	18	29	GEN 14:14
निपुणता	2	2	2	2	1KI 7:14
निपुत्र	2	2	2	1	NUM 27:8
निबटारा	0	0	0	1	extra_words.txt
निबटारे	2	2	1	2	JOL 3:14
निबशान	1	1	1	1	JOS 15:62
निभज	1	1	1	1	2KI 17:31
निभा	0	0	0	1	extra_words.txt
निभाई	0	0	0	2	extra_words.txt
निभाएँ	0	0	0	1	extra_words.txt
निभाएगा	0	0	0	1	extra_words.txt
निभाता	0	0	0	2	extra_words.txt
निभाते	0	0	0	3	extra_words.txt
निभाने	0	0	0	2	extra_words.txt
निभाया	0	0	0	1	extra_words.txt
निमंत्रण	1	1	1	2	EST 5:5
निमन्त्रित	5	5	3	0	2SA 15:11
निमशी	5	5	3	5	1KI 19:16
निमित	1	1	1	3	2SA 24:25
निमित्त	132	132	35	149	GEN 25:21
निम्न	0	0	0	1	extra_words.txt
निम्नतम	0	0	0	1	extra_words.txt
निम्नलिखित	0	0	0	2	extra_words.txt
निम्रा	1	1	1	1	NUM 32:3
निम्रीम	2	2	2	2	ISA 15:6
निम्रोद	4	4	3	4	GEN 10:8
नियत	51	51	21	56	GEN 1:14
नियति	0	0	0	1	extra_words.txt
नियम	109	109	26	193	GEN 47:26
नियमनिष्ठ	0	0	0	1	extra_words.txt
नियमानुसार	0	0	0	1	extra_words.txt
नियमावली	0	0	0	1	extra_words.txt
नियमित	0	0	0	3	extra_words.txt
नियमों	62	62	13	72	LEV 18:4
नियापुलिस	1	1	1	1	ACT 16:11
नियुक्त	113	113	29	138	GEN 3:24
नियुक्ति	1	1	1	11	HEB 7:20
निरंकुश	5	5	4	8	EXO 32:25
निरंकुशता	1	1	1	2	TIT 1:6
निरंकुशों	1	1	1	1	1TI 1:9
निरंतरता	0	0	0	2	extra_words.txt
निरन्तर	37	37	11	43	GEN 6:5
निरपराध	3	3	2	5	GEN 44:10
निरर्थक	0	0	0	3	extra_words.txt
निरर्थकता	0	0	0	2	extra_words.txt
निरा	5	5	4	4	PRO 6:32
निरादर	9	9	9	13	PSA 35:4
निराधार	2	2	1	4	JOB 6:13
निराले	2	2	1	2	DEU 13:6
निराश	16	16	11	22	JOS 14:8
निराशा	4	4	3	14	JOB 7:6
निराशाजनक	0	0	0	2	extra_words.txt
निराहार	2	2	2	2	JOB 38:41
निरी	4	4	4	2	1SA 17:29
निरीक्षण	1	1	1	1	EXO 39:43
निरुत्तर	4	4	3	4	JHN 16:8
निरुत्साह	0	0	0	1	extra_words.txt
निरुत्साहित	0	0	0	1	extra_words.txt
निरुत्साही	0	0	0	1	extra_words.txt
निरुपाय	1	1	1	1	2CO 4:8
निरे	2	2	2	1	2CH 4:21
निर्जन	23	23	6	29	LEV 16:22
निर्जल	32	32	10	34	JOB 39:6
निर्जीव	1	1	1	2	1CO 14:7
निर्णय	27	27	12	39	DEU 19:18
निर्णयों	1	1	1	3	LEV 26:15
निर्दय	4	4	4	4	GEN 49:7
निर्दयता	4	4	4	6	PRO 12:10
निर्दयी	4	4	4	9	SNG 8:6
निर्दिष्ट	0	0	0	2	extra_words.txt
निर्देश	1	1	1	51	ACT 10:22
निर्देशक	0	0	0	1	extra_words.txt
निर्देशनाधीन	0	0	0	2	extra_words.txt
निर्देशनों	0	0	0	2	extra_words.txt
निर्देशाधीन	0	0	0	1	extra_words.txt
निर्देशित	0	0	0	2	extra_words.txt
निर्दोष	180	180	42	188	GEN 20:4
निर्दोषता	2	2	1	5	PSA 26:6
निर्दोषों	8	8	5	8	1KI 2:31
निर्धन	23	23	4	24	1SA 2:7
निर्धनता	1	1	1	1	PRO 10:15
निर्धनों	2	2	2	1	ECC 5:8
निर्धारक	0	0	0	1	extra_words.txt
निर्धारण	0	0	0	4	extra_words.txt
निर्बल	55	55	23	62	GEN 30:42
निर्बलता	10	10	4	12	1CO 1:25
निर्बलताओं	5	5	3	7	ROM 15:1
निर्बलों	7	7	4	8	ACT 20:35
निर्बुद्ध	1	1	1	1	PRO 6:32
निर्बुद्धि	26	26	14	32	DEU 32:6
निर्बुद्धियो	2	2	1	0	LUK 11:40
निर्बुद्धियों	2	2	2	4	ROM 1:14
निर्भय	6	6	3	6	JOB 11:18
निर्भर	1	1	1	19	1CO 2:5
निर्भीक	0	0	0	3	extra_words.txt
निर्भीकता	0	0	0	1	extra_words.txt
निर्मल	29	29	18	35	EXO 27:20
निर्मलता	1	1	1	1	SNG 6:10
निर्माण	2	2	2	25	1KI 7:1
निर्माता	0	0	0	1	extra_words.txt
निर्मित	0	0	0	3	extra_words.txt
निर्लज	1	1	1	0	MIC 1:11
निर्लज्ज	6	6	4	7	JER 3:9
निर्लज्जता	2	2	2	3	PRO 7:13
निर्लाभ	1	1	1	1	PRO 25:14
निर्वंश	18	18	8	17	GEN 15:2
निर्वासित	0	0	0	3	extra_words.txt
निर्वाह	5	5	5	13	LEV 25:36
निवारण	1	1	1	4	ISA 47:11
निवास	190	190	27	179	GEN 27:39
निवासियो	8	8	4	0	2CH 20:20
निवासियों	123	123	23	138	GEN 19:25
निवासी	72	72	20	86	GEN 23:7
निवासों	3	3	3	4	LEV 3:17
निवृत्त	0	0	0	1	extra_words.txt
निवेदन	12	12	7	26	DEU 26:3
निवेश	0	0	0	4	extra_words.txt
निवेश-पवित्रता	0	0	0	1	extra_words.txt
निशान	6	6	3	6	NUM 2:2
निशाना	3	3	2	3	JOB 7:20
निशानी	2	2	2	2	1SA 17:18
निशाने	2	2	2	2	JOB 36:32
निश्चय	293	293	38	313	GEN 3:4
निश्चिंत	1	1	1	0	PSA 27:3
निश्चित	7	7	4	34	2SA 13:32
निश्चिन्त	15	15	9	17	LEV 26:5
निश्चेष्ट	0	0	0	1	extra_words.txt
निषिद्ध	0	0	0	1	extra_words.txt
निषेधाज्ञा	1	1	1	1	DAN 6:15
निष्कपट	9	9	7	14	2KI 10:15
निष्कर्ष	0	0	0	4	extra_words.txt
निष्कलंक	11	11	9	11	JOB 11:15
निष्कासन	0	0	0	1	extra_words.txt
निष्कासित	0	0	0	1	extra_words.txt
निष्क्रिय	0	0	0	1	extra_words.txt
निष्ठुरता	4	4	2	4	JDG 15:8
निष्पक्षता	2	2	1	5	PRO 1:3
निष्पादन	0	0	0	1	extra_words.txt
निष्पादित	0	0	0	1	extra_words.txt
निष्पाप	4	4	4	4	1KI 8:46
निष्फल	26	26	17	25	1SA 3:19
निस्रोक	2	2	2	2	2KI 19:37
निस्सार	0	0	0	1	extra_words.txt
निस्सारता	0	0	0	2	extra_words.txt
निस्सी	1	1	1	2	EXO 17:15
निहत्था	0	0	0	1	extra_words.txt
निहाई	1	1	1	1	ISA 41:7
निहारता	1	1	1	2	PSA 33:13
निहारते	1	1	1	2	PSA 22:17
निहारना	0	0	0	1	extra_words.txt
निहारने	1	1	1	2	NUM 12:8
निहारूँगा	2	2	2	3	NUM 24:17
निहारें	1	1	1	2	MIC 4:11
निहारो	1	1	1	1	ISA 51:6
निहितार्थ	0	0	0	2	extra_words.txt
नींद	47	47	20	49	GEN 2:21
नींव	75	75	28	86	EXO 9:18
नींववाले	1	1	1	0	HEB 11:10
नींवे	1	1	1	0	REV 21:14
नींवें	3	3	3	7	ISA 6:4
नींवों	1	1	1	1	DEU 32:22
नीएल	1	1	1	1	JOS 19:27
नीकानोर	1	1	1	1	ACT 6:5
नीकुदेमुस	5	5	1	7	JHN 3:1
नीकुलइयों	2	2	1	2	REV 2:6
नीकुलाउस	1	1	1	1	ACT 6:5
नीगर	1	1	1	3	ACT 13:1
नीच	19	19	12	19	JDG 9:4
नीचता	1	1	1	1	NAM 1:11
नीचपन	1	1	1	0	PSA 12:8
नीचा	26	26	16	29	JDG 4:23
नीचान	1	1	1	1	JER 47:5
नीची	7	7	5	7	1KI 20:28
नीचे	275	275	43	294	GEN 1:7
नीचेवाली	2	2	2	1	JOS 16:3
नीचेवाले	8	8	4	9	EXO 28:33
नीचों	1	1	1	1	1CO 1:28
नीति	4	4	3	4	1SA 24:13
नीतिवचन	11	11	5	24	1KI 4:32
नीनवे	20	20	8	33	GEN 10:11
नीरवता	0	0	0	1	extra_words.txt
नील	27	27	7	28	GEN 41:1
नीलगाय	1	1	1	1	DEU 14:5
नीलम	4	4	3	4	EXO 28:19
नीलमणि	10	10	6	10	EXO 24:10
नीला	4	4	2	4	EXO 39:31
नीले	47	47	6	43	EXO 25:4
नीवें	2	2	2	0	2SA 22:8
नीसान	2	2	2	2	NEH 2:1
नुचवाऊँगा	1	1	1	1	JDG 8:7
नुचवाए	1	1	1	1	NEH 13:25
नुमफास	1	1	1	1	COL 4:15
नून	32	32	9	33	EXO 33:11
नूह	53	53	9	73	GEN 5:29
नृतक	1	1	1	1	PSA 87:7
नृत्य	2	2	2	2	PSA 30:11
ने	10875	10875	66	8346	GEN 1:1
नेआ	1	1	1	1	JOS 19:13
नेगाह	1	1	1	0	1CH 3:7
नेतृत्व	0	0	0	3	extra_words.txt
नेत्र	1	1	1	0	ACT 22:13
नेपेग	4	4	3	4	EXO 6:21
नेप्तोह	2	2	1	2	JOS 15:9
नेर	16	16	4	16	1SA 14:50
नेरिय्याह	10	10	1	10	JER 32:12
नेरी	1	1	1	1	LUK 3:27
नेर्गल	1	1	1	1	2KI 17:30
नेर्गलसरेसेर	3	3	1	3	JER 39:3
नेर्युस	1	1	1	1	ROM 16:15
नेव	4	4	4	0	JOS 6:5
नेवतहारी	1	1	1	0	PRO 9:18
नेवता	12	12	7	12	EXO 34:15
नेवला	1	1	1	1	LEV 11:29
नेवें	1	1	1	1	2SA 22:16
नेहेलामी	3	3	1	3	JER 29:24
नैन	3	3	2	2	PSA 35:19
नैवेद्य	1	1	1	0	EZK 16:20
नैहर	1	1	1	0	EXO 18:2
नो	3	3	1	4	EZK 30:14
नोंक	1	1	1	1	JOB 20:25
नोअद्याह	2	2	2	2	EZR 8:33
नोआ	3	3	2	0	NUM 26:33
नोक	4	4	3	4	1SA 14:27
नोकवाला	1	1	1	1	1SA 2:13
नोकीली	1	1	1	1	1SA 14:4
नोकीले	1	1	1	1	PSA 120:4
नोकें	1	1	1	1	1SA 13:21
नोगह	2	2	2	2	1CH 14:6
नोच	5	5	4	3	GEN 40:19
नोचते	2	2	1	0	ISA 18:6
नोचनेवालों	1	1	1	1	ISA 50:6
नोची	1	1	1	1	JER 48:37
नोचे	2	2	2	1	EZR 9:3
नोद	1	1	1	1	GEN 4:16
नोदाब	1	1	1	1	1CH 5:19
नोनी	1	1	1	0	PSA 107:34
नोप	7	7	3	7	ISA 19:13
नोपह	1	1	1	1	NUM 21:30
नोब	6	6	3	10	1SA 21:1
नोबह	3	3	2	3	NUM 32:42
नोबै	1	1	1	1	NEH 10:19
नोवा	1	1	1	4	NUM 27:1
नोहा	1	1	1	1	1CH 8:2
नौ	29	29	11	29	GEN 5:5
नौकर	4	4	4	3	JDG 18:4
नौवाँ	4	4	3	4	2KI 18:10
नौवीं	2	2	1	4	1CH 24:11
नौवें	13	13	6	13	2KI 17:6
न्याय	441	441	52	549	GEN 16:5
न्याय-सम्मत	0	0	0	1	extra_words.txt
न्यायदण्ड	1	1	1	1	PSA 106:30
न्यायनिष्ठ	0	0	0	1	extra_words.txt
न्यायपूर्ण	0	0	0	1	extra_words.txt
न्यायमूर्ति	0	0	0	1	extra_words.txt
न्यायवचन	1	1	1	1	1CH 16:12
न्यायाधीशों	0	0	0	1	extra_words.txt
न्यायानुसार	1	1	1	1	LUK 23:41
न्यायालय	1	1	1	0	ACT 5:34
न्यायिक	0	0	0	2	extra_words.txt
न्यायियो	5	5	3	0	PSA 2:10
न्यायियों	22	22	11	54	NUM 25:5
न्यायी	71	71	30	84	GEN 18:25
न्यारा	6	6	2	0	NUM 6:2
न्यारे	11	11	1	0	NUM 6:5
न्योता	3	3	1	3	1SA 9:24
पँखों	1	1	1	0	PSA 18:10
पँगुला	1	1	1	0	2SA 9:13
पंक्ति	16	16	4	13	EXO 28:17
पंक्तियाँ	3	3	2	3	LEV 24:6
पंक्तियों	5	5	3	5	EXO 39:10
पंख	58	58	15	61	EXO 25:20
पंखवाला	1	1	1	1	EZK 17:7
पंखवाले	4	4	2	4	LEV 11:20
पंखवालों	1	1	1	1	DEU 14:20
पंखों	32	32	15	35	EXO 19:4
पंगु	2	2	2	1	GEN 49:6
पंच	1	1	1	1	EXO 21:22
पंचकोणीय	1	1	1	1	1KI 6:31
पंचग्रंथ	0	0	0	1	extra_words.txt
पंचग्रन्थ	0	0	0	1	extra_words.txt
पंचमांश	3	3	1	3	GEN 41:34
पंचानबे	4	4	3	4	GEN 5:17
पंचायतों	3	3	3	0	MAT 10:17
पंचों	1	1	1	0	EXO 26:6
पंजर	4	4	1	4	JHN 19:34
पंजीकरण	0	0	0	1	extra_words.txt
पंजे	7	7	6	7	1SA 17:37
पंजों	2	2	2	2	LEV 11:27
पंडुक	4	4	2	5	LEV 14:22
पंडुकी	2	2	1	4	LEV 12:6
पंडुकों	3	3	2	0	LEV 1:14
पंथ	4	4	1	9	ACT 5:17
पंद्रह	8	8	5	0	EXO 38:14
पंद्रहवें	7	7	5	0	EXO 16:1
पंफूलिया	5	5	1	8	ACT 2:10
पक	8	8	7	8	GEN 40:10
पकड़	67	67	25	62	GEN 44:16
पकड़कर	66	66	22	76	GEN 39:12
पकड़के	1	1	1	0	ACT 13:11
पकड़ता	2	2	2	4	PRO 26:17
पकड़ती	3	3	3	3	PRO 31:19
पकड़ते	5	5	4	6	JOB 5:3
पकड़ना	13	13	6	20	ECC 1:14
पकड़ने	20	20	13	24	1SA 23:26
पकड़नेवाला	0	0	0	1	extra_words.txt
पकड़नेवाले	3	3	2	5	JER 46:9
पकड़नेवालों	1	1	1	0	ACT 1:16
पकड़वा	11	11	7	11	1SA 23:20
पकड़वाए	3	3	3	3	MRK 1:14
पकड़वाएँगे	4	4	2	4	MAT 10:19
पकड़वाएगा	5	5	3	5	MAT 26:21
पकड़वाओ	1	1	1	1	ISA 16:3
पकड़वाकर	3	3	3	3	2SA 21:8
पकड़वाता	1	1	1	1	LUK 22:48
पकड़वाने	4	4	3	4	1CH 12:17
पकड़वानेवाला	6	6	4	6	MAT 26:46
पकड़वानेवाले	7	7	5	6	MAT 26:25
पकड़वाया	18	18	7	21	MAT 17:22
पकड़ा	59	59	25	64	GEN 31:23
पकड़ाता	1	1	1	1	OBA 1:14
पकड़ी	8	8	5	9	NUM 5:13
पकड़ीं	1	1	1	1	JDG 15:4
पकड़ूँगा	4	4	4	4	EXO 15:9
पकड़े	58	58	22	58	GEN 19:16
पकड़ें	2	2	1	2	LUK 11:54
पकड़ेंगे	7	7	7	7	DEU 28:45
पकड़ेगा	4	4	4	4	1SA 30:8
पकड़ो	1	1	1	1	2KI 10:14
पकड़ोगे	1	1	1	1	JOS 2:5
पकता	1	1	1	1	LUK 8:14
पकने	4	4	3	4	2KI 4:39
पकवाना	1	1	1	1	LEV 24:5
पकवाया	1	1	1	1	GEN 18:8
पकह्याह	3	3	1	0	2KI 15:22
पका	6	6	6	6	GEN 25:29
पकाई	3	3	2	3	GEN 25:34
पकाईं	1	1	1	1	2SA 13:8
पकाऊँ	1	1	1	1	1KI 17:12
पकाए	2	2	2	2	DEU 33:14
पकाएँ	4	4	2	4	GEN 11:3
पकाओ	3	3	3	3	EXO 16:23
पकाकर	5	5	5	6	EXO 12:9
पकाते	1	1	1	1	NUM 11:8
पकाना	5	5	2	5	EXO 16:23
पकाने	5	5	3	6	1SA 2:13
पकानेवाला	2	2	1	2	HOS 7:4
पकानेहारा	1	1	1	1	GEN 40:5
पकानेहारे	1	1	1	1	GEN 40:1
पकानेहारों	5	5	1	5	GEN 40:2
पकाया	9	9	5	9	GEN 18:7
पकी	2	2	2	2	GEN 40:17
पके	11	11	8	10	LEV 6:21
पकोद	2	2	2	2	JER 50:21
पक्का	4	4	4	4	RUT 4:7
पक्की	12	12	9	11	GEN 23:18
पक्के	12	12	10	13	LEV 19:32
पक्ष	28	28	17	42	EXO 23:3
पक्षधर	0	0	0	1	extra_words.txt
पक्षपात	14	14	10	14	DEU 16:19
पक्षवाला	1	1	1	1	PRO 18:17
पक्षवाले	1	1	1	1	2SA 17:9
पक्षियो	1	1	1	0	PSA 148:10
पक्षियों	48	48	20	52	GEN 1:21
पक्षी	76	76	19	81	GEN 1:20
पग	10	10	3	2	JOB 14:16
पगडण्डियों	2	2	2	3	JDG 5:6
पगड़ियाँ	1	1	1	1	EZK 23:15
पगड़ियों	1	1	1	1	ISA 3:20
पगड़ी	21	21	7	20	EXO 28:4
पगीएल	2	2	1	5	NUM 1:13
पगों	1	1	1	0	JOB 29:6
पच	1	1	1	1	PRO 18:8
पचगुणा	1	1	1	0	GEN 43:34
पचपन	3	3	3	3	2KI 21:1
पचहत्तर	8	8	6	8	GEN 12:4
पचा	1	1	1	1	EZK 3:3
पचास	104	104	22	76	GEN 6:15
पचासवाँ	1	1	1	2	LEV 25:11
पचासवें	3	3	2	4	LEV 23:16
पचासी	4	4	4	4	JOS 14:10
पचासों	8	8	1	8	2KI 1:9
पच्चीकारी	2	2	2	2	1CH 29:2
पच्चीस	40	40	7	38	NUM 8:24
पच्चीसवें	3	3	3	3	NEH 6:15
पच्छिम	1	1	1	0	LUK 13:29
पछता	1	1	1	0	MAT 21:29
पछताऊँ	1	1	1	1	JER 26:3
पछताऊँगा	5	5	3	5	JER 4:28
पछताए	4	4	4	4	1SA 15:29
पछताएगा	3	3	3	3	PSA 110:4
पछताओ	1	1	1	1	GEN 45:5
पछताकर	2	2	2	3	EXO 13:17
पछताता	8	8	5	11	GEN 6:7
पछताना	2	2	2	2	1SA 25:31
पछताने	1	1	1	1	JDG 21:6
पछतानेवाला	0	0	0	1	extra_words.txt
पछतानेहारा	1	1	1	0	JOL 2:13
पछताया	9	9	7	9	GEN 6:6
पछताये	1	1	1	1	JDG 21:15
पछतावा	0	0	0	2	extra_words.txt
पछाड़	4	4	3	2	GEN 49:17
पछाड़ेगा	1	1	1	1	PSA 28:5
पजावे	1	1	1	1	2SA 12:31
पजीएल	3	3	1	0	NUM 7:72
पट	2	2	2	2	EXO 26:12
पटक	13	13	10	12	EXO 15:1
पटककर	6	6	5	6	EXO 32:19
पटके	2	2	2	1	PSA 10:10
पटकोटा	0	0	0	1	extra_words.txt
पटरानी	4	4	2	5	EST 1:19
पटरियाँ	4	4	2	4	1KI 7:28
पटरियों	5	5	2	5	1KI 7:28
पटरी	10	10	2	10	EXO 25:25
पटरे	1	1	1	1	SNG 8:9
पटरों	1	1	1	1	ACT 27:44
पटवा	1	1	1	2	2CH 32:3
पटवाई	1	1	1	1	2CH 3:5
पटाने	1	1	1	0	LUK 7:42
पटाव	1	1	1	1	EZK 27:6
पटिया	4	4	3	5	PRO 3:3
पटियाँ	1	1	1	1	HEB 9:4
पटियाएँ	5	5	2	6	EXO 24:12
पटियाओं	13	13	3	14	DEU 4:13
पटियों	3	3	2	3	1KI 8:9
पटुका	5	5	3	6	EXO 28:8
पटुके	3	3	2	6	EXO 39:20
पटुकों	2	2	2	1	ISA 3:20
पटों	1	1	1	1	NUM 4:25
पट्टा	1	1	1	0	EXO 29:5
पट्टियाँ	4	4	3	4	EXO 27:10
पट्टियों	1	1	1	3	EXO 27:17
पट्टी	7	7	7	5	EXO 28:36
पट्टे	4	4	3	2	EXO 28:27
पट्ठों	2	2	2	2	JOB 40:16
पड़	65	65	28	66	GEN 27:1
पड़कर	14	14	12	15	JDG 11:7
पड़के	2	2	2	1	JDG 20:45
पड़ता	114	114	35	118	GEN 31:5
पड़ताल	3	3	3	3	EST 2:23
पड़ती	56	56	22	48	GEN 39:23
पड़ते	29	29	16	27	GEN 27:22
पड़ना	5	5	5	7	JDG 20:34
पड़ने	19	19	15	23	GEN 41:54
पड़नेवाला	1	1	1	1	ZEC 5:3
पड़नेवाली	3	3	3	3	EST 8:6
पड़नेवाले	1	1	1	1	DEU 32:35
पड़नेवालों	1	1	1	2	PSA 88:4
पड़ा	301	301	40	324	GEN 11:9
पड़ाव	5	5	4	5	NUM 33:1
पड़ावों	1	1	1	2	NUM 33:2
पड़ी	111	111	33	121	GEN 1:2
पड़ीं	12	12	8	8	DEU 31:17
पड़ूँ	3	3	3	3	JDG 15:18
पड़ूँगा	3	3	3	3	2SA 24:14
पड़ूँगी	1	1	1	1	REV 18:7
पड़े	311	311	46	306	GEN 11:4
पड़ें	15	15	13	13	NUM 16:30
पड़ेंगी	5	5	5	6	EZK 30:25
पड़ेंगे	43	43	21	43	EXO 10:25
पड़ेगा	157	157	35	160	GEN 17:10
पड़ेगी	38	38	15	37	EXO 5:18
पड़ो	10	10	9	11	DEU 4:30
पड़ोगे	2	2	2	2	JER 34:17
पड़ोस	2	2	2	2	JOS 9:16
पड़ोसिन	2	2	1	2	EXO 3:22
पड़ोसिनों	4	4	4	3	RUT 4:17
पड़ोसियों	15	15	6	15	EXO 32:27
पड़ोसी	66	66	22	83	EXO 11:2
पढ़	20	20	9	22	EXO 24:7
पढ़कर	23	23	12	24	DEU 31:11
पढ़ता	3	3	3	3	LUK 10:26
पढ़ते	5	5	3	6	NEH 9:3
पढ़ना	3	3	3	3	ECC 12:12
पढ़ने	5	5	4	5	2KI 5:7
पढ़नेवाला	2	2	2	2	PRO 1:2
पढ़नेवाले	1	1	1	1	ECC 10:11
पढ़ा	16	16	8	21	DEU 17:19
पढ़ाई	1	1	1	2	ACT 7:22
पढ़ाया	1	1	1	1	ACT 22:3
पढ़ी	5	5	4	5	2CH 34:24
पढ़े	4	4	4	3	PSA 58:5
पढ़ें	1	1	1	1	DAN 5:15
पढ़ो	1	1	1	1	ISA 34:16
पण्डित	8	8	2	0	JER 50:35
पण्डिताई	1	1	1	0	ISA 44:25
पण्डितों	10	10	5	0	GEN 41:8
पण्डुक	2	2	1	0	LEV 5:7
पण्डुकी	4	4	2	0	JER 8:7
पण्डुकों	1	1	1	1	ISA 59:11
पत	1	1	1	4	JDG 19:24
पतंगे	2	2	2	2	JOB 4:19
पतझड़	3	3	3	3	PSA 29:9
पतन	1	1	1	35	2CH 28:23
पतमुस	1	1	1	2	REV 1:9
पतरस	159	159	8	223	MAT 4:18
पतरा	1	1	1	1	ACT 21:1
पतली	5	5	2	5	GEN 41:6
पतले	1	1	1	1	LEV 13:30
पतवार	1	1	1	1	JAS 3:4
पतवारों	1	1	1	1	ACT 27:40
पतह्याह	4	4	3	4	1CH 24:16
पता	35	35	22	40	DEU 1:22
पताका	2	2	1	2	SNG 6:4
पति	137	137	30	145	GEN 3:6
पतियो	3	3	3	0	EPH 5:25
पतियों	1	1	1	5	TIT 2:4
पतिव्रता	1	1	1	1	TIT 2:5
पतुलिमयिस	1	1	1	2	ACT 21:7
पतूएल	1	1	1	2	JOL 1:1
पते	1	1	1	1	JDG 8:14
पतोर	2	2	2	2	NUM 22:5
पतोहू	1	1	1	0	LEV 20:12
पत्तर	5	5	4	5	EXO 39:3
पत्तरों	1	1	1	1	EXO 39:3
पत्ता	1	1	1	1	GEN 8:11
पत्तियों	1	1	1	1	EZK 17:9
पत्ते	18	18	11	20	GEN 3:7
पत्तों	4	4	4	4	EZK 17:6
पत्थर	223	223	38	250	GEN 2:12
पत्थरों	58	58	27	62	GEN 28:11
पत्नियाँ	8	8	6	12	EXO 22:24
पत्नियो	4	4	4	0	GEN 4:23
पत्नियों	10	10	5	17	GEN 4:23
पत्नी	252	252	33	281	GEN 2:24
पत्र	27	27	12	165	2KI 5:5
पत्रवाहक	0	0	0	1	extra_words.txt
पत्रास	1	1	1	0	EZK 29:14
पत्रियाँ	2	2	1	2	2CO 3:1
पत्रियों	3	3	2	3	2CO 10:9
पत्री	24	24	10	76	2KI 19:14
पत्रुबास	1	1	1	1	ROM 16:14
पत्रूसी	2	2	2	2	GEN 10:14
पत्रोस	4	4	3	5	ISA 11:11
पथ	11	11	3	13	PSA 25:4
पथभ्रष्ट	0	0	0	3	extra_words.txt
पथरा	1	1	1	0	ISA 38:14
पथराव	47	47	15	15	EXO 8:26
पथरीली	5	5	3	0	MAT 13:5
पथों	6	6	4	6	PSA 17:5
पद	55	55	25	102	GEN 40:13
पद-चिन्ह	0	0	0	1	extra_words.txt
पदधारी	1	1	1	0	1PE 2:9
पदनाम	0	0	0	2	extra_words.txt
पदप्रतिष्ठित	0	0	0	1	extra_words.txt
पदवाले	2	2	2	2	NUM 16:3
पदवालों	3	3	3	3	1TI 2:2
पदवी	1	1	1	3	ISA 45:4
पदवृद्धि	0	0	0	1	extra_words.txt
पदहेल	1	1	1	1	NUM 34:28
पदाधिकारी	0	0	0	2	extra_words.txt
पदायाह	7	7	2	10	1CH 3:18
पदार्थ	21	21	10	21	GEN 6:21
पदार्थों	13	13	9	15	GEN 24:10
पदासूर	5	5	1	5	NUM 1:10
पदों	1	1	1	5	EST 1:14
पद्दनराम	10	10	1	10	GEN 25:20
पद्दान	1	1	1	1	GEN 48:7
पद्धति	0	0	0	1	extra_words.txt
पद्मराग	3	3	2	3	EXO 28:17
पद्यराग	1	1	1	0	EZK 28:13
पधारा	2	2	1	2	2SA 5:24
पधारिए	1	1	1	1	GEN 19:2
पधारे	1	1	1	1	GEN 18:5
पनघटों	1	1	1	1	JDG 5:11
पनपेंगी	1	1	1	1	EZK 36:8
पनपेगा	2	2	1	2	JOB 14:7
पनपेगी	1	1	1	1	JER 12:17
पनभरे	1	1	1	0	DEU 29:11
पनसोख्ता	0	0	0	3	extra_words.txt
पनिन्ना	4	4	1	5	1SA 1:2
पनीएल	2	2	1	2	GEN 32:30
पनीर	2	2	2	2	1SA 17:18
पनूएल	7	7	3	8	JDG 8:8
पन्थ	5	5	2	2	AMO 8:14
पन्द्रह	12	12	9	18	GEN 5:10
पन्द्रहवीं	2	2	1	2	1CH 24:14
पन्द्रहवें	9	9	5	15	NUM 28:17
पन्नग	1	1	1	1	EZK 27:17
पपड़ियाँ	2	2	2	1	EXO 29:2
पपड़ियों	1	1	1	1	1CH 23:29
पपड़ी	8	8	3	6	EXO 29:23
पर	7902	7902	66	8696	GEN 1:11
परकार	1	1	1	1	ISA 44:13
परकोटा	1	1	1	0	2KI 25:1
परख	10	10	7	11	DEU 33:8
परखकर	5	5	4	4	2CH 32:31
परखता	2	2	2	4	PSA 11:5
परखते	2	2	2	2	MAT 22:18
परखने	9	9	7	10	JDG 3:1
परखनेवाला	2	2	2	2	1CO 4:4
परखनेवाले	2	2	2	2	JER 20:12
परखा	9	9	6	11	1SA 17:39
परखी	2	2	2	2	GEN 42:16
परखूँगा	2	2	2	3	JDG 7:4
परखे	11	11	8	14	GEN 42:15
परखें	3	3	2	3	LAM 3:40
परखेगी	1	1	1	1	1CO 3:13
परखो	6	6	6	7	MAL 3:10
परगोत्री	1	1	1	1	DEU 25:5
परछाई	0	0	0	4	extra_words.txt
परछाईं	3	3	3	0	PRO 27:19
परत	3	3	2	3	1KI 6:36
परती	1	1	1	0	EXO 23:11
परदा	27	27	10	30	GEN 20:16
परदादा	1	1	1	1	1KI 15:3
परदे	70	70	6	28	EXO 26:1
परदें	1	1	1	0	2CH 3:14
परदेश	12	12	8	13	2KI 19:24
परदेशिन	1	1	1	1	RUT 2:10
परदेशियों	39	39	14	42	GEN 17:12
परदेशी	157	157	30	163	GEN 12:10
परदेसियों	1	1	1	0	1KI 17:1
परदेसी	1	1	1	0	2SA 1:13
परदों	7	7	3	5	EXO 26:6
परन्तु	2966	2966	63	3179	GEN 2:20
परपोता	19	19	9	20	NUM 16:1
परपोते	4	4	3	5	DEU 23:8
परपोतों	5	5	4	5	GEN 50:23
परम	15	15	9	18	GEN 26:7
परमधन्य	2	2	1	3	1TI 1:11
परमपवित्र	48	48	12	60	EXO 26:33
परमप्रधान	54	54	13	65	GEN 14:18
परममित्र	2	2	2	0	PSA 55:13
परमविश्राम	10	10	2	8	EXO 16:23
परमविश्रामकाल	1	1	1	2	LEV 25:4
परमशक्ति	0	0	0	2	extra_words.txt
परमश्वर	1	1	1	0	1KI 11:23
परमसुन्दरी	1	1	1	0	LAM 2:15
परमाणु	1	1	1	1	PRO 8:26
परमानन्द	0	0	0	2	extra_words.txt
परमार्थ	1	1	1	0	PRO 8:21
परमिनास	1	1	1	1	ACT 6:5
परमेश्वर	4113	4113	63	5739	GEN 1:1
परमेश्वरत्व	1	1	1	1	ROM 1:20
परम्परा	2	2	2	21	MAT 15:6
परम्पराएँ	1	1	1	2	1CO 11:2
परम्पराओं	7	7	4	9	MAT 15:2
परला	1	1	1	1	GEN 49:13
परली	6	6	4	5	NUM 21:13
परलोक	2	2	2	2	MAT 12:32
परवाह	4	4	3	4	MAT 22:16
परसों	5	5	3	5	1SA 20:5
परस्त्रीगमन	3	3	3	3	PRO 6:32
परस्त्रीगामियों	2	2	2	2	PSA 50:18
परस्त्रीगामी	1	1	1	1	1CO 6:9
परस्पर	7	7	6	9	GEN 21:32
पराई	14	14	5	13	LEV 20:10
पराए	45	45	21	85	GEN 15:13
पराकाष्ठा	0	0	0	4	extra_words.txt
पराक्रम	45	45	18	46	EXO 14:31
पराक्रमी	21	21	14	23	GEN 10:9
पराजीम	1	1	1	1	ISA 28:21
परात	25	25	8	17	GEN 15:18
परातों	1	1	1	1	NUM 4:7
पराधीन	2	2	2	2	MAT 8:9
परान	3	3	2	0	1KI 11:18
परामर्शदाता	0	0	0	1	extra_words.txt
परामर्शदाताओं	0	0	0	1	extra_words.txt
परायण	0	0	0	1	extra_words.txt
पराया	8	8	7	9	DEU 32:12
पराये	33	33	14	0	GEN 31:15
परायों	4	4	3	4	LAM 5:2
परास्त	3	3	2	5	2SA 22:15
परिक्रमा	1	1	1	2	PSA 48:12
परिचित	0	0	0	3	extra_words.txt
परिच्छेद	0	0	0	1	extra_words.txt
परिजन	0	0	0	3	extra_words.txt
परिजनों	0	0	0	3	extra_words.txt
परिज्जियों	11	11	7	12	GEN 34:30
परिज्जी	11	11	5	11	GEN 13:7
परिणाम	7	7	6	25	JOB 19:29
परिणामतः	0	0	0	1	extra_words.txt
परिणामित	0	0	0	1	extra_words.txt
परित्यक्त	0	0	0	2	extra_words.txt
परित्याग	0	0	0	2	extra_words.txt
परिदृश्य	0	0	0	3	extra_words.txt
परिधान	0	0	0	2	extra_words.txt
परिधि	1	1	1	1	ECC 1:6
परिपक्व	0	0	0	1	extra_words.txt
परिपक्वता	0	0	0	2	extra_words.txt
परिपूर्ण	32	32	14	36	EXO 28:3
परिपूर्णता	4	4	3	7	JHN 1:16
परिप्रेक्ष्य	0	0	0	2	extra_words.txt
परिभाषा	0	0	0	1	extra_words.txt
परिमाण	6	6	5	6	LEV 19:35
परिरक्षण	0	0	0	1	extra_words.txt
परिवर्तन	2	2	2	9	PSA 55:19
परिवर्तित	2	2	1	3	1SA 10:6
परिवर्धन	0	0	0	1	extra_words.txt
परिवार	20	20	9	64	GEN 18:19
परिवेश	0	0	0	2	extra_words.txt
परिशिष्ट	0	0	0	4	extra_words.txt
परिशुद्ध	0	0	0	2	extra_words.txt
परिश्रम	135	135	34	146	GEN 5:29
परिश्रमी	4	4	4	4	GEN 47:6
परिषद	0	0	0	3	extra_words.txt
परिस्थितियाँ	0	0	0	4	extra_words.txt
परीक्षक	0	0	0	1	extra_words.txt
परीक्षण	0	0	0	3	extra_words.txt
परीक्षणों	0	0	0	3	extra_words.txt
परीक्षा	68	68	25	99	GEN 22:1
परीक्षाएँ	1	1	1	1	DEU 29:3
परीक्षाओं	4	4	4	13	LUK 22:28
परीज्जियों	1	1	1	0	GEN 15:20
परीदा	1	1	1	1	NEH 7:57
परूदा	1	1	1	1	EZR 2:55
परे	15	15	12	22	JDG 13:13
परेशानियाँ	0	0	0	1	extra_words.txt
परेशानी	0	0	0	3	extra_words.txt
परेस	1	1	1	1	DAN 5:28
परों	5	5	4	5	DEU 32:11
परोश	6	6	2	6	EZR 2:3
परोस	3	3	3	3	GEN 18:8
परोसता	1	1	1	1	JOB 36:16
परोसा	3	3	3	4	GEN 43:32
परोसी	1	1	1	1	2SA 12:20
परोसें	2	2	2	2	MRK 6:41
परोसो	1	1	1	1	GEN 43:31
पर्दों	0	0	0	3	extra_words.txt
पर्नाक	1	1	1	1	NUM 34:25
पर्पर	1	1	1	1	2KI 5:12
पर्बार	2	2	1	2	1CH 26:18
पर्मशता	1	1	1	1	EST 9:9
पर्याप्त	1	1	1	11	GEN 13:6
पर्यायवाची	0	0	0	1	extra_words.txt
पर्व	123	123	22	156	EXO 5:1
पर्वत	176	176	25	203	EXO 3:1
पर्वतों	8	8	4	12	2KI 19:23
पर्वेम	1	1	1	1	2CH 3:6
पर्वों	19	19	13	20	NUM 10:10
पर्शन्दाता	1	1	1	1	EST 9:7
पल	12	12	7	16	EXO 33:5
पलंग	17	17	8	17	2SA 11:2
पलंगों	1	1	1	1	AMO 6:4
पलक	1	1	1	2	1CO 15:52
पलकें	3	3	3	3	PSA 11:4
पलकों	4	4	3	4	JOB 3:9
पलट	11	11	7	10	EXO 14:5
पलटकर	6	6	5	7	1KI 2:15
पलटन	27	27	4	0	MAT 26:53
पलटने	2	2	2	3	EXO 14:28
पलटा	40	40	17	53	GEN 42:22
पलटेगा	1	1	1	1	JOB 20:14
पलड़े	1	1	1	1	PRO 16:11
पलड़ों	1	1	1	1	ISA 40:15
पलती	2	2	2	2	NUM 13:9
पलतीएल	2	2	2	2	NUM 34:26
पलते	1	1	1	1	2KI 10:6
पलत्याह	5	5	3	5	1CH 3:21
पललू	1	1	1	0	GEN 46:9
पलल्याह	1	1	1	1	NEH 11:12
पला	4	4	2	1	JOB 31:18
पलायन	0	0	0	4	extra_words.txt
पलायाह	3	3	2	3	1CH 3:24
पलिश्त	2	2	1	2	PSA 87:4
पलिश्तयों	4	4	2	0	1SA 18:30
पलिश्तियो	1	1	1	0	1SA 4:9
पलिश्तियों	186	186	17	219	GEN 21:32
पलिश्ती	95	95	9	100	GEN 10:14
पलिश्तीन	4	4	3	6	PSA 60:8
पली	1	1	1	1	JER 2:24
पलीते	1	1	1	1	JOB 41:19
पले	3	3	3	2	PRO 15:17
पलेतियों	5	5	3	5	2SA 8:18
पलेती	2	2	1	2	2SA 15:18
पलोनी	3	3	1	3	1CH 11:27
पल्लू	4	4	3	5	EXO 6:14
पल्लूइयों	1	1	1	1	NUM 26:5
पल्ले	13	13	5	13	EXO 30:3
पल्लों	6	6	4	7	EXO 30:4
पवन	21	21	12	21	GEN 8:1
पवनों	1	1	1	1	PSA 104:4
पवित्र	840	840	55	1031	GEN 2:3
पवित्रजनों	1	1	1	0	JOB 15:15
पवित्रता	30	30	14	51	EXO 15:11
पवित्रशास्त्र	46	46	14	47	MAT 21:42
पवित्रशास्त्रों	2	2	1	3	ACT 17:2
पवित्रस्थान	190	190	23	231	EXO 15:17
पवित्रस्थानों	4	4	3	6	LEV 21:23
पवित्रीकरण	0	0	0	2	extra_words.txt
पवित्रों	4	4	4	5	DEU 33:2
पशहूर	14	14	4	15	1CH 9:12
पशु	263	263	33	301	GEN 1:24
पशुओ	4	4	3	0	PSA 148:10
पशुओं	156	156	32	162	GEN 1:25
पशुगमन	2	2	2	2	EXO 22:19
पशुगामी	1	1	1	1	LEV 20:15
पशुबलि	2	2	2	14	AMO 5:25
पशुशाला	1	1	1	1	PSA 50:9
पश्चात	1	1	1	1	1SA 25:38
पश्चाताप	8	8	6	23	NEH 9:35
पश्चात्	61	61	6	65	GEN 4:3
पश्चात्ताप	0	0	0	2	extra_words.txt
पश्चात्तापहीनता	0	0	0	1	extra_words.txt
पश्चिम	89	89	21	101	GEN 12:8
पश्चिमी	12	12	5	19	EXO 3:1
पसदम्मीम	1	1	1	1	1CH 11:13
पसन्द	3	3	2	3	EST 1:21
पसर	3	3	2	3	1KI 17:21
पसलियाँ	2	2	2	2	JOB 40:18
पसली	3	3	2	3	GEN 2:21
पसार	1	1	1	3	PSA 81:10
पसारकर	1	1	1	2	NUM 16:30
पसारके	2	2	2	0	DEU 11:6
पसारते	1	1	1	1	JOB 16:10
पसारा	2	2	2	2	ISA 5:14
पसारे	3	3	3	3	JOB 29:23
पसीजकर	1	1	1	1	EZK 47:2
पसीना	2	2	2	2	EZK 44:18
पसीने	1	1	1	1	GEN 3:19
पसेरी	2	2	2	2	MAT 13:33
पहचान	30	30	17	61	DEU 18:22
पहचानकर	1	1	1	9	ACT 12:14
पहचानता	1	1	1	11	1SA 3:7
पहचानती	3	3	3	4	MRK 1:34
पहचानतीं	1	1	1	0	JHN 10:5
पहचानते	3	3	3	7	1CH 12:32
पहचाननेवाले	0	0	0	1	extra_words.txt
पहचानवालों	1	1	1	1	PSA 87:4
पहचाना	13	13	7	30	GEN 27:23
पहचाने	1	1	1	2	LAM 4:8
पहचानें	3	3	3	5	DEU 18:21
पहतमोआब	1	1	1	0	EZR 10:30
पहत्मोआब	5	5	2	6	EZR 2:6
पहननेवाले	0	0	0	2	extra_words.txt
पहनवा	0	0	0	1	extra_words.txt
पहना	1	1	1	16	2CH 36:6
पहनाईं	0	0	0	1	extra_words.txt
पहनाऊँगा	1	1	1	3	ISA 22:20
पहनावों	0	0	0	1	extra_words.txt
पहने	1	1	1	123	LEV 16:23
पहनेंगी	0	0	0	1	extra_words.txt
पहर	33	33	11	37	EXO 14:24
पहरा	15	15	12	17	GEN 3:24
पहरुआ	9	9	6	11	2SA 18:24
पहरुए	30	30	13	18	2SA 18:25
पहरुओं	25	25	14	22	JDG 7:19
पहरुये	1	1	1	0	ECC 12:3
पहरे	16	16	4	15	ISA 21:8
पहरेदार	1	1	1	4	SNG 5:7
पहरेवाली	10	10	1	10	EZK 40:7
पहरेवालों	1	1	1	1	ACT 5:23
पहरों	1	1	1	1	ACT 12:4
पहल	7	7	7	0	2KI 17:25
पहलवान	2	2	2	3	EXO 15:15
पहला	41	41	20	57	GEN 1:5
पहली	74	74	29	104	GEN 2:11
पहले	614	614	57	701	GEN 8:5
पहलों	5	5	4	1	NUM 22:15
पहलौठे	2	2	2	49	GEN 27:15
पहाड़	232	232	36	237	GEN 7:19
पहाड़ियाँ	7	7	5	7	PSA 65:12
पहाड़ियो	1	1	1	0	PSA 114:6
पहाड़ियों	24	24	12	26	GEN 49:26
पहाड़ी	111	111	19	111	GEN 31:21
पहाड़ो	11	11	5	0	2SA 1:21
पहाड़ों	135	135	32	155	GEN 8:5
पहिचान	33	33	19	0	GEN 37:32
पहिचानकर	4	4	3	0	GEN 31:32
पहिचानता	9	9	6	0	PSA 89:15
पहिचानते	5	5	5	0	2KI 4:39
पहिचानना	1	1	1	0	ROM 1:28
पहिचाननेवाले	1	1	1	0	1TI 4:3
पहिचानवालों	2	2	1	0	PSA 88:8
पहिचाना	12	12	11	0	GEN 42:8
पहिचानूँगा	1	1	1	0	1CO 13:12
पहिचाने	1	1	1	0	1CO 11:29
पहिचानें	1	1	1	0	2TI 2:25
पहिचानेंगे	1	1	1	0	ISA 19:21
पहिचानो	1	1	1	0	1SA 23:23
पहिन	25	25	15	0	GEN 38:19
पहिनकर	15	15	10	0	EXO 39:41
पहिनता	4	4	3	0	EST 6:8
पहिनती	1	1	1	0	2SA 13:18
पहिनते	5	5	5	0	PRO 31:21
पहिनना	4	4	4	0	LEV 19:19
पहिनने	7	7	7	0	GEN 28:20
पहिननेवाले	2	2	1	0	EZK 23:6
पहिनवा	1	1	1	0	GEN 41:42
पहिना	12	12	8	0	GEN 3:21
पहिनाई	3	3	1	0	DAN 5:7
पहिनाईं	4	4	2	0	2CH 28:15
पहिनाऊँगा	2	2	1	0	PSA 132:16
पहिनाए	10	10	7	0	NUM 20:28
पहिनाएगा	2	2	2	0	MAT 6:30
पहिनाओ	2	2	1	0	LUK 15:22
पहिनाकर	4	4	4	0	EXO 28:41
पहिनाता	5	5	5	0	2SA 1:24
पहिनाना	6	6	2	0	EXO 3:22
पहिनाया	11	11	10	0	LEV 8:7
पहिनूँ	1	1	1	0	SNG 5:3
पहिने	117	117	35	0	GEN 37:23
पहिनें	3	3	1	0	EZK 44:17
पहिनेंगी	1	1	1	0	ISA 4:1
पहिनेंगे	7	7	5	0	JOB 8:22
पहिनेगा	1	1	1	0	JER 4:28
पहिनो	2	2	1	0	MRK 6:9
पहिया	6	6	3	6	PRO 20:26
पहिये	21	21	4	24	1KI 7:30
पहियों	15	15	6	15	EXO 14:25
पहिरावा	21	21	9	0	GEN 38:14
पहिरावे	4	4	4	0	JOB 41:13
पहिला	1	1	1	0	DEU 21:17
पहिले	5	5	4	0	DEU 13:9
पहिलों	1	1	1	0	DAN 7:24
पहिलौठा	13	13	10	16	EXO 34:19
पहिलौठे	38	38	8	5	GEN 4:4
पहिलौठों	24	24	5	31	EXO 12:12
पहुँच	46	46	28	57	GEN 14:6
पहुँचकर	63	63	19	65	GEN 11:31
पहुँचता	5	5	5	7	JOB 33:22
पहुँचती	7	7	4	6	DEU 4:11
पहुँचतीं	1	1	1	1	2TI 3:7
पहुँचते	14	14	10	8	GEN 19:23
पहुँचने	17	17	11	16	GEN 48:7
पहुँचवा	2	2	2	3	1KI 5:9
पहुँचा	325	325	45	341	GEN 12:6
पहुँचाई	18	18	13	21	GEN 12:15
पहुँचाईं	1	1	1	0	2CH 31:12
पहुँचाऊँ	2	2	2	2	EXO 3:8
पहुँचाऊँगा	11	11	5	11	NUM 14:24
पहुँचाए	36	36	18	48	GEN 43:18
पहुँचाएँ	10	10	8	1	EXO 21:22
पहुँचाएँगे	6	6	5	4	1KI 5:9
पहुँचाएगा	13	13	5	14	EXO 13:5
पहुँचाओ	2	2	2	2	2CH 29:31
पहुँचाकर	19	19	11	20	GEN 43:9
पहुँचाता	5	5	4	4	1CH 5:9
पहुँचाती	2	2	1	2	PRO 2:18
पहुँचाते	3	3	3	3	ACT 16:4
पहुँचाना	6	6	4	8	GEN 37:22
पहुँचाने	10	10	9	12	EXO 32:12
पहुँचानेवाला	1	1	1	3	EXO 8:2
पहुँचानेवाले	1	1	1	0	ACT 17:15
पहुँचाया	59	59	20	64	GEN 24:48
पहुँची	64	64	22	56	GEN 18:21
पहुँचीं	3	3	2	2	RUT 1:19
पहुँचूँ	4	4	4	4	GEN 44:30
पहुँचूँगा	2	2	2	2	GEN 33:14
पहुँचे	105	105	32	108	GEN 19:22
पहुँचें	4	4	4	2	EXO 10:26
पहुँचेंगी	1	1	1	1	EZK 16:55
पहुँचेंगे	3	3	3	3	JOB 27:15
पहुँचेगा	12	12	8	12	GEN 24:41
पहुँचेगी	7	7	5	7	PSA 32:6
पहुँचो	9	9	5	10	LEV 14:34
पहुनाई	4	4	2	4	ACT 10:23
पहेलियाँ	1	1	1	1	DAN 5:12
पहेली	10	10	3	10	JDG 14:12
पा	35	35	14	50	NUM 34:14
पाँच	221	221	27	222	GEN 5:6
पाँचगुना	0	0	0	1	extra_words.txt
पाँचवाँ	19	19	5	22	GEN 1:23
पाँचवी	1	1	1	6	JOS 19:24
पाँचवीं	5	5	3	3	1CH 24:9
पाँचवें	27	27	12	28	LEV 19:25
पाँचों	13	13	6	14	GEN 14:3
पाँजर	3	3	3	4	2SA 2:16
पाँति	52	52	18	48	GEN 14:8
पाँतियों	6	6	3	6	1SA 17:8
पाँती	2	2	2	0	2SA 10:8
पाँव	197	197	41	196	GEN 18:4
पाँववाले	2	2	1	0	LEV 11:23
पाँवों	125	125	32	135	GEN 43:24
पांजर	2	2	2	0	JDG 2:3
पांजरों	2	2	2	2	NUM 33:55
पांडुलिपियों	0	0	0	1	extra_words.txt
पाई	80	80	30	83	GEN 16:13
पाईं	3	3	3	2	PSA 78:64
पाऊ	1	1	1	2	GEN 36:39
पाऊँ	14	14	11	18	EXO 33:13
पाऊँगा	9	9	5	9	GEN 30:30
पाए	226	226	43	234	GEN 13:8
पाएँ	58	58	28	63	GEN 27:29
पाएँगी	4	4	4	4	GEN 18:18
पाएँगे	69	69	27	77	GEN 12:3
पाएगा	145	145	39	159	GEN 4:14
पाएगी	10	10	7	10	2CH 8:11
पाओ	15	15	14	16	NUM 18:29
पाओगे	57	57	20	59	GEN 42:15
पाकर	106	106	38	110	GEN 3:5
पाखंडी	1	1	1	0	TIT 3:10
पाखण्ड	2	2	2	2	JER 23:14
पाखण्डी	3	3	3	6	JOB 11:11
पागल	12	12	7	12	DEU 28:28
पागलपन	1	1	1	1	JER 29:26
पागलों	1	1	1	1	2KI 9:20
पागुर	11	11	2	12	LEV 11:3
पाछ	1	1	1	0	DAN 12:4
पाट	16	16	15	14	NUM 31:11
पाटकर	1	1	1	1	2CH 32:30
पाटा	1	1	1	1	NEH 3:15
पाटों	1	1	1	1	1KI 7:36
पाठ	1	1	1	3	NEH 8:8
पाठशाला	1	1	1	2	ACT 19:9
पात	5	5	5	0	1KI 21:2
पाता	48	48	20	55	NUM 12:8
पाताल	4	4	3	6	DEU 32:22
पाती	10	10	7	9	1KI 4:27
पातीं	1	1	1	1	JOB 30:27
पाते	44	44	24	50	GEN 29:13
पात्र	93	93	22	112	EXO 16:33
पात्रों	22	22	10	22	NUM 4:9
पादोन	2	2	2	2	EZR 2:44
पाना	2	2	2	9	1KI 10:24
पानी	206	206	41	239	GEN 7:17
पाने	37	37	20	48	GEN 49:18
पानेवाला	1	1	1	1	1JN 5:5
पानेवाली	1	1	1	1	NUM 36:8
पानेवाले	3	3	3	4	1CH 27:1
पानेवालों	3	3	3	3	1CO 1:18
पाप	467	467	49	623	GEN 4:7
पापबलि	118	118	9	134	EXO 29:14
पापबलिपशु	7	7	1	0	LEV 4:25
पापबलियों	5	5	4	7	2KI 12:16
पापबलिवाले	1	1	1	0	LEV 5:8
पापमय	4	4	3	6	PRO 21:4
पापमूल	1	1	1	0	AMO 8:14
पापांगीकार	1	1	1	0	2CH 30:22
पापिन	0	0	0	2	extra_words.txt
पापिनी	2	2	1	1	LUK 7:37
पापियो	1	1	1	0	JAS 4:8
पापियों	28	28	11	35	NUM 32:14
पापी	69	69	25	88	GEN 13:13
पापों	124	124	32	174	LEV 16:16
पाफुस	2	2	1	2	ACT 13:6
पायजेब	1	1	1	1	NUM 31:50
पायदान	2	2	2	1	1KI 22:35
पाया	201	201	47	225	GEN 4:1
पाये	5	5	5	4	EXO 25:31
पायें	1	1	1	0	ISA 41:17
पायों	5	5	2	6	EXO 25:12
पार	257	257	31	261	GEN 31:21
पारथी	1	1	1	1	ACT 2:9
पारदर्शी	0	0	0	1	extra_words.txt
पारम्परिक	0	0	0	2	extra_words.txt
पारवाले	1	1	1	1	ISA 7:20
पारा	1	1	1	1	JOS 18:23
पारान	8	8	4	12	GEN 21:21
पारिभाषिक	0	0	0	1	extra_words.txt
पारी	3	3	2	1	1KI 5:14
पारुह	1	1	1	1	1KI 4:17
पारै	1	1	1	1	2SA 23:35
पार्थिव	2	2	1	3	1CO 15:40
पार्श्व	0	0	0	3	extra_words.txt
पाल	5	5	4	4	ISA 33:23
पालकियों	1	1	1	1	ISA 66:20
पालकी	2	2	1	2	SNG 3:7
पालता	6	6	5	5	1KI 18:13
पालती	1	1	1	1	EZK 19:2
पालते	2	2	1	4	GEN 46:32
पालन	90	90	33	98	GEN 4:20
पालनकर	1	1	1	0	EZK 18:19
पालने	2	2	2	1	DEU 28:15
पालनेवाला	1	1	1	1	RUT 4:15
पालनेवाले	1	1	1	1	2KI 10:1
पालनेवालों	1	1	1	1	2KI 10:5
पाला	12	12	8	11	GEN 31:40
पालाल	1	1	1	1	NEH 3:25
पाली	2	2	1	2	REV 12:6
पाले	10	10	8	6	EXO 16:14
पालेगा	1	1	1	1	ISA 7:21
पावदान	0	0	0	1	extra_words.txt
पावन	9	9	1	15	NUM 8:7
पावों	1	1	1	0	2KI 13:21
पाशविक	0	0	0	1	extra_words.txt
पास	2594	2594	64	2648	GEN 2:19
पासक	1	1	1	1	1CH 7:33
पासवाले	2	2	1	2	JDG 9:6
पासे	1	1	1	1	PSA 140:5
पासेह	4	4	3	4	1CH 4:12
पास्तरीय	0	0	0	1	extra_words.txt
पाहुनशाला	2	2	2	2	MRK 14:14
पाहुनों	1	1	1	1	ZEP 1:7
पिंजड़ा	1	1	1	1	JER 5:27
पिउवों	1	1	1	0	PSA 8:2
पिओ	1	1	1	0	LUK 22:30
पिघल	12	12	6	14	EXO 15:15
पिघलकर	2	2	2	2	JOS 7:5
पिघलती	1	1	1	1	AMO 9:5
पिघलनेवाली	1	1	1	1	2PE 3:11
पिघला	2	2	2	2	SNG 5:13
पिघलाई	1	1	1	2	EZK 22:22
पिघलाए	2	2	1	2	EZK 22:21
पिघलाएँ	1	1	1	1	EZK 22:20
पिघलाकर	1	1	1	1	JOB 28:2
पिचके	1	1	1	1	LEV 21:20
पिछड़	1	1	1	1	JOS 10:19
पिछला	5	5	4	5	1KI 7:25
पिछली	18	18	14	23	EXO 26:12
पिछले	29	29	17	32	GEN 49:19
पिछलों	2	2	1	1	MAT 20:8
पिछाड़ी	3	3	2	1	2SA 2:23
पिट	1	1	1	1	PRO 23:35
पिटवा	1	1	1	2	NEH 13:25
पिटवाकर	2	2	1	2	LUK 23:16
पिटवाता	1	1	1	1	ACT 22:19
पिटवाना	1	1	1	1	PRO 17:26
पिटवाया	3	3	3	3	JER 37:15
पिण्डुक	2	2	2	5	GEN 15:9
पिण्डुकी	1	1	1	4	PSA 74:19
पिण्डुकों	1	1	1	2	NAM 2:7
पिण्डों	0	0	0	1	extra_words.txt
पितर	2	2	2	1	EXO 3:16
पितरो	4	4	2	0	ACT 7:2
पितरों	176	176	16	180	GEN 15:15
पिता	1029	1029	52	1049	GEN 2:24
पिताओं	1	1	1	10	JOB 30:1
पिताहीन	1	1	1	1	LAM 5:3
पितोम	1	1	1	1	EXO 1:11
पित्त	3	3	3	4	JOB 16:13
पित्ते	1	1	1	0	JOB 20:25
पिन्डुक	1	1	1	0	SNG 2:12
पिन्तेकुस्त	3	3	2	9	ACT 2:1
पियक्कड़	12	12	8	12	DEU 21:20
पियक्कड़पन	2	2	2	2	ROM 13:13
पियक्कड़ों	1	1	1	1	MAT 24:49
पिया	39	39	19	43	GEN 25:34
पियाऊ	1	1	1	1	NEH 1:11
पियो	3	3	2	3	NEH 8:10
पिरगमुन	2	2	1	3	REV 1:11
पिरगा	3	3	1	5	ACT 13:13
पिरसिस	1	1	1	1	ROM 16:12
पिरातोन	1	1	1	1	JDG 12:15
पिरातोनवासी	1	1	1	1	1CH 27:14
पिरातोनी	4	4	3	4	JDG 12:13
पिराम	1	1	1	1	JOS 10:3
पिलतै	1	1	1	1	NEH 12:17
पिलवा	1	1	1	1	EXO 32:20
पिला	15	15	6	16	GEN 24:17
पिलाई	1	1	1	1	REV 14:8
पिलाऊँगा	3	3	2	3	JER 9:15
पिलाऊँगी	2	2	1	2	GEN 24:14
पिलाए	7	7	6	7	NUM 5:24
पिलाएँ	2	2	2	2	GEN 19:34
पिलाएँगे	1	1	1	1	JER 16:7
पिलाएगा	3	3	3	3	2SA 23:15
पिलाएगी	1	1	1	1	GEN 21:7
पिलाओ	1	1	1	1	PRO 31:6
पिलाकर	4	4	3	4	GEN 19:32
पिलाता	2	2	2	2	PSA 78:15
पिलाती	6	6	6	6	1SA 1:23
पिलातुस	58	58	6	65	MAT 27:2
पिलाते	2	2	1	2	GEN 29:3
पिलाना	1	1	1	1	PRO 25:21
पिलाने	5	5	5	4	EXO 2:9
पिलानेवालियों	1	1	1	1	ISA 40:11
पिलानेवाले	2	2	2	2	1KI 10:5
पिलानेहारा	2	2	1	3	GEN 40:5
पिलानेहारी	1	1	1	1	GEN 35:8
पिलानेहारे	2	2	1	3	GEN 40:1
पिलानेहारों	6	6	1	6	GEN 40:2
पिलाया	28	28	14	32	GEN 19:33
पिल्दाश	1	1	1	1	GEN 22:22
पिल्हा	1	1	1	1	NEH 10:24
पिशाचों	2	2	2	2	DEU 32:17
पिस	3	3	2	3	JOB 4:19
पिसगा	8	8	3	8	NUM 21:20
पिसनहारियाँ	1	1	1	1	ECC 12:3
पिसिदिया	2	2	1	3	ACT 13:14
पिसे	8	8	2	9	PSA 9:9
पिस्ते	1	1	1	1	GEN 43:11
पिस्पा	1	1	1	1	1CH 7:38
पिस्सू	2	2	1	2	1SA 24:14
पी	44	44	23	46	GEN 24:14
पीऊँ	10	10	9	9	GEN 24:14
पीऊँगा	5	5	4	5	1KI 13:8
पीए	19	19	13	17	LEV 10:9
पीएँ	11	11	9	9	EXO 15:24
पीएँगी	1	1	1	0	OBA 1:16
पीएँगे	12	12	8	13	NUM 20:17
पीएगा	5	5	4	5	PSA 110:7
पीएगी	1	1	1	1	EZK 23:34
पीएल	1	1	1	0	1CH 15:18
पीओ	10	10	8	10	EST 4:16
पीओगे	4	4	4	4	ISA 66:12
पीकर	27	27	15	28	GEN 9:21
पीकोल	3	3	1	3	GEN 21:22
पीछा	107	107	20	115	GEN 14:14
पीछे	597	597	45	457	GEN 9:23
पीछेवाले	1	1	1	2	JOS 6:13
पीट	7	7	5	2	EXO 39:3
पीटकर	13	13	7	10	EXO 39:3
पीटता	2	2	2	1	HOS 12:1
पीटती	4	4	3	3	JER 49:3
पीटते	2	2	2	0	JOL 2:12
पीटना	10	10	8	3	PSA 144:14
पीटने	15	15	11	12	GEN 23:2
पीटनेवाला	1	1	1	0	JER 25:33
पीटनेवाले	1	1	1	1	ECC 12:5
पीटा	3	3	2	4	MAT 21:35
पीटी	4	4	3	4	1SA 25:1
पीटे	2	2	2	1	EXO 21:15
पीटेंगी	1	1	1	1	ISA 32:12
पीटेंगे	6	6	4	6	JER 16:6
पीटेगा	1	1	1	1	JER 16:4
पीटोगे	1	1	1	1	EZK 24:23
पीठ	32	32	15	34	EXO 23:27
पीड़ा	47	47	14	53	GEN 3:16
पीड़ाएँ	10	10	6	11	PSA 7:14
पीड़ाओं	5	5	5	7	MAT 24:8
पीड़ादायक	0	0	0	1	extra_words.txt
पीड़ित	17	17	11	25	GEN 3:16
पीढ़ियाँ-वंशजों	0	0	0	1	extra_words.txt
पीढ़ियों	16	16	9	23	GEN 9:12
पीढ़ी	179	179	24	110	GEN 15:16
पीढ़े	2	2	2	0	MAT 21:12
पीढ़ों	1	1	1	0	JHN 2:15
पीतमणि	1	1	1	1	REV 21:20
पीतल	159	159	24	167	GEN 4:22
पीता	21	21	15	21	GEN 44:5
पीती	3	3	3	3	2SA 12:3
पीते	37	37	23	22	NUM 11:12
पीतोन	2	2	1	2	1CH 8:35
पीनकवाले	1	1	1	0	PRO 23:21
पीनहास	27	27	8	29	EXO 6:25
पीना	26	26	13	24	JDG 13:7
पीने	72	72	32	54	GEN 4:11
पीनेवाला	1	1	1	1	1TI 5:23
पीनेवाले	3	3	3	5	PSA 69:12
पीनेवालो	1	1	1	0	JOL 1:5
पीनेवालों	2	2	2	3	JDG 7:7
पीनोन	2	2	2	2	GEN 36:41
पीया	10	10	9	9	JDG 15:19
पीला	1	1	1	1	REV 6:8
पीले	3	3	3	2	EST 1:6
पीवेसेत	1	1	1	1	EZK 30:17
पीशोन	1	1	1	1	GEN 2:11
पीस	15	15	11	12	DEU 9:21
पीसकर	8	8	7	7	EXO 30:36
पीसता	3	3	3	3	JOB 16:9
पीसती	2	2	2	2	MAT 24:41
पीसते	5	5	5	5	NUM 11:8
पीसना	8	8	3	8	PRO 22:22
पीसने	3	3	3	3	JDG 16:21
पीसनेवाला	1	1	1	1	ISA 16:4
पीसनेवाली	1	1	1	1	EXO 11:5
पीसा	3	3	2	3	DEU 28:33
पीसी	1	1	1	1	EZK 22:7
पीसे	2	2	1	2	JOB 5:4
पीहहीरोत	2	2	1	4	NUM 33:7
पीहाहीरोत	2	2	1	0	EXO 14:2
पुआल	14	14	6	14	GEN 24:25
पुकार	57	57	21	42	GEN 21:17
पुकारकर	48	48	21	67	GEN 3:9
पुकारके	10	10	6	21	DEU 27:14
पुकारता	13	13	8	17	1SA 26:14
पुकारती	5	5	1	5	PRO 1:21
पुकारते	14	14	8	18	DEU 4:7
पुकारना	1	1	1	2	ISA 8:4
पुकारने	8	8	7	9	2KI 11:14
पुकारनेवाले	5	5	5	5	ISA 6:4
पुकारा	46	46	19	50	EXO 3:4
पुकाराते	1	1	1	0	PSA 99:6
पुकारूँ	3	3	1	3	PSA 4:1
पुकारूँगा	11	11	4	11	1SA 12:17
पुकारे	6	6	6	6	1SA 3:9
पुकारें	3	3	3	4	1KI 8:52
पुकारेंगे	2	2	2	2	PRO 1:28
पुकारेगा	3	3	3	4	PSA 50:4
पुकारो	3	3	2	3	1KI 18:27
पुकारोगे	1	1	1	1	JER 29:12
पुखराज	1	1	1	2	REV 21:20
पुछवाया	2	2	2	2	2SA 11:3
पुजारियों	3	3	3	4	2KI 23:5
पुजारी	3	3	3	4	1SA 5:5
पुट्ठा	1	1	1	1	EXO 29:27
पुट्ठे	1	1	1	1	EXO 29:22
पुतली	5	5	5	6	DEU 32:10
पुतले	2	2	2	2	JER 10:5
पुतियुली	1	1	1	1	ACT 28:13
पुत्र	2227	2227	60	2365	GEN 4:17
पुत्रहीन	5	5	3	5	NUM 3:4
पुत्रियाँ	9	9	5	8	PSA 48:11
पुत्रियो	9	9	3	0	SNG 1:5
पुत्रियों	20	20	4	27	GEN 6:2
पुत्री	26	26	11	35	GEN 24:48
पुत्रो	8	8	4	0	GEN 49:2
पुत्रों	206	206	27	236	GEN 6:2
पुथल	1	1	1	0	ISA 51:15
पुनः	1	1	1	36	PSA 85:4
पुनरावलोकन	0	0	0	3	extra_words.txt
पुनरुत्थान	17	17	8	30	MAT 22:23
पुनर्निर्माण	0	0	0	4	extra_words.txt
पुनर्वास	0	0	0	2	extra_words.txt
पुनर्विवाह	0	0	0	1	extra_words.txt
पुनर्स्थापित	0	0	0	3	extra_words.txt
पुन्तियुस	3	3	3	3	LUK 3:1
पुन्तुस	3	3	2	3	ACT 2:9
पुबलियुस	2	2	1	2	ACT 28:7
पुब्बा	1	1	1	1	GEN 46:13
पुरकियुस	1	1	1	1	ACT 24:27
पुरखा	48	48	14	43	GEN 46:34
पुरखाओं	155	155	26	157	EXO 10:6
पुरखुरुस	1	1	1	0	ACT 6:5
पुरखे	1	1	1	0	ROM 9:5
पुरनिए	11	11	6	14	EXO 24:9
पुरनिया	3	3	3	4	GEN 24:2
पुरनिये	36	36	15	33	GEN 50:7
पुरनियो	3	3	3	0	PSA 148:12
पुरनियों	76	76	23	60	EXO 3:16
पुरवाई	17	17	9	15	GEN 41:6
पुरसा	2	2	1	2	ACT 27:28
पुराना	8	8	7	11	LEV 13:11
पुरानी	22	22	15	27	LEV 25:22
पुराने	38	38	20	61	LEV 26:10
पुरी	1	1	1	0	JER 49:25
पुरुष	798	798	48	829	GEN 2:24
पुरुषगमन	1	1	1	1	LEV 18:22
पुरुषगामियों	4	4	3	4	1KI 15:12
पुरुषगामी	2	2	2	2	1KI 14:24
पुरुषार्थ	9	9	6	9	1SA 4:9
पुरुषो	2	2	1	0	ACT 1:11
पुरुषों	215	215	31	223	GEN 19:4
पुरोहित	15	15	1	67	JDG 17:5
पुरोहितवृत्ति	0	0	0	3	extra_words.txt
पुरोहितानियाँ	0	0	0	1	extra_words.txt
पुरोहितीय	0	0	0	4	extra_words.txt
पुर्रुस	1	1	1	0	ACT 20:4
पुलट	6	6	5	0	GEN 19:29
पुलटा	1	1	1	1	ACT 17:6
पुल्लतै	1	1	1	1	1CH 26:5
पुव्वा	1	1	1	1	NUM 26:23
पुव्वियों	1	1	1	1	NUM 26:23
पुष्ट	11	11	7	5	GEN 27:37
पुष्टि	1	1	1	16	1KI 1:14
पुष्टिकरण	0	0	0	1	extra_words.txt
पुष्पकोष	6	6	1	6	EXO 25:31
पुस्तक	200	200	31	457	EXO 17:14
पुस्तकालय	1	1	1	1	EZR 6:1
पुस्तकें	5	5	5	8	DAN 7:10
पुस्तकों	9	9	8	13	1CH 29:30
पुस्तिका	1	1	1	1	ACT 1:1
पूँछ	9	9	5	16	EXO 4:4
पूँजी	2	2	1	10	LEV 12:8
पूंछ	6	6	2	0	LEV 3:9
पूंछें	1	1	1	0	REV 9:19
पूंछों	3	3	1	0	REV 9:10
पूंजी	8	8	6	1	LEV 14:21
पूआ	3	3	3	4	EXO 1:15
पूए	2	2	2	2	EXO 16:31
पूछ	28	28	13	27	DEU 4:32
पूछकर	2	2	2	2	2KI 10:15
पूछता	27	27	17	27	GEN 32:29
पूछताछ	7	7	5	8	DEU 19:18
पूछते	19	19	9	18	GEN 24:57
पूछना	9	9	6	11	1SA 15:23
पूछने	56	56	20	63	GEN 25:22
पूछनेवाला	2	2	2	1	DEU 18:11
पूछनेवाले	1	1	1	1	EZK 14:10
पूछपाछ	8	8	4	6	DEU 12:30
पूछा	335	335	29	341	GEN 3:9
पूछी	1	1	1	1	DAN 2:10
पूछूँ	2	2	2	2	1SA 28:7
पूछे	15	15	12	16	GEN 46:33
पूछें	13	13	8	12	EXO 3:13
पूछेंगे	8	8	8	8	DEU 29:24
पूछो	11	11	8	11	DEU 32:7
पूछोगे	3	3	3	3	ISA 45:11
पूजक	1	1	1	1	LEV 17:7
पूजकर	2	2	1	2	EZK 20:18
पूजता	1	1	1	1	ACT 19:27
पूजते	1	1	1	2	ACT 17:23
पूजने	3	3	3	3	NUM 25:3
पूजनेवाले	0	0	0	1	extra_words.txt
पूजा	31	31	10	51	LEV 26:30
पूजें	1	1	1	1	ACT 7:42
पूज्य	1	1	1	2	2TH 2:4
पूत	4	4	3	5	1CH 1:8
पूती	3	3	3	3	1CH 2:53
पूतीएल	1	1	1	1	EXO 6:25
पूदेंस	1	1	1	1	2TI 4:21
पूनोन	2	2	1	2	NUM 33:42
पूर	3	3	1	3	EST 3:7
पूरब	21	21	14	24	GEN 25:6
पूरबी	2	2	2	0	NEH 3:29
पूरा	272	272	53	301	GEN 15:16
पूरियाँ	1	1	1	0	2SA 13:8
पूरियों	1	1	1	1	2SA 13:10
पूरी	295	295	53	343	GEN 4:12
पूरीम	5	5	1	9	EST 9:26
पूरे	112	112	34	117	GEN 15:15
पूर्ण	28	28	16	68	LEV 26:9
पूर्णमासी	3	3	3	3	JOS 5:10
पूर्णरूपेण	0	0	0	1	extra_words.txt
पूर्बियों	1	1	1	0	GEN 29:1
पूर्व	125	125	20	180	GEN 2:8
पूर्वक	2	2	2	6	DEU 23:23
पूर्वकाल	20	20	10	25	JOS 15:15
पूर्वगामी	0	0	0	1	extra_words.txt
पूर्वज	3	3	2	20	JDG 2:17
पूर्वजों	91	91	18	146	EXO 15:2
पूर्वप्रतिष्ठा	0	0	0	1	extra_words.txt
पूर्वमुखी	8	8	1	8	EZK 40:22
पूर्वानुमान	0	0	0	1	extra_words.txt
पूर्वियों	2	2	2	3	JDG 8:10
पूर्वी	23	23	8	49	NUM 34:10
पूर्वोक्त	0	0	0	2	extra_words.txt
पूल	2	2	2	2	2KI 15:19
पूला	4	4	3	3	GEN 37:7
पूलियाँ	3	3	3	3	JOB 24:10
पूलियों	4	4	4	5	NEH 13:15
पूले	6	6	4	7	GEN 37:7
पूलों	5	5	4	4	GEN 37:7
पृथक्करण	0	0	0	1	extra_words.txt
पृथ्वी	786	786	50	861	GEN 1:1
पृष्ठ	1	1	1	1	JER 36:23
पे	1	1	1	1	PSA 119:128
पेंदी	1	1	1	1	DAN 6:24
पेकह	12	12	3	13	2KI 15:25
पेचिश	0	0	0	1	extra_words.txt
पेट	98	98	34	99	GEN 3:14
पेटियाँ	1	1	1	1	EZK 27:24
पेटी	2	2	1	2	ISA 3:24
पेटू	4	4	4	4	PRO 23:21
पेड़	91	91	23	107	GEN 1:11
पेड़ा	1	1	1	1	ROM 11:16
पेड़ों	32	32	15	29	JOS 17:15
पेतशान	1	1	1	0	1KI 4:12
पेयपदार्थ	0	0	0	1	extra_words.txt
पेरते	1	1	1	1	JOB 24:11
पेरा	2	2	2	2	1KI 5:11
पेरेश	1	1	1	1	1CH 7:16
पेरेस	14	14	5	22	GEN 38:29
पेरेसियों	1	1	1	1	NUM 26:20
पेरेसुज्जा	2	2	2	2	2SA 6:8
पेरोज	1	1	1	1	REV 21:20
पेलेग	7	7	2	8	GEN 10:25
पेलेत	4	4	2	5	NUM 16:1
पेलेती	1	1	1	1	2SA 23:26
पेश	1	1	1	3	JOB 23:4
पैंतालीस	15	15	7	15	GEN 18:28
पैंतीस	10	10	7	8	GEN 11:12
पैंतीसवें	1	1	1	1	2CH 15:19
पैंसठ	5	5	3	5	GEN 5:15
पैकरियों	1	1	1	1	ISA 3:20
पैठ	7	7	7	4	JDG 3:22
पैठकर	3	3	3	2	1KI 22:22
पैठने	1	1	1	0	LUK 8:32
पैठनेवाली	1	1	1	1	RUT 2:13
पैठा	1	1	1	1	JOB 38:22
पैठाई	3	3	3	0	1KI 22:23
पैठानेवाला	1	1	1	0	NUM 27:17
पैठाव	1	1	1	1	PRO 8:3
पैठेगी	1	1	1	1	ZEC 14:13
पैताने	1	1	1	1	JHN 20:12
पैतृक	1	1	1	2	MAL 1:3
पैदल	7	7	7	7	EXO 12:37
पैदलों	1	1	1	1	ISA 22:6
पैदा	2	2	1	4	LEV 12:5
पैना	4	4	2	4	PRO 5:4
पैनी	2	2	2	2	ECC 10:10
पैने	3	3	3	3	JDG 3:31
पैनों	1	1	1	2	1SA 13:21
पैबन्द	3	3	2	7	JOS 9:5
पैमाने	3	3	3	3	MAT 5:15
पैर	13	13	8	17	GEN 8:9
पैरों	26	26	11	28	EXO 29:17
पैवन्द	4	4	2	0	MRK 2:21
पैसा	0	0	0	2	extra_words.txt
पैसे	6	6	5	7	2SA 21:4
पोंछ	3	3	2	4	ISA 25:8
पोंछकर	1	1	1	1	2KI 21:13
पोंछता	1	1	1	1	2KI 21:13
पोंछती	1	1	1	1	PRO 30:20
पोंछने	2	2	2	2	LUK 7:38
पोंछा	2	2	2	2	LUK 7:44
पोंछे	1	1	1	1	JHN 12:3
पोकरेतसबायीम	1	1	1	0	EZR 2:57
पोकेरेत	1	1	1	0	NEH 7:59
पोखरे	11	11	6	0	EXO 7:19
पोछूँगा	1	1	1	1	2KI 21:13
पोतना	2	2	1	2	DEU 27:2
पोता	78	78	18	87	EXO 31:2
पोतियों	1	1	1	0	GEN 46:7
पोती	4	4	3	4	LEV 18:10
पोतीपर	2	2	1	3	GEN 37:36
पोतीपेरा	3	3	1	3	GEN 41:45
पोते	27	27	13	20	GEN 11:31
पोतों	17	17	12	10	GEN 45:10
पोथियाँ	1	1	1	1	ACT 19:19
पोथियों	1	1	1	1	EZR 2:62
पोदीने	2	2	2	2	MAT 23:23
पोर	6	6	3	7	NUM 23:28
पोरवाले	1	1	1	0	PSA 106:28
पोराता	1	1	1	1	EST 9:8
पोषण	23	23	16	4	GEN 45:11
पोसकर	1	1	1	0	LAM 2:22
पोसती	1	1	1	1	EZK 19:2
पोसा	5	5	4	3	2SA 6:13
पोसे	2	2	2	0	ISA 51:18
पौ	23	23	14	24	GEN 19:15
पौत्र	1	1	1	0	JOB 18:19
पौधा	5	5	5	7	GEN 2:5
पौधे	13	13	7	12	JOB 14:9
पौधों	5	5	4	6	DEU 32:2
पौने	1	1	1	1	NUM 31:37
पौरुष	8	8	6	2	GEN 49:3
पौलुस	164	164	15	381	ACT 13:7
प्याज	1	1	1	1	NUM 11:5
प्यादे	8	8	8	8	NUM 11:21
प्यादों	12	12	7	8	2SA 10:6
प्यार	4	4	3	12	1SA 18:1
प्यारा	1	1	1	1	PRO 28:23
प्यारी	2	2	2	2	ECC 9:9
प्यारे	2	2	1	3	ROM 1:7
प्यारो	1	1	1	0	SNG 5:1
प्याले	2	2	2	2	2KI 2:20
प्यालों	1	1	1	1	1CH 28:17
प्यास	19	19	12	22	EXO 17:3
प्यासा	21	21	10	25	EXO 17:3
प्यासी	3	3	3	4	ISA 44:3
प्यासे	13	13	7	14	EXO 4:19
प्यासों	2	2	2	0	JDG 15:18
प्रकट	6	6	3	49	NUM 15:34
प्रकटीकरण	0	0	0	2	extra_words.txt
प्रकार	664	664	61	757	GEN 1:5
प्रकाश	89	89	27	104	GEN 1:15
प्रकाशन	3	3	2	5	GAL 1:12
प्रकाशनों	2	2	1	2	2CO 12:1
प्रकाशमान	7	7	7	9	NUM 14:10
प्रकाशित	9	9	6	10	NUM 23:3
प्रकाशितवाक्य	1	1	1	9	REV 1:1
प्रकीर्णन	0	0	0	1	extra_words.txt
प्रकोप	19	19	9	23	2KI 3:27
प्रगट	343	343	51	459	GEN 25:24
प्रगटकर्ता	1	1	1	0	DAN 2:28
प्रगटीकरण	0	0	0	2	extra_words.txt
प्रचण्ड	30	30	13	32	GEN 49:7
प्रचलित	4	4	3	7	GEN 6:4
प्रचार	162	162	39	191	GEN 41:43
प्रचारक	6	6	5	11	ACT 17:18
प्रचुर	0	0	0	2	extra_words.txt
प्रजा	667	667	40	749	GEN 26:10
प्रजाओं	1	1	1	1	JER 29:32
प्रजागण	1	1	1	1	1KI 12:12
प्रजाति	0	0	0	2	extra_words.txt
प्रजारूपी	4	4	2	4	DEU 4:20
प्रज्ज्वलित	2	2	2	0	2TI 1:6
प्रज्ञा	0	0	0	1	extra_words.txt
प्रज्वलित	1	1	1	4	REV 1:16
प्रण	6	6	3	4	EST 9:27
प्रणाम	25	25	10	24	2SA 16:4
प्रणाली	0	0	0	2	extra_words.txt
प्रताड़ित	0	0	0	1	extra_words.txt
प्रताप	44	44	17	47	EXO 15:16
प्रतापमय	5	5	3	6	PSA 8:1
प्रतापी	18	18	6	18	DEU 33:17
प्रतापीवाणी	1	1	1	1	ISA 30:30
प्रति	59	59	25	89	GEN 31:2
प्रतिकार	0	0	0	1	extra_words.txt
प्रतिकूल	0	0	0	1	extra_words.txt
प्रतिज्ञा	62	62	15	167	PSA 69:13
प्रतिज्ञाएँ	7	7	5	21	ROM 9:4
प्रतिज्ञाओं	4	4	2	10	GAL 3:21
प्रतिज्ञात	0	0	0	3	extra_words.txt
प्रतिज्ञानुकूल	1	1	1	1	1CH 25:5
प्रतिदिन	76	76	25	79	GEN 39:10
प्रतिद्वंद्विता	0	0	0	1	extra_words.txt
प्रतिनिधि	1	1	1	9	EZK 23:23
प्रतिनिधित्व	0	0	0	3	extra_words.txt
प्रतिपादन	0	0	0	1	extra_words.txt
प्रतिपालन	1	1	1	1	DEU 33:21
प्रतिफल	30	30	15	42	GEN 15:1
प्रतिबंधात्मक	0	0	0	1	extra_words.txt
प्रतिबद्ध	0	0	0	1	extra_words.txt
प्रतिबिम्ब	2	2	1	3	HEB 8:5
प्रतिभा	0	0	0	1	extra_words.txt
प्रतिमा	6	6	5	10	EXO 20:4
प्रतिमाएँ	9	9	5	9	LEV 19:4
प्रतिमाओं	5	5	4	6	2CH 14:5
प्रतिमाह	1	1	1	1	NUM 28:11
प्रतिरक्षा	0	0	0	2	extra_words.txt
प्रतिरूप	4	4	3	7	2CO 4:4
प्रतिलिपि	0	0	0	1	extra_words.txt
प्रतिवर्ष	8	8	5	38	LEV 16:34
प्रतिवाद	1	1	1	1	2TI 4:16
प्रतिशोध	0	0	0	3	extra_words.txt
प्रतिष्ठा	44	44	16	55	GEN 31:1
प्रतिष्ठित	23	23	14	31	GEN 34:19
प्रतिष्ठितों	1	1	1	1	ISA 23:9
प्रतिस्थापित	0	0	0	1	extra_words.txt
प्रतीकात्मक	0	0	0	2	extra_words.txt
प्रतीकों	0	0	0	1	extra_words.txt
प्रतीक्षा	2	2	2	36	PSA 37:7
प्रतीति	35	35	17	1	GEN 45:26
प्रत्यक्ष	5	5	4	10	GEN 26:28
प्रत्यारोपित	0	0	0	1	extra_words.txt
प्रत्युत्तर	4	4	2	6	ACT 22:1
प्रत्येक	33	33	14	59	LEV 23:37
प्रथम	12	12	7	72	GEN 41:50
प्रथा	1	1	1	4	RUT 4:7
प्रदक्षिणा	1	1	1	1	PSA 26:6
प्रदर्शक	0	0	0	1	extra_words.txt
प्रदर्शनी	0	0	0	1	extra_words.txt
प्रदान	3	3	2	39	PSA 127:2
प्रदीप्त	1	1	1	1	PSA 39:13
प्रदेश	19	19	9	23	GEN 47:11
प्रदेशो	1	1	1	0	JOL 3:4
प्रदेशों	7	7	2	8	1KI 20:14
प्रधान	429	429	39	520	GEN 17:20
प्रधानता	5	5	5	5	DEU 20:9
प्रधानताएँ	2	2	2	2	ROM 8:38
प्रधानताओं	1	1	1	1	COL 2:15
प्रधानमंत्री	0	0	0	4	extra_words.txt
प्रधानो	3	3	2	0	EZK 45:9
प्रधानों	84	84	22	99	EXO 16:22
प्रपौत्र	0	0	0	2	extra_words.txt
प्रफुल्लित	18	18	6	18	GEN 21:6
प्रबंध	1	1	1	0	EPH 3:2
प्रबन्ध	22	22	11	30	1KI 4:7
प्रबन्धक	4	4	1	5	EST 2:3
प्रबन्धकों	1	1	1	0	GAL 4:2
प्रबल	75	75	27	84	GEN 7:24
प्रबलता	3	3	3	6	JER 3:5
प्रबुद्ध	0	0	0	1	extra_words.txt
प्रबोधित	0	0	0	1	extra_words.txt
प्रभार	0	0	0	2	extra_words.txt
प्रभारी	0	0	0	1	extra_words.txt
प्रभाव	17	17	10	47	JOB 6:25
प्रभावरहित	1	1	1	0	LUK 1:37
प्रभावशाली	14	14	8	18	JOS 1:8
प्रभावशील	1	1	1	0	1TH 2:13
प्रभु	1112	1112	51	1203	GEN 15:2
प्रभुओ	1	1	1	0	GEN 19:2
प्रभुओं	4	4	4	7	DEU 10:17
प्रभुता	110	110	28	126	GEN 1:16
प्रभुताएँ	1	1	1	1	COL 1:16
प्रभुत्व	0	0	0	3	extra_words.txt
प्रभुसत्ता	0	0	0	1	extra_words.txt
प्रमाण	19	19	11	40	EXO 7:9
प्रमाणित	3	3	2	4	RUT 4:7
प्रमाणीकरण	0	0	0	1	extra_words.txt
प्रमाणों	2	2	2	4	JOB 21:29
प्रमुख	5	5	2	30	LUK 19:47
प्रमेह	15	15	3	15	LEV 15:2
प्रयत्न	17	17	12	16	GEN 37:35
प्रयत्नशील	0	0	0	1	extra_words.txt
प्रयुक्त	0	0	0	1	extra_words.txt
प्रयोग	4	4	4	20	2KI 16:15
प्रयोजन	26	26	19	34	GEN 21:29
प्ररूपी	0	0	0	1	extra_words.txt
प्रलय	16	16	4	2	GEN 6:17
प्रलोभन	0	0	0	2	extra_words.txt
प्रवक्ता	0	0	0	1	extra_words.txt
प्रवण	0	0	0	1	extra_words.txt
प्रवर्तक	2	2	1	0	GEN 4:20
प्रवासन	0	0	0	1	extra_words.txt
प्रवासी	1	1	1	1	ACT 2:10
प्रवाह	0	0	0	1	extra_words.txt
प्रवाहित	0	0	0	2	extra_words.txt
प्रवीण	3	3	3	5	1CH 22:15
प्रवीणता	11	11	5	13	EXO 31:3
प्रवीणों	2	2	2	2	ECC 9:11
प्रवृत्ति	0	0	0	2	extra_words.txt
प्रवेश	143	143	30	190	GEN 6:18
प्रवेशस्थान	0	0	0	1	extra_words.txt
प्रशंसनीय	0	0	0	1	extra_words.txt
प्रशंसा	44	44	20	62	GEN 12:15
प्रशंसापत्र	0	0	0	1	extra_words.txt
प्रशंसायोग्य	1	1	1	0	JER 49:25
प्रशासक	0	0	0	3	extra_words.txt
प्रशासकों	0	0	0	2	extra_words.txt
प्रशासन	0	0	0	3	extra_words.txt
प्रशिक्षण	0	0	0	1	extra_words.txt
प्रशिक्षित	0	0	0	3	extra_words.txt
प्रश्न	16	16	9	41	GEN 6:13
प्रश्नों	5	5	3	6	GEN 43:7
प्रसंग	6	6	3	7	GEN 38:26
प्रसन्न	209	209	47	226	GEN 32:20
प्रसन्नता	24	24	10	30	DEU 28:47
प्रसव	9	9	6	4	GEN 25:24
प्रसाद	0	0	0	1	extra_words.txt
प्रसार	0	0	0	1	extra_words.txt
प्रसारण	0	0	0	1	extra_words.txt
प्रसिद्ध	14	14	12	19	EXO 9:16
प्रसूता	0	0	0	1	extra_words.txt
प्रस्तुत	1	1	1	18	ACT 22:1
प्रस्थान	30	30	3	35	NUM 9:17
प्रस्फुटित	0	0	0	1	extra_words.txt
प्रहार	4	4	2	5	JDG 8:21
प्रागैतिहासिक	0	0	0	1	extra_words.txt
प्राचीन	40	40	21	54	DEU 19:14
प्राचीनकाल	51	51	16	69	GEN 6:4
प्राचीनकालवाले	1	1	1	1	PSA 77:11
प्राचीनों	21	21	9	48	1SA 24:13
प्राण	373	373	42	397	GEN 1:30
प्राणघातक	1	1	1	2	REV 13:3
प्राणदण्ड	14	14	8	21	NUM 35:31
प्राणदान	2	2	1	2	EST 7:3
प्राणदायक	0	0	0	1	extra_words.txt
प्राणनाशक	2	2	2	2	MRK 16:18
प्राणप्रिय	7	7	2	8	DEU 13:6
प्राणप्रिया	1	1	1	1	JER 12:7
प्राणात्मा	0	0	0	2	extra_words.txt
प्राणियो	1	1	1	0	ZEC 2:13
प्राणियों	56	56	15	65	GEN 1:20
प्राणी	99	99	22	97	GEN 1:24
प्राणों	54	54	23	56	GEN 45:5
प्रातःकाल	2	2	2	5	PSA 92:2
प्राथमिक	0	0	0	1	extra_words.txt
प्राथमिकता	0	0	0	1	extra_words.txt
प्राधिकारी	0	0	0	1	extra_words.txt
प्रान्त	36	36	9	31	NUM 34:3
प्रान्तों	24	24	6	25	EZR 4:15
प्राप्त	97	97	32	165	GEN 12:5
प्राप्ति	9	9	3	10	PRO 3:14
प्राप्तिकर्ताओं	0	0	0	3	extra_words.txt
प्रामाणिक	0	0	0	2	extra_words.txt
प्रायः	4	4	3	9	PRO 5:14
प्रायश्चित	27	27	13	141	NUM 5:8
प्रायश्चितवाला	0	0	0	1	extra_words.txt
प्रायश्चितवाले	1	1	1	5	NUM 5:8
प्रायश्चित्त	99	99	8	0	EXO 25:17
प्रायश्चित्तवाला	1	1	1	0	EXO 31:7
प्रायश्चित्तवाले	3	3	2	0	EXO 37:6
प्रायोगिक	0	0	0	1	extra_words.txt
प्रारंभिक	0	0	0	3	extra_words.txt
प्रारम्भ	1	1	1	4	JHN 8:25
प्रार्थना	335	335	43	498	GEN 4:26
प्रार्थनाएँ	5	5	5	5	PSA 72:20
प्रार्थनाओं	9	9	7	12	ROM 1:10
प्रावधानों	0	0	0	2	extra_words.txt
प्रिय	98	98	32	112	DEU 21:15
प्रियतम	0	0	0	1	extra_words.txt
प्रियतमा	0	0	0	1	extra_words.txt
प्रिया	6	6	3	5	DEU 21:15
प्रियो	21	21	9	0	ROM 12:19
प्रियों	1	1	1	20	PSA 127:2
प्रिस्का	3	3	3	5	ROM 16:3
प्रिस्किल्ला	3	3	1	3	ACT 18:2
प्रीटोरियुम	1	1	1	1	MRK 15:16
प्रीतम	0	0	0	1	extra_words.txt
प्रीति	96	96	25	92	GEN 25:28
प्रेत	1	1	1	1	ISA 29:4
प्रेम	366	366	50	459	GEN 22:2
प्रेमवाले	0	0	0	1	extra_words.txt
प्रेमहीन	0	0	0	1	extra_words.txt
प्रेमियो	1	1	1	0	PSA 97:10
प्रेमियों	6	6	6	7	2SA 19:6
प्रेमी	38	38	6	44	JDG 5:31
प्रेरणा	4	4	4	11	1CH 28:12
प्रेरणात्मक	0	0	0	1	extra_words.txt
प्रेरित	34	34	19	115	2KI 19:7
प्रेरिताई	4	4	4	6	ACT 1:25
प्रेरितीय	0	0	0	4	extra_words.txt
प्रेरितो	1	1	1	0	REV 18:20
प्रेरितों	45	45	11	70	MAT 10:2
प्रोत्साहन	2	2	1	15	ROM 1:12
फँस	14	14	11	19	DEU 7:16
फँसकर	5	5	4	6	NUM 16:26
फँसता	3	3	1	3	PRO 12:13
फँसती	1	1	1	1	ECC 9:12
फँसते	2	2	2	2	PRO 11:6
फँसने	3	3	3	6	2SA 22:24
फँसा	20	20	11	21	GEN 22:13
फँसाई	1	1	1	1	JOB 34:30
फँसाऊँगा	1	1	1	1	EZK 14:5
फँसाएँ	1	1	1	1	MAT 22:15
फँसाएगा	1	1	1	2	JOB 18:8
फँसाकर	1	1	1	1	PSA 10:9
फँसाता	3	3	3	3	GEN 26:10
फँसाते	1	1	1	1	ISA 29:21
फँसाना	1	1	1	2	ECC 5:6
फँसाने	4	4	4	4	PRO 6:25
फँसाया	5	5	5	5	EXO 32:21
फँसे	13	13	10	12	EXO 14:3
फँसें	3	3	2	3	PSA 35:8
फँसेंगे	2	2	2	2	ISA 8:15
फँसेगा	7	7	5	7	DEU 7:25
फँसेगी	1	1	1	1	AMO 3:5
फँसोगे	1	1	1	1	PRO 1:27
फंदा	5	5	4	30	EXO 23:33
फंदे	6	6	5	39	JOS 23:13
फट	19	19	12	18	NUM 16:31
फटक	2	2	1	1	JER 15:7
फटककर	1	1	1	0	JER 51:2
फटकता	1	1	1	1	PRO 20:26
फटकर	6	6	5	8	ISA 24:19
फटका	2	2	2	4	RUT 2:17
फटकार	1	1	1	3	NAM 3:2
फटके	1	1	1	2	LUK 22:31
फटकेगा	4	4	2	5	RUT 3:2
फटता	1	1	1	1	JOB 26:8
फटती	1	1	1	1	ACT 2:3
फटते	12	12	7	10	JDG 19:25
फटने	13	13	11	13	GEN 19:15
फटा	3	3	3	3	JOB 32:19
फटे	9	9	5	8	LEV 11:3
फटेंगी	1	1	1	1	MIC 1:4
फटेगी	1	1	1	1	ISA 8:20
फडफ़ड़ाने	1	1	1	0	ISA 10:14
फडफ़ड़ाहट	2	2	2	0	ISA 18:1
फड़फड़ाने	0	0	0	1	extra_words.txt
फड़फड़ाहट	0	0	0	2	extra_words.txt
फदायाह	1	1	1	0	1CH 27:20
फनगे	1	1	1	1	LEV 11:22
फनूएल	1	1	1	1	LUK 2:36
फन्दा	23	23	13	0	EXO 10:7
फन्दे	34	34	11	0	EXO 26:4
फन्दों	5	5	4	0	EXO 26:11
फफूँदी	2	2	1	0	JOS 9:5
फफोले	2	2	1	2	EXO 9:9
फफोलों	0	0	0	1	extra_words.txt
फबता	2	2	1	2	PRO 19:10
फबती	2	2	1	2	PRO 17:7
फबे	1	1	1	1	PRO 19:10
फरछाना	1	1	1	1	JER 4:11
फरसा	1	1	1	2	JER 51:20
फरसों	1	1	1	1	EZK 26:9
फरात	6	6	4	38	GEN 2:14
फरियाँ	1	1	1	3	JER 46:3
फरी	3	3	1	3	EZK 23:24
फरीसियो	10	10	2	0	MAT 23:13
फरीसियों	53	53	5	79	MAT 3:7
फरीसी	36	36	6	36	MAT 9:14
फर्श	7	7	4	13	1KI 6:30
फर्शों	1	1	1	1	JDG 5:10
फल	304	304	47	308	GEN 1:29
फलकर	1	1	1	0	EXO 23:30
फलता	5	5	5	5	PSA 1:3
फलती	4	4	3	4	PSA 37:26
फलते	3	3	2	2	PSA 92:7
फलदाई	10	10	5	11	GEN 1:11
फलदायक	4	4	2	4	PSA 65:9
फलदायी	1	1	1	0	EZK 47:12
फलना	1	1	1	1	EZK 47:12
फलने	2	2	2	1	EXO 1:7
फलवन्त	17	17	8	18	GEN 17:6
फलवाला	1	1	1	2	JER 11:16
फलवाली	2	2	2	2	SNG 4:13
फलवाले	1	1	1	1	NEH 9:25
फलस्वरूप	0	0	0	1	extra_words.txt
फलहीन	0	0	0	1	extra_words.txt
फला	1	1	1	1	ZEC 8:12
फलाने	1	1	1	2	1SA 21:2
फलाया	1	1	1	0	EZK 17:24
फलियों	1	1	1	1	LUK 15:16
फले	10	10	9	6	GEN 35:11
फलें	1	1	1	0	GEN 8:17
फलेंगी	1	1	1	0	JER 23:3
फलेंगे	9	9	5	7	GEN 26:22
फलेगा	6	6	4	2	ISA 27:6
फलेगी	2	2	1	2	EZK 17:9
फलो	5	5	2	0	GEN 1:22
फलों	21	21	15	28	EXO 22:29
फसल	3	3	3	17	JDG 8:2
फसह	74	74	16	109	EXO 12:21
फहराता	1	1	1	1	SNG 2:4
फहराती	3	3	2	3	JOB 39:19
फहराया	1	1	1	1	PSA 60:4
फ़रात	6	6	1	0	JER 13:4
फ़र्श	6	6	2	0	1KI 6:15
फ़ारस	3	3	1	0	EST 1:3
फ़ारसियों	4	4	1	0	DAN 6:8
फ़ारसी	2	2	2	0	NEH 12:22
फ़िरौन	278	278	17	294	GEN 12:15
फाँक	4	4	2	2	2KI 4:39
फाँकते	1	1	1	1	JOB 30:3
फाँद	1	1	1	1	2SA 22:30
फाँदते	2	2	2	0	NAM 3:2
फाँदने	1	1	1	1	LEV 11:21
फाँदोगे	1	1	1	0	MAL 4:2
फाँसी	13	13	5	0	GEN 41:13
फाटक	271	271	32	293	GEN 19:1
फाटको	2	2	1	0	PSA 24:7
फाटकों	96	96	20	101	EXO 20:10
फाड़	26	26	20	27	GEN 31:39
फाड़कर	22	22	15	24	NUM 14:6
फाड़के	1	1	1	0	LEV 13:56
फाड़ता	4	4	4	4	JER 2:30
फाड़ते	1	1	1	1	PSA 35:15
फाड़ने	2	2	2	2	PSA 22:13
फाड़नेवाला	1	1	1	1	GEN 49:27
फाड़नेवाले	3	3	3	3	JOB 18:4
फाड़ा	11	11	8	11	EXO 22:31
फाड़ी	1	1	1	1	PSA 105:41
फाड़ूँगा	1	1	1	1	HOS 13:8
फाड़े	30	30	16	34	GEN 37:29
फाड़ें	1	1	1	0	JHN 19:24
फाड़ो	2	2	2	2	LEV 10:6
फान्दता	1	1	1	1	SNG 2:8
फायदे	0	0	0	1	extra_words.txt
फारस	21	21	4	40	2CH 36:20
फारसियों	2	2	2	8	EST 1:19
फारसी	2	2	2	19	EZK 27:10
फाल	4	4	4	5	1SA 13:20
फालों	1	1	1	1	1SA 13:21
फावड़ियाँ	3	3	3	1	EXO 27:3
फावड़ियों	6	6	5	6	EXO 38:3
फिंकवा	2	2	2	2	LEV 14:45
फिर	2592	2592	59	2719	GEN 1:5
फिरकर	45	45	16	55	DEU 30:2
फिरके	11	11	9	12	EXO 23:2
फिरता	34	34	19	36	GEN 3:8
फिरती	11	11	7	10	JDG 11:37
फिरते	52	52	18	51	GEN 1:21
फिरना	13	13	9	14	LEV 19:4
फिरने	24	24	16	22	EXO 21:19
फिरनेवाली	1	1	1	1	JER 2:23
फिरनेवाले	1	1	1	0	PSA 50:11
फिरवाए	1	1	1	1	2SA 12:31
फिरा	30	30	20	30	GEN 38:16
फिराऊँ	1	1	1	1	2SA 15:20
फिराए	3	3	3	6	NUM 6:5
फिराएँ	1	1	1	2	ISA 6:10
फिराएँगे	2	2	2	3	LUK 16:30
फिराएगा	2	2	2	2	DEU 30:10
फिराओ	8	8	4	10	PRO 1:23
फिराओगे	2	2	1	3	LUK 13:3
फिराकर	1	1	1	3	ACT 8:22
फिराता	1	1	1	2	NUM 32:13
फिराते	2	2	2	2	ISA 59:20
फिराना	2	2	2	2	ACT 20:21
फिराने	6	6	4	10	LUK 5:32
फिरानेवाले	2	2	1	2	LUK 15:7
फिराया	12	12	7	18	JOS 24:3
फिराव	15	15	7	24	MAT 3:8
फिरिस	3	3	2	0	MAT 1:3
फिरी	4	4	3	6	JER 3:7
फिरूँ	2	2	2	2	PSA 56:13
फिरूँगा	3	3	3	3	JER 31:18
फिरे	35	35	19	33	JDG 11:8
फिरें	24	24	14	25	JOS 18:4
फिरेंगी	1	1	1	1	EZK 23:46
फिरेंगे	18	18	8	17	PSA 22:27
फिरेगा	6	6	4	6	DEU 28:25
फिरेगी	3	3	2	3	JER 3:1
फिरो	20	20	13	22	NUM 15:39
फिरोगे	4	4	3	5	2CH 30:9
फिलगोन	1	1	1	1	ROM 16:14
फिलदिलफिया	2	2	1	3	REV 1:11
फिलिग	1	1	1	0	LUK 3:35
फिलिप्पियो	1	1	1	0	PHP 4:15
फिलिप्पी	6	6	5	16	MAT 16:13
फिलिप्पुस	36	36	5	40	MAT 10:3
फिलुलुगुस	1	1	1	1	ROM 16:15
फिलेतुस	1	1	1	1	2TI 2:17
फिलेमोन	2	2	1	17	PHM 1:1
फिसल	1	1	1	1	PSA 38:16
फिसलते	2	2	2	2	JOB 12:5
फिसलन	2	2	2	1	PSA 35:6
फिसलने	4	4	2	5	DEU 32:35
फिसलनेवाले	1	1	1	1	PSA 73:18
फिसलाहा	0	0	0	2	extra_words.txt
फिसले	3	3	2	3	2SA 22:37
फीका	2	2	2	3	JOB 6:6
फीता	3	3	3	6	EXO 39:31
फीते	3	3	1	3	EXO 28:28
फीनिक्स	1	1	1	2	ACT 27:12
फीनीके	3	3	1	3	ACT 11:19
फीबे	1	1	1	2	ROM 16:1
फीरोज़ा	5	5	4	0	EXO 28:20
फीरोज़े	1	1	1	0	EZK 1:16
फीरोजा	1	1	1	6	EXO 39:13
फुँकवा	9	9	3	9	JOS 8:28
फुँकवाकर	1	1	1	1	1SA 13:3
फुँकवाना	1	1	1	1	LEV 25:9
फुँकारता	1	1	1	1	PSA 10:5
फुँकारते	1	1	1	1	PSA 12:5
फुँक्कारने	1	1	1	0	JOB 39:20
फुड़वा	2	2	1	1	JER 39:7
फुनगियों	2	2	2	2	2SA 5:24
फुनगी	8	8	2	9	ISA 17:6
फुफेरा	1	1	1	1	GEN 29:12
फुरात	1	1	1	0	REV 9:14
फुर्ती	70	70	23	76	GEN 19:22
फुर्तीली	1	1	1	1	EXO 1:19
फुर्तीले	4	4	4	3	GEN 49:24
फुर्राना	1	1	1	1	JER 8:16
फुलका	2	2	2	2	EXO 29:23
फुलके	6	6	4	6	GEN 18:6
फुलकों	1	1	1	1	LEV 2:4
फुलवारी	1	1	1	1	SNG 5:13
फुलाए	2	2	1	3	NUM 5:21
फुलाती	1	1	1	1	JOB 39:13
फुलाया	1	1	1	0	EZK 17:24
फुसफुसाते	2	2	2	2	2SA 12:19
फुसफुसानेवाले	1	1	1	1	ISA 19:3
फुसफुसाहट	1	1	1	1	JOB 26:14
फुसला	2	2	2	2	JDG 14:15
फुसलाएँ	1	1	1	1	PRO 1:10
फुसलाकर	3	3	3	3	EXO 22:16
फुसलाना	1	1	1	1	PRO 24:28
फुसलाने	1	1	1	1	DEU 13:6
फूँक	41	41	19	42	GEN 2:7
फूँककर	9	9	6	10	2SA 20:1
फूँकते	12	12	5	13	JOS 6:4
फूँकना	5	5	3	5	NUM 10:7
फूँकने	9	9	7	10	NUM 29:1
फूँकनेवाला	1	1	1	1	NEH 4:18
फूँकनेवाले	2	2	2	2	JOS 6:9
फूँकनेवालों	1	1	1	1	REV 18:22
फूँका	14	14	8	16	NUM 10:8
फूँकी	14	14	6	15	NUM 10:3
फूँकूँगा	1	1	1	1	EZK 22:21
फूँके	4	4	4	3	LEV 23:24
फूँकें	2	2	2	2	NUM 10:6
फूँको	10	10	5	10	NUM 10:5
फूगिलुस	1	1	1	1	2TI 1:15
फूट	52	52	26	52	GEN 7:11
फूटकर	11	11	10	17	LEV 13:12
फूटके	1	1	1	0	GEN 27:38
फूटते	2	2	2	3	PSA 141:7
फूटने	1	1	1	1	PRO 8:28
फूटा	5	5	2	5	2KI 12:5
फूटे	1	1	1	1	2KI 12:12
फूटेंगी	1	1	1	1	JOB 14:9
फूटेंगे	1	1	1	1	ISA 35:7
फूटेगा	2	2	2	2	ECC 12:6
फूत	1	1	1	0	GEN 10:6
फूफी	3	3	2	3	EXO 6:20
फूरतूनातुस	1	1	1	1	1CO 16:17
फूरा	2	2	1	2	JDG 7:10
फूल	64	64	18	68	EXO 9:31
फूलकर	3	3	3	3	1SA 2:3
फूलता	4	4	4	4	PSA 103:15
फूलती	2	2	2	2	PSA 90:6
फूलते	7	7	3	6	PSA 49:6
फूलदार	1	1	1	1	SNG 1:11
फूलना	1	1	1	1	JER 48:29
फूलने	2	2	2	1	EXO 1:7
फूलनेवालों	1	1	1	1	ISA 2:12
फूला	2	2	2	2	EZK 7:10
फूलीं	1	1	1	1	GEN 40:10
फूले	25	25	12	14	GEN 8:17
फूलें-फलें	0	0	0	1	extra_words.txt
फूलेंगे	1	1	1	0	ISA 37:31
फूलेगा	2	2	2	2	NUM 5:27
फूलेगी	1	1	1	1	ISA 35:1
फूलो	6	6	3	1	GEN 1:22
फूलों	12	12	7	15	EXO 22:6
फूस	1	1	1	3	1CO 3:12
फेंक	80	80	30	81	EXO 4:25
फेंककर	6	6	5	7	2KI 3:19
फेंकता	3	3	3	3	2SA 16:13
फेंकते	2	2	2	2	ISA 19:8
फेंकने	5	5	5	6	2SA 16:6
फेंकवा	1	1	1	1	2CH 33:15
फेंका	5	5	5	6	PSA 18:42
फेंकूँगा	3	3	2	3	PSA 60:8
फेंके	2	2	2	3	GEN 27:40
फेंको	1	1	1	1	GEN 35:2
फेंटा	8	8	5	8	1SA 2:4
फेंटे	5	5	4	5	2SA 20:8
फेकें	1	1	1	0	PSA 2:3
फेकेंगे	1	1	1	1	ISA 2:20
फेटा	1	1	1	1	PSA 93:1
फेन	5	5	4	5	PSA 46:3
फेर	72	72	23	68	GEN 19:26
फेरकर	10	10	8	16	1KI 8:14
फेरके	2	2	2	0	1SA 17:30
फेरता	4	4	3	5	JOB 36:7
फेरने	1	1	1	1	NEH 9:26
फेरा	5	5	3	8	2CH 13:14
फेरी	3	3	2	3	1SA 10:9
फेरे	3	3	3	4	PSA 70:3
फेरेंगी	1	1	1	1	1KI 11:2
फेरेगा	4	4	4	5	JOB 39:10
फेरो	1	1	1	1	HEB 12:25
फेलिक्स	9	9	1	14	ACT 23:24
फेस्तुस	13	13	1	14	ACT 24:27
फैल	56	56	27	62	GEN 8:17
फैलकर	2	2	2	2	DEU 28:21
फैलता	9	9	5	12	GEN 28:14
फैलती	5	5	5	5	JOB 8:16
फैलते	1	1	1	1	EXO 1:12
फैलना	2	2	2	2	GEN 11:4
फैलने	4	4	3	4	NUM 16:46
फैलनेवाली	1	1	1	1	EZK 17:6
फैला	23	23	16	26	GEN 11:8
फैलाई	4	4	4	5	1CH 21:14
फैलाऊँ	3	3	3	1	GEN 9:14
फैलाऊँगा	13	13	8	13	EXO 9:29
फैलाए	23	23	15	21	GEN 9:27
फैलाएँ	3	3	3	7	DEU 22:17
फैलाएँगे	1	1	1	1	PSA 68:31
फैलाएगा	5	5	4	4	ISA 25:11
फैलाओ	2	2	1	2	ISA 1:15
फैलाकर	5	5	5	5	DEU 32:11
फैलाता	10	10	5	10	JOB 9:8
फैलाती	1	1	1	1	JOB 39:18
फैलाते	3	3	3	3	PSA 44:20
फैलाना	3	3	3	3	EXO 23:1
फैलाने	9	9	4	9	ISA 28:20
फैलानेवाला	1	1	1	1	ISA 42:5
फैलाया	9	9	7	9	EXO 40:19
फैली	13	13	9	13	LEV 13:5
फैले	13	13	11	13	EXO 25:20
फैलेगी	3	3	3	3	ISA 54:3
फैसला	7	7	4	9	ACT 19:39
फैसले	1	1	1	1	1CO 6:1
फोड़	8	8	6	10	JDG 5:26
फोड़कर	5	5	3	5	1SA 11:2
फोड़ता	1	1	1	1	ISA 59:5
फोड़ने	1	1	1	1	EZK 17:6
फोड़ा	3	3	3	3	LEV 13:18
फोड़े	12	12	7	12	EXO 9:9
फोड़ेगा	1	1	1	1	EZK 12:12
फोड़ों	3	3	3	4	EXO 9:11
फौज	2	2	2	2	ISA 13:4
फौजदारी	1	1	1	1	ACT 16:20
फौजों	1	1	1	1	HEB 11:34
फौलाद	1	1	1	1	EZK 27:19
फ्रूगिया	3	3	1	3	ACT 2:10
बँट	6	6	3	6	GEN 2:10
बँटवा	2	2	2	2	2SA 6:19
बँटवारा	1	1	1	3	DEU 21:16
बँटवारे	1	1	1	1	GEN 48:6
बँधा	5	5	5	1	RUT 2:9
बँधाई	2	2	1	18	1SA 20:8
बँधाऊँगा	1	1	1	1	AMO 8:10
बँधाते	1	1	1	1	JER 23:14
बँधाया	2	2	1	0	DAN 10:18
बँधी	3	3	3	1	JOB 26:10
बँधुआ	11	11	5	11	GEN 42:19
बँधुआई	99	99	20	93	DEU 28:41
बँधुए	7	7	5	7	EXO 12:29
बँधुओं	1	1	1	0	DAN 5:13
बँधे	3	3	3	0	2KI 7:10
बँसी	1	1	1	0	JOB 41:1
बंजर	1	1	1	3	NUM 13:20
बंजारे	0	0	0	1	extra_words.txt
बंद	4	4	4	1	GEN 8:2
बंदकर	1	1	1	0	JDG 18:19
बंदियों	1	1	1	0	ISA 14:17
बंदी	7	7	3	0	2KI 9:8
बंध	6	6	3	0	JDG 16:10
बंधक	1	1	1	0	PRO 20:16
बंधन	2	2	2	2	JDG 15:14
बंधनों	2	2	1	2	EXO 28:25
बंधा	3	3	2	9	MRK 11:2
बंधाई	2	2	2	1	JOS 7:11
बंधी	1	1	1	18	1SA 17:6
बंधेगा	2	2	1	0	MAT 16:19
बंसियों	1	1	1	1	AMO 4:2
बंसी	3	3	3	5	ISA 19:8
बओर	1	1	1	1	2PE 2:15
बक	4	4	2	0	PRO 23:29
बकतर	1	1	1	0	2SA 2:21
बकता	5	5	4	5	2SA 16:7
बकते	2	2	2	2	PSA 94:4
बकना	1	1	1	1	COL 3:8
बकनेवाले	1	1	1	1	ZEP 3:4
बकबक	4	4	3	0	EXO 15:24
बकबक्कर	1	1	1	1	1CH 9:15
बकबुक्याह	3	3	1	3	NEH 11:17
बकबूक	2	2	2	2	EZR 2:51
बकरा	40	40	6	42	LEV 3:12
बकरियाँ	78	78	21	5	GEN 30:39
बकरियों	146	146	24	23	GEN 4:2
बकरी	87	87	16	45	GEN 12:16
बकरे	46	46	11	48	GEN 31:10
बकरो	1	1	1	1	JER 25:34
बकरों	23	23	11	24	GEN 30:35
बकवाद	4	4	3	3	PRO 14:23
बकवादी	7	7	5	9	JOB 11:2
बकवास	2	2	2	2	JOB 40:2
बकवासी	1	1	1	1	MIC 2:6
बकोरत	1	1	1	1	1SA 9:1
बख़्तर	2	2	1	0	EXO 28:32
बखान	4	4	3	5	JOB 28:27
बखानते	1	1	1	1	ISA 3:9
बखारियाँ	1	1	1	1	LUK 12:18
बखारियों	1	1	1	0	JER 50:26
बखेड़ा	1	1	1	1	JAS 3:16
बखेड़े	1	1	1	1	2CO 12:20
बखेरता	1	1	1	1	ISA 28:25
बगीचा	1	1	1	3	MIC 1:6
बगीचे	2	2	2	4	JOB 8:16
बगीचों	1	1	1	1	JOS 24:13
बगुला	0	0	0	1	extra_words.txt
बगुले	2	2	2	2	LEV 11:19
बच	90	90	35	113	GEN 7:23
बचकर	15	15	10	20	GEN 7:3
बचता	7	7	6	8	1SA 25:34
बचती	1	1	1	2	JOB 20:21
बचते	2	2	2	2	JOB 5:11
बचने	17	17	14	21	GEN 7:7
बचपन	18	18	7	17	GEN 8:21
बचा	185	185	39	205	GEN 19:29
बचाई	2	2	2	3	JDG 21:22
बचाऊँ	2	2	2	2	2KI 6:27
बचाऊँगा	8	8	3	11	2KI 19:34
बचाए	31	31	17	31	GEN 19:32
बचाएँ	2	2	2	2	ISA 47:13
बचाएगा	27	27	14	32	1SA 4:8
बचाओ	6	6	4	7	JOB 6:23
बचाओगे	2	2	2	2	JOS 2:13
बचाकर	4	4	3	6	NUM 35:25
बचाता	27	27	11	32	2SA 22:28
बचाते	1	1	1	1	JDG 12:3
बचाना	9	9	6	11	2SA 18:16
बचाने	22	22	13	35	GEN 37:21
बचानेवाला	9	9	7	9	DEU 22:27
बचाया	47	47	22	55	GEN 19:19
बचाव	13	13	7	23	2CH 11:5
बची	14	14	9	17	NUM 5:19
बचूँगा	3	3	2	3	2KI 1:2
बचे	121	121	34	127	GEN 12:13
बचें	1	1	1	1	AMO 9:1
बचेंगी	1	1	1	1	EZK 14:22
बचेंगे	8	8	4	8	ISA 16:14
बचेगा	38	38	16	38	GEN 31:32
बचेगी	4	4	2	6	2KI 20:17
बचोगे	4	4	3	4	JER 25:29
बच्चा	74	74	20	82	GEN 15:9
बच्चियों	2	2	1	2	GEN 21:29
बच्ची	6	6	4	5	GEN 21:28
बच्चे	198	198	38	181	GEN 4:4
बच्चेवाली	1	1	1	1	PSA 78:71
बच्चेवालो	2	2	2	0	EPH 6:4
बच्चो	4	4	2	0	MAT 3:7
बच्चों	178	178	40	146	GEN 27:16
बछड़ा	58	58	15	59	GEN 18:7
बछड़े	93	93	17	95	GEN 18:8
बछड़ों	21	21	12	21	NUM 8:12
बछिया	9	9	4	18	NUM 19:2
बजता	1	1	1	1	JOB 39:25
बजने	1	1	1	1	2CH 29:27
बजनेवाली	1	1	1	1	PSA 81:2
बजवा	1	1	1	0	MAT 6:2
बजवाऊँगा	1	1	1	1	MIC 6:16
बजवाते	1	1	1	1	GEN 31:27
बजा	13	13	7	6	1SA 18:10
बजाई	3	3	3	3	EZK 25:6
बजाऊँगा	1	1	1	1	EZK 21:17
बजाए	1	1	1	1	1SA 16:16
बजाएँ	2	2	2	2	PSA 98:8
बजाएँगे	6	6	4	6	JOB 27:23
बजाएगा	4	4	3	4	1KI 9:8
बजाओ	2	2	1	2	PSA 33:3
बजाकर	16	16	7	10	2KI 11:12
बजाता	4	4	4	4	1SA 16:23
बजाती	2	2	2	2	JDG 11:34
बजाते	28	28	10	31	2SA 6:5
बजाना	3	3	3	2	JDG 5:16
बजाने	9	9	6	6	GEN 4:21
बजानेवाला	2	2	2	2	2KI 3:15
बजानेवाले	8	8	5	61	1SA 16:16
बजानेवालों	5	5	4	6	1CH 16:42
बजाय	0	0	0	4	extra_words.txt
बजाया	1	1	1	1	1CO 14:7
बजारू	1	1	1	0	JOB 30:12
बजेंगी	1	1	1	1	ISA 30:32
बटकर	2	2	2	2	LAM 1:14
बटखरे	6	6	3	6	LEV 19:36
बटखरों	2	2	2	2	PRO 20:23
बटा	2	2	2	2	DAN 2:41
बटी	21	21	2	21	EXO 26:1
बटुआ	3	3	2	3	PRO 1:14
बटुए	3	3	2	2	MRK 6:8
बटुओं	1	1	1	2	ISA 3:22
बटेंगे	1	1	1	1	EZK 37:22
बटेरें	3	3	3	6	EXO 16:13
बटेरों	1	1	1	1	NUM 11:32
बटोर	18	18	11	14	EXO 5:11
बटोरकर	8	8	6	11	NUM 19:9
बटोरके	2	2	1	2	JER 4:6
बटोरता	12	12	6	12	PRO 10:5
बटोरती	2	2	1	2	PRO 6:8
बटोरते	9	9	6	8	NUM 11:8
बटोरन	2	2	1	2	EXO 23:16
बटोरना	4	4	4	4	EXO 16:16
बटोरने	4	4	4	4	EXO 16:27
बटोरा	9	9	5	9	EXO 16:16
बटोरी	1	1	1	2	ZEC 14:14
बटोरूँगा	2	2	1	2	EZK 11:17
बटोरे	5	5	5	4	NUM 19:10
बटोरें	2	2	1	2	EXO 5:12
बटोरेगा	1	1	1	1	DEU 28:38
बटोहियो	2	2	2	0	ISA 21:13
बटोहियों	2	2	2	4	JOB 21:29
बटोही	7	7	6	6	JDG 5:6
बट्टा	1	1	1	1	HOS 12:14
बड़प्पन	0	0	0	2	extra_words.txt
बड़बड़ाता	0	0	0	1	extra_words.txt
बड़बड़ाने	0	0	0	2	extra_words.txt
बड़ा	340	340	52	385	GEN 10:12
बड़ाई	104	104	32	98	JDG 4:9
बड़ी	369	369	46	368	GEN 1:16
बड़े	489	489	50	345	GEN 1:21
बड़ों	2	2	2	2	JHN 8:9
बढ़	84	84	28	87	GEN 6:5
बढ़इयों	4	4	2	4	2KI 12:11
बढ़ई	7	7	6	7	JDG 5:26
बढ़कर	102	102	36	104	GEN 35:21
बढ़के	2	2	2	2	NUM 34:4
बढ़ता	38	38	24	36	GEN 7:17
बढ़ती	51	51	22	50	LEV 25:36
बढ़ते	42	42	25	30	GEN 7:18
बढ़ना	5	5	4	6	2KI 20:10
बढ़ने	16	16	12	17	GEN 6:1
बढ़नेवाली	1	1	1	1	PSA 90:5
बढ़ा	54	54	23	57	GEN 17:20
बढ़ाई	20	20	12	26	DEU 4:34
बढ़ाऊँ	1	1	1	1	EZK 36:37
बढ़ाऊँगा	22	22	10	24	GEN 3:16
बढ़ाए	17	17	12	19	GEN 28:3
बढ़ाएँ	3	3	3	2	EZR 6:12
बढ़ाएँगे	1	1	1	1	ISA 11:14
बढ़ाएगा	18	18	8	21	DEU 7:13
बढ़ाएगी	1	1	1	1	PRO 4:8
बढ़ाओ	1	1	1	0	JER 7:21
बढ़ाकर	76	76	21	81	GEN 3:22
बढ़ाता	15	15	10	18	DEU 33:20
बढ़ाती	4	4	4	4	2SA 22:36
बढ़ाते	9	9	7	9	JOS 8:19
बढ़ाना	9	9	7	9	LEV 25:16
बढ़ाने	9	9	6	11	2SA 1:14
बढ़ानेवाला	2	2	2	2	ECC 12:5
बढ़ाया	45	45	20	50	EXO 8:6
बढ़िया	1	1	1	1	GEN 41:42
बढ़ी	3	3	3	3	JOS 15:2
बढ़ूँगा	1	1	1	1	JOB 40:5
बढ़े	17	17	15	18	GEN 35:11
बढ़ें	3	3	1	3	GEN 1:22
बढ़ेंगे	7	7	6	7	JOB 27:14
बढ़ेगा	1	1	1	1	JER 12:16
बढ़ेगी	3	3	2	3	PRO 3:2
बढ़ो	4	4	2	4	GEN 9:1
बत	13	13	5	13	1KI 7:26
बतला	8	8	6	0	GEN 9:22
बतलाई	1	1	1	0	DEU 17:4
बतलाएँ	1	1	1	0	DEU 17:9
बतलाता	1	1	1	0	ISA 28:26
बतलाना	1	1	1	1	EZK 43:11
बतलाया	5	5	5	0	EXO 4:28
बतशू	1	1	1	0	1CH 2:3
बतशेबा	13	13	3	19	2SA 11:3
बता	126	126	35	134	GEN 24:23
बताई	11	11	9	14	GEN 27:42
बताईं	5	5	4	3	EXO 34:32
बताऊँ	4	4	4	4	GEN 26:2
बताऊँगा	17	17	13	16	GEN 22:2
बताऊँगी	1	1	1	1	PRO 1:23
बताए	26	26	19	23	GEN 41:8
बताएँ	7	7	4	7	DEU 17:11
बताएँगे	3	3	3	2	1SA 25:8
बताएगा	17	17	11	17	DEU 32:7
बताओ	16	16	10	15	GEN 40:8
बताओगे	6	6	4	6	2KI 6:11
बताकर	8	8	6	7	GEN 43:6
बताता	29	29	16	44	1SA 15:16
बताती	1	1	1	3	HOS 4:12
बताते	8	8	5	11	2KI 7:9
बताना	6	6	5	19	JOS 4:22
बताने	11	11	8	14	GEN 40:9
बतानेवाला	4	4	3	5	GEN 40:8
बतानेवाले	4	4	3	4	2SA 18:11
बतानेवालों	3	3	2	3	JDG 14:19
बताया	89	89	26	100	GEN 3:11
बतूएल	10	10	2	10	GEN 22:22
बतूल	1	1	1	1	JOS 19:4
बतोनीम्	1	1	1	1	JOS 13:26
बत्ती	4	4	3	4	ISA 42:3
बत्तीस	13	13	7	13	GEN 11:20
बत्तीसवें	2	2	1	2	NEH 5:14
बत्तीसों	2	2	1	2	1KI 20:16
बत्रब्बीम	1	1	1	1	SNG 7:4
बथोरेन	1	1	1	0	1KI 9:17
बदद	2	2	2	2	GEN 36:35
बदनाम	7	7	7	8	EZK 22:5
बदनामी	6	6	4	4	JER 3:24
बदल	45	45	24	55	GEN 31:7
बदलकर	11	11	8	13	NUM 32:38
बदलता	5	5	5	6	JOB 38:14
बदलती	1	1	1	1	JOB 38:14
बदलते	3	3	3	3	PRO 28:2
बदलना	1	1	1	4	HEB 7:12
बदलने	2	2	2	5	RUT 4:7
बदला	157	157	35	162	GEN 4:15
बदलाव	0	0	0	2	extra_words.txt
बदली	3	3	3	3	JDG 7:19
बदलूँगा	1	1	1	1	PSA 89:34
बदले	154	154	39	162	GEN 4:25
बदलें	1	1	1	1	EZK 48:14
बदलेगा	1	1	1	2	PSA 102:26
बदान	2	2	2	2	1SA 12:11
बधाई	2	2	2	2	2SA 8:10
बन	153	153	42	167	GEN 2:7
बनकर	24	24	17	26	LEV 21:9
बनके	3	3	3	2	GEN 42:7
बनजारे	1	1	1	0	JOB 6:19
बनता	7	7	5	7	2SA 22:27
बनती	3	3	3	4	PSA 32:4
बनते	8	8	7	8	EXO 1:7
बनना	6	6	5	11	EXO 22:31
बनने	5	5	5	11	2CH 24:27
बननेवाला	1	1	1	1	1CH 22:19
बननेवाले	1	1	1	1	JER 15:2
बनवा	18	18	13	19	EXO 32:23
बनवाई	19	19	10	24	EXO 32:5
बनवाईं	11	11	2	10	1KI 10:12
बनवाऊँ	1	1	1	1	2SA 24:21
बनवाए	21	21	7	23	EXO 24:4
बनवाएगा	7	7	4	7	EXO 26:18
बनवाकर	25	25	11	26	GEN 41:14
बनवाता	2	2	2	2	NEH 6:6
बनवाते	1	1	1	1	ISA 46:6
बनवाना	60	60	2	60	EXO 5:8
बनवाने	5	5	4	5	2SA 12:4
बनवाया	20	20	10	22	GEN 37:3
बना	433	433	53	437	GEN 2:22
बनाई	86	86	24	94	GEN 8:20
बनाईं	22	22	7	20	GEN 1:16
बनाऊँ	10	10	8	10	DEU 31:28
बनाऊँगा	33	33	13	36	GEN 2:18
बनाऊँगी	1	1	1	1	GEN 27:9
बनाए	155	155	38	169	GEN 3:1
बनाएँ	20	20	15	23	GEN 1:26
बनाएँगे	15	15	11	16	NUM 32:16
बनाएगा	23	23	12	25	DEU 16:21
बनाएगी	2	2	2	1	1KI 14:5
बनाओ	19	19	15	19	EXO 5:16
बनाओगे	3	3	3	3	ISA 66:1
बनाकर	106	106	31	136	GEN 1:7
बनाके	2	2	2	0	GEN 39:4
बनाता	39	39	16	55	EXO 4:11
बनाती	6	6	5	11	1KI 14:6
बनाते	23	23	13	23	NUM 11:8
बनाना	45	45	16	61	GEN 2:1
बनानी	1	1	1	1	EXO 5:8
बनाने	72	72	23	88	GEN 6:6
बनानेवाला	11	11	5	14	JOB 9:9
बनानेवाली	1	1	1	0	JER 22:23
बनानेवाले	12	12	11	13	2KI 12:11
बनानेवालों	6	6	5	6	1KI 8:47
बनाया	273	273	40	328	GEN 1:16
बनायाह	44	44	6	45	2SA 8:18
बनाये	2	2	2	9	1CH 17:10
बनावट	18	18	6	20	EXO 28:8
बनावाईं	1	1	1	0	1KI 10:17
बनी	111	111	35	117	GEN 6:8
बनीं	23	23	3	23	EXO 36:22
बनीन	1	1	1	0	NEH 10:13
बनूँ	4	4	4	4	GEN 39:9
बनूँगा	5	5	5	5	EXO 23:22
बने	155	155	44	169	GEN 2:24
बनें	14	14	9	17	EXO 25:20
बनेंगी	1	1	1	1	EZK 37:19
बनेंगे	5	5	4	5	PRO 3:22
बनेगा	9	9	9	10	GEN 20:16
बनेबराक	1	1	1	1	JOS 19:45
बनैला	1	1	1	0	GEN 37:20
बनैली	2	2	1	1	DEU 14:5
बनैले	24	24	9	0	GEN 2:19
बनो	37	37	19	42	GEN 42:22
बनोगे	1	1	1	2	PSA 94:8
बन्द	178	178	35	174	GEN 7:16
बन्दर	2	2	2	2	1KI 10:22
बन्दरगाह	4	4	3	6	GEN 49:13
बन्दियो	2	2	2	0	JER 29:20
बन्दियों	47	47	18	49	GEN 14:16
बन्दी	104	104	24	116	GEN 14:14
बन्दीगृह	65	65	14	76	GEN 39:20
बन्दोबस्त	1	1	1	1	GEN 47:22
बन्ध	4	4	4	8	PSA 119:61
बन्धक	23	23	11	23	GEN 38:23
बन्धन	38	38	17	44	GEN 14:23
बन्धनों	13	13	8	16	EXO 39:7
बन्धवाया	1	1	1	1	MRK 15:1
बन्धा	8	8	6	9	GEN 38:30
बन्धाई	13	13	7	1	JOS 24:25
बन्धाएँ	1	1	1	1	GEN 26:28
बन्धाया	4	4	4	6	JOS 23:16
बन्धी	16	16	12	0	GEN 9:15
बन्धु	4	4	2	0	GEN 9:5
बन्धुआ	2	2	2	9	NUM 21:1
बन्धुओं	10	10	3	0	GEN 9:25
बन्धे	5	5	4	0	2CH 16:3
बन्याह	1	1	1	0	EZR 10:36
बन्सी	1	1	1	0	HAB 1:15
बपतिस्मा	100	100	11	119	MAT 3:1
बपतिस्मों	1	1	1	0	HEB 6:2
बबूल	28	28	3	28	EXO 25:5
बयंहत्था	0	0	0	1	extra_words.txt
बयंहत्थे	0	0	0	1	extra_words.txt
बयान	1	1	1	1	ROM 8:26
बयाना	1	1	1	1	EPH 1:14
बयाने	2	2	1	2	2CO 1:22
बयार	3	3	1	1	PSA 55:8
बयालीस	13	13	6	13	NUM 35:6
बयासी	2	2	1	2	GEN 5:26
बर	1	1	1	0	ACT 1:23
बरअब्बा	11	11	4	12	MAT 27:16
बरछी	3	3	2	4	NUM 25:7
बरछे	1	1	1	1	JHN 19:34
बरतन	18	18	8	1	2KI 4:3
बरतनों	7	7	6	8	RUT 2:9
बरताव	1	1	1	0	JOB 19:3
बरतिमाई	1	1	1	2	MRK 10:46
बरतुल्मै	4	4	4	4	MAT 10:3
बरनबास	28	28	4	37	ACT 4:36
बरफ	2	2	1	0	JOB 6:16
बरबस	15	15	7	19	GEN 38:29
बरबाद	1	1	1	0	DEU 32:25
बरस	5	5	2	2	JOB 38:34
बरसना	2	2	1	3	EXO 9:28
बरसने	4	4	4	3	EXO 9:23
बरसनेवाले	1	1	1	0	PSA 72:6
बरसब्बा	1	1	1	0	ACT 15:22
बरसा	11	11	8	9	1KI 8:36
बरसाई	2	2	2	2	GEN 19:24
बरसाऊँगा	5	5	4	7	EXO 9:18
बरसाए	3	3	3	0	EXO 9:23
बरसाएँ	1	1	1	5	ISA 5:6
बरसाएगा	6	6	6	6	DEU 28:24
बरसाकर	3	3	3	3	JOB 38:26
बरसात	10	10	8	11	DEU 11:14
बरसाता	4	4	4	4	GEN 7:4
बरसाते	1	1	1	1	JOB 36:28
बरसाया	7	7	6	7	GEN 2:5
बरसी	1	1	1	1	LUK 17:29
बरसे	2	2	2	2	JAS 5:17
बरसेगा	2	2	2	3	DEU 32:2
बरसेगी	1	1	1	1	DEU 28:24
बरसों	1	1	1	0	2CH 14:6
बराका	3	3	2	3	1CH 12:3
बरातियों	2	2	2	0	MRK 2:19
बराती	1	1	1	0	MAT 9:15
बराबर	61	61	28	72	GEN 29:20
बराबरी	6	6	4	6	JOB 28:16
बरायाह	1	1	1	1	1CH 8:21
बरीआ	11	11	3	11	GEN 46:17
बरीइयों	1	1	1	0	NUM 26:44
बरेक्याह	1	1	1	0	NEH 3:4
बरोती	1	1	1	0	1CH 11:39
बरोदकबलदान	1	1	1	0	2KI 20:12
बरौतै	1	1	1	0	2SA 8:8
बर्कोस	2	2	2	2	EZR 2:53
बर्छा	2	2	1	2	JOS 8:18
बर्छियाँ	2	2	1	2	NEH 4:13
बर्छियों	2	2	2	2	1KI 18:28
बर्छी	10	10	7	9	JDG 5:8
बर्छे	6	6	6	6	JOS 8:18
बर्जिल्लै	12	12	4	13	2SA 17:27
बर्तन	22	22	11	41	EXO 27:19
बर्तनों	2	2	2	1	ISA 65:4
बर्ताव	51	51	20	58	GEN 34:31
बर्फ	5	5	5	8	2SA 23:20
बर्बर	0	0	0	1	extra_words.txt
बर्बाद	0	0	0	1	extra_words.txt
बर्बादी	0	0	0	1	extra_words.txt
बर्रे	1	1	1	1	DEU 7:20
बर्रों	2	2	2	3	EXO 23:28
बल	244	244	38	282	GEN 3:14
बलदान	3	3	2	3	2KI 20:12
बलन्वत	1	1	1	0	EZK 34:16
बलपूर्वक	7	7	6	6	GEN 21:25
बलमूल	2	2	2	2	1SA 15:29
बलवई	1	1	1	0	EZK 24:3
बलवन्त	81	81	33	102	GEN 30:41
बलवन्तों	3	3	2	3	PSA 35:10
बलवा	67	67	22	83	NUM 14:9
बलवाइयों	3	3	3	2	ISA 1:28
बलवान	20	20	11	26	DEU 2:21
बलवानों	6	6	4	7	JOB 5:15
बलवान्	5	5	3	0	NUM 13:18
बलवे	4	4	3	4	MRK 15:7
बलवैयों	1	1	1	1	JER 48:45
बलवों	1	1	1	1	LUK 21:9
बलसान	9	9	4	9	GEN 37:25
बलहीन	5	5	4	6	PSA 88:4
बला	3	3	2	3	ECC 5:13
बलात्कारियों	2	2	1	1	JOB 24:22
बलात्कारी	1	1	1	0	JOB 15:20
बलास्तुस	1	1	1	1	ACT 12:20
बलि	118	118	23	135	GEN 22:10
बलिदान	103	103	25	136	GEN 46:1
बलिदानों	15	15	10	16	DEU 32:38
बलिपशु	6	6	4	7	EXO 12:46
बलिपशुओं	2	2	2	2	LEV 17:7
बलियाल	1	1	1	1	2CO 6:15
बलियों	3	3	3	6	LEV 7:7
बलिष्ठ	3	3	2	3	JDG 5:22
बली	9	9	7	0	DEU 4:34
बल्ली	2	2	1	2	2KI 6:2
बवंडर	2	2	1	7	2KI 2:1
बवण्डर	19	19	10	19	JOB 21:18
बवन्डर	2	2	1	0	PSA 83:13
बवासीर	1	1	1	1	DEU 28:27
बव्वै	1	1	1	1	NEH 3:18
बस	44	44	19	53	GEN 11:2
बसकर	2	2	2	2	DEU 17:14
बसता	1	1	1	1	ROM 8:9
बसते	2	2	2	2	EXO 9:26
बसना	2	2	1	4	PSA 120:5
बसने	16	16	10	16	LEV 25:29
बसनेवाला	2	2	1	2	JER 2:15
बसनेवाली	1	1	1	1	ISA 12:6
बसनेवाले	2	2	2	2	ISA 20:6
बसनेवालो	1	1	1	1	ISA 26:19
बसलीत	1	1	1	1	NEH 7:54
बसलूत	1	1	1	1	EZR 2:52
बसलेल	9	9	4	11	EXO 31:2
बसा	51	51	26	54	GEN 16:12
बसाई	5	5	4	5	JOB 37:12
बसाऊँगा	12	12	7	11	NUM 14:30
बसाए	12	12	6	13	EXO 1:21
बसाएँ	2	2	2	2	2CH 14:7
बसाएँगे	5	5	3	4	NUM 32:16
बसाएगा	6	6	4	6	EXO 15:17
बसाओ	1	1	1	1	NUM 32:24
बसाकर	2	2	2	2	JOS 19:50
बसाता	2	2	1	2	PSA 68:6
बसाती	1	1	1	1	ISA 50:2
बसाते	1	1	1	0	PSA 38:5
बसाने	5	5	4	2	EXO 7:18
बसाया	34	34	21	36	GEN 4:17
बसी	17	17	10	17	NUM 23:9
बसूँ	1	1	1	1	PSA 139:9
बसूँगा	1	1	1	1	2CO 6:16
बसूला	1	1	1	1	ISA 44:12
बसूली	1	1	1	1	1KI 6:7
बसूले	1	1	1	1	JER 10:3
बसे	59	59	18	62	GEN 9:27
बसें	1	1	1	1	NEH 11:1
बसेंगे	11	11	5	11	ISA 13:21
बसेगा	8	8	4	8	GEN 30:3
बसेगी	3	3	2	3	MIC 4:10
बसेरा	19	19	12	19	EXO 10:14
बसेरे	3	3	3	3	JOB 29:18
बसो	3	3	1	3	JER 48:28
बसोगे	2	2	2	2	NUM 33:55
बसोदयाह	1	1	1	1	NEH 3:6
बसोर	3	3	1	3	1SA 30:9
बस्तियाँ	7	7	6	7	NUM 32:41
बस्तियों	14	14	11	14	NUM 13:19
बस्ती	6	6	5	6	1SA 27:5
बह	29	29	18	31	1KI 18:35
बहँगे	1	1	1	1	ISA 9:4
बहक	3	3	3	7	JOB 31:7
बहककर	4	4	3	0	DEU 4:19
बहकर	5	5	5	6	GEN 2:10
बहका	6	6	5	9	GEN 3:13
बहकाऊँगी	2	2	2	2	1KI 22:21
बहकाए	2	2	2	2	2KI 18:32
बहकाएँगी	1	1	1	1	DEU 7:4
बहकाएगा	2	2	2	2	1KI 22:20
बहकाते	1	1	1	1	LUK 23:2
बहकाना	2	2	2	2	1KI 22:22
बहकाने	5	5	4	5	DEU 13:5
बहकानेवाला	1	1	1	1	LUK 23:14
बहकानेवाले	1	1	1	1	2TI 3:13
बहकाया	7	7	7	7	ISA 47:10
बहकावे	0	0	0	1	extra_words.txt
बहके	1	1	1	1	PSA 44:18
बहता	9	9	6	11	LEV 15:3
बहती	36	36	18	39	GEN 2:14
बहते	17	17	6	14	GEN 26:19
बहत्तर	7	7	3	7	NUM 31:33
बहना	3	3	3	3	LEV 15:3
बहने	15	15	13	16	EXO 14:26
बहनेवाले	1	1	1	3	ISA 8:6
बहरा	0	0	0	4	extra_words.txt
बहरापन	0	0	0	1	extra_words.txt
बहरी	0	0	0	1	extra_words.txt
बहरीमवासी	1	1	1	0	2SA 17:18
बहरे	2	2	2	8	PSA 38:13
बहरों	0	0	0	4	extra_words.txt
बहलाऊँ	1	1	1	1	ECC 2:3
बहलाते	1	1	1	1	PRO 7:18
बहलाने	1	1	1	1	JOB 41:5
बहलानेवालों	1	1	1	1	JER 15:17
बहस	2	2	1	0	JOB 13:6
बहा	23	23	12	21	JOS 3:15
बहाई	7	7	5	7	GEN 8:1
बहाऊँ	1	1	1	1	EZK 14:19
बहाऊँगा	6	6	2	6	ISA 41:18
बहाए	2	2	2	2	JER 9:18
बहाएगा	1	1	1	1	GEN 9:6
बहाओ	2	2	2	2	GEN 37:22
बहाकर	13	13	10	11	EXO 10:19
बहाता	5	5	3	6	JOB 16:13
बहाती	1	1	1	1	LAM 2:18
बहाते	6	6	5	5	PSA 126:5
बहादुर	1	1	1	1	ISA 5:22
बहाना	4	4	4	5	EZK 24:16
बहाने	13	13	9	15	LEV 17:4
बहानेवाला	1	1	1	6	LEV 17:4
बहानेवाली	1	1	1	1	EZK 16:38
बहानेवाले	1	1	1	2	PRO 6:17
बहाया	18	18	10	20	GEN 9:6
बहाल	1	1	1	1	PSA 19:7
बहिन	109	109	27	0	GEN 4:22
बहिनें	6	6	5	0	1CH 2:16
बहिनों	15	15	8	0	JOS 2:13
बहिरा	3	3	2	0	EXO 4:11
बहिरी	1	1	1	0	MRK 9:25
बहिरे	6	6	6	0	LEV 19:14
बहिरो	1	1	1	0	ISA 42:18
बहिरों	2	2	2	0	ISA 35:5
बहिष्कार	0	0	0	1	extra_words.txt
बहिष्कृत	0	0	0	4	extra_words.txt
बहिष्कृतों	0	0	0	1	extra_words.txt
बही	4	4	2	2	PSA 114:3
बहुएँ	3	3	2	3	GEN 8:18
बहुओं	8	8	2	8	GEN 6:18
बहुत	1097	1097	61	1181	GEN 1:20
बहुतायत	63	63	28	73	GEN 7:21
बहुतेरी	2	2	2	2	DEU 28:12
बहुतेरे	11	11	8	0	JDG 9:40
बहुतेरों	5	5	4	2	NEH 7:2
बहुतों	79	79	27	84	EXO 23:2
बहुपत्नी	0	0	0	1	extra_words.txt
बहुमुखी	0	0	0	1	extra_words.txt
बहुमूल्य	27	27	17	36	1KI 7:10
बहुमोल	1	1	1	0	1TI 2:9
बहुरीम	1	1	1	0	2SA 19:16
बहुरीमी	1	1	1	0	1KI 2:8
बहुवचन	0	0	0	1	extra_words.txt
बहू	17	17	10	18	GEN 11:31
बहूरीम	3	3	2	3	2SA 3:16
बहूरीमवासी	0	0	0	1	extra_words.txt
बहूरीमी	1	1	1	3	2SA 23:31
बहे	2	2	2	2	EZK 47:9
बहेंगी	1	1	1	1	EZK 32:14
बहेगा	2	2	2	3	ISA 8:7
बहेगी	2	2	2	2	JER 4:12
बहेलिये	2	2	2	3	PSA 91:3
बहेलियों	1	1	1	1	JER 16:16
बाँका	1	1	1	2	LUK 21:18
बाँग	13	13	4	13	MAT 26:34
बाँझ	16	16	9	20	GEN 11:30
बाँझपन	0	0	0	2	extra_words.txt
बाँट	56	56	26	61	GEN 49:27
बाँटकर	3	3	3	3	GEN 33:1
बाँटता	1	1	1	2	JOB 31:2
बाँटते	1	1	1	1	PSA 22:18
बाँटना	3	3	2	5	NEH 13:13
बाँटने	4	4	3	6	NUM 34:18
बाँटनेवाला	1	1	1	1	LUK 12:14
बाँटा	8	8	8	10	NUM 26:55
बाँटी	2	2	2	2	1CH 1:19
बाँटे	5	5	3	5	NUM 26:56
बाँटें	1	1	1	1	EXO 21:35
बाँटेंगे	3	3	3	2	NUM 34:17
बाँटो	1	1	1	1	EZK 45:1
बाँध	84	84	31	78	GEN 22:9
बाँधकर	93	93	32	105	GEN 14:15
बाँधता	16	16	8	21	GEN 6:18
बाँधते	10	10	6	10	NEH 9:38
बाँधना	18	18	9	21	EXO 23:32
बाँधने	12	12	11	15	NUM 30:2
बाँधनेवाला	2	2	2	2	PSA 129:7
बाँधनेवाले	7	7	3	7	1CH 12:33
बाँधा	35	35	18	42	GEN 49:11
बाँधी	105	105	27	116	GEN 9:17
बाँधीं	1	1	1	0	LUK 10:34
बाँधूँ	1	1	1	0	2CH 29:10
बाँधूँगा	19	19	8	20	GEN 17:2
बाँधे	62	62	27	69	GEN 14:13
बाँधें	5	5	5	2	GEN 31:44
बाँधेंगे	5	5	5	5	2SA 16:21
बाँधेगा	6	6	6	9	JOB 41:4
बाँधेगी	1	1	1	1	PRO 4:9
बाँधो	22	22	13	18	NUM 32:20
बाँधोगे	1	1	1	1	MAT 18:18
बाँयें	1	1	1	0	1KI 22:19
बाँस	53	53	2	53	ISA 9:4
बाँसली	4	4	3	0	ISA 5:12
बाँसुरी	4	4	3	16	GEN 4:21
बाँसुलियाँ	1	1	1	1	EZK 28:13
बाँसुली	8	8	5	0	1SA 10:5
बाँह	11	11	7	13	GEN 49:24
बाँहें	1	1	1	0	2SA 22:35
बाँहों	3	3	3	2	JDG 15:14
बांज	20	20	10	24	GEN 12:6
बांजवृक्ष	12	12	6	0	JOS 24:26
बांजवृक्षों	2	2	2	11	ISA 2:14
बांझ	1	1	1	0	PRO 30:16
बांध	1	1	1	0	MAT 12:29
बांधने	1	1	1	0	JOS 9:16
बांसुली	1	1	1	0	PSA 150:4
बाइस	2	2	2	1	JDG 7:3
बाईं	34	34	18	32	GEN 13:9
बाईस	24	24	10	25	NUM 3:39
बाईसवीं	2	2	1	2	1CH 24:17
बाएँ	27	27	16	26	GEN 48:13
बाकी	28	28	12	33	GEN 47:24
बाग	1	1	1	1	ECC 2:5
बागडोर	1	1	1	1	1KI 22:34
बाग़े	1	1	1	1	EZK 26:16
बागा	14	14	8	13	EXO 28:4
बागे	15	15	6	15	EXO 28:31
बागों	1	1	1	1	DAN 3:21
बाज	3	3	3	3	LEV 11:14
बाजरा	1	1	1	1	EZK 4:9
बाज़ारों	1	1	1	0	PRO 1:21
बाजार	5	5	5	6	JOB 18:17
बाजारू	1	1	1	0	ACT 17:5
बाजारों	11	11	4	11	JER 6:11
बाजीगर	1	1	1	1	DEU 18:11
बाजुओं	7	7	4	7	EXO 30:3
बाजू	5	5	4	6	EXO 21:6
बाजूबन्द	3	3	2	3	GEN 38:18
बाजे	12	12	7	14	1SA 18:6
बाजों	9	9	5	14	GEN 4:21
बाट	97	97	30	69	GEN 49:18
बाटिका	1	1	1	0	1KI 21:2
बाड़	11	11	2	11	EXO 25:11
बाड़ा	12	12	9	13	EXO 19:12
बाड़े	8	8	5	8	PSA 62:3
बाड़ों	7	7	6	7	GEN 49:14
बाढ़	17	17	6	18	JOB 14:19
बाढ़ें	2	2	1	2	MAT 7:25
बात	870	870	60	977	GEN 3:17
बातचीत	28	28	17	39	GEN 29:9
बातें	867	867	56	920	GEN 11:4
बातों	420	420	52	459	GEN 15:1
बाद	399	399	43	495	GEN 16:13
बादल	118	118	29	128	GEN 9:13
बादलों	20	20	10	22	JOB 20:6
बादवाले	1	1	1	1	JOB 21:21
बादाम	9	9	5	11	GEN 30:37
बादामी	2	2	1	2	ZEC 6:3
बाधक	0	0	0	2	extra_words.txt
बाधाएँ	0	0	0	3	extra_words.txt
बाधाओं	0	0	0	2	extra_words.txt
बाधित	0	0	0	1	extra_words.txt
बाध्य	0	0	0	1	extra_words.txt
बाध्यकारी	0	0	0	1	extra_words.txt
बानवे	2	2	2	2	EZR 2:58
बाना	12	12	5	3	2SA 4:2
बानी	15	15	4	16	2SA 23:36
बाने	9	9	1	9	LEV 13:48
बान्धना	1	1	1	0	DEU 25:4
बान्धा	2	2	1	0	NUM 30:4
बाप	23	23	11	12	NUM 32:14
बापदादे	9	9	4	3	GEN 47:9
बापदादों	42	42	12	12	GEN 47:30
बापू	1	1	1	1	ISA 8:4
बाबेल	1	1	1	365	PSA 87:4
बाबेलवासियों	0	0	0	1	extra_words.txt
बाबेली	1	1	1	3	EZR 4:9
बामा	1	1	1	1	EZK 20:29
बामोत	2	2	1	2	NUM 21:19
बामोतबाल	1	1	1	1	JOS 13:17
बायाँ	7	7	6	8	GEN 48:14
बायीं	2	2	2	3	ISA 9:20
बायें	3	3	3	1	1SA 6:12
बार	274	274	46	345	GEN 18:32
बारकेल	2	2	1	2	JOB 32:2
बारबार	2	2	1	0	PSA 78:38
बारम्बार	3	3	2	3	PSA 106:43
बारह	164	164	24	184	GEN 5:8
बारहमासी	2	2	2	2	DEU 21:4
बारहवाँ	1	1	1	0	1CH 27:15
बारहवीं	4	4	3	4	1KI 19:19
बारहवें	17	17	8	17	NUM 7:78
बारहों	29	29	12	28	GEN 49:28
बारा	1	1	1	1	1CH 8:8
बाराक	14	14	2	16	JDG 4:6
बारातियों	0	0	0	2	extra_words.txt
बारियाँ	24	24	13	24	DEU 6:11
बारियों	36	36	14	37	EXO 23:11
बारी	131	131	25	128	GEN 3:10
बारीक	1	1	1	1	EXO 30:36
बारीह	1	1	1	1	1CH 3:22
बारूक	27	27	2	32	NEH 3:20
बारे	1	1	1	43	ACT 1:26
बाल	249	249	36	185	GEN 34:29
बालक	106	106	22	113	GEN 3:16
बालकपन	0	0	0	1	extra_words.txt
बालको	14	14	7	0	PSA 148:12
बालकों	45	45	19	62	EXO 10:24
बालगाद	3	3	1	3	JOS 11:17
बालजबूब	4	4	1	0	2KI 1:2
बालज़बूल	2	2	2	1	MAT 12:24
बालतामार	1	1	1	1	JDG 20:33
बालत्बेर	1	1	1	1	JOS 19:8
बालपरासीम	4	4	2	4	2SA 5:20
बालपोर	4	4	2	6	NUM 25:3
बालबरीत	2	2	1	0	JDG 8:33
बालमोन	2	2	2	3	NUM 32:38
बालवाले	6	6	5	0	LEV 19:32
बालशालीशा	1	1	1	1	2KI 4:42
बालसपोन	3	3	2	0	EXO 14:2
बालहेर्मोन	1	1	1	2	JDG 3:3
बाला	6	6	2	6	JOS 15:9
बालाक	43	43	5	45	NUM 22:2
बालात	3	3	3	3	JOS 19:44
बालियाँ	7	7	4	8	EXO 32:2
बालियों	1	1	1	1	EXO 32:3
बालिश्त	1	1	1	1	PSA 39:5
बाली	2	2	2	2	JOB 42:11
बालीस	1	1	1	1	JER 40:14
बालू	29	29	19	0	GEN 22:17
बाले	1	1	1	1	2SA 6:2
बालें	18	18	10	19	GEN 41:5
बालों	24	24	10	25	GEN 41:7
बालोत	1	1	1	1	JOS 15:24
बाल्मोन	1	1	1	0	1CH 5:8
बाल्यावस्था	2	2	2	2	LEV 22:13
बाल्याह	1	1	1	1	1CH 12:5
बाल्हानान	5	5	2	5	GEN 36:38
बाल्हामोन	1	1	1	1	SNG 8:11
बाल्हासोर	1	1	1	1	2SA 13:23
बाल्हेर्मोन	1	1	1	0	1CH 5:23
बावजूद	0	0	0	2	extra_words.txt
बावन	10	10	5	10	NUM 26:34
बावनवें	1	1	1	1	2KI 15:27
बावला	5	5	5	6	1SA 21:14
बावलापन	5	5	2	5	1SA 21:15
बावली	1	1	1	1	2KI 10:14
बावले	4	4	2	3	PSA 102:8
बावलेपन	3	3	2	3	ECC 1:17
बावलों	1	1	1	1	1SA 21:15
बाशमत	1	1	1	0	GEN 26:34
बाशा	28	28	4	33	1KI 15:16
बाशान	55	55	15	59	NUM 21:33
बासठ	8	8	4	8	GEN 5:18
बासमत	6	6	2	7	GEN 36:3
बासान	2	2	2	0	JOS 22:7
बासेयाह	2	2	1	2	1CH 6:40
बाहर	357	357	38	367	GEN 4:13
बाहरवाला	1	1	1	0	1CO 14:24
बाहरवाली	1	1	1	1	1KI 6:30
बाहरवाले	1	1	1	2	1CO 14:23
बाहरवालों	7	7	6	8	NUM 23:13
बाहरी	36	36	7	60	LEV 25:23
बाहुबल	8	8	5	11	DEU 32:27
बाहें	2	2	2	2	JOB 22:9
बाहेब	1	1	1	0	NUM 21:14
बाहों	1	1	1	2	PSA 18:34
बिक	6	6	5	6	LEV 25:48
बिकता	1	1	1	1	1CO 10:25
बिकतान	1	1	1	0	EST 2:21
बिकतीं	2	2	2	0	MAT 10:29
बिकने	5	5	2	5	LEV 25:27
बिकवा	1	1	1	1	JOL 3:8
बिका	1	1	1	1	ROM 7:14
बिकाऊ	3	3	3	3	DEU 28:68
बिकी	1	1	1	1	ACT 4:34
बिके	1	1	1	1	DEU 15:12
बिकेंगे	1	1	1	1	NEH 5:8
बिकेगा	2	2	1	2	2KI 7:1
बिक्री	8	8	1	9	2SA 20:1
बिखर	1	1	1	1	EZK 36:19
बिखरने	1	1	1	1	LEV 21:10
बिखरा	1	1	1	0	DAN 4:14
बिखराए	1	1	1	2	NUM 5:18
बिखराओ	1	1	1	2	LEV 10:6
बिखरे	2	2	2	3	LEV 13:45
बिखेर	3	3	3	3	EZK 10:2
बिखेरता	3	3	3	3	PSA 147:16
बिखेरा	1	1	1	1	2CO 9:9
बिगड़	20	20	13	23	GEN 6:11
बिगड़कर	3	3	2	3	DEU 4:16
बिगड़ता	2	2	2	3	JOB 35:6
बिगड़ते	1	1	1	1	2TI 3:13
बिगड़ा	2	2	2	2	ISA 52:14
बिगड़ी	3	3	3	3	GEN 6:12
बिगड़े	7	7	5	6	PRO 2:15
बिगता	1	1	1	1	EST 1:10
बिगताना	1	1	1	2	EST 6:2
बिगवै	3	3	1	6	EZR 2:2
बिगाड़	13	13	11	13	GEN 6:12
बिगाड़कर	2	2	2	2	JOB 14:20
बिगाड़ता	3	3	3	2	PRO 11:9
बिगाड़ती	1	1	1	1	SNG 2:15
बिगाड़ते	6	6	5	6	1SA 8:3
बिगाड़ना	6	6	5	6	EXO 23:6
बिगाड़ने	4	4	3	4	EXO 23:2
बिगाड़नेवाले	2	2	2	2	PRO 18:9
बिगाड़नेवालो	1	1	1	0	AMO 5:7
बिगाड़नेवालों	0	0	0	1	extra_words.txt
बिगाड़ा	10	10	7	10	GEN 20:9
बिगाड़े	1	1	1	1	DEU 27:19
बिगाड़ें	1	1	1	1	ISA 10:2
बिगाड़ेंगे	1	1	1	1	EZK 28:7
बिग्वै	3	3	1	0	NEH 7:7
बिचकाते	1	1	1	1	PSA 22:7
बिचली	0	0	0	2	extra_words.txt
बिचवई	4	4	3	5	JOB 9:33
बिच्छुओं	8	8	5	9	1KI 12:11
बिच्छू	11	11	9	11	DEU 8:15
बिछड़	0	0	0	1	extra_words.txt
बिछा	2	2	2	2	JOB 17:13
बिछाईं	1	1	1	1	MAT 21:8
बिछाऊँ	1	1	1	1	PSA 139:8
बिछाए	3	3	3	3	PRO 7:16
बिछाएँ	1	1	1	1	NUM 4:13
बिछाकर	5	5	2	5	NUM 4:7
बिछाता	1	1	1	2	PSA 23:5
बिछाते	2	2	2	2	PSA 38:12
बिछाना	1	1	1	1	ISA 58:5
बिछाया	7	7	4	10	2SA 17:19
बिछाये	1	1	1	1	2SA 21:10
बिछी	1	1	1	1	EZK 23:41
बिछुड़	1	1	1	0	HOS 8:9
बिछौना	10	10	7	8	2CH 22:11
बिछौने	28	28	13	30	GEN 49:4
बिछौनों	2	2	2	2	PSA 149:5
बिजता	1	1	1	1	EST 1:10
बिजलियाँ	5	5	2	6	PSA 18:14
बिजलियों	2	2	1	2	PSA 78:48
बिजली	31	31	12	34	EXO 19:16
बिज्जू	1	1	1	2	PRO 30:26
बिज्योत्या	1	1	1	1	JOS 15:28
बिठाए	1	1	1	0	1SA 2:8
बिठाता	1	1	1	0	JOB 5:11
बिठाया	1	1	1	0	JOB 38:6
बितर	97	97	30	3	GEN 49:7
बिता	3	3	2	4	GEN 47:9
बिताई	6	6	4	6	GEN 24:54
बिताएँ	5	5	5	5	JDG 19:13
बिताएँगे	3	3	3	3	GEN 19:2
बिताओ	2	2	2	2	JOL 1:13
बिताता	2	2	2	2	2SA 17:8
बिताते	8	8	7	8	1CH 9:27
बिताना	2	2	2	2	ECC 9:9
बितानी	1	1	1	1	ISA 21:13
बिताने	1	1	1	2	GEN 28:11
बिताया	2	2	2	3	NEH 4:22
बितूनिया	1	1	1	2	ACT 16:7
बित्तर	2	2	1	0	1KI 14:15
बित्ता	3	3	2	3	EXO 39:9
बित्ते	2	2	2	1	EXO 28:16
बित्या	1	1	1	1	1CH 4:18
बित्रोन	1	1	1	1	2SA 2:29
बिथुनिया	1	1	1	0	1PE 1:1
बिदकर	1	1	1	1	2KI 9:25
बिधकर	1	1	1	1	ISA 14:19
बिन	22	22	12	24	LEV 25:5
बिना	239	239	41	298	GEN 2:16
बिनाई	1	1	1	1	ISA 17:6
बिनो	2	2	1	2	1CH 24:26
बिन्दु	2	2	2	2	MAT 5:18
बिन्नई	1	1	1	0	NEH 10:9
बिन्नूई	6	6	2	7	EZR 8:33
बिन्यामीन	109	109	23	126	GEN 35:18
बिन्यामीनगोत्री	1	1	1	1	NUM 34:21
बिन्यामीनियो	2	2	2	0	1SA 22:7
बिन्यामीनियों	42	42	7	45	NUM 7:60
बिन्यामीनी	28	28	8	31	NUM 26:41
बिम्हाल	1	1	1	1	1CH 7:33
बियाती	2	2	1	2	JOB 21:10
बियाने	1	1	1	1	JOB 39:2
बियारी	1	1	1	1	1CO 11:25
बिरंगे	2	2	1	0	EZK 16:16
बिरनीके	3	3	1	3	ACT 25:13
बिराजनेवाला	0	0	0	1	extra_words.txt
बिराने	1	1	1	2	EZK 44:7
बिरिक्याह	1	1	1	1	MAT 23:35
बिरीया	3	3	1	5	ACT 17:10
बिर्जोत	1	1	1	1	1CH 7:31
बिर्शा	1	1	1	1	GEN 14:2
बिल	2	2	1	2	ISA 11:8
बिलक	1	1	1	0	JER 31:15
बिलककर	1	1	1	0	JER 31:15
बिलकुल	18	18	10	14	EXO 22:17
बिलख	9	9	5	0	1SA 1:10
बिलखकर	5	5	3	0	1SA 1:10
बिलगा	2	2	1	0	NEH 12:5
बिलगै	1	1	1	1	NEH 10:8
बिलदद	5	5	1	1	JOB 2:11
बिलशान	2	2	2	2	EZR 2:2
बिलांद	0	0	0	1	extra_words.txt
बिलाम	69	69	9	83	NUM 22:5
बिलों	4	4	4	4	1SA 14:11
बिल्कुल	4	4	3	9	DEU 4:26
बिल्गा	1	1	1	3	1CH 24:14
बिल्लौर	3	3	1	3	REV 4:6
बिल्हा	11	11	2	11	GEN 29:29
बिल्हान	4	4	2	4	GEN 36:27
बिशलाम	1	1	1	1	EZR 4:7
बिसर	1	1	1	1	PSA 31:12
बिसरा	1	1	1	1	ISA 23:15
बिसरानेवालों	1	1	1	1	JOB 8:13
बिसरी	1	1	1	1	ISA 23:16
बिसरे	1	1	1	1	PSA 9:18
बीघे	2	2	2	2	1SA 14:14
बीच	806	806	53	852	GEN 1:6
बीचवाला	5	5	1	5	EXO 26:28
बीचवाली	3	3	1	3	1KI 6:6
बीचवाले	18	18	5	18	EXO 26:33
बीचों	6	6	5	10	NUM 2:17
बीचोंबीच	5	5	4	0	EXO 39:25
बीचोबीच	3	3	3	3	EZK 48:10
बीज	68	68	27	78	GEN 1:11
बीजवाले	3	3	1	3	GEN 1:11
बीजों	2	2	2	3	MAT 13:32
बीट	1	1	1	1	2KI 6:25
बीत	33	33	20	36	GEN 16:3
बीतते	1	1	1	1	JOB 8:9
बीतने	41	41	17	41	GEN 7:4
बीता	10	10	8	9	JOS 2:23
बीती	7	7	4	6	GEN 31:29
बीते	10	10	8	9	EXO 19:1
बीतें	1	1	1	1	DAN 4:16
बीतेंगे	4	4	1	4	DAN 4:25
बीतेगा	5	5	4	5	GEN 49:1
बीन	6	6	5	3	LEV 10:16
बीनकर	3	3	2	2	1KI 17:12
बीनता	3	3	2	3	NUM 15:32
बीनती	3	3	1	3	RUT 2:2
बीनते	1	1	1	1	JDG 1:7
बीनने	8	8	2	8	RUT 2:3
बीना	2	2	1	1	RUT 2:17
बीनेंगे	1	1	1	1	EZK 39:10
बीमार	25	25	12	26	GEN 48:1
बीमारियाँ	1	1	1	1	ACT 19:12
बीमारियों	11	11	4	11	JER 16:4
बीमारी	12	12	8	13	2KI 1:2
बीमारों	23	23	6	27	EZK 34:4
बीस	147	147	23	140	GEN 6:3
बीसवीं	2	2	1	2	1CH 24:16
बीसवें	7	7	5	7	NUM 10:11
बीसों	2	2	1	2	EXO 26:19
बुअनरगिस	1	1	1	2	MRK 3:17
बुकनी	7	7	3	7	2KI 23:6
बुक्किय्याह	1	1	1	2	1CH 25:13
बुक्की	7	7	3	7	NUM 34:22
बुजुर्गों	0	0	0	1	extra_words.txt
बुझ	10	10	7	12	NUM 11:2
बुझता	2	2	2	1	JOB 21:17
बुझती	5	5	3	5	PRO 26:20
बुझने	5	5	4	5	LEV 6:12
बुझा	7	7	6	7	1SA 3:3
बुझाएँगे	1	1	1	1	2SA 14:7
बुझाएगा	2	2	2	2	ISA 42:3
बुझाओ	1	1	1	1	1TH 5:19
बुझाकर	3	3	3	2	GEN 50:21
बुझाने	4	4	3	5	NEH 9:15
बुझानेवाला	2	2	2	2	ISA 1:31
बुझी	4	4	2	3	EZK 16:28
बुझेगा	1	1	1	1	2CH 21:7
बुझेगी	7	7	3	7	ISA 33:14
बुड़बुड़ाती	1	1	1	1	NUM 14:27
बुड़बुड़ाते	7	7	2	0	EXO 16:7
बुड़बुड़ाना	6	6	2	8	EXO 16:8
बुड़बुड़ाने	4	4	2	6	EXO 17:3
बुढ़ापे	21	21	9	22	GEN 15:15
बुढ़िया	1	1	1	3	EZK 23:43
बुदबुदाना	0	0	0	1	extra_words.txt
बुद्धि	240	240	32	293	GEN 3:6
बुद्धिमती	1	1	1	1	PRO 19:14
बुद्धिमान	146	146	26	166	GEN 41:39
बुद्धिमानी	22	22	13	29	EXO 1:10
बुद्धिमानो	1	1	1	0	JOB 34:2
बुद्धिमानों	22	22	11	26	EXO 36:2
बुद्धिमान्	5	5	5	3	GEN 41:33
बुद्धिरहित	1	1	1	1	JOB 39:17
बुद्धिहीन	0	0	0	1	extra_words.txt
बुद्धिहीनता	0	0	0	1	extra_words.txt
बुद्धिहीनों	1	1	1	1	ROM 2:20
बुध	1	1	1	0	JOB 41:25
बुनते	1	1	1	1	ISA 19:9
बुनने	1	1	1	1	EXO 35:35
बुनवाना	0	0	0	1	extra_words.txt
बुना	2	2	2	3	2KI 23:7
बुनी	3	3	2	2	EXO 28:32
बुने	1	1	1	1	JDG 16:13
बुन्दियों	1	1	1	1	ISA 3:23
बुन्नी	2	2	1	3	NEH 9:4
बुरा	162	162	41	161	GEN 6:5
बुराइयाँ	11	11	7	14	2KI 21:11
बुराइयों	16	16	12	21	GEN 37:2
बुराई	221	221	39	267	GEN 6:5
बुरी	81	81	28	78	GEN 21:11
बुरे	109	109	43	115	GEN 2:9
बुरों	1	1	1	2	LUK 6:35
बुर्के	1	1	1	1	EZK 13:21
बुलबुला	0	0	0	1	extra_words.txt
बुलबुले	1	1	1	2	HOS 10:7
बुलवा	48	48	17	46	GEN 20:2
बुलवाऊँगा	1	1	1	1	ZEP 3:9
बुलवाऊँगी	2	2	2	2	1KI 22:22
बुलवाए	3	3	3	3	EXO 10:8
बुलवाकर	34	34	16	38	GEN 12:18
बुलवाया	24	24	13	26	EXO 7:11
बुला	37	37	18	35	GEN 46:33
बुलाई	3	3	2	2	EST 2:14
बुलाऊँ	1	1	1	1	1SA 28:11
बुलाऊँगा	4	4	2	4	JER 1:15
बुलाए	30	30	21	35	NUM 1:16
बुलाएँ	1	1	1	1	MAT 22:3
बुलाएँगे	3	3	3	3	DEU 33:19
बुलाएगा	6	6	4	6	ISA 5:26
बुलाओ	3	3	2	3	JER 9:17
बुलाओगे	1	1	1	1	ZEC 3:10
बुलाकर	83	83	22	87	GEN 24:57
बुलाता	14	14	7	15	EXO 31:2
बुलाते	2	2	1	1	HOS 11:2
बुलाने	14	14	12	12	NUM 10:2
बुलानेवाला	1	1	1	2	1PE 1:15
बुलानेवाले	2	2	2	2	ROM 9:11
बुलाया	80	80	31	91	GEN 31:54
बुलाहट	6	6	5	29	ROM 11:29
बुहत	1	1	1	0	TIT 1:10
बुहारकर	1	1	1	0	LUK 15:8
बुहारा	2	2	2	0	MAT 12:44
बूँदों	1	1	1	3	LUK 22:44
बूंद	1	1	1	0	JOB 28:11
बूंदें	2	2	1	0	JOB 36:27
बूज	2	2	2	2	GEN 22:21
बूजियों	1	1	1	1	JER 25:23
बूजी	3	3	2	5	JOB 32:2
बूझ	6	6	5	5	1KI 20:33
बूझकर	11	11	10	13	GEN 48:14
बूझते	1	1	1	0	JDG 14:18
बूझने	3	3	3	1	EZK 21:21
बूझनेवाला	1	1	1	1	DAN 8:23
बूझे	2	2	2	2	DEU 19:4
बूझें	1	1	1	1	ISA 6:10
बूझो	1	1	1	1	ISA 6:9
बूझोगे	1	1	1	1	ACT 28:26
बूटा	1	1	1	1	EXO 39:41
बूटे	5	5	3	3	EXO 38:18
बूटेदार	8	8	2	8	PSA 45:14
बूढ़ा	36	36	13	39	GEN 18:12
बूढ़ियाँ	1	1	1	1	ZEC 8:4
बूढ़ियों	1	1	1	1	1TI 4:7
बूढ़ी	9	9	7	7	GEN 18:12
बूढ़े	24	24	18	26	GEN 18:11
बूढ़ों	13	13	8	13	GEN 19:4
बूना	1	1	1	1	1CH 2:25
बून्द	1	1	1	0	ISA 40:15
बून्दों	1	1	1	0	SNG 5:2
बूल	1	1	1	1	1KI 6:38
बे	3	3	3	0	JER 5:8
बेंट	2	2	2	2	DEU 19:5
बेंड़ा	1	1	1	1	EXO 26:28
बेंड़े	20	20	4	27	EXO 26:26
बेंड़ेवाले	1	1	1	2	1SA 23:7
बेंड़ों	5	5	3	13	EXO 26:29
बेंत	3	3	2	3	JOB 40:22
बेंतें	1	1	1	1	2CO 11:25
बेईमान	0	0	0	2	extra_words.txt
बेका	1	1	1	1	EXO 38:26
बेकार	2	2	1	5	MAT 20:3
बेकेर	5	5	3	5	GEN 46:21
बेकेरियों	1	1	1	1	NUM 26:35
बेखटके	12	12	9	9	EXO 14:8
बेगार	8	8	7	8	DEU 20:11
बेगारियों	1	1	1	1	1KI 5:14
बेगारी	8	8	6	10	GEN 49:15
बेगारों	4	4	3	4	2SA 20:24
बेच	38	38	15	36	GEN 25:31
बेचकर	13	13	9	17	EXO 21:35
बेचके	1	1	1	0	DEU 14:25
बेचता	1	1	1	1	GEN 42:6
बेचती	1	1	1	1	PRO 31:24
बेचते	1	1	1	1	NEH 13:15
बेचना	3	3	3	6	DEU 21:14
बेचनी	1	1	1	1	GEN 47:22
बेचने	4	4	4	4	GEN 41:56
बेचनेवाला	2	2	1	2	EZK 7:12
बेचनेवाली	1	1	1	1	ACT 16:14
बेचनेवाले	3	3	3	3	NEH 13:20
बेचनेवालों	7	7	5	7	MAT 21:12
बेचा	10	10	8	11	LEV 25:33
बेचारा	1	1	1	1	ISA 10:30
बेची	8	8	4	8	LEV 25:23
बेचे	4	4	1	4	LEV 25:15
बेचें	2	2	2	2	EZK 48:14
बेचेगा	1	1	1	1	LEV 25:16
बेचैन	2	2	2	1	LEV 26:16
बेचैनी	4	4	4	5	EXO 6:9
बेचो	1	1	1	1	LEV 25:14
बेचोगे	1	1	1	1	NEH 5:8
बेजेक	3	3	2	3	JDG 1:4
बेजोड़	0	0	0	1	extra_words.txt
बेझिझक	0	0	0	1	extra_words.txt
बेटा	65	65	19	64	GEN 25:23
बेटियाँ	85	85	25	53	GEN 5:4
बेटियो	4	4	2	0	RUT 1:11
बेटियों	72	72	19	46	GEN 19:14
बेटी	221	221	31	227	GEN 11:29
बेटे	187	187	24	126	GEN 5:4
बेटो	4	4	3	0	1SA 2:24
बेटों	60	60	17	60	EXO 3:22
बेठिकाने	0	0	0	1	extra_words.txt
बेड़ा	1	1	1	2	2SA 19:18
बेड़ियाँ	3	3	3	3	2SA 3:34
बेड़ियों	12	12	9	12	JDG 16:21
बेड़ी	2	2	2	1	2KI 17:4
बेड़े	5	5	4	1	DEU 3:5
बेड़ेवाले	1	1	1	0	1KI 4:13
बेड़ों	5	5	5	1	EXO 26:29
बेडौल	3	3	3	3	GEN 1:2
बेण्डे	3	3	2	0	SNG 5:5
बेण्डों	3	3	3	0	PSA 107:16
बेत	1	1	1	0	1CH 4:21
बेतआप्रा	1	1	1	1	MIC 1:10
बेतएदेन	1	1	1	1	AMO 1:5
बेतकर	1	1	1	1	1SA 7:11
बेतगादेर	1	1	1	1	1CH 2:51
बेतगामूल	1	1	1	1	JER 48:23
बेतगिलगाल	1	1	1	1	NEH 12:29
बेतजमावत	1	1	1	1	NEH 7:28
बेतदागोन	2	2	1	2	JOS 15:41
बेतदिबलातैम	1	1	1	2	JER 48:22
बेतनात	3	3	2	3	JOS 19:38
बेतनिम्रा	2	2	2	2	NUM 32:36
बेतनोत	1	1	1	1	JOS 15:59
बेतपोर	4	4	2	5	DEU 3:29
बेतबारा	2	2	1	2	JDG 7:24
बेतबाल्मोन	1	1	1	1	JOS 13:17
बेतबिरी	1	1	1	1	1CH 4:31
बेतमर्काबोत	1	1	1	0	1CH 4:31
बेतमाका	2	2	1	1	2SA 20:14
बेतमिल्लो	3	3	1	3	JDG 9:6
बेतमेर्हक	1	1	1	1	2SA 15:17
बेतमोन	1	1	1	1	JER 48:23
बेतराबा	3	3	1	3	JOS 15:6
बेतर्बेल	1	1	1	1	HOS 10:14
बेतल	1	1	1	0	1KI 13:11
बेतलबाओत	1	1	1	1	JOS 19:6
बेतशान	8	8	6	9	JOS 17:11
बेतशित्ता	1	1	1	1	JDG 7:22
बेतशेमेश	20	20	7	21	JOS 15:10
बेतशेमेशी	2	2	1	2	1SA 6:14
बेतसूर	2	2	2	4	JOS 15:58
बेतह	1	1	1	1	2SA 8:8
बेतावेन	7	7	3	7	JOS 7:2
बेतुका	0	0	0	1	extra_words.txt
बेतेन	1	1	1	1	JOS 19:25
बेतेमेक	1	1	1	1	JOS 19:27
बेतेर	1	1	1	1	SNG 2:17
बेतेल	67	67	13	81	GEN 12:8
बेतेलवासियों	1	1	1	1	ZEC 7:2
बेतेलवासी	2	2	2	3	1KI 16:34
बेतेसेल	1	1	1	0	MIC 1:11
बेत्तप्पूह	1	1	1	1	JOS 15:53
बेत्पस्सेस	1	1	1	1	JOS 19:21
बेत्पालेत	1	1	1	0	JOS 15:27
बेत्पेलेत	1	1	1	2	NEH 11:26
बेत्मर्काबोत	1	1	1	2	JOS 19:5
बेत्यशीमोत	4	4	3	4	NUM 33:49
बेत्रहोब	2	2	2	2	JDG 18:28
बेत्सूर	2	2	2	0	1CH 2:45
बेथ	1	1	1	1	PSA 119:8
बेथक्केरेम	2	2	2	2	NEH 3:14
बेथारम	1	1	1	0	JOS 13:27
बेथारान	1	1	1	0	NUM 32:36
बेथोग्ला	3	3	1	3	JOS 15:6
बेथोरान	1	1	1	0	1CH 7:24
बेथोरोन	11	11	4	13	JOS 10:10
बेदयाह	1	1	1	1	EZR 10:35
बेध	4	4	3	5	JOB 41:2
बेधकर	1	1	1	1	1SA 18:11
बेधड़क	2	2	2	4	2CO 11:17
बेधता	2	2	2	2	1SA 26:8
बेधते	1	1	1	1	1SA 19:10
बेधनेवाला	1	1	1	1	EZK 28:24
बेधनेवाली	1	1	1	1	JER 9:8
बेधा	6	6	5	7	PRO 7:23
बेधूँगा	1	1	1	1	PSA 18:38
बेधेगा	1	1	1	1	NUM 24:8
बेन	1	1	1	1	1CH 15:18
बेनगेबेर	1	1	1	1	1KI 4:13
बेनजोहेत	1	1	1	1	1CH 4:20
बेनबीनादाब	1	1	1	0	1KI 4:11
बेनम्मी	1	1	1	0	GEN 19:38
बेनोनी	1	1	1	1	GEN 35:18
बेन्देकेर	1	1	1	1	1KI 4:9
बेन्हदद	31	31	5	33	1KI 15:18
बेन्हानान	1	1	1	1	1CH 4:20
बेन्हूर	1	1	1	1	1KI 4:8
बेन्हेसेद	1	1	1	1	1KI 4:10
बेन्हैल	1	1	1	1	2CH 17:7
बेपरिमाण	1	1	1	0	ISA 5:14
बेबस	1	1	1	1	EZK 21:7
बेबीलोन	293	293	18	3	GEN 10:10
बेबीलोनवाली	1	1	1	0	ZEC 2:7
बेबै	6	6	2	6	EZR 2:11
बेर	1	1	1	1	JDG 9:21
बेरा	3	3	2	2	GEN 14:2
बेरियों	1	1	1	0	2SA 20:14
बेरी	2	2	2	3	GEN 26:34
बेरेक्याह	10	10	4	13	1CH 3:20
बेरेद	3	3	2	3	GEN 16:14
बेरेलीम	1	1	1	1	ISA 15:8
बेरोत	4	4	3	5	JOS 9:17
बेरोतवासी	1	1	1	1	2SA 4:2
बेरोता	1	1	1	1	EZK 47:16
बेरोती	4	4	1	5	2SA 4:3
बेर्शबा	1	1	1	0	1CH 4:28
बेर्शेबा	33	33	11	34	GEN 21:14
बेल	6	6	3	5	EXO 38:18
बेलतशस्सर	10	10	1	10	DAN 1:7
बेलबूटे	1	1	1	3	EXO 28:39
बेलबूटेवाले	1	1	1	1	PRO 7:16
बेलशस्सर	8	8	1	10	DAN 5:1
बेला	14	14	3	14	GEN 14:2
बेलियों	1	1	1	1	NUM 26:38
बेल्यादा	1	1	1	1	1CH 14:7
बेवकूफ	0	0	0	1	extra_words.txt
बेशतरा	1	1	1	1	JOS 21:27
बेसहारा	0	0	0	1	extra_words.txt
बेसुध	4	4	2	4	ACT 10:10
बेसेर	5	5	3	5	DEU 4:43
बेसै	4	4	2	5	EZR 2:17
बेहाल	1	1	1	1	JER 15:9
बैंगनी	1	1	1	51	JDG 8:26
बैंजनी	51	51	15	0	EXO 25:4
बैंहत्था	1	1	1	0	JDG 3:15
बैंहत्थे	1	1	1	0	JDG 20:16
बैठ	79	79	28	74	GEN 21:16
बैठक	1	1	1	1	PSA 107:32
बैठकर	32	32	16	35	GEN 27:19
बैठता	6	6	3	5	JOB 24:22
बैठती	6	6	5	6	2KI 15:12
बैठते	11	11	7	11	1KI 10:5
बैठना	5	5	4	5	PSA 139:2
बैठने	12	12	11	16	JOS 8:9
बैठनेवाले	4	4	4	4	PSA 69:12
बैठनेवालों	7	7	4	7	MAT 14:9
बैठा	143	143	39	153	GEN 18:1
बैठाईं	5	5	2	5	2SA 8:6
बैठाऊँगा	7	7	6	7	1KI 5:5
बैठाए	5	5	4	6	GEN 43:33
बैठाएँगे	1	1	1	1	ISA 13:20
बैठाएगा	1	1	1	1	LUK 12:37
बैठाओ	3	3	2	3	2KI 10:3
बैठाओगे	1	1	1	1	1CO 6:4
बैठाकर	2	2	2	2	ISA 18:2
बैठाता	5	5	3	7	JOB 7:12
बैठाती	1	1	1	1	ISA 23:8
बैठाते	1	1	1	1	2CO 4:2
बैठाना	4	4	3	4	1KI 21:9
बैठानेवाला	0	0	0	1	extra_words.txt
बैठानेवाले	1	1	1	1	JER 33:12
बैठाया	11	11	8	13	GEN 24:11
बैठाये	1	1	1	1	SNG 5:15
बैठी	37	37	24	38	GEN 21:16
बैठूँगा	2	2	2	2	PSA 26:5
बैठूँगी	1	1	1	1	ISA 47:8
बैठे	109	109	32	114	GEN 29:2
बैठें	1	1	1	0	EZK 44:24
बैठेंगे	9	9	6	11	1SA 16:11
बैठेगा	3	3	3	3	1KI 1:20
बैत	1	1	1	1	ISA 15:2
बैतनिय्याह	12	12	4	18	MAT 21:17
बैतफगे	3	3	3	4	MAT 21:1
बैतलहम	47	47	15	57	GEN 35:19
बैतलहमवासी	5	5	2	4	1SA 16:1
बैतलहमी	1	1	1	2	1CH 11:26
बैतसैदा	7	7	4	8	MAT 11:21
बैतहसदा	1	1	1	2	JHN 5:2
बैर	115	115	29	120	GEN 3:15
बैरभाव	5	5	5	0	ROM 1:29
बैरवाले	0	0	0	1	extra_words.txt
बैरिन	3	3	2	3	EZK 16:27
बैरियों	41	41	19	48	GEN 24:60
बैरी	49	49	24	61	EXO 23:5
बैल	194	194	34	144	GEN 12:16
बैलों	62	62	20	41	GEN 32:7
बैसाखी	1	1	1	0	2SA 3:29
बैसै	1	1	1	0	NEH 7:23
बो	3	3	3	3	ECC 11:6
बोअज	5	5	3	40	1CH 2:11
बोअज़	24	24	2	0	RUT 2:1
बोआज़	1	1	1	0	1KI 7:21
बोई	5	5	5	4	EXO 23:16
बोईं	1	1	1	0	1CO 9:11
बोऊँ	1	1	1	1	JOB 31:8
बोऊँगा	2	2	2	2	HOS 2:23
बोए	6	6	4	5	ECC 3:2
बोएँगे	1	1	1	1	LEV 25:20
बोएगा	1	1	1	1	MIC 6:15
बोओ	4	4	3	6	GEN 47:23
बोओगे	1	1	1	1	LEV 25:22
बोकर	3	3	3	3	1CH 27:26
बोकरू	2	2	1	2	1CH 8:38
बोकीम	2	2	1	2	JDG 2:1
बोझ	59	59	24	82	GEN 49:15
बोझदायक	0	0	0	1	extra_words.txt
बोझा	1	1	1	1	2CH 2:2
बोझियों	1	1	1	1	2CH 34:13
बोझिल	0	0	0	1	extra_words.txt
बोझों	3	3	2	3	EXO 6:6
बोता	13	13	8	13	PRO 11:18
बोते	12	12	10	13	DEU 11:10
बोधक	0	0	0	1	extra_words.txt
बोधगम्य	0	0	0	1	extra_words.txt
बोन	1	1	1	1	NUM 32:3
बोना	7	7	4	9	EXO 23:10
बोने	11	11	8	12	GEN 8:22
बोनेवाला	7	7	4	8	PSA 126:6
बोनेवाले	5	5	5	9	ISA 55:10
बोप्सी	1	1	1	0	NUM 13:14
बोया	32	32	14	34	GEN 26:12
बोर	10	10	6	11	GEN 36:32
बोरा	2	2	2	2	GEN 42:27
बोरी	1	1	1	1	2KI 4:42
बोरे	14	14	2	14	GEN 42:25
बोरों	8	8	1	8	GEN 43:11
बोल	74	74	29	76	GEN 27:22
बोलकर	1	1	1	1	MAT 5:11
बोलता	54	54	19	56	GEN 49:21
बोलती	7	7	2	9	PRO 1:20
बोलते	43	43	19	49	DEU 5:26
बोलना	15	15	11	18	LEV 19:11
बोलने	45	45	18	58	EXO 4:10
बोलनेवाला	8	8	4	8	PRO 6:19
बोलनेवाली	5	5	5	5	1KI 22:23
बोलनेवाले	19	19	11	21	EXO 6:12
बोलनेवालो	1	1	1	1	DAN 3:4
बोलनेवालों	10	10	8	10	PSA 63:11
बोला	43	43	20	46	EXO 4:2
बोलियाँ	1	1	1	1	1CO 13:1
बोली	26	26	17	26	GEN 11:1
बोलूँ	8	8	8	8	DEU 32:1
बोलूँगा	7	7	3	7	JOB 6:28
बोलूँगी	1	1	1	1	2SA 14:15
बोले	32	32	22	31	GEN 19:15
बोलें	5	5	2	6	ISA 8:20
बोलेंगे	7	7	6	7	JOB 18:2
बोलेगा	4	4	2	5	JOB 41:3
बोलेगी	1	1	1	1	ISA 32:4
बोलो	4	4	4	5	PSA 75:5
बोलोगे	1	1	1	2	JOB 13:7
बोसेस	1	1	1	1	1SA 14:4
बोस्कत	1	1	1	1	JOS 15:39
बोस्कतवासी	1	1	1	1	2KI 22:1
बोस्रा	7	7	4	7	ISA 34:6
बोस्राई	1	1	1	1	1CH 1:44
बोस्रानिवासी	1	1	1	1	GEN 36:33
बोहन	2	2	1	3	JOS 15:6
बौछार	2	2	1	2	ISA 25:4
बौना	1	1	1	2	LEV 21:20
बौरहा	0	0	0	1	extra_words.txt
ब्याज	20	20	11	22	EXO 22:25
ब्याह	48	48	15	89	GEN 4:19
ब्याहकर	1	1	1	0	GEN 28:9
ब्याहा	1	1	1	2	PRO 30:23
ब्याही	12	12	5	11	LEV 22:12
ब्यूला	1	1	1	2	ISA 62:4
ब्योरा	2	2	2	4	EST 10:2
ब्रह्मांड	0	0	0	4	extra_words.txt
भंग	6	6	4	2	LEV 24:20
भंगिमा	0	0	0	1	extra_words.txt
भंगुर	0	0	0	1	extra_words.txt
भक्त	72	72	14	79	DEU 33:8
भक्ति	33	33	13	42	JOS 22:5
भक्तिपूर्ण	0	0	0	1	extra_words.txt
भक्तियुक्त	0	0	0	1	extra_words.txt
भक्तिहीन	20	20	9	20	JOB 8:13
भक्तिहीनता	1	1	1	1	JER 23:15
भक्तिहीनों	5	5	5	5	JOB 20:5
भक्तो	2	2	1	0	PSA 30:4
भक्तों	15	15	5	21	1SA 2:9
भक्षण	1	1	1	1	GEN 49:27
भक्ष्य	1	1	1	1	LEV 11:47
भगा	16	16	10	16	EXO 23:28
भगाई	1	1	1	2	JER 50:17
भगाए	1	1	1	1	LUK 8:29
भगाएँगी	1	1	1	1	JOB 18:11
भगाएगा	1	1	1	1	JOS 23:10
भगाओगे	1	1	1	0	LEV 26:7
भगाने	3	3	3	2	DEU 28:26
भगानेवाला	2	2	2	3	ISA 17:2
भगाया	3	3	2	3	JOB 18:18
भगेड़ू	1	1	1	0	NUM 21:29
भगोड़ा	3	3	2	6	GEN 4:12
भगोड़े	1	1	1	1	JDG 12:4
भगोड़ों	1	1	1	1	ISA 43:14
भजन	70	70	18	175	EXO 15:2
भजनगान	0	0	0	1	extra_words.txt
भजनों	1	1	1	4	LUK 24:44
भट	2	2	2	2	MAT 8:20
भटक	36	36	17	47	DEU 30:17
भटककर	2	2	2	2	DEU 30:17
भटकटैयों	1	1	1	1	ISA 55:13
भटकता	5	5	4	5	EXO 23:4
भटकती	2	2	2	2	SNG 1:7
भटकते	6	6	5	6	GEN 37:15
भटकना	3	3	2	3	PRO 19:27
भटकने	2	2	2	7	GEN 21:14
भटकनेवाला	2	2	1	0	GEN 4:12
भटकनेवाली	6	6	1	6	JER 3:6
भटकनेवाले	3	3	2	2	PSA 95:10
भटका	12	12	8	14	DEU 27:18
भटकाकर	1	1	1	1	PRO 28:10
भटकाता	2	2	2	2	JOB 12:24
भटकाते	1	1	1	1	ISA 3:12
भटकाने	1	1	1	4	ISA 30:28
भटकाया	2	2	2	2	ISA 44:20
भटकी	5	5	4	5	DEU 22:1
भटके	6	6	6	7	PSA 119:21
भटकेंगे	1	1	1	1	ISA 35:8
भटकेगी	1	1	1	1	JER 3:19
भटकों	1	1	1	1	HEB 5:2
भट्टे	2	2	2	0	EXO 19:18
भट्टों	1	1	1	0	NEH 3:11
भट्ठा	2	2	2	2	ISA 31:9
भट्ठी	13	13	8	17	GEN 19:28
भट्ठे	13	13	5	16	DEU 4:20
भट्ठों	1	1	1	1	NEH 12:38
भड़क	41	41	18	43	EXO 32:10
भड़ककर	2	2	2	1	JOB 36:18
भड़कता	3	3	3	3	NAM 1:6
भड़कती	1	1	1	1	PSA 79:5
भड़कने	10	10	6	10	DEU 29:24
भड़का	55	55	21	57	GEN 39:19
भड़काई	8	8	5	7	1KI 14:22
भड़काऊँ	1	1	1	1	ZEP 3:8
भड़काऊँगा	5	5	1	5	EZK 7:8
भड़काए	1	1	1	2	JOB 41:10
भड़काएगा	3	3	2	3	JOB 20:23
भड़काओ	1	1	1	1	NUM 32:14
भड़काकर	8	8	3	8	JER 49:37
भड़काता	8	8	4	8	EXO 15:7
भड़काते	1	1	1	1	NEH 13:18
भड़काने	2	2	2	4	PRO 30:33
भड़काया	5	5	4	8	JOB 19:11
भड़की	6	6	6	7	2KI 22:13
भड़कीला	3	3	2	3	ISA 63:1
भड़कीली	3	3	2	2	ISA 28:1
भड़के	21	21	13	21	GEN 44:18
भड़केगा	6	6	6	6	EXO 22:24
भड़केगी	3	3	3	3	2KI 22:17
भण्डार	42	42	20	41	GEN 41:35
भण्डारवाले	2	2	2	3	EXO 1:11
भण्डारियों	4	4	3	5	1KI 4:5
भण्डारी	18	18	7	20	1KI 4:7
भण्डारीपन	2	2	2	2	LUK 16:2
भण्डारों	34	34	11	34	GEN 41:56
भतीजा	3	3	2	4	GEN 14:12
भतीजे	3	3	2	3	GEN 12:5
भतीजों	1	1	1	1	LEV 10:4
भद्दा	2	2	1	2	EXO 4:10
भद्दे	1	1	1	1	EXO 6:12
भनक	1	1	1	1	JOB 4:12
भय	305	305	45	353	GEN 9:2
भयंकर	20	20	11	23	GEN 12:10
भयंकरता	1	1	1	1	JOB 18:14
भयभीत	20	20	13	30	DEU 31:6
भययोग्य	18	18	8	22	DEU 28:58
भयरहित	1	1	1	1	JOB 21:9
भयाकुल	0	0	0	1	extra_words.txt
भयातुर	3	3	2	4	DEU 28:20
भयानक	37	37	17	50	GEN 28:17
भयाहू	1	1	1	0	LEV 20:21
भयोत्पादक	0	0	0	1	extra_words.txt
भर	547	547	46	565	GEN 1:20
भरकर	18	18	13	32	GEN 21:19
भरके	6	6	6	0	DEU 2:6
भरता	13	13	9	17	JOB 9:18
भरती	12	12	6	5	NUM 4:3
भरते	8	8	7	8	RUT 2:9
भरतें	1	1	1	0	MAT 9:17
भरना	6	6	5	6	EXO 22:15
भरनी	1	1	1	1	PRO 12:14
भरने	21	21	9	23	GEN 24:11
भरनेवाला	1	1	1	1	JOS 9:23
भरनेवाले	3	3	2	4	JOS 9:21
भरनेवालों	1	1	1	1	MAL 2:13
भरपाई	0	0	0	1	extra_words.txt
भरपूर	17	17	10	20	DEU 33:23
भरपूरी	6	6	6	7	PSA 16:11
भरमा	3	3	3	2	ISA 19:13
भरमाई	2	2	2	2	ISA 44:20
भरमाए	5	5	5	5	MRK 13:5
भरमाएँगे	3	3	2	1	MAT 24:5
भरमाकर	1	1	1	1	REV 20:8
भरमाता	3	3	3	3	2CH 32:11
भरमाती	1	1	1	1	REV 2:20
भरमाते	2	2	2	2	JER 23:32
भरमाने	3	3	3	2	2CH 32:15
भरमानेवाला	3	3	2	3	2JN 1:7
भरमानेवाली	2	2	2	2	EPH 4:22
भरमानेवाले	2	2	2	3	MAT 27:63
भरमानेवालों	1	1	1	1	2CO 6:8
भरमाया	2	2	2	2	ACT 19:26
भरवा	1	1	1	2	DEU 15:3
भरवाए	2	2	1	2	DEU 15:2
भरसक	2	2	1	2	ROM 1:15
भरा	71	71	24	79	NUM 7:14
भरी	56	56	21	62	GEN 21:14
भरीं	1	1	1	1	JHN 6:13
भरूँगा	1	1	1	1	ISA 42:14
भरे	71	71	21	76	GEN 27:34
भरें	2	2	2	5	GEN 50:2
भरेंगे	2	2	2	2	JOB 27:23
भरेगा	1	1	1	1	ISA 35:6
भरो	1	1	1	1	GEN 42:25
भरोगे	1	1	1	1	ISA 12:3
भरोसा	172	172	27	196	DEU 28:52
भरोसे	7	7	6	10	EZK 29:16
भर्त्सना	1	1	1	3	2KI 19:3
भलमनसी	1	1	1	1	1KI 1:52
भला	238	238	49	226	GEN 4:7
भलाइयों	0	0	0	1	extra_words.txt
भलाई	151	151	46	185	GEN 12:16
भली	63	63	28	67	GEN 11:3
भले	70	70	27	65	GEN 2:9
भलों	2	2	2	4	PSA 125:4
भवचक्र	0	0	0	1	extra_words.txt
भवन	735	735	30	768	GEN 28:17
भवनवाला	1	1	1	1	JER 26:18
भवनों	10	10	8	9	1KI 13:32
भविष्य	40	40	19	68	NUM 17:10
भविष्यद्वक्तओं	1	1	1	0	2KI 4:38
भविष्यद्वक्ता	206	206	25	290	DEU 13:1
भविष्यद्वक्ताओ	1	1	1	0	REV 18:20
भविष्यद्वक्ताओं	124	124	24	145	1SA 28:6
भविष्यद्वक्तिन	2	2	2	6	LUK 2:36
भविष्यद्वाणियाँ	1	1	1	6	1CO 13:8
भविष्यद्वाणियों	2	2	2	7	1TH 5:20
भविष्यद्वाणी	137	137	20	241	1KI 22:8
भविष्यवाणी	4	4	2	0	ISA 13:1
भव्य	1	1	1	4	MRK 13:1
भस्म	117	117	32	126	GEN 19:15
भाँड़ों	1	1	1	0	PSA 35:16
भाँति	211	211	40	109	GEN 2:9
भांजे	1	1	1	2	ACT 23:16
भांति	1	1	1	0	PSA 37:10
भाइयो	112	112	15	0	GEN 19:7
भाइयों	271	271	42	406	GEN 9:22
भाई	558	558	53	571	GEN 4:2
भाईचारे	8	8	6	9	ZEC 11:14
भाईबन्धु	14	14	4	0	LEV 10:6
भाईबन्धुओं	1	1	1	0	ZEC 3:10
भाईयों	1	1	1	1	NEH 5:14
भाए	13	13	8	12	GEN 20:15
भाएँगे	1	1	1	2	HOS 9:4
भाएगा	2	2	2	2	PSA 69:31
भाएगी	1	1	1	1	MAL 3:4
भाग	682	682	46	745	GEN 1:6
भागकर	33	33	16	52	GEN 14:13
भागता	3	3	3	4	2SA 24:13
भागते	8	8	6	7	GEN 14:10
भागना	4	4	4	13	1SA 22:17
भागने	15	15	8	16	EXO 14:27
भागनेवाले	1	1	1	2	JOB 26:13
भागनेवालों	3	3	3	2	ISA 21:14
भागवाले	1	1	1	1	EXO 15:17
भागा	27	27	11	30	GEN 31:20
भागी	39	39	23	43	GEN 21:10
भागीदार	1	1	1	3	HEB 3:14
भागूँ	1	1	1	1	PSA 139:7
भागे	44	44	23	43	LEV 26:36
भागें	2	2	2	2	EXO 14:25
भागेंगी	1	1	1	1	JHN 10:5
भागेंगे	6	6	5	6	LEV 26:36
भागेगा	4	4	4	4	1KI 22:25
भागेगी	1	1	1	1	REV 9:6
भागो	10	10	3	10	JER 4:6
भागों	19	19	8	21	JOS 18:10
भागोगे	4	4	3	4	LEV 26:17
भाग्य	2	2	2	4	GEN 30:11
भाग्यवान	2	2	2	0	PSA 41:2
भाग्यवान्	1	1	1	0	GEN 39:2
भाड़	9	9	4	1	ISA 5:14
भाड़ा	2	2	2	2	JON 1:3
भाड़े	4	4	3	3	EXO 22:15
भाता	14	14	13	14	DEU 12:8
भाती	1	1	1	1	MAL 3:4
भाते	1	1	1	1	2CO 5:9
भानजे	1	1	1	0	GEN 29:13
भाप	2	2	2	3	JOB 37:11
भाभी	0	0	0	2	extra_words.txt
भाया	4	4	3	4	PRO 1:29
भार	54	54	17	61	EXO 1:11
भारत	0	0	0	2	extra_words.txt
भारी	142	142	38	138	GEN 2:21
भाल	4	4	3	0	NUM 4:16
भालकर	2	2	2	0	1SA 23:22
भालता	1	1	1	0	JOB 28:24
भालते	1	1	1	1	PSA 56:6
भाला	28	28	6	28	1SA 13:19
भालू	5	5	3	5	1SA 17:34
भाले	24	24	9	24	1SA 13:20
भालैत	1	1	1	1	ACT 23:23
भालों	3	3	3	3	ISA 2:4
भाव	19	19	7	27	DEU 10:19
भावता	5	5	5	5	DEU 25:8
भावती	1	1	1	1	ROM 12:2
भावना	3	3	3	17	PSA 35:14
भावनाएँ	1	1	1	5	PSA 73:7
भावनाओं	1	1	1	13	HEB 4:12
भावनात्मक	0	0	0	1	extra_words.txt
भावनारहित	0	0	0	1	extra_words.txt
भावनावश	0	0	0	1	extra_words.txt
भावने	1	1	1	0	REV 18:14
भावार्थ	0	0	0	2	extra_words.txt
भावी	32	32	13	55	NUM 22:7
भाषा	70	70	16	102	GEN 11:1
भाषाएँ	6	6	2	5	1CO 13:8
भाषाओं	9	9	3	8	GEN 10:5
भाषावाली	2	2	1	2	EZK 3:5
भाषावालों	2	2	2	2	PSA 114:1
भिखारी	2	2	2	4	PRO 6:26
भिगो	3	3	3	3	1KI 2:5
भिगोए	2	2	2	0	LUK 7:44
भिगोकर	1	1	1	1	LUK 16:24
भिगोता	1	1	1	1	PSA 6:6
भिगोने	1	1	1	0	LUK 7:38
भिजवा	1	1	1	1	2CH 2:15
भिड़ते	1	1	1	0	JAS 4:1
भिन्न	39	39	9	16	GEN 10:5
भी	4379	4379	66	5347	GEN 1:11
भींगा	3	3	1	0	DAN 4:23
भीख	9	9	5	9	PSA 109:10
भीग	1	1	1	1	ISA 34:7
भीगता	1	1	1	1	PSA 6:6
भीगती	1	1	1	1	DAN 4:33
भीगने	1	1	1	1	JER 13:1
भीगा	1	1	1	4	DAN 4:15
भीगी	1	1	1	1	SNG 5:2
भीगे	1	1	1	1	JOB 24:8
भीड़	193	193	25	187	GEN 50:9
भीड़भाड़	1	1	1	1	JDG 4:7
भीड़ों	1	1	1	1	DAN 10:6
भीत	10	10	7	0	GEN 49:22
भीतर	316	316	38	327	GEN 6:14
भीतरवाला	1	1	1	1	1KI 7:50
भीतरवाली	1	1	1	1	LUK 11:41
भीतरवाले	4	4	2	4	1KI 6:27
भीतरवालों	1	1	1	1	1CO 5:12
भीतरी	38	38	11	47	EXO 39:19
भीषण	1	1	1	1	JUD 1:6
भुईंडोल	1	1	1	0	EZK 37:7
भुगत	0	0	0	1	extra_words.txt
भुगतवाऊँगा	0	0	0	2	extra_words.txt
भुगता	1	1	1	2	JDG 20:10
भुगताऊँगा	4	4	2	2	JER 21:14
भुगताता	3	3	2	2	JOB 13:26
भुगतान	0	0	0	3	extra_words.txt
भुगताया	2	2	2	1	JOB 8:4
भुजबल	22	22	10	22	NUM 20:20
भुजा	30	30	11	34	EXO 6:6
भुजाएँ	4	4	4	4	DEU 33:27
भुजाओं	6	6	3	6	JDG 16:12
भुजारूपी	1	1	1	1	DAN 11:22
भुना	2	2	2	2	JOS 5:11
भुनी	3	3	3	3	LEV 2:14
भुने	1	1	1	1	2SA 17:28
भुला	12	12	8	14	GEN 41:51
भुलाना	2	2	2	2	PRO 19:11
भूँजकर	2	2	1	0	EXO 12:8
भूँजा	1	1	1	0	2CH 35:13
भूंजकर	1	1	1	0	DEU 16:7
भूकम्प	20	20	10	26	1SA 14:15
भूख	32	32	18	32	GEN 42:19
भूखण्ड	0	0	0	1	extra_words.txt
भूखा	22	22	11	27	DEU 8:3
भूखे	28	28	14	33	1SA 2:5
भूखों	14	14	11	4	GEN 41:55
भूत	12	12	7	10	LEV 19:31
भूत-सिद्धिवाले	0	0	0	1	extra_words.txt
भूतकाल	1	1	1	1	2SA 5:2
भूतपूर्व	0	0	0	1	extra_words.txt
भूतसाधनेवालों	1	1	1	0	LEV 20:6
भूतसिद्धि	1	1	1	0	1CH 10:13
भूतसिद्धिवाले	1	1	1	0	2KI 23:24
भूतसिद्धिवालों	1	1	1	0	2CH 33:6
भूतों	1	1	1	1	DEU 18:11
भून	1	1	1	1	JER 29:22
भूनकर	2	2	1	5	ISA 44:16
भूनने	1	1	1	1	1SA 2:15
भूना	2	2	2	3	LEV 23:14
भूभाग	0	0	0	2	extra_words.txt
भूमण्डल	1	1	1	1	GEN 12:3
भूमध्य	0	0	0	4	extra_words.txt
भूमि	526	526	40	601	GEN 1:9
भूमि-वितरण	0	0	0	1	extra_words.txt
भूमिगत	0	0	0	1	extra_words.txt
भूमिवाली	2	2	1	2	GEN 49:29
भूमिवाले	1	1	1	1	JER 48:8
भूमिहीन	0	0	0	1	extra_words.txt
भूरे	6	6	2	2	LEV 13:30
भूल	99	99	24	110	GEN 27:45
भूलकर	7	7	4	9	DEU 4:23
भूलचूक	1	1	1	0	PSA 19:12
भूलता	5	5	4	5	PSA 9:12
भूलना	6	6	5	7	DEU 9:7
भूलनेवालो	1	1	1	2	PSA 50:22
भूला	6	6	3	11	DEU 26:13
भूली	1	1	1	2	JER 50:5
भूलूँगा	4	4	3	4	PSA 119:16
भूले	3	3	3	3	PSA 44:17
भूलेगा	2	2	2	2	DEU 4:31
भूलेगी	1	1	1	1	DEU 31:21
भूलो	1	1	1	1	HEB 13:16
भूलोक	0	0	0	1	extra_words.txt
भूषण	2	2	2	1	PRO 4:9
भूसा	4	4	2	5	ISA 11:7
भूसी	9	9	7	10	JOB 21:18
भूसे	11	11	5	12	EXO 15:7
भेंट	314	314	39	364	GEN 4:3
भेंटवाला	1	1	1	1	EXO 29:27
भेंटवाली	3	3	3	3	EXO 29:27
भेंटें	16	16	8	13	EXO 29:28
भेंटों	7	7	5	9	LEV 23:38
भेज	103	103	28	112	GEN 25:6
भेजकर	56	56	25	60	GEN 20:2
भेजके	1	1	1	0	LEV 16:21
भेजता	36	36	19	37	GEN 37:13
भेजते	7	7	6	7	NUM 13:17
भेजना	5	5	5	7	1SA 6:3
भेजनी	1	1	1	1	2KI 17:4
भेजने	14	14	11	16	GEN 38:17
भेजनेवाला	3	3	2	4	EXO 3:12
भेजनेवाले	21	21	7	21	GEN 45:8
भेजनेवालों	3	3	3	3	PRO 25:13
भेजा	373	373	44	410	GEN 19:13
भेजी	22	22	15	26	GEN 33:11
भेजीं	4	4	2	3	GEN 45:27
भेजूँ	6	6	6	6	2SA 14:32
भेजूँगा	34	34	15	34	EXO 8:21
भेजूँगी	2	2	2	2	GEN 27:45
भेजे	89	89	27	91	GEN 32:18
भेजें	5	5	3	6	1SA 6:2
भेजेंगे	2	2	2	2	1SA 11:3
भेजेगा	11	11	7	12	GEN 24:7
भेजो	8	8	7	9	NUM 31:4
भेड़	352	352	33	113	GEN 4:2
भेड़फाटक	3	3	1	3	NEH 3:1
भेड़शाला	10	10	6	6	NUM 32:16
भेड़शालाएँ	1	1	1	4	2CH 32:28
भेड़शालाओं	3	3	3	6	PSA 78:70
भेड़शालों	2	2	2	0	JDG 5:16
भेड़िए	1	1	1	4	MAT 7:15
भेड़िया	5	5	4	5	GEN 49:27
भेड़ियों	3	3	3	4	EZK 22:27
भेड़ी	31	31	4	32	LEV 4:32
भेड़ें	22	22	10	24	GEN 32:14
भेड़ों	67	67	22	76	GEN 30:33
भेडिए	2	2	2	0	JHN 10:12
भेद	133	133	37	145	GEN 41:32
भेदिए	10	10	4	11	GEN 42:9
भेदिये	1	1	1	0	NUM 21:1
भेदियों	4	4	4	7	JOS 2:1
भेदों	8	8	5	8	1KI 8:39
भेष	11	11	7	13	JOS 9:4
भेस	1	1	1	0	MAT 7:15
भोंक	6	6	4	6	JDG 9:54
भोंकेगा	1	1	1	0	EXO 11:7
भोग	10	10	8	8	GEN 19:5
भोगकर	1	1	1	1	1CH 29:28
भोगता	2	2	2	2	2CH 36:21
भोगते	10	10	7	8	NUM 14:33
भोगना	3	3	3	6	NEH 9:32
भोगने	10	10	7	12	GEN 41:52
भोगनेवाला	1	1	1	1	LAM 3:1
भोगविलास	2	2	2	0	ISA 29:9
भोगा	2	2	2	2	JDG 9:24
भोगी	2	2	2	3	ACT 14:15
भोगे	1	1	1	1	JOB 21:25
भोगेंगे	2	2	2	2	PRO 1:31
भोगेगा	3	3	1	3	PRO 9:12
भोगेगी	1	1	1	1	ZEP 3:15
भोज	66	66	23	91	GEN 21:8
भोजन	259	259	40	273	GEN 1:29
भोजनवस्तु	35	35	14	41	GEN 41:35
भोजनवस्तुएँ	5	5	5	6	GEN 41:48
भोजनवस्तुओं	5	5	3	7	GEN 41:48
भोजों	1	1	1	1	ISA 5:12
भोज्य	1	1	1	0	GEN 6:21
भोर	150	150	35	156	GEN 1:5
भोला	8	8	3	7	GEN 42:7
भोली	2	2	2	1	PRO 9:13
भोले	10	10	6	6	PSA 119:130
भोलेपन	1	1	1	0	PRO 1:22
भोलो	1	1	1	0	PRO 8:5
भोलों	4	4	2	5	PSA 116:6
भौं	1	1	1	1	MAL 1:13
भौंक	1	1	1	1	ISA 56:10
भौंहों	2	2	2	0	EXO 13:16
भौगोलिक	0	0	0	1	extra_words.txt
भौचक्की	1	1	1	1	LUK 24:4
भौजाई	2	2	1	2	GEN 38:8
भौजी	2	2	1	0	LEV 18:16
भौतिक	0	0	0	1	extra_words.txt
भौहों	1	1	1	4	DEU 14:1
भ्रम	7	7	7	13	PRO 14:22
भ्रमण	0	0	0	1	extra_words.txt
भ्रमणशील	0	0	0	2	extra_words.txt
भ्रमता	1	1	1	2	ISA 19:14
भ्रष्ट	22	22	17	31	GEN 34:2
भ्रष्टा	1	1	1	2	LEV 21:7
भ्रष्टाचार	0	0	0	1	extra_words.txt
मँगवा	3	3	3	5	2CH 36:10
मँगवाई	1	1	1	1	GEN 21:21
मँगवाकर	2	2	2	4	DAN 5:23
मँगवाती	1	1	1	1	PRO 31:14
मँगा	2	2	2	0	1SA 4:4
मँगाऊँगा	1	1	1	1	2KI 6:13
मँगाकर	2	2	2	0	DEU 19:12
मँहगी	1	1	1	0	NEH 5:3
मंगनी	3	3	3	7	LEV 19:20
मंगल	0	0	0	1	extra_words.txt
मंगलमय	0	0	0	1	extra_words.txt
मंगेतर	1	1	1	1	LUK 2:5
मंज़िल	1	1	1	0	1KI 6:6
मंज़िलें	2	2	1	0	1KI 6:5
मंजिल	4	4	2	5	1KI 7:3
मंजिला	2	2	1	2	EZK 41:6
मंजिलों	4	4	2	2	1KI 7:4
मंडली	2	2	2	0	1KI 8:5
मंत्र	8	8	7	6	EXO 7:11
मंत्रियों	9	9	4	13	EZR 7:14
मंत्री	33	33	10	38	GEN 26:26
मंत्रों	2	2	1	0	EXO 7:22
मंदता	0	0	0	1	extra_words.txt
मंशा	0	0	0	1	extra_words.txt
मकड़ी	2	2	2	3	JOB 8:14
मकपेला	5	5	1	6	GEN 23:17
मकपेलावाली	1	1	1	2	GEN 23:9
मकबन्नै	1	1	1	1	1CH 12:13
मकबेना	1	1	1	1	1CH 2:49
मकान	0	0	0	2	extra_words.txt
मकिदुनिया	22	22	7	32	ACT 16:9
मकिदुनियावासियों	1	1	1	0	2CO 9:2
मकिदुनियावासी	2	2	2	0	ACT 19:29
मकिदुनी	1	1	1	3	ACT 16:9
मकिदूनी	1	1	1	0	ACT 27:2
मकेराई	1	1	1	1	1CH 11:36
मकोना	1	1	1	1	NEH 11:28
मक्केदा	9	9	1	9	JOS 10:10
मक्खन	7	7	5	7	JDG 5:25
मक्खियाँ	0	0	0	1	extra_words.txt
मक्खियों	2	2	2	3	ECC 10:1
मक्खी	0	0	0	1	extra_words.txt
मक्तेश	1	1	1	1	ZEP 1:11
मक्नदबै	1	1	1	1	EZR 10:40
मखमल	1	1	1	1	LAM 4:5
मखेलोत	2	2	1	2	NUM 33:25
मगदन	1	1	1	2	MAT 15:39
मगदलीनी	12	12	4	15	MAT 27:56
मगन	73	73	24	77	JDG 16:25
मगनता	1	1	1	1	ISA 16:10
मगर	4	4	3	3	LEV 11:30
मगरमच्छ	2	2	2	1	JOB 7:12
मगरमच्छों	2	2	1	0	PSA 74:13
मगिदोन	1	1	1	0	REV 16:16
मगिद्दो	11	11	6	11	JOS 12:21
मगिद्दोन	1	1	1	1	ZEC 12:11
मगों	2	2	1	2	JER 39:3
मग्दीएल	2	2	2	2	GEN 36:43
मग्न	2	2	2	0	EXO 18:9
मग्पीआश	1	1	1	1	NEH 10:20
मग्बीस	1	1	1	1	EZR 2:30
मच	12	12	6	11	RUT 1:19
मचता	1	1	1	1	EZR 4:15
मचने	1	1	1	1	1SA 4:14
मचा	8	8	5	8	EXO 12:30
मचाएँगे	1	1	1	1	MIC 2:12
मचाएगा	1	1	1	0	MAT 12:19
मचाकर	1	1	1	1	DAN 11:10
मचाता	3	3	1	3	PRO 15:18
मचाते	7	7	5	7	PSA 2:1
मचान	4	4	3	4	NEH 8:4
मचाने	2	2	1	2	ACT 17:5
मचानेवाली	2	2	2	2	PRO 20:1
मचाया	2	2	2	2	LAM 2:7
मची	3	3	3	3	NEH 5:1
मचे	1	1	1	1	MRK 14:2
मचेगा	1	1	1	1	EXO 11:6
मचेगी	1	1	1	1	JER 49:21
मच्छ	2	2	1	7	JON 1:17
मच्छर	1	1	1	1	MAT 23:24
मछलियाँ	22	22	12	23	EXO 7:18
मछलियों	23	23	11	22	GEN 1:26
मछली	14	14	9	18	DEU 4:18
मछलीफाटक	2	2	1	0	NEH 3:3
मछवे	2	2	2	0	EZK 47:10
मछुए	1	1	1	8	MAT 13:48
मछुओं	2	2	2	1	JOB 41:6
मछुवारों	0	0	0	1	extra_words.txt
मछुवे	5	5	4	0	JOB 41:7
मजदूर	16	16	7	25	JOB 7:1
मजदूरी	24	24	16	52	GEN 30:18
मजदूरों	8	8	6	12	DEU 15:18
मजनुओं	1	1	1	1	ISA 44:4
मजनू	3	3	3	4	LEV 23:40
मजनूवृक्ष	1	1	1	0	ISA 15:7
मजबूत	2	2	2	10	JER 48:17
मजबूर	0	0	0	2	extra_words.txt
मज़दूर	8	8	4	0	EXO 12:45
मज़दूरी	22	22	11	0	GEN 30:33
मज़दूरों	1	1	1	0	LEV 25:6
मजाक	1	1	1	3	PRO 26:19
मजूरी	1	1	1	0	JOB 31:39
मटकातीं	1	1	1	1	ISA 3:16
मटके	2	2	2	2	PSA 80:5
मटकों	1	1	1	0	JHN 2:7
मढ़ता	1	1	1	1	ISA 40:19
मढ़ना	2	2	1	2	EXO 30:3
मढ़ने	2	2	1	2	NUM 16:38
मढ़वा	1	1	1	2	1KI 6:32
मढ़वाए	2	2	2	2	1KI 6:30
मढ़वाकर	1	1	1	1	1KI 6:22
मढ़वाना	9	9	1	9	EXO 25:11
मढ़वाया	13	13	2	13	1KI 6:20
मढ़ा	17	17	6	18	EXO 36:34
मढ़ाया	1	1	1	1	2CH 9:17
मढ़ी	3	3	3	3	EXO 38:28
मढ़े	4	4	2	4	EXO 26:32
मणि	39	39	8	41	EXO 25:7
मणियों	7	7	5	9	EXO 28:11
मण्डप	11	11	7	10	2SA 22:12
मण्डराता	1	1	1	2	GEN 1:2
मण्डल	4	4	4	2	JDG 5:20
मण्डलाता	1	1	1	0	DEU 32:11
मण्डली	194	194	22	201	GEN 28:3
मत	266	266	46	282	GEN 15:1
मतभेद	0	0	0	4	extra_words.txt
मतलब	8	8	7	68	GEN 39:14
मतवाला	11	11	8	11	GEN 9:21
मतवालापन	2	2	2	2	GAL 5:21
मतवाली	4	4	4	4	ISA 51:21
मतवाले	14	14	9	16	JOB 12:25
मतवालेपन	2	2	2	3	EZK 23:33
मतवालो	1	1	1	0	JOL 1:5
मतवालों	3	3	1	6	ISA 28:1
मति	1	1	1	1	ACT 4:28
मतित्याह	1	1	1	0	1CH 9:31
मतिमन्द	1	1	1	1	2CO 3:14
मतूशाएल	2	2	1	2	GEN 4:18
मतूशेलह	6	6	2	6	GEN 5:21
मत्तता	1	1	1	1	LUK 3:31
मत्तत्ता	1	1	1	1	EZR 10:33
मत्तनै	3	3	2	3	EZR 10:33
मत्तन्याह	16	16	5	16	2KI 24:17
मत्तात	2	2	1	2	LUK 3:24
मत्तान	5	5	4	5	2KI 11:18
मत्ताना	2	2	1	2	NUM 21:18
मत्तित्याह	8	8	4	10	1CH 15:18
मत्तियाह	2	2	1	2	ACT 1:23
मत्तिय्याह	1	1	1	0	1CH 25:21
मत्ती	5	5	4	49	MAT 9:9
मत्री	1	1	1	1	1SA 10:21
मत्रेद	2	2	2	2	GEN 36:39
मत्रों	1	1	1	0	EXO 8:18
मथकर	1	1	1	1	EZK 32:2
मथता	1	1	1	1	JOB 41:31
मथने	1	1	1	1	PRO 30:33
मथूशिलह	1	1	1	1	LUK 3:37
मद	3	3	2	2	ISA 51:17
मदना	1	1	1	1	GEN 25:2
मदमन्ना	2	2	2	2	JOS 15:31
मदमेन	1	1	1	1	JER 48:2
मदमेना	1	1	1	1	ISA 10:31
मदान	1	1	1	1	1CH 1:32
मदिरा	37	37	15	43	NUM 6:3
मद्य	2	2	2	2	LEV 10:9
मद्यपान	0	0	0	2	extra_words.txt
मधु	62	62	21	64	GEN 43:11
मधुभरे	1	1	1	0	PRO 16:24
मधुमक्खियों	4	4	4	4	DEU 1:44
मधुमक्खी	0	0	0	1	extra_words.txt
मधुर	13	13	9	11	2SA 23:1
मध्य	99	99	18	130	GEN 16:12
मध्यम	2	2	2	3	EZR 1:10
मध्यवास	0	0	0	1	extra_words.txt
मध्यस्थ	5	5	2	8	GAL 3:19
मन	1083	1083	62	1232	GEN 6:5
मनचाही	1	1	1	1	GEN 49:26
मनफिराव	1	1	1	0	MRK 1:4
मनभाऊ	5	5	4	9	GEN 3:6
मनभावन	0	0	0	2	extra_words.txt
मनभावना	6	6	4	5	PSA 16:6
मनभावनी	19	19	14	19	1KI 20:6
मनभावने	16	16	10	16	NUM 24:5
मनमाना	9	9	6	11	GEN 43:34
मनमानी	2	2	2	2	LEV 26:5
मनमाने	5	5	5	5	EXO 16:8
मनमोहकता	0	0	0	1	extra_words.txt
मनवाना	1	1	1	0	JOB 25:2
मनवाले	5	5	2	6	PSA 64:10
मनवालो	2	2	2	0	PSA 32:11
मनवालों	12	12	4	15	JOB 3:20
मनश्शियों	1	1	1	0	2CH 34:9
मनश्शिह	3	3	2	0	MAT 1:10
मनश्शे	127	127	13	151	GEN 41:51
मनश्शेइयों	11	11	4	12	NUM 7:54
मनश्शेई	10	10	6	10	NUM 32:41
मनश्शेवाले	1	1	1	1	NUM 26:34
मनसा	23	23	18	47	EXO 32:12
मनहेम	8	8	1	9	2KI 15:14
मना	34	34	16	42	GEN 3:11
मनाऊँगा	1	1	1	1	MAT 26:18
मनाए	1	1	1	0	NUM 9:14
मनाएँ	4	4	3	8	NUM 9:11
मनाएँगे	1	1	1	1	PSA 37:11
मनाओ	1	1	1	1	DEU 32:43
मनाकर	2	2	1	2	ACT 12:20
मनाता	1	1	1	0	GAL 1:10
मनाते	4	4	4	4	2CH 30:21
मनाना	3	3	3	1	PRO 18:19
मनाने	8	8	6	8	EXO 32:11
मनाया	19	19	12	28	GEN 19:3
मनावें	1	1	1	0	1CO 5:8
मनासोन	1	1	1	1	ACT 21:16
मनाही	0	0	0	2	extra_words.txt
मनाहेम	1	1	1	1	ACT 13:1
मनुष्य	1344	1344	55	1593	GEN 1:26
मनुष्यत्व	10	10	5	12	ROM 6:6
मनुष्यमात्र	1	1	1	2	PSA 9:20
मनुष्यवंशियो	1	1	1	0	PSA 58:1
मनुष्यो	7	7	5	0	JDG 9:7
मनुष्यों	402	402	56	473	GEN 1:27
मनुहा	1	1	1	1	JDG 20:43
मनुहोतवासी	1	1	1	1	1CH 2:52
मने	3	3	1	5	DAN 5:25
मनों	18	18	13	20	PRO 17:3
मनोकामनाएँ	0	0	0	1	extra_words.txt
मनोभाव	0	0	0	1	extra_words.txt
मनोरथ	4	4	4	3	2CH 7:11
मनोरथों	1	1	1	1	PSA 37:4
मनोवांछित	0	0	0	4	extra_words.txt
मनोवेग	0	0	0	2	extra_words.txt
मनोव्यथा	0	0	0	1	extra_words.txt
मनोहर	20	20	9	21	GEN 2:9
मनोहरता	2	2	1	3	PSA 27:4
मन्त्र	2	2	1	1	ISA 47:11
मन्त्रमुग्ध	0	0	0	1	extra_words.txt
मन्त्रियों	3	3	3	0	JOB 3:14
मन्त्री	9	9	3	0	ISA 1:26
मन्त्रों	1	1	1	0	ISA 47:9
मन्द	0	0	0	2	extra_words.txt
मन्दबुद्धि	1	1	1	0	PRO 28:16
मन्दमतियो	1	1	1	0	LUK 24:25
मन्दमतियों	0	0	0	1	extra_words.txt
मन्दिर	218	218	30	334	JDG 9:4
मन्दिरों	6	6	5	7	PSA 45:8
मन्नत	46	46	14	55	GEN 28:20
मन्नतें	18	18	6	20	NUM 30:4
मन्नतों	9	9	7	12	LEV 23:38
मन्ना	17	17	9	20	EXO 16:15
मपीबोशेत	15	15	1	19	2SA 4:4
मबुन्ने	1	1	1	1	2SA 23:27
ममूकान	3	3	1	3	EST 1:14
मम्रे	10	10	1	10	GEN 13:18
मयारहित	1	1	1	0	ROM 1:31
मयूर	1	1	1	1	1KI 10:22
मर	408	408	42	445	GEN 2:17
मरकत	5	5	3	6	EXO 28:18
मरकद	1	1	1	0	EZK 28:13
मरकर	5	5	5	38	NUM 20:26
मरकुस	8	8	5	25	ACT 12:12
मरके	3	3	3	0	JDG 15:18
मरण	4	4	3	7	DEU 30:15
मरणहार	0	0	0	1	extra_words.txt
मरता	13	13	7	14	2SA 18:33
मरते	18	18	12	17	DEU 2:16
मरदन	1	1	1	1	EZK 23:3
मरन	1	1	1	0	ECC 3:2
मरनहार	5	5	3	6	1CO 15:53
मरना	16	16	14	20	DEU 4:22
मरने	100	100	28	109	GEN 25:11
मरनेवाला	3	3	3	3	2SA 3:29
मरनेवाले	5	5	2	5	ISA 51:12
मरभूखे	1	1	1	1	ISA 56:11
मरम्मत	51	51	5	57	1KI 18:30
मरला	1	1	1	1	JOS 19:11
मरवा	28	28	13	28	JOS 10:26
मरवाऊँगा	2	2	2	2	EXO 22:24
मरवाकर	1	1	1	1	JER 26:23
मरवाना	1	1	1	2	NUM 14:3
मरहम	2	2	2	1	JOB 41:31
मरा	46	46	21	46	EXO 9:6
मरात	1	1	1	1	JOS 15:59
मरातैम	1	1	1	1	JER 50:21
मरायाह	1	1	1	1	NEH 12:12
मरायोत	9	9	3	9	1CH 6:6
मरारियों	16	16	4	17	NUM 4:29
मरारी	24	24	5	25	GEN 46:11
मरारीय	1	1	1	1	2CH 34:12
मरारीवंशियों	1	1	1	1	NUM 3:36
मरियम	70	70	11	73	EXO 15:20
मरियों	1	1	1	0	REV 9:20
मरी	69	69	21	72	EXO 5:3
मरीबा	9	9	4	13	EXO 17:7
मरीबोत	2	2	1	0	EZK 47:19
मरीब्बाल	4	4	1	4	1CH 8:34
मरु	1	1	1	1	JER 50:12
मरुभूमि	6	6	4	0	DEU 32:10
मरुस्थल	6	6	4	6	JER 22:6
मरूँ	3	3	3	4	1SA 20:14
मरूँगा	1	1	1	2	PSA 118:17
मरूँगी	1	1	1	1	RUT 1:17
मरे	165	165	37	176	GEN 38:11
मरें	7	7	4	8	GEN 42:2
मरेंगे	10	10	5	10	DEU 32:25
मरेगा	42	42	12	46	EXO 9:4
मरेगी	2	2	2	2	RUT 1:17
मरेमोत	5	5	2	6	EZR 8:33
मरेयोत	1	1	1	0	NEH 10:5
मरो	2	2	1	2	EZK 18:31
मरोगे	9	9	7	9	GEN 3:4
मरोड़	3	3	2	1	LEV 1:15
मरोड़कर	2	2	2	4	ISA 22:18
मरोड़ती	1	1	1	1	LUK 9:39
मरोड़ते	1	1	1	1	PSA 56:5
मरोड़ने	1	1	1	1	PRO 30:33
मरोड़ा	2	2	2	2	MRK 9:20
मरोदक	2	2	2	4	ISA 39:1
मर्जी	0	0	0	1	extra_words.txt
मर्तबान	1	1	1	1	HEB 9:4
मर्म	7	7	6	7	GEN 49:6
मर्मज्ञ	0	0	0	1	extra_words.txt
मर्यादा	2	2	2	4	EST 3:6
मर्सना	1	1	1	1	EST 1:14
मल	10	10	8	8	LEV 1:16
मलकर	1	1	1	3	MRK 6:13
मलकी	2	2	1	2	LUK 3:24
मलकीश	2	2	2	0	1SA 14:49
मलखुस	1	1	1	1	JHN 18:10
मलत्याह	1	1	1	1	NEH 3:7
मलमल	12	12	5	14	GEN 41:42
मलहम	1	1	1	1	JER 30:13
मला	7	7	4	10	2CH 28:15
मलाई	1	1	1	1	JOB 29:6
मलाकी	2	2	2	10	MAL 1:1
मलिकिसिदक	9	9	2	18	GEN 14:18
मलिन	4	4	3	5	ISA 60:20
मलिनता	4	4	4	4	ZEC 13:1
मलें	1	1	1	1	MRK 16:1
मलेआह	1	1	1	1	LUK 3:31
मलो	1	1	1	2	ISA 21:5
मल्काम	3	3	2	3	1CH 8:9
मल्कियाह	7	7	3	0	1CH 9:12
मल्किय्याह	10	10	3	17	1CH 6:40
मल्कीएल	3	3	3	3	GEN 46:17
मल्कीएलियों	1	1	1	1	NUM 26:45
मल्कीराम	1	1	1	1	1CH 3:18
मल्कीश	3	3	2	0	1SA 31:2
मल्लयुद्ध	4	4	2	5	GEN 30:8
मल्लाह	6	6	5	7	2CH 8:18
मल्लाहों	5	5	3	6	1KI 9:27
मल्लूक	7	7	3	7	1CH 6:44
मल्लूकी	1	1	1	1	NEH 12:14
मल्लोती	2	2	1	2	1CH 25:4
मवेशियों	0	0	0	1	extra_words.txt
मश	1	1	1	1	GEN 10:23
मशकें	4	4	3	4	MAT 9:17
मशकों	8	8	3	8	MAT 9:17
मशाल	8	8	5	8	GEN 15:17
मशालें	4	4	1	4	MAT 25:1
मशालों	5	5	5	5	JDG 15:5
मशिल्लीत	1	1	1	1	1CH 9:12
मशिल्लेमोत	2	2	2	2	2CH 28:12
मशुल्लाम	25	25	5	25	2KI 22:3
मशुल्लेमेत	1	1	1	1	2KI 21:19
मशेजबेल	3	3	1	3	NEH 3:4
मशेलेम्याह	3	3	1	4	1CH 26:1
मशोबाब	1	1	1	1	1CH 4:34
मसाला	9	9	5	10	PSA 75:8
मसाले	1	1	1	2	REV 18:13
मसालों	4	4	3	4	1KI 10:2
मसीह	540	540	26	740	MAT 1:1
मसीही	5	5	4	51	ACT 11:26
मसूर	4	4	3	4	GEN 25:34
मसोबाई	1	1	1	1	1CH 11:47
मस्तक	1	1	1	2	PSA 3:3
मस्तिष्क	0	0	0	1	extra_words.txt
मस्तूल	3	3	3	5	PRO 23:34
मस्रेकाई	1	1	1	1	1CH 1:47
मस्रेकावासी	1	1	1	1	GEN 36:36
मस्सा	7	7	5	8	GEN 25:14
महँगा	1	1	1	2	ISA 13:12
महँगी	34	34	6	1	DEU 8:9
महज	0	0	0	1	extra_words.txt
महजीओत	2	2	1	2	1CH 25:4
महत	4	4	2	4	1CH 6:35
महत्त्व	2	2	2	22	JOB 7:17
महत्त्वहीनता	0	0	0	1	extra_words.txt
महत्व	4	4	4	0	DEU 10:21
महत्वपूर्ण	1	1	1	1	2CO 4:17
महत्वहीन	0	0	0	2	extra_words.txt
महत्वाकांक्षी	0	0	0	1	extra_words.txt
महनेदान	2	2	1	2	JDG 13:25
महनैम	14	14	6	14	GEN 32:2
महरै	3	3	2	3	2SA 23:28
महल	10	10	6	21	1KI 7:1
महलत	2	2	2	4	GEN 28:9
महललेल	8	8	4	9	GEN 5:12
महला	5	5	3	5	NUM 26:33
महलियों	2	2	1	2	NUM 3:33
महली	14	14	4	14	EXO 6:19
महलों	6	6	3	7	PSA 48:3
महलोन	4	4	1	4	RUT 1:2
महवीमी	1	1	1	1	1CH 11:46
महसूल	13	13	3	0	MAT 5:46
महसूस	0	0	0	4	extra_words.txt
महसेयाह	2	2	1	2	JER 32:12
महा	2	2	2	13	GEN 15:12
महाकरुणा	1	1	1	1	LAM 3:22
महाकर्म	1	1	1	1	PSA 46:8
महाकर्मों	1	1	1	1	PSA 9:11
महाकष्ट	0	0	0	1	extra_words.txt
महाकार्य	1	1	1	1	PSA 71:19
महाक्लेश	1	1	1	2	REV 7:14
महाजन	4	4	4	5	EXO 22:25
महाजलराशि	2	2	2	0	EXO 15:10
महाजाल	4	4	3	4	ISA 51:20
महाज्वर	1	1	1	1	HAB 3:5
महातरंगों	1	1	1	1	PSA 93:4
महाध्वनि	1	1	1	1	ISA 29:6
महान	1	1	1	151	PSA 89:16
महानगर	0	0	0	2	extra_words.txt
महानद	62	62	20	48	GEN 15:18
महानदी	3	3	3	3	GEN 2:10
महानदों	8	8	4	9	PSA 24:2
महान्	90	90	28	0	GEN 12:2
महापवित्र	0	0	0	1	extra_words.txt
महापाप	28	28	10	28	LEV 18:17
महापापिनी	1	1	1	1	EZK 23:44
महापुरुष	1	1	1	1	JER 30:21
महाप्रताप	1	1	1	1	EXO 15:7
महाप्रतापी	6	6	3	9	EXO 15:1
महाप्रलय	1	1	1	1	JOB 21:30
महाबल	1	1	1	1	JDG 16:5
महाबली	1	1	1	0	PSA 10:10
महाबुद्धिमान	1	1	1	1	ISA 28:29
महामच्छ	1	1	1	0	JON 1:17
महामहिमन्	2	2	1	3	HEB 1:3
महामहिम्	3	3	1	0	ACT 23:26
महामारियाँ	1	1	1	2	LUK 21:11
महामारियों	1	1	1	2	REV 9:18
महामारी	3	3	2	11	2SA 24:21
महामूर्खता	0	0	0	1	extra_words.txt
महायाजक	87	87	16	100	LEV 21:10
महायाजकीय	0	0	0	1	extra_words.txt
महायाजकों	1	1	1	2	HEB 7:27
महायुद्ध	0	0	0	1	extra_words.txt
महाराज	3	3	3	2	DAN 2:16
महाराजा	9	9	4	9	PSA 10:16
महाराजाधिराज	9	9	5	11	2KI 18:19
महारोग	1	1	1	1	PSA 91:6
महारोगों	1	1	1	1	DEU 32:24
महाविपत्ति	1	1	1	2	NUM 8:19
महावृष्टि	1	1	1	1	JOB 38:25
महाव्यभिचारिणी	1	1	1	1	EZK 16:25
महाशक्तियों	0	0	0	1	extra_words.txt
महाशब्द	5	5	3	6	EXO 19:13
महाशब्दवाली	1	1	1	1	PSA 150:5
महाशोभा	1	1	1	1	JOB 31:26
महासंकट	0	0	0	1	extra_words.txt
महासंहार	1	1	1	1	ISA 30:25
महासभा	27	27	13	41	LEV 23:36
महासभाओं	3	3	3	1	AMO 5:21
महासमुद्र	5	5	2	5	NUM 34:6
महासागर	16	16	8	15	JOS 9:1
महासामर्थ्य	2	2	2	2	PSA 66:3
महिमा	294	294	45	361	GEN 49:6
महिमापूर्ण	1	1	1	1	ISA 63:15
महिमायुक्त	6	6	6	8	1SA 2:8
महिमावान	1	1	1	1	ISA 44:23
महिला	3	3	2	8	JHN 2:4
महिलाओं	1	1	1	4	EXO 38:8
महीदा	2	2	2	2	EZR 2:52
महीन	2	2	1	3	REV 19:8
महीना	10	10	9	13	GEN 29:14
महीने	229	229	28	224	GEN 7:11
महीनों	10	10	4	11	NUM 10:10
महीर	1	1	1	1	1CH 4:11
महूमान	1	1	1	1	EST 1:10
महूयाएल	2	2	1	2	GEN 4:18
महेतबेल	3	3	3	3	GEN 36:39
महेर्शालाल्हाशबज	2	2	1	3	ISA 8:1
महोत्सव	0	0	0	1	extra_words.txt
महोलवासी	1	1	1	1	2SA 21:8
महोला	1	1	1	0	JDG 7:22
महोलाई	1	1	1	1	1SA 18:19
माँ	37	37	18	42	GEN 32:11
माँग	23	23	12	36	EXO 3:22
माँगकर	5	5	4	5	1SA 1:20
माँगता	8	8	8	9	JDG 8:24
माँगती	8	8	3	8	1KI 2:20
माँगते	14	14	9	16	PSA 37:25
माँगना	1	1	1	4	PSA 109:10
माँगने	15	15	11	17	GEN 41:55
माँगनेवालों	2	2	2	2	MAT 7:11
माँगा	34	34	18	34	EXO 12:36
माँगी	13	13	8	17	JDG 12:2
माँगूँ	2	2	2	0	EST 5:8
माँगे	11	11	5	13	PRO 30:7
माँगें	3	3	3	1	EZR 8:21
माँगेगा	1	1	1	1	JHN 11:22
माँगेगी	2	2	2	2	MAT 14:7
माँगो	9	9	7	11	GEN 34:12
माँगोगे	5	5	2	5	MAT 21:22
माँजते	1	1	1	2	LUK 11:39
माँजना	1	1	1	0	MRK 7:4
माँझियों	1	1	1	1	EZK 27:28
माँझी	5	5	3	6	EZK 27:8
माँद	4	4	2	14	DAN 6:7
माँदा	2	2	2	0	DEU 25:18
माँदे	2	2	2	1	1SA 14:28
माँदें	1	1	1	1	ISA 32:14
माँदों	3	3	3	3	JOB 37:8
माँस	3	3	3	215	JDG 9:2
मांगा	1	1	1	0	1JN 5:15
मांज	1	1	1	0	MAT 23:26
मांजते	1	1	1	0	MAT 23:25
मांजा	1	1	1	0	LEV 6:28
मांद	3	3	3	0	JOB 38:40
मांदे	2	2	2	0	JOB 3:17
मांस	202	202	37	0	GEN 2:21
मांसाहारी	5	5	4	0	GEN 15:11
माऐ	1	1	1	1	NEH 12:36
माओक	1	1	1	1	1SA 27:2
माओन	7	7	3	7	JOS 15:55
माओनी	1	1	1	1	JDG 10:12
माकस	1	1	1	1	1KI 4:9
माका	22	22	5	22	GEN 22:24
माकाई	2	2	2	2	2KI 25:23
माकावासियों	2	2	2	2	DEU 3:14
माकावासी	1	1	1	1	JER 40:8
माकियों	2	2	1	2	JOS 12:5
माकी	2	2	2	2	NUM 13:15
माकीर	22	22	7	24	GEN 50:23
माकीरियों	1	1	1	1	NUM 26:29
मागोग	5	5	4	5	GEN 10:2
मागोर्मिस्साबीब	1	1	1	1	JER 20:3
माज्याह	2	2	2	2	1CH 24:18
माझी	1	1	1	0	REV 18:17
माणिक	2	2	2	1	JOB 28:18
माणिकों	1	1	1	1	ISA 54:12
माणिक्य	4	4	2	5	EXO 28:17
मात	1	1	1	1	LUK 3:26
माता	288	288	42	261	GEN 2:24
माताएँ	3	3	3	3	JER 16:3
माताओं	2	2	2	2	JER 15:8
मात्र	2	2	2	18	JOB 35:8
मात्रा	3	3	2	10	2CH 4:18
माथा	4	4	3	5	NEH 8:6
माथे	23	23	8	24	GEN 3:19
माथों	2	2	2	2	EZK 9:4
मादा	10	10	3	13	GEN 6:19
मादियों	8	8	3	8	2KI 17:6
मादी	7	7	4	7	EST 1:18
मादे	1	1	1	1	EZR 6:2
मादै	8	8	6	8	GEN 10:2
मादोन	2	2	1	2	JOS 11:1
माद्याह	1	1	1	1	NEH 12:5
मान	82	82	31	85	GEN 16:2
मानकर	62	62	30	72	GEN 23:16
मानता	67	67	25	78	GEN 22:12
मानती	10	10	8	17	EXO 1:17
मानतीं	1	1	1	1	MIC 5:15
मानते	97	97	33	112	EXO 9:20
मानना	99	99	20	120	EXO 12:14
माननी	2	2	2	2	GAL 5:3
माननीय	2	2	2	2	ISA 3:5
मानने	61	61	20	76	EXO 12:42
माननेवाला	9	9	7	8	DEU 18:10
माननेवाली	2	2	2	2	PSA 148:8
माननेवाले	9	9	5	10	NEH 1:5
माननेवालो	1	1	1	0	ZEP 2:3
माननेवालों	11	11	9	14	DEU 18:14
मानव	0	0	0	2	extra_words.txt
मानव-प्रकृति	0	0	0	1	extra_words.txt
मानवी	1	1	1	0	PSA 17:4
मानसिक	0	0	0	4	extra_words.txt
मानसिकता	0	0	0	4	extra_words.txt
मानहत	4	4	2	4	GEN 36:23
मानहती	1	1	1	1	1CH 2:54
माना	116	116	33	162	EXO 7:13
मानी	70	70	24	84	GEN 22:18
मानीं	8	8	8	7	NUM 14:22
मानूँ	2	2	2	2	NUM 22:18
मानूँगा	3	3	1	4	PSA 119:8
माने	57	57	25	62	EXO 12:48
मानें	33	33	14	35	EXO 4:8
मानेंगी	3	3	2	3	GEN 22:18
मानेंगे	20	20	14	21	EXO 3:18
मानेगा	12	12	9	12	DEU 8:10
मानेगी	1	1	1	1	ZEP 3:7
मानो	157	157	38	175	GEN 31:26
मानों	2	2	2	1	LEV 26:37
मानोगे	7	7	4	7	EXO 16:28
मानोह	18	18	1	19	JDG 13:2
मान्दे	3	3	1	0	JDG 8:4
मान्दें	1	1	1	0	PRO 30:26
मान्य	0	0	0	1	extra_words.txt
मान्यता	0	0	0	2	extra_words.txt
मान्यताओं	0	0	0	1	extra_words.txt
माप	15	15	3	15	JOB 11:9
मापकर	33	33	3	31	2SA 8:2
मापना	3	3	2	2	EZK 45:3
मापने	10	10	3	12	1CH 23:29
मापा	9	9	4	9	2SA 8:2
मापी	1	1	1	2	EZK 40:20
मापीं	1	1	1	0	EZK 42:20
मापे	2	2	1	2	EZK 40:14
मापें	1	1	1	1	EZK 43:10
मामला	0	0	0	2	extra_words.txt
मामले	2	2	2	5	NUM 25:18
मामलों	0	0	0	4	extra_words.txt
मामा	3	3	1	3	GEN 28:2
मामाओं	2	2	1	2	JDG 9:1
मायके	1	1	1	1	RUT 1:8
माया	1	1	1	0	PRO 7:21
मार	531	531	42	555	GEN 4:15
मारकर	30	30	19	54	NUM 22:6
मारके	16	16	8	0	GEN 43:16
मारखानेवालों	1	1	1	0	2CO 6:9
मारता	28	28	15	28	EXO 2:13
मारती	4	4	3	4	2SA 2:26
मारते	37	37	17	27	GEN 14:6
मारना	11	11	9	15	EXO 17:6
मारने	40	40	25	45	GEN 25:22
मारनेवाला	2	2	2	2	EXO 21:19
मारनेवाली	1	1	1	0	ISA 14:29
मारनेवाले	8	8	5	11	EXO 21:13
मारनेवालों	3	3	2	2	PSA 49:5
मारपीट	9	9	6	11	EXO 2:13
मारा	192	192	27	192	GEN 8:21
मारापीट	1	1	1	0	2SA 14:6
मारी	21	21	10	22	NUM 20:11
मारूँ	3	3	1	3	1SA 17:9
मारूँगा	13	13	9	13	GEN 8:21
मारे	289	289	41	259	GEN 18:15
मारें	8	8	8	7	GEN 37:21
मारेंगे	7	7	6	7	ISA 11:14
मारेगा	21	21	13	21	GEN 49:19
मारेगेवा	1	1	1	1	JDG 20:33
मारेशा	7	7	4	7	JOS 15:44
मारेशावासी	1	1	1	1	2CH 20:37
मारो	5	5	5	3	2SA 13:28
मारोगे	2	2	2	2	MAT 23:34
मार्ग	493	493	39	549	GEN 3:24
मार्गदर्शक	1	1	1	2	MAT 15:14
मार्गों	54	54	18	60	DEU 8:6
मार्जिन	0	0	0	1	extra_words.txt
मार्था	13	13	2	16	LUK 10:38
माल	34	34	13	34	EXO 15:9
माला	2	2	2	3	PRO 1:9
मालिक	6	6	6	8	1KI 16:24
मालिकों	1	1	1	1	LUK 19:33
मालियो	1	1	1	0	JOL 1:11
माली	3	3	3	3	2CH 26:10
मालूम	80	80	28	80	GEN 3:7
माल्टा	1	1	1	5	ACT 28:1
माशाल	1	1	1	1	1CH 6:74
माशेयाह	1	1	1	0	NEH 10:25
मास	1	1	1	1	1CH 2:27
मासिक	4	4	2	6	GEN 18:11
मासिकधर्म	1	1	1	0	GEN 31:35
मासूमियत	0	0	0	1	extra_words.txt
मासेयाह	22	22	5	23	1CH 15:18
मासै	1	1	1	1	1CH 9:12
माह	3	3	1	4	EST 2:12
माहात्म्य	7	7	4	9	EST 1:4
माहोल	1	1	1	1	1KI 4:31
मिकनेयाह	2	2	1	2	1CH 15:18
मिकपास	1	1	1	0	NEH 7:31
मिकमतात	2	2	1	2	JOS 16:6
मिकमश	1	1	1	0	NEH 11:31
मिकमाश	8	8	2	11	1SA 13:2
मिकमास	1	1	1	0	EZR 2:27
मिकाएल	1	1	1	0	1CH 5:14
मिकोत	1	1	1	0	1CH 8:32
मिक्री	1	1	1	1	1CH 9:8
मिक्लोत	1	1	1	4	1CH 27:4
मिगदलगाद	1	1	1	1	JOS 15:37
मिगदलेल	1	1	1	1	JOS 19:38
मिगदोल	2	2	2	0	EXO 14:2
मिग्दोल	4	4	2	7	JER 44:1
मिग्रोन	2	2	2	2	1SA 14:2
मिचलाता	1	1	1	1	PSA 107:18
मिज़पा	1	1	1	0	GEN 31:49
मिज्जा	3	3	2	3	GEN 36:13
मिट	52	52	22	55	GEN 7:23
मिटकर	1	1	1	1	JER 44:27
मिटता	2	2	2	2	JOB 5:2
मिटते	3	3	2	3	PSA 49:12
मिटने	1	1	1	1	REV 3:2
मिटा	44	44	22	47	GEN 6:7
मिटाई	2	2	2	2	EZK 6:6
मिटाऊँगा	2	2	1	2	EZK 25:7
मिटाए	2	2	2	0	JOB 36:20
मिटाएगा	3	3	3	3	ISA 2:4
मिटाके	1	1	1	0	NUM 5:23
मिटाता	1	1	1	1	PSA 46:9
मिटाने	5	5	4	5	GEN 42:19
मिटाया	6	6	3	6	NEH 4:5
मिटे	7	7	5	7	GEN 7:22
मिटेंगे	6	6	6	6	NUM 14:35
मिटेगा	3	3	3	3	PSA 41:5
मिटेगी	2	2	2	2	PRO 6:33
मिट्टी	235	235	35	257	GEN 2:7
मिट्टीवाली	2	2	2	2	1KI 7:46
मितुलेने	1	1	1	2	ACT 20:14
मित्का	2	2	1	2	NUM 33:28
मित्र	71	71	23	89	GEN 38:12
मित्रता	3	3	2	11	JOB 24:17
मित्रभाव	6	6	4	6	1SA 16:4
मित्रो	2	2	2	0	JOB 19:21
मित्रों	37	37	12	49	2SA 3:8
मिथ्या	13	13	5	13	PSA 40:4
मिथ्यागर्व	0	0	0	1	extra_words.txt
मिथ्रदात	2	2	1	2	EZR 1:8
मिद्दान	1	1	1	0	EXO 18:1
मिद्दीन	1	1	1	1	JOS 15:61
मिद्यान	23	23	10	25	GEN 25:2
मिद्यानियों	28	28	6	34	GEN 36:35
मिद्यानी	15	15	3	17	GEN 37:28
मिन्नाह	1	1	1	1	LUK 3:31
मिन्नी	1	1	1	1	JER 51:27
मिन्नीत	2	2	2	2	JDG 11:33
मिन्यामीन	3	3	2	3	2CH 31:15
मिबसाम	4	4	2	4	GEN 25:13
मिबसार	2	2	2	2	GEN 36:42
मिभार	1	1	1	1	1CH 11:38
मिमियाना	1	1	1	1	1SA 15:14
मिमियाने	1	1	1	1	JER 25:36
मियान	1	1	1	0	JER 47:6
मियामीन	1	1	1	0	EZR 10:25
मिय्यामीन	2	2	2	4	1CH 24:9
मिर्गी	1	1	1	2	MAT 17:15
मिर्गीवालों	1	1	1	1	MAT 4:24
मिर्मा	1	1	1	1	1CH 8:10
मिर्य्याम	1	1	1	0	1CH 4:17
मिल	88	88	30	93	GEN 3:19
मिलकर	73	73	29	83	GEN 46:26
मिलता	58	58	26	72	GEN 2:11
मिलती	50	50	30	53	EXO 34:34
मिलतीं	1	1	1	1	1SA 10:14
मिलते	9	9	5	10	GEN 2:12
मिलते-जुलते	0	0	0	1	extra_words.txt
मिलनसार	1	1	1	1	JAS 3:17
मिलना	11	11	9	22	1SA 18:8
मिलनी	1	1	1	2	LUK 10:7
मिलने	54	54	19	61	GEN 24:65
मिलनेवाला	3	3	3	4	PSA 46:1
मिललै	1	1	1	1	NEH 12:36
मिला	262	262	44	313	GEN 2:20
मिलाई	1	1	1	1	1KI 6:10
मिलाऊँगा	2	2	2	2	2CH 34:28
मिलाए	4	4	4	6	EXO 36:29
मिलाएँ	1	1	1	1	2CO 10:12
मिलाएँगे	1	1	1	1	LUK 19:44
मिलाएगा	1	1	1	1	JOB 10:9
मिलाकर	26	26	14	25	EXO 30:35
मिलाजुला	0	0	0	1	extra_words.txt
मिलाता	1	1	1	1	PRO 10:22
मिलाते	2	2	1	2	ISA 2:6
मिलान	2	2	2	1	ISA 46:5
मिलाने	1	1	1	2	EZK 46:14
मिलानेवालो	1	1	1	1	AMO 5:7
मिलाप	14	14	9	26	1KI 8:4
मिलापवाला	4	4	3	9	EXO 31:7
मिलापवाले	140	140	8	169	EXO 27:21
मिलापस्थान	1	1	1	0	LAM 2:6
मिलाया	9	9	6	9	EXO 26:10
मिलाये	1	1	1	0	EXO 26:24
मिलावट	7	7	5	8	EXO 30:32
मिली	83	83	34	88	GEN 37:35
मिलीं	7	7	4	8	JOS 14:4
मिलूँ	1	1	1	1	ACT 28:20
मिलूँगा	4	4	4	4	JOB 7:8
मिले	172	172	41	173	GEN 12:16
मिलें	15	15	9	16	GEN 18:26
मिलेंगी	2	2	2	1	EZK 47:10
मिलेंगे	8	8	7	9	GEN 45:18
मिलेगा	84	84	31	95	EXO 16:25
मिलेगी	24	24	11	28	GEN 4:12
मिलेतुस	2	2	1	0	ACT 20:15
मिल्का	12	12	3	12	GEN 11:29
मिल्कोत	2	2	1	0	1CH 9:37
मिल्कोम	3	3	2	5	1KI 11:5
मिल्लो	7	7	5	7	2SA 5:9
मिशाम	1	1	1	1	1CH 8:12
मिशाल	2	2	1	2	JOS 19:26
मिश्नाह	1	1	1	1	ZEP 1:10
मिश्मन्ना	1	1	1	1	1CH 12:10
मिश्मा	4	4	2	4	GEN 25:14
मिश्रण	1	1	1	4	1CH 9:30
मिश्राई	1	1	1	1	1CH 2:53
मिश्रित	0	0	0	1	extra_words.txt
मिसगार	1	1	1	1	PSA 42:6
मिसपा	2	2	2	0	1SA 22:3
मिस्पा	38	38	8	47	JOS 11:3
मिस्पार	1	1	1	1	EZR 2:2
मिस्पे	5	5	2	7	JOS 11:8
मिस्पेरेत	1	1	1	1	NEH 7:7
मिस्र	602	602	32	703	GEN 10:6
मिस्रपोतमैम	2	2	1	2	JOS 11:8
मिस्रवासियों	0	0	0	1	extra_words.txt
मिस्रियों	87	87	17	101	GEN 12:14
मिस्री	64	64	16	73	GEN 12:12
मींजकर	1	1	1	2	LEV 2:16
मींजके	1	1	1	0	LEV 2:14
मींजते	1	1	1	1	EZK 23:21
मींजी	2	2	1	2	EZK 23:3
मीकल	17	17	3	21	1SA 14:49
मीका	37	37	6	58	JDG 17:1
मीकाईल	2	2	2	2	JUD 1:9
मीकाएल	13	13	5	14	NUM 13:13
मीकायाह	29	29	5	30	1KI 22:8
मीठा	15	15	8	16	EXO 15:25
मीठी	16	16	7	13	JDG 14:14
मीठे	5	5	4	5	PSA 119:103
मीठेपन	1	1	1	1	JDG 9:11
मीनार	3	3	1	8	SNG 4:4
मीम	1	1	1	1	PSA 119:96
मीय्यामीन	1	1	1	0	NEH 12:5
मीरास	19	19	10	0	ECC 7:11
मील	3	3	2	26	LUK 24:13
मीलेतुस	1	1	1	4	2TI 4:20
मीशाएल	8	8	4	9	EXO 6:22
मुँड़	1	1	1	0	ISA 7:20
मुँड़वाकर	1	1	1	0	LEV 14:8
मुँड़ा	3	3	2	0	JER 9:26
मुँड़ाए	4	4	3	0	LEV 14:9
मुँड़ाएँ	3	3	2	0	LEV 21:5
मुँड़ाकर	2	2	2	0	JOB 1:20
मुँड़ाता	3	3	1	0	2SA 14:26
मुँड़ाना	3	3	2	0	LEV 19:27
मुँड़ी	1	1	1	0	ISA 15:2
मुँड़े	1	1	1	0	ISA 15:2
मुँह	638	638	55	669	GEN 4:5
मुँहामुँह	1	1	1	0	JHN 2:7
मुंडवा	1	1	1	0	EZK 27:31
मुंडाऊँगा	1	1	1	0	AMO 8:10
मुंडाएँगे	1	1	1	0	JER 16:6
मुंडानेवालों	1	1	1	0	JER 49:32
मुंडे	3	3	2	3	ISA 13:2
मुंडेर	1	1	1	1	1KI 7:9
मुंदरियाँ	1	1	1	1	NUM 31:50
मुंदरी	1	1	1	1	EXO 35:22
मुंशी	4	4	3	5	2KI 25:19
मुआवजे	0	0	0	1	extra_words.txt
मुकदमेबाजी	0	0	0	1	extra_words.txt
मुकर	8	8	6	10	GEN 18:15
मुकरता	1	1	1	1	ACT 25:11
मुकरने	1	1	1	1	LUK 8:45
मुकरूँगा	1	1	1	1	MAT 26:35
मुकरेगा	1	1	1	1	PSA 132:11
मुक़द्दमा	80	80	19	0	EXO 18:16
मुक़द्दमावाले	1	1	1	0	2SA 15:4
मुक़द्दमे	15	15	6	0	EXO 23:2
मुक़द्दमें	1	1	1	0	PSA 112:5
मुक़द्दमों	8	8	3	0	EXO 18:19
मुकुट	60	60	29	67	GEN 49:26
मुकुटधारी	1	1	1	1	NAM 3:17
मुकुटमणि	1	1	1	2	ZEC 9:16
मुक्किय्याह	1	1	1	0	1CH 25:4
मुक्के	1	1	1	1	EXO 21:18
मुक्कों	1	1	1	1	1CO 9:26
मुक्त	5	5	4	22	1CH 9:33
मुक्तभाव	0	0	0	1	extra_words.txt
मुक्ति	2	2	1	28	PSA 18:2
मुक्तिगान	0	0	0	1	extra_words.txt
मुक्तिदाता	1	1	1	2	PSA 18:46
मुक्तिदान	0	0	0	1	extra_words.txt
मुख	127	127	24	129	GEN 9:23
मुखड़ा	1	1	1	1	PSA 13:1
मुखिया	19	19	11	21	NUM 3:32
मुखिये	4	4	4	0	1KI 5:16
मुखियों	2	2	2	2	1CH 12:23
मुखों	3	3	1	3	EZK 1:10
मुख्य	186	186	21	151	EXO 6:14
मुचलका	1	1	1	0	ACT 17:9
मुझ	1115	1115	56	555	GEN 12:12
मुझको	4	4	3	0	GEN 27:34
मुझपर	230	230	0	0	OV bigram
मुझमें	66	66	0	0	OV bigram
मुझसे	14	14	8	614	GEN 24:49
मुझी	11	11	9	13	GEN 27:13
मुझे	1519	1519	58	1602	GEN 3:12
मुट्ठियों	3	3	3	3	LEV 16:12
मुट्ठी	22	22	12	23	EXO 9:8
मुठभेड़	2	2	2	2	JDG 7:24
मुठ्ठी	1	1	1	0	1KI 7:26
मुड़	13	13	10	11	GEN 18:22
मुड़कर	38	38	16	39	EXO 32:15
मुड़के	3	3	3	0	NUM 21:33
मुड़ते	6	6	1	6	EZK 1:9
मुड़ना	7	7	4	7	DEU 5:32
मुड़ने	1	1	1	1	ISA 30:21
मुड़नेवाले	1	1	1	1	EZK 41:24
मुड़नेवालों	1	1	1	1	PSA 40:4
मुड़वाए	1	1	1	0	1CH 19:4
मुड़वाकर	1	1	1	0	2SA 10:4
मुड़ा	7	7	5	7	EXO 3:4
मुड़ाए	1	1	1	0	NUM 6:9
मुड़ाने	1	1	1	0	ISA 22:12
मुड़ी	1	1	1	0	JHN 20:14
मुड़ीं	1	1	1	1	1SA 6:12
मुड़ूँगा	1	1	1	1	DEU 2:27
मुड़े	7	7	7	0	NUM 34:4
मुड़ेंगे	2	2	2	2	NUM 20:17
मुड़ेगा	2	2	2	2	JDG 20:8
मुड़ो	2	2	2	2	1SA 22:17
मुण्ड	1	1	1	0	JDG 16:22
मुण्डन	3	3	3	0	LEV 14:9
मुण्डवा	1	1	1	0	JDG 16:19
मुण्डा	1	1	1	0	NUM 6:19
मुण्डाएँ	1	1	1	0	EZK 44:20
मुण्डाकर	1	1	1	0	NUM 6:18
मुण्डाया	1	1	1	0	ACT 18:18
मुण्डी	1	1	1	0	1CO 11:5
मुण्डे	7	7	3	0	NUM 23:3
मुण्डेर	1	1	1	2	DEU 22:8
मुद्दइयों	3	3	1	1	ACT 23:30
मुद्दई	10	10	6	10	2SA 15:2
मुद्दाअलैह	1	1	1	0	ACT 25:16
मुद्रा	0	0	0	3	extra_words.txt
मुन्शी	1	1	1	0	JER 52:25
मुप्पीम	1	1	1	1	GEN 46:21
मुफ़्त	1	1	1	0	2TH 3:8
मुफ्त	1	1	1	2	GEN 29:15
मुरझाई	3	3	1	0	GEN 41:6
मुरझाते	1	1	1	0	PSA 1:3
मुरझाने	2	2	2	0	1CO 9:25
मुरझानेवाले	1	1	1	0	1CO 9:25
मुरदा	1	1	1	0	LUK 7:15
मुरदे	4	4	2	0	MAT 8:22
मुरदों	2	2	2	0	MAT 8:22
मुर्ग़	13	13	4	0	MAT 26:34
मुर्गी	2	2	2	2	MAT 23:37
मुर्झा	11	11	2	12	PSA 18:45
मुर्झाए	1	1	1	1	ISA 1:30
मुर्झाएँगे	2	2	2	2	2SA 22:46
मुर्झाएगी	1	1	1	1	ISA 24:4
मुर्झाकर	1	1	1	1	ISA 34:4
मुर्झानेवाला	2	2	1	2	ISA 28:1
मुर्झानेवाले	1	1	1	2	ISA 51:12
मुर्दा	3	3	3	5	ROM 7:8
मुर्दे	8	8	4	15	2KI 8:5
मुर्दो	1	1	1	0	1CO 15:20
मुर्दों	16	16	10	22	LEV 19:28
मुर्र	1	1	1	1	MRK 15:23
मुलायम	0	0	0	1	extra_words.txt
मुश्क	1	1	1	1	SNG 4:14
मुसाफिर	1	1	1	1	EPH 2:19
मुसीबत	0	0	0	2	extra_words.txt
मुहर	32	32	6	54	GEN 38:18
मुहरबन्द	4	4	3	4	DEU 32:34
मुहरें	8	8	2	9	LUK 19:13
मुहरों	2	2	2	3	PSA 119:72
मुहाने	3	3	1	3	JOS 15:5
मुहावरा	0	0	0	2	extra_words.txt
मुहूर्तों	2	2	2	0	LEV 19:26
मुहूर्त्तों	3	3	2	5	DEU 18:10
मूँगे	2	2	1	1	PRO 8:11
मूँगों	1	1	1	2	PRO 31:10
मूँड़	1	1	1	0	EZK 5:1
मूँड़ा	3	3	2	0	LEV 13:33
मूँड़े	2	2	2	0	JER 48:37
मूँड़ेगा	1	1	1	0	ISA 7:20
मूँद	1	1	1	4	ISA 33:15
मूँदनेवाला	1	1	1	1	PRO 16:30
मूंगा	1	1	1	0	EZK 27:16
मूंगे	2	2	2	0	JOB 28:18
मूंगों	1	1	1	0	LAM 4:7
मूंद	1	1	1	0	MAT 13:15
मूठ	2	2	2	1	JDG 3:22
मूठों	1	1	1	1	SNG 5:5
मूढ़	45	45	10	1	DEU 32:6
मूढ़ता	29	29	9	6	JDG 19:23
मूढ़ों	2	2	2	0	JOB 30:8
मूत्र	2	2	2	2	2KI 18:27
मूनियों	2	2	1	2	2CH 20:1
मूनी	1	1	1	1	1CH 4:41
मूनीम	2	2	2	2	EZR 2:50
मूरत	37	37	9	47	JDG 17:3
मूरतें	38	38	12	35	LEV 26:1
मूरतों	88	88	22	94	EXO 23:24
मूरा	1	1	1	1	ACT 27:5
मूर्ख	73	73	12	151	JOB 12:17
मूर्खता	43	43	18	88	GEN 31:28
मूर्खतापूर्ण	0	0	0	2	extra_words.txt
मूर्खतारूपी	1	1	1	0	PRO 9:13
मूर्खो	4	4	3	0	PSA 94:8
मूर्खों	23	23	5	28	PRO 3:35
मूर्च्छित	11	11	6	0	PSA 27:13
मूर्छा	3	3	3	4	PSA 61:2
मूर्ति	37	37	11	34	EXO 20:4
मूर्तिकला	0	0	0	1	extra_words.txt
मूर्तिपूजक	5	5	3	11	1CO 5:11
मूर्तिपूजकों	2	2	2	5	1CO 5:10
मूर्तिपूजा	4	4	4	69	1CO 10:14
मूर्तियाँ	9	9	5	25	EXO 34:17
मूर्तियों	27	27	12	49	EXO 34:13
मूल	23	23	12	109	GEN 12:2
मूलपिता	4	4	1	5	GEN 17:4
मूलपुरुष	40	40	11	46	GEN 10:21
मूलमाता	1	1	1	2	GEN 17:16
मूल्य	20	20	10	28	GEN 34:12
मूल्यांकन	0	0	0	1	extra_words.txt
मूशियों	2	2	1	2	NUM 3:33
मूशी	9	9	3	9	EXO 6:19
मूसल	1	1	1	1	PRO 27:22
मूसलाधार	1	1	1	1	JOB 37:6
मूसा	850	850	31	1001	EXO 2:10
मूसिया	2	2	1	3	ACT 16:7
मृग	3	3	3	3	DEU 14:5
मृगतृष्णा	1	1	1	1	ISA 35:7
मृगनी	1	1	1	1	SNG 7:3
मृगशिरा	3	3	2	3	JOB 9:9
मृतक	15	15	6	18	GEN 23:4
मृतकों	1	1	1	9	MAT 28:7
मृत्यु	210	210	39	344	GEN 21:16
मृत्युञ्जय	1	1	1	0	PHP 3:10
मृत्युदण्ड	1	1	1	16	ACT 26:31
मृत्युलोक	0	0	0	2	extra_words.txt
मृदंग	1	1	1	1	GEN 31:27
मृदुभाव	1	1	1	1	JAS 3:17
में	14892	14892	66	17135	GEN 1:1
मेंढक	7	7	2	0	EXO 8:2
मेंढकों	7	7	2	0	EXO 8:3
मेंढ़ों	2	2	1	0	PSA 66:15
मेंत	1	1	1	0	1CO 9:18
मेंह	27	27	12	24	EXO 9:33
मेंहदियों	3	3	1	3	ZEC 1:8
मेंहदी	5	5	3	5	NEH 8:15
मेघ	8	8	5	7	EXO 9:23
मेघधनुष	1	1	1	2	REV 10:1
मेघधुनष	1	1	1	0	REV 4:3
मेघों	11	11	4	10	EXO 9:28
मेज	40	40	20	75	EXO 25:23
मेजबान	0	0	0	2	extra_words.txt
मेज़	27	27	9	0	EXO 25:27
मेज़ाहाब	1	1	1	2	1CH 1:50
मेजाहब	1	1	1	0	GEN 36:39
मेजें	6	6	1	10	EZK 40:39
मेजेर	1	1	1	0	JOS 12:12
मेजों	3	3	2	3	1CH 28:16
मेढ़ा	46	46	8	46	GEN 15:9
मेढ़ी	3	3	3	0	PRO 2:15
मेढ़े	85	85	13	86	GEN 22:13
मेढ़ो	1	1	1	0	JER 25:34
मेढ़ों	29	29	11	32	GEN 31:38
मेतेनी	1	1	1	1	1CH 11:43
मेदबा	5	5	4	6	NUM 21:30
मेदाद	2	2	1	2	NUM 11:26
मेदी	1	1	1	1	ACT 2:9
मेपात	3	3	2	4	JOS 13:18
मेपाता	1	1	1	0	1CH 6:79
मेमनों	1	1	1	0	JHN 21:15
मेम्ना	22	22	7	31	EXO 12:3
मेम्ने	33	33	9	41	EXO 12:4
मेम्नों	4	4	4	7	DEU 32:14
मेयर्कोन	1	1	1	1	JOS 19:46
मेरब	4	4	2	3	1SA 14:49
मेरा	1017	1017	55	1081	GEN 4:13
मेरी	1442	1442	56	1511	GEN 2:23
मेरे	2840	2840	60	2933	GEN 2:23
मेरेद	2	2	1	2	1CH 4:17
मेरेस	1	1	1	1	EST 1:14
मेरोज	1	1	1	3	JDG 5:23
मेरोनोतवासी	1	1	1	1	1CH 27:30
मेरोनोती	1	1	1	1	NEH 3:7
मेरोम	2	2	1	2	JOS 11:5
मेल	65	65	29	82	GEN 2:18
मेलबलि	118	118	21	125	GEN 31:54
मेलबलिपशु	3	3	1	0	LEV 4:31
मेलबलियों	17	17	12	16	EXO 29:28
मेलबलिवाले	2	2	1	2	LEV 4:10
मेलमिलाप	17	17	11	0	JOB 22:21
मेलमिलापवाले	1	1	1	0	2SA 20:19
मेलेक	2	2	1	2	1CH 8:35
मेल्कीसेदेक	1	1	1	0	PSA 110:4
मेशक	15	15	1	17	DAN 1:7
मेशा	4	4	3	4	GEN 10:30
मेशेक	9	9	4	9	GEN 10:2
मेशेलेम्याह	1	1	1	0	1CH 9:21
मेसोपोटामिया	3	3	2	2	GEN 24:10
मेहनत	1	1	1	1	LUK 5:5
मैं	7396	7396	66	5838	GEN 1:29
मैंने	1760	1760	0	1807	OV bigram
मैदा	36	36	10	35	GEN 18:6
मैदान	150	150	28	156	GEN 2:5
मैदानों	2	2	2	5	PSA 144:13
मैदे	36	36	5	36	EXO 29:2
मैल	15	15	8	20	2CH 29:5
मैला	2	2	2	4	SNG 5:3
मैले	4	4	3	4	ISA 30:22
मोअद्याह	1	1	1	1	NEH 12:17
मोआब	138	138	17	159	GEN 19:37
मोआबिन	8	8	2	8	RUT 1:4
मोआबियो	1	1	1	0	2KI 3:23
मोआबियों	28	28	11	36	NUM 21:13
मोआबी	21	21	12	23	NUM 22:7
मोक्ष	0	0	0	2	extra_words.txt
मोज़े	1	1	1	0	DAN 3:27
मोज़ों	1	1	1	0	DAN 3:21
मोटा	8	8	7	7	DEU 32:15
मोटाई	5	5	4	6	1KI 7:15
मोटियों	1	1	1	1	ZEC 11:16
मोटी	31	31	8	19	GEN 41:2
मोटे	7	7	4	6	1SA 2:29
मोड़	20	20	9	17	EXO 26:9
मोड़कर	5	5	4	8	2SA 22:22
मोड़ता	2	2	2	2	PRO 10:17
मोड़ना	1	1	1	1	PRO 3:11
मोड़ा	3	3	3	2	2CH 35:22
मोड़े	1	1	1	0	PSA 89:46
मोड़ेगा	1	1	1	1	2CH 30:9
मोड़ो	2	2	2	2	PRO 5:7
मोड़ों	1	1	1	0	MAT 6:5
मोतियों	5	5	3	5	MAT 13:45
मोती	6	6	4	8	GEN 2:12
मोननीम	1	1	1	1	JDG 9:37
मोनोतै	1	1	1	1	1CH 4:14
मोप	1	1	1	1	HOS 9:6
मोम	4	4	2	4	PSA 22:14
मोर	1	1	1	1	2CH 9:21
मोरचा	4	4	1	0	EZK 24:6
मोरसेतवासी	1	1	1	0	JER 26:18
मोरिय्याह	2	2	2	2	GEN 22:2
मोरे	3	3	3	3	GEN 12:6
मोरेशेत	1	1	1	1	MIC 1:14
मोरेशेतवासी	1	1	1	2	MIC 1:1
मोर्चा	3	3	3	4	JOB 19:12
मोर्चाबन्दी	0	0	0	1	extra_words.txt
मोर्चेबन्दी	2	2	2	0	ECC 9:14
मोर्दकै	63	63	3	74	EZR 2:2
मोल	155	155	36	159	GEN 17:12
मोलक	1	1	1	0	JER 32:35
मोलादा	4	4	3	4	JOS 15:26
मोलीद	1	1	1	1	1CH 2:29
मोलेक	9	9	5	13	LEV 18:21
मोसा	6	6	2	5	JOS 18:26
मोसेरा	1	1	1	1	DEU 10:6
मोसेरोत	2	2	1	2	NUM 33:30
मोह	7	7	5	7	GEN 45:20
मोहर	2	2	2	1	JOB 38:14
मोहल्ले	1	1	1	1	2KI 22:14
मोहित	15	15	6	17	DEU 21:11
मौका	0	0	0	1	extra_words.txt
मौके	0	0	0	1	extra_words.txt
मौखिक	0	0	0	1	extra_words.txt
मौजूद	0	0	0	2	extra_words.txt
मौजूदगी	0	0	0	1	extra_words.txt
मौन	6	6	5	8	PSA 39:2
मौलिक	0	0	0	1	extra_words.txt
मौसम	3	3	3	3	DEU 33:14
मौसी	2	2	1	2	LEV 18:13
म्यान	9	9	6	9	1SA 17:51
यंत्र	3	3	2	0	2CH 26:15
यकब्सेल	1	1	1	1	NEH 11:25
यकमाम	2	2	1	2	1CH 23:19
यकम्याह	3	3	1	3	1CH 2:41
यकील्याह	1	1	1	0	2CH 26:3
यकुन्याह	2	2	1	3	MAT 1:11
यकूतीएल	1	1	1	1	1CH 4:18
यकोन्याह	7	7	3	8	1CH 3:16
यकोल्याह	1	1	1	2	2KI 15:2
यखमूर	1	1	1	1	1KI 4:23
यजमान	1	1	1	1	ISA 24:2
यजीएल	1	1	1	1	1CH 12:3
यज्ञ	22	22	11	25	1SA 9:12
यज्ञपशु	1	1	1	1	PSA 118:27
यज्ञपशुओं	1	1	1	1	MAL 2:3
यज्ञों	1	1	1	1	NUM 25:2
यज्रसहादुथा	1	1	1	0	GEN 31:47
यतीएल	1	1	1	0	1CH 26:3
यतूर	3	3	2	3	GEN 25:15
यतेत	2	2	2	2	GEN 36:40
यतेरे	1	1	1	1	JDG 8:20
यत्तीर	4	4	3	4	JOS 15:48
यत्न	80	80	36	86	GEN 11:6
यथार्थ	2	2	2	5	GEN 27:36
यथाशक्ति	3	3	1	3	EZK 46:5
यथासंभव	0	0	0	2	extra_words.txt
यथास्थान	0	0	0	2	extra_words.txt
यदायाह	13	13	4	14	1CH 4:37
यदि	1420	1420	61	1501	GEN 4:7
यदिद्याह	1	1	1	2	2SA 12:25
यदीएल	6	6	1	6	1CH 7:6
यदीदा	1	1	1	1	2KI 22:1
यदूतून	13	13	3	17	1CH 9:16
यदोरवाम	1	1	1	0	GEN 10:27
यद्दू	3	3	1	3	NEH 10:21
यद्दो	1	1	1	0	EZR 10:43
यद्यपि	89	89	37	114	GEN 8:21
यन्त्र	4	4	3	6	2CH 7:6
यन्त्रों	1	1	1	1	AMO 1:3
यन्ना	1	1	1	1	LUK 3:24
यन्नेस	1	1	1	1	2TI 3:8
यपलेत	3	3	1	3	1CH 7:32
यपलेतियों	1	1	1	1	JOS 16:3
यपुन्ने	16	16	4	16	NUM 13:6
यबूस	7	7	3	7	JOS 15:8
यबूसियों	15	15	10	15	GEN 15:21
यबूसी	23	23	10	23	GEN 10:16
यबेर	1	1	1	0	1CH 8:22
यब्ने	1	1	1	1	2CH 26:6
यब्नेल	2	2	1	2	JOS 15:11
यब्बोक	7	7	5	9	GEN 32:22
यमीमा	1	1	1	1	JOB 42:14
यमूएल	2	2	2	2	GEN 46:10
यम्ब्रेस	1	1	1	1	2TI 3:8
यम्लेक	1	1	1	1	1CH 4:34
यरदन	196	196	21	225	GEN 13:10
यरमोत	1	1	1	0	1CH 8:14
यरहमेल	1	1	1	10	JER 36:26
यरहमेलियों	2	2	1	3	1SA 27:10
यरह्मेल	7	7	1	0	1CH 2:9
यरामोत	1	1	1	1	EZR 10:29
यरिय्याह	2	2	1	3	1CH 24:23
यरीएल	1	1	1	1	1CH 7:2
यरीओत	1	1	1	1	1CH 2:18
यरीबै	1	1	1	1	1CH 11:46
यरीमेत	1	1	1	0	2CH 31:13
यरीमोत	6	6	2	7	1CH 7:7
यरीय्याह	1	1	1	0	1CH 23:19
यरीहो	62	62	15	68	NUM 22:1
यरीहोवासी	1	1	1	1	2KI 2:5
यरूएल	1	1	1	1	2CH 20:16
यरूब्बाल	14	14	2	16	JDG 6:32
यरूब्बेशेत	1	1	1	1	2SA 11:21
यरूशलेम	807	807	36	952	JOS 10:1
यरूशलेमवाले	1	1	1	0	EZR 7:17
यरूशलेमवासियों	2	2	2	3	ECC 2:9
यरूशलेमवासी	2	2	2	5	ISA 28:14
यरूशलेमियों	7	7	4	7	2CH 20:5
यरूशलेमी	3	3	2	3	2SA 19:25
यरूशा	2	2	2	2	2KI 15:33
यरेमै	1	1	1	1	EZR 10:33
यरेमोत	4	4	2	6	1CH 7:8
यरोहाम	11	11	4	12	1SA 1:1
यर्मयाह	1	1	1	0	1CH 12:4
यर्मूत	7	7	2	7	JOS 10:3
यर्हा	1	1	1	1	1CH 2:34
यश	8	8	5	9	JDG 11:40
यशब	7	7	3	7	EXO 28:20
यशाना	1	1	1	1	2CH 13:19
यशायाह	62	62	12	83	2KI 19:2
यशीमोन	6	6	2	6	NUM 21:20
यशीशै	1	1	1	1	1CH 5:14
यशूरून	4	4	2	4	DEU 32:15
यशोहायाह	1	1	1	1	1CH 4:36
यसरेला	1	1	1	1	1CH 25:14
यसीमीएल	1	1	1	1	1CH 4:36
यह	3950	3950	66	5249	GEN 1:22
यहजयाह	1	1	1	1	EZR 10:15
यहजीएल	6	6	3	6	1CH 12:4
यहत	10	10	2	10	1CH 4:2
यहदीएल	1	1	1	1	1CH 5:24
यहदो	1	1	1	1	1CH 5:14
यहमै	1	1	1	1	1CH 7:2
यहलेल	2	2	2	3	GEN 46:14
यहलेलियों	1	1	1	1	NUM 26:26
यहल्लेल	1	1	1	0	1CH 4:16
यहल्लेलेल	1	1	1	1	2CH 29:12
यहस	5	5	5	9	NUM 21:23
यहसा	4	4	3	0	JOS 13:18
यहसेल	2	2	2	3	GEN 46:24
यहसेलियों	1	1	1	1	NUM 26:48
यहाँ	502	502	53	669	GEN 7:19
यहिजकिय्याह	1	1	1	1	2CH 28:12
यहिय्याह	1	1	1	1	1CH 15:24
यही	435	435	53	474	GEN 9:17
यहीं	44	44	19	46	GEN 22:5
यहीएल	11	11	3	14	1CH 15:18
यहीतूब	2	2	1	0	1CH 6:11
यहुब्बा	1	1	1	1	1CH 7:34
यहूएल	1	1	1	1	2CH 29:14
यहूकल	1	1	1	1	JER 37:3
यहूद	1	1	1	1	JOS 19:45
यहूदा	723	723	40	840	GEN 29:35
यहूदागोत्री	1	1	1	1	NUM 34:19
यहूदाह	2	2	1	0	LUK 3:30
यहूदिन	1	1	1	1	1CH 4:18
यहूदिनी	2	2	1	1	ACT 16:1
यहूदिया	43	43	9	79	MAT 2:1
यहूदियो	10	10	3	0	2CH 20:15
यहूदियों	244	244	27	329	NUM 10:14
यहूदी	196	196	25	273	JOS 14:6
यहूदीत	1	1	1	1	GEN 26:34
यहेजकेल	3	3	2	29	1CH 24:16
यहोअद्दा	2	2	1	2	1CH 8:36
यहोअद्दान	1	1	1	2	2CH 25:1
यहोअद्दीन	1	1	1	0	2KI 14:2
यहोआश	23	23	2	20	2KI 13:9
यहोआहाज	24	24	2	31	2KI 10:35
यहोएली	2	2	1	2	1CH 26:21
यहोजाबाद	4	4	3	4	2KI 12:21
यहोनातान	3	3	3	3	1CH 27:25
यहोनादाब	3	3	1	7	2KI 10:15
यहोयाकीन	12	12	4	19	2KI 24:6
यहोयाकीम	36	36	5	42	2KI 23:34
यहोयादा	52	52	6	57	2SA 8:18
यहोयारीब	2	2	1	3	1CH 9:10
यहोराम	25	25	3	34	1KI 22:50
यहोवा	6773	6773	36	7194	GEN 2:4
यहोशापात	84	84	6	98	2SA 8:16
यहोशाफात	2	2	1	2	MAT 1:8
यहोशावत	2	2	1	2	2CH 22:11
यहोशू	226	226	14	285	EXO 17:9
यहोशेबा	1	1	1	1	2KI 11:2
यहोसादाक	8	8	3	9	1CH 6:14
यहोहानान	7	7	4	8	1CH 26:3
या	1038	1038	57	1440	GEN 2:9
याईर	12	12	9	16	NUM 32:41
याईरी	1	1	1	1	2SA 20:26
याएल	6	6	1	6	JDG 4:17
याक़ूब	247	247	11	0	GEN 25:26
याकान	2	2	1	2	1CH 1:42
याकानियों	3	3	2	3	NUM 33:31
याकिन	1	1	1	0	EXO 6:15
याकीन	7	7	6	9	GEN 46:10
याकीनियों	1	1	1	1	NUM 26:12
याकीम	2	2	1	2	1CH 8:19
याकूत	1	1	1	1	REV 21:20
याकूब	180	180	24	510	2SA 23:1
याकूबवंशी	1	1	1	1	PSA 24:6
याके	1	1	1	1	PRO 30:1
याकोबा	1	1	1	1	1CH 4:36
यागूर	1	1	1	1	JOS 15:21
याचिका	0	0	0	3	extra_words.txt
याजक	604	604	32	622	GEN 14:18
याजककर्म	1	1	1	0	NUM 18:1
याजकपद	10	10	6	20	EXO 32:29
याजकवाले	1	1	1	1	EXO 31:10
याजको	3	3	3	0	HOS 5:1
याजकों	241	241	31	269	GEN 47:22
याजन्याह	6	6	3	8	2KI 25:23
याजिय्याह	2	2	1	2	1CH 24:26
याजीएल	1	1	1	1	1CH 15:18
याजीज	1	1	1	1	1CH 27:31
याजेर	13	13	6	13	NUM 21:32
यातना	0	0	0	1	extra_words.txt
यातरै	1	1	1	1	1CH 6:21
यात्रा	30	30	16	71	GEN 24:21
यात्राओं	1	1	1	1	2CO 11:26
यात्रियों	2	2	2	3	EZK 16:15
यात्री	16	16	10	15	LEV 25:35
याद	6	6	6	14	GEN 19:29
यादगार	0	0	0	1	extra_words.txt
यादा	2	2	1	2	1CH 2:28
यादोन	1	1	1	1	NEH 3:7
यानी	0	0	0	1	extra_words.txt
यानीम	1	1	1	1	JOS 15:53
याने	1	1	1	1	NEH 7:11
यानै	1	1	1	1	1CH 5:12
यानोह	3	3	2	3	JOS 16:6
यापी	5	5	3	5	JOS 10:3
यापो	1	1	1	0	JOS 19:46
याफा	13	13	4	18	2CH 2:16
याबाल	1	1	1	1	GEN 4:20
याबीन	8	8	3	11	JOS 11:1
याबेश	19	19	4	26	1SA 11:1
याबेस	4	4	1	7	1CH 2:55
यामीन	6	6	5	6	GEN 46:10
यामीनियों	1	1	1	1	NUM 26:12
यार	1	1	1	1	HOS 2:5
यारयोरगीम	1	1	1	1	2SA 21:19
यारा	2	2	1	2	1CH 9:42
यारीब	3	3	2	3	1CH 4:24
यारीम	1	1	1	1	JOS 15:10
यारेब	2	2	1	2	HOS 5:13
यारों	6	6	2	6	LAM 1:2
यारोबाम	103	103	6	117	1KI 11:26
यारोहाम	1	1	1	0	1CH 27:22
याला	2	2	2	2	EZR 2:56
यालाम	4	4	2	4	GEN 36:5
यालोन	1	1	1	1	1CH 4:17
यावान	6	6	3	6	GEN 10:2
यावेश	5	5	1	0	JDG 21:8
याशार	2	2	2	2	JOS 10:13
याशूब	4	4	3	4	NUM 26:24
याशूबियों	1	1	1	1	NUM 26:24
याशेन	1	1	1	1	2SA 23:32
याशोबाम	3	3	1	4	1CH 11:11
यासीएल	2	2	1	2	1CH 11:47
यासू	1	1	1	1	EZR 10:37
यासोन	5	5	2	5	ACT 17:5
याह	39	39	2	0	PSA 68:4
याहदै	1	1	1	1	1CH 2:47
यिगाल	3	3	3	3	NUM 13:7
यिग्दल्याह	1	1	1	1	JER 35:4
यिजलीआ	1	1	1	1	1CH 8:18
यिज्जियाह	1	1	1	1	EZR 10:25
यिज्रह्याह	3	3	2	3	1CH 7:3
यिज्राही	1	1	1	1	1CH 27:8
यिज्रेल	22	22	8	40	JOS 15:56
यिज्रेली	11	11	4	12	1SA 27:3
यिज्रैल	15	15	1	0	2KI 8:29
यिज्रैली	1	1	1	0	2KI 9:25
यितला	1	1	1	1	JOS 19:42
यित्नान	1	1	1	1	JOS 15:23
यित्मा	1	1	1	1	1CH 11:47
यित्रान	3	3	2	3	GEN 36:26
यित्राम	2	2	2	2	2SA 3:5
यित्री	1	1	1	0	1CH 2:53
यित्रो	11	11	2	11	EXO 3:1
यिदला	1	1	1	1	JOS 19:15
यिद्लाप	1	1	1	1	GEN 22:22
यिद्वाश	1	1	1	1	1CH 4:3
यिपदयाह	1	1	1	1	1CH 8:25
यिप्तह	29	29	2	32	JDG 11:1
यिप्तहेल	2	2	1	2	JOS 19:14
यिप्ताह	1	1	1	0	JOS 15:43
यिफतह	1	1	1	1	HEB 11:32
यिबलाम	3	3	3	3	JOS 17:11
यिबसाम	1	1	1	1	1CH 7:2
यिब्निय्याह	1	1	1	1	1CH 9:8
यिब्रिय्याह	1	1	1	0	1CH 9:8
यिभार	3	3	2	3	2SA 5:15
यिम्ना	5	5	4	5	GEN 46:17
यिम्नियों	1	1	1	1	NUM 26:44
यिम्ला	4	4	2	4	1KI 22:8
यिरिद	1	1	1	1	LUK 3:37
यिरिय्याह	2	2	1	2	JER 37:13
यिरे	1	1	1	2	GEN 22:14
यिरोन	1	1	1	1	JOS 19:38
यिर्पेल	1	1	1	1	JOS 18:27
यिर्मयाह	144	144	8	223	2KI 23:31
यिशपान	1	1	1	1	1CH 8:22
यिशबह	1	1	1	2	1CH 4:17
यिशबाक	2	2	2	2	GEN 25:2
यिशबोबनोब	1	1	1	1	2SA 21:16
यिशमरै	1	1	1	1	1CH 8:18
यिशमायाह	2	2	1	2	1CH 12:4
यिशवी	1	1	1	0	1SA 14:49
यिशिय्याह	1	1	1	0	1CH 12:6
यिशी	5	5	1	5	1CH 2:30
यिशै	47	47	12	52	RUT 4:17
यिश्मा	1	1	1	1	1CH 4:3
यिश्माएल	2	2	1	0	1CH 8:38
यिश्रियों	1	1	1	0	NUM 26:44
यिश्री	1	1	1	0	NUM 26:44
यिश्वा	2	2	2	2	GEN 46:17
यिश्वी	1	1	1	4	1CH 7:30
यिश्शियाह	1	1	1	1	EZR 10:31
यिश्शिय्याह	5	5	1	6	1CH 7:3
यिसहर	1	1	1	1	1CH 4:7
यिसहार	10	10	3	10	EXO 6:18
यिसहारियों	3	3	2	4	NUM 3:27
यिस्का	1	1	1	1	GEN 11:29
यिस्पा	1	1	1	1	1CH 8:16
यिस्मक्याह	1	1	1	1	2CH 31:13
यिस्री	1	1	1	1	1CH 25:11
यिस्वी	1	1	1	0	GEN 46:17
यीएल	11	11	3	11	1CH 5:7
यीशु	954	954	26	1305	MAT 1:1
युक्त	0	0	0	1	extra_words.txt
युक्ति	92	92	18	103	EXO 2:15
युक्तियाँ	14	14	7	17	EXO 35:32
युक्तियों	18	18	9	19	JOB 21:27
युक्तिवाला	1	1	1	1	ISA 28:29
युक्तिहीन	1	1	1	1	DEU 32:28
युग	83	83	19	54	GEN 9:12
युगयुग	3	3	1	0	DAN 6:6
युगानयुग	3	3	2	0	PSA 21:4
युगानुयुग	39	39	15	43	2SA 22:51
युगों	2	2	2	3	ECC 1:10
युत्ता	1	1	1	2	JOS 21:16
युद्ध	242	242	30	295	GEN 14:2
युवक	0	0	0	4	extra_words.txt
युवतियाँ	1	1	1	0	EST 2:8
युवतियों	1	1	1	1	SNG 2:2
युवती	2	2	2	3	EST 2:9
युवा	6	6	3	13	EST 2:2
युवावस्था	2	2	2	6	ISA 47:15
यूँ	4	4	4	5	1SA 5:9
यूएल	2	2	2	3	1CH 9:6
यूओदिया	1	1	1	1	PHP 4:2
यूकल	1	1	1	1	JER 38:1
यूता	1	1	1	0	JOS 15:55
यूतुखुस	1	1	1	2	ACT 20:9
यूनान	5	5	3	9	DAN 8:21
यूनानियों	14	14	6	15	ISA 66:19
यूनानी	21	21	8	40	MRK 7:26
यूनियास	1	1	1	1	ROM 16:7
यूनीके	1	1	1	1	2TI 1:5
यूबाल	1	1	1	1	GEN 4:21
यूबूलुस	1	1	1	1	2TI 4:21
यूरकुलीन	1	1	1	1	ACT 27:14
यूलिया	1	1	1	1	ROM 16:15
यूलियुस	2	2	1	2	ACT 27:1
यूश	8	8	3	9	GEN 36:5
यूशमेसेद	1	1	1	0	1CH 3:20
यूशा	1	1	1	0	1CH 8:39
यूस	1	1	1	1	1CH 8:9
यूसतुस	1	1	1	0	ACT 1:23
यूसुफ	248	248	21	304	GEN 30:24
यूसुफवंशियों	1	1	1	0	NUM 1:10
यूसुफियों	4	4	2	4	NUM 34:23
यूस्तुस	2	2	2	3	ACT 18:7
यूहदिया	1	1	1	0	LUK 5:17
यूहन्ना	138	138	7	229	MAT 3:1
ये	1021	1021	50	1072	GEN 9:2
येजेर	1	1	1	0	1CH 7:21
येतेर	7	7	2	7	1KI 2:5
येतेरी	2	2	2	3	2SA 23:38
येपेत	11	11	2	15	GEN 5:32
येरह	2	2	2	2	GEN 10:26
येरेद	7	7	2	7	GEN 5:15
येरेमोत	1	1	1	0	1CH 25:22
येरेस	1	1	1	1	NEH 11:4
येलेक	4	4	2	4	JOL 1:4
येशु	1	1	1	0	NEH 3:19
येशू	29	29	5	1	1CH 24:11
येशेर	1	1	1	1	1CH 2:18
येसेबाब	1	1	1	1	1CH 24:13
येसेर	2	2	2	3	NUM 26:49
येसेरियों	1	1	1	1	NUM 26:49
येहदयाह	2	2	1	2	1CH 24:20
येहू	60	60	5	69	1KI 16:1
यों	571	571	34	2	GEN 2:1
योंही	4	4	4	0	2SA 18:14
योंहीं	1	1	1	0	ACT 17:11
योअन्ना	2	2	1	2	LUK 8:3
योआज	1	1	1	0	1CH 12:3
योआब	150	150	6	156	1SA 26:6
योआरीब	1	1	1	0	NEH 12:6
योआश	44	44	7	60	JDG 6:11
योआह	12	12	4	12	2KI 18:18
योआहाज	1	1	1	1	2CH 34:8
योएजेर	1	1	1	1	1CH 12:6
योएद	1	1	1	1	NEH 11:7
योएल	23	23	7	32	1SA 8:2
योएला	1	1	1	1	1CH 12:7
योकदाम	1	1	1	1	JOS 15:56
योकनाम	3	3	1	4	JOS 12:22
योकमाम	2	2	2	2	1KI 4:12
योकीम	1	1	1	1	1CH 4:22
योकेबेद	2	2	2	3	EXO 6:20
योक्तान	6	6	2	6	GEN 10:25
योक्तेल	2	2	2	2	JOS 15:38
योक्षान	4	4	2	4	GEN 25:2
योगदान	0	0	0	1	extra_words.txt
योगदानकर्ताओं	0	0	0	1	extra_words.txt
योगबहा	1	1	1	2	NUM 32:35
योगाभ्यास	1	1	1	0	COL 2:23
योग्बहा	1	1	1	0	JDG 8:11
योग्य	222	222	44	261	GEN 32:10
योग्यता	1	1	1	7	2CO 3:5
योग्ली	1	1	1	1	NUM 34:22
योजना	3	3	3	39	1SA 18:25
योजनाएँ	1	1	1	4	JOB 17:11
योजाकार	1	1	1	0	2KI 12:21
योजाबाद	10	10	4	11	1CH 12:4
योतबाता	3	3	2	3	NUM 33:33
योताम	27	27	8	32	JDG 9:5
योत्बावासी	1	1	1	1	2KI 21:19
योदाह	1	1	1	1	LUK 3:26
योद्धा	42	42	17	49	EXO 15:3
योद्धाओं	24	24	10	25	NUM 31:53
योध	1	1	1	1	PSA 119:72
योना	29	29	4	54	2KI 14:25
योनातान	119	119	8	138	JDG 18:30
योनादाब	11	11	2	7	2SA 13:3
योनान	1	1	1	1	LUK 3:30
योब	1	1	1	1	GEN 46:13
योबाब	8	8	3	9	GEN 10:29
योयाकीम	4	4	1	4	NEH 12:10
योयादा	5	5	1	5	NEH 3:6
योयारीब	4	4	2	5	EZR 8:16
योरा	1	1	1	1	EZR 2:18
योराम	30	30	4	31	2SA 8:10
योराह	1	1	1	1	1CH 5:14
योरीम	1	1	1	1	LUK 3:29
योरेश्याह	1	1	1	1	1CH 8:27
योरै	1	1	1	1	1CH 5:13
योर्काम	1	1	1	1	1CH 2:44
योशबकाशा	2	2	1	2	1CH 25:4
योशव्याह	1	1	1	1	1CH 11:46
योशा	1	1	1	1	1CH 4:34
योशापात	2	2	1	2	1CH 11:43
योशिब्याह	1	1	1	1	1CH 4:35
योशियाह	1	1	1	1	ZEC 6:10
योशिय्याह	54	54	7	68	1KI 13:2
योशेब्यश्शेबेत	1	1	1	1	2SA 23:8
योसादाक	5	5	2	5	EZR 3:2
योसिव्याह	1	1	1	1	EZR 8:10
योसेख	1	1	1	1	LUK 3:26
योसेप	4	4	3	0	NUM 13:7
योसेफ	1	1	1	0	EZR 10:42
योसेस	4	4	2	4	MAT 27:56
योहा	2	2	1	2	1CH 8:16
योहानान	27	27	6	25	2KI 25:23
यौनाचार	0	0	0	1	extra_words.txt
रंग	84	84	19	81	EXO 25:4
रंग-बिरंगा	0	0	0	2	extra_words.txt
रंगबिरंगा	2	2	1	0	GEN 37:3
रंगबिरंगी	2	2	1	2	2SA 13:18
रंगबिरंगे	1	1	1	1	GEN 37:32
रंगवाले	1	1	1	1	EXO 28:8
रंगशाला	2	2	1	2	ACT 19:29
रंगी	8	8	3	9	EXO 25:5
रंगीन	0	0	0	3	extra_words.txt
रंगीली	1	1	1	1	EZK 23:15
रंगीले	2	2	1	3	JDG 5:30
रंगे	1	1	1	0	JDG 5:30
रंगों	1	1	1	1	1CH 29:2
रंभाती	1	1	1	0	1SA 6:12
रईस	10	10	8	9	DEU 33:21
रईसपन	1	1	1	1	JOB 30:15
रईसों	19	19	10	19	NUM 21:18
रऊ	1	1	1	1	LUK 3:35
रक्कत	1	1	1	1	JOS 19:35
रक्कोन	1	1	1	1	JOS 19:46
रक्त	2	2	2	9	2CH 30:16
रक्तपात	0	0	0	4	extra_words.txt
रक्षक	10	10	7	24	1SA 28:2
रक्षा	110	110	26	139	GEN 2:15
रक्षात्मक	0	0	0	1	extra_words.txt
रक्षित	3	3	3	3	PSA 83:3
रख	259	259	42	287	GEN 2:8
रखकर	76	76	27	83	GEN 16:13
रखके	1	1	1	0	GEN 31:34
रखता	280	280	48	310	GEN 2:19
रखती	20	20	15	23	GEN 25:28
रखते	143	143	39	154	EXO 6:5
रखना	100	100	28	125	GEN 6:16
रखने	52	52	26	69	EXO 20:5
रखनेवाला	3	3	3	8	DEU 5:9
रखनेवाली	1	1	1	2	JER 51:13
रखनेवाले	8	8	6	8	2KI 3:26
रखनेवालो	2	2	2	0	PSA 31:24
रखनेवालों	13	13	8	16	2KI 18:21
रखवा	8	8	4	9	1KI 10:17
रखवाई	1	1	1	1	2CH 6:13
रखवाकर	1	1	1	1	2CH 11:12
रखवाला	9	9	8	10	GEN 4:9
रखवालिन	1	1	1	1	SNG 1:6
रखवाली	33	33	19	37	NUM 3:38
रखवाले	18	18	14	17	GEN 32:17
रखवालों	4	4	3	4	GEN 32:19
रखा	424	424	46	475	GEN 1:17
रखी	56	56	27	68	GEN 16:2
रखीं	6	6	6	6	GEN 21:28
रखूँ	13	13	9	13	GEN 18:17
रखूँगा	61	61	25	62	GEN 30:32
रखे	169	169	37	177	GEN 2:20
रखें	54	54	25	68	GEN 1:26
रखेंगी	2	2	2	2	MAT 12:21
रखेंगे	21	21	13	22	GEN 47:18
रखेगा	37	37	16	46	GEN 29:32
रखेगी	6	6	4	6	PSA 89:21
रखेल	7	7	2	0	2SA 3:7
रखेलियाँ	4	4	4	0	2SA 5:13
रखेलियों	13	13	7	0	GEN 25:6
रखेली	1	1	1	0	GEN 35:22
रखैल	15	15	2	25	GEN 22:24
रखो	89	89	33	95	GEN 1:28
रखोगी	1	1	1	1	EZK 13:18
रखोगे	6	6	5	7	PSA 4:2
रगड़कर	1	1	1	1	ISA 49:23
रगड़ा	2	2	2	0	JOB 17:2
रगड़े	8	8	4	0	DEU 1:12
रच	1	1	1	1	JOB 37:19
रचकर	2	2	2	3	GEN 2:19
रचता	1	1	1	2	ISA 45:7
रचना	8	8	7	18	GEN 2:3
रचने	2	2	2	1	JER 1:5
रचनेवाला	5	5	4	6	ISA 27:11
रचनेवाले	2	2	1	2	ISA 29:16
रचयिता	0	0	0	1	extra_words.txt
रचयिताओं	0	0	0	1	extra_words.txt
रचा	22	22	9	22	GEN 2:7
रची	4	4	3	9	JOB 31:15
रचे	3	3	2	4	PSA 139:16
रजाई	1	1	1	1	2KI 8:15
रजोन	3	3	1	3	1KI 11:23
रणनीति	0	0	0	1	extra_words.txt
रणभूमि	2	2	2	4	2SA 1:4
रत्ती	2	2	1	0	1SA 3:18
रत्न	1	1	1	2	REV 18:12
रत्नों	2	2	2	4	ISA 54:12
रथ	98	98	21	106	GEN 41:43
रथवाले	2	2	2	3	2SA 8:4
रथियो	1	1	1	0	JER 46:9
रथियों	3	3	3	4	2SA 10:18
रथी	2	2	2	2	EXO 15:4
रथों	65	65	19	68	EXO 14:9
रद्द	0	0	0	1	extra_words.txt
रद्दा	3	3	1	3	1CO 3:10
रद्दे	3	3	2	3	1KI 6:36
रद्दैं	1	1	1	1	1CH 2:14
रनवास	6	6	2	8	EST 2:3
रन्दनी	1	1	1	1	ISA 44:13
रपाइयों	7	7	3	5	GEN 14:5
रपाई	5	5	2	3	DEU 2:11
रपाईम	8	8	4	8	JOS 15:8
रपाईवंशी	2	2	1	2	2SA 21:18
रपाएल	1	1	1	1	1CH 26:7
रपायाह	6	6	2	6	1CH 3:21
रपीदीम	5	5	2	5	EXO 17:1
रबशाके	16	16	2	17	2KI 18:17
रबसारीस	1	1	1	1	2KI 18:17
रब्बा	15	15	7	0	DEU 3:11
रब्बी	16	16	3	20	MAT 23:7
रब्बीत	1	1	1	1	JOS 19:20
रब्बूनी	1	1	1	2	JHN 20:16
रमल्याह	13	13	3	13	2KI 15:25
रम्भाना	1	1	1	1	1SA 15:14
रम्याह	1	1	1	1	EZR 10:25
रवाना	3	3	3	3	1SA 6:8
रवैये	0	0	0	1	extra_words.txt
रस	14	14	11	15	GEN 49:11
रसकुण्ड	7	7	3	9	NUM 18:27
रसकुण्डों	1	1	1	1	PRO 3:10
रसीन	11	11	4	11	2KI 15:37
रसोइये	2	2	1	2	1SA 9:23
रसोई	2	2	2	2	1SA 8:13
रसोईघर	0	0	0	1	extra_words.txt
रसौली	1	1	1	1	LEV 22:22
रस्म	1	1	1	0	LEV 20:23
रस्सियाँ	11	11	7	11	JDG 15:14
रस्सियों	17	17	8	18	JDG 15:13
रस्सी	4	4	3	5	JOS 2:15
रस्से	3	3	3	3	JOB 39:10
रह	383	383	46	411	GEN 13:6
रहकर	60	60	26	61	GEN 28:20
रहट	1	1	1	1	ECC 12:6
रहता	466	466	54	509	GEN 4:7
रहती	181	181	40	188	GEN 47:21
रहतीं	6	6	5	4	RUT 1:13
रहते	389	389	48	414	GEN 6:4
रहना	113	113	33	146	GEN 2:18
रहनी	1	1	1	1	DEU 23:14
रहने	262	262	45	286	GEN 3:12
रहनेवाला	12	12	9	17	LEV 18:26
रहनेवाली	27	27	12	31	EXO 3:22
रहनेवाले	144	144	36	149	GEN 36:9
रहनेवालो	16	16	7	0	2CH 20:15
रहनेवालों	78	78	26	96	DEU 11:25
रहब	5	5	3	9	JOB 26:12
रहबाम	4	4	2	60	1CH 3:10
रहब्याह	6	6	1	6	1CH 23:17
रहम	1	1	1	1	1CH 2:44
रहस्यमय	0	0	0	2	extra_words.txt
रहस्यों	1	1	1	1	PRO 1:6
रहस्योद्घाटन	0	0	0	2	extra_words.txt
रहा	1061	1061	55	1207	GEN 4:10
रहित	13	13	10	25	GEN 27:45
रही	222	222	42	264	GEN 6:8
रहीं	11	11	9	11	GEN 30:42
रहूँ	32	32	15	35	LEV 22:33
रहूँगा	147	147	31	158	GEN 4:14
रहूँगी	4	4	4	4	GEN 25:22
रहूबियाम	50	50	2	0	1KI 11:43
रहूम	8	8	2	8	EZR 2:2
रहे	1049	1049	62	1111	GEN 3:22
रहें	204	204	47	232	GEN 13:6
रहेंगी	28	28	14	29	DEU 29:29
रहेंगे	188	188	35	200	GEN 2:24
रहेगा	431	431	50	448	GEN 2:24
रहेगी	88	88	22	100	GEN 8:22
रहो	262	262	45	295	GEN 22:5
रहोगे	55	55	23	59	GEN 42:16
रहोब	10	10	6	10	NUM 13:21
रहोबोत	3	3	2	3	GEN 26:22
रहोबोतीर	1	1	1	1	GEN 10:11
राँगा	2	2	1	2	EZK 22:20
राँगे	1	1	1	1	EZK 22:18
राई	5	5	3	9	MAT 13:31
राकाल	1	1	1	1	1SA 30:29
राकेम	1	1	1	1	1CH 7:16
राख	42	42	22	48	GEN 18:27
राग	8	8	3	25	1CH 15:19
रागरंग	1	1	1	1	PRO 21:17
राज	10	10	9	15	NUM 24:17
राजआज्ञा	1	1	1	1	DAN 6:12
राजकर्मचारी	0	0	0	1	extra_words.txt
राजकाज	1	1	1	1	1KI 22:47
राजकार्य	1	1	1	1	DAN 6:4
राजकाल	0	0	0	1	extra_words.txt
राजकीय	7	7	4	8	1CH 29:25
राजकुमार	17	17	7	25	JDG 8:18
राजकुमारियाँ	4	4	3	4	2SA 13:18
राजकुमारी	3	3	1	6	PSA 45:10
राजकुमारों	14	14	7	16	2SA 9:11
राजकुल	1	1	1	1	JER 21:11
राजगढ़	11	11	4	11	EZR 6:2
राजगद्दी	28	28	12	28	GEN 41:40
राजघराने	8	8	3	9	2KI 18:18
राजतन्त्र	0	0	0	3	extra_words.txt
राजदण्ड	18	18	7	25	GEN 49:10
राजदण्डधारी	2	2	1	2	AMO 1:5
राजदण्डों	1	1	1	1	EZK 19:11
राजदूत	2	2	2	2	2CO 5:20
राजदूतों	1	1	1	1	JOS 9:4
राजद्रोह	25	25	8	26	1SA 22:8
राजद्रोहियों	1	1	1	1	2SA 15:31
राजद्रोही	1	1	1	2	1SA 20:30
राजधानी	10	10	5	25	GEN 36:32
राजनगर	2	2	2	2	JOS 10:2
राजनिवास	1	1	1	1	DAN 4:30
राजनीति	1	1	1	3	1SA 10:25
राजपथ	1	1	1	1	DEU 2:27
राजपद	4	4	3	4	EST 4:14
राजपरिवार	1	1	1	2	1KI 4:6
राजपुत्र	7	7	4	7	2KI 10:6
राजपुत्रों	4	4	3	4	2KI 10:7
राजपुरी	1	1	1	1	ISA 25:2
राजप्रतिष्ठा	1	1	1	0	DAN 11:21
राजप्रबन्ध	0	0	0	1	extra_words.txt
राजभण्डार	3	3	2	3	EZR 5:17
राजभवन	81	81	14	87	2SA 11:2
राजभवनों	6	6	6	6	PRO 30:28
राजभाग	1	1	1	1	2CH 31:3
राजमंत्री	3	3	1	4	EZR 4:8
राजमन्त्री	1	1	1	0	2CH 25:16
राजमन्दिर	5	5	4	2	1KI 21:1
राजमहल	0	0	0	1	extra_words.txt
राजमहलों	0	0	0	1	extra_words.txt
राजमाता	5	5	4	5	1KI 15:13
राजमार्ग	11	11	3	12	PRO 15:19
राजमिस्त्रियों	11	11	9	12	2KI 12:11
राजमिस्त्री	4	4	4	4	2SA 5:11
राजमुकुट	7	7	4	7	EST 1:11
राजमुद्रा	0	0	0	1	extra_words.txt
राजवंश	6	6	5	7	1KI 11:14
राजवस्त्र	3	3	3	3	1KI 22:10
राजवैभव	0	0	0	1	extra_words.txt
राजसभा	1	1	1	1	1SA 22:14
राजसिंहासन	1	1	1	1	DAN 5:20
राजसी	1	1	1	9	EST 1:4
राजहंस	1	1	1	0	LEV 11:18
राजा	2503	2503	43	2724	GEN 14:1
राजाओ	5	5	3	0	JDG 5:3
राजाओं	219	219	30	278	GEN 14:2
राजागण	0	0	0	1	extra_words.txt
राजाधिराज	5	5	3	5	PSA 48:2
राजारूपी	1	1	1	0	ISA 7:20
राज्य	760	760	51	884	GEN 10:10
राज्याधिकारी	1	1	1	1	DAN 7:22
राज्याभिषेक	2	2	1	8	1KI 1:39
राज्यों	34	34	15	40	NUM 32:33
रात	344	344	46	328	GEN 1:5
रातें	2	2	2	2	JOB 7:3
रातों	2	2	2	0	1SA 26:7
रातोंरात	5	5	3	0	JOS 10:9
रात्रि	2	2	2	2	DEU 23:10
रानियाँ	4	4	4	4	1KI 11:3
रानियों	5	5	3	5	2CH 11:21
रानी	53	53	12	64	1KI 9:16
रापा	6	6	1	8	1CH 8:2
रापू	1	1	1	1	NUM 13:9
राम	7	7	3	7	RUT 4:19
रामतमिस्पे	1	1	1	0	JOS 13:26
रामतलही	1	1	1	0	JDG 15:17
रामसेस	5	5	3	5	GEN 47:11
रामा	40	40	13	0	GEN 10:7
रामाई	1	1	1	1	1CH 27:27
रामातैमसोपीम	1	1	1	0	1SA 1:1
रामाह	1	1	1	43	MAT 2:18
रामोत	26	26	7	26	DEU 4:43
राम्याह	1	1	1	1	NEH 7:7
राय	1	1	1	2	MRK 14:64
राया	1	1	1	0	NEH 7:50
रायाह	4	4	2	5	1CH 4:2
राल	4	4	3	4	GEN 6:14
राशि	2	2	1	0	GEN 41:49
राशिचक्र	1	1	1	1	2KI 23:5
राशियों	1	1	1	1	JOB 38:32
राष्ट्रव्यापी	0	0	0	1	extra_words.txt
राष्ट्रीयता	0	0	0	1	extra_words.txt
रास	2	2	2	2	2KI 9:23
रास्ता	5	5	3	8	JOB 6:19
रास्ते	10	10	6	10	GEN 49:17
रास्तों	1	1	1	1	JOB 30:13
राह	8	8	6	7	1SA 8:3
राहगीरों	1	1	1	1	PRO 26:10
राहदारी	3	3	1	4	EZR 4:13
राहाब	9	9	4	13	JOS 2:1
राहियों	1	1	1	1	MIC 2:8
राहेल	49	49	5	61	GEN 29:6
रित्मा	2	2	1	2	NUM 33:18
रिन्ना	1	1	1	1	1CH 4:20
रिफान	1	1	1	1	ACT 7:43
रिबका	33	33	2	37	GEN 22:23
रिबला	12	12	4	11	NUM 34:11
रिम्मोन	14	14	6	15	JOS 15:32
रिम्मोनपेरेस	2	2	1	2	NUM 33:19
रियासत	1	1	1	2	LUK 23:7
रिवाज	0	0	0	3	extra_words.txt
रिश्आतइम	4	4	1	4	JDG 3:8
रिश्ता	1	1	1	2	JOS 23:12
रिश्तेदारी	0	0	0	1	extra_words.txt
रिश्तेदारों	0	0	0	1	extra_words.txt
रिस	31	31	14	32	DEU 9:18
रिसवाली	1	1	1	0	EZK 5:15
रिसियाऊँगा	1	1	1	0	EZK 16:42
रिसियाए	1	1	1	0	MAT 26:8
रिसियाकर	3	3	3	2	NEH 4:1
रिसियाने	1	1	1	1	MRK 10:41
रिसियाया	1	1	1	1	HAB 3:8
रिस्पा	4	4	1	4	2SA 3:7
रिस्या	1	1	1	1	1CH 7:39
रिस्सा	2	2	1	2	NUM 33:21
रिहाई	0	0	0	2	extra_words.txt
रीछ	3	3	3	3	PRO 28:15
रीछनियों	1	1	1	1	2KI 2:24
रीछनी	4	4	4	5	2SA 17:8
रीछों	1	1	1	1	ISA 59:11
रीढ़	1	1	1	1	LEV 3:9
रीति	395	395	54	403	GEN 4:21
रीति-रिवाजों	0	0	0	1	extra_words.txt
रीतियाँ	4	4	4	4	LEV 18:30
रीतियों	9	9	6	8	GEN 4:20
रीती	1	1	1	0	JDG 16:6
रीपत	1	1	1	1	GEN 10:3
रीबै	2	2	2	2	2SA 23:29
रुक	14	14	11	16	GEN 8:2
रुककर	1	1	1	1	JOS 3:16
रुकता	1	1	1	1	JOB 39:24
रुकती	1	1	1	1	JAS 3:8
रुकते	2	2	2	2	PSA 69:2
रुकना	3	3	3	2	EZR 6:8
रुकने	1	1	1	1	ECC 3:5
रुकवा	0	0	0	1	extra_words.txt
रुका	8	8	7	9	1SA 21:7
रुकावट	4	4	4	6	1SA 14:6
रुकी	1	1	1	1	RUT 1:13
रुके	6	6	6	6	NUM 9:7
रुकें	1	1	1	1	JER 14:17
रुचि	3	3	1	0	GEN 27:4
रुदुस	1	1	1	1	ACT 21:1
रुधिर	8	8	1	0	LEV 12:4
रुन्धा	1	1	1	1	PRO 15:19
रुपए	13	13	5	0	EXO 22:7
रुपया	64	64	17	66	GEN 42:27
रुपये	38	38	17	52	GEN 17:23
रुपयों	5	5	5	7	LEV 25:51
रुलाने	0	0	0	1	extra_words.txt
रुलानेवालों	1	1	1	0	PSA 137:3
रुष्ट	1	1	1	2	DEU 3:26
रुहामा	1	1	1	1	HOS 2:1
रू	5	5	2	5	GEN 11:18
रूंधा	1	1	1	2	JOB 19:8
रूएल	10	10	4	11	GEN 36:4
रूएलवंशियों	1	1	1	1	GEN 36:17
रूखे	1	1	1	1	LEV 7:10
रूठ	2	2	2	1	2SA 19:42
रूठकर	1	1	1	1	EST 2:21
रूठा	1	1	1	1	PSA 95:10
रूठे	1	1	1	1	ISA 45:24
रूढ़िवादी	0	0	0	1	extra_words.txt
रूत	15	15	2	39	RUT 1:4
रूदे	1	1	1	2	ACT 12:13
रूप	78	78	32	280	GEN 41:56
रूपवती	4	4	4	4	GEN 29:17
रूपवान	3	3	3	5	1SA 16:18
रूपवान्	2	2	2	0	GEN 39:6
रूपा	9	9	5	6	GEN 17:12
रूपांकित	0	0	0	1	extra_words.txt
रूपान्तर	1	1	1	1	MAT 17:2
रूपी	9	9	8	7	LEV 3:11
रूपे	12	12	5	9	GEN 13:2
रूफुस	2	2	2	2	MRK 15:21
रूबेन	43	43	9	50	GEN 29:32
रूबेनवाले	1	1	1	1	NUM 26:7
रूबेनियो	1	1	1	0	JOS 22:25
रूबेनियों	33	33	4	34	NUM 7:30
रूबेनी	10	10	5	10	NUM 32:29
रूमा	1	1	1	1	GEN 22:24
रूमाल	1	1	1	1	ACT 19:12
रूमावासी	1	1	1	1	2KI 23:36
रूशा	1	1	1	0	1CH 4:4
रेंकता	1	1	1	1	JOB 6:5
रेंकते	1	1	1	1	JOB 30:7
रेंगते	4	4	3	4	GEN 1:26
रेंगने	1	1	1	0	DEU 14:19
रेंगनेवाला	1	1	1	1	LEV 20:25
रेंगनेवाले	33	33	12	35	GEN 1:24
रेंगनेवालों	2	2	1	4	LEV 11:31
रेंगनेहारे	1	1	1	0	LEV 22:5
रेंड़	5	5	1	5	JON 4:6
रेई	1	1	1	1	1KI 1:8
रेका	1	1	1	1	1CH 4:12
रेकाब	13	13	5	13	2SA 4:2
रेकाबियों	4	4	1	4	JER 35:2
रेकेम	5	5	3	5	NUM 31:8
रेखा	2	2	1	4	ISA 44:13
रेखाएँ	2	2	2	2	JOB 41:15
रेगियुम	1	1	1	2	ACT 28:13
रेगिस्तान	2	2	2	4	ISA 50:2
रेगिस्तानी	1	1	1	1	ACT 8:26
रेगेम	1	1	1	1	1CH 2:47
रेगेम्मेलेक	1	1	1	1	ZEC 7:2
रेघारियाँ	1	1	1	1	JOB 31:38
रेघारियों	4	4	3	4	JOB 39:10
रेत	1	1	1	19	JER 2:6
रेती	1	1	1	1	1SA 13:21
रेपा	1	1	1	1	1CH 7:25
रेबा	2	2	2	2	NUM 31:8
रेमेत	1	1	1	1	JOS 19:21
रेलायाह	1	1	1	1	EZR 2:2
रेश	1	1	1	1	PSA 119:152
रेशम	1	1	1	1	EZK 16:13
रेशमी	3	3	3	3	EZK 16:10
रेशेप	1	1	1	1	1CH 7:25
रेसा	1	1	1	1	LUK 3:27
रेसेन	1	1	1	1	GEN 10:12
रेसेप	2	2	2	2	2KI 19:12
रेहन	3	3	1	3	GEN 38:17
रो	23	23	16	24	GEN 33:4
रोंआर	5	5	4	5	GEN 27:11
रोंए	2	2	1	0	PSA 55:5
रोंएँ	1	1	1	0	ISA 7:20
रोंगटे	1	1	1	1	JER 23:14
रोऊँ	2	2	2	2	GEN 43:30
रोऊँगा	3	3	3	4	ISA 16:9
रोए	8	8	5	11	NUM 11:18
रोएँ	15	15	5	15	LEV 13:3
रोएँगी	1	1	1	1	JOB 27:15
रोएँगे	5	5	3	5	EZK 27:30
रोओ	13	13	8	13	2SA 1:24
रोओगे	4	4	4	4	ISA 30:19
रोक	48	48	18	60	GEN 20:6
रोककर	3	3	3	3	NUM 22:22
रोकड़	1	1	1	1	LUK 19:15
रोकता	3	3	2	4	PRO 29:11
रोकते	5	5	2	1	JER 6:11
रोकना	2	2	1	3	ACT 13:8
रोकनी	1	1	1	1	PSA 32:9
रोकने	4	4	4	8	LAM 3:5
रोकनेवाला	1	1	1	1	2TH 2:7
रोकनेवाली	1	1	1	1	HEB 12:1
रोकर	7	7	7	5	2KI 13:14
रोका	14	14	11	16	JDG 15:1
रोके	15	15	13	16	EXO 9:28
रोकेंगे	1	1	1	1	1TI 4:3
रोकेगा	6	6	6	8	GEN 23:6
रोको	1	1	1	1	GEN 24:56
रोग	35	35	18	52	EXO 15:26
रोगग्रस्त	0	0	0	1	extra_words.txt
रोगलीम	1	1	1	1	2SA 19:31
रोगलीमवासी	1	1	1	1	2SA 17:27
रोगशैय्या	1	1	1	1	REV 2:22
रोगहरण	0	0	0	1	extra_words.txt
रोगावस्था	0	0	0	2	extra_words.txt
रोगियों	2	2	2	7	EZK 34:4
रोगी	48	48	17	49	LEV 13:12
रोगों	3	3	3	4	DEU 28:60
रोचक	0	0	0	1	extra_words.txt
रोज	1	1	1	1	MAT 20:2
रोटियाँ	38	38	12	42	GEN 19:3
रोटियों	11	11	7	11	LEV 23:20
रोटी	298	298	36	317	GEN 3:19
रोटीवालों	1	1	1	1	JER 37:21
रोता	14	14	8	15	GEN 37:35
रोती	13	13	7	13	JDG 11:37
रोते	27	27	16	22	NUM 11:10
रोदानी	1	1	1	1	1CH 1:7
रोना	23	23	12	18	1SA 20:41
रोने	42	42	21	43	GEN 21:16
रोनेवाले	1	1	1	1	1CO 7:30
रोनेवालों	2	2	2	2	MAL 2:13
रोपण-धार्मिकता	0	0	0	1	extra_words.txt
रोपने	2	2	2	2	ISA 17:11
रोपा	1	1	1	1	JER 45:4
रोपूँगा	2	2	1	2	JER 18:9
रोपे	4	4	4	4	PSA 92:13
रोम	12	12	6	39	JER 18:13
रोमन	0	0	0	1	extra_words.txt
रोममतीएजेर	2	2	1	2	1CH 25:4
रोममय	1	1	1	1	GEN 25:25
रोमहीन	1	1	1	1	GEN 27:11
रोमांचित	1	1	1	1	JER 5:30
रोमियों	4	4	1	10	ACT 16:12
रोमी	11	11	2	25	JHN 11:48
रोया	15	15	8	15	GEN 27:38
रोश	4	4	2	4	GEN 46:21
रोष	27	27	11	30	GEN 49:7
रोहगा	1	1	1	1	1CH 7:34
रौंद	8	8	5	8	2KI 13:7
रौंदकर	1	1	1	1	2KI 13:7
रौंदता	1	1	1	2	DAN 7:7
रौंदते	4	4	4	4	1SA 2:29
रौंदने	2	2	2	3	ISA 7:25
रौंदनेवाला	1	1	1	2	AMO 9:13
रौंदनेवाले	3	3	1	2	ISA 18:2
रौंदा	9	9	6	10	JDG 9:27
रौंदी	2	2	1	3	ISA 5:5
रौंदे	3	3	3	4	PSA 7:5
रौंदें	1	1	1	1	MAT 7:6
रौंदेंगी	1	1	1	1	REV 11:2
रौंदेंगे	2	2	2	2	PSA 44:5
रौंदेगा	6	6	5	6	DEU 33:29
रौंदो	3	3	3	3	ISA 1:12
लँगड़ा	3	3	1	11	2SA 4:4
लँगड़ाने	1	1	1	1	PSA 35:15
लँगड़े	3	3	2	18	2SA 5:8
लँगड़ेपन	0	0	0	1	extra_words.txt
लँगड़ों	1	1	1	9	2SA 5:6
लंगड़ा	7	7	7	0	LEV 21:18
लंगड़ाता	1	1	1	0	GEN 32:31
लंगड़े	11	11	7	0	PRO 26:7
लंगड़ों	7	7	5	0	JOB 29:15
लंगर	6	6	2	8	ACT 27:3
लंगरों	1	1	1	1	ACT 27:40
लंगोट	1	1	1	1	GEN 3:7
लंबे	1	1	1	0	1KI 8:8
लकड़हारा	1	1	1	1	JOS 9:23
लकड़हारे	3	3	2	3	DEU 29:11
लकड़ियाँ	2	2	2	1	LEV 6:12
लकड़ियों	5	5	4	8	LEV 3:5
लकड़ी	139	139	26	152	GEN 6:14
लकवा	2	2	1	2	MAT 8:6
लकवे	12	12	4	16	MAT 4:24
लकीरें	2	2	2	2	LEV 14:37
लकीरों	1	1	1	1	LEV 14:37
लक्कूम	1	1	1	1	JOS 19:33
लक्षण	5	5	4	11	DEU 22:14
लक्ष्यहीन	1	1	1	0	1CO 9:26
लग	43	43	24	43	GEN 34:3
लगकर	2	2	2	3	GEN 40:10
लगता	40	40	18	44	EXO 33:9
लगती	20	20	11	23	GEN 28:8
लगते	26	26	17	26	GEN 50:3
लगन	0	0	0	1	extra_words.txt
लगना	1	1	1	1	MAT 18:7
लगने	12	12	11	12	NUM 12:11
लगभग	27	27	11	104	GEN 38:24
लगलग	4	4	4	0	LEV 11:19
लगवा	3	3	2	3	DEU 25:3
लगवाईं	1	1	1	1	ECC 2:4
लगवाऊँगा	1	1	1	1	DEU 32:24
लगवाए	2	2	2	2	DEU 25:2
लगवाएगा	1	1	1	1	JOS 6:26
लगवाकर	4	4	4	4	JER 52:13
लगवाना	19	19	1	20	EXO 25:12
लगा	752	752	46	771	GEN 4:16
लगाई	40	40	21	45	GEN 2:8
लगाईं	5	5	4	2	EXO 39:25
लगाऊँ	5	5	5	5	JDG 16:26
लगाऊँगा	31	31	8	33	1KI 18:23
लगाए	126	126	33	138	EXO 15:26
लगाएँ	19	19	15	21	EXO 5:9
लगाएँगे	6	6	4	6	ISA 54:15
लगाएगा	12	12	7	14	DEU 15:10
लगाएगी	3	3	3	3	2KI 4:16
लगाओ	34	34	20	39	GEN 4:23
लगाओगे	1	1	1	0	JER 26:5
लगाकर	136	136	42	147	GEN 29:13
लगाके	2	2	1	0	EXO 40:18
लगाता	42	42	16	43	GEN 4:23
लगातार	51	51	24	65	GEN 8:3
लगाती	5	5	3	6	PRO 23:28
लगाते	45	45	24	46	EXO 22:2
लगान	1	1	1	1	2KI 23:35
लगाना	29	29	20	33	GEN 6:14
लगाने	30	30	21	34	EXO 37:3
लगानेवाला	6	6	5	5	2SA 3:29
लगानेवाली	2	2	2	2	1TI 3:11
लगानेवाले	2	2	2	2	ROM 2:1
लगानेवालों	2	2	2	0	EZR 8:31
लगाम	12	12	8	13	2KI 19:28
लगामों	1	1	1	1	REV 14:20
लगाया	123	123	36	137	GEN 2:9
लगायी	1	1	1	0	JER 31:37
लगाये	2	2	2	0	SNG 8:5
लगाव	1	1	1	2	2CO 6:15
लगी	205	205	37	216	GEN 16:4
लगीं	30	30	18	33	GEN 20:17
लगूँ	6	6	4	6	PSA 13:4
लगूँगा	6	6	4	6	EXO 32:34
लगे	666	666	50	688	GEN 4:26
लगें	28	28	18	26	EXO 23:29
लगेंगी	4	4	3	4	EST 1:17
लगेंगे	20	20	11	21	DEU 7:15
लगेगा	24	24	14	25	LEV 17:4
लगेगी	11	11	7	10	EXO 7:18
लगो	10	10	5	11	DEU 4:19
लगोगे	3	3	3	3	JOS 24:20
लघु	0	0	0	1	extra_words.txt
लघुकथा	0	0	0	1	extra_words.txt
लघुशंका	1	1	1	1	JDG 3:24
लजाए	1	1	1	1	EZK 16:54
लजाएँगी	1	1	1	1	MIC 7:16
लजाएँगे	1	1	1	1	ISA 26:11
लजाएगा	5	5	3	6	HOS 10:6
लजाता	5	5	4	5	EZR 8:22
लजाती	3	3	1	3	EZK 16:27
लजाते	2	2	2	1	GEN 2:25
लजाना	0	0	0	1	extra_words.txt
लज्जा	45	45	21	59	DEU 24:1
लज्जापूर्ण	1	1	1	2	JER 11:13
लज्जित	120	120	28	140	NUM 12:14
लज्जीएल	1	1	1	0	1CH 25:4
लटकता	1	1	1	0	ACT 10:11
लटकती	3	3	3	3	1KI 7:29
लटकवा	0	0	0	1	extra_words.txt
लटका	26	26	12	27	EXO 26:12
लटकाए	9	9	7	10	NUM 13:23
लटकाकर	5	5	2	5	EXO 26:33
लटकाना	1	1	1	1	EXO 26:32
लटकाया	9	9	9	10	GEN 41:13
लटके	4	4	4	5	JOS 10:26
लटाओं	1	1	1	1	SNG 7:5
लटें	5	5	2	5	JDG 16:13
लटों	4	4	1	4	SNG 1:10
लट्ठा	6	6	2	6	MAT 7:3
लठ	2	2	1	4	ISA 10:5
लडखड़ा	3	3	3	0	PSA 60:3
लडखड़ाएँगे	1	1	1	0	JER 25:16
लडखड़ाती	1	1	1	0	ISA 33:19
लडखड़ाते	3	3	3	0	PSA 107:27
लड़	23	23	15	24	EXO 17:9
लड़कपन	13	13	12	17	GEN 46:34
लड़कर	17	17	13	19	NUM 22:11
लड़का	56	56	18	53	GEN 5:29
लड़कियाँ	6	6	4	5	GEN 27:46
लड़कियों	11	11	6	11	GEN 24:3
लड़की	30	30	11	33	GEN 28:1
लड़के	83	83	22	80	GEN 21:12
लड़को	5	5	3	0	PSA 34:11
लड़कों	39	39	12	31	GEN 21:7
लड़खड़ा	1	1	1	5	ISA 51:17
लड़खड़ाते	3	3	2	7	JOB 4:4
लड़ता	15	15	6	16	JOS 10:14
लड़ती	2	2	2	2	JER 37:10
लड़ते	13	13	8	11	JDG 11:5
लड़ना	4	4	4	5	DEU 20:12
लड़ने	82	82	20	81	EXO 17:8
लड़नेवाला	3	3	3	3	DEU 3:22
लड़नेवाले	4	4	4	4	JOS 10:25
लड़बड़ाती	0	0	0	1	extra_words.txt
लड़ा	24	24	13	25	NUM 21:1
लड़ाइयाँ	5	5	5	5	1KI 22:45
लड़ाइयों	9	9	8	10	JDG 3:1
लड़ाई	77	77	26	79	EXO 13:17
लड़ियों	1	1	1	1	SNG 1:10
लड़ूँ	1	1	1	1	JER 12:1
लड़ूँगा	9	9	5	9	ISA 49:25
लड़े	15	15	7	15	JOS 19:47
लड़ें	6	6	5	6	EXO 1:10
लड़ेंगे	9	9	5	9	DEU 1:41
लड़ेगा	12	12	10	12	EXO 14:14
लड़ो	9	9	6	9	DEU 1:42
लड़ोगे	1	1	1	0	JOB 13:8
लता	12	12	6	14	GEN 49:22
लताओं	1	1	1	1	ISA 16:8
लताड़	6	6	5	6	2KI 9:33
लताड़ता	2	2	2	2	ISA 41:25
लताड़ते	1	1	1	1	JDG 20:43
लताड़नेवालों	1	1	1	1	JER 25:30
लताड़ा	7	7	3	7	ISA 25:10
लताड़ी	2	2	2	2	ISA 14:19
लताड़े	1	1	1	1	ISA 10:6
लताड़ेगा	1	1	1	1	PSA 91:13
लतीनी	1	1	1	1	JHN 19:20
लतूशी	1	1	1	1	GEN 25:3
लथड़े	1	1	1	1	ISA 9:5
लदवाई	1	1	1	1	1SA 25:18
लदवाकर	1	1	1	1	2KI 8:9
लदा	4	4	4	4	1SA 16:20
लदी	3	3	2	3	GEN 45:23
लदे	6	6	6	6	GEN 45:23
लपक	0	0	0	1	extra_words.txt
लपककर	2	2	2	2	DEU 19:11
लपका	2	2	2	1	DAN 8:6
लपके	2	2	2	1	JDG 20:48
लपट	2	2	2	2	JOB 15:30
लपटों	1	1	1	1	PSA 29:7
लपेट	4	4	4	3	GEN 27:16
लपेटकर	3	3	3	3	LEV 8:7
लपेटने	1	1	1	1	REV 6:14
लपेटा	6	6	6	8	GEN 37:34
लपेटी	3	3	3	3	1SA 21:9
लपेटेगा	1	1	1	1	HEB 1:12
लप्पीदोत	1	1	1	1	JDG 4:4
लबाओत	1	1	1	1	JOS 15:32
लबाना	2	2	2	2	EZR 2:45
लबानोन	66	66	16	80	DEU 1:7
लबानोनी	5	5	2	0	1KI 7:2
लबोना	1	1	1	1	JDG 21:19
लमा	2	2	2	3	MAT 27:46
लमूएल	2	2	1	4	PRO 31:1
लम्बा	17	17	8	20	EXO 39:9
लम्बाई	71	71	12	72	GEN 6:15
लम्बी	43	43	14	35	EXO 2:23
लम्बे	32	32	13	27	EXO 27:11
ललकार	22	22	10	22	NUM 23:21
ललकारता	3	3	3	3	1SA 17:10
ललकारते	2	2	1	2	JER 12:6
ललकारना	1	1	1	1	JDG 7:18
ललकारने	3	3	3	3	JDG 15:14
ललकारा	5	5	3	5	1SA 17:36
ललकारे	2	2	2	2	1SA 17:26
ललकारें	1	1	1	1	ISA 42:11
ललकारेंगे	2	2	2	2	ISA 24:14
ललकारेगा	2	2	2	2	ISA 42:13
ललकारो	2	2	1	2	JER 4:5
लवती	1	1	1	1	RUT 2:9
लवनी	2	2	1	3	REV 14:15
लवने	7	7	6	7	EXO 34:21
लवनेवाला	1	1	1	3	ISA 17:5
लवनेवाले	1	1	1	1	AMO 9:13
लवनेवालों	8	8	3	8	RUT 2:3
लवलीन	6	6	3	1	JOS 22:5
लवे	1	1	1	1	EXO 34:22
लवेंगे	1	1	1	2	HOS 8:7
लवेगा	1	1	1	0	MIC 6:15
लशम	2	2	1	2	EXO 28:19
लश्शारोन	1	1	1	1	JOS 12:18
लसया	1	1	1	1	ACT 27:8
लसार	1	1	1	1	GEN 14:10
लहद	1	1	1	1	1CH 4:2
लहमास	1	1	1	1	JOS 15:40
लहमी	1	1	1	1	1CH 20:5
लहर	1	1	1	4	JAS 1:6
लहराती	1	1	1	1	EZK 1:4
लहराते	1	1	1	2	ISA 57:20
लहरें	12	12	8	15	JOB 38:11
लहरों	14	14	9	16	JOB 9:8
लहलहाएँगे	1	1	1	1	PSA 72:16
लहलहाती	1	1	1	1	HOS 10:1
लहलहाते	2	2	2	2	PSA 92:14
लहसनिए	1	1	1	1	REV 21:20
लहसुन	1	1	1	1	NUM 11:5
लहाबी	1	1	1	2	GEN 10:13
लहावी	1	1	1	0	1CH 1:11
लही	4	4	1	4	JDG 15:9
लहुरा	1	1	1	1	JDG 9:5
लहू	309	309	36	340	GEN 4:10
लहूवाला	2	2	1	0	EXO 4:25
लहूवाले	1	1	1	1	PSA 16:4
लहैरोई	3	3	1	4	GEN 16:14
ला	29	29	12	29	GEN 24:40
लाँघ	2	2	1	2	PSA 18:29
लाँघकर	1	1	1	3	HOS 4:2
लाँघते	1	1	1	1	ZEP 1:9
लाई	9	9	7	11	1SA 25:27
लाऊँ	8	8	3	8	GEN 42:37
लाऊँगा	23	23	9	21	GEN 24:37
लाऊँगी	1	1	1	1	GEN 24:19
लाए	72	72	19	74	GEN 28:6
लाएँ	11	11	8	14	EXO 25:2
लाएँगे	3	3	2	3	ISA 60:6
लाएगा	9	9	8	11	GEN 24:3
लाएल	1	1	1	1	NUM 3:24
लाओ	29	29	14	30	1SA 11:12
लाओगे	1	1	1	1	LEV 23:15
लाकर	46	46	16	47	GEN 47:21
लाकीश	25	25	7	25	JOS 10:3
लाख	60	60	14	59	EXO 12:37
लाखों	14	14	9	12	GEN 24:60
लागत	1	1	1	2	EZR 6:4
लागू	1	1	1	7	PSA 99:4
लागों	1	1	1	0	1KI 12:9
लाचार	5	5	2	5	PSA 10:8
लाज	2	2	2	0	EZR 9:6
लाजर	4	4	1	0	LUK 16:20
लाज़र	12	12	1	23	JHN 11:1
लाट	2	2	2	0	GEN 14:11
लाटें	2	2	2	1	EZK 40:49
लाटों	2	2	2	2	EXO 23:24
लाठ	7	7	4	0	DEU 16:22
लाठियाँ	7	7	5	7	JOB 41:29
लाठियों	2	2	2	2	EXO 7:12
लाठी	47	47	16	59	EXO 4:2
लाठें	4	4	3	4	1KI 14:23
लाठों	7	7	4	7	EXO 34:13
लाड़	1	1	1	0	PRO 29:21
लात	5	5	4	5	DEU 32:15
लाता	28	28	14	35	GEN 18:4
लाती	3	3	3	5	PRO 25:23
लाते	17	17	10	18	EXO 36:3
लाद	6	6	5	6	1SA 25:39
लादकर	7	7	5	7	GEN 42:26
लादता	2	2	1	2	JOB 12:21
लादते	2	2	2	2	NEH 13:15
लादा	1	1	1	1	1CH 4:21
लादान	8	8	1	8	1CH 7:25
लादी	1	1	1	1	GEN 22:6
लादू	1	1	1	1	MAT 21:5
लादे	4	4	4	4	GEN 37:25
लाना	10	10	8	14	LEV 7:24
लानी	1	1	1	1	2CO 3:1
लाने	19	19	14	30	EXO 36:6
लानेवाली	1	1	1	1	JER 6:1
लानेवाले	3	3	3	4	JDG 3:18
लानेवालों	3	3	3	3	2KI 20:13
लापरवाह	0	0	0	1	extra_words.txt
लापरवाही	0	0	0	3	extra_words.txt
लाबान	55	55	2	63	GEN 24:29
लाभ	107	107	35	132	GEN 25:32
लाभकारी	1	1	1	2	ECC 7:11
लाभदायक	5	5	5	6	EST 3:8
लाभार्थियों	0	0	0	1	extra_words.txt
लामेध	1	1	1	1	PSA 119:88
लाया	111	111	30	129	GEN 27:25
लार	1	1	1	1	1SA 21:13
लाल	108	108	27	113	GEN 25:25
लालच	26	26	13	29	EXO 20:17
लालचियों	1	1	1	1	PRO 1:19
लालची	5	5	3	6	PRO 15:27
लालड़ियों	1	1	1	1	ISA 54:12
लालड़ी	4	4	3	4	EXO 28:17
लालन-पालन	0	0	0	1	extra_words.txt
लालसा	53	53	25	65	GEN 3:16
लालसाओं	6	6	6	7	JHN 8:44
लाली	6	6	2	6	LEV 13:19
लाले	2	2	2	3	EXO 15:14
लाश	0	0	0	2	extra_words.txt
लाशा	1	1	1	1	GEN 10:19
लिंग	1	1	1	2	DEU 23:1
लिआ	35	35	2	40	GEN 29:16
लिए	306	306	38	5422	GEN 3:6
लिख	63	63	22	72	EXO 17:14
लिखकर	24	24	16	28	NUM 5:23
लिखता	20	20	12	27	PRO 22:20
लिखते	3	3	3	8	1CH 5:7
लिखना	9	9	6	10	DEU 6:9
लिखनी	1	1	1	1	2JN 1:12
लिखने	12	12	10	29	JOS 18:8
लिखनेवाला	4	4	3	4	2SA 8:16
लिखनेवाले	1	1	1	1	ROM 16:22
लिखवा	1	1	1	2	EZR 1:1
लिखवाई	2	2	2	3	NUM 1:18
लिखवाईं	1	1	1	0	2CH 36:22
लिखवाए	1	1	1	2	LUK 2:5
लिखवाने	1	1	1	1	LUK 2:3
लिखवाये	1	1	1	0	JDG 8:14
लिखा	196	196	38	272	EXO 32:15
लिखाई	3	3	3	3	EST 8:5
लिखाकर	2	2	2	2	EZR 10:16
लिखावट	0	0	0	1	extra_words.txt
लिखित	0	0	0	2	extra_words.txt
लिखी	75	75	26	113	EXO 24:12
लिखीं	3	3	2	3	2KI 17:37
लिखूँ	3	3	3	4	LUK 1:3
लिखूँगा	6	6	5	6	EXO 34:1
लिखे	73	73	22	87	EXO 34:1
लिखें	2	2	2	3	JOS 18:5
लिखेगा	2	2	2	3	ISA 44:5
लिखो	2	2	2	2	EST 8:8
लिटा	5	5	4	7	1KI 3:20
लिटाकर	1	1	1	0	2SA 8:2
लिटाया	2	2	2	2	1SA 19:13
लिपट	5	5	3	5	JOB 24:8
लिपटकर	4	4	1	6	GEN 30:8
लिपटके	1	1	1	0	GEN 25:22
लिपटा	9	9	7	10	GEN 46:29
लिपटी	6	6	2	6	LEV 3:3
लिपटे	7	7	3	7	DEU 4:4
लिपिक	0	0	0	1	extra_words.txt
लिपिबद्ध	0	0	0	1	extra_words.txt
लिप्त	1	1	1	3	1KI 11:2
लिबनी	1	1	1	0	EXO 6:17
लिबिरतीनों	1	1	1	0	ACT 6:9
लिब्ना	15	15	6	15	NUM 33:20
लिब्नावासी	3	3	2	3	2KI 23:31
लिब्नियों	2	2	1	0	NUM 3:21
लिब्नी	6	6	2	7	NUM 3:18
लिब्यातान	3	3	2	0	JOB 3:8
लिमिक	1	1	1	0	LUK 3:36
लिया	972	972	58	1054	GEN 2:3
लिये	4123	4123	65	0	GEN 1:14
लिव्यातान	1	1	1	7	PSA 104:26
लिव्यातानों	1	1	1	0	PSA 74:14
लिसानियास	1	1	1	1	LUK 3:1
ली	197	197	44	212	GEN 8:1
लीं	28	28	20	28	GEN 4:19
लीक	13	13	8	11	JDG 2:17
लीनुस	1	1	1	1	2TI 4:21
लीबिया	1	1	1	2	ACT 2:10
लीला	2	2	2	0	JDG 19:25
लीलाक्रीड़ा	2	2	2	4	GAL 5:21
लीलीत	1	1	1	1	ISA 34:14
लुंगी	8	8	1	0	JER 13:1
लुकटियों	1	1	1	1	ISA 7:4
लुकटी	2	2	2	1	PSA 102:3
लुकाउनिया	2	2	1	4	ACT 14:6
लुके	1	1	1	0	PRO 9:17
लुचपन	12	12	9	12	MRK 7:22
लुच्चे	6	6	4	7	JDG 9:4
लुच्चों	3	3	2	3	JDG 19:22
लुट	10	10	4	10	PSA 12:5
लुटकर	1	1	1	1	DAN 11:33
लुटता	1	1	1	1	DEU 28:29
लुटने	1	1	1	1	HEB 10:34
लुटवा	2	2	2	2	NEH 4:4
लुटवाया	1	1	1	1	ISA 42:24
लुटा	1	1	1	2	MIC 1:8
लुटे	2	2	1	2	JER 21:12
लुटेंगी	1	1	1	1	EZK 34:22
लुटेंगे	1	1	1	1	JER 30:16
लुटेगा	1	1	1	1	JER 50:10
लुटेरे	1	1	1	3	PRO 6:11
लुटेरों	5	5	5	5	JDG 2:14
लुढका	1	1	1	0	LUK 24:2
लुढ़क	1	1	1	1	PRO 26:27
लुढ़कते	2	2	1	0	JDG 7:13
लुढ़का	6	6	5	8	1SA 14:33
लुढ़काए	2	2	2	2	PRO 26:27
लुढ़काएगा	1	1	1	1	MRK 16:3
लुढ़काकर	3	3	3	6	GEN 29:3
लुढ़काया	2	2	1	1	GEN 29:8
लुतरा	1	1	1	0	LEV 19:16
लुतराई	4	4	2	3	PRO 11:13
लुतरे	1	1	1	0	EZK 36:3
लुदिया	2	2	1	2	ACT 16:14
लुद्दा	3	3	1	5	ACT 9:32
लुप्त	1	1	1	3	PSA 37:20
लुभानेवाली	2	2	2	4	1CO 2:4
लुम्मी	1	1	1	1	GEN 25:3
लुस्त्रा	6	6	2	8	ACT 14:6
लुहान	1	1	1	1	1KI 18:28
लू	4	4	4	4	ISA 11:15
लूँ	33	33	18	32	GEN 28:15
लूँगा	77	77	23	81	GEN 9:5
लूँगी	2	2	2	2	MAT 9:21
लूका	3	3	3	31	COL 4:14
लूकियुस	2	2	2	2	ACT 13:1
लूज	8	8	3	8	GEN 28:19
लूट	103	103	26	105	GEN 14:11
लूटकर	13	13	9	14	JDG 14:19
लूटता	2	2	2	2	JOB 24:21
लूटती	1	1	1	1	ZEC 2:8
लूटते	3	3	3	3	JDG 9:25
लूटने	7	7	5	6	JDG 2:14
लूटनेवाले	4	4	4	5	ISA 17:14
लूटनेवालो	1	1	1	0	JER 50:11
लूटनेवालों	3	3	3	4	1SA 14:48
लूटा	15	15	8	19	EST 9:10
लूटी	4	4	3	4	EZK 23:46
लूटे	10	10	7	10	JDG 5:30
लूटें	1	1	1	1	ISA 10:2
लूटेंगे	4	4	3	4	ISA 11:14
लूटो	2	2	1	3	NAM 2:9
लूटोगे	1	1	1	1	EXO 3:22
लूत	34	34	4	44	GEN 11:27
लूतवंशियों	1	1	1	1	PSA 83:8
लूतियों	1	1	1	0	DEU 2:9
लूद	3	3	3	3	GEN 10:22
लूदियो	1	1	1	0	JER 46:9
लूदियों	1	1	1	2	ISA 66:19
लूदी	3	3	3	3	GEN 10:13
लूबियों	1	1	1	1	2CH 16:8
लूबी	3	3	3	3	2CH 12:3
लूला	1	1	1	1	LEV 22:22
लूसिया	1	1	1	3	ACT 27:5
लूसियास	3	3	1	3	ACT 23:26
लूह	4	4	4	4	PSA 11:6
लूहीत	2	2	2	2	ISA 15:5
ले	1837	1837	61	1914	GEN 2:19
लें	93	93	36	104	GEN 11:4
लेंगी	10	10	5	10	EXO 10:5
लेंगे	107	107	29	111	GEN 12:12
लेकर	686	686	46	739	GEN 2:15
लेका	1	1	1	1	1CH 4:21
लेकिन	1	1	1	14	LEV 25:24
लेके	4	4	4	0	GEN 34:17
लेख	11	11	7	12	EST 3:14
लेखक	10	10	7	174	2SA 20:24
लेखकों	1	1	1	7	1CH 2:55
लेखनकाल	0	0	0	4	extra_words.txt
लेखनी	1	1	1	1	PSA 45:1
लेखा	27	27	14	35	2SA 19:19
लेखे	6	6	4	4	GEN 13:13
लेखों	1	1	1	2	JHN 6:45
लेगा	123	123	31	138	GEN 49:27
लेगी	16	16	8	18	EXO 3:22
लेट	24	24	11	22	GEN 19:33
लेटकर	6	6	4	8	2SA 13:5
लेटते	3	3	2	3	DEU 6:7
लेटना	1	1	1	1	PSA 57:4
लेटने	3	3	3	3	JOS 2:8
लेटनेवाले	1	1	1	1	PRO 23:34
लेटा	8	8	5	11	GEN 28:13
लेटी	6	6	3	6	GEN 19:33
लेटे	8	8	4	8	GEN 39:10
लेटेंगे	1	1	1	1	ZEP 2:7
लेटेगा	4	4	3	4	NUM 23:24
लेता	109	109	32	145	GEN 31:39
लेती	14	14	10	14	1KI 17:11
लेते	97	97	30	112	GEN 43:12
लेन	17	17	7	0	GEN 34:10
लेनदेन	2	2	2	0	GEN 34:21
लेना	121	121	26	139	GEN 7:2
लेनी	4	4	3	2	EXO 25:3
लेने	145	145	36	160	GEN 23:6
लेनेवाला	20	20	13	23	NUM 35:19
लेनेवाले	26	26	12	29	LEV 25:30
लेनेवालों	16	16	7	17	LEV 25:28
लेप	1	1	1	2	EZK 30:21
लेपालक	3	3	3	3	ROM 8:23
लेपालकपन	2	2	1	2	ROM 8:15
लेबकामै	1	1	1	1	JER 51:1
लेमेक	11	11	2	12	GEN 4:18
लेवियो	3	3	2	0	NUM 16:7
लेवियों	167	167	14	205	EXO 6:19
लेवी	55	55	17	84	GEN 29:34
लेवीय	139	139	16	149	EXO 4:14
लेवीवंशी	1	1	1	1	1KI 12:31
लेश	1	1	1	1	ISA 40:17
लेशमात्र	0	0	0	1	extra_words.txt
लेशेम	2	2	1	2	JOS 19:47
लेसनेवाले	1	1	1	1	EZK 13:15
लेसा	1	1	1	1	LEV 14:48
लेसाई	6	6	1	0	EZK 13:10
लेसे	1	1	1	0	LEV 14:43
लेहेम	1	1	1	1	1CH 4:22
लैटिन	0	0	0	3	extra_words.txt
लैश	6	6	3	7	JDG 18:7
लैशा	1	1	1	1	ISA 10:30
लो	147	147	37	157	GEN 1:28
लों	4	4	4	1	GEN 6:3
लोंदे	1	1	1	1	ROM 9:21
लोअम्मी	2	2	1	3	HOS 1:9
लोइस	1	1	1	1	2TI 1:5
लोक	11	11	7	9	PSA 28:1
लोकप्रिय	0	0	0	1	extra_words.txt
लोकप्रियता	0	0	0	2	extra_words.txt
लोग	1633	1633	60	1742	GEN 4:26
लोगी	3	3	1	3	EZK 13:21
लोगे	42	42	11	43	EXO 6:7
लोगो	78	78	26	0	DEU 32:6
लोगों	1699	1699	62	1970	GEN 6:9
लोज	5	5	1	5	LEV 14:10
लोट	2	2	2	2	2SA 20:12
लोटती	3	3	1	3	EZK 16:6
लोटते	2	2	2	1	LAM 4:5
लोटने	2	2	2	2	MRK 9:20
लोटपोट	1	1	1	1	MIC 1:10
लोटेंगे	1	1	1	1	EZK 27:30
लोटेगा	1	1	1	1	JER 48:26
लोटो	1	1	1	0	JER 25:34
लोटों	1	1	1	1	MRK 7:4
लोतान	7	7	2	7	GEN 36:20
लोथ	32	32	8	39	EXO 21:34
लोथों	5	5	3	5	GEN 15:11
लोद	4	4	3	4	1CH 8:12
लोदबरवासी	1	1	1	1	2SA 17:27
लोदबार	2	2	1	2	2SA 9:4
लोन	2	2	2	1	DEU 29:23
लोनछाई	1	1	1	1	JER 17:6
लोनवाला	1	1	1	0	JOS 15:62
लोनवाली	1	1	1	0	2SA 8:13
लोनिया	2	2	1	1	JOB 30:4
लोप	13	13	8	16	GEN 5:24
लोबान	23	23	10	27	EXO 30:34
लोबिया	1	1	1	1	2SA 17:28
लोभ	13	13	11	14	PSA 119:36
लोभरहित	1	1	1	1	HEB 13:5
लोभियों	1	1	1	1	1CO 5:10
लोभी	11	11	9	11	PSA 10:3
लोमड़ियाँ	2	2	2	2	JDG 15:4
लोमड़ियों	5	5	4	5	JDG 15:4
लोमड़ी	1	1	1	1	LUK 13:32
लोरुहामा	3	3	1	4	HOS 1:6
लोहा	19	19	11	20	NUM 31:22
लोहार	6	6	5	7	1SA 13:19
लोहारों	3	3	3	3	2KI 24:14
लोहे	77	77	23	80	GEN 4:22
लौ	20	20	14	21	EXO 3:2
लौट	253	253	35	257	GEN 8:9
लौटकर	76	76	26	85	GEN 8:12
लौटता	1	1	1	2	2SA 1:22
लौटते	2	2	2	2	JOB 39:4
लौटना	5	5	4	19	DEU 17:16
लौटने	18	18	11	31	LEV 25:10
लौटनेवालों	1	1	1	4	PSA 126:1
लौटा	131	131	30	131	GEN 14:16
लौटाई	1	1	1	1	EZK 18:12
लौटाऊँगा	2	2	2	2	GEN 14:24
लौटाए	1	1	1	1	GEN 20:7
लौटाकर	8	8	7	9	2SA 15:25
लौटाता	1	1	1	1	JER 30:18
लौटाने	1	1	1	3	2SA 19:12
लौटाया	3	3	3	4	RUT 1:21
लौटी	1	1	1	1	RUT 1:22
लौटीं	1	1	1	0	EXO 2:18
लौटूँगा	6	6	5	7	1SA 15:26
लौटे	16	16	10	25	NUM 31:14
लौटें	2	2	2	1	2SA 15:27
लौटेंगे	2	2	2	3	NUM 32:18
लौटेगा	6	6	5	7	NEH 2:6
लौटो	1	1	1	2	2SA 2:26
लौटोगे	2	2	2	2	NUM 32:22
लौदीकिया	7	7	2	8	COL 2:1
लौलीन	4	4	3	8	ACT 2:42
व	9	9	4	16	PSA 58:9
वंचित	3	3	2	15	COL 2:18
वंश	372	372	37	395	GEN 3:15
वंशज	4	4	2	35	1CH 1:33
वंशजों	3	3	2	7	DEU 2:9
वंशवाले	2	2	2	2	GEN 46:15
वंशवालों	1	1	1	1	NUM 32:39
वंशावलियाँ	2	2	2	2	GEN 10:32
वंशावलियों	4	4	4	5	1CH 7:4
वंशावली	40	40	10	73	GEN 5:1
वंशावलीपत्र	2	2	1	0	NEH 7:5
वंशावलीपत्रों	1	1	1	0	NEH 7:64
वंशियों	3	3	2	5	NUM 13:11
वंशी	1	1	1	0	2CH 2:14
वंशों	3	3	3	3	JOS 17:2
वकील	1	1	1	2	ACT 24:1
वकीलों	1	1	1	2	EZR 4:5
वक्तव्य	2	2	1	2	2CO 10:10
वक्ता	1	1	1	4	ISA 3:2
वचन	1000	1000	59	1104	GEN 12:4
वचनबद्ध	0	0	0	1	extra_words.txt
वचनरूपी	2	2	1	0	JOB 5:15
वचनों	81	81	23	94	EXO 18:24
वज़न	1	1	1	1	1KI 7:47
वज्र	1	1	1	1	ISA 5:28
वदान	1	1	1	0	EZK 27:19
वध	36	36	16	33	LEV 6:25
वन	64	64	22	70	GEN 1:25
वनपशु	12	12	8	0	GEN 1:24
वनपशुओं	10	10	6	0	1SA 17:44
वनमधु	1	1	1	2	MAT 3:4
वनवासी	1	1	1	1	GEN 25:27
वफादार	0	0	0	1	extra_words.txt
वफादारी	0	0	0	1	extra_words.txt
वमन	2	2	1	2	ISA 19:14
वयस्क	0	0	0	3	extra_words.txt
वर	12	12	9	19	NUM 36:6
वरदान	32	32	15	47	1KI 2:20
वरदानों	6	6	2	9	1CO 12:1
वरन	1	1	1	0	ECC 7:11
वरन्	659	659	64	700	GEN 3:5
वरिष्ठ	0	0	0	2	extra_words.txt
वर्ग	0	0	0	4	extra_words.txt
वर्गाकार	1	1	1	2	REV 21:16
वर्गों	0	0	0	1	extra_words.txt
वर्जित	2	2	2	17	LEV 20:25
वर्णन	87	87	33	129	GEN 37:5
वर्णमाला	0	0	0	1	extra_words.txt
वर्णित	0	0	0	1	extra_words.txt
वर्तमान	13	13	11	28	LEV 22:25
वर्तमानकाल	0	0	0	2	extra_words.txt
वर्ष	819	819	42	862	GEN 5:3
वर्षा	61	61	25	79	GEN 7:12
वर्षीय	0	0	0	4	extra_words.txt
वर्षों	43	43	18	53	GEN 1:14
वश	209	209	41	218	GEN 1:28
वशती	10	10	1	12	EST 1:9
वशीकरण	0	0	0	1	extra_words.txt
वसन्त	5	5	2	7	GEN 18:10
वसूल	1	1	1	3	NUM 3:50
वसूली	1	1	1	3	NEH 10:31
वस्तु	223	223	45	238	GEN 14:23
वस्तुएँ	151	151	46	156	GEN 24:53
वस्तुओं	193	193	43	206	GEN 14:11
वस्तुतः	0	0	0	1	extra_words.txt
वस्त्र	324	324	44	356	GEN 24:53
वस्त्रवाले	1	1	1	1	JAS 2:3
वस्त्रहीन	1	1	1	1	JOB 31:19
वस्त्रालय	1	1	1	1	2CH 34:22
वस्त्रों	52	52	16	55	GEN 27:27
वह	7870	7870	65	8902	GEN 1:31
वहन	0	0	0	2	extra_words.txt
वहाँ	860	860	50	898	GEN 2:8
वही	467	467	53	508	GEN 2:11
वहीं	168	168	31	172	GEN 11:9
वा	5	5	3	0	GEN 31:14
वांछनीय	0	0	0	2	extra_words.txt
वांछित	0	0	0	1	extra_words.txt
वाक्य	1	1	1	10	HEB 12:27
वाचक	0	0	0	2	extra_words.txt
वाचा	345	345	38	467	GEN 6:18
वाचाएँ	2	2	2	3	ROM 9:4
वाचाओं	1	1	1	3	EPH 2:12
वाटिका	14	14	2	20	GEN 2:8
वाटिकाएँ	1	1	1	1	AMO 4:9
वाटिकाओं	1	1	1	1	NUM 24:6
वाणी	380	380	28	397	GEN 22:16
वाद	29	29	10	6	EXO 17:2
वादक	1	1	1	0	1SA 16:17
वादविवाद	14	14	8	0	DEU 33:8
वाद्य	1	1	1	0	2CH 7:6
वाद्ययंत्र	0	0	0	1	extra_words.txt
वाद्ययन्त्रों	1	1	1	0	1CH 23:5
वाद्यों	1	1	1	0	2CH 5:13
वानी	1	1	1	0	EZR 10:29
वापस	2	2	2	19	GEN 43:9
वापिस	3	3	2	3	JOB 16:22
वायदे	0	0	0	1	extra_words.txt
वायु	49	49	14	64	1KI 18:45
वायुओं	1	1	1	1	ZEC 2:6
वायुमण्डल	0	0	0	1	extra_words.txt
वार	1	1	1	2	LUK 2:35
वारिस	33	33	15	42	GEN 15:2
वारिसों	1	1	1	1	HEB 6:17
वार्तालाप	1	1	1	2	EXO 25:22
वार्षिक	3	3	3	6	LEV 25:53
वाला	27	27	16	12	GEN 4:2
वाली	7	7	6	25	GEN 13:10
वाले	35	35	17	41	EXO 10:8
वालों	18	18	13	22	GEN 45:4
वाव	1	1	1	1	PSA 119:40
वास	38	38	20	46	DEU 33:12
वासस्थान	14	14	9	14	2SA 15:25
वासस्थानों	3	3	2	3	JER 25:37
वासियों	1	1	1	6	EZK 23:23
वासी	2	2	2	7	GEN 25:20
वास्तव	4	4	3	31	PSA 33:9
वास्तविकता	0	0	0	3	extra_words.txt
वाह	1	1	1	1	MRK 15:29
वाहक	0	0	0	2	extra_words.txt
वाहनों	0	0	0	1	extra_words.txt
वाहवाही	0	0	0	1	extra_words.txt
विकट	0	0	0	1	extra_words.txt
विकल	7	7	5	8	2SA 13:2
विकलांग	0	0	0	2	extra_words.txt
विकसित	0	0	0	3	extra_words.txt
विकारी	1	1	1	1	2KI 23:13
विकृत	0	0	0	3	extra_words.txt
विक्रय	0	0	0	1	extra_words.txt
विक्रेता	0	0	0	1	extra_words.txt
विख्यात	0	0	0	1	extra_words.txt
विगत	0	0	0	3	extra_words.txt
विघटन	0	0	0	2	extra_words.txt
विघ्न	2	2	2	2	PSA 144:14
विचरण	0	0	0	1	extra_words.txt
विचलित	0	0	0	3	extra_words.txt
विचार	165	165	40	197	GEN 6:5
विचारक	0	0	0	1	extra_words.txt
विचारकर	5	5	3	0	LEV 27:12
विचारकों	0	0	0	1	extra_words.txt
विचारता	1	1	1	1	PSA 36:2
विचारधारा	1	1	1	1	2PE 1:20
विचारा	4	4	4	4	GEN 44:5
विचारी	1	1	1	0	ACT 5:4
विचारे	4	4	3	2	LEV 5:4
विचारो	1	1	1	0	DEU 32:7
विचारों	7	7	7	15	1KI 18:21
विचित्र	4	4	4	6	NUM 23:23
विच्छेद	0	0	0	1	extra_words.txt
विजय	7	7	5	75	EXO 14:18
विजयगान	0	0	0	1	extra_words.txt
विजयपूर्ण	0	0	0	1	extra_words.txt
विजयी	2	2	2	7	2KI 5:1
विजातीय	2	2	1	5	1KI 11:1
विजेताओं	0	0	0	2	extra_words.txt
विज्ञापन	0	0	0	1	extra_words.txt
विडंबना	0	0	0	1	extra_words.txt
वितरण	0	0	0	2	extra_words.txt
वितरित	0	0	0	2	extra_words.txt
वितर्क	1	1	1	0	2TI 2:14
विदा	80	80	19	79	GEN 12:20
विदित	3	3	1	9	EZR 4:12
विदेशियों	1	1	1	1	HEB 11:34
विदेशी	7	7	5	10	EXO 21:8
विद्यमान	4	4	4	4	2SA 6:8
विद्या	11	11	8	10	1CH 12:8
विद्याओं	1	1	1	1	DAN 1:17
विद्रोह	15	15	5	21	GEN 14:4
विद्रोहियों	1	1	1	4	EZK 20:38
विद्रोही	8	8	2	12	EZK 2:6
विद्वान	1	1	1	7	ACT 18:24
विद्वान्	1	1	1	0	DAN 1:4
विधर्म	1	1	1	5	GAL 5:20
विधर्मी	2	2	2	2	PSA 43:1
विधवा	58	58	20	64	GEN 38:11
विधवाएँ	12	12	7	13	DEU 14:29
विधवाओं	13	13	10	17	JOB 22:9
विधवापन	4	4	3	4	GEN 38:14
विधाता	0	0	0	1	extra_words.txt
विधानानुसार	0	0	0	1	extra_words.txt
विधि	82	82	20	109	EXO 12:11
विधियाँ	31	31	8	33	LEV 26:46
विधियों	105	105	23	111	GEN 26:5
विधिवत्	0	0	0	2	extra_words.txt
विधिशास्त्री	0	0	0	2	extra_words.txt
विनती	223	223	44	244	GEN 16:2
विनम्र	0	0	0	3	extra_words.txt
विनम्रता	0	0	0	1	extra_words.txt
विनाश	71	71	31	146	GEN 9:15
विनाशक	0	0	0	2	extra_words.txt
विनाशकारी	0	0	0	3	extra_words.txt
विनाशलोक	2	2	1	2	PRO 15:11
विपक्ष	0	0	0	1	extra_words.txt
विपत्ति	197	197	34	220	GEN 19:19
विपत्तिपूर्ण	0	0	0	1	extra_words.txt
विपत्तियाँ	22	22	11	26	GEN 12:17
विपत्तियों	12	12	8	18	1SA 10:19
विपरीत	10	10	9	22	EST 9:1
विफल	0	0	0	4	extra_words.txt
विभाजन	1	1	1	11	JOS 19:51
विभाजनकारी	0	0	0	1	extra_words.txt
विभाजित	2	2	1	10	ISA 18:2
विभिन्न	2	2	2	19	EPH 3:10
विभूषित	2	2	2	3	JOB 37:22
विमुख	5	5	4	11	LEV 17:10
विरक्त	0	0	0	1	extra_words.txt
विराज	3	3	3	2	1KI 1:46
विराजती	1	1	1	1	2KI 10:30
विराजने	3	3	3	2	EXO 11:5
विराजनेवाला	2	2	2	1	1KI 3:6
विराजनेवाले	14	14	9	15	EXO 12:29
विराजनेवालो	1	1	1	1	JDG 5:10
विराजनेहारों	1	1	1	1	ISA 10:13
विराजमान	51	51	12	58	DEU 17:18
विराजूँगा	1	1	1	1	ISA 14:13
विराजे	2	2	2	2	1KI 1:35
विराजेगा	5	5	1	5	1KI 1:13
विरुद्ध	530	530	40	654	GEN 14:2
विरोध	98	98	30	124	EXO 23:21
विरोधियों	23	23	10	25	EXO 15:7
विरोधी	33	33	21	42	1SA 29:4
विरोधों	1	1	1	3	1TH 2:2
विलम्ब	35	35	17	41	GEN 19:16
विलम्बित	0	0	0	1	extra_words.txt
विलाप	110	110	26	148	GEN 37:34
विलापगीत	6	6	2	15	2SA 1:17
विलापगीतों	1	1	1	1	2CH 35:25
विलास	12	12	7	0	ISA 13:22
विलासिता	1	1	1	3	AMO 6:7
विलासों	1	1	1	0	JAS 4:1
विलोप	0	0	0	4	extra_words.txt
विवरण	3	3	3	9	EXO 38:21
विवश	10	10	7	17	2KI 4:8
विवाद	67	67	21	52	GEN 6:3
विवादी	2	2	2	1	ROM 2:8
विवादों	4	4	3	7	ACT 23:29
विवाह	153	153	28	147	GEN 6:2
विवाह-सम्बंध	0	0	0	1	extra_words.txt
विवाहित	1	1	1	5	1CO 7:33
विवाहिता	4	4	3	3	NUM 12:1
विवेक	42	42	16	54	1SA 25:33
विवेकपूर्ण	0	0	0	2	extra_words.txt
विवेचन	0	0	0	1	extra_words.txt
विशादपूर्ण	0	0	0	1	extra_words.txt
विशाल	3	3	3	7	1CH 11:23
विशालकाय	0	0	0	2	extra_words.txt
विशिष्टता	0	0	0	3	extra_words.txt
विशेष	42	42	22	110	LEV 22:21
विशेषकर	1	1	1	4	ACT 20:38
विशेषताओं	0	0	0	1	extra_words.txt
विशेषाधिकार	0	0	0	2	extra_words.txt
विशेषाधिकारों	0	0	0	1	extra_words.txt
विश्रान्ति	2	2	2	3	EZR 9:8
विश्राम	120	120	30	143	GEN 2:2
विश्रामकाल	1	1	1	1	LEV 25:6
विश्रामकालों	4	4	1	5	LEV 26:34
विश्रामदिन	47	47	14	62	EXO 16:25
विश्रामदिनों	14	14	5	16	EXO 31:13
विश्रामवर्ष	1	1	1	5	LEV 25:8
विश्रामवर्षों	1	1	1	1	LEV 25:8
विश्रामवार	4	4	1	1	NEH 13:19
विश्रामस्थान	9	9	7	13	GEN 49:15
विश्व	0	0	0	2	extra_words.txt
विश्व-शक्ति	0	0	0	2	extra_words.txt
विश्व-शक्तियों	0	0	0	1	extra_words.txt
विश्वव्यापी	0	0	0	2	extra_words.txt
विश्वसनीय	0	0	0	2	extra_words.txt
विश्वसनीयता	0	0	0	2	extra_words.txt
विश्वसायोग्य	1	1	1	0	REV 1:5
विश्वाघाती	1	1	1	0	ISA 24:16
विश्वास	503	503	39	697	GEN 15:6
विश्वासघात	64	64	19	74	EXO 21:8
विश्वासघातिन	1	1	1	1	JER 3:11
विश्वासघातियों	4	4	4	4	PSA 119:158
विश्वासघाती	23	23	8	32	JOB 6:15
विश्वासपूर्ण	0	0	0	1	extra_words.txt
विश्वासयोग्य	52	52	25	108	NUM 12:7
विश्वासवाले	1	1	1	1	ROM 4:16
विश्वासिनी	3	3	2	3	ACT 9:36
विश्वासियो	1	1	1	0	LUK 12:28
विश्वासियों	7	7	3	48	1CO 14:22
विश्वासी	17	17	11	32	JHN 20:27
विष	17	17	10	19	DEU 29:18
विषधर	1	1	1	1	ISA 30:6
विषभरी	1	1	1	1	DEU 32:32
विषमता	0	0	0	3	extra_words.txt
विषय	767	767	61	921	GEN 3:3
विषयों	3	3	2	8	1CH 26:32
विषवाला	1	1	1	1	ISA 14:29
विषवाले	3	3	2	4	NUM 21:6
विषहरण	0	0	0	1	extra_words.txt
विष्ठा	5	5	4	5	JOB 20:7
विस्तार	3	3	3	5	RUT 2:11
विस्तृत	0	0	0	4	extra_words.txt
विस्थापित	0	0	0	2	extra_words.txt
विस्मय	3	3	1	4	EZK 5:15
विस्मित	32	32	8	34	GEN 43:33
विहार	1	1	1	0	ISA 32:14
विहीन	1	1	1	1	1TI 6:5
वीणा	46	46	11	46	GEN 4:21
वीणाएँ	5	5	2	5	1CH 16:5
वीणाओं	3	3	3	3	PSA 137:2
वीर	61	61	16	63	GEN 10:8
वीरता	21	21	10	23	NUM 24:18
वीरो	1	1	1	0	JER 46:9
वीरों	20	20	9	23	NUM 11:28
वीर्य	6	6	3	6	GEN 38:9
वृक्ष	140	140	29	167	GEN 1:11
वृक्षो	3	3	3	0	PSA 148:9
वृक्षों	65	65	22	70	GEN 1:29
वृतान्त	1	1	1	0	GEN 26:32
वृत्तान्त	20	20	6	54	GEN 2:4
वृथाभिमान	1	1	1	1	PSA 39:11
वृद्ध	43	43	11	51	GEN 24:1
वृद्धावस्था	1	1	1	3	JOB 42:17
वृन्द	0	0	0	2	extra_words.txt
वृष्टि	2	2	2	2	PSA 84:6
वे	4470	4470	65	4801	GEN 1:14
वेग	34	34	18	35	DEU 28:49
वेतन	3	3	3	2	2SA 10:6
वेदना	1	1	1	1	LUK 22:44
वेदनाएँ	1	1	1	1	PSA 73:4
वेदियाँ	26	26	6	25	NUM 3:31
वेदियों	26	26	13	29	EXO 34:13
वेदी	369	369	30	411	GEN 8:20
वेरी	1	1	1	0	1CH 7:36
वेरेक्याह	1	1	1	0	1CH 15:23
वेरोत	1	1	1	0	EZR 2:25
वेश्या	39	39	17	44	GEN 34:31
वेश्याएँ	3	3	2	2	1KI 3:16
वेश्याओं	7	7	7	7	PRO 29:3
वेश्यागमन	5	5	3	6	LEV 19:29
वेश्यागामी	1	1	1	1	1CO 6:9
वेश्यापन	1	1	1	1	DEU 23:18
वेश्यावृत्ति	0	0	0	2	extra_words.txt
वैजाता	1	1	1	1	EST 9:9
वैद्य	7	7	6	10	JOB 13:4
वैद्यों	5	5	4	6	GEN 50:2
वैध	0	0	0	2	extra_words.txt
वैधता	0	0	0	1	extra_words.txt
वैधानिक	0	0	0	2	extra_words.txt
वैभव	46	46	17	53	GEN 45:13
वैभवशाली	1	1	1	1	PSA 111:3
वैश्विक	0	0	0	1	extra_words.txt
वैसा	299	299	48	302	GEN 1:7
वैसी	50	50	26	52	GEN 21:23
वैसे	298	298	51	326	EXO 9:11
व्य	1	1	1	3	PHP 3:5
व्यक्ति	39	39	15	81	LEV 13:13
व्यक्तियों	2	2	2	8	ACT 12:1
व्यतीत	5	5	5	7	1KI 2:39
व्यथा	1	1	1	4	LUK 12:50
व्यथित	0	0	0	2	extra_words.txt
व्यभिचार	116	116	27	128	GEN 38:24
व्यभिचारिण	2	2	1	0	JER 2:20
व्यभिचारिणियो	1	1	1	0	JAS 4:4
व्यभिचारिणियों	2	2	1	5	EZK 16:38
व्यभिचारिणी	17	17	8	28	LEV 20:10
व्यभिचारिता	0	0	0	1	extra_words.txt
व्यभिचारिन	3	3	3	0	JDG 2:17
व्यभिचारियों	8	8	7	8	JER 23:10
व्यभिचारी	19	19	16	19	LEV 20:6
व्यभिचारों	1	1	1	1	HOS 2:2
व्यय	2	2	2	2	MRK 5:26
व्यर्थ	182	182	38	212	EXO 20:7
व्यर्थता	1	1	1	8	ROM 8:20
व्यवसाय	0	0	0	3	extra_words.txt
व्यवस्था	422	422	40	513	GEN 26:5
व्यवस्थापक	7	7	5	8	MAT 22:35
व्यवस्थापको	1	1	1	0	LUK 11:46
व्यवस्थापकों	3	3	1	4	LUK 7:30
व्यवस्थापालन	0	0	0	1	extra_words.txt
व्यवस्थारहित	1	1	1	1	LAM 2:9
व्यवस्थावाला	1	1	1	1	ROM 4:16
व्यवस्थावाले	1	1	1	1	ROM 4:14
व्यवस्थाहीन	1	1	1	1	1CO 9:21
व्यवस्थाहीनों	2	2	1	2	1CO 9:21
व्यवस्थित	2	2	2	0	1CO 14:40
व्यवहार	75	75	31	102	GEN 19:8
व्यवहारों	4	4	3	1	PSA 106:35
व्यवहार्य	0	0	0	1	extra_words.txt
व्यस्त	0	0	0	2	extra_words.txt
व्याकुल	46	46	19	52	GEN 41:8
व्याख्यान	2	2	2	2	JOB 37:19
व्याधि	64	64	3	66	LEV 13:2
व्याधियाँ	1	1	1	1	DEU 7:15
व्याधिवाली	1	1	1	1	LEV 13:50
व्यापकता	0	0	0	2	extra_words.txt
व्यापार	22	22	9	28	1SA 25:2
व्यापारिक	0	0	0	1	extra_words.txt
व्यापारियों	8	8	6	11	GEN 23:16
व्यापारी	33	33	14	32	GEN 37:28
व्याप्त	1	1	1	3	EZK 32:27
शंका	1	1	1	3	JUD 1:22
शंकाओं	1	1	1	1	ROM 14:1
शकन्याह	9	9	4	11	1CH 3:21
शकम्याह	1	1	1	0	NEH 6:18
शकुन	5	5	4	5	GEN 44:5
शकेम	64	64	10	0	GEN 12:6
शक्ति	108	108	38	173	GEN 31:6
शक्तिमान	13	13	10	13	GEN 49:24
शक्तिमान्	1	1	1	0	PRO 24:5
शक्तियाँ	3	3	3	4	MAT 24:29
शक्तिशाली	5	5	4	24	1SA 9:1
शक्तिहीन	3	3	3	4	2CH 14:11
शतपति	4	4	3	2	NUM 31:14
शतपतियों	18	18	4	18	NUM 31:52
शतर्बोजनै	4	4	1	4	EZR 5:3
शताब्दियों	0	0	0	1	extra_words.txt
शताब्दी	0	0	0	3	extra_words.txt
शत्रु	128	128	25	135	EXO 15:6
शत्रुओं	199	199	27	224	GEN 22:17
शत्रुता	4	4	2	7	NUM 35:21
शत्रुदल	1	1	1	1	JER 18:22
शदेऊर	5	5	1	5	NUM 1:5
शद्रक	15	15	1	17	DAN 1:7
शनीर	1	1	1	0	SNG 4:8
शपत्याह	11	11	5	13	2SA 3:4
शपथ	335	335	41	378	GEN 14:23
शपन्याह	1	1	1	0	JER 38:1
शपात	1	1	1	0	1CH 3:22
शपान	1	1	1	0	JER 36:10
शपाम	2	2	1	2	NUM 34:10
शपी	1	1	1	1	1CH 1:40
शपूपान	1	1	1	1	1CH 8:5
शपूपाम	1	1	1	1	NUM 26:39
शपूपामियों	1	1	1	1	NUM 26:39
शपो	1	1	1	1	GEN 36:23
शबक्तनी	2	2	2	3	MAT 27:46
शबन्याह	7	7	2	7	1CH 15:24
शबशा	1	1	1	1	1CH 18:16
शबा	13	13	5	0	GEN 10:7
शबाइयों	1	1	1	1	JOL 3:8
शबात	1	1	1	1	ZEC 1:7
शबारीम	1	1	1	2	JOS 7:5
शबूएल	3	3	1	3	1CH 23:16
शब्द	319	319	38	415	GEN 3:8
शब्दवाली	1	1	1	1	PSA 150:5
शब्दशः	0	0	0	1	extra_words.txt
शब्दों	9	9	7	26	MAT 26:44
शब्बत	1	1	1	0	NEH 11:16
शब्बतै	2	2	2	3	EZR 10:15
शमगर	2	2	1	2	JDG 3:31
शमर्याह	3	3	3	0	1CH 12:5
शमशरै	1	1	1	1	1CH 8:26
शमा	1	1	1	0	JOS 15:26
शमाआ	1	1	1	1	1CH 12:3
शमायाह	40	40	6	43	1KI 12:22
शमीदा	3	3	3	3	NUM 26:31
शमीदियों	1	1	1	1	NUM 26:31
शमीरामोत	4	4	2	4	1CH 15:18
शमूएल	144	144	8	195	NUM 34:20
शमेबेर	1	1	1	0	GEN 14:2
शमौन	81	81	7	89	MAT 4:18
शम्मा	9	9	4	9	GEN 36:13
शम्मू	5	5	4	5	NUM 13:4
शम्मै	6	6	1	6	1CH 2:28
शम्मोत	1	1	1	1	1CH 11:27
शम्हूत	1	1	1	1	1CH 27:8
शयन	2	2	2	3	2KI 6:12
शय्या	1	1	1	2	PSA 41:3
शरण	44	44	15	51	NUM 35:12
शरणनगर	10	10	2	18	NUM 35:6
शरणस्थान	24	24	9	35	NUM 35:15
शरणागत	9	9	2	9	2SA 22:3
शरणागतों	6	6	4	6	2SA 22:31
शरणार्थी	0	0	0	1	extra_words.txt
शरणास्थान	1	1	1	0	2SA 22:3
शरद	1	1	1	1	1CO 16:6
शराब	1	1	1	1	1KI 20:16
शरायाह	1	1	1	2	NEH 12:12
शरीर	149	149	34	185	GEN 6:3
शरीरधारी	3	3	1	3	GEN 8:17
शरीरों	3	3	2	3	NEH 9:37
शरेसेर	2	2	2	3	ISA 37:38
शर्त	2	2	2	10	DEU 4:29
शर्तरहित	0	0	0	1	extra_words.txt
शर्तें	1	1	1	5	JER 32:11
शर्मिंदा	0	0	0	1	extra_words.txt
शलीशा	1	1	1	1	1SA 9:4
शलूमीएल	5	5	1	5	NUM 1:6
शलेम्याह	1	1	1	0	JER 37:13
शलोमी	1	1	1	1	NUM 34:27
शलोमीत	6	6	4	6	LEV 24:11
शलोमोत	5	5	1	5	1CH 24:22
शल्बोनी	1	1	1	0	1CH 11:33
शल्मन	1	1	1	1	HOS 10:14
शल्मनेसेर	2	2	1	2	2KI 17:3
शल्मै	2	2	2	2	EZR 2:46
शल्लम	1	1	1	0	JER 32:7
शल्लूम	29	29	6	31	2KI 15:10
शल्लेकेत	1	1	1	2	1CH 26:16
शव	78	78	22	72	GEN 23:3
शवपेटी	0	0	0	1	extra_words.txt
शवा	1	1	1	2	2SA 20:25
शवों	17	17	9	18	1CH 10:12
शस्त्र	4	4	4	1	GEN 14:14
शस्त्रधारी	1	1	1	1	PSA 78:9
शस्त्रों	3	3	3	3	NEH 3:19
शहतूत	1	1	1	1	LUK 17:6
शहद	0	0	0	1	extra_words.txt
शहनाई	4	4	1	4	DAN 3:5
शहरपनाह	152	152	28	167	LEV 25:31
शहरपनाहवाले	3	3	2	0	LEV 25:29
शहरपनाहें	2	2	2	2	DEU 28:52
शहरपनाहों	2	2	1	2	ISA 2:15
शहरैम	1	1	1	1	1CH 8:8
शहरों	0	0	0	3	extra_words.txt
शहर्याह	1	1	1	1	1CH 8:26
शहसूमा	1	1	1	1	JOS 19:22
शांत	5	5	5	0	GEN 43:31
शांति	12	12	6	0	NUM 6:26
शाऊल	426	426	8	500	GEN 36:37
शाऊलवाले	1	1	1	1	1SA 11:4
शाऊलियों	1	1	1	1	NUM 26:13
शाख	3	3	2	3	ISA 14:19
शाखा	6	6	5	9	GEN 49:22
शाखाएँ	5	5	4	5	JOB 14:9
शाखाओं	5	5	1	5	EZK 19:10
शाखें	1	1	1	1	EZK 31:3
शागे	1	1	1	1	1CH 11:34
शादी	2	2	2	5	DEU 7:3
शानदार	1	1	1	2	SNG 7:7
शान्त	55	55	21	74	GEN 32:20
शान्ति	258	258	49	322	GEN 5:29
शान्तिदाता	5	5	4	8	JOB 16:2
शान्तिदायक	2	2	2	3	JOB 15:11
शान्तिपूर्ण	0	0	0	1	extra_words.txt
शान्तिपूर्वक	1	1	1	0	PSA 35:20
शान्तिप्रिय	0	0	0	1	extra_words.txt
शान्तिरूपी	1	1	1	1	ISA 66:11
शाप	120	120	25	2	GEN 5:29
शापात	7	7	4	8	NUM 13:5
शापान	31	31	6	31	LEV 11:5
शापानों	1	1	1	1	PSA 104:18
शापाम	1	1	1	1	1CH 5:12
शापामी	1	1	1	1	1CH 27:27
शापित	46	46	14	1	GEN 3:14
शापीर	1	1	1	1	MIC 1:11
शापों	1	1	1	0	DEU 29:21
शाबेकिर्यातैम	1	1	1	0	GEN 14:5
शाब्दिक	0	0	0	2	extra_words.txt
शाम	0	0	0	4	extra_words.txt
शामा	1	1	1	1	1CH 11:44
शामीर	4	4	3	4	JOS 15:48
शाम्मा	1	1	1	1	EZK 48:35
शारार	1	1	1	1	2SA 23:33
शारीरिक	38	38	13	51	DEU 21:14
शारूहेन	1	1	1	1	JOS 19:6
शारै	1	1	1	1	EZR 10:40
शारैंम	1	1	1	4	1SA 17:52
शारैम	2	2	2	0	JOS 15:36
शारोन	7	7	4	8	1CH 5:16
शारोनी	1	1	1	1	1CH 27:29
शार्याशूब	1	1	1	3	ISA 7:3
शार्याह	2	2	1	0	1CH 8:38
शाल	1	1	1	1	EZR 10:29
शालतिएल	2	2	1	0	MAT 1:12
शालतियेल	1	1	1	0	LUK 3:27
शालतीएल	10	10	4	15	1CH 3:17
शालबीम	1	1	1	0	JDG 1:35
शालबोनी	1	1	1	2	2SA 23:32
शालब्बीन	1	1	1	1	JOS 19:42
शालाओं	1	1	1	0	2CH 14:15
शालीनता	1	1	1	2	1CO 14:40
शालीम	1	1	1	1	1SA 9:4
शालेम	5	5	4	5	GEN 14:18
शालोम	1	1	1	2	JDG 6:24
शाल्बीम	1	1	1	2	1KI 4:9
शावे	1	1	1	1	GEN 14:17
शाशक	2	2	1	3	1CH 8:14
शाशगज	1	1	1	1	EST 2:14
शाशै	1	1	1	1	EZR 10:40
शाश्वत	0	0	0	3	extra_words.txt
शासकीय	1	1	1	0	ROM 13:1
शासन	7	7	6	18	JOB 34:17
शास्त्र	3	3	2	3	DAN 1:4
शास्त्रियो	7	7	1	0	MAT 23:13
शास्त्रियों	25	25	6	42	JER 8:8
शास्त्री	46	46	10	48	1CH 27:32
शास्त्रों	1	1	1	1	DAN 1:17
शाही	1	1	1	1	DEU 14:13
शिकरे	1	1	1	0	LEV 11:16
शिकायत	1	1	1	22	JOB 31:13
शिकायतनामा	1	1	1	1	JOB 31:35
शिकार	11	11	6	23	GEN 10:9
शिकारी	4	4	2	5	PRO 6:5
शिक्करोन	1	1	1	1	JOS 15:11
शिक्षक	4	4	3	17	JOB 36:22
शिक्षकों	1	1	1	15	PSA 119:99
शिक्षण	0	0	0	1	extra_words.txt
शिक्षा	111	111	30	166	EXO 35:34
शिक्षाओं	2	2	2	14	COL 2:22
शिक्षात्मक	0	0	0	1	extra_words.txt
शिक्षादायक	0	0	0	1	extra_words.txt
शिक्षारूपी	0	0	0	1	extra_words.txt
शिक्षित	1	1	1	0	GEN 14:14
शिख	1	1	1	0	DEU 28:35
शिखर	1	1	1	2	JER 22:6
शिखरवाला	1	1	1	1	PSA 68:15
शिखरवाली	1	1	1	1	JER 51:27
शिखरवाले	1	1	1	1	PSA 68:16
शिग्योनीत	1	1	1	2	HAB 3:1
शित्तीम	5	5	4	5	NUM 25:1
शित्रै	1	1	1	1	1CH 27:29
शिथिल	1	1	1	3	PRO 13:12
शिनाब	1	1	1	1	GEN 14:2
शिनार	8	8	5	10	GEN 10:10
शिपी	1	1	1	1	1CH 4:37
शिप्तान	1	1	1	1	NUM 34:24
शिप्रा	1	1	1	1	EXO 1:15
शिबा	2	2	2	2	GEN 26:33
शिबोन	2	2	1	0	GEN 36:20
शिब्बोलेत	1	1	1	1	JDG 12:6
शिभ्रोन	1	1	1	0	JOS 19:15
शिमशै	4	4	1	4	EZR 4:8
शिमशोन	43	43	2	54	JDG 13:24
शिमा	11	11	2	7	2SA 13:3
शिमात	2	2	2	2	2KI 12:21
शिमाती	1	1	1	1	1CH 2:55
शिमाम	1	1	1	1	1CH 9:38
शिमियों	1	1	1	2	NUM 3:21
शिमी	47	47	9	49	EXO 6:17
शिमीयों	1	1	1	0	ZEC 12:13
शिमोन	33	33	10	37	GEN 29:33
शिमोनगोत्री	1	1	1	1	NUM 34:20
शिमोनवाले	1	1	1	1	NUM 26:14
शिमोनियों	11	11	3	12	NUM 7:36
शिमोनी	1	1	1	1	1CH 12:25
शिम्मोन	1	1	1	0	1CH 6:77
शिम्रात	1	1	1	1	1CH 8:21
शिम्रित	1	1	1	1	2CH 24:26
शिम्री	4	4	2	4	1CH 4:37
शिम्रोन	4	4	4	5	GEN 46:13
शिम्रोनियों	1	1	1	1	NUM 26:24
शिम्रोन्मरोन	1	1	1	1	JOS 12:20
शिरोमणि	18	18	10	18	2SA 1:19
शिर्योन	1	1	1	0	PSA 29:6
शिलसा	1	1	1	1	1CH 7:37
शिलह	1	1	1	1	LUK 3:35
शिल्पकार	0	0	0	1	extra_words.txt
शिल्लेम	2	2	2	3	GEN 46:24
शिल्लेमियों	1	1	1	1	NUM 26:49
शिल्ही	2	2	2	2	1KI 22:42
शिल्हीम	1	1	1	1	JOS 15:32
शिविर	0	0	0	2	extra_words.txt
शिशु	0	0	0	1	extra_words.txt
शिशुओं	0	0	0	2	extra_words.txt
शिशुवत्	0	0	0	1	extra_words.txt
शिष्टाचार	0	0	0	2	extra_words.txt
शिष्य	1	1	1	13	ISA 50:4
शीओन	1	1	1	1	JOS 19:19
शीघ्र	50	50	25	64	GEN 41:32
शीघ्रता	3	3	2	10	SNG 4:6
शीजा	1	1	1	1	1CH 11:42
शीत	1	1	1	1	PRO 20:4
शीतकाल	2	2	2	2	GEN 8:22
शीन	1	1	1	1	PSA 119:160
शीबा	8	8	2	0	1KI 10:1
शीमोन	1	1	1	0	1CH 4:20
शीर्ष	0	0	0	1	extra_words.txt
शील	2	2	1	0	DEU 22:24
शीलो	33	33	7	44	GEN 49:10
शीलोइयों	1	1	1	1	1CH 9:5
शीलोई	1	1	1	1	NEH 11:5
शीलोवासी	5	5	2	6	1KI 11:29
शीलोह	5	5	3	5	ISA 8:6
शीशक	7	7	2	8	1KI 11:40
शीशा	1	1	1	2	1KI 4:3
शीहोर	3	3	3	3	JOS 13:3
शीहोर्लिब्नात	1	1	1	1	JOS 19:26
शुण्डाकार	0	0	0	1	extra_words.txt
शुतुरमुर्गी	1	1	1	0	JOB 39:13
शुतुर्मुर्ग	5	5	4	5	LEV 11:16
शुतुर्मुर्गों	4	4	4	4	JOB 30:29
शुद्ध	254	254	45	329	GEN 7:2
शुद्धता	7	7	5	9	2SA 22:21
शुद्धि	1	1	1	1	JHN 3:25
शुप्पीम	3	3	1	3	1CH 7:12
शुब्द	1	1	1	0	1KI 1:41
शुभ	25	25	14	45	GEN 41:16
शुभकामना	0	0	0	1	extra_words.txt
शुभकामनाएँ	1	1	1	20	EZR 4:11
शुभलंगरबारी	1	1	1	1	ACT 27:8
शुभसमाचार	2	2	2	0	PSA 96:2
शुरुआत	0	0	0	1	extra_words.txt
शुरुआती	0	0	0	1	extra_words.txt
शुरू	0	0	0	3	extra_words.txt
शुलेप	1	1	1	0	1CH 1:20
शूआ	3	3	2	4	GEN 38:2
शूआल	2	2	2	2	1SA 13:17
शूतेलह	5	5	2	5	NUM 26:35
शूतेलहियों	1	1	1	1	NUM 26:35
शूनियों	1	1	1	1	NUM 26:15
शूनी	2	2	2	2	GEN 46:16
शूनेम	3	3	3	4	JOS 19:18
शूनेमवासी	1	1	1	2	1KI 1:3
शूनेमिन	7	7	2	8	1KI 1:15
शून्य	5	5	3	6	ISA 24:3
शूपाबेनी	1	1	1	2	PSA 84:3
शूबाएल	3	3	1	3	1CH 24:20
शूमाती	1	1	1	1	1CH 2:53
शूर	8	8	5	7	GEN 16:7
शूरवीर	45	45	17	47	GEN 6:4
शूरवीरों	42	42	17	45	JOS 6:2
शूरों	1	1	1	1	1CH 27:6
शूल	1	1	1	1	EZK 28:24
शूलेम्मिन	2	2	1	3	SNG 6:13
शूशन	21	21	3	24	NEH 1:1
शूशनी	1	1	1	1	EZR 4:9
शूह	2	2	2	2	GEN 25:2
शूहा	1	1	1	1	1CH 4:11
शूहाम	1	1	1	1	NUM 26:42
शूहामियों	2	2	1	2	NUM 26:42
शूही	5	5	1	8	JOB 2:11
शृंखला	0	0	0	1	extra_words.txt
शृंगार	3	3	2	0	JER 2:32
शेकेम	5	5	4	72	NUM 26:31
शेकेमियों	1	1	1	1	NUM 26:31
शेकेल	131	131	17	131	GEN 23:15
शेत	9	9	3	11	GEN 4:25
शेतार	1	1	1	1	EST 1:14
शेन	1	1	1	1	1SA 7:12
शेनस्सर	1	1	1	1	1CH 3:18
शेपेर	2	2	1	2	NUM 33:23
शेबना	1	1	1	10	ISA 22:15
शेबा	13	13	4	39	JOS 19:2
शेबेर	1	1	1	1	1CH 2:48
शेब्ना	8	8	2	0	2KI 18:18
शेम	19	19	3	21	GEN 5:32
शेमर्याह	1	1	1	4	EZR 10:41
शेमा	5	5	2	6	1CH 2:43
शेमेर	6	6	2	5	1KI 16:24
शेरा	1	1	1	1	1CH 7:24
शेरेब्याह	8	8	2	8	EZR 8:18
शेरेश	1	1	1	1	1CH 7:16
शेलह	10	10	3	10	GEN 10:24
शेला	9	9	3	10	GEN 38:5
शेलियों	1	1	1	1	NUM 26:20
शेलेप	1	1	1	2	GEN 10:26
शेलेम्याह	9	9	4	10	1CH 26:14
शेलेश	1	1	1	1	1CH 7:35
शेशक	1	1	1	2	JER 51:41
शेशबस्सर	4	4	1	4	EZR 1:8
शेशान	5	5	1	5	1CH 2:31
शेशै	3	3	3	3	NUM 13:22
शेष	48	48	22	53	EXO 28:10
शेषक	1	1	1	0	JER 25:26
शैतान	88	88	22	134	1CH 21:1
शैतानी	1	1	1	1	JAS 3:15
शैलियाँ	0	0	0	1	extra_words.txt
शो	1	1	1	0	EZK 23:23
शोक	105	105	32	122	GEN 38:12
शोकभरी	1	1	1	1	DAN 6:20
शोकमय	1	1	1	1	JER 6:26
शोकसागर	1	1	1	1	JOB 30:16
शोकित	13	13	10	13	1SA 1:16
शोधक	0	0	0	1	extra_words.txt
शोपक	2	2	1	2	1CH 19:16
शोपान	1	1	1	1	NUM 32:35
शोबक	2	2	1	2	2SA 10:16
शोबाब	4	4	2	4	2SA 5:14
शोबाल	9	9	2	9	GEN 36:20
शोबी	1	1	1	1	2SA 17:27
शोबेक	1	1	1	1	NEH 10:24
शोबै	2	2	2	2	EZR 2:42
शोभा	45	45	20	46	EXO 28:2
शोभा-यात्राएँ	0	0	0	1	extra_words.txt
शोभायमान	26	26	9	27	1CH 16:29
शोभाहीन	1	1	1	1	1CO 12:23
शोमरोन	98	98	10	0	1KI 13:32
शोमरोनवासियों	2	2	2	0	2KI 17:29
शोमेर	2	2	2	2	2KI 12:21
शोर	0	0	0	1	extra_words.txt
शोषण	0	0	0	1	extra_words.txt
शोषित	0	0	0	1	extra_words.txt
शोहम	1	1	1	1	1CH 24:27
शौच	0	0	0	3	extra_words.txt
शौच-स्थान	0	0	0	1	extra_words.txt
शौचालय	1	1	1	1	2KI 10:27
श्रम	6	6	5	7	DEU 26:7
श्रमित	3	3	1	3	ISA 40:28
श्राप	4	4	2	148	EXO 21:17
श्रापित	1	1	1	57	ISA 65:20
श्रीमान्	2	2	2	0	LUK 1:3
श्रृंखला	0	0	0	1	extra_words.txt
श्रृंगार	1	1	1	7	1PE 3:3
श्रेणी	1	1	1	3	1CH 11:21
श्रेय	0	0	0	4	extra_words.txt
श्रेष्ठ	14	14	13	25	GEN 49:4
श्रेष्ठगीत	1	1	1	8	SNG 1:1
श्रेष्ठता	2	2	2	13	ECC 7:12
श्रोता	0	0	0	2	extra_words.txt
श्रोताओं	0	0	0	3	extra_words.txt
श्रोतागण	0	0	0	4	extra_words.txt
श्रोतागणों	0	0	0	1	extra_words.txt
श्लेष्मा	0	0	0	1	extra_words.txt
श्वास	13	13	8	19	GEN 2:7
श्वेत	32	32	13	34	GEN 49:12
षड्यन्त्र	8	8	3	0	GEN 37:18
सँवार	1	1	1	0	JOB 40:10
सँवारकर	1	1	1	0	2KI 9:30
सँवारते	1	1	1	0	MAT 23:29
सँवारा	2	2	2	0	ISA 2:8
सँवारी	1	1	1	0	REV 21:19
सँवारे	1	1	1	1	EZR 7:27
संकट	108	108	31	143	GEN 32:7
संकटकाल	0	0	0	3	extra_words.txt
संकटों	3	3	2	12	PSA 25:22
संकरा	0	0	0	2	extra_words.txt
संकरे	0	0	0	1	extra_words.txt
संकल्प	10	10	4	20	LEV 22:21
संकुचित	1	1	1	1	ISA 24:23
संकेत	15	15	7	52	PRO 6:13
संकेतक	0	0	0	2	extra_words.txt
संकोच	8	8	6	11	EXO 10:3
संक्रामक	0	0	0	1	extra_words.txt
संक्षिप्त	0	0	0	2	extra_words.txt
संक्षेप	3	3	3	4	EPH 3:3
संख्या	9	9	7	25	LEV 25:16
संख्यात्मक	0	0	0	1	extra_words.txt
संग	695	695	35	676	GEN 3:12
संगठन	0	0	0	1	extra_words.txt
संगठित	1	1	1	3	JDG 20:11
संगत	0	0	0	1	extra_words.txt
संगतराश	1	1	1	1	1CH 22:2
संगतराशों	2	2	1	2	2KI 12:11
संगति	30	30	11	34	EXO 21:10
संगम	1	1	1	1	ACT 27:41
संगमरमर	4	4	4	8	MAT 26:7
संगमर्मर	4	4	3	0	1CH 29:2
संगवालों	3	3	1	3	JDG 9:32
संगिनी	1	1	1	1	MAL 2:14
संगियों	14	14	10	14	GEN 20:16
संगी	47	47	19	45	GEN 14:5
संगीतकार	0	0	0	2	extra_words.txt
संगीतवाद्य	0	0	0	1	extra_words.txt
संग्रह	1	1	1	14	ECC 2:8
संग्रहकर्ता	0	0	0	1	extra_words.txt
संग्राम	10	10	7	9	EXO 1:10
संघर्ष	1	1	1	12	HEB 10:32
संघर्षरत	0	0	0	1	extra_words.txt
संचय	9	9	8	10	DEU 11:14
संचारण	0	0	0	1	extra_words.txt
संचालन	0	0	0	2	extra_words.txt
संचित	2	2	2	1	GEN 36:6
संजोए	0	0	0	1	extra_words.txt
संजोने	0	0	0	1	extra_words.txt
संजोया	0	0	0	2	extra_words.txt
संडास	1	1	1	0	MRK 7:19
संतान	3	3	2	0	LEV 21:15
संतों	0	0	0	4	extra_words.txt
संतोष	2	2	2	3	LEV 10:20
संदर्भों	0	0	0	1	extra_words.txt
संदिग्ध	0	0	0	3	extra_words.txt
संदेश	6	6	6	0	GEN 32:5
संदेशा	1	1	1	0	NUM 13:26
संदेह	4	4	4	9	MAT 21:21
संधि	4	4	4	15	JDG 21:13
संध्या	8	8	6	17	GEN 24:11
संध्याकाल	3	3	3	4	DEU 16:6
संपत्ति	10	10	6	0	PRO 3:9
संपादन	0	0	0	2	extra_words.txt
संपादित	0	0	0	1	extra_words.txt
संप्रदाय	0	0	0	2	extra_words.txt
संप्रभुता	0	0	0	1	extra_words.txt
संबोधन	0	0	0	1	extra_words.txt
संभलकर	1	1	1	0	MIC 7:5
संभलती	1	1	1	0	PRO 20:28
संभव	2	2	2	0	EZK 12:3
संभालता	5	5	3	0	JOB 8:20
संभालती	1	1	1	0	EZK 16:49
संभालना	1	1	1	0	ISA 50:4
संभालने	2	2	2	0	PRO 31:20
संभालें	1	1	1	0	1TI 5:14
संभालो	3	3	3	0	SNG 2:5
संयम	10	10	7	10	ACT 24:25
संयमी	6	6	3	6	1TI 3:2
संयुक्त	0	0	0	1	extra_words.txt
संयोग	6	6	4	7	RUT 2:3
संयोगवश	0	0	0	1	extra_words.txt
संयोजित	0	0	0	2	extra_words.txt
संरक्षक	0	0	0	1	extra_words.txt
संरक्षकों	1	1	1	0	GAL 4:2
संरक्षण	0	0	0	3	extra_words.txt
संलग्न	0	0	0	3	extra_words.txt
संवारती	1	1	1	1	1PE 3:5
संवारे	1	1	1	1	1TI 2:9
संवेदनशील	0	0	0	1	extra_words.txt
संशोधित	0	0	0	1	extra_words.txt
संसाधनों	0	0	0	1	extra_words.txt
संसार	119	119	25	152	GEN 19:31
संसारियों	1	1	1	1	JOS 23:14
संसारी	1	1	1	0	PSA 17:14
संस्कार	29	29	7	34	EXO 28:41
संस्कारवाला	0	0	0	1	extra_words.txt
संस्कारवाले	1	1	1	1	EXO 29:34
संस्कृति	0	0	0	4	extra_words.txt
संस्कृतियाँ	0	0	0	1	extra_words.txt
संस्कृतियों	0	0	0	1	extra_words.txt
संस्थापित	0	0	0	1	extra_words.txt
संहार	10	10	5	14	JOS 10:10
संहिता	2	2	2	8	LUK 20:42
सआ	9	9	4	9	GEN 18:6
सकता	442	442	51	578	GEN 2:16
सकती	53	53	24	76	LEV 22:5
सकतीं	12	12	2	0	PSA 115:5
सकते	141	141	37	182	GEN 3:2
सकरा	1	1	1	0	ISA 28:20
सकरे	2	2	2	0	NUM 22:26
सकल	1	1	1	1	ACT 13:10
सका	46	46	25	51	GEN 41:8
सकाका	1	1	1	1	JOS 15:61
सकार	1	1	1	0	1CH 11:35
सकारात्मक	0	0	0	1	extra_words.txt
सकी	7	7	6	9	EXO 2:3
सकीं	2	2	1	4	ISA 33:23
सकुशल	2	2	1	1	2SA 18:29
सकूँ	14	14	12	14	EXO 32:30
सकूँगा	12	12	10	12	GEN 19:22
सकूँगी	2	2	1	2	EST 8:6
सके	165	165	38	225	GEN 2:20
सकें	43	43	27	9	GEN 11:7
सकेंगी	1	1	1	0	ISA 43:2
सकेंगे	35	35	18	36	EXO 18:23
सकेगा	97	97	28	98	GEN 13:16
सकेगी	14	14	9	16	GEN 16:10
सकेत	3	3	2	4	MAT 7:13
सकेती	17	17	8	20	1SA 13:6
सको	20	20	14	21	LEV 10:10
सकोगे	15	15	10	15	GEN 42:34
सक्रिय	0	0	0	2	extra_words.txt
सखियाँ	1	1	1	1	EXO 2:5
सखियों	1	1	1	1	LUK 15:9
सख्ती	0	0	0	2	extra_words.txt
सगा	1	1	1	2	DEU 13:6
सगाई	1	1	1	1	GEN 19:14
सगी	3	3	2	3	LEV 18:9
सगूब	3	3	2	4	1KI 16:34
सगे	4	4	3	4	GEN 43:29
सगोत्री	1	1	1	1	NUM 36:2
सच	169	169	31	117	GEN 3:1
सचमुच	94	94	33	96	GEN 18:13
सचेत	17	17	11	22	EXO 10:28
सच्चा	57	57	30	78	LEV 19:36
सच्चाई	146	146	33	164	GEN 20:5
सच्ची	20	20	11	31	GEN 42:20
सच्चे	32	32	22	56	GEN 42:16
सजा	7	7	6	14	EXO 27:21
सजाई	2	2	2	0	MRK 14:15
सजाकर	6	6	2	0	EXO 40:23
सजाता	1	1	1	1	ISA 61:10
सजाते	3	3	3	3	2CH 13:11
सजाना	1	1	1	2	EXO 40:4
सजाया	4	4	4	2	LEV 24:4
सजावट	3	3	3	5	EXO 39:37
सजी	3	3	3	1	MRK 14:15
सजीव	0	0	0	1	extra_words.txt
सज्जन	8	8	3	8	JOB 4:7
सज्जनो	3	3	1	0	ACT 16:30
सज्जी	2	2	2	2	PRO 25:20
सट	8	8	5	8	NUM 22:25
सटा	2	2	2	2	2CH 3:12
सटीक	0	0	0	2	extra_words.txt
सटे	2	2	2	2	1KI 6:5
सड़	8	8	6	9	NUM 5:27
सड़क	43	43	18	41	NUM 20:17
सड़कें	8	8	7	8	LEV 26:22
सड़कों	40	40	15	43	JDG 20:32
सड़ने	8	8	5	8	PSA 16:10
सड़सठ	3	3	1	3	NEH 7:18
सड़ा	1	1	1	1	NUM 5:22
सड़ाए	1	1	1	1	NUM 5:21
सड़ाहट	6	6	4	6	JOB 17:14
सड़ी	3	3	2	3	JOB 13:28
सड़े	3	3	3	2	ISA 1:6
सण्डास	1	1	1	0	MAT 15:17
सतर्क	0	0	0	4	extra_words.txt
सतर्कता	0	0	0	1	extra_words.txt
सतह	1	1	1	0	JOB 38:30
सतहत्तर	2	2	2	3	GEN 5:31
सतहत्तरगुणा	1	1	1	0	GEN 4:24
सतहत्तरों	1	1	1	1	JDG 8:14
सता	2	2	2	2	NUM 25:17
सताई	1	1	1	3	ISA 54:11
सताए	9	9	6	9	MAT 5:10
सताएँ	3	3	2	3	JOB 19:28
सताएँगे	3	3	2	3	LUK 11:49
सताता	12	12	4	13	JOB 30:21
सताती	1	1	1	1	LUK 18:5
सताते	9	9	7	9	NUM 25:18
सताना	3	3	2	3	EXO 22:21
सताने	2	2	2	4	JHN 5:16
सतानेवाला	3	3	3	3	ZEC 9:8
सतानेवाले	9	9	5	9	NUM 10:9
सतानेवालों	11	11	5	12	PSA 6:7
सताया	13	13	11	16	1SA 28:15
सताव	1	1	1	8	MRK 10:30
सती	1	1	1	0	ISA 1:21
सतीत्व	0	0	0	1	extra_words.txt
सतूर	1	1	1	1	NUM 13:13
सत्कार	6	6	5	3	ACT 27:3
सत्तर	66	66	21	76	GEN 5:12
सत्तरों	1	1	1	1	2KI 10:7
सत्ता	0	0	0	4	extra_words.txt
सत्ताइसवें	1	1	1	1	EZK 29:17
सत्ताईस	4	4	3	3	GEN 23:1
सत्ताईसवें	5	5	3	0	GEN 8:14
सत्ताईसों	1	1	1	0	EST 9:30
सत्तावन	3	3	1	3	NUM 1:31
सत्तासी	2	2	2	2	GEN 5:25
सत्य	100	100	30	134	EXO 34:6
सत्यता	4	4	1	5	PSA 40:10
सत्यनिष्ठ	0	0	0	2	extra_words.txt
सत्यवादी	1	1	1	0	PSA 31:5
सत्यानाश	113	113	30	127	GEN 19:13
सत्यापन	0	0	0	1	extra_words.txt
सत्रह	13	13	9	13	GEN 37:2
सत्रहवाँ	1	1	1	1	GEN 7:11
सत्रहवीं	2	2	1	2	1CH 24:15
सत्रहवें	3	3	3	4	GEN 8:4
सत्राप	0	0	0	1	extra_words.txt
सदर	1	1	1	1	JER 17:19
सदस्य	3	3	3	17	MRK 15:43
सदा	373	373	46	391	GEN 3:22
सदाकाल	1	1	1	6	PSA 81:15
सदाचार	0	0	0	2	extra_words.txt
सदाद	2	2	2	2	NUM 34:8
सदूकियों	10	10	3	14	MAT 3:7
सदूकी	4	4	3	4	MAT 22:23
सदृश	7	7	5	0	DAN 3:25
सदेह	1	1	1	1	COL 2:9
सदैव	48	48	18	75	EXO 27:21
सदोक	2	2	1	0	MAT 1:14
सदोम	46	46	14	52	GEN 10:19
सदोमियों	2	2	2	2	ISA 3:9
सद्गुण	4	4	2	7	PHP 4:8
सद्गुणों	1	1	1	3	2CO 6:4
सद्भावना	0	0	0	2	extra_words.txt
सन	37	37	10	38	EXO 9:31
सनई	1	1	1	2	JOS 2:6
सनसनाहट	2	2	2	3	1KI 18:41
सनसन्ना	1	1	1	1	JOS 15:31
सना	12	12	5	12	EXO 29:40
सनातन	25	25	14	25	GEN 21:33
सनान	1	1	1	1	JOS 15:37
सनी	46	46	6	47	EXO 25:4
सनीर	3	3	3	4	DEU 3:9
सनीवाला	1	1	1	1	1SA 22:18
सनीवाले	5	5	1	5	EXO 26:1
सने	31	31	4	32	EXO 29:2
सनोवर	7	7	2	21	1KI 5:8
सनोवरों	1	1	1	0	2KI 19:23
सनौबर	3	3	2	0	ISA 41:19
सनौबरो	1	1	1	0	ZEC 11:2
सनौवर	8	8	6	0	2SA 6:5
सनौवरों	1	1	1	0	ISA 37:24
सन्तान	484	484	36	523	GEN 9:7
सन्तानहीन	0	0	0	2	extra_words.txt
सन्तानों	15	15	10	22	1KI 14:13
सन्ताप	5	5	3	5	PSA 119:53
सन्ती	1	1	1	0	NUM 3:12
सन्तुष्ट	17	17	7	16	DEU 11:15
सन्तोष	6	6	5	8	LUK 3:14
सन्दर्भित	0	0	0	1	extra_words.txt
सन्दूक	208	208	17	259	GEN 50:26
सन्देश	24	24	11	107	GEN 22:20
सन्देशवाहकों	0	0	0	1	extra_words.txt
सन्देशा	2	2	2	7	2SA 17:17
सन्देह	16	16	9	42	DEU 13:14
सन्धान	1	1	1	0	PSA 7:12
सन्धि	6	6	4	0	DEU 20:10
सन्ध्या	8	8	6	0	LEV 6:20
सन्नाटा	5	5	4	7	1SA 3:11
सन्नाटे	1	1	1	1	2KI 21:12
सन्मुख	1	1	1	1	JOB 33:6
सन्हेरीब	13	13	3	21	2KI 18:13
सप	1	1	1	3	2SA 21:18
सपत	1	1	1	1	JDG 1:17
सपत्याह	1	1	1	0	NEH 7:9
सपनों	0	0	0	1	extra_words.txt
सपन्याह	11	11	5	22	2KI 25:18
सपर्वैम	5	5	2	6	2KI 17:24
सपर्वैमी	1	1	1	1	2KI 17:31
सपवैंम	1	1	1	0	2KI 18:34
सपारा	1	1	1	1	GEN 10:30
सपाराद	1	1	1	1	OBA 1:20
सपी	1	1	1	1	1CH 1:36
सपेरा	1	1	1	1	PSA 58:5
सपो	2	2	1	2	GEN 36:11
सपोन	1	1	1	2	NUM 26:15
सपोनियों	1	1	1	1	NUM 26:15
सपोला	1	1	1	1	ISA 59:5
सप्तर्षि	2	2	1	2	JOB 9:9
सप्ताह	19	19	11	22	GEN 29:27
सप्ताहों	8	8	5	12	EXO 34:22
सप्रभाव	0	0	0	1	extra_words.txt
सप्रेम	0	0	0	1	extra_words.txt
सफल	50	50	21	56	GEN 24:21
सफलता	4	4	3	16	GEN 39:23
सफाई	4	4	3	5	1KI 14:10
सफाया	0	0	0	3	extra_words.txt
सफीरा	1	1	1	1	ACT 5:1
सफेद	3	3	3	6	GEN 40:16
सफेदी	2	2	2	2	GEN 30:37
सब	3948	3948	66	4265	GEN 1:21
सबका	1	1	1	0	JUD 1:15
सबकी	1	1	1	0	JER 48:37
सबके	3	3	3	0	EXO 12:29
सबको	6	6	5	0	GEN 47:14
सबता	1	1	1	2	GEN 10:7
सबसे	93	93	36	145	GEN 33:2
सबसेना	3	3	2	0	JDG 7:21
सबसेनापतियों	1	1	1	0	1CH 27:3
सबसेवक	2	2	2	0	NEH 5:16
सबसेवको	1	1	1	0	PSA 134:1
सबसेवकों	1	1	1	0	2SA 11:9
सबसेवा	1	1	1	0	HEB 1:14
सबा	5	5	5	4	GEN 10:7
सबाई	1	1	1	1	ISA 45:14
सबाता	1	1	1	0	1CH 1:9
सबाम	1	1	1	1	NUM 32:3
सबूत	0	0	0	2	extra_words.txt
सबूतका	1	1	1	0	GEN 10:7
सबेरा	1	1	1	0	DAN 8:14
सबेरे	93	93	26	0	GEN 20:8
सबोईम	2	2	2	2	1SA 13:18
सबोयीम	5	5	3	5	GEN 10:19
सब्त	61	61	7	80	MAT 12:1
सब्तका	1	1	1	2	1CH 1:9
सभा	110	110	29	114	GEN 49:6
सभाओं	7	7	6	7	PSA 26:12
सभावालों	1	1	1	0	REV 3:9
सभासद	3	3	2	3	NUM 16:2
सभास्थानों	1	1	1	2	ISA 4:5
सभी	2	2	2	298	2CH 9:28
सभों	245	245	33	0	GEN 8:1
सभ्य	1	1	1	1	1TI 3:2
समकालीन	0	0	0	2	extra_words.txt
समकालीनों	0	0	0	1	extra_words.txt
समक्याह	1	1	1	1	1CH 26:7
समगर्नबो	1	1	1	1	JER 39:3
समग्र	0	0	0	1	extra_words.txt
समझ	175	175	38	207	GEN 11:7
समझकर	33	33	21	37	GEN 20:10
समझता	42	42	22	51	GEN 42:23
समझती	1	1	1	1	JOB 39:18
समझते	36	36	20	51	GEN 43:32
समझदार	20	20	11	23	GEN 41:33
समझदारों	6	6	3	6	MAT 11:25
समझना	3	3	3	4	ACT 17:29
समझने	16	16	10	24	GEN 16:5
समझनेवाले	5	5	3	5	NEH 10:28
समझवाला	6	6	1	6	PRO 14:29
समझवाले	7	7	2	7	PRO 8:9
समझवालो	1	1	1	0	JOB 34:10
समझवालों	2	2	2	3	PRO 10:13
समझा	70	70	27	86	GEN 19:14
समझाऊँगा	3	3	3	3	JOB 36:2
समझाए	5	5	5	5	NEH 8:12
समझाएँ	1	1	1	1	DEU 25:8
समझाएँगे	1	1	1	1	DAN 11:33
समझाएगा	2	2	2	1	PSA 94:10
समझाओ	3	3	3	3	JOB 6:24
समझाकर	8	8	7	9	LEV 22:18
समझाके	1	1	1	0	NUM 26:3
समझाता	14	14	8	15	EXO 18:16
समझाते	10	10	5	10	NEH 8:7
समझाना	3	3	3	4	2CO 8:17
समझाने	8	8	8	11	GEN 34:20
समझानेवाला	1	1	1	2	DAN 8:27
समझानेहारा	1	1	1	0	GEN 41:24
समझाया	15	15	8	18	LEV 24:23
समझी	4	4	4	5	ECC 9:16
समझीं	2	2	2	0	MAT 13:51
समझूँ	6	6	4	6	PSA 73:16
समझूँगा	1	1	1	1	ECC 8:17
समझे	40	40	20	41	GEN 42:16
समझें	7	7	7	9	PRO 1:6
समझेंगे	8	8	8	9	JOB 41:6
समझेगा	6	6	5	8	DEU 28:49
समझो	18	18	13	23	JOB 32:13
समझोगे	4	4	4	4	JER 5:15
समझौता	0	0	0	4	extra_words.txt
समतल	0	0	0	3	extra_words.txt
समथर	5	5	3	3	DEU 3:10
समधियाना	2	2	2	2	JOS 23:12
समभागी	1	1	1	0	2PE 1:4
समय	1049	1049	58	1314	GEN 3:8
समयाह	1	1	1	0	NEH 3:29
समयों	34	34	22	40	GEN 1:14
समरूपी	0	0	0	1	extra_words.txt
समर्थ	4	4	4	4	JOB 36:5
समर्थक	0	0	0	1	extra_words.txt
समर्थन	0	0	0	1	extra_words.txt
समर्पण	2	2	1	15	DEU 20:5
समवा	3	3	2	3	EXO 23:27
समवाऊँगा	2	2	2	5	NUM 11:17
समवाकर	1	1	1	1	EZK 37:1
समवाने	1	1	1	1	DEU 2:25
समस्त	139	139	14	140	EXO 18:9
समस्या	1	1	1	3	PSA 73:16
समा	22	22	12	27	GEN 35:5
समाई	3	3	2	3	JER 23:26
समाऊँगा	3	3	1	0	EZK 37:5
समाए	2	2	2	3	DEU 15:9
समाएँगे	1	1	1	1	ISA 49:19
समाएगा	4	4	3	4	1KI 8:27
समाकर	4	4	2	5	EZK 2:2
समागम	0	0	0	2	extra_words.txt
समाचार	178	178	35	185	GEN 14:13
समाज	14	14	10	19	EXO 16:3
समाता	8	8	4	8	1KI 7:26
समातीं	1	1	1	1	JHN 21:25
समाते	1	1	1	1	JER 50:11
समाधान	0	0	0	2	extra_words.txt
समान	1232	1232	60	1346	GEN 3:22
समानता	8	8	3	12	GEN 1:26
समाना	1	1	1	0	1SA 17:48
समानार्थक	0	0	0	1	extra_words.txt
समाप्त	22	22	13	48	GEN 2:1
समाया	7	7	6	9	JOS 2:9
समायाह	1	1	1	0	EZR 8:13
समारी	2	2	2	2	GEN 10:18
समारैम	2	2	2	2	JOS 18:22
समारोहों	0	0	0	1	extra_words.txt
समावेश	0	0	0	1	extra_words.txt
समीक्षा	0	0	0	1	extra_words.txt
समीप	116	116	22	119	GEN 18:23
समुचित	0	0	0	1	extra_words.txt
समुदाय	3	3	2	15	GEN 34:16
समुद्र	316	316	46	345	GEN 1:10
समुद्रतट	1	1	1	0	JER 47:7
समुद्रतटीय	1	1	1	0	EZK 26:16
समुद्रतीर	2	2	2	0	2SA 17:11
समुद्रों	3	3	2	4	PSA 8:8
समूचा	3	3	3	2	LEV 4:12
समूचे	1	1	1	1	JOS 8:31
समूह	3	3	2	10	GEN 17:4
समृद्ध	1	1	1	8	2CH 14:7
समृद्धशाली	1	1	1	0	1CH 29:23
समृद्धि	2	2	1	20	ZEP 2:7
समेट	6	6	5	6	GEN 38:29
समेटे	1	1	1	1	ISA 17:5
समेत	589	589	44	604	GEN 6:13
सम्पत्ति	101	101	28	101	GEN 12:20
सम्पन्न	2	2	2	6	PSA 68:6
सम्पूर्ण	33	33	21	112	GEN 19:25
सम्प्रदाय	0	0	0	1	extra_words.txt
सम्बंधियों	0	0	0	1	extra_words.txt
सम्बंधों	0	0	0	4	extra_words.txt
सम्बन्ध	19	19	13	0	LEV 21:3
सम्बन्धित	2	2	1	0	1CH 26:32
सम्बन्धी	3	3	2	0	NUM 8:15
सम्बल्लत	10	10	1	10	NEH 2:10
सम्बोधित	0	0	0	2	extra_words.txt
सम्भल	2	2	2	2	PSA 104:15
सम्भलकर	1	1	1	2	PRO 17:27
सम्भलता	1	1	1	1	PRO 18:14
सम्भला	3	3	2	3	JDG 16:26
सम्भले	1	1	1	1	JOB 24:23
सम्भलेंगे	1	1	1	1	DAN 11:34
सम्भव	22	22	15	57	GEN 16:2
सम्भागी	1	1	1	1	2KI 23:3
सम्भाल	9	9	5	10	GEN 21:18
सम्भालकर	1	1	1	1	GEN 48:2
सम्भालता	4	4	1	11	PSA 37:17
सम्भालती	1	1	1	2	ROM 11:18
सम्भालना	2	2	2	4	LEV 25:35
सम्भालनेवाला	1	1	1	2	ISA 63:5
सम्भालनेवालों	2	2	2	1	PSA 54:4
सम्भाला	3	3	3	4	JOB 26:2
सम्भालूँगा	1	1	1	1	EZK 30:25
सम्भाले	9	9	5	10	EXO 17:12
सम्भालें	1	1	1	2	NUM 3:10
सम्भालेगा	2	2	1	3	PSA 41:3
सम्मति	97	97	28	100	EXO 18:19
सम्मान	12	12	10	55	PSA 71:21
सम्मानीय	0	0	0	2	extra_words.txt
सम्मिलित	2	2	2	4	EXO 20:23
सम्मुख	190	190	32	210	GEN 4:16
सम्मुखवाली	1	1	1	1	GEN 25:9
सम्मूर्ण	1	1	1	0	1KI 2:4
सम्राट	0	0	0	2	extra_words.txt
सम्ला	4	4	2	4	GEN 36:36
सयाना	3	3	2	6	JHN 9:21
सयाने	1	1	1	2	RUT 1:13
सयानों	1	1	1	1	HEB 5:14
सरक	2	2	1	2	REV 6:14
सरकंडा	1	1	1	0	REV 11:1
सरकंडे	1	1	1	0	ISA 9:14
सरकंडों	2	2	2	0	EXO 2:3
सरककर	1	1	1	1	MAT 17:20
सरकण्डा	3	3	2	5	JOB 8:11
सरकण्डे	7	7	4	10	ISA 35:7
सरका	1	1	1	1	JOB 30:12
सरकाए	1	1	1	1	2SA 20:13
सरकाना	1	1	1	1	MAT 23:4
सरकार	0	0	0	1	extra_words.txt
सरकारी	3	3	2	5	NEH 2:8
सरगर्म	2	2	2	1	TIT 2:14
सरदार	82	82	20	86	EXO 14:7
सरदारो	1	1	1	0	ACT 4:9
सरदारों	45	45	15	48	EXO 5:6
सरदीस	3	3	1	4	REV 1:11
सरल	2	2	2	5	EZR 8:21
सरलता	1	1	1	1	SNG 7:9
सरसों	0	0	0	1	extra_words.txt
सराए	1	1	1	0	ACT 28:15
सराय	7	7	4	7	GEN 42:27
सरायाह	19	19	6	21	2SA 8:17
सराहता	3	3	2	3	DAN 4:37
सराहते	1	1	1	2	2CH 23:12
सराहना	2	2	2	6	PRO 27:2
सराहा	4	4	2	3	ECC 4:2
सराही	1	1	1	1	EZK 26:17
सराहूँगा	5	5	3	5	EXO 15:2
सराहे	2	2	1	2	PRO 27:2
सराहें	1	1	1	1	PSA 107:32
सराहेंगे	1	1	1	1	DEU 33:29
सराहो	4	4	2	3	PSA 29:1
सरी	1	1	1	1	1CH 25:3
सरीखा	6	6	5	4	2KI 8:13
सरीखी	1	1	1	1	HOS 2:3
सरीखे	24	24	13	24	EXO 37:19
सरूआह	1	1	1	1	1KI 11:26
सरूग	6	6	3	6	GEN 11:20
सरूयाह	26	26	4	28	1SA 26:6
सरेदावासी	1	1	1	1	1KI 11:26
सरेरा	1	1	1	1	JDG 7:22
सरेसेर	1	1	1	0	2KI 19:37
सरोर	1	1	1	1	1SA 9:1
सर्गोन	1	1	1	1	ISA 20:1
सर्प	20	20	10	25	GEN 3:1
सर्पों	1	1	1	1	DEU 32:24
सर्राफों	6	6	4	6	MAT 21:12
सर्व	1	1	1	4	EZK 27:22
सर्व-सम्भावित	0	0	0	1	extra_words.txt
सर्वज्ञानी	1	1	1	1	JOB 37:16
सर्वत्र	1	1	1	9	JER 15:13
सर्वथा	0	0	0	1	extra_words.txt
सर्वदा	90	90	25	95	EXO 15:18
सर्वनाम	0	0	0	1	extra_words.txt
सर्वनाश	5	5	5	9	LEV 26:44
सर्वनिष्ठ	0	0	0	2	extra_words.txt
सर्वपरिचित	0	0	0	1	extra_words.txt
सर्वप्रथम	0	0	0	2	extra_words.txt
सर्वविदित	0	0	0	2	extra_words.txt
सर्वव्यापिता	0	0	0	1	extra_words.txt
सर्वव्यापी	0	0	0	1	extra_words.txt
सर्वशक्ति	0	0	0	3	extra_words.txt
सर्वशक्तिमान	58	58	13	72	GEN 28:3
सर्वशक्तिमान्	7	7	3	0	GEN 17:1
सर्वश्रेष्ठ	1	1	1	2	JOB 31:28
सर्वसाधारण	1	1	1	1	EZK 42:20
सर्वसिद्ध	1	1	1	2	1CO 13:10
सर्वस्व	1	1	1	3	PSA 109:11
सर्वांग	9	9	6	11	NUM 8:7
सर्वाधिक	0	0	0	2	extra_words.txt
सर्वेक्षण	0	0	0	3	extra_words.txt
सर्वेसर्वा	0	0	0	1	extra_words.txt
सर्वोच्च	1	1	1	15	ACT 2:33
सर्वोत्तम	2	2	2	6	EZK 23:7
सर्सकीम	1	1	1	1	JER 39:3
सलका	1	1	1	0	JOS 12:5
सलमीस	1	1	1	2	ACT 13:5
सलमोन	4	4	3	5	JDG 9:48
सलमोना	2	2	1	2	NUM 33:41
सलमोने	1	1	1	1	ACT 27:7
सलाम	1	1	1	0	MAT 28:9
सलाह	9	9	7	30	JOS 9:14
सलाहकारों	0	0	0	1	extra_words.txt
सलोना	1	1	1	0	COL 4:6
सलोफाद	10	10	3	13	NUM 26:33
सलोमी	2	2	1	2	MRK 15:40
सल्का	3	3	3	4	DEU 3:10
सल्मा	4	4	1	4	1CH 2:11
सल्मुन्ना	12	12	2	12	JDG 8:5
सल्मोन	4	4	3	3	RUT 4:20
सल्लू	3	3	2	3	1CH 9:7
सल्लै	2	2	1	2	NEH 11:8
सवायीम	1	1	1	0	NEH 7:59
सवार	73	73	29	73	GEN 49:17
सवारी	11	11	9	12	LEV 15:9
सवारो	4	4	2	0	2KI 2:12
सवारों	31	31	14	34	EXO 14:9
सविनय	0	0	0	2	extra_words.txt
सवेने	2	2	1	2	EZK 29:10
सवेरा	0	0	0	1	extra_words.txt
सशस्त्र	1	1	1	1	JER 6:23
ससुर	27	27	6	30	GEN 38:13
ससुराल	1	1	1	1	JDG 15:1
सस्ती	0	0	0	1	extra_words.txt
सह	31	31	19	30	DEU 1:12
सहकर्मियों	1	1	1	2	PHP 4:3
सहकर्मी	15	15	7	20	ROM 16:3
सहकारिता	0	0	0	1	extra_words.txt
सहज	13	13	7	14	GEN 26:10
सहता	13	13	11	14	NUM 14:27
सहते	12	12	6	8	ISA 1:14
सहनशील	1	1	1	1	2TI 2:24
सहनशीलता	8	8	5	10	ROM 2:4
सहना	2	2	2	5	PSA 44:15
सहनी	3	3	2	3	PSA 69:9
सहने	9	9	6	10	GEN 4:13
सहनेवालों	2	2	2	3	ECC 4:1
सहभागिता	8	8	5	18	1CO 10:16
सहभागी	24	24	14	42	MAT 25:21
सहमत	6	6	5	10	1CH 12:38
सहमति	0	0	0	1	extra_words.txt
सहयोग	0	0	0	4	extra_words.txt
सहयोगियों	8	8	1	10	EZR 4:7
सहयोगी	0	0	0	2	extra_words.txt
सहर्ष	0	0	0	3	extra_words.txt
सहवास	2	2	2	2	2SA 20:3
सहस्र	0	0	0	2	extra_words.txt
सहस्रपति	8	8	5	0	NUM 31:14
सहस्रपतियों	9	9	3	0	NUM 31:52
सहा	3	3	3	4	JOB 34:31
सहायक	45	45	21	54	GEN 2:18
सहायकों	5	5	5	4	1CH 12:18
सहायता	161	161	32	211	GEN 4:1
सहारा	10	10	7	16	2KI 5:18
सहारे	10	10	8	10	EXO 21:19
सहित	69	69	31	71	GEN 12:20
सही	13	13	10	35	GEN 38:25
सहूँगा	4	4	4	4	PSA 101:5
सहे	1	1	1	1	LEV 23:29
सहें	1	1	1	0	ROM 15:1
सहेलियाँ	4	4	4	8	1SA 25:42
सहेलियों	6	6	3	9	GEN 24:61
सहो	1	1	1	2	JOB 21:3
सहोगे	1	1	1	1	MIC 6:16
सहोदर	1	1	1	1	JDG 8:19
सा	252	252	46	223	GEN 18:4
साँकल	2	2	2	2	LAM 3:7
साँकलें	3	3	3	4	1KI 6:21
साँकलों	10	10	6	5	1KI 7:17
साँग	1	1	1	0	1SA 17:45
साँचा	1	1	1	1	1KI 7:37
साँचे	1	1	1	1	ROM 6:17
साँझ	125	125	29	134	GEN 1:5
साँड़	7	7	4	10	NUM 24:8
साँड़नियाँ	1	1	1	1	ISA 60:6
साँड़नियों	2	2	2	2	EST 8:10
साँड़नी	1	1	1	0	JER 2:23
साँड़ों	3	3	1	0	PSA 22:12
साँप	25	25	12	34	GEN 49:17
साँपिन	1	1	1	1	ISA 59:5
साँपो	1	1	1	0	MAT 23:33
साँपों	8	8	8	12	NUM 21:7
साँवली	1	1	1	1	SNG 1:6
साँस	46	46	13	48	EXO 2:23
साँसें	4	4	3	4	JOB 3:24
सांग	1	1	1	2	JOB 39:23
सांड़	1	1	1	0	NUM 23:22
सांडा	1	1	1	1	LEV 11:30
सांदे	1	1	1	1	PSA 119:136
सांभर	1	1	1	0	DEU 14:5
सांभरनी	1	1	1	1	PRO 5:19
सांसारिक	6	6	5	30	1CO 6:3
साइप्रस	7	7	1	10	ACT 4:36
साइप्रसवासी	1	1	1	0	ACT 11:20
साईर	1	1	1	1	2KI 8:21
साकार	1	1	1	2	1CH 26:4
साक्षात्	3	3	3	4	DEU 34:4
साक्षात्कार	0	0	0	3	extra_words.txt
साक्षियों	3	3	2	3	NUM 35:30
साक्षी	102	102	21	115	GEN 21:30
साक्षीपत्र	29	29	5	34	EXO 25:16
साग	8	8	8	3	DEU 11:10
सागपात	6	6	5	4	EXO 12:8
सागर	16	16	6	32	JOB 28:14
साज	1	1	1	1	1SA 8:12
साज-सज्जा	0	0	0	1	extra_words.txt
साज़	1	1	1	0	ACT 27:19
साजिश	0	0	0	1	extra_words.txt
साझा	1	1	1	1	JHN 13:8
साझी	10	10	8	0	DEU 29:12
साझे	2	2	1	2	ACT 2:44
साझेदारी	0	0	0	1	extra_words.txt
साट	1	1	1	1	ROM 11:23
साटा	3	3	1	3	ROM 11:17
साटे	2	2	1	2	ROM 11:23
साठ	41	41	19	39	GEN 25:26
साठों	1	1	1	1	JOS 13:30
साढ़े	48	48	15	46	GEN 9:28
सात	375	375	34	395	GEN 4:15
सातगुणा	6	6	5	0	GEN 4:24
सातगुणी	2	2	1	0	LEV 26:18
सातगुना	2	2	2	3	LEV 25:8
सातवाँ	15	15	7	21	EXO 16:26
सातवीं	8	8	5	11	JOS 6:16
सातवें	93	93	22	100	GEN 2:2
सातों	53	53	18	55	GEN 41:7
साथ	1513	1513	61	1787	GEN 3:17
साथिन	2	2	2	1	PRO 7:4
साथियों	30	30	13	31	GEN 24:32
साथी	24	24	15	30	GEN 14:17
सादे	1	1	1	1	ROM 16:18
सादोक	55	55	8	64	2SA 8:17
साधना	3	3	2	2	LEV 20:27
साधने	1	1	1	0	LEV 19:31
साधनेवाला	1	1	1	1	DEU 18:11
साधारण	54	54	19	63	EXO 11:3
साधारणतः	0	0	0	1	extra_words.txt
साधे	3	3	3	3	PSA 39:2
साध्वी	1	1	1	0	ISA 1:21
सान	7	7	3	7	DEU 32:41
सानकर	1	1	1	1	JHN 9:14
सानन्नीम	2	2	2	2	JOS 19:33
सानान	1	1	1	1	MIC 1:11
सानी	2	2	1	2	JHN 9:6
सापता	1	1	1	1	2CH 14:10
सापनत्पानेह	1	1	1	0	GEN 41:45
सापोन	2	2	2	2	JOS 13:27
साप्ताहिक	0	0	0	1	extra_words.txt
साफ	21	21	9	13	1SA 20:21
साफ़	2	2	1	0	HAB 2:2
साबर	0	0	0	1	extra_words.txt
साबुन	2	2	2	2	JER 2:22
सामग्री	16	16	11	20	GEN 31:37
सामना	69	69	29	80	NUM 20:18
सामने	1232	1232	59	1265	GEN 6:13
सामनेवाली	1	1	1	0	GEN 49:30
सामनेवाले	1	1	1	1	1KI 8:64
सामन्त	1	1	1	0	PSA 47:9
सामरिया	20	20	7	136	HOS 10:5
सामरियों	6	6	4	9	MAT 10:5
सामरी	7	7	2	11	LUK 10:33
सामर्थ	9	9	7	0	1CH 16:28
सामर्थियों	4	4	4	4	JOB 12:19
सामर्थी	78	78	30	80	GEN 18:18
सामर्थ्य	175	175	34	253	EXO 1:9
सामर्थ्यपूर्वक	0	0	0	1	extra_words.txt
सामाजिक	0	0	0	4	extra_words.txt
सामान	87	87	20	93	EXO 10:26
सामुस	1	1	1	1	ACT 20:15
सामूहिक	0	0	0	4	extra_words.txt
सामेख	1	1	1	1	PSA 119:112
साम्राज्य	3	3	2	11	EST 3:6
सारंगियाँ	8	8	4	8	2SA 6:5
सारंगियों	2	2	2	2	ISA 14:11
सारंगी	20	20	6	20	1CH 13:8
सारतान	4	4	3	4	JOS 3:16
सारथी	2	2	2	2	1KI 22:34
सारपत	3	3	2	0	1KI 17:9
सारफत	1	1	1	4	LUK 4:26
सारस	3	3	3	6	DEU 14:18
सारा	167	167	32	180	GEN 13:9
सारांश	3	3	3	5	DAN 7:1
साराप	3	3	2	3	1CH 4:22
सारी	483	483	49	496	GEN 1:26
सारीद	2	2	1	2	JOS 19:10
सारे	512	512	47	541	GEN 2:2
सारै	17	17	1	22	GEN 11:29
सारोत	1	1	1	0	MIC 1:12
सार्थक	0	0	0	1	extra_words.txt
सार्वभौमिक	0	0	0	3	extra_words.txt
साल	2	2	1	0	NUM 25:14
सालाप	1	1	1	1	NEH 3:30
साली	1	1	1	1	1KI 11:19
साले	2	2	1	2	JDG 1:16
सावधान	37	37	16	58	GEN 31:24
सावधानी	5	5	5	17	NUM 23:12
साष्टांग	1	1	1	1	PRO 6:3
सास	20	20	7	22	LEV 20:14
साहस	35	35	20	64	JDG 7:11
साहसपूर्वक	0	0	0	1	extra_words.txt
साहसी	1	1	1	1	JOB 41:10
साहित्य	0	0	0	1	extra_words.txt
साहित्यिक	0	0	0	1	extra_words.txt
साही	3	3	2	3	ISA 14:23
साहुल	8	8	4	9	2KI 21:13
साहूकार	0	0	0	1	extra_words.txt
सिंगार	3	3	3	1	ISA 61:10
सिंच	1	1	1	1	GEN 2:6
सिंचता	1	1	1	0	DEU 11:11
सिंचती	1	1	1	0	HOS 6:3
सिंची	1	1	1	1	GEN 13:10
सिंह	115	115	28	122	GEN 49:9
सिंहनियों	1	1	1	1	NAM 2:12
सिंहनी	10	10	8	10	GEN 49:9
सिंहासन	121	121	24	147	EXO 11:5
सिंहासनों	7	7	6	7	2KI 25:28
सिंहों	28	28	12	31	1KI 7:29
सिकन्दर	6	6	4	6	MRK 15:21
सिकन्दरिया	4	4	1	9	ACT 6:9
सिकलग	14	14	5	17	JOS 15:31
सिकुड़कर	1	1	1	1	EZK 21:16
सिकुन्दुस	1	1	1	1	ACT 20:4
सिकोड़ी	1	1	1	1	MAL 1:13
सिक्का	4	4	3	4	JOB 42:11
सिक्के	4	4	2	5	MAT 26:15
सिक्कों	5	5	3	5	JOS 24:32
सिक्लग	1	1	1	0	1CH 4:30
सिख	1	1	1	1	2SA 14:25
सिखला	1	1	1	1	PSA 72:1
सिखलाई	1	1	1	1	NUM 23:12
सिखलाए	3	3	3	0	JDG 13:8
सिखलाकर	1	1	1	0	REV 2:20
सिखलाता	3	3	2	0	EXO 4:12
सिखलाया	2	2	1	0	JER 9:14
सिखा	14	14	5	16	LEV 10:11
सिखाई	4	4	3	5	2SA 14:19
सिखाऊँगा	4	4	2	4	JOB 33:33
सिखाए	16	16	14	20	EXO 24:12
सिखाएँ	4	4	2	4	DEU 4:10
सिखाएँगे	3	3	3	3	DEU 33:10
सिखाएगा	8	8	7	8	JOB 21:22
सिखाओ	3	3	3	3	JER 9:20
सिखाकर	3	3	3	4	DEU 31:19
सिखाता	22	22	13	28	2SA 22:35
सिखाती	3	3	3	3	PSA 19:2
सिखाते	9	9	6	12	2CH 17:9
सिखाना	5	5	3	5	EXO 4:15
सिखाने	18	18	11	19	DEU 4:14
सिखानेवाला	3	3	2	3	ISA 9:15
सिखानेवाली	3	3	3	3	HAB 2:18
सिखानेवाले	5	5	5	5	2CH 15:3
सिखानेवालों	3	3	2	1	PRO 5:13
सिखाया	18	18	13	25	DEU 6:7
सिखाये	1	1	1	0	ISA 30:1
सिझा	1	1	1	1	2CH 35:13
सिझाओ	1	1	1	1	EXO 16:23
सिझाना	1	1	1	1	EXO 16:23
सितार	5	5	2	5	1SA 10:5
सित्ना	1	1	1	1	GEN 26:21
सित्री	1	1	1	1	EXO 6:22
सिदकिय्याह	63	63	6	75	1KI 22:11
सिदोन	2	2	2	0	GEN 36:24
सिद्दीम	4	4	2	4	GEN 14:3
सिद्ध	58	58	22	92	GEN 17:1
सिद्धता	3	3	2	12	COL 3:14
सिद्धान्त	1	1	1	15	JOB 11:4
सिद्धि	7	7	2	4	1SA 28:3
सिद्धिवालों	1	1	1	2	2KI 21:6
सिधाई	7	7	6	27	DEU 9:5
सिधारने	0	0	0	1	extra_words.txt
सिन्दूर	1	1	1	1	JER 22:14
सिपमोत	1	1	1	1	1SA 30:28
सिपाहियों	34	34	12	46	NUM 31:27
सिपाही	17	17	11	23	NUM 31:28
सिप्पै	1	1	1	1	1CH 20:4
सिप्पोर	7	7	3	7	NUM 22:2
सिप्पोरा	3	3	1	4	EXO 2:21
सिफारिश	1	1	1	1	2CO 3:1
सिबमा	5	5	4	5	NUM 32:38
सिबोन	5	5	2	7	GEN 36:2
सिब्बके	1	1	1	0	1CH 11:29
सिब्बकै	3	3	2	5	2SA 21:18
सिब्बोलेत	1	1	1	1	JDG 12:6
सिब्या	3	3	3	3	2KI 12:1
सिब्रैम	1	1	1	1	EZK 47:16
सिमट	2	2	2	2	JOB 7:5
सियाना	3	3	2	0	GEN 38:11
सियाने	1	1	1	0	1CO 14:20
सियार	2	2	2	3	ISA 35:7
सियारों	2	2	2	2	ISA 34:14
सियाही	6	6	3	0	ISA 33:9
सिय्योन	162	162	23	196	GEN 46:16
सिर	412	412	44	437	GEN 3:15
सिरका	6	6	5	7	NUM 6:3
सिरके	5	5	4	5	RUT 2:14
सिरगियुस	1	1	1	1	ACT 13:7
सिरजनहार	4	4	2	0	JOB 32:22
सिरजनेवाला	1	1	1	1	AMO 4:13
सिरजा	6	6	4	7	PSA 89:12
सिरजी	3	3	3	2	PSA 102:18
सिरजे	2	2	1	3	PSA 104:30
सिरजेगा	1	1	1	2	ISA 4:5
सिरहाना	2	2	2	2	SNG 3:10
सिरहाने	10	10	4	10	GEN 47:31
सिरा	6	6	5	8	GEN 28:12
सिरे	74	74	23	76	GEN 28:18
सिरेवाले	1	1	1	1	JOS 15:2
सिरों	50	50	12	54	EXO 25:18
सिर्फ	0	0	0	3	extra_words.txt
सिर्योन	1	1	1	2	DEU 3:9
सिलवानुस	4	4	4	4	2CO 1:19
सिला	3	3	2	3	RUT 2:2
सिलूकिया	1	1	1	1	ACT 13:4
सिल्लतै	2	2	1	2	1CH 8:20
सिल्ला	4	4	2	4	GEN 4:19
सिवा	2	2	2	4	PSA 16:2
सिवाय	17	17	12	16	GEN 31:50
सिवार	1	1	1	1	JON 2:5
सिसकियों	1	1	1	1	ISA 51:11
सिसिली	0	0	0	2	extra_words.txt
सिस्मै	2	2	1	2	1CH 2:40
सिहों	1	1	1	0	PSA 35:17
सी	279	279	47	246	GEN 27:27
सींग	68	68	15	83	EXO 21:28
सींगवाला	2	2	1	2	DAN 8:3
सींगवाले	1	1	1	1	DAN 8:6
सींगों	34	34	12	37	GEN 22:13
सींचता	5	5	3	7	PSA 65:9
सींचते	1	1	1	1	DEU 11:10
सींचने	1	1	1	2	GEN 2:10
सींचनेवाला	2	2	1	2	1CO 3:7
सींचनेवाली	1	1	1	0	PSA 72:6
सींचा	3	3	3	2	ECC 2:6
सींची	4	4	4	4	PRO 11:25
सींचूँगा	1	1	1	2	ISA 16:9
सींचे	1	1	1	1	JOB 38:27
सीअन	1	1	1	1	JHN 19:23
सीअहा	1	1	1	1	EZR 2:44
सीआ	1	1	1	1	NEH 7:47
सीओन	1	1	1	0	DEU 4:48
सीओर	1	1	1	1	JOS 15:54
सीख	9	9	7	10	PSA 106:35
सीखकर	3	3	3	3	DEU 5:1
सीखती	2	2	2	2	1TI 5:13
सीखते	1	1	1	2	ISA 26:9
सीखना	3	3	3	4	DEU 18:9
सीखनेवालों	1	1	1	1	ISA 50:4
सीखा	9	9	6	12	JER 9:5
सीखी	3	3	3	5	HOS 10:11
सीखीं	2	2	2	0	PHP 4:9
सीखूँ	1	1	1	1	PSA 119:73
सीखूँगा	1	1	1	1	PSA 119:7
सीखे	5	5	3	6	DEU 17:19
सीखें	8	8	5	8	DEU 4:10
सीखेंगे	2	2	2	3	ISA 2:4
सीखेगा	1	1	1	1	ISA 26:10
सीखो	7	7	6	7	PRO 8:5
सीखोगे	1	1	1	1	DEU 14:23
सीगों	1	1	1	0	1KI 1:50
सीचूँगा	1	1	1	0	EZK 32:6
सीटी	4	4	3	4	JDG 5:16
सीढ़ियाँ	8	8	3	9	1KI 10:19
सीढ़ियों	3	3	2	4	1KI 6:8
सीढ़ी	10	10	6	10	GEN 28:12
सीतीं	1	1	1	1	EZK 13:18
सीदोन	21	21	11	38	GEN 10:15
सीदोनियों	10	10	4	10	JOS 13:4
सीदोनी	6	6	6	6	DEU 3:9
सीधा	40	40	17	50	GEN 25:27
सीधाई	16	16	13	0	1KI 3:6
सीधी	24	24	13	26	2CH 27:6
सीधे	64	64	17	65	GEN 42:11
सीन	15	15	5	16	EXO 16:1
सीनाबन्द	1	1	1	0	EXO 28:4
सीनियों	1	1	1	1	ISA 49:12
सीनी	2	2	2	2	GEN 10:17
सीने	2	2	2	1	EXO 39:13
सीनै	39	39	9	52	EXO 16:1
सीबा	17	17	1	18	2SA 9:2
सीमा	199	199	28	218	GEN 10:19
सीमाएँ	3	3	3	6	NUM 34:12
सीमाओं	14	14	8	23	EXO 34:24
सीमित	0	0	0	2	extra_words.txt
सीरा	1	1	1	1	2SA 3:26
सीरिया	8	8	4	19	MAT 4:24
सीरियावासी	1	1	1	0	LUK 4:27
सीलास	13	13	1	22	ACT 15:22
सीवान	1	1	1	1	EST 8:9
सीस	1	1	1	1	2CH 20:16
सीसरा	24	24	5	24	JDG 4:2
सीसा	4	4	3	3	NUM 31:22
सीसे	5	5	4	3	EXO 15:10
सीहा	3	3	2	3	EZR 2:43
सीहोन	35	35	8	37	NUM 21:21
सीहोर	1	1	1	1	JER 2:18
सुइच्छा	1	1	1	2	PHP 2:13
सुइसों	1	1	1	14	EXO 25:5
सुकर्म	2	2	2	2	NEH 13:14
सुकर्मियों	1	1	1	1	1PE 2:14
सुकर्मी	4	4	1	4	PSA 14:1
सुकाल	4	4	1	4	GEN 41:31
सुकुमार	7	7	5	7	GEN 33:13
सुकुमारपन	1	1	1	1	DEU 28:56
सुक्किय्यी	1	1	1	1	2CH 12:3
सुक्कोत	18	18	8	19	GEN 33:17
सुक्कोतबनोत	1	1	1	1	2KI 17:30
सुख	61	61	21	56	GEN 18:12
सुखदाई	4	4	3	6	PSA 23:2
सुखदायक	47	47	9	47	GEN 8:21
सुखधामों	1	1	1	2	MIC 2:9
सुखमूल	1	1	1	1	PSA 119:24
सुखरहित	1	1	1	1	ECC 4:8
सुखविलास	3	3	3	0	LUK 8:14
सुखा	20	20	10	0	JOS 2:10
सुखाई	2	2	1	2	JDG 16:7
सुखाऊँगा	1	1	1	0	ISA 44:27
सुखाए	1	1	1	2	JER 2:25
सुखाएगा	1	1	1	1	ISA 11:15
सुखाये	1	1	1	0	JER 51:32
सुखियों	1	1	1	0	JOB 12:5
सुखी	17	17	5	20	PSA 119:47
सुगंध	1	1	1	0	JHN 12:3
सुगन्ध	72	72	19	62	GEN 8:21
सुगन्ध-द्रव्यों	0	0	0	4	extra_words.txt
सुगन्धद्रव्य	17	17	6	0	GEN 37:25
सुगन्धद्रव्यों	4	4	3	0	1CH 9:29
सुगन्धपात्रों	1	1	1	1	ISA 3:20
सुगन्धवाला	6	6	2	6	LEV 1:9
सुगन्धवाले	1	1	1	1	EZR 6:10
सुगन्धित	24	24	12	28	EXO 25:6
सुझाई	1	1	1	0	MRK 4:12
सुझावों	0	0	0	2	extra_words.txt
सुड़क	1	1	1	0	OBA 1:16
सुड़ककर	1	1	1	0	OBA 1:16
सुडौल	2	2	2	2	1SA 16:12
सुतारी	2	2	2	2	EXO 21:6
सुथरी	1	1	1	1	PSA 37:20
सुदाब	1	1	1	1	LUK 11:42
सुध	1	1	1	0	JOB 41:25
सुधर	1	1	1	1	LAM 5:21
सुधरता	1	1	1	1	ECC 7:3
सुधरती	1	1	1	1	ACT 24:2
सुधरी	1	1	1	1	HOS 10:1
सुधरो	1	1	1	1	LEV 26:23
सुधार	6	6	6	17	2KI 12:5
सुधारक	1	1	1	1	ISA 58:12
सुधारकर	2	2	2	3	ISA 62:10
सुधारते	2	2	2	3	2KI 12:7
सुधारने	4	4	4	7	2KI 12:7
सुधारा	2	2	2	4	2KI 12:6
सुधारी	1	1	1	2	EZK 13:5
सुधारूँगा	2	2	2	2	ISA 44:26
सुधारे	2	2	2	1	EZK 22:30
सुधारें	1	1	1	3	2KI 12:8
सुधारेगा	4	4	3	5	MAL 3:1
सुधारो	8	8	2	10	ISA 1:17
सुधि	89	89	32	107	GEN 8:1
सुन	413	413	41	415	GEN 6:17
सुनकर	278	278	39	298	GEN 3:10
सुनके	1	1	1	0	GEN 29:33
सुनता	70	70	25	77	EXO 16:7
सुनती	6	6	4	7	RUT 2:8
सुनते	99	99	30	102	GEN 23:13
सुनना	32	32	15	39	DEU 1:17
सुननी	1	1	1	2	EZK 20:8
सुनने	70	70	29	78	GEN 31:1
सुननेवाला	9	9	8	9	NUM 24:4
सुननेवाले	7	7	7	9	GEN 21:6
सुननेवालों	17	17	8	18	1SA 3:11
सुनवा	1	1	1	1	JER 26:4
सुनवाई	1	1	1	1	JER 44:10
सुनवाऊँगा	2	2	2	2	JER 49:2
सुनसान	31	31	10	30	GEN 1:2
सुनसानी	1	1	1	1	ISA 34:11
सुनहरा	1	1	1	2	ZEC 4:12
सुनहली	1	1	1	0	JOB 37:22
सुनहले	2	2	2	2	PSA 45:13
सुना	282	282	43	281	GEN 21:26
सुनाई	122	122	30	124	GEN 3:8
सुनाईं	21	21	12	17	GEN 20:8
सुनाऊँ	9	9	8	9	DEU 4:10
सुनाऊँगा	5	5	4	5	ISA 48:6
सुनाए	15	15	8	15	LEV 23:44
सुनाएँ	6	6	5	6	DEU 27:12
सुनाएँगे	2	2	2	2	PSA 21:13
सुनाएगा	7	7	6	8	DEU 18:18
सुनाओ	9	9	5	9	GEN 50:4
सुनाकर	8	8	5	9	EXO 19:19
सुनाता	57	57	14	62	DEU 4:2
सुनाते	23	23	11	23	1CH 16:23
सुनाना	7	7	5	9	EXO 30:31
सुनाने	20	20	12	21	2KI 9:15
सुनानेवाला	2	2	2	3	ISA 41:26
सुनानेवालियों	1	1	1	1	PSA 68:11
सुनानेवाली	2	2	1	2	ISA 40:9
सुनानेवाले	1	1	1	1	EPH 4:11
सुनाम	7	7	3	8	ACT 6:3
सुनाया	59	59	25	57	GEN 24:28
सुनार	7	7	5	8	NEH 3:31
सुनारों	3	3	2	4	NEH 3:8
सुनिश्चित	0	0	0	4	extra_words.txt
सुनी	124	124	35	132	GEN 3:17
सुनीं	13	13	11	10	DEU 5:28
सुनूँ	3	3	3	3	ISA 50:4
सुनूँगा	15	15	8	15	EXO 22:23
सुनूँगी	2	2	2	2	PRO 1:28
सुने	39	39	17	41	EXO 15:26
सुनें	26	26	15	26	EXO 19:9
सुनेंगी	1	1	1	1	JHN 10:16
सुनेंगे	15	15	9	16	EXO 4:1
सुनेगा	20	20	12	21	EXO 6:12
सुनो	209	209	32	208	GEN 1:29
सुनोगे	6	6	4	6	LEV 26:14
सुन्तुखे	1	1	1	1	PHP 4:2
सुन्दर	101	101	27	100	GEN 6:2
सुन्दरता	20	20	8	28	2SA 14:25
सुन्दरी	12	12	3	13	GEN 26:7
सुन्न	3	3	3	4	1SA 25:37
सुपूत	1	1	1	1	PRO 28:7
सुप्रबन्ध	1	1	1	1	PRO 28:2
सुबह	0	0	0	4	extra_words.txt
सुबुद्धि	2	2	2	2	PRO 13:15
सुभीते	1	1	1	1	JER 33:4
सुमात्राके	1	1	1	1	ACT 16:11
सुमार्ग	1	1	1	1	PRO 23:19
सुर	1	1	1	1	AMO 5:23
सुरंग	1	1	1	1	ISA 22:5
सुरकूसा	1	1	1	2	ACT 28:12
सुरक्षा	1	1	1	30	JOB 5:4
सुरक्षात्मक	0	0	0	1	extra_words.txt
सुरक्षित	12	12	9	40	JOB 21:30
सुरताल	1	1	1	1	EZK 26:13
सुरतिस	1	1	1	1	ACT 27:17
सुरमा	0	0	0	2	extra_words.txt
सुराहियाँ	1	1	1	1	ISA 22:24
सुराही	6	6	3	7	1SA 26:11
सुरिक्षत	1	1	1	0	PHP 4:7
सुरूफिनीकी	1	1	1	4	MRK 7:26
सुर्मा	2	2	2	0	2KI 9:30
सुलग	1	1	1	1	LUK 12:49
सुलगते	1	1	1	1	JOB 41:21
सुलगाएगी	1	1	1	1	ISA 30:33
सुलगाकर	3	3	3	3	ISA 44:15
सुलगाते	1	1	1	1	JER 7:18
सुलझाओ	0	0	0	1	extra_words.txt
सुलझाना	0	0	0	1	extra_words.txt
सुला	1	1	1	1	JDG 16:19
सुलैमान	298	298	14	379	2SA 5:14
सुलैमानी	11	11	5	11	GEN 2:12
सुलौमान	1	1	1	0	2CH 2:17
सुविधाएँ	0	0	0	1	extra_words.txt
सुव्यवस्थित	0	0	0	1	extra_words.txt
सुशील	1	1	1	1	1TI 3:2
सुशोभित	2	2	2	2	ISA 60:13
सुसंगत	0	0	0	1	extra_words.txt
सुसकारियाँ	1	1	1	1	JOB 27:23
सुसज्जित	2	2	2	3	2SA 23:7
सुसमाचार	139	139	20	185	ISA 61:1
सुस्त	1	1	1	2	LUK 21:34
सुस्ताएँ	1	1	1	1	EXO 23:12
सुस्ती	1	1	1	1	ECC 10:18
सुहागिन	4	4	3	4	GEN 20:3
सुहावना	3	3	3	5	DEU 6:18
सुहावनी	1	1	1	1	PHP 4:8
सुहावने	3	3	3	4	ISA 52:7
सूँघ	1	1	1	2	JOB 39:25
सूँघती	1	1	1	1	JER 2:24
सूँघते	1	1	1	1	DEU 4:28
सूँघना	1	1	1	1	1CO 12:17
सूँघने	1	1	1	1	EXO 30:38
सूंघ	1	1	1	0	PSA 115:6
सूअर	9	9	6	11	LEV 11:7
सूअरनी	1	1	1	1	2PE 2:22
सूअरों	10	10	3	11	MAT 7:6
सूआर	5	5	1	5	NUM 1:8
सूइसों	13	13	3	0	EXO 26:14
सूई	3	3	3	3	MAT 19:24
सूकाती	1	1	1	1	1CH 2:55
सूक्ष्म	40	40	6	41	EXO 9:9
सूख	77	77	24	83	GEN 8:7
सूखकर	1	1	1	0	ISA 19:7
सूखता	3	3	3	3	ISA 58:11
सूखते	2	2	1	0	JOB 14:11
सूखनेवाले	1	1	1	1	JER 15:18
सूखा	9	9	8	31	GEN 37:24
सूखार	1	1	1	2	JHN 4:5
सूखी	27	27	14	34	GEN 1:9
सूखे	14	14	10	18	DEU 8:15
सूखेगा	1	1	1	1	HOS 13:15
सूचना	1	1	1	4	ISA 45:21
सूचित	0	0	0	1	extra_words.txt
सूचीबद्ध	0	0	0	1	extra_words.txt
सूज	2	2	2	2	JOB 16:16
सूजन	8	8	2	9	LEV 13:2
सूजा	1	1	1	1	LEV 13:28
सूझ	5	5	5	6	1SA 3:2
सूझता	9	9	7	8	GEN 27:1
सूझेगा	1	1	1	1	MAT 13:14
सूत	15	15	9	15	GEN 14:23
सूद	1	1	1	1	EZK 22:12
सूना	9	9	4	8	LEV 26:32
सूनी	6	6	5	6	LEV 26:22
सूने	2	2	2	2	JDG 5:7
सूप	9	9	7	3	DEU 1:1
सूपा	1	1	1	1	NUM 21:14
सूपाबेनी	2	2	2	2	PRO 26:2
सूपाबेने	1	1	1	0	ISA 38:14
सूफ	1	1	1	7	1SA 9:5
सूबेदार	21	21	5	24	MAT 8:5
सूबेदारों	3	3	1	3	ACT 21:32
सूर	17	17	8	7	NUM 25:15
सूरज	7	7	5	8	DEU 16:6
सूरत	1	1	1	1	JOB 31:15
सूरमा	2	2	2	3	JDG 6:12
सूरीएल	1	1	1	1	NUM 3:35
सूरीशद्दे	4	4	1	0	NUM 1:6
सूरीशद्दै	1	1	1	5	NUM 10:19
सूर्य	115	115	33	141	GEN 15:12
सूर्यकांत	1	1	1	2	EXO 28:19
सूर्यकान्त	1	1	1	0	EXO 39:12
सूर्यगृह	1	1	1	1	JER 43:13
सूर्यास्त	4	4	3	6	EXO 17:12
सूर्योदय	10	10	3	13	NUM 2:3
सूसन्नाह	1	1	1	1	LUK 8:3
सूसी	1	1	1	1	NUM 13:11
सूह	1	1	1	1	1CH 7:36
सृजन	0	0	0	1	extra_words.txt
सृजनहार	15	15	10	24	DEU 32:15
सृजने	1	1	1	1	ISA 42:5
सृजनेवाला	1	1	1	1	JOB 35:10
सृजा	8	8	4	10	ISA 41:20
सृजित	0	0	0	2	extra_words.txt
सृजी	7	7	6	6	ISA 48:7
सृजीं	1	1	1	1	REV 4:11
सृजे	1	1	1	2	EPH 2:10
सृष्टि	41	41	15	57	GEN 1:1
से	17971	17971	66	18685	GEN 1:4
सेंत	1	1	1	0	1CO 9:18
सेंतमेंत	16	16	13	0	EXO 21:2
सेंदूर	1	1	1	1	EZK 23:14
सेंध	7	7	5	6	EXO 22:2
सेंहुआ	8	8	1	8	LEV 13:30
सेंहुए	1	1	1	0	LEV 14:54
सेंहुएँ	3	3	1	5	LEV 13:31
सेंहुएँवाले	1	1	1	0	LEV 13:33
सेइरे	1	1	1	1	JDG 3:26
सेईद	1	1	1	1	1CH 4:43
सेईर	36	36	9	39	GEN 14:6
सेईरियों	2	2	1	3	2CH 25:11
सेएँगी	1	1	1	1	ISA 34:15
सेकू	1	1	1	1	1SA 19:22
सेज	1	1	1	1	EZK 32:25
सेती	1	1	1	1	JER 17:11
सेते	1	1	1	1	ISA 59:5
सेना	202	202	27	245	GEN 2:1
सेनाओ	1	1	1	0	PSA 103:21
सेनाओं	289	289	23	294	1SA 1:3
सेनानायक	1	1	1	1	JDG 9:28
सेनापति	68	68	14	70	GEN 21:22
सेनापतियों	11	11	7	12	NUM 31:14
सेने	1	1	1	1	1SA 14:4
सेब	5	5	3	5	PRO 25:11
सेबों	1	1	1	2	SNG 7:8
सेम	1	1	1	1	EZK 4:9
सेर	5	5	3	5	JOS 19:35
सेरह	3	3	3	3	GEN 46:17
सेरेत	1	1	1	1	1CH 4:7
सेरेथश्शहर	1	1	1	1	JOS 13:19
सेरेद	2	2	2	2	GEN 46:14
सेरेदियों	1	1	1	1	NUM 26:26
सेलसह	1	1	1	1	1SA 10:2
सेला	4	4	3	75	JOS 18:28
सेलाहम्म	1	1	1	0	1SA 23:28
सेलेक	2	2	2	2	2SA 23:37
सेलेद	2	2	1	2	1CH 2:30
सेवक	118	118	32	143	GEN 18:7
सेवकाई	23	23	4	57	NUM 4:19
सेवको	3	3	3	0	PSA 135:1
सेवकों	46	46	19	64	GEN 22:5
सेवन	1	1	1	0	ROM 7:25
सेवा	345	345	44	414	GEN 29:15
सेवाकार्य	1	1	1	5	EXO 38:21
सेवाकाल	0	0	0	2	extra_words.txt
सेवाटहल	2	2	2	0	DEU 10:8
सेवारत	0	0	0	2	extra_words.txt
सेविका	1	1	1	1	ROM 16:1
सेसेर	1	1	1	0	GEN 46:24
सैंतालीस	3	3	3	3	GEN 47:28
सैंतीस	9	9	7	10	GEN 25:17
सैंतीसवें	2	2	2	2	2KI 13:10
सैकड़ों	1	1	1	0	1SA 29:2
सैदा	12	12	4	0	MAT 11:21
सैन	4	4	3	2	JOB 15:12
सैनिक	5	5	3	10	MRK 15:16
सैनिकों	13	13	3	2	2CH 24:24
सैन्य	0	0	0	2	extra_words.txt
सैन्यशक्ति	0	0	0	2	extra_words.txt
सैर	2	2	1	2	ZEC 1:10
सो	86	86	23	88	GEN 2:21
सोंटा	6	6	5	6	JOB 9:34
सोंटे	7	7	3	6	EXO 21:20
सोंटों	1	1	1	1	NUM 21:18
सोअन	7	7	4	7	NUM 13:22
सोअर	9	9	3	11	GEN 13:10
सोआर	1	1	1	0	JER 48:34
सोई	1	1	1	1	GEN 19:34
सोऊँ	1	1	1	1	2SA 11:11
सोए	9	9	6	9	LEV 14:47
सोएँ	2	2	2	2	GEN 19:32
सोएँगे	2	2	2	2	EZK 34:25
सोएगा	4	4	4	4	GEN 30:15
सोओगे	1	1	1	1	LEV 26:6
सोकर	1	1	1	1	LEV 20:18
सोको	7	7	4	8	JOS 15:35
सोक्या	1	1	1	1	1CH 8:9
सोच	43	43	23	34	GEN 27:36
सोचकर	32	32	15	33	GEN 21:16
सोचता	19	19	11	19	GEN 24:21
सोचती	2	2	2	3	ZEP 2:15
सोचते	19	19	11	12	2CH 13:8
सोचना	2	2	2	2	DEU 9:4
सोचने	14	14	9	14	DEU 8:17
सोचा	33	33	15	36	GEN 8:21
सोचीं	1	1	1	0	ACT 4:25
सोचूँगा	1	1	1	1	PSA 77:12
सोचे	11	11	8	14	LEV 5:4
सोचेंगे	1	1	1	1	ZEC 12:5
सोचेगा	2	2	2	2	EXO 14:3
सोचो	10	10	10	10	JDG 18:14
सोटें	1	1	1	0	PSA 89:32
सोता	34	34	20	47	GEN 26:19
सोताफाटक	2	2	1	0	NEH 3:15
सोती	3	3	3	3	2SA 12:3
सोते	84	84	26	85	GEN 7:11
सोतै	2	2	2	2	EZR 2:55
सोतों	19	19	11	23	DEU 8:7
सोदी	1	1	1	1	NUM 13:10
सोना	136	136	28	128	GEN 2:11
सोनार	1	1	1	0	MAL 3:2
सोनारों	1	1	1	0	JER 51:17
सोने	326	326	37	329	GEN 13:2
सोनेवाला	1	1	1	1	ISA 5:27
सोनेवाले	2	2	2	2	PRO 23:34
सोपत्रुस	1	1	1	1	ACT 20:4
सोपर	4	4	1	9	JOB 2:11
सोपह	2	2	1	2	1CH 7:35
सोपीम	1	1	1	2	NUM 23:14
सोपेरेत	1	1	1	1	NEH 7:57
सोपै	2	2	1	2	1CH 6:26
सोबा	13	13	5	15	1SA 14:47
सोबाई	1	1	1	0	2SA 23:36
सोबेबा	1	1	1	1	1CH 4:8
सोया	6	6	5	5	GEN 30:16
सोर	42	42	13	62	JOS 19:29
सोरवासी	1	1	1	1	1KI 7:14
सोरा	9	9	4	9	JOS 15:33
सोराई	2	2	1	2	1CH 2:53
सोरावासी	1	1	1	1	JDG 13:2
सोरी	3	3	3	3	1CH 2:54
सोरीम	1	1	1	1	1CH 24:8
सोरेक	1	1	1	1	JDG 16:4
सोलह	21	21	7	21	GEN 46:18
सोलहवीं	2	2	1	2	1CH 24:14
सोलहवें	1	1	1	1	2CH 29:17
सोसन	13	13	4	17	1KI 7:19
सोसनों	2	2	2	2	MAT 6:28
सोसिपत्रुस	1	1	1	1	ROM 16:21
सोस्थिनेस	2	2	2	2	ACT 18:17
सोहर	4	4	2	6	GEN 23:8
सौ	526	526	34	527	GEN 5:3
सौंदर्य	0	0	0	1	extra_words.txt
सौंदर्यकरण	0	0	0	1	extra_words.txt
सौंप	77	77	28	81	GEN 30:35
सौंपकर	3	3	3	3	GEN 32:16
सौंपता	4	4	4	5	PSA 10:14
सौंपते	1	1	1	1	JHN 18:30
सौंपना	1	1	1	4	NUM 27:8
सौंपा	32	32	20	36	GEN 26:5
सौंपी	15	15	10	14	LEV 22:9
सौंपूँगा	2	2	1	2	EZK 23:24
सौंपे	13	13	11	13	EXO 22:10
सौंपेंगे	9	9	4	9	MAT 10:17
सौंपेगा	2	2	1	2	LUK 16:11
सौंपो	3	3	1	3	ROM 6:13
सौंफ	4	4	2	4	ISA 28:25
सौको	1	1	1	0	1KI 4:10
सौगन्ध	30	30	5	30	JER 12:16
सौगुणा	1	1	1	0	2SA 24:3
सौत	2	2	2	2	LEV 18:18
सौतेली	8	8	2	7	LEV 18:8
सौदा	1	1	1	1	NEH 13:16
सौदागर	1	1	1	1	2CH 9:14
सौदागरों	1	1	1	1	1KI 10:15
सौदे	1	1	1	1	NEH 13:20
सौन्दर्य	0	0	0	1	extra_words.txt
सौभाग्य	2	2	2	5	NUM 23:10
सौभाग्यशाली	0	0	0	1	extra_words.txt
सौम्यता	0	0	0	1	extra_words.txt
सौवाँ	1	1	1	1	NEH 5:11
सौवें	1	1	1	1	GEN 7:11
स्कूती	1	1	1	1	COL 3:11
स्क्किवा	1	1	1	2	ACT 19:14
स्खलित	3	3	1	3	LEV 15:16
स्तन	6	6	4	6	PRO 5:19
स्तनों	1	1	1	1	GEN 49:25
स्तर	0	0	0	2	extra_words.txt
स्तिफनास	3	3	1	3	1CO 1:16
स्तिफनुस	8	8	1	11	ACT 6:5
स्तुति	176	176	25	230	EXO 15:2
स्तुतिगान	2	2	2	9	EPH 5:19
स्तुतिरूपी	1	1	1	2	HEB 13:15
स्तोईकी	1	1	1	1	ACT 17:18
स्त्रियाँ	101	101	33	108	GEN 4:19
स्त्रियो	6	6	3	0	2SA 1:24
स्त्रियों	140	140	38	157	GEN 14:16
स्त्री	507	507	41	553	GEN 2:22
स्त्रीगमन	1	1	1	1	LEV 18:22
स्त्रीलिंग	0	0	0	1	extra_words.txt
स्थल	25	25	9	27	GEN 7:22
स्थलों	4	4	2	3	PSA 74:8
स्थाई	1	1	1	4	HEB 13:14
स्थान	777	777	46	925	GEN 1:9
स्थानान्तरित	0	0	0	2	extra_words.txt
स्थानो	1	1	1	0	ISA 44:23
स्थानों	125	125	30	142	GEN 36:40
स्थापन	3	3	2	3	DEU 16:21
स्थापना	1	1	1	9	HEB 8:13
स्थापित	16	16	11	35	LEV 26:1
स्थायी	1	1	1	5	1CO 13:13
स्थित	3	3	2	24	2CH 8:17
स्थिति	1	1	1	26	GEN 43:7
स्थिर	214	214	45	245	GEN 45:27
स्थिरता	1	1	1	4	2PE 3:17
स्नान	35	35	13	36	LEV 14:8
स्नेह	12	12	9	16	GEN 43:30
स्पंज	3	3	3	0	MAT 27:48
स्पर्श	5	5	5	9	1KI 6:27
स्पष्ट	4	4	4	98	DEU 27:8
स्पष्टता	2	2	2	4	1TI 4:1
स्पष्टरूपेण	0	0	0	1	extra_words.txt
स्पष्टीकरण	0	0	0	2	extra_words.txt
स्पेन	2	2	1	0	ROM 15:24
स्फटिकमणि	1	1	1	1	JOB 28:18
स्फूर्तिदायक	0	0	0	1	extra_words.txt
स्मरण	293	293	50	344	GEN 9:15
स्मरणयोग्य	1	1	1	2	JOB 13:12
स्मरणार्थ	3	3	2	5	EXO 17:14
स्मारक	2	2	2	6	1SA 15:12
स्मुरना	2	2	1	4	REV 1:11
स्याही	4	4	4	4	JER 36:18
स्राप	5	5	5	0	JER 24:9
स्रापित	8	8	5	0	NUM 22:6
स्राव	0	0	0	1	extra_words.txt
स्रोत	1	1	1	15	PRO 4:23
स्वच्छ	10	10	7	11	EXO 24:10
स्वजाति	1	1	1	1	ZEC 13:7
स्वतंत्र	37	37	12	68	JOS 2:20
स्वतंत्रता	14	14	9	26	DEU 24:5
स्वतन्त्र	10	10	5	0	EXO 21:2
स्वतन्त्रता	2	2	2	0	DEU 23:23
स्वदेश	2	2	2	21	PHP 3:20
स्वदेशी	1	1	1	1	EPH 2:19
स्वधर्म	0	0	0	3	extra_words.txt
स्वप्न	101	101	16	128	GEN 20:3
स्वप्नदर्शी	1	1	1	1	JUD 1:8
स्वप्नों	11	11	5	14	GEN 37:8
स्वभाव	19	19	13	38	NUM 12:3
स्वयँ	1	1	1	0	JOB 11:5
स्वयं	56	56	23	144	GEN 20:5
स्वर	38	38	16	41	GEN 27:34
स्वरूप	18	18	11	37	GEN 1:26
स्वरों	1	1	1	1	1CO 14:7
स्वर्ग	330	330	37	384	GEN 21:17
स्वर्गदूत	102	102	13	133	JOB 33:23
स्वर्गदूतों	50	50	14	69	JOB 4:18
स्वर्गलोक	2	2	2	4	LUK 23:43
स्वर्गवासी	1	1	1	0	LAM 3:41
स्वर्गिक	0	0	0	2	extra_words.txt
स्वर्गीय	42	42	13	51	1KI 8:39
स्वर्गो	1	1	1	0	REV 12:12
स्वर्गों	1	1	1	2	HEB 4:14
स्वस्थ	2	2	2	4	JOB 33:25
स्वांग	0	0	0	1	extra_words.txt
स्वांस	1	1	1	0	ECC 3:19
स्वागत	3	3	3	8	NUM 31:13
स्वाद	16	16	11	18	EXO 16:31
स्वादहीन	0	0	0	1	extra_words.txt
स्वादिष्ट	18	18	9	19	GEN 27:4
स्वाधीन	11	11	7	12	GEN 27:40
स्वाभाविक	9	9	3	23	ROM 1:26
स्वामित्व	0	0	0	1	extra_words.txt
स्वामिन	2	2	2	1	PRO 30:23
स्वामिनी	9	9	6	9	GEN 16:4
स्वामिभक्त	0	0	0	2	extra_words.txt
स्वामियो	2	2	2	0	EPH 6:9
स्वामियों	8	8	6	10	PSA 123:2
स्वामी	254	254	38	274	GEN 24:9
स्वार्थ	1	1	1	9	PHP 2:21
स्वार्थपूर्ण	0	0	0	1	extra_words.txt
स्वार्थी	1	1	1	4	2TI 3:2
स्वावलम्बी	0	0	0	1	extra_words.txt
स्वास्थ्य	0	0	0	3	extra_words.txt
स्वीकार	17	17	11	44	GEN 19:21
स्वीकार्य	0	0	0	1	extra_words.txt
स्वीकृत	0	0	0	1	extra_words.txt
स्वेच्छा	1	1	1	4	LEV 7:16
स्वेच्छाबलि	12	12	6	14	LEV 22:18
स्वेच्छाबलियों	5	5	4	5	LEV 23:38
स्वैच्छिक	0	0	0	4	extra_words.txt
हँस	1	1	1	0	GEN 18:12
हँसकर	1	1	1	2	JOB 29:24
हँसता	5	5	2	7	JOB 9:23
हँसती	2	2	2	3	PRO 31:25
हँसते	4	4	4	4	JOB 12:4
हँसने	3	3	3	3	PSA 126:2
हँसमुख	2	2	1	2	JOB 5:22
हँसा	2	2	2	2	GEN 17:17
हँसिया	4	4	4	4	ISA 2:4
हँसी	27	27	15	28	GEN 18:13
हँसुआ	11	11	4	11	DEU 16:9
हँसुओं	2	2	2	2	1SA 13:21
हँसूँगी	1	1	1	1	PRO 1:26
हँसेंगे	1	1	1	1	PSA 52:6
हँसेगा	3	3	1	5	PSA 2:4
हँसोगे	1	1	1	1	LUK 6:21
हंगामा	1	1	1	0	PSA 83:2
हंडा	2	2	1	0	EZK 11:3
हंडियों	1	1	1	0	2CH 35:13
हंडी	1	1	1	0	1SA 2:14
हंडे	5	5	5	0	1SA 2:14
हंडों	1	1	1	0	2CH 35:13
हक	6	6	6	0	EXO 29:9
हकदार	0	0	0	3	extra_words.txt
हकलदमा	1	1	1	1	ACT 1:19
हकल्याह	2	2	1	2	NEH 1:1
हक़	16	16	6	29	LEV 7:34
हकिमों	1	1	1	0	2CH 29:20
हकीला	3	3	1	3	1SA 23:19
हकूपा	2	2	2	2	EZR 2:51
हक्क	5	5	3	0	ROM 4:4
हक्कदार	1	1	1	0	1TI 5:18
हक्कातान	1	1	1	1	EZR 8:12
हक्कोस	5	5	3	5	1CH 24:10
हक्मोनी	2	2	1	2	1CH 11:11
हक्ला	1	1	1	1	MRK 7:32
हगबा	1	1	1	0	EZR 2:45
हगाबा	1	1	1	2	NEH 7:48
हग्गदोलीम	1	1	1	1	NEH 11:14
हग्गिय्याह	2	2	1	2	1CH 6:30
हग्गीत	5	5	3	5	2SA 3:4
हग्रियों	2	2	1	2	1CH 5:10
हग्री	3	3	1	5	1CH 5:10
हज़ार	456	456	35	0	GEN 20:16
हज़ारगुणा	1	1	1	0	DEU 1:11
हज़ारों	28	28	12	0	GEN 24:60
हज़ो	1	1	1	1	GEN 22:22
हजाएल	21	21	4	25	1KI 19:15
हजायाह	1	1	1	1	NEH 11:5
हजारों-हजार	0	0	0	2	extra_words.txt
हजीएल	1	1	1	1	1CH 23:9
हट	40	40	19	44	GEN 19:9
हटकर	7	7	5	8	GEN 42:24
हटता	5	5	3	6	JOB 23:8
हटते	2	2	2	2	PSA 9:3
हटना	4	4	3	3	PSA 129:5
हटने	2	2	2	2	NUM 22:26
हटनेवाले	1	1	1	1	HEB 10:39
हटा	36	36	20	48	GEN 24:27
हटाई	2	2	2	2	RUT 2:20
हटाऊँगा	2	2	2	2	1CH 17:13
हटाए	6	6	3	7	DEU 27:17
हटाओ	1	1	1	0	JHN 11:39
हटाकर	8	8	6	8	GEN 48:12
हटाते	2	2	2	1	NEH 9:29
हटाना	3	3	3	4	DEU 19:14
हटाने	1	1	1	1	EXO 2:17
हटाया	3	3	3	5	EXO 13:22
हटाये	1	1	1	0	JOB 34:14
हटूँगा	1	1	1	1	JOB 27:5
हटे	1	1	1	1	NUM 14:44
हटेंगे	1	1	1	2	ISA 59:21
हटेगा	1	1	1	2	PRO 22:6
हटेगी	2	2	2	3	2SA 7:15
हटो	2	2	2	2	1SA 15:6
हठ	26	26	12	29	DEU 29:19
हठी	3	3	3	4	JER 6:28
हठीला	10	10	4	12	EXO 4:21
हठीली	5	5	4	5	DEU 9:6
हठीले	19	19	13	17	EXO 32:9
हठीलों	1	1	1	0	PSA 68:6
हड़प	0	0	0	1	extra_words.txt
हड़फोड़	2	2	2	2	LEV 11:13
हड़हड़ाहट	1	1	1	0	2PE 3:10
हड्डियाँ	42	42	14	46	JOS 24:32
हड्डियो	1	1	1	0	EZK 37:4
हड्डियों	44	44	19	50	GEN 2:23
हड्डी	27	27	12	23	GEN 2:23
हण्डा	2	2	2	4	2KI 4:38
हण्डियाँ	2	2	1	0	ZEC 14:20
हण्डियों	2	2	2	0	2KI 25:14
हण्डे	10	10	3	10	2KI 4:39
हण्डों	2	2	1	3	2CH 4:11
हतत	1	1	1	1	1CH 4:13
हताक	5	5	1	5	EST 4:5
हताश	0	0	0	4	extra_words.txt
हताशा	0	0	0	2	extra_words.txt
हतीता	2	2	2	2	EZR 2:42
हतीपा	2	2	2	2	EZR 2:54
हत्तील	2	2	2	2	EZR 2:57
हत्तूश	4	4	2	5	1CH 3:22
हत्तूस	1	1	1	0	EZR 8:2
हत्या	52	52	17	84	DEU 5:17
हत्याओं	1	1	1	1	JER 51:35
हत्यारा	6	6	6	6	JOB 24:14
हत्यारी	2	2	2	2	EZK 24:6
हत्यारे	9	9	8	14	PSA 5:6
हत्यारो	1	1	1	0	PSA 139:19
हत्यारों	8	8	6	13	PSA 26:9
हथकड़ियाँ	1	1	1	1	ECC 7:26
हथकड़ियों	2	2	1	2	JER 40:1
हथियाना	0	0	0	1	extra_words.txt
हथियार	84	84	25	82	GEN 27:3
हथियार-बन्दों	0	0	0	4	extra_words.txt
हथियारबन्द	8	8	6	0	DEU 3:18
हथियारबन्दों	4	4	3	0	JDG 7:11
हथियारों	12	12	10	13	GEN 4:22
हथेलियाँ	1	1	1	1	1SA 5:4
हथेलियों	3	3	3	3	2KI 9:35
हथेली	12	12	5	15	LEV 14:15
हथौड़ा	4	4	3	6	JDG 4:21
हथौड़े	5	5	4	5	JDG 5:26
हथौड़ों	2	2	2	2	PSA 74:6
हद	0	0	0	2	extra_words.txt
हदद	12	12	3	13	GEN 36:35
हददेजेर	12	12	2	0	2SA 8:3
हदद्रिम्मोन	1	1	1	1	ZEC 12:11
हदर	2	2	1	1	GEN 25:15
हदरेजेर	9	9	1	0	1CH 18:3
हदलै	1	1	1	1	2CH 28:12
हदस्सा	1	1	1	0	EST 2:7
हदाशा	1	1	1	1	JOS 15:37
हदोराम	4	4	2	5	1CH 1:21
हद्राक	1	1	1	1	ZEC 9:1
हननेल	4	4	3	4	NEH 3:1
हनन्याह	40	40	7	48	1CH 3:19
हनमेल	4	4	1	4	JER 32:7
हनान	1	1	1	0	1CH 9:44
हनानी	11	11	5	14	1KI 16:1
हनोक	19	19	7	21	GEN 4:17
हनोकियों	1	1	1	1	NUM 26:5
हन्ना	19	19	4	26	1SA 1:2
हन्नातोन	1	1	1	1	JOS 19:14
हन्नाह	1	1	1	2	LUK 2:36
हन्नीएल	2	2	2	2	NUM 34:23
हपारैम	1	1	1	1	JOS 19:19
हपेरियों	1	1	1	0	NUM 26:32
हप्पित्सेस	1	1	1	1	1CH 24:15
हबक्कूक	2	2	1	16	HAB 1:1
हबशी	1	1	1	0	JER 13:23
हबस्सिन्याह	1	1	1	1	JER 35:3
हबायाह	1	1	1	2	EZR 2:61
हबासिल	1	1	1	1	LEV 11:17
हबीला	2	2	2	0	GEN 25:18
हब्बोत्याईर	2	2	2	3	DEU 3:14
हम	2206	2206	61	1896	GEN 1:26
हमउम्र	0	0	0	1	extra_words.txt
हमको	13	13	10	202	GEN 47:19
हमतक	2	2	0	0	OV bigram
हमने	18	18	10	269	JOS 22:26
हमपर	134	134	0	0	OV bigram
हममें	1	1	1	0	ROM 8:4
हमला	1	1	1	1	1SA 17:35
हमसे	2	2	2	0	MAT 17:13
हमात	36	36	13	40	NUM 13:21
हमाती	2	2	2	2	GEN 10:18
हमारा	276	276	48	295	GEN 19:31
हमारी	234	234	43	258	GEN 23:6
हमारे	913	913	56	982	GEN 5:29
हमूतल	3	3	2	3	2KI 23:31
हमें	344	344	48	401	GEN 19:13
हमोना	1	1	1	1	EZK 39:16
हमोर	13	13	4	13	GEN 33:19
हम्मत	2	2	2	2	JOS 19:35
हम्मदाता	5	5	1	5	EST 3:1
हम्मूएल	1	1	1	1	1CH 4:26
हम्मेआ	2	2	1	2	NEH 3:1
हम्मोतदोर	1	1	1	1	JOS 21:32
हम्मोन	2	2	2	2	JOS 19:28
हम्मोलेकेत	1	1	1	1	1CH 7:18
हम्रान	1	1	1	1	1CH 1:41
हर	367	367	53	423	GEN 34:15
हरकत	1	1	1	1	2KI 4:31
हरकारा	1	1	1	1	JER 51:31
हरकारे	6	6	4	6	2CH 30:6
हरकारों	2	2	1	1	EST 3:13
हरवा	4	4	3	4	DEU 7:23
हरवाएँगे	1	1	1	1	DAN 11:26
हरवाएगा	1	1	1	1	DEU 28:25
हरवाने	1	1	1	1	DEU 23:14
हरा	16	16	11	18	EXO 17:13
हरादा	2	2	1	2	NUM 33:24
हरारी	2	2	1	5	1CH 11:34
हरिण	10	10	3	0	DEU 12:15
हरिणियाँ	1	1	1	0	JOB 39:1
हरिणियों	5	5	3	0	2SA 22:34
हरिणी	5	5	4	0	GEN 49:21
हरिणों	2	2	2	0	LAM 1:6
हरिन	1	1	1	0	1KI 4:23
हरियाली	11	11	10	12	EXO 10:15
हरी	36	36	15	22	GEN 1:11
हरुमप	1	1	1	1	NEH 3:10
हरे	24	24	12	21	GEN 1:30
हरोद	1	1	1	2	JDG 7:1
हरोरी	1	1	1	1	1CH 11:27
हरोशेत	3	3	1	3	JDG 4:2
हर्नेपेर	1	1	1	1	1CH 7:36
हर्बोना	1	1	1	2	EST 1:10
हर्मोन	1	1	1	0	PSA 42:6
हर्म्मोन	1	1	1	0	AMO 4:3
हर्वोना	1	1	1	0	EST 7:9
हर्शा	2	2	2	2	EZR 2:52
हर्ष	40	40	13	43	DEU 28:63
हर्षरूपी	1	1	1	1	HEB 1:9
हर्षित	21	21	7	24	JOB 39:21
हर्हयाह	1	1	1	1	NEH 3:8
हर्हस	1	1	1	1	2KI 22:14
हर्हूर	2	2	2	2	EZR 2:51
हल	21	21	15	26	GEN 45:6
हलकी	5	5	5	7	1KI 16:31
हलके	3	3	2	3	2CH 13:7
हलकोत	1	1	1	0	1SA 23:28
हलचल	14	14	8	14	RUT 1:19
हलद	1	1	1	0	2KI 17:6
हलफई	5	5	4	0	MAT 10:3
हलवाहों	1	1	1	2	PSA 129:3
हलह	2	2	2	3	2KI 18:11
हलहूल	1	1	1	1	JOS 15:58
हलाहल	1	1	1	1	DEU 32:33
हली	1	1	1	1	JOS 19:25
हल्का	15	15	10	1	EXO 18:22
हल्ला	5	5	5	5	2CH 23:12
हल्लिलूय्याह	4	4	1	0	REV 19:1
हल्लोहेश	2	2	1	2	NEH 3:12
हवन	18	18	2	18	EXO 29:18
हवनों	6	6	1	6	LEV 2:3
हवा	26	26	15	34	EXO 10:19
हवाओं	1	1	1	1	REV 7:1
हवादार	3	3	2	3	JDG 3:20
हवालात	3	3	3	3	LEV 24:12
हवीला	5	5	3	7	GEN 2:11
हव्य	37	37	6	37	EXO 30:20
हव्यरूपी	1	1	1	1	NUM 28:2
हव्यों	3	3	1	3	LEV 7:35
हव्वा	4	4	3	7	GEN 3:20
हव्वोत्याईर	1	1	1	1	NUM 32:41
हशब्नयाह	2	2	1	2	NEH 3:10
हशब्ना	1	1	1	1	NEH 10:25
हशब्याह	14	14	3	17	1CH 6:45
हशमोना	2	2	1	2	NUM 33:29
हशीम	1	1	1	0	1CH 8:8
हशूबा	1	1	1	1	1CH 3:20
हश्बद्दाना	1	1	1	1	NEH 8:4
हश्शूब	5	5	2	5	1CH 9:14
हसद्याह	1	1	1	1	1CH 3:20
हसब्याह	2	2	2	0	1CH 25:3
हसरद्दार	1	1	1	1	NUM 34:4
हसरेनान	3	3	2	3	NUM 34:9
हसरेनोन	1	1	1	1	EZK 47:17
हसर्गद्दा	1	1	1	1	JOS 15:27
हसर्मावेत	2	2	2	2	GEN 10:26
हसर्शआल	1	1	1	0	JOS 19:3
हसर्शूआल	3	3	3	4	JOS 15:28
हसर्शूसा	1	1	1	1	JOS 19:5
हसर्सूसीम	1	1	1	1	1CH 4:31
हसर्हत्तीकोन	1	1	1	1	EZK 47:16
हससोन्तामार	1	1	1	0	GEN 14:7
हसासोन्तामार	1	1	1	2	2CH 20:2
हसूपा	2	2	2	2	EZR 2:43
हसेरोत	5	5	2	5	NUM 11:35
हस्त	0	0	0	1	extra_words.txt
हस्तकला	1	1	1	1	PSA 19:1
हस्तकार	0	0	0	1	extra_words.txt
हस्ताक्षर	5	5	1	6	DAN 6:8
हस्रा	1	1	1	1	2CH 34:22
हस्रोन	1	1	1	0	1CH 2:5
हस्सना	1	1	1	1	NEH 3:3
हस्सनूआ	2	2	2	2	1CH 9:7
हस्सलेलपोनी	1	1	1	1	1CH 4:3
हस्सोपेरेत	1	1	1	1	EZR 2:55
हाँ	145	145	35	143	GEN 20:6
हाँक	8	8	5	7	EXO 9:20
हाँककर	1	1	1	1	AMO 9:4
हाँकता	2	2	2	2	2KI 9:20
हाँकते	1	1	1	1	1SA 30:20
हाँकना	1	1	1	1	2KI 9:20
हाँकने	3	3	3	3	2SA 6:3
हाँकनेवाले	1	1	1	1	JOB 39:7
हाँके	3	3	3	3	GEN 33:13
हाँड़ियों	2	2	1	8	JER 52:18
हाँड़ी	4	4	3	0	2KI 4:2
हाँडी	1	1	1	0	MIC 3:3
हाँफ	1	1	1	0	ISA 42:14
हाँफकर	1	1	1	0	ISA 42:14
हाँफता	1	1	1	1	PSA 42:1
हाँफती	2	2	2	2	PSA 42:1
हाँफते	2	2	2	2	JER 14:6
हाँफने	1	1	1	1	PSA 119:131
हांड़ियों	1	1	1	0	EXO 38:3
हांडियों	2	2	2	0	EXO 16:3
हाकिम	158	158	35	122	GEN 37:36
हाकिमो	3	3	2	0	PSA 148:11
हाकिमों	156	156	32	154	GEN 12:15
हागाब	1	1	1	1	EZR 2:46
हाग्गियों	1	1	1	1	NUM 26:15
हाग्गी	2	2	2	2	GEN 46:16
हाग्गै	11	11	2	20	EZR 5:1
हाज़िर	11	11	6	0	GEN 37:13
हाजिर	7	7	6	18	GEN 30:3
हाजिरा	14	14	2	0	GEN 16:1
हाट	1	1	1	1	EZK 27:15
हाड़	2	2	2	2	JDG 9:2
हाड़गील	2	2	2	2	LEV 11:17
हाथ	1638	1638	57	1700	GEN 3:22
हाथवाले	2	2	2	3	MRK 3:3
हाथी	2	2	2	15	SNG 5:14
हाथीदाँत	11	11	7	0	1KI 10:18
हाथों	132	132	37	147	GEN 24:22
हादीद	3	3	2	3	EZR 2:33
हानान	11	11	4	12	1CH 8:23
हानि	153	153	35	177	GEN 31:7
हानिकारक	1	1	1	1	1TI 6:9
हानिहीनता	0	0	0	1	extra_words.txt
हानून	12	12	3	12	2SA 10:1
हानेस	1	1	1	1	ISA 30:4
हाबिल	11	11	3	17	GEN 4:2
हाबील	1	1	1	0	LUK 11:51
हाबोर	3	3	2	4	2KI 17:6
हाम	17	17	3	20	GEN 5:32
हामान	51	51	1	57	EST 3:1
हामूल	3	3	3	3	GEN 46:12
हामूलियों	1	1	1	1	NUM 26:21
हाय	245	245	31	228	EXO 32:31
हार	35	35	18	37	LEV 26:17
हारकर	1	1	1	1	1SA 4:10
हारनेवालों	1	1	1	1	EXO 32:18
हारा	1	1	1	1	1CH 5:26
हारान	21	21	6	21	GEN 11:26
हारीप	1	1	1	0	NEH 7:24
हारीफ	1	1	1	2	NEH 10:19
हारीम	11	11	3	11	1CH 24:8
हारून	359	359	16	396	EXO 4:14
हारूनवंशी	1	1	1	1	JOS 21:19
हारूनियों	1	1	1	1	1CH 23:32
हारूपी	1	1	1	1	1CH 12:5
हारूस	1	1	1	1	2KI 21:19
हारे	1	1	1	1	JDG 20:39
हारेप	1	1	1	1	1CH 2:51
हारो	1	1	1	1	ROM 12:21
हारोए	1	1	1	1	1CH 2:52
हार्दिक	3	3	3	5	1CH 22:7
हाल	44	44	23	47	GEN 16:11
हालत	0	0	0	2	extra_words.txt
हालांकि	0	0	0	1	extra_words.txt
हालाक	2	2	1	2	JOS 11:17
हालेलूय्याह	0	0	0	4	extra_words.txt
हावी	0	0	0	1	extra_words.txt
हाशम	1	1	1	0	NEH 7:22
हाशूम	4	4	2	5	EZR 2:19
हाशेम	1	1	1	1	1CH 11:34
हासील	2	2	1	2	JOL 1:4
हासोर	17	17	7	18	JOS 11:1
हासोर्हदत्ता	1	1	1	1	JOS 15:25
हाहशतारी	1	1	1	1	1CH 4:6
हाहाकार	8	8	6	9	EXO 11:6
हिंसक	4	4	3	6	JOB 4:10
हिंसात्मक	0	0	0	1	extra_words.txt
हिग्गायोन	0	0	0	2	extra_words.txt
हिचकोले	1	1	1	1	ACT 27:18
हिजकिय्याह	130	130	12	161	2KI 16:20
हिजकी	1	1	1	1	1CH 8:17
हित	17	17	12	18	LEV 7:18
हित्त	2	2	2	2	GEN 10:15
हित्तिन	2	2	1	2	EZK 16:3
हित्तियों	20	20	8	20	GEN 15:20
हित्ती	37	37	10	37	GEN 23:10
हिद्देकेल	2	2	2	3	GEN 2:14
हिद्दै	1	1	1	1	2SA 23:30
हिन	2	2	1	0	JOB 39:25
हिनहिनाते	1	1	1	1	JER 50:11
हिनहिनाने	2	2	1	2	JER 5:8
हिन्दुस्तान	2	2	1	0	EST 1:1
हिन्नोम	7	7	3	8	JOS 15:8
हिन्नोमवंशियों	3	3	2	3	2KI 23:10
हिन्नोमियों	3	3	1	3	JER 19:2
हिब्बियों	7	7	3	9	DEU 20:17
हिब्बी	12	12	4	16	EXO 3:8
हिम	19	19	10	20	EXO 4:6
हिमऋतु	1	1	1	1	1CH 11:22
हियरापुलिसवालों	1	1	1	1	COL 4:13
हियाव	87	87	27	68	NUM 13:20
हिरनियाँ	0	0	0	1	extra_words.txt
हिरनियों	0	0	0	3	extra_words.txt
हिरनों	0	0	0	2	extra_words.txt
हिरमुगिनेस	1	1	1	1	2TI 1:15
हिरमेस	1	1	1	0	ACT 14:12
हिरासत	1	1	1	1	ACT 25:21
हिर्मास	1	1	1	0	ROM 16:14
हिर्मेस	1	1	1	2	ROM 16:14
हिल	13	13	6	13	2SA 22:8
हिलकर	1	1	1	1	REV 6:13
हिलकिय्याह	16	16	2	0	2KI 18:18
हिलकोरे	1	1	1	1	JUD 1:13
हिलते	4	4	4	4	1SA 1:13
हिलने	2	2	2	3	JHN 5:3
हिलमिल	1	1	1	1	PSA 106:35
हिलवाओ	1	1	1	1	LEV 23:12
हिला	11	11	9	7	DEU 32:11
हिलाई	17	17	8	17	EXO 29:27
हिलाऊँगा	0	0	0	2	extra_words.txt
हिलाए	13	13	5	14	EXO 29:24
हिलाएँगे	1	1	1	1	PSA 64:8
हिलाएगा	3	3	3	3	GEN 41:44
हिलाकर	6	6	6	2	NUM 5:25
हिलाता	2	2	2	2	JOB 40:17
हिलाती	2	2	2	2	2KI 19:21
हिलाते	5	5	3	5	PSA 22:7
हिलाना	1	1	1	2	EXO 29:26
हिलाने	14	14	2	14	LEV 7:30
हिलाया	6	6	4	7	EXO 29:24
हिलें	1	1	1	1	AMO 9:1
हिल्कियाह	0	0	0	2	extra_words.txt
हिल्किय्याह	20	20	6	38	1CH 26:11
हिल्लेल	2	2	1	3	JDG 12:13
हिव्वियों	2	2	2	0	2SA 24:7
हिव्वी	4	4	2	0	GEN 10:17
हिसाब	37	37	10	37	EXO 12:4
हिस्रोन	3	3	2	0	MAT 1:3
हिस्सा	3	3	3	4	PSA 16:5
हिस्से	1	1	1	5	EXO 28:37
हिस्सेदार	0	0	0	1	extra_words.txt
हिस्सेदारी	0	0	0	1	extra_words.txt
ही	3665	3665	65	4082	GEN 1:7
हीएल	1	1	1	1	1KI 16:34
हीन	24	24	6	23	EXO 29:40
हीनों	1	1	1	0	DAN 4:27
हीरा	5	5	3	5	GEN 38:1
हीराम	22	22	3	26	2SA 5:11
हीरे	3	3	3	4	SNG 4:9
हीरों	1	1	1	1	SNG 1:10
हीलेन	1	1	1	1	1CH 6:58
हुँडार	1	1	1	1	ISA 13:22
हुंडार	1	1	1	0	ZEP 3:3
हुंडारों	1	1	1	0	HAB 1:8
हुआ	1828	1828	64	1952	GEN 1:5
हुई	1044	1044	58	1134	GEN 1:5
हुईं	64	64	23	48	GEN 5:4
हुए	2234	2234	63	2356	GEN 2:2
हुओ	1	1	1	0	JER 51:50
हुओं	221	221	48	238	NUM 3:49
हुकूमत	1	1	1	1	ISA 32:1
हुक्कोक	1	1	1	1	JOS 19:34
हुग्री	1	1	1	0	PSA 83:6
हुत्तै	1	1	1	0	2SA 23:29
हुदहुद	1	1	1	1	DEU 14:18
हुप्पा	1	1	1	1	1CH 24:13
हुप्पीम	3	3	2	3	GEN 46:21
हुमता	1	1	1	1	JOS 15:54
हुमिनयुस	2	2	2	2	1TI 1:20
हुलसकर	1	1	1	1	JER 51:39
हुल्दा	2	2	2	3	2KI 22:14
हुल्लड़	19	19	9	18	1SA 4:14
हुल्लड़ों	1	1	1	1	2CO 6:5
हुशब्याह	1	1	1	0	NEH 11:15
हुसेब	1	1	1	1	NAM 2:7
हूँ	2234	2234	65	2345	GEN 4:9
हूँगा	28	28	13	0	GEN 15:8
हूकोक	1	1	1	1	1CH 6:75
हूगले	1	1	1	1	ISA 19:6
हूपाम	1	1	1	1	NUM 26:39
हूपामियों	1	1	1	1	NUM 26:39
हूर	15	15	6	16	EXO 17:10
हूराम	12	12	2	7	1CH 8:5
हूरी	1	1	1	1	1CH 5:14
हूरै	1	1	1	1	1CH 11:32
हूल	2	2	2	2	GEN 10:23
हूशाई	4	4	2	5	2SA 21:18
हूशाम	4	4	2	4	GEN 36:34
हूशी	1	1	1	0	1CH 7:12
हूशीम	2	2	2	4	GEN 46:23
हूशै	13	13	3	17	2SA 15:32
हृदय	144	144	34	162	GEN 33:4
हृदयरूपी	2	2	2	2	PRO 3:3
हृदयों	11	11	8	10	PSA 17:10
हृष्ट	6	6	4	0	DEU 31:20
हृष्टपुष्ट	6	6	5	0	JOB 39:4
हृष्टपुष्टों	3	3	2	0	PSA 78:31
हे	2311	2311	64	2339	GEN 4:23
हेंगा	4	4	3	4	JOB 39:10
हेंगे	1	1	1	1	2SA 12:31
हेंगों	1	1	1	1	1CH 20:3
हेगे	4	4	1	4	EST 2:3
हेजीर	2	2	2	2	1CH 24:15
हेज्योन	1	1	1	1	1KI 15:18
हेतलोन	2	2	1	2	EZK 47:15
हेतु	3	3	2	27	PSA 89:16
हेन	1	1	1	1	ZEC 6:14
हेना	3	3	2	3	2KI 18:34
हेनादाद	4	4	2	4	EZR 3:9
हेपेर	9	9	4	9	NUM 26:32
हेप्सीबा	2	2	2	2	2KI 21:1
हेबर	1	1	1	0	1CH 8:17
हेबा	1	1	1	0	1CH 4:5
हेबेर	10	10	4	11	GEN 46:17
हेबेरियों	1	1	1	1	NUM 26:45
हेब्रोन	73	73	10	81	GEN 13:18
हेब्रोनियों	7	7	2	7	NUM 3:27
हेमदान	1	1	1	1	GEN 36:26
हेमान	15	15	3	19	1KI 4:31
हेमाम	1	1	1	1	GEN 36:22
हेरेत	1	1	1	1	1SA 22:5
हेरेश	1	1	1	1	1CH 9:15
हेरेस	2	2	1	2	JDG 1:35
हेरोदियास	6	6	3	6	MAT 14:3
हेरोदियों	3	3	2	3	MAT 22:16
हेरोदियोन	1	1	1	1	ROM 16:11
हेरोदी	1	1	1	1	2SA 23:25
हेरोदेस	44	44	4	65	MAT 2:1
हेर्मोन	13	13	5	16	DEU 3:8
हेलकै	1	1	1	1	NEH 12:15
हेलबा	1	1	1	1	JDG 1:31
हेलबोन	1	1	1	1	EZK 27:18
हेला	1	1	1	2	1CH 4:7
हेलाम	2	2	1	2	2SA 10:16
हेलेक	2	2	2	2	NUM 26:31
हेलेकियों	1	1	1	1	NUM 26:31
हेलेद	1	1	1	1	1CH 11:30
हेलेप	1	1	1	1	JOS 19:33
हेलेब	1	1	1	1	2SA 23:29
हेलेम	2	2	2	2	1CH 7:35
हेलेस	3	3	2	5	2SA 23:26
हेलैस	2	2	1	0	1CH 2:39
हेलोन	5	5	1	5	NUM 1:9
हेल्कत	1	1	1	0	JOS 19:25
हेल्कथस्सूरीम	1	1	1	1	2SA 2:16
हेल्कात	1	1	1	2	JOS 21:31
हेल्दै	2	2	2	2	1CH 27:15
हेशबोन	30	30	7	35	NUM 21:25
हेशबोनवासी	4	4	3	4	NUM 21:34
हेशमोन	1	1	1	1	JOS 15:27
हेशोबोन	1	1	1	0	1CH 6:81
हेश्बोन	3	3	2	0	JOS 9:10
हेस्रो	2	2	2	2	2SA 23:35
हेस्रोन	15	15	6	23	GEN 46:9
हेस्रोनियों	2	2	1	2	NUM 26:6
है	16156	16156	66	19461	GEN 1:4
हैं	5244	5244	66	5869	GEN 1:11
हो	4946	4946	66	5402	GEN 1:3
हों	472	472	52	500	GEN 1:14
होंगी	41	41	17	47	EXO 25:22
होंगे	270	270	43	332	GEN 9:3
होंठ	7	7	5	13	LEV 13:45
होंठवाला	1	1	1	1	ISA 6:5
होंठवाले	1	1	1	1	ISA 6:5
होंठों	2	2	2	0	ISA 6:7
होऊँ	7	7	7	6	RUT 1:17
होऊँगा	7	7	5	39	PSA 9:2
होए	2	2	2	5	1KI 2:3
होओ	2	2	2	0	ISA 29:9
होकर	869	869	61	967	GEN 3:16
होके	5	5	4	0	NUM 24:17
होगा	844	844	56	961	GEN 2:23
होगी	255	255	42	281	GEN 3:16
होगे	30	30	15	0	EXO 12:13
होग्ला	4	4	2	4	NUM 26:33
होठों	8	8	8	24	PSA 141:3
होता	629	629	59	822	GEN 1:12
होताम	2	2	1	2	1CH 7:32
होती	271	271	46	372	GEN 7:12
होतीं	3	3	3	3	PSA 73:4
होतीर	2	2	1	2	1CH 25:4
होते	279	279	50	288	GEN 1:12
होद	1	1	1	1	1CH 7:37
होदग्याह	1	1	1	0	EZR 2:40
होदब्याह	1	1	1	0	1CH 3:24
होदवा	1	1	1	1	NEH 7:43
होदव्याह	2	2	1	4	1CH 5:24
होदिय्याह	6	6	2	6	1CH 4:19
होदेश	1	1	1	1	1CH 8:9
होनहार	6	6	4	7	GEN 40:5
होना	104	104	34	190	GEN 27:45
होनी	3	3	2	6	ECC 8:14
होने	504	504	57	599	GEN 3:16
होनेवाला	21	21	11	28	LEV 14:19
होनेवाली	20	20	12	29	2CH 13:14
होनेवाले	11	11	8	12	LEV 14:11
होनेवालों	9	9	6	9	PSA 71:18
होप्नी	5	5	1	6	1SA 1:3
होप्रा	1	1	1	1	JER 44:30
होबा	1	1	1	1	GEN 14:15
होबाब	3	3	2	4	NUM 10:29
होबायाह	1	1	1	0	NEH 7:63
होम	15	15	7	16	LEV 18:21
होमबलि	260	260	23	286	GEN 8:20
होमबलिपशु	9	9	1	0	LEV 1:4
होमबलियों	17	17	12	19	NUM 10:10
होमवेदी	7	7	1	5	EXO 30:28
होमाम	1	1	1	1	1CH 1:39
होमेर	10	10	5	10	LEV 27:16
होर	12	12	2	14	NUM 20:22
होराम	1	1	1	1	JOS 10:33
होरियों	3	3	2	3	GEN 14:6
होरी	7	7	4	7	GEN 36:20
होरेब	17	17	6	20	EXO 3:1
होरेम	1	1	1	1	JOS 19:38
होरेश	4	4	1	5	1SA 23:15
होरोनी	3	3	1	3	NEH 2:10
होरोनैम	4	4	2	4	ISA 15:5
होर्मा	9	9	6	10	NUM 14:45
होर्हग्गिदगाद	2	2	1	2	NUM 33:32
होलोन	3	3	2	3	JOS 15:51
होवे	5	5	2	5	2CH 18:11
होश	1	1	1	1	PRO 23:35
होशाना	6	6	3	7	MAT 21:9
होशामा	1	1	1	1	1CH 3:18
होशाया	1	1	1	0	JER 43:2
होशायाह	2	2	2	3	NEH 12:32
होशे	19	19	8	39	NUM 13:8
होसा	5	5	2	7	JOS 19:29
होसाती	1	1	1	0	1CH 11:29
होहाम	1	1	1	1	JOS 10:3
हौज	4	4	3	8	1KI 7:25
हौज़	4	4	1	0	1KI 7:23
हौद	16	16	5	18	2KI 16:17
हौदियाँ	4	4	2	2	1KI 7:38
हौदियों	2	2	2	2	1KI 7:40
हौदी	16	16	4	19	EXO 30:18
हौदे	1	1	1	0	GEN 24:20
हौदों	2	2	1	2	NEH 9:25
हौरान	2	2	1	2	EZK 47:16
