kind	skeleton	form	ov_count	irv_count
samvruthokaram	അകത്തേക്ക#	അകത്തേക്ക്	6	5
samvruthokaram	അകത്തേക്ക#	അകത്തേക്കു	6	2
samvruthokaram	അകൃത്യങ്ങൾക്ക#	അകൃത്യങ്ങൾക്കു	4	2
samvruthokaram	അകൃത്യങ്ങൾക്ക#	അകൃത്യങ്ങൾക്ക്	4	2
samvruthokaram	അകൃത്യത്തിന#	അകൃത്യത്തിന്	0	5
samvruthokaram	അകൃത്യത്തിന#	അകൃത്യത്തിനു	0	2
samvruthokaram	അക്കരയ്ക്ക#	അക്കരയ്ക്ക്	0	6
samvruthokaram	അക്കരയ്ക്ക#	അക്കരയ്ക്കു	0	2
samvruthokaram	അങ്ങയിലേക്ക#	അങ്ങയിലേക്ക്	0	7
samvruthokaram	അങ്ങയിലേക്ക#	അങ്ങയിലേക്കു	0	3
samvruthokaram	അങ്ങയോട#	അങ്ങയോടു	0	10
samvruthokaram	അങ്ങയോട#	അങ്ങയോട്	0	3
samvruthokaram	അങ്ങേക്ക#	അങ്ങേക്ക്	0	42
samvruthokaram	അങ്ങേക്ക#	അങ്ങേക്കു	0	23
samvruthokaram	അങ്ങേയോട#	അങ്ങേയോട്	0	42
samvruthokaram	അങ്ങേയോട#	അങ്ങേയോടു	0	6
samvruthokaram	അങ്ങേയ്ക്ക#	അങ്ങേയ്ക്ക്	0	17
samvruthokaram	അങ്ങേയ്ക്ക#	അങ്ങേയ്ക്കു	0	10
samvruthokaram	അഞ്ച#	അഞ്ചു	137	132
samvruthokaram	അഞ്ച#	അഞ്ച്	137	1
samvruthokaram	അടിയങ്ങളോട#	അടിയങ്ങളോട്	12	10
samvruthokaram	അടിയങ്ങളോട#	അടിയങ്ങളോടു	12	4
samvruthokaram	അടിയങ്ങൾക്ക#	അടിയങ്ങൾക്ക്	9	4
samvruthokaram	അടിയങ്ങൾക്ക#	അടിയങ്ങൾക്കു	9	3
samvruthokaram	അടിയന#	അടിയന്	0	19
samvruthokaram	അടിയന#	അടിയനു	0	5
samvruthokaram	അടിയനോട#	അടിയനോടു	13	7
samvruthokaram	അടിയനോട#	അടിയനോട്	13	6
samvruthokaram	അടുക്കലേക്ക#	അടുക്കലേക്ക്	57	58
samvruthokaram	അടുക്കലേക്ക#	അടുക്കലേക്കു	57	2
samvruthokaram	അണ്ണാക്ക#	അണ്ണാക്ക്	3	2
samvruthokaram	അണ്ണാക്ക#	അണ്ണാക്കു	3	1
samvruthokaram	അണ്ണാക്കോട#	അണ്ണാക്കോടു	4	2
samvruthokaram	അണ്ണാക്കോട#	അണ്ണാക്കോട്	4	2
samvruthokaram	അത#	അത്	1971	1989
samvruthokaram	അത#	അതു	1971	47
samvruthokaram	അതിന#	അതിന്	0	759
samvruthokaram	അതിന#	അതിനു	0	16
samvruthokaram	അതിനോട#	അതിനോട്	55	50
samvruthokaram	അതിനോട#	അതിനോടു	55	5
samvruthokaram	അത്യുന്നതനോട#	അത്യുന്നതനോട്	2	2
samvruthokaram	അത്യുന്നതനോട#	അത്യുന്നതനോടു	2	1
samvruthokaram	അദോനീയാവ#	അദോനീയാവ്	15	15
samvruthokaram	അദോനീയാവ#	അദോനീയാവു	15	1
samvruthokaram	അദ്ദേഹത്തിന#	അദ്ദേഹത്തിന്	0	4
samvruthokaram	അദ്ദേഹത്തിന#	അദ്ദേഹത്തിനു	0	2
samvruthokaram	അധികാരത്തോട#	അധികാരത്തോട്	1	4
samvruthokaram	അധികാരത്തോട#	അധികാരത്തോടു	1	1
samvruthokaram	അനാഥന#	അനാഥന്	0	4
samvruthokaram	അനാഥന#	അനാഥനു	0	2
samvruthokaram	അനുഗ്രഹിക്കേണ്ടതിന#	അനുഗ്രഹിക്കേണ്ടതിന്	0	7
samvruthokaram	അനുഗ്രഹിക്കേണ്ടതിന#	അനുഗ്രഹിക്കേണ്ടതിനു	0	2
samvruthokaram	അന്യദേവന്മാരോട#	അന്യദേവന്മാരോടു	4	3
samvruthokaram	അന്യദേവന്മാരോട#	അന്യദേവന്മാരോട്	4	1
samvruthokaram	അന്യദേവന്മാർക്ക#	അന്യദേവന്മാർക്കു	11	7
samvruthokaram	അന്യദേവന്മാർക്ക#	അന്യദേവന്മാർക്ക്	11	4
samvruthokaram	അന്യദൈവങ്ങളോട#	അന്യദൈവങ്ങളോടു	3	2
samvruthokaram	അന്യദൈവങ്ങളോട#	അന്യദൈവങ്ങളോട്	3	2
samvruthokaram	അന്യദൈവങ്ങൾക്ക#	അന്യദൈവങ്ങൾക്കു	2	2
samvruthokaram	അന്യദൈവങ്ങൾക്ക#	അന്യദൈവങ്ങൾക്ക്	2	1
samvruthokaram	അപ്പന#	അപ്പന്	0	16
samvruthokaram	അപ്പന#	അപ്പനു	0	9
samvruthokaram	അബ്നേരിനോട#	അബ്നേരിനോട്	4	3
samvruthokaram	അബ്നേരിനോട#	അബ്നേരിനോടു	4	1
samvruthokaram	അബ്രാമിന#	അബ്രാമിന്	0	8
samvruthokaram	അബ്രാമിന#	അബ്രാമിനു	0	5
samvruthokaram	അബ്രാമിനോട#	അബ്രാമിനോട്	8	7
samvruthokaram	അബ്രാമിനോട#	അബ്രാമിനോടു	8	1
samvruthokaram	അബ്രാഹാമിന#	അബ്രാഹാമിന്	0	16
samvruthokaram	അബ്രാഹാമിന#	അബ്രാഹാമിനു	0	4
samvruthokaram	അബ്രാഹാമിനോട#	അബ്രാഹാമിനോട്	27	23
samvruthokaram	അബ്രാഹാമിനോട#	അബ്രാഹാമിനോടു	27	3
samvruthokaram	അബ്ശാലോമിന#	അബ്ശാലോമിന്	0	6
samvruthokaram	അബ്ശാലോമിന#	അബ്ശാലോമിനു	0	1
samvruthokaram	അഭിഷിക്തന#	അഭിഷിക്തന്	0	3
samvruthokaram	അഭിഷിക്തന#	അഭിഷിക്തനു	0	1
samvruthokaram	അമര്യാവ#	അമര്യാവ്	0	10
samvruthokaram	അമര്യാവ#	അമര്യാവു	0	1
samvruthokaram	അമാലേക്കിനോട#	അമാലേക്കിനോട്	3	2
samvruthokaram	അമാലേക്കിനോട#	അമാലേക്കിനോടു	3	1
samvruthokaram	അമ്പത്തിരണ്ട#	അമ്പത്തിരണ്ട്	5	4
samvruthokaram	അമ്പത്തിരണ്ട#	അമ്പത്തിരണ്ടു	5	1
samvruthokaram	അമ്മക്ക#	അമ്മക്ക്	1	2
samvruthokaram	അമ്മക്ക#	അമ്മക്കു	1	1
samvruthokaram	അമ്മയ്ക്ക#	അമ്മയ്ക്ക്	0	16
samvruthokaram	അമ്മയ്ക്ക#	അമ്മയ്ക്കു	0	10
samvruthokaram	അയച്ചവനോട#	അയച്ചവനോടു	4	2
samvruthokaram	അയച്ചവനോട#	അയച്ചവനോട്	4	2
samvruthokaram	അരമനയിലേക്ക#	അരമനയിലേക്ക്	8	5
samvruthokaram	അരമനയിലേക്ക#	അരമനയിലേക്കു	8	3
samvruthokaram	അരയ്ക്ക#	അരയ്ക്ക്	0	22
samvruthokaram	അരയ്ക്ക#	അരയ്ക്കു	0	4
samvruthokaram	അരാമ്യർക്ക#	അരാമ്യർക്ക്	3	2
samvruthokaram	അരാമ്യർക്ക#	അരാമ്യർക്കു	3	1
samvruthokaram	അരുളപ്പാട#	അരുളപ്പാടു	529	309
samvruthokaram	അരുളപ്പാട#	അരുളപ്പാട്	529	232
samvruthokaram	അറിയേണ്ടതിന#	അറിയേണ്ടതിന്	0	51
samvruthokaram	അറിയേണ്ടതിന#	അറിയേണ്ടതിനു	0	2
samvruthokaram	അറുനൂറ#	അറുനൂറ്	10	15
samvruthokaram	അറുനൂറ#	അറുനൂറു	10	10
samvruthokaram	അറുപത്തിരണ്ട#	അറുപത്തിരണ്ട്	0	3
samvruthokaram	അറുപത്തിരണ്ട#	അറുപത്തിരണ്ടു	0	2
samvruthokaram	അളവിന#	അളവിന്	0	6
samvruthokaram	അളവിന#	അളവിനു	0	3
samvruthokaram	അവകാശത്തിലേക്ക#	അവകാശത്തിലേക്ക്	11	6
samvruthokaram	അവകാശത്തിലേക്ക#	അവകാശത്തിലേക്കു	11	4
samvruthokaram	അവന#	അവനു	0	554
samvruthokaram	അവന#	അവന്	0	340
samvruthokaram	അവനോട#	അവനോട്	959	857
samvruthokaram	അവനോട#	അവനോടു	959	37
samvruthokaram	അവയോട#	അവയോട്	10	7
samvruthokaram	അവയോട#	അവയോടു	10	3
samvruthokaram	അവയ്ക്ക#	അവയ്ക്ക്	0	38
samvruthokaram	അവയ്ക്ക#	അവയ്ക്കു	0	34
samvruthokaram	അവരോട#	അവരോട്	830	666
samvruthokaram	അവരോട#	അവരോടു	830	165
samvruthokaram	അവളോട#	അവളോട്	156	121
samvruthokaram	അവളോട#	അവളോടു	156	27
samvruthokaram	അവിടുത്തേക്ക#	അവിടുത്തേക്ക്	0	21
samvruthokaram	അവിടുത്തേക്ക#	അവിടുത്തേക്കു	0	6
samvruthokaram	അവിടേക്ക#	അവിടേക്ക്	38	25
samvruthokaram	അവിടേക്ക#	അവിടേക്കു	38	16
samvruthokaram	അവർക്ക#	അവർക്ക്	788	765
samvruthokaram	അവർക്ക#	അവർക്കു	788	30
samvruthokaram	അവൾക്ക#	അവൾക്ക്	88	59
samvruthokaram	അവൾക്ക#	അവൾക്കു	88	30
samvruthokaram	അശുദ്ധമാക്കേണ്ടതിന#	അശുദ്ധമാക്കേണ്ടതിന്	0	2
samvruthokaram	അശുദ്ധമാക്കേണ്ടതിന#	അശുദ്ധമാക്കേണ്ടതിനു	0	1
samvruthokaram	അശ്ശൂരിലേക്ക#	അശ്ശൂരിലേക്കു	9	5
samvruthokaram	അശ്ശൂരിലേക്ക#	അശ്ശൂരിലേക്ക്	9	5
samvruthokaram	അസസ്സേലിന#	അസസ്സേലിനു	0	2
samvruthokaram	അസസ്സേലിന#	അസസ്സേലിന്	0	2
samvruthokaram	അഹരോനോട#	അഹരോനോട്	20	16
samvruthokaram	അഹരോനോട#	അഹരോനോടു	20	4
samvruthokaram	അർപ്പിക്കേണ്ടതിന#	അർപ്പിക്കേണ്ടതിന്	0	9
samvruthokaram	അർപ്പിക്കേണ്ടതിന#	അർപ്പിക്കേണ്ടതിനു	0	3
samvruthokaram	ആകാശത്തിന#	ആകാശത്തിന്	0	5
samvruthokaram	ആകാശത്തിന#	ആകാശത്തിനു	0	2
samvruthokaram	ആകാശത്തിലേക്ക#	ആകാശത്തിലേക്ക്	9	8
samvruthokaram	ആകാശത്തിലേക്ക#	ആകാശത്തിലേക്കു	9	1
samvruthokaram	ആകാശത്തേക്ക#	ആകാശത്തേക്ക്	13	11
samvruthokaram	ആകാശത്തേക്ക#	ആകാശത്തേക്കു	13	3
samvruthokaram	ആകാശരാജ്ഞിക്ക#	ആകാശരാജ്ഞിക്കു	5	4
samvruthokaram	ആകാശരാജ്ഞിക്ക#	ആകാശരാജ്ഞിക്ക്	5	1
samvruthokaram	ആചരിക്കേണ്ടതിന#	ആചരിക്കേണ്ടതിന്	0	7
samvruthokaram	ആചരിക്കേണ്ടതിന#	ആചരിക്കേണ്ടതിനു	0	2
samvruthokaram	ആടുകൾക്ക#	ആടുകൾക്കു	11	7
samvruthokaram	ആടുകൾക്ക#	ആടുകൾക്ക്	11	4
samvruthokaram	ആട്ടിൻകൂട്ടങ്ങൾക്ക#	ആട്ടിൻകൂട്ടങ്ങൾക്ക്	2	4
samvruthokaram	ആട്ടിൻകൂട്ടങ്ങൾക്ക#	ആട്ടിൻകൂട്ടങ്ങൾക്കു	2	1
samvruthokaram	ആത്മാവിന#	ആത്മാവിനു	0	2
samvruthokaram	ആത്മാവിന#	ആത്മാവിന്	0	2
samvruthokaram	ആപത്ത#	ആപത്ത്	22	20
samvruthokaram	ആപത്ത#	ആപത്തു	22	5
samvruthokaram	ആയിരത്തൊരുനൂറ#	ആയിരത്തൊരുനൂറു	3	3
samvruthokaram	ആയിരത്തൊരുനൂറ#	ആയിരത്തൊരുനൂറ്	3	2
samvruthokaram	ആയിരിക്കേണ്ടതിന#	ആയിരിക്കേണ്ടതിന്	0	8
samvruthokaram	ആയിരിക്കേണ്ടതിന#	ആയിരിക്കേണ്ടതിനു	0	1
samvruthokaram	ആറ#	ആറു	78	90
samvruthokaram	ആറ#	ആറ്	78	1
samvruthokaram	ആലയത്തിന#	ആലയത്തിന്	0	22
samvruthokaram	ആലയത്തിന#	ആലയത്തിനു	0	4
samvruthokaram	ആലയത്തിലേക്ക#	ആലയത്തിലേക്കു	30	15
samvruthokaram	ആലയത്തിലേക്ക#	ആലയത്തിലേക്ക്	30	15
samvruthokaram	ആളുകൾക്ക#	ആളുകൾക്ക്	4	2
samvruthokaram	ആളുകൾക്ക#	ആളുകൾക്കു	4	1
samvruthokaram	ആവണക്ക#	ആവണക്കു	2	2
samvruthokaram	ആവണക്ക#	ആവണക്ക്	2	2
samvruthokaram	ആശ്രയിക്കുന്നവർക്ക#	ആശ്രയിക്കുന്നവർക്ക്	3	3
samvruthokaram	ആശ്രയിക്കുന്നവർക്ക#	ആശ്രയിക്കുന്നവർക്കു	3	2
samvruthokaram	ആഹാരത്തിന#	ആഹാരത്തിന്	0	4
samvruthokaram	ആഹാരത്തിന#	ആഹാരത്തിനു	0	3
samvruthokaram	ആർക്ക#	ആർക്ക്	42	45
samvruthokaram	ആർക്ക#	ആർക്കു	42	3
samvruthokaram	ഇടയന്മാർക്ക#	ഇടയന്മാർക്ക്	7	5
samvruthokaram	ഇടയന്മാർക്ക#	ഇടയന്മാർക്കു	7	2
samvruthokaram	ഇത#	ഇത്	570	323
samvruthokaram	ഇത#	ഇതു	570	284
samvruthokaram	ഇതിന#	ഇതിന്	0	9
samvruthokaram	ഇതിന#	ഇതിനു	0	4
samvruthokaram	ഇയ്യോബിന#	ഇയ്യോബിന്	0	3
samvruthokaram	ഇയ്യോബിന#	ഇയ്യോബിനു	0	1
samvruthokaram	ഇരുനൂറ#	ഇരുനൂറ്	25	31
samvruthokaram	ഇരുനൂറ#	ഇരുനൂറു	25	1
samvruthokaram	ഇരുപത്തിനാല#	ഇരുപത്തിനാല്	2	8
samvruthokaram	ഇരുപത്തിനാല#	ഇരുപത്തിനാലു	2	3
samvruthokaram	ഇളയവൾക്ക#	ഇളയവൾക്ക്	2	2
samvruthokaram	ഇളയവൾക്ക#	ഇളയവൾക്കു	2	1
samvruthokaram	ഇവന#	ഇവന്	0	10
samvruthokaram	ഇവന#	ഇവനു	0	2
samvruthokaram	ഇവർക്ക#	ഇവർക്ക്	16	14
samvruthokaram	ഇവർക്ക#	ഇവർക്കു	16	1
samvruthokaram	ഇഷ്ടത്തിന#	ഇഷ്ടത്തിന്	0	3
samvruthokaram	ഇഷ്ടത്തിന#	ഇഷ്ടത്തിനു	0	1
samvruthokaram	ഈരണ്ട#	ഈരണ്ടു	15	2
samvruthokaram	ഈരണ്ട#	ഈരണ്ട്	15	1
samvruthokaram	ഉച്ചയ്ക്ക#	ഉച്ചയ്ക്ക്	0	8
samvruthokaram	ഉച്ചയ്ക്ക#	ഉച്ചയ്ക്കു	0	4
samvruthokaram	ഉണ്ടാക്കേണ്ടതിന#	ഉണ്ടാക്കേണ്ടതിന്	0	4
samvruthokaram	ഉണ്ടാക്കേണ്ടതിന#	ഉണ്ടാക്കേണ്ടതിനു	0	2
samvruthokaram	ഉയരത്തിലേക്ക#	ഉയരത്തിലേക്ക്	4	3
samvruthokaram	ഉയരത്തിലേക്ക#	ഉയരത്തിലേക്കു	4	2
samvruthokaram	ഉള്ളവന#	ഉള്ളവന്	0	5
samvruthokaram	ഉള്ളവന#	ഉള്ളവനു	0	1
samvruthokaram	ഊരീയാവ#	ഊരീയാവ്	10	10
samvruthokaram	ഊരീയാവ#	ഊരീയാവു	10	1
samvruthokaram	എക്രോനിലേക്ക#	എക്രോനിലേക്ക്	2	2
samvruthokaram	എക്രോനിലേക്ക#	എക്രോനിലേക്കു	2	1
samvruthokaram	എട്ട#	എട്ട്	28	24
samvruthokaram	എട്ട#	എട്ടു	28	4
samvruthokaram	എണ്ണത്തിന#	എണ്ണത്തിന്	0	4
samvruthokaram	എണ്ണത്തിന#	എണ്ണത്തിനു	0	1
samvruthokaram	എനിക്ക#	എനിക്ക്	1055	1003
samvruthokaram	എനിക്ക#	എനിക്കു	1055	52
samvruthokaram	എന്ത#	എന്ത്	707	653
samvruthokaram	എന്ത#	എന്തു	707	30
samvruthokaram	എന്ന#	എന്നു	7674	7436
samvruthokaram	എന്ന#	എന്ന്	7674	274
samvruthokaram	എന്നറിയേണ്ടതിന#	എന്നറിയേണ്ടതിന്	0	3
samvruthokaram	എന്നറിയേണ്ടതിന#	എന്നറിയേണ്ടതിനു	0	1
samvruthokaram	എന്നിലേക്ക#	എന്നിലേക്ക്	0	7
samvruthokaram	എന്നിലേക്ക#	എന്നിലേക്കു	0	6
samvruthokaram	എന്നിലേയ്ക്ക#	എന്നിലേയ്ക്ക്	0	4
samvruthokaram	എന്നിലേയ്ക്ക#	എന്നിലേയ്ക്കു	0	1
samvruthokaram	എന്നിവയ്ക്ക#	എന്നിവയ്ക്കു	0	2
samvruthokaram	എന്നിവയ്ക്ക#	എന്നിവയ്ക്ക്	0	1
samvruthokaram	എന്നിവർക്ക#	എന്നിവർക്കു	2	3
samvruthokaram	എന്നിവർക്ക#	എന്നിവർക്ക്	2	2
samvruthokaram	എന്നുള്ളതിന#	എന്നുള്ളതിന്	0	5
samvruthokaram	എന്നുള്ളതിന#	എന്നുള്ളതിനു	0	1
samvruthokaram	എന്നോട#	എന്നോട്	595	567
samvruthokaram	എന്നോട#	എന്നോടു	595	21
samvruthokaram	എഫ്രയീമിന#	എഫ്രയീമിന്	0	4
samvruthokaram	എഫ്രയീമിന#	എഫ്രയീമിനു	0	1
samvruthokaram	എഫ്രോനോട#	എഫ്രോനോടു	4	2
samvruthokaram	എഫ്രോനോട#	എഫ്രോനോട്	4	2
samvruthokaram	എലീശയോട#	എലീശയോട്	7	6
samvruthokaram	എലീശയോട#	എലീശയോടു	7	2
samvruthokaram	എളിയവന#	എളിയവനു	0	2
samvruthokaram	എളിയവന#	എളിയവന്	0	1
samvruthokaram	എളിയവരോട#	എളിയവരോടു	4	2
samvruthokaram	എളിയവരോട#	എളിയവരോട്	4	1
samvruthokaram	എഴുനൂറ#	എഴുനൂറ്	6	7
samvruthokaram	എഴുനൂറ#	എഴുനൂറു	6	2
samvruthokaram	എവിടേക്ക#	എവിടേക്ക്	15	14
samvruthokaram	എവിടേക്ക#	എവിടേക്കു	15	1
samvruthokaram	ഏത#	ഏത്	123	89
samvruthokaram	ഏത#	ഏതു	123	40
samvruthokaram	ഏലീയാവിന#	ഏലീയാവിന്	0	2
samvruthokaram	ഏലീയാവിന#	ഏലീയാവിനു	0	1
samvruthokaram	ഏലീയാവിനോട#	ഏലീയാവിനോട്	0	4
samvruthokaram	ഏലീയാവിനോട#	ഏലീയാവിനോടു	0	1
samvruthokaram	ഏശാവിന#	ഏശാവിന്	0	5
samvruthokaram	ഏശാവിന#	ഏശാവിനു	0	4
samvruthokaram	ഏശാവിനോട#	ഏശാവിനോടു	4	2
samvruthokaram	ഏശാവിനോട#	ഏശാവിനോട്	4	2
samvruthokaram	ഒട്ടകങ്ങൾക്ക#	ഒട്ടകങ്ങൾക്ക്	4	3
samvruthokaram	ഒട്ടകങ്ങൾക്ക#	ഒട്ടകങ്ങൾക്കു	4	1
samvruthokaram	ഒന്ന#	ഒന്ന്	178	127
samvruthokaram	ഒന്ന#	ഒന്നു	178	6
samvruthokaram	ഒന്നിന#	ഒന്നിന്	0	18
samvruthokaram	ഒന്നിന#	ഒന്നിനു	0	3
samvruthokaram	ഒമ്പത#	ഒമ്പത്	8	8
samvruthokaram	ഒമ്പത#	ഒമ്പതു	8	1
samvruthokaram	ഓരോരുത്തന#	ഓരോരുത്തന്	0	16
samvruthokaram	ഓരോരുത്തന#	ഓരോരുത്തനു	0	2
samvruthokaram	കടലിന#	കടലിന്	0	4
samvruthokaram	കടലിന#	കടലിനു	0	1
samvruthokaram	കണക്ക#	കണക്ക്	18	24
samvruthokaram	കണക്ക#	കണക്കു	18	1
samvruthokaram	കനാന്യരോട#	കനാന്യരോട്	3	2
samvruthokaram	കനാന്യരോട#	കനാന്യരോടു	3	1
samvruthokaram	കനാൻദേശത്തേക്ക#	കനാൻദേശത്തേക്കു	6	3
samvruthokaram	കനാൻദേശത്തേക്ക#	കനാൻദേശത്തേക്ക്	6	2
samvruthokaram	കന്നുകാലികൾക്ക#	കന്നുകാലികൾക്ക്	2	2
samvruthokaram	കന്നുകാലികൾക്ക#	കന്നുകാലികൾക്കു	2	1
samvruthokaram	കരയേണ്ടതിന#	കരയേണ്ടതിനു	0	2
samvruthokaram	കരയേണ്ടതിന#	കരയേണ്ടതിന്	0	1
samvruthokaram	കല്ലിന#	കല്ലിനു	0	3
samvruthokaram	കല്ലിന#	കല്ലിന്	0	1
samvruthokaram	കഴിക്കേണ്ടതിന#	കഴിക്കേണ്ടതിന്	0	9
samvruthokaram	കഴിക്കേണ്ടതിന#	കഴിക്കേണ്ടതിനു	0	4
samvruthokaram	കഴുതയ്ക്ക#	കഴുതയ്ക്കു	0	8
samvruthokaram	കഴുതയ്ക്ക#	കഴുതയ്ക്ക്	0	1
samvruthokaram	കവർച്ചയ്ക്ക#	കവർച്ചയ്ക്ക്	0	6
samvruthokaram	കവർച്ചയ്ക്ക#	കവർച്ചയ്ക്കു	0	1
samvruthokaram	കഷ്ടപ്പാട#	കഷ്ടപ്പാടു	4	2
samvruthokaram	കഷ്ടപ്പാട#	കഷ്ടപ്പാട്	4	2
samvruthokaram	കാറ്റിന#	കാറ്റിന്	0	4
samvruthokaram	കാറ്റിന#	കാറ്റിനു	0	2
samvruthokaram	കാറ്റിനോട#	കാറ്റിനോടു	3	2
samvruthokaram	കാറ്റിനോട#	കാറ്റിനോട്	3	1
samvruthokaram	കാലുകൾക്ക#	കാലുകൾക്ക്	1	2
samvruthokaram	കാലുകൾക്ക#	കാലുകൾക്കു	1	1
samvruthokaram	കാളക്കിടാവ#	കാളക്കിടാവ്	15	16
samvruthokaram	കാളക്കിടാവ#	കാളക്കിടാവു	15	1
samvruthokaram	കാളയ്ക്ക#	കാളയ്ക്ക്	0	10
samvruthokaram	കാളയ്ക്ക#	കാളയ്ക്കു	0	1
samvruthokaram	കുഞ്ഞാടുകൾക്ക#	കുഞ്ഞാടുകൾക്ക്	3	2
samvruthokaram	കുഞ്ഞാടുകൾക്ക#	കുഞ്ഞാടുകൾക്കു	3	1
samvruthokaram	കുഞ്ഞിന#	കുഞ്ഞിനു	0	3
samvruthokaram	കുഞ്ഞിന#	കുഞ്ഞിന്	0	1
samvruthokaram	കുടുംബങ്ങൾക്ക#	കുടുംബങ്ങൾക്ക്	3	3
samvruthokaram	കുടുംബങ്ങൾക്ക#	കുടുംബങ്ങൾക്കു	3	1
samvruthokaram	കുതികാലിന#	കുതികാലിന്	0	3
samvruthokaram	കുതികാലിന#	കുതികാലിനു	0	1
samvruthokaram	കുരുടന#	കുരുടന്	0	3
samvruthokaram	കുരുടന#	കുരുടനു	0	1
samvruthokaram	കുറുനരികൾക്ക#	കുറുനരികൾക്ക്	4	3
samvruthokaram	കുറുനരികൾക്ക#	കുറുനരികൾക്കു	4	1
samvruthokaram	കൂടാരങ്ങളിലേക്ക#	കൂടാരങ്ങളിലേക്കു	7	4
samvruthokaram	കൂടാരങ്ങളിലേക്ക#	കൂടാരങ്ങളിലേക്ക്	7	3
samvruthokaram	കൂടാരത്തിന#	കൂടാരത്തിന്	0	3
samvruthokaram	കൂടാരത്തിന#	കൂടാരത്തിനു	0	2
samvruthokaram	കൂട്ടത്തിന#	കൂട്ടത്തിനു	0	2
samvruthokaram	കൂട്ടത്തിന#	കൂട്ടത്തിന്	0	2
samvruthokaram	കൂട്ടുകാരന#	കൂട്ടുകാരന്	0	10
samvruthokaram	കൂട്ടുകാരന#	കൂട്ടുകാരനു	0	6
samvruthokaram	കൂറിന#	കൂറിന്	0	2
samvruthokaram	കൂറിന#	കൂറിനു	0	1
samvruthokaram	കൂലിക്ക#	കൂലിക്ക്	23	15
samvruthokaram	കൂലിക്ക#	കൂലിക്കു	23	6
samvruthokaram	കേൾക്കേണ്ടതിന#	കേൾക്കേണ്ടതിന്	0	9
samvruthokaram	കേൾക്കേണ്ടതിന#	കേൾക്കേണ്ടതിനു	0	1
samvruthokaram	കൈകൾക്ക#	കൈകൾക്ക്	3	2
samvruthokaram	കൈകൾക്ക#	കൈകൾക്കു	3	1
samvruthokaram	കൈയ്ക്ക#	കൈയ്ക്ക്	0	11
samvruthokaram	കൈയ്ക്ക#	കൈയ്ക്കു	0	6
samvruthokaram	കൈവശമാക്കേണ്ടതിന#	കൈവശമാക്കേണ്ടതിന്	0	10
samvruthokaram	കൈവശമാക്കേണ്ടതിന#	കൈവശമാക്കേണ്ടതിനു	0	1
samvruthokaram	കൊടുക്കണ്ടതിന#	കൊടുക്കണ്ടതിന്	0	15
samvruthokaram	കൊടുക്കണ്ടതിന#	കൊടുക്കണ്ടതിനു	0	1
samvruthokaram	കൊണ്ടുവരേണ്ടതിന#	കൊണ്ടുവരേണ്ടതിന്	0	8
samvruthokaram	കൊണ്ടുവരേണ്ടതിന#	കൊണ്ടുവരേണ്ടതിനു	0	5
samvruthokaram	കൊയ്ത്തിന#	കൊയ്ത്തിന്	0	6
samvruthokaram	കൊയ്ത്തിന#	കൊയ്ത്തിനു	0	1
samvruthokaram	കൊല്ലാതിരിക്കേണ്ടതിന#	കൊല്ലാതിരിക്കേണ്ടതിന്	0	4
samvruthokaram	കൊല്ലാതിരിക്കേണ്ടതിന#	കൊല്ലാതിരിക്കേണ്ടതിനു	0	1
samvruthokaram	കൊല്ലേണ്ടതിന#	കൊല്ലേണ്ടതിന്	0	9
samvruthokaram	കൊല്ലേണ്ടതിന#	കൊല്ലേണ്ടതിനു	0	1
samvruthokaram	കോപത്തിന#	കോപത്തിന്	0	4
samvruthokaram	കോപത്തിന#	കോപത്തിനു	0	1
samvruthokaram	കോപിപ്പിക്കേണ്ടതിന#	കോപിപ്പിക്കേണ്ടതിന്	0	4
samvruthokaram	കോപിപ്പിക്കേണ്ടതിന#	കോപിപ്പിക്കേണ്ടതിനു	0	1
samvruthokaram	ക്ലാവ#	ക്ലാവു	4	2
samvruthokaram	ക്ലാവ#	ക്ലാവ്	4	2
samvruthokaram	കർത്താവിന#	കർത്താവിന്	1	38
samvruthokaram	കർത്താവിന#	കർത്താവിനു	1	1
samvruthokaram	കൽദയരോട#	കൽദയരോടു	0	2
samvruthokaram	കൽദയരോട#	കൽദയരോട്	0	1
samvruthokaram	ഗലീലയ്ക്ക#	ഗലീലയ്ക്കു	0	9
samvruthokaram	ഗലീലയ്ക്ക#	ഗലീലയ്ക്ക്	0	1
samvruthokaram	ഗാദിനോട#	ഗാദിനോട്	4	3
samvruthokaram	ഗാദിനോട#	ഗാദിനോടു	4	1
samvruthokaram	ഗിബെയയിലേക്ക#	ഗിബെയയിലേക്ക്	3	2
samvruthokaram	ഗിബെയയിലേക്ക#	ഗിബെയയിലേക്കു	3	1
samvruthokaram	ഗിബെയെക്ക#	ഗിബെയെക്ക്	4	2
samvruthokaram	ഗിബെയെക്ക#	ഗിബെയെക്കു	4	1
samvruthokaram	ഗില്ഗാലിലേക്ക#	ഗില്ഗാലിലേക്ക്	4	2
samvruthokaram	ഗില്ഗാലിലേക്ക#	ഗില്ഗാലിലേക്കു	4	1
samvruthokaram	ഗൃഹത്തിന#	ഗൃഹത്തിനു	0	9
samvruthokaram	ഗൃഹത്തിന#	ഗൃഹത്തിന്	0	8
samvruthokaram	ഗൃഹത്തോട#	ഗൃഹത്തോട്	8	23
samvruthokaram	ഗൃഹത്തോട#	ഗൃഹത്തോടു	8	2
samvruthokaram	ഗൃഹവിചാരകനോട#	ഗൃഹവിചാരകനോട്	3	2
samvruthokaram	ഗൃഹവിചാരകനോട#	ഗൃഹവിചാരകനോടു	3	1
samvruthokaram	ഗേഹസിയോട#	ഗേഹസിയോട്	4	3
samvruthokaram	ഗേഹസിയോട#	ഗേഹസിയോടു	4	1
samvruthokaram	ഗോത്രത്തിന#	ഗോത്രത്തിന്	0	24
samvruthokaram	ഗോത്രത്തിന#	ഗോത്രത്തിനു	0	1
samvruthokaram	ഗോപുരത്തിലേക്ക#	ഗോപുരത്തിലേക്കു	5	3
samvruthokaram	ഗോപുരത്തിലേക്ക#	ഗോപുരത്തിലേക്ക്	5	2
samvruthokaram	ചട്ടത്തിന#	ചട്ടത്തിന്	0	2
samvruthokaram	ചട്ടത്തിന#	ചട്ടത്തിനു	0	1
samvruthokaram	ചരക്ക#	ചരക്ക്	7	5
samvruthokaram	ചരക്ക#	ചരക്കു	7	3
samvruthokaram	ചിലർക്ക#	ചിലർക്കു	7	4
samvruthokaram	ചിലർക്ക#	ചിലർക്ക്	7	3
samvruthokaram	ചെയ്യാതിരിക്കേണ്ടതിന#	ചെയ്യാതിരിക്കേണ്ടതിന്	0	9
samvruthokaram	ചെയ്യാതിരിക്കേണ്ടതിന#	ചെയ്യാതിരിക്കേണ്ടതിനു	0	2
samvruthokaram	ചെയ്യുന്നവർക്ക#	ചെയ്യുന്നവർക്ക്	8	9
samvruthokaram	ചെയ്യുന്നവർക്ക#	ചെയ്യുന്നവർക്കു	8	1
samvruthokaram	ചെയ്യേണ്ടതിന#	ചെയ്യേണ്ടതിന്	0	68
samvruthokaram	ചെയ്യേണ്ടതിന#	ചെയ്യേണ്ടതിനു	0	4
samvruthokaram	ചെല്ലേണ്ടതിന#	ചെല്ലേണ്ടതിന്	0	5
samvruthokaram	ചെല്ലേണ്ടതിന#	ചെല്ലേണ്ടതിനു	0	1
samvruthokaram	ഛേദിച്ചുകളയേണ്ടതിന#	ഛേദിച്ചുകളയേണ്ടതിന്	0	3
samvruthokaram	ഛേദിച്ചുകളയേണ്ടതിന#	ഛേദിച്ചുകളയേണ്ടതിനു	0	1
samvruthokaram	ജനതകളോട#	ജനതകളോടു	0	5
samvruthokaram	ജനതകളോട#	ജനതകളോട്	0	4
samvruthokaram	ജനതക്ക#	ജനതക്കു	0	4
samvruthokaram	ജനതക്ക#	ജനതക്ക്	0	3
samvruthokaram	ജനതകൾക്ക#	ജനതകൾക്ക്	0	28
samvruthokaram	ജനതകൾക്ക#	ജനതകൾക്കു	0	9
samvruthokaram	ജനതയോട#	ജനതയോടു	0	2
samvruthokaram	ജനതയോട#	ജനതയോട്	0	2
samvruthokaram	ജനത്തിന#	ജനത്തിന്	0	87
samvruthokaram	ജനത്തിന#	ജനത്തിനു	0	16
samvruthokaram	ജനത്തോട#	ജനത്തോട്	97	75
samvruthokaram	ജനത്തോട#	ജനത്തോടു	97	33
samvruthokaram	ജീവന#	ജീവന്	0	13
samvruthokaram	ജീവന#	ജീവനു	0	2
samvruthokaram	ജ്ഞാനത്തിന#	ജ്ഞാനത്തിനു	0	2
samvruthokaram	ജ്ഞാനത്തിന#	ജ്ഞാനത്തിന്	0	1
samvruthokaram	ഞങ്ങളോട#	ഞങ്ങളോടു	99	49
samvruthokaram	ഞങ്ങളോട#	ഞങ്ങളോട്	99	48
samvruthokaram	ഞങ്ങൾക്ക#	ഞങ്ങൾക്ക്	235	130
samvruthokaram	ഞങ്ങൾക്ക#	ഞങ്ങൾക്കു	235	81
samvruthokaram	തങ്ങളോട#	തങ്ങളോട്	27	18
samvruthokaram	തങ്ങളോട#	തങ്ങളോടു	27	2
samvruthokaram	തങ്ങൾക്ക#	തങ്ങൾക്ക്	62	32
samvruthokaram	തങ്ങൾക്ക#	തങ്ങൾക്കു	62	12
samvruthokaram	തന്നോട#	തന്നോട്	65	61
samvruthokaram	തന്നോട#	തന്നോടു	65	4
samvruthokaram	തരേണ്ടതിന#	തരേണ്ടതിന്	0	6
samvruthokaram	തരേണ്ടതിന#	തരേണ്ടതിനു	0	1
samvruthokaram	തലപ്പാവ#	തലപ്പാവ്	9	14
samvruthokaram	തലപ്പാവ#	തലപ്പാവു	9	3
samvruthokaram	തലയ്ക്ക#	തലയ്ക്കു	0	6
samvruthokaram	തലയ്ക്ക#	തലയ്ക്ക്	0	3
samvruthokaram	താഴ്വരയിലേക്ക#	താഴ്വരയിലേക്ക്	5	3
samvruthokaram	താഴ്വരയിലേക്ക#	താഴ്വരയിലേക്കു	5	2
samvruthokaram	തിരശ്ശീലയ്ക്ക#	തിരശ്ശീലയ്ക്ക്	0	4
samvruthokaram	തിരശ്ശീലയ്ക്ക#	തിരശ്ശീലയ്ക്കു	0	3
samvruthokaram	തിരുനാമത്തിന#	തിരുനാമത്തിന്	0	2
samvruthokaram	തിരുനാമത്തിന#	തിരുനാമത്തിനു	0	1
samvruthokaram	തിരുമേനിക്ക#	തിരുമേനിക്ക്	4	2
samvruthokaram	തിരുമേനിക്ക#	തിരുമേനിക്കു	4	1
samvruthokaram	തെയോഫിലോസിന#	തെയോഫിലോസിന്	0	2
samvruthokaram	തെയോഫിലോസിന#	തെയോഫിലോസിനു	0	1
samvruthokaram	തെറ്റിന#	തെറ്റിന്	0	3
samvruthokaram	തെറ്റിന#	തെറ്റിനു	0	1
samvruthokaram	തേരഹിന#	തേരഹിനു	0	3
samvruthokaram	തേരഹിന#	തേരഹിന്	0	1
samvruthokaram	തൊടേണ്ടതിന#	തൊടേണ്ടതിന്	0	2
samvruthokaram	തൊടേണ്ടതിന#	തൊടേണ്ടതിനു	0	1
samvruthokaram	തോട#	തോടു	5	2
samvruthokaram	തോട#	തോട്	5	2
samvruthokaram	ത്വക്ക#	ത്വക്ക്	9	11
samvruthokaram	ത്വക്ക#	ത്വക്കു	9	1
samvruthokaram	തർശ്ശീശിലേക്ക#	തർശ്ശീശിലേക്കു	0	4
samvruthokaram	തർശ്ശീശിലേക്ക#	തർശ്ശീശിലേക്ക്	0	3
samvruthokaram	ദരിദ്രന#	ദരിദ്രനു	0	3
samvruthokaram	ദരിദ്രന#	ദരിദ്രന്	0	3
samvruthokaram	ദരിദ്രനോട#	ദരിദ്രനോട്	3	2
samvruthokaram	ദരിദ്രനോട#	ദരിദ്രനോടു	3	1
samvruthokaram	ദരിദ്രർക്ക#	ദരിദ്രർക്ക്	6	6
samvruthokaram	ദരിദ്രർക്ക#	ദരിദ്രർക്കു	6	1
samvruthokaram	ദാനീയേലിന#	ദാനീയേലിന്	0	5
samvruthokaram	ദാനീയേലിന#	ദാനീയേലിനു	0	2
samvruthokaram	ദാവീദിന#	ദാവീദിന്	0	43
samvruthokaram	ദാവീദിന#	ദാവീദിനു	0	14
samvruthokaram	ദാവീദിനോട#	ദാവീദിനോട്	79	69
samvruthokaram	ദാവീദിനോട#	ദാവീദിനോടു	79	9
samvruthokaram	ദാസന#	ദാസന്	0	5
samvruthokaram	ദാസന#	ദാസനു	0	2
samvruthokaram	ദാസനോട#	ദാസനോട്	9	10
samvruthokaram	ദാസനോട#	ദാസനോടു	9	2
samvruthokaram	ദിവസത്തിന#	ദിവസത്തിന്	0	2
samvruthokaram	ദിവസത്തിന#	ദിവസത്തിനു	0	1
samvruthokaram	ദുഃഖത്തിന#	ദുഃഖത്തിന്	0	2
samvruthokaram	ദുഃഖത്തിന#	ദുഃഖത്തിനു	0	1
samvruthokaram	ദുഃഖിതന്മാർക്ക#	ദുഃഖിതന്മാർക്കു	3	3
samvruthokaram	ദുഃഖിതന്മാർക്ക#	ദുഃഖിതന്മാർക്ക്	3	1
samvruthokaram	ദുഷ്ടന#	ദുഷ്ടന്	0	6
samvruthokaram	ദുഷ്ടന#	ദുഷ്ടനു	0	2
samvruthokaram	ദുഷ്ടന്മാർക്ക#	ദുഷ്ടന്മാർക്കു	8	4
samvruthokaram	ദുഷ്ടന്മാർക്ക#	ദുഷ്ടന്മാർക്ക്	8	4
samvruthokaram	ദൂതന്മാരോട#	ദൂതന്മാരോട്	8	7
samvruthokaram	ദൂതന്മാരോട#	ദൂതന്മാരോടു	8	1
samvruthokaram	ദൂരദേശത്തേക്ക#	ദൂരദേശത്തേക്ക്	2	2
samvruthokaram	ദൂരദേശത്തേക്ക#	ദൂരദേശത്തേക്കു	2	1
samvruthokaram	ദേവന്മാരോട#	ദേവന്മാരോട്	8	4
samvruthokaram	ദേവന്മാരോട#	ദേവന്മാരോടു	8	2
samvruthokaram	ദേവന്മാർക്ക#	ദേവന്മാർക്ക്	7	4
samvruthokaram	ദേവന്മാർക്ക#	ദേവന്മാർക്കു	7	3
samvruthokaram	ദേശത്തിന#	ദേശത്തിന്	0	28
samvruthokaram	ദേശത്തിന#	ദേശത്തിനു	0	2
samvruthokaram	ദേശത്തിലേക്ക#	ദേശത്തിലേക്ക്	9	6
samvruthokaram	ദേശത്തിലേക്ക#	ദേശത്തിലേക്കു	9	1
samvruthokaram	ദേശത്തേക്ക#	ദേശത്തേക്ക്	68	77
samvruthokaram	ദേശത്തേക്ക#	ദേശത്തേക്കു	68	5
samvruthokaram	ദേശാധിപതിക്ക#	ദേശാധിപതിക്ക്	5	3
samvruthokaram	ദേശാധിപതിക്ക#	ദേശാധിപതിക്കു	5	2
samvruthokaram	ദേഹത്തിന#	ദേഹത്തിന്	0	7
samvruthokaram	ദേഹത്തിന#	ദേഹത്തിനു	0	2
samvruthokaram	ദൈവത്തിങ്കലേക്ക#	ദൈവത്തിങ്കലേക്ക്	13	13
samvruthokaram	ദൈവത്തിങ്കലേക്ക#	ദൈവത്തിങ്കലേക്കു	13	1
samvruthokaram	ദൈവത്തിന#	ദൈവത്തിന്	0	146
samvruthokaram	ദൈവത്തിന#	ദൈവത്തിനു	0	22
samvruthokaram	ദൈവത്തോട#	ദൈവത്തോട്	92	93
samvruthokaram	ദൈവത്തോട#	ദൈവത്തോടു	92	24
samvruthokaram	ദൈവമായിരിക്കേണ്ടതിന#	ദൈവമായിരിക്കേണ്ടതിനു	0	3
samvruthokaram	ദൈവമായിരിക്കേണ്ടതിന#	ദൈവമായിരിക്കേണ്ടതിന്	0	1
samvruthokaram	ദൈവാലയത്തിന#	ദൈവാലയത്തിന്	0	6
samvruthokaram	ദൈവാലയത്തിന#	ദൈവാലയത്തിനു	0	1
samvruthokaram	ദൈവാലയത്തിലേക്ക#	ദൈവാലയത്തിലേക്ക്	6	8
samvruthokaram	ദൈവാലയത്തിലേക്ക#	ദൈവാലയത്തിലേക്കു	6	1
samvruthokaram	ദോഷത്തിന#	ദോഷത്തിന്	0	5
samvruthokaram	ദോഷത്തിന#	ദോഷത്തിനു	0	1
samvruthokaram	ധനവാന#	ധനവാന്	0	4
samvruthokaram	ധനവാന#	ധനവാനു	0	1
samvruthokaram	നഗരത്തിന#	നഗരത്തിന്	0	12
samvruthokaram	നഗരത്തിന#	നഗരത്തിനു	0	10
samvruthokaram	നഗരത്തിലേക്ക#	നഗരത്തിലേക്ക്	9	6
samvruthokaram	നഗരത്തിലേക്ക#	നഗരത്തിലേക്കു	9	4
samvruthokaram	നടക്കുന്നവർക്ക#	നടക്കുന്നവർക്ക്	5	5
samvruthokaram	നടക്കുന്നവർക്ക#	നടക്കുന്നവർക്കു	5	1
samvruthokaram	നടത്തേണ്ടതിന#	നടത്തേണ്ടതിന്	0	4
samvruthokaram	നടത്തേണ്ടതിന#	നടത്തേണ്ടതിനു	0	1
samvruthokaram	നടപ്പിന#	നടപ്പിനു	0	11
samvruthokaram	നടപ്പിന#	നടപ്പിന്	0	2
samvruthokaram	നടുവിലേക്ക#	നടുവിലേക്ക്	5	3
samvruthokaram	നടുവിലേക്ക#	നടുവിലേക്കു	5	1
samvruthokaram	നട്ടുച്ചയ്ക്ക#	നട്ടുച്ചയ്ക്ക്	0	3
samvruthokaram	നട്ടുച്ചയ്ക്ക#	നട്ടുച്ചയ്ക്കു	0	1
samvruthokaram	നദിക്ക#	നദിക്ക്	25	21
samvruthokaram	നദിക്ക#	നദിക്കു	25	4
samvruthokaram	നന്മയ്ക്ക#	നന്മയ്ക്കു	0	9
samvruthokaram	നന്മയ്ക്ക#	നന്മയ്ക്ക്	0	4
samvruthokaram	നമുക്ക#	നമുക്ക്	228	144
samvruthokaram	നമുക്ക#	നമുക്കു	228	86
samvruthokaram	നമ്മളോട#	നമ്മളോട്	0	3
samvruthokaram	നമ്മളോട#	നമ്മളോടു	0	2
samvruthokaram	നമ്മോട#	നമ്മോട്	41	18
samvruthokaram	നമ്മോട#	നമ്മോടു	41	17
samvruthokaram	നറുക്ക#	നറുക്ക്	10	9
samvruthokaram	നറുക്ക#	നറുക്കു	10	6
samvruthokaram	നല്ലവാക്ക#	നല്ലവാക്ക്	5	4
samvruthokaram	നല്ലവാക്ക#	നല്ലവാക്കു	5	1
samvruthokaram	നശിപ്പിക്കാതിരിക്കേണ്ടതിന#	നശിപ്പിക്കാതിരിക്കേണ്ടതിന്	0	3
samvruthokaram	നശിപ്പിക്കാതിരിക്കേണ്ടതിന#	നശിപ്പിക്കാതിരിക്കേണ്ടതിനു	0	1
samvruthokaram	നാട#	നാട്	3	5
samvruthokaram	നാട#	നാടു	3	2
samvruthokaram	നാനൂറ#	നാനൂറ്	28	23
samvruthokaram	നാനൂറ#	നാനൂറു	28	3
samvruthokaram	നാമത്തിന#	നാമത്തിന്	0	34
samvruthokaram	നാമത്തിന#	നാമത്തിനു	0	3
samvruthokaram	നാല#	നാലു	143	163
samvruthokaram	നാല#	നാല്	143	1
samvruthokaram	നാല്പത്തിരണ്ട#	നാല്പത്തിരണ്ട്	7	7
samvruthokaram	നാല്പത്തിരണ്ട#	നാല്പത്തിരണ്ടു	7	1
samvruthokaram	നാളത്തേക്ക#	നാളത്തേക്ക്	3	2
samvruthokaram	നാളത്തേക്ക#	നാളത്തേക്കു	3	1
samvruthokaram	നാവിന#	നാവിന്	0	5
samvruthokaram	നാവിന#	നാവിനു	0	3
samvruthokaram	നാശത്തിന#	നാശത്തിന്	0	9
samvruthokaram	നാശത്തിന#	നാശത്തിനു	0	3
samvruthokaram	നാശത്തിലേക്ക#	നാശത്തിലേക്കു	5	4
samvruthokaram	നാശത്തിലേക്ക#	നാശത്തിലേക്ക്	5	2
samvruthokaram	നാഹോരിന#	നാഹോരിനു	0	4
samvruthokaram	നാഹോരിന#	നാഹോരിന്	0	2
samvruthokaram	നിങ്കലേക്ക#	നിങ്കലേക്ക്	18	2
samvruthokaram	നിങ്കലേക്ക#	നിങ്കലേക്കു	18	1
samvruthokaram	നിങ്ങളോട#	നിങ്ങളോടു	433	276
samvruthokaram	നിങ്ങളോട#	നിങ്ങളോട്	433	138
samvruthokaram	നിങ്ങൾക്ക#	നിങ്ങൾക്ക്	792	765
samvruthokaram	നിങ്ങൾക്ക#	നിങ്ങൾക്കു	792	3
samvruthokaram	നിനക്ക#	നിനക്കു	980	751
samvruthokaram	നിനക്ക#	നിനക്ക്	980	126
samvruthokaram	നിന്നോട#	നിന്നോട്	429	348
samvruthokaram	നിന്നോട#	നിന്നോടു	429	9
samvruthokaram	നിലത്തിന#	നിലത്തിനു	0	6
samvruthokaram	നിലത്തിന#	നിലത്തിന്	0	5
samvruthokaram	നിലത്തിലേക്ക#	നിലത്തിലേക്ക്	2	2
samvruthokaram	നിലത്തിലേക്ക#	നിലത്തിലേക്കു	2	1
samvruthokaram	നിലവിളിക്ക#	നിലവിളിക്ക്	3	3
samvruthokaram	നിലവിളിക്ക#	നിലവിളിക്കു	3	1
samvruthokaram	നിവാസികൾക്ക#	നിവാസികൾക്ക്	4	4
samvruthokaram	നിവാസികൾക്ക#	നിവാസികൾക്കു	4	1
samvruthokaram	നിവൃത്തിയാകേണ്ടതിന#	നിവൃത്തിയാകേണ്ടതിന്	0	9
samvruthokaram	നിവൃത്തിയാകേണ്ടതിന#	നിവൃത്തിയാകേണ്ടതിനു	0	2
samvruthokaram	നിവർത്തിക്കേണ്ടതിന#	നിവർത്തിക്കേണ്ടതിന്	0	3
samvruthokaram	നിവർത്തിക്കേണ്ടതിന#	നിവർത്തിക്കേണ്ടതിനു	0	2
samvruthokaram	നീതിക്ക#	നീതിക്കു	15	8
samvruthokaram	നീതിക്ക#	നീതിക്ക്	15	1
samvruthokaram	നീതിമാന#	നീതിമാന്	0	14
samvruthokaram	നീതിമാന#	നീതിമാനു	0	1
samvruthokaram	നുകത്തിന#	നുകത്തിന്	0	4
samvruthokaram	നുകത്തിന#	നുകത്തിനു	0	1
samvruthokaram	നൂറ#	നൂറു	62	29
samvruthokaram	നൂറ#	നൂറ്	62	29
samvruthokaram	നൂറ്റിപ്പത്ത#	നൂറ്റിപ്പത്തു	5	2
samvruthokaram	നൂറ്റിപ്പത്ത#	നൂറ്റിപ്പത്ത്	5	2
samvruthokaram	നെബൂഖദ്നേസരിന#	നെബൂഖദ്നേസരിന്	0	2
samvruthokaram	നെബൂഖദ്നേസരിന#	നെബൂഖദ്നേസരിനു	0	1
samvruthokaram	നേർക്ക#	നേർക്കു	1	2
samvruthokaram	നേർക്ക#	നേർക്ക്	1	1
samvruthokaram	നൊവൊമിയോട#	നൊവൊമിയോടു	4	2
samvruthokaram	നൊവൊമിയോട#	നൊവൊമിയോട്	4	2
samvruthokaram	ന്യായപ്രമാണത്തോട#	ന്യായപ്രമാണത്തോടു	3	2
samvruthokaram	ന്യായപ്രമാണത്തോട#	ന്യായപ്രമാണത്തോട്	3	2
samvruthokaram	ന്യായവിധിയ്ക്ക#	ന്യായവിധിയ്ക്ക്	0	5
samvruthokaram	ന്യായവിധിയ്ക്ക#	ന്യായവിധിയ്ക്കു	0	1
samvruthokaram	ന്യായവിസ്താരത്തിലേക്ക#	ന്യായവിസ്താരത്തിലേക്കു	3	2
samvruthokaram	ന്യായവിസ്താരത്തിലേക്ക#	ന്യായവിസ്താരത്തിലേക്ക്	3	1
samvruthokaram	പടയ്ക്ക#	പടയ്ക്ക്	0	5
samvruthokaram	പടയ്ക്ക#	പടയ്ക്കു	0	4
samvruthokaram	പട്ടണങ്ങളോട#	പട്ടണങ്ങളോട്	2	2
samvruthokaram	പട്ടണങ്ങളോട#	പട്ടണങ്ങളോടു	2	1
samvruthokaram	പട്ടണങ്ങൾക്ക#	പട്ടണങ്ങൾക്ക്	4	4
samvruthokaram	പട്ടണങ്ങൾക്ക#	പട്ടണങ്ങൾക്കു	4	1
samvruthokaram	പട്ടണത്തിന#	പട്ടണത്തിന്	0	36
samvruthokaram	പട്ടണത്തിന#	പട്ടണത്തിനു	0	2
samvruthokaram	പട്ടണത്തിലേക്ക#	പട്ടണത്തിലേക്ക്	28	27
samvruthokaram	പട്ടണത്തിലേക്ക#	പട്ടണത്തിലേക്കു	28	1
samvruthokaram	പട്ടണത്തോട#	പട്ടണത്തോട്	8	7
samvruthokaram	പട്ടണത്തോട#	പട്ടണത്തോടു	8	1
samvruthokaram	പണിയേണ്ടതിന#	പണിയേണ്ടതിന്	0	9
samvruthokaram	പണിയേണ്ടതിന#	പണിയേണ്ടതിനു	0	1
samvruthokaram	പതനത്തിന#	പതനത്തിന്	0	3
samvruthokaram	പതനത്തിന#	പതനത്തിനു	0	1
samvruthokaram	പതിനാല#	പതിനാല്	1	14
samvruthokaram	പതിനാല#	പതിനാലു	1	3
samvruthokaram	പതിമൂന്ന#	പതിമൂന്ന്	5	8
samvruthokaram	പതിമൂന്ന#	പതിമൂന്നു	5	5
samvruthokaram	പന്തിഭോജനത്തിന#	പന്തിഭോജനത്തിന്	0	4
samvruthokaram	പന്തിഭോജനത്തിന#	പന്തിഭോജനത്തിനു	0	1
samvruthokaram	പന്ത്രണ്ട#	പന്ത്രണ്ടു	99	72
samvruthokaram	പന്ത്രണ്ട#	പന്ത്രണ്ട്	99	38
samvruthokaram	പരീക്ഷിക്കേണ്ടതിന#	പരീക്ഷിക്കേണ്ടതിന്	0	5
samvruthokaram	പരീക്ഷിക്കേണ്ടതിന#	പരീക്ഷിക്കേണ്ടതിനു	0	2
samvruthokaram	പറഞ്ഞതിന#	പറഞ്ഞതിന്	0	19
samvruthokaram	പറഞ്ഞതിന#	പറഞ്ഞതിനു	0	1
samvruthokaram	പറയുന്നവന#	പറയുന്നവന്	0	2
samvruthokaram	പറയുന്നവന#	പറയുന്നവനു	0	1
samvruthokaram	പല്ലിന#	പല്ലിന്	0	5
samvruthokaram	പല്ലിന#	പല്ലിനു	0	1
samvruthokaram	പാതാളത്തിലേക്ക#	പാതാളത്തിലേക്ക്	11	9
samvruthokaram	പാതാളത്തിലേക്ക#	പാതാളത്തിലേക്കു	11	1
samvruthokaram	പാപയാഗത്തിന#	പാപയാഗത്തിന്	0	4
samvruthokaram	പാപയാഗത്തിന#	പാപയാഗത്തിനു	0	1
samvruthokaram	പാളയത്തിന#	പാളയത്തിന്	0	18
samvruthokaram	പാളയത്തിന#	പാളയത്തിനു	0	16
samvruthokaram	പാളയത്തിലേക്ക#	പാളയത്തിലേക്ക്	14	11
samvruthokaram	പാളയത്തിലേക്ക#	പാളയത്തിലേക്കു	14	2
samvruthokaram	പിതാക്കന്മാരോട#	പിതാക്കന്മാരോട്	54	49
samvruthokaram	പിതാക്കന്മാരോട#	പിതാക്കന്മാരോടു	54	3
samvruthokaram	പിതാക്കന്മാർക്ക#	പിതാക്കന്മാർക്ക്	33	17
samvruthokaram	പിതാക്കന്മാർക്ക#	പിതാക്കന്മാർക്കു	33	16
samvruthokaram	പിതൃഭവനങ്ങൾക്ക#	പിതൃഭവനങ്ങൾക്ക്	13	9
samvruthokaram	പിതൃഭവനങ്ങൾക്ക#	പിതൃഭവനങ്ങൾക്കു	13	4
samvruthokaram	പിതൃഭവനത്തിന#	പിതൃഭവനത്തിന്	0	6
samvruthokaram	പിതൃഭവനത്തിന#	പിതൃഭവനത്തിനു	0	1
samvruthokaram	പുത്രന്മാരോട#	പുത്രന്മാരോട്	7	6
samvruthokaram	പുത്രന്മാരോട#	പുത്രന്മാരോടു	7	1
samvruthokaram	പുത്രന്മാർക്ക#	പുത്രന്മാർക്ക്	21	15
samvruthokaram	പുത്രന്മാർക്ക#	പുത്രന്മാർക്കു	21	6
samvruthokaram	പുത്രിക്ക#	പുത്രിക്കു	3	2
samvruthokaram	പുത്രിക്ക#	പുത്രിക്ക്	3	2
samvruthokaram	പുനരുത്ഥാനത്തിന#	പുനരുത്ഥാനത്തിന്	2	3
samvruthokaram	പുനരുത്ഥാനത്തിന#	പുനരുത്ഥാനത്തിനു	2	1
samvruthokaram	പുരുഷനോട#	പുരുഷനോട്	5	4
samvruthokaram	പുരുഷനോട#	പുരുഷനോടു	5	1
samvruthokaram	പുരുഷന്മാരോട#	പുരുഷന്മാരോട്	5	3
samvruthokaram	പുരുഷന്മാരോട#	പുരുഷന്മാരോടു	5	2
samvruthokaram	പുരുഷന്മാർക്ക#	പുരുഷന്മാർക്ക്	5	3
samvruthokaram	പുരുഷന്മാർക്ക#	പുരുഷന്മാർക്കു	5	2
samvruthokaram	പുരുഷാരത്തിന#	പുരുഷാരത്തിന്	1	5
samvruthokaram	പുരുഷാരത്തിന#	പുരുഷാരത്തിനു	1	1
samvruthokaram	പുരോഹിതന#	പുരോഹിതന്	0	10
samvruthokaram	പുരോഹിതന#	പുരോഹിതനു	0	4
samvruthokaram	പുരോഹിതന്മാരോട#	പുരോഹിതന്മാരോട്	9	7
samvruthokaram	പുരോഹിതന്മാരോട#	പുരോഹിതന്മാരോടു	9	1
samvruthokaram	പുരോഹിതന്മാർക്ക#	പുരോഹിതന്മാർക്ക്	13	9
samvruthokaram	പുരോഹിതന്മാർക്ക#	പുരോഹിതന്മാർക്കു	13	6
samvruthokaram	പുറത്തേക്ക#	പുറത്തേക്ക്	17	25
samvruthokaram	പുറത്തേക്ക#	പുറത്തേക്കു	17	2
samvruthokaram	പുറപ്പാട#	പുറപ്പാട്	3	17
samvruthokaram	പുറപ്പാട#	പുറപ്പാടു	3	4
samvruthokaram	പൂജാഗിരികൾക്ക#	പൂജാഗിരികൾക്ക്	7	4
samvruthokaram	പൂജാഗിരികൾക്ക#	പൂജാഗിരികൾക്കു	7	3
samvruthokaram	പെട്ടകത്തിന#	പെട്ടകത്തിന്	0	14
samvruthokaram	പെട്ടകത്തിന#	പെട്ടകത്തിനു	0	4
samvruthokaram	പേരിന#	പേരിന്	0	3
samvruthokaram	പേരിന#	പേരിനു	0	1
samvruthokaram	പേലെഗിന#	പേലെഗിനു	0	2
samvruthokaram	പേലെഗിന#	പേലെഗിന്	0	1
samvruthokaram	പോകാതിരിക്കേണ്ടതിന#	പോകാതിരിക്കേണ്ടതിനു	0	2
samvruthokaram	പോകാതിരിക്കേണ്ടതിന#	പോകാതിരിക്കേണ്ടതിന്	0	2
samvruthokaram	പോകേണ്ടതിന#	പോകേണ്ടതിന്	0	14
samvruthokaram	പോകേണ്ടതിന#	പോകേണ്ടതിനു	0	2
samvruthokaram	പ്രതിഷ്ഠയ്ക്ക#	പ്രതിഷ്ഠയ്ക്ക്	0	3
samvruthokaram	പ്രതിഷ്ഠയ്ക്ക#	പ്രതിഷ്ഠയ്ക്കു	0	1
samvruthokaram	പ്രത്യാശക്ക#	പ്രത്യാശക്ക്	0	4
samvruthokaram	പ്രത്യാശക്ക#	പ്രത്യാശക്കു	0	2
samvruthokaram	പ്രഭുവിന#	പ്രഭുവിനു	0	2
samvruthokaram	പ്രഭുവിന#	പ്രഭുവിന്	0	2
samvruthokaram	പ്രവാചകന#	പ്രവാചകനു	0	2
samvruthokaram	പ്രവാചകന#	പ്രവാചകന്	0	1
samvruthokaram	പ്രവാചകനോട#	പ്രവാചകനോടു	2	2
samvruthokaram	പ്രവാചകനോട#	പ്രവാചകനോട്	2	1
samvruthokaram	പ്രവാചകന്മാർക്ക#	പ്രവാചകന്മാർക്ക്	10	8
samvruthokaram	പ്രവാചകന്മാർക്ക#	പ്രവാചകന്മാർക്കു	10	1
samvruthokaram	പ്രവാസത്തിലേക്ക#	പ്രവാസത്തിലേക്കു	36	37
samvruthokaram	പ്രവാസത്തിലേക്ക#	പ്രവാസത്തിലേക്ക്	36	1
samvruthokaram	പ്രവൃത്തിക്ക#	പ്രവൃത്തിക്കു	24	15
samvruthokaram	പ്രവൃത്തിക്ക#	പ്രവൃത്തിക്ക്	24	7
samvruthokaram	പ്രവൃത്തികൾക്ക#	പ്രവൃത്തികൾക്കു	12	9
samvruthokaram	പ്രവൃത്തികൾക്ക#	പ്രവൃത്തികൾക്ക്	12	4
samvruthokaram	പ്രാകാരത്തിന#	പ്രാകാരത്തിനു	0	5
samvruthokaram	പ്രാകാരത്തിന#	പ്രാകാരത്തിന്	0	4
samvruthokaram	പ്രാകാരത്തിലേക്ക#	പ്രാകാരത്തിലേക്കു	10	8
samvruthokaram	പ്രാകാരത്തിലേക്ക#	പ്രാകാരത്തിലേക്ക്	10	1
samvruthokaram	പ്രാണന#	പ്രാണന്	0	10
samvruthokaram	പ്രാണന#	പ്രാണനു	0	2
samvruthokaram	പ്രാണനോട#	പ്രാണനോടു	4	2
samvruthokaram	പ്രാണനോട#	പ്രാണനോട്	4	2
samvruthokaram	പ്രാപിക്കേണ്ടതിന#	പ്രാപിക്കേണ്ടതിന്	0	16
samvruthokaram	പ്രാപിക്കേണ്ടതിന#	പ്രാപിക്കേണ്ടതിനു	0	1
samvruthokaram	പ്രാപ്തിക്ക#	പ്രാപ്തിക്കു	6	3
samvruthokaram	പ്രാപ്തിക്ക#	പ്രാപ്തിക്ക്	6	1
samvruthokaram	പ്രാർത്ഥനയ്ക്ക#	പ്രാർത്ഥനയ്ക്ക്	0	4
samvruthokaram	പ്രാർത്ഥനയ്ക്ക#	പ്രാർത്ഥനയ്ക്കു	0	2
samvruthokaram	പ്രിയന#	പ്രിയന്	0	3
samvruthokaram	പ്രിയന#	പ്രിയനു	0	2
samvruthokaram	പ്രേമത്തിന#	പ്രേമത്തിന്	0	3
samvruthokaram	പ്രേമത്തിന#	പ്രേമത്തിനു	0	1
samvruthokaram	പൗലൊസിനോട#	പൗലൊസിനോട്	8	8
samvruthokaram	പൗലൊസിനോട#	പൗലൊസിനോടു	8	1
samvruthokaram	പർവ്വതത്തിന#	പർവ്വതത്തിന്	0	4
samvruthokaram	പർവ്വതത്തിന#	പർവ്വതത്തിനു	0	2
samvruthokaram	പർവ്വതത്തിലേക്ക#	പർവ്വതത്തിലേക്കു	7	6
samvruthokaram	പർവ്വതത്തിലേക്ക#	പർവ്വതത്തിലേക്ക്	7	2
samvruthokaram	ഫറവോന#	ഫറവോന്	0	10
samvruthokaram	ഫറവോന#	ഫറവോനു	0	7
samvruthokaram	ഫെലിസ്ത്യരോട#	ഫെലിസ്ത്യരോട്	15	7
samvruthokaram	ഫെലിസ്ത്യരോട#	ഫെലിസ്ത്യരോടു	15	5
samvruthokaram	ബാബേലിലേക്ക#	ബാബേലിലേക്കു	44	31
samvruthokaram	ബാബേലിലേക്ക#	ബാബേലിലേക്ക്	44	15
samvruthokaram	ബാബേൽരാജാവിനോട#	ബാബേൽരാജാവിനോട്	3	2
samvruthokaram	ബാബേൽരാജാവിനോട#	ബാബേൽരാജാവിനോടു	3	1
samvruthokaram	ബാരൂക്കിനോട#	ബാരൂക്കിനോടു	5	3
samvruthokaram	ബാരൂക്കിനോട#	ബാരൂക്കിനോട്	5	2
samvruthokaram	ബാലന#	ബാലന്	0	6
samvruthokaram	ബാലന#	ബാലനു	0	4
samvruthokaram	ബാലിന#	ബാലിനു	0	8
samvruthokaram	ബാലിന#	ബാലിന്	0	5
samvruthokaram	ബാല്യക്കാരോട#	ബാല്യക്കാരോട്	6	4
samvruthokaram	ബാല്യക്കാരോട#	ബാല്യക്കാരോടു	6	1
samvruthokaram	ബാൽ-പെയോരിനോട#	ബാൽ-പെയോരിനോട്	0	2
samvruthokaram	ബാൽ-പെയോരിനോട#	ബാൽ-പെയോരിനോടു	0	1
samvruthokaram	ബുദ്ധിമുട്ടിന#	ബുദ്ധിമുട്ടിനു	0	2
samvruthokaram	ബുദ്ധിമുട്ടിന#	ബുദ്ധിമുട്ടിന്	0	1
samvruthokaram	ബെന്യാമീന#	ബെന്യാമീന്	0	3
samvruthokaram	ബെന്യാമീന#	ബെന്യാമീനു	0	1
samvruthokaram	ബെരീയാവ#	ബെരീയാവു	3	2
samvruthokaram	ബെരീയാവ#	ബെരീയാവ്	3	1
samvruthokaram	ബേഥേലിന#	ബേഥേലിനു	0	2
samvruthokaram	ബേഥേലിന#	ബേഥേലിന്	0	2
samvruthokaram	ബേഥേലിലേക്ക#	ബേഥേലിലേക്കു	11	7
samvruthokaram	ബേഥേലിലേക്ക#	ബേഥേലിലേക്ക്	11	6
samvruthokaram	ബേൽ-സെബൂബിനോട#	ബേൽ-സെബൂബിനോട്	0	3
samvruthokaram	ബേൽ-സെബൂബിനോട#	ബേൽ-സെബൂബിനോടു	0	1
samvruthokaram	ബോധിച്ചവന#	ബോധിച്ചവന്	0	3
samvruthokaram	ബോധിച്ചവന#	ബോധിച്ചവനു	0	1
samvruthokaram	ഭക്തന്മാർക്ക#	ഭക്തന്മാർക്ക്	6	4
samvruthokaram	ഭക്തന്മാർക്ക#	ഭക്തന്മാർക്കു	6	2
samvruthokaram	ഭക്ഷണത്തിന#	ഭക്ഷണത്തിന്	0	9
samvruthokaram	ഭക്ഷണത്തിന#	ഭക്ഷണത്തിനു	0	1
samvruthokaram	ഭണ്ഡാരത്തിന#	ഭണ്ഡാരത്തിന്	0	2
samvruthokaram	ഭണ്ഡാരത്തിന#	ഭണ്ഡാരത്തിനു	0	1
samvruthokaram	ഭണ്ഡാരത്തിലേക്ക#	ഭണ്ഡാരത്തിലേക്ക്	6	5
samvruthokaram	ഭണ്ഡാരത്തിലേക്ക#	ഭണ്ഡാരത്തിലേക്കു	6	2
samvruthokaram	ഭയപ്പെടേണ്ടതിന#	ഭയപ്പെടേണ്ടതിന്	0	3
samvruthokaram	ഭയപ്പെടേണ്ടതിന#	ഭയപ്പെടേണ്ടതിനു	0	2
samvruthokaram	ഭവനങ്ങളിലേക്ക#	ഭവനങ്ങളിലേക്ക്	0	2
samvruthokaram	ഭവനങ്ങളിലേക്ക#	ഭവനങ്ങളിലേക്കു	0	1
samvruthokaram	ഭാഗത്തേക്ക#	ഭാഗത്തേക്ക്	7	7
samvruthokaram	ഭാഗത്തേക്ക#	ഭാഗത്തേക്കു	7	1
samvruthokaram	ഭാര്യക്ക#	ഭാര്യക്കു	0	4
samvruthokaram	ഭാര്യക്ക#	ഭാര്യക്ക്	0	4
samvruthokaram	ഭാര്യയോട#	ഭാര്യയോട്	0	8
samvruthokaram	ഭാര്യയോട#	ഭാര്യയോടു	0	6
samvruthokaram	ഭാര്യയ്ക്ക#	ഭാര്യയ്ക്ക്	0	4
samvruthokaram	ഭാര്യയ്ക്ക#	ഭാര്യയ്ക്കു	0	2
samvruthokaram	ഭൂമിക്ക#	ഭൂമിക്ക്	13	8
samvruthokaram	ഭൂമിക്ക#	ഭൂമിക്കു	13	5
samvruthokaram	ഭൂമിയിലേക്ക#	ഭൂമിയിലേക്കു	12	8
samvruthokaram	ഭൂമിയിലേക്ക#	ഭൂമിയിലേക്ക്	12	7
samvruthokaram	ഭൃത്യന്മാരോട#	ഭൃത്യന്മാരോട്	18	16
samvruthokaram	ഭൃത്യന്മാരോട#	ഭൃത്യന്മാരോടു	18	2
samvruthokaram	ഭോജനയാഗത്തിന#	ഭോജനയാഗത്തിനു	0	2
samvruthokaram	ഭോജനയാഗത്തിന#	ഭോജനയാഗത്തിന്	0	1
samvruthokaram	ഭോഷ്ക്ക#	ഭോഷ്ക്കു	1	4
samvruthokaram	ഭോഷ്ക്ക#	ഭോഷ്ക്ക്	1	2
samvruthokaram	ഭർത്താക്കന്മാർക്ക#	ഭർത്താക്കന്മാർക്ക്	6	5
samvruthokaram	ഭർത്താക്കന്മാർക്ക#	ഭർത്താക്കന്മാർക്കു	6	1
samvruthokaram	ഭർത്താവിന#	ഭർത്താവിന്	0	5
samvruthokaram	ഭർത്താവിന#	ഭർത്താവിനു	0	2
samvruthokaram	ഭർത്താവിനോട#	ഭർത്താവിനോട്	6	6
samvruthokaram	ഭർത്താവിനോട#	ഭർത്താവിനോടു	6	1
samvruthokaram	മകന#	മകന്	0	20
samvruthokaram	മകന#	മകനു	0	9
samvruthokaram	മകനോട#	മകനോട്	8	6
samvruthokaram	മകനോട#	മകനോടു	8	2
samvruthokaram	മക്കളോട#	മക്കളോട്	21	66
samvruthokaram	മക്കളോട#	മക്കളോടു	21	34
samvruthokaram	മക്കൾക്ക#	മക്കൾക്ക്	52	76
samvruthokaram	മക്കൾക്ക#	മക്കൾക്കു	52	7
samvruthokaram	മകൾക്ക#	മകൾക്കു	5	3
samvruthokaram	മകൾക്ക#	മകൾക്ക്	5	2
samvruthokaram	മണ്ഡപത്തിന#	മണ്ഡപത്തിന്	0	2
samvruthokaram	മണ്ഡപത്തിന#	മണ്ഡപത്തിനു	0	1
samvruthokaram	മതിലിന#	മതിലിനു	0	3
samvruthokaram	മതിലിന#	മതിലിന്	0	3
samvruthokaram	മതിലുകൾക്ക#	മതിലുകൾക്കു	4	4
samvruthokaram	മതിലുകൾക്ക#	മതിലുകൾക്ക്	4	1
samvruthokaram	മധുരവാക്ക#	മധുരവാക്കു	3	3
samvruthokaram	മധുരവാക്ക#	മധുരവാക്ക്	3	1
samvruthokaram	മനസ്സിന#	മനസ്സിന്	0	6
samvruthokaram	മനസ്സിന#	മനസ്സിനു	0	1
samvruthokaram	മനുഷ്യന#	മനുഷ്യന്	1	54
samvruthokaram	മനുഷ്യന#	മനുഷ്യനു	1	3
samvruthokaram	മനുഷ്യനോട#	മനുഷ്യനോടു	19	11
samvruthokaram	മനുഷ്യനോട#	മനുഷ്യനോട്	19	8
samvruthokaram	മനുഷ്യപുത്രന#	മനുഷ്യപുത്രന്	0	5
samvruthokaram	മനുഷ്യപുത്രന#	മനുഷ്യപുത്രനു	0	1
samvruthokaram	മനുഷ്യരോട#	മനുഷ്യരോടു	13	6
samvruthokaram	മനുഷ്യരോട#	മനുഷ്യരോട്	13	5
samvruthokaram	മന്ദിരത്തിന#	മന്ദിരത്തിന്	0	4
samvruthokaram	മന്ദിരത്തിന#	മന്ദിരത്തിനു	0	3
samvruthokaram	മന്ദിരത്തിലേക്ക#	മന്ദിരത്തിലേക്ക്	5	3
samvruthokaram	മന്ദിരത്തിലേക്ക#	മന്ദിരത്തിലേക്കു	5	2
samvruthokaram	മരണത്തിന#	മരണത്തിന്	1	19
samvruthokaram	മരണത്തിന#	മരണത്തിനു	1	5
samvruthokaram	മരിക്കാതിരിക്കേണ്ടതിന#	മരിക്കാതിരിക്കേണ്ടതിന്	0	12
samvruthokaram	മരിക്കാതിരിക്കേണ്ടതിന#	മരിക്കാതിരിക്കേണ്ടതിനു	0	4
samvruthokaram	മരുഭൂമിക്ക#	മരുഭൂമിക്ക്	8	7
samvruthokaram	മരുഭൂമിക്ക#	മരുഭൂമിക്കു	8	2
samvruthokaram	മരുഭൂമിയിലേക്ക#	മരുഭൂമിയിലേക്ക്	17	18
samvruthokaram	മരുഭൂമിയിലേക്ക#	മരുഭൂമിയിലേക്കു	17	2
samvruthokaram	മറ്റുള്ളവരോട#	മറ്റുള്ളവരോട്	1	3
samvruthokaram	മറ്റുള്ളവരോട#	മറ്റുള്ളവരോടു	1	2
samvruthokaram	മറ്റൊരുത്തന#	മറ്റൊരുത്തനു	0	2
samvruthokaram	മറ്റൊരുത്തന#	മറ്റൊരുത്തന്	0	2
samvruthokaram	മലയിലേക്ക#	മലയിലേക്ക്	4	4
samvruthokaram	മലയിലേക്ക#	മലയിലേക്കു	4	1
samvruthokaram	മല്ക്കീയാവ#	മല്ക്കീയാവ്	8	7
samvruthokaram	മല്ക്കീയാവ#	മല്ക്കീയാവു	8	1
samvruthokaram	മഴയ്ക്ക#	മഴയ്ക്ക്	0	5
samvruthokaram	മഴയ്ക്ക#	മഴയ്ക്കു	0	3
samvruthokaram	മഹാരാജാവ#	മഹാരാജാവ്	3	2
samvruthokaram	മഹാരാജാവ#	മഹാരാജാവു	3	1
samvruthokaram	മാനസാന്തരത്തിന#	മാനസാന്തരത്തിന്	0	4
samvruthokaram	മാനസാന്തരത്തിന#	മാനസാന്തരത്തിനു	0	1
samvruthokaram	മാവ#	മാവ്	36	30
samvruthokaram	മാവ#	മാവു	36	14
samvruthokaram	മിദ്യാന്യരോട#	മിദ്യാന്യരോട്	4	4
samvruthokaram	മിദ്യാന്യരോട#	മിദ്യാന്യരോടു	4	1
samvruthokaram	മിസ്രയീമിന#	മിസ്രയീമിനു	0	3
samvruthokaram	മിസ്രയീമിന#	മിസ്രയീമിന്	0	3
samvruthokaram	മിസ്രയീമിലേക്ക#	മിസ്രയീമിലേക്കു	40	34
samvruthokaram	മിസ്രയീമിലേക്ക#	മിസ്രയീമിലേക്ക്	40	14
samvruthokaram	മിസ്രയീമ്യരോട#	മിസ്രയീമ്യരോടു	6	4
samvruthokaram	മിസ്രയീമ്യരോട#	മിസ്രയീമ്യരോട്	6	1
samvruthokaram	മിസ്രയീമ്യർക്ക#	മിസ്രയീമ്യർക്ക്	15	11
samvruthokaram	മിസ്രയീമ്യർക്ക#	മിസ്രയീമ്യർക്കു	15	5
samvruthokaram	മുകളിലേക്ക#	മുകളിലേക്ക്	1	29
samvruthokaram	മുകളിലേക്ക#	മുകളിലേക്കു	1	7
samvruthokaram	മുന്തിരിച്ചക്ക#	മുന്തിരിച്ചക്ക്	5	6
samvruthokaram	മുന്തിരിച്ചക്ക#	മുന്തിരിച്ചക്കു	5	1
samvruthokaram	മുന്നൂറ#	മുന്നൂറു	16	13
samvruthokaram	മുന്നൂറ#	മുന്നൂറ്	16	8
samvruthokaram	മുപ്പത്തിമൂന്ന#	മുപ്പത്തിമൂന്നു	3	4
samvruthokaram	മുപ്പത്തിമൂന്ന#	മുപ്പത്തിമൂന്ന്	3	3
samvruthokaram	മുറയ്ക്ക#	മുറയ്ക്ക്	0	2
samvruthokaram	മുറയ്ക്ക#	മുറയ്ക്കു	0	1
samvruthokaram	മുറിവിന#	മുറിവിനു	0	2
samvruthokaram	മുറിവിന#	മുറിവിന്	0	2
samvruthokaram	മുറിവുകൾക്ക#	മുറിവുകൾക്ക്	4	2
samvruthokaram	മുറിവുകൾക്ക#	മുറിവുകൾക്കു	4	1
samvruthokaram	മൂത്തവൾക്ക#	മൂത്തവൾക്ക്	5	3
samvruthokaram	മൂത്തവൾക്ക#	മൂത്തവൾക്കു	5	2
samvruthokaram	മൂന്ന#	മൂന്നു	271	236
samvruthokaram	മൂന്ന#	മൂന്ന്	271	1
samvruthokaram	മൃഗങ്ങൾക്ക#	മൃഗങ്ങൾക്ക്	8	6
samvruthokaram	മൃഗങ്ങൾക്ക#	മൃഗങ്ങൾക്കു	8	2
samvruthokaram	മൃഗത്തിന#	മൃഗത്തിനു	0	4
samvruthokaram	മൃഗത്തിന#	മൃഗത്തിന്	0	4
samvruthokaram	മേശയ്ക്ക#	മേശയ്ക്കു	0	3
samvruthokaram	മേശയ്ക്ക#	മേശയ്ക്ക്	0	3
samvruthokaram	മോലെക്കിന#	മോലെക്കിനു	0	3
samvruthokaram	മോലെക്കിന#	മോലെക്കിന്	0	3
samvruthokaram	മോശെക്ക#	മോശെക്കു	9	2
samvruthokaram	മോശെക്ക#	മോശെക്ക്	9	2
samvruthokaram	മോശെയോട#	മോശെയോട്	239	219
samvruthokaram	മോശെയോട#	മോശെയോടു	239	21
samvruthokaram	യജമാനന#	യജമാനന്	0	18
samvruthokaram	യജമാനന#	യജമാനനു	0	1
samvruthokaram	യജമാനനോട#	യജമാനനോട്	23	12
samvruthokaram	യജമാനനോട#	യജമാനനോടു	23	9
samvruthokaram	യഹോവക്ക#	യഹോവക്കു	1	8
samvruthokaram	യഹോവക്ക#	യഹോവക്ക്	1	6
samvruthokaram	യഹോവയിങ്കലേക്ക#	യഹോവയിങ്കലേക്ക്	19	7
samvruthokaram	യഹോവയിങ്കലേക്ക#	യഹോവയിങ്കലേക്കു	19	5
samvruthokaram	യഹോവയിലേക്ക#	യഹോവയിലേക്ക്	0	8
samvruthokaram	യഹോവയിലേക്ക#	യഹോവയിലേക്കു	0	4
samvruthokaram	യഹോവയോട#	യഹോവയോട്	223	177
samvruthokaram	യഹോവയോട#	യഹോവയോടു	223	56
samvruthokaram	യഹോവയ്ക്ക#	യഹോവയ്ക്ക്	0	366
samvruthokaram	യഹോവയ്ക്ക#	യഹോവയ്ക്കു	0	178
samvruthokaram	യാക്കോബിന#	യാക്കോബിന്	0	21
samvruthokaram	യാക്കോബിന#	യാക്കോബിനു	0	11
samvruthokaram	യാക്കോബിനോട#	യാക്കോബിനോട്	18	13
samvruthokaram	യാക്കോബിനോട#	യാക്കോബിനോടു	18	5
samvruthokaram	യാഗപീഠത്തിന#	യാഗപീഠത്തിനു	0	6
samvruthokaram	യാഗപീഠത്തിന#	യാഗപീഠത്തിന്	0	5
samvruthokaram	യിഫ്താഹിനോട#	യിഫ്താഹിനോട്	6	5
samvruthokaram	യിഫ്താഹിനോട#	യിഫ്താഹിനോടു	6	1
samvruthokaram	യിരെമ്യാപ്രവാചകനോട#	യിരെമ്യാപ്രവാചകനോട്	3	2
samvruthokaram	യിരെമ്യാപ്രവാചകനോട#	യിരെമ്യാപ്രവാചകനോടു	3	1
samvruthokaram	യിരെമ്യാവ#	യിരെമ്യാവ്	43	56
samvruthokaram	യിരെമ്യാവ#	യിരെമ്യാവു	43	6
samvruthokaram	യിരെമ്യാവിന#	യിരെമ്യാവിന്	0	11
samvruthokaram	യിരെമ്യാവിന#	യിരെമ്യാവിനു	0	2
samvruthokaram	യിശ്മായേലിനോട#	യിശ്മായേലിനോടു	3	2
samvruthokaram	യിശ്മായേലിനോട#	യിശ്മായേലിനോട്	3	1
samvruthokaram	യിശ്ശീയാവ#	യിശ്ശീയാവ്	4	3
samvruthokaram	യിശ്ശീയാവ#	യിശ്ശീയാവു	4	1
samvruthokaram	യിസ്രായേലിന#	യിസ്രായേലിനു	1	129
samvruthokaram	യിസ്രായേലിന#	യിസ്രായേലിന്	1	2
samvruthokaram	യിസ്രായേലിനോട#	യിസ്രായേലിനോട്	41	30
samvruthokaram	യിസ്രായേലിനോട#	യിസ്രായേലിനോടു	41	11
samvruthokaram	യിസ്രായേലിലേക്ക#	യിസ്രായേലിലേക്കു	1	2
samvruthokaram	യിസ്രായേലിലേക്ക#	യിസ്രായേലിലേക്ക്	1	1
samvruthokaram	യിസ്രായേല്യർക്ക#	യിസ്രായേല്യർക്കു	1	2
samvruthokaram	യിസ്രായേല്യർക്ക#	യിസ്രായേല്യർക്ക്	1	2
samvruthokaram	യിസ്രായേൽദേശത്തേക്ക#	യിസ്രായേൽദേശത്തേക്കു	5	3
samvruthokaram	യിസ്രായേൽദേശത്തേക്ക#	യിസ്രായേൽദേശത്തേക്ക്	5	2
samvruthokaram	യിസ്ഹാക്കിന#	യിസ്ഹാക്കിന്	0	5
samvruthokaram	യിസ്ഹാക്കിന#	യിസ്ഹാക്കിനു	0	3
samvruthokaram	യിസ്ഹാക്കിനോട#	യിസ്ഹാക്കിനോട്	7	4
samvruthokaram	യിസ്ഹാക്കിനോട#	യിസ്ഹാക്കിനോടു	7	3
samvruthokaram	യുദ്ധത്തിന#	യുദ്ധത്തിന്	0	74
samvruthokaram	യുദ്ധത്തിന#	യുദ്ധത്തിനു	0	14
samvruthokaram	യുവാവ#	യുവാവ്	3	4
samvruthokaram	യുവാവ#	യുവാവു	3	1
samvruthokaram	യെരിഹോവിലേക്ക#	യെരിഹോവിലേക്ക്	0	2
samvruthokaram	യെരിഹോവിലേക്ക#	യെരിഹോവിലേക്കു	0	1
samvruthokaram	യെരൂശലേമിന#	യെരൂശലേമിനു	0	16
samvruthokaram	യെരൂശലേമിന#	യെരൂശലേമിന്	0	13
samvruthokaram	യെരൂശലേമിനോട#	യെരൂശലേമിനോട്	10	7
samvruthokaram	യെരൂശലേമിനോട#	യെരൂശലേമിനോടു	10	2
samvruthokaram	യെരൂശലേമിലേക്ക#	യെരൂശലേമിലേക്കു	83	46
samvruthokaram	യെരൂശലേമിലേക്ക#	യെരൂശലേമിലേക്ക്	83	45
samvruthokaram	യെശയ്യാവ#	യെശയ്യാവ്	27	29
samvruthokaram	യെശയ്യാവ#	യെശയ്യാവു	27	8
samvruthokaram	യെഹിസ്കീയാവിന#	യെഹിസ്കീയാവിന്	0	2
samvruthokaram	യെഹിസ്കീയാവിന#	യെഹിസ്കീയാവിനു	0	1
samvruthokaram	യെഹൂദന്മാർക്ക#	യെഹൂദന്മാർക്ക്	14	14
samvruthokaram	യെഹൂദന്മാർക്ക#	യെഹൂദന്മാർക്കു	14	1
samvruthokaram	യെഹൂദയോട#	യെഹൂദയോടു	6	3
samvruthokaram	യെഹൂദയോട#	യെഹൂദയോട്	6	1
samvruthokaram	യെഹൂദാദേശത്തേക്ക#	യെഹൂദാദേശത്തേക്കു	4	2
samvruthokaram	യെഹൂദാദേശത്തേക്ക#	യെഹൂദാദേശത്തേക്ക്	4	2
samvruthokaram	യെഹൂദായ്ക്ക#	യെഹൂദായ്ക്കു	0	4
samvruthokaram	യെഹൂദായ്ക്ക#	യെഹൂദായ്ക്ക്	0	1
samvruthokaram	യെഹൂദെക്ക#	യെഹൂദെക്ക്	14	2
samvruthokaram	യെഹൂദെക്ക#	യെഹൂദെക്കു	14	1
samvruthokaram	യെഹൂദ്യയിലേക്ക#	യെഹൂദ്യയിലേക്കു	3	2
samvruthokaram	യെഹൂദ്യയിലേക്ക#	യെഹൂദ്യയിലേക്ക്	3	1
samvruthokaram	യെഹോശാഫാത്തിന#	യെഹോശാഫാത്തിന്	0	4
samvruthokaram	യെഹോശാഫാത്തിന#	യെഹോശാഫാത്തിനു	0	1
samvruthokaram	യേശുവിന#	യേശുവിന്	0	4
samvruthokaram	യേശുവിന#	യേശുവിനു	0	3
samvruthokaram	യേശുവിനോട#	യേശുവിനോടു	15	21
samvruthokaram	യേശുവിനോട#	യേശുവിനോട്	15	1
samvruthokaram	യോവാബിന#	യോവാബിന്	0	8
samvruthokaram	യോവാബിന#	യോവാബിനു	0	1
samvruthokaram	യോശുവയോട#	യോശുവയോട്	33	28
samvruthokaram	യോശുവയോട#	യോശുവയോടു	33	6
samvruthokaram	യോശുവയ്ക്ക#	യോശുവയ്ക്കു	0	2
samvruthokaram	യോശുവയ്ക്ക#	യോശുവയ്ക്ക്	0	1
samvruthokaram	യോസഫിന#	യോസഫിന്	0	4
samvruthokaram	യോസഫിന#	യോസഫിനു	0	1
samvruthokaram	യോസേഫിന#	യോസേഫിന്	0	8
samvruthokaram	യോസേഫിന#	യോസേഫിനു	0	4
samvruthokaram	യോസേഫിനോട#	യോസേഫിനോട്	17	9
samvruthokaram	യോസേഫിനോട#	യോസേഫിനോടു	17	8
samvruthokaram	യോർദ്ദാനിലേക്ക#	യോർദ്ദാനിലേക്ക്	1	3
samvruthokaram	യോർദ്ദാനിലേക്ക#	യോർദ്ദാനിലേക്കു	1	1
samvruthokaram	യൗവനക്കാരനോട#	യൗവനക്കാരനോട്	0	2
samvruthokaram	യൗവനക്കാരനോട#	യൗവനക്കാരനോടു	0	1
samvruthokaram	രണ്ട#	രണ്ടു	459	492
samvruthokaram	രണ്ട#	രണ്ട്	459	2
samvruthokaram	രഥത്തിന#	രഥത്തിനു	0	5
samvruthokaram	രഥത്തിന#	രഥത്തിന്	0	1
samvruthokaram	രാജധാനിക്ക#	രാജധാനിക്കു	4	3
samvruthokaram	രാജധാനിക്ക#	രാജധാനിക്ക്	4	1
samvruthokaram	രാജാക്കന്മാർക്ക#	രാജാക്കന്മാർക്ക്	10	7
samvruthokaram	രാജാക്കന്മാർക്ക#	രാജാക്കന്മാർക്കു	10	4
samvruthokaram	രാജാവ#	രാജാവ്	466	640
samvruthokaram	രാജാവ#	രാജാവു	466	16
samvruthokaram	രാജാവിന#	രാജാവിന്	0	59
samvruthokaram	രാജാവിന#	രാജാവിനു	0	16
samvruthokaram	രാജാവിനോട#	രാജാവിനോട്	97	90
samvruthokaram	രാജാവിനോട#	രാജാവിനോടു	97	17
samvruthokaram	രാജ്യത്തിന#	രാജ്യത്തിന്	1	4
samvruthokaram	രാജ്യത്തിന#	രാജ്യത്തിനു	1	3
samvruthokaram	രാമയിലേക്ക#	രാമയിലേക്ക്	4	3
samvruthokaram	രാമയിലേക്ക#	രാമയിലേക്കു	4	1
samvruthokaram	രാമോത്തിലേക്ക#	രാമോത്തിലേക്കു	13	9
samvruthokaram	രാമോത്തിലേക്ക#	രാമോത്തിലേക്ക്	13	5
samvruthokaram	രെഹബെയാമിനോട#	രെഹബെയാമിനോടു	3	3
samvruthokaram	രെഹബെയാമിനോട#	രെഹബെയാമിനോട്	3	1
samvruthokaram	ലഭിക്കേണ്ടതിന#	ലഭിക്കേണ്ടതിന്	0	17
samvruthokaram	ലഭിക്കേണ്ടതിന#	ലഭിക്കേണ്ടതിനു	0	2
samvruthokaram	ലാബാനോട#	ലാബാനോടു	8	4
samvruthokaram	ലാബാനോട#	ലാബാനോട്	8	4
samvruthokaram	ലാമെക്കിന#	ലാമെക്കിനു	0	2
samvruthokaram	ലാമെക്കിന#	ലാമെക്കിന്	0	1
samvruthokaram	ലേവ്യരോട#	ലേവ്യരോട്	5	4
samvruthokaram	ലേവ്യരോട#	ലേവ്യരോടു	5	1
samvruthokaram	ലേവ്യർക്ക#	ലേവ്യർക്ക്	30	24
samvruthokaram	ലേവ്യർക്ക#	ലേവ്യർക്കു	30	5
samvruthokaram	ലോകത്തിന#	ലോകത്തിനു	0	10
samvruthokaram	ലോകത്തിന#	ലോകത്തിന്	0	2
samvruthokaram	ലോകത്തിലേക്ക#	ലോകത്തിലേക്കു	8	6
samvruthokaram	ലോകത്തിലേക്ക#	ലോകത്തിലേക്ക്	8	2
samvruthokaram	വംശങ്ങൾക്ക#	വംശങ്ങൾക്കു	8	5
samvruthokaram	വംശങ്ങൾക്ക#	വംശങ്ങൾക്ക്	8	2
samvruthokaram	വകയ്ക്ക#	വകയ്ക്ക്	0	3
samvruthokaram	വകയ്ക്ക#	വകയ്ക്കു	0	1
samvruthokaram	വചനത്തിന#	വചനത്തിന്	0	2
samvruthokaram	വചനത്തിന#	വചനത്തിനു	0	1
samvruthokaram	വടക്ക#	വടക്ക്	16	14
samvruthokaram	വടക്ക#	വടക്കു	16	3
samvruthokaram	വന്നതിന#	വന്നതിനു	0	2
samvruthokaram	വന്നതിന#	വന്നതിന്	0	1
samvruthokaram	വയലിലേക്ക#	വയലിലേക്കു	8	4
samvruthokaram	വയലിലേക്ക#	വയലിലേക്ക്	8	4
samvruthokaram	വയസ്സിന#	വയസ്സിന്	0	3
samvruthokaram	വയസ്സിന#	വയസ്സിനു	0	2
samvruthokaram	വരുന്നതിന#	വരുന്നതിന്	0	6
samvruthokaram	വരുന്നതിന#	വരുന്നതിനു	0	2
samvruthokaram	വഴിക്ക#	വഴിക്ക്	45	17
samvruthokaram	വഴിക്ക#	വഴിക്കു	45	14
samvruthokaram	വഴിയിലേക്ക#	വഴിയിലേക്ക്	3	3
samvruthokaram	വഴിയിലേക്ക#	വഴിയിലേക്കു	3	1
samvruthokaram	വസിക്കേണ്ടതിന#	വസിക്കേണ്ടതിന്	0	6
samvruthokaram	വസിക്കേണ്ടതിന#	വസിക്കേണ്ടതിനു	0	2
samvruthokaram	വാക്ക#	വാക്ക്	352	212
samvruthokaram	വാക്ക#	വാക്കു	352	76
samvruthokaram	വാക്കിന#	വാക്കിന്	0	2
samvruthokaram	വാക്കിന#	വാക്കിനു	0	1
samvruthokaram	വാക്കുകൾക്ക#	വാക്കുകൾക്ക്	2	2
samvruthokaram	വാക്കുകൾക്ക#	വാക്കുകൾക്കു	2	1
samvruthokaram	വാങ്ങിയവന#	വാങ്ങിയവനു	0	2
samvruthokaram	വാങ്ങിയവന#	വാങ്ങിയവന്	0	1
samvruthokaram	വാതിലിന#	വാതിലിന്	0	11
samvruthokaram	വാതിലിന#	വാതിലിനു	0	3
samvruthokaram	വായിലേക്ക#	വായിലേക്കു	5	2
samvruthokaram	വായിലേക്ക#	വായിലേക്ക്	5	2
samvruthokaram	വായ്ക്ക#	വായ്ക്കു	7	3
samvruthokaram	വായ്ക്ക#	വായ്ക്ക്	7	3
samvruthokaram	വാളിന#	വാളിന്	0	14
samvruthokaram	വാളിന#	വാളിനു	0	4
samvruthokaram	വിഗ്രഹങ്ങളോട#	വിഗ്രഹങ്ങളോടു	6	4
samvruthokaram	വിഗ്രഹങ്ങളോട#	വിഗ്രഹങ്ങളോട്	6	4
samvruthokaram	വിഗ്രഹങ്ങൾക്ക#	വിഗ്രഹങ്ങൾക്ക്	2	8
samvruthokaram	വിഗ്രഹങ്ങൾക്ക#	വിഗ്രഹങ്ങൾക്കു	2	1
samvruthokaram	വിതാനത്തിന#	വിതാനത്തിനു	0	2
samvruthokaram	വിതാനത്തിന#	വിതാനത്തിന്	0	1
samvruthokaram	വിത്തിന#	വിത്തിന്	0	2
samvruthokaram	വിത്തിന#	വിത്തിനു	0	1
samvruthokaram	വിധിക്ക#	വിധിക്കു	3	2
samvruthokaram	വിധിക്ക#	വിധിക്ക്	3	2
samvruthokaram	വിരണ്ട#	വിരണ്ട്	2	2
samvruthokaram	വിരണ്ട#	വിരണ്ടു	2	1
samvruthokaram	വിലയ്ക്ക#	വിലയ്ക്കു	2	23
samvruthokaram	വിലയ്ക്ക#	വിലയ്ക്ക്	2	17
samvruthokaram	വിളക്ക#	വിളക്ക്	25	14
samvruthokaram	വിളക്ക#	വിളക്കു	25	12
samvruthokaram	വിളക്കിന#	വിളക്കിന്	0	5
samvruthokaram	വിളക്കിന#	വിളക്കിനു	0	1
samvruthokaram	വിളിക്കപ്പെട്ടവർക്ക#	വിളിക്കപ്പെട്ടവർക്കു	3	2
samvruthokaram	വിളിക്കപ്പെട്ടവർക്ക#	വിളിക്കപ്പെട്ടവർക്ക്	3	1
samvruthokaram	വിവേകികൾക്ക#	വിവേകികൾക്ക്	2	2
samvruthokaram	വിവേകികൾക്ക#	വിവേകികൾക്കു	2	1
samvruthokaram	വിശപ്പുള്ളവന#	വിശപ്പുള്ളവനു	0	3
samvruthokaram	വിശപ്പുള്ളവന#	വിശപ്പുള്ളവന്	0	1
samvruthokaram	വിശുദ്ധമന്ദിരത്തിന#	വിശുദ്ധമന്ദിരത്തിനു	0	6
samvruthokaram	വിശുദ്ധമന്ദിരത്തിന#	വിശുദ്ധമന്ദിരത്തിന്	0	1
samvruthokaram	വിശുദ്ധമന്ദിരത്തിലേക്ക#	വിശുദ്ധമന്ദിരത്തിലേക്കു	2	3
samvruthokaram	വിശുദ്ധമന്ദിരത്തിലേക്ക#	വിശുദ്ധമന്ദിരത്തിലേക്ക്	2	2
samvruthokaram	വിശ്വാസികൾക്ക#	വിശ്വാസികൾക്ക്	2	2
samvruthokaram	വിശ്വാസികൾക്ക#	വിശ്വാസികൾക്കു	2	1
samvruthokaram	വിസർജ്ജനത്തിന#	വിസർജ്ജനത്തിന്	0	2
samvruthokaram	വിസർജ്ജനത്തിന#	വിസർജ്ജനത്തിനു	0	1
samvruthokaram	വീടിന#	വീടിന്	0	16
samvruthokaram	വീടിന#	വീടിനു	0	1
samvruthokaram	വീട്ടിലേക്ക#	വീട്ടിലേക്ക്	60	42
samvruthokaram	വീട്ടിലേക്ക#	വീട്ടിലേക്കു	60	19
samvruthokaram	വീഴ്ചയ്ക്ക#	വീഴ്ചയ്ക്കു	0	2
samvruthokaram	വീഴ്ചയ്ക്ക#	വീഴ്ചയ്ക്ക്	0	1
samvruthokaram	വെളിച്ചത്തിന#	വെളിച്ചത്തിന്	0	3
samvruthokaram	വെളിച്ചത്തിന#	വെളിച്ചത്തിനു	0	2
samvruthokaram	വെള്ളിക്ക#	വെള്ളിക്ക്	6	3
samvruthokaram	വെള്ളിക്ക#	വെള്ളിക്കു	6	2
samvruthokaram	വെള്ളിക്കാശിന#	വെള്ളിക്കാശിന്	0	4
samvruthokaram	വെള്ളിക്കാശിന#	വെള്ളിക്കാശിനു	0	3
samvruthokaram	വേലക്കാർക്ക#	വേലക്കാർക്കു	2	2
samvruthokaram	വേലക്കാർക്ക#	വേലക്കാർക്ക്	2	1
samvruthokaram	വേലയ്ക്ക#	വേലയ്ക്ക്	0	9
samvruthokaram	വേലയ്ക്ക#	വേലയ്ക്കു	0	5
samvruthokaram	വൈരികളോട#	വൈരികളോടു	3	2
samvruthokaram	വൈരികളോട#	വൈരികളോട്	3	1
samvruthokaram	വർഷങ്ങൾക്ക#	വർഷങ്ങൾക്കു	0	3
samvruthokaram	വർഷങ്ങൾക്ക#	വർഷങ്ങൾക്ക്	0	3
samvruthokaram	ശത്രുക്കളോട#	ശത്രുക്കളോട്	19	13
samvruthokaram	ശത്രുക്കളോട#	ശത്രുക്കളോടു	19	7
samvruthokaram	ശത്രുക്കൾക്ക#	ശത്രുക്കൾക്കു	15	7
samvruthokaram	ശത്രുക്കൾക്ക#	ശത്രുക്കൾക്ക്	15	7
samvruthokaram	ശബ്ബത്തിന#	ശബ്ബത്തിന്	0	3
samvruthokaram	ശബ്ബത്തിന#	ശബ്ബത്തിനു	0	1
samvruthokaram	ശമര്യയിലേക്ക#	ശമര്യയിലേക്കു	0	6
samvruthokaram	ശമര്യയിലേക്ക#	ശമര്യയിലേക്ക്	0	4
samvruthokaram	ശമൂവേലിനോട#	ശമൂവേലിനോട്	12	10
samvruthokaram	ശമൂവേലിനോട#	ശമൂവേലിനോടു	12	1
samvruthokaram	ശലോമോനോട#	ശലോമോനോട്	6	4
samvruthokaram	ശലോമോനോട#	ശലോമോനോടു	6	2
samvruthokaram	ശിക്ഷയ്ക്ക#	ശിക്ഷയ്ക്ക്	0	5
samvruthokaram	ശിക്ഷയ്ക്ക#	ശിക്ഷയ്ക്കു	0	1
samvruthokaram	ശിഷ്യന്മാരോട#	ശിഷ്യന്മാരോട്	35	36
samvruthokaram	ശിഷ്യന്മാരോട#	ശിഷ്യന്മാരോടു	35	3
samvruthokaram	ശിഷ്യന്മാർക്ക#	ശിഷ്യന്മാർക്ക്	6	5
samvruthokaram	ശിഷ്യന്മാർക്ക#	ശിഷ്യന്മാർക്കു	6	1
samvruthokaram	ശീലോവിലേക്ക#	ശീലോവിലേക്കു	3	2
samvruthokaram	ശീലോവിലേക്ക#	ശീലോവിലേക്ക്	3	1
samvruthokaram	ശുദ്ധീകരിക്കേണ്ടതിന#	ശുദ്ധീകരിക്കേണ്ടതിന്	0	4
samvruthokaram	ശുദ്ധീകരിക്കേണ്ടതിന#	ശുദ്ധീകരിക്കേണ്ടതിനു	0	2
samvruthokaram	ശുശ്രൂഷയ്ക്ക#	ശുശ്രൂഷയ്ക്ക്	0	12
samvruthokaram	ശുശ്രൂഷയ്ക്ക#	ശുശ്രൂഷയ്ക്കു	0	1
samvruthokaram	ശെമയ്യാവിന#	ശെമയ്യാവിന്	0	2
samvruthokaram	ശെമയ്യാവിന#	ശെമയ്യാവിനു	0	1
samvruthokaram	ശെമര്യാവ#	ശെമര്യാവ്	0	3
samvruthokaram	ശെമര്യാവ#	ശെമര്യാവു	0	1
samvruthokaram	ശേക്കെലിന#	ശേക്കെലിന്	0	4
samvruthokaram	ശേക്കെലിന#	ശേക്കെലിനു	0	2
samvruthokaram	ശേഷിച്ചവർക്ക#	ശേഷിച്ചവർക്കു	3	2
samvruthokaram	ശേഷിച്ചവർക്ക#	ശേഷിച്ചവർക്ക്	3	2
samvruthokaram	ശേഷിച്ചിരിക്കുന്നവർക്ക#	ശേഷിച്ചിരിക്കുന്നവർക്കു	3	2
samvruthokaram	ശേഷിച്ചിരിക്കുന്നവർക്ക#	ശേഷിച്ചിരിക്കുന്നവർക്ക്	3	1
samvruthokaram	ശേഷിപ്പിന#	ശേഷിപ്പിനു	0	2
samvruthokaram	ശേഷിപ്പിന#	ശേഷിപ്പിന്	0	2
samvruthokaram	ശേഷിപ്പുള്ളവരോട#	ശേഷിപ്പുള്ളവരോട്	4	3
samvruthokaram	ശേഷിപ്പുള്ളവരോട#	ശേഷിപ്പുള്ളവരോടു	4	1
samvruthokaram	ശൗലിന#	ശൗലിന്	0	18
samvruthokaram	ശൗലിന#	ശൗലിനു	0	2
samvruthokaram	ശൗലിനോട#	ശൗലിനോട്	32	30
samvruthokaram	ശൗലിനോട#	ശൗലിനോടു	32	2
samvruthokaram	ഷണ്ഡന്മാരോട#	ഷണ്ഡന്മാരോട്	2	2
samvruthokaram	ഷണ്ഡന്മാരോട#	ഷണ്ഡന്മാരോടു	2	1
samvruthokaram	സംഗീതക്കാർക്ക#	സംഗീതക്കാർക്ക്	3	2
samvruthokaram	സംഗീതക്കാർക്ക#	സംഗീതക്കാർക്കു	3	1
samvruthokaram	സത്യത്തിന#	സത്യത്തിന്	0	9
samvruthokaram	സത്യത്തിന#	സത്യത്തിനു	0	2
samvruthokaram	സന്തതിക്ക#	സന്തതിക്ക്	12	10
samvruthokaram	സന്തതിക്ക#	സന്തതിക്കു	12	2
samvruthokaram	സഭയിലേക്ക#	സഭയിലേക്ക്	1	2
samvruthokaram	സഭയിലേക്ക#	സഭയിലേക്കു	1	1
samvruthokaram	സമീപത്ത#	സമീപത്ത്	21	22
samvruthokaram	സമീപത്ത#	സമീപത്തു	21	2
samvruthokaram	സഹായിക്കേണ്ടതിന#	സഹായിക്കേണ്ടതിന്	0	3
samvruthokaram	സഹായിക്കേണ്ടതിന#	സഹായിക്കേണ്ടതിനു	0	1
samvruthokaram	സഹോദരന#	സഹോദരന്	0	17
samvruthokaram	സഹോദരന#	സഹോദരനു	0	2
samvruthokaram	സഹോദരന്മാർക്ക#	സഹോദരന്മാർക്ക്	27	17
samvruthokaram	സഹോദരന്മാർക്ക#	സഹോദരന്മാർക്കു	27	9
samvruthokaram	സഹോദരിയോട#	സഹോദരിയോട്	4	3
samvruthokaram	സഹോദരിയോട#	സഹോദരിയോടു	4	1
samvruthokaram	സാത്താന#	സാത്താന്	0	2
samvruthokaram	സാത്താന#	സാത്താനു	0	1
samvruthokaram	സാറായ്ക്ക#	സാറായ്ക്ക്	0	4
samvruthokaram	സാറായ്ക്ക#	സാറായ്ക്കു	0	1
samvruthokaram	സിംഹാസനത്തിന#	സിംഹാസനത്തിന്	0	3
samvruthokaram	സിംഹാസനത്തിന#	സിംഹാസനത്തിനു	0	2
samvruthokaram	സീയോനിലേക്ക#	സീയോനിലേക്കു	7	6
samvruthokaram	സീയോനിലേക്ക#	സീയോനിലേക്ക്	7	1
samvruthokaram	സുവിശേഷത്തിന#	സുവിശേഷത്തിന്	0	8
samvruthokaram	സുവിശേഷത്തിന#	സുവിശേഷത്തിനു	0	1
samvruthokaram	സൂര്യന#	സൂര്യന്	0	9
samvruthokaram	സൂര്യന#	സൂര്യനു	0	2
samvruthokaram	സെഖര്യാവ#	സെഖര്യാവ്	0	33
samvruthokaram	സെഖര്യാവ#	സെഖര്യാവു	0	1
samvruthokaram	സെഖര്യാവിന#	സെഖര്യാവിന്	0	2
samvruthokaram	സെഖര്യാവിന#	സെഖര്യാവിനു	0	1
samvruthokaram	സെഫന്യാവ#	സെഫന്യാവ്	4	4
samvruthokaram	സെഫന്യാവ#	സെഫന്യാവു	4	2
samvruthokaram	സൈന്യത്തിന#	സൈന്യത്തിനു	0	3
samvruthokaram	സൈന്യത്തിന#	സൈന്യത്തിന്	0	3
samvruthokaram	സ്ഥലത്തിന#	സ്ഥലത്തിന്	0	27
samvruthokaram	സ്ഥലത്തിന#	സ്ഥലത്തിനു	0	5
samvruthokaram	സ്ഥലത്തേക്ക#	സ്ഥലത്തേക്ക്	48	50
samvruthokaram	സ്ഥലത്തേക്ക#	സ്ഥലത്തേക്കു	48	4
samvruthokaram	സ്നേഹിതന്മാർക്ക#	സ്നേഹിതന്മാർക്ക്	3	3
samvruthokaram	സ്നേഹിതന്മാർക്ക#	സ്നേഹിതന്മാർക്കു	3	1
samvruthokaram	സ്വജനത്തിന#	സ്വജനത്തിന്	0	2
samvruthokaram	സ്വജനത്തിന#	സ്വജനത്തിനു	0	1
samvruthokaram	സ്വദേശത്തേക്ക#	സ്വദേശത്തേക്കു	18	10
samvruthokaram	സ്വദേശത്തേക്ക#	സ്വദേശത്തേക്ക്	18	9
samvruthokaram	സ്വർഗ്ഗത്തിലേക്ക#	സ്വർഗ്ഗത്തിലേക്ക്	8	11
samvruthokaram	സ്വർഗ്ഗത്തിലേക്ക#	സ്വർഗ്ഗത്തിലേക്കു	8	2
samvruthokaram	സ്വർഗ്ഗത്തേക്ക#	സ്വർഗ്ഗത്തേക്ക്	7	5
samvruthokaram	സ്വർഗ്ഗത്തേക്ക#	സ്വർഗ്ഗത്തേക്കു	7	1
samvruthokaram	ഹാനൂനോട#	ഹാനൂനോട്	2	3
samvruthokaram	ഹാനൂനോട#	ഹാനൂനോടു	2	1
samvruthokaram	ഹായിക്ക#	ഹായിക്കു	4	2
samvruthokaram	ഹായിക്ക#	ഹായിക്ക്	4	2
samvruthokaram	ഹിത്യരോട#	ഹിത്യരോടു	3	2
samvruthokaram	ഹിത്യരോട#	ഹിത്യരോട്	3	1
samvruthokaram	ഹിസ്കീയാവിന#	ഹിസ്കീയാവിനു	0	4
samvruthokaram	ഹിസ്കീയാവിന#	ഹിസ്കീയാവിന്	0	3
samvruthokaram	ഹിസ്കീയാവിനോട#	ഹിസ്കീയാവിനോട്	1	4
samvruthokaram	ഹിസ്കീയാവിനോട#	ഹിസ്കീയാവിനോടു	1	1
samvruthokaram	ഹീരാമിന#	ഹീരാമിന്	0	2
samvruthokaram	ഹീരാമിന#	ഹീരാമിനു	0	1
samvruthokaram	ഹൃദയത്തിന#	ഹൃദയത്തിന്	0	10
samvruthokaram	ഹൃദയത്തിന#	ഹൃദയത്തിനു	0	1
samvruthokaram	ഹെബ്രോനിലേക്ക#	ഹെബ്രോനിലേക്ക്	4	4
samvruthokaram	ഹെബ്രോനിലേക്ക#	ഹെബ്രോനിലേക്കു	4	2
samvruthokaram	ഹോമയാഗത്തിന#	ഹോമയാഗത്തിന്	0	6
samvruthokaram	ഹോമയാഗത്തിന#	ഹോമയാഗത്തിനു	0	5
yk	അങ്ങയിലേക്ക്	അങ്ങയിലേക്ക്	0	10
yk	അങ്ങയിലേക്ക്	അങ്ങയിലേയ്ക്ക്	0	1
yk	അങ്ങേക്കുള്ള	അങ്ങേക്കുള്ള	0	2
yk	അങ്ങേക്കുള്ള	അങ്ങേയ്ക്കുള്ള	0	1
yk	അങ്ങേക്ക്	അങ്ങേക്ക്	0	65
yk	അങ്ങേക്ക്	അങ്ങേയ്ക്ക്	0	27
yk	അടക്കപ്പെടും	അടക്കപ്പെടും	4	5
yk	അടക്കപ്പെടും	അടയ്ക്കപ്പെടും	0	1
yk	അടക്കും	അടയ്ക്കും	0	2
yk	അടക്കും	അടക്കും	2	1
yk	അടക്കുക	അടയ്ക്കുക	0	2
yk	അടക്കുക	അടക്കുക	1	1
yk	അടക്കുവാൻ	അടക്കുവാൻ	11	3
yk	അടക്കുവാൻ	അടയ്ക്കുവാൻ	0	1
yk	അമ്മക്ക്	അമ്മയ്ക്ക്	0	26
yk	അമ്മക്ക്	അമ്മക്ക്	1	3
yk	അയക്കണമേ	അയയ്ക്കണമേ	0	2
yk	അയക്കണമേ	അയക്കണമേ	0	1
yk	അയക്കരുത്	അയക്കരുത്	2	2
yk	അയക്കരുത്	അയയ്ക്കരുത്	0	1
yk	അയക്കാതെ	അയക്കാതെ	4	2
yk	അയക്കാതെ	അയയ്ക്കാതെ	0	2
yk	അയക്കും	അയയ്ക്കും	0	45
yk	അയക്കും	അയക്കും	49	8
yk	അയക്കുക	അയക്കുക	3	5
yk	അയക്കുക	അയയ്ക്കുക	0	2
yk	അയക്കുകയും	അയയ്ക്കുകയും	0	4
yk	അയക്കുകയും	അയക്കുകയും	1	1
yk	അയക്കുന്ന	അയയ്ക്കുന്ന	0	6
yk	അയക്കുന്ന	അയക്കുന്ന	9	3
yk	അയക്കുന്നത്	അയയ്ക്കുന്നത്	0	4
yk	അയക്കുന്നത്	അയക്കുന്നത്	5	2
yk	അയക്കുന്ന്	അയയ്ക്കുന്ന്	0	25
yk	അയക്കുന്ന്	അയക്കുന്ന്	19	5
yk	അയക്കുവാൻ	അയയ്ക്കുവാൻ	0	5
yk	അയക്കുവാൻ	അയക്കുവാൻ	0	3
yk	അയക്കേണം	അയയ്ക്കേണം	0	13
yk	അയക്കേണം	അയക്കേണം	16	2
yk	അയക്കേണമേ	അയയ്ക്കേണമേ	0	3
yk	അയക്കേണമേ	അയക്കേണമേ	5	2
yk	അയക്കേണ്ടതിന്	അയയ്ക്കേണ്ടതിന്	0	4
yk	അയക്കേണ്ടതിന്	അയക്കേണ്ടതിന്	0	2
yk	അരക്ക്	അരയ്ക്ക്	0	26
yk	അരക്ക്	അരക്ക്	0	1
yk	അവക്ക്	അവയ്ക്ക്	0	72
yk	അവക്ക്	അവക്ക്	0	1
yk	അവിടുത്തേക്ക്	അവിടുത്തേക്ക്	0	27
yk	അവിടുത്തേക്ക്	അവിടുത്തേയ്ക്ക്	0	5
yk	ആലയത്തിലേക്ക്	ആലയത്തിലേക്ക്	30	30
yk	ആലയത്തിലേക്ക്	ആലയത്തിലേയ്ക്ക്	0	3
yk	ഇരിക്കും	ഇരിക്കും	151	131
yk	ഇരിക്കും	ഇരിയ്ക്കും	0	1
yk	ഇരിക്കുന്നുവല്ലോ	ഇരിക്കുന്നുവല്ലോ	7	9
yk	ഇരിക്കുന്നുവല്ലോ	ഇരിയ്ക്കുന്നുവല്ലോ	0	1
yk	ഉടമ്പടിക്ക്	ഉടമ്പടിക്ക്	0	2
yk	ഉടമ്പടിക്ക്	ഉടമ്പടിയ്ക്ക്	0	2
yk	എന്നിലേക്ക്	എന്നിലേക്ക്	0	13
yk	എന്നിലേക്ക്	എന്നിലേയ്ക്ക്	0	5
yk	എന്നിവക്കായി	എന്നിവയ്ക്കായി	0	2
yk	എന്നിവക്കായി	എന്നിവക്കായി	0	1
yk	എവിടേക്ക്	എവിടേക്ക്	15	15
yk	എവിടേക്ക്	എവിടേയ്ക്ക്	0	1
yk	ഒരിക്കലും	ഒരിക്കലും	64	92
yk	ഒരിക്കലും	ഒരിയ്ക്കലും	0	3
yk	കവർച്ചക്ക്	കവർച്ചയ്ക്ക്	0	7
yk	കവർച്ചക്ക്	കവർച്ചക്ക്	0	1
yk	കാക്കും	കാക്കും	9	7
yk	കാക്കും	കായ്ക്കും	4	5
yk	കാക്കുന്ന	കാക്കുന്ന	6	5
yk	കാക്കുന്ന	കായ്ക്കുന്ന	2	2
yk	കാക്കുന്ന്	കാക്കുന്ന്	12	10
yk	കാക്കുന്ന്	കായ്ക്കുന്ന്	4	4
yk	കാക്കേണ്ടതിനും	കാക്കേണ്ടതിനും	0	2
yk	കാക്കേണ്ടതിനും	കായ്ക്കേണ്ടതിനും	0	1
yk	കാക്കേണ്ടതിന്	കാക്കേണ്ടതിന്	0	2
yk	കാക്കേണ്ടതിന്	കായ്ക്കേണ്ടതിന്	0	1
yk	കാണിക്കും	കാണിക്കും	33	29
yk	കാണിക്കും	കാണിയ്ക്കും	0	2
yk	കാഴ്ചക്ക്	കാഴ്ചയ്ക്ക്	0	6
yk	കാഴ്ചക്ക്	കാഴ്ചക്ക്	0	4
yk	കുടിക്കുകയോ	കുടിക്കുകയോ	0	13
yk	കുടിക്കുകയോ	കുടിയ്ക്കുകയോ	0	4
yk	കുഴക്കുന്ന	കുഴക്കുന്ന	0	2
yk	കുഴക്കുന്ന	കുഴയ്ക്കുന്ന	0	2
yk	കൂലിക്ക്	കൂലിക്ക്	23	21
yk	കൂലിക്ക്	കൂലിയ്ക്ക്	0	1
yk	കൃപക്കായി	കൃപയ്ക്കായി	0	3
yk	കൃപക്കായി	കൃപക്കായി	0	2
yk	കൈക്ക്	കൈയ്ക്ക്	0	17
yk	കൈക്ക്	കൈക്ക്	28	5
yk	കൊടുത്തയക്കുന്ന	കൊടുത്തയയ്ക്കുന്ന	0	2
yk	കൊടുത്തയക്കുന്ന	കൊടുത്തയക്കുന്ന	3	1
yk	കൊടുത്തയക്കുന്ന്	കൊടുത്തയയ്ക്കുന്ന്	0	2
yk	കൊടുത്തയക്കുന്ന്	കൊടുത്തയക്കുന്ന്	3	1
yk	ക്ഷമിക്കും	ക്ഷമിക്കും	22	22
yk	ക്ഷമിക്കും	ക്ഷമിയ്ക്കും	0	5
yk	ഗില്ഗാലിലേക്ക്	ഗില്ഗാലിലേക്ക്	4	3
yk	ഗില്ഗാലിലേക്ക്	ഗില്ഗാലിലേയ്ക്ക്	0	1
yk	ഗോത്രസംഖ്യക്ക്	ഗോത്രസംഖ്യക്ക്	1	3
yk	ഗോത്രസംഖ്യക്ക്	ഗോത്രസംഖ്യയ്ക്ക്	0	1
yk	ജനതക്കും	ജനതക്കും	0	5
yk	ജനതക്കും	ജനതയ്ക്കും	0	1
yk	ജീവരക്ഷക്കായി	ജീവരക്ഷയ്ക്കായി	0	5
yk	ജീവരക്ഷക്കായി	ജീവരക്ഷക്കായി	1	2
yk	തലക്കുമീതെ	തലയ്ക്കുമീതെ	0	7
yk	തലക്കുമീതെ	തലക്കുമീതെ	0	1
yk	തലക്ക്	തലയ്ക്ക്	0	9
yk	തലക്ക്	തലക്ക്	1	1
yk	തലക്കൽ	തലയ്ക്കൽ	0	7
yk	തലക്കൽ	തലക്കൽ	0	1
yk	തലമുറക്ക്	തലമുറയ്ക്ക്	0	3
yk	തലമുറക്ക്	തലമുറക്ക്	0	1
yk	താഴേക്ക്	താഴേക്ക്	0	3
yk	താഴേക്ക്	താഴേയ്ക്ക്	0	1
yk	തിളക്കുന്ന	തിളക്കുന്ന	0	2
yk	തിളക്കുന്ന	തിളയ്ക്കുന്ന	0	1
yk	തീക്ക്	തീയ്ക്ക്	0	5
yk	തീക്ക്	തീക്ക്	15	4
yk	ദയക്ക്	ദയയ്ക്ക്	0	5
yk	ദയക്ക്	ദയക്ക്	2	1
yk	നഗരത്തിലേക്ക്	നഗരത്തിലേക്ക്	9	10
yk	നഗരത്തിലേക്ക്	നഗരത്തിലേയ്ക്ക്	0	1
yk	നദിക്ക്	നദിക്ക്	25	25
yk	നദിക്ക്	നദിയ്ക്ക്	0	1
yk	നന്മക്ക്	നന്മയ്ക്ക്	0	13
yk	നന്മക്ക്	നന്മക്ക്	0	2
yk	നിവർത്തിക്കും	നിവർത്തിക്കും	19	22
yk	നിവർത്തിക്കും	നിവർത്തിയ്ക്കും	0	1
yk	നീതിക്കായി	നീതിയ്ക്കായി	0	2
yk	നീതിക്കായി	നീതിക്കായി	3	1
yk	നീതിക്ക്	നീതിക്ക്	15	9
yk	നീതിക്ക്	നീതിയ്ക്ക്	0	5
yk	ന്യായവിധിക്കായി	ന്യായവിധിക്കായി	6	6
yk	ന്യായവിധിക്കായി	ന്യായവിധിയ്ക്കായി	0	2
yk	ന്യായവിധിക്ക്	ന്യായവിധിയ്ക്ക്	0	6
yk	ന്യായവിധിക്ക്	ന്യായവിധിക്ക്	4	1
yk	പകക്കുന്നവരുടെ	പകയ്ക്കുന്നവരുടെ	0	2
yk	പകക്കുന്നവരുടെ	പകക്കുന്നവരുടെ	0	1
yk	പകക്കുന്ന്	പകക്കുന്ന്	0	6
yk	പകക്കുന്ന്	പകയ്ക്കുന്ന്	0	1
yk	പടക്ക്	പടയ്ക്ക്	0	9
yk	പടക്ക്	പടക്ക്	0	5
yk	പതിയിരിക്കുന്ന	പതിയിരിക്കുന്ന	4	4
yk	പതിയിരിക്കുന്ന	പതിയിരിയ്ക്കുന്ന	0	1
yk	പരദേശിക്കും	പരദേശിക്കും	13	13
yk	പരദേശിക്കും	പരദേശിയ്ക്കും	0	2
yk	പലകക്ക്	പലകയ്ക്ക്	0	5
yk	പലകക്ക്	പലകക്ക്	0	1
yk	പുറത്തേക്ക്	പുറത്തേക്ക്	17	27
yk	പുറത്തേക്ക്	പുറത്തേയ്ക്ക്	0	2
yk	പ്രത്യാശിക്കുന്ന്	പ്രത്യാശിക്കുന്ന്	2	2
yk	പ്രത്യാശിക്കുന്ന്	പ്രത്യാശിയ്ക്കുന്ന്	0	1
yk	പ്രാപ്തിക്ക്	പ്രാപ്തിക്ക്	6	4
yk	പ്രാപ്തിക്ക്	പ്രാപ്തിയ്ക്ക്	0	1
yk	ബന്ധിക്കപ്പെട്ടിരിക്കുന്ന്	ബന്ധിയ്ക്കപ്പെട്ടിരിക്കുന്ന്	0	2
yk	ബന്ധിക്കപ്പെട്ടിരിക്കുന്ന്	ബന്ധിക്കപ്പെട്ടിരിക്കുന്ന്	3	1
yk	ബന്ധിക്കുകയും	ബന്ധിക്കുകയും	0	2
yk	ബന്ധിക്കുകയും	ബന്ധിയ്ക്കുകയും	0	1
yk	ബഹുമാനിക്കുക	ബഹുമാനിക്കുക	0	3
yk	ബഹുമാനിക്കുക	ബഹുമാനിയ്ക്കുക	0	1
yk	ബേർ-ശേബയിലേക്ക്	ബേർ-ശേബയിലേക്ക്	3	2
yk	ബേർ-ശേബയിലേക്ക്	ബേർ-ശേബയിലേയ്ക്ക്	0	1
yk	ഭാര്യക്കും	ഭാര്യക്കും	0	2
yk	ഭാര്യക്കും	ഭാര്യയ്ക്കും	0	1
yk	ഭാര്യക്ക്	ഭാര്യക്ക്	0	8
yk	ഭാര്യക്ക്	ഭാര്യയ്ക്ക്	0	6
yk	ഭീതിക്കും	ഭീതിക്കും	0	2
yk	ഭീതിക്കും	ഭീതിയ്ക്കും	0	1
yk	മനശ്ശെക്ക്	മനശ്ശെക്ക്	4	2
yk	മനശ്ശെക്ക്	മനശ്ശെയ്ക്ക്	0	1
yk	മറക്കരുതേ	മറയ്ക്കരുതേ	0	6
yk	മറക്കരുതേ	മറക്കരുതേ	3	3
yk	മറക്കും	മറയ്ക്കും	0	11
yk	മറക്കും	മറക്കും	4	4
yk	മറക്കുകയും	മറക്കുകയും	0	5
yk	മറക്കുകയും	മറയ്ക്കുകയും	0	2
yk	മറക്കുന്ന	മറയ്ക്കുന്ന	0	3
yk	മറക്കുന്ന	മറക്കുന്ന	2	2
yk	മറക്കുന്നതും	മറയ്ക്കുന്നതും	0	2
yk	മറക്കുന്നതും	മറക്കുന്നതും	1	1
yk	മറക്കുന്നില്ല	മറക്കുന്നില്ല	5	6
yk	മറക്കുന്നില്ല	മറയ്ക്കുന്നില്ല	0	1
yk	മറക്കുന്ന്	മറയ്ക്കുന്ന്	0	3
yk	മറക്കുന്ന്	മറക്കുന്ന്	1	1
yk	മറക്കുവാൻ	മറയ്ക്കുവാൻ	0	5
yk	മറക്കുവാൻ	മറക്കുവാൻ	0	1
yk	മിസ്രയീമിലേക്ക്	മിസ്രയീമിലേക്ക്	40	48
yk	മിസ്രയീമിലേക്ക്	മിസ്രയീമിലേയ്ക്ക്	0	1
yk	മേശക്ക്	മേശയ്ക്ക്	0	6
yk	മേശക്ക്	മേശക്ക്	3	1
yk	മോശെക്കും	മോശെക്കും	15	13
yk	മോശെക്കും	മോശെയ്ക്കും	0	2
yk	മോശെക്ക്	മോശെയ്ക്ക്	0	7
yk	മോശെക്ക്	മോശെക്ക്	9	4
yk	യഹോവക്കുള്ളതാകുന്ന്	യഹോവക്കുള്ളതാകുന്ന്	0	3
yk	യഹോവക്കുള്ളതാകുന്ന്	യഹോവയ്ക്കുള്ളതാകുന്ന്	0	3
yk	യഹോവക്കുള്ളത്	യഹോവയ്ക്കുള്ളത്	0	4
yk	യഹോവക്കുള്ളത്	യഹോവക്കുള്ളത്	0	1
yk	യഹോവക്ക്	യഹോവയ്ക്ക്	0	544
yk	യഹോവക്ക്	യഹോവക്ക്	1	14
yk	യാഹോവക്ക്	യാഹോവക്ക്	0	2
yk	യാഹോവക്ക്	യാഹോവയ്ക്ക്	0	2
yk	യെരൂശലേമിലേക്കും	യെരൂശലേമിലേക്കും	4	2
yk	യെരൂശലേമിലേക്കും	യെരൂശലേമിലേയ്ക്കും	0	1
yk	യെഹൂദാക്കും	യെഹൂദായ്ക്കും	0	4
yk	യെഹൂദാക്കും	യെഹൂദാക്കും	0	1
yk	യെഹൂദാക്ക്	യെഹൂദായ്ക്ക്	0	5
yk	യെഹൂദാക്ക്	യെഹൂദാക്ക്	0	1
yk	യോശുവക്ക്	യോശുവയ്ക്ക്	0	3
yk	യോശുവക്ക്	യോശുവക്ക്	0	1
yk	രക്ഷക്കായി	രക്ഷക്കായി	1	12
yk	രക്ഷക്കായി	രക്ഷയ്ക്കായി	0	3
yk	രക്ഷിക്ക	രക്ഷിക്ക	3	2
yk	രക്ഷിക്ക	രക്ഷിയ്ക്ക	0	1
yk	രക്ഷിക്കട്ടെ	രക്ഷിക്കട്ടെ	5	4
yk	രക്ഷിക്കട്ടെ	രക്ഷിയ്ക്കട്ടെ	0	1
yk	രക്ഷിക്കപ്പെടും	രക്ഷിക്കപ്പെടും	19	16
yk	രക്ഷിക്കപ്പെടും	രക്ഷിയ്ക്കപ്പെടും	0	1
yk	രക്ഷിക്കപ്പെടേണ്ടതിന്	രക്ഷിക്കപ്പെടേണ്ടതിന്	0	2
yk	രക്ഷിക്കപ്പെടേണ്ടതിന്	രക്ഷിയ്ക്കപ്പെടേണ്ടതിന്	0	1
yk	രക്ഷിക്കപ്പെട്ടിരിക്കുന്നത്	രക്ഷിയ്ക്കപ്പെട്ടിരിക്കുന്നത്	0	2
yk	രക്ഷിക്കപ്പെട്ടിരിക്കുന്നത്	രക്ഷിക്കപ്പെട്ടിരിയ്ക്കുന്നത്	0	1
yk	രക്ഷിക്കുകയും	രക്ഷിക്കുകയും	0	13
yk	രക്ഷിക്കുകയും	രക്ഷിയ്ക്കുകയും	0	2
yk	രക്ഷിക്കുവാനും	രക്ഷിക്കുവാനും	0	5
yk	രക്ഷിക്കുവാനും	രക്ഷിയ്ക്കുവാനും	0	1
yk	രാജധാനിക്ക്	രാജധാനിക്ക്	4	4
yk	രാജധാനിക്ക്	രാജധാനിയ്ക്ക്	0	1
yk	വക്കും	വയ്ക്കും	0	22
yk	വക്കും	വക്കും	4	4
yk	വലങ്കൈക്ക്	വലങ്കൈയ്ക്ക്	0	2
yk	വലങ്കൈക്ക്	വലങ്കൈക്ക്	4	1
yk	വാക്ക്	വാക്ക്	352	288
yk	വാക്ക്	വായ്ക്ക്	7	6
yk	വിടുവിക്കുവാനും	വിടുവിക്കുവാനും	0	8
yk	വിടുവിക്കുവാനും	വിടുവിയ്ക്കുവാനും	0	1
yk	വിട്ടയക്കാം	വിട്ടയയ്ക്കാം	0	3
yk	വിട്ടയക്കാം	വിട്ടയക്കാം	4	1
yk	വിട്ടയക്കും	വിട്ടയയ്ക്കും	0	6
yk	വിട്ടയക്കും	വിട്ടയക്കും	7	1
yk	വിട്ടയക്കുക	വിട്ടയയ്ക്കുക	0	6
yk	വിട്ടയക്കുക	വിട്ടയക്കുക	0	2
yk	വിട്ടയക്കുന്ന്	വിട്ടയയ്ക്കുന്ന്	0	2
yk	വിട്ടയക്കുന്ന്	വിട്ടയക്കുന്ന്	3	1
yk	വിട്ടയക്കുവാൻ	വിട്ടയയ്ക്കുവാൻ	0	8
yk	വിട്ടയക്കുവാൻ	വിട്ടയക്കുവാൻ	0	2
yk	വിട്ടയക്കേണം	വിട്ടയയ്ക്കേണം	0	9
yk	വിട്ടയക്കേണം	വിട്ടയക്കേണം	10	1
yk	വിതക്കപ്പെടുന്ന്	വിതയ്ക്കപ്പെടുന്ന്	0	4
yk	വിതക്കപ്പെടുന്ന്	വിതക്കപ്പെടുന്ന്	0	1
yk	വിതക്കുവാൻ	വിതയ്ക്കുവാൻ	0	5
yk	വിതക്കുവാൻ	വിതക്കുവാൻ	0	1
yk	വിലക്ക്	വിലയ്ക്ക്	2	40
yk	വിലക്ക്	വിലക്ക്	0	3
yk	വെക്കുകയും	വെയ്ക്കുകയും	0	3
yk	വെക്കുകയും	വെക്കുകയും	10	2
yk	വെക്കുന്ന്	വെയ്ക്കുന്ന്	0	2
yk	വെക്കുന്ന്	വെക്കുന്ന്	20	1
yk	വെള്ളിക്ക്	വെള്ളിക്ക്	6	5
yk	വെള്ളിക്ക്	വെള്ളിയ്ക്ക്	0	1
yk	ശക്തിക്കും	ശക്തിക്കും	2	2
yk	ശക്തിക്കും	ശക്തിയ്ക്കും	0	1
yk	ശക്തിക്ക്	ശക്തിക്ക്	2	3
yk	ശക്തിക്ക്	ശക്തിയ്ക്ക്	0	1
yk	ശുശ്രൂഷക്കായി	ശുശ്രൂഷയ്ക്കായി	0	9
yk	ശുശ്രൂഷക്കായി	ശുശ്രൂഷക്കായി	0	1
yk	ശുശ്രൂഷക്കും	ശുശ്രൂഷയ്ക്കും	0	3
yk	ശുശ്രൂഷക്കും	ശുശ്രൂഷക്കും	0	2
yk	ശുശ്രൂഷക്കുള്ള	ശുശ്രൂഷയ്ക്കുള്ള	0	11
yk	ശുശ്രൂഷക്കുള്ള	ശുശ്രൂഷക്കുള്ള	0	1
yk	ശുശ്രൂഷക്ക്	ശുശ്രൂഷയ്ക്ക്	0	13
yk	ശുശ്രൂഷക്ക്	ശുശ്രൂഷക്ക്	0	5
yk	ശ്രദ്ധിക്കുന്ന്	ശ്രദ്ധിക്കുന്ന്	0	3
yk	ശ്രദ്ധിക്കുന്ന്	ശ്രദ്ധിയ്ക്കുന്ന്	0	1
yk	ശ്രദ്ധിക്കുവിൻ	ശ്രദ്ധിക്കുവിൻ	0	13
yk	ശ്രദ്ധിക്കുവിൻ	ശ്രദ്ധിയ്ക്കുവിൻ	0	1
yk	സന്തതിക്കും	സന്തതിക്കും	26	21
yk	സന്തതിക്കും	സന്തതിയ്ക്കും	0	4
yk	സന്ധ്യക്ക്	സന്ധ്യക്ക്	3	2
yk	സന്ധ്യക്ക്	സന്ധ്യയ്ക്ക്	0	2
yk	സഭക്ക്	സഭയ്ക്ക്	0	13
yk	സഭക്ക്	സഭക്ക്	0	1
yk	സ്ത്രീക്ക്	സ്ത്രീക്ക്	13	11
yk	സ്ത്രീക്ക്	സ്ത്രീയ്ക്ക്	0	1
yk	സർവ്വഭൂമിക്കും	സർവ്വഭൂമിക്കും	6	7
yk	സർവ്വഭൂമിക്കും	സർവ്വഭൂമിയ്ക്കും	0	1
yk	സർവ്വസഭക്കും	സർവ്വസഭയ്ക്കും	0	5
yk	സർവ്വസഭക്കും	സർവ്വസഭക്കും	0	1
chillu_conjunct	അയല്ക്കാര്ക്ക്	അയല്ക്കാർക്ക്	5	4
chillu_conjunct	അയല്ക്കാര്ക്ക്	അയൽക്കാർക്ക്	0	1
chillu_conjunct	ആട്ടുകൊറ്റന്മാർ	ആട്ടുകൊറ്റന്മാർ	3	3
chillu_conjunct	ആട്ടുകൊറ്റന്മാർ	ആട്ടുകൊറ്റൻമാർ	0	1
chillu_conjunct	ഉയിര്ത്തെഴുന്നേല്ക്കുകയും	ഉയിർത്തെഴുന്നേല്ക്കുകയും	0	6
chillu_conjunct	ഉയിര്ത്തെഴുന്നേല്ക്കുകയും	ഉയിർത്തെഴുന്നേൽക്കുകയും	0	5
chillu_conjunct	ഉറച്ചുനില്ക്കുകയില്ല	ഉറച്ചുനില്ക്കുകയില്ല	0	2
chillu_conjunct	ഉറച്ചുനില്ക്കുകയില്ല	ഉറച്ചുനിൽക്കുകയില്ല	0	1
chillu_conjunct	ഉല്പത്തി	ഉല്പത്തി	2	8
chillu_conjunct	ഉല്പത്തി	ഉൽപത്തി	0	3
chillu_conjunct	എതിരേല്ക്കുവാൻ	എതിരേൽക്കുവാൻ	0	15
chillu_conjunct	എതിരേല്ക്കുവാൻ	എതിരേല്ക്കുവാൻ	0	10
chillu_conjunct	എതിര്ത്തുനില്ക്കുവാൻ	എതിർത്തുനില്ക്കുവാൻ	0	5
chillu_conjunct	എതിര്ത്തുനില്ക്കുവാൻ	എതിർത്തുനിൽക്കുവാൻ	0	2
chillu_conjunct	എല്ക്കാനാ	എല്ക്കാനാ	10	9
chillu_conjunct	എല്ക്കാനാ	എൽക്കാനാ	1	1
chillu_conjunct	എഴുന്നേല്ക്ക	എഴുന്നേല്ക്ക	11	8
chillu_conjunct	എഴുന്നേല്ക്ക	എഴുന്നേൽക്ക	3	4
chillu_conjunct	എഴുന്നേല്ക്കും	എഴുന്നേൽക്കും	0	19
chillu_conjunct	എഴുന്നേല്ക്കും	എഴുന്നേല്ക്കും	19	1
chillu_conjunct	എഴുന്നേല്ക്കുക	എഴുന്നേല്ക്കുക	0	2
chillu_conjunct	എഴുന്നേല്ക്കുക	എഴുന്നേൽക്കുക	0	2
chillu_conjunct	എഴുന്നേല്ക്കുകയും	എഴുന്നേൽക്കുകയും	0	4
chillu_conjunct	എഴുന്നേല്ക്കുകയും	എഴുന്നേല്ക്കുകയും	1	3
chillu_conjunct	എഴുന്നേല്ക്കുവിൻ	എഴുന്നേല്ക്കുവിൻ	0	6
chillu_conjunct	എഴുന്നേല്ക്കുവിൻ	എഴുന്നേൽക്കുവിൻ	0	1
chillu_conjunct	എഴുന്നേല്ക്കേണമേ	എഴുന്നേല്ക്കേണമേ	8	8
chillu_conjunct	എഴുന്നേല്ക്കേണമേ	എഴുന്നേൽക്കേണമേ	1	1
chillu_conjunct	ഏല്ക്കുകയും	ഏല്ക്കുകയും	0	2
chillu_conjunct	ഏല്ക്കുകയും	ഏൽക്കുകയും	0	2
chillu_conjunct	ഏല്ക്കുന്ന്	ഏൽക്കുന്ന്	0	4
chillu_conjunct	ഏല്ക്കുന്ന്	ഏല്ക്കുന്ന്	1	1
chillu_conjunct	ഏല്ക്കുവാൻ	ഏൽക്കുവാൻ	0	5
chillu_conjunct	ഏല്ക്കുവാൻ	ഏല്ക്കുവാൻ	2	4
chillu_conjunct	കടല്ക്കരയിൽ	കടൽക്കരയിൽ	3	3
chillu_conjunct	കടല്ക്കരയിൽ	കടല്ക്കരയിൽ	2	2
chillu_conjunct	കടല്പുറത്തെ	കടല്പുറത്തെ	7	6
chillu_conjunct	കടല്പുറത്തെ	കടൽപുറത്തെ	1	1
chillu_conjunct	കട്ടിലിന്മേൽ	കട്ടിലിന്മേൽ	12	10
chillu_conjunct	കട്ടിലിന്മേൽ	കട്ടിലിൻമേൽ	0	1
chillu_conjunct	കണ്മുന്പിൽ	കൺമുൻപിൽ	0	2
chillu_conjunct	കണ്മുന്പിൽ	കണ്മുൻപിൽ	0	1
chillu_conjunct	കണ്മുമ്പിൽ	കണ്മുമ്പിൽ	0	9
chillu_conjunct	കണ്മുമ്പിൽ	കൺമുമ്പിൽ	0	9
chillu_conjunct	കപ്പല്ക്കാരും	കപ്പല്ക്കാരും	3	2
chillu_conjunct	കപ്പല്ക്കാരും	കപ്പൽക്കാരും	1	1
chillu_conjunct	കല്ക്കുന്നുകളും	കല്ക്കുന്നുകളും	2	2
chillu_conjunct	കല്ക്കുന്നുകളും	കൽക്കുന്നുകളും	0	1
chillu_conjunct	കല്ത്തളത്തിൽ	കല്ത്തളത്തിൽ	0	2
chillu_conjunct	കല്ത്തളത്തിൽ	കൽത്തളത്തിൽ	1	1
chillu_conjunct	കല്ദയരുടെ	കൽദയരുടെ	6	20
chillu_conjunct	കല്ദയരുടെ	കല്ദയരുടെ	26	15
chillu_conjunct	കല്ദയരെ	കല്ദയരെ	6	5
chillu_conjunct	കല്ദയരെ	കൽദയരെ	1	3
chillu_conjunct	കല്ദയരെയും	കല്ദയരെയും	2	2
chillu_conjunct	കല്ദയരെയും	കൽദയരെയും	1	1
chillu_conjunct	കല്ദയരോട്	കൽദയരോട്	0	3
chillu_conjunct	കല്ദയരോട്	കല്ദയരോട്	4	1
chillu_conjunct	കല്ദയർ	കല്ദയർ	13	9
chillu_conjunct	കല്ദയർ	കൽദയർ	2	7
chillu_conjunct	കാല്ക്കീഴിൽ	കാല്ക്കീഴിൽ	1	2
chillu_conjunct	കാല്ക്കീഴിൽ	കാൽക്കീഴിൽ	0	1
chillu_conjunct	കാല്ക്കൽ	കാല്ക്കൽ	16	16
chillu_conjunct	കാല്ക്കൽ	കാൽക്കൽ	12	13
chillu_conjunct	കാവല്ക്കാരുടെ	കാവല്ക്കാരുടെ	4	2
chillu_conjunct	കാവല്ക്കാരുടെ	കാവൽക്കാരുടെ	0	1
chillu_conjunct	കാവല്ക്കാരെ	കാവല്ക്കാരെ	8	7
chillu_conjunct	കാവല്ക്കാരെ	കാവൽക്കാരെ	1	1
chillu_conjunct	കാവല്ക്കാർ	കാവല്ക്കാർ	7	7
chillu_conjunct	കാവല്ക്കാർ	കാവൽക്കാർ	1	4
chillu_conjunct	കാവല്പുരമുറ്റത്ത്	കാവല്പുരമുറ്റത്ത്	4	4
chillu_conjunct	കാവല്പുരമുറ്റത്ത്	കാവൽപുരമുറ്റത്ത്	6	1
chillu_conjunct	കിളിവാതില്ക്കൽ	കിളിവാതില്ക്കൽ	3	3
chillu_conjunct	കിളിവാതില്ക്കൽ	കിളിവാതിൽക്കൽ	3	2
chillu_conjunct	കൂടാരവാതില്ക്കല്നിന്ന്	കൂടാരവാതില്ക്കൽനിന്ന്	0	2
chillu_conjunct	കൂടാരവാതില്ക്കല്നിന്ന്	കൂടാരവാതിൽക്കൽനിന്ന്	1	1
chillu_conjunct	കൂടാരവാതില്ക്കൽ	കൂടാരവാതിൽക്കൽ	8	6
chillu_conjunct	കൂടാരവാതില്ക്കൽ	കൂടാരവാതില്ക്കൽ	0	1
chillu_conjunct	ഗില്ഗാലില്നിന്ന്	ഗില്ഗാലിൽനിന്ന്	4	4
chillu_conjunct	ഗില്ഗാലില്നിന്ന്	ഗിൽഗാലിൽനിന്ന്	1	1
chillu_conjunct	ഗില്ഗാലിൽ	ഗില്ഗാലിൽ	22	20
chillu_conjunct	ഗില്ഗാലിൽ	ഗിൽഗാലിൽ	0	1
chillu_conjunct	ജനത്തിന്മേലും	ജനത്തിന്മേലും	5	6
chillu_conjunct	ജനത്തിന്മേലും	ജനത്തിൻമേലും	1	1
chillu_conjunct	തല്ക്കാലം	തല്ക്കാലം	2	2
chillu_conjunct	തല്ക്കാലം	തൽക്കാലം	2	2
chillu_conjunct	താല്പര്യം	താല്പര്യം	0	13
chillu_conjunct	താല്പര്യം	താൽപര്യം	0	1
chillu_conjunct	തോല്പിക്കുന്ന്	തോല്പിക്കുന്ന്	2	4
chillu_conjunct	തോല്പിക്കുന്ന്	തോൽപിക്കുന്ന്	0	1
chillu_conjunct	ദൂതന്മാര്ക്കും	ദൂതന്മാർക്കും	2	3
chillu_conjunct	ദൂതന്മാര്ക്കും	ദൂതൻമാർക്കും	0	1
chillu_conjunct	നല്കപ്പെടുന്ന്	നല്കപ്പെടുന്ന്	2	2
chillu_conjunct	നല്കപ്പെടുന്ന്	നൽകപ്പെടുന്ന്	0	1
chillu_conjunct	നല്കപ്പെട്ട	നല്കപ്പെട്ട	4	5
chillu_conjunct	നല്കപ്പെട്ട	നൽകപ്പെട്ട	0	2
chillu_conjunct	നല്കപ്പെട്ടിരിക്കുന്ന്	നല്കപ്പെട്ടിരിക്കുന്ന്	5	4
chillu_conjunct	നല്കപ്പെട്ടിരിക്കുന്ന്	നൽകപ്പെട്ടിരിക്കുന്ന്	0	1
chillu_conjunct	നല്കി	നൽകി	1	73
chillu_conjunct	നല്കി	നല്കി	37	31
chillu_conjunct	നല്കിയ	നല്കിയ	12	31
chillu_conjunct	നല്കിയ	നൽകിയ	0	1
chillu_conjunct	നല്കിയതുപോലെ	നല്കിയതുപോലെ	3	2
chillu_conjunct	നല്കിയതുപോലെ	നൽകിയതുപോലെ	0	1
chillu_conjunct	നല്കിയശേഷം	നൽകിയശേഷം	0	4
chillu_conjunct	നല്കിയശേഷം	നല്കിയശേഷം	1	1
chillu_conjunct	നല്കിയിരിക്കുന്ന	നല്കിയിരിക്കുന്ന	5	5
chillu_conjunct	നല്കിയിരിക്കുന്ന	നൽകിയിരിക്കുന്ന	0	2
chillu_conjunct	നല്കിയിരിക്കുന്ന്	നല്കിയിരിക്കുന്ന്	17	13
chillu_conjunct	നല്കിയിരിക്കുന്ന്	നൽകിയിരിക്കുന്ന്	0	7
chillu_conjunct	നല്കിയിരുന്ന	നല്കിയിരുന്ന	2	2
chillu_conjunct	നല്കിയിരുന്ന	നൽകിയിരുന്ന	0	1
chillu_conjunct	നല്കും	നല്കും	31	27
chillu_conjunct	നല്കും	നൽകും	0	12
chillu_conjunct	നല്കുകയും	നല്കുകയും	19	21
chillu_conjunct	നല്കുകയും	നൽകുകയും	0	6
chillu_conjunct	നല്കുന്ന	നൽകുന്ന	1	13
chillu_conjunct	നല്കുന്ന	നല്കുന്ന	13	11
chillu_conjunct	നല്കുന്നത്	നല്കുന്നത്	4	7
chillu_conjunct	നല്കുന്നത്	നൽകുന്നത്	0	5
chillu_conjunct	നല്കുന്ന്	നല്കുന്ന്	20	25
chillu_conjunct	നല്കുന്ന്	നൽകുന്ന്	0	17
chillu_conjunct	നല്കുമാറാകട്ടെ	നല്കുമാറാകട്ടെ	8	8
chillu_conjunct	നല്കുമാറാകട്ടെ	നൽകുമാറാകട്ടെ	0	1
chillu_conjunct	നല്കുമെന്ന്	നല്കുമെന്ന്	4	3
chillu_conjunct	നല്കുമെന്ന്	നൽകുമെന്ന്	0	2
chillu_conjunct	നല്കുവാനും	നല്കുവാനും	4	3
chillu_conjunct	നല്കുവാനും	നൽകുവാനും	0	1
chillu_conjunct	നല്കുവാൻ	നൽകുവാൻ	0	8
chillu_conjunct	നല്കുവാൻ	നല്കുവാൻ	5	6
chillu_conjunct	നല്കേണമേ	നല്കേണമേ	14	14
chillu_conjunct	നല്കേണമേ	നൽകേണമേ	0	2
chillu_conjunct	നല്കേണ്ടതിന്	നല്കേണ്ടതിന്	0	2
chillu_conjunct	നല്കേണ്ടതിന്	നൽകേണ്ടതിന്	0	1
chillu_conjunct	നിലനില്ക്കുന്ന	നിലനില്ക്കുന്ന	3	3
chillu_conjunct	നിലനില്ക്കുന്ന	നിലനിൽക്കുന്ന	0	1
chillu_conjunct	നിലനില്ക്കുന്ന്	നിലനില്ക്കുന്ന്	14	16
chillu_conjunct	നിലനില്ക്കുന്ന്	നിലനിൽക്കുന്ന്	0	7
chillu_conjunct	നില്ക്ക	നില്ക്ക	10	5
chillu_conjunct	നില്ക്ക	നിൽക്ക	6	2
chillu_conjunct	നില്ക്കയില്ല	നിൽക്കയില്ല	3	2
chillu_conjunct	നില്ക്കയില്ല	നില്ക്കയില്ല	8	1
chillu_conjunct	നില്ക്കുക	നില്ക്കുക	0	6
chillu_conjunct	നില്ക്കുക	നിൽക്കുക	0	2
chillu_conjunct	നില്ക്കുകയായിരുന്ന്	നിൽക്കുകയായിരുന്ന്	0	3
chillu_conjunct	നില്ക്കുകയായിരുന്ന്	നില്ക്കുകയായിരുന്ന്	0	2
chillu_conjunct	നില്ക്കുന്ന	നില്ക്കുന്ന	39	40
chillu_conjunct	നില്ക്കുന്ന	നിൽക്കുന്ന	0	4
chillu_conjunct	നില്ക്കുന്നതും	നില്ക്കുന്നതും	15	15
chillu_conjunct	നില്ക്കുന്നതും	നിൽക്കുന്നതും	0	1
chillu_conjunct	നില്ക്കുന്നത്	നില്ക്കുന്നത്	36	34
chillu_conjunct	നില്ക്കുന്നത്	നിൽക്കുന്നത്	0	1
chillu_conjunct	നില്ക്കുന്നവരോട്	നില്ക്കുന്നവരോട്	5	4
chillu_conjunct	നില്ക്കുന്നവരോട്	നിൽക്കുന്നവരോട്	0	1
chillu_conjunct	നില്ക്കുന്ന്	നില്ക്കുന്ന്	54	62
chillu_conjunct	നില്ക്കുന്ന്	നിൽക്കുന്ന്	0	4
chillu_conjunct	നില്ക്കുമ്പോൾ	നില്ക്കുമ്പോൾ	19	17
chillu_conjunct	നില്ക്കുമ്പോൾ	നിൽക്കുമ്പോൾ	0	3
chillu_conjunct	നില്ക്കുവാനും	നില്ക്കുവാനും	0	2
chillu_conjunct	നില്ക്കുവാനും	നിൽക്കുവാനും	0	1
chillu_conjunct	നില്ക്കുവാൻ	നില്ക്കുവാൻ	0	14
chillu_conjunct	നില്ക്കുവാൻ	നിൽക്കുവാൻ	0	3
chillu_conjunct	നില്ക്കുവിൻ	നില്ക്കുവിൻ	0	6
chillu_conjunct	നില്ക്കുവിൻ	നിൽക്കുവിൻ	0	2
chillu_conjunct	നീതിമാന്മാർ	നീതിമാന്മാർ	25	29
chillu_conjunct	നീതിമാന്മാർ	നീതിമാൻമാർ	0	1
chillu_conjunct	പടിവാതില്ക്കൽ	പടിവാതില്ക്കൽ	18	18
chillu_conjunct	പടിവാതില്ക്കൽ	പടിവാതിൽക്കൽ	2	1
chillu_conjunct	പിന്തിരിഞ്ഞ്	പിന്തിരിഞ്ഞ്	12	16
chillu_conjunct	പിന്തിരിഞ്ഞ്	പിൻതിരിഞ്ഞ്	0	1
chillu_conjunct	പിന്തുടരുന്നത്	പിന്തുടരുന്നത്	5	3
chillu_conjunct	പിന്തുടരുന്നത്	പിൻതുടരുന്നത്	0	2
chillu_conjunct	പിന്തുടര്ന്ന്	പിന്തുടർന്ന്	58	67
chillu_conjunct	പിന്തുടര്ന്ന്	പിൻതുടർന്ന്	0	3
chillu_conjunct	പിന്മഴയും	പിന്മഴയും	2	2
chillu_conjunct	പിന്മഴയും	പിൻമഴയും	1	2
chillu_conjunct	പിന്മാറി	പിന്മാറി	2	2
chillu_conjunct	പിന്മാറി	പിൻമാറി	0	1
chillu_conjunct	പൊന്മാലയും	പൊന്മാലയും	2	2
chillu_conjunct	പൊന്മാലയും	പൊൻമാലയും	1	1
chillu_conjunct	ബലാല്ക്കാരം	ബലാല്ക്കാരം	10	8
chillu_conjunct	ബലാല്ക്കാരം	ബലാൽക്കാരം	4	5
chillu_conjunct	ബില്ദാദ്	ബിൽദാദ്	3	7
chillu_conjunct	ബില്ദാദ്	ബില്ദാദ്	1	1
chillu_conjunct	മല്ക്കീസേദെക്കിന്റെ	മൽക്കീസേദെക്കിന്റെ	5	7
chillu_conjunct	മല്ക്കീസേദെക്കിന്റെ	മല്ക്കീസേദെക്കിന്റെ	1	2
chillu_conjunct	മുന്മഴയും	മുന്മഴയും	2	2
chillu_conjunct	മുന്മഴയും	മുൻമഴയും	2	2
chillu_conjunct	മേച്ചില്പുറത്തെ	മേച്ചില്പുറത്തെ	0	4
chillu_conjunct	മേച്ചില്പുറത്തെ	മേച്ചിൽപുറത്തെ	0	1
chillu_conjunct	മേല്ത്തരമായ	മേല്ത്തരമായ	1	8
chillu_conjunct	മേല്ത്തരമായ	മേൽത്തരമായ	0	2
chillu_conjunct	യിസ്രയേല്ക്കാരത്തിയായ	യിസ്രയേൽക്കാരത്തിയായ	0	2
chillu_conjunct	യിസ്രയേല്ക്കാരത്തിയായ	യിസ്രയേല്ക്കാരത്തിയായ	0	1
chillu_conjunct	യിസ്രായേലിന്മേൽ	യിസ്രായേലിന്മേൽ	9	12
chillu_conjunct	യിസ്രായേലിന്മേൽ	യിസ്രായേലിൻമേൽ	1	1
chillu_conjunct	രാജാക്കന്മാരുടെ	രാജാക്കന്മാരുടെ	35	88
chillu_conjunct	രാജാക്കന്മാരുടെ	രാജാക്കൻമാരുടെ	0	2
chillu_conjunct	വാതില്ക്കല്വച്ച്	വാതിൽക്കൽവച്ച്	0	6
chillu_conjunct	വാതില്ക്കല്വച്ച്	വാതില്ക്കൽവച്ച്	0	2
chillu_conjunct	വാതില്ക്കൽ	വാതില്ക്കൽ	36	60
chillu_conjunct	വാതില്ക്കൽ	വാതിൽക്കൽ	43	15
chillu_conjunct	വീരന്മാർ	വീരന്മാർ	16	19
chillu_conjunct	വീരന്മാർ	വീരൻമാർ	0	1
chillu_conjunct	വേനല്ക്കാലത്ത്	വേനല്ക്കാലത്ത്	4	4
chillu_conjunct	വേനല്ക്കാലത്ത്	വേനൽക്കാലത്ത്	0	1
chillu_conjunct	ശിഷ്യന്മാര്ക്ക്	ശിഷ്യന്മാർക്ക്	6	6
chillu_conjunct	ശിഷ്യന്മാര്ക്ക്	ശിഷ്യൻമാർക്ക്	0	1
chillu_conjunct	ശെയല്തീയേലിന്റെ	ശെയല്തീയേലിന്റെ	5	4
chillu_conjunct	ശെയല്തീയേലിന്റെ	ശെയൽതീയേലിന്റെ	4	1
chillu_conjunct	ഷണ്ഡന്മാർ	ഷണ്ഡന്മാർ	2	4
chillu_conjunct	ഷണ്ഡന്മാർ	ഷണ്ഡൻമാർ	0	1
chillu_conjunct	സല്മോൻ	സൽമോൻ	1	2
chillu_conjunct	സല്മോൻ	സല്മോൻ	2	1
chillu_conjunct	സഹോദരന്മാർ	സഹോദരന്മാർ	76	81
chillu_conjunct	സഹോദരന്മാർ	സഹോദരൻമാർ	0	1
chillu_conjunct	ഹില്ക്കീയാവ്	ഹില്ക്കീയാവ്	8	8
chillu_conjunct	ഹില്ക്കീയാവ്	ഹിൽക്കീയാവ്	0	1
gemination	അഗ്രചർമം	അഗ്രചർമ്മം	10	8
gemination	അഗ്രചർമം	അഗ്രചർമം	0	1
gemination	അതിന്	അതിന്	0	775
gemination	അതിന്	അതിന്ന്	710	1
gemination	അതിപഴവും	അത്തിപ്പഴവും	6	5
gemination	അതിപഴവും	അത്തിപഴവും	0	1
gemination	അപൂർവകാര്യം	അപൂർവകാര്യം	0	2
gemination	അപൂർവകാര്യം	അപൂർവ്വകാര്യം	0	1
gemination	അബീയാവ്	അബീയാവ്	15	16
gemination	അബീയാവ്	അബ്ബീയാവ്	1	1
gemination	അമ്പെയ്ത്	അമ്പെയ്ത്	1	2
gemination	അമ്പെയ്ത്	അമ്പെയ്ത്ത്	0	1
gemination	അരുളിചെയ്തിരിക്കുനത്	അരുളിച്ചെയ്തിരിക്കുന്നത്	12	12
gemination	അരുളിചെയ്തിരിക്കുനത്	അരുളിചെയ്തിരിക്കുന്നത്	0	1
gemination	അരുളിചെയ്തിരുന്	അരുളിച്ചെയ്തിരുന്ന്	3	2
gemination	അരുളിചെയ്തിരുന്	അരുളിചെയ്തിരുന്ന്	0	1
gemination	അവ	അവ	314	377
gemination	അവ	അവ്വ	1	1
gemination	അവിടെതനെ	അവിടെത്തന്നെ	3	8
gemination	അവിടെതനെ	അവിടെതന്നെ	0	3
gemination	അശൂർ	അശ്ശൂർ	22	76
gemination	അശൂർ	അശൂർ	0	1
gemination	അശൂർരാജാവിന്റെ	അശ്ശൂർരാജാവിന്റെ	18	16
gemination	അശൂർരാജാവിന്റെ	അശൂർരാജാവിന്റെ	0	1
gemination	ആയുസിന്റെ	ആയുസ്സിന്റെ	3	8
gemination	ആയുസിന്റെ	ആയുസിന്റെ	0	2
gemination	ഇടതുഭാഗത്	ഇടത്തുഭാഗത്ത്	7	6
gemination	ഇടതുഭാഗത്	ഇടതുഭാഗത്ത്	0	1
gemination	ഇല	ഇല്ല	219	227
gemination	ഇല	ഇല	12	13
gemination	ഇവ	ഇവ	91	100
gemination	ഇവ	ഇവ്വ	2	2
gemination	ഉലയുടെ	ഉലയുടെ	3	3
gemination	ഉലയുടെ	ഉല്ലയുടെ	1	1
gemination	ഉൽപതി	ഉൽപത്തി	0	3
gemination	ഉൽപതി	ഉൽപ്പത്തി	0	1
gemination	എലാം	എല്ലാം	263	402
gemination	എലാം	എലാം	0	1
gemination	എലീഫേലെത്	എലീഫേലെത്ത്	7	7
gemination	എലീഫേലെത്	എലീഫേലെത്	1	1
gemination	എഴുതും	എഴുതും	6	7
gemination	എഴുതും	എഴുത്തും	7	6
gemination	ഏലാം	ഏലാം	7	8
gemination	ഏലാം	ഏല്ലാം	0	1
gemination	ഓടിപോകുന്	ഓടിപ്പോകുന്ന്	10	16
gemination	ഓടിപോകുന്	ഓടിപോകുന്ന്	0	1
gemination	ഓടിപോയ	ഓടിപ്പോയ	1	2
gemination	ഓടിപോയ	ഓടിപോയ	0	1
gemination	ഓരോനിനും	ഓരോന്നിനും	0	8
gemination	ഓരോനിനും	ഓരോന്നിന്നും	8	1
gemination	ഓർമിപിക്കുന്	ഓർമ്മിപ്പിക്കുന്ന്	0	6
gemination	ഓർമിപിക്കുന്	ഓർമിപ്പിക്കുന്ന്	0	1
gemination	കണിയും	കണിയും	9	2
gemination	കണിയും	കണ്ണിയും	5	2
gemination	കയ്പ്	കയ്പ്	0	2
gemination	കയ്പ്	കയ്പ്പ്	0	1
gemination	കള	കള	6	7
gemination	കള	കള്ള	2	4
gemination	കളം	കള്ളം	0	5
gemination	കളം	കളം	1	3
gemination	കളസത്യം	കള്ളസ്സത്യം	9	7
gemination	കളസത്യം	കള്ളസത്യം	1	3
gemination	കളസാക്ഷ്യം	കള്ളസാക്ഷ്യം	2	9
gemination	കളസാക്ഷ്യം	കള്ളസ്സാക്ഷ്യം	9	2
gemination	കഴിയാതവണം	കഴിയാതവണ്ണം	16	7
gemination	കഴിയാതവണം	കഴിയാത്തവണ്ണം	0	3
gemination	കാണാതവണം	കാണാതവണ്ണം	12	2
gemination	കാണാതവണം	കാണാത്തവണ്ണം	0	1
gemination	കാത്	കാത്ത്	19	14
gemination	കാത്	കാത്	6	5
gemination	കാവൽപുരമുറ്റത്	കാവൽപ്പുരമുറ്റത്ത്	0	5
gemination	കാവൽപുരമുറ്റത്	കാവൽപുരമുറ്റത്ത്	6	1
gemination	കാൽചട്ടയും	കാൽചട്ടയും	2	2
gemination	കാൽചട്ടയും	കാൽച്ചട്ടയും	1	1
gemination	കീഴ്പെടുതി	കീഴ്പെടുത്തി	2	3
gemination	കീഴ്പെടുതി	കീഴ്പ്പെടുത്തി	0	1
gemination	കെനസിന്റെ	കെനസിന്റെ	4	4
gemination	കെനസിന്റെ	കെനസ്സിന്റെ	1	1
gemination	കൈയിൽ	കൈയിൽ	3	2
gemination	കൈയിൽ	കൈയ്യിൽ	0	2
gemination	കൊതി	കൊത്തി	5	4
gemination	കൊതി	കൊതി	1	1
gemination	കൊതിച്	കൊതിച്ച്	3	2
gemination	കൊതിച്	കൊത്തിച്ച്	2	2
gemination	കൊയ്ത്	കൊയ്ത്ത്	9	9
gemination	കൊയ്ത്	കൊയ്ത്	2	2
gemination	ഗൃഹതിന്	ഗൃഹത്തിന്	0	17
gemination	ഗൃഹതിന്	ഗൃഹത്തിന്ന്	13	1
gemination	ഗ്രന്ഥകർതൃത്വം	ഗ്രന്ഥകർതൃത്വം	0	4
gemination	ഗ്രന്ഥകർതൃത്വം	ഗ്രന്ഥകർത്തൃത്വം	0	4
gemination	ഗർജിക്കും	ഗർജ്ജിക്കും	2	3
gemination	ഗർജിക്കും	ഗർജിക്കും	0	1
gemination	ചെയാതവണം	ചെയ്യാതവണ്ണം	12	3
gemination	ചെയാതവണം	ചെയ്യാത്തവണ്ണം	0	1
gemination	ചെലവും	ചെല്ലവും	2	2
gemination	ചെലവും	ചെലവും	1	1
gemination	ജനതിന്	ജനത്തിന്	0	103
gemination	ജനതിന്	ജനത്തിന്ന്	99	1
gemination	തയാറായി	തയ്യാറായി	0	5
gemination	തയാറായി	തയാറായി	0	1
gemination	തളിപറഞ്	തള്ളിപ്പറഞ്ഞ്	7	8
gemination	തളിപറഞ്	തള്ളിപറഞ്ഞ്	0	1
gemination	തീയതി	തീയതി	0	85
gemination	തീയതി	തീയ്യതി	1	1
gemination	തുലാസിൽ	തുലാസിൽ	3	3
gemination	തുലാസിൽ	തുലാസ്സിൽ	1	1
gemination	തുലാസ്	തുലാസ്	1	2
gemination	തുലാസ്	തുലാസ്സ്	1	1
gemination	തുല്യം	തുല്യം	8	14
gemination	തുല്യം	തുല്ല്യം	0	1
gemination	തോട്ടിനരികെ	തോട്ടിനരികെ	0	5
gemination	തോട്ടിനരികെ	തോട്ടിന്നരികെ	6	2
gemination	ദുർമാർഗം	ദുർമ്മാർഗ്ഗം	10	8
gemination	ദുർമാർഗം	ദുർമാർഗ്ഗം	0	2
gemination	ദുർമാർഗവും	ദുർമ്മാർഗ്ഗവും	3	2
gemination	ദുർമാർഗവും	ദുർമാർഗ്ഗവും	0	1
gemination	ധൂപവർഗം	ധൂപവർഗ്ഗം	20	16
gemination	ധൂപവർഗം	ധൂപവർഗം	0	1
gemination	നശിപിക്കേണ്ടതിന്	നശിപ്പിക്കേണ്ടതിന്	0	17
gemination	നശിപിക്കേണ്ടതിന്	നശിപ്പിക്കേണ്ടതിന്ന്	13	3
gemination	നാമതിനുവേണ്ടി	നാമത്തിനുവേണ്ടി	0	3
gemination	നാമതിനുവേണ്ടി	നാമത്തിന്നുവേണ്ടി	1	1
gemination	നിയമപെട്ടകം	നിയമപെട്ടകം	26	47
gemination	നിയമപെട്ടകം	നിയമപ്പെട്ടകം	4	6
gemination	നിശേഷം	നിശ്ശേഷം	0	4
gemination	നിശേഷം	നിശേഷം	0	2
gemination	നിർദേശം	നിർദ്ദേശം	0	3
gemination	നിർദേശം	നിർദേശം	0	1
gemination	നിർബന്ധിച്	നിർബ്ബന്ധിച്ച്	6	16
gemination	നിർബന്ധിച്	നിർബന്ധിച്ച്	9	3
gemination	നിർവഹിചത്	നിർവ്വഹിച്ചത്	0	2
gemination	നിർവഹിചത്	നിർവഹിച്ചത്	0	1
gemination	നെതോഫാത്യനായ	നെതോഫാത്യനായ	5	5
gemination	നെതോഫാത്യനായ	നെത്തോഫാത്യനായ	1	1
gemination	നെബൂഖദ്നേസരിന്റെ	നെബൂഖദ്നേസരിന്റെ	16	20
gemination	നെബൂഖദ്നേസരിന്റെ	നെബൂഖദ്നേസ്സരിന്റെ	0	1
gemination	നെബൂഖദ്നേസർ	നെബൂഖദ്നേസർ	41	60
gemination	നെബൂഖദ്നേസർ	നെബൂഖദ്നേസ്സർ	0	1
gemination	പകുതിപേർ	പകുതിപേർ	0	4
gemination	പകുതിപേർ	പകുതിപ്പേർ	0	1
gemination	പട്ടണതിനകത്	പട്ടണത്തിനകത്ത്	0	4
gemination	പട്ടണതിനകത്	പട്ടണത്തിന്നകത്ത്	4	1
gemination	പതിനാല്	പതിനാല്	1	17
gemination	പതിനാല്	പതിന്നാല്	16	2
gemination	പനി	പനി	3	5
gemination	പനി	പന്നി	3	3
gemination	പഹത്-മോവാബിന്റെ	പഹത്ത്-മോവാബിന്റെ	4	4
gemination	പഹത്-മോവാബിന്റെ	പഹത്-മോവാബിന്റെ	1	1
gemination	പാപയാഗതിനായി	പാപയാഗത്തിനായി	0	31
gemination	പാപയാഗതിനായി	പാപയാഗത്തിന്നായി	29	1
gemination	പിടിക്കപെടും	പിടിക്കപ്പെടും	2	7
gemination	പിടിക്കപെടും	പിടിക്കപെടും	0	1
gemination	പിതാക്കന്മാരെപോലെ	പിതാക്കന്മാരെപ്പോലെ	45	46
gemination	പിതാക്കന്മാരെപോലെ	പിതാക്കന്മാരെപോലെ	1	2
gemination	പൂർവ	പൂർവ്വ	1	79
gemination	പൂർവ	പൂർവ	0	1
gemination	പൂർവപിതാവായ	പൂർവപിതാവായ	0	3
gemination	പൂർവപിതാവായ	പൂർവ്വപിതാവായ	1	3
gemination	പെരുഞാറ	പെരുഞാറ	2	2
gemination	പെരുഞാറ	പെരുഞ്ഞാറ	0	1
gemination	പേരെസിന്റെ	പേരെസിന്റെ	3	4
gemination	പേരെസിന്റെ	പേരെസ്സിന്റെ	3	3
gemination	പേരെസ്	പേരെസ്	2	2
gemination	പേരെസ്	പേരെസ്സ്	0	2
gemination	പർവതം	പർവ്വതം	15	17
gemination	പർവതം	പർവതം	0	1
gemination	ബെനായാവ്	ബെനായാവ്	24	24
gemination	ബെനായാവ്	ബെനായ്യാവ്	1	2
gemination	ബേത്	ബേത്	0	2
gemination	ബേത്	ബേത്ത്	10	2
gemination	ഭണ്ഡാരതിനും	ഭണ്ഡാരത്തിനും	0	3
gemination	ഭണ്ഡാരതിനും	ഭണ്ഡാരത്തിന്നും	4	1
gemination	ഭയപെടേണ്ടതിന്	ഭയപ്പെടേണ്ടതിന്	0	5
gemination	ഭയപെടേണ്ടതിന്	ഭയപ്പെടേണ്ടതിന്ന്	7	1
gemination	മടങിപോയി	മടങ്ങിപ്പോയി	46	51
gemination	മടങിപോയി	മടങ്ങിപോയി	0	1
gemination	മന	മന്ന	5	9
gemination	മന	മന	0	2
gemination	മനസിലാക്കിയ	മനസ്സിലാക്കിയ	0	3
gemination	മനസിലാക്കിയ	മനസിലാക്കിയ	0	1
gemination	മനസ്	മനസ്സ്	59	62
gemination	മനസ്	മനസ്	0	1
gemination	മരിചവരെപോലെ	മരിച്ചവരെപ്പോലെ	3	2
gemination	മരിചവരെപോലെ	മരിച്ചവരെപോലെ	0	1
gemination	മഹത്വം	മഹത്വം	88	76
gemination	മഹത്വം	മഹത്ത്വം	0	25
gemination	മഹത്വംകൊണ്ട്	മഹത്വംകൊണ്ട്	3	2
gemination	മഹത്വംകൊണ്ട്	മഹത്ത്വംകൊണ്ട്	0	1
gemination	മഹത്വതിനായി	മഹത്വത്തിനായി	0	6
gemination	മഹത്വതിനായി	മഹത്ത്വത്തിനായി	0	1
gemination	മഹത്വതിന്	മഹത്വത്തിന്	0	3
gemination	മഹത്വതിന്	മഹത്ത്വത്തിന്	0	1
gemination	മഹത്വതിന്റെ	മഹത്വത്തിന്റെ	17	18
gemination	മഹത്വതിന്റെ	മഹത്ത്വത്തിന്റെ	0	1
gemination	മഹത്വതിൽ	മഹത്വത്തിൽ	8	7
gemination	മഹത്വതിൽ	മഹത്ത്വത്തിൽ	0	1
gemination	മഹത്വതെ	മഹത്വത്തെ	8	4
gemination	മഹത്വതെ	മഹത്ത്വത്തെ	0	3
gemination	മഹത്വതെയും	മഹത്വത്തെയും	5	5
gemination	മഹത്വതെയും	മഹത്ത്വത്തെയും	0	2
gemination	മഹത്വപെടുതിയിരിക്കുന്	മഹത്വപ്പെടുത്തിയിരിക്കുന്ന്	1	2
gemination	മഹത്വപെടുതിയിരിക്കുന്	മഹത്ത്വപ്പെടുത്തിയിരിക്കുന്ന്	0	1
gemination	മഹത്വപെടുതുന്	മഹത്വപ്പെടുത്തുന്ന്	2	2
gemination	മഹത്വപെടുതുന്	മഹത്ത്വപ്പെടുത്തുന്ന്	0	1
gemination	മഹത്വപെടുതുവിൻ	മഹത്വപ്പെടുത്തുവിൻ	3	2
gemination	മഹത്വപെടുതുവിൻ	മഹത്ത്വപ്പെടുത്തുവിൻ	0	1
gemination	മഹത്വപെടേണ്ടതിന്	മഹത്വപ്പെടേണ്ടതിന്	0	2
gemination	മഹത്വപെടേണ്ടതിന്	മഹത്ത്വപ്പെടേണ്ടതിന്	0	1
gemination	മഹത്വമുള	മഹത്വമുള്ള	17	12
gemination	മഹത്വമുള	മഹത്ത്വമുള്ള	0	9
gemination	മഹത്വവും	മഹത്വവും	50	45
gemination	മഹത്വവും	മഹത്ത്വവും	0	15
gemination	മഹത്വീകരിക്കും	മഹത്വീകരിക്കും	3	3
gemination	മഹത്വീകരിക്കും	മഹത്ത്വീകരിക്കും	0	1
gemination	മാറിപോകുവിൻ	മാറിപ്പോകുവിൻ	4	4
gemination	മാറിപോകുവിൻ	മാറിപോകുവിൻ	0	1
gemination	മാർവിൽ	മാർവിൽ	0	2
gemination	മാർവിൽ	മാർവ്വിൽ	2	2
gemination	മുൾപടർപിനെ	മുൾപ്പടർപ്പിനെ	1	2
gemination	മുൾപടർപിനെ	മുൾപടർപ്പിനെ	1	1
gemination	മുൾപടർപ്	മുൾപടർപ്പ്	5	5
gemination	മുൾപടർപ്	മുൾപ്പടർപ്പ്	1	1
gemination	മെസൊപൊതാമ്യയിലെ	മെസൊപ്പൊത്താമ്യയിലെ	0	2
gemination	മെസൊപൊതാമ്യയിലെ	മെസൊപൊത്താമ്യയിലെ	1	1
gemination	മൊർദെഖായി	മൊർദ്ദെഖായി	24	26
gemination	മൊർദെഖായി	മൊർദെഖായി	1	5
gemination	യാഗപീഠതിനരികെ	യാഗപീഠത്തിന്നരികെ	3	2
gemination	യാഗപീഠതിനരികെ	യാഗപീഠത്തിനരികെ	0	1
gemination	യിശ്യാവ്	യിശ്ശ്യാവ്	1	2
gemination	യിശ്യാവ്	യിശ്യാവ്	2	1
gemination	യോർദാനക്കരെ	യോർദ്ദാനക്കരെ	0	28
gemination	യോർദാനക്കരെ	യോർദാനക്കരെ	0	1
gemination	യോർദാനിലേക്ക്	യോർദ്ദാനിലേക്ക്	1	4
gemination	യോർദാനിലേക്ക്	യോർദാനിലേക്ക്	0	1
gemination	യോർദാനിൽ	യോർദ്ദാനിൽ	4	12
gemination	യോർദാനിൽ	യോർദാനിൽ	0	1
gemination	യോർദാൻ	യോർദ്ദാൻ	51	77
gemination	യോർദാൻ	യോർദാൻ	0	2
gemination	യൗവനം	യൗവനം	3	2
gemination	യൗവനം	യൗവ്വനം	0	1
gemination	യൗവനക്കാർ	യൗവനക്കാർ	15	19
gemination	യൗവനക്കാർ	യൗവ്വനക്കാർ	2	1
gemination	യൗവനതിലെ	യൗവനത്തിലെ	11	11
gemination	യൗവനതിലെ	യൗവ്വനത്തിലെ	0	2
gemination	യൗവനതിൽ	യൗവനത്തിൽ	6	7
gemination	യൗവനതിൽ	യൗവ്വനത്തിൽ	0	1
gemination	രക്ഷപെടും	രക്ഷപെടും	0	7
gemination	രക്ഷപെടും	രക്ഷപ്പെടും	7	2
gemination	രക്ഷപെടുകയില	രക്ഷപെടുകയില്ല	0	4
gemination	രക്ഷപെടുകയില	രക്ഷപ്പെടുകയില്ല	1	2
gemination	രക്ഷപെടുവാൻ	രക്ഷപെടുവാൻ	0	6
gemination	രക്ഷപെടുവാൻ	രക്ഷപ്പെടുവാൻ	2	1
gemination	രക്ഷപെടേണ്ടതിന്	രക്ഷപ്പെടേണ്ടതിന്	0	3
gemination	രക്ഷപെടേണ്ടതിന്	രക്ഷപെടേണ്ടതിന്	0	1
gemination	രക്ഷപെട്ട	രക്ഷപെട്ട	0	4
gemination	രക്ഷപെട്ട	രക്ഷപ്പെട്ട	1	2
gemination	രക്ഷപെട്ടില	രക്ഷപെട്ടില്ല	0	2
gemination	രക്ഷപെട്ടില	രക്ഷപ്പെട്ടില്ല	0	1
gemination	രക്ഷപെട്ട്	രക്ഷപ്പെട്ട്	5	15
gemination	രക്ഷപെട്ട്	രക്ഷപെട്ട്	0	4
gemination	രാപകൽ	രാപ്പകൽ	12	10
gemination	രാപകൽ	രാപകൽ	3	3
gemination	വന	വന്ന	62	70
gemination	വന	വന	0	1
gemination	വനതിന്	വന്നതിന്	0	3
gemination	വനതിന്	വനത്തിന്	0	1
gemination	വയസ്	വയസ്സ്	62	66
gemination	വയസ്	വയസ്	0	1
gemination	വല	വല്ല	63	54
gemination	വല	വല	27	28
gemination	വലതും	വല്ലതും	58	44
gemination	വലതും	വലത്തും	14	14
gemination	വലതുകാതിന്റെ	വലതുകാതിന്റെ	0	3
gemination	വലതുകാതിന്റെ	വലത്തുകാതിന്റെ	0	1
gemination	വലതുകാലിന്റെ	വലത്തുകാലിന്റെ	2	3
gemination	വലതുകാലിന്റെ	വലതുകാലിന്റെ	0	1
gemination	വലതുകൈയുടെ	വലതുകൈയുടെ	0	3
gemination	വലതുകൈയുടെ	വലത്തുകൈയുടെ	0	2
gemination	വലത്	വലത്	0	2
gemination	വലത്	വലത്ത്	12	2
gemination	വളിതല	വള്ളിത്തല	6	6
gemination	വളിതല	വള്ളിതല	0	1
gemination	വായ്പ	വായ്പ	7	11
gemination	വായ്പ	വായ്പ്പ	0	3
gemination	വെളി	വെള്ളി	65	86
gemination	വെളി	വെളി	0	4
gemination	വെളിപാത്രം	വെള്ളിപ്പാത്രം	3	2
gemination	വെളിപാത്രം	വെള്ളിപാത്രം	0	1
gemination	വെളിയിൽ	വെളിയിൽ	12	10
gemination	വെളിയിൽ	വെള്ളിയിൽ	0	1
gemination	ശെയല്തീയേലിന്റെ	ശെയല്ത്തീയേലിന്റെ	0	6
gemination	ശെയല്തീയേലിന്റെ	ശെയല്തീയേലിന്റെ	5	4
gemination	ശെയല്തീയേൽ	ശെയല്തീയേൽ	1	2
gemination	ശെയല്തീയേൽ	ശെയല്ത്തീയേൽ	1	1
gemination	സകലജനതിനും	സകലജനത്തിനും	1	13
gemination	സകലജനതിനും	സകലജനത്തിന്നും	14	1
gemination	സാക്ഷ്യപെട്ടകം	സാക്ഷ്യപെട്ടകം	6	6
gemination	സാക്ഷ്യപെട്ടകം	സാക്ഷ്യപ്പെട്ടകം	1	1
gemination	സിബെഖായി	സിബ്ബെഖായി	3	3
gemination	സിബെഖായി	സിബെഖായി	1	1
gemination	സെരായാവ്	സെരായാവ്	7	8
gemination	സെരായാവ്	സെരായ്യാവ്	1	1
gemination	സ്വർഗതിൽ	സ്വർഗ്ഗത്തിൽ	88	59
gemination	സ്വർഗതിൽ	സ്വർഗത്തിൽ	0	1
gemination	സ്വർഗീയ	സ്വർഗീയ	0	4
gemination	സ്വർഗീയ	സ്വർഗ്ഗീയ	3	3
gemination	സ്വർണം	സ്വർണ്ണം	1	7
gemination	സ്വർണം	സ്വർണം	0	3
gemination	സ്വർണവും	സ്വർണവും	0	4
gemination	സ്വർണവും	സ്വർണ്ണവും	2	4
gemination	സർവജനതിന്റെയും	സർവ്വജനത്തിന്റെയും	5	3
gemination	സർവജനതിന്റെയും	സർവജനത്തിന്റെയും	0	1
gemination	സർവജനതെയും	സർവ്വജനത്തെയും	6	6
gemination	സർവജനതെയും	സർവജനത്തെയും	0	1
gemination	ഹക്കോസിന്റെ	ഹക്കോസിന്റെ	3	3
gemination	ഹക്കോസിന്റെ	ഹക്കോസ്സിന്റെ	1	1
gemination	ഹിസ്കീയാവിന്	ഹിസ്കീയാവിന്	0	7
gemination	ഹിസ്കീയാവിന്	ഹിസ്കീയാവിന്ന്	9	1
gemination	ഹോമയാഗതിനുള	ഹോമയാഗത്തിനുള്ള	0	5
gemination	ഹോമയാഗതിനുള	ഹോമയാഗത്തിന്നുള്ള	6	1
vowel_length	അകമെയൊ	അകമേയോ	0	2
vowel_length	അകമെയൊ	അകമെയോ	2	1
vowel_length	അന്ത്യൊക്യ	അന്ത്യൊക്യ	0	2
vowel_length	അന്ത്യൊക്യ	അന്ത്യോക്യ	1	1
vowel_length	അപ്പൊസ്തലനായ	അപ്പോസ്തലനായ	0	7
vowel_length	അപ്പൊസ്തലനായ	അപ്പൊസ്തലനായ	33	6
vowel_length	അപ്പൊസ്തലന്മാരിൽ	അപ്പൊസ്തലന്മാരിൽ	3	4
vowel_length	അപ്പൊസ്തലന്മാരിൽ	അപ്പോസ്തലന്മാരിൽ	0	1
vowel_length	അപ്പൊസ്തലൻ	അപ്പോസ്തലൻ	0	10
vowel_length	അപ്പൊസ്തലൻ	അപ്പൊസ്തലൻ	3	3
vowel_length	അബിഗയിൽ	അബീഗയിൽ	10	11
vowel_length	അബിഗയിൽ	അബിഗയിൽ	1	1
vowel_length	അബിനാദാബിനെയും	അബീനാദാബിനെയും	3	3
vowel_length	അബിനാദാബിനെയും	അബിനാദാബിനെയും	1	1
vowel_length	അബിമെലെക്കും	അബീമേലെക്കും	7	8
vowel_length	അബിമെലെക്കും	അബിമേലെക്കും	1	1
vowel_length	അബിമെലെക്കും	അബീമെലെക്കും	0	1
vowel_length	അബിമെലെക്ക്	അബീമേലെക്ക്	25	26
vowel_length	അബിമെലെക്ക്	അബിമേലെക്ക്	1	1
vowel_length	അബിയെസെർ	അബീയേസെർ	2	4
vowel_length	അബിയെസെർ	അബിയേസെർ	1	1
vowel_length	അമ്മയെയും	അമ്മയെയും	34	34
vowel_length	അമ്മയെയും	അമ്മയേയും	2	1
vowel_length	അമ്മൊന്യരുടെയും	അമ്മോന്യരുടെയും	2	3
vowel_length	അമ്മൊന്യരുടെയും	അമ്മോന്യരുടേയും	0	1
vowel_length	അമ്മൊന്യരെയും	അമ്മോന്യരെയും	2	2
vowel_length	അമ്മൊന്യരെയും	അമ്മോന്യരേയും	1	1
vowel_length	അയിൻ	അയീൻ	2	2
vowel_length	അയിൻ	അയിൻ	1	1
vowel_length	അറിഞ്ഞുകൊൾവിൻ	അറിഞ്ഞുകൊൾവിൻ	15	9
vowel_length	അറിഞ്ഞുകൊൾവിൻ	അറിഞ്ഞുകൊൾവീൻ	0	1
vowel_length	അവനെക്കാൾ	അവനെക്കാൾ	8	5
vowel_length	അവനെക്കാൾ	അവനേക്കാൾ	0	3
vowel_length	അവരെയും	അവരെയും	23	23
vowel_length	അവരെയും	അവരേയും	1	1
vowel_length	അശ്ശുരിന്റെ	അശ്ശൂരിന്റെ	1	2
vowel_length	അശ്ശുരിന്റെ	അശ്ശുരിന്റെ	0	1
vowel_length	അഹിയാവ്	അഹീയാവ്	5	10
vowel_length	അഹിയാവ്	അഹിയാവ്	3	1
vowel_length	അഹിയെസെർ	അഹീയേസെർ	3	3
vowel_length	അഹിയെസെർ	അഹീയേസേർ	1	1
vowel_length	ആടുകളെയും	ആടുകളെയും	21	26
vowel_length	ആടുകളെയും	ആടുകളേയും	0	1
vowel_length	ആണല്ലൊ	ആണല്ലോ	0	3
vowel_length	ആണല്ലൊ	ആണല്ലൊ	0	1
vowel_length	ആശിർവാദവും	ആശീർവാദവും	0	2
vowel_length	ആശിർവാദവും	ആശിർവാദവും	0	1
vowel_length	ഉന്നി	ഊന്നി	3	3
vowel_length	ഉന്നി	ഉന്നി	2	2
vowel_length	ഉരിയാവ്	ഊരീയാവ്	10	11
vowel_length	ഉരിയാവ്	ഊരിയാവ്	1	1
vowel_length	ഉസ്സിയാവിനെ	ഉസ്സിയാവിനെ	0	2
vowel_length	ഉസ്സിയാവിനെ	ഉസ്സീയാവിനെ	0	1
vowel_length	ഉസ്സിയാവ്	ഉസ്സീയാവ്	13	15
vowel_length	ഉസ്സിയാവ്	ഉസ്സിയാവ്	0	1
vowel_length	എകനായി	ഏകനായി	15	14
vowel_length	എകനായി	എകനായി	0	1
vowel_length	എതിരെയുള്ള	എതിരെയുള്ള	6	10
vowel_length	എതിരെയുള്ള	എതിരേയുള്ള	0	1
vowel_length	എദെനിൽ	ഏദെനിൽ	2	2
vowel_length	എദെനിൽ	എദെനിൽ	0	1
vowel_length	എദൊം	ഏദോം	4	24
vowel_length	എദൊം	എദോം	13	1
vowel_length	എദൊമിലെ	ഏദോമിലെ	0	2
vowel_length	എദൊമിലെ	എദോമിലെ	3	1
vowel_length	എനൊശ്	ഏനോശ്	1	3
vowel_length	എനൊശ്	എനോശ്	3	1
vowel_length	എന്നെക്കാൾ	എന്നെക്കാൾ	10	6
vowel_length	എന്നെക്കാൾ	എന്നേക്കാൾ	0	5
vowel_length	എന്നെത്തന്നെ	എന്നെത്തന്നെ	0	27
vowel_length	എന്നെത്തന്നെ	എന്നേത്തന്നെ	0	1
vowel_length	എഫെസൊസിലെ	എഫെസൊസിലെ	1	5
vowel_length	എഫെസൊസിലെ	എഫെസോസിലെ	0	1
vowel_length	എഫെസൊസിൽ	എഫെസൊസിൽ	4	17
vowel_length	എഫെസൊസിൽ	എഫെസോസിൽ	4	3
vowel_length	എഫെസൊസ്	എഫെസൊസ്	1	2
vowel_length	എഫെസൊസ്	എഫേസോസ്	0	1
vowel_length	എഫൊദ്	ഏഫോദ്	11	16
vowel_length	എഫൊദ്	എഫോദ്	2	3
vowel_length	എലാം	ഏലാം	7	8
vowel_length	എലാം	എലാം	0	1
vowel_length	എലി	ഏലി	12	17
vowel_length	എലി	ഏലീ	2	2
vowel_length	എലി	എലി	1	1
vowel_length	എലിയാവിനെ	ഏലീയാവിനെ	1	4
vowel_length	എലിയാവിനെ	ഏലിയാവിനെ	0	2
vowel_length	എലിയാവും	ഏലിയാവും	0	4
vowel_length	എലിയാവും	ഏലീയാവും	3	4
vowel_length	എലിയാവ്	ഏലീയാവ്	49	39
vowel_length	എലിയാവ്	ഏലിയാവ്	0	14
vowel_length	എലിയാവ്	എലീയാവ്	2	2
vowel_length	എലിയെൽ	എലീയേൽ	7	7
vowel_length	എലിയെൽ	എലിയെൽ	0	1
vowel_length	എല്ലാം	എല്ലാം	263	402
vowel_length	എല്ലാം	ഏല്ലാം	0	1
vowel_length	എല്ലാറ്റിന്റെയും	എല്ലാറ്റിന്റെയും	5	4
vowel_length	എല്ലാറ്റിന്റെയും	എല്ലാറ്റിന്റേയും	0	1
vowel_length	എല്ലാവരും	എല്ലാവരും	322	381
vowel_length	എല്ലാവരും	ഏല്ലാവരും	0	2
vowel_length	എല്ലാവരെക്കാളും	എല്ലാവരെക്കാളും	9	8
vowel_length	എല്ലാവരെക്കാളും	എല്ലാവരേക്കാളും	0	2
vowel_length	എല്ലാവരെയും	എല്ലാവരെയും	51	68
vowel_length	എല്ലാവരെയും	എല്ലാവരേയും	0	11
vowel_length	എഴാം	ഏഴാം	95	101
vowel_length	എഴാം	എഴാം	0	1
vowel_length	ഒക്ക്	ഒക്ക്	0	3
vowel_length	ഒക്ക്	ഓക്ക്	0	1
vowel_length	ഒടിക്കുകയും	ഒടിക്കുകയും	0	2
vowel_length	ഒടിക്കുകയും	ഓടിക്കുകയും	0	2
vowel_length	ഒടിച്ചുകളഞ്ഞ്	ഓടിച്ചുകളഞ്ഞ്	8	15
vowel_length	ഒടിച്ചുകളഞ്ഞ്	ഒടിച്ചുകളഞ്ഞ്	6	7
vowel_length	ഒടിച്ചുകളയും	ഒടിച്ചുകളയും	9	9
vowel_length	ഒടിച്ചുകളയും	ഓടിച്ചുകളയും	9	9
vowel_length	ഒടിച്ചുകളയുകയില്ല	ഒടിച്ചുകളയുകയില്ല	0	2
vowel_length	ഒടിച്ചുകളയുകയില്ല	ഓടിച്ചുകളയുകയില്ല	0	1
vowel_length	ഒടിച്ചുകളയെണം	ഒടിച്ചുകളയേണം	3	3
vowel_length	ഒടിച്ചുകളയെണം	ഓടിച്ചുകളയേണം	1	1
vowel_length	ഒടിച്ച്	ഓടിച്ച്	8	10
vowel_length	ഒടിച്ച്	ഒടിച്ച്	9	7
vowel_length	ഒനെസിമൊസിന്	ഒനേസിമോസിന്	0	2
vowel_length	ഒനെസിമൊസിന്	ഒനേസിമൊസിന്	0	1
vowel_length	ഒനെസിമൊസ്	ഒനേസിമോസ്	0	3
vowel_length	ഒനെസിമൊസ്	ഒനേസിമൊസ്	1	1
vowel_length	ഒന്നിനെയും	ഒന്നിനെയും	14	10
vowel_length	ഒന്നിനെയും	ഒന്നിനേയും	0	2
vowel_length	ഒബെദ്-എദൊമിനെയും	ഓബേദ്-ഏദോമിനെയും	0	2
vowel_length	ഒബെദ്-എദൊമിനെയും	ഒബേദ്-ഏദോമിനെയും	0	1
vowel_length	ഒരുങ്ങിയിരിപ്പിൻ	ഒരുങ്ങിയിരിപ്പിൻ	5	4
vowel_length	ഒരുങ്ങിയിരിപ്പിൻ	ഒരുങ്ങിയിരിപ്പീൻ	0	1
vowel_length	ഒരൊ	ഓരോ	176	230
vowel_length	ഒരൊ	ഒരോ	0	3
vowel_length	ഒരൊരുത്തനും	ഓരോരുത്തനും	25	36
vowel_length	ഒരൊരുത്തനും	ഒരോരുത്തനും	0	2
vowel_length	ഒരൊരുത്തന്	ഓരോരുത്തന്	0	18
vowel_length	ഒരൊരുത്തന്	ഒരോരുത്തന്	0	1
vowel_length	ഒരൊരുത്തരുടെയും	ഓരോരുത്തരുടെയും	0	4
vowel_length	ഒരൊരുത്തരുടെയും	ഓരോരുത്തരുടേയും	0	2
vowel_length	ഒരൊരുത്തൻ	ഓരോരുത്തൻ	167	130
vowel_length	ഒരൊരുത്തൻ	ഒരോരുത്തൻ	4	4
vowel_length	ഒഹൊലിയാബും	ഒഹൊലിയാബും	0	2
vowel_length	ഒഹൊലിയാബും	ഒഹൊലീയാബും	2	1
vowel_length	ഒർത്തുകൊള്ളുവിൻ	ഓർത്തുകൊള്ളുവിൻ	0	7
vowel_length	ഒർത്തുകൊള്ളുവിൻ	ഓർത്തുകൊള്ളുവീൻ	0	2
vowel_length	കാണിക്കുവിൻ	കാണിക്കുവിൻ	0	7
vowel_length	കാണിക്കുവിൻ	കാണിക്കുവീൻ	0	1
vowel_length	കാണ്മിൻ	കാണ്മീൻ	0	3
vowel_length	കാണ്മിൻ	കാണ്മിൻ	4	1
vowel_length	കാളകളെയും	കാളകളെയും	18	32
vowel_length	കാളകളെയും	കാളകളേയും	0	1
vowel_length	കിഴക്കെഭാഗംമുതൽ	കിഴക്കെഭാഗംമുതൽ	8	11
vowel_length	കിഴക്കെഭാഗംമുതൽ	കിഴക്കേഭാഗംമുതൽ	1	1
vowel_length	കിഴടങ്ങുവിൻ	കീഴടങ്ങുവിൻ	6	6
vowel_length	കിഴടങ്ങുവിൻ	കീഴടങ്ങുവീൻ	0	1
vowel_length	കുടം	കുടം	4	4
vowel_length	കുടം	കൂടം	1	1
vowel_length	കുടിയിരിക്കുന്ന	കൂടിയിരിക്കുന്ന	5	5
vowel_length	കുടിയിരിക്കുന്ന	കുടിയിരിക്കുന്ന	2	1
vowel_length	കുട്ടി	കൂട്ടി	69	61
vowel_length	കുട്ടി	കുട്ടി	8	7
vowel_length	കുട്ടിയും	കുട്ടിയും	2	2
vowel_length	കുട്ടിയും	കൂട്ടിയും	1	1
vowel_length	കുതിരപ്പടയാളികളെയും	കുതിരപ്പടയാളികളേയും	0	5
vowel_length	കുതിരപ്പടയാളികളെയും	കുതിരപ്പടയാളികളെയും	3	2
vowel_length	കുതിരപ്പടയെയും	കുതിരപ്പടയേയും	0	3
vowel_length	കുതിരപ്പടയെയും	കുതിരപ്പടയെയും	3	1
vowel_length	കുപ്രൊസ്	കുപ്രൊസ്	4	4
vowel_length	കുപ്രൊസ്	കുപ്രോസ്	1	1
vowel_length	കുറെക്കാലം	കുറെക്കാലം	10	8
vowel_length	കുറെക്കാലം	കുറേക്കാലം	2	4
vowel_length	കുറെക്കുടെ	കുറെക്കൂടെ	4	3
vowel_length	കുറെക്കുടെ	കുറേക്കൂടെ	2	3
vowel_length	കുറെനാൾ	കുറേനാൾ	0	9
vowel_length	കുറെനാൾ	കുറെനാൾ	10	6
vowel_length	കെട്ടും	കെട്ടും	6	8
vowel_length	കെട്ടും	കേട്ടും	6	4
vowel_length	കെട്ടെണം	കെട്ടേണം	5	4
vowel_length	കെട്ടെണം	കെട്ടെണം	0	1
vowel_length	കെട്ട്	കേട്ട്	299	298
vowel_length	കെട്ട്	കെട്ട്	5	3
vowel_length	കൊടി	കൊടി	16	18
vowel_length	കൊടി	കോടി	0	1
vowel_length	കൊട്ട	കൊട്ട	13	17
vowel_length	കൊട്ട	കോട്ട	7	11
vowel_length	കൊട്ടയിൽ	കൊട്ടയിൽ	13	8
vowel_length	കൊട്ടയിൽ	കോട്ടയിൽ	6	8
vowel_length	കൊട്ടയും	കോട്ടയും	9	13
vowel_length	കൊട്ടയും	കൊട്ടയും	2	1
vowel_length	കൊണ്ടുവരുവിൻ	കൊണ്ടുവരുവിൻ	32	34
vowel_length	കൊണ്ടുവരുവിൻ	കൊണ്ടുവരുവീൻ	0	1
vowel_length	കൊരി	കൊരി	0	22
vowel_length	കൊരി	കോരി	9	2
vowel_length	കൊലൊ	കൊലൊ	0	5
vowel_length	കൊലൊ	കൊലോ	0	4
vowel_length	കൊലൊസ്സ്യ	കൊലോസ്സ്യ	0	2
vowel_length	കൊലൊസ്സ്യ	കൊലൊസ്സ്യ	0	1
vowel_length	കൊൾവിൻ	കൊൾവിൻ	16	9
vowel_length	കൊൾവിൻ	കൊൾവീൻ	0	1
vowel_length	ക്ലെമന്ത്	ക്ലെമന്ത്	0	3
vowel_length	ക്ലെമന്ത്	ക്ലേമന്ത്	1	1
vowel_length	ഗായൊസ്	ഗായൊസ്	2	2
vowel_length	ഗായൊസ്	ഗായോസ്	0	2
vowel_length	ചെയ്യുവിൻ	ചെയ്യുവിൻ	0	67
vowel_length	ചെയ്യുവിൻ	ചെയ്യുവീൻ	0	5
vowel_length	ചെയ്വിൻ	ചെയ്വിൻ	104	37
vowel_length	ചെയ്വിൻ	ചെയ്വീൻ	0	2
vowel_length	ചെറ്	ചെറ്	3	3
vowel_length	ചെറ്	ചേറ്	2	2
vowel_length	ചെവിതരുവിൻ	ചെവിതരുവിൻ	7	6
vowel_length	ചെവിതരുവിൻ	ചെവിതരുവീൻ	0	1
vowel_length	ജനതകളുടെയും	ജനതകളുടെയും	0	3
vowel_length	ജനതകളുടെയും	ജനതകളുടേയും	0	1
vowel_length	ജനതയെയും	ജനതയെയും	0	5
vowel_length	ജനതയെയും	ജനതയേയും	0	1
vowel_length	ജനത്തെയും	ജനത്തെയും	31	36
vowel_length	ജനത്തെയും	ജനത്തേയും	1	2
vowel_length	ജാഗ്രതയായിരിപ്പിൻ	ജാഗ്രതയായിരിപ്പീൻ	0	2
vowel_length	ജാഗ്രതയായിരിപ്പിൻ	ജാഗ്രതയായിരിപ്പിൻ	4	1
vowel_length	ജാതികളെയും	ജാതികളെയും	12	3
vowel_length	ജാതികളെയും	ജാതികളേയും	0	1
vowel_length	തന്നെത്തന്നെ	തന്നെത്തന്നെ	0	5
vowel_length	തന്നെത്തന്നെ	തന്നേത്തന്നെ	0	1
vowel_length	തന്നെത്താൻ	തന്നെത്താൻ	99	79
vowel_length	തന്നെത്താൻ	തന്നേത്താൻ	16	1
vowel_length	തന്നെയല്ലൊ	തന്നെയല്ലോ	3	8
vowel_length	തന്നെയല്ലൊ	തന്നേയല്ലോ	10	1
vowel_length	തന്നെയായിരുന്ന്	തന്നെയായിരുന്ന്	0	2
vowel_length	തന്നെയായിരുന്ന്	തന്നേയായിരുന്ന്	1	1
vowel_length	തലമുടി	തലമുടി	23	24
vowel_length	തലമുടി	തലമൂടി	0	2
vowel_length	തഹശുതൊൽ	തഹശുതോൽ	1	5
vowel_length	തഹശുതൊൽ	തഹശൂതോൽ	2	1
vowel_length	തഹശുതൊൽകൊണ്ടുള്ള	തഹശൂതോൽകൊണ്ടുള്ള	6	2
vowel_length	തഹശുതൊൽകൊണ്ടുള്ള	തഹശുതോൽകൊണ്ടുള്ള	1	1
vowel_length	തിമൊ	തിമൊ	0	8
vowel_length	തിമൊ	തിമോ	0	4
vowel_length	തിമൊഥെയൊസിനെ	തിമൊഥെയൊസിനെ	2	3
vowel_length	തിമൊഥെയൊസിനെ	തിമോഥെയോസിനെ	0	3
vowel_length	തിമൊഥെയൊസിനെ	തിമൊഥെയോസിനെ	1	1
vowel_length	തിമൊഥെയൊസിന്	തിമൊഥെയൊസിന്	0	2
vowel_length	തിമൊഥെയൊസിന്	തിമോഥെയോസിന്	0	2
vowel_length	തിമൊഥെയൊസും	തിമൊഥെയൊസും	8	12
vowel_length	തിമൊഥെയൊസും	തിമോഥെയൊസും	0	1
vowel_length	തിമൊഥെയൊസ്	തിമൊഥെയൊസ്	8	12
vowel_length	തിമൊഥെയൊസ്	തിമോഥെയോസ്	1	2
vowel_length	തിമൊഥെയൊസ്	തിമൊഥെയോസ്	0	1
vowel_length	തിയ്യതി	തിയ്യതി	95	13
vowel_length	തിയ്യതി	തീയ്യതി	1	1
vowel_length	തിരുമെനി	തിരുമേനി	3	3
vowel_length	തിരുമെനി	തിരുമേനീ	2	2
vowel_length	തിഹിക്കൊസ്	തിഹിക്കൊസ്	1	2
vowel_length	തിഹിക്കൊസ്	തിഹിക്കോസ്	1	1
vowel_length	തുക്കുകട്ട	തൂക്കുകട്ട	4	4
vowel_length	തുക്കുകട്ട	തുക്കുകട്ട	1	1
vowel_length	തെക്കും	തെക്കും	7	8
vowel_length	തെക്കും	തേക്കും	1	1
vowel_length	തെക്കെദെശവും	തെക്കെദേശവും	2	2
vowel_length	തെക്കെദെശവും	തെക്കേദേശവും	0	1
vowel_length	തെക്കെഭാഗം	തെക്കെഭാഗം	3	2
vowel_length	തെക്കെഭാഗം	തെക്കേഭാഗം	1	1
vowel_length	ദാനിയെലിനെ	ദാനീയേലിനെ	13	12
vowel_length	ദാനിയെലിനെ	ദാനിയേലിനെ	0	1
vowel_length	ദാനിയെലിന്റെ	ദാനീയേലിന്റെ	5	8
vowel_length	ദാനിയെലിന്റെ	ദാനിയേലിന്റെ	0	1
vowel_length	ദാവിദിനെയും	ദാവീദിനെയും	10	13
vowel_length	ദാവിദിനെയും	ദാവീദിനേയും	1	1
vowel_length	ദുതന്മാരെക്കാൾ	ദൂതന്മാരേക്കാൾ	0	3
vowel_length	ദുതന്മാരെക്കാൾ	ദൂതന്മാരെക്കാൾ	1	2
vowel_length	ദെദാൻ	ദെദാൻ	3	4
vowel_length	ദെദാൻ	ദേദാൻ	1	1
vowel_length	ദെവിയെയും	ദേവിയേയും	0	3
vowel_length	ദെവിയെയും	ദേവിയെയും	0	2
vowel_length	ദൈവത്തെയും	ദൈവത്തെയും	11	9
vowel_length	ദൈവത്തെയും	ദൈവത്തേയും	1	2
vowel_length	ദൈവിക	ദൈവിക	0	23
vowel_length	ദൈവിക	ദൈവീക	0	3
vowel_length	നദിതിരത്ത്	നദീതീരത്ത്	16	18
vowel_length	നദിതിരത്ത്	നദിതീരത്ത്	0	1
vowel_length	നാമത്തെയും	നാമത്തെയും	7	6
vowel_length	നാമത്തെയും	നാമത്തേയും	0	1
vowel_length	നാവിനെയും	നാവിനെയും	5	3
vowel_length	നാവിനെയും	നാവിനേയും	0	1
vowel_length	നിങ്ങളെക്കുറിച്ച്	നിങ്ങളെക്കുറിച്ച്	26	24
vowel_length	നിങ്ങളെക്കുറിച്ച്	നിങ്ങളേക്കുറിച്ച്	0	1
vowel_length	നിങ്ങളെപ്പൊലെ	നിങ്ങളെപ്പോലെ	5	7
vowel_length	നിങ്ങളെപ്പൊലെ	നിങ്ങളേപ്പോലെ	1	1
vowel_length	നിതികരിക്കപ്പെടെണ്ടതിന്	നീതീകരിക്കപ്പെടേണ്ടതിന്	0	4
vowel_length	നിതികരിക്കപ്പെടെണ്ടതിന്	നീതികരിക്കപ്പെടേണ്ടതിന്	0	1
vowel_length	നിനെവെയിൽ	നീനെവേയിൽ	2	6
vowel_length	നിനെവെയിൽ	നിനെവേയിൽ	0	1
vowel_length	നിന്നെക്കാൾ	നിന്നെക്കാൾ	9	8
vowel_length	നിന്നെക്കാൾ	നിന്നേക്കാൾ	0	2
vowel_length	നിലയും	നീലയും	0	2
vowel_length	നിലയും	നിലയും	3	1
vowel_length	പക്ഷികളെപ്പൊലെ	പക്ഷികളെപ്പോലെ	1	4
vowel_length	പക്ഷികളെപ്പൊലെ	പക്ഷികളേപ്പോലെ	0	1
vowel_length	പടയാളികളെയും	പടയാളികളെയും	4	7
vowel_length	പടയാളികളെയും	പടയാളികളേയും	0	2
vowel_length	പത്രൊ	പത്രൊ	0	13
vowel_length	പത്രൊ	പത്രോ	0	3
vowel_length	പത്രൊസിനെ	പത്രൊസിനെ	6	6
vowel_length	പത്രൊസിനെ	പത്രോസിനെ	1	2
vowel_length	പത്രൊസിനെയും	പത്രൊസിനെയും	8	8
vowel_length	പത്രൊസിനെയും	പത്രൊസിനേയും	0	1
vowel_length	പത്രൊസ്	പത്രൊസ്	102	119
vowel_length	പത്രൊസ്	പത്രോസ്	2	7
vowel_length	പറയുവിൻ	പറയുവിൻ	0	34
vowel_length	പറയുവിൻ	പറയുവീൻ	0	1
vowel_length	പലരെയും	പലരെയും	21	18
vowel_length	പലരെയും	പലരേയും	1	1
vowel_length	പിതാക്കന്മാരെപ്പൊലെ	പിതാക്കന്മാരെപ്പോലെ	45	46
vowel_length	പിതാക്കന്മാരെപ്പൊലെ	പിതാക്കന്മാരേപ്പോലെ	1	1
vowel_length	പിറ്റെന്ന്	പിറ്റേന്ന്	5	7
vowel_length	പിറ്റെന്ന്	പിറ്റെന്ന്	8	5
vowel_length	പിലാത്തൊസിനെ	പീലാത്തൊസിനെ	2	2
vowel_length	പിലാത്തൊസിനെ	പീലാത്തോസിനെ	0	1
vowel_length	പുജാഗിരികളും	പൂജാഗിരികളും	7	10
vowel_length	പുജാഗിരികളും	പുജാഗിരികളും	0	1
vowel_length	പുത്രി	പുത്രി	5	6
vowel_length	പുത്രി	പുത്രീ	6	6
vowel_length	പുരിം	പൂരീം	3	5
vowel_length	പുരിം	പൂരിം	0	3
vowel_length	പുരിം	പുരീം	0	1
vowel_length	പുരൊഹിതന്മാരെയും	പുരോഹിതന്മാരെയും	19	19
vowel_length	പുരൊഹിതന്മാരെയും	പുരോഹിതന്മാരേയും	0	1
vowel_length	പുറമെയുള്ള	പുറമെയുള്ള	6	4
vowel_length	പുറമെയുള്ള	പുറമേയുള്ള	0	2
vowel_length	പൊക്കും	പോക്കും	3	2
vowel_length	പൊക്കും	പൊക്കും	1	1
vowel_length	പൊന്ന്	പൊന്ന്	69	79
vowel_length	പൊന്ന്	പോന്ന്	48	37
vowel_length	പ്രഭുക്കന്മാരെയും	പ്രഭുക്കന്മാരെയും	19	20
vowel_length	പ്രഭുക്കന്മാരെയും	പ്രഭുക്കന്മാരേയും	1	1
vowel_length	പ്രവാചകന്മാരെയും	പ്രവാചകന്മാരെയും	8	9
vowel_length	പ്രവാചകന്മാരെയും	പ്രവാചകന്മാരേയും	1	1
vowel_length	പൗലൊസിനെയും	പൗലൊസിനെയും	6	8
vowel_length	പൗലൊസിനെയും	പൗലോസിനേയും	0	1
vowel_length	പൗലൊസിനൊടും	പൗലൊസിനോടും	2	2
vowel_length	പൗലൊസിനൊടും	പൗലോസിനോടും	0	1
vowel_length	പൗലൊസിനൊട്	പൗലൊസിനോട്	8	9
vowel_length	പൗലൊസിനൊട്	പൗലോസിനോട്	0	2
vowel_length	പൗലൊസിന്	പൗലൊസിന്	0	3
vowel_length	പൗലൊസിന്	പൗലോസിന്	0	3
vowel_length	പൗലൊസിന്റെ	പൗലൊസിന്റെ	11	52
vowel_length	പൗലൊസിന്റെ	പൗലോസിന്റെ	0	1
vowel_length	പൗലൊസിന്റെയും	പൗലൊസിന്റെയും	3	3
vowel_length	പൗലൊസിന്റെയും	പൗലോസിന്റെയും	0	1
vowel_length	ഫിലിപ്പൊസും	ഫിലിപ്പൊസും	2	2
vowel_length	ഫിലിപ്പൊസും	ഫിലിപ്പോസും	0	1
vowel_length	ഫിലിപ്പൊസ്	ഫിലിപ്പൊസ്	18	19
vowel_length	ഫിലിപ്പൊസ്	ഫിലിപ്പോസ്	0	2
vowel_length	ഫെലിക്സിന്റെ	ഫെലിക്സിന്റെ	0	3
vowel_length	ഫെലിക്സിന്റെ	ഫേലിക്സിന്റെ	1	1
vowel_length	ഫെസ്തൊസിനൊട്	ഫെസ്തൊസിനോട്	2	2
vowel_length	ഫെസ്തൊസിനൊട്	ഫെസ്തോസിനോട്	0	1
vowel_length	ഫെസ്തൊസിന്റെ	ഫെസ്തോസിന്റെ	0	2
vowel_length	ഫെസ്തൊസിന്റെ	ഫെസ്തൊസിന്റെ	1	1
vowel_length	ബന്ധുക്കളെയും	ബന്ധുക്കളെയും	1	3
vowel_length	ബന്ധുക്കളെയും	ബന്ധുക്കളേയും	0	2
vowel_length	ബുസ്യനായ	ബൂസ്യനായ	2	2
vowel_length	ബുസ്യനായ	ബുസ്യനായ	0	1
vowel_length	ബെഥാന്യയിൽ	ബേഥാന്യയിൽ	3	4
vowel_length	ബെഥാന്യയിൽ	ബെഥാന്യയിൽ	1	1
vowel_length	ബെഥെൽ	ബേഥേൽ	7	5
vowel_length	ബെഥെൽ	ബെഥേൽ	0	1
vowel_length	ബെന്യാമിന്റെ	ബെന്യാമീന്റെ	13	12
vowel_length	ബെന്യാമിന്റെ	ബെന്യാമിന്റെ	0	1
vowel_length	ബെരെഖ്യാവിന്റെ	ബേരെഖ്യാവിന്റെ	4	6
vowel_length	ബെരെഖ്യാവിന്റെ	ബെരെഖ്യാവിന്റെ	4	3
vowel_length	ഭുമിയെയും	ഭൂമിയെയും	22	22
vowel_length	ഭുമിയെയും	ഭൂമിയേയും	0	1
vowel_length	മടങ്ങിപ്പൊകുവിൻ	മടങ്ങിപ്പോകുവിൻ	5	4
vowel_length	മടങ്ങിപ്പൊകുവിൻ	മടങ്ങിപ്പോകുവീൻ	0	1
vowel_length	മണലിനെക്കാൾ	മണലിനെക്കാൾ	3	2
vowel_length	മണലിനെക്കാൾ	മണലിനേക്കാൾ	0	1
vowel_length	മനുഷ്യനെയും	മനുഷ്യനെയും	24	20
vowel_length	മനുഷ്യനെയും	മനുഷ്യനേയും	0	2
vowel_length	മനുഷ്യരെപ്പൊലെ	മനുഷ്യരെപ്പോലെ	7	6
vowel_length	മനുഷ്യരെപ്പൊലെ	മനുഷ്യരേപ്പോലെ	0	1
vowel_length	മറ്റെതിനെ	മറ്റേതിനെ	9	5
vowel_length	മറ്റെതിനെ	മറ്റെതിനെ	0	1
vowel_length	മി	മീ	0	5
vowel_length	മി	മി	0	1
vowel_length	മിഖായാവ്	മീഖായാവ്	12	14
vowel_length	മിഖായാവ്	മിഖായാവ്	0	1
vowel_length	മിസ്രയിമിലെ	മിസ്രയീമിലെ	31	65
vowel_length	മിസ്രയിമിലെ	മിസ്രയിമിലെ	0	1
vowel_length	മിസ്രയിമിലെക്ക്	മിസ്രയീമിലേക്ക്	40	48
vowel_length	മിസ്രയിമിലെക്ക്	മിസ്രയിമിലേക്ക്	0	1
vowel_length	മുഖം	മുഖം	158	156
vowel_length	മുഖം	മൂഖം	1	1
vowel_length	മുടി	മൂടി	30	29
vowel_length	മുടി	മുടി	9	8
vowel_length	മുടിയും	മുടിയും	4	4
vowel_length	മുടിയും	മൂടിയും	2	2
vowel_length	മുന്നിൽ	മൂന്നിൽ	20	21
vowel_length	മുന്നിൽ	മുന്നിൽ	0	2
vowel_length	മുമ്പിലത്തെപ്പൊലെ	മുമ്പിലത്തെപ്പോലെ	17	15
vowel_length	മുമ്പിലത്തെപ്പൊലെ	മുമ്പിലത്തെപ്പൊലെ	0	2
vowel_length	മുല	മുല	6	7
vowel_length	മുല	മൂല	0	1
vowel_length	മെരായൊത്ത്	മെരായോത്ത്	3	3
vowel_length	മെരായൊത്ത്	മെരായൊത്ത്	0	1
vowel_length	മൊവാബ്യരെയും	മോവാബ്യരെയും	2	2
vowel_length	മൊവാബ്യരെയും	മോവാബ്യരേയും	1	1
vowel_length	മൊർദെഖായി	മൊർദെഖായി	1	5
vowel_length	മൊർദെഖായി	മൊർദേഖായി	0	1
vowel_length	മർക്കൊസും	മർക്കൊസും	3	3
vowel_length	മർക്കൊസും	മർക്കോസും	0	1
vowel_length	മർക്കൊസ്	മർക്കോസ്	0	8
vowel_length	മർക്കൊസ്	മർക്കൊസ്	8	7
vowel_length	യിശ്വി	യിശ്വി	2	2
vowel_length	യിശ്വി	യിശ്വീ	1	1
vowel_length	യെരിയാവ്	യെരീയാവ്	2	2
vowel_length	യെരിയാവ്	യെരിയാവ്	1	1
vowel_length	യെരിഹൊവിനെതിരെ	യെരിഹോവിനെതിരെ	0	5
vowel_length	യെരിഹൊവിനെതിരെ	യെരീഹോവിനെതിരെ	0	1
vowel_length	യെരിഹൊവിന്	യെരീഹോവിന്	0	5
vowel_length	യെരിഹൊവിന്	യെരിഹോവിന്	0	1
vowel_length	യെരിഹൊവിലെക്ക്	യെരിഹോവിലേക്ക്	0	3
vowel_length	യെരിഹൊവിലെക്ക്	യെരീഹോവിലേക്ക്	4	1
vowel_length	യെശുവിനെയും	യേശുവിനേയും	0	3
vowel_length	യെശുവിനെയും	യേശുവിനെയും	3	2
vowel_length	യെഹു	യേഹൂ	32	36
vowel_length	യെഹു	യെഹൂ	1	1
vowel_length	യെഹുദയിലെയും	യെഹൂദയിലെയും	10	10
vowel_length	യെഹുദയിലെയും	യെഹൂദയിലേയും	0	1
vowel_length	യെഹുവിനെ	യേഹൂവിനെ	2	2
vowel_length	യെഹുവിനെ	യെഹൂവിനെ	1	1
vowel_length	രാജാവിനെയും	രാജാവിനെയും	20	22
vowel_length	രാജാവിനെയും	രാജാവിനേയും	0	1
vowel_length	രാവിലെതൊറും	രാവിലെതോറും	13	13
vowel_length	രാവിലെതൊറും	രാവിലേതോറും	0	1
vowel_length	രുബെന്യരെയും	രൂബേന്യരെയും	2	2
vowel_length	രുബെന്യരെയും	രൂബേന്യരേയും	1	1
vowel_length	റാഹെലിനെയും	റാഹേലിനെയും	3	3
vowel_length	റാഹെലിനെയും	റാഹേലിനേയും	1	2
vowel_length	ലാമെക്ക്	ലാമെക്ക്	3	4
vowel_length	ലാമെക്ക്	ലാമേക്ക്	2	1
vowel_length	ലാസറിനെയും	ലാസറിനെയും	0	2
vowel_length	ലാസറിനെയും	ലാസറിനേയും	0	1
vowel_length	ലുക്കൊ	ലൂക്കോ	0	3
vowel_length	ലുക്കൊ	ലൂക്കൊ	0	1
vowel_length	ലെമുവെൽ	ലെമൂവേൽ	0	2
vowel_length	ലെമുവെൽ	ലെമുവേൽ	0	1
vowel_length	വരുമ്പൊഴെക്ക്	വരുമ്പോഴേക്ക്	2	2
vowel_length	വരുമ്പൊഴെക്ക്	വരുമ്പോഴെക്ക്	1	1
vowel_length	വരുവിൻ	വരുവിൻ	64	60
vowel_length	വരുവിൻ	വരുവീൻ	0	4
vowel_length	വലിയൊര്	വലിയൊര്	12	37
vowel_length	വലിയൊര്	വലിയോര്	65	14
vowel_length	വാങ്ങുവിൻ	വാങ്ങുവിൻ	2	4
vowel_length	വാങ്ങുവിൻ	വാങ്ങുവീൻ	0	1
vowel_length	വിടും	വീടും	8	9
vowel_length	വിടും	വിടും	2	1
vowel_length	വിട്ടിലും	വീട്ടിലും	2	2
vowel_length	വിട്ടിലും	വിട്ടിലും	1	1
vowel_length	വിട്ടിൽ	വീട്ടിൽ	234	230
vowel_length	വിട്ടിൽ	വിട്ടിൽ	7	6
vowel_length	വിളിച്ചുകുട്ടുവിൻ	വിളിച്ചുകൂട്ടുവിൻ	3	2
vowel_length	വിളിച്ചുകുട്ടുവിൻ	വിളിച്ചുകൂട്ടുവീൻ	0	1
vowel_length	വിശുദ്ധമന്ദിരത്തിലെക്ക്	വിശുദ്ധമന്ദിരത്തിലേക്ക്	2	5
vowel_length	വിശുദ്ധമന്ദിരത്തിലെക്ക്	വീശുദ്ധമന്ദിരത്തിലേക്ക്	1	1
vowel_length	വെറൊര്	വേറൊര്	33	32
vowel_length	വെറൊര്	വെറൊര്	1	1
vowel_length	ശമുവെലിന്	ശമൂവേലിന്	0	6
vowel_length	ശമുവെലിന്	ശമുവേലിന്	0	1
vowel_length	ശമുവെലിന്റെ	ശമൂവേലിന്റെ	14	18
vowel_length	ശമുവെലിന്റെ	ശമുവേലിന്റെ	0	4
vowel_length	ശമുവെൽ	ശമൂവേൽ	93	102
vowel_length	ശമുവെൽ	ശമുവേൽ	0	7
vowel_length	ശിമെയൊന്റെ	ശിമെയോന്റെ	9	9
vowel_length	ശിമെയൊന്റെ	ശിമെയൊന്റെ	1	1
vowel_length	ശെഖെം	ശെഖേം	5	9
vowel_length	ശെഖെം	ശേഖെം	1	1
vowel_length	ശെഖെം	ശേഖേം	0	1
vowel_length	ശെഖെമിൽ	ശെഖേമിൽ	15	13
vowel_length	ശെഖെമിൽ	ശേഖേമിൽ	1	1
vowel_length	ശെലെമ്യാവിന്റെ	ശേലെമ്യാവിന്റെ	1	3
vowel_length	ശെലെമ്യാവിന്റെ	ശെലെമ്യാവിന്റെ	4	2
vowel_length	സകലത്തെയും	സകലത്തെയും	37	34
vowel_length	സകലത്തെയും	സകലത്തേയും	1	4
vowel_length	സഭയെയും	സഭയെയും	4	3
vowel_length	സഭയെയും	സഭയേയും	0	1
vowel_length	സഹൊദരി	സഹോദരി	22	27
vowel_length	സഹൊദരി	സഹോദരീ	8	8
vowel_length	സിംഹത്തെപ്പൊലെ	സിംഹത്തെപ്പോലെ	2	6
vowel_length	സിംഹത്തെപ്പൊലെ	സിംഹത്തേപ്പോലെ	0	2
vowel_length	സിക്ലാഗിൽ	സിക്ലാഗിൽ	3	3
vowel_length	സിക്ലാഗിൽ	സീക്ലാഗിൽ	2	1
vowel_length	സിദെക്കിയാവ്	സിദെക്കീയാവ്	15	17
vowel_length	സിദെക്കിയാവ്	സിദെക്കിയാവ്	2	2
vowel_length	സുന്ദരി	സുന്ദരി	6	7
vowel_length	സുന്ദരി	സുന്ദരീ	2	2
vowel_length	സെരെദ്	സേരേദ്	0	3
vowel_length	സെരെദ്	സേരെദ്	4	2
vowel_length	സെവിപ്പിൻ	സേവിപ്പിൻ	11	6
vowel_length	സെവിപ്പിൻ	സേവിപ്പീൻ	0	1
vowel_length	സൊദൊം	സൊദോം	5	7
vowel_length	സൊദൊം	സോദോം	1	1
vowel_length	സ്ഥിരമായൊര്	സ്ഥിരമായോര്	4	2
vowel_length	സ്ഥിരമായൊര്	സ്ഥിരമായൊര്	0	1
vowel_length	ഹിസ്കിയാവ്	ഹിസ്കീയാവ്	45	40
vowel_length	ഹിസ്കിയാവ്	ഹിസ്കിയാവ്	0	2
nasal_form	ഇടംകൈ	ഇടംകൈ	0	2
nasal_form	ഇടംകൈ	ഇടങ്കൈ	5	1
nasal_form	കടുംചുവപ്പ്	കടുഞ്ചുവപ്പ്	2	2
nasal_form	കടുംചുവപ്പ്	കടുംചുവപ്പ്	0	1
nasal_form	തിംന	തിന്ന	2	3
nasal_form	തിംന	തിമ്ന	2	3
nasal_form	ദിനംപ്രതി	ദിനംപ്രതി	17	20
nasal_form	ദിനംപ്രതി	ദിനമ്പ്രതി	2	2
nasal_form	വലംകൈ	വലങ്കൈ	38	31
nasal_form	വലംകൈ	വലംകൈ	0	8
nasal_form	വലംകൈകൊംട്	വലങ്കൈകൊണ്ട്	5	4
nasal_form	വലംകൈകൊംട്	വലംകൈകൊണ്ട്	0	2
nasal_form	വലംകൈയ്ക്ക്	വലങ്കൈയ്ക്ക്	0	2
nasal_form	വലംകൈയ്ക്ക്	വലംകൈയ്ക്ക്	0	1
