word	count	lemma_count	books	irv_count	first_ref
ଅ	4	4	4	0	PSA 119:96
ଅଂଶ	140	140	31	154	GEN 47:24
ଅଂଶକ୍ରମେ	1	1	1	1	ROM 11:25
ଅଂଶମାତ୍ର	1	1	1	1	ACT 5:2
ଅଂଶମାନର	1	1	1	1	EZK 45:7
ଅଂଶର	11	11	3	12	NEH 3:19
ଅଂଶରୁ	2	2	2	2	NUM 36:3
ଅଂଶରେ	2	2	2	2	1KI 6:38
ଅଂଶାଧିକାରୀ	3	3	3	3	1CO 9:12
ଅଂଶୀ	11	11	8	11	PSA 69:27
ଅଂଶୀଦାରମାନେ	1	1	1	0	LUK 5:7
ଅଂଶୁ	1	1	1	0	LEV 10:14
ଅଇଣ୍ଠାରୁ	1	1	1	0	LUK 16:21
ଅଇନ୍	1	1	1	1	PSA 119:120
ଅଋଣର	1	1	1	1	PSA 22:1
ଅକଥନୀୟ	4	4	3	4	ROM 8:26
ଅକପଟ	3	3	2	3	2CO 6:6
ଅକବୋରର	1	1	1	2	JER 36:12
ଅକର୍ତ୍ତବ୍ୟ	4	4	3	3	GEN 20:9
ଅକର୍ମଣ୍ୟ	7	7	6	6	JER 13:10
ଅକଳଙ୍କିତ	1	1	1	1	1PE 1:4
ଅକଳରେ	8	8	3	1	DEU 28:53
ଅକସ୍ମାତ୍	22	22	14	15	NUM 12:4
ଅକାରଣ	1	1	1	1	PRO 23:29
ଅକାରଣରେ	22	22	8	22	1SA 25:31
ଅକାଳଜାତ	2	2	2	2	PSA 58:8
ଅକାଳରେ	2	2	2	2	JOB 22:16
ଅକିଞ୍ଚନ	8	8	7	2	JOB 40:4
ଅକିଞ୍ଚନମାନଙ୍କ	1	1	1	1	PSA 82:3
ଅକିଞ୍ଚନା	1	1	1	6	ISA 3:26
ଅକିଞ୍ଚିତ	2	2	1	3	ISA 40:23
ଅକିଞ୍ଚିତ୍	2	2	2	0	ISA 16:4
ଅକୃତକାର୍ଯ୍ୟ	1	1	1	0	ACT 5:36
ଅକୃତଜ୍ଞ	2	2	2	2	LUK 6:35
ଅକୃତ୍ରିମ	1	1	1	0	TIT 2:7
ଅକ୍କଦ୍	1	1	1	1	GEN 10:10
ଅକ୍କବ	2	2	2	0	1CH 3:24
ଅକ୍କୂବ	1	1	1	5	NEH 12:25
ଅକ୍କୂବର	2	2	2	3	EZR 2:45
ଅକ୍କୂବ୍	2	2	2	0	1CH 9:17
ଅକ୍କୋ-ନିବାସୀମାନଙ୍କୁ	1	1	1	1	JDG 1:31
ଅକ୍ବୋର	1	1	1	2	2KI 22:14
ଅକ୍ବୋରକୁ	1	1	1	1	2KI 22:12
ଅକ୍ବୋରର	4	4	3	3	GEN 36:38
ଅକ୍ମୋନିର	1	1	1	0	1CH 27:32
ଅକ୍ରଣର	5	5	1	5	NUM 1:13
ଅକ୍ରବ୍ବୀମ	2	2	2	2	NUM 34:4
ଅକ୍ରବ୍ବୀମ-ଘାଟୀ	1	1	1	1	JDG 1:36
ଅକ୍ଷଫ	1	1	1	1	JOS 19:25
ଅକ୍ଷଫର	2	2	1	2	JOS 11:1
ଅକ୍ଷମ	3	3	3	4	DAN 4:18
ଅକ୍ଷର	2	2	2	2	EST 8:9
ଅକ୍ଷରର	1	1	1	1	2CO 3:6
ଅକ୍ଷରରେ	4	4	4	4	EZR 4:7
ଅକ୍ଷରାନୁସାରେ	3	3	1	3	EST 1:22
ଅକ୍ଷଶ୍ୱେରଶ	26	26	1	26	EST 1:1
ଅକ୍ଷଶ୍ୱେରଶର	3	3	2	4	EZR 4:6
ଅକ୍ଷଶ୍ୱେରସର	1	1	1	0	DAN 9:1
ଅକ୍ଷାର	3	3	2	4	JOS 15:16
ଅକ୍ଷୀବ	2	2	1	0	JOS 15:44
ଅକ୍ଷୀବର	1	1	1	0	MIC 1:14
ଅକ୍ଷୀବ୍	1	1	1	0	JDG 1:31
ଅକ୍ଷ୍ମଥା	1	1	1	1	EZR 6:2
ଅକ୍ଷୟ	13	13	9	14	PRO 8:18
ଅକ୍ଷୟତାକୁ	1	1	1	1	1CO 15:50
ଅକ୍ଷୟତାରୂପ	1	1	1	1	1CO 15:53
ଅକ୍ଷୟରୂପ	1	1	1	1	1CO 15:54
ଅଖ	3	3	1	3	1KI 7:30
ଅଖଣ୍ଡନୀୟ	2	2	2	2	ACT 19:36
ଅଖଣ୍ଡ୍ୟ	1	1	1	1	PRO 21:28
ଅଖା	21	21	12	21	GEN 37:34
ଅଖାଦ୍ୟ	3	3	3	3	EXO 21:28
ଅଖାବସ୍ତ୍ର	1	1	1	1	1CH 21:16
ଅଖାରେ	1	1	1	1	1KI 21:27
ଅଖ୍ୟାତି	4	4	3	4	NUM 13:32
ଅଖ୍ୟାତିକାରୀ	1	1	1	1	NUM 14:37
ଅଖ୍ୟାତିରେ	1	1	1	1	JER 3:9
ଅଗଣ୍ୟ	5	5	5	5	GEN 16:10
ଅଗମ୍ୟ	10	10	9	10	JOB 37:5
ଅଗରା	2	2	2	2	HOS 10:8
ଅଗରେ	1	1	1	1	2SA 2:23
ଅଗଷ୍ଟଙ୍କଠାରୁ	1	1	1	1	LUK 2:1
ଅଗାଗ	3	3	1	3	1SA 15:9
ଅଗାଗକୁ	4	4	1	4	1SA 15:8
ଅଗାଗୀୟ	5	5	1	5	EST 3:1
ଅଗାଡ଼ି	3	3	2	1	JDG 9:4
ଅଗାଡ଼ିଯାକ	2	2	2	2	MAT 3:12
ଅଗାଧ	5	5	5	5	EXO 15:5
ଅଗାଧସ୍ଥଳରୁ	1	1	1	1	PSA 78:15
ଅଗୁର	1	1	1	0	SNG 4:14
ଅଗୁରୁ	4	4	4	5	NUM 24:6
ଅଗୋଚର	5	5	5	5	LEV 4:13
ଅଗୋଚରରେ	3	3	3	3	GEN 23:4
ଅଗ୍ନି	261	261	39	266	GEN 19:24
ଅଗ୍ନି-ଦଗ୍ଧ	1	1	1	0	LEV 6:10
ଅଗ୍ନିକଣା	3	3	2	3	JOB 18:5
ଅଗ୍ନିକଣିକା	2	2	2	2	JOB 5:7
ଅଗ୍ନିକି	1	1	1	0	PRO 26:21
ଅଗ୍ନିକୁ	1	1	1	2	EZK 10:7
ଅଗ୍ନିକୁଣ୍ଡ	5	5	2	6	ISA 30:33
ଅଗ୍ନିକୁଣ୍ଡକୁ	1	1	1	1	DAN 3:19
ଅଗ୍ନିକୁଣ୍ଡର	1	1	1	1	DAN 3:26
ଅଗ୍ନିକୁଣ୍ଡରୁ	2	2	2	3	JER 11:4
ଅଗ୍ନିକୁଣ୍ଡରେ	6	6	2	7	DAN 3:6
ଅଗ୍ନିକୃତ	67	67	6	67	EXO 29:18
ଅଗ୍ନିଖୁଣ୍ଟା	1	1	1	1	ISA 50:11
ଅଗ୍ନିଖୁଣ୍ଟାରେ	1	1	1	1	ISA 50:11
ଅଗ୍ନିତୁଲ୍ୟ	1	1	1	1	NUM 9:16
ଅଗ୍ନିତେଜ	1	1	1	1	PSA 78:14
ଅଗ୍ନିଦଗ୍ଧ	2	2	2	1	JDG 15:14
ଅଗ୍ନିଦାହ	4	4	3	4	LEV 10:6
ଅଗ୍ନିଦାହରୁ	1	1	1	1	LEV 13:25
ଅଗ୍ନିଧାରୀ	1	1	1	1	ZEC 12:6
ଅଗ୍ନିପାତ୍ରରେ	2	2	1	2	JER 36:22
ଅଗ୍ନିବତ୍	1	1	1	1	ISA 33:11
ଅଗ୍ନିବର୍ଣ୍ଣ	1	1	1	1	REV 9:17
ଅଗ୍ନିବାଣ	2	2	2	3	PRO 26:18
ଅଗ୍ନିବାଣସବୁ	1	1	1	0	EPH 6:16
ଅଗ୍ନିବୃଷ୍ଟି	1	1	1	0	REV 13:13
ଅଗ୍ନିମିଶ୍ରିତ	1	1	1	1	REV 15:2
ଅଗ୍ନିମୟ	16	16	7	16	DEU 33:2
ଅଗ୍ନିର	10	10	6	12	PSA 7:13
ଅଗ୍ନିରୁ	5	5	4	5	EZK 1:13
ଅଗ୍ନିରୂପ	1	1	1	1	JUD 1:7
ଅଗ୍ନିରେ	120	120	25	123	GEN 38:24
ଅଗ୍ନିଶିଖା	25	25	12	27	NUM 21:28
ଅଗ୍ନିଶିଖାକୁ	1	1	1	2	PSA 104:4
ଅଗ୍ନିଶିଖାମୟ	1	1	1	1	DAN 7:9
ଅଗ୍ନିଶିଖାର	2	2	2	2	ISA 47:14
ଅଗ୍ନିଶିଖାରେ	5	5	4	4	EXO 3:2
ଅଗ୍ନିସାଦୃଶ୍ୟ	1	1	1	0	ACT 2:3
ଅଗ୍ନିସ୍ତମ୍ଭ	4	4	3	5	EXO 13:22
ଅଗ୍ନିସ୍ତମ୍ଭରେ	1	1	1	1	EXO 13:21
ଅଗ୍ନିସ୍ଥାନ	2	2	2	2	LEV 6:9
ଅଗ୍ନିସ୍ଥାନଠାରୁ	1	1	1	1	EZK 43:15
ଅଗ୍ନିସ୍ରୋତ	1	1	1	1	DAN 7:10
ଅଗ୍ର	2	2	2	1	JDG 6:21
ଅଗ୍ରଗଣ୍ୟ	8	8	7	8	GEN 48:20
ଅଗ୍ରଗଣ୍ୟମାନଙ୍କର	1	1	1	1	JER 25:36
ଅଗ୍ରଗଣ୍ୟମାନେ	2	2	1	2	JER 25:34
ଅଗ୍ରଗାମୀ	21	21	13	21	EXO 14:19
ଅଗ୍ରଗାମୀମାନେ	1	1	1	1	JDG 5:2
ଅଗ୍ରଚର୍ମ	2	2	2	2	DEU 10:16
ଅଗ୍ରଜ	1	1	1	1	ROM 8:29
ଅଗ୍ରଣୀ	15	15	6	14	1SA 9:16
ଅଗ୍ରତୁଁ	1	1	1	0	EXO 14:19
ଅଗ୍ରତେ	9	9	4	6	GEN 23:12
ଅଗ୍ରବର୍ତ୍ତୀ	4	4	4	4	1CH 16:27
ଅଗ୍ରଭାଗ	15	15	8	15	1SA 14:27
ଅଗ୍ରଭାଗଠାରୁ	1	1	1	1	EZK 40:19
ଅଗ୍ରଭାଗରୁ	2	2	2	2	1KI 6:24
ଅଗ୍ରଭାଗରେ	3	3	3	3	1SA 14:43
ଅଗ୍ରରେ	1	1	1	0	ISA 41:2
ଅଗ୍ରସର	61	61	24	58	GEN 29:1
ଅଗ୍ରସ୍ଥିତ	2	2	2	2	GEN 32:17
ଅଗ୍ରାହ୍ୟ	80	80	27	85	GEN 4:5
ଅଗ୍ରାହ୍ୟହେଲେ	1	1	1	0	1PE 2:4
ଅଗ୍ରିମାଂଶ	3	3	3	6	PRO 8:26
ଅଗ୍ରୀମାଂଶ	4	4	4	0	EXO 34:26
ଅଗ୍ରେ	1	1	1	0	ISA 40:10
ଅଙ୍କିତ	3	3	3	3	EZK 4:1
ଅଙ୍କୁର	2	2	2	3	NUM 17:8
ଅଙ୍କୁରକୁ	1	1	1	1	PSA 65:10
ଅଙ୍କୁରିତ	24	24	11	25	NUM 17:8
ଅଙ୍କୁରିବାର	1	1	1	0	AMO 7:1
ଅଙ୍କୁଶ	8	8	5	8	1SA 13:21
ଅଙ୍କୁଶରେ	1	1	1	2	JOB 41:7
ଅଙ୍ଗ	15	15	3	22	MAT 5:29
ଅଙ୍ଗ-ପ୍ରତ୍ୟଙ୍ଗ	1	1	1	0	ROM 12:4
ଅଙ୍ଗକୁ	2	2	1	2	1CO 12:23
ଅଙ୍ଗଗୁଡ଼ିକ	1	1	1	1	1CO 12:23
ଅଙ୍ଗଗୁଡ଼ିକର	1	1	1	1	1CO 12:24
ଅଙ୍ଗପ୍ରତ୍ୟଙ୍ଗ	16	16	6	17	JOB 40:18
ଅଙ୍ଗପ୍ରତ୍ୟଙ୍ଗକୁ	5	5	2	5	ROM 6:13
ଅଙ୍ଗପ୍ରତ୍ୟଙ୍ଗର	2	2	2	2	ROM 12:4
ଅଙ୍ଗପ୍ରତ୍ୟଙ୍ଗରେ	2	2	1	2	ROM 7:23
ଅଙ୍ଗରଖା	22	22	8	22	GEN 37:3
ଅଙ୍ଗରାଗାର୍ଥକ	3	3	1	3	EST 2:3
ଅଙ୍ଗରେ	1	1	1	1	JER 16:6
ଅଙ୍ଗସଂସ୍କାରରେ	1	1	1	1	EST 2:12
ଅଙ୍ଗସମୂହ	1	1	1	1	JAS 3:6
ଅଙ୍ଗସ୍ୱରୂପ	1	1	1	0	1CO 12:27
ଅଙ୍ଗହୀନ	1	1	1	1	GAL 5:12
ଅଙ୍ଗାର	20	20	10	20	LEV 16:12
ଅଙ୍ଗାରକୁ	1	1	1	1	PRO 26:21
ଅଙ୍ଗାରଦାନି	1	1	1	1	EXO 25:38
ଅଙ୍ଗାରଧାନୀ	20	20	7	19	EXO 27:3
ଅଙ୍ଗାରର	1	1	1	1	JHN 21:9
ଅଙ୍ଗାରରେ	2	2	2	2	1KI 19:6
ଅଙ୍ଗୀକାର	5	5	4	4	GEN 34:23
ଅଙ୍ଗୁରୀୟ	3	3	3	4	EXO 35:22
ଅଙ୍ଗୁରୀୟକ	1	1	1	1	NUM 31:50
ଅଙ୍ଗୁରୀୟରେ	4	4	1	4	EST 3:12
ଅଙ୍ଗୁଳି	30	30	15	30	EXO 29:12
ଅଙ୍ଗୁଳିକି	1	1	1	0	PSA 144:1
ଅଙ୍ଗୁଳିକୃତ	3	3	3	3	EXO 8:19
ଅଙ୍ଗୁଳିତର୍ଜ୍ଜନ	1	1	1	0	ISA 58:9
ଅଙ୍ଗୁଳିନିର୍ମିତ	1	1	1	1	ISA 2:8
ଅଙ୍ଗୁଳିବିଶିଷ୍ଟ	2	2	2	2	2SA 21:20
ଅଙ୍ଗୁଳିର	1	1	1	1	LUK 16:24
ଅଙ୍ଗୁଳିରୁ	1	1	1	1	SNG 5:5
ଅଙ୍ଗୁଳିରେ	4	4	2	4	LEV 4:25
ଅଙ୍ଗୁଳିସବୁ	2	2	2	1	ISA 59:3
ଅଚଞ୍ଛା	2	2	2	2	DEU 27:6
ଅଚଳ	2	2	2	2	EZK 29:7
ଅଚିହ୍ନା	2	2	1	2	JHN 10:5
ଅଛ	32	32	18	32	GEN 3:11
ଅଛନ୍ତି	383	383	53	404	GEN 6:17
ଅଛନ୍ତିନ୍ତ	1	1	1	0	PSA 111:9
ଅଛି	956	956	60	1026	GEN 9:15
ଅଛିଜ	1	1	1	0	1JN 5:16
ଅଛିଣ	2	2	1	0	JER 50:44
ଅଛିନ୍ତ	2	2	2	0	JOB 27:3
ଅଛିନ୍ତଏହିରୂପେ	1	1	1	0	JOS 7:26
ଅଛୁ	58	58	24	60	EXO 3:14
ଅଛୁନ୍ତ	1	1	1	0	ROM 5:1
ଅଜଣା	5	5	4	8	JOB 15:9
ଅଜର	1	1	1	1	1PE 1:4
ଅଜାଡ଼	1	1	1	1	2KI 4:4
ଅଜାଡ଼ି	1	1	1	1	1KI 13:3
ଅଜାଡ଼ିଲା	2	2	2	1	2SA 13:9
ଅଜାଡି	1	1	1	1	1KI 13:5
ଅଜାତର	2	2	2	2	JOB 10:19
ଅଜିତେନ୍ଦ୍ରିୟ	1	1	1	1	2TI 3:3
ଅଜ୍ଞ	8	8	4	8	ROM 1:13
ଅଜ୍ଞାତ	30	30	13	42	DEU 8:3
ଅଜ୍ଞାତର	1	1	1	1	GEN 31:28
ଅଜ୍ଞାତସାରରେ	10	10	6	10	LEV 22:14
ଅଜ୍ଞାତା	1	1	1	1	NUM 31:35
ଅଜ୍ଞାନ	22	22	11	22	DEU 32:6
ଅଜ୍ଞାନକୁ	2	2	2	2	JOB 5:2
ଅଜ୍ଞାନକୃତ	1	1	1	1	HEB 9:7
ଅଜ୍ଞାନତା	21	21	7	22	PSA 38:5
ଅଜ୍ଞାନତାନୁସାରେ	2	2	1	2	PRO 26:4
ଅଜ୍ଞାନତାମାତ୍ର	1	1	1	0	PRO 14:8
ଅଜ୍ଞାନତାର	4	4	3	4	PRO 5:23
ଅଜ୍ଞାନତାରୂପ	2	2	1	2	PRO 14:18
ଅଜ୍ଞାନତାରେ	1	1	1	1	PRO 17:12
ଅଜ୍ଞାନପଣରେ	1	1	1	0	1TI 1:13
ଅଜ୍ଞାନମାନଙ୍କ	2	2	1	2	PRO 3:35
ଅଜ୍ଞାନମାନଙ୍କର	2	2	1	2	PRO 1:32
ଅଜ୍ଞାନମାନେ	3	3	2	3	PRO 10:21
ଅଜ୍ଞାନର	12	12	4	12	2CH 16:9
ଅଜ୍ଞାନା	1	1	1	1	PRO 9:13
ଅଝଡ଼ା	2	2	1	2	LEV 25:5
ଅଞ୍ଚଳ	37	37	17	43	GEN 19:28
ଅଞ୍ଚଳକୁ	11	11	8	15	EXO 10:4
ଅଞ୍ଚଳନିବାସୀ	1	1	1	0	ACT 2:10
ଅଞ୍ଚଳମାନଙ୍କରେ	1	1	1	0	2CO 10:16
ଅଞ୍ଚଳର	16	16	9	22	EXO 28:33
ଅଞ୍ଚଳରୁ	3	3	3	3	2CH 11:13
ଅଞ୍ଚଳରେ	33	33	17	36	GEN 32:3
ଅଞ୍ଚଳସମୂହର	1	1	1	0	ACT 8:1
ଅଞ୍ଚଳସମୂହରେ	1	1	1	1	2CO 11:10
ଅଞ୍ଚଳସ୍ଥ	3	3	3	2	JOS 19:29
ଅଞ୍ଜନ	4	4	4	3	2KI 9:30
ଅଞ୍ଜଳିପୂର୍ଣ୍ଣ	1	1	1	1	EZK 10:2
ଅଞ୍ଜଳିରେ	1	1	1	1	2SA 18:12
ଅଟ	91	91	36	93	GEN 30:26
ଅଟଇ	8	8	5	7	GEN 13:10
ଅଟକ	2	2	1	2	PRO 11:26
ଅଟକଳ	1	1	1	1	EXO 12:4
ଅଟକା	1	1	1	1	1SA 21:7
ଅଟକାଅ	1	1	1	1	PRO 1:15
ଅଟକାଇ	8	8	7	8	JDG 13:15
ଅଟକାଇଅଛି	1	1	1	1	PSA 119:101
ଅଟକାଇଥାଏ	1	1	1	1	JOB 31:16
ଅଟକାଇବା	2	2	2	2	2KI 6:32
ଅଟକାଇବେ	1	1	1	1	PSA 84:11
ଅଟକାଇଲ	1	1	1	1	NEH 9:20
ଅଟକାଇଲା	2	2	2	2	JDG 19:4
ଅଟକାଇଲେ	1	1	1	1	JOB 12:15
ଅଟକାଉ	1	1	1	1	PRO 28:17
ଅଟକାଏ	4	4	3	4	1KI 18:44
ଅଟକି	1	1	1	2	2SA 18:9
ଅଟନ୍ତି	244	244	52	331	GEN 9:2
ଅଟଳ	27	27	14	29	PSA 19:7
ଅଟଳତା	1	1	1	1	HEB 6:17
ଅଟା	1	1	1	2	EXO 8:3
ଅଟାରା	1	1	1	1	1CH 2:26
ଅଟାରୋତକୁ	1	1	1	0	JOS 16:2
ଅଟାରୋତ୍	4	4	2	3	NUM 32:3
ଅଟାରୋତ୍-ଅଦ୍ଦର	1	1	1	2	JOS 18:13
ଅଟୁ	201	201	22	209	GEN 18:17
ଅଟେ	213	213	46	359	GEN 15:2
ଅଟେଜ	1	1	1	0	MAL 1:11
ଅଟେନ୍ତ	1	1	1	0	ISA 54:9
ଅଟ୍ଟାଳିକା	2	2	2	2	1KI 21:1
ଅଟ୍ଟାଳିକା-ମାନରେ	1	1	1	0	MIC 5:5
ଅଟ୍ଟାଳିକାକୁ	1	1	1	1	DAN 6:18
ଅଟ୍ଟାଳିକାମାନରେ	1	1	1	2	JER 9:21
ଅଟ୍ଟାଳିକାର	2	2	2	2	PSA 144:12
ଅଟ୍ଟାଳିକାରେ	8	8	5	8	2KI 20:18
ଅଟ୍ଟାଳିକାସକଳ	10	10	4	2	ISA 23:13
ଅଟ୍ଟାଳିକାସକଳରେ	1	1	1	1	ISA 34:13
ଅଟ୍ଟାଳିକାସବୁ	6	6	5	14	2CH 36:19
ଅଟ୍ଟାଳିକାସବୁକୁ	1	1	1	1	AMO 6:8
ଅଟ୍ଟାଳିକାସମୂହ	1	1	1	1	PSA 48:3
ଅଟ୍ଟାଳିକାସମୂହର	1	1	1	1	PSA 122:7
ଅଟ୍ଟାଳିକାସମୂହରୁ	1	1	1	1	PSA 45:8
ଅଟ୍ରୋତ୍-ଶୋଫନ	1	1	1	1	NUM 32:35
ଅଟ୍ରୋତ୍ବେତ୍-ଯୋୟାବ	1	1	1	1	1CH 2:54
ଅଠଚାଳିଶ	4	4	3	4	NUM 35:7
ଅଠତିରିଶ	6	6	6	5	DEU 2:14
ଅଠର	29	29	12	29	GEN 14:14
ଅଠରହାତ	1	1	1	1	JER 52:21
ଅଠଷଠି	2	2	2	2	1CH 16:38
ଅଠାଅଶୀ	1	1	1	1	NEH 7:26
ଅଠାଇଶ	12	12	6	13	EXO 26:2
ଅଠାଇଶ୍	1	1	1	0	EXO 36:9
ଅଠାନବେ	3	3	3	3	1SA 4:15
ଅଠାଶୀ	1	1	1	1	1CH 25:7
ଅଡ଼ାଇ	6	6	6	6	GEN 15:11
ଅଡ଼ାଇବ	1	1	1	1	ISA 11:6
ଅଡ଼ାଇବା	1	1	1	1	JOB 39:7
ଅଢ଼ାଇ	5	5	2	5	EXO 25:10
ଅଢ଼ାଇଶତ	2	2	1	2	EXO 30:23
ଅଣଓସାର	1	1	1	1	ISA 28:20
ଅଣଚାଳିଶ	4	4	3	4	2KI 15:13
ଅଣଞ୍ଚାଶ	1	1	1	1	LEV 25:8
ଅଣତିରିଶ	5	5	3	6	2KI 14:2
ଅଣା	9	9	6	6	EXO 9:19
ଅଣାଅ	4	4	3	4	EXO 8:5
ଅଣାଇ	7	7	5	5	GEN 18:4
ଅଣାଇବ	1	1	1	1	EXO 29:10
ଅଣାଇବା	4	4	1	5	JER 16:16
ଅଣାଇବାନ୍ତ	1	1	1	0	EZK 39:2
ଅଣାଇବି	1	1	1	1	GEN 27:45
ଅଣାଇବେ	3	3	2	1	NUM 16:5
ଅଣାଇଲା	4	4	3	4	1SA 16:12
ଅଣାଇଲେ	5	5	4	5	JOS 7:16
ଅଣାଗଲା	11	11	7	11	LEV 10:18
ଅଣାଗଲେ	5	5	5	5	GEN 12:15
ଅଣାଟିଏ	1	1	1	0	MAT 20:13
ଅଣାନ୍ତେ	5	5	2	5	JOS 7:17
ଅଣାଯାଆନ୍ତେ	1	1	1	0	ACT 19:12
ଅଣାଯାଇ	3	3	3	2	NEH 5:5
ଅଣାଯାଇଥିଲା	1	1	1	1	LEV 16:27
ଅଣାଯାଉ	2	2	2	2	EZR 6:5
ଅଣାଯାଏ	6	6	5	6	LEV 6:30
ଅଣାଯା’ନ୍ତେ	3	3	2	3	GEN 38:25
ଅଣାଯିବ	11	11	7	12	LEV 13:2
ଅଣାଯିବା	1	1	1	1	EZR 1:11
ଅଣାଯିବାର	1	1	1	1	2CH 1:17
ଅଣାଯିବେ	9	9	4	9	PSA 45:14
ଅଣ୍ଟା	3	3	3	3	2KI 4:29
ଅଣ୍ଟାରୁ	1	1	1	1	PRO 17:23
ଅଣ୍ଟି	3	3	3	3	2KI 4:39
ଅଣ୍ଟିବ	3	3	3	3	ZEC 10:10
ଅଣ୍ଟିବା	2	2	1	2	NUM 11:22
ଅଣ୍ଟିରେ	2	2	2	2	PRO 21:14
ଅଣ୍ଟିଲେ	1	1	1	1	JDG 21:14
ଅଣ୍ଡା	3	3	2	2	JOB 6:6
ଅଣ୍ଡିରା	2	2	1	2	LEV 3:1
ଅତଏବ	249	249	25	252	1CH 29:5
ଅତରଧାନୀ	1	1	1	1	ISA 3:20
ଅତି	270	270	45	275	GEN 4:5
ଅତିକ୍ରମ	12	12	11	14	GEN 49:22
ଅତିଥି	4	4	2	5	ACT 10:6
ଅତିଥିଶାଳା	2	2	2	2	MRK 14:14
ଅତିଦାହ	1	1	1	1	DEU 28:22
ଅତିବାହିତ	1	1	1	1	ACT 27:9
ଅତିରିକ୍ତ	16	16	9	14	EXO 26:12
ଅତିଶୀଘ୍ର	1	1	1	2	GEN 34:19
ଅତିଶୟ	216	216	44	219	GEN 3:16
ଅତୀତ	5	5	4	10	JOB 14:13
ଅତୀବ	1	1	1	1	PHP 1:23
ଅତୁଷ୍ଟ	2	2	1	2	1KI 20:43
ଅତୃପ୍ତ	3	3	2	3	PRO 13:25
ଅତ୍ତଲୟ	1	1	1	1	EZR 10:28
ଅତ୍ତୟ	2	2	1	3	1CH 2:36
ଅତ୍ତୟକୁ	1	1	1	1	1CH 2:35
ଅତ୍ନି	1	1	1	1	1CH 26:7
ଅତ୍ନୀୟେଲ-ବଂଶଜାତ	1	1	1	1	1CH 27:15
ଅତ୍ର-ପ୍ରବାସୀ	1	1	1	0	EXO 2:22
ଅତ୍ସଲୀୟର	2	2	2	2	2KI 22:3
ଅତ୍ୟ	110	110	33	0	GEN 27:34
ଅତ୍ୟଧିକ	9	9	3	10	2CO 4:15
ଅତ୍ୟଳ୍ପ	3	3	3	1	ISA 10:25
ଅତ୍ୟାଚାର	6	6	6	27	JDG 19:25
ଅତ୍ୟାଚାରପୂର୍ବକ	1	1	1	1	ECC 5:8
ଅତ୍ୟାଚାରୀ	4	4	4	4	PRO 16:29
ଅତ୍ୟାଚାରୀଗଣର	1	1	1	1	DAN 11:14
ଅତ୍ୟାଚାରୀମାନେ	1	1	1	1	HOS 5:2
ଅତ୍ୟୁତ୍ତମ	7	7	6	7	GEN 1:31
ଅତ୍ୟୁତ୍ସୁକଭାବେ	1	1	1	0	PHP 1:14
ଅଥଚ	9	9	5	3	GEN 30:35
ଅଥବା	103	103	25	108	GEN 17:12
ଅଥଲିୟାଙ୍କୁ	1	1	1	0	2CH 23:21
ଅଥଲୀୟ	1	1	1	1	1CH 8:26
ଅଥଲୀୟର	1	1	1	1	EZR 8:7
ଅଥଲୀୟା	10	10	2	12	2KI 8:26
ଅଥଲୀୟାକୁ	1	1	1	1	2KI 11:20
ଅଥଲୀୟାଙ୍କଠାରୁ	1	1	1	1	2CH 22:11
ଅଥଲୀୟାଠାରୁ	1	1	1	1	2KI 11:2
ଅଥଲୀୟାର	1	1	1	1	2CH 24:7
ଅଥାକ୍	1	1	1	1	1SA 30:29
ଅଥାରୀମର	1	1	1	1	NUM 21:1
ଅଥାୟ	1	1	1	1	NEH 11:4
ଅଦଣ୍ଡିତ	12	12	2	12	PRO 6:29
ଅଦନ୍	2	2	2	2	EZR 10:30
ଅଦର	9	9	2	9	EZR 6:15
ଅଦଲୀୟ	1	1	1	1	EST 9:8
ଅଦାଦା	1	1	1	1	JOS 15:22
ଅଦାମୀ	1	1	1	1	JOS 19:33
ଅଦାୟା	6	6	3	6	1CH 8:21
ଅଦାୟାଙ୍କର	1	1	1	1	2KI 22:1
ଅଦାୟାର	4	4	3	4	1CH 6:41
ଅଦିନୋ	1	1	1	0	2SA 23:8
ଅଦୀଥୟିମ୍	1	1	1	1	JOS 15:36
ଅଦୀନା	1	1	1	1	1CH 11:42
ଅଦୀୟେଲ	1	1	1	1	1CH 4:36
ଅଦୀୟେଲର	2	2	1	2	1CH 9:12
ଅଦୁମ୍ମୀମ୍	2	2	1	2	JOS 15:7
ଅଦୁଲ୍ଲମ	4	4	4	8	1SA 22:1
ଅଦୁଲ୍ଲମକୁ	1	1	1	0	MIC 1:15
ଅଦୁଲ୍ଲମର	1	1	1	1	JOS 12:15
ଅଦୁଲ୍ଲମୀୟ	3	3	1	3	GEN 38:1
ଅଦୁଲ୍ଲମ୍	2	2	2	0	JOS 15:35
ଅଦୃଶ୍ୟ	13	13	9	15	GEN 31:49
ଅଦୋନିଷେଦକ	2	2	1	2	JOS 10:1
ଅଦୋନିୟ	1	1	1	0	1KI 1:25
ଅଦୋନୀକାମର	3	3	2	3	EZR 2:13
ଅଦୋନୀବେଷକ	1	1	1	0	JDG 1:7
ଅଦୋନୀବେଷକକୁ	1	1	1	0	JDG 1:5
ଅଦୋନୀବେଷକ୍	1	1	1	3	JDG 1:6
ଅଦୋନୀରାମ୍	2	2	1	4	1KI 4:6
ଅଦୋନୀରାମ୍କୁ	1	1	1	1	1KI 12:18
ଅଦୋନୀୟ	20	20	5	21	2SA 3:4
ଅଦୋନୀୟକୁ	1	1	1	1	1KI 1:43
ଅଦୋନୀୟର	4	4	1	6	1KI 1:7
ଅଦୋରାମ୍	1	1	1	2	2SA 20:24
ଅଦୋରୟୀମ୍	1	1	1	1	2CH 11:9
ଅଦ୍ଦନ	1	1	1	1	NEH 7:61
ଅଦ୍ଦନ୍	1	1	1	1	EZR 2:59
ଅଦ୍ଦର	3	3	2	2	JOS 15:3
ଅଦ୍ଦା	1	1	1	0	2KI 17:24
ଅଦ୍ଦୀ	1	1	1	1	LUK 3:28
ଅଦ୍ଦୀଙ୍କ	1	1	1	1	LUK 3:28
ଅଦ୍ନ	1	1	1	0	2CH 17:14
ଅଦ୍ନହ	1	1	1	2	1CH 12:20
ଅଦ୍ବେଲ	1	1	1	2	GEN 25:13
ଅଦ୍ବେଲ୍	1	1	1	0	1CH 1:29
ଅଦ୍ଭୁତ	37	37	18	36	1CH 16:13
ଅଦ୍ଭୂତ	1	1	1	0	PSA 105:27
ଅଦ୍ମା	2	2	2	2	GEN 10:19
ଅଦ୍ମାଥା	1	1	1	1	EST 1:14
ଅଦ୍ମାର	3	3	2	3	GEN 14:2
ଅଦ୍ମୀନ	1	1	1	1	LUK 3:33
ଅଦ୍ମୀନଙ୍କ	1	1	1	1	LUK 3:33
ଅଦ୍ରମ୍ମେଲକ୍	3	3	2	3	2KI 17:31
ଅଦ୍ରୀୟେଲକୁ	1	1	1	1	1SA 18:19
ଅଦ୍ରୀୟେଲର	1	1	1	1	2SA 21:8
ଅଦ୍ଲୟର	1	1	1	1	1CH 27:29
ଅଦ୍ୟାପି	17	17	12	2	GEN 32:32
ଅଦ୍ୟାବଧି	10	10	7	6	DEU 2:25
ଅଦ୍ୱିତୀୟ	13	13	9	13	GEN 22:2
ଅଦ୍ୱିତୀୟା	1	1	1	1	SNG 6:9
ଅଦୟା	1	1	1	1	HOS 1:6
ଅଧ	2	2	2	3	EZK 43:17
ଅଧଃପତନ	1	1	1	1	JER 18:7
ଅଧଃପତିତ	5	5	4	5	PSA 36:12
ଅଧଃସ୍ଥ	7	7	6	7	GEN 1:7
ଅଧଃସ୍ଥାନ	1	1	1	1	JOB 28:24
ଅଧଃସ୍ଥାନକୁ	2	2	2	2	JOB 37:3
ଅଧଃସ୍ଥାନରୁ	1	1	1	1	JHN 8:23
ଅଧଃସ୍ଥାନରେ	3	3	3	3	GEN 49:25
ଅଧଃସ୍ଥାନସକଳ	1	1	1	1	ISA 44:23
ଅଧଃସ୍ଥିତ	14	14	9	14	GEN 35:8
ଅଧକାରସ୍ଥ	1	1	1	0	2KI 14:11
ଅଧଭରି	1	1	1	1	GEN 24:22
ଅଧମ	7	7	6	7	JOB 34:18
ଅଧମତା	1	1	1	1	PSA 12:8
ଅଧରାତିରେ	2	2	2	2	MRK 13:36
ଅଧର୍ମ	161	161	33	167	GEN 50:17
ଅଧର୍ମକାରୀ	1	1	1	1	PRO 29:27
ଅଧର୍ମକାରୀମାନଙ୍କୁ	1	1	1	1	PSA 59:5
ଅଧର୍ମକୁ	5	5	2	5	JOB 11:14
ଅଧର୍ମଜନକ	5	5	1	5	EZK 7:19
ଅଧର୍ମମୟ	1	1	1	0	HOS 12:11
ଅଧର୍ମଯୁକ୍ତ	1	1	1	1	ISA 61:8
ଅଧର୍ମର	29	29	16	30	2SA 7:11
ଅଧର୍ମରହିତ	1	1	1	1	DEU 32:4
ଅଧର୍ମରୁ	12	12	10	12	2SA 22:24
ଅଧର୍ମରୂପ	3	3	3	3	PSA 7:14
ଅଧର୍ମରେ	26	26	12	24	PSA 106:43
ଅଧର୍ମସକଳ	4	4	4	4	EZK 44:7
ଅଧର୍ମସବୁ	8	8	4	8	PSA 25:7
ଅଧର୍ମାଚରଣ	5	5	3	5	PSA 107:17
ଅଧର୍ମାଚାରୀ	9	9	4	9	PSA 6:8
ଅଧର୍ମାଚାରୀ-ମାନଙ୍କ	1	1	1	0	PSA 64:2
ଅଧର୍ମାଚାରୀଗଣ	1	1	1	1	JOB 34:22
ଅଧର୍ମାଚାରୀଙ୍କି	1	1	1	0	PSA 5:5
ଅଧର୍ମାଚାରୀମାନଙ୍କ	8	8	4	10	JOB 31:3
ଅଧର୍ମାଚାରୀମାନଙ୍କଠାରୁ	1	1	1	1	PSA 59:2
ଅଧର୍ମାଚାରୀମାନଙ୍କର	1	1	1	1	PSA 53:4
ଅଧର୍ମାଚାରୀମାନଙ୍କୁ	1	1	1	1	MAT 13:41
ଅଧର୍ମାଚାରୀମାନେ	5	5	3	5	PSA 36:12
ଅଧର୍ମାଚାରୀସମସ୍ତଙ୍କୁ	1	1	1	1	PSA 101:8
ଅଧର୍ମାନୁସାରେ	1	1	1	1	PSA 103:10
ଅଧର୍ମୀ	1	1	1	1	DEU 19:16
ଅଧର୍ମୀ-ସନ୍ତାନମାନଙ୍କ	1	1	1	1	2SA 3:34
ଅଧାର୍ମିକ	18	18	10	17	JOB 13:16
ଅଧାର୍ମିକ-ମାନଙ୍କ	1	1	1	0	LUK 22:37
ଅଧାର୍ମିକ-ମାନଙ୍କର	1	1	1	0	PRO 11:7
ଅଧାର୍ମିକକୁ	1	1	1	1	ROM 4:5
ଅଧାର୍ମିକତା	1	1	1	3	ROM 3:5
ଅଧାର୍ମିକତାକୁ	1	1	1	1	HEB 1:9
ଅଧାର୍ମିକତାର	2	2	1	2	ROM 2:8
ଅଧାର୍ମିକତାରେ	1	1	1	1	JUD 1:15
ଅଧାର୍ମିକମାନଙ୍କ	12	12	9	13	JOB 15:34
ଅଧାର୍ମିକମାନଙ୍କୁ	2	2	2	2	ISA 33:14
ଅଧାର୍ମିକମାନେ	1	1	1	1	1CO 6:9
ଅଧାର୍ମିକର	4	4	2	4	JOB 18:21
ଅଧିକ	403	403	49	448	GEN 3:14
ଅଧିକଣ	1	1	1	0	EZK 32:19
ଅଧିକତର	7	7	3	7	ACT 9:22
ଅଧିକନ୍ତୁ	1	1	1	1	1CO 12:31
ଅଧିକରୁ	8	8	6	9	1CO 15:58
ଅଧିକରୂପେ	2	2	2	0	1CO 14:18
ଅଧିକସଂଖ୍ୟକ	2	2	2	0	DEU 7:7
ଅଧିକା	1	1	1	1	LEV 22:14
ଅଧିକାଂଶ	10	10	8	19	1CH 12:29
ଅଧିକାଂଶଙ୍କ	1	1	1	1	2CO 2:6
ଅଧିକାଂଶଠାରେ	1	1	1	1	1CO 10:5
ଅଧିକାଙ୍ଗ	2	2	1	0	LEV 21:18
ଅଧିକାର	468	468	47	512	GEN 14:1
ଅଧିକାର-ଅପ୍ରାପ୍ତ	1	1	1	1	JOS 18:2
ଅଧିକାର-ଦେଶ	1	1	1	1	JOS 22:19
ଅଧିକାର-ଦେଶକୁ	1	1	1	1	JOS 22:19
ଅଧିକାର-ପର୍ବତରେ	1	1	1	1	EXO 15:17
ଅଧିକାର-ଭୂମିରେ	1	1	1	1	DEU 2:12
ଅଧିକାର-ସୀମା	2	2	2	1	JOS 24:30
ଅଧିକାରକୁ	19	19	9	22	LEV 25:10
ଅଧିକାରଚ୍ୟୁତ	8	8	3	5	NUM 14:12
ଅଧିକାରପ୍ରାପ୍ତ	6	6	5	10	MAT 7:29
ଅଧିକାରଯୁକ୍ତ	2	2	2	2	MRK 1:27
ଅଧିକାରର	129	129	26	32	GEN 49:13
ଅଧିକାରରୁ	7	7	5	7	LEV 25:25
ଅଧିକାରରେ	33	33	17	32	GEN 48:6
ଅଧିକାରର୍ଥେ	1	1	1	1	EZK 45:5
ଅଧିକାରସ୍ଥ	9	9	4	11	JDG 19:14
ଅଧିକାରସ୍ଥିତ	1	1	1	0	JDG 6:11
ଅଧିକାରାନୁସାରେ	2	2	2	2	NUM 35:8
ଅଧିକାରାର୍ଥେ	41	41	10	40	EXO 6:8
ଅଧିକାରୀ	35	35	20	39	GEN 14:19
ଅଧିକାରୀକୁ	1	1	1	1	HEB 2:14
ଅଧିକାରୀଙ୍କ	1	1	1	2	ACT 27:11
ଅଧିକାରୀଙ୍କି	1	1	1	0	ACT 21:11
ଅଧିକାରୀଙ୍କୁ	2	2	2	3	JER 8:10
ଅଧିକାରୀମାନଙ୍କ	2	2	2	3	JOB 31:39
ଅଧିକାରୀମାନଙ୍କର	2	2	2	5	PRO 1:19
ଅଧିକାରୀମାନେ	2	2	2	3	ZEC 11:5
ଅଧିକାରୀର	2	2	1	2	ECC 5:11
ଅଧିକୃତ	18	18	8	20	GEN 36:43
ଅଧିତ୍ୟକା	1	1	1	1	JOS 12:8
ଅଧିତ୍ୟକାଦି	1	1	1	1	JOS 10:40
ଅଧିପତି	131	131	23	132	GEN 25:16
ଅଧିପତି-ଗଣକୁ	1	1	1	0	JER 51:57
ଅଧିପତି-ମାନଙ୍କଠାରୁ	1	1	1	0	2CH 30:6
ଅଧିପତିକୁ	2	2	2	2	EZK 28:2
ଅଧିପତିଗଣ	38	38	15	37	NUM 4:34
ଅଧିପତିଗଣକୁ	13	13	5	14	JER 24:8
ଅଧିପତିଗଣଙ୍କ	1	1	1	2	HOS 8:10
ଅଧିପତିଗଣଙ୍କୁ	2	2	2	2	1SA 6:4
ଅଧିପତିଗଣର	11	11	7	11	JOS 9:21
ଅଧିପତିଙ୍କ	8	8	6	9	NUM 16:2
ଅଧିପତିଙ୍କର	3	3	1	3	EZK 46:17
ଅଧିପତିଙ୍କି	9	9	4	0	1SA 5:8
ଅଧିପତିଙ୍କୁ	2	2	1	12	JDG 7:25
ଅଧିପତିପଦ	1	1	1	0	ACT 25:1
ଅଧିପତିବର୍ଗ	1	1	1	1	NEH 11:1
ଅଧିପତିବର୍ଗଙ୍କ	1	1	1	1	NUM 36:1
ଅଧିପତିବର୍ଗର	1	1	1	1	NEH 12:32
ଅଧିପତିମାନଙ୍କ	34	34	13	33	NUM 22:21
ଅଧିପତିମାନଙ୍କର	8	8	7	8	NUM 3:32
ଅଧିପତିମାନଙ୍କୁ	17	17	12	17	NUM 22:13
ଅଧିପତିମାନେ	75	75	19	75	GEN 12:15
ଅଧିପତିର	8	8	4	9	EST 3:1
ଅଧିପତିସକଳ	3	3	2	3	JER 39:3
ଅଧିପତିସମସ୍ତଙ୍କୁ	1	1	1	0	AMO 2:3
ଅଧିପତିହୀନ	1	1	1	1	HOS 3:4
ଅଧିଷ୍ଠାନ	18	18	12	18	GEN 6:3
ଅଧିଷ୍ଠିତ	10	10	6	9	JDG 3:10
ଅଧୀନ	33	33	18	27	GEN 27:37
ଅଧୀନକୁ	4	4	3	4	1KI 12:21
ଅଧୀନତା	3	3	3	3	GEN 49:10
ଅଧୀନତାର	6	6	3	5	2KI 8:20
ଅଧୀନତାରୁ	3	3	3	3	EXO 18:10
ଅଧୀନର	1	1	1	1	1CO 9:20
ଅଧୀନରେ	18	18	10	16	NUM 5:19
ଅଧୀନସ୍ଥ	4	4	4	3	1SA 6:18
ଅଧୀନା	1	1	1	1	NUM 30:6
ଅଧୁଆ	1	1	1	2	MRK 7:2
ଅଧୁଲି	3	3	3	2	MAT 22:19
ଅଧେ	6	6	4	6	JOS 8:33
ଅଧୈର୍ଯ୍ୟ	2	2	2	2	JOB 21:4
ଅଧୈର୍ଯ୍ୟରେ	1	1	1	1	PSA 31:22
ଅଧୋଗତି	2	2	2	1	MAT 11:23
ଅଧୋଗମନ	1	1	1	1	GEN 37:35
ଅଧୋଗାମୀ	1	1	1	1	ECC 3:21
ଅଧୋନତ	2	2	1	2	PSA 59:11
ଅଧୋଭାଗ	1	1	1	1	JOB 28:5
ଅଧୋଭାଗରେ	1	1	1	1	EZK 26:20
ଅଧୋଭୁବନକୁ	2	2	1	2	EZK 31:18
ଅଧୋଭୁବନରେ	3	3	1	3	EZK 31:14
ଅଧୋମୁଖ	9	9	5	7	GEN 4:5
ଅଧୋଲୋକରେ	1	1	1	1	ISA 7:11
ଅଧୌତ	1	1	1	0	MAT 15:20
ଅଧ୍ୟକ୍ଷ	88	88	25	89	GEN 39:5
ଅଧ୍ୟକ୍ଷକୁ	5	5	5	5	EXO 22:28
ଅଧ୍ୟକ୍ଷଗଣ	17	17	10	17	GEN 41:34
ଅଧ୍ୟକ୍ଷଗଣକୁ	2	2	2	3	NUM 32:2
ଅଧ୍ୟକ୍ଷଗଣର	1	1	1	1	JON 3:7
ଅଧ୍ୟକ୍ଷଙ୍କ	8	8	6	5	1CH 13:1
ଅଧ୍ୟକ୍ଷଙ୍କର	1	1	1	1	1TI 3:2
ଅଧ୍ୟକ୍ଷଙ୍କୁ	2	2	2	1	MRK 5:36
ଅଧ୍ୟକ୍ଷପଦ	1	1	1	0	ACT 1:20
ଅଧ୍ୟକ୍ଷମାନଙ୍କ	8	8	7	8	EXO 24:11
ଅଧ୍ୟକ୍ଷମାନଙ୍କଠାରୁ	1	1	1	1	NUM 17:2
ଅଧ୍ୟକ୍ଷମାନଙ୍କର	2	2	1	2	NEH 5:7
ଅଧ୍ୟକ୍ଷମାନଙ୍କୁ	13	13	5	13	EXO 5:6
ଅଧ୍ୟକ୍ଷମାନେ	8	8	5	8	JOS 3:2
ଅଧ୍ୟାପକ	8	8	3	8	EZR 7:6
ଅଧ୍ୟାପକକୁ	3	3	2	3	EZR 7:11
ଅଧ୍ୟାପକମାନଙ୍କର	1	1	1	1	JER 8:8
ଅନ	125	125	32	0	GEN 21:33
ଅନଧିକାରଚର୍ଚ୍ଚାକାରୀ	1	1	1	0	1PE 4:15
ଅନଧିକାରଚର୍ଚ୍ଚାରେ	1	1	1	0	2TH 3:11
ଅନଧିକାରିଣୀ	1	1	1	0	ZEC 9:4
ଅନଧିକାରୀ	1	1	1	1	1CO 7:30
ଅନନୀୟର	1	1	1	0	NEH 3:23
ଅନନୀୟାରେ	1	1	1	1	NEH 11:32
ଅନନୁସନ୍ଧେୟ	4	4	3	3	JOB 5:9
ଅନନ୍ତ	2	2	1	134	ISA 54:8
ଅନନ୍ତ-କାଳସ୍ଥାୟୀ	3	3	2	0	ISA 26:4
ଅନନ୍ତ-କାଳୀନ	2	2	2	1	PSA 110:4
ଅନନ୍ତକାଳ	47	47	5	50	GEN 17:7
ଅନନ୍ତକାଳ-ସ୍ଥାୟୀ	1	1	1	0	PSA 45:6
ଅନନ୍ତକାଳଯାଏ	2	2	2	0	GEN 9:12
ଅନନ୍ତକାଳସ୍ଥାୟୀ	66	66	17	80	GEN 9:16
ଅନନ୍ତକାଳୀନ	55	55	13	59	GEN 17:8
ଅନନ୍ତଜୀବୀ	4	4	4	4	GEN 3:22
ଅନନ୍ତର	843	843	29	0	GEN 1:3
ଅନପେକ୍ଷିତ	2	2	2	2	ISA 64:3
ଅନବରତ	1	1	1	1	ISA 14:5
ଅନଭିଷିକ୍ତ	1	1	1	1	2SA 1:21
ଅନମ୍ମେଲକ୍	1	1	1	1	2KI 17:31
ଅନର୍ଥକ	5	5	5	3	JOB 15:3
ଅନଳରେ	1	1	1	1	ISA 57:5
ଅନହରତ୍	1	1	1	1	JOS 19:19
ଅନା	6	6	2	6	GEN 36:20
ଅନାଅ	10	10	8	11	JDG 21:20
ଅନାଇ	51	51	16	52	GEN 13:10
ଅନାଇଥାଏ	1	1	1	1	PSA 123:2
ଅନାଇଥିଲେ	1	1	1	1	1KI 2:15
ଅନାଇବ	6	6	3	6	SNG 7:1
ଅନାଇବାରୁ	3	3	3	3	GEN 19:26
ଅନାଇବି	1	1	1	1	JOB 31:1
ଅନାଇବେ	4	4	4	4	2SA 9:8
ଅନାଇଲ	1	1	1	1	ISA 22:11
ଅନାଇଲା	5	5	5	5	GEN 29:2
ଅନାଇଲି	17	17	6	15	DEU 9:16
ଅନାଇଲୁ	2	2	2	2	ISA 63:5
ଅନାଇଲେ	15	15	11	14	EXO 3:2
ଅନାଉ	2	2	2	2	PRO 4:25
ଅନାଉଅଛ	1	1	1	1	JOB 30:20
ଅନାଉଅଛନ୍ତି	1	1	1	1	SNG 2:9
ଅନାଉଥିଲେ	2	2	1	2	JDG 13:19
ଅନାଏ	4	4	3	4	JOB 17:13
ଅନାକର	9	9	4	9	NUM 13:22
ଅନାକୀୟ-ମାନଙ୍କର	1	1	1	0	JOS 11:22
ଅନାକୀୟ-ମାନଙ୍କସନ୍ତାନଗଣକୁ	1	1	1	0	DEU 1:28
ଅନାକୀୟମାନଙ୍କ	5	5	2	6	DEU 2:10
ଅନାକୀୟମାନଙ୍କୁ	1	1	1	1	JOS 11:21
ଅନାକୀୟମାନେ	1	1	1	1	JOS 14:12
ଅନାଚ୍ଛାଦିତ	1	1	1	1	2CO 3:18
ଅନାଜ୍ଞା-ବହ	1	1	1	0	ROM 2:8
ଅନାଜ୍ଞାବହ	12	12	4	13	NEH 9:26
ଅନାଜ୍ଞାବହତା	2	2	1	3	ROM 5:19
ଅନାଜ୍ଞାବହତାରେ	1	1	1	1	ROM 11:32
ଅନାଜ୍ଞାବହମାନଙ୍କ	1	1	1	1	HEB 11:31
ଅନାଟନ	2	2	2	1	MRK 12:44
ଅନାତ-ପୁତ୍ର	1	1	1	1	JDG 5:6
ଅନାତର	1	1	1	1	JDG 3:31
ଅନାଥ	8	8	4	8	PSA 35:12
ଅନାଥଙ୍କ	1	1	1	1	PRO 31:8
ଅନାଥା	1	1	1	1	ISA 62:4
ଅନାଥାର	2	2	2	1	ISA 54:1
ଅନାଥିନୀ	1	1	1	1	LAM 1:13
ଅନାଥୋତ	1	1	1	0	NEH 11:32
ଅନାଥୋତକୁ	1	1	1	0	1KI 2:26
ଅନାଥୋତର	2	2	2	0	EZR 2:23
ଅନାଥୋତୀୟ	5	5	3	5	2SA 23:27
ଅନାଥୋତ୍	8	8	5	10	JOS 21:18
ଅନାଥୋତ୍ରେ	2	2	1	2	JER 32:7
ଅନାଥୋତ୍ସ୍ଥିତ	1	1	1	1	JER 32:9
ଅନାଦର	6	6	5	7	JOB 35:14
ଅନାଦରରେ	1	1	1	1	1CO 15:43
ଅନାଦି	11	11	9	10	GEN 21:33
ଅନାଦିକାଳ	3	3	3	2	2TI 1:9
ଅନାଦିକାଳରୁ	6	6	3	5	PSA 41:13
ଅନାଦିକାଳୀନ	1	1	1	2	PSA 25:6
ଅନାଦୃତ	1	1	1	1	1CO 4:10
ଅନାନି	1	1	1	1	1CH 3:24
ଅନାନ୍	1	1	1	1	NEH 10:26
ଅନାନ୍ତି	3	3	3	3	2KI 3:14
ଅନାନ୍ତେ	11	11	8	11	GEN 8:13
ଅନାବରୁ	1	1	1	1	JOS 11:21
ଅନାବଶ୍ୟକ	1	1	1	3	HEB 10:18
ଅନାବୃତ	54	54	14	58	EXO 21:33
ଅନାବୃତ୍ତ	4	4	4	0	EXO 20:26
ଅନାବୃଷ୍ଟି	2	2	2	4	JOB 24:19
ଅନାବୃଷ୍ଟିକି	1	1	1	0	HAG 1:11
ଅନାବୃଷ୍ଟିର	1	1	1	2	JER 17:8
ଅନାବ୍	1	1	1	0	JOS 15:50
ଅନାମୀୟ	2	2	2	2	GEN 10:13
ଅନାର	5	5	2	5	GEN 36:2
ଅନାସକ୍ତ	1	1	1	1	1TI 3:9
ଅନାହାରରେ	4	4	3	4	MAT 15:32
ଅନାୟ	2	2	1	2	NEH 8:4
ଅନାୟାସରେ	1	1	1	1	GEN 26:10
ଅନିଚ୍ଛାରେ	1	1	1	1	GEN 38:9
ଅନିଚ୍ଛୁକ	3	3	3	3	2SA 6:10
ଅନିତ୍ୟ	1	1	1	1	1JN 2:17
ଅନିନ୍ଦନୀୟ	12	12	7	11	1CO 1:8
ଅନିବାରିତ	1	1	1	1	ISA 14:5
ଅନିର୍ବାଣ	3	3	3	1	MAT 3:12
ଅନିଷ୍ଟ	52	52	24	56	EXO 32:12
ଅନିଷ୍ଟକର	1	1	1	1	EZR 4:15
ଅନିଷ୍ଟକୁ	1	1	1	1	ISA 59:4
ଅନିଷ୍ଟଚିନ୍ତକ	1	1	1	0	PRO 6:18
ଅନିଷ୍ଟଚିନ୍ତକମାନେ	1	1	1	0	PSA 35:4
ଅନିଷ୍ଟଚିନ୍ତା	1	1	1	0	PRO 6:14
ଅନିଷ୍ଟଚିନ୍ତାକାରୀଗଣ	1	1	1	0	PRO 14:22
ଅନିଷ୍ଟଚିନ୍ତାକାରୀର	1	1	1	0	PRO 12:20
ଅନିଷ୍ଟର	3	3	3	2	PSA 78:49
ଅନିଷ୍ଟରେ	1	1	1	1	PRO 12:21
ଅନୀଶ୍ୱରମାନଙ୍କର	1	1	1	1	2CH 13:9
ଅନୀସିଫରଙ୍କ	2	2	1	2	2TI 1:16
ଅନୀସିମ	1	1	1	6	PHM 1:10
ଅନୀସିମଙ୍କୁ	1	1	1	3	COL 4:9
ଅନୀୟାମ୍	1	1	1	1	1CH 7:19
ଅନୁକରଣ	2	2	1	4	2TH 3:7
ଅନୁକାରୀ	11	11	6	11	1CO 4:16
ଅନୁକୂଳ	2	2	2	3	JER 15:1
ଅନୁକ୍ରମେ	3	3	3	3	2CH 35:4
ଅନୁକ୍ଷଣ	2	2	1	1	EZK 26:16
ଅନୁକ୍ଷଣେ	1	1	1	1	JER 23:17
ଅନୁଗତ	14	14	7	14	EXO 11:8
ଅନୁଗମନ	36	36	8	36	JDG 2:17
ଅନୁଗମନରୁ	5	5	3	5	2KI 17:21
ଅନୁଗାମିନୀ	3	3	3	3	EXO 34:16
ଅନୁଗାମୀ	57	57	24	60	EXO 34:15
ଅନୁଗାମୀକି	1	1	1	0	PRO 15:9
ଅନୁଗାମୀଗଣ	1	1	1	1	ISA 51:1
ଅନୁଗ୍ରହ	219	219	46	244	GEN 6:8
ଅନୁଗ୍ରହ-ଦାନରେ	1	1	1	0	1CO 1:7
ଅନୁଗ୍ରହକାର୍ଯ୍ୟ	2	2	1	0	2CO 8:7
ଅନୁଗ୍ରହକୁ	2	2	2	2	GAL 2:21
ଅନୁଗ୍ରହଜନକ	2	2	2	2	PRO 1:9
ଅନୁଗ୍ରହଜନିକା	1	1	1	1	PRO 11:16
ଅନୁଗ୍ରହଦତ୍ତ	1	1	1	0	ROM 5:15
ଅନୁଗ୍ରହଦାତା	1	1	1	1	HEB 10:29
ଅନୁଗ୍ରହଦାନ	5	5	4	0	ROM 5:16
ଅନୁଗ୍ରହଦାନର	1	1	1	2	1PE 3:7
ଅନୁଗ୍ରହପାତ୍ର	11	11	5	6	GEN 39:21
ଅନୁଗ୍ରହପାତ୍ରୀ	1	1	1	1	LUK 1:28
ଅନୁଗ୍ରହପ୍ରାପ୍ତ	3	3	2	3	EXO 11:3
ଅନୁଗ୍ରହବାକ୍ୟ	1	1	1	0	ACT 14:3
ଅନୁଗ୍ରହଯୁକ୍ତ	1	1	1	2	PRO 22:11
ଅନୁଗ୍ରହର	19	19	10	21	PSA 45:12
ଅନୁଗ୍ରହରୁ	2	2	2	2	GAL 5:4
ଅନୁଗ୍ରହରୂପ	2	2	2	1	PRO 4:9
ଅନୁଗ୍ରହରେ	28	28	15	32	DEU 33:16
ଅନୁଚର	1	1	1	1	DAN 11:43
ଅନୁଚରୀ	1	1	1	1	1SA 25:42
ଅନୁଚିତ	7	7	6	6	EST 1:16
ଅନୁଢ଼ା	1	1	1	1	JER 46:11
ଅନୁତାପ	19	19	12	36	GEN 6:6
ଅନୁଦ୍ଦେଶ୍ୟ	2	2	1	2	JOB 9:10
ଅନୁପଯୁକ୍ତ	8	8	4	8	JOB 34:19
ଅନୁପସ୍ଥିତ	12	12	7	13	2KI 10:19
ଅନୁବର୍ତ୍ତୀ	5	5	4	5	1SA 12:14
ଅନୁବାଦ	8	8	3	9	JHN 1:38
ଅନୁଭବ	4	4	4	10	2CH 12:8
ଅନୁମତି	49	49	21	56	GEN 44:18
ଅନୁମାନ	4	4	3	4	2SA 12:19
ଅନୁମୋଦନ	1	1	1	1	LUK 11:48
ଅନୁଯାୟୀ	19	19	11	20	GEN 1:11
ଅନୁଯୋଗ	64	64	21	69	GEN 21:25
ଅନୁଯୋଗକାରୀ	1	1	1	1	HOS 5:2
ଅନୁଯୋଗକୁ	2	2	1	2	PRO 1:25
ଅନୁଯୋଗରେ	2	2	2	2	JOB 26:11
ଅନୁରକ୍ତ	8	8	7	7	GEN 34:3
ଅନୁରାଗୀ	2	2	2	2	PRO 26:23
ଅନୁରୂପ	6	6	4	7	GEN 2:18
ଅନୁରୂପରେ	1	1	1	1	ROM 15:5
ଅନୁରୂପୀ	2	2	2	2	ROM 12:2
ଅନୁରୋଧ	61	61	21	64	JDG 14:17
ଅନୁର୍ବର	1	1	1	1	NUM 13:20
ଅନୁଲିପି	4	4	1	0	EZR 4:11
ଅନୁସନ୍ଧାନ	100	100	34	102	GEN 42:9
ଅନୁସନ୍ଧାନକାରୀ	1	1	1	1	NUM 14:6
ଅନୁସରଣ	18	18	9	24	LEV 19:31
ଅନୁସରଣକାରୀମାନେ	1	1	1	1	PSA 69:6
ଅନୁସରଣରୁ	5	5	2	5	DEU 7:4
ଅନୁସାରେ	330	330	46	375	GEN 1:12
ଅନୂଢ଼ା	8	8	5	8	2SA 13:2
ଅନୂଢ଼ାକୁ	1	1	1	1	LEV 21:13
ଅନୂଢ଼େ	1	1	1	1	ISA 23:12
ଅନେକ	397	397	50	439	GEN 6:1
ଅନେକଙ୍କ	14	14	9	19	NEH 7:2
ଅନେକଙ୍କଠାରୁ	4	4	4	4	PSA 31:13
ଅନେକଙ୍କର	3	3	3	3	ISA 53:12
ଅନେକଙ୍କୁ	27	27	14	28	JDG 16:24
ଅନେକର	4	4	3	0	JER 11:15
ଅନେକେ	70	70	21	69	EXO 19:21
ଅନେଶ୍ୱତ	3	3	2	2	GEN 17:1
ଅନେଶ୍ୱତକୁ	1	1	1	0	MAT 18:12
ଅନେଶ୍ୱତଙ୍କୁ	1	1	1	0	LUK 15:4
ଅନେଶ୍ୱତଟି	1	1	1	0	MAT 18:13
ଅନୈକ୍ୟ	1	1	1	0	PSA 55:9
ଅନ୍ତ	2	2	2	22	ISA 44:6
ଅନ୍ତଃକରଣ	141	141	30	139	GEN 43:30
ଅନ୍ତଃକରଣକୁ	7	7	6	8	1KI 8:58
ଅନ୍ତଃକରଣର	25	25	9	25	GEN 6:5
ଅନ୍ତଃକରଣରୁ	3	3	3	3	JOB 8:10
ଅନ୍ତଃକରଣରେ	30	30	13	29	2KI 20:3
ଅନ୍ତଃପୁର	1	1	1	1	PSA 105:30
ଅନ୍ତଃପୁରକୁ	3	3	2	3	EST 2:14
ଅନ୍ତଃପୁରର	2	2	1	2	EST 2:9
ଅନ୍ତଃପୁରରୁ	3	3	3	3	EST 2:13
ଅନ୍ତଃପୁରରେ	6	6	3	6	JDG 15:1
ଅନ୍ତଃପ୍ରଦେଶକୁ	1	1	1	1	JDG 19:18
ଅନ୍ତଃପ୍ରଦେଶରେ	1	1	1	1	JDG 19:1
ଅନ୍ତଃସ୍ଥ	1	1	1	1	1KI 6:19
ଅନ୍ତତଃ	1	1	1	1	ACT 5:15
ଅନ୍ତବୁଜୁଳି	2	2	2	2	2SA 20:10
ଅନ୍ତଭାଗ	1	1	1	1	JOS 17:9
ଅନ୍ତର	39	39	20	25	GEN 30:36
ଅନ୍ତରର	1	1	1	1	2CO 7:15
ଅନ୍ତରରୁ	1	1	1	1	JHN 7:38
ଅନ୍ତରରେ	66	66	23	69	1SA 25:37
ଅନ୍ତରସ୍ଥ	10	10	8	11	JOB 20:2
ଅନ୍ତରସ୍ଥସମସ୍ତ	1	1	1	0	PSA 103:1
ଅନ୍ତରାଗାର	1	1	1	1	1KI 6:27
ଅନ୍ତରାଗାରର	1	1	1	1	1KI 7:50
ଅନ୍ତରାଗ୍ନିର	1	1	1	1	EZK 36:5
ଅନ୍ତରାଳ	1	1	1	1	HAB 3:4
ଅନ୍ତରାଳରେ	4	4	3	4	PSA 27:5
ଅନ୍ତରାଳୟକୁ	2	2	1	2	PRO 18:8
ଅନ୍ତରାଳୟରେ	2	2	2	2	PRO 20:30
ଅନ୍ତରାଳୟସ୍ଥ	1	1	1	1	PRO 20:27
ଅନ୍ତରିତ	6	6	4	4	2KI 2:9
ଅନ୍ତରେ	7	7	4	6	JOB 14:22
ଅନ୍ତର୍ଗତ	14	14	9	13	JOS 13:30
ଅନ୍ତର୍ଗାମୀ	2	2	2	2	2KI 11:9
ଅନ୍ତର୍ଜ୍ଜ୍ୱାଳାରେ	1	1	1	0	EZK 5:13
ଅନ୍ତର୍ଜ୍ୱାଳା	15	15	7	15	NUM 25:11
ଅନ୍ତର୍ଜ୍ୱାଳାଜନକ	1	1	1	1	EZK 8:3
ଅନ୍ତର୍ଜ୍ୱାଳାର	2	2	1	1	EZK 8:5
ଅନ୍ତର୍ଜ୍ୱାଳାରୂପ	2	2	1	2	ZEP 1:18
ଅନ୍ତର୍ଜ୍ୱାଳାରେ	5	5	3	5	NUM 25:11
ଅନ୍ତର୍ବାସୀ	1	1	1	1	1CO 6:19
ଅନ୍ତର୍ଭାଗକୁ	1	1	1	1	2CH 29:16
ଅନ୍ତର୍ଭାଗରେ	1	1	1	1	1SA 24:3
ଅନ୍ତର୍ଭୁକ୍ତ	2	2	1	8	2CO 10:13
ଅନ୍ତର୍ଯ୍ୟାମୀ	1	1	1	1	ACT 15:8
ଅନ୍ତର୍ହିତ	13	13	7	11	GEN 5:24
ଅନ୍ତିମ	16	16	4	21	JER 17:11
ଅନ୍ତିମକାଳ	3	3	3	2	GEN 6:13
ଅନ୍ତୋଥୀୟ	1	1	1	1	1CH 8:24
ଅନ୍ତ୍ର	17	17	7	8	EXO 29:17
ଅନ୍ତ୍ର-ଆଚ୍ଛାଦକ	4	4	1	0	LEV 3:3
ଅନ୍ତ୍ର-ଉପରିସ୍ଥ	3	3	1	0	LEV 3:3
ଅନ୍ତ୍ର-ଉପରିସ୍ଥିତ	2	2	1	0	LEV 8:16
ଅନ୍ତ୍ରପୀଡ଼ାରେ	1	1	1	1	2CH 21:15
ଅନ୍ତ୍ରବ୍ୟାଧିରେ	1	1	1	1	2CH 21:18
ଅନ୍ତ୍ରାଚ୍ଛାଦକ	1	1	1	0	LEV 7:3
ଅନ୍ତ୍ରାପ୍ଲାବକ	2	2	1	0	LEV 3:4
ଅନ୍ତ୍ରାପ୍ଳାବକ	9	9	2	2	EXO 29:13
ଅନ୍ତ୍ରୋପରିସ୍ଥିତ	1	1	1	1	EXO 29:13
ଅନ୍ତ୍ୟ	6	6	1	4	EXO 26:4
ଅନ୍ଧ	57	57	21	62	GEN 19:11
ଅନ୍ଧକାର	78	78	28	79	GEN 1:2
ଅନ୍ଧକାରକାରୀ	1	1	1	1	JOB 3:5
ଅନ୍ଧକାରକୁ	9	9	6	10	2SA 22:12
ଅନ୍ଧକାରଗାମୀ	1	1	1	1	PSA 91:6
ଅନ୍ଧକାରଗ୍ରସ୍ତ	2	2	2	1	JOB 5:14
ଅନ୍ଧକାରଗ୍ରସ୍ତା	1	1	1	1	ECC 12:3
ଅନ୍ଧକାରବାସୀ	1	1	1	1	MAT 4:16
ଅନ୍ଧକାରବାସୀଙ୍କର	1	1	1	1	ROM 2:20
ଅନ୍ଧକାରମୟ	37	37	17	37	JOB 3:4
ଅନ୍ଧକାରର	17	17	11	17	GEN 1:5
ଅନ୍ଧକାରରୁ	8	8	5	8	GEN 1:4
ଅନ୍ଧକାରରେ	42	42	19	40	GEN 15:12
ଅନ୍ଧକାରସ୍ଥିତ	1	1	1	1	ISA 49:9
ଅନ୍ଧକାରାଚ୍ଛନ୍ନ	3	3	3	2	ISA 24:11
ଅନ୍ଧକାରାବୃତ	3	3	3	3	EXO 10:15
ଅନ୍ଧକୁ	4	4	4	6	DEU 27:18
ଅନ୍ଧଙ୍କୁ	1	1	1	3	LUK 7:21
ଅନ୍ଧଟିର	1	1	1	1	MRK 8:23
ଅନ୍ଧତା	1	1	1	1	DEU 28:28
ଅନ୍ଧତାରେ	3	3	2	2	2KI 6:18
ଅନ୍ଧମାନଙ୍କ	1	1	1	1	LUK 4:18
ଅନ୍ଧମାନଙ୍କର	4	4	3	4	PSA 146:8
ଅନ୍ଧମାନଙ୍କୁ	3	3	3	3	2SA 5:8
ଅନ୍ଧମାନେ	7	7	3	7	ISA 42:18
ଅନ୍ଧର	4	4	3	5	ISA 29:18
ଅନ୍ଧଲୋକ	1	1	1	0	ZEP 1:17
ଅନ୍ଧାର	6	6	6	7	DEU 5:22
ଅନ୍ଧାରକୁ	3	3	2	3	JOB 18:18
ଅନ୍ଧାରଗ୍ରସ୍ତ	2	2	2	2	PSA 69:23
ଅନ୍ଧାରରେ	3	3	3	4	PRO 20:20
ଅନ୍ନ	47	47	17	54	GEN 28:20
ଅନ୍ନ-ଅଭାବ	1	1	1	1	PRO 6:26
ଅନ୍ନକୁ	1	1	1	1	NUM 21:5
ଅନ୍ନଜଳ	4	4	3	2	DEU 23:4
ଅନ୍ନଜଳରେ	1	1	1	0	EXO 23:25
ଅନ୍ନବସ୍ତ୍ର	2	2	2	0	DEU 10:18
ଅନ୍ନଭୋଜନ	4	4	2	0	DEU 9:9
ଅନ୍ନରୂପ	4	4	2	4	LEV 26:26
ଅନ୍ନରେ	1	1	1	1	EXO 16:12
ଅନ୍ନାଭାବ	1	1	1	1	AMO 4:6
ଅନ୍ୟ	594	594	52	650	GEN 15:10
ଅନ୍ୟ-ଦେଶୀୟମାନଙ୍କ	1	1	1	0	EXO 21:8
ଅନ୍ୟ-ବଂଶୀୟ	1	1	1	0	NUM 1:51
ଅନ୍ୟଆଡ଼େ	1	1	1	1	ISA 22:4
ଅନ୍ୟକୁ	14	14	9	14	LEV 27:20
ଅନ୍ୟଜଣକୁ	1	1	1	1	EXO 21:18
ଅନ୍ୟଜଣର	1	1	1	0	EXO 21:35
ଅନ୍ୟଟି	5	5	4	4	LEV 14:22
ଅନ୍ୟଟିକି	9	9	3	0	LEV 5:7
ଅନ୍ୟଟିର	1	1	1	1	ZEC 11:7
ଅନ୍ୟତମ	4	4	3	4	GEN 36:1
ଅନ୍ୟତର	2	2	1	1	EXO 25:35
ଅନ୍ୟତ୍ରଜାତା	1	1	1	0	LEV 18:9
ଅନ୍ୟଥା	28	28	18	28	EXO 23:2
ଅନ୍ୟଦେଶୀ	5	5	2	0	EZR 9:1
ଅନ୍ୟଦେଶୀୟମାନଙ୍କର	1	1	1	1	GEN 10:5
ଅନ୍ୟପାର୍ଶ୍ୱସ୍ଥ	2	2	2	0	EXO 26:26
ଅନ୍ୟପ୍ରକାର	6	6	1	0	1CO 10:13
ଅନ୍ୟବଂଶୀୟ	1	1	1	0	EXO 30:33
ଅନ୍ୟମାନଙ୍କ	8	8	8	9	JOB 34:26
ଅନ୍ୟମାନଙ୍କଠାରୁ	1	1	1	1	ROM 3:9
ଅନ୍ୟମାନଙ୍କର	2	2	2	2	PRO 11:30
ଅନ୍ୟମାନଙ୍କୁ	16	16	10	18	JOB 34:24
ଅନ୍ୟମାନେ	22	22	13	30	GEN 44:10
ଅନ୍ୟର	23	23	15	29	GEN 4:19
ଅନ୍ୟସବୁ	3	3	3	3	EXO 36:2
ଅନ୍ୟସାତୁଟା	1	1	1	0	GEN 41:3
ଅନ୍ୟାନ୍ୟ	40	40	19	42	GEN 36:6
ଅନ୍ୟାୟ	57	57	25	64	EXO 22:21
ଅନ୍ୟାୟ-ଲାଭ	1	1	1	0	EXO 18:21
ଅନ୍ୟାୟକଳ୍ପିତ	1	1	1	1	JOB 21:27
ଅନ୍ୟାୟକାରୀ	5	5	4	5	PSA 43:1
ଅନ୍ୟାୟପୂର୍ବକ	1	1	1	1	EZK 22:29
ଅନ୍ୟାୟପ୍ରଯୁକ୍ତ	1	1	1	1	JOB 19:7
ଅନ୍ୟାୟର	7	7	4	6	GEN 16:5
ଅନ୍ୟାୟରେ	10	10	5	10	LEV 6:4
ଅନ୍ୟାୟଲାଭର	1	1	1	0	1SA 8:3
ଅନ୍ୱେଷଣ	218	218	45	212	GEN 31:33
ଅନ୍ୱେଷଣ-କାରୀମାନଙ୍କୁ	1	1	1	0	PSA 9:10
ଅନ୍ୱେଷଣ-କାରୀମାନେ	1	1	1	0	PSA 69:6
ଅନ୍ୱେଷଣକାରୀ	6	6	4	6	EXO 33:7
ଅନ୍ୱେଷଣକାରୀଗଣ	3	3	2	3	PSA 22:26
ଅନ୍ୱେଷଣକାରୀମାନଙ୍କ	1	1	1	1	JER 19:7
ଅନ୍ୱେଷଣକାରୀମାନଙ୍କର	2	2	2	1	JER 2:24
ଅନ୍ୱେଷଣକାରୀମାନେ	4	4	3	5	1SA 25:26
ଅନ୍ୱେଷଣକାରୀର	1	1	1	1	EZK 14:10
ଅନ୍ୱେଷଣରେ	1	1	1	2	1SA 26:20
ଅନ୍ୱେଷିତ	1	1	1	1	ISA 65:1
ଅନ୍ୱେଷିତା	1	1	1	1	ISA 62:12
ଅପକାର	10	10	7	10	GEN 44:4
ଅପକ୍ଷପାତ	1	1	1	1	MIC 3:9
ଅପକ୍ୱ	6	6	6	6	EXO 12:9
ଅପଖ୍ୟାତି	1	1	1	1	GEN 34:14
ଅପଚ୍ୟ	1	1	1	1	ISA 40:20
ଅପଟୁ	2	2	1	0	2CO 11:6
ଅପବାଦ	7	7	6	5	2SA 19:27
ଅପବାଦକ	2	2	2	2	2TI 3:3
ଅପବାଦକାରୀମାନଙ୍କୁ	1	1	1	1	DAN 6:24
ଅପବାଦପତ୍ର	1	1	1	1	EZR 4:6
ଅପବାଦିତ	2	2	2	1	1CO 4:13
ଅପବିତ୍ର	67	67	15	68	EXO 20:25
ଅପବିତ୍ରତା	1	1	1	2	ROM 1:18
ଅପବିତ୍ରୀକୃତ	5	5	2	5	ISA 48:11
ଅପବ୍ୟୟ	3	3	2	2	MAT 26:8
ଅପମାନ	48	48	18	50	GEN 30:23
ଅପମାନ-ଜନକ	1	1	1	0	PRO 19:26
ଅପମାନ-ବାକ୍ୟ	1	1	1	0	EZK 36:15
ଅପମାନକୁ	1	1	1	2	HOS 4:18
ଅପମାନଗ୍ରସ୍ତ	2	2	2	2	PSA 44:9
ଅପମାନଜନକ	3	3	3	5	1SA 25:39
ଅପମାନର	5	5	4	5	2KI 19:3
ଅପମାନରେ	9	9	7	9	NEH 1:3
ଅପମାନିତ	4	4	1	5	PSA 35:4
ଅପମାନିତା	2	2	1	2	GEN 29:31
ଅପର	11	11	7	15	PRO 27:2
ଅପରାଧ	164	164	31	170	GEN 40:1
ଅପରାଧ-ସ୍ମରଣକାରୀ	1	1	1	1	NUM 5:15
ଅପରାଧକାରୀମାନଙ୍କୁ	1	1	1	1	EZK 20:38
ଅପରାଧକୁ	1	1	1	1	2SA 16:12
ଅପରାଧଗ୍ରସ୍ତ	1	1	1	1	2CH 28:13
ଅପରାଧଟି	1	1	1	1	2SA 14:9
ଅପରାଧର	12	12	9	13	EXO 20:5
ଅପରାଧରହିତ	2	2	1	2	JOB 33:9
ଅପରାଧରୁ	6	6	3	6	NUM 5:31
ଅପରାଧରେ	12	12	10	11	JOS 22:20
ଅପରାଧସକଳର	2	2	2	2	2CH 28:13
ଅପରାଧସବୁ	12	12	6	12	PSA 51:9
ଅପରାଧସବୁରୁ	1	1	1	0	EPH 1:7
ଅପରାଧୀ	11	11	9	11	GEN 42:21
ଅପରାଧୀକି	1	1	1	0	LUK 11:4
ଅପରାଧୀମାନଙ୍କୁ	2	2	2	2	PSA 51:13
ଅପରାହ୍ନ	4	4	2	7	JDG 19:8
ଅପରାହ୍ନର	1	1	1	1	PSA 109:23
ଅପରିଚିତ	13	13	8	16	GEN 42:7
ଅପରିତ୍ୟକ୍ତା	1	1	1	1	ISA 62:12
ଅପରିବର୍ତ୍ତନୀୟ	2	2	1	2	HEB 6:18
ଅପରିବର୍ତ୍ତିତ	1	1	1	1	ROM 2:5
ଅପରିମିତ	8	8	6	8	2KI 25:16
ଅପରିମେୟ	3	3	3	3	GEN 41:49
ଅପଲ୍ଲିୟୋନ୍	1	1	1	1	REV 9:11
ଅପସରି	2	2	2	2	ISA 22:25
ଅପସାରିତ	3	3	2	3	ACT 8:33
ଅପହରଣ	26	26	9	26	LEV 6:4
ଅପହରଣକାରୀମାନଙ୍କ	1	1	1	1	ISA 17:14
ଅପହରଣର	1	1	1	1	JER 48:3
ଅପହରଣରେ	1	1	1	1	PSA 62:10
ଅପହାରକ-ମାନଙ୍କ	1	1	1	0	ISA 42:24
ଅପହାରକାରୀମାନେ	1	1	1	0	JER 50:11
ଅପହୃତ	9	9	4	9	LEV 6:2
ଅପାଣା	1	1	1	0	ZEP 2:11
ଅପାର	28	28	14	28	GEN 41:47
ଅପେକ୍ଷା	426	426	47	438	GEN 29:8
ଅପେକ୍ଷାକାରୀ	2	2	2	2	ISA 64:4
ଅପେକ୍ଷାକାରୀମାନେ	2	2	2	2	PSA 37:9
ଅପେକ୍ଷାକୃତ	1	1	1	1	1PE 3:7
ଅପେକ୍ଷାରେ	48	48	26	48	GEN 7:7
ଅପେକ୍ଷିତ	2	2	2	2	JOB 15:22
ଅପ୍ପୟିମର	1	1	1	0	1CH 2:31
ଅପ୍ପୟିମ୍	1	1	1	1	1CH 2:30
ଅପ୍ରକାଶିତ	2	2	1	2	HEB 4:13
ଅପ୍ରତିକାର୍ଯ୍ୟ	1	1	1	0	MIC 1:9
ଅପ୍ରତୀକାର୍ଯ୍ୟ	4	4	1	4	JER 15:18
ଅପ୍ରଶସ୍ତ	5	5	1	5	EZK 41:15
ଅପ୍ରସୂତ	1	1	1	1	JER 17:11
ଅପ୍ରସୂତେ	2	2	2	2	ISA 54:1
ଅପ୍ରସ୍ତୁତ	3	3	3	3	ISA 24:23
ଅପ୍ରିୟ	2	2	2	1	LUK 14:26
ଅପ୍ରିୟା	3	3	1	3	DEU 21:15
ଅପ୍ରିୟାଜାତ	1	1	1	1	DEU 21:16
ଅପ୍ରିୟାର	1	1	1	1	DEU 21:15
ଅପ୍ରୀତିକର	3	3	2	3	JER 22:28
ଅପ୍ରେମ	1	1	1	1	MAL 1:3
ଅଫନି	1	1	1	1	JOS 18:24
ଅଫର୍ସଖୀୟମାନଙ୍କର	1	1	1	1	EZR 5:6
ଅଫର୍ସଖୀୟମାନେ	1	1	1	1	EZR 6:6
ଅଫର୍ସୀୟ	1	1	1	1	EZR 4:9
ଅଫର୍ସ୍ତଖୀୟ	1	1	1	1	EZR 4:9
ଅଫଳ	1	1	1	1	JOB 15:34
ଅଫିକ୍	1	1	1	1	JDG 1:31
ଅଫୀହର	1	1	1	1	1SA 9:1
ଅଫୁଙ୍କା	1	1	1	1	JOB 20:26
ଅଫେକ	1	1	1	2	JOS 13:4
ଅଫେକକୁ	2	2	1	2	1KI 20:26
ଅଫେକର	1	1	1	1	JOS 12:18
ଅଫେକରେ	3	3	2	3	1SA 4:1
ଅଫେକା	1	1	1	1	JOS 15:53
ଅଫେକ୍	1	1	1	0	JOS 19:30
ଅଫ୍ରା	3	3	3	3	JOS 18:23
ଅଫ୍ରାକୁ	1	1	1	1	1CH 4:14
ଅଫ୍ରାରେ	3	3	1	3	JDG 6:11
ଅଫ୍ରାସ୍ଥିତ	1	1	1	1	JDG 9:5
ଅବକାଶ	1	1	1	1	1CO 7:5
ଅବଗତ	3	3	2	3	JHN 6:61
ଅବଗଥ	1	1	1	1	EST 1:10
ଅବଜ୍ଞା	23	23	16	22	EXO 22:28
ଅବଜ୍ଞାକାରୀ	2	2	2	2	EZK 28:26
ଅବଜ୍ଞାକାରୀମାନଙ୍କୁ	1	1	1	1	JER 23:17
ଅବଜ୍ଞାକାରୀମାନେ	1	1	1	1	ACT 13:41
ଅବଜ୍ଞାତ	5	5	4	4	PSA 22:6
ଅବଜ୍ଞାରେ	2	2	1	2	PSA 123:3
ଅବତରଣ	26	26	9	26	MAT 3:16
ଅବତୀର୍ଣ୍ଣ	6	6	4	4	JHN 6:41
ଅବଦୋନ୍	2	2	2	3	JOS 21:30
ଅବଦ୍ଦୋନର	1	1	1	0	JOB 26:6
ଅବଦ୍ଦୋନ୍	1	1	1	0	REV 9:11
ଅବଧାନ	29	29	4	26	EXO 3:18
ଅବଧି	8	8	6	7	GEN 10:30
ଅବନତ	26	26	12	28	1CH 17:10
ଅବମାନନା	1	1	1	1	HEB 10:29
ଅବମାନନାରେ	1	1	1	1	JOB 10:15
ଅବରୁଦ୍ଧ	12	12	9	12	DEU 20:19
ଅବରୋଧ	32	32	14	34	DEU 20:12
ଅବରୋଧକ	2	2	2	2	DEU 20:20
ଅବରୋଧକାରୀ	3	3	1	3	JER 21:4
ଅବରୋଧକାରୀମାନେ	1	1	1	1	JER 4:16
ଅବରୋଧର	2	2	2	3	EZK 4:8
ଅବରୋହଣ	7	7	5	7	GEN 28:12
ଅବରୋହଣକାରୀମାନଙ୍କ	1	1	1	1	EZK 31:16
ଅବରୋହିତ	2	2	1	2	ISA 14:11
ଅବର୍ଣ୍ଣନୀୟ	1	1	1	1	NAM 3:4
ଅବର୍ତ୍ତମାନରେ	1	1	1	0	LEV 26:43
ଅବଲନ୍	1	1	1	1	GEN 36:23
ଅବଲମ୍ବନ	30	30	15	25	2SA 22:19
ଅବଲମ୍ବିନୀ	1	1	1	1	JER 49:16
ଅବଲୁସ୍	1	1	1	1	EZK 27:15
ଅବଲୋକନ	3	3	3	3	PSA 102:20
ଅବଶ	4	4	2	4	NUM 5:21
ଅବଶାଲୋମ	68	68	3	71	2SA 13:20
ଅବଶାଲୋମକୁ	17	17	1	8	2SA 13:25
ଅବଶାଲୋମଠାରୁ	2	2	2	2	2SA 15:14
ଅବଶାଲୋମଣ	1	1	1	0	2SA 18:33
ଅବଶାଲୋମର	23	23	3	25	2SA 13:1
ଅବଶାଲୋମ୍	2	2	2	0	2SA 3:3
ଅବଶିଷ୍ଟ	313	313	41	314	GEN 14:10
ଅବଶିଷ୍ଟମାନଙ୍କ	1	1	1	1	ACT 27:44
ଅବଶିଷ୍ଟମାନେ	1	1	1	1	ROM 11:7
ଅବଶିଷ୍ଟରେ	1	1	1	1	2KI 4:7
ଅବଶିଷ୍ଟସକଳ	1	1	1	1	JOB 20:26
ଅବଶିଷ୍ଟସବୁକୁ	1	1	1	1	DAN 7:19
ଅବଶିଷ୍ଟା	1	1	1	1	ISA 49:21
ଅବଶିଷ୍ଟାଂଶ	56	56	18	63	GEN 45:7
ଅବଶିଷ୍ଟାଂଶକୁ	13	13	9	12	2KI 21:14
ଅବଶିଷ୍ଟାଂଶର	4	4	3	3	EZK 36:4
ଅବଶୀଭୂତ	1	1	1	0	HEB 2:8
ଅବଶେଷ	1	1	1	3	PSA 76:10
ଅବଶେଷରେ	11	11	9	10	1CH 24:5
ଅବଶ୍ୟ	131	131	33	130	GEN 17:13
ଅବସନ୍ନ	4	4	3	4	PSA 102:1
ଅବସରରେ	1	1	1	1	PSA 141:10
ଅବସାନ	3	3	3	6	JOB 17:1
ଅବସ୍ତୁ	9	9	6	10	1SA 12:21
ଅବସ୍ତୁତାରୂପ	1	1	1	1	ISA 34:11
ଅବସ୍ତୁବତ୍	1	1	1	0	ISA 40:23
ଅବସ୍ତୁମାତ୍ର	1	1	1	0	1CH 16:26
ଅବସ୍ତୁର	1	1	1	1	1SA 15:23
ଅବସ୍ତୁରୁ	1	1	1	1	ISA 40:17
ଅବସ୍ତୁରେ	1	1	1	1	AMO 6:13
ଅବସ୍ତୁସକଳର	1	1	1	1	1SA 12:21
ଅବସ୍ଥା	16	16	13	24	EXO 2:25
ଅବସ୍ଥାକୁ	1	1	1	2	JOB 42:12
ଅବସ୍ଥାନ	9	9	8	12	NUM 11:25
ଅବସ୍ଥାପନ୍ନ	1	1	1	1	PSA 144:15
ଅବସ୍ଥାପିତ	2	2	2	2	2CH 4:4
ଅବସ୍ଥାର	1	1	1	2	COL 3:14
ଅବସ୍ଥାରୁ	1	1	1	6	2CO 3:18
ଅବସ୍ଥାରେ	49	49	26	52	LEV 12:4
ଅବସ୍ଥିତ	12	12	9	14	EXO 33:9
ଅବସ୍ଥିତା	1	1	1	1	NAM 3:8
ଅବସ୍ଥିତି	15	15	7	14	GEN 47:11
ଅବହେଳା	4	4	3	6	LUK 11:42
ଅବା	391	391	48	387	GEN 14:23
ଅବାକ୍	2	2	2	9	DAN 10:15
ଅବାଗ୍ଦତ୍ତା	2	2	2	2	EXO 22:16
ଅବାଧ୍ୟ	21	21	13	22	DEU 21:18
ଅବାଧ୍ୟତା	5	5	4	13	DEU 9:27
ଅବାଧ୍ୟତା-ନୁସାରେ	1	1	1	0	JER 13:10
ଅବାଧ୍ୟତା-ମାର୍ଗରୁ	1	1	1	1	JDG 2:19
ଅବାଧ୍ୟତାନୁସାରେ	6	6	1	7	JER 7:24
ଅବାଧ୍ୟତାପୂର୍ବକ	1	1	1	1	2SA 19:19
ଅବାଧ୍ୟତାର	2	2	2	4	2CO 10:6
ଅବାଧ୍ୟତାରେ	1	1	1	1	PRO 2:14
ଅବାଧ୍ୟମାନଙ୍କୁ	1	1	1	1	LUK 1:17
ଅବାଧ୍ୟା	1	1	1	1	PRO 7:11
ଅବାନା	1	1	1	1	2KI 5:12
ଅବାରୀମ	2	2	1	0	NUM 33:47
ଅବାରୀମରୁ	1	1	1	0	JER 22:20
ଅବାରୀମ୍	2	2	2	4	NUM 27:12
ଅବିକଳ	2	2	2	2	EZK 15:5
ଅବିଜା	1	1	1	0	2CH 29:1
ଅବିଟଲଠାରୁ	1	1	1	1	1CH 3:3
ଅବିଟଲର	1	1	1	1	2SA 3:4
ଅବିଧି	1	1	1	1	DEU 19:16
ଅବିନାଦବ	1	1	1	0	1SA 17:13
ଅବିନାଦବକୁ	1	1	1	0	1SA 16:8
ଅବିନାଶ୍ୟ	2	2	1	2	DAN 6:26
ଅବିବାହିତ	3	3	1	7	1CO 7:8
ଅବିବାହିତା	5	5	4	5	GEN 24:16
ଅବିବେକୀ	1	1	1	1	ECC 5:2
ଅବିବେଚକ	1	1	1	1	2TH 3:2
ଅବିବେଚକର	1	1	1	1	ISA 32:4
ଅବିବେଚନାଯୁକ୍ତ	1	1	1	1	JOB 6:3
ଅବିବେଚନାର	2	2	2	2	JOB 1:22
ଅବିବେଚନାରେ	1	1	1	0	ACT 19:36
ଅବିମେଲକ	18	18	1	21	GEN 20:2
ଅବିମେଲକଙ୍କ	2	2	1	2	GEN 20:3
ଅବିମେଲକଙ୍କର	1	1	1	1	GEN 21:25
ଅବିମେଲକଙ୍କୁ	3	3	1	3	GEN 20:17
ଅବିମେଲକ୍	1	1	1	0	JDG 9:56
ଅବିମେଲକ୍ର	1	1	1	0	JDG 9:53
ଅବିରତ	5	5	4	5	GEN 6:5
ଅବିରାମର	1	1	1	0	PSA 106:17
ଅବିଲୀନୀର	1	1	1	1	LUK 3:1
ଅବିଳମ୍ବରେ	8	8	4	9	EZK 7:8
ଅବିଳମ୍ବେ	2	2	2	2	MRK 11:3
ଅବିଶୂୟ	1	1	1	0	1CH 6:5
ଅବିଶୂୟକୁ	1	1	1	0	1CH 6:4
ଅବିଶ୍ରା	1	1	1	0	LAM 3:50
ଅବିଶ୍ୱସ୍ତ	5	5	3	8	LUK 16:8
ଅବିଶ୍ୱସ୍ତତା	1	1	1	5	ROM 3:3
ଅବିଶ୍ୱସ୍ତମାନଙ୍କ	1	1	1	1	LUK 12:46
ଅବିଶ୍ୱାସ	13	13	8	11	MAT 13:58
ଅବିଶ୍ୱାସର	1	1	1	1	MRK 9:24
ଅବିଶ୍ୱାସରେ	1	1	1	1	ROM 11:23
ଅବିଶ୍ୱାସିନୀ	2	2	1	2	1CO 7:12
ଅବିଶ୍ୱାସୀ	12	12	8	16	MAT 17:17
ଅବିଶ୍ୱାସୀ-ମାନଙ୍କ	1	1	1	0	1CO 14:22
ଅବିଶ୍ୱାସୀଠାରୁ	1	1	1	1	1TI 5:8
ଅବିଶ୍ୱାସୀମାନଙ୍କ	5	5	3	8	1CO 6:6
ଅବିଶ୍ୱାସୀମାନଙ୍କର	1	1	1	1	2CO 4:4
ଅବିଶୟ	1	1	1	0	2SA 16:9
ଅବିଶୟକୁ	1	1	1	0	2SA 16:11
ଅବିସ୍ମରଣୀୟ	1	1	1	1	JER 50:5
ଅବିହିତ	1	1	1	1	1TH 5:14
ଅବିୟଙ୍କ	1	1	1	1	LUK 1:5
ଅବିୟାଥର	1	1	1	1	1KI 1:25
ଅବିୟେଲ୍ବୋନ	1	1	1	1	2SA 23:31
ଅବୀ	1	1	1	1	2KI 18:2
ଅବୀଗଲ	13	13	3	15	1SA 25:3
ଅବୀଗଲକୁ	3	3	1	3	1SA 25:14
ଅବୀଗଲଠାରୁ	2	2	2	2	2SA 3:3
ଅବୀଗଲର	1	1	1	0	2SA 17:25
ଅବୀତ୍	2	2	2	2	GEN 36:35
ଅବୀଦ	2	2	2	2	GEN 25:4
ଅବୀଦାନ୍	4	4	1	4	NUM 1:11
ଅବୀଦାନ୍ର	1	1	1	1	NUM 7:65
ଅବୀନାଦବ	1	1	1	3	1CH 9:39
ଅବୀନାଦବକୁ	3	3	2	4	1SA 31:2
ଅବୀନାଦବର	5	5	3	5	1SA 7:1
ଅବୀନାଦବ୍	1	1	1	0	1CH 8:33
ଅବୀନୋୟମର	3	3	1	4	JDG 4:6
ଅବୀମାୟେଲ	1	1	1	0	1CH 1:22
ଅବୀମାୟେଲ୍	1	1	1	2	GEN 10:28
ଅବୀମେଲକ	1	1	1	0	PSA 34:1
ଅବୀମେଲକକୁ	1	1	1	0	2SA 11:21
ଅବୀମେଲକ୍	24	24	1	26	JDG 8:31
ଅବୀମେଲକ୍କୁ	8	8	1	9	JDG 9:6
ଅବୀମେଲକ୍ଠାରୁ	1	1	1	1	JDG 9:20
ଅବୀମେଲକ୍ର	5	5	1	6	JDG 9:3
ଅବୀରାମ	4	4	2	0	NUM 16:1
ଅବୀରାମକୁ	1	1	1	0	NUM 16:12
ଅବୀରାମର	3	3	2	0	NUM 16:24
ଅବୀରାମ୍	2	2	1	6	NUM 26:9
ଅବୀଶଗ	1	1	1	2	1KI 1:15
ଅବୀଶଗକୁ	4	4	1	3	1KI 1:3
ଅବୀଶୂର	1	1	1	1	1CH 2:28
ଅବୀଶୂରର	1	1	1	1	1CH 2:29
ଅବୀଶୂୟ	2	2	2	4	1CH 6:50
ଅବୀଶୂୟର	1	1	1	1	EZR 7:5
ଅବୀଶୟ	19	19	3	19	1SA 26:6
ଅବୀଶୟକୁ	5	5	2	6	1SA 26:6
ଅବୀହୁ	1	1	1	0	LEV 10:1
ଅବୀହୁଦ	1	1	1	1	MAT 1:13
ଅବୀହୁଦଙ୍କୁ	1	1	1	1	MAT 1:13
ଅବୀହୂ	11	11	3	12	EXO 6:23
ଅବୀହୂଦ	1	1	1	1	1CH 8:3
ଅବୀହୟଲର	1	1	1	1	NUM 3:35
ଅବୀହୟିଲ	1	1	1	1	1CH 5:14
ଅବୀହୟିଲର	4	4	3	4	1CH 5:14
ଅବୀହୟିଲ୍	1	1	1	1	1CH 2:29
ଅବୀୟ	19	19	6	21	1SA 8:2
ଅବୀୟ-ବଂଶର	1	1	1	1	NEH 12:17
ଅବୀୟକୁ	1	1	1	1	2CH 11:22
ଅବୀୟଙ୍କର	1	1	1	1	2CH 13:22
ଅବୀୟଙ୍କୁ	1	1	1	1	MAT 1:7
ଅବୀୟର	1	1	1	1	2CH 13:20
ଅବୀୟା	1	1	1	0	1CH 24:10
ଅବୀୟାଥର	24	24	5	23	1SA 22:20
ଅବୀୟାଥରକୁ	2	2	2	2	1SA 22:22
ଅବୀୟାଥରର	4	4	2	5	2SA 8:17
ଅବୀୟାମ	4	4	1	4	1KI 14:31
ଅବୀୟାମଙ୍କର	1	1	1	1	1KI 15:7
ଅବୀୟାସପ୍	1	1	1	0	1CH 6:23
ଅବୀୟାସଫର	2	2	1	2	1CH 6:37
ଅବୀୟାସଫ୍	1	1	1	0	EXO 6:24
ଅବୀୟାହ	1	1	1	0	1CH 2:24
ଅବୀୟେଲ	1	1	1	1	1CH 11:32
ଅବୀୟେଲର	2	2	1	2	1SA 9:1
ଅବୀୟେଷର	3	3	2	4	2SA 23:27
ଅବୀୟେଷର-ସନ୍ତାନଗଣ	1	1	1	1	JOS 17:2
ଅବୀୟେଷ୍ରୀୟ	2	2	1	2	JDG 6:11
ଅବୀୟେଷ୍ରୀୟମାନଙ୍କ	2	2	1	2	JDG 6:24
ଅବୀୟେସର	1	1	1	0	1CH 11:28
ଅବୀୟେସରର	1	1	1	0	JDG 8:2
ଅବୁଝା	1	1	1	1	JOB 15:9
ଅବୁଣା	1	1	1	1	JER 2:2
ଅବେଦ୍-ନଗୋ	7	7	1	0	DAN 1:7
ଅବେଦ୍-ନଗୋକୁ	3	3	1	0	DAN 3:13
ଅବେଦ୍-ନଗୋଙ୍କୁ	1	1	1	0	DAN 2:49
ଅବେଦ୍-ନଗୋର	4	4	1	0	DAN 3:19
ଅବେଲ୍-କରାମୀମ୍	1	1	1	1	JDG 11:33
ଅବୋଧ	9	9	5	9	PRO 9:4
ଅବୋଧମାନଙ୍କର	1	1	1	1	PRO 9:6
ଅବ୍ଦ	1	1	1	1	NEH 11:17
ଅବ୍ଦର	1	1	1	1	1KI 4:6
ଅବ୍ଦି	1	1	1	1	EZR 10:26
ଅବ୍ଦିର	2	2	2	2	1CH 6:44
ଅବ୍ଦୀୟେଲର	2	2	2	2	1CH 5:15
ଅବ୍ଦୋନକୁ	1	1	1	0	2CH 34:20
ଅବ୍ଦୋନ୍	5	5	2	5	JDG 12:13
ଅବ୍ନର	38	38	4	40	1SA 14:50
ଅବ୍ନର-କବର	1	1	1	1	2SA 3:32
ଅବ୍ନର-କବରରେ	1	1	1	1	2SA 4:12
ଅବ୍ନରକୁ	12	12	2	11	1SA 17:55
ଅବ୍ନରର	11	11	3	11	1SA 14:51
ଅବ୍ବାର	3	3	2	3	2KI 18:34
ଅବ୍ବୀମ୍	1	1	1	1	JOS 18:23
ଅବ୍ବୀୟ	1	1	1	1	2KI 17:31
ଅବ୍ବୀୟମାନଙ୍କ	1	1	1	1	JOS 13:4
ଅବ୍ବୀୟମାନଙ୍କୁ	1	1	1	1	DEU 2:23
ଅବ୍ରହାମ	124	124	20	132	GEN 17:5
ଅବ୍ରହାମ-ବଂଶକୁ	1	1	1	1	2CH 20:7
ଅବ୍ରହାମକୁ	4	4	4	4	NUM 32:11
ଅବ୍ରହାମଙ୍କ	42	42	11	53	GEN 17:22
ଅବ୍ରହାମଙ୍କଠାରୁ	2	2	2	2	MAT 1:17
ଅବ୍ରହାମଙ୍କର	38	38	5	38	GEN 17:23
ଅବ୍ରହାମଙ୍କୁ	26	26	6	27	GEN 17:9
ଅବ୍ରହାମଠାରୁ	2	2	1	2	GEN 18:17
ଅବ୍ରହାମର	14	14	8	14	GEN 26:24
ଅବ୍ରାମ	35	35	1	40	GEN 11:26
ଅବ୍ରାମକୁ	2	2	2	2	GEN 14:23
ଅବ୍ରାମଙ୍କ	6	6	1	9	GEN 11:29
ଅବ୍ରାମଙ୍କଠାରୁ	1	1	1	2	GEN 13:14
ଅବ୍ରାମଙ୍କର	9	9	1	9	GEN 12:4
ଅବ୍ରାମଙ୍କୁ	12	12	1	14	GEN 11:31
ଅବ୍ରାମ୍	1	1	1	0	1CH 1:27
ଅବ୍ରେକ୍	2	2	1	0	GEN 41:43
ଅବ୍ୟକ୍ତ	1	1	1	0	ROM 16:25
ଅବୟବସବୁ	2	2	1	2	JOB 18:13
ଅଭାବ	78	78	30	81	GEN 47:13
ଅଭାବଗ୍ରସ୍ତ	5	5	5	5	2CO 11:9
ଅଭାବର	1	1	1	1	JDG 19:20
ଅଭାବରୁ	3	3	3	3	JOB 24:8
ଅଭାବରୂପ	1	1	1	1	LAM 4:9
ଅଭାବରେ	10	10	5	10	DEU 28:48
ଅଭାବାନୁସାରେ	1	1	1	1	2CO 8:12
ଅଭିନନ୍ଦନ	1	1	1	1	HEB 11:13
ଅଭିପ୍ରାୟ	21	21	14	21	GEN 50:20
ଅଭିପ୍ରାୟରେ	19	19	15	20	GEN 18:19
ଅଭିଭାବକ	1	1	1	1	GAL 4:2
ଅଭିଭୂତ	1	1	1	0	MRK 16:8
ଅଭିମତ	4	4	4	4	EZR 5:17
ଅଭିମତସାଧକ	1	1	1	1	PSA 103:21
ଅଭିମାନ	1	1	1	1	JER 48:29
ଅଭିମୁଖ	3	3	3	3	JOS 15:2
ଅଭିମୁଖରେ	13	13	6	13	NUM 23:28
ଅଭିମୁଖସ୍ଥ	2	2	2	2	1SA 13:18
ଅଭିମୁଖୀ	1	1	1	1	ACT 27:12
ଅଭିଯୁକ୍ତ	2	2	1	4	ACT 22:30
ଅଭିଯୋଗ	35	35	11	52	JER 20:10
ଅଭିଯୋଗକାରୀମାନଙ୍କୁ	2	2	1	2	ACT 23:30
ଅଭିଯୋଗକାରୀମାନେ	2	2	1	2	ACT 23:35
ଅଭିଯୋଗଗୁଡ଼ିକ	1	1	1	0	ACT 25:27
ଅଭିଯୋଗପତ୍ର	4	4	3	4	MAT 27:37
ଅଭିଯୋଗର	2	2	2	1	LUK 6:7
ଅଭିଯୋଗରେ	1	1	1	1	ACT 24:9
ଅଭିଯୋଗଲିପିରେ	1	1	1	0	MRK 15:26
ଅଭିଳଷିତ	1	1	1	0	REV 18:14
ଅଭିଳାଷ	14	14	8	14	EXO 15:9
ଅଭିଳାଷକ୍ରମେ	1	1	1	1	JER 2:24
ଅଭିଳାଷଗୁଡ଼ାକରୁ	1	1	1	0	1PE 2:11
ଅଭିଳାଷର	1	1	1	2	ISA 58:13
ଅଭିଳାଷରୁ	1	1	1	1	2TI 2:22
ଅଭିଳାଷରେ	1	1	1	1	1TI 6:9
ଅଭିଳାଷାନୁସାରେ	2	2	2	1	2TI 4:3
ଅଭିଳାଷିତ	2	2	1	2	PSA 78:29
ଅଭିଳାଷୀ	3	3	2	3	1CO 10:6
ଅଭିଶପ୍ତ	17	17	9	24	GEN 5:29
ଅଭିଶାପ	56	56	21	126	GEN 8:21
ଅଭିଶାପପାତ୍ର	1	1	1	0	DEU 21:23
ଅଭିଶାପର	7	7	3	9	2KI 22:18
ଅଭିଶାପରୁ	1	1	1	1	GAL 3:14
ଅଭିଶାପରେ	2	2	1	3	MAL 3:9
ଅଭିଶାପାସ୍ପଦ	1	1	1	1	JER 26:6
ଅଭିଷିକ୍ତ	39	39	14	45	LEV 4:3
ଅଭିଷିକ୍ତକୁ	1	1	1	1	PSA 20:6
ଅଭିଷିକ୍ତଙ୍କ	7	7	3	7	1SA 2:35
ଅଭିଷିକ୍ତଙ୍କର	3	3	2	2	1SA 26:11
ଅଭିଷିକ୍ତଙ୍କୁ	3	3	1	3	2SA 1:14
ଅଭିଷିକ୍ତମାନଙ୍କୁ	2	2	2	2	1CH 16:22
ଅଭିଷିକ୍ତର	2	2	2	2	1SA 26:9
ଅଭିଷେକ	45	45	14	54	GEN 31:13
ଅଭିଷେକ-ଅଂଶ	1	1	1	0	LEV 7:35
ଅଭିଷେକ-ତୈଳ	1	1	1	0	LEV 10:7
ଅଭିଷେକାର୍ଥ	1	1	1	1	EXO 25:6
ଅଭିଷେକାର୍ଥକ	19	19	3	20	EXO 29:7
ଅଭିଷେକୀଙ୍କ	1	1	1	1	1SA 2:10
ଅଭିଷେକୀର	1	1	1	1	HAB 3:13
ଅଭ୍ୟନ୍ତରକୁ	2	2	2	2	2KI 19:23
ଅଭ୍ୟର୍ଥନା	2	2	1	1	ACT 15:4
ଅଭ୍ୟସ୍ତ	3	3	3	2	JER 13:23
ଅଭ୍ୟାଗତ	1	1	1	0	MAT 22:10
ଅଭ୍ୟାଗତମାନଙ୍କୁ	1	1	1	0	MAT 22:11
ଅଭ୍ୟାସ	3	3	3	5	ECC 12:12
ଅମଙ୍ଗଳ	122	122	27	123	EXO 5:22
ଅମଙ୍ଗଳର	24	24	7	24	1KI 22:23
ଅମଙ୍ଗଳରୁ	1	1	1	1	PSA 121:7
ଅମଙ୍ଗଳସୂଚକ	1	1	1	1	EXO 5:19
ଅମଙ୍ଗଳାର୍ଥକ	1	1	1	1	PSA 56:5
ଅମଙ୍ଗଳାର୍ଥେ	1	1	1	1	DAN 9:14
ଅମଣା	3	3	3	3	2SA 6:6
ଅମତ୍ସୀୟ	24	24	4	26	2KI 12:21
ଅମତ୍ସୀୟକୁ	1	1	1	1	AMO 7:14
ଅମତ୍ସୀୟଙ୍କ	5	5	2	9	2KI 14:9
ଅମତ୍ସୀୟଙ୍କର	7	7	2	6	2KI 14:18
ଅମତ୍ସୀୟଙ୍କୁ	2	2	2	2	2KI 14:13
ଅମତ୍ସୀୟର	2	2	1	2	1CH 4:34
ଅମନୋଯୋଗ	1	1	1	1	DEU 22:3
ଅମନୋଯୋଗୀ	4	4	2	4	NUM 14:22
ଅମର	2	2	2	2	1TI 6:16
ଅମରତା	1	1	1	1	ROM 2:7
ଅମରତାକୁ	1	1	1	1	2TI 1:10
ଅମରତାରୂପ	2	2	1	2	1CO 15:53
ଅମରୀୟ	12	12	4	12	1CH 6:7
ଅମରୀୟ-ବଂଶର	1	1	1	1	NEH 12:13
ଅମରୀୟକୁ	2	2	1	2	1CH 6:7
ଅମରୀୟଙ୍କ	1	1	1	2	ZEP 1:1
ଅମରୀୟର	2	2	2	2	EZR 7:3
ଅମଳର	1	1	1	1	ISA 32:10
ଅମଶୟ	1	1	1	1	NEH 11:13
ଅମସିର	1	1	1	0	1CH 6:46
ଅମସୀୟ	1	1	1	1	2CH 17:16
ଅମା	1	1	1	1	2SA 2:24
ଅମାତ୍ୟଗଣ	3	3	1	3	DAN 4:36
ଅମାତ୍ୟଗଣର	2	2	1	2	DAN 5:10
ଅମାତ୍ୟବର୍ଗ	2	2	1	2	DAN 5:2
ଅମାତ୍ୟବର୍ଗଙ୍କ	1	1	1	1	DAN 5:1
ଅମାତ୍ୟମାନଙ୍କ	1	1	1	1	JER 41:1
ଅମାନାର	1	1	1	1	SNG 4:8
ଅମାନ୍ୟ	4	4	4	6	MIC 7:6
ଅମାବସ୍ୟା	1	1	1	0	HOS 5:7
ଅମାବାସ୍ୟା	12	12	7	13	1SA 20:5
ଅମାବାସ୍ୟାଠାରୁ	1	1	1	1	ISA 66:23
ଅମାବାସ୍ୟାର	4	4	4	4	NUM 29:6
ଅମାବାସ୍ୟାରେ	7	7	5	6	NUM 28:14
ଅମାମ୍	1	1	1	1	JOS 15:26
ଅମାର	1	1	1	0	LUK 12:24
ଅମାରରେ	5	5	3	6	DEU 28:8
ଅମାରସବୁ	2	2	2	2	JOL 1:17
ଅମାଲେକ	15	15	6	15	EXO 17:8
ଅମାଲେକ-ସନ୍ତାନଗଣକୁ	1	1	1	1	JDG 3:13
ଅମାଲେକକୁ	3	3	3	3	GEN 36:12
ଅମାଲେକର	3	3	3	3	EXO 17:14
ଅମାଲେକୀୟ	15	15	6	16	GEN 14:7
ଅମାଲେକୀୟ-ମାନଙ୍କ	1	1	1	0	2SA 1:1
ଅମାଲେକୀୟ-ମାନଙ୍କଠାରୁ	2	2	2	0	1SA 15:15
ଅମାଲେକୀୟ-ମାନଙ୍କୁ	1	1	1	0	1SA 14:48
ଅମାଲେକୀୟମାନଙ୍କ	5	5	2	7	EXO 17:7
ଅମାଲେକୀୟମାନଙ୍କୁ	2	2	1	4	1SA 15:7
ଅମାଲେକୀୟମାନେ	3	3	2	3	JDG 10:12
ଅମାଲେକ୍	2	2	2	2	GEN 36:16
ଅମାସା	9	9	3	9	2SA 17:25
ଅମାସାକୁ	7	7	2	2	2SA 17:25
ଅମାସାର	1	1	1	1	1CH 2:17
ଅମାସୟ	3	3	1	3	1CH 6:25
ଅମାସୟର	2	2	2	2	1CH 6:35
ଅମାୟିକ	2	2	2	2	ROM 16:19
ଅମିତ୍ତୟଙ୍କ	1	1	1	1	JON 1:1
ଅମିତ୍ତୟର	1	1	1	1	2KI 14:25
ଅମିଳନପ୍ରିୟ	1	1	1	1	2TI 3:3
ଅମିଶ୍ରିତ	7	7	3	7	EZK 13:10
ଅମୀୟାଦ୍	1	1	1	1	JOS 19:26
ଅମୁକ	4	4	3	4	JOS 7:20
ଅମୂଲ୍ୟ	1	1	1	1	PRO 20:15
ଅମୃତ	9	9	5	9	GEN 2:9
ଅମୋନକୁ	1	1	1	0	JER 46:25
ଅମୋନ୍	1	1	1	0	1CH 3:14
ଅମୌଣି	1	1	1	1	2SA 21:8
ଅମ୍ନୋନ	18	18	2	21	2SA 3:2
ଅମ୍ନୋନକୁ	8	8	1	8	2SA 13:2
ଅମ୍ନୋନର	6	6	1	6	2SA 13:3
ଅମ୍ନୋନ୍	1	1	1	0	1CH 3:1
ଅମ୍ମି	1	1	1	2	HOS 2:1
ଅମ୍ମୀନାଦବ	3	3	3	4	RUT 4:19
ଅମ୍ମୀନାଦବକୁ	2	2	1	2	1CH 2:10
ଅମ୍ମୀନାଦବଙ୍କୁ	1	1	1	1	MAT 1:4
ଅମ୍ମୀନାଦବର	7	7	3	7	EXO 6:23
ଅମ୍ମୀନାଦବ୍	2	2	1	0	1CH 2:10
ଅମ୍ମୀନାଦାବ	1	1	1	2	LUK 3:33
ଅମ୍ମୀନାଦାବଙ୍କ	1	1	1	1	LUK 3:33
ଅମ୍ମୀଶଦ୍ଦୟର	5	5	1	5	NUM 1:12
ଅମ୍ମୀଷାବଦ୍	1	1	1	1	1CH 27:6
ଅମ୍ମୀହୁରର	1	1	1	0	2SA 13:37
ଅମ୍ମୀହୂଦର	8	8	2	9	NUM 1:10
ଅମ୍ମୀହୂଦ୍	1	1	1	0	1CH 7:26
ଅମ୍ମୀୟେଲ	1	1	1	2	NUM 13:12
ଅମ୍ମୀୟେଲର	4	4	2	4	2SA 9:4
ଅମ୍ମୀୟେଲ୍	1	1	1	0	1CH 26:5
ଅମ୍ମୋନ	5	5	5	35	JOS 12:2
ଅମ୍ମୋନ-ସନ୍ତାନଗଣ	24	24	9	26	JDG 10:17
ଅମ୍ମୋନ-ସନ୍ତାନଗଣକୁ	5	5	3	3	2SA 10:19
ଅମ୍ମୋନ-ସନ୍ତାନଗଣର	30	30	11	26	DEU 2:19
ଅମ୍ମୋନ-ସନ୍ତାନମାନଙ୍କ	5	5	4	4	DEU 2:37
ଅମ୍ମୋନ-ସନ୍ତାନମାନଙ୍କଠାରୁ	1	1	1	2	JDG 10:11
ଅମ୍ମୋନ-ସନ୍ତାନମାନଙ୍କୁ	1	1	1	1	2SA 11:1
ଅମ୍ମୋନ-ସନ୍ତାନମାନେ	4	4	3	4	JDG 10:9
ଅମ୍ମୋନର	4	4	2	6	2CH 20:10
ଅମ୍ମୋନସନ୍ତାନଗଣର	1	1	1	0	2SA 12:26
ଅମ୍ମୋନୀୟ	13	13	9	17	GEN 19:38
ଅମ୍ମୋନୀୟମାନଙ୍କ	3	3	3	4	DEU 2:21
ଅମ୍ମୋନୀୟମାନେ	3	3	3	3	DEU 2:20
ଅମ୍ମୋନୀୟା	3	3	2	3	1KI 14:21
ଅମ୍ମୋନ୍	1	1	1	0	PSA 83:7
ଅମ୍ମୋନ୍-ସନ୍ତାନଗଣ	12	12	1	0	JDG 11:4
ଅମ୍ମୋନ୍-ସନ୍ତାନଗଣର	10	10	4	0	NUM 21:24
ଅମ୍ମୋନ୍-ସନ୍ତାନମାନଙ୍କ	1	1	1	0	JDG 10:6
ଅମ୍ମୋନ୍-ସନ୍ତାନମାନଙ୍କଠାରୁ	1	1	1	0	JDG 11:36
ଅମ୍ମୋନ୍-ସନ୍ତାନମାନଙ୍କୁ	1	1	1	0	JDG 11:30
ଅମ୍ରମର	3	3	2	2	EXO 6:20
ଅମ୍ରମୀୟ	1	1	1	0	NUM 3:27
ଅମ୍ରମ୍	4	4	2	0	EXO 6:18
ଅମ୍ରାଫଲ୍	2	2	1	2	GEN 14:1
ଅମ୍ରାମୀୟମାନଙ୍କ	1	1	1	1	1CH 26:23
ଅମ୍ରାମ୍	4	4	2	8	1CH 6:2
ଅମ୍ରାମ୍ର	3	3	1	4	1CH 6:3
ଅମ୍ରି	9	9	2	9	1KI 16:16
ଅମ୍ରିଙ୍କ	2	2	1	3	1KI 16:29
ଅମ୍ରିଙ୍କର	5	5	2	5	1KI 16:21
ଅମ୍ରିର	3	3	3	2	1CH 9:4
ଅମ୍ଳ	4	4	3	4	JER 31:29
ଅମ୍ଳରସ	5	5	4	6	PSA 69:21
ଅମ୍ଳରସପରିପୂର୍ଣ୍ଣ	1	1	1	0	JHN 19:29
ଅମ୍ଳରସରେ	3	3	3	2	RUT 2:14
ଅମ୍ଳାନ	1	1	1	0	1PE 5:4
ଅମ୍ସି	1	1	1	1	NEH 11:12
ଅମ୍ସିର	1	1	1	2	NEH 11:12
ଅଯଜ୍ଞକାରୀ	1	1	1	1	ECC 9:2
ଅଯଥାର୍ଥ	5	5	4	5	2KI 17:9
ଅଯୋଗ୍ୟ	9	9	5	12	EZK 13:19
ଅରକ୍ଷକ	5	5	5	5	1KI 22:17
ଅରଣନ	5	5	2	5	1CH 21:20
ଅରଣନକୁ	3	3	1	3	1CH 21:22
ଅରଣନର	3	3	1	3	1CH 21:15
ଅରଣା	3	3	3	7	NUM 23:22
ଅରଣାକୁ	1	1	1	0	JOB 39:10
ଅରଣାର	4	4	3	1	NUM 24:8
ଅରଣ୍ୟ	9	9	5	9	JOB 24:5
ଅରଣ୍ୟ-ଗୃହର	1	1	1	1	2CH 9:20
ଅରଣ୍ୟ-ଗୃହରେ	1	1	1	1	2CH 9:16
ଅରଣ୍ୟକୁ	1	1	1	1	EZK 20:47
ଅରଣ୍ୟର	1	1	1	1	ISA 32:19
ଅରଣ୍ୟରେ	5	5	5	5	2KI 19:23
ଅରଣ୍ୟସ୍ଥ	1	1	1	1	JER 12:8
ଅରସବୁ	1	1	1	1	1KI 7:33
ଅରା	1	1	1	1	1CH 7:38
ଅରାଣ	1	1	1	0	1CH 1:42
ଅରାଦର	4	4	3	4	NUM 21:1
ଅରାଦ୍	1	1	1	1	1CH 8:15
ଅରାନ୍	1	1	1	2	GEN 36:28
ଅରାବ୍	1	1	1	1	JOS 15:52
ଅରାମ	18	18	10	20	JDG 10:6
ଅରାମ-ନହରୟିମର	1	1	1	0	JDG 3:8
ଅରାମ-ମାଖା	1	1	1	1	1CH 19:6
ଅରାମ-ରାଜାର	1	1	1	1	1KI 20:23
ଅରାମ-ସୋବା	1	1	1	1	PSA 60:1
ଅରାମକୁ	4	4	2	4	GEN 28:6
ଅରାମଙ୍କୁ	1	1	1	1	MAT 1:4
ଅରାମଠାରୁ	4	4	2	4	GEN 33:18
ଅରାମଠାରେ	1	1	1	1	GEN 35:26
ଅରାମନହରୟିମ	1	1	1	0	PSA 60:1
ଅରାମନହରୟିମ୍	1	1	1	3	GEN 24:10
ଅରାମର	42	42	9	42	GEN 10:23
ଅରାମରେ	4	4	1	4	GEN 28:2
ଅରାମୀୟ	35	35	12	38	GEN 25:20
ଅରାମୀୟ-ମାନଙ୍କ	1	1	1	0	1CH 19:17
ଅରାମୀୟ-ମାନଙ୍କର	2	2	2	0	2SA 8:13
ଅରାମୀୟମାନଙ୍କ	13	13	4	16	2SA 10:9
ଅରାମୀୟମାନଙ୍କର	3	3	3	5	2SA 8:5
ଅରାମୀୟମାନଙ୍କୁ	11	11	6	11	2SA 10:14
ଅରାମୀୟମାନେ	20	20	6	20	2SA 8:5
ଅରାମୀୟା	1	1	1	1	1CH 7:14
ଅରାମ୍	2	2	2	1	GEN 10:22
ଅରାରଟ	1	1	1	0	ISA 37:38
ଅରାରଟ୍	1	1	1	0	JER 51:27
ଅରିଦାଥ	1	1	1	1	EST 9:8
ଅରୀଦୟ	1	1	1	1	EST 9:9
ଅରୀଷୟ	1	1	1	1	EST 9:9
ଅରୀୟଲର	1	1	1	1	2SA 23:20
ଅରୀୟିକୁ	1	1	1	1	2KI 15:25
ଅରୀୟେଲ	6	6	2	6	EZR 8:16
ଅରୀୟେଲର	1	1	1	1	1CH 11:22
ଅରୀୟୋକ	2	2	1	0	GEN 14:1
ଅରୀୟୋକ୍	4	4	1	6	DAN 2:14
ଅରୀୟୋକ୍କୁ	1	1	1	1	DAN 2:15
ଅରୁଣ	3	3	3	3	SNG 6:10
ଅରୁଣକୁ	2	2	2	2	JOB 38:13
ଅରୁଣର	4	4	2	4	JOB 3:9
ଅରୁଣୋଦୟ	7	7	7	4	JOS 6:15
ଅରୁଣୋଦୟର	2	2	2	1	ISA 60:3
ଅରୁବୋତରେ	1	1	1	1	1KI 4:10
ଅରୁମାରେ	1	1	1	1	JDG 9:41
ଅରେଲିଠାରୁ	1	1	1	0	NUM 26:17
ଅରେଲୀ	1	1	1	1	GEN 46:16
ଅରେଲୀୟ	1	1	1	1	NUM 26:17
ଅରୋଦିଠାରୁ	1	1	1	1	NUM 26:17
ଅରୋଦୀ	1	1	1	1	GEN 46:16
ଅରୋଦୀୟ	1	1	1	1	NUM 26:17
ଅରୋମୀ	1	1	1	0	ROM 5:12
ଅରୋୟର	2	2	2	1	JDG 11:26
ଅରୋୟରଠାରୁ	1	1	1	1	JDG 11:33
ଅରୋୟରର	1	1	1	1	ISA 17:2
ଅରୋୟେର	5	5	5	6	NUM 32:34
ଅରୋୟେରଠାରୁ	6	6	3	6	DEU 2:36
ଅରୋୟେରରେ	1	1	1	1	2SA 24:5
ଅରୋୟେରୀୟ	1	1	1	1	1CH 11:44
ଅରୌଣା	6	6	1	6	2SA 24:20
ଅରୌଣାକୁ	1	1	1	1	2SA 24:24
ଅରୌଣାର	2	2	1	2	2SA 24:16
ଅର୍କବୀୟ	1	1	1	1	EZR 4:9
ଅର୍କୀୟ	8	8	4	8	GEN 10:17
ଅର୍ଗଳ	29	29	11	30	EXO 26:26
ଅର୍ଗଳ-ବଦ୍ଧ	1	1	1	1	JDG 3:24
ଅର୍ଗଳ-ସକଳକୁ	1	1	1	0	HOS 11:6
ଅର୍ଗଳବିଶିଷ୍ଟ	2	2	2	2	1SA 23:7
ଅର୍ଗଳର	2	2	1	2	EXO 26:29
ଅର୍ଗଳରେ	1	1	1	1	DEU 3:5
ଅର୍ଗଳସକଳ	3	3	2	3	EXO 26:29
ଅର୍ଗଳସବୁ	9	9	5	9	NEH 3:3
ଅର୍ଗୋବ	1	1	1	1	2KI 15:25
ଅର୍ଗୋବ-ଅଞ୍ଚଳରେ	1	1	1	1	1KI 4:13
ଅର୍ଗୋବର	3	3	1	3	DEU 3:4
ଅର୍ଛି	1	1	1	0	RUT 3:12
ଅର୍ଜନ	2	2	1	3	HAG 1:6
ଅର୍ଜିତ	2	2	2	3	PRO 13:11
ଅର୍ଜ୍ଜନ	1	1	1	0	PRO 4:5
ଅର୍ଣ୍ଣନର	1	1	1	1	1CH 3:21
ଅର୍ଣ୍ଣୀ	1	1	1	1	LUK 3:33
ଅର୍ଣ୍ଣୀଙ୍କ	1	1	1	1	LUK 3:33
ଅର୍ଣ୍ଣୋନ	4	4	3	12	DEU 4:48
ଅର୍ଣ୍ଣୋନଠାରୁ	2	2	2	3	NUM 21:24
ଅର୍ଣ୍ଣୋନର	3	3	1	4	NUM 21:13
ଅର୍ଣ୍ଣୋନରେ	1	1	1	1	JER 48:20
ଅର୍ଣ୍ଣୋନସ୍ଥ	1	1	1	1	NUM 21:28
ଅର୍ଣ୍ଣୋନ୍	8	8	5	0	NUM 21:13
ଅର୍ଣ୍ଣୋନ୍-ଉପତ୍ୟକା	3	3	1	0	DEU 2:36
ଅର୍ଣ୍ଣୋନ୍-ଉପତ୍ୟକାଠାରୁ	1	1	1	0	DEU 3:8
ଅର୍ଣ୍ଣୋନ୍ଠାରୁ	1	1	1	0	JDG 11:22
ଅର୍ଣ୍ଣୋନ୍ର	1	1	1	0	JDG 11:18
ଅର୍ତ୍ତକ୍ଷସ୍ତ	12	12	2	14	EZR 4:7
ଅର୍ତ୍ତକ୍ଷସ୍ତର	3	3	1	4	EZR 4:7
ଅର୍ଥ	83	83	18	120	GEN 40:8
ଅର୍ଥକାରକ	2	2	2	2	JOB 33:23
ଅର୍ଥକାରୀମାନଙ୍କୁ	1	1	1	1	JDG 14:19
ଅର୍ଥଜ୍ଞାନ	1	1	1	0	GEN 40:8
ଅର୍ଥଦଣ୍ଡ	2	2	2	2	EXO 21:22
ଅର୍ଥଦଣ୍ଡପ୍ରାପ୍ତ	1	1	1	1	AMO 2:8
ଅର୍ଥଦଣ୍ଡର	1	1	1	1	EZR 7:26
ଅର୍ଥବଳ	1	1	1	1	LUK 14:28
ଅର୍ଥବିଶିଷ୍ଟ	1	1	1	1	GEN 40:5
ଅର୍ଥଲାଭ	1	1	1	1	2PE 2:3
ଅର୍ଥଲୋଭ	1	1	1	1	JUD 1:11
ଅର୍ଥଶୂନ୍ୟ	1	1	1	1	1CO 14:10
ଅର୍ଥାତ	1	1	1	3	NUM 5:15
ଅର୍ଥାତ୍	702	702	54	879	GEN 1:12
ଅର୍ଥାନୁସାରେ	1	1	1	1	GEN 40:21
ଅର୍ଦ	2	2	2	2	GEN 46:21
ଅର୍ଦଠାରୁ	1	1	1	1	NUM 26:40
ଅର୍ଦୀୟ	1	1	1	1	NUM 26:40
ଅର୍ଦୋନ୍	1	1	1	1	1CH 2:18
ଅର୍ଦ୍ଧ	35	35	8	58	EXO 26:12
ଅର୍ଦ୍ଧ-ବଂଶ	1	1	1	0	JOS 4:12
ଅର୍ଦ୍ଧ-ବଂଶକୁ	1	1	1	0	DEU 29:8
ଅର୍ଦ୍ଧଦେଶଠାରୁ	1	1	1	0	JOS 12:2
ଅର୍ଦ୍ଧଦେଶରେ	1	1	1	0	JOS 12:5
ଅର୍ଦ୍ଧନଷ୍ଟ	1	1	1	1	NUM 12:12
ଅର୍ଦ୍ଧବଂଶ	7	7	2	0	JOS 18:7
ଅର୍ଦ୍ଧବଂଶକୁ	3	3	2	0	DEU 3:13
ଅର୍ଦ୍ଧବଂଶଠାରୁ	1	1	1	0	1CH 6:70
ଅର୍ଦ୍ଧବଂଶର	2	2	1	0	1CH 5:23
ଅର୍ଦ୍ଧବଂଶରୁ	3	3	2	0	JOS 21:5
ଅର୍ଦ୍ଧବଂଶୀୟ	1	1	1	0	1CH 5:26
ଅର୍ଦ୍ଧଭାଗର	5	5	1	5	NEH 3:9
ଅର୍ଦ୍ଧମାଣ	1	1	1	0	1SA 14:14
ଅର୍ଦ୍ଧରାତ୍ର	3	3	2	0	EXO 12:29
ଅର୍ଦ୍ଧରାତ୍ରରେ	3	3	3	3	JOB 34:20
ଅର୍ଦ୍ଧରାତ୍ରି	1	1	1	2	JDG 16:3
ଅର୍ଦ୍ଧରାତ୍ରିରେ	1	1	1	1	JDG 16:3
ଅର୍ଦ୍ଧହିନ୍	2	2	1	0	NUM 15:9
ଅର୍ଦ୍ଧାଂଶ	4	4	2	4	NUM 31:42
ଅର୍ଦ୍ଧାଂଶଠାରୁ	1	1	1	1	1CH 6:61
ଅର୍ଦ୍ଧାଂଶର	1	1	1	1	NUM 31:36
ଅର୍ଦ୍ଧାଂଶରୁ	3	3	1	3	NUM 31:28
ଅର୍ଦ୍ଧେକ	33	33	16	32	EXO 24:6
ଅର୍ଦ୍ଧେକକୁ	1	1	1	1	NUM 32:33
ଅର୍ଦ୍ଧେକର	1	1	1	1	1KI 16:9
ଅର୍ପଣ	7	7	7	8	LEV 16:21
ଅର୍ପଦ	1	1	1	2	JER 49:23
ଅର୍ପଦର	5	5	2	4	2KI 18:34
ଅର୍ପା	2	2	1	2	RUT 1:4
ଅର୍ପିତ	3	3	3	3	2CH 34:16
ଅର୍ଫକ୍ଷଦ	8	8	3	8	GEN 10:22
ଅର୍ଫକ୍ଷଦକୁ	1	1	1	1	GEN 11:10
ଅର୍ଫକ୍ଷଦଙ୍କ	1	1	1	1	LUK 3:36
ଅର୍ଫକ୍ଷଦର	1	1	1	1	GEN 10:24
ଅର୍ବ	3	3	1	3	JOS 14:15
ଅର୍ବତୀୟ	1	1	1	2	2SA 23:31
ଅର୍ବଦ	1	1	1	1	EZK 27:8
ଅର୍ବଦର	1	1	1	1	EZK 27:11
ଅର୍ବଦୀୟ	2	2	2	2	GEN 10:18
ଅର୍ବର	1	1	1	1	JOS 14:15
ଅର୍ବୀୟ	1	1	1	1	2SA 23:35
ଅର୍ବ୍ବତୀୟ	1	1	1	0	1CH 11:32
ଅର୍ମୋନ୍	2	2	2	2	GEN 30:37
ଅର୍ଶ	6	6	2	6	DEU 28:27
ଅର୍ଶ-ପ୍ରତିମା	1	1	1	1	1SA 6:5
ଅର୍ଶ-ପ୍ରତିମାର	1	1	1	1	1SA 6:11
ଅର୍ସାର	1	1	1	1	1KI 16:9
ଅଲଗା	8	8	7	22	NUM 23:9
ଅଲମେଲକ୍	1	1	1	1	JOS 19:26
ଅଲମୋଦଦ	1	1	1	0	GEN 10:26
ଅଲମୋନ	1	1	1	1	JOS 21:18
ଅଲମୋନ-ଦିବ୍ଲାଥୟିମରୁ	1	1	1	1	NUM 33:47
ଅଲମୋନ-ଦିବ୍ଲାଥୟିମରେ	1	1	1	1	NUM 33:46
ଅଲାମୋତ୍	1	1	1	1	1CH 15:20
ଅଲୀୟନ୍	1	1	1	1	1CH 1:40
ଅଲୀୟା	1	1	1	2	1CH 1:51
ଅଲୁମ୍ପା	1	1	1	1	ROM 16:15
ଅଲୋନ	29	29	12	22	GEN 12:6
ଅଲୋନ-ବାଖୁତ୍	1	1	1	1	GEN 35:8
ଅଲୋନ୍	2	2	2	9	JOS 24:26
ଅଲୌକିକ	2	2	2	6	2PE 2:10
ଅଲ୍-ତଶ୍ହେତ୍	4	4	1	4	PSA 57:1
ଅଲ୍ମୋତ୍	1	1	1	1	PSA 46:1
ଅଲ୍ମୋଦଦ	1	1	1	2	1CH 1:20
ଅଲ୍ଲୀମା	1	1	1	1	ACT 13:8
ଅଳଙ୍କାର	9	9	7	10	EXO 3:22
ଅଳଙ୍କାରରେ	3	3	2	4	JER 4:30
ଅଳଙ୍କାରସବୁ	3	3	2	3	EXO 35:22
ଅଳଙ୍କାରାଦିରେ	1	1	1	0	HOS 2:13
ଅଳସ	4	4	2	4	PRO 18:9
ଅଳସର	1	1	1	1	PRO 15:19
ଅଳସୁଆ	16	16	3	16	EXO 5:8
ଅଳସୁଆର	2	2	1	2	PRO 21:25
ଅଳିଆ	2	2	2	2	ISA 5:25
ଅଳ୍ପ	148	148	37	177	GEN 18:4
ଅଳ୍ପ-ବିଶ୍ୱାସୀମାନେ	1	1	1	0	LUK 12:28
ଅଳ୍ପ-ବୟସ୍କ	1	1	1	1	1CH 22:5
ଅଳ୍ପକାଳ	1	1	1	0	2CO 7:8
ଅଳ୍ପକ୍ଷଣ	5	5	4	3	1KI 18:45
ଅଳ୍ପତା	1	1	1	1	PRO 15:16
ଅଳ୍ପବିଶ୍ୱାସୀ	1	1	1	0	MAT 14:31
ଅଳ୍ପବିଶ୍ୱାସୀ-ମାନେ	1	1	1	0	MAT 16:8
ଅଳ୍ପବିଶ୍ୱାସୀମାନେ	1	1	1	0	MAT 8:26
ଅଳ୍ପବୟସ୍କ	4	4	4	1	1SA 1:24
ଅଳ୍ପମାତ୍ର	7	7	4	7	PSA 8:5
ଅଳ୍ପମାନ୍ୟ	1	1	1	1	1SA 18:23
ଅଳ୍ପରେ	1	1	1	1	ACT 26:29
ଅଳ୍ପସଂଖ୍ୟକ	11	11	7	11	LEV 26:22
ଅଳ୍ପାୟୁ	1	1	1	1	JOB 14:1
ଅଳ୍ବା	1	1	1	2	GEN 36:40
ଅଶନ୍	1	1	1	0	JOS 15:42
ଅଶାନ୍ତିଯୁକ୍ତ	1	1	1	1	PRO 15:16
ଅଶିକ୍ଷିତ	4	4	4	4	ISA 29:12
ଅଶୀ	24	24	14	25	GEN 35:28
ଅଶୀଓ	1	1	1	0	EXO 7:7
ଅଶୀମା	1	1	1	1	2KI 17:30
ଅଶୁଚି	334	334	37	345	GEN 7:2
ଅଶୁଚିଣଆତ୍ମାଗୁଡ଼ାକ	1	1	1	0	MAT 10:1
ଅଶୁଚିତା	12	12	10	26	LEV 7:20
ଅଶୁଚିତା-ମୂଳକ	1	1	1	0	1TH 2:3
ଅଶୁଚିତାର	2	2	1	3	ZEC 13:1
ଅଶୁଚିତାରୁ	3	3	3	5	EZR 6:21
ଅଶୁଚିତାରେ	4	4	4	7	DEU 23:10
ଅଶୁଚିମାନଙ୍କ	1	1	1	1	HEB 9:13
ଅଶୁଚୀକୃତ	2	2	2	1	JER 19:13
ଅଶୁଦ୍ଧାଚାରୀ	1	1	1	1	EPH 5:5
ଅଶୁଭ	2	2	2	2	EXO 33:4
ଅଶୁଷ୍କ	1	1	1	1	JDG 16:8
ଅଶୂର	20	20	7	24	GEN 10:11
ଅଶୂର-ରାଜଗଣ	2	2	1	0	2CH 30:6
ଅଶୂର-ରାଜର	1	1	1	1	ISA 10:12
ଅଶୂର-ରାଜା	1	1	1	1	1CH 5:6
ଅଶୂର-ରାଜାର	3	3	2	1	2KI 18:7
ଅଶୂରକୁ	11	11	5	10	NUM 24:24
ଅଶୂରର	62	62	9	65	2KI 15:19
ଅଶୂରରୁ	3	3	3	2	ISA 11:11
ଅଶୂରରେ	1	1	1	1	HOS 9:3
ଅଶୂରି	1	1	1	1	2SA 2:9
ଅଶୂରୀୟ	39	39	9	45	GEN 2:14
ଅଶୂରୀୟକୁ	1	1	1	1	ISA 14:25
ଅଶୂରୀୟଣତାହା	1	1	1	0	ISA 23:13
ଅଶୂରୀୟମାନଙ୍କ	5	5	3	5	2KI 19:35
ଅଶୂରୀୟମାନଙ୍କୁ	1	1	1	1	LAM 5:6
ଅଶୂରୀୟମାନେ	1	1	1	1	ISA 19:23
ଅଶୂରୀୟର	1	1	1	3	HOS 5:13
ଅଶୂରୀୟା	1	1	1	5	GEN 25:18
ଅଶେଷ	1	1	1	2	1TI 1:4
ଅଶୌଚ	17	17	6	0	LEV 7:21
ଅଶୌଚ-ବିଧି	1	1	1	0	LEV 15:3
ଅଶୌଚକାରୀ	1	1	1	0	LEV 5:3
ଅଶୌଚର	2	2	1	2	EZK 24:13
ଅଶୌଚରୁ	5	5	2	3	LEV 15:31
ଅଶୌଚରେ	3	3	2	0	LEV 15:19
ଅଶୌଚାର୍ଥକ	5	5	1	5	NUM 19:9
ଅଶ୍ରଦ୍ଧା	1	1	1	1	PSA 119:163
ଅଶ୍ରୁ	2	2	2	3	LAM 3:50
ଅଶ୍ରୁଜଳ	1	1	1	0	REV 21:4
ଅଶ୍ରୁଜଳରେ	2	2	1	0	LUK 7:38
ଅଶ୍ରୁଧାରା	2	2	2	2	JER 13:17
ଅଶ୍ରୁପାତ	5	5	4	3	ECC 4:1
ଅଶ୍ରୁପାତରେ	1	1	1	1	PSA 39:12
ଅଶ୍ୱ	74	74	23	78	GEN 47:17
ଅଶ୍ୱ-ଦ୍ୱାରର	1	1	1	0	2CH 23:15
ଅଶ୍ୱ-ଶଦ୍ଦ	1	1	1	0	2KI 7:6
ଅଶ୍ୱକୁ	3	3	2	3	JOB 39:19
ଅଶ୍ୱଗଣ	22	22	9	22	2KI 6:14
ଅଶ୍ୱଗଣକୁ	4	4	3	4	JER 46:4
ଅଶ୍ୱଗଣର	13	13	7	13	JOS 11:6
ଅଶ୍ୱଗଣରେ	1	1	1	1	ISA 31:1
ଅଶ୍ୱଙ୍କ	1	1	1	1	REV 9:9
ଅଶ୍ୱତ୍	1	1	1	1	1CH 7:33
ଅଶ୍ୱଦ୍ୱାରର	3	3	3	4	2KI 11:16
ଅଶ୍ୱବାହନାରୂଢ଼	1	1	1	1	EST 8:10
ଅଶ୍ୱମାନ	2	2	2	2	2SA 15:1
ଅଶ୍ୱମାନଙ୍କ	10	10	4	10	JDG 5:22
ଅଶ୍ୱମାନଙ୍କୁ	1	1	1	1	2KI 23:11
ଅଶ୍ୱର	2	2	2	2	2CH 1:17
ଅଶ୍ୱରେ	7	7	5	7	2KI 9:19
ଅଶ୍ୱଶାଳା	1	1	1	1	1KI 4:26
ଅଶ୍ୱଶାଳା-ଜାତ	1	1	1	1	EST 8:10
ଅଶ୍ୱସବୁ	2	2	2	2	1KI 10:28
ଅଶ୍ୱାରୂଢ଼	18	18	8	19	EXO 14:9
ଅଶ୍ୱାରୂଢ଼ମାନଙ୍କ	1	1	1	1	2CH 8:6
ଅଶ୍ୱାରୋହଣ	4	4	3	4	EST 6:11
ଅଶ୍ୱାରୋହୀ	21	21	12	22	1SA 8:11
ଅଶ୍ୱାରୋହୀ-ଗଣକୁ	1	1	1	0	EZK 38:4
ଅଶ୍ୱାରୋହୀ-ମାନଙ୍କ	1	1	1	0	1KI 9:19
ଅଶ୍ୱାରୋହୀ-ମାନଙ୍କର	1	1	1	0	REV 19:18
ଅଶ୍ୱାରୋହୀ-ମାନଙ୍କୁ	2	2	2	0	2CH 1:14
ଅଶ୍ୱାରୋହୀକି	2	2	2	1	2KI 9:17
ଅଶ୍ୱାରୋହୀଗଣ	8	8	8	9	GEN 50:9
ଅଶ୍ୱାରୋହୀଗଣଣ	1	1	1	0	2KI 2:12
ଅଶ୍ୱାରୋହୀଗଣର	2	2	2	2	EZK 26:10
ଅଶ୍ୱାରୋହୀଙ୍କ	1	1	1	1	REV 19:21
ଅଶ୍ୱାରୋହୀଙ୍କି	1	1	1	0	EXO 15:1
ଅଶ୍ୱାରୋହୀମାନଙ୍କ	2	2	1	3	1KI 9:22
ଅଶ୍ୱାରୋହୀମାନଙ୍କର	1	1	1	2	2CH 8:9
ଅଶ୍ୱାରୋହୀମାନଙ୍କୁ	3	3	3	5	1KI 10:26
ଅଶ୍ୱାରୋହୀମାନେ	7	7	7	7	2SA 1:6
ଅଶ୍ୱିନୀ	1	1	1	1	SNG 1:9
ଅଷ୍ଟମ	37	37	14	37	EXO 22:30
ଅଷ୍ଟାଦଶ	3	3	2	3	1CH 24:15
ଅଷ୍ଟାରୋତ	1	1	1	0	2KI 23:13
ଅଷ୍ଟାରୋତରେ	1	1	1	0	JOS 13:12
ଅଷ୍ଟାରୋତୀୟ	1	1	1	1	1CH 11:44
ଅଷ୍ଟାରୋତ୍	12	12	6	14	DEU 1:4
ଅଷ୍ଟାରୋତ୍ର	1	1	1	1	1KI 11:5
ଅଷ୍ଦୋଦ୍ରେ	1	1	1	0	ACT 8:40
ଅସଂଖ୍ୟ	31	31	18	31	GEN 28:14
ଅସଙ୍ଗତ	3	3	3	2	ACT 25:27
ଅସତର୍କ	3	3	2	3	PRO 14:18
ଅସତ୍	2	2	2	2	JHN 5:29
ଅସତ୍ୟ	5	5	4	5	LEV 6:2
ଅସତ୍ୟତା	1	1	1	1	JER 9:3
ଅସତ୍ୟତାର	2	2	2	2	ISA 57:4
ଅସତ୍ୟର	3	3	2	3	PSA 144:8
ଅସଦାଚାର	1	1	1	1	ROM 13:4
ଅସଦାଚାରୀ	2	2	1	2	ROM 13:3
ଅସଦୋତ୍-ପିସ୍ଗା	1	1	1	1	JOS 13:20
ଅସଦୋଦ	1	1	1	0	JOS 15:47
ଅସଦୋଦ୍	2	2	2	0	JOS 15:46
ଅସନୀୟର	1	1	1	0	NEH 10:9
ଅସନ୍ତୁଷ୍ଟ	16	16	15	16	GEN 48:17
ଅସନ୍ତୋଷ	2	2	2	3	GEN 28:8
ଅସନ୍ତୋଷପାତ୍ର	1	1	1	1	1TH 2:15
ଅସନ୍ତୋଷର	2	2	1	2	LAM 3:39
ଅସବେୟର	1	1	1	0	1CH 4:21
ଅସମର୍ଥ	16	16	11	19	LEV 5:7
ଅସମାନ	1	1	1	1	2CO 6:14
ଅସମ୍ପର୍କୀୟ	2	2	2	2	JOB 18:15
ଅସମ୍ପୂର୍ଣ୍ଣ	2	2	2	2	PSA 139:16
ଅସମ୍ପୂର୍ଣ୍ଣାୟୁ	1	1	1	1	ISA 65:20
ଅସମ୍ଭବ	6	6	4	10	LUK 17:1
ଅସମ୍ମତ	38	38	20	37	GEN 22:12
ଅସମ୍ମତା	2	2	2	2	EST 1:12
ଅସମୟରେ	1	1	1	1	2TI 4:2
ଅସରଳ	3	3	2	3	EZK 18:25
ଅସରା	1	1	1	1	DEU 32:2
ଅସରିୟ	1	1	1	0	EZR 7:1
ଅସରୀୟ	31	31	8	33	1KI 4:2
ଅସରୀୟକୁ	6	6	2	6	1CH 2:38
ଅସରୀୟଙ୍କ	1	1	1	5	DAN 1:11
ଅସରୀୟଙ୍କର	5	5	1	1	2KI 15:6
ଅସରୀୟଙ୍କୁ	1	1	1	1	2KI 14:21
ଅସରୀୟର	6	6	4	5	1CH 6:36
ଅସରୀୟା	1	1	1	1	1CH 2:8
ଅସରୀୟାହ	1	1	1	1	2CH 21:2
ଅସରେଲ	2	2	2	0	EZR 10:41
ଅସରେଲ୍	3	3	2	6	1CH 12:6
ଅସରେଲ୍ର	1	1	1	1	NEH 11:13
ଅସସୀୟ	2	2	2	2	1CH 15:21
ଅସସୀୟର	1	1	1	1	1CH 27:20
ଅସହାୟ	8	8	3	8	JOB 29:12
ଅସହ୍ୟ	9	9	6	10	GEN 4:13
ଅସା	1	1	1	0	1CH 7:28
ଅସାକ୍ଷାତରେ	3	3	3	1	LUK 22:6
ଅସାଧାରଣ	2	2	2	2	DAN 2:11
ଅସାଧ୍ୟ	9	9	7	8	2CH 21:18
ଅସାବଧାନ	1	1	1	1	PRO 19:16
ଅସାମାନ୍ୟ	2	2	1	1	ACT 19:11
ଅସାର	98	98	25	101	DEU 32:21
ଅସାରଗର୍ବୀ	2	2	1	2	1TI 3:6
ଅସାରତା	11	11	7	16	1KI 16:13
ଅସାରତାକୁ	1	1	1	1	PSA 4:2
ଅସାରତାବର୍ଦ୍ଧକ	1	1	1	1	ECC 6:11
ଅସାରତାବିଶିଷ୍ଟ	1	1	1	1	JOB 7:3
ଅସାରତାର	6	6	5	5	2KI 17:15
ଅସାରତାରୂପ	2	2	1	2	ISA 5:18
ଅସାରତାରେ	6	6	4	6	JOB 15:31
ଅସାରର	3	3	1	3	ECC 1:2
ଅସାରରୁ	1	1	1	1	PSA 62:9
ଅସାରରେ	1	1	1	1	PSA 39:6
ଅସାରେଲ	3	3	1	2	1CH 4:16
ଅସାହେଲ	9	9	3	12	2SA 2:18
ଅସାହେଲକୁ	3	3	1	3	2SA 2:22
ଅସାହେଲର	4	4	2	3	2SA 2:23
ଅସାହେଲ୍	2	2	2	0	1CH 2:16
ଅସାୟ	6	6	2	6	2KI 22:12
ଅସାୟକୁ	2	2	2	2	1CH 15:11
ଅସୀମ	3	3	3	4	PSA 147:5
ଅସୀର	3	3	2	3	EXO 6:24
ଅସୀରର	1	1	1	1	1CH 6:37
ଅସୀସା	1	1	1	1	EZR 10:27
ଅସୀୟେଲ	1	1	1	1	1CH 15:20
ଅସୀୟେଲର	1	1	1	1	1CH 4:35
ଅସୁଙ୍କ୍ରିତ	1	1	1	1	ROM 16:14
ଅସୁନ୍ଦର	1	1	1	0	1CO 12:23
ଅସୁନ୍ନତ	35	35	13	39	GEN 34:14
ଅସୁନ୍ନତ-ଓଷ୍ଠ	2	2	1	0	EXO 6:12
ଅସୁନ୍ନତମାନଙ୍କ	4	4	4	4	JDG 15:18
ଅସୁନ୍ନତମାନେ	2	2	2	2	1SA 31:4
ଅସୁନ୍ନତର	1	1	1	1	HAB 2:16
ଅସୁନ୍ନତରେ	1	1	1	1	ROM 2:25
ଅସୁନ୍ନତି	12	12	5	10	ACT 7:51
ଅସୁନ୍ନତିକୁ	1	1	1	1	ROM 3:30
ଅସୁନ୍ନତିମାନଙ୍କ	1	1	1	0	GAL 2:7
ଅସୁନ୍ନତିମାନଙ୍କୁ	1	1	1	0	ROM 4:9
ଅସୁନ୍ନତ୍	1	1	1	0	GEN 17:14
ଅସୁସ୍ଥ	3	3	3	8	MAT 9:12
ଅସୁସ୍ଥମାନଙ୍କୁ	1	1	1	1	EZK 34:4
ଅସୂବା	3	3	3	3	1KI 22:42
ଅସୂବାର	2	2	1	2	1CH 2:18
ଅସୂର	1	1	1	0	NEH 10:17
ଅସୂରର	1	1	1	0	JER 28:1
ଅସେକା	7	7	5	7	JOS 10:10
ଅସ୍କିନସ୍	3	3	3	3	GEN 10:3
ଅସ୍କିଲୋନ	6	6	5	7	JDG 1:18
ଅସ୍କିଲୋନକୁ	1	1	1	1	JDG 14:19
ଅସ୍କିଲୋନର	1	1	1	2	2SA 1:20
ଅସ୍କିଲୋନରୁ	1	1	1	1	AMO 1:8
ଅସ୍କିଲୋନସ୍ଥିତ	1	1	1	1	ZEP 2:7
ଅସ୍କିଲୋନୀୟ	1	1	1	1	JOS 13:3
ଅସ୍କିଲୋନ୍	1	1	1	0	JER 47:5
ଅସ୍କିଲୋନ୍ର	1	1	1	0	JER 47:7
ଅସ୍ଗଦର	3	3	2	3	EZR 2:12
ଅସ୍ଗଦ୍	1	1	1	0	NEH 10:15
ଅସ୍ତ	9	9	9	10	LEV 22:7
ଅସ୍ତ-ସ୍ଥାନ	2	2	1	2	PSA 50:1
ଅସ୍ତଗତ	4	4	4	4	GEN 15:17
ଅସ୍ତଗମନ	1	1	1	1	PSA 104:19
ଅସ୍ତବ୍ୟସ୍ତ	2	2	2	2	EXO 14:24
ଅସ୍ତରୋତ୍	1	1	1	0	GEN 14:5
ଅସ୍ତି	1	1	1	1	ACT 17:28
ଅସ୍ତିତ୍ୱ	2	2	2	2	PSA 104:33
ଅସ୍ତ୍ର	20	20	9	22	GEN 4:22
ଅସ୍ତ୍ର-ଶସ୍ତ୍ର	3	3	2	0	EZK 39:9
ଅସ୍ତ୍ରଧାରୀ	3	3	2	3	1CH 12:37
ଅସ୍ତ୍ରବାହକ	16	16	4	16	JDG 9:54
ଅସ୍ତ୍ରବାହକକୁ	4	4	2	4	1SA 14:12
ଅସ୍ତ୍ରବାହକର	1	1	1	1	1SA 14:14
ଅସ୍ତ୍ରବିଦ୍ଧ	2	2	2	2	ISA 13:15
ଅସ୍ତ୍ରରେ	2	2	2	1	ISA 28:27
ଅସ୍ତ୍ରଶସ୍ତ୍ର	15	15	12	20	1SA 21:8
ଅସ୍ତ୍ରଶସ୍ତ୍ରରେ	1	1	1	1	LUK 11:21
ଅସ୍ତ୍ରଶସ୍ତ୍ରସବୁ	2	2	2	0	MAT 12:29
ଅସ୍ତ୍ରସବୁ	2	2	2	2	ISA 13:5
ଅସ୍ତ୍ରାଗାର	4	4	4	4	2KI 20:13
ଅସ୍ତ୍ରାଗାରର	1	1	1	1	NEH 3:19
ଅସ୍ତ୍ରାଘାତ	4	4	2	4	LEV 19:28
ଅସ୍ଥାବର	1	1	1	1	ACT 2:45
ଅସ୍ଥାୟୀ	3	3	3	4	GEN 4:2
ଅସ୍ଥି	60	60	23	60	GEN 2:23
ଅସ୍ଥିକି	1	1	1	0	PRO 16:24
ଅସ୍ଥିକୁ	1	1	1	2	EZK 37:5
ଅସ୍ଥିପଞ୍ଜର	1	1	1	1	PSA 139:15
ଅସ୍ଥିର	18	18	10	19	GEN 2:23
ଅସ୍ଥିରତା	1	1	1	1	PSA 38:8
ଅସ୍ଥିରୁ	2	2	2	2	JOB 31:22
ଅସ୍ଥିରେ	8	8	4	9	2KI 23:14
ଅସ୍ଥିସକଳ	6	6	3	6	PSA 34:20
ଅସ୍ଥିସକଳକୁ	1	1	1	1	ISA 58:11
ଅସ୍ଥିସକଳର	2	2	2	2	LAM 1:13
ଅସ୍ଥିସକଳରେ	1	1	1	1	HAB 3:16
ଅସ୍ଥିସବୁ	26	26	10	26	NUM 24:8
ଅସ୍ଥିସବୁକୁ	1	1	1	1	PRO 17:22
ଅସ୍ଦୋଦକୁ	3	3	2	3	1SA 5:1
ଅସ୍ଦୋଦର	2	2	2	2	1SA 5:3
ଅସ୍ଦୋଦରୁ	1	1	1	1	AMO 1:8
ଅସ୍ଦୋଦରେ	2	2	2	2	JOS 11:22
ଅସ୍ଦୋଦସ୍ଥ	1	1	1	1	AMO 3:9
ଅସ୍ଦୋଦସ୍ଥିତ	1	1	1	1	1SA 5:5
ଅସ୍ଦୋଦୀୟ	4	4	3	4	JOS 13:3
ଅସ୍ଦୋଦୀୟମାନେ	1	1	1	2	NEH 4:7
ଅସ୍ଦୋଦ୍	3	3	3	0	1SA 6:17
ଅସ୍ଦୋଦ୍-ପିସ୍ଗାର	1	1	1	0	DEU 4:49
ଅସ୍ଦୋଦ୍ର	1	1	1	0	2CH 26:6
ଅସ୍ନପ୍ପର	1	1	1	1	EZR 4:10
ଅସ୍ନା	2	2	1	2	JOS 15:33
ଅସ୍ନାର	1	1	1	1	EZR 2:50
ଅସ୍ନୋତ୍-ତାବୋରକୁ	1	1	1	1	JOS 19:34
ଅସ୍ପନସ୍କୁ	1	1	1	1	DAN 1:4
ଅସ୍ପଷ୍ଟ	1	1	1	1	1CO 14:8
ଅସ୍ପାଥ	1	1	1	1	EST 9:7
ଅସ୍ବୂକର	1	1	1	1	NEH 3:16
ଅସ୍ବେଲ	2	2	2	2	GEN 46:21
ଅସ୍ବେଲଠାରୁ	1	1	1	1	NUM 26:38
ଅସ୍ବେଲୀୟ	1	1	1	1	NUM 26:38
ଅସ୍ମାବତ	1	1	1	0	NEH 12:29
ଅସ୍ମାବତର	1	1	1	0	EZR 2:24
ଅସ୍ମାବତ୍	5	5	2	6	2SA 23:31
ଅସ୍ମାବତ୍ର	1	1	1	2	1CH 12:3
ଅସ୍ମୋନ	1	1	1	1	NUM 34:4
ଅସ୍ମୋନକୁ	1	1	1	1	JOS 15:4
ଅସ୍ମୋନରୁ	1	1	1	1	NUM 34:5
ଅସ୍ରାୟେଲ-ସନ୍ତାନଗଣ	1	1	1	0	JOS 17:2
ଅସ୍ରୀକାମ	2	2	1	4	1CH 3:23
ଅସ୍ରୀକାମକୁ	1	1	1	1	2CH 28:7
ଅସ୍ରୀକାମର	1	1	1	2	1CH 9:14
ଅସ୍ରୀକାମ୍	2	2	2	0	1CH 8:38
ଅସ୍ରୀକାମ୍ର	1	1	1	0	NEH 11:15
ଅସ୍ରୀୟେଲ	1	1	1	2	1CH 7:14
ଅସ୍ରୀୟେଲଠାରୁ	1	1	1	1	NUM 26:31
ଅସ୍ରୀୟେଲର	2	2	2	0	1CH 27:19
ଅସ୍ରୀୟେଲୀୟ	1	1	1	1	NUM 26:31
ଅସ୍ରୀୟେଲ୍	1	1	1	0	1CH 5:24
ଅସ୍ସନର	1	1	1	1	NUM 34:26
ଅସ୍ସୁରର	1	1	1	2	EZK 11:1
ଅସ୍ହୂରକୁ	1	1	1	1	1CH 2:24
ଅସ୍ହୂରର	1	1	1	1	1CH 4:5
ଅସ୍ୱାଦ	1	1	1	1	JOB 6:6
ଅସ୍ୱାଭାବିକ	2	2	2	2	ROM 1:26
ଅସ୍ୱାଭାବିକଭାବେ	1	1	1	1	ROM 11:24
ଅସ୍ୱାସ୍ଥ୍ୟ	1	1	1	0	1TI 5:23
ଅସ୍ୱୀକାର	55	55	20	62	GEN 18:15
ଅସ୍ୱୀକୃତ	1	1	1	1	ROM 1:28
ଅହଂ-ଭାବରେ	1	1	1	0	JAS 4:16
ଅହଂକାର	3	3	3	5	OBA 1:3
ଅହଂକାରର	1	1	1	1	2PE 2:18
ଅହଂକାରୀ	3	3	3	3	PSA 5:5
ଅହଂକାରୀକି	1	1	1	0	PSA 40:4
ଅହଂକାରୀମାନଙ୍କ	1	1	1	0	1PE 5:5
ଅହଂକାରୀମାନଙ୍କୁ	2	2	2	2	LUK 1:51
ଅହଂକାରୀର	1	1	1	1	PSA 36:11
ଅହଙ୍କାର	27	27	10	28	JOB 33:17
ଅହଙ୍କାର-ଦୃଷ୍ଟି	3	3	2	3	PSA 101:5
ଅହଙ୍କାରପୂର୍ବକ	1	1	1	1	DAN 5:20
ଅହଙ୍କାରମୟ	1	1	1	1	ISA 10:12
ଅହଙ୍କାରର	3	3	2	3	PRO 14:3
ଅହଙ୍କାରରୁ	1	1	1	1	PRO 13:10
ଅହଙ୍କାରରେ	5	5	3	5	1SA 2:3
ଅହଙ୍କାରିଣୀ	2	2	2	2	ISA 3:16
ଅହଙ୍କାରୀ	13	13	9	13	DEU 8:14
ଅହଙ୍କାରୀ-ମାନଙ୍କ	1	1	1	0	PSA 123:4
ଅହଙ୍କାରୀ-ମାନଙ୍କୁ	1	1	1	0	PSA 94:2
ଅହଙ୍କାରୀକି	2	2	2	0	JOB 40:11
ଅହଙ୍କାରୀମାନଙ୍କ	1	1	1	2	PRO 16:19
ଅହଙ୍କାରୀମାନଙ୍କର	2	2	1	2	ISA 5:15
ଅହଙ୍କାରୀମାନଙ୍କୁ	1	1	1	3	PSA 119:122
ଅହଙ୍କାରୀମାନେ	7	7	1	7	PSA 86:14
ଅହବା	2	2	1	2	EZR 8:21
ଅହବାଗାମିନୀ	1	1	1	1	EZR 8:15
ଅହବାନ୍	1	1	1	1	1CH 2:29
ଅହର୍ହ	1	1	1	1	1CH 8:1
ଅହଲବ୍	1	1	1	1	JDG 1:31
ଅହଲା	4	4	1	4	EZK 23:4
ଅହଲାର	1	1	1	1	EZK 23:36
ଅହଲୀବା	4	4	1	5	EZK 23:4
ଅହଲୀବାମା	6	6	2	6	GEN 36:5
ଅହଲୀବାମାକୁ	1	1	1	1	GEN 36:2
ଅହଲୀବାମାର	1	1	1	1	GEN 36:18
ଅହଲୀବାର	1	1	1	1	EZK 23:36
ଅହଲୀବେ	1	1	1	0	EZK 23:22
ଅହଲୀୟାବ	2	2	1	2	EXO 36:1
ଅହଲୀୟାବକୁ	2	2	1	2	EXO 31:6
ଅହଲୀୟାବର	1	1	1	2	EXO 35:34
ଅହଲୟ	1	1	1	1	1CH 2:31
ଅହଲୟର	1	1	1	1	1CH 11:41
ଅହସୀୟ	24	24	4	30	1KI 22:40
ଅହସୀୟଙ୍କ	2	2	1	4	2CH 20:35
ଅହସୀୟଙ୍କର	13	13	2	13	2KI 1:5
ଅହସୀୟଙ୍କୁ	2	2	2	3	2KI 9:23
ଅହସ୍ତକୃତ	3	3	3	3	MRK 14:58
ଅହସ୍ତନିର୍ମିତ	1	1	1	1	2CO 5:1
ଅହସ୍ତରିକି	1	1	1	0	1CH 4:6
ଅହସ୍ବୟର	1	1	1	1	2SA 23:34
ଅହସୟ	1	1	1	1	NEH 11:13
ଅହସୟର	1	1	1	1	NEH 11:13
ଅହହେଲର	1	1	1	1	1CH 4:8
ଅହି	2	2	1	2	1CH 5:15
ଅହିଂସକ	1	1	1	1	MAT 10:16
ଅହିତ	3	3	2	3	GEN 31:52
ଅହିତକର	2	2	2	2	1CO 11:17
ଅହୀକାମ	1	1	1	0	JER 26:24
ଅହୀକାମକୁ	1	1	1	0	2CH 34:20
ଅହୀକାମର	15	15	1	0	JER 39:14
ଅହୀକାମ୍	1	1	1	2	2KI 22:14
ଅହୀକାମ୍କୁ	1	1	1	2	2KI 22:12
ଅହୀକାମ୍ର	1	1	1	16	2KI 25:22
ଅହୀଟୂବ	1	1	1	1	EZR 7:3
ଅହୀଟୂବର	8	8	4	8	1SA 14:3
ଅହୀଟୂବ୍	4	4	2	4	1CH 6:8
ଅହୀଟୂବ୍କୁ	2	2	1	2	1CH 6:7
ଅହୀଟୂବ୍ର	2	2	2	2	1CH 9:11
ଅହୀତୋଫଲ	1	1	1	0	1CH 27:34
ଅହୀଥୋଫଲ	11	11	2	12	2SA 15:31
ଅହୀଥୋଫଲକୁ	2	2	1	2	2SA 15:12
ଅହୀଥୋଫଲର	6	6	1	6	2SA 15:31
ଅହୀନାଦବ୍	1	1	1	1	1KI 4:14
ଅହୀନୋୟମକୁ	1	1	1	1	1SA 25:43
ଅହୀନୋୟମଠାରୁ	2	2	2	2	2SA 3:2
ଅହୀନୋୟମ୍	4	4	2	4	1SA 14:50
ଅହୀମାନକୁ	1	1	1	1	JDG 1:10
ଅହୀମାନ୍	3	3	3	3	NUM 13:22
ଅହୀମାସର	1	1	1	1	1SA 14:50
ଅହୀମାସ୍	12	12	3	12	2SA 15:27
ଅହୀମାସ୍କୁ	1	1	1	1	1CH 6:8
ଅହୀମାସ୍ର	1	1	1	1	2SA 18:27
ଅହୀମେଲକର	1	1	1	1	PSA 52:1
ଅହୀମେଲକ୍	12	12	3	12	1SA 21:1
ଅହୀମେଲକ୍କୁ	2	2	1	2	1SA 21:8
ଅହୀମେଲକ୍ର	4	4	2	4	1SA 22:20
ଅହୀମୋତ୍	1	1	1	1	1CH 6:25
ଅହୀର	4	4	1	4	NUM 1:15
ଅହୀରର	1	1	1	1	NUM 7:83
ଅହୀରାମଠାରୁ	1	1	1	1	NUM 26:38
ଅହୀରାମୀୟ	1	1	1	1	NUM 26:38
ଅହୀଲୂଦର	5	5	3	5	2SA 8:16
ଅହୀଶହର	1	1	1	1	1CH 7:10
ଅହୀଶାର୍	1	1	1	1	1KI 4:6
ଅହୀଷାମକର	2	2	1	2	EXO 31:6
ଅହୀହୂଦକୁ	1	1	1	0	1CH 8:7
ଅହୀହୂଦ୍	1	1	1	1	NUM 34:27
ଅହୀୟ	17	17	5	17	1SA 14:3
ଅହୀୟକୁ	2	2	2	1	1SA 14:18
ଅହୀୟନ୍	1	1	1	1	1CH 7:19
ଅହୀୟର	6	6	3	6	1KI 14:4
ଅହୀୟାମ	1	1	1	2	2SA 23:33
ଅହୀୟାମ୍	1	1	1	0	1CH 11:35
ଅହୀୟେଷର	4	4	2	5	NUM 1:12
ଅହୀୟେଷରର	1	1	1	1	NUM 7:71
ଅହୀୟେସର	1	1	1	0	NUM 2:25
ଅହୀୟୋ	6	6	2	6	2SA 6:3
ଅହୁଷତ୍	1	1	1	1	GEN 26:26
ଅହୁଷମକୁ	1	1	1	1	1CH 4:6
ଅହୂମୟ	1	1	1	1	1CH 4:2
ଅହେରର	1	1	1	1	1CH 7:12
ଅହୋହୀୟ	5	5	2	5	2SA 23:9
ଅୟ	15	15	3	16	GEN 12:8
ଅୟକୁ	6	6	1	5	JOS 7:2
ଅୟର	16	16	4	16	GEN 13:3
ଅୟା	2	2	2	3	GEN 36:24
ଅୟାତକୁ	1	1	1	1	ISA 10:28
ଅୟାର	4	4	1	4	2SA 3:7
ଅୟାରେ	1	1	1	1	NEH 11:31
ଅୟାଲୋନ	3	3	3	3	JOS 21:24
ଅୟାଲୋନରେ	2	2	1	2	JDG 1:35
ଅୟାଲୋନ୍	4	4	3	4	JOS 19:42
ଅୟାଲୋନ୍ର	1	1	1	1	JOS 10:12
ଅୟୁତ	29	29	8	29	NUM 10:36
ଅୟୁତର	1	1	1	1	1SA 18:8
ଆ	2	2	2	2	1SA 17:44
ଆଂଫିପଲି	1	1	1	1	ACT 17:1
ଆଂଶିକ	2	2	2	5	1CO 13:10
ଆଂଶିକଭାବେ	3	3	1	0	1CO 13:9
ଆଃ	29	29	12	28	JDG 9:29
ଆଇନସଙ୍ଗତ	1	1	1	1	ACT 22:25
ଆଉ	5911	5911	66	5896	GEN 1:2
ଆଉଜି	4	4	4	4	JDG 16:29
ଆଉଜିପଡ଼ି	3	3	2	3	JHN 13:25
ଆଉଜିବ	1	1	1	1	JOB 8:15
ଆଉଜିବି	1	1	1	1	JDG 16:26
ଆଉଜିଲେ	3	3	3	3	2KI 18:21
ଆଉଣସେ	1	1	1	0	2KI 22:1
ଆକର	4	4	4	4	GEN 12:2
ଆକର୍ଷଣ	13	13	11	11	EXO 2:10
ଆକର୍ଷିତ	5	5	5	6	EXO 2:10
ଆକସ୍ମିକ	2	2	2	3	JOB 22:10
ଆକାଂକ୍ଷା	16	16	11	16	JOB 3:21
ଆକାଂକ୍ଷାରୁ	1	1	1	1	ACT 12:11
ଆକାଂକ୍ଷାରେ	1	1	1	2	PSA 119:131
ଆକାଙ୍	1	1	1	0	2SA 13:39
ଆକାର	9	9	9	9	EXO 25:9
ଆକାରର	1	1	1	1	1KI 6:25
ଆକାରରେ	2	2	2	2	1KI 7:37
ଆକାରାଦିର	1	1	1	1	EXO 25:9
ଆକାଶ	65	65	21	67	GEN 7:19
ଆକାଶ-ତଳରୁ	1	1	1	1	DEU 25:19
ଆକାଶ-ପକ୍ଷୀ	1	1	1	1	1SA 17:44
ଆକାଶ-ପକ୍ଷୀଗଣକୁ	2	2	2	1	1SA 17:46
ଆକାଶ-ପକ୍ଷୀଗଣର	1	1	1	0	JER 16:4
ଆକାଶ-ବାହିନୀର	1	1	1	0	ACT 7:42
ଆକାଶ-ମଣ୍ଡଳ	1	1	1	0	EPH 2:1
ଆକାଶ-ମଣ୍ଡଳର	2	2	2	0	MAT 24:29
ଆକାଶ-ମଣ୍ଡଳରେ	1	1	1	0	PSA 68:34
ଆକାଶ-ରାଣୀ	4	4	1	0	JER 44:17
ଆକାଶକୁ	11	11	8	11	GEN 15:5
ଆକାଶଗାମିନୀ	1	1	1	1	JER 8:7
ଆକାଶତଳେ	1	1	1	0	GEN 6:17
ଆକାଶମଣ୍ଡଳ	75	75	21	78	GEN 1:8
ଆକାଶମଣ୍ଡଳକୁ	10	10	8	10	2SA 22:10
ଆକାଶମଣ୍ଡଳର	27	27	10	28	GEN 1:9
ଆକାଶମଣ୍ଡଳରୁ	1	1	1	1	PSA 148:1
ଆକାଶମଣ୍ଡଳରେ	8	8	5	9	GEN 1:14
ଆକାଶମଣ୍ଡଳସ୍ଥ	2	2	2	4	JER 19:13
ଆକାଶର	71	71	23	75	GEN 26:4
ଆକାଶରୁ	52	52	19	53	GEN 8:2
ଆକାଶରେ	20	20	11	20	EXO 20:22
ଆକାଶସ୍ଥ	20	20	10	21	GEN 7:11
ଆକାଶୀୟ	2	2	2	1	DEU 17:3
ଆକୁଳ	1	1	1	1	2SA 13:2
ଆକୃତି	48	48	8	49	EXO 26:1
ଆକୃତିଠାରୁ	1	1	1	1	EZK 1:27
ଆକୃତିବିଶିଷ୍ଟ	3	3	2	3	EXO 26:31
ଆକୃତିଯୁକ୍ତ	1	1	1	1	ROM 1:23
ଆକୃତିସକଳ	1	1	1	1	EZK 40:22
ଆକୃତିସବୁ	1	1	1	1	ISA 10:33
ଆକ୍କବର	1	1	1	0	EZR 2:42
ଆକ୍ରମଣ	75	75	23	92	GEN 4:8
ଆକ୍ରମଣକାରୀମାନେ	1	1	1	1	MAT 11:12
ଆକ୍ରମଣାର୍ଥେ	1	1	1	1	2CH 13:13
ଆକ୍ରା	26	26	14	0	EXO 15:14
ଆକ୍ରାନ୍ତ	1	1	1	23	JOB 20:25
ଆକ୍ରୋଟ୍	1	1	1	1	SNG 6:11
ଆକ୍ଷରିକ	2	2	1	5	ROM 2:29
ଆକ୍ଷା	1	1	1	0	1CH 2:49
ଆକ୍ଷି	3	3	3	0	NUM 16:14
ଆକ୍ଷିଠାର	1	1	1	0	PSA 35:19
ଆକ୍ଷିରୁ	1	1	1	0	GEN 31:40
ଆକ୍ଷିରେ	2	2	1	0	PRO 6:13
ଆକ୍ୱିଲା	5	5	3	5	ACT 18:2
ଆକ୍ୱିଲାଙ୍କୁ	1	1	1	1	ROM 16:3
ଆଖନ	1	1	1	0	JOS 22:20
ଆଖନ୍	3	3	1	4	JOS 7:1
ଆଖନ୍କୁ	2	2	1	2	JOS 7:19
ଆଖର	1	1	1	1	1CH 2:7
ଆଖାତଠାରୁ	2	2	1	2	JOS 15:2
ଆଖାୟା	4	4	3	6	ACT 18:27
ଆଖାୟାର	4	4	4	3	ACT 18:12
ଆଖାୟାରେ	2	2	2	2	2CO 1:1
ଆଖାୟିକଙ୍କ	1	1	1	1	1CO 16:17
ଆଖି	21	21	8	23	PRO 20:12
ଆଖିମ	1	1	1	1	MAT 1:14
ଆଖିମଙ୍କୁ	1	1	1	1	MAT 1:14
ଆଖିରୁ	5	5	3	6	MAT 7:4
ଆଖିରେ	17	17	6	17	DEU 7:19
ଆଖୀଶ୍	16	16	2	16	1SA 21:10
ଆଖୀଶ୍କୁ	4	4	1	4	1SA 21:12
ଆଖୀଶ୍ର	1	1	1	1	1SA 21:11
ଆଖୋର	2	2	2	0	ISA 65:10
ଆଖୋର୍	3	3	1	5	JOS 7:24
ଆଖ୍ୟାତ	1	1	1	0	ACT 11:26
ଆଗ	3	3	2	4	PRO 22:3
ଆଗ-ଚଟୁଆ	1	1	1	1	DEU 18:3
ଆଗକୁ	28	28	15	30	GEN 50:18
ଆଗତ	51	51	23	49	GEN 18:21
ଆଗତା	3	3	2	2	GEN 24:43
ଆଗନ୍ତୁକ	1	1	1	1	2SA 12:4
ଆଗମନ	74	74	28	82	GEN 18:5
ଆଗମନକାରୀ	3	3	3	2	EXO 14:10
ଆଗମନକୁ	1	1	1	2	2TI 4:8
ଆଗମନର	8	8	7	17	1SA 23:20
ଆଗମନରେ	1	1	1	1	1CO 16:17
ଆଗରୁ	16	16	13	15	GEN 21:16
ଆଗରେ	104	104	32	118	GEN 15:10
ଆଗାଗଠାରୁ	1	1	1	1	NUM 24:7
ଆଗାଧ	1	1	1	1	MIC 7:19
ଆଗାବ	2	2	1	2	ACT 11:28
ଆଗାମୀ	18	18	13	22	GEN 17:21
ଆଗିର	1	1	1	1	2SA 23:11
ଆଗୁରର	1	1	1	2	PRO 30:1
ଆଗେ	161	161	27	159	GEN 32:3
ଆଗୋ	64	64	13	34	GEN 3:1
ଆଗୋଚର	1	1	1	0	HOS 5:3
ଆଗ୍ନେୟ-ଅଙ୍ଗାର	1	1	1	1	2SA 22:13
ଆଗ୍ରହ	6	6	3	9	GEN 33:11
ଆଗ୍ରହଭାବ	3	3	1	3	2CO 8:11
ଆଗ୍ରହରେ	2	2	2	4	JER 31:20
ଆଗ୍ରିପ୍ପା	11	11	1	11	ACT 25:13
ଆଘାତ	257	257	34	263	GEN 3:15
ଆଘାତକାରୀର	1	1	1	1	EZK 28:9
ଆଘାତପୂର୍ବକ	1	1	1	1	JOS 11:17
ଆଘାତର	3	3	3	3	GEN 4:23
ଆଘାତରେ	4	4	4	4	JER 14:17
ଆଘ୍ରାଣ	7	7	7	6	GEN 8:21
ଆଘ୍ରାଣର୍ଥେ	1	1	1	0	NUM 28:13
ଆଘ୍ରାଣାର୍ଥକ	3	3	3	3	LEV 8:21
ଆଘ୍ରାଣାର୍ଥେ	34	34	3	36	EXO 29:18
ଆଙ୍କଡ଼ା	12	12	1	0	EXO 26:37
ଆଙ୍କଡ଼ାସବୁ	1	1	1	0	EXO 26:32
ଆଙ୍କୁଡ଼ିମାନ	1	1	1	1	EZK 40:43
ଆଙ୍ଗୁଳି	3	3	2	4	LUK 11:46
ଆଚମ୍ବିତ	17	17	4	10	MAT 12:23
ଆଚରଣ	118	118	35	141	GEN 9:24
ଆଚରଣକାରୀ	1	1	1	1	2PE 3:3
ଆଚରଣକାରୀମାନଙ୍କଠାରୁ	1	1	1	1	2PE 2:18
ଆଚରଣର	7	7	4	8	PRO 14:14
ଆଚରଣରୂପ	1	1	1	1	2CH 17:3
ଆଚରଣରେ	8	8	8	8	PSA 119:1
ଆଚରଣସମସ୍ତ	1	1	1	0	1CO 4:17
ଆଚରଣାନୁସାରେ	4	4	1	4	EZK 7:3
ଆଚାର	12	12	3	16	LEV 20:23
ଆଚାରବ୍ୟବହାର	4	4	3	0	ACT 23:1
ଆଚାରବ୍ୟବହାରରୁ	1	1	1	0	1PE 1:18
ଆଚାରବ୍ୟବହାରରେ	1	1	1	1	HEB 13:5
ଆଚାରରେ	1	1	1	1	ISA 2:6
ଆଚାରୀ	1	1	1	1	1CO 6:9
ଆଚ୍ଛନ୍ନ	35	35	15	35	EXO 10:5
ଆଚ୍ଛା	6	6	5	6	GEN 37:20
ଆଚ୍ଛାଦକ	1	1	1	6	EXO 22:27
ଆଚ୍ଛାଦନ	99	99	20	114	GEN 9:23
ଆଚ୍ଛାଦନ-ବସ୍ତ୍ର	1	1	1	1	SNG 5:7
ଆଚ୍ଛାଦନକାରୀ	3	3	2	3	1CH 28:18
ଆଚ୍ଛାଦନବସ୍ତ୍ର	14	14	2	0	EXO 26:36
ଆଚ୍ଛାଦନର	4	4	2	4	EXO 35:12
ଆଚ୍ଛାଦନରେ	3	3	2	3	NUM 4:10
ଆଚ୍ଛାଦନାର୍ଥକ	3	3	2	3	EXO 26:7
ଆଚ୍ଛାଦନାର୍ଥେ	5	5	3	5	EXO 26:13
ଆଚ୍ଛାଦିତ	26	26	16	26	NUM 7:3
ଆଜ	4	4	3	3	GEN 19:34
ଆଜକୁ	1	1	1	1	EST 4:11
ଆଜି	351	351	37	388	GEN 4:14
ଆଜିକାର	3	3	2	3	JER 11:3
ଆଜିକାଲି	2	2	2	2	EXO 5:14
ଆଜିକି	2	2	2	2	LUK 24:21
ଆଜିଠାରୁ	16	16	10	17	DEU 11:2
ଆଜିଦିନ	3	3	2	2	1SA 17:46
ଆଜିଯାଏ	28	28	8	12	GEN 22:14
ଆଜିର	18	18	10	21	DEU 2:30
ଆଜିସରିକି	1	1	1	0	EZK 20:29
ଆଜ୍ଞା	746	746	50	734	GEN 2:16
ଆଜ୍ଞା-ନୁସାରେ	2	2	1	0	EXO 40:22
ଆଜ୍ଞା-ପଥରୁ	1	1	1	2	DEU 31:29
ଆଜ୍ଞା-ପଥରେ	1	1	1	2	PSA 119:35
ଆଜ୍ଞା-ପାଳନକାରୀମାନଙ୍କୁ	1	1	1	0	ACT 5:32
ଆଜ୍ଞାକାରୀ	3	3	3	5	1CH 29:23
ଆଜ୍ଞାକାରୀମାନଙ୍କ	1	1	1	1	HEB 5:9
ଆଜ୍ଞାକୁ	1	1	1	1	PRO 13:13
ଆଜ୍ଞାଗୁଡ଼ିକ	4	4	3	4	MRK 10:19
ଆଜ୍ଞାଟି	1	1	1	1	2JN 1:5
ଆଜ୍ଞାଦାତା	1	1	1	1	ISA 55:4
ଆଜ୍ଞାଧୀନ	1	1	1	1	1CH 28:21
ଆଜ୍ଞାନୁଯାୟୀ	1	1	1	1	2JN 1:4
ଆଜ୍ଞାନୁସାରେ	131	131	25	134	GEN 6:22
ଆଜ୍ଞାପତ୍ର	3	3	2	2	EST 4:8
ଆଜ୍ଞାପତ୍ରର	1	1	1	1	EST 8:13
ଆଜ୍ଞାପଥରୁ	2	2	1	1	PSA 119:10
ଆଜ୍ଞାପଥରେ	1	1	1	0	PSA 119:32
ଆଜ୍ଞାପଥସବୁ	1	1	1	0	PSA 119:27
ଆଜ୍ଞାପାଳନକାରୀ	1	1	1	1	PRO 19:16
ଆଜ୍ଞାପିତ	3	3	2	2	EXO 4:28
ଆଜ୍ଞାପ୍ରମାଣେ	4	4	4	0	EXO 7:10
ଆଜ୍ଞାବହ	26	26	14	28	EXO 24:7
ଆଜ୍ଞାବହତା	3	3	2	3	ROM 5:19
ଆଜ୍ଞାବହତାର	1	1	1	3	ROM 16:19
ଆଜ୍ଞାବହତାରେ	1	1	1	1	PHM 1:21
ଆଜ୍ଞାବାକ୍ୟର	1	1	1	1	EZR 7:11
ଆଜ୍ଞାଭାର	1	1	1	1	JOB 37:15
ଆଜ୍ଞାମତେ	1	1	1	1	DEU 12:21
ଆଜ୍ଞାମୂଳକ	1	1	1	1	EPH 2:15
ଆଜ୍ଞାର	12	12	7	12	NUM 20:24
ଆଜ୍ଞାରୁ	3	3	3	3	1KI 15:5
ଆଜ୍ଞାରେ	15	15	8	15	EXO 15:26
ଆଜ୍ଞାଲଂଘନ	1	1	1	1	1SA 2:24
ଆଜ୍ଞାଲଘଂନସବୁ	1	1	1	0	EZK 21:24
ଆଜ୍ଞାଲଙ୍ଘନ	12	12	8	3	EXO 34:7
ଆଜ୍ଞାଲଙ୍ଘନର	2	2	2	0	NUM 14:18
ଆଜ୍ଞାଲଙ୍ଘନସକଳ	1	1	1	0	MIC 1:13
ଆଜ୍ଞାସକଳ	6	6	4	6	LEV 26:15
ଆଜ୍ଞାସବୁ	29	29	13	29	NUM 2:34
ଆଜ୍ଞାସବୁରେ	1	1	1	1	PSA 112:1
ଆଜ୍ଞାସମୂହ	3	3	1	3	PSA 119:47
ଆଜ୍ଞାସମୂହକୁ	1	1	1	1	PSA 119:127
ଆଜ୍ଞାସମୂହରେ	1	1	1	1	PSA 119:66
ଆଞ୍ଚୁଡ଼ିଲେ	1	1	1	1	1SA 21:13
ଆଟଦର	2	2	1	2	GEN 50:10
ଆଟରର	4	4	2	0	EZR 2:16
ଆଟେର	1	1	1	1	NEH 10:17
ଆଠ	44	44	21	45	GEN 17:12
ଆଠଗୋଟି	2	2	1	2	EZK 40:34
ଆଠଜଣଙ୍କୁ	1	1	1	0	GEN 22:23
ଆଠଟି	1	1	1	1	EZK 40:31
ଆଠଶହ	7	7	1	7	GEN 5:4
ଆଠହଜାର	1	1	1	0	NUM 2:24
ଆଡ଼	2	2	2	2	JOS 15:19
ଆଡ଼କୁ	68	68	24	66	GEN 13:3
ଆଡ଼ମ୍ବରର	1	1	1	1	ISA 10:12
ଆଡ଼ମ୍ବରରେ	1	1	1	2	LUK 16:19
ଆଡ଼ର	2	2	2	2	1SA 20:41
ଆଡ଼ରୁ	1	1	1	1	ZEC 14:13
ଆଡ଼ୁ	18	18	11	18	JDG 14:4
ଆଡ଼େ	195	195	34	163	GEN 31:21
ଆଡ଼େଅଛି	1	1	1	0	2SA 14:1
ଆଡ଼େଦ	1	1	1	0	JOL 2:20
ଆଣ	103	103	31	106	GEN 15:9
ଆଣନ୍ତି	14	14	10	16	LEV 22:18
ଆଣନ୍ତୁ	5	5	4	6	NUM 8:8
ଆଣନ୍ତେ	8	8	7	8	GEN 27:14
ଆଣି	173	173	31	177	GEN 4:3
ଆଣିଅଛ	20	20	13	23	GEN 39:17
ଆଣିଅଛନ୍ତି	29	29	12	31	GEN 24:7
ଆଣିଅଛି	10	10	9	9	GEN 43:18
ଆଣିଅଛୁ	15	15	9	14	GEN 43:21
ଆଣିଛନ୍ତି	1	1	1	1	1SA 15:15
ଆଣିଥାଏ	1	1	1	3	1SA 2:19
ଆଣିଥିବ	1	1	1	1	1KI 1:42
ଆଣିଥିବା	2	2	2	4	GEN 30:14
ଆଣିଥିବାରୁ	1	1	1	1	1SA 30:16
ଆଣିଥିଲ	1	1	1	1	LUK 23:14
ଆଣିଥିଲା	8	8	5	9	GEN 27:33
ଆଣିଥିଲି	2	2	2	2	MAT 17:16
ଆଣିଥିଲୁ	3	3	2	3	JOS 9:12
ଆଣିଥିଲେ	10	10	8	11	GEN 43:2
ଆଣିଦିଅ	1	1	1	0	ISA 43:6
ଆଣିନାହଁ	1	1	1	0	LEV 23:14
ଆଣିବ	83	83	17	84	GEN 24:4
ଆଣିବା	199	199	33	201	GEN 27:5
ଆଣିବାକୁ	24	24	13	26	EXO 2:5
ଆଣିବାର	4	4	2	4	NEH 13:15
ଆଣିବାରୁ	2	2	2	2	EXO 36:6
ଆଣିବି	9	9	8	9	GEN 27:12
ଆଣିବୁ	1	1	1	1	JOS 8:6
ଆଣିବେ	44	44	17	46	EXO 13:5
ଆଣିଲ	19	19	11	16	EXO 14:11
ଆଣିଲା	44	44	17	45	GEN 19:17
ଆଣିଲି	5	5	4	5	GEN 31:39
ଆଣିଲୁ	20	20	11	20	GEN 44:8
ଆଣିଲେ	275	275	31	276	GEN 2:19
ଆଣୁ	6	6	6	6	GEN 42:16
ଆଣୁଅଛ	5	5	4	5	NEH 13:18
ଆଣୁଅଛନ୍ତି	5	5	4	5	EXO 36:5
ଆଣୁଅଛି	4	4	3	4	GEN 19:8
ଆଣୁଅଛୁ	3	3	3	2	NEH 5:5
ଆଣୁଥାଏ	1	1	1	1	GEN 37:2
ଆଣୁଥିବା	2	2	1	3	MAT 5:23
ଆଣୁଥିଲେ	1	1	1	1	LUK 7:12
ଆଣେ	13	13	6	18	GEN 42:37
ଆଣେନ୍ତ	1	1	1	0	PRO 13:13
ଆଣ୍ଗର୍ଯ୍ୟ	1	1	1	0	REV 13:14
ଆଣ୍ଟ	1	1	1	0	ECC 8:3
ଆଣ୍ଠୁ	20	20	13	24	JDG 7:5
ଆଣ୍ଠୁକୁ	2	2	2	2	JOB 4:4
ଆଣ୍ଠୁପାତ	2	2	1	0	GEN 41:43
ଆଣ୍ଠୁପାତି	1	1	1	7	DAN 6:10
ଆଣ୍ଠୁରେ	3	3	3	3	JDG 16:19
ଆଣ୍ଠୋଇ	2	2	2	2	GEN 24:11
ଆଣ୍ଠୋଇପଡ଼ି	2	2	2	2	MAT 17:14
ଆତିଥ୍ୟ	7	7	6	9	LUK 10:38
ଆତିଥ୍ୟ-ସତ୍କାରରେ	1	1	1	0	ROM 12:13
ଆତିଥ୍ୟକାରୀ	1	1	1	1	ROM 16:23
ଆତିଥ୍ୟପ୍ରିୟ	2	2	2	1	1TI 3:2
ଆତିଥ୍ୟସତ୍କାର	3	3	3	3	ACT 28:7
ଆତ୍ତାଲିଆକୁ	1	1	1	1	ACT 14:25
ଆତ୍ମ	1	1	1	0	EPH 5:33
ଆତ୍ମ-ପକ୍ଷସମର୍ଥନ	2	2	1	0	ACT 25:16
ଆତ୍ମ-ପ୍ରତିକାର	2	2	1	2	1SA 25:26
ଆତ୍ମ-ପ୍ରତିକାରରୁ	1	1	1	1	1SA 25:33
ଆତ୍ମଗର୍ବୀ	1	1	1	1	2TI 3:2
ଆତ୍ମଗୋପନକାରୀ	1	1	1	1	ISA 45:15
ଆତ୍ମତୁଲ୍ୟ	10	10	7	12	LEV 19:18
ଆତ୍ମତୃପ୍ତି	1	1	1	1	PRO 1:32
ଆତ୍ମନିର୍ଭରଶୀଳ	1	1	1	1	LUK 18:9
ଆତ୍ମପକ୍ଷ	2	2	2	3	ACT 22:1
ଆତ୍ମପକ୍ଷସମର୍ଥନ	1	1	1	0	ACT 26:24
ଆତ୍ମପ୍ରଶଂସା	3	3	1	3	2CO 3:1
ଆତ୍ମପ୍ରଶଂସାର	1	1	1	1	EZK 16:56
ଆତ୍ମପ୍ରଶଂସୀଠାରୁ	1	1	1	1	PRO 12:9
ଆତ୍ମପ୍ରିୟ	1	1	1	1	2TI 3:2
ଆତ୍ମବଡ଼ାଇ	1	1	1	0	DAN 8:25
ଆତ୍ମବଡ଼ିମା	1	1	1	1	1CO 13:4
ଆତ୍ମସଂଯମ	2	2	2	2	ACT 24:25
ଆତ୍ମସଂଯମୀ	3	3	1	0	TIT 2:2
ଆତ୍ମସାତ୍	2	2	2	2	1KI 21:19
ଆତ୍ମହତ୍ୟା	1	1	1	1	JHN 8:22
ଆତ୍ମା	318	318	44	324	GEN 1:2
ଆତ୍ମାକୁ	24	24	14	24	JOB 10:12
ଆତ୍ମାଗଣ	1	1	1	1	HEB 12:23
ଆତ୍ମାଗଣର	1	1	1	1	NUM 27:16
ଆତ୍ମାଗୁଡ଼ାକ	5	5	3	4	MRK 3:11
ଆତ୍ମାଙ୍କ	84	84	21	101	1CH 28:12
ଆତ୍ମାଙ୍କଠାରୁ	3	3	3	3	JHN 3:8
ଆତ୍ମାଙ୍କଠାରେ	3	3	3	3	LUK 10:21
ଆତ୍ମାଙ୍କର	4	4	3	5	ACT 2:38
ଆତ୍ମାଙ୍କୁ	20	20	13	21	ISA 63:10
ଆତ୍ମାଟା	1	1	1	0	MRK 1:26
ଆତ୍ମାଠାରୁ	1	1	1	1	PSA 139:7
ଆତ୍ମାଦାତା	1	1	1	1	ECC 12:7
ଆତ୍ମାପ୍ରାପ୍ତ	1	1	1	1	HOS 9:7
ଆତ୍ମାବିଷ୍ଟ	4	4	2	4	MRK 1:23
ଆତ୍ମାବିହୀନ	1	1	1	1	JUD 1:19
ଆତ୍ମାଭଙ୍ଗ	1	1	1	0	PRO 15:4
ଆତ୍ମାମାନଙ୍କ	4	4	4	4	MRK 6:7
ଆତ୍ମାମାନଙ୍କଠାରୁ	1	1	1	0	LUK 7:21
ଆତ୍ମାମାନଙ୍କର	1	1	1	1	REV 18:2
ଆତ୍ମାମାନଙ୍କୁ	5	5	4	5	PRO 16:2
ଆତ୍ମାମାନେ	3	3	3	3	LUK 10:20
ଆତ୍ମାର	24	24	16	22	NUM 16:22
ଆତ୍ମାରୁ	3	3	2	3	JHN 3:5
ଆତ୍ମାରେ	59	59	22	59	EXO 28:3
ଆତ୍ମାସମୂହର	1	1	1	1	REV 22:6
ଆତ୍ମିକ	24	24	8	37	ROM 1:11
ଆତ୍ମିକମନା	3	3	2	3	ROM 8:5
ଆତ୍ମୀୟ	12	12	9	10	2KI 10:11
ଆତ୍ମୀୟକୁ	1	1	1	1	2SA 12:11
ଆତ୍ମୀୟତା	1	1	1	1	1KI 3:1
ଆତ୍ମୀୟମାନଙ୍କ	3	3	3	2	MRK 5:19
ଆତ୍ମୀୟମାନେ	2	2	2	1	MRK 3:21
ଆତ୍ମୀୟା	2	2	2	2	NUM 25:18
ଆତ୍ସଲ	1	1	1	0	ZEC 14:5
ଆତ୍ସେଲ	2	2	1	3	1CH 8:37
ଆତ୍ସେଲର	3	3	1	3	1CH 8:38
ଆତ୍ସେଲ୍ର	1	1	1	1	1CH 9:44
ଆଥୀନୀରୁ	1	1	1	0	ACT 18:1
ଆଥୀନୀରେ	2	2	2	0	ACT 17:16
ଆଥୀନୀୟ	2	2	1	0	ACT 17:21
ଆଦମ	23	23	7	25	GEN 2:19
ଆଦମଙ୍କ	3	3	3	5	GEN 2:22
ଆଦମଙ୍କଠାରୁ	3	3	3	4	GEN 2:22
ଆଦମଙ୍କର	2	2	1	3	GEN 5:1
ଆଦମଙ୍କୁ	4	4	1	4	GEN 2:21
ଆଦମର	1	1	1	1	HOS 6:7
ଆଦମ୍	1	1	1	0	JOS 3:16
ଆଦର	13	13	8	13	JOB 34:27
ଆଦରଣୀୟ	7	7	5	7	EXO 15:11
ଆଦରଣୀୟତା	1	1	1	1	PSA 145:5
ଆଦରହୀନ	2	2	1	2	1CO 12:23
ଆଦର୍ଶ	18	18	15	25	EXO 25:9
ଆଦା	4	4	1	4	GEN 4:19
ଆଦାକୁ	1	1	1	1	GEN 36:2
ଆଦାମା	1	1	1	1	JOS 19:36
ଆଦାର	3	3	1	3	GEN 4:20
ଆଦାୟ	12	12	5	15	DEU 15:2
ଆଦି	22	22	10	26	GEN 8:17
ଆଦିକର୍ତ୍ତା	1	1	1	2	REV 3:14
ଆଦିକାଳରୁ	1	1	1	1	JER 17:12
ଆଦିକାଳୀନ	1	1	1	1	PSA 68:33
ଆଦିଠାରୁ	1	1	1	1	ISA 46:10
ଆଦିପିତା	3	3	1	3	GEN 17:5
ଆଦିପୁରୁଷ	8	8	2	8	GEN 4:20
ଆଦିମ	1	1	1	0	ACT 21:16
ଆଦିମାତା	2	2	2	1	GEN 17:16
ଆଦିଷ୍ଟ	6	6	5	4	EXO 19:7
ଆଦୀନ	1	1	1	1	NEH 10:16
ଆଦୀନର	3	3	2	3	EZR 2:15
ଆଦେଶ	77	77	30	109	GEN 49:29
ଆଦେଶକ୍ରମେ	1	1	1	1	2CO 2:17
ଆଦେଶରେ	2	2	2	2	1KI 11:38
ଆଦେଶାନୁଯାୟୀ	1	1	1	0	ACT 7:44
ଆଦେଶାନୁସାରେ	4	4	4	4	JOS 4:10
ଆଦୌ	6	6	3	7	MAT 5:34
ଆଦ୍ରାମୁତ୍ତୀୟ	1	1	1	1	ACT 27:2
ଆଦ୍ରିଆ	1	1	1	1	ACT 27:27
ଆଦ୍ୟ	27	27	11	22	2CH 9:29
ଆଦ୍ୟକାଳଠାରୁ	1	1	1	1	PRO 8:23
ଆଦ୍ୟକାଳରୁ	1	1	1	1	ISA 40:21
ଆଦ୍ୟନ୍ତସକଳ	1	1	1	1	2CH 28:26
ଆଦ୍ୟନ୍ତସ୍ଥିତ	1	1	1	1	ISA 52:10
ଆଦ୍ୟପକ୍ୱ	1	1	1	4	HOS 9:10
ଆଦ୍ୟପ୍ରା	1	1	1	0	ACT 11:4
ଆଦ୍ୟବୃଷ୍ଟି	1	1	1	1	DEU 11:14
ଆଦ୍ୟର	1	1	1	1	ISA 41:22
ଆଦ୍ୟରୁ	15	15	8	14	PSA 102:25
ଆଦ୍ୟରେ	5	5	4	4	GEN 1:1
ଆଧାର	1	1	1	5	1KI 6:6
ଆଧାର-ସିନ୍ଦୁକ	2	2	2	2	1KI 8:21
ଆଧାରରେ	3	3	1	3	EXO 28:14
ଆଧିକ୍ୟ	1	1	1	1	LEV 25:16
ଆଧିକ୍ୟରେ	1	1	1	0	PRO 5:23
ଆଧିପତ୍ୟ	6	6	3	8	DAN 2:44
ଆଧ୍ୟାତ୍ମିକ	2	2	2	3	EPH 5:19
ଆନ	5	5	4	0	EXO 32:27
ଆନନ୍ଦ	292	292	48	307	GEN 18:12
ଆନନ୍ଦ-ଗୃହ	1	1	1	1	ISA 32:13
ଆନନ୍ଦ-ଗୃହରେ	1	1	1	0	ECC 7:4
ଆନନ୍ଦ-ଦାୟୀ	1	1	1	0	JER 31:20
ଆନନ୍ଦ-ଦିନରେ	1	1	1	1	NUM 10:10
ଆନନ୍ଦ-ନଦୀର	1	1	1	1	PSA 36:8
ଆନନ୍ଦ-ସ୍ୱର	1	1	1	1	PSA 137:3
ଆନନ୍ଦ-ସ୍ୱରରେ	1	1	1	0	PSA 47:1
ଆନନ୍ଦକାରୀମାନଙ୍କ	1	1	1	1	JER 31:4
ଆନନ୍ଦକାରୀମାନଙ୍କର	1	1	1	1	JER 30:19
ଆନନ୍ଦଗାନ	2	2	2	2	PSA 98:8
ଆନନ୍ଦଗାନର	1	1	1	1	ISA 43:14
ଆନନ୍ଦଜନକ	11	11	5	11	PSA 19:8
ଆନନ୍ଦଦାୟକ	1	1	1	1	TIT 2:13
ଆନନ୍ଦଦାୟୀ	1	1	1	2	PRO 8:30
ଆନନ୍ଦଧ୍ୱନି	19	19	6	17	1SA 18:6
ଆନନ୍ଦଧ୍ୱନିର	1	1	1	0	EZR 3:13
ଆନନ୍ଦଧ୍ୱନିରେ	1	1	1	1	JOB 8:21
ଆନନ୍ଦପୂର୍ବକ	2	2	2	2	2SA 6:12
ଆନନ୍ଦମୟ	1	1	1	1	PSA 65:8
ଆନନ୍ଦମୟୀ	1	1	1	1	PSA 113:9
ଆନନ୍ଦର	16	16	11	17	EST 9:18
ଆନନ୍ଦରୂପ	4	4	2	4	PSA 30:12
ଆନନ୍ଦରେ	56	56	25	59	DEU 28:47
ଆନନ୍ଦିତ	85	85	31	91	DEU 16:15
ଆନନ୍ଦିନୀ	1	1	1	1	GEN 30:13
ଆନର	1	1	1	0	RUT 1:4
ଆନୀତ	25	25	10	25	GEN 27:25
ଆନୀମ୍	1	1	1	1	JOS 15:50
ଆନୂବକୁ	1	1	1	1	1CH 4:8
ଆନେମ୍	1	1	1	1	1CH 6:73
ଆନେର	1	1	1	0	GEN 14:24
ଆନେରର	1	1	1	1	GEN 14:13
ଆନେର୍	1	1	1	2	1CH 6:70
ଆନ୍ତରିକ	10	10	5	13	PSA 7:8
ଆନ୍ତିପା	1	1	1	1	REV 2:13
ଆନ୍ତିପାତ୍ରିକୁ	1	1	1	1	ACT 23:31
ଆନ୍ତିୟଖିଆ	5	5	2	7	ACT 11:19
ଆନ୍ତିୟଖିଆକୁ	9	9	2	10	ACT 11:20
ଆନ୍ତିୟଖିଆର	1	1	1	2	ACT 6:5
ଆନ୍ତିୟଖିଆରେ	3	3	1	4	ACT 11:26
ଆନ୍ତିୟଖିଆସ୍ଥିତ	1	1	1	1	ACT 13:1
ଆନ୍ଦୋଳନ	5	5	3	4	ISA 33:18
ଆନ୍ଦ୍ରନିକ	1	1	1	1	ROM 16:7
ଆନ୍ଦ୍ରିୟ	5	5	3	5	MAT 4:18
ଆନ୍ଦ୍ରିୟଙ୍କ	1	1	1	0	MRK 1:29
ଆନ୍ଦ୍ରିୟଙ୍କୁ	1	1	1	1	MRK 1:16
ଆନ୍ଦ୍ରୀୟ	5	5	2	5	JHN 1:40
ଆନ୍ଦ୍ରୀୟଙ୍କୁ	1	1	1	1	JHN 12:22
ଆନୟନକାରୀ	1	1	1	1	GEN 39:1
ଆପଣ	301	301	23	308	GEN 18:23
ଆପଣ-ମାନଙ୍କ	3	3	1	0	ACT 4:11
ଆପଣ-ମାନଙ୍କର	1	1	1	0	ACT 7:52
ଆପଣ-ମାନେ	1	1	1	0	ACT 16:15
ଆପଣଙ୍କ	402	402	24	406	GEN 23:6
ଆପଣଙ୍କଠାରୁ	12	12	7	12	GEN 18:25
ଆପଣଙ୍କଠାରେ	3	3	3	3	1SA 25:28
ଆପଣଙ୍କର	63	63	19	62	GEN 27:38
ଆପଣଙ୍କୁ	97	97	17	98	GEN 23:11
ଆପଣମାନଙ୍କ	44	44	7	45	GEN 19:2
ଆପଣମାନଙ୍କର	18	18	6	19	GEN 23:8
ଆପଣମାନଙ୍କୁ	13	13	4	13	2CH 12:7
ଆପଣମାନେ	71	71	8	72	GEN 18:4
ଆପଣହିଁ	1	1	1	0	REV 7:14
ଆପଣା	7219	7219	64	7133	GEN 1:26
ଆପଣା-ମାନଙ୍କ	15	15	13	0	EXO 40:36
ଆପଣା-ମାନଙ୍କଠାରୁ	1	1	1	0	EZK 18:31
ଆପଣା-ମାନଙ୍କର	11	11	5	0	NUM 18:12
ଆପଣା-ମାନଙ୍କୁ	9	9	9	0	EXO 30:20
ଆପଣାକୁ	346	346	50	337	GEN 24:65
ଆପଣାଠାରୁ	15	15	12	15	GEN 30:1
ଆପଣାଠାରେ	4	4	4	3	MRK 9:50
ଆପଣାମାନଙ୍କ	395	395	36	402	GEN 9:23
ଆପଣାମାନଙ୍କଠାରୁ	1	1	1	2	DEU 11:23
ଆପଣାମାନଙ୍କଠାରେ	1	1	1	0	EPH 4:18
ଆପଣାମାନଙ୍କର	138	138	25	147	GEN 40:1
ଆପଣାମାନଙ୍କୁ	152	152	30	159	GEN 35:2
ଆପଣାର	504	504	56	505	GEN 2:2
ଆପଣାରୁ	4	4	2	2	PRO 14:14
ଆପତ୍ତି	1	1	1	1	ACT 10:29
ଆପଦ	5	5	4	5	EXO 21:22
ଆପଦକୁ	1	1	1	1	PSA 23:4
ଆପଦଗ୍ରସ୍ତ	1	1	1	1	ECC 10:9
ଆପଦଜନକ	1	1	1	1	GEN 47:9
ଆପଦରହିତ	1	1	1	1	PSA 119:117
ଆପଦରୁ	1	1	1	1	GEN 48:16
ଆପଦରେ	3	3	1	3	PRO 13:17
ଆପଲ୍ଲ	5	5	2	6	ACT 18:24
ଆପଲ୍ଲଙ୍କ	1	1	1	1	1CO 16:12
ଆପଲ୍ଲଙ୍କର	2	2	1	2	1CO 1:12
ଆପଲ୍ଲଙ୍କୁ	2	2	2	2	1CO 4:6
ଆପଲ୍ଲୋନିଆ	1	1	1	1	ACT 17:1
ଆପେ	115	115	34	110	GEN 22:8
ଆପେଲ୍ଲାଙ୍କୁ	1	1	1	1	ROM 16:10
ଆପ୍ପିୟା	1	1	1	2	PHM 1:2
ଆପ୍ପୀୟଙ୍କ	1	1	1	1	ACT 28:15
ଆବଦ୍ଧ	35	35	15	34	NUM 30:2
ଆବନର୍	1	1	1	0	AMO 1:5
ଆବରକ	4	4	3	4	GEN 38:14
ଆବରଣ	13	13	9	13	GEN 20:16
ଆବରଣ-ବସ୍ତ୍ର	1	1	1	1	JOB 29:14
ଆବରଣର	1	1	1	1	2CO 3:14
ଆବରଣରେ	1	1	1	1	2CO 3:15
ଆବରଣୀ	2	2	1	2	EZK 13:18
ଆବରଣୀୟ	33	33	4	34	LEV 18:6
ଆବରଣୀୟର	1	1	1	1	1SA 20:30
ଆବର୍ଜନା	1	1	1	2	1CO 4:13
ଆବର୍ଜ୍ଜନା	1	1	1	0	PHP 3:8
ଆବଶ୍ୟକ	51	51	20	74	GEN 31:30
ଆବଶ୍ୟକତା	1	1	1	10	1CO 7:37
ଆବଶ୍ୟକତାନୁସାରେ	1	1	1	0	EPH 4:29
ଆବଶ୍ୟକୀୟ	2	2	2	3	ACT 15:28
ଆବାଳବୃଦ୍ଧ	1	1	1	1	ISA 20:4
ଆବାଳବୃଦ୍ଧଲୋକ	1	1	1	0	LAM 2:21
ଆବାସ	65	65	13	70	EXO 26:1
ଆବାସ-ଉପରୁ	1	1	1	1	EXO 40:36
ଆବାସ-ଚତୁର୍ଦ୍ଦିଗରୁ	2	2	1	2	NUM 16:24
ଆବାସ-ତମ୍ବୁ	1	1	1	1	LAM 2:6
ଆବାସ-ଦ୍ୱାର	1	1	1	1	EXO 40:29
ଆବାସ-ଦ୍ୱାରର	1	1	1	1	EXO 40:5
ଆବାସ-ଦ୍ୱାରରେ	1	1	1	1	EXO 40:28
ଆବାସ-ପ୍ରବେଶଦ୍ୱାରର	1	1	1	0	EXO 35:15
ଆବାସ-ସମ୍ମୁଖସ୍ଥିତ	1	1	1	1	JOS 22:29
ଆବାସ-ସ୍ଥାପନ	1	1	1	1	NUM 7:1
ଆବାସକୁ	6	6	4	6	EXO 40:34
ଆବାସର	51	51	5	55	EXO 25:9
ଆବାସରୁ	2	2	2	2	1CH 17:5
ଆବାସରେ	7	7	3	7	1SA 2:29
ଆବାସସ୍ଥଳ	1	1	1	1	2PE 3:13
ଆବିର୍ଭାବ	1	1	1	0	2TI 1:10
ଆବିଷ୍କାର	1	1	1	1	GEN 36:24
ଆବିଷ୍ଟ	7	7	4	4	NUM 5:14
ଆବୀଟୂବ	1	1	1	1	1CH 8:11
ଆବୀବ୍	6	6	2	6	EXO 13:4
ଆବୁଆ	1	1	1	1	LEV 22:22
ଆବୃତ	12	12	8	12	EXO 21:33
ଆବେଦନ	4	4	1	5	ACT 24:1
ଆବେନ	1	1	1	1	EZK 30:17
ଆବେନର	1	1	1	1	HOS 10:8
ଆବେଲ	2	2	2	1	GEN 50:11
ଆବେଲମହୋଲାର	1	1	1	0	JDG 7:22
ଆବେଲ୍	1	1	1	1	2SA 20:14
ଆବେଲ୍-ବୈଥ୍-ମାଖା	1	1	1	0	1KI 15:20
ଆବେଲ୍-ବୈଥ୍ମାଖା	1	1	1	0	2KI 15:29
ଆବେଲ୍ମ-ହୋଲା	1	1	1	0	1KI 4:12
ଆବେଲ୍ମହୋଲା	1	1	1	0	1KI 19:16
ଆବେଲ୍ମୟିମ୍	1	1	1	0	2CH 16:4
ଆବେଲ୍ରେ	2	2	1	2	2SA 20:15
ଆବେଶରେ	1	1	1	0	MAT 22:43
ଆବୋରି	1	1	1	1	DEU 33:12
ଆବୋରିବ	1	1	1	1	LUK 1:35
ଆବୋରିବେ	1	1	1	1	PSA 91:4
ଆବୋରିଲେ	1	1	1	1	DEU 32:10
ଆବ୍ବା	3	3	3	3	MRK 14:36
ଆବ୍ରୋଣାରୁ	1	1	1	1	NUM 33:35
ଆବ୍ରୋଣାରେ	1	1	1	1	NUM 33:34
ଆଭରଣ	7	7	5	7	GEN 24:53
ଆଭା	15	15	3	15	JOB 37:22
ଆଭାବିଶିଷ୍ଟ	1	1	1	1	EZK 1:22
ଆଭ୍ୟନ୍ତର	1	1	1	1	EZK 28:16
ଆମ	5	5	3	6	2SA 18:3
ଆମକୁ	1	1	1	1	MAT 25:8
ଆମର	2	2	2	6	GEN 9:15
ଆମଲ	1	1	1	1	1CH 7:35
ଆମାଶୟ	1	1	1	0	ACT 28:8
ଆମୀର	1	1	1	1	EZR 2:57
ଆମେ	6	6	5	7	JER 16:21
ଆମେନ୍	54	54	19	58	NUM 5:22
ଆମୋ	1	1	1	0	1CH 17:9
ଆମୋକ	1	1	1	1	NEH 12:7
ଆମୋକ-ବଂଶର	1	1	1	1	NEH 12:21
ଆମୋଦ	16	16	9	19	2SA 6:21
ଆମୋଦ-ପ୍ରମୋଦ	2	2	2	1	1KI 4:20
ଆମୋଦଜନକ	1	1	1	1	ZEC 8:19
ଆମୋଦପ୍ରମୋଦ	2	2	2	0	ISA 22:13
ଆମୋଦପ୍ରମୋଦକାରୀମାନଙ୍କ	1	1	1	1	JER 15:17
ଆମୋଦପ୍ରମୋଦର	1	1	1	1	JER 16:9
ଆମୋଦର	2	2	1	2	JER 7:34
ଆମୋନ	2	2	2	1	2CH 18:25
ଆମୋନଙ୍କ	1	1	1	0	ZEP 1:1
ଆମୋନଙ୍କୁ	1	1	1	1	MAT 1:10
ଆମୋନର	4	4	3	0	1KI 22:26
ଆମୋନ୍	9	9	2	13	2KI 21:18
ଆମୋନ୍ଙ୍କର	2	2	1	2	2KI 21:23
ଆମୋଷ	6	6	1	13	AMO 1:1
ଆମୋଷଙ୍କୁ	1	1	1	2	AMO 7:12
ଆମୋସ	1	1	1	1	LUK 3:25
ଆମୋସଙ୍କ	4	4	2	4	ISA 37:2
ଆମୋସର	10	10	3	10	2KI 19:2
ଆମ୍ପ୍ଳିୟାତାଙ୍କୁ	1	1	1	1	ROM 16:8
ଆମ୍ଭ	925	925	41	921	GEN 4:10
ଆମ୍ଭ-ମାନଙ୍କ	1	1	1	0	LUK 24:29
ଆମ୍ଭ-ମାନଙ୍କୁ	1	1	1	0	JHN 2:18
ଆମ୍ଭକୁ	159	159	31	158	GEN 12:19
ଆମ୍ଭକୃତ	1	1	1	0	EZK 16:60
ଆମ୍ଭଙ୍କୁ	37	37	11	37	GEN 14:21
ଆମ୍ଭଠାରୁ	25	25	13	25	GEN 44:17
ଆମ୍ଭଠାରେ	10	10	5	10	NUM 14:11
ଆମ୍ଭମାନଙ୍କ	1287	1287	58	1306	GEN 3:22
ଆମ୍ଭମାନଙ୍କ-ଠାରୁ	3	3	3	0	EXO 1:9
ଆମ୍ଭମାନଙ୍କ-ଠାରେ	1	1	1	0	1JN 4:12
ଆମ୍ଭମାନଙ୍କଠାରୁ	17	17	12	20	GEN 26:16
ଆମ୍ଭମାନଙ୍କଠାରେ	12	12	8	13	NUM 14:8
ଆମ୍ଭମାନଙ୍କର	418	418	49	418	GEN 5:29
ଆମ୍ଭମାନଙ୍କୁ	519	519	51	538	GEN 19:13
ଆମ୍ଭମାନଙ୍କୁକହିଲେ	1	1	1	0	GEN 44:27
ଆମ୍ଭମାନଙ୍କୁଣ	1	1	1	0	LAM 5:16
ଆମ୍ଭର	891	891	42	884	GEN 6:3
ଆମ୍ଭେ	3238	3238	46	3225	GEN 1:29
ଆମ୍ଭେମାନେ	1584	1584	59	1595	GEN 1:26
ଆର	18	18	10	14	GEN 19:34
ଆରଟିକି	1	1	1	0	JDG 16:29
ଆରଦିନ	18	18	11	21	GEN 19:15
ଆରନଗର	1	1	1	0	ISA 15:1
ଆରପାଖ	2	2	1	3	LUK 10:31
ଆରପାଖକୁ	1	1	1	2	JHN 18:1
ଆରପାରିକି	4	4	4	2	MAT 8:18
ଆରବ	2	2	2	3	ISA 21:13
ଆରବକୁ	1	1	1	0	GAL 1:17
ଆରବର	2	2	2	1	ISA 21:13
ଆରବରେ	1	1	1	1	GAL 4:25
ଆରବା	2	2	2	3	2KI 25:4
ଆରବା-ପଥ	1	1	1	0	JER 52:7
ଆରବୀୟ	6	6	5	7	2CH 9:14
ଆରବୀୟମାନଙ୍କ	3	3	1	3	2CH 21:16
ଆରବୀୟମାନେ	2	2	2	2	2CH 17:11
ଆରବ୍ବାକୁ	1	1	1	1	EZK 47:8
ଆରମ୍ଭ	148	148	32	171	GEN 7:10
ଆରମ୍ଭଠାରୁ	1	1	1	1	JOB 38:13
ଆରମ୍ଭମାତ୍ର	2	2	2	2	MAT 24:8
ଆରମ୍ଭରୁ	11	11	6	16	DEU 11:12
ଆରମ୍ଭରେ	15	15	12	15	NUM 10:10
ଆରମ୍ଭାବଧି	2	2	2	1	2SA 21:10
ଆରର	1	1	1	1	NUM 21:15
ଆରହ	1	1	1	1	1CH 7:39
ଆରହର	2	2	2	3	EZR 2:5
ଆରାଧନା	9	9	6	12	GEN 22:5
ଆରାବା	3	3	3	4	2KI 14:25
ଆରାମ	5	5	4	8	1KI 13:7
ଆରାମକାରୀ	2	2	1	2	SNG 4:1
ଆରାମପ୍ରାପ୍ତ	1	1	1	0	ROM 15:32
ଆରାମରେ	3	3	1	3	JOB 3:18
ଆରାମୀୟମାନଙ୍କ	1	1	1	0	1KI 22:35
ଆରାମ୍-ନହରୟିମସ୍ଥ	1	1	1	0	DEU 23:4
ଆରାର	1	1	1	0	NEH 6:18
ଆରାରାଟ	1	1	1	0	2KI 19:37
ଆରାରାଟ୍	1	1	1	4	GEN 8:4
ଆରିସ୍ତବୂଲଙ୍କ	1	1	1	1	ROM 16:10
ଆରିସ୍ତାର୍ଖ	4	4	3	4	ACT 20:4
ଆରିସ୍ତାର୍ଖଙ୍କୁ	1	1	1	1	ACT 19:29
ଆରୁଦ	1	1	1	1	LUK 11:42
ଆରୂଢ଼	1	1	1	0	2CH 21:4
ଆରେ	12	12	7	11	1SA 20:30
ଆରେକ	6	6	6	7	GEN 42:1
ଆରେକକୁ	3	3	3	2	GEN 37:19
ଆରେକଠାରୁ	1	1	1	1	NEH 4:19
ଆରେକର	4	4	4	3	JOB 41:16
ଆରୋଗ୍ୟ	19	19	10	17	LEV 13:37
ଆରୋଗ୍ୟକାରକ	1	1	1	1	REV 22:2
ଆରୋଗ୍ୟକାରୀ	1	1	1	1	EXO 15:26
ଆରୋଗ୍ୟଦାୟକ	1	1	1	1	MAL 4:2
ଆରୋଗ୍ୟର	1	1	1	1	ACT 4:22
ଆରୋଗ୍ୟାର୍ଥେ	1	1	1	1	EZK 47:12
ଆରୋପ	6	6	3	7	DEU 22:14
ଆରୋହଣ	61	61	20	61	GEN 28:12
ଆରୋହଣ-ଗୀତ	10	10	1	10	PSA 123:1
ଆରୋହଣର	1	1	1	1	EST 6:8
ଆରୋହୀ	1	1	1	3	1SA 24:22
ଆରୋହୀକି	1	1	1	0	HOS 10:11
ଆରୋହୀକୁ	1	1	1	3	REV 6:4
ଆରୋହୀଙ୍କ	2	2	1	2	REV 6:2
ଆରୋହୀମାନଙ୍କୁ	1	1	1	1	REV 9:17
ଆରୋହୀର	2	2	1	1	REV 6:5
ଆର୍ଖିପ୍ପ	1	1	1	2	PHM 1:2
ଆର୍ଖିପ୍ପଙ୍କୁ	1	1	1	1	COL 4:17
ଆର୍ଖିଲାୟ	1	1	1	1	MAT 2:22
ଆର୍ତ୍ତନାଦ	30	30	14	30	EXO 2:23
ଆର୍ତ୍ତନାଦକାରୀ	2	2	2	2	JOB 29:12
ଆର୍ତ୍ତନାଦର	1	1	1	1	PSA 22:1
ଆର୍ତ୍ତନାଦରେ	1	1	1	1	ROM 8:26
ଆର୍ତ୍ତରବରେ	1	1	1	1	PSA 5:2
ଆର୍ତ୍ତସ୍ୱର	14	14	7	14	EXO 2:24
ଆର୍ତ୍ତସ୍ୱରରେ	2	2	2	2	PSA 39:12
ଆର୍ତ୍ତେମା	1	1	1	1	TIT 3:12
ଆର୍ତ୍ତେମୀ	3	3	1	3	ACT 19:28
ଆର୍ତ୍ତେମୀଙ୍କୁ	1	1	1	1	ACT 19:27
ଆର୍ତ୍ତେମୀର	1	1	1	1	ACT 19:24
ଆର୍ଦ୍ର	1	1	1	0	LAM 3:51
ଆର୍ଦ୍ରତାରେ	1	1	1	1	JOB 37:11
ଆରୟ-ପାଗୀୟ	1	1	1	0	ACT 17:34
ଆରୟପାଗକୁ	1	1	1	0	ACT 17:19
ଆରୟପାଗର	1	1	1	0	ACT 17:22
ଆଲଫିଙ୍କ	5	5	4	5	MAT 10:3
ଆଲିଙ୍ଗନ	11	11	7	11	GEN 29:13
ଆଲିଙ୍ଗନରୁ	1	1	1	1	ECC 3:5
ଆଲୁଅ	39	39	17	39	GEN 1:15
ଆଲୁଅକୁ	5	5	3	5	JOB 12:22
ଆଲୁଅମୟ	3	3	2	2	EXO 14:20
ଆଲୁଅର	5	5	4	5	NUM 4:9
ଆଲୁଅରହିତ	1	1	1	1	JOB 12:25
ଆଲୁଅରୁ	1	1	1	1	JOB 18:18
ଆଲୁଅରେ	2	2	2	2	LAM 3:2
ଆଲୁଶରୁ	1	1	1	1	NUM 33:14
ଆଲୁଶରେ	1	1	1	1	NUM 33:13
ଆଲେକ୍ଜାଣ୍ଡର	5	5	4	5	MRK 15:21
ଆଲେକ୍ଜାଣ୍ଡରକୁ	1	1	1	1	ACT 19:33
ଆଲେକ୍ଜାଣ୍ଡ୍ରିଆ	1	1	1	2	ACT 18:24
ଆଲେକ୍ଜାଣ୍ଡ୍ରୀୟ	2	2	1	1	ACT 27:6
ଆଲେକ୍ଜାଣ୍ଡ୍ରୀୟ-ମାନଙ୍କ	1	1	1	0	ACT 6:9
ଆଲେଫ୍	1	1	1	1	PSA 119:1
ଆଲେମତ୍	4	4	1	4	1CH 6:60
ଆଲୋକ	34	34	12	37	MAT 4:16
ଆଲୋକମୟ	7	7	5	9	2SA 22:29
ଆଲୋକର	7	7	6	7	LUK 16:8
ଆଲୋକରହିତ	1	1	1	1	REV 8:12
ଆଲୋକରେ	6	6	6	7	MAT 10:27
ଆଲୋକିତ	1	1	1	2	REV 21:23
ଆଲୋଚନା	6	6	5	7	JOB 11:11
ଆଲୋନଠାରୁ	1	1	1	0	JOS 19:33
ଆଲୋନର	1	1	1	1	1CH 4:37
ଆଳସ୍ୟ	6	6	4	4	JOS 18:3
ଆଳସ୍ୟ-ପ୍ରିୟ	1	1	1	0	1TI 5:13
ଆଳସ୍ୟପ୍ରିୟ	1	1	1	0	1TI 5:13
ଆଳସ୍ୟର	1	1	1	3	PRO 31:27
ଆଳସ୍ୟରେ	1	1	1	2	ECC 10:18
ଆଳାପ	29	29	14	29	GEN 17:3
ଆଳୟକୁ	1	1	1	1	PRO 7:27
ଆଶଙ୍କା	26	26	10	25	EXO 15:16
ଆଶଙ୍କାକୁ	1	1	1	1	PRO 3:25
ଆଶଙ୍କାଜନକ	1	1	1	1	JER 20:4
ଆଶଙ୍କାର	2	2	2	2	DEU 28:37
ଆଶଙ୍କାରୁ	1	1	1	1	HEB 5:7
ଆଶଙ୍କାସକଳକୁ	1	1	1	2	LAM 2:22
ଆଶନ୍	3	3	2	4	JOS 19:7
ଆଶା	24	24	13	31	JOB 14:7
ଆଶାନୁସାରେ	1	1	1	1	2CO 8:5
ଆଶାଭୂମି	5	5	3	5	JOB 4:6
ଆଶାରେ	7	7	5	8	MRK 11:13
ଆଶାସିଦ୍ଧିର	1	1	1	1	PRO 13:12
ଆଶିଷ	1	1	1	5	PRO 22:9
ଆଶୀର୍ବାଦ	251	251	32	284	GEN 1:22
ଆଶୀର୍ବାଦ-ପାତ୍ରମାନେ	1	1	1	0	MAT 25:34
ଆଶୀର୍ବାଦ-ପାତ୍ରର	1	1	1	1	ISA 65:23
ଆଶୀର୍ବାଦକରଣାର୍ଥେ	1	1	1	1	1CH 23:13
ଆଶୀର୍ବାଦଠାରୁ	1	1	1	1	GEN 49:26
ଆଶୀର୍ବାଦପାତ୍ର	7	7	5	6	GEN 14:19
ଆଶୀର୍ବାଦପାତ୍ରୀ	1	1	1	1	RUT 3:10
ଆଶୀର୍ବାଦପ୍ରାପ୍ତ	7	7	4	7	GEN 27:27
ଆଶୀର୍ବାଦପ୍ରାପ୍ତି	1	1	1	1	DEU 28:8
ଆଶୀର୍ବାଦଯୁକ୍ତ	6	6	6	6	2SA 7:29
ଆଶୀର୍ବାଦର	10	10	9	11	GEN 12:2
ଆଶୀର୍ବାଦରୂପ	1	1	1	1	MAL 3:10
ଆଶୀର୍ବାଦରେ	6	6	5	7	DEU 33:23
ଆଶୀର୍ବାଦସକଳକୁ	1	1	1	1	MAL 2:2
ଆଶୀର୍ବାଦସବୁ	1	1	1	0	ACT 13:34
ଆଶୁକ୍ରୋଧୀ	1	1	1	1	TIT 1:7
ଆଶେର	9	9	5	26	EXO 1:4
ଆଶେର-ସନ୍ତାନଗଣର	5	5	1	3	NUM 1:40
ଆଶେର-ସନ୍ତାନମାନଙ୍କ	2	2	1	2	JOS 19:24
ଆଶେରଠାରୁ	1	1	1	2	GEN 49:20
ଆଶେରର	6	6	3	10	GEN 46:17
ଆଶେରା	15	15	7	26	JDG 3:7
ଆଶେରା-ମୂର୍ତ୍ତି	1	1	1	0	2KI 13:7
ଆଶେରାଦେବୀ	1	1	1	0	2CH 15:16
ଆଶେରାମୂର୍ତ୍ତ	1	1	1	0	2CH 33:3
ଆଶେରାମୂର୍ତ୍ତି	7	7	2	2	2KI 18:4
ଆଶେରାମୂର୍ତ୍ତିକି	1	1	1	0	2KI 23:15
ଆଶେରାମୂର୍ତ୍ତିମାନ	3	3	3	3	1KI 14:23
ଆଶେରାମୂର୍ତ୍ତିର	1	1	1	0	2KI 23:4
ଆଶେରାମୂର୍ତ୍ତୀ	1	1	1	0	2KI 17:16
ଆଶେରାମୂର୍ତ୍ତୀମାନ	1	1	1	0	2KI 17:10
ଆଶେରାର	8	8	5	8	EXO 34:13
ଆଶେରୀୟମାନେ	1	1	1	1	JDG 1:32
ଆଶେର୍	16	16	8	0	GEN 30:13
ଆଶେର୍-ବଂଶଠାରୁ	2	2	1	0	1CH 6:62
ଆଶେର୍ଠାରୁ	1	1	1	0	JOS 17:7
ଆଶେର୍ର	3	3	2	0	1CH 7:30
ଆଶ୍ଚର୍ଯ୍ୟ	54	54	20	72	GEN 18:14
ଆଶ୍ଚର୍ଯ୍ୟ-କର୍ମସକଳ	1	1	1	0	DEU 29:3
ଆଶ୍ଚର୍ଯ୍ୟ-କ୍ରିୟା	1	1	1	0	JOB 9:10
ଆଶ୍ଚର୍ଯ୍ୟ-କ୍ରିୟାର	1	1	1	0	PSA 145:5
ଆଶ୍ଚର୍ଯ୍ୟକର୍ମ	28	28	6	31	EXO 4:21
ଆଶ୍ଚର୍ଯ୍ୟକର୍ମକର୍ତ୍ତା	1	1	1	0	PSA 77:14
ଆଶ୍ଚର୍ଯ୍ୟକର୍ମକାରୀ	1	1	1	1	REV 16:14
ଆଶ୍ଚର୍ଯ୍ୟକର୍ମଗୁଡ଼ିକ	1	1	1	0	JHN 2:23
ଆଶ୍ଚର୍ଯ୍ୟକର୍ମରେ	1	1	1	1	ROM 15:18
ଆଶ୍ଚର୍ଯ୍ୟକର୍ମସବୁ	5	5	4	2	PSA 111:4
ଆଶ୍ଚର୍ଯ୍ୟକ୍ରିୟା	15	15	6	14	EXO 11:9
ଆଶ୍ଚର୍ଯ୍ୟକ୍ରିୟାକାରୀ	1	1	1	1	EXO 15:11
ଆଶ୍ଚର୍ଯ୍ୟକ୍ରିୟାର	2	2	2	3	JDG 6:13
ଆଶ୍ଚର୍ଯ୍ୟକ୍ରିୟାସକଳ	3	3	1	4	PSA 9:1
ଆଶ୍ଚର୍ଯ୍ୟକ୍ରିୟାସବୁ	4	4	2	4	JOB 37:14
ଆଶ୍ଚର୍ଯ୍ୟଜନକ	3	3	3	3	LAM 1:9
ଆଶ୍ଚର୍ଯ୍ୟଜ୍ଞାନ	2	2	2	0	LEV 26:32
ଆଶ୍ଚର୍ଯ୍ୟନ୍ୱିତ	1	1	1	0	MAT 13:54
ଆଶ୍ଚର୍ଯ୍ୟରୂପ	1	1	1	0	DEU 28:59
ଆଶ୍ଚର୍ଯ୍ୟାନ୍ୱିତ	15	15	4	17	MAT 7:28
ଆଶ୍ରିତ	5	5	4	5	GEN 49:13
ଆଶ୍ରିତମାନେ	1	1	1	1	1CO 15:23
ଆଶ୍ରୟ	75	75	18	87	GEN 19:8
ଆଶ୍ରୟ-ନଗରମାନ	1	1	1	1	1CH 6:67
ଆଶ୍ରୟ-ନଗରସବୁ	1	1	1	0	1CH 6:57
ଆଶ୍ରୟ-ସ୍ୱରୂପ	1	1	1	0	REV 7:15
ଆଶ୍ରୟକୁ	1	1	1	1	ISA 28:17
ଆଶ୍ରୟଭୂମି	1	1	1	1	PSA 144:2
ଆଶ୍ରୟରୁ	1	1	1	1	ISA 2:22
ଆଶ୍ରୟଶୈଳ	1	1	1	0	PSA 94:22
ଆଶ୍ରୟସ୍ଥଳକୁ	1	1	1	1	HEB 6:18
ଆଶ୍ରୟସ୍ଥାନ	6	6	5	2	NUM 35:12
ଆଶ୍ରୟସ୍ଥାନକୁ	1	1	1	0	JOB 37:8
ଆଶ୍ରୟସ୍ୱରୂପ	2	2	2	2	JER 16:19
ଆଶ୍ୱାସ	14	14	11	11	EXO 23:12
ଆଶ୍ୱାସନା	1	1	1	6	ACT 15:31
ଆଶ୍ୱାସିତ	1	1	1	1	EXO 31:17
ଆଶୟରେ	1	1	1	0	EXO 33:13
ଆସ	253	253	42	255	GEN 11:3
ଆସଇ	4	4	3	0	EXO 30:13
ଆସକ୍ତ	53	53	27	55	GEN 2:24
ଆସକ୍ତା	6	6	2	6	EZK 23:5
ଆସକ୍ତିରୂପ	1	1	1	1	ISA 57:5
ଆସନ	27	27	15	27	LEV 15:22
ଆସନକୁ	1	1	1	1	AMO 6:3
ଆସନଠାରୁ	2	2	2	2	2KI 25:28
ଆସନତ୍	3	3	1	3	GEN 41:45
ଆସନର	2	2	2	2	1KI 10:19
ଆସନରୁ	3	3	3	2	JDG 3:20
ଆସନରେ	9	9	7	8	LEV 15:26
ଆସନ୍ତା	15	15	9	14	JOS 22:24
ଆସନ୍ତି	44	44	27	43	GEN 24:11
ଆସନ୍ତୁ	20	20	15	22	JDG 4:18
ଆସନ୍ତୁଣି	1	1	1	1	GEN 43:10
ଆସନ୍ତେ	66	66	19	65	GEN 35:9
ଆସନ୍ନ	2	2	2	4	1CO 7:26
ଆସଫ	9	9	3	13	1CH 15:19
ଆସଫ-ବଂଶଜାତ	3	3	3	3	1CH 26:1
ଆସଫ-ବଂଶୀୟ	1	1	1	1	NEH 11:22
ଆସଫ-ସନ୍ତାନ	1	1	1	1	2CH 35:15
ଆସଫକୁ	2	2	1	2	1CH 15:17
ଆସଫଙ୍କ	1	1	1	1	NEH 12:46
ଆସଫର	27	27	7	27	2KI 18:18
ଆସଫ୍	2	2	1	0	1CH 6:39
ଆସବ	1	1	1	0	JOB 5:26
ଆସସ୍କୁ	1	1	1	0	ACT 20:13
ଆସସ୍ର	1	1	1	1	1CH 5:8
ଆସସ୍ରେ	1	1	1	1	ACT 20:14
ଆସା	36	36	5	37	1KI 15:8
ଆସାଙ୍କ	5	5	2	14	1KI 15:17
ଆସାଙ୍କର	16	16	2	10	1KI 15:14
ଆସାଙ୍କୁ	1	1	1	1	MAT 1:8
ଆସାର	2	2	2	2	1CH 9:16
ଆସି	703	703	47	713	GEN 14:5
ଆସିଅଛ	36	36	22	38	GEN 24:5
ଆସିଅଛନ୍ତି	57	57	22	59	GEN 45:16
ଆସିଅଛି	76	76	31	82	GEN 42:28
ଆସିଅଛିଣ	1	1	1	0	ROM 1:13
ଆସିଅଛୁ	21	21	12	21	GEN 42:7
ଆସିଆ	6	6	2	10	ACT 2:9
ଆସିଆର	7	7	4	5	ACT 19:31
ଆସିଆରେ	6	6	2	5	ACT 16:6
ଆସିଆସ୍ଥ	1	1	1	0	REV 1:4
ଆସିଛୁ	1	1	1	1	1SA 17:43
ଆସିଥାଅ	2	2	1	2	1CH 12:17
ଆସିଥାଏ	2	2	1	2	EXO 21:3
ଆସିଥିବା	13	13	6	22	JOS 5:5
ଆସିଥିଲ	1	1	1	1	EXO 34:18
ଆସିଥିଲା	17	17	9	18	GEN 24:62
ଆସିଥିଲି	3	3	3	2	MAT 12:44
ଆସିଥିଲୁ	2	2	2	2	GEN 43:20
ଆସିଥିଲେ	40	40	19	46	GEN 34:7
ଆସିବ	137	137	35	135	GEN 24:39
ଆସିବା	127	127	37	136	GEN 18:10
ଆସିବାକୁ	38	38	23	40	GEN 24:8
ଆସିବାଯାଏ	1	1	1	1	JOS 2:22
ଆସିବାଯୋଗ୍ୟ	1	1	1	0	2SA 15:2
ଆସିବାର	30	30	16	31	GEN 24:63
ଆସିବାରୁ	1	1	1	1	EZK 21:24
ଆସିବି	11	11	7	15	GEN 28:21
ଆସିବୁ	5	5	5	5	GEN 37:10
ଆସିବେ	134	134	29	144	GEN 6:20
ଆସିଲ	33	33	14	34	GEN 16:8
ଆସିଲା	118	118	30	116	GEN 8:9
ଆସିଲାଣି	2	2	2	2	JOS 7:8
ଆସିଲାନ୍ତଆଉ	1	1	1	0	JDG 4:22
ଆସିଲି	19	19	13	19	EXO 5:23
ଆସିଲୁ	14	14	5	16	EXO 3:8
ଆସିଲୁତ	1	1	1	0	NUM 11:20
ଆସିଲେ	303	303	34	319	GEN 8:18
ଆସିଲେଣି	2	2	2	2	2SA 19:30
ଆସିଲେନ୍ତଏହିରୂପେ	1	1	1	0	JOS 8:22
ଆସୁ	39	39	16	40	EXO 24:14
ଆସୁଅଛ	4	4	4	4	JOS 23:8
ଆସୁଅଛନ୍ତି	72	72	22	72	GEN 24:13
ଆସୁଅଛନ୍ତିନ୍ତ	1	1	1	0	ISA 26:21
ଆସୁଅଛି	96	96	29	98	GEN 24:16
ଆସୁଅଛୁ	8	8	4	9	EXO 19:9
ଆସୁଅଛୁନ୍ତ	1	1	1	0	REV 3:11
ଆସୁଛି	1	1	1	2	JER 31:27
ଆସୁଥିବା	14	14	5	20	MAT 8:10
ଆସୁଥିବାର	1	1	1	1	2SA 18:26
ଆସୁଥିବାରୁ	1	1	1	1	ROM 15:23
ଆସୁଥିଲା	3	3	2	3	JDG 19:16
ଆସୁଥିଲେ	8	8	5	7	1SA 7:17
ଆସେ	63	63	23	71	NUM 18:7
ଆସୋର	1	1	1	1	MAT 1:14
ଆସୋରଙ୍କୁ	1	1	1	1	MAT 1:13
ଆସ୍ଥା	1	1	1	2	DEU 27:26
ଆସ୍ପଦ	1	1	1	0	EZK 36:3
ଆସ୍ୱାଦ	12	12	9	9	EXO 16:31
ଆସ୍ୱାଦନ	10	10	8	10	1SA 14:24
ଆହତ	17	17	11	18	DEU 1:42
ଆହବ	1	1	1	1	JER 29:21
ଆହସ	6	6	5	4	1CH 8:35
ଆହସକୁ	1	1	1	0	ISA 7:10
ଆହସଙ୍କର	2	2	1	0	2KI 18:1
ଆହସଙ୍କୁ	1	1	1	1	MAT 1:9
ଆହସର	4	4	2	0	2KI 23:12
ଆହସ୍	26	26	4	30	2KI 15:38
ଆହସ୍ଙ୍କ	1	1	1	5	2CH 28:19
ଆହସ୍ଙ୍କର	1	1	1	4	2KI 16:19
ଆହସ୍ଙ୍କୁ	1	1	1	1	2KI 16:5
ଆହା	30	30	12	30	NUM 14:2
ଆହାବ	38	38	4	45	1KI 16:28
ଆହାବ-ବଂଶ	4	4	2	2	2KI 10:10
ଆହାବ-ବଂଶକୁ	1	1	1	0	2KI 9:9
ଆହାବ-ବଂଶର	6	6	3	2	2KI 8:27
ଆହାବକୁ	1	1	1	1	1KI 18:1
ଆହାବଙ୍କ	7	7	2	14	1KI 18:9
ଆହାବଙ୍କର	23	23	3	22	1KI 18:46
ଆହାବଙ୍କୁ	8	8	2	13	1KI 17:1
ଆହାବଠାରୁ	1	1	1	1	1KI 21:21
ଆହାବର	5	5	3	6	1KI 21:24
ଆହାର	84	84	22	84	GEN 3:19
ଆହାରକୁ	1	1	1	1	JOB 33:20
ଆହାରର	1	1	1	1	MAT 10:10
ଆହାରରୁ	2	2	2	2	2SA 12:3
ଆହାରରେ	1	1	1	1	PRO 30:22
ଆହାରାର୍ଥେ	2	2	2	2	2SA 17:28
ଆହାରୀୟ	2	2	1	2	DAN 1:5
ଆହାସ୍ଙ୍କର	1	1	1	0	2KI 17:1
ଆହୀଷାମାକଙ୍କ	1	1	1	0	EXO 38:23
ଆହୁତି	1	1	1	0	2TI 4:6
ଆହୁତିରେ	1	1	1	1	PSA 51:19
ଆହୁରି	663	663	53	672	GEN 1:29
ଆହୁଲା	4	4	2	4	EZK 27:6
ଆହୁଲାଯୁକ୍ତ	1	1	1	1	ISA 33:21
ଆହୂତ	33	33	14	32	NUM 1:16
ଆହୂତଣଜଣେ	1	1	1	0	ROM 1:1
ଆହେ	15	15	4	23	JOB 7:7
ଆହୋହ	1	1	1	1	1CH 8:4
ଆହ୍ନାନ	1	1	1	0	JOL 2:32
ଆହ୍ଲାଦ	9	9	7	9	GEN 31:27
ଆହ୍ଲାଦଜନକ	8	8	5	8	PSA 119:92
ଆହ୍ଲାଦପ୍ରାପ୍ତ	1	1	1	1	ISA 35:10
ଆହ୍ଲାଦିତ	9	9	4	9	EXO 18:9
ଆହ୍ଳାଦିତ	2	2	2	2	JER 51:39
ଆହ୍ୱାନ	62	62	25	113	NUM 10:2
ଆହ୍ୱାନକର୍ତ୍ତା	1	1	1	2	1PE 1:15
ଆହ୍ୱାନକର୍ତ୍ତାଙ୍କଠାରୁ	1	1	1	0	GAL 5:8
ଆହ୍ୱାନକାରୀ	2	2	2	2	ISA 45:3
ଆହ୍ୱାନକାରୀଙ୍କ	1	1	1	1	ROM 9:11
ଆହ୍ୱାନର	5	5	4	5	EPH 1:18
ଆହ୍ୱାନରେ	2	2	2	2	EPH 4:1
ଆୟ	3	3	2	3	PRO 8:19
ଆୟତ୍ତ	5	5	5	5	GEN 41:16
ଆୟବୃଦ୍ଧିରେ	1	1	1	1	ECC 5:10
ଆୟର	3	3	3	2	PRO 3:9
ଆୟରୁ	1	1	1	1	PRO 16:8
ଆୟରେ	1	1	1	1	PRO 15:6
ଆୟାସ	4	4	2	1	ECC 2:23
ଆୟୁ	20	20	12	17	GEN 23:1
ଆୟୁବ	45	45	2	71	JOB 1:1
ଆୟୁବକୁ	9	9	1	9	JOB 32:3
ଆୟୁବଙ୍କ	1	1	1	12	JAS 5:11
ଆୟୁବଠାରେ	1	1	1	1	JOB 15:1
ଆୟୁବର	6	6	1	7	JOB 2:7
ଆୟୁର	16	16	7	16	GEN 23:1
ଆୟୁଷ	2	2	2	2	1KI 3:14
ଆୟୁଷର	3	3	2	4	PSA 55:23
ଆୟେଲତ୍-ହସଶହର	1	1	1	0	PSA 22:1
ଆୟୋଜନ	34	34	19	35	EXO 12:16
ଆୟୋଜନ-ଦିବସର	1	1	1	1	MAT 27:62
ଆୟୋଜନଦିନ	2	2	1	0	JHN 19:31
ଆୟୋଜନୀୟ	1	1	1	1	1KI 4:22
ଇଉତୁଖ	1	1	1	1	ACT 20:9
ଇଉନୀକୀଙ୍କଠାରେ	1	1	1	0	2TI 1:5
ଇଉବୁଲ୍	1	1	1	1	2TI 4:21
ଇଉରକ୍ୱିଲୋ	1	1	1	1	ACT 27:14
ଇକନୀୟ	2	2	2	4	ACT 14:21
ଇକନୀୟକୁ	1	1	1	0	ACT 13:51
ଇକନୀୟରୁ	1	1	1	1	ACT 14:19
ଇକନୀୟରେ	2	2	1	3	ACT 14:1
ଇକ୍କେଶର	2	2	1	3	1CH 11:28
ଇକ୍କୋଶର	1	1	1	0	2SA 23:26
ଇକ୍ରୋଣ	9	9	6	11	JOS 15:45
ଇକ୍ରୋଣକୁ	2	2	1	2	1SA 5:10
ଇକ୍ରୋଣଠାରୁ	2	2	2	2	JOS 15:46
ଇକ୍ରୋଣର	7	7	3	6	JOS 13:3
ଇକ୍ରୋଣରେ	1	1	1	1	1SA 5:10
ଇକ୍ରୋଣୀୟ	1	1	1	1	JOS 13:3
ଇକ୍ରୋଣୀୟମାନେ	1	1	1	1	1SA 5:10
ଇଗ୍ଲତ୍-ଶଲୀଶୀୟାକୁ	1	1	1	1	ISA 15:5
ଇଗ୍ଲତ୍ଶଲୀଶୀୟା	1	1	1	0	JER 48:34
ଇଗ୍ଲାଠାରୁ	1	1	1	1	1CH 3:3
ଇଗ୍ଲାର	1	1	1	1	2SA 3:5
ଇଗ୍ଲୋନ	1	1	1	3	JDG 3:15
ଇଗ୍ଲୋନକୁ	1	1	1	1	JDG 3:12
ଇଗ୍ଲୋନର	3	3	2	1	JOS 10:3
ଇଗ୍ଲୋନ୍	4	4	2	2	JOS 10:37
ଇଗ୍ଲୋନ୍କୁ	1	1	1	1	JOS 10:34
ଇଗ୍ଲୋନ୍ର	2	2	1	4	JOS 10:23
ଇଗ୍ଲୋନ୍ରୁ	1	1	1	1	JOS 10:36
ଇଗ୍ଲୟିମ୍	1	1	1	1	ISA 15:8
ଇଚ୍ଛା	335	335	49	353	GEN 20:15
ଇଚ୍ଛାନୁଯାୟୀ	1	1	1	1	1PE 5:2
ଇଚ୍ଛାନୁସାରେ	32	32	17	33	DEU 21:14
ଇଚ୍ଛାପତ୍ର	1	1	1	0	GAL 3:15
ଇଚ୍ଛାମତ	6	6	6	5	DEU 23:16
ଇଚ୍ଛାମତେ	1	1	1	2	1PE 4:19
ଇଚ୍ଛାର	3	3	2	3	LUK 23:25
ଇଚ୍ଛାରୁ	5	5	3	5	JHN 1:13
ଇଚ୍ଛାରେ	15	15	14	18	EXO 21:13
ଇଚ୍ଛୁକ	22	22	12	21	EXO 25:2
ଇଛା	1	1	1	0	MRK 6:22
ଇଜ୍ଜତ	1	1	1	1	PRO 5:9
ଇଟା	7	7	4	11	GEN 11:3
ଇଟାଗାନ୍ଥୁନି	1	1	1	1	JER 43:9
ଇଟାଭାଟି	2	2	2	0	2SA 12:31
ଇଟାର	1	1	1	1	EXO 5:18
ଇଟାସବୁ	1	1	1	1	ISA 9:10
ଇତର	6	6	4	5	EXO 30:9
ଇତସ୍ତତଃ	3	3	3	0	ACT 27:27
ଇତାଲିଆକୁ	2	2	1	2	ACT 27:1
ଇତାଲିଆରୁ	2	2	2	1	ACT 18:2
ଇତାଲିକ	1	1	1	1	ACT 10:1
ଇତି	2	2	1	0	MAT 2:16
ଇତିମଧ୍ୟରେ	30	30	6	31	MAT 14:22
ଇତିହାସ	39	39	6	58	2SA 8:16
ଇତିହାସ-ପୁସ୍ତକ	2	2	2	1	EZR 4:15
ଇତିହାସ-ପୁସ୍ତକରେ	10	10	4	7	2KI 12:19
ଇତିହାସ-ଲେଖକ	2	2	2	0	2SA 20:24
ଇତିହାସ-ଲେଖକକୁ	1	1	1	0	2CH 34:8
ଇତିହାସକର୍ତ୍ତା	1	1	1	0	1KI 4:3
ଇତିହାସରେ	4	4	2	6	1CH 29:29
ଇତିହାସଲେଖକ	1	1	1	0	2KI 18:37
ଇତୂରୀୟା	1	1	1	0	LUK 3:1
ଇତ୍ତୟ	5	5	2	5	2SA 15:21
ଇତ୍ତୟକୁ	4	4	1	4	2SA 15:19
ଇତ୍ନନ୍	1	1	1	1	1CH 4:7
ଇତ୍ନିର	1	1	1	1	1CH 6:41
ଇତ୍ବାଲ	1	1	1	1	1KI 16:31
ଇତ୍ସିୟୋନ-ଗେବର	1	1	1	1	DEU 2:8
ଇତ୍ସିୟୋନ-ଗେବରରୁ	1	1	1	1	NUM 33:36
ଇତ୍ସିୟୋନ-ଗେବରରେ	1	1	1	4	NUM 33:35
ଇତ୍ସିୟୋନ୍ଗେବରରେ	1	1	1	0	1KI 22:48
ଇତ୍ସୀୟୋନ-ଗେବରକୁ	1	1	1	0	2CH 8:17
ଇତ୍ସୀୟୋନ-ଗେବରରେ	1	1	1	0	1KI 9:26
ଇତ୍ସୀୟୋନ୍-ଗେବରରେ	1	1	1	0	2CH 20:36
ଇତ୍ୟାଦି	9	9	6	9	EXO 39:42
ଇଥିଓପିଆ	1	1	1	2	ACT 8:27
ଇଥିଓପିଆର	1	1	1	1	ACT 8:27
ଇଥୀୟେଲ	1	1	1	1	NEH 11:7
ଇଥୀୟେଲର	1	1	1	1	NEH 11:7
ଇଦୋମ	41	41	20	50	GEN 32:3
ଇଦୋମ-ପ୍ରାନ୍ତର	1	1	1	0	2KI 3:8
ଇଦୋମ-ସୀମା	1	1	1	0	JOS 15:1
ଇଦୋମକୁ	3	3	3	4	2KI 14:10
ଇଦୋମର	29	29	13	34	GEN 36:19
ଇଦୋମରୁ	2	2	2	2	ISA 63:1
ଇଦୋମରେ	5	5	4	5	1KI 11:15
ଇଦୋମୀୟ	20	20	9	21	NUM 20:14
ଇଦୋମୀୟମାନଙ୍କ	1	1	1	1	GEN 36:43
ଇଦୋମୀୟମାନଙ୍କର	1	1	1	2	GEN 36:9
ଇଦୋମୀୟମାନଙ୍କୁ	3	3	2	4	2KI 8:21
ଇଦୋମ୍	7	7	4	5	GEN 25:30
ଇଦ୍ଦୋ	7	7	4	8	1CH 6:21
ଇଦ୍ଦୋ-ବଂଶର	1	1	1	1	NEH 12:16
ଇଦ୍ଦୋକୁ	1	1	1	1	EZR 8:17
ଇଦ୍ଦୋଙ୍କ	2	2	1	3	ZEC 1:1
ଇଦ୍ଦୋର	3	3	2	3	1KI 4:14
ଇଦ୍ନୀୟର	1	1	1	1	1CH 9:8
ଇଦ୍ରିୟୀ	3	3	2	3	DEU 3:10
ଇଦ୍ରିୟୀକି	1	1	1	0	DEU 3:1
ଇଦ୍ରିୟୀରେ	4	4	3	4	NUM 21:33
ଇନ୍ଦ୍ରନୀଳମଣିର	1	1	1	0	REV 21:20
ଇନ୍ଦ୍ରିୟ	2	2	1	2	1CO 7:5
ଇନ୍ଦ୍ରିୟସେବାରେ	1	1	1	1	MAT 23:25
ଇପ୍ପଥଃ	1	1	1	1	MRK 7:34
ଇଫ୍ରାଥା	1	1	1	1	GEN 35:19
ଇଫ୍ରାଥାକୁ	1	1	1	1	1CH 2:19
ଇଫ୍ରାଥାର	2	2	1	2	1CH 2:50
ଇଫ୍ରାଥାରେ	4	4	2	5	GEN 35:16
ଇଫ୍ରାଥୀୟ	1	1	1	2	1SA 17:12
ଇଫ୍ରିୟମ-ପର୍ବତମୟ	1	1	1	0	JDG 18:13
ଇଫ୍ରୋଣ	7	7	3	7	GEN 23:8
ଇଫ୍ରୋଣକୁ	2	2	1	2	GEN 23:13
ଇଫ୍ରୋଣଠାରୁ	2	2	1	2	GEN 49:30
ଇଫ୍ରୋଣର	4	4	1	4	GEN 23:16
ଇଫ୍ରୟିମ	84	84	15	94	GEN 41:52
ଇଫ୍ରୟିମ-ଛାଉଣିର	2	2	1	2	NUM 2:18
ଇଫ୍ରୟିମ-ଦ୍ୱାର	1	1	1	1	NEH 12:39
ଇଫ୍ରୟିମ-ଦ୍ୱାରର	1	1	1	1	NEH 8:16
ଇଫ୍ରୟିମ-ପର୍ବତମୟ	7	7	3	8	JDG 17:1
ଇଫ୍ରୟିମ-ବଂଶଜାତ	2	2	1	2	1CH 27:10
ଇଫ୍ରୟିମ-ବଂଶଠାରୁ	1	1	1	1	1CH 6:66
ଇଫ୍ରୟିମ-ସନ୍ତାନଗଣ	1	1	1	2	1CH 27:20
ଇଫ୍ରୟିମ-ସନ୍ତାନଗଣର	9	9	3	6	NUM 1:32
ଇଫ୍ରୟିମ-ସନ୍ତାନମାନଙ୍କ	1	1	1	0	JOS 16:8
ଇଫ୍ରୟିମକୁ	8	8	5	8	GEN 48:13
ଇଫ୍ରୟିମଙ୍କୁ	1	1	1	1	GEN 48:1
ଇଫ୍ରୟିମର	50	50	17	50	GEN 48:14
ଇଫ୍ରୟିମରୁ	4	4	4	4	JDG 5:14
ଇଫ୍ରୟିମରେ	1	1	1	1	ZEC 9:13
ଇଫ୍ରୟିମୀୟ	4	4	4	4	JDG 12:5
ଇଫ୍ରୟିମୀୟମାନଙ୍କ	1	1	1	1	JDG 12:5
ଇଫ୍ରୟିମ୍	3	3	2	1	JOS 21:5
ଇଫ୍ରୟିମ୍-ସନ୍ତାନଗଣ	1	1	1	0	1CH 12:30
ଇଫ୍ଲଲ	1	1	1	1	1CH 2:37
ଇଫ୍ଲଲକୁ	1	1	1	1	1CH 2:37
ଇବି	2	2	2	2	NUM 31:8
ଇବିଲ୍-ମରୋ-ଦକ୍	1	1	1	0	JER 52:31
ଇବିଲ୍-ମରୋଦକ୍	1	1	1	2	2KI 25:27
ଇବ୍ରି	1	1	1	1	1CH 24:27
ଇବ୍ସନ୍	2	2	1	3	JDG 12:8
ଇମୋରୀୟ	33	33	12	34	GEN 10:16
ଇମୋରୀୟ-ମାନଙ୍କ	6	6	4	1	EXO 3:17
ଇମୋରୀୟ-ମାନଙ୍କର	1	1	1	0	NUM 21:13
ଇମୋରୀୟକୁ	1	1	1	1	AMO 2:9
ଇମୋରୀୟମାନଙ୍କ	30	30	8	36	GEN 48:22
ଇମୋରୀୟମାନଙ୍କଠାରୁ	1	1	1	1	JDG 10:11
ଇମୋରୀୟମାନଙ୍କର	6	6	5	7	GEN 15:21
ଇମୋରୀୟମାନଙ୍କୁ	5	5	4	5	NUM 21:32
ଇମୋରୀୟମାନେ	4	4	3	4	DEU 3:9
ଇମ୍ମାନୁୟେଲ	3	3	2	3	ISA 7:14
ଇମ୍ମାୟୁ	1	1	1	2	LUK 24:13
ଇମ୍ମେର	4	4	4	4	1CH 24:14
ଇମ୍ମେରର	6	6	3	6	1CH 9:12
ଇମ୍ରିର	2	2	2	2	1CH 9:4
ଇମ୍ଲର	2	2	1	4	1KI 22:8
ଇରଶେମଶ୍	1	1	1	1	JOS 19:41
ଇରା	2	2	1	0	1CH 11:28
ଇଲକୋଶୀୟ	1	1	1	3	NAM 1:1
ଇଲତୋଲଦ୍	2	2	1	2	JOS 15:30
ଇଲତ୍କୀ	2	2	1	2	JOS 19:44
ଇଲଦଦ୍	2	2	1	2	NUM 11:26
ଇଲଦାୟା	2	2	2	2	GEN 25:4
ଇଲନାଥନ୍	1	1	1	0	JER 36:12
ଇଲିଫେଲଟ୍	1	1	1	0	EZR 10:33
ଇଲିସାୟ	1	1	1	0	EZR 10:22
ଇଲିହୂ	1	1	1	0	1CH 12:20
ଇଲିୟଷୟ	1	1	1	1	1CH 12:5
ଇଲିୟାଶୀବର	2	2	2	1	EZR 10:6
ଇଲିୟାଶୀବ୍	2	2	1	0	NEH 3:1
ଇଲିୟାଶୀବ୍ର	1	1	1	1	NEH 12:10
ଇଲିୟାସର	3	3	2	1	JOS 21:1
ଇଲୀ-ଐନୟ	1	1	1	0	1CH 8:20
ଇଲୀକା	1	1	1	1	2SA 23:25
ଇଲୀଦଦ୍	1	1	1	1	NUM 34:21
ଇଲୀଫଲେହୁ	1	1	1	1	1CH 15:21
ଇଲୀଫଲେହୁକୁ	1	1	1	1	1CH 15:18
ଇଲୀଫସକୁ	1	1	1	0	GEN 36:4
ଇଲୀଫସର	1	1	1	0	GEN 36:12
ଇଲୀଫସ୍	11	11	3	14	GEN 36:10
ଇଲୀଫସ୍କୁ	1	1	1	2	JOB 42:7
ଇଲୀଫସ୍ର	3	3	2	3	GEN 36:11
ଇଲୀଫାଲ	1	1	1	1	1CH 11:35
ଇଲୀଫେଲଟ	1	1	1	0	2SA 5:16
ଇଲୀଫେଲଟ୍	5	5	3	8	2SA 23:34
ଇଲୀଶା	3	3	3	3	GEN 10:4
ଇଲୀଶାଫଟ୍	1	1	1	1	2CH 23:1
ଇଲୀଶାଫନର	1	1	1	0	2CH 29:13
ଇଲୀଶାଫନ୍-ସନ୍ତାନଗଣ	1	1	1	1	1CH 15:8
ଇଲୀଶାବଦ୍	1	1	1	1	1CH 26:7
ଇଲୀଶାମା	13	13	5	13	NUM 1:10
ଇଲୀଶାମାକୁ	1	1	1	1	1CH 2:41
ଇଲୀଶାମାର	3	3	3	3	NUM 7:53
ଇଲୀଶାୟ	55	55	2	75	1KI 19:17
ଇଲୀଶାୟକୁ	1	1	1	0	1KI 19:16
ଇଲୀଶାୟଙ୍କ	12	12	2	18	2KI 2:1
ଇଲୀଶାୟଙ୍କର	7	7	2	8	1KI 19:19
ଇଲୀଶାୟଙ୍କୁ	7	7	1	12	2KI 2:2
ଇଲୀଶାୟର	1	1	1	1	2KI 6:31
ଇଲୀଶୂୟ	2	2	2	2	2SA 5:15
ଇଲୀଶେବାକୁ	1	1	1	1	EXO 6:23
ଇଲୀଷାଫନକୁ	1	1	1	1	LEV 10:4
ଇଲୀଷାଫନ୍	3	3	2	1	EXO 6:22
ଇଲୀଷୂର	4	4	1	4	NUM 1:5
ଇଲୀଷୂରର	1	1	1	1	NUM 7:35
ଇଲୀହର	1	1	1	0	1SA 1:1
ଇଲୀହୂ	7	7	2	11	1CH 26:7
ଇଲୀହୂଠାରୁ	1	1	1	1	JOB 32:4
ଇଲୀହୂର	1	1	1	2	JOB 32:2
ଇଲୀହୋ-ଐନୟ	1	1	1	0	EZR 8:4
ଇଲୀହୋରଫ	1	1	1	1	1KI 4:3
ଇଲୀୟଦ୍	1	1	1	1	1CH 7:21
ଇଲୀୟହବ	1	1	1	0	1CH 11:33
ଇଲୀୟହବା	1	1	1	2	2SA 23:32
ଇଲୀୟାକିମ୍	1	1	1	0	2KI 18:18
ଇଲୀୟାକୀମଙ୍କୁ	1	1	1	0	2KI 23:34
ଇଲୀୟାକୀମ୍	6	6	3	1	2KI 18:26
ଇଲୀୟାକୀମ୍କୁ	3	3	2	0	2KI 19:2
ଇଲୀୟାକୀମ୍ଙ୍କୁ	1	1	1	0	2CH 36:4
ଇଲୀୟାଜରଓ	1	1	1	0	EXO 28:1
ଇଲୀୟାଥା	2	2	1	2	1CH 25:4
ଇଲୀୟାଦା	4	4	3	4	2SA 5:16
ଇଲୀୟାଦାର	1	1	1	1	1KI 11:23
ଇଲୀୟାବ	7	7	3	0	NUM 7:24
ଇଲୀୟାବକୁ	2	2	1	0	1CH 2:13
ଇଲୀୟାବର	7	7	4	0	NUM 7:29
ଇଲୀୟାବ୍	5	5	2	12	NUM 1:9
ଇଲୀୟାମ	1	1	1	1	2SA 23:34
ଇଲୀୟାମର	1	1	1	1	2SA 11:3
ଇଲୀୟାଲି	2	2	1	0	ISA 15:4
ଇଲୀୟାଲୀ	3	3	2	5	NUM 32:3
ଇଲୀୟାଶୀବ	5	5	3	13	1CH 3:24
ଇଲୀୟାଶୀବର	2	2	1	3	NEH 3:21
ଇଲୀୟାଶୀବ୍	5	5	2	0	EZR 10:24
ଇଲୀୟାସଫର	1	1	1	0	NUM 7:47
ଇଲୀୟାସଫ୍	5	5	1	5	NUM 1:14
ଇଲୀୟାସର	57	57	9	60	EXO 6:23
ଇଲୀୟାସରକୁ	5	5	2	5	NUM 16:37
ଇଲୀୟାସରର	8	8	4	8	NUM 25:7
ଇଲୀୟାସା	4	4	2	5	1CH 2:40
ଇଲୀୟାସାକୁ	1	1	1	1	1CH 2:39
ଇଲୀୟେଜର	1	1	1	11	GEN 15:2
ଇଲୀୟେଲ	5	5	2	0	1CH 5:24
ଇଲୀୟେଲକୁ	1	1	1	0	1CH 15:11
ଇଲୀୟେଲର	1	1	1	0	1CH 6:34
ଇଲୀୟେଲ୍	3	3	1	8	1CH 11:46
ଇଲୀୟେଷର	9	9	4	0	EXO 18:4
ଇଲୀୟେଷରର	3	3	1	1	1CH 23:17
ଇଲୀୟେଷର୍	1	1	1	0	1CH 7:8
ଇଲୀୟୋ-ଐନୟ	6	6	3	0	1CH 3:23
ଇଲୀୟୋ-ଐନୟର	1	1	1	0	1CH 3:24
ଇଲୀୟୋଐନୟ	1	1	1	6	1CH 26:3
ଇଲୂଲ	1	1	1	1	NEH 6:15
ଇଲ୍କାନା	13	13	3	13	EXO 6:24
ଇଲ୍କାନାକୁ	2	2	2	2	1SA 2:20
ଇଲ୍କାନାର	6	6	1	6	1CH 6:25
ଇଲ୍ତକୋନ	1	1	1	1	JOS 15:59
ଇଲ୍ନାଥନର	1	1	1	1	2KI 24:8
ଇଲ୍ନାଥନ୍	4	4	2	5	EZR 8:16
ଇଲ୍ନାଥନ୍କୁ	1	1	1	1	JER 26:22
ଇଲ୍ନାମର	1	1	1	1	1CH 11:46
ଇଲ୍ପାଲକୁ	1	1	1	1	1CH 8:11
ଇଲ୍ପାଲର	2	2	1	2	1CH 8:12
ଇଲ୍ପେଲଟ୍	1	1	1	1	1CH 14:5
ଇଲ୍ଲାସରର	2	2	1	2	GEN 14:1
ଇଲ୍ଲୁରିକ	1	1	1	1	ROM 15:19
ଇଲ୍ସାବଦ୍	1	1	1	1	1CH 12:12
ଇଲ୍ହାନନ୍	4	4	2	4	2SA 21:19
ଇଶବନ୍	1	1	1	2	GEN 36:26
ଇଶୀୟନ୍	1	1	1	1	JOS 15:52
ଇଶ୍ବନ୍	1	1	1	0	1CH 1:41
ଇଶ୍ବାଲକୁ	1	1	1	2	1CH 8:33
ଇଶ୍ବୀ	1	1	1	1	2SA 21:16
ଇଶ୍ମାଏଲ	7	7	2	0	GEN 16:11
ଇଶ୍ମାଏଲକୁ	2	2	1	0	GEN 16:16
ଇଶ୍ମାଏଲର	11	11	2	0	GEN 17:25
ଇଶ୍ମାଏଲୀୟ	4	4	3	0	GEN 37:25
ଇଶ୍ମାଏଲୀୟ-ମାନେ	1	1	1	0	PSA 83:6
ଇଶ୍ମାଏଲୀୟମାନଙ୍କଠାରୁ	2	2	1	0	GEN 37:28
ଇଶ୍ମାୟେଲ	21	21	4	32	1CH 8:38
ଇଶ୍ମାୟେଲକୁ	3	3	1	5	JER 40:14
ଇଶ୍ମାୟେଲର	2	2	2	14	2CH 19:11
ଇଶ୍ମାୟେଲୀୟ	1	1	1	6	1CH 27:30
ଇଶ୍ମାୟେଲ୍	2	2	1	0	2KI 25:23
ଇଶ୍ହୋଦ	1	1	1	1	1CH 7:18
ଇଷବୋନ୍	1	1	1	2	GEN 46:16
ଇଷାଖର	20	20	8	23	GEN 30:18
ଇଷାଖର-ବଂଶ	1	1	1	1	1CH 27:18
ଇଷାଖର-ବଂଶଠାରୁ	1	1	1	1	1CH 6:62
ଇଷାଖର-ବଂଶୀୟ	2	2	2	1	JDG 10:1
ଇଷାଖର-ସନ୍ତାନଗଣ	1	1	1	1	1CH 12:32
ଇଷାଖର-ସନ୍ତାନଗଣର	3	3	1	1	NUM 1:28
ଇଷାଖର-ସନ୍ତାନମାନଙ୍କ	1	1	1	1	JOS 19:17
ଇଷାଖରଠାରୁ	1	1	1	0	1CH 6:72
ଇଷାଖରର	10	10	6	13	GEN 46:13
ଇଷାଖରରେ	1	1	1	1	1KI 4:17
ଇଷାଖର୍	1	1	1	0	GEN 35:23
ଇଷ୍କାରିୟୋତ	2	2	2	0	MRK 14:10
ଇଷ୍କାରିୟୋତୀୟ	8	8	4	8	MAT 10:4
ଇଷ୍କୋଲ	3	3	3	3	GEN 14:24
ଇଷ୍କୋଲ-ଉପତ୍ୟକା	1	1	1	1	NUM 32:9
ଇଷ୍କୋଲ-ଉପତ୍ୟକାରେ	1	1	1	1	NUM 13:23
ଇଷ୍କୋଲର	1	1	1	1	GEN 14:13
ଇଷ୍ଟ	7	7	5	7	JOB 20:20
ଇଷ୍ଟକ	1	1	1	0	EXO 5:8
ଇଷ୍ଟକରୁ	1	1	1	0	EXO 5:19
ଇଷ୍ଟକାଦି	1	1	1	0	EXO 5:7
ଇଷ୍ଟବସ୍ତୁ	2	2	1	2	PRO 3:15
ଇଷ୍ଟମୋୟ	1	1	1	0	JOS 21:14
ଇଷ୍ଟାୟୋଲ	3	3	2	3	JOS 15:33
ଇଷ୍ଟାୟୋଲର	1	1	1	1	JDG 16:31
ଇଷ୍ଟାୟୋଲୀୟମାନେ	1	1	1	1	1CH 2:53
ଇଷ୍ଟାୟୋଲ୍ଠାରୁ	1	1	1	0	JDG 18:2
ଇଷ୍ଟାୟୋଲ୍ରୁ	1	1	1	0	JDG 18:11
ଇଷ୍ଟାୟୋଲ୍ରେ	1	1	1	0	JDG 18:8
ଇଷ୍ଟିମୋୟ	4	4	3	5	JOS 15:50
ଇଷ୍ଟିମୋୟର	1	1	1	1	1CH 4:17
ଇଷ୍ଟୋନ୍	1	1	1	1	1CH 4:12
ଇଷ୍ଟୋନ୍ର	1	1	1	1	1CH 4:11
ଇଷ୍ବୋନ୍	1	1	1	0	1CH 7:7
ଇଷ୍ବୟର	1	1	1	1	1CH 11:37
ଇଷ୍ରାହୀୟ	3	3	2	3	1KI 4:31
ଇଷ୍ରି	1	1	1	1	1CH 27:26
ଇସହାକ୍କୁ	1	1	1	0	NUM 32:11
ଇସାଏଲ-ସନ୍ତାନ	1	1	1	0	JOS 20:9
ଇସାଖର	1	1	1	0	REV 7:7
ଇସ୍ରାଏଲ	825	825	42	1587	GEN 32:28
ଇସ୍ରାଏଲ-ଛାଉଣି	1	1	1	1	JOS 6:23
ଇସ୍ରାଏଲ-ଛାଉଣିକି	1	1	1	0	JDG 7:15
ଇସ୍ରାଏଲ-ଦେଶରେ	1	1	1	1	1SA 13:19
ଇସ୍ରାଏଲ-ଦେଶସ୍ଥ	1	1	1	1	1CH 22:2
ଇସ୍ରାଏଲ-ପୁତ୍ରଗଣର	3	3	1	2	EXO 28:11
ଇସ୍ରାଏଲ-ପୁତ୍ରମାନଙ୍କ	3	3	1	1	EXO 28:9
ଇସ୍ରାଏଲ-ବଂଶ	71	71	9	7	1SA 7:2
ଇସ୍ରାଏଲ-ବଂଶକୁ	13	13	4	2	1SA 7:3
ଇସ୍ରାଏଲ-ବଂଶଜାତ	5	5	2	0	LEV 17:3
ଇସ୍ରାଏଲ-ବଂଶମାନଙ୍କୁ	1	1	1	1	JOS 12:8
ଇସ୍ରାଏଲ-ବଂଶର	28	28	8	5	NUM 31:4
ଇସ୍ରାଏଲ-ବଂଶସମୂହ	3	3	2	1	JDG 21:8
ଇସ୍ରାଏଲ-ବଂଶୀୟ	3	3	1	0	EZK 8:11
ଇସ୍ରାଏଲ-ବଂଶୀୟା	1	1	1	0	LEV 24:10
ଇସ୍ରାଏଲ-ମଣ୍ଡଳୀ	2	2	2	1	NUM 32:4
ଇସ୍ରାଏଲ-ମଣ୍ଡଳୀର	1	1	1	1	EXO 12:6
ଇସ୍ରାଏଲ-ମଣ୍ଡଳୀରୁ	2	2	2	2	EXO 12:19
ଇସ୍ରାଏଲ-ରାଜଗଣଙ୍କର	1	1	1	0	1KI 22:39
ଇସ୍ରାଏଲ-ରାଜା	1	1	1	0	2KI 8:25
ଇସ୍ରାଏଲ-ରାଜାଙ୍କ	3	3	2	0	1KI 16:33
ଇସ୍ରାଏଲ-ରାଜାଙ୍କର	1	1	1	1	2CH 28:5
ଇସ୍ରାଏଲ-ରାଜାଙ୍କୁ	1	1	1	1	2CH 18:33
ଇସ୍ରାଏଲ-ରାଜାବଳୀ	1	1	1	1	2CH 20:34
ଇସ୍ରାଏଲ-ରାଜାମାନଙ୍କ	16	16	2	0	1KI 15:31
ଇସ୍ରାଏଲ-ରାଜାମାନଙ୍କର	1	1	1	1	1KI 16:14
ଇସ୍ରାଏଲ-ରାଜାର	1	1	1	0	2KI 6:11
ଇସ୍ରାଏଲ-ଲୋକ	7	7	4	0	JDG 20:33
ଇସ୍ରାଏଲ-ଲୋକଙ୍କ	1	1	1	1	1SA 9:16
ଇସ୍ରାଏଲ-ଲୋକଙ୍କର	1	1	1	2	1CH 11:2
ଇସ୍ରାଏଲ-ଲୋକଙ୍କୁ	3	3	3	2	1KI 8:16
ଇସ୍ରାଏଲ-ଲୋକମାନଙ୍କ	3	3	3	3	EXO 17:5
ଇସ୍ରାଏଲ-ଲୋକମାନଙ୍କୁ	2	2	2	2	1SA 8:22
ଇସ୍ରାଏଲ-ଲୋକମାନେ	9	9	6	0	JDG 8:22
ଇସ୍ରାଏଲ-ଲୋକର	1	1	1	0	1KI 8:41
ଇସ୍ରାଏଲ-ସନ୍ତାନ	7	7	4	0	JDG 10:8
ଇସ୍ରାଏଲ-ସନ୍ତାନ-ଗଣକୁ	1	1	1	0	EXO 34:34
ଇସ୍ରାଏଲ-ସନ୍ତାନ-ଗଣର	1	1	1	0	JOS 14:1
ଇସ୍ରାଏଲ-ସନ୍ତାନଗଣ	276	276	19	0	EXO 2:23
ଇସ୍ରାଏଲ-ସନ୍ତାନଗଣକୁ	104	104	12	0	EXO 3:10
ଇସ୍ରାଏଲ-ସନ୍ତାନଗଣଙ୍କୁ	2	2	1	21	EXO 10:20
ଇସ୍ରାଏଲ-ସନ୍ତାନଗଣଠାରୁ	8	8	3	3	EXO 29:28
ଇସ୍ରାଏଲ-ସନ୍ତାନଗଣର	104	104	13	0	EXO 3:9
ଇସ୍ରାଏଲ-ସନ୍ତାନଙ୍କୁ	1	1	1	1	1KI 20:15
ଇସ୍ରାଏଲ-ସନ୍ତାନମାନଙ୍କ	16	16	7	0	EXO 9:6
ଇସ୍ରାଏଲ-ସନ୍ତାନମାନଙ୍କର	5	5	3	0	EXO 9:4
ଇସ୍ରାଏଲ-ସନ୍ତାନମାନଙ୍କୁ	5	5	3	0	EXO 9:35
ଇସ୍ରାଏଲ-ସନ୍ତାନମାନେ	19	19	8	0	EXO 12:37
ଇସ୍ରାଏଲ-ସୀମାର	1	1	1	0	1SA 11:3
ଇସ୍ରାଏଲ-ସୈନ୍ୟକୁ	1	1	1	1	2CH 25:9
ଇସ୍ରାଏଲକୁ	129	129	22	137	EXO 5:2
ଇସ୍ରାଏଲକୁଳ	1	1	1	0	ACT 2:36
ଇସ୍ରାଏଲଙ୍କ	8	8	4	8	GEN 46:29
ଇସ୍ରାଏଲଙ୍କର	10	10	3	10	GEN 42:5
ଇସ୍ରାଏଲଙ୍କୁ	12	12	5	13	GEN 43:8
ଇସ୍ରାଏଲଠାରୁ	4	4	3	4	NUM 24:17
ଇସ୍ରାଏଲବଂଶ	1	1	1	0	AMO 5:1
ଇସ୍ରାଏଲବଂଶକୁ	1	1	1	0	AMO 9:9
ଇସ୍ରାଏଲବଂଶୀୟ	3	3	1	3	EXO 5:14
ଇସ୍ରାଏଲର	780	780	38	903	GEN 32:32
ଇସ୍ରାଏଲସନ୍ତାନଗଣ	1	1	1	0	ISA 27:12
ଇସ୍ରାଏଲସନ୍ତାନଗଣକୁ	1	1	1	0	NUM 19:2
ଇସ୍ରାଏଲସନ୍ତାନମାନେ	1	1	1	0	2CH 10:18
ଇସ୍ରାଏଲୀୟ	61	61	20	64	GEN 36:31
ଇସ୍ରାଏଲୀୟମାନଙ୍କ	2	2	2	4	EXO 9:4
ଇସ୍ରାଏଲୀୟମାନଙ୍କର	1	1	1	2	EXO 9:7
ଇସ୍ରାଏଲୀୟମାନଙ୍କୁ	1	1	1	2	JOS 21:43
ଇସ୍ରାଏଲୀୟମାନେ	7	7	4	7	JDG 6:3
ଇସ୍ରାଏଲୀୟା	3	3	2	3	LEV 24:10
ଇସ୍ର୍ରାଏଲର	1	1	1	0	JER 44:11
ଇସ୍ହାକ	71	71	11	79	GEN 17:19
ଇସ୍ହାକ-ବଂଶ	1	1	1	0	AMO 7:16
ଇସ୍ହାକକୁ	12	12	4	13	GEN 21:4
ଇସ୍ହାକଙ୍କ	11	11	7	17	GEN 26:26
ଇସ୍ହାକଙ୍କର	11	11	1	11	GEN 25:19
ଇସ୍ହାକଙ୍କୁ	11	11	5	13	GEN 25:11
ଇସ୍ହାକଠାରୁ	2	2	2	2	GEN 21:12
ଇସ୍ହାକଠାରେ	1	1	1	1	ROM 9:7
ଇସ୍ହାକର	13	13	7	13	GEN 22:6
ଇସ୍ହାକ୍	1	1	1	0	HEB 11:9
ଇହ-ଜଗତରେ	1	1	1	0	JHN 12:25
ଇହ-ଜୀବନରେ	1	1	1	0	PSA 17:14
ଇହକାଳ	2	2	2	1	EPH 1:20
ଇହକାଳରେ	3	3	3	1	MRK 10:30
ଇହଯୁଗରେ	1	1	1	0	MAT 12:32
ଇହଲୋକରୁ	1	1	1	1	PHP 1:23
ଇୟଦିଆ	1	1	1	1	PHP 4:2
ଇୟୀ-ଅବାରୀମରୁ	1	1	1	1	NUM 33:45
ଇୟୀ-ଅବାରୀମରେ	2	2	1	2	NUM 21:11
ଇୟୀମ୍	1	1	1	1	JOS 15:29
ଇୟୂଦ୍	1	1	1	1	PSA 119:72
ଇୟୋନ୍	3	3	3	3	1KI 15:20
ଈଥାମର	8	8	2	8	NUM 3:2
ଈଥାମରକୁ	2	2	2	3	EXO 28:1
ଈଥାମରଙ୍କ	2	2	2	2	EXO 38:21
ଈଥାମରଙ୍କୁ	1	1	1	1	LEV 10:12
ଈଥାମରର	7	7	3	7	NUM 4:28
ଈଥୀୟେଲ	1	1	1	2	PRO 30:1
ଈଥୀୟେଲକୁ	1	1	1	1	PRO 30:1
ଈନୋଶ	3	3	2	4	GEN 4:26
ଈନୋଶକୁ	1	1	1	1	GEN 5:6
ଈନୋଶର	2	2	1	2	GEN 5:7
ଈରଦ	1	1	1	1	GEN 4:18
ଈରଦର	1	1	1	1	GEN 4:18
ଈରନାହସର	1	1	1	1	1CH 4:12
ଈରମ୍	2	2	2	2	GEN 36:43
ଈରା	3	3	1	6	2SA 20:26
ଈରୀ	1	1	1	1	1CH 7:7
ଈରୁ	1	1	1	1	1CH 4:15
ଈର୍ର	1	1	1	1	1CH 7:12
ଈର୍ଷା	27	27	15	30	GEN 26:14
ଈର୍ଷାଜନକ	3	3	1	3	NUM 5:14
ଈର୍ଷାଦୃଷ୍ଟି	2	2	2	2	MAT 20:15
ଈର୍ଷାନୁସାରେ	1	1	1	1	EZK 35:11
ଈର୍ଷାନ୍ୱିତ	3	3	3	3	PSA 73:3
ଈର୍ଷାପାତ୍ର	1	1	1	1	ECC 4:4
ଈର୍ଷାବିଷୟକ	1	1	1	0	NUM 5:29
ଈର୍ଷାଭାବ	4	4	3	4	GEN 27:41
ଈର୍ଷାର	3	3	1	3	NUM 5:15
ଈର୍ଷାରେ	11	11	7	10	NUM 5:14
ଈଲୟ	1	1	1	1	1CH 11:29
ଈଶୀ	1	1	1	3	HOS 2:16
ଈଶ୍ବାଲ୍କୁ	1	1	1	0	1CH 9:39
ଈଶ୍ବୋଶତ	7	7	1	8	2SA 2:10
ଈଶ୍ବୋଶତକୁ	1	1	1	1	2SA 2:8
ଈଶ୍ବୋଶତର	6	6	1	6	2SA 2:12
ଈଶ୍ୱର	402	402	32	26	JOB 15:1
ଈଶ୍ୱର-ପରାୟଣତା	2	2	1	0	1TI 2:1
ଈଶ୍ୱର-ଭକ୍ତା	1	1	1	0	ACT 16:14
ଈଶ୍ୱରକୃତ	1	1	1	0	2CO 5:1
ଈଶ୍ୱରଗଣ	4	4	3	2	PSA 82:6
ଈଶ୍ୱରଗଣର	2	2	1	2	DAN 2:47
ଈଶ୍ୱରଙ୍କ	723	723	27	152	EZK 28:2
ଈଶ୍ୱରଙ୍କ-ଠାରେ	3	3	2	0	MRK 11:22
ଈଶ୍ୱରଙ୍କଠାରୁ	48	48	13	2	LUK 1:37
ଈଶ୍ୱରଙ୍କଠାରେ	18	18	10	2	LUK 1:47
ଈଶ୍ୱରଙ୍କର	71	71	18	5	MAT 19:26
ଈଶ୍ୱରଙ୍କୁ	78	78	21	7	MAT 4:7
ଈଶ୍ୱରତ୍ୱ	2	2	2	0	ROM 1:20
ଈଶ୍ୱରଦତ୍ତ	10	10	6	0	JHN 6:33
ଈଶ୍ୱରନିନ୍ଦା	10	10	5	0	MAT 9:3
ଈଶ୍ୱରନିନ୍ଦାର	2	2	1	0	REV 13:5
ଈଶ୍ୱରନିନ୍ଦାସୂଚକ	2	2	1	0	REV 13:1
ଈଶ୍ୱରପରାୟଣ	2	2	2	1	PSA 86:2
ଈଶ୍ୱରପରାୟଣତା	3	3	1	0	1TI 4:8
ଈଶ୍ୱରପରାୟଣତାକୁ	1	1	1	0	1TI 6:5
ଈଶ୍ୱରପରାୟଣତାର	1	1	1	0	1TI 3:16
ଈଶ୍ୱରପ୍ରିୟ	1	1	1	0	2TI 3:4
ଈଶ୍ୱରବିହୀନ	1	1	1	0	EPH 2:12
ଈଶ୍ୱରଭକ୍ତ	1	1	1	0	JHN 9:31
ଈଶ୍ୱରଭକ୍ତଙ୍କ	1	1	1	0	ACT 18:7
ଈଶ୍ୱରଭୟକାରୀମାନେ	2	2	1	0	ACT 13:16
ଈଶ୍ୱରରୂପୀ	1	1	1	0	PHP 2:6
ଈଶ୍ୱରୀୟ	5	5	3	5	PRO 29:18
ଈଷତ୍	4	4	2	4	1SA 16:12
ଈଷଦୁଷ୍ଣ	1	1	1	1	REV 3:16
ଈଷାଖରର	1	1	1	0	NUM 7:18
ଈଷେବଲକୁ	1	1	1	0	1KI 16:31
ଈଷେବଲର	1	1	1	0	2KI 9:36
ଈଷେବଲ୍	15	15	2	15	1KI 18:4
ଈଷେବଲ୍କୁ	3	3	2	5	1KI 19:1
ଈଷେବଲ୍ର	3	3	2	4	1KI 18:19
ଈଷ୍କରିୟୋଥ	1	1	1	0	MAT 26:14
ଈୟେଷରଠାରୁ	1	1	1	1	NUM 26:30
ଈୟେଷ୍ରୀୟ	1	1	1	1	NUM 26:30
ଉଇଲ୍	4	4	1	0	HEB 9:16
ଉକୁଣିଆ	6	6	2	6	EXO 8:16
ଉକ୍ତ	70	70	27	66	GEN 23:16
ଉକ୍ତି	8	8	6	7	2KI 9:26
ଉକ୍ତିର	1	1	1	1	MAT 12:7
ଉକ୍ତିରୁ	1	1	1	1	PSA 22:1
ଉଗ୍ର	1	1	1	1	2SA 17:8
ଉଗ୍ରତା	1	1	1	1	ACT 21:35
ଉଚିତ	72	72	31	16	EXO 15:26
ଉଚିତମତେ	1	1	1	0	COL 4:4
ଉଚିତ୍	3	3	3	78	NUM 23:12
ଉଚ୍ଚ	243	243	32	212	GEN 7:19
ଉଚ୍ଚକୁ	2	2	2	2	JER 5:22
ଉଚ୍ଚତମ	9	9	4	9	JOB 22:12
ଉଚ୍ଚତର	10	10	9	9	JOS 16:5
ଉଚ୍ଚତା	22	22	13	22	EXO 27:1
ଉଚ୍ଚତାର	2	2	2	2	NEH 4:6
ଉଚ୍ଚତାରେ	5	5	2	5	PSA 48:2
ଉଚ୍ଚଧ୍ୱନି	3	3	3	3	LEV 9:24
ଉଚ୍ଚଧ୍ୱନିକାରୀମାନଙ୍କ	1	1	1	1	1CH 16:42
ଉଚ୍ଚଧ୍ୱନିର	1	1	1	1	1CH 16:5
ଉଚ୍ଚଧ୍ୱନିରେ	1	1	1	1	PSA 33:3
ଉଚ୍ଚପଦ	1	1	1	1	EST 6:3
ଉଚ୍ଚପଦରେ	1	1	1	1	EST 10:2
ଉଚ୍ଚପଦସ୍ଥ	1	1	1	3	1CH 17:17
ଉଚ୍ଚପଦାନ୍ୱିତ	1	1	1	1	EST 3:1
ଉଚ୍ଚର	1	1	1	1	1KI 6:10
ଉଚ୍ଚରେ	11	11	6	10	GEN 6:15
ଉଚ୍ଚସ୍ଥ	1	1	1	1	ROM 8:39
ଉଚ୍ଚସ୍ଥଳୀ	28	28	8	29	DEU 32:13
ଉଚ୍ଚସ୍ଥଳୀ-ମାନରେ	1	1	1	0	ISA 58:14
ଉଚ୍ଚସ୍ଥଳୀ-ସକଳ	1	1	1	0	MIC 1:3
ଉଚ୍ଚସ୍ଥଳୀ-ସବୁର	1	1	1	0	2KI 17:32
ଉଚ୍ଚସ୍ଥଳୀକି	7	7	4	2	1SA 9:13
ଉଚ୍ଚସ୍ଥଳୀମାନ	9	9	5	9	DEU 33:29
ଉଚ୍ଚସ୍ଥଳୀମାନରେ	10	10	3	11	1KI 3:3
ଉଚ୍ଚସ୍ଥଳୀର	15	15	8	15	NUM 21:28
ଉଚ୍ଚସ୍ଥଳୀରୁ	3	3	2	3	1SA 9:25
ଉଚ୍ଚସ୍ଥଳୀରେ	18	18	12	18	NUM 22:41
ଉଚ୍ଚସ୍ଥଳୀସକଳ	11	11	8	14	1KI 15:14
ଉଚ୍ଚସ୍ଥଳୀସକଳର	2	2	2	2	2CH 11:15
ଉଚ୍ଚସ୍ଥଳୀସବୁ	5	5	4	3	NUM 33:52
ଉଚ୍ଚସ୍ଥାନ	3	3	3	3	JDG 5:18
ଉଚ୍ଚସ୍ଥାନରେ	1	1	1	1	JOB 25:2
ଉଚ୍ଚସ୍ୱର	9	9	4	9	PRO 2:3
ଉଚ୍ଚସ୍ୱରରେ	27	27	10	70	GEN 27:38
ଉଚ୍ଚସ୍ୱରେ	2	2	2	2	PRO 8:3
ଉଚ୍ଚାକୃତି	1	1	1	1	EZK 31:3
ଉଚ୍ଚାଟ	1	1	1	0	SNG 5:4
ଉଚ୍ଚାଭିମାନୀ	1	1	1	1	ROM 12:16
ଉଚ୍ଚାରଣ	25	25	13	25	GEN 11:1
ଉଚ୍ଚାରିତ	1	1	1	1	ROM 15:20
ଉଚ୍ଚୀକୃତ	19	19	9	19	NUM 24:7
ଉଚ୍ଚୈଃସ୍ୱର	3	3	2	1	2SA 15:23
ଉଚ୍ଚୈଃସ୍ୱରରେ	28	28	14	24	GEN 45:1
ଉଚ୍ଚୈସ୍ୱରରେ	2	2	2	2	JDG 9:7
ଉଚ୍ଛଳିତ	2	2	2	2	GEN 49:4
ଉଚ୍ଛିନ୍ନ	249	249	36	244	GEN 9:11
ଉଚ୍ଛିନ୍ନ-ନଗର	1	1	1	1	EZK 26:19
ଉଚ୍ଛିନ୍ନତା	8	8	3	9	ISA 10:22
ଉଚ୍ଛିନ୍ନତାର	3	3	2	3	ISA 28:22
ଉଚ୍ଛିଷ୍ଟ	2	2	1	0	2KI 4:43
ଉଚ୍ଛୁଳି	9	9	8	11	NUM 21:17
ଉଚ୍ଛୁଳିବ	1	1	1	1	NUM 24:7
ଉଚ୍ଛୁଳିବା	3	3	3	3	1CH 12:15
ଉଚ୍ଛୃଙ୍ଖଳ	1	1	1	1	1PE 4:4
ଉଛୁଳାଇ	1	1	1	1	LUK 6:38
ଉଛୁଳି	5	5	3	3	PRO 3:10
ଉଛୁଳୁଅଛି	1	1	1	1	JER 47:2
ଉଜଡ଼ା	1	1	1	1	EZK 13:4
ଉଜାଗର	2	2	1	2	PSA 77:4
ଉଜାଗରରେ	1	1	1	1	2CO 11:27
ଉଜାଡ଼	26	26	13	26	NEH 2:3
ଉଜାଡ଼-ନଗରରେ	1	1	1	1	JOB 15:28
ଉଜାଡ଼ି	2	2	2	2	PSA 80:13
ଉଜାଣି	3	3	2	3	EXO 14:27
ଉଜୀୟ	1	1	1	2	MAT 1:9
ଉଜୀୟଙ୍କୁ	1	1	1	1	MAT 1:8
ଉଜ୍ଜ୍ୱଳ	20	20	12	19	EXO 24:10
ଉଜ୍ଜ୍ୱଳବସ୍ତ୍ର	1	1	1	1	LUK 24:4
ଉଞ୍ଚାଇ	1	1	1	1	JOS 8:31
ଉଞ୍ଚାଇବ	1	1	1	1	DEU 27:5
ଉଞ୍ଚାଇଲେ	1	1	1	1	EXO 20:25
ଉଞ୍ଚାନ୍ତେ	1	1	1	1	DEU 19:5
ଉଠ	115	115	31	116	GEN 13:17
ଉଠଇ	1	1	1	1	PSA 107:25
ଉଠନ୍ତି	7	7	6	7	DEU 33:11
ଉଠନ୍ତୁ	6	6	6	6	GEN 27:19
ଉଠନ୍ତେ	12	12	9	13	GEN 24:54
ଉଠା	2	2	2	0	ISA 46:3
ଉଠାଅ	14	14	6	15	GEN 37:22
ଉଠାଇ	87	87	28	82	GEN 8:13
ଉଠାଇଅଛ	3	3	3	3	2KI 19:22
ଉଠାଇଅଛନ୍ତି	5	5	3	11	JER 48:34
ଉଠାଇଅଛି	4	4	3	4	2SA 20:21
ଉଠାଇଅଛୁ	2	2	2	1	EXO 6:8
ଉଠାଇଆଣିବା	1	1	1	1	ROM 10:7
ଉଠାଇଥାଏ	1	1	1	1	JOB 31:21
ଉଠାଇଥିବ	1	1	1	0	JHN 8:28
ଉଠାଇଥିଲୁ	1	1	1	1	EZK 20:28
ଉଠାଇଥିଲେ	4	4	2	4	2SA 18:28
ଉଠାଇନିଏ	1	1	1	1	LUK 19:22
ଉଠାଇନେଇ	1	1	1	1	ACT 7:21
ଉଠାଇନେଲା	1	1	1	1	ACT 27:17
ଉଠାଇନେଲେ	1	1	1	1	LUK 9:17
ଉଠାଇପାର	1	1	1	1	JOB 38:34
ଉଠାଇବ	8	8	8	8	GEN 49:9
ଉଠାଇବା	14	14	8	15	DEU 22:4
ଉଠାଇବାକୁ	1	1	1	2	AMO 5:2
ଉଠାଇବାର	1	1	1	1	1KI 11:27
ଉଠାଇବି	3	3	2	3	1SA 24:6
ଉଠାଇବେ	14	14	9	14	JDG 20:38
ଉଠାଇଲ	2	2	1	2	MAT 16:9
ଉଠାଇଲା	4	4	4	4	AMO 6:10
ଉଠାଇଲୁ	6	6	1	6	EZK 20:5
ଉଠାଇଲେ	29	29	18	29	GEN 40:20
ଉଠାଉ	1	1	1	2	LAM 3:41
ଉଠାଉଅଛି	1	1	1	1	NUM 23:24
ଉଠାଉଅଛୁ	2	2	2	2	EZK 44:12
ଉଠାଉନ୍ତୁ	1	1	1	1	NUM 6:26
ଉଠାଏ	5	5	3	5	PSA 25:1
ଉଠାଗଲା	3	3	2	3	DAN 7:4
ଉଠାଗଲେ	1	1	1	1	DAN 6:23
ଉଠାଣି	8	8	5	8	1SA 9:11
ଉଠାଣିର	1	1	1	1	2SA 15:32
ଉଠାଣିରେ	1	1	1	1	NEH 12:37
ଉଠାନ୍ତି	9	9	5	11	1SA 2:8
ଉଠାନ୍ତିନ୍ତ	1	1	1	0	PSA 146:8
ଉଠାନ୍ତେ	2	2	2	2	JOS 4:18
ଉଠାଯିବା	1	1	1	1	PRO 26:9
ଉଠାଯିବେ	1	1	1	1	JHN 3:14
ଉଠି	385	385	35	390	GEN 2:6
ଉଠିଅଛ	2	2	2	2	NUM 32:14
ଉଠିଅଛନ୍ତି	17	17	7	19	PSA 27:12
ଉଠିଅଛି	6	6	6	6	GEN 19:13
ଉଠିଆ	1	1	1	1	HOS 8:7
ଉଠିଆସ	2	2	1	2	REV 4:1
ଉଠିଆସିଅଛି	1	1	1	0	1SA 17:25
ଉଠିଆସିବା	1	1	1	0	MRK 1:10
ଉଠିଗଲା	2	2	2	2	GEN 25:34
ଉଠିଗଲେ	8	8	6	7	NUM 16:27
ଉଠିଥାଏ	1	1	1	1	LEV 13:37
ଉଠିଥିଲା	2	2	2	1	EZK 47:5
ଉଠିଥିଲେ	1	1	1	1	2SA 18:31
ଉଠିବ	40	40	18	39	EXO 20:26
ଉଠିବା	15	15	8	18	DEU 6:7
ଉଠିବାକୁ	3	3	3	4	JDG 20:40
ଉଠିବାର	3	3	3	3	GEN 19:28
ଉଠିବି	5	5	5	5	JOB 7:4
ଉଠିବେ	26	26	14	30	EXO 8:4
ଉଠିଯାଅ	5	5	4	5	NUM 16:45
ଉଠିଯାଇ	9	9	5	9	NUM 13:30
ଉଠିଯାଏ	1	1	1	0	NAM 1:5
ଉଠିଯା’ନ୍ତି	1	1	1	0	NAM 1:5
ଉଠିଯିବା	1	1	1	1	2CH 9:4
ଉଠିଯିବାର	2	2	1	2	GEN 19:33
ଉଠିଯିବେ	1	1	1	1	JOS 6:5
ଉଠିଲ	1	1	1	1	EZK 16:7
ଉଠିଲା	60	60	21	59	GEN 7:17
ଉଠିଲାକ୍ଷଣି	1	1	1	1	1SA 29:10
ଉଠିଲାଣି	3	3	3	2	MAT 12:26
ଉଠିଲାନ୍ତପୁଣି	1	1	1	0	JOS 3:16
ଉଠିଲି	2	2	2	2	EZR 9:5
ଉଠିଲୁ	1	1	1	1	NEH 2:12
ଉଠିଲେ	54	54	20	56	EXO 12:30
ଉଠିଲେଣି	1	1	1	1	1JN 2:18
ଉଠୁ	4	4	3	4	GEN 37:27
ଉଠୁଅଛନ୍ତି	3	3	3	3	NUM 23:24
ଉଠୁଅଛି	18	18	10	18	GEN 18:20
ଉଠୁଛି	1	1	1	1	1SA 14:20
ଉଠୁଥିବ	3	3	2	3	JHN 4:14
ଉଠୁଥିବା	1	1	1	1	LUK 12:54
ଉଠୁଥିଲା	1	1	1	1	JHN 6:18
ଉଠେ	27	27	13	29	DEU 13:1
ଉଠେନ୍ତ	1	1	1	0	PRO 24:16
ଉଠ୍	3	3	3	2	2SA 13:15
ଉଡ଼ନ୍ତା	11	11	8	13	LEV 11:23
ଉଡ଼ନ୍ତୁ	1	1	1	1	GEN 1:20
ଉଡ଼ାଇ	21	21	10	20	GEN 8:6
ଉଡ଼ାଇଦେଲା	1	1	1	1	LUK 15:13
ଉଡ଼ାଇଲେ	1	1	1	1	ISA 41:16
ଉଡ଼ି	10	10	4	10	1SA 14:32
ଉଡ଼ିଗଲା	2	2	2	2	GEN 42:28
ଉଡ଼ିବା	2	2	2	2	DAN 9:21
ଉଡ଼ିବାର	1	1	1	1	REV 14:6
ଉଡ଼ିଯାଅ	1	1	1	1	PSA 11:1
ଉଡ଼ିଯାଇ	1	1	1	1	PSA 55:6
ଉଡ଼ିଯାଉ	1	1	1	2	PSA 90:10
ଉଡ଼ିଯାଏ	3	3	3	2	ISA 17:11
ଉଡ଼ିଯିବ	7	7	4	8	JOB 15:30
ଉଡ଼ିଯିବା	4	4	4	3	ISA 29:5
ଉଡ଼ିଲେ	3	3	2	3	PSA 18:10
ଉଡ଼ୁଅଛନ୍ତି	1	1	1	1	HAB 1:8
ଉଡ଼ୁଥିବା	2	2	2	2	PRO 26:2
ଉଡ଼େ	4	4	3	4	DEU 28:49
ଉଡ୍ଡୀୟମାନ	4	4	4	3	2SA 22:11
ଉତ୍କଟ	1	1	1	1	2CH 21:19
ଉତ୍କୃଷ୍ଟ	15	15	11	16	EXO 15:7
ଉତ୍କୃଷ୍ଟତର	7	7	2	7	1CO 12:31
ଉତ୍କୃଷ୍ଟତା	3	3	3	4	EST 1:4
ଉତ୍କୋଶ	5	5	2	0	EXO 19:4
ଉତ୍କ୍ରୋ	1	1	1	0	LEV 11:13
ଉତ୍କ୍ରୋଶ	22	22	13	30	DEU 14:12
ଉତ୍କ୍ରୋଶପକ୍ଷୀ	1	1	1	1	REV 4:7
ଉତ୍କ୍ରୋଶପକ୍ଷୀର	1	1	1	0	REV 12:14
ଉତ୍କ୍ଷିପ୍ତ	2	2	1	2	JER 46:7
ଉତ୍ତପ୍ତ	20	20	13	19	GEN 43:30
ଉତ୍ତମ	361	361	51	389	GEN 1:4
ଉତ୍ତମତା	3	3	3	2	EXO 33:19
ଉତ୍ତମତାର	2	2	2	1	JER 31:12
ଉତ୍ତମତାରେ	2	2	2	1	JER 31:14
ଉତ୍ତମା	2	2	2	0	RUT 4:15
ଉତ୍ତମାଂଶ	1	1	1	1	ECC 11:10
ଉତ୍ତର	827	827	47	859	GEN 3:10
ଉତ୍ତର-କେନ୍ଦ୍ର	1	1	1	1	JOB 26:7
ଉତ୍ତର-ଦିଗସ୍ଥ	1	1	1	1	EZK 42:1
ଉତ୍ତର-ପାର୍ଶ୍ୱ	1	1	1	1	JOS 18:12
ଉତ୍ତରଆଡ଼	1	1	1	1	1SA 14:5
ଉତ୍ତରକାରୀ	1	1	1	1	PRO 26:16
ଉତ୍ତରକାଳୀନ	2	2	1	2	ECC 1:11
ଉତ୍ତରକୁ	2	2	2	2	1KI 7:25
ଉତ୍ତରଣ-ସ୍ଥାନ	1	1	1	1	EXO 17:1
ଉତ୍ତରଣୀୟ	1	1	1	1	EXO 4:24
ଉତ୍ତରଦିଗ	1	1	1	0	1CH 26:14
ଉତ୍ତରଦିଗରେ	2	2	2	0	LEV 1:11
ଉତ୍ତରଦିଗସ୍ଥ	1	1	1	1	EZK 42:1
ଉତ୍ତରନ୍ତି	1	1	1	1	PSA 107:26
ଉତ୍ତରପାର୍ଶ୍ୱ	1	1	1	0	JOS 15:11
ଉତ୍ତରପୂର୍ବ	1	1	1	1	ACT 27:12
ଉତ୍ତରଭାଗରେ	1	1	1	0	2KI 16:14
ଉତ୍ତରରୁ	1	1	1	1	JOB 37:9
ଉତ୍ତରରେ	7	7	6	7	JOS 16:6
ଉତ୍ତରସୀମା	1	1	1	1	JOS 13:3
ଉତ୍ତରସ୍ଥିତ	1	1	1	1	GEN 14:15
ଉତ୍ତରାଧିକାର	14	14	3	15	PSA 2:8
ଉତ୍ତରାଧିକାରକ୍ରମେ	1	1	1	0	EZK 46:16
ଉତ୍ତରାଧିକାରରୁ	1	1	1	1	EZK 46:17
ଉତ୍ତରାଧିକାରରୂପ	1	1	1	1	COL 3:24
ଉତ୍ତରାଧିକାରିଣୀ	1	1	1	1	PRO 30:23
ଉତ୍ତରାଧିକାରୀ	18	18	10	24	GEN 15:3
ଉତ୍ତରାଧିକାରୀକି	1	1	1	0	2SA 14:7
ଉତ୍ତରାଧିକାରୀତ୍ୱ	1	1	1	0	EZK 46:17
ଉତ୍ତରାଭିମୁଖ	2	2	1	3	EZK 8:3
ଉତ୍ତରି	3	3	1	1	GEN 11:31
ଉତ୍ତରିବା	2	2	1	2	GEN 42:27
ଉତ୍ତରିଲେ	3	3	1	1	GEN 12:6
ଉତ୍ତରୀୟ	11	11	10	11	GEN 49:11
ଉତ୍ତରୋତ୍ତର	2	2	2	1	EST 9:4
ଉତ୍ତାପ	2	2	2	2	JER 50:38
ଉତ୍ତାପରୁ	1	1	1	1	PSA 19:6
ଉତ୍ତାପରେ	4	4	3	4	JOB 30:30
ଉତ୍ତାପିତ	1	1	1	1	PSA 102:4
ଉତ୍ତାରି	3	3	3	3	GEN 44:11
ଉତ୍ତାରିଥିଲେ	1	1	1	1	PRO 25:1
ଉତ୍ତାରୁ	33	33	13	30	GEN 17:15
ଉତ୍ତାରେ	753	753	47	614	GEN 5:4
ଉତ୍ତାଳ	1	1	1	1	JUD 1:13
ଉତ୍ତୀର୍ଣ୍ଣ	4	4	3	4	JOB 23:10
ଉତ୍ତେଜ	1	1	1	1	PSA 78:38
ଉତ୍ତେଜନା	3	3	1	1	SNG 2:7
ଉତ୍ତେଜିତ	28	28	13	31	DEU 32:11
ଉତ୍ତୋଳନ	6	6	5	7	NUM 15:20
ଉତ୍ତୋଳନୀୟ	36	36	5	36	EXO 29:27
ଉତ୍ତୋଳିତ	1	1	1	1	EXO 29:27
ଉତ୍ତ୍କ୍ରୋଶ	1	1	1	0	EZK 10:14
ଉତ୍ଥାନ	6	6	5	8	MAT 27:53
ଉତ୍ଥାପନ	21	21	13	23	EXO 23:1
ଉତ୍ଥାପିତ	17	17	9	16	JOB 14:12
ଉତ୍ଥିତ	53	53	18	48	GEN 41:27
ଉତ୍ଥିତା	2	2	1	2	SNG 4:2
ଉତ୍ପତ୍ତି	6	6	4	9	PRO 18:4
ଉତ୍ପତ୍ତିର	1	1	1	1	PSA 90:2
ଉତ୍ପନ୍ନ	240	240	43	236	GEN 1:11
ଉତ୍ପାଟନ	38	38	16	38	GEN 19:21
ଉତ୍ପାଟନକାରୀମାନେ	1	1	1	1	ISA 49:17
ଉତ୍ପାଟନୀୟ	1	1	1	1	2SA 23:6
ଉତ୍ପାଟିତ	25	25	15	25	DEU 28:63
ଉତ୍ପାତ	6	6	6	5	GEN 12:17
ଉତ୍ପାଦକ	4	4	3	5	GEN 3:6
ଉତ୍ପାଦନ	3	3	3	3	PSA 147:8
ଉତ୍ପୀଡ଼କ	3	3	1	3	JER 25:38
ଉତ୍ସନ୍ନ	35	35	9	30	ISA 49:17
ଉତ୍ସନ୍ନ-ସ୍ଥାନ	2	2	2	1	JER 49:33
ଉତ୍ସନ୍ନକାରୀ	2	2	2	0	MAT 24:15
ଉତ୍ସନ୍ନତା	1	1	1	1	JOB 30:3
ଉତ୍ସନ୍ନତାର	1	1	1	1	JER 49:13
ଉତ୍ସନ୍ନତାରୂପ	1	1	1	1	EZK 7:27
ଉତ୍ସନ୍ନତାରେ	1	1	1	1	LAM 1:7
ଉତ୍ସନ୍ନସ୍ଥାନ	1	1	1	0	JER 49:13
ଉତ୍ସବ	33	33	12	38	EXO 5:1
ଉତ୍ସବ-ସପ୍ତାହମାନଙ୍କରେ	1	1	1	1	NUM 28:26
ଉତ୍ସବ-ସମ୍ପର୍କୀୟ	1	1	1	1	EXO 23:18
ଉତ୍ସବକାଳୀନ	1	1	1	1	ISA 3:22
ଉତ୍ସବକୁ	2	2	2	3	AMO 8:10
ଉତ୍ସବର	1	1	1	1	EXO 34:25
ଉତ୍ସବସକଳ	1	1	1	1	NAM 1:15
ଉତ୍ସବାଦି	1	1	1	1	EZK 46:11
ଉତ୍ସର୍ଗ	364	364	40	377	GEN 4:3
ଉତ୍ସର୍ଗକରଣାର୍ଥେ	2	2	1	2	2CH 35:12
ଉତ୍ସର୍ଗକାରୀ	7	7	5	6	LEV 7:9
ଉତ୍ସର୍ଗିତ	1	1	1	9	NUM 28:24
ଉତ୍ସର୍ଗୀକୃତ	6	6	4	17	ACT 15:28
ଉତ୍ସର୍ଗୀତ	1	1	1	1	NUM 5:10
ଉତ୍ସାହ	27	27	13	41	ACT 11:23
ଉତ୍ସାହଜନକ	1	1	1	2	LUK 3:18
ଉତ୍ସାହବାକ୍ୟ	1	1	1	1	HEB 12:5
ଉତ୍ସାହିତ	4	4	4	15	2CO 9:2
ଉତ୍ସୁକ	5	5	2	5	JER 42:15
ଉତ୍ସୃଷ୍ଟ	2	2	1	0	LEV 7:8
ଉଦର	29	29	18	28	NUM 5:21
ଉଦରକୁ	3	3	3	2	2SA 20:10
ଉଦରର	3	3	2	3	PRO 18:8
ଉଦରରୁ	9	9	7	9	GEN 25:23
ଉଦରରେ	9	9	7	8	GEN 38:27
ଉଦରସ୍ଥ	1	1	1	1	JOB 40:16
ଉଦରସ୍ଥାୟୀ	1	1	1	1	ISA 46:3
ଉଦାର	4	4	4	4	DEU 15:14
ଉଦାସିନୀ	1	1	1	1	2SA 13:20
ଉଦିତ	14	14	10	14	NUM 24:17
ଉଦୀୟମାନା	1	1	1	1	SNG 6:10
ଉଦ୍ଗମକୁ	1	1	1	1	PSA 65:8
ଉଦ୍ଗାର	13	13	6	12	LEV 18:25
ଉଦ୍ଗାରକାରୀ	1	1	1	1	JUD 1:13
ଉଦ୍ଗାରିତ	1	1	1	1	REV 12:16
ଉଦ୍ଦେଶ୍ୟ	27	27	14	116	DEU 4:29
ଉଦ୍ଦେଶ୍ୟରେ	622	622	46	626	GEN 4:3
ଉଦ୍ଧତ	3	3	3	3	2SA 22:28
ଉଦ୍ଧାର	314	314	41	353	GEN 45:7
ଉଦ୍ଧାର-କର୍ତ୍ତାମାନେ	1	1	1	0	OBA 1:21
ଉଦ୍ଧାରକର୍ତ୍ତା	15	15	9	18	JDG 3:9
ଉଦ୍ଧାରକର୍ତ୍ତୃଗଣ	1	1	1	0	NEH 9:27
ଉଦ୍ଧାରକାରୀ	2	2	2	2	ISA 43:13
ଉଦ୍ଧାରପ୍ରାପ୍ତ	1	1	1	2	DEU 33:29
ଉଦ୍ଧାରର	1	1	1	5	1CO 10:13
ଉଦ୍ଧାରସାଧକ	1	1	1	1	PSA 68:20
ଉଦ୍ବିଗ୍ନ	55	55	24	46	GEN 32:7
ଉଦ୍ବିଗ୍ନା	2	2	1	2	ISA 32:10
ଉଦ୍ବେଗ	1	1	1	1	JER 49:23
ଉଦ୍ଭାବନ	2	2	2	2	ECC 7:29
ଉଦ୍ଭିଜ୍ଜ	1	1	1	0	EZK 16:7
ଉଦ୍ରେକ	1	1	1	0	ROM 13:14
ଉଦ୍ୟତ	52	52	24	49	GEN 12:11
ଉଦ୍ୟମ	4	4	4	3	2SA 5:24
ଉଦ୍ୟାନ	27	27	12	29	GEN 2:8
ଉଦ୍ୟାନ-ଗୃହର	1	1	1	0	2KI 9:27
ଉଦ୍ୟାନକୁ	7	7	4	7	GEN 2:15
ଉଦ୍ୟାନର	9	9	4	9	GEN 2:9
ଉଦ୍ୟାନରୁ	2	2	2	3	GEN 3:23
ଉଦ୍ୟାନରେ	6	6	5	6	GEN 2:10
ଉଦ୍ୟାନସକଳର	1	1	1	1	ISA 1:29
ଉଦ୍ୟାନସମୂହର	1	1	1	1	SNG 4:15
ଉଦ୍ୟାନସମୂହରେ	1	1	1	1	SNG 6:2
ଉଦ୍ୟାନସ୍ଥ	3	3	3	3	GEN 3:8
ଉଦ୍ୟାନସ୍ଥିତ	3	3	2	3	2KI 21:26
ଉଦ୍ୟୋଗ	20	20	8	0	JOS 22:26
ଉଦ୍ୟୋଗରୂପ	1	1	1	0	ISA 59:17
ଉଦ୍ୟୋଗରେ	2	2	2	0	ROM 12:11
ଉଦ୍ୟୋଗୀ	35	35	18	0	EXO 20:5
ଉଦୟ	13	13	10	14	EST 8:16
ଉଦୟ-ସ୍ଥାନଠାରୁ	2	2	1	2	PSA 50:1
ଉଦୟସ୍ଥାନ	1	1	1	0	JOB 38:13
ଉଧାର	4	4	3	4	2KI 4:3
ଉଧାରି-ବସ୍ତୁ	1	1	1	1	2KI 6:5
ଉନ୍ନତ	98	98	31	98	EXO 15:1
ଉନ୍ନତସବୁ	1	1	1	1	ISA 10:33
ଉନ୍ନତି	11	11	9	17	EZR 9:12
ଉନ୍ନତିପ୍ରାପ୍ତ	1	1	1	1	1CH 14:2
ଉନ୍ନି	2	2	2	2	1CH 15:20
ଉନ୍ନିକୁ	1	1	1	1	1CH 15:18
ଉନ୍ନୋଚନ	1	1	1	0	ACT 26:18
ଉନ୍ମତ୍ତ	9	9	7	4	DEU 28:34
ଉନ୍ମତ୍ତତା	4	4	2	1	ECC 2:12
ଉନ୍ମତ୍ତତାରେ	1	1	1	0	ZEC 12:4
ଉନ୍ମନା	1	1	1	1	PSA 88:15
ଉନ୍ମାଦ	1	1	1	1	DEU 28:28
ଉନ୍ମୁକ୍ତ	18	18	10	16	MAT 3:16
ଉପ-ନଗରରେ	1	1	1	0	JDG 11:26
ଉପ-ପର୍ବତଗଣ	1	1	1	1	EZK 36:4
ଉପ-ପର୍ବତଗଣକୁ	2	2	2	0	EZK 36:6
ଉପ-ପର୍ବତସମୂହ	1	1	1	1	DEU 12:2
ଉପକାର	41	41	22	44	GEN 44:4
ଉପକାରକ	3	3	2	2	ISA 44:9
ଉପକାରଜନକ	2	2	1	2	ISA 30:5
ଉପକାରାର୍ଥେ	1	1	1	1	DEU 33:26
ଉପକାରୀ	9	9	7	8	EXO 18:4
ଉପକାରୀକି	1	1	1	0	JOB 31:21
ଉପକୂଳରୁ	1	1	1	1	LUK 6:17
ଉପକୂଳରେ	1	1	1	1	ACT 27:2
ଉପକ୍ରମ	1	1	1	7	DEU 4:34
ଉପଗତ	3	3	2	1	GEN 19:5
ଉପଜୀବିକା	1	1	1	1	PRO 27:27
ଉପତ୍ୟକା	40	40	15	47	GEN 26:19
ଉପତ୍ୟକା-ଦ୍ୱାର	2	2	1	2	NEH 2:13
ଉପତ୍ୟକା-ଦ୍ୱାରର	1	1	1	0	NEH 3:13
ଉପତ୍ୟକା-ଦ୍ୱାରରେ	1	1	1	1	2CH 26:9
ଉପତ୍ୟକା-ନିକଟସ୍ଥ	1	1	1	1	DEU 4:48
ଉପତ୍ୟକା-ସମୂହରେ	1	1	1	0	ISA 7:19
ଉପତ୍ୟକାକୁ	8	8	6	9	JOS 7:24
ଉପତ୍ୟକାଠାରୁ	1	1	1	1	JOS 15:7
ଉପତ୍ୟକାର	18	18	11	19	DEU 2:36
ଉପତ୍ୟକାରୁ	2	2	2	2	JOS 12:1
ଉପତ୍ୟକାରେ	34	34	19	37	GEN 26:17
ଉପତ୍ୟକାସକଳ	3	3	2	3	PSA 65:13
ଉପତ୍ୟକାସକଳକୁ	2	2	2	2	NUM 21:15
ଉପତ୍ୟକାସବୁ	1	1	1	1	ISA 22:7
ଉପତ୍ୟକାସମୂହକୁ	1	1	1	0	EZK 6:3
ଉପତ୍ୟକାସମୂହର	1	1	1	0	1CH 12:15
ଉପତ୍ୟକାସମୂହରେ	1	1	1	2	PSA 104:10
ଉପତ୍ୟକାସ୍ଥିତ	2	2	2	2	2KI 23:10
ଉପଦେଶ	44	44	13	71	EXO 18:20
ଉପଦେଶକ	6	6	1	15	ECC 1:2
ଉପଦେଶକଙ୍କର	1	1	1	1	ECC 1:1
ଉପଦେଶବାଣୀ	2	2	2	2	MAT 15:9
ଉପଦେଶର	1	1	1	1	ACT 13:15
ଉପଦେଶରେ	1	1	1	1	PRO 23:12
ଉପଦ୍ରବ	59	59	21	51	EXO 22:21
ଉପଦ୍ରବ-ରଚନାକାରୀ	1	1	1	1	PSA 94:20
ଉପଦ୍ରବକାରିଣୀ	1	1	1	1	ZEP 3:1
ଉପଦ୍ରବକାରୀ	3	3	2	3	ISA 3:12
ଉପଦ୍ରବକାରୀକି	1	1	1	0	PSA 72:4
ଉପଦ୍ରବକାରୀମାନଙ୍କ	2	2	2	2	ECC 4:1
ଉପଦ୍ରବକାରୀମାନଙ୍କୁ	1	1	1	1	ISA 49:26
ଉପଦ୍ରବକାରୀର	1	1	1	1	ISA 9:4
ଉପଦ୍ରବଗ୍ରସ୍ତ	8	8	3	9	DEU 28:29
ଉପଦ୍ରବଗ୍ରସ୍ତମାନଙ୍କ	1	1	1	1	PSA 9:9
ଉପଦ୍ରବଗ୍ରସ୍ତମାନଙ୍କର	1	1	1	1	ISA 1:17
ଉପଦ୍ରବଜାତ	1	1	1	1	ISA 33:15
ଉପଦ୍ରବଠାରୁ	1	1	1	1	ISA 54:14
ଉପଦ୍ରବପ୍ରାପ୍ତ	2	2	2	1	ECC 4:1
ଉପଦ୍ରବପ୍ରାପ୍ତଣଲୋକମାନଙ୍କର	1	1	1	0	ECC 4:1
ଉପଦ୍ରବମାନ	1	1	1	1	AMO 3:9
ଉପଦ୍ରବମୟ	1	1	1	1	JER 6:6
ଉପଦ୍ରବର	2	2	2	2	JOB 35:9
ଉପଦ୍ରବରୁ	2	2	2	2	PSA 119:134
ଉପଦ୍ରବରେ	1	1	1	1	PSA 10:7
ଉପଦ୍ରବସବୁ	1	1	1	0	ECC 4:1
ଉପଦ୍ରବୀ	7	7	4	7	2SA 22:49
ଉପଦ୍ରବୀକି	1	1	1	0	PSA 140:11
ଉପଦ୍ରବୀଗଣ	1	1	1	1	PSA 137:3
ଉପଦ୍ରବୀଗଣର	1	1	1	1	ISA 19:20
ଉପଦ୍ରବୀମାନଙ୍କ	2	2	2	2	JOB 6:23
ଉପଦ୍ରବୀମାନେ	1	1	1	1	JOB 27:13
ଉପଦ୍ରବୀର	3	3	2	3	ISA 51:13
ଉପଦ୍ରୁତ	3	3	3	2	ISA 3:5
ଉପଦ୍ରୁତେ	1	1	1	1	ISA 23:12
ଉପଦ୍ୱୀପସମୂହରେ	1	1	1	1	EST 10:1
ଉପନଗର	22	22	5	22	JOS 13:30
ଉପନଗର-ନିବାସୀମାନଙ୍କୁ	3	3	1	3	JDG 1:27
ଉପନଗର-ସମୂହ	1	1	1	0	EZK 27:28
ଉପନଗରମାନରେ	1	1	1	1	JOS 17:16
ଉପନଗରରେ	8	8	3	6	JDG 11:26
ଉପନଗରସକଳ	3	3	2	3	1CH 18:1
ଉପନଗରସବୁ	3	3	1	4	1CH 7:29
ଉପନାମ	5	5	2	5	MRK 3:16
ଉପନାମପ୍ରାପ୍ତ	5	5	1	5	ACT 10:18
ଉପନିବେଶ	1	1	1	1	ACT 16:12
ଉପପତି	2	2	1	2	JDG 19:3
ଉପପତି-ମାନଙ୍କଠାରେ	1	1	1	0	EZK 23:20
ଉପପତିର	1	1	1	1	JER 3:1
ଉପପଥ	1	1	1	1	JDG 5:6
ଉପପଥରେ	1	1	1	1	JER 18:15
ଉପପର୍ବତ	6	6	5	6	JOS 17:11
ଉପପର୍ବତ-ଗଣ	1	1	1	0	ISA 55:12
ଉପପର୍ବତ-ଗଣକୁ	1	1	1	0	EZK 6:3
ଉପପର୍ବତ-ମାନଙ୍କୁ	1	1	1	0	LUK 23:30
ଉପପର୍ବତକୁ	1	1	1	1	JER 50:6
ଉପପର୍ବତଗଣ	13	13	7	14	PSA 72:3
ଉପପର୍ବତଗଣକୁ	3	3	1	6	ISA 40:12
ଉପପର୍ବତଗଣର	1	1	1	1	HOS 4:13
ଉପପର୍ବତଗଣରୁ	1	1	1	0	ZEP 1:10
ଉପପର୍ବତର	1	1	1	1	ISA 2:14
ଉପପର୍ବତରୁ	1	1	1	1	JER 16:16
ଉପପର୍ବତରେ	6	6	5	6	JOS 11:2
ଉପପର୍ବତସକଳ	1	1	1	1	AMO 9:13
ଉପପର୍ବତସବୁ	2	2	2	2	JER 4:24
ଉପପର୍ବତସମୂହରୁ	1	1	1	1	JER 3:23
ଉପପର୍ବତସ୍ଥିତ	1	1	1	0	JOS 12:23
ଉପବନ	2	2	2	2	ECC 2:5
ଉପବନବାସିନୀ	1	1	1	1	SNG 8:13
ଉପବାସ	64	64	20	74	JDG 20:26
ଉପବାସ-ଦିନ	1	1	1	0	JER 36:6
ଉପବାସର	3	3	2	4	1KI 21:9
ଉପବାସରେ	4	4	3	4	PSA 109:24
ଉପବିଷ୍ଟ	68	68	25	70	GEN 19:1
ଉପବିଷ୍ଟା	2	2	1	2	REV 17:9
ଉପବେଶନ	13	13	7	8	MAT 5:1
ଉପଭୁକ୍ତା	1	1	1	1	GEN 24:16
ଉପମା	9	9	5	9	PSA 89:6
ଉପମା-କଥା	1	1	1	1	HAB 2:6
ଉପଯୁକ୍ତ	36	36	26	38	EXO 8:26
ଉପଯୋଗୀ	4	4	4	4	GEN 13:6
ଉପର	39	39	18	46	EXO 25:11
ଉପର-ଦ୍ୱାର	2	2	2	0	2KI 15:35
ଉପର-ପଟ	1	1	1	1	2SA 11:21
ଉପରକୁ	130	130	27	135	GEN 27:12
ଉପରଭାଗ	2	2	2	2	ISA 28:25
ଉପରଭାଗର	1	1	1	0	NEH 3:28
ଉପରରୁ	2	2	2	2	GEN 6:16
ଉପରି	1	1	1	4	ZEC 4:2
ଉପରିଭାଗର	1	1	1	0	1KI 10:19
ଉପରିଭାଗରୁ	1	1	1	0	EXO 25:22
ଉପରିଭାଗରେ	1	1	1	0	1KI 7:20
ଉପରିସ୍ଥ	71	71	18	93	GEN 1:20
ଉପରିସ୍ଥିତ	16	16	5	6	EXO 29:21
ଉପରୁ	22	22	12	25	GEN 8:13
ଉପରେ	2007	2007	60	2075	GEN 1:2
ଉପରୋକ୍ତ	2	2	2	2	1SA 17:27
ଉପଲକ୍ଷରେ	1	1	1	1	NUM 25:2
ଉପଲକ୍ଷ୍ୟରେ	2	2	2	2	GEN 45:7
ଉପଶମ	5	5	3	4	JOB 7:13
ଉପସାଗର	1	1	1	1	JOS 18:19
ଉପସ୍ତମ୍ଭ	10	10	1	10	EZK 40:14
ଉପସ୍ତମ୍ଭମାନଙ୍କ	1	1	1	1	EZK 40:49
ଉପସ୍ତମ୍ଭର	1	1	1	1	EZK 41:1
ଉପସ୍ତମ୍ଭସକଳ	3	3	1	3	EZK 40:9
ଉପସ୍ତମ୍ଭସକଳର	6	6	1	6	EZK 40:16
ଉପସ୍ଥାପିତ	1	1	1	1	COL 1:28
ଉପସ୍ଥିତ	733	733	58	731	GEN 6:13
ଉପସ୍ଥିତି	1	1	1	4	PHP 1:26
ଉପସ୍ଥିତିକୁ	1	1	1	1	2KI 3:14
ଉପହାର	232	232	18	239	EXO 25:2
ଉପହାରଜନକ	1	1	1	1	2SA 1:21
ଉପହାରପ୍ରିୟ	1	1	1	1	PRO 29:4
ଉପହାରର	4	4	3	7	LEV 10:12
ଉପହାରରୁ	3	3	1	3	LEV 6:17
ଉପହାରରୂପ	1	1	1	1	EZK 45:6
ଉପହାରାର୍ଥକ	2	2	2	2	EZK 40:43
ଉପହାରାର୍ଥେ	1	1	1	1	LEV 7:5
ଉପହାସ	12	12	8	12	JDG 16:10
ଉପହାସକମାନଙ୍କ	1	1	1	1	PSA 35:16
ଉପହାସର	9	9	7	11	DEU 28:37
ଉପହାସରେ	1	1	1	1	PSA 123:4
ଉପାଡ଼ି	13	13	6	14	NUM 16:14
ଉପାଡ଼ିପକାଅ	1	1	1	0	MRK 9:47
ଉପାଡ଼ିବା	1	1	1	1	ISA 50:6
ଉପାଡ଼ିବାର	1	1	1	1	ECC 3:2
ଉପାଧି	1	1	1	1	ISA 45:4
ଉପାରସୀନ	1	1	1	1	DAN 5:25
ଉପାର୍ଜନ	1	1	1	1	HAB 2:9
ଉପାର୍ଜ୍ଜନ	3	3	2	3	GEN 31:18
ଉପାର୍ଜ୍ଜନରେ	1	1	1	1	PRO 18:20
ଉପାର୍ଜ୍ଜିତ	3	3	1	3	GEN 31:18
ଉପାସକ	1	1	1	1	JHN 4:23
ଉପାସକ-ମାନଙ୍କର	1	1	1	0	HEB 13:10
ଉପାସକକୁ	1	1	1	1	HEB 9:9
ଉପାସକମାନଙ୍କୁ	1	1	1	1	HEB 10:1
ଉପାସକମାନେ	2	2	2	2	JHN 4:23
ଉପାସନା	28	28	9	50	MAT 4:10
ଉପାସନାରୂପ	1	1	1	1	JHN 16:2
ଉପାୟ	8	8	8	9	EXO 13:9
ଉପାୟର	1	1	1	1	2SA 14:14
ଉପାୟରେ	6	6	5	6	JDG 16:5
ଉପାୟସବୁ	1	1	1	1	ISA 32:7
ଉପୁଡ଼ା	2	2	2	2	ISA 33:20
ଉପୁଡ଼ାଗଲେ	1	1	1	1	1SA 11:2
ଉପୁଡ଼ାଯାଇ	1	1	1	1	LUK 17:6
ଉପୁଡ଼ିଯାଏ	2	2	1	2	LEV 13:40
ଉପେକ୍ଷା	4	4	3	4	MIC 7:18
ଉଫସର	1	1	1	1	DAN 10:5
ଉଫସରୁ	1	1	1	1	JER 10:9
ଉବୁଡ଼	19	19	6	19	PSA 95:6
ଉଭା	10	10	9	8	EXO 25:19
ଉଭୟ	47	47	27	61	EXO 22:9
ଉଭୟକୁ	7	7	5	7	PSA 135:8
ଉଭୟଙ୍କ	10	10	8	10	EXO 22:11
ଉଭୟଙ୍କର	5	5	5	4	LUK 7:42
ଉଭୟଙ୍କୁ	7	7	5	7	1SA 5:9
ଉଭୟର	10	10	7	11	EXO 35:18
ଉଭୟରେ	1	1	1	1	1CO 10:21
ଉଭୟେ	5	5	4	4	2KI 4:33
ଉମ୍ମା	1	1	1	1	JOS 19:30
ଉରସ୍ତ୍ରାଣ	5	5	3	5	EPH 6:14
ଉରୀମ୍	2	2	2	2	EXO 28:30
ଉରୀୟ	1	1	1	0	ISA 8:2
ଉରୀୟଙ୍କ	1	1	1	1	MAT 1:6
ଉରୁ	1	1	1	0	EZK 24:4
ଉରୋଗାମୀ	31	31	9	31	GEN 1:24
ଉରୋଗାମୀର	1	1	1	1	DEU 32:24
ଉରୋମଣି	1	1	1	1	EXO 35:22
ଉର୍ଦ୍ଧ୍ୱଗମନ	1	1	1	4	GEN 35:13
ଉର୍ଦ୍ଧ୍ୱଦୃଷ୍ଟି	1	1	1	2	PSA 121:1
ଉର୍ବର	2	2	2	4	NUM 13:20
ଉର୍ବରତାବିହୀନ	1	1	1	1	GEN 27:39
ଉର୍ବରତାରୁ	1	1	1	1	GEN 27:28
ଉର୍ବରା	11	11	5	10	NEH 9:25
ଉର୍ବରାକ୍ଷେତ୍ର	1	1	1	0	JER 4:26
ଉର୍ବାଣଙ୍କୁ	1	1	1	1	ROM 16:9
ଉଲକକୁ	1	1	1	0	PRO 30:1
ଉଲଙ୍ଗ	22	22	11	11	GEN 2:25
ଉଲଙ୍ଗକୁ	3	3	2	3	ISA 58:7
ଉଲଙ୍ଗତା	20	20	10	19	GEN 3:10
ଉଲଙ୍ଗତାର	2	2	2	1	GEN 3:7
ଉଲଙ୍ଗତାରେ	2	2	2	1	DEU 28:48
ଉଲଙ୍ଗିନୀ	5	5	2	5	LAM 4:21
ଉଲମ୍	1	1	1	1	1CH 7:16
ଉଲମ୍ର	1	1	1	1	1CH 7:17
ଉଲ୍ଲଙ୍ଘନ	1	1	1	1	JER 5:22
ଉଲ୍ଲର	1	1	1	1	1CH 7:39
ଉଲ୍ଲସିତ	20	20	8	23	JOB 3:22
ଉଲ୍ଲାସ	45	45	13	48	1CH 16:31
ଉଲ୍ଲାସ-କାରୀମାନଙ୍କର	1	1	1	0	ISA 24:8
ଉଲ୍ଲାସକାରିଣୀ	2	2	2	2	ISA 23:7
ଉଲ୍ଲାସକାରୀ	1	1	1	1	ISA 5:14
ଉଲ୍ଲାସକାରୀ-ଗଣଙ୍କୁ	1	1	1	0	ISA 13:3
ଉଲ୍ଲାସକାରୀମାନଙ୍କୁ	1	1	1	1	ZEP 3:11
ଉଲ୍ଲାସପ୍ରିୟ	1	1	1	1	ISA 32:13
ଉଲ୍ଲାସପ୍ରିୟେ	1	1	1	1	ISA 22:2
ଉଲ୍ଲାସର	1	1	1	1	LUK 1:14
ଉଲ୍ଲାସରେ	2	2	2	2	PSA 45:15
ଉଲ୍ଲାସିତ	2	2	2	2	PSA 48:11
ଉଲ୍ଲିଖିତ	4	4	3	3	1CH 6:65
ଉଲ୍ଲେଖ	11	11	10	21	2CH 35:25
ଉଲ୍ଲେଖପୂର୍ବକ	1	1	1	1	1TH 1:3
ଉଲ୍ଳସିତ	2	2	1	0	JOL 2:21
ଉଲ୍ଳାସ	2	2	2	0	JOL 1:16
ଉଳୟ	2	2	1	2	DAN 8:2
ଉଶ୍ୱାସ	3	3	3	3	EXO 18:22
ଉଷ	10	10	3	10	2SA 6:3
ଉଷଃ	1	1	1	1	1CH 6:29
ଉଷକୁ	2	2	2	2	2SA 6:8
ଉଷର	4	4	3	4	2KI 21:18
ଉଷି	7	7	3	8	1CH 6:6
ଉଷିକି	1	1	1	0	1CH 6:5
ଉଷିର	2	2	2	3	1CH 7:3
ଉଷିୟର	1	1	1	0	ZEC 14:5
ଉଷୀର	1	1	1	0	1CH 9:8
ଉଷୀୟ	16	16	6	16	1CH 6:24
ଉଷୀୟଙ୍କର	7	7	2	6	2KI 15:13
ଉଷୀୟଙ୍କୁ	2	2	1	2	2CH 26:1
ଉଷୀୟର	4	4	4	5	1CH 27:25
ଉଷୀୟେଲ	6	6	4	9	EXO 6:18
ଉଷୀୟେଲ-ସନ୍ତାନଗଣ	1	1	1	1	1CH 15:10
ଉଷୀୟେଲକୁ	1	1	1	1	1CH 4:42
ଉଷୀୟେଲର	4	4	3	5	EXO 6:22
ଉଷୀୟେଲୀୟ	1	1	1	1	NUM 3:27
ଉଷୀୟେଲୀୟମାନଙ୍କ	1	1	1	1	1CH 26:23
ଉଷୀୟେଲ୍	3	3	2	0	1CH 6:2
ଉଷେନ୍	1	1	1	0	1CH 7:24
ଉଷ୍ଟ୍ର	13	13	10	5	LEV 11:16
ଉଷ୍ଟ୍ରଗଣ	3	3	3	2	1KI 10:2
ଉଷ୍ଟ୍ରଗଣକୁ	1	1	1	0	JER 49:29
ଉଷ୍ଟ୍ରଗଣର	2	2	2	2	1CH 27:30
ଉଷ୍ଟ୍ରପକ୍ଷିଣୀର	1	1	1	0	JOB 39:13
ଉଷ୍ଟ୍ରପକ୍ଷୀ	3	3	3	3	DEU 14:15
ଉଷ୍ଟ୍ରପକ୍ଷୀ-ଗଣର	1	1	1	0	ISA 34:13
ଉଷ୍ଟ୍ରପକ୍ଷୀଙ୍କର	1	1	1	1	JOB 30:29
ଉଷ୍ଟ୍ରପକ୍ଷୀମାନେ	1	1	1	0	JER 50:39
ଉଷ୍ଟ୍ରପଲ	1	1	1	1	JOB 1:17
ଉଷ୍ଟ୍ରର	1	1	1	0	2KI 8:9
ଉଷ୍ଟ୍ରଶାଳା	1	1	1	1	EZK 25:5
ଉଷ୍ଟ୍ରାରୋହୀ	1	1	1	1	ISA 21:7
ଉଷ୍ଟ୍ରୀ	2	2	2	2	GEN 32:15
ଉଷ୍ଣ	13	13	7	13	GEN 36:24
ଉଷ୍ଣତା	2	2	1	2	1KI 1:1
ଉଷ୍ଦେଶସ୍ଥ	1	1	1	0	JER 25:20
ଉଷ୍ମ	2	2	2	2	JER 4:11
ଉଷୟର	1	1	1	1	NEH 3:25
ଉସଲ	1	1	1	0	1CH 1:21
ଉସ୍କାଇବାରୁ	1	1	1	0	HOS 7:4
ଉହାଡ଼	1	1	1	1	1SA 25:20
ଉହାଡ଼ରେ	2	2	2	1	PSA 61:4
ଉହାଡ଼େ	4	4	1	0	ACT 27:4
ଉହ୍ମାଇରେ	4	4	3	4	PSA 12:6
ଉହ୍ଳାଇ	3	3	1	0	EZK 22:18
ଉୟେଲ	1	1	1	1	EZR 10:34
ଊଣଚାଳିଶ	1	1	1	0	2CO 11:24
ଊଣତିରିଶ	1	1	1	1	JOS 15:32
ଊଣଷଠି	2	2	1	2	NUM 1:23
ଊଣସ୍ତରି	1	1	1	1	GEN 5:27
ଊଣା	49	49	28	44	GEN 8:5
ଊଣାଇଶ	4	4	4	4	GEN 11:25
ଊଣାଧିକ	22	22	7	21	EXO 32:28
ଊଣାଧିକେ	1	1	1	0	RUT 2:17
ଊଣେଇଶ	1	1	1	1	JER 52:12
ଊଥୟ	2	2	2	2	1CH 9:4
ଊନତ୍ରିଂଶ	2	2	2	1	GEN 11:24
ଊନବିଂଶ	2	2	1	2	1CH 24:16
ଊର	2	2	2	2	GEN 11:28
ଊରଠାରୁ	2	2	1	2	GEN 11:31
ଊରର	1	1	1	1	1CH 11:35
ଊରି	2	2	2	2	1CH 2:20
ଊରିକି	1	1	1	0	1CH 2:20
ଊରିର	5	5	3	5	EXO 31:2
ଊରୀମର	1	1	1	1	NUM 27:21
ଊରୀମ୍	4	4	4	4	LEV 8:8
ଊରୀୟ	22	22	6	23	2SA 11:7
ଊରୀୟକୁ	9	9	2	9	2SA 11:6
ଊରୀୟର	8	8	3	8	2SA 11:3
ଊରୀୟେଲ	2	2	1	2	1CH 6:24
ଊରୀୟେଲକୁ	1	1	1	1	1CH 15:11
ଊରୀୟେଲର	1	1	1	1	2CH 13:2
ଊରୁ	4	4	2	6	NUM 5:21
ଊରୁଦେଶର	4	4	2	4	GEN 32:25
ଊରୁଦେଶରେ	1	1	1	1	EZK 21:12
ଊରୁସନ୍ଧି	2	2	1	2	GEN 32:25
ଊର୍ଦ୍ଧଦୃଷ୍ଟି	1	1	1	0	LUK 21:28
ଊର୍ଦ୍ଧ୍ୱ	10	10	9	3	EXO 14:8
ଊର୍ଦ୍ଧ୍ୱକୁ	27	27	12	17	EXO 17:11
ଊର୍ଦ୍ଧ୍ୱଗତ	1	1	1	0	EXO 16:14
ଊର୍ଦ୍ଧ୍ୱଗମନ	4	4	3	1	GEN 17:22
ଊର୍ଦ୍ଧ୍ୱଗାମୀ	5	5	5	3	JOS 16:1
ଊର୍ଦ୍ଧ୍ୱଦୃଷ୍ଟି	10	10	6	5	PSA 123:1
ଊର୍ଦ୍ଧ୍ୱବର୍ତ୍ତୀ	1	1	1	1	PSA 10:5
ଊର୍ଦ୍ଧ୍ୱବାସୀ	2	2	2	2	JOB 31:28
ଊର୍ଦ୍ଧ୍ୱବାସୀମାନଙ୍କର	1	1	1	1	JOB 21:22
ଊର୍ଦ୍ଧ୍ୱବିସ୍ତାରିତ	1	1	1	0	EXO 37:9
ଊର୍ଦ୍ଧ୍ୱବୟସ୍କ	2	2	1	0	1CH 23:3
ଊର୍ଦ୍ଧ୍ୱମୁଖ	1	1	1	0	GEN 4:7
ଊର୍ଦ୍ଧ୍ୱରୁ	18	18	12	12	JOS 3:16
ଊର୍ଦ୍ଧ୍ୱରେ	26	26	14	8	EXO 39:31
ଊର୍ଦ୍ଧ୍ୱଲୋକରେ	5	5	3	4	ISA 7:11
ଊର୍ଦ୍ଧ୍ୱଶ୍ୱାସରେ	1	1	1	1	JER 8:6
ଊର୍ଦ୍ଧ୍ୱସ୍ଥ	11	11	11	7	GEN 1:7
ଊର୍ଦ୍ଧ୍ୱସ୍ଥଙ୍କ	2	2	1	2	HOS 7:16
ଊର୍ଦ୍ଧ୍ୱସ୍ଥମାନଙ୍କର	1	1	1	0	ISA 24:21
ଊର୍ଦ୍ଧ୍ୱସ୍ଥାନ	1	1	1	2	ISA 26:5
ଊର୍ଦ୍ଧ୍ୱସ୍ଥାନର	1	1	1	0	COL 3:1
ଊର୍ଦ୍ଧ୍ୱସ୍ଥାନରୁ	1	1	1	1	JHN 8:23
ଊର୍ଦ୍ଧ୍ୱସ୍ଥାନରେ	1	1	1	0	PSA 148:1
ଊର୍ଦ୍ଧ୍ୱହସ୍ତରେ	2	2	1	0	NUM 15:30
ଊଲମ	1	1	1	1	1CH 8:39
ଊଲମର	1	1	1	1	1CH 8:40
ଊଷ	2	2	2	0	GEN 22:21
ଊଷଲ	1	1	1	2	GEN 10:27
ଊଷୀୟେଲର	1	1	1	0	LEV 10:4
ଊଷ୍	2	2	1	8	GEN 10:23
ଊସ୍	2	2	1	0	1CH 1:17
ଋଣ	41	41	10	43	EXO 22:25
ଋଣକ୍ଷମା	1	1	1	1	DEU 31:10
ଋଣକ୍ଷମାର	3	3	1	3	DEU 15:2
ଋଣଗ୍ରସ୍ତ	1	1	1	1	1SA 22:2
ଋଣୀ	8	8	4	9	PRO 22:7
ଋଣୀକୁ	1	1	1	1	EZK 18:7
ଋଣୀର	1	1	1	1	PRO 22:26
ଋତ	1	1	1	0	GEN 38:6
ଋତୁ	9	9	6	10	GEN 1:14
ଋତୁଗୁଡ଼ିକ	1	1	1	0	ACT 14:17
ଋତୁମତୀ	1	1	1	1	EZK 18:6
ଋତୁରେ	4	4	4	4	DEU 16:6
ଋତୁସ୍ନାନ	1	1	1	1	2SA 11:4
ଏ	481	481	44	431	GEN 2:23
ଏଆଡ଼େ	5	5	4	5	JOS 8:20
ଏଇଟା	4	4	2	3	1SA 10:27
ଏଇଟାକୁ	2	2	2	1	1KI 22:27
ଏଇଟାର	1	1	1	1	1SA 25:21
ଏଇଟି	1	1	1	1	EXO 2:6
ଏଉତ୍ତାରୁ	20	20	8	12	GEN 1:11
ଏଉତ୍ତାରେ	433	433	24	359	GEN 30:21
ଏକ	2114	2114	58	2329	GEN 1:9
ଏକ-ପ୍ରକାର	1	1	1	0	1CO 15:39
ଏକ-ଲୋକ	2	2	1	2	GEN 34:16
ଏକଆଡ଼େ	1	1	1	1	1KI 18:6
ଏକଆରେକ	7	7	6	3	GEN 42:28
ଏକଆରେକଠାରୁ	2	2	2	2	GEN 13:11
ଏକଆରେକର	10	10	5	1	LEV 20:17
ଏକକାଳୀନ	1	1	1	1	2SA 23:8
ଏକକୁ	4	4	4	4	NUM 14:4
ଏକକୁଆରେକ	2	2	2	0	EZK 33:30
ଏକଖଣ୍ଡ	1	1	1	0	EZK 2:9
ଏକଗୁୟାଁ	1	1	1	0	PRO 6:12
ଏକଗୋଟି	1	1	1	1	EZK 46:4
ଏକଚାଳିଶ	7	7	4	7	NUM 1:41
ଏକଚିତ୍ତ	6	6	5	6	1CH 12:38
ଏକଚିତ୍ତରେ	4	4	1	4	ACT 1:14
ଏକଜଣ	10	10	7	4	EXO 21:18
ଏକଜଣର	1	1	1	0	EXO 21:35
ଏକଣଶହ	1	1	1	0	NEH 5:17
ଏକତା	1	1	1	5	EPH 4:13
ଏକତାନ	1	1	1	1	PSA 98:5
ଏକତିରିଶ	3	3	3	3	1KI 16:23
ଏକତୋଡ଼ା	1	1	1	0	PRO 1:14
ଏକତ୍ର	352	352	43	358	GEN 13:6
ଏକତ୍ରରେ	1	1	1	0	JDG 4:10
ଏକତ୍ରିଂଶ	1	1	1	1	JOS 12:24
ଏକତ୍ରିତ	68	68	20	69	NUM 10:3
ଏକତ୍ରୀକୃତ	8	8	4	7	EZR 2:64
ଏକଥର	1	1	1	0	JER 16:21
ଏକଥା	15	15	7	19	GEN 12:19
ଏକଦିନରେ	1	1	1	0	GEN 27:45
ଏକଦୃଷ୍ଟିରେ	15	15	5	16	MAT 19:26
ଏକପରାମର୍ଶ	2	2	2	0	AMO 3:3
ଏକପାଖେ	1	1	1	1	1SA 14:4
ଏକପାତ୍ର	1	1	1	0	JDG 6:38
ଏକପାର୍ଶ୍ୱସ୍ଥ	1	1	1	0	EXO 26:26
ଏକପ୍ରକାର	9	9	5	0	JHN 7:10
ଏକପ୍ରାଣ	1	1	1	1	ACT 4:32
ଏକବର୍ଷୀୟ	48	48	3	47	EXO 29:38
ଏକବର୍ଷୀୟା	1	1	1	1	LEV 14:10
ଏକବିଂଶ	3	3	2	3	1CH 24:17
ଏକଭାବାପନ୍ନ	1	1	1	1	PHP 2:2
ଏକମତ	6	6	2	11	JHN 9:22
ଏକମତରେ	1	1	1	0	LUK 14:18
ଏକମନରେ	1	1	1	1	ZEP 3:9
ଏକମନା	12	12	9	12	JOB 23:13
ଏକମାତ୍ର	34	34	20	43	GEN 22:12
ଏକମୁଖରେ	2	2	2	0	1KI 22:13
ଏକମେଳ	2	2	1	2	ISA 54:15
ଏକମେଳି	2	2	1	1	NUM 14:35
ଏକଯୋଗରେ	2	2	1	1	ACT 7:57
ଏକର	7	7	5	8	GEN 4:19
ଏକରୁ	1	1	1	1	EZK 47:13
ଏକରୂପ	2	2	2	2	1SA 6:4
ଏକଲକ୍ଷ	1	1	1	1	JDG 8:10
ଏକଲା	1	1	1	1	JER 49:31
ଏକଶତ	13	13	7	9	EXO 27:9
ଏକଶହ	17	17	6	14	GEN 7:24
ଏକଷଠି	3	3	2	3	NUM 31:34
ଏକସଙ୍ଗରେ	1	1	1	3	ROM 8:22
ଏକସଙ୍ଗେ	2	2	1	2	PSA 48:4
ଏକସାଙ୍ଗରେ	1	1	1	2	JHN 20:4
ଏକସ୍ୱରରେ	3	3	3	2	EXO 24:3
ଏକହଳ	1	1	1	0	1SA 11:7
ଏକା	30	30	17	10	1SA 21:1
ଏକାଂଶ	4	4	3	4	EXO 27:2
ଏକାକିନୀ	3	3	2	3	ISA 49:21
ଏକାକୀ	49	49	23	49	GEN 2:18
ଏକାଗ୍ର	6	6	4	5	LUK 19:48
ଏକାଗ୍ରତାରେ	1	1	1	1	ACT 11:23
ଏକାଗ୍ରଭାବେ	3	3	3	3	ACT 6:4
ଏକାଙ୍ଗ	7	7	5	7	GEN 2:24
ଏକାଠି	15	15	4	20	MAT 13:28
ଏକାଥରକେ	5	5	3	5	1SA 26:8
ଏକାଥରେ	2	2	2	1	ROM 6:10
ଏକାଦଶ	26	26	15	24	GEN 32:22
ଏକାଦଶଙ୍କ	1	1	1	0	ACT 2:14
ଏକାଦଶଙ୍କୁ	1	1	1	0	LUK 24:33
ଏକାଦିନରେ	1	1	1	0	ISA 9:14
ଏକାଦିନେ	1	1	1	1	LEV 22:28
ଏକାବନ	1	1	1	1	NUM 2:16
ଏକାବେଳକେ	2	2	2	1	NUM 13:30
ଏକାବେଳେ	19	19	11	17	NUM 11:15
ଏକାସଙ୍ଗେ	2	2	2	2	1CH 10:6
ଏକୀଭୂତ	3	3	2	3	ROM 6:5
ଏକୋଇଶ	6	6	5	6	EXO 12:18
ଏକୋଇଶ୍	2	2	2	2	2CH 36:11
ଏକ୍ଷଣେ	3	3	2	1	1SA 12:7
ଏଗାର	15	15	9	20	NUM 29:20
ଏଗୁଡ଼ାକ	1	1	1	1	JHN 2:16
ଏଗୁଡ଼ିକ	2	2	2	2	MAT 6:29
ଏଜଣ	2	2	1	2	PSA 87:5
ଏଜନୀୟ	1	1	1	0	2SA 23:8
ଏଜୋପନଳରେ	1	1	1	1	JHN 19:29
ଏଜୋବ	1	1	1	1	HEB 9:19
ଏଜ୍ରା	24	24	2	35	EZR 7:1
ଏଜ୍ରା-ବଂଶର	1	1	1	1	NEH 12:13
ଏଜ୍ରାକୁ	1	1	1	0	EZR 10:2
ଏଜ୍ରାର	1	1	1	1	1CH 4:17
ଏଟମ୍	2	2	1	0	JDG 15:8
ଏଟାକୁ	1	1	1	0	2SA 13:17
ଏଠାକୁ	34	34	15	34	GEN 42:15
ଏଠାରୁ	14	14	10	14	GEN 19:14
ଏଠାରେ	104	104	27	109	GEN 16:13
ଏଠି	4	4	2	4	NUM 11:6
ଏଠିକି	4	4	4	4	RUT 4:1
ଏଡ଼େ	17	17	12	16	GEN 39:9
ଏଣିକି	3	3	3	3	1KI 12:16
ଏଣୁ	531	531	50	536	GEN 3:17
ଏଣୁକରି	38	38	7	11	GEN 11:7
ଏଣୁଫାରୋଙ୍କର	1	1	1	0	GEN 47:22
ଏଣେ	2	2	2	3	2KI 4:35
ଏଣେତେଣେ	46	46	19	45	GEN 8:7
ଏଣ୍ଡୁଅ	2	2	1	3	LEV 11:29
ଏତଦ୍	1	1	1	0	MAL 3:10
ଏତଦ୍ଦ୍ୱାରା	7	7	5	4	EXO 7:17
ଏତିକି	9	9	7	9	GEN 37:32
ଏତେ	51	51	28	52	GEN 23:1
ଏତେକାଳ	2	2	2	2	JHN 14:9
ଏତେବେଳକୁ	1	1	1	0	EXO 9:15
ଏତେବେଳେ	5	5	4	5	GEN 27:3
ଏତ୍କାତ୍ସୀନ	1	1	1	1	JOS 19:13
ଏତ୍ସମରେ	1	1	1	0	1CH 4:29
ଏତ୍ସମ୍	2	2	1	2	JOS 15:29
ଏତ୍ସର	3	3	2	3	GEN 36:21
ଏତ୍ସରର	2	2	2	2	GEN 36:27
ଏତ୍ସର୍	1	1	1	0	GEN 36:30
ଏଥନ	1	1	1	0	1CH 15:19
ଏଥନକୁ	1	1	1	0	1CH 15:17
ଏଥନର	2	2	2	0	1CH 6:42
ଏଥନ୍	3	3	2	5	1KI 4:31
ଏଥନ୍ର	1	1	1	3	1CH 2:8
ଏଥପାଇଁ	1	1	1	0	NUM 9:13
ଏଥମ	1	1	1	1	NUM 33:8
ଏଥମରୁ	1	1	1	1	NUM 33:7
ଏଥମରେ	1	1	1	2	NUM 33:6
ଏଥମ୍ରେ	1	1	1	0	EXO 13:20
ଏଥର	7	7	5	6	GEN 2:23
ଏଥର୍	1	1	1	2	JOS 15:42
ଏଥାନୀମ	1	1	1	1	1KI 8:2
ଏଥି	109	109	21	176	GEN 24:45
ଏଥି-ନିମନ୍ତେ	1	1	1	0	JHN 18:28
ଏଥିଉତ୍ତାରୁ	18	18	4	0	GEN 1:20
ଏଥିଉତ୍ତାରେ	92	92	18	1079	GEN 26:26
ଏଥିନିମନ୍ତେ	138	138	27	18	GEN 18:5
ଏଥିନିମିତ୍ତ	1	1	1	1	GEN 29:18
ଏଥିପାଇଁ	634	634	58	680	GEN 3:23
ଏଥିପୂର୍ବେ	11	11	7	10	JOS 3:4
ଏଥିପ୍ରତି	1	1	1	0	2CH 24:22
ଏଥିମଧ୍ୟରୁ	1	1	1	1	EZK 18:10
ଏଥିମଧ୍ୟରେ	21	21	10	22	GEN 24:63
ଏଥିର	25	25	16	25	GEN 31:52
ଏଥିରୁ	9	9	8	9	LEV 14:22
ଏଥିରେ	639	639	40	642	GEN 3:6
ଏଥିଲାଗି	2	2	2	1	JOS 7:12
ଏଥିସକାଶୁ	1	1	1	11	HEB 5:3
ଏଥିସକାଶେ	14	14	8	13	JHN 1:22
ଏଥୁଅନ୍ତେ	1	1	1	0	GEN 2:2
ଏଥେନ୍ସ୍	1	1	1	2	ACT 17:15
ଏଦନ	6	6	4	13	GEN 2:15
ଏଦନ-ବଂଶରୁ	1	1	1	0	AMO 1:5
ଏଦନ-ସନ୍ତାନମାନଙ୍କୁ	1	1	1	0	ISA 37:12
ଏଦନର	4	4	3	3	GEN 4:16
ଏଦନରୁ	1	1	1	1	GEN 2:10
ଏଦନରେ	2	2	2	1	GEN 2:8
ଏଦନସ୍ଥ	2	2	1	2	EZK 31:18
ଏଦନ୍	3	3	3	0	2KI 19:12
ଏଦର	5	5	3	5	GEN 35:21
ଏଦେଶକୁ	1	1	1	0	JOS 2:18
ଏଦ୍	1	1	1	1	JOS 22:34
ଏନିମନ୍ତେ	133	133	31	115	GEN 2:24
ଏନୀୟ	2	2	1	2	ACT 9:33
ଏନୋନରେ	1	1	1	1	JHN 3:23
ଏନୋଶ	1	1	1	1	LUK 3:38
ଏନୋଶଙ୍କ	1	1	1	1	LUK 3:38
ଏପରକି	1	1	1	0	1TH 1:7
ଏପରି	674	674	60	656	GEN 4:14
ଏପରିକି	13	13	9	18	PSA 78:60
ଏପର୍ଯ୍ୟନ୍ତ	44	44	25	45	GEN 10:9
ଏପାଇନେତଙ୍କୁ	1	1	1	1	ROM 16:5
ଏପାଖ	1	1	1	1	EZK 40:10
ଏପାଖରେ	15	15	3	15	1SA 20:21
ଏପାଖେ	14	14	5	14	EXO 17:12
ଏପାଫ୍ରଦିତଙ୍କୁ	1	1	1	1	PHP 2:25
ଏପାଫ୍ରା	2	2	2	3	COL 4:12
ଏପାଫ୍ରାଙ୍କଠାରୁ	1	1	1	1	COL 1:7
ଏପାଫ୍ରାଦିତଙ୍କ	1	1	1	1	PHP 4:18
ଏପାରସ୍ଥ	1	1	1	1	JOS 9:1
ଏପାରି	1	1	1	1	JOS 12:7
ଏପାରିସ୍ଥିତ	1	1	1	1	1KI 4:24
ଏପାର୍ଶ୍ୱ-ସେପାର୍ଶ୍ୱରେ	1	1	1	0	EXO 26:13
ଏପାର୍ଶ୍ୱରୁ	1	1	1	0	EZK 4:8
ଏପାର୍ଶ୍ୱରେ	3	3	1	0	EXO 26:13
ଏପିକୂରୀୟ	1	1	1	0	ACT 17:18
ଏପ୍ରକାର	34	34	19	34	GEN 18:33
ଏପ୍ରକାରେ	1	1	1	0	GEN 17:22
ଏଫର	4	4	3	5	GEN 25:4
ଏଫର୍	1	1	1	0	1CH 4:17
ଏଫସ୍-ଦମ୍ମୀମରେ	1	1	1	1	1SA 17:1
ଏଫି	1	1	1	0	EPH 3:1
ଏଫିସ	6	6	2	13	ACT 19:1
ଏଫିସକୁ	4	4	2	3	ACT 18:19
ଏଫିସର	1	1	1	1	ACT 21:29
ଏଫିସରୁ	1	1	1	2	ACT 18:21
ଏଫିସରେ	6	6	5	10	ACT 19:26
ଏଫିସୀୟ	1	1	1	12	ACT 19:35
ଏଫିସୀୟ-ମାନଙ୍କର	1	1	1	0	ACT 19:28
ଏଫିସୀୟମାନଙ୍କର	1	1	1	2	ACT 19:34
ଏଫୋଦ	23	23	7	29	EXO 28:4
ଏଫୋଦ-ପରିଧାନକାରୀ	1	1	1	1	1SA 22:18
ଏଫୋଦ-ବସ୍ତ୍ର	1	1	1	1	EXO 39:2
ଏଫୋଦଓ	1	1	1	0	EXO 25:7
ଏଫୋଦକୁ	1	1	1	1	LEV 8:7
ଏଫୋଦବସ୍ତ୍ର	1	1	1	0	EXO 28:6
ଏଫୋଦବସ୍ତ୍ରର	3	3	1	0	EXO 28:25
ଏଫୋଦର	20	20	3	20	EXO 28:8
ଏଫୋଦରୁ	2	2	1	2	EXO 28:28
ଏଫ୍ରାଥାରେ	1	1	1	0	RUT 4:11
ଏଫ୍ରାଥୀୟ	1	1	1	0	RUT 1:2
ଏଫ୍ରୟିମ	1	1	1	1	JHN 11:54
ଏବଂ	171	171	31	682	GEN 26:14
ଏବଦର	5	5	1	5	JDG 9:26
ଏବଦ୍	1	1	1	1	EZR 8:6
ଏବଦ୍-ମେଲକକୁ	1	1	1	2	JER 39:16
ଏବଦ୍-ମେଲକ୍	3	3	1	0	JER 38:7
ଏବଦ୍-ମେଲକ୍କୁ	1	1	1	0	JER 38:10
ଏବଦ୍-ମେଲ୍କ	1	1	1	0	JER 38:11
ଏବନ୍-ଏଜର	2	2	1	2	1SA 4:1
ଏବନ୍-ଏଜରରୁ	1	1	1	1	1SA 5:1
ଏବର	7	7	3	9	GEN 10:24
ଏବରକୁ	3	3	3	3	GEN 11:14
ଏବରଙ୍କ	1	1	1	1	LUK 3:35
ଏବରର	4	4	2	4	GEN 10:21
ଏବର୍	2	2	2	0	1CH 8:12
ଏବଲ	6	6	3	6	DEU 11:29
ଏବଲ୍	1	1	1	2	GEN 36:23
ଏବସ	1	1	1	1	JOS 19:20
ଏବିଷୟର	1	1	1	1	EZR 10:14
ଏବିଷୟରେ	7	7	5	13	GEN 31:53
ଏବେ	588	588	58	588	GEN 3:22
ଏବେହେଁ	1	1	1	1	JDG 20:28
ଏବ୍ରୀ	12	12	4	36	JHN 5:2
ଏବ୍ରୀକି	1	1	1	0	EXO 2:11
ଏବ୍ରୀଙ୍କୁ	1	1	1	2	EXO 2:13
ଏବ୍ରୀୟ	15	15	8	18	GEN 14:13
ଏବ୍ରୀୟ-ରକ୍ତଜାତ	1	1	1	1	PHP 3:5
ଏବ୍ରୀୟକୁ	1	1	1	1	GEN 39:14
ଏବ୍ରୀୟମାନଙ୍କ	9	9	4	9	GEN 40:15
ଏବ୍ରୀୟମାନଙ୍କର	1	1	1	1	1SA 13:7
ଏବ୍ରୀୟମାନେ	4	4	1	5	1SA 4:9
ଏବ୍ରୀୟା	6	6	3	6	EXO 1:15
ଏମକ୍-କତ୍ଶିସ୍	1	1	1	1	JOS 18:21
ଏମାନଙ୍କ	62	62	25	64	GEN 9:19
ଏମାନଙ୍କଠାରୁ	5	5	4	5	GEN 10:5
ଏମାନଙ୍କଠାରେ	1	1	1	1	MAT 21:3
ଏମାନଙ୍କର	20	20	12	20	GEN 11:6
ଏମାନଙ୍କୁ	43	43	24	40	GEN 11:26
ଏମାନେ	265	265	38	267	GEN 10:2
ଏମୀୟ	3	3	2	3	GEN 14:5
ଏମୁଣ୍ଡରୁ	1	1	1	1	EXO 36:33
ଏଯାଏ	9	9	7	4	1SA 13:7
ଏର	6	6	3	7	GEN 38:3
ଏରକ	1	1	1	1	GEN 10:10
ଏରଙ୍କ	1	1	1	1	LUK 3:28
ଏରଣଠାରୁ	1	1	1	1	NUM 26:36
ଏରଣୀୟ	1	1	1	1	NUM 26:36
ଏରସ	66	66	16	73	LEV 14:4
ଏରସ-କଡ଼ି	1	1	1	1	1KI 7:12
ଏରସକାଷ୍ଠ	4	4	3	0	1CH 22:4
ଏରସକାଷ୍ଠକୁ	1	1	1	0	2CH 1:15
ଏରସବୃକ୍ଷ	3	3	2	1	PSA 80:10
ଏରାଷ୍ଟ	3	3	3	3	ACT 19:22
ଏରି	1	1	1	1	GEN 46:16
ଏରିଠାରୁ	1	1	1	1	NUM 26:16
ଏରୀୟ	1	1	1	1	NUM 26:16
ଏରୁଣ୍ଡି	1	1	1	1	EZK 9:3
ଏରୁଣ୍ଡିର	2	2	1	2	EZK 10:4
ଏରୂପ	64	64	20	57	GEN 18:12
ଏରୂପେ	34	34	11	32	EXO 26:21
ଏର୍	5	5	2	4	GEN 46:12
ଏଲ-ଇଲୋହେ-ଇସ୍ରାଏଲ	1	1	1	1	GEN 33:20
ଏଲ-ବୈଥେଲ	1	1	1	0	GEN 35:7
ଏଲତ	1	1	1	1	1KI 9:26
ଏଲତକୁ	1	1	1	1	2CH 8:17
ଏଲତ୍	3	3	2	3	DEU 2:8
ଏଲତ୍-ନଗର	1	1	1	1	2CH 26:2
ଏଲତ୍କୁ	1	1	1	1	2KI 16:6
ଏଲତ୍ରୁ	1	1	1	1	2KI 16:6
ଏଲପାରଣ	1	1	1	0	GEN 14:6
ଏଲଫ	1	1	1	1	JOS 18:28
ଏଲମ	6	6	5	0	NEH 12:42
ଏଲମକୁ	1	1	1	0	JER 49:39
ଏଲମର	13	13	4	1	GEN 14:1
ଏଲମରୁ	1	1	1	0	ISA 11:11
ଏଲମରେ	1	1	1	0	JER 49:38
ଏଲମୀୟ	1	1	1	1	EZR 4:9
ଏଲମ୍	6	6	4	13	GEN 10:22
ଏଲହୁଦ	1	1	1	0	MAT 1:15
ଏଲା	13	13	6	14	GEN 36:41
ଏଲାଙ୍କ	1	1	1	1	2KI 18:1
ଏଲାଙ୍କର	5	5	2	5	1KI 16:13
ଏଲାମୀୟ	1	1	1	1	ACT 2:9
ଏଲାର	2	2	2	2	1KI 4:18
ଏଲି	18	18	1	18	1SA 1:9
ଏଲି-ବଂଶ	1	1	1	1	1SA 3:14
ଏଲିଙ୍କ	6	6	1	8	1SA 1:25
ଏଲିଙ୍କର	5	5	1	6	1SA 1:3
ଏଲିଙ୍କୁ	3	3	1	3	1SA 3:15
ଏଲିମେଲକ	3	3	1	3	RUT 1:2
ଏଲିମେଲକର	3	3	1	4	RUT 1:3
ଏଲିର	1	1	1	1	1KI 2:27
ଏଲିହୁଦଙ୍କୁ	1	1	1	1	MAT 1:14
ଏଲିୟ	1	1	1	15	1KI 18:40
ଏଲିୟାକିମ	1	1	1	0	MAT 1:13
ଏଲୀ	6	6	3	3	MAT 1:15
ଏଲୀଙ୍କ	1	1	1	1	LUK 3:23
ଏଲୀଫେଲଟ୍	1	1	1	0	1CH 8:39
ଏଲୀମ	1	1	1	1	EXO 16:1
ଏଲୀମଠାରୁ	1	1	1	1	EXO 16:1
ଏଲୀମଠାରେ	1	1	1	1	EXO 15:27
ଏଲୀମରୁ	1	1	1	1	NUM 33:10
ଏଲୀମରେ	2	2	1	2	NUM 33:9
ଏଲୀଶାବେଥ	7	7	1	6	LUK 1:5
ଏଲୀଶାବେଥଙ୍କ	1	1	1	2	LUK 1:57
ଏଲୀଶାବେଥଙ୍କୁ	1	1	1	1	LUK 1:40
ଏଲୀୟ	71	71	11	65	1KI 17:1
ଏଲୀୟଙ୍କ	20	20	6	23	1KI 17:15
ଏଲୀୟଙ୍କଠାରୁ	2	2	1	2	2KI 2:13
ଏଲୀୟଙ୍କର	7	7	4	5	1KI 17:22
ଏଲୀୟଙ୍କୁ	10	10	4	11	1KI 17:18
ଏଲୀୟାକିମଙ୍କୁ	1	1	1	1	MAT 1:13
ଏଲୀୟାକୀମ	1	1	1	0	LUK 3:31
ଏଲୀୟାକୀମଙ୍କ	1	1	1	0	LUK 3:30
ଏଲୀୟାଜରଙ୍କୁ	1	1	1	1	MAT 1:15
ଏଲୀୟେଜର	1	1	1	0	LUK 3:29
ଏଲୀୟେଜରଙ୍କ	1	1	1	0	LUK 3:29
ଏଲୋନ	1	1	1	1	JOS 19:43
ଏଲୋନ-ବୈଥାନନରେ	1	1	1	0	1KI 4:9
ଏଲୋନର	2	2	1	2	GEN 26:34
ଏଲୋନୀୟ	1	1	1	1	NUM 26:26
ଏଲୋନ୍	3	3	2	4	GEN 46:14
ଏଲ୍-ବରୀତ୍	1	1	1	1	JDG 9:46
ଏଲ୍ମଦାନ	1	1	1	0	LUK 3:28
ଏଲ୍ମଦାନଙ୍କ	1	1	1	0	LUK 3:28
ଏଶକର	1	1	1	1	1CH 8:39
ଏଷକ	1	1	1	1	GEN 26:20
ଏଷର	1	1	1	0	NEH 12:42
ଏଷଲ	1	1	1	1	1SA 20:19
ଏଷୌ	44	44	5	48	GEN 25:25
ଏଷୌ-ବଂଶ	1	1	1	0	OBA 1:18
ଏଷୌ-ବଂଶର	1	1	1	0	OBA 1:18
ଏଷୌ-ସନ୍ତାନଗଣ	2	2	1	3	DEU 2:22
ଏଷୌ-ସନ୍ତାନଗଣର	1	1	1	0	DEU 2:4
ଏଷୌ-ସନ୍ତାନମାନଙ୍କ	1	1	1	1	DEU 2:8
ଏଷୌକୁ	10	10	6	10	GEN 25:28
ଏଷୌଙ୍କ	1	1	1	4	GEN 32:18
ଏଷୌଙ୍କୁ	2	2	2	3	GEN 32:4
ଏଷୌଠାରୁ	1	1	1	1	GEN 36:40
ଏଷୌର	34	34	5	37	GEN 25:26
ଏଷ୍ଟର	41	41	1	52	EST 2:8
ଏଷ୍ଟରକୁ	8	8	1	0	EST 2:7
ଏଷ୍ଟରର	9	9	1	0	EST 2:18
ଏସକଳ	2	2	2	2	JOB 12:9
ଏସକାଶୁ	5	5	5	2	2KI 17:26
ଏସବୁ	86	86	29	68	GEN 20:8
ଏସବୁକୁ	1	1	1	1	2CH 9:25
ଏସବୁର	4	4	4	6	2CH 21:18
ଏସବୁରୁ	2	2	2	0	DEU 28:27
ଏସବୁରେ	3	3	3	2	2SA 16:2
ଏସମସ୍ତ	45	45	15	44	GEN 41:39
ଏସମସ୍ତକୁ	1	1	1	0	ISA 40:26
ଏସମସ୍ତଙ୍କ	1	1	1	1	EZR 8:20
ଏସମସ୍ତଙ୍କର	1	1	1	1	1CH 5:17
ଏସମସ୍ତଙ୍କୁ	1	1	1	1	2KI 10:9
ଏସମସ୍ତେ	32	32	10	32	GEN 10:20
ଏସମ୍ବନ୍ଧରେ	1	1	1	0	2CO 8:10
ଏସମୟ	1	1	1	1	1CO 4:11
ଏସମୟରେ	4	4	3	3	EXO 33:7
ଏସର	1	1	1	0	1CH 4:4
ଏସରହଦ୍ଦୋନ୍	1	1	1	0	EZR 4:2
ଏସର୍	2	2	2	5	1CH 12:9
ଏସର୍ହଦ୍ଦୋନ	1	1	1	0	ISA 37:38
ଏସର୍ହଦ୍ଦୋନ୍	1	1	1	3	2KI 19:37
ଏସୋବ	7	7	3	11	LEV 14:4
ଏସୋବ୍	3	3	2	0	EXO 12:22
ଏସ୍ଥାନ	1	1	1	0	2SA 20:16
ଏସ୍ଥାନକୁ	9	9	6	0	JOS 2:2
ଏସ୍ଥାନରୁ	3	3	2	3	GEN 19:12
ଏସ୍ଥାନରେ	3	3	3	2	GEN 19:12
ଏହା	1744	1744	61	1832	GEN 2:13
ଏହାକୁ	74	74	22	79	GEN 42:4
ଏହାଙ୍କ	10	10	8	9	GEN 41:38
ଏହାଙ୍କଠାରୁ	1	1	1	1	ZEC 3:4
ଏହାଙ୍କଠାରେ	5	5	4	5	GEN 41:38
ଏହାଙ୍କର	1	1	1	1	HEB 7:3
ଏହାଙ୍କୁ	3	3	3	3	MAT 14:4
ଏହାଛଡ଼ା	8	8	5	11	JOS 2:24
ଏହାଠାରୁ	7	7	4	7	MAT 25:28
ଏହାଠାରେ	8	8	4	8	MRK 9:25
ଏହାତ	1	1	1	0	TIT 3:11
ଏହାପରେ	7	7	3	27	2SA 21:20
ଏହାର	54	54	16	79	GEN 21:10
ଏହାସବୁ	13	13	10	13	NUM 18:9
ଏହାହିଁ	1	1	1	0	JOB 36:21
ଏହି	3615	3615	64	4184	GEN 1:16
ଏହିକାଳର	1	1	1	0	ACT 3:24
ଏହିକ୍ଷଣି	12	12	5	13	NUM 23:23
ଏହିକ୍ଷଣେ	1	1	1	3	2KI 5:22
ଏହିଠାରେ	4	4	4	4	EXO 24:14
ଏହିଥର	1	1	1	2	EXO 9:14
ଏହିଥରକ	1	1	1	1	JDG 16:28
ଏହିପରି	74	74	32	94	GEN 31:40
ଏହିପରିଭାବେ	2	2	2	0	JHN 9:16
ଏହିପ୍ରକାର	27	27	14	0	MRK 4:33
ଏହିପ୍ରକାରେ	24	24	7	0	MAT 1:17
ଏହିମାତ୍ର	1	1	1	0	PHP 1:27
ଏହିରୁପେ	1	1	1	0	LEV 22:15
ଏହିରୂପ	16	16	11	10	EXO 40:16
ଏହିରୂପେ	315	315	30	329	GEN 1:7
ଏହିସକଳ	3	3	2	3	JER 42:2
ଏହିସବୁ	284	284	48	223	GEN 10:10
ଏହିସବୁକୁ	1	1	1	1	DAN 2:40
ଏହିସବୁଠାରୁ	1	1	1	0	HEB 9:23
ଏହିସବୁର	9	9	4	10	2CH 35:20
ଏହିସବୁରୁ	1	1	1	2	LEV 22:25
ଏହିସବୁରେ	3	3	2	4	EST 5:13
ଏହିସମସ୍ତ	106	106	15	0	MAT 4:9
ଏହିସମସ୍ତେ	1	1	1	0	HEB 11:39
ଏହିହେତୁ	5	5	4	1	1SA 10:12
ଏହୀ	1	1	1	1	GEN 46:21
ଏହୂଦ	1	1	1	7	JDG 3:20
ଏହୂଦକୁ	1	1	1	1	JDG 3:15
ଏହୂଦର	1	1	1	1	1CH 8:6
ଏହୂଦ୍	6	6	2	1	JDG 3:16
ଏହୂଦ୍ଙ୍କର	1	1	1	0	JDG 4:1
ଏହେତୁ	556	556	32	550	GEN 4:5
ଏହେତୁରୁ	7	7	6	3	NUM 3:4
ଐ-କାବୋଦ୍	1	1	1	0	1SA 4:21
ଐକାବୋଦର	1	1	1	1	1SA 14:3
ଐକ୍ୟ	2	2	2	1	JDG 4:17
ଐଟମ୍	2	2	2	4	1CH 4:32
ଐଟମ୍ର	1	1	1	1	1CH 4:3
ଐଣ୍ମିସ୍ପଟ୍	1	1	1	1	GEN 14:7
ଐନ-ଇଗ୍ଳଇମ୍	1	1	1	0	EZK 47:10
ଐନ-ଗଦୀଠାରୁ	1	1	1	0	EZK 47:10
ଐନ-ଗନ୍ନିମ	1	1	1	0	JOS 21:29
ଐନ-ହାତ୍ସୋର	1	1	1	0	JOS 19:37
ଐନଗଦୀସ୍ଥ	2	2	1	2	1SA 23:29
ଐନଦୋରରେ	1	1	1	0	1SA 28:7
ଐନନର	6	6	1	5	NUM 1:15
ଐନମ	1	1	1	1	GEN 38:21
ଐନମର	1	1	1	1	GEN 38:14
ଐନମ୍	1	1	1	1	JOS 15:34
ଐନରୋଗେଲକୁ	1	1	1	0	JOS 18:16
ଐନରୋଗେଲର	1	1	1	0	1KI 1:9
ଐନଶେମସ	1	1	1	0	JOS 18:17
ଐନ୍	4	4	2	4	JOS 15:32
ଐନ୍-ଗଦୀ	1	1	1	0	2CH 20:2
ଐନ୍-ଗନ୍ନୀମ୍	1	1	1	2	JOS 19:21
ଐନ୍-ତପୂହ	1	1	1	1	JOS 17:7
ଐନ୍-ଦୋର	1	1	1	2	JOS 17:11
ଐନ୍-ରିମ୍ମୋଣରେ	1	1	1	1	NEH 11:29
ଐନ୍-ରୋଗେଲରେ	1	1	1	1	2SA 17:17
ଐନ୍-ରୋଗେଲ୍	1	1	1	0	JOS 15:7
ଐନ୍-ଶେମଶ୍	1	1	1	2	JOS 15:7
ଐନ୍-ହକ୍କୋରୀ	1	1	1	1	JDG 15:19
ଐନ୍-ହଦ୍ଦା	1	1	1	1	JOS 19:21
ଐନ୍ଗଦୀ	1	1	1	0	JOS 15:62
ଐନ୍ଗଦୀର	1	1	1	0	SNG 1:14
ଐନ୍ଗନ୍ନୀମ	1	1	1	0	JOS 15:34
ଐନ୍ଦୋର୍	1	1	1	0	PSA 83:10
ଐଫା	28	28	10	30	GEN 25:4
ଐଫା-ପାତ୍ର	1	1	1	0	ZEC 5:6
ଐଫାକୁ	1	1	1	0	ZEC 5:9
ଐଫାର	21	21	5	21	EXO 16:36
ଐଶ୍ଚର୍ଯ୍ୟ	2	2	1	0	GEN 30:11
ଐଶ୍ଚର୍ଯ୍ୟର	1	1	1	0	ISA 66:11
ଐଶ୍ୱରିକ	2	2	1	6	2PE 1:3
ଐଶ୍ୱର୍ଯ୍ୟ	19	19	12	17	GEN 31:1
ଐଶ୍ୱର୍ଯ୍ୟର	1	1	1	2	EST 5:11
ଐଶ୍ୱର୍ଯ୍ୟରୁ	1	1	1	1	JER 48:18
ଐଶ୍ୱର୍ଯ୍ୟରେ	8	8	7	7	1KI 10:23
ଐଶ୍ୱର୍ଯ୍ୟରେକ୍	1	1	1	0	EZK 31:18
ଐଶ୍ୱର୍ଯ୍ୟଶାଳିନୀ	1	1	1	1	JER 51:13
ଐଶ୍ୱର୍ଯ୍ୟଶାଳୀ	1	1	1	1	PSA 49:20
ଐଶ୍ୱର୍ଯ୍ୟଶାଳୀମାନଙ୍କ	1	1	1	1	JER 10:7
ଐଶ୍ୱର୍ଯ୍ୟାଦି	1	1	1	1	GEN 45:13
ଐଶ୍ୱର୍ଯ୍ୟାବସ୍ଥାରେ	1	1	1	1	HAG 2:3
ଐହିକ	3	3	1	3	1CO 6:4
ଓ	20513	20513	66	19525	GEN 1:1
ଓକାର	1	1	1	1	PRO 23:29
ଓକିଲଙ୍କ	1	1	1	0	ACT 24:1
ଓଗ	1	1	1	0	NUM 21:33
ଓଗକୁ	1	1	1	0	DEU 1:4
ଓଗର	2	2	2	0	NUM 32:33
ଓଗ୍	10	10	3	12	DEU 3:1
ଓଗ୍କୁ	3	3	2	4	DEU 3:3
ଓଗ୍ର	5	5	2	8	DEU 3:4
ଓଜନ	5	5	5	10	GEN 46:12
ଓଜନର	2	2	2	2	DEU 25:13
ଓଟ	17	17	7	23	GEN 12:16
ଓଟକୁ	1	1	1	1	MAT 23:24
ଓଟଗଣକୁ	1	1	1	2	GEN 24:63
ଓଟଠାରୁ	1	1	1	1	1SA 15:3
ଓଟମାନଙ୍କ	5	5	2	5	GEN 24:10
ଓଟମାନଙ୍କର	1	1	1	1	GEN 24:32
ଓଟମାନଙ୍କୁ	5	5	1	5	GEN 24:11
ଓଟମାନେ	1	1	1	1	GEN 24:22
ଓଟର	5	5	5	6	GEN 31:34
ଓଟଲୋମର	1	1	1	0	MRK 1:6
ଓଟାରି	4	4	3	3	JOB 41:1
ଓଢ଼ଣା	2	2	1	4	ISA 22:8
ଓଢ଼ଣି	2	2	1	3	ISA 3:23
ଓତ୍ସମକୁ	1	1	1	1	1CH 2:15
ଓତ୍ସମ୍	1	1	1	1	1CH 2:25
ଓଦାକୁ	1	1	1	1	DEU 29:19
ଓଦେଦ୍	2	2	1	2	2CH 15:8
ଓଦେଦ୍ର	1	1	1	1	2CH 15:1
ଓନନକୁ	1	1	1	0	GEN 38:8
ଓନନ୍	6	6	3	7	GEN 38:4
ଓନମର	2	2	1	0	1CH 2:26
ଓନମ୍	2	2	2	2	GEN 36:23
ଓନୋ	2	2	1	2	NEH 6:2
ଓନୋର	3	3	3	3	1CH 8:12
ଓନ୍	4	4	2	6	GEN 41:45
ଓପାଡ଼ି	1	1	1	1	PRO 15:25
ଓଫରୀୟ	1	1	1	1	PSA 45:9
ଓଫଲର	3	3	2	3	2CH 27:3
ଓଫଲରେ	2	2	1	2	NEH 3:26
ଓଫୀର	2	2	2	2	GEN 10:29
ଓଫୀରକୁ	2	2	1	3	1KI 9:28
ଓଫୀରର	2	2	2	4	JOB 22:24
ଓଫୀରରୁ	2	2	1	3	1KI 10:11
ଓଫୀର୍କୁ	1	1	1	0	2CH 8:18
ଓଫୀର୍ର	2	2	2	0	1CH 29:4
ଓଫୀର୍ରୁ	1	1	1	0	2CH 9:10
ଓବଦୀୟ	16	16	5	23	1KI 18:3
ଓବଦୀୟକୁ	2	2	1	2	1KI 18:3
ଓବଦୀୟର	2	2	1	2	1CH 3:21
ଓବଲ	2	2	2	2	GEN 10:28
ଓବୀଲ୍	1	1	1	1	1CH 27:30
ଓବେଦ	2	2	2	2	MAT 1:5
ଓବେଦ-ଇଦୋମକୁ	1	1	1	0	2SA 6:11
ଓବେଦ-ଇଦୋମର	4	4	1	0	2SA 6:10
ଓବେଦଙ୍କ	1	1	1	1	LUK 3:32
ଓବେଦଙ୍କୁ	1	1	1	1	MAT 1:5
ଓବେଦର	1	1	1	0	2CH 23:1
ଓବେଦ୍	7	7	2	6	RUT 4:17
ଓବେଦ୍-ଇଦୋମକୁ	1	1	1	2	1CH 15:18
ଓବେଦ୍-ଇଦୋମର	4	4	2	11	1CH 13:13
ଓବେଦ୍-ଇଦୋମ୍	6	6	1	0	1CH 15:21
ଓବେଦ୍-ଇଦୋମ୍ର	3	3	1	0	1CH 15:25
ଓବେଦ୍କୁ	2	2	1	2	1CH 2:12
ଓବେଦ୍ର	1	1	1	2	RUT 4:22
ଓବୋତରୁ	2	2	1	2	NUM 21:11
ଓବୋତରେ	2	2	1	2	NUM 21:10
ଓମର	5	5	1	5	EXO 16:16
ଓମରରେ	1	1	1	1	EXO 16:18
ଓମାର	1	1	1	0	1CH 1:36
ଓମାର୍	2	2	1	3	GEN 36:11
ଓରଣ	1	1	1	1	1CH 2:25
ଓରେବ	2	2	2	1	PSA 83:11
ଓରେବ୍	3	3	1	4	JDG 7:25
ଓରେବ୍-ଶୈଳ	1	1	1	1	JDG 7:25
ଓରେବ୍କୁ	1	1	1	1	JDG 7:25
ଓଲଟ	1	1	1	1	2KI 21:13
ଓଲଟପାଲଟ	2	2	2	2	JOB 12:15
ଓଲଟାଇ	16	16	10	18	JDG 7:13
ଓଲଟାଇପକାଇଲେ	1	1	1	0	JHN 2:15
ଓଲ୍ଟାଇ	2	2	2	1	JOB 28:9
ଓଳମ	8	8	4	9	2KI 21:13
ଓଷ୍ଠ	20	20	5	22	LEV 13:45
ଓଷ୍ଠଗତ	1	1	1	1	EZK 36:3
ଓଷ୍ଠର	2	2	1	2	PRO 12:13
ଓଷ୍ଠରୁ	4	4	4	4	DEU 23:23
ଓଷ୍ଠରେ	6	6	3	6	JOB 2:10
ଓଷ୍ଠାଧର	40	40	11	37	JOB 11:5
ଓଷ୍ଠାଧର-ନିର୍ଗତ	1	1	1	1	JOB 23:12
ଓଷ୍ଠାଧରକୁ	5	5	4	5	JOB 8:21
ଓଷ୍ଠାଧରବିଶିଷ୍ଟ	2	2	1	2	ISA 6:5
ଓଷ୍ଠାଧରର	16	16	7	16	JOB 13:6
ଓଷ୍ଠାଧରରୁ	3	3	2	3	PSA 89:34
ଓଷ୍ଠାଧରରେ	11	11	5	11	2KI 19:28
ଓଷ୍ଠାଧରସବୁ	2	2	1	2	PSA 12:3
ଓଷ୍ଣିଠାରୁ	1	1	1	1	NUM 26:16
ଓଷ୍ଣୀୟ	1	1	1	1	NUM 26:16
ଓସାର	1	1	1	3	MAT 7:13
ଓହଦ୍	2	2	2	2	GEN 46:10
ଓହଳି	2	2	2	2	EXO 26:12
ଓହଳିବ	1	1	1	1	JOB 15:29
ଓହେଲ୍	1	1	1	1	1CH 3:20
ଓହ୍ଲାଅ	1	1	1	1	EXO 19:24
ଓହ୍ଲାଇ	96	96	28	107	GEN 11:5
ଓହ୍ଲାଇଆଣି	1	1	1	0	LUK 23:53
ଓହ୍ଲାଇଆଣିବା	1	1	1	1	ROM 10:6
ଓହ୍ଲାଇଆସି	2	2	1	0	ACT 10:21
ଓହ୍ଲାଇଗଲେ	1	1	1	1	ACT 8:38
ଓହ୍ଲାଇଦେଇ	1	1	1	0	ACT 27:30
ଓହ୍ଲାଇଦେଲେ	2	2	2	3	LUK 5:19
ଓହ୍ଲାଇବା	2	2	2	5	EXO 34:29
ଓହ୍ଲାଇବାକୁ	1	1	1	1	MRK 15:36
ଓହ୍ଲାଇବାର	1	1	1	1	EXO 32:1
ଓହ୍ଲାଇବେ	1	1	1	1	EZK 26:16
ଓହ୍ଲାଇଯାଏ	1	1	1	1	JOB 7:9
ଓହ୍ଲାଇଯା’ନ୍ତି	1	1	1	1	ISA 5:14
ଓହ୍ଲାଇଲା	1	1	1	1	GEN 24:64
ଓହ୍ଲାଇଲି	1	1	1	1	DEU 10:5
ଓହ୍ଲାଇଲେ	4	4	3	4	EXO 32:15
ଓହ୍ଲାନ୍ତେ	2	2	2	2	MRK 6:54
ଓହ୍ଳାଇ	14	14	9	10	JER 38:6
ଓହ୍ଳାଇଆସ	1	1	1	0	LUK 19:5
ଓହ୍ଳାଇଆସି	1	1	1	0	LUK 19:6
ଓହ୍ଳାଇବା	2	2	2	0	MAT 17:9
ଓହ୍ଳାଇବାମାତ୍ରେ	1	1	1	0	MRK 5:2
ଔରସଜାତ	10	10	8	10	JDG 8:30
ଔରସଜାତା	1	1	1	1	NUM 26:59
ଔରସରରେ	1	1	1	0	1CH 2:35
ଔରସରୁ	1	1	1	1	2SA 16:11
ଔରସରେ	23	23	11	24	GEN 15:4
ଔଷଧ	7	7	3	8	PRO 17:22
କ	3	3	1	1	REV 1:8
କଂସାରି	1	1	1	1	2TI 4:14
କଅ	3	3	3	0	JOL 3:4
କଅଁଳ	2	2	2	2	PRO 27:25
କଅଣ	676	676	51	680	GEN 4:10
କଉଡ଼ିଟି	1	1	1	1	LUK 12:59
କଋବ୍	1	1	1	2	NEH 7:61
କକ୍ଷଦେଶ	2	2	1	2	JHN 19:34
କକ୍ଷଦେଶରେ	3	3	2	3	JHN 20:25
କକ୍ଷମୂଳରେ	1	1	1	1	JER 38:12
କକ୍ଷର	1	1	1	0	ISA 11:5
କକ୍ଷରେ	2	2	1	0	ISA 60:4
କଖାରୁ	4	4	1	5	JON 4:6
କଖାରୁଲତା	1	1	1	0	JON 4:6
କଙ୍କ	2	2	2	2	LEV 11:19
କଙ୍କଡ଼ାବିଛାମାନଙ୍କ	1	1	1	0	EZK 2:6
କଙ୍କଣ	2	2	1	2	EZK 16:11
କଙ୍କରରେ	1	1	1	1	LAM 3:16
କଙ୍କାଳରେ	1	1	1	0	2SA 2:16
କଚଡ଼ା	4	4	3	4	ISA 13:16
କଚାଡ଼ି	8	8	7	9	JDG 7:19
କଚାଡ଼ିବ	1	1	1	1	PSA 137:9
କଞ୍ଚା	11	11	5	11	LEV 13:10
କଞ୍ଚି	4	4	3	1	MAT 16:19
କଞ୍ଚିକାଠି	1	1	1	1	JDG 3:25
କଟତ୍	1	1	1	1	JOS 19:15
କଟା	31	31	15	31	GEN 30:14
କଟାଇଥିଲା	1	1	1	1	ACT 28:11
କଟାଇବା	4	4	3	4	2SA 14:26
କଟାଉଅଛୁ	1	1	1	1	2CO 12:19
କଟାଏ	2	2	1	1	2SA 14:26
କଟାକଟି	2	2	2	2	DEU 14:1
କଟାକ୍ଷ	1	1	1	1	ISA 3:16
କଟାକ୍ଷରେ	1	1	1	1	PRO 6:25
କଟାଗଲା	2	2	2	2	AMO 7:1
କଟାଗଲେ	1	1	1	1	JOB 14:7
କଟାଘାସରେ	1	1	1	1	PSA 72:6
କଟାଯାଇ	2	2	2	2	AMO 3:14
କଟାଯାଏ	1	1	1	1	JOB 14:2
କଟାଯା’ନ୍ତି	1	1	1	1	JOB 24:24
କଟାଯିବ	5	5	3	5	NUM 36:3
କଟାଯିବା	1	1	1	1	JHN 4:35
କଟାଯିବେ	1	1	1	1	NAM 1:12
କଟାଳି	4	4	2	5	2CH 2:2
କଟାଳିମାନଙ୍କୁ	1	1	1	1	MAT 13:30
କଟାଳିର	1	1	1	1	AMO 9:13
କଟାଳିସବୁ	1	1	1	1	MAT 13:39
କଟାଳୀ	1	1	1	1	PSA 129:7
କଟାହେଳା	2	2	1	2	EXO 28:19
କଟି	27	27	16	35	EXO 12:11
କଟିଠାରୁ	5	5	4	5	EXO 28:42
କଟିଦେଶ	5	5	4	5	DEU 33:11
କଟିଦେଶକୁ	1	1	1	1	PSA 69:23
କଟିଦେଶର	3	3	2	3	ISA 11:5
କଟିଦେଶରୁ	2	2	2	2	GEN 35:11
କଟିଦେଶରେ	16	16	10	16	GEN 37:34
କଟିବନ୍ଧନ	19	19	7	16	EXO 28:4
କଟିବନ୍ଧନର	1	1	1	1	ACT 21:11
କଟିବନ୍ଧନୀ	2	2	2	1	LEV 16:4
କଟିବନ୍ଧନୀର	1	1	1	1	ISA 3:24
କଟିବନ୍ଧନୀରେ	5	5	4	7	LEV 8:7
କଟିଭୂଷଣ	1	1	1	1	ISA 49:18
କଟିମଣ୍ଡଳ	1	1	1	1	SNG 7:1
କଟିରୁ	2	2	2	1	GEN 46:26
କଟିରେ	6	6	5	5	LEV 16:4
କଟିସ୍ଥିତ	1	1	1	1	1KI 2:5
କଟୀ	4	4	3	2	EZK 21:6
କଟୀଦେଶ	2	2	2	2	EZK 29:7
କଟୀଦେଶର	1	1	1	1	DAN 5:6
କଟୀଦେଶରେ	3	3	2	2	JER 30:6
କଟୀବନ୍ଧନ	2	2	2	1	EZK 16:10
କଟୀରେ	3	3	3	1	EZK 23:15
କଟୁ	9	9	7	10	GEN 42:7
କଟୁତାରେ	1	1	1	1	ROM 3:14
କଟୁବାକ୍ୟରୂପ	1	1	1	1	PSA 64:4
କଟୁଭାବ	1	1	1	0	EPH 4:31
କଟୁଭାଷୀ	1	1	1	1	1SA 25:3
କଟୂରା	1	1	1	1	GEN 25:1
କଟୂରାର	3	3	2	3	GEN 25:4
କଠିଣ	1	1	1	0	ACT 19:9
କଠିନ	49	49	18	66	GEN 16:6
କଠିନଚିତ୍ତ	2	2	1	0	EZK 2:4
କଠିନତା	4	4	3	6	LAM 3:65
କଠିନତାନୁସାରେ	1	1	1	1	PSA 81:12
କଠିନମନା	1	1	1	1	HEB 3:13
କଠିନାନ୍ତଃକରଣ	1	1	1	1	ISA 46:12
କଠୋର	9	9	8	11	JDG 4:3
କଠୋରତା	2	2	1	2	ROM 11:22
କଠୋରତାରେ	1	1	1	1	EZK 34:4
କଡ଼ମଡ଼	4	4	4	4	JOB 16:9
କଡ଼ରେ	1	1	1	1	MRK 5:11
କଡ଼ା	26	26	1	26	EXO 25:12
କଡ଼ାରେ	7	7	2	7	EXO 25:14
କଡ଼ି	11	11	6	12	1KI 6:9
କଡ଼ିକାଠ	11	11	6	8	1KI 6:6
କଡ଼ିକାଠସବୁ	1	1	1	1	EZK 41:26
କଡ଼ିକାଷ୍ଠ	2	2	2	2	2CH 34:11
କଡ଼ିକାଷ୍ଠରେ	1	1	1	1	EZR 6:4
କଡ଼ିମାନ	1	1	1	1	1KI 7:6
କଡ଼ିରେ	1	1	1	1	1KI 6:36
କଢ଼ା	1	1	1	1	ZEC 3:2
କଢ଼ାଇ	32	32	15	34	GEN 24:27
କଢ଼ାଇଅଛି	1	1	1	1	PRO 4:11
କଢ଼ାଇନେବେ	1	1	1	1	REV 7:17
କଢ଼ାଇବା	5	5	4	5	EXO 13:21
କଢ଼ାଏ	1	1	1	1	MAT 15:14
କଢ଼ାଗଲ	1	1	1	1	AMO 4:11
କଢ଼ାଯାଏ	1	1	1	1	JOB 28:2
କଢ଼ାଯା’ନ୍ତି	1	1	1	1	ISA 9:16
କଣା	1	1	1	2	HAG 1:6
କଣିକା	2	2	2	2	ISA 40:15
କଣିକାସମୂହର	1	1	1	1	ISA 48:19
କଣ୍ଟକ	27	27	14	30	EXO 22:6
କଣ୍ଟକମୟ	2	2	2	2	MAT 13:22
କଣ୍ଟକର	1	1	1	1	NAM 1:10
କଣ୍ଟକଲତା	4	4	4	3	JDG 9:15
କଣ୍ଟକଲତାକୁ	3	3	3	2	JDG 9:14
କଣ୍ଟକଲତାରୁ	1	1	1	1	JDG 9:15
କଣ୍ଟକାଦି	2	2	1	2	JDG 8:7
କଣ୍ଟା	15	15	12	19	GEN 3:18
କଣ୍ଟା-ଗଛଗୁଡ଼ାକ	1	1	1	0	LUK 8:7
କଣ୍ଟାଗଛଗୁଡ଼ାକ	5	5	3	7	MAT 13:7
କଣ୍ଟାଗଛଗୁଡ଼ିକ	1	1	1	0	MRK 4:7
କଣ୍ଟାଗଛରୁ	1	1	1	2	LUK 6:44
କଣ୍ଟାବଣ	1	1	1	1	JER 4:3
କଣ୍ଟାବଣରେ	1	1	1	1	1SA 13:6
କଣ୍ଟାବାଡ଼	2	2	2	2	PRO 15:19
କଣ୍ଟାବୁଦାରୁ	1	1	1	1	LUK 6:44
କଣ୍ଟାମୁନରେ	1	1	1	1	ACT 26:14
କଣ୍ଟାର	8	8	6	8	2CH 3:9
କଣ୍ଟାରେ	2	2	2	2	ISA 41:7
କଣ୍ଠ	5	5	4	5	PSA 69:3
କଣ୍ଠର	1	1	1	1	PRO 3:22
କଣ୍ଠରୁ	1	1	1	0	JDG 5:30
କଣ୍ଠରେ	8	8	5	8	PSA 115:7
କଣ୍ଠସରିକି	1	1	1	1	HAB 3:13
କତିକି	131	131	17	45	GEN 30:16
କତିକୁ	4	4	2	6	JER 41:1
କତିରୁ	1	1	1	0	2SA 13:17
କତିରେ	6	6	6	0	EXO 13:5
କତୁରୀ	5	5	4	5	1KI 7:50
କତ୍ସୀୟା	1	1	1	1	JOB 42:14
କଥା	2003	2003	63	2002	GEN 3:17
କଥାଏ	1	1	1	0	GEN 18:30
କଥାକୁ	4	4	3	4	2SA 14:20
କଥାଗୁଡ଼ାକ	1	1	1	1	ACT 20:30
କଥାଟା	1	1	1	1	ACT 4:17
କଥାନୁସାରେ	11	11	6	11	GEN 30:34
କଥାବାର୍ତ୍ତା	63	63	25	63	GEN 4:8
କଥାବାର୍ତ୍ତାକାରୀ	1	1	1	1	GEN 16:13
କଥାମାତ୍ର	1	1	1	1	PRO 14:23
କଥାମାତ୍ରରେ	1	1	1	1	PRO 29:19
କଥାର	24	24	17	25	JDG 18:10
କଥାରୁ	1	1	1	3	PRO 19:27
କଥାରେ	90	90	28	90	GEN 21:12
କଥାସବୁ	15	15	10	17	EXO 18:22
କଥିତ	32	32	17	29	GEN 18:19
କଥୋପ-କଥନ	1	1	1	0	2KI 22:14
କଥୋପକଥନ	13	13	6	12	GEN 18:33
କଥୋପକଥନର	1	1	1	1	GEN 35:14
କଦର୍ଯ୍ୟ	1	1	1	1	NUM 20:5
କଦର୍ଲାୟୋମର	4	4	1	4	GEN 14:1
କଦର୍ଲାୟୋମରକୁ	1	1	1	1	GEN 14:17
କଦାଚ	4	4	3	3	PSA 49:19
କଦାଚରଣ	1	1	1	1	TIT 1:6
କଦାଚାରରେ	1	1	1	0	LUK 15:13
କଦାପି	31	31	15	39	GEN 41:19
କଦେମୋତ୍	4	4	3	4	DEU 2:26
କଦ୍ମିୟେଲ	1	1	1	0	NEH 10:9
କଦ୍ମୀୟେଲ	4	4	2	5	EZR 3:9
କଦ୍ମୀୟେଲର	3	3	2	3	EZR 2:40
କଦ୍ମୋନୀୟମାନଙ୍କର	1	1	1	0	GEN 15:19
କନଜୀୟମାନଙ୍କର	1	1	1	0	GEN 15:19
କନନୀୟ	3	3	1	3	1CH 15:22
କନସ	1	1	1	0	1CH 4:15
କନସର	5	5	3	5	JOS 15:17
କନସ୍	5	5	2	6	GEN 36:11
କନାତ୍	1	1	1	2	1CH 2:23
କନାନାର	3	3	2	4	1KI 22:24
କନାନି	1	1	1	1	NEH 9:4
କନାନୀୟ	2	2	1	0	2CH 31:12
କନାନୀୟମାନଙ୍କର	1	1	1	0	OBA 1:20
କନିଷ୍ଠ	26	26	9	27	GEN 27:15
କନିଷ୍ଠଟି	1	1	1	1	1SA 16:11
କନିଷ୍ଠପୁତ୍ରର	1	1	1	0	GEN 9:24
କନିଷ୍ଠମାନେ	1	1	1	1	EZR 8:13
କନିଷ୍ଠର	2	2	2	2	GEN 25:23
କନିଷ୍ଠା	3	3	1	3	GEN 19:35
କନିଷ୍ଠାକୁ	3	3	1	3	GEN 19:31
କନିଷ୍ଠାର	2	2	2	2	GEN 29:16
କନିସୀୟ	3	3	2	3	NUM 32:12
କନୀୟ	2	2	1	2	JER 22:24
କନୀୟର	1	1	1	1	JER 37:1
କନ୍ଦରରେ	1	1	1	1	GEN 19:30
କନ୍ଦଳ	3	3	1	3	PRO 17:14
କନ୍ନୀ	1	1	1	1	EZK 27:23
କନ୍ୟା	269	269	36	300	GEN 6:1
କନ୍ୟାଆଡ଼େ	1	1	1	1	LAM 2:15
କନ୍ୟାକୁ	54	54	21	55	GEN 24:14
କନ୍ୟାଗଣ	64	64	19	67	GEN 24:11
କନ୍ୟାଗଣକୁ	25	25	13	15	GEN 6:2
କନ୍ୟାଗଣଙ୍କୁ	3	3	2	13	GEN 31:31
କନ୍ୟାଗଣର	9	9	6	9	GEN 6:4
କନ୍ୟାଙ୍କ	4	4	4	7	LAM 3:51
କନ୍ୟାଙ୍କର	1	1	1	1	GEN 19:16
କନ୍ୟାଙ୍କୁ	1	1	1	1	GEN 19:30
କନ୍ୟାଟି	1	1	1	1	MRK 5:23
କନ୍ୟାଠାରେ	3	3	2	4	GEN 34:8
କନ୍ୟାବିଷୟକ	1	1	1	0	EXO 21:9
କନ୍ୟାମାନଙ୍କ	13	13	6	13	GEN 19:14
କନ୍ୟାମାନଙ୍କର	1	1	1	1	SNG 3:10
କନ୍ୟାମାନଙ୍କୁ	11	11	6	11	GEN 31:26
କନ୍ୟାମାନେ	19	19	14	19	GEN 31:43
କନ୍ୟାର	49	49	19	55	EXO 22:17
କନ୍ୟାରେ	2	2	2	1	GEN 46:15
କନ୍ୟାସମସ୍ତେ	1	1	1	1	MAT 25:7
କନ୍ୟେ	42	42	10	35	RUT 2:2
କନ୍ୟେଣ	1	1	1	0	JDG 11:35
କପଟ	7	7	7	6	PRO 26:24
କପଟତା	2	2	2	3	MRK 12:15
କପଟପଣରେ	1	1	1	1	1TI 4:1
କପଟମୟ	1	1	1	1	JER 17:9
କପଟରେ	2	2	2	3	PRO 26:26
କପଟୀ	9	9	2	10	MAT 7:5
କପଟୀ-ମାନେ	1	1	1	0	LUK 13:15
କପଟୀମାନଙ୍କ	5	5	2	5	PSA 26:4
କପଟୀମାନେ	4	4	3	5	MAT 15:7
କପାଳ	8	8	7	9	EXO 28:38
କପାଳକୁ	1	1	1	1	1SA 17:49
କପାଳର	1	1	1	1	EZK 3:8
କପାଳରେ	13	13	5	16	EXO 28:38
କପାଳସ୍ଥଳ	2	2	2	3	MRK 15:22
କପାଳୀ	4	4	2	4	EXO 12:7
କପୋତ	14	14	11	24	GEN 15:9
କପୋତ-ମଳର	1	1	1	0	2KI 6:25
କପୋତଗଣର	1	1	1	1	ISA 60:8
କପୋତର	3	3	3	5	PSA 68:13
କପୋତୀ	3	3	1	3	SNG 2:14
କପ୍ତୋର	2	2	2	2	JER 47:4
କପ୍ତୋରରୁ	1	1	1	1	DEU 2:23
କପ୍ତୋରୀୟ	3	3	3	3	GEN 10:14
କଫ	1	1	1	1	PSA 119:144
କଫରମ୍ମୋନି	1	1	1	1	JOS 18:24
କଫର୍ନାହୂମ	4	4	3	4	MAT 11:23
କଫର୍ନାହୂମକୁ	6	6	3	6	MAT 4:13
କଫର୍ନାହୂମର	1	1	1	1	JHN 6:59
କଫର୍ନାହୂମରେ	5	5	4	3	MAT 8:5
କଫିରା	1	1	1	0	JOS 18:26
କଫୀରା	2	2	2	3	JOS 9:17
କଫୀରାର	1	1	1	1	NEH 7:29
କଫ୍	1	1	1	1	PSA 119:80
କବଚ	2	2	2	2	ISA 3:20
କବର	156	156	21	164	GEN 23:4
କବର-ନଗରକୁ	1	1	1	1	NEH 2:5
କବର-ସ୍ଥାନ	2	2	2	0	ISA 65:4
କବର-ସ୍ଥାନରେ	1	1	1	0	JER 26:23
କବରକୁ	7	7	3	8	GEN 37:35
କବରଠାରୁ	1	1	1	1	ISA 14:19
କବରପ୍ରାପ୍ତ	5	5	4	5	GEN 15:15
କବରମାନ	1	1	1	1	2KI 23:16
କବରର	2	2	1	2	EZK 32:23
କବରରୁ	4	4	3	4	2KI 23:16
କବରରେ	21	21	9	23	GEN 23:6
କବରଶାୟୀ	2	2	2	2	GEN 47:30
କବରସକଳ	1	1	1	1	EZK 32:22
କବରସବୁ	2	2	1	2	EZK 32:25
କବରସ୍ଥ	2	2	2	2	JOB 27:15
କବରସ୍ଥାନ	2	2	2	5	DEU 34:6
କବରସ୍ଥାନର	1	1	1	1	JER 19:11
କବରସ୍ଥାନରେ	1	1	1	0	JDG 16:31
କବସେଲ	1	1	1	0	JOS 15:21
କବାଟ	28	28	13	29	GEN 19:9
କବାଟର	3	3	2	3	1KI 6:34
କବାଟରେ	5	5	4	5	DEU 15:17
କବାଟସବୁ	13	13	5	13	2CH 3:7
କବାର	8	8	1	8	EZK 1:1
କବିଜା	1	1	1	0	1KI 7:50
କବିମାନଙ୍କ	1	1	1	1	ACT 17:28
କବିମାନେ	1	1	1	1	NUM 21:27
କବ୍ଜା	1	1	1	2	1CH 22:3
କବ୍ଜାରେ	1	1	1	1	PRO 26:14
କବ୍ବୋନ୍	1	1	1	0	JOS 15:40
କବ୍ସେଲୀୟ	2	2	2	2	2SA 23:20
କମର	1	1	1	0	1CH 2:7
କମାର	2	2	2	2	1SA 13:19
କମୂୟେଲ	2	2	2	2	GEN 22:21
କମୂୟେଲର	1	1	1	1	1CH 27:17
କମୋଶ	3	3	2	6	2KI 23:13
କମୋଶର	2	2	2	2	NUM 21:29
କମୋଶ୍	3	3	2	0	JDG 11:24
କମ୍ପ	8	8	8	7	EXO 15:15
କମ୍ପନ	1	1	1	1	JER 49:24
କମ୍ପବାନ	1	1	1	1	JER 5:22
କମ୍ପମାନ	15	15	9	15	DEU 20:3
କମ୍ପମାନ୍	2	2	1	2	JDG 5:5
କମ୍ପଯୁକ୍ତ	1	1	1	1	PSA 69:23
କମ୍ପରେ	2	2	2	2	PSA 48:6
କମ୍ପାଇବା	2	2	1	2	HEB 12:26
କମ୍ପାଉଥିଲେ	1	1	1	1	JHN 5:4
କମ୍ପାନ୍ୱିତ	4	4	2	4	EXO 19:16
କମ୍ପାସ	1	1	1	1	ISA 44:13
କମ୍ପି	8	8	4	9	EZK 12:18
କମ୍ପିଉଠିଲା	1	1	1	0	ACT 4:31
କମ୍ପିତ	56	56	19	60	GEN 27:33
କମ୍ପିତା	1	1	1	1	ISA 32:11
କମ୍ପିବ	1	1	1	1	ISA 19:16
କମ୍ପିବା	1	1	1	1	JHN 5:7
କମ୍ପିବାକୁ	1	1	1	1	ACT 16:26
କମ୍ପିବାର	1	1	1	1	JER 30:5
କମ୍ପିବେ	1	1	1	1	EZK 26:15
କମ୍ପିଲା	8	8	6	8	EXO 19:18
କମ୍ପିଲେ	3	3	3	3	1SA 14:15
କମ୍ପୁଅଛନ୍ତି	1	1	1	0	EXO 15:14
କମ୍ପୁଅଛି	5	5	2	5	ISA 10:29
କମ୍ପୁଥିଲେ	1	1	1	1	MRK 16:8
କମ୍ବଳ	1	1	1	0	REV 6:12
କମ୍ବଳରେ	1	1	1	1	JDG 4:18
କର	2792	2792	65	2850	GEN 1:22
କର-ମୋଚନ	1	1	1	1	EST 2:18
କରଁ	1	1	1	0	HEB 8:5
କରଆଦାୟ	1	1	1	0	MRK 2:14
କରଆଦାୟ-ସ୍ଥାନରେ	1	1	1	0	MAT 9:9
କରଆଦାୟକାରୀ	1	1	1	0	MAT 17:24
କରଇ	34	34	12	17	GEN 4:15
କରଓ	1	1	1	0	EZK 3:1
କରଗ୍ରାହୀ	16	16	3	14	MAT 9:10
କରଗ୍ରାହୀଙ୍କି	1	1	1	0	LUK 5:27
କରଗ୍ରାହୀମାନଙ୍କ	1	1	1	1	MRK 2:16
କରଗ୍ରାହୀମାନେ	3	3	2	3	MAT 5:46
କରଚୁଲି	9	9	6	7	EXO 27:3
କରଣ	1	1	1	0	PSA 73:1
କରଣାର୍ଥ	1	1	1	1	NUM 28:30
କରଣାର୍ଥେ	8	8	4	9	EXO 29:44
କରତ	4	4	4	4	2SA 12:31
କରତରେ	1	1	1	1	1KI 7:9
କରତାଳ	16	16	7	15	2SA 6:5
କରତାଳରେ	1	1	1	1	PSA 150:5
କରତାଳି	5	5	4	5	2KI 11:12
କରତୀୟାର	1	1	1	1	ISA 10:15
କରଥିଲି	1	1	1	0	ACT 26:10
କରଦାୟିନୀ	1	1	1	1	LAM 1:1
କରନ୍ତ	19	19	9	4	GEN 26:10
କରନ୍ତଣଣଯୋୟେ	1	1	1	0	JOL 2:15
କରନ୍ତା	4	4	3	4	JOB 16:5
କରନ୍ତି	1387	1387	62	1517	GEN 11:6
କରନ୍ତିକ	1	1	1	0	JUD 1:4
କରନ୍ତିଣ	3	3	2	0	JOB 8:3
କରନ୍ତିନ୍ତ	2	2	2	0	PSA 33:13
କରନ୍ତୁ	334	334	40	349	GEN 8:17
କରନ୍ତୁଣି	1	1	1	1	EXO 9:15
କରନ୍ତୁନ୍ତ	1	1	1	0	ISA 41:22
କରନ୍ତେ	239	239	32	233	GEN 4:1
କରବେ	1	1	1	0	LUK 1:33
କରର	1	1	1	1	MAT 22:19
କରସ	1	1	1	0	NUM 23:7
କରା	17	17	12	12	LEV 25:30
କରାଅ	40	40	17	41	GEN 24:14
କରାଇ	75	75	31	73	GEN 2:5
କରାଇଅଛ	10	10	8	11	DEU 9:7
କରାଇଅଛନ୍ତି	10	10	6	12	DEU 8:2
କରାଇଅଛି	7	7	6	7	1KI 14:16
କରାଇଅଛୁ	7	7	4	8	DEU 29:5
କରାଇଅଛୁଣ	1	1	1	0	AMO 4:10
କରାଇଥା’ନ୍ତି	1	1	1	0	2KI 6:10
କରାଇଥିଲା	1	1	1	1	2CH 36:13
କରାଇଥିଲୁ	2	2	2	2	LEV 23:43
କରାଇଥିଲେ	17	17	3	17	NUM 14:36
କରାଇପାରେ	1	1	1	1	JER 14:22
କରାଇବ	35	35	12	36	GEN 21:7
କରାଇବା	118	118	26	123	GEN 17:6
କରାଇବାକୁ	11	11	9	13	LEV 18:23
କରାଇବାକୁଦେବ	1	1	1	0	LEV 18:21
କରାଇବାର	3	3	3	3	LEV 5:1
କରାଇବାରେ	2	2	2	2	1KI 16:19
କରାଇବି	9	9	7	9	GEN 24:3
କରାଇବୁ	3	3	2	3	JER 36:16
କରାଇବେ	27	27	12	27	EXO 23:33
କରାଇଲ	8	8	5	7	DEU 9:8
କରାଇଲା	28	28	16	24	GEN 21:19
କରାଇଲି	6	6	3	6	NEH 5:12
କରାଇଲୁ	17	17	8	16	EXO 15:26
କରାଇଲେ	104	104	26	109	GEN 2:7
କରାଇଲେଓ	1	1	1	0	EXO 13:18
କରାଉ	10	10	5	10	GEN 19:34
କରାଉଅଛ	9	9	8	10	EXO 15:13
କରାଉଅଛଣ	1	1	1	0	ISA 63:17
କରାଉଅଛନ୍ତି	1	1	1	1	AMO 6:3
କରାଉଅଛି	3	3	3	2	LUK 23:2
କରାଉଅଛୁ	1	1	1	1	LEV 18:25
କରାଉଥିଲ	2	2	2	1	2SA 5:2
କରାଉଥିଲା	1	1	1	0	ACT 19:24
କରାଉନ୍ତୁ	3	3	2	3	JHN 14:8
କରାଉନ୍ତୁନ୍ତ	1	1	1	0	NUM 5:21
କରାଏ	9	9	7	17	EXO 18:16
କରାଗଲ	2	2	1	2	ROM 11:17
କରାଗଲା	43	43	21	44	GEN 20:16
କରାଗଲେ	13	13	11	13	LEV 4:23
କରାଘାତ	1	1	1	1	EZK 6:11
କରାଘାତରେ	1	1	1	1	PSA 39:10
କରାଣ	1	1	1	1	1CH 1:41
କରାନ୍	1	1	1	1	GEN 36:26
କରାନ୍ତି	24	24	13	25	GEN 29:2
କରାନ୍ତେ	5	5	4	5	GEN 19:33
କରାଯାଆନ୍ତେ	1	1	1	1	MAT 9:25
କରାଯାଇ	47	47	25	75	EXO 34:10
କରାଯାଇ-ଥାଆନ୍ତା	1	1	1	0	MAT 11:23
କରାଯାଇଅଛନ୍ତି	2	2	2	2	MAT 19:12
କରାଯାଇଅଛି	27	27	14	35	LEV 8:34
କରାଯାଇଛି	1	1	1	1	LUK 14:22
କରାଯାଇଥାଆନ୍ତା	2	2	2	1	MAT 11:21
କରାଯାଇଥାଆନ୍ତୁ	1	1	1	1	ROM 9:29
କରାଯାଇଥିବା	3	3	2	12	MAT 25:41
କରାଯାଇଥିଲ	1	1	1	1	EZK 32:2
କରାଯାଇଥିଲା	6	6	6	8	NUM 15:26
କରାଯାଇଥିଲେ	5	5	3	6	MRK 9:42
କରାଯାଇପାରେ	2	2	2	2	LEV 7:24
କରାଯାଉ	15	15	8	16	NUM 16:38
କରାଯାଉ-ଅଛି	1	1	1	0	ACT 15:21
କରାଯାଉଅଛି	4	4	4	7	EXO 3:16
କରାଯାଉଛି	1	1	1	0	ACT 13:38
କରାଯାଉଥିବା	2	2	1	2	ACT 7:24
କରାଯାଉଥିଲା	3	3	1	4	ACT 4:35
କରାଯାଉନ୍ତମୋତେ	1	1	1	0	JDG 11:37
କରାଯାଏ	36	36	19	47	LEV 4:28
କରାଯାଏନ୍ତ	1	1	1	0	HEB 10:8
କରାଯା’ନ୍ତେ	9	9	4	8	2SA 10:17
କରାଯିବ	173	173	31	168	GEN 9:6
କରାଯିବା	4	4	4	6	ACT 10:45
କରାଯିବାକୁ	1	1	1	1	EST 9:14
କରାଯିବାମାତ୍ର	1	1	1	0	ACT 10:29
କରାଯିବେ	16	16	11	16	NUM 18:16
କରାଯିବେଣ	1	1	1	0	ROM 11:24
କରି	4337	4337	65	4342	GEN 1:7
କରି-ଅଛନ୍ତି	1	1	1	0	PSA 89:51
କରିଅଛ	480	480	50	484	GEN 4:10
କରିଅଛଗ	1	1	1	0	2CH 21:13
କରିଅଛଣ	1	1	1	0	JOB 26:2
କରିଅଛନ୍ତ	1	1	1	0	AMO 6:12
କରିଅଛନ୍ତଏହେତୁ	1	1	1	0	JDG 10:13
କରିଅଛନ୍ତି	975	975	59	1016	GEN 3:1
କରିଅଛନ୍ତିଓ	1	1	1	0	JOL 3:3
କରିଅଛନ୍ତିନ୍ତ	2	2	2	0	ISA 49:1
କରିଅଛନ୍ତିନ୍ତଏହେତୁ	1	1	1	0	2KI 3:23
କରିଅଛି	578	578	55	593	GEN 4:11
କରିଅଛିଣ	2	2	2	0	JER 8:6
କରିଅଛିନ୍ତ	2	2	1	0	ISA 21:3
କରିଅଛିନ୍ତଏହିରୂପେ	1	1	1	0	1SA 14:45
କରିଅଛିମ	2	2	2	0	ECC 4:8
କରିଅଛୁ	334	334	44	347	GEN 8:21
କରିଅଛୁଓ	1	1	1	0	DAN 9:5
କରିଅଛୁନ୍ତ	1	1	1	0	ISA 44:22
କରିଆଣିଲେ	1	1	1	0	DEU 13:5
କରିଆସୁଅଛି	1	1	1	2	1JN 3:8
କରିଏବେ	1	1	1	0	EXO 9:2
କରିଏସମୁଦାୟ	1	1	1	0	MAT 4:23
କରିକହିଲେ	1	1	1	0	EXO 17:3
କରିଛନ୍ତି	1	1	1	15	EXO 4:11
କରିଜ	1	1	1	0	REV 1:5
କରିତହିଁର	1	1	1	0	2KI 16:9
କରିତାହାଙ୍କ	1	1	1	0	NUM 11:20
କରିଥଲେ	1	1	1	1	2KI 23:5
କରିଥାଅ	40	40	18	41	EXO 15:7
କରିଥାଆନ୍ତ	1	1	1	4	JHN 14:28
କରିଥାଆନ୍ତି	6	6	4	7	DAN 6:10
କରିଥାଆନ୍ତେ	3	3	3	5	MAT 11:21
କରିଥାଉ	6	6	6	6	JOS 22:23
କରିଥାଏ	32	32	14	32	EXO 21:9
କରିଥା’ନ୍ତ	4	4	3	2	GEN 31:42
କରିଥା’ନ୍ତଣ	1	1	1	0	ISA 48:18
କରିଥା’ନ୍ତା	3	3	2	4	PSA 94:17
କରିଥା’ନ୍ତି	7	7	7	5	GEN 31:27
କରିଥା’ନ୍ତୁ	1	1	1	1	NUM 22:33
କରିଥା’ନ୍ତେ	3	3	3	1	1SA 13:13
କରିଥିବ	1	1	1	0	1TH 3:5
କରିଥିବା	18	18	12	41	1KI 16:16
କରିଥିବାର	4	4	3	4	GEN 34:5
କରିଥିବାରୁ	19	19	17	19	GEN 34:13
କରିଥିବେ	2	2	1	2	JOB 1:5
କରିଥିଲ	38	38	19	40	GEN 45:4
କରିଥିଲା	100	100	31	92	GEN 4:25
କରିଥିଲି	22	22	15	23	NUM 22:30
କରିଥିଲୁ	33	33	19	32	GEN 3:11
କରିଥିଲେ	382	382	43	422	GEN 20:18
କରିଦିଅ	7	7	6	7	GEN 34:8
କରିଦିଏ	7	7	7	4	EXO 23:8
କରିଦେଇ	4	4	3	4	DEU 32:30
କରିଦେଇଅଛ	1	1	1	1	REV 5:10
କରିଦେଇଅଛନ୍ତି	1	1	1	2	JHN 9:35
କରିଦେଇଅଛି	1	1	1	1	2KI 18:22
କରିଦେଉ	2	2	2	2	GEN 37:27
କରିଦେଉଅଛି	1	1	1	1	LUK 16:1
କରିଦେଉଥିଲେ	1	1	1	1	ACT 9:22
କରିଦେବ	1	1	1	1	REV 10:9
କରିଦେବା	5	5	5	5	2SA 13:16
କରିଦେବାକୁ	2	2	2	2	MRK 11:15
କରିଦେବି	3	3	2	4	MAT 18:26
କରିଦେବୁ	2	2	2	2	LUK 23:16
କରିଦେବେ	1	1	1	1	JHN 11:48
କରିଦେଲା	4	4	4	4	GEN 25:33
କରିଦେଲେ	17	17	10	18	GEN 3:23
କରିନାହଁ	5	5	3	0	EXO 5:23
କରିନାହାନ୍ତି	3	3	2	0	JER 6:19
କରିନାହିଁ	1	1	1	0	JDG 11:27
କରିନାହୁଁ	7	7	4	2	GEN 26:29
କରିନିଏ	6	6	5	4	MAT 13:19
କରିନେଉ	1	1	1	1	JDG 20:32
କରିନ୍ଥକୁ	2	2	2	1	ACT 18:1
କରିନ୍ଥରେ	4	4	4	5	ACT 19:1
କରିନ୍ଥୀୟମାନଙ୍କ	1	1	1	1	ACT 18:8
କରିନ୍ଥୀୟମାନେ	1	1	1	1	2CO 6:11
କରିପକାଅ	3	3	3	3	MAT 7:5
କରିପକାଇଲେଣି	1	1	1	0	ACT 17:6
କରିପକାଏ	2	2	2	2	MAT 12:30
କରିପାର	11	11	4	12	DEU 14:11
କରିପାରନ୍ତି	3	3	3	2	JOB 22:13
କରିପାରନ୍ତେ	1	1	1	1	JHN 9:33
କରିପାରି	1	1	1	1	EXO 12:39
କରିପାରିବ	7	7	4	4	LEV 21:3
କରିପାରିବି	1	1	1	2	ISA 50:4
କରିପାରିବେ	1	1	1	1	EXO 13:21
କରିପାରିଲେ	1	1	1	0	ISA 46:2
କରିପାରୁ	2	2	2	3	GEN 19:22
କରିପାରେ	33	33	11	80	GEN 27:37
କରିପାରେଣ	1	1	1	0	JOB 14:4
କରିବ	2505	2505	57	2519	GEN 2:17
କରିବଓ	1	1	1	0	EXO 34:13
କରିବଙ୍କ	1	1	1	0	DEU 4:19
କରିବଣ	2	2	2	0	NUM 8:9
କରିବନ୍ତ	1	1	1	0	EZK 36:31
କରିବନ୍ତତାହା	1	1	1	0	EXO 29:18
କରିବମ	1	1	1	0	JHN 13:21
କରିବା	2864	2864	65	2995	GEN 1:14
କରିବାଓ	2	2	1	0	EXO 25:22
କରିବାକୁ	1430	1430	61	1501	GEN 1:16
କରିବାକୁନ	1	1	1	0	REV 6:8
କରିବାକୁଲାଗିଲେ	1	1	1	0	MAT 4:23
କରିବାକ୍ଷଣି	1	1	1	1	MRK 11:2
କରିବାକ୍ଷଣେ	1	1	1	1	2KI 10:25
କରିବାଠାରୁ	1	1	1	1	1PE 3:17
କରିବାଣ	2	2	2	0	JOB 21:15
କରିବାଣବେଳେ	1	1	1	0	2SA 7:1
କରିବାନ୍ତ	2	2	2	0	ISA 44:27
କରିବାପାଇଁ	1	1	1	0	ISA 61:1
କରିବାମାତ୍ର	2	2	2	0	1SA 13:10
କରିବାମାତ୍ରେ	1	1	1	2	LUK 1:44
କରିବାଯାଏ	4	4	3	3	JOS 1:15
କରିବାର	200	200	45	210	GEN 18:25
କରିବାରୁ	125	125	36	124	GEN 6:7
କରିବାରେ	43	43	28	49	GEN 35:16
କରିବି	498	498	41	504	GEN 21:24
କରିବୁ	96	96	31	92	GEN 9:11
କରିବେ	1638	1638	57	1664	GEN 1:26
କରିବେଙ୍କ	1	1	1	0	REV 11:15
କରିବେଣ	3	3	3	0	DEU 24:19
କରିବେନ୍ତ	2	2	2	0	ISA 11:4
କରିବେନ୍ତଣ	1	1	1	0	PSA 57:3
କରିବେବ	1	1	1	0	MIC 2:12
କରିବୋ	4	4	4	0	GEN 49:8
କରିମହାମାରୀ	1	1	1	0	EXO 9:15
କରିଯାଇଥିବାରୁ	1	1	1	1	HEB 9:15
କରିଯାଏ	1	1	1	1	JER 14:5
କରିସାରିଅଛି	1	1	1	1	1CO 5:3
କରିସାରିଥିଲା	1	1	1	1	JHN 13:2
କରିସେମାନଙ୍କ	2	2	1	0	EXO 4:31
କରିୟୋଥ୍-ହିଷ୍ରୋଣ	1	1	1	1	JOS 15:25
କରୀତ୍	2	2	1	2	1KI 17:3
କରୀୟମାନଙ୍କର	1	1	1	1	2KI 11:4
କରୀୟମାନଙ୍କୁ	1	1	1	1	2KI 11:19
କରୀୟୋତ୍	1	1	1	0	JER 48:41
କରୀୟୋଥର	1	1	1	0	AMO 2:2
କରୀୟୋଥ୍	1	1	1	2	JER 48:24
କରୁ	741	741	61	749	GEN 1:6
କରୁଅଛ	378	378	47	379	GEN 4:6
କରୁଅଛଓ	2	2	2	0	JOB 10:16
କରୁଅଛଜ	1	1	1	0	NEH 9:6
କରୁଅଛଣ	3	3	3	0	JOB 33:13
କରୁଅଛନ୍ତି	189	189	40	188	GEN 28:12
କରୁଅଛନ୍ତିଣ	1	1	1	0	JER 48:39
କରୁଅଛି	472	472	55	470	GEN 12:13
କରୁଅଛିନ୍ତ	1	1	1	0	PSA 143:5
କରୁଅଛୁ	154	154	41	153	GEN 9:10
କରୁଅଛୁଣ	1	1	1	0	2CO 3:1
କରୁଅଛୁଯେ	1	1	1	0	ROM 4:24
କରୁକରୁ	1	1	1	0	MAT 13:29
କରୁଛ	2	2	2	2	JDG 16:15
କରୁଛନ୍ତି	1	1	1	2	JER 12:12
କରୁଛି	2	2	1	2	JDG 5:28
କରୁଣା	59	59	13	65	DEU 13:17
କରୁଣାନୁସାରେ	3	3	1	3	PSA 25:7
କରୁଣାର	2	2	1	4	PSA 5:7
କରୁଣାରେ	7	7	4	7	PSA 31:16
କରୁଣାସବୁ	1	1	1	1	ISA 63:7
କରୁଣୁ	1	1	1	0	PSA 58:9
କରୁଥାଅ	25	25	10	28	JOB 21:3
କରୁଥାଆନ୍ତ	1	1	1	1	JHN 14:28
କରୁଥାଆନ୍ତି	2	2	2	3	GAL 1:10
କରୁଥାଉ	4	4	4	4	PSA 90:9
କରୁଥାଏ	6	6	5	6	PSA 18:1
କରୁଥା’ନ୍ତି	2	2	1	0	1SA 17:15
କରୁଥିବ	7	7	5	7	JOS 9:7
କରୁଥିବା	87	87	24	108	1SA 1:12
କରୁଥିବାର	7	7	6	8	GEN 26:8
କରୁଥିବାରୁ	10	10	7	10	MRK 6:31
କରୁଥିବି	1	1	1	1	2CO 11:12
କରୁଥିବେ	2	2	2	2	1SA 10:5
କରୁଥିଲ	6	6	6	6	EXO 5:13
କରୁଥିଲା	39	39	18	36	JOS 2:15
କରୁଥିଲି	21	21	7	21	GEN 32:4
କରୁଥିଲୁ	5	5	4	5	EXO 16:3
କରୁଥିଲେ	150	150	26	185	GEN 11:5
କରୁଥିଲେନ୍ତ	1	1	1	0	MRK 15:41
କରୁନାହଁ	7	7	6	5	1KI 21:5
କରୁନାହାନ୍ତି	1	1	1	0	2KI 17:34
କରୁନାହିଁ	2	2	2	0	PSA 41:11
କରୁନ୍ତ	3	3	2	0	ISA 44:26
କରୁବ	1	1	1	0	EZR 2:59
କରେ	1550	1550	59	1686	GEN 2:11
କରେଇରେ	3	3	2	3	LEV 2:7
କରେକ	1	1	1	0	JAS 2:13
କରେଥୀୟ	9	9	5	9	2SA 8:18
କରେଥୀୟମାନଙ୍କ	1	1	1	1	1SA 30:14
କରେନ୍ତ	2	2	2	1	GEN 49:14
କରେନ୍ତପୁଣି	1	1	1	0	1SA 17:35
କର୍	8	8	2	6	MRK 1:25
କର୍କମୀଶରେ	1	1	1	1	JER 46:2
କର୍କମୀଶ୍	1	1	1	2	2CH 35:20
କର୍କମୀଶ୍ର	1	1	1	0	ISA 10:9
କର୍କଶ	1	1	1	1	JER 51:27
କର୍କସ	1	1	1	1	EST 1:10
କର୍କା	1	1	1	1	JOS 15:3
କର୍କୋରରେ	1	1	1	1	JDG 8:10
କର୍ଣ୍ଣ	95	95	27	96	EXO 15:26
କର୍ଣ୍ଣ-ଗୋଚରରେ	3	3	2	3	EXO 24:7
କର୍ଣ୍ଣ-ପ୍ରାନ୍ତରେ	2	2	1	2	EXO 29:20
କର୍ଣ୍ଣକୁ	1	1	1	1	ISA 50:4
କର୍ଣ୍ଣକୁଣ୍ଡଳ	3	3	3	3	GEN 35:4
କର୍ଣ୍ଣଗୋଚର	18	18	9	18	GEN 20:8
କର୍ଣ୍ଣଗୋଚରରେ	54	54	18	52	GEN 23:13
କର୍ଣ୍ଣଗୋଚରେ	1	1	1	0	GEN 50:4
କର୍ଣ୍ଣଧାର	2	2	1	2	EZK 27:8
କର୍ଣ୍ଣଧାରଗଣର	1	1	1	1	EZK 27:28
କର୍ଣ୍ଣଧାରମାନେ	1	1	1	1	EZK 27:27
କର୍ଣ୍ଣପାତ	65	65	17	64	GEN 4:23
କର୍ଣ୍ଣପ୍ରାନ୍ତରେ	5	5	1	7	LEV 8:23
କର୍ଣ୍ଣବିଶିଷ୍ଟ	1	1	1	0	ACT 7:51
କର୍ଣ୍ଣଭୂଷଣ	2	2	2	2	ISA 3:19
କର୍ଣ୍ଣମୂଳ	1	1	1	1	JDG 5:26
କର୍ଣ୍ଣମୂଳରେ	1	1	1	1	JDG 4:21
କର୍ଣ୍ଣର	2	2	2	0	LEV 14:14
କର୍ଣ୍ଣରୁ	2	2	1	2	EXO 32:2
କର୍ଣ୍ଣରେ	22	22	11	21	JDG 7:3
କର୍ଣ୍ଣରୋଧକାରିଣୀ	1	1	1	1	PSA 58:4
କର୍ଣ୍ଣିଲୀୟ	7	7	1	8	ACT 10:1
କର୍ଣ୍ଣିଲୀୟଙ୍କ	1	1	1	2	ACT 10:17
କର୍ଣ୍ଣେଜପ	3	3	2	2	PRO 16:28
କର୍ଣ୍ଣେଜପର	1	1	1	1	PRO 26:22
କର୍ଣ୍ଣୟିମରେ	1	1	1	1	GEN 14:5
କର୍ତ୍ତନ	2	2	2	3	JOS 21:32
କର୍ତ୍ତବ୍ୟ	48	48	26	53	GEN 17:13
କର୍ତ୍ତବ୍ୟକର୍ମ	1	1	1	0	DEU 1:18
କର୍ତ୍ତବ୍ୟକର୍ମର	1	1	1	0	EXO 4:15
କର୍ତ୍ତବ୍ୟକୁ	1	1	1	1	ECC 10:10
କର୍ତ୍ତବ୍ୟତା	1	1	1	1	JOB 33:23
କର୍ତ୍ତବ୍ୟତାର	4	4	2	4	2CH 8:13
କର୍ତ୍ତବ୍ୟର	1	1	1	0	EXO 21:10
କର୍ତ୍ତା	42	42	19	40	GEN 24:12
କର୍ତ୍ତାକୁ	1	1	1	1	AMO 4:1
କର୍ତ୍ତାଙ୍କ	7	7	4	5	GEN 24:44
କର୍ତ୍ତାଙ୍କର	1	1	1	1	1PE 2:18
କର୍ତ୍ତାଙ୍କୁ	9	9	8	8	GEN 24:35
କର୍ତ୍ତାଠାରୁ	4	4	3	4	JOB 3:19
କର୍ତ୍ତାପଣ	12	12	9	12	LUK 22:53
କର୍ତ୍ତାପଣର	2	2	1	2	COL 2:10
କର୍ତ୍ତାମାନଙ୍କ	2	2	2	2	PRO 25:13
କର୍ତ୍ତାମାନଙ୍କର	4	4	4	4	ACT 16:16
କର୍ତ୍ତାମାନଙ୍କୁ	2	2	2	2	JER 27:4
କର୍ତ୍ତାମାନେ	5	5	5	5	ACT 16:19
କର୍ତ୍ତାର	10	10	5	10	GEN 24:27
କର୍ତ୍ତୃକ	16	16	9	8	MAT 1:18
କର୍ତ୍ତୃତ୍ୱ	92	92	25	91	GEN 1:16
କର୍ତ୍ତୃତ୍ୱକାରିଣୀ	2	2	1	2	ISA 47:5
କର୍ତ୍ତୃତ୍ୱକାରୀ	2	2	2	2	JOS 13:10
କର୍ତ୍ତୃତ୍ୱକାରୀଗଣ	1	1	1	1	NUM 31:48
କର୍ତ୍ତୃତ୍ୱକାରୀମାନଙ୍କର	1	1	1	1	EZK 19:11
କର୍ତ୍ତୃତ୍ୱକାରୀମାନେ	1	1	1	1	ISA 52:5
କର୍ତ୍ତୃତ୍ୱବିଶିଷ୍ଟ	1	1	1	1	JDG 18:7
କର୍ତ୍ତୃତ୍ୱବୃଦ୍ଧି	1	1	1	1	ISA 9:7
କର୍ତ୍ତୃତ୍ୱଭାର	2	2	2	2	JOB 34:13
କର୍ତ୍ତୃତ୍ୱର	1	1	1	1	DAN 7:26
କର୍ତ୍ତୃତ୍ୱସକଳ	1	1	1	1	PSA 145:13
କର୍ତ୍ତୃତ୍ୱାଧିକାର	1	1	1	1	ISA 22:21
କର୍ତ୍ତୃତ୍ୱାଧୀନ	2	2	1	2	JER 34:1
କର୍ତ୍ତୃତ୍ୱାନୁଯାୟୀ	1	1	1	1	DAN 11:4
କର୍ତ୍ତୃପକ୍ଷ	2	2	2	0	LUK 12:11
କର୍ତ୍ତୃପକ୍ଷଙ୍କ	1	1	1	0	LUK 20:20
କର୍ତ୍ତ୍ରୀ	1	1	1	1	1KI 17:17
କର୍ତ୍ତ୍ରୀକି	1	1	1	0	2KI 5:3
କର୍ତ୍ତ୍ରୀର	3	3	3	3	PSA 123:2
କର୍ଦ୍ଦମ	2	2	2	2	JOB 27:16
କର୍ଦ୍ଦମର	1	1	1	1	JOB 13:12
କର୍ଦ୍ଦମରେ	1	1	1	1	DAN 2:41
କର୍ବାନ୍	1	1	1	1	MRK 7:11
କର୍ମ	633	633	53	647	GEN 6:22
କର୍ମ-କ୍ଷତିର	1	1	1	1	EXO 21:19
କର୍ମକର୍ତ୍ତା	1	1	1	0	PRO 8:30
କର୍ମକାର	3	3	3	3	2KI 24:16
କର୍ମକାରକ	1	1	1	1	2KI 12:11
କର୍ମକାରକମାନଙ୍କ	1	1	1	1	JER 24:1
କର୍ମକାରମାନଙ୍କୁ	1	1	1	1	2KI 24:14
କର୍ମକାରମାନେ	1	1	1	1	JER 29:1
କର୍ମକାରୀ	15	15	11	15	EXO 36:4
କର୍ମକାରୀ-ମାନଙ୍କ	1	1	1	0	1CH 25:1
କର୍ମକାରୀ-ମାନେ	1	1	1	0	ECC 8:10
କର୍ମକାରୀମାନଙ୍କ	4	4	3	7	EXO 36:8
କର୍ମକାରୀମାନଙ୍କୁ	5	5	2	4	2KI 12:14
କର୍ମକାରୀମାନେ	2	2	1	3	2CH 24:13
କର୍ମକାରୀର	1	1	1	1	NUM 15:29
କର୍ମକ୍ଷମ	2	2	1	2	EXO 18:21
କର୍ମଗୁଡ଼ାକ	1	1	1	1	GAL 5:21
କର୍ମଗୁଡ଼ିକ	1	1	1	2	REV 2:19
କର୍ମଚାରୀ	2	2	2	3	2CH 24:11
କର୍ମଚାରୀକି	1	1	1	0	2KI 8:6
କର୍ମଚାରୀଗଣ	1	1	1	1	EST 2:3
କର୍ମଚାରୀମାନଙ୍କ	2	2	1	2	ACT 5:26
କର୍ମଚାରୀମାନଙ୍କୁ	3	3	3	3	2KI 11:18
କର୍ମଚାରୀମାନେ	1	1	1	1	ACT 5:22
କର୍ମଣ୍ୟତା	3	3	1	3	JOB 6:13
କର୍ମନୈପୁଣ୍ୟ-ଦାୟକ	1	1	1	1	EXO 35:31
କର୍ମନୈପୁଣ୍ୟଦାୟକ	1	1	1	1	EXO 31:5
କର୍ମନ୍ତ	1	1	1	0	HEB 1:10
କର୍ମନ୍ୟାୟ	1	1	1	1	EXO 39:8
କର୍ମପାଶରେ	1	1	1	1	PSA 9:16
କର୍ମଫଳ	2	2	2	2	2CH 6:23
କର୍ମବିଶିଷ୍ଟ	1	1	1	0	EXO 39:29
କର୍ମଭାର	1	1	1	1	1KI 11:28
କର୍ମମାନ	13	13	7	13	1SA 12:24
କର୍ମଯୋଗ୍ୟ	1	1	1	1	LEV 11:32
କର୍ମର	46	46	27	49	GEN 24:66
କର୍ମରୁ	12	12	9	14	EXO 36:4
କର୍ମରେ	45	45	20	48	GEN 9:20
କର୍ମଶୀଳ	1	1	1	1	PRO 13:4
କର୍ମଶୀଳର	3	3	1	3	PRO 10:4
କର୍ମସକଳ	10	10	3	10	PSA 28:5
କର୍ମସକଳର	1	1	1	1	PRO 8:22
କର୍ମସବୁ	19	19	7	22	2CH 20:37
କର୍ମସବୁକୁ	2	2	2	2	ROM 8:13
କର୍ମସବୁର	1	1	1	0	EPH 5:11
କର୍ମସମୂହ	2	2	1	2	REV 15:3
କର୍ମାଦି	1	1	1	1	EXO 1:14
କର୍ମାନୁଯାୟୀ	3	3	2	3	2CH 17:4
କର୍ମାନୁରୂପ	1	1	1	1	PSA 28:4
କର୍ମାନୁସାରେ	31	31	17	29	EXO 28:15
କର୍ମି	2	2	2	4	GEN 46:9
କର୍ମିର	2	2	1	3	JOS 7:1
କର୍ମିଲ	9	9	6	9	JOS 15:55
କର୍ମିଲକୁ	3	3	1	3	1SA 15:12
କର୍ମିଲର	5	5	4	5	1KI 18:42
କର୍ମିଲରେ	3	3	1	3	1SA 25:2
କର୍ମିଲସ୍ଥ	1	1	1	1	JOS 12:22
କର୍ମିଲୀୟ	5	5	3	5	1SA 30:5
କର୍ମିଲୀୟା	2	2	2	2	1SA 27:3
କର୍ମିଲ୍	2	2	1	2	ISA 33:9
କର୍ମୀ	1	1	1	0	1CH 5:3
କର୍ମ୍ମି	1	1	1	0	EXO 6:14
କର୍ମ୍ମିଠାରୁ	1	1	1	1	NUM 26:6
କର୍ମ୍ମୀୟ	1	1	1	0	NUM 26:6
କର୍ଶନା	1	1	1	1	EST 1:14
କଲ	222	222	34	224	GEN 3:13
କଲଟି	1	1	1	0	JDG 9:38
କଲଦୀୟ	3	3	3	0	2KI 25:10
କଲଦୀୟ-ମାନଙ୍କ	1	1	1	0	ISA 48:20
କଲଦୀୟମାନଙ୍କ	5	5	3	1	GEN 11:28
କଲଦୀୟମାନଙ୍କର	2	2	2	0	2KI 25:24
କଲଦୀୟମାନଙ୍କୁ	1	1	1	0	ISA 43:14
କଲଦୀୟମାନେ	4	4	3	0	2KI 25:13
କଲନୀ	1	1	1	0	GEN 10:10
କଲନୀକି	1	1	1	0	AMO 6:2
କଲବଲ	3	3	1	3	LUK 16:23
କଲମ	7	7	2	7	ISA 17:10
କଲମତ୍ରାସରେ	1	1	1	1	JER 36:23
କଲମରେ	1	1	1	1	3JN 1:13
କଲସୀରେ	1	1	1	0	COL 1:2
କଲା	1324	1324	52	1258	GEN 1:12
କଲାକ୍ଷଣେ	4	4	3	3	JOS 8:8
କଲାଣ	1	1	1	0	GAL 3:1
କଲାଣି	1	1	1	1	MAT 5:28
କଲାନ୍ତଏହି	1	1	1	0	1CH 2:17
କଲାନ୍ତଣଣଦ୍ୱି	1	1	1	0	ISA 20:1
କଲାପ	1	1	1	0	DEU 32:15
କଲାବ	1	1	1	0	2KI 25:9
କଲାଲ	1	1	1	1	EZR 10:30
କଲାୟ	1	1	1	1	EZR 10:23
କଲି	266	266	38	259	GEN 19:34
କଲିଜା	1	1	1	1	LAM 2:11
କଲିଟ	2	2	1	3	NEH 8:7
କଲିଟ୍	1	1	1	0	EZR 10:23
କଲୁ	232	232	37	222	GEN 9:12
କଲୂବ	1	1	1	1	1CH 4:11
କଲୂବର	1	1	1	1	1CH 27:26
କଲୂହୂ	1	1	1	1	EZR 10:35
କଲେ	4477	4477	63	4546	GEN 1:1
କଲେଓ	3	3	1	0	EXO 10:15
କଲେଜ	1	1	1	0	ISA 53:12
କଲେଣି	2	2	1	2	1SA 14:12
କଲେନ୍ତ	1	1	1	0	JOS 12:4
କଲେନ୍ତଆଉ	1	1	1	0	LEV 8:30
କଲେନ୍ତଏଥିରେ	1	1	1	0	JDG 6:21
କଲେପ	1	1	1	0	JHN 6:27
କଲ୍କୋଲ	1	1	1	0	1KI 4:31
କଲ୍କୋଲ୍	1	1	1	2	1CH 2:6
କଲ୍ଦୀୟ	17	17	4	21	2KI 24:2
କଲ୍ଦୀୟ-ମାନଙ୍କ	1	1	1	0	JER 25:12
କଲ୍ଦୀୟକୁ	1	1	1	1	DAN 2:10
କଲ୍ଦୀୟମାନଙ୍କ	30	30	6	36	2KI 25:5
କଲ୍ଦୀୟମାନଙ୍କର	10	10	4	13	ISA 47:5
କଲ୍ଦୀୟମାନଙ୍କୁ	2	2	1	3	DAN 2:2
କଲ୍ଦୀୟମାନେ	12	12	3	16	2KI 25:4
କଲ୍ଦୀୟର	1	1	1	1	ISA 47:1
କଲ୍ଦୀୟା	1	1	1	1	JER 50:10
କଲ୍ନୋ	1	1	1	1	ISA 10:9
କଲ୍ଲୋଳ	3	3	3	3	ISA 17:12
କଲ୍ଲୋଳଧ୍ୱନି	1	1	1	1	JER 5:22
କଲ୍ଲୋଳର	1	1	1	1	ISA 17:12
କଲ୍ଲୟ	1	1	1	1	NEH 12:20
କଲ୍ଳୋଳସକଳ	1	1	1	1	ISA 51:15
କଲ୍ହୋଷି	1	1	1	1	NEH 11:5
କଲ୍ହୋଷିର	2	2	1	2	NEH 3:15
କଲ୍ୟାଣ	4	4	3	2	2CH 30:27
କଳକ	1	1	1	0	PRO 23:8
କଳଙ୍କ	18	18	12	19	NUM 19:2
କଳଙ୍କରହିତ	1	1	1	1	JOB 11:15
କଳଙ୍କିତ	2	2	2	2	NEH 13:29
କଳଙ୍କିତା	1	1	1	1	DEU 24:4
କଳଙ୍କିନୀ	1	1	1	1	LEV 21:14
କଳଙ୍କିନୀକି	1	1	1	0	LEV 21:7
କଳଦ	4	4	3	0	PSA 58:6
କଳପାଟି	1	1	1	1	JOB 29:17
କଳପାଟିରୁ	1	1	1	1	HOS 11:4
କଳପାଟିରେ	2	2	1	2	EZK 29:4
କଳରବ	2	2	2	2	ISA 13:4
କଳଶ	13	13	4	7	GEN 24:14
କଳଶରୁ	3	3	1	0	GEN 24:17
କଳସ	2	2	2	8	1KI 18:33
କଳସର	1	1	1	1	ISA 40:15
କଳସରୁ	1	1	1	4	NUM 24:7
କଳସରେ	1	1	1	1	1KI 17:12
କଳହ	9	9	5	12	2SA 19:9
କଳହକାରିଣୀ	1	1	1	1	PRO 21:19
କଳହକାରୀ	1	1	1	1	PRO 20:1
କଳହକାରୀମାନଙ୍କ	1	1	1	1	JER 48:45
କଳହପୂର୍ଣ୍ଣେ	1	1	1	1	EZK 22:5
କଳହର	2	2	2	1	NUM 24:17
କଳହରୁ	1	1	1	1	PSA 64:2
କଳହରେ	1	1	1	1	ISA 9:5
କଳହାଡ଼ରେ	1	1	1	1	PSA 3:7
କଳା	4	4	3	6	1KI 18:45
କଳାଜୀରା	3	3	1	3	ISA 28:25
କଳାବସ୍ତ୍ର	1	1	1	1	JER 14:2
କଳି	10	10	2	10	GEN 45:24
କଳିକା	17	17	2	17	EXO 25:31
କଳିକାମାନ	2	2	1	2	1KI 7:24
କଳିର	3	3	1	3	PRO 6:14
କଳିହୁଡ଼ା	1	1	1	1	PRO 26:21
କଳିହୁଡ଼ି	1	1	1	0	PRO 21:9
କଳିହୁଡ଼ୀ	3	3	1	4	PRO 9:13
କଳୁଷିତ	7	7	5	7	ROM 1:24
କଳେଇ	1	1	1	1	EXO 22:6
କଳେଇବିଡ଼ା	1	1	1	1	JDG 15:5
କଳେକ	1	1	1	0	PRO 17:1
କଳ୍ପନା	41	41	17	42	GEN 6:5
କଳ୍ପନାକୁ	1	1	1	1	2CO 10:5
କଳ୍ପନାନୁସାରେ	1	1	1	1	ISA 65:2
କଳ୍ପନାର	1	1	1	1	2CH 2:14
କଳ୍ପନାରେ	3	3	3	3	1CH 29:18
କଳ୍ପନାସବୁ	5	5	4	5	PSA 56:5
କଳ୍ପନାସମୂହର	1	1	1	1	JER 6:19
କଳ୍ପିତ	7	7	7	8	2CH 26:15
କଶା	1	1	1	0	ACT 22:25
କଷୀବରେ	1	1	1	1	GEN 38:5
କଷ୍ଟ	26	26	16	40	GEN 35:16
କଷ୍ଟକର	6	6	6	7	2SA 13:2
କଷ୍ଟଜାତ	1	1	1	0	GEN 35:18
କଷ୍ଟଦାୟକ	1	1	1	0	REV 16:2
କଷ୍ଟରୁ	1	1	1	1	PSA 25:17
କଷ୍ଟରେ	14	14	8	14	EXO 14:25
କସୀତା	2	2	2	2	GEN 33:19
କସୀଲ	1	1	1	1	JOS 15:30
କସୁଲ୍ଲୋତ	1	1	1	1	JOS 19:18
କସ୍ବୀ	1	1	1	0	NUM 25:15
କସ୍ଲୁହୀୟ	2	2	2	2	GEN 10:14
କସ୍ୱୀ	1	1	1	2	NUM 25:18
କହ	4	4	4	3	OBA 1:12
କହଇ	6	6	5	5	NUM 20:14
କହତ	1	1	1	0	JDG 12:6
କହନ୍ତି	1151	1151	44	1162	GEN 10:9
କହନ୍ତିଣ	1	1	1	0	JER 23:38
କହନ୍ତୁ	30	30	13	30	EXO 20:19
କହନ୍ତେ	15	15	11	15	GEN 37:10
କହାତ	2	2	2	10	NUM 4:2
କହାତ-ସନ୍ତାନ	1	1	1	1	JOS 21:20
କହାତ-ସନ୍ତାନଗଣ	1	1	1	2	1CH 15:5
କହାତ-ସନ୍ତାନଗଣକୁ	1	1	1	1	NUM 7:9
କହାତ-ସନ୍ତାନଗଣର	2	2	2	4	NUM 4:4
କହାତର	9	9	4	14	EXO 6:18
କହାତୀୟ	10	10	4	10	NUM 3:27
କହାତୀୟ-ସନ୍ତାନଗଣ	1	1	1	1	1CH 9:32
କହାତୀୟ-ସନ୍ତାନଗଣର	1	1	1	1	2CH 20:19
କହାତୀୟମାନେ	1	1	1	1	NUM 10:21
କହାତ୍	8	8	4	0	GEN 46:11
କହାତ୍-ସନ୍ତାନଗଣ	1	1	1	0	NUM 4:15
କହାତ୍-ସନ୍ତାନଗଣର	2	2	2	0	NUM 4:15
କହାତ୍ଠାରୁ	2	2	1	0	NUM 3:27
କହାତ୍ର	5	5	2	0	NUM 3:19
କହି	283	283	43	274	GEN 20:5
କହିଅଛ	53	53	19	55	GEN 32:12
କହିଅଛନ୍ତି	140	140	31	142	GEN 3:3
କହିଅଛନ୍ତିନ୍ତ	1	1	1	0	ISA 1:2
କହିଅଛି	67	67	15	67	GEN 14:22
କହିଅଛୁ	61	61	17	62	GEN 28:15
କହିଛନ୍ତି	1	1	1	0	HEB 4:3
କହିଥାଅ	3	3	2	3	MAT 16:2
କହିଥାଆନ୍ତି	2	2	2	2	JHN 14:2
କହିଥାଉ	3	3	3	3	1CO 2:13
କହିଥାଏ	1	1	1	1	JOB 31:24
କହିଥା’ନ୍ତି	1	1	1	1	PSA 73:15
କହିଥିବାରୁ	2	2	1	2	JHN 8:45
କହିଥିଲ	17	17	9	17	GEN 32:9
କହିଥିଲା	21	21	15	20	GEN 41:13
କହିଥିଲି	14	14	10	13	1SA 9:23
କହିଥିଲୁ	10	10	8	10	GEN 3:17
କହିଥିଲେ	124	124	25	127	GEN 21:1
କହିନାହିଁ	1	1	1	0	2CH 18:17
କହିନାହୁଁ	1	1	1	2	JER 14:14
କହିପାର	1	1	1	5	JER 2:23
କହିପାରନ୍ତା	1	1	1	1	GEN 21:7
କହିପାରେ	6	6	6	10	NUM 23:10
କହିବ	217	217	33	220	GEN 12:13
କହିବା	150	150	38	156	GEN 22:2
କହିବାକୁ	163	163	22	161	GEN 18:27
କହିବାନ୍ତ	1	1	1	0	JER 18:7
କହିବାମାତ୍ରେ	1	1	1	0	PSA 33:9
କହିବାର	32	32	18	30	LEV 19:26
କହିବାରୁ	13	13	8	11	RUT 1:18
କହିବାରେ	2	2	2	2	JDG 8:3
କହିବି	60	60	22	61	GEN 18:30
କହିବୁ	9	9	6	9	GEN 44:16
କହିବେ	165	165	35	168	GEN 48:20
କହିବେହ	1	1	1	0	JOL 2:17
କହିଲ	45	45	19	44	GEN 12:19
କହିଲା	982	982	35	950	GEN 3:1
କହିଲାନ୍ତଣଦେଖନ୍ତୁ	1	1	1	0	1SA 16:18
କହିଲି	154	154	31	152	GEN 20:13
କହିଲୁ	56	56	20	55	GEN 26:28
କହିଲେ	3241	3241	43	3310	GEN 1:3
କହିସାରିଲା	2	2	2	2	1SA 24:16
କହିସାରିଲିଣି	1	1	1	1	JHN 9:27
କହୁ	73	73	25	74	GEN 24:15
କହୁଅଛ	82	82	26	86	GEN 18:5
କହୁଅଛଣ	1	1	1	0	JOB 2:10
କହୁଅଛନ୍ତି	63	63	24	62	GEN 22:16
କହୁଅଛି	250	250	30	249	GEN 21:12
କହୁଅଛୁ	20	20	12	20	GEN 22:17
କହୁଛ	5	5	4	3	EXO 5:17
କହୁଛନ୍ତି	6	6	5	9	1SA 10:2
କହୁଛି	5	5	3	5	1SA 17:55
କହୁଛୁ	1	1	1	1	JHN 9:17
କହୁଣୀ	1	1	1	1	EZK 13:18
କହୁଥଲି	1	1	1	1	GEN 24:45
କହୁଥାଅ	4	4	1	4	MAT 15:5
କହୁଥା’ନ୍ତି	1	1	1	1	2SA 20:18
କହୁଥିବା	30	30	7	30	1KI 1:42
କହୁଥିବେ	1	1	1	1	1TH 5:3
କହୁଥିଲ	1	1	1	1	GEN 43:27
କହୁଥିଲା	7	7	6	7	1SA 1:13
କହୁଥିଲି	2	2	2	2	1SA 1:16
କହୁଥିଲେ	30	30	11	32	GEN 37:17
କହୁନାହିଁ	1	1	1	0	MAT 18:22
କହୁନ୍ତୁ	4	4	3	2	2CH 18:7
କହେ	170	170	31	169	GEN 24:43
କହେଣ	1	1	1	0	PRO 1:21
କହେଲାତରୁ	1	1	1	1	NUM 33:23
କହେଲାତରେ	1	1	1	1	NUM 33:22
କହ୍ରାଇ	2	2	2	2	1SA 2:14
କହ୍ରାଇରେ	2	2	2	2	NUM 11:8
କାଂସ୍ୟକାର	1	1	1	1	1KI 7:14
କାଇସର	1	1	1	1	LUK 2:1
କାଇସରଙ୍କ	14	14	4	14	LUK 3:1
କାଇସରଙ୍କର	7	7	4	8	MAT 22:21
କାଇସରଙ୍କୁ	7	7	3	7	MAT 22:17
କାଇସରିଆ	2	2	1	0	ACT 10:1
କାଇସରିଆକୁ	5	5	1	0	ACT 9:30
କାଇସରିଆରୁ	3	3	1	0	ACT 11:11
କାଇସରିଆରେ	3	3	1	0	ACT 8:40
କାଇସରୀଆ	1	1	1	0	MRK 8:27
କାଇସରୀଆକୁ	1	1	1	0	ACT 23:33
କାଇସରୀଆରେ	1	1	1	0	ACT 18:22
କାଇସରୀୟା	1	1	1	0	MAT 16:13
କାଉ	1	1	1	6	LEV 11:15
କାଉକୁ	1	1	1	1	GEN 8:6
କାଉର	1	1	1	1	JOB 38:41
କାକମାନଙ୍କୁ	1	1	1	1	1KI 17:4
କାକମାନେ	1	1	1	1	1KI 17:6
କାକର	16	16	9	16	GEN 31:40
କାକର-ବିହୀନ	1	1	1	1	GEN 27:39
କାକରପରି	1	1	1	1	EXO 16:14
କାକରରୁ	1	1	1	1	GEN 27:28
କାକରରେ	6	6	2	6	JER 36:30
କାକୁକ୍ତି	17	17	3	0	2CH 6:19
କାକୁକ୍ତିରେ	2	2	1	0	PSA 88:2
କାକୁଡ଼ି	1	1	1	1	NUM 11:5
କାକୁଡ଼ିକ୍ଷେତ୍ରର	1	1	1	1	ISA 1:8
କାକୂକ୍ତି	5	5	3	23	GEN 30:6
କାକୂକ୍ତିର	1	1	1	1	PSA 64:1
କାକୂକ୍ତିରେ	1	1	1	3	PSA 17:1
କାଗଜ	1	1	1	1	2JN 1:12
କାଙ୍ଗୁ	1	1	1	1	EZK 4:9
କାଚ	3	3	2	3	JOB 28:17
କାଚମୟ	2	2	1	2	REV 15:2
କାଛୁ	1	1	1	1	LEV 21:20
କାଛୁମୟ	1	1	1	1	ISA 3:17
କାଟ	3	3	3	3	JOS 17:15
କାଟନ୍ତି	9	9	4	9	JOB 4:8
କାଟନ୍ତୁ	1	1	1	1	REV 14:15
କାଟି	75	75	27	74	GEN 22:3
କାଟିଅଛ	1	1	1	1	HOS 10:13
କାଟିଅଛନ୍ତି	2	2	2	2	JER 12:13
କାଟିଅଛି	1	1	1	1	REV 18:7
କାଟିଥିଲେ	1	1	1	3	NUM 13:24
କାଟିଦେଇ	1	1	1	1	ACT 27:32
କାଟିଧରା	1	1	1	1	EXO 22:2
କାଟିପକାଅ	2	2	1	2	MRK 9:43
କାଟିପକାଇ	1	1	1	0	1CH 19:4
କାଟିପକାଇଥିଲେ	1	1	1	1	JHN 18:26
କାଟିପକାଇଲେ	2	2	2	4	MAT 26:51
କାଟିପକାଉ	1	1	1	1	1CO 11:6
କାଟିପକାନ୍ତି	1	1	1	1	JHN 15:2
କାଟିବ	20	20	10	20	LEV 19:9
କାଟିବା	18	18	12	19	LEV 19:9
କାଟିବାକୁ	5	5	5	4	1SA 8:12
କାଟିବାର	1	1	1	1	REV 14:15
କାଟିବାରୁ	1	1	1	1	1SA 24:5
କାଟିବାରେ	1	1	1	2	2CH 2:8
କାଟିବୁ	1	1	1	1	2CH 2:16
କାଟିବେ	4	4	4	5	RUT 2:9
କାଟିଲି	3	3	2	3	1SA 24:11
କାଟିଲେ	5	5	5	7	EXO 35:26
କାଟୁ	2	2	1	2	2KI 6:5
କାଟୁଥିଲେ	1	1	1	2	1SA 6:13
କାଟେ	7	7	7	8	JOB 28:10
କାଠ	33	33	17	33	GEN 22:3
କାଠକଟାଳି-ମାନଙ୍କୁ	1	1	1	0	2CH 2:10
କାଠକଟାଳୀ	3	3	1	3	JOS 9:21
କାଠକଟାଳୀଠାରୁ	1	1	1	1	DEU 29:13
କାଠକଟାଳୀମାନଙ୍କ	1	1	1	1	JER 46:22
କାଠମୁଣ୍ଡାକୁ	1	1	1	1	JER 2:27
କାଠର	1	1	1	2	DAN 5:23
କାଠରେ	1	1	1	2	1KI 19:21
କାଠିନ୍ୟ	2	2	2	1	DEU 29:19
କାଢ଼	4	4	3	4	EXO 3:5
କାଢ଼ନ୍ତେ	1	1	1	1	GEN 24:45
କାଢ଼ି	67	67	28	70	GEN 24:44
କାଢ଼ିକୁଣ୍ଡ	1	1	1	0	EXO 2:16
କାଢ଼ିଥିଲେ	1	1	1	1	JHN 2:9
କାଢ଼ିଦିଅ	1	1	1	0	ACT 7:33
କାଢ଼ିନିଅ	1	1	1	0	JOB 13:21
କାଢ଼ିନିଆଯିବ	4	4	3	2	MAT 9:15
କାଢ଼ିନେଇ	3	3	2	5	GEN 37:23
କାଢ଼ିନେଲେ	1	1	1	0	1CH 20:2
କାଢ଼ିପକାଇ	1	1	1	1	ACT 16:22
କାଢ଼ିପକାଇଲେ	1	1	1	1	MRK 2:4
କାଢ଼ିପାରେ	1	1	1	1	JOB 41:13
କାଢ଼ିବ	2	2	2	2	PRO 20:5
କାଢ଼ିବା	6	6	4	6	GEN 24:20
କାଢ଼ିବାକୁ	2	2	1	2	GEN 24:11
କାଢ଼ିବି	1	1	1	1	GEN 24:19
କାଢ଼ିଲା	2	2	2	2	GEN 24:20
କାଢ଼ିଲୁ	1	1	1	1	NEH 4:23
କାଢ଼ିଲେ	2	2	2	2	1SA 7:6
କାଣ୍ଡାକୀ	1	1	1	1	ACT 8:27
କାତର	2	2	2	1	PRO 21:26
କାତରୋକ୍ତି	13	13	5	12	JDG 2:18
କାତରୋକ୍ତିରେ	2	2	2	2	PSA 6:6
କାତି	6	6	3	6	LEV 11:9
କାତିରେ	2	2	1	2	EZK 29:4
କାତିସବୁ	1	1	1	1	JOB 41:15
କାଦୁଅ	13	13	8	13	EXO 1:14
କାଦୁଅକୁ	1	1	1	1	NAM 3:14
କାଦୁଅରୁ	1	1	1	1	PSA 40:2
କାଦୁଅରେ	2	2	2	2	ZEC 10:5
କାଦେଶ	5	5	2	7	GEN 16:14
କାଦେଶ-ବର୍ଣ୍ଣେୟ	2	2	2	2	DEU 1:2
କାଦେଶ-ବର୍ଣ୍ଣେୟଠାରୁ	5	5	3	5	NUM 32:8
କାଦେଶ-ବର୍ଣ୍ଣେୟର	1	1	1	1	NUM 34:4
କାଦେଶ-ବର୍ଣ୍ଣେୟରେ	2	2	2	2	DEU 1:19
କାଦେଶକୁ	1	1	1	1	GEN 14:7
କାଦେଶର	1	1	1	1	PSA 29:8
କାଦେଶରୁ	3	3	1	3	NUM 20:14
କାଦେଶରେ	2	2	2	4	NUM 20:1
କାଦେଶସ୍ଥ	2	2	2	2	NUM 27:14
କାଦେଶ୍	1	1	1	0	1CH 6:72
କାଦେଶ୍ରେ	2	2	1	0	JDG 11:16
କାନ	20	20	6	19	PRO 5:1
କାନକୁହାକୋହି	1	1	1	1	2CO 12:20
କାନକୋଳି	15	15	5	15	JDG 8:7
କାନରୁ	1	1	1	1	AMO 3:12
କାନରେ	5	5	3	7	MAT 13:15
କାନାତ୍	1	1	1	0	NUM 32:42
କାନାନା	1	1	1	0	1CH 7:10
କାନାନାର	1	1	1	0	1KI 22:11
କାନେ	2	2	1	2	PRO 18:8
କାନ୍ତଲୌହ	1	1	1	1	EZK 27:19
କାନ୍ତି	1	1	1	1	LAM 4:7
କାନ୍ଥ	33	33	11	35	NUM 22:25
କାନ୍ଥଆଡ଼େ	1	1	1	1	ISA 38:2
କାନ୍ଥକୁ	5	5	2	5	1KI 6:5
କାନ୍ଥଛାତ	1	1	1	0	1KI 6:15
କାନ୍ଥଡ଼ା	3	3	3	2	NEH 4:10
କାନ୍ଥଡ଼ାର	5	5	4	5	2CH 34:6
କାନ୍ଥର	8	8	4	10	LEV 14:37
କାନ୍ଥରେ	11	11	7	14	LEV 14:37
କାନ୍ଥସବୁର	1	1	1	1	EZK 41:17
କାନ୍ଥି	10	10	1	10	EXO 25:11
କାନ୍ଦି	10	10	6	10	NUM 11:13
କାନ୍ଦିବା	1	1	1	1	ISA 57:13
କାନ୍ଦିବାକୁ	2	2	1	2	GEN 27:38
କାନ୍ଦିଲ	1	1	1	1	LUK 7:32
କାନ୍ଦିଲା	1	1	1	1	JDG 14:17
କାନ୍ଦିଲେ	1	1	1	2	JHN 11:35
କାନ୍ଦୁଅଛି	1	1	1	1	EXO 2:6
କାନ୍ଧର	1	1	1	1	EZK 29:18
କାନ୍ଧରୁ	1	1	1	1	GEN 27:40
କାନ୍ଧରେ	11	11	8	12	DEU 28:48
କାନ୍ଧେଇ	1	1	1	1	LUK 15:5
କାନ୍ନା	4	4	2	5	JOS 16:8
କାନ୍ନାନିବାସୀ	1	1	1	1	JHN 21:2
କାନ୍ନାରେ	2	2	1	2	JHN 2:1
କାପଟ୍ୟର	1	1	1	0	JER 23:26
କାପ୍ତା	6	6	3	7	GEN 8:8
କାପ୍ତାକୁ	2	2	1	2	GEN 8:10
କାପ୍ତାଛୁଆ	10	10	2	1	LEV 1:14
କାପ୍ତାବ୍ୟବସାୟୀ-ମାନଙ୍କର	1	1	1	0	MAT 21:12
କାପ୍ପାଦକିଆ	2	2	2	2	ACT 2:9
କାବୁଲ	1	1	1	0	1KI 9:13
କାବୂଲ	1	1	1	3	JOS 19:27
କାବ୍ର	1	1	1	1	2KI 6:25
କାମ	3	3	2	10	MAT 20:12
କାମନା	10	10	7	10	PSA 145:16
କାମଭାବରେ	1	1	1	1	MAT 5:28
କାମରସରେ	1	1	1	1	PRO 7:18
କାମରୂପ	2	2	1	2	REV 14:8
କାମାନଳରେ	2	2	2	1	ROM 1:27
କାମାଭିଳାଷରେ	2	2	2	2	1TI 5:11
କାମାଭିଳାଷୀ	1	1	1	1	1TH 4:4
କାମାସକ୍ତ	2	2	1	2	2SA 13:1
କାମିନୀ	2	2	1	2	JDG 5:30
କାମୁକତା	5	5	5	6	MRK 7:22
କାମୁକତାପୂର୍ଣ୍ଣ	1	1	1	1	2PE 2:7
କାମୁକତାର	1	1	1	1	2PE 2:2
କାମୁକତାରେ	4	4	3	4	ROM 13:13
କାମୁଡ଼ାକାମୁଡ଼ି	1	1	1	1	GAL 5:15
କାମୁଡ଼ି	1	1	1	1	ACT 28:3
କାମୁଡ଼ିବ	1	1	1	1	ECC 10:8
କାମୁଡ଼ିବା	1	1	1	1	JOB 30:17
କାମୁଡ଼ିବାକୁ	1	1	1	1	REV 16:10
କାମୁଡ଼ିଲେ	1	1	1	1	ECC 10:11
କାମୁଡ଼ୁ	2	2	1	2	MIC 3:5
କାମୁଡ଼େ	1	1	1	1	PRO 23:32
କାମୋନରେ	1	1	1	1	JDG 10:5
କାରଗାରରେ	1	1	1	1	MAT 5:25
କାରଣ	3637	3637	66	3667	GEN 1:14
କାରଣରୁ	34	34	20	40	LEV 26:44
କାରଣରୁଈଶ୍ୱର	1	1	1	0	PHP 2:9
କାରଣରେ	3	3	3	4	1SA 19:5
କାରବାର	2	2	2	2	PSA 107:23
କାରାକୂପ	1	1	1	1	JER 37:16
କାରାକୂପରୁ	1	1	1	1	ISA 42:6
କାରାକୂପରେ	1	1	1	1	GEN 40:15
କାରାକୂପସ୍ଥ	1	1	1	1	EXO 12:29
କାରାଗାର	3	3	2	5	JER 37:15
କାରାଗାର-ମୁକ୍ତ	1	1	1	0	ISA 61:1
କାରାଗାରକୁ	2	2	2	2	LUK 22:33
କାରାଗାରର	5	5	3	5	2KI 25:29
କାରାଗାରରୁ	10	10	8	13	GEN 40:14
କାରାଗାରରେ	39	39	12	47	GEN 39:20
କାରାଗାରସ୍ଥ	3	3	1	2	MAT 25:39
କାରାଦଣ୍ଡର	1	1	1	1	EZR 7:26
କାରାବଦ୍ଧ	2	2	2	2	GEN 40:5
କାରାବାସ	2	2	2	3	2CO 11:23
କାରାବାସରେ	1	1	1	1	2CO 6:5
କାରାରକ୍ଷକ	4	4	2	4	GEN 39:22
କାରାରକ୍ଷକଙ୍କୁ	1	1	1	1	ACT 16:23
କାରାରକ୍ଷକର	1	1	1	2	GEN 39:21
କାରାରୁଦ୍ଧ	2	2	2	1	MRK 1:14
କାରିଗରମାନଙ୍କୁ	1	1	1	1	ACT 19:25
କାରିଗରର	4	4	3	4	JDG 5:26
କାରେହର	14	14	2	14	2KI 25:23
କାର୍ତ୍ତା	1	1	1	1	JOS 21:34
କାର୍ପଙ୍କ	1	1	1	1	2TI 4:13
କାର୍ପାସନିର୍ମିତ	1	1	1	1	EST 1:6
କାର୍ଯ୍ୟ	342	342	53	407	GEN 2:2
କାର୍ଯ୍ୟ-ଦିନରେ	1	1	1	0	1SA 20:19
କାର୍ଯ୍ୟ-ସାଧକ	1	1	1	0	HEB 4:12
କାର୍ଯ୍ୟଓ	1	1	1	0	HEB 2:4
କାର୍ଯ୍ୟକର	1	1	1	0	2CO 13:7
କାର୍ଯ୍ୟକାରୀ	6	6	6	10	MAT 10:10
କାର୍ଯ୍ୟକାରୀ-ମାନଙ୍କଠାରୁ	1	1	1	0	PHP 3:2
କାର୍ଯ୍ୟକାରୀମାନଙ୍କୁ	2	2	2	2	MAT 9:38
କାର୍ଯ୍ୟକାରୀମାନେ	2	2	2	2	MAT 9:37
କାର୍ଯ୍ୟକାରୀର	1	1	1	1	2TI 2:15
କାର୍ଯ୍ୟକୁ	4	4	4	6	NEH 4:15
କାର୍ଯ୍ୟଗୁଡ଼ାକ	1	1	1	1	GAL 5:19
କାର୍ଯ୍ୟଜାଣୁ	1	1	1	0	REV 3:8
କାର୍ଯ୍ୟତୁମ୍ଭମାନଙ୍କ	1	1	1	0	1TH 2:9
କାର୍ଯ୍ୟନ୍ତ	1	1	1	0	1CH 23:29
କାର୍ଯ୍ୟମାନ	1	1	1	1	PSA 71:19
କାର୍ଯ୍ୟଯୋଗ୍ୟ	1	1	1	1	MAT 5:13
କାର୍ଯ୍ୟର	18	18	11	28	1KI 7:17
କାର୍ଯ୍ୟରୁ	6	6	3	6	GEN 2:2
କାର୍ଯ୍ୟରେ	50	50	29	54	GEN 11:6
କାର୍ଯ୍ୟଶାସକ	7	7	3	6	EXO 5:6
କାର୍ଯ୍ୟଶାସକମାନଙ୍କ	1	1	1	1	EXO 3:7
କାର୍ଯ୍ୟଶାସକମାନଙ୍କୁ	1	1	1	1	EXO 1:11
କାର୍ଯ୍ୟଶାସକମାନେ	3	3	2	3	EXO 5:13
କାର୍ଯ୍ୟଶାସକର	1	1	1	1	JOB 3:18
କାର୍ଯ୍ୟସକଳ	4	4	2	4	EXO 36:1
କାର୍ଯ୍ୟସକଳରେ	1	1	1	1	PSA 104:31
କାର୍ଯ୍ୟସବୁ	6	6	4	6	PSA 46:8
କାର୍ଯ୍ୟସମ୍ବନ୍ଧୀୟ	1	1	1	0	EXO 39:40
କାର୍ଯ୍ୟସାଧକ	9	9	6	10	1CO 12:29
କାର୍ଯ୍ୟସାଧନ	2	2	2	0	PHP 1:22
କାର୍ଯ୍ୟାଧ୍ୟକ୍ଷ	1	1	1	3	1KI 5:16
କାର୍ଯ୍ୟାଧ୍ୟକ୍ଷମାନଙ୍କୁ	1	1	1	1	EXO 5:14
କାର୍ଯ୍ୟାଧ୍ୟକ୍ଷମାନେ	2	2	1	2	EXO 5:15
କାର୍ଯ୍ୟାନୁସାରେ	1	1	1	1	NEH 13:30
କାର୍ଯ୍ୟାର୍ଥେ	2	2	2	2	EXO 30:16
କାର୍ଯ୍ୟ୍ୟ	1	1	1	0	JAS 5:11
କାଲ	1	1	1	1	MRK 7:32
କାଲି	61	61	19	53	EXO 8:10
କାଲିକି	1	1	1	1	EST 5:12
କାଲିର	3	3	3	3	JOB 8:9
କାଲୁବାୟ	1	1	1	1	1CH 2:9
କାଲେବ	9	9	2	19	NUM 13:6
କାଲେବଠାରେ	1	1	1	1	NUM 14:24
କାଲେବର	1	1	1	7	1SA 30:14
କାଲେବ୍	10	10	4	0	JOS 14:6
କାଲେବ୍-ଇଫ୍ରାଥାରେ	1	1	1	0	1CH 2:24
କାଲେବ୍ଙ୍କର	4	4	2	0	JOS 14:14
କାଲେବ୍ଙ୍କରସନ୍ତାନଗଣ	1	1	1	0	1CH 4:15
କାଲେବ୍ଙ୍କୁ	4	4	3	0	JOS 14:13
କାଲେବ୍ର	6	6	2	0	JOS 15:17
କାଳ	255	255	45	244	GEN 8:22
କାଳକୁ	3	3	3	2	DEU 4:32
କାଳକ୍ରମେ	2	2	2	2	EXO 2:11
କାଳକ୍ଷେପଣ	2	2	2	4	SNG 7:11
କାଳଜ୍ଞ	2	2	2	1	1CH 12:32
କାଳଠାରୁ	2	2	2	3	NAM 2:8
କାଳନିବାସୀ	1	1	1	1	ISA 57:15
କାଳଯାଏ	5	5	4	2	EXO 14:13
କାଳର	56	56	22	66	GEN 7:1
କାଳରୁ	25	25	13	27	2SA 14:2
କାଳରେ	106	106	32	99	GEN 14:15
କାଳସର୍ପ	5	5	3	5	PSA 91:13
କାଳସର୍ପମାନଙ୍କୁ	1	1	1	1	JER 8:17
କାଳସର୍ପର	12	12	7	11	DEU 32:33
କାଳସର୍ପିଣୀ	1	1	1	1	PSA 58:4
କାଳସାପ	1	1	1	1	ACT 28:3
କାଳସ୍ଥାୟୀ	18	18	7	12	2SA 7:16
କାଳି	1	1	1	1	3JN 1:13
କାଳିଘଡ଼ିଧାରୀ	1	1	1	0	EZK 9:11
କାଳିମା	2	2	2	2	PRO 7:9
କାଳିରେ	2	2	2	2	2CO 3:3
କାଳୀ	1	1	1	1	JER 36:18
କାଳୀଘଡ଼ି	1	1	1	1	EZK 9:2
କାଳୀଘଡ଼ିଧାରୀ	1	1	1	2	EZK 9:3
କାଳୀନ	1	1	1	3	HEB 6:20
କାଳେ	60	60	23	57	GEN 31:24
କାଷ୍ଠ	80	80	20	86	GEN 22:7
କାଷ୍ଠ-ଅସ୍ତ୍ର	1	1	1	1	NUM 35:18
କାଷ୍ଠ-ଖୋଦନ	1	1	1	1	EXO 31:3
କାଷ୍ଠକୁ	4	4	4	5	1KI 10:27
କାଷ୍ଠଖଣ୍ଡର	1	1	1	1	HOS 4:12
କାଷ୍ଠଗୃହ	1	1	1	0	2SA 7:7
କାଷ୍ଠଦାନ	1	1	1	1	NEH 10:34
କାଷ୍ଠନିର୍ମିତ	6	6	4	4	NUM 31:20
କାଷ୍ଠମୟ	6	6	5	5	DEU 4:28
କାଷ୍ଠର	29	29	10	30	GEN 30:37
କାଷ୍ଠରେ	31	31	8	33	GEN 6:14
କାସିଫିଆ	2	2	1	2	EZR 8:17
କାହା	50	50	19	59	NUM 35:22
କାହାଆଡ଼େ	1	1	1	1	ISA 57:4
କାହାକାହାକୁ	7	7	3	0	MAT 23:34
କାହାକୁ	97	97	32	107	EXO 2:12
କାହାଠାରୁ	1	1	1	1	PSA 27:1
କାହାଠାରେ	2	2	2	2	2KI 9:5
କାହାଣୀ	3	3	3	6	PSA 90:9
କାହାଣୀସବୁ	1	1	1	0	1TI 4:7
କାହାନ୍ତି	29	29	14	30	GEN 19:5
କାହାର	56	56	18	64	GEN 24:23
କାହାରି	91	91	30	93	EXO 22:10
କାହାରିକାହାରିକି	1	1	1	0	LUK 21:16
କାହାରିକାହାରିକୁ	1	1	1	0	REV 2:10
କାହାରିକି	19	19	8	4	DEU 20:16
କାହାରିକୁ	3	3	3	19	NUM 35:16
କାହାରିଠାରୁ	3	3	3	3	LUK 19:8
କାହାରିଠାରେ	3	3	3	3	MAT 8:10
କାହିଁ	46	46	22	48	GEN 22:7
କାହିଁକି	371	371	42	430	GEN 4:6
କାହିଁକିଣ	1	1	1	0	JER 15:18
କାହିଁଣ	1	1	1	0	JDG 6:13
କାହିଁର	1	1	1	1	PSA 39:7
କାହିଁରେ	33	33	18	32	EXO 22:27
କାହୁଁ	1	1	1	0	NUM 11:13
କି	1829	1829	60	1737	GEN 2:19
କିଅବା	637	637	53	664	GEN 26:11
କିଆରି	1	1	1	1	SNG 5:13
କିଆରିକି	1	1	1	0	SNG 6:2
କିଆରିରୁ	1	1	1	1	EZK 17:7
କିଆରିରେ	1	1	1	1	EZK 17:10
କିଏ	453	453	48	460	GEN 3:11
କିଙ୍କର	1	1	1	0	JER 2:14
କିଛି	605	605	58	630	GEN 14:23
କିଛିକାଳ	1	1	1	1	DAN 11:24
କିଛିଦିନ	4	4	2	2	GEN 24:55
କିଛିମାତ୍ର	12	12	9	10	EXO 5:8
କିଛିର	2	2	2	2	GAL 3:28
କିଛିହିଁ	1	1	1	0	JAS 2:16
କିଞ୍ଚିତ	3	3	2	1	GEN 30:35
କିଞ୍ଚିତ୍	2	2	2	1	2SA 16:1
କିଟ୍ରୋଣ	1	1	1	1	JDG 1:30
କିଡ଼ିମିଡ଼ି	7	7	2	7	MAT 8:12
କିଣ	8	8	6	7	LEV 25:14
କିଣନ୍ତି	2	2	2	2	MAT 14:15
କିଣା	2	2	2	1	GEN 49:32
କିଣା-ଯାଇଅଛ	1	1	1	0	1CO 6:20
କିଣାଗଲା	1	1	1	0	LEV 27:24
କିଣାନ	77	77	12	84	GEN 9:25
କିଣାନ-ଦେଶୀୟ	1	1	1	1	JDG 3:1
କିଣାନନିବାସୀ	1	1	1	0	EXO 15:15
କିଣାନର	8	8	6	8	GEN 9:18
କିଣାନରେ	2	2	2	5	GEN 12:5
କିଣାନୀୟ	41	41	13	43	GEN 13:7
କିଣାନୀୟ-ମାନଙ୍କ	1	1	1	0	DEU 11:30
କିଣାନୀୟମାନଙ୍କ	13	13	6	15	GEN 10:18
କିଣାନୀୟମାନଙ୍କର	2	2	1	2	GEN 15:21
କିଣାନୀୟମାନଙ୍କୁ	9	9	5	9	NUM 21:3
କିଣାନୀୟମାନେ	7	7	4	7	GEN 12:6
କିଣାନୀୟା	4	4	4	4	GEN 46:10
କିଣାଯାଇଅଛ	1	1	1	1	1CO 7:23
କିଣି	12	12	6	13	GEN 42:2
କିଣିଅଛ	2	2	2	3	PSA 74:2
କିଣିଅଛି	2	2	1	2	LUK 14:18
କିଣିଆଣ	1	1	1	0	MAT 25:9
କିଣିଥିଲା	1	1	1	0	GEN 39:1
କିଣିଥିଲେ	1	1	1	1	GEN 49:30
କିଣିବ	4	4	3	2	LEV 25:15
କିଣିବା	11	11	6	11	GEN 41:57
କିଣିବାକୁ	9	9	6	9	GEN 42:7
କିଣିବାରୁ	1	1	1	1	GEN 47:14
କିଣିବି	2	2	2	2	2SA 24:24
କିଣିବୁ	1	1	1	1	NEH 10:31
କିଣିଲା	1	1	1	1	GEN 33:19
କିଣିଲି	1	1	1	1	HOS 3:2
କିଣିଲୁ	2	2	2	2	GEN 47:23
କିଣିଲେ	3	3	3	3	2SA 24:24
କିଣୁ	1	1	1	1	LUK 22:36
କିଣେ	2	2	2	1	LEV 22:11
କିତା	3	3	1	3	JER 32:11
କିତୀଶ୍	1	1	1	1	JOS 15:40
କିତ୍ତିମର	1	1	1	0	DAN 11:30
କିତ୍ତୀମ	3	3	3	4	GEN 10:4
କିତ୍ତୀମକୁ	1	1	1	1	ISA 23:12
କିତ୍ତୀମ୍	1	1	1	0	1CH 1:7
କିତ୍ତୀୟମାନଙ୍କର	1	1	1	1	JER 2:10
କିଦ୍ରୋଣ	11	11	6	12	2SA 15:23
କିଦ୍ରୋଣ-ପଦାରେ	1	1	1	0	2KI 23:4
କିନ୍ତୁ	1297	1297	35	1345	NUM 36:6
କିନ୍ତୁଅନ୍ୟମାନେ	1	1	1	0	MAT 27:49
କିନ୍ତୁଆତ୍ମିକ	1	1	1	0	ROM 8:6
କିନ୍ତୁକରଗ୍ରାହୀ	1	1	1	0	LUK 18:13
କିନ୍ତୁଦେଖିଲେ	1	1	1	0	MAT 13:17
କିନ୍ତୁଯାଇ	1	1	1	0	LUK 5:14
କିନ୍ତୁଯେ	1	1	1	0	1CO 14:3
କିନ୍ତୁସେ	1	1	1	0	MAT 20:13
କିନ୍ତୁସେଥିର	1	1	1	0	COL 2:23
କିନ୍ତୁସେମାନେ	1	1	1	0	MAT 26:5
କିନ୍ନେରତଠାରୁ	1	1	1	0	DEU 3:17
କିନ୍ନେରତର	1	1	1	0	JOS 11:2
କିନ୍ନେରତ୍	5	5	3	5	NUM 34:11
କିପରି	252	252	49	324	GEN 26:9
କିପାଁ	2	2	2	0	ISA 40:27
କିପ୍ରକାର	26	26	22	8	JOS 2:10
କିପ୍ରକାରେ	39	39	18	32	GEN 43:7
କିବା	5	5	4	3	DEU 23:1
କିବ୍ରୋତ୍	1	1	1	0	NUM 33:17
କିବ୍ରୋତ୍-ହତ୍ତାବା	1	1	1	1	NUM 11:34
କିବ୍ରୋତ୍-ହତ୍ତାବାଠାରୁ	1	1	1	1	NUM 11:35
କିବ୍ରୋତ୍-ହତ୍ତାବାରେ	2	2	2	2	NUM 33:16
କିବ୍ସୟିମ୍	1	1	1	1	JOS 21:22
କିମ୍ବା	133	133	25	309	GEN 39:10
କିମ୍ହମ୍	2	2	1	2	2SA 19:38
କିମ୍ହମ୍କୁ	1	1	1	1	2SA 19:37
କିରଣ	4	4	4	4	2SA 23:4
କିରାମ୍	1	1	1	1	JOS 10:3
କିରୀଟ	1	1	1	1	ISA 28:5
କିରୀୟତ୍	1	1	1	1	JOS 9:17
କିରୀୟତ୍-ଯିୟାରୀମର	2	2	2	1	JDG 18:12
କିରୀୟତ୍-ଯିୟାରୀମରେ	1	1	1	0	JDG 18:12
କିରୀୟତ୍-ଯିୟାରୀମସ୍ଥ	1	1	1	0	JER 26:20
କିରୀୟତ୍-ଯିୟାରୀମ୍ର	3	3	1	0	1CH 2:50
କିରୀୟତ୍-ଯୀୟାରୀମଠାରୁ	1	1	1	0	2CH 1:4
କିରୀୟତ୍-ଯୀୟାରୀମରୁ	2	2	1	0	1CH 13:5
କିରୀୟତ୍-ହୁଷୋତରେ	1	1	1	0	NUM 22:39
କିରୀୟତ୍-ୟାରିମ୍	1	1	1	1	EZR 2:25
କିରୀୟଥ	1	1	1	0	JOS 18:28
କିରୀୟଥର୍ବ	7	7	3	0	GEN 35:27
କିରୀୟଥ୍-ଅର୍ବ	1	1	1	8	NEH 11:25
କିରୀୟଥ୍-ଅର୍ବରେ	1	1	1	1	GEN 23:2
କିରୀୟଥ୍-ବାଲ	2	2	1	1	JOS 15:60
କିରୀୟଥ୍-ଯିୟାରୀମ	2	2	1	0	JOS 15:60
କିରୀୟଥ୍-ଯିୟାରୀମର	1	1	1	0	JOS 18:15
କିରୀୟଥ୍-ଯିୟାରୀମରେ	1	1	1	0	1SA 7:2
କିରୀୟଥ୍-ଯିୟାରୀମୀୟ	2	2	1	2	1SA 6:21
କିରୀୟଥ୍-ସନ୍ନା	1	1	1	1	JOS 15:49
କିରୀୟଥ୍-ସେଫର	3	3	2	3	JOS 15:15
କିରୀୟଥ୍-ସେଫରକୁ	1	1	1	1	JDG 1:12
କିରୀୟାଥ୍	1	1	1	0	JOS 15:9
କିରୀୟାଥୟିମ	2	2	2	3	1CH 6:76
କିରୀୟାଥୟିମ୍	4	4	4	3	NUM 32:37
କିରୂପ	4	4	4	3	EXO 18:14
କିରୂପେ	52	52	20	3	GEN 15:8
କିରୂବ	25	25	7	27	EXO 25:18
କିରୂବକୁ	2	2	1	2	EXO 25:19
କିରୂବଗଣ	9	9	7	9	GEN 3:24
କିରୂବଗଣର	3	3	3	3	EXO 26:31
କିରୂବଦ୍ୱୟ	2	2	2	1	EXO 25:22
କିରୂବଦ୍ୱୟକୁ	1	1	1	1	1KI 6:27
କିରୂବଦ୍ୱୟର	1	1	1	1	2CH 5:7
କିରୂବମାନଙ୍କ	9	9	5	9	1SA 4:4
କିରୂବମାନଙ୍କର	9	9	4	9	EXO 25:20
କିରୂବମାନଙ୍କୁ	1	1	1	1	1KI 6:28
କିରୂବମାନର	1	1	1	1	EZK 10:2
କିରୂବମାନେ	10	10	4	10	EXO 25:20
କିରୂବଯାକ	1	1	1	1	1KI 6:25
କିରୂବର	15	15	4	15	EXO 36:8
କିରୂବାକୃତି	1	1	1	1	2CH 3:7
କିରୂବାକୃତିରେ	1	1	1	1	EXO 36:35
କିଲାବ୍	1	1	1	1	2SA 3:3
କିଲିକିଆ	4	4	2	1	ACT 6:9
କିଲିକିଆର	3	3	1	2	ACT 21:39
କିଲିକିଆସ୍ଥ	1	1	1	0	ACT 15:23
କିଲୀୟୋନ	2	2	1	2	RUT 1:2
କିଲୀୟୋନର	1	1	1	1	RUT 4:9
କିଲ୍ମଦ୍	1	1	1	1	EZK 27:23
କିଳାସବୁ	1	1	1	2	ISA 54:2
କିଳିଣୀର	1	1	1	1	SNG 5:5
କିଶଲୋନର	1	1	1	1	NUM 34:21
କିଶୀୟୋନ୍	2	2	1	2	JOS 19:20
କିଶୋନ୍	1	1	1	0	PSA 83:9
କିଶୋନ୍-ନଦୀ	1	1	1	1	JDG 5:21
କିଶ୍ଲେବ୍	1	1	1	2	NEH 1:1
କିଶ୍ଲୋତ୍-ତାବୋରର	1	1	1	1	JOS 19:12
କିଷ୍ଲେବ	1	1	1	1	ZEC 7:1
କିହେତୁ	52	52	18	0	GEN 29:25
କିହେତୁରୁ	1	1	1	0	LUK 8:47
କିୟୀଲା	7	7	3	8	JOS 15:44
କିୟୀଲାକୁ	8	8	1	8	1SA 23:2
କିୟୀଲାର	1	1	1	1	1CH 4:19
କିୟୀଲାରୁ	2	2	1	2	1SA 23:13
କୀଟ	25	25	12	26	1KI 8:37
କୀଟ-ଭକ୍ଷିତ	1	1	1	1	JOB 13:28
କୀଟକୁ	2	2	2	2	JOB 17:14
କୀଟମାତ୍ର	1	1	1	1	JOB 25:6
କୀତ୍ତୀମ-ତୀରରୁ	1	1	1	0	NUM 24:24
କୀଦୋନ୍	1	1	1	1	1CH 13:9
କୀନା	1	1	1	1	JOS 15:22
କୀନୀୟ	1	1	1	0	1CH 2:55
କୀର-ହେରସତର	1	1	1	0	ISA 16:7
କୀରହେରସର	1	1	1	0	ISA 16:11
କୀର୍	4	4	3	4	2KI 16:9
କୀର୍-ହେର୍ସତରେ	1	1	1	1	2KI 3:25
କୀର୍କୁ	1	1	1	1	AMO 1:5
କୀର୍ତ୍ତନ	40	40	13	37	JDG 6:13
କୀର୍ତ୍ତି	8	8	6	8	JOS 6:27
କୀର୍ତ୍ତିତ	1	1	1	1	EXO 9:16
କୀର୍ତ୍ତିର	1	1	1	1	NUM 14:15
କୀର୍ହେରସର	2	2	1	3	JER 48:31
କୀଳାସବୁ	1	1	1	0	ISA 33:20
କୀଶଙ୍କ	1	1	1	1	ACT 13:21
କୀଶିର	1	1	1	1	1CH 6:44
କୀଶୋନ	1	1	1	0	1KI 18:40
କୀଶୋନ୍	2	2	1	4	JDG 4:7
କୀଶୋନ୍-ନଦୀ	1	1	1	1	JDG 5:21
କୀଶ୍	10	10	4	10	1SA 9:1
କୀଶ୍କୁ	2	2	1	2	1CH 8:33
କୀଶ୍ର	10	10	4	10	1SA 9:3
କୀୟନ	1	1	1	1	AMO 5:26
କୁ	1	1	1	6	ISA 23:2
କୁଅଭିପ୍ରାୟରେ	1	1	1	1	PRO 21:27
କୁଅଭିଳାଷ	6	6	4	6	ROM 1:24
କୁଅଭିଳାଷ-ଗୁଡ଼ାକର	1	1	1	0	ROM 6:12
କୁଅଭିଳାଷର	1	1	1	1	1PE 1:14
କୁଅଭିଳାଷରୁ	1	1	1	1	2PE 1:4
କୁଅଭିଳାଷରେ	3	3	3	3	PRO 11:6
କୁଅଭିଳାଷାନୁସାରେ	1	1	1	1	JUD 1:18
କୁଆଡ଼େ	1	1	1	1	ACT 12:18
କୁଆମାନଙ୍କ	1	1	1	0	LUK 12:24
କୁକର୍ମ	58	58	13	59	DEU 17:2
କୁକର୍ମକାରୀ	2	2	2	2	NUM 32:13
କୁକର୍ମକାରୀମାନଙ୍କ	8	8	2	8	PSA 34:16
କୁକର୍ମକାରୀମାନେ	1	1	1	1	PSA 119:115
କୁକର୍ମକୁ	1	1	1	1	PSA 52:3
କୁକର୍ମର	1	1	1	1	PRO 11:19
କୁକର୍ମରୁ	1	1	1	1	ISA 56:2
କୁକର୍ମରୂପ	1	1	1	1	1CO 5:8
କୁକଳ୍ପନା	5	5	3	5	PSA 37:12
କୁକଳ୍ପନାକାରୀ	1	1	1	1	PRO 14:17
କୁକଳ୍ପନାକାରୀକୁ	1	1	1	1	PRO 12:2
କୁକୁଡ଼ା	12	12	4	12	MAT 26:34
କୁକୁର	1	1	1	1	2PE 2:22
କୁକୁରଗୁଡ଼ାକ	1	1	1	1	LUK 16:21
କୁକୁରମାନଙ୍କ	3	3	3	2	JOB 30:1
କୁକୁରମାନଙ୍କଠାରୁ	1	1	1	1	PHP 3:2
କୁକୁରମାନଙ୍କୁ	1	1	1	1	MAT 7:6
କୁକୁରମାନେ	4	4	4	3	1KI 21:19
କୁକ୍କୁଟୀ	2	2	2	2	MAT 23:37
କୁକ୍କୁର	14	14	9	14	EXO 11:7
କୁକ୍କୁରଗଣ	1	1	1	1	JER 15:3
କୁକ୍କୁରଗଣର	1	1	1	1	PSA 68:23
କୁକ୍କୁରଟା	1	1	1	1	2SA 16:9
କୁକ୍କୁରମାନଙ୍କ	1	1	1	2	EXO 22:31
କୁକ୍କୁରମାନେ	10	10	4	11	1KI 14:11
କୁକ୍କୁରର	2	2	2	2	DEU 23:18
କୁକ୍ରିୟା	9	9	5	9	2CH 33:9
କୁକ୍ରିୟା-କାରୀମାନଙ୍କ	1	1	1	0	ISA 14:20
କୁକ୍ରିୟାକାରୀ	1	1	1	1	PRO 17:4
କୁକ୍ରିୟାକାରୀକୁ	1	1	1	1	2SA 3:39
କୁକ୍ରିୟାକାରୀମାନଙ୍କ	1	1	1	2	ISA 31:2
କୁକ୍ରିୟାକୁ	1	1	1	1	ROM 12:21
କୁକ୍ରିୟାତ୍ୟାଗୀ	3	3	1	3	JOB 1:1
କୁକ୍ରିୟାରୁ	2	2	2	2	JER 23:22
କୁକ୍ରିୟାରେ	1	1	1	1	ROM 12:21
କୁଙ୍କୁମ	1	1	1	1	SNG 4:14
କୁଚାଗ୍ର	3	3	1	3	EZK 23:3
କୁଚିନ୍ତା	3	3	2	3	MAT 9:4
କୁଜା	1	1	1	1	LEV 21:20
କୁଞ୍ଚିତ	1	1	1	1	SNG 5:11
କୁଟଣୀରେ	1	1	1	1	NUM 11:8
କୁଟା	8	8	4	8	EXO 5:12
କୁଟାଇବ	1	1	1	1	LEV 19:28
କୁଟାଟିକକ	6	6	2	6	MAT 7:3
କୁଟିଲେ	1	1	1	1	PRO 27:22
କୁଟିଳ	23	23	8	24	DEU 32:5
କୁଟିଳତା	2	2	2	2	PRO 6:14
କୁଟିଳତାରେ	1	1	1	1	ISA 30:12
କୁଟିଳବାଦୀ	1	1	1	1	PRO 10:31
କୁଟିଳମନା	1	1	1	1	PRO 11:20
କୁଟିଳମନାମାନଙ୍କ	1	1	1	1	JOB 5:13
କୁଟିଳମୁଖ	1	1	1	1	PRO 8:13
କୁଟିଳାଚରଣ	3	3	3	3	PRO 11:3
କୁଟିଳୋଷ୍ଠ	1	1	1	1	PRO 19:1
କୁଟୀର	8	8	8	9	2SA 22:12
କୁଟୀରବାସ	1	1	1	2	JHN 7:2
କୁଟୀରରେ	2	2	1	2	1KI 20:12
କୁଟୁମ୍ବ	4	4	2	5	GEN 12:1
କୁଟୁମ୍ବଗଣର	1	1	1	1	GEN 31:32
କୁଟୁମ୍ବବର୍ଗ	1	1	1	1	JOB 19:14
କୁଟୁମ୍ବବର୍ଗୀୟ	1	1	1	1	EZK 11:15
କୁଟୁମ୍ବମାନଙ୍କ	3	3	2	3	GEN 31:25
କୁଟୁମ୍ବମାନଙ୍କୁ	3	3	1	3	GEN 31:23
କୁଟୁମ୍ବର	3	3	2	3	LEV 20:19
କୁଟୁମ୍ବିତା	2	2	2	2	2CH 18:1
କୁଟୁମ୍ବୀୟ	1	1	1	1	COL 4:10
କୁଡ଼ିଆ	3	3	2	3	GEN 33:17
କୁଣ୍ଠିତ	4	4	4	4	2SA 12:4
କୁଣ୍ଡ	30	30	10	34	EXO 27:3
କୁଣ୍ଡକୁ	1	1	1	1	ISA 1:3
କୁଣ୍ଡର	1	1	1	0	REV 20:1
କୁଣ୍ଡରୁ	2	2	2	2	ISA 30:14
କୁଣ୍ଡରେ	3	3	3	3	GEN 24:20
କୁଣ୍ଡଳ	2	2	2	2	EXO 35:22
କୁଣ୍ଡସବୁ	4	4	3	4	2KI 25:15
କୁଣ୍ଡାଇବା	1	1	1	1	JOB 2:8
କୁତ୍ସା	1	1	1	0	MRK 9:39
କୁତ୍ସିତ	16	16	8	14	GEN 41:3
କୁଦନ୍ତି	2	2	1	2	JOL 2:5
କୁଦା	7	7	5	8	DEU 33:22
କୁଦାମାରି	1	1	1	0	ACT 3:8
କୁଦି	2	2	1	2	SNG 2:8
କୁଦିବା	1	1	1	1	NAM 3:2
କୁଦିବାକୁ	1	1	1	1	JOB 39:20
କୁଦିବାର	1	1	1	1	2SA 6:16
କୁଦୁଷ୍ଟି	1	1	1	0	PRO 28:22
କୁଦୃଷ୍ଟି	7	7	4	8	DEU 15:9
କୁନ୍ଦା	1	1	1	1	JER 10:5
କୁନ୍ଦୁରୁ	20	20	10	21	EXO 30:34
କୁନ୍ଦୁରୁ-ଉପପର୍ବତକୁ	1	1	1	1	SNG 4:6
କୁନ୍ଦୁରୁଦେବ	1	1	1	0	LEV 2:1
କୁନ୍ଦୁରୁରେ	1	1	1	1	SNG 3:6
କୁପଥ	2	2	2	2	PRO 8:13
କୁପଥରୁ	18	18	8	18	1KI 13:33
କୁପଥରେ	2	2	2	2	PRO 16:29
କୁପରାମର୍ଶର	1	1	1	1	PRO 1:31
କୁପିତ	3	3	3	3	NEH 4:1
କୁପ୍ର	1	1	1	1	ACT 21:3
କୁପ୍ରକୁ	1	1	1	2	ACT 15:39
କୁପ୍ରବୃତ୍ତି	1	1	1	1	JDG 9:31
କୁପ୍ରବୃତ୍ତିଗୁଡ଼ିକ	1	1	1	1	COL 3:5
କୁପ୍ରର	2	2	1	2	ACT 21:16
କୁପ୍ରୀୟ	2	2	1	0	ACT 4:36
କୁବାକ୍ୟ	1	1	1	1	EPH 4:29
କୁବାସ	1	1	1	1	JOL 2:20
କୁବ୍ଜ	2	2	2	0	ISA 30:6
କୁବ୍ଜା	1	1	1	4	LUK 13:11
କୁବ୍ୟବହାର	4	4	2	4	GEN 19:7
କୁବ୍ୟବହାରର	1	1	1	1	GEN 37:2
କୁମନ୍ତ୍ରଣା	6	6	5	6	1SA 22:8
କୁମନ୍ତ୍ରଣାରୁ	1	1	1	1	PSA 31:20
କୁମାରୀ	13	13	8	13	DEU 22:28
କୁମାରୀକି	2	2	2	0	ISA 62:5
କୁମାରୀଗଣ	7	7	5	7	PSA 45:14
କୁମାରୀଗଣକୁ	1	1	1	1	LAM 5:11
କୁମାରୀତ୍ୱ	2	2	1	2	JDG 11:37
କୁମାରୀମାନଙ୍କ	2	2	2	2	PSA 68:25
କୁମ୍ପା	12	12	9	9	GEN 21:14
କୁମ୍ପାଏ	1	1	1	1	1SA 10:3
କୁମ୍ପାକୁ	1	1	1	0	LUK 5:37
କୁମ୍ପାର	1	1	1	1	GEN 21:15
କୁମ୍ପାରେ	7	7	4	3	GEN 21:19
କୁମ୍ପାସବୁ	3	3	3	3	JOB 38:38
କୁମ୍ଭକାର	9	9	4	10	1CH 4:23
କୁମ୍ଭକାରର	12	12	7	12	PSA 2:9
କୁମ୍ଭାର	1	1	1	0	LAM 4:2
କୁମ୍ଭୀର	2	2	1	4	EZK 29:3
କୁଲା	2	2	2	2	MAT 3:12
କୁଲାଭ	1	1	1	1	HAB 2:9
କୁଲାରେ	3	3	2	3	ISA 30:24
କୁଳ	1	1	1	1	ISA 44:5
କୁଳଜାତ	2	2	2	2	JER 23:8
କୁଳୀନ	6	6	6	6	EST 1:3
କୁଳୀନକୁ	1	1	1	1	PRO 25:7
କୁଳୀନଗଣ	1	1	1	1	NEH 10:29
କୁଳୀନବର୍ଗ	1	1	1	0	NEH 3:5
କୁଳୀନମାନଙ୍କ	3	3	3	2	1SA 2:8
କୁଳୀନମାନଙ୍କର	1	1	1	1	NEH 5:7
କୁଳୀନମାନଙ୍କୁ	6	6	3	6	2CH 23:20
କୁଳୀନମାନେ	5	5	5	5	NUM 21:18
କୁଳୀନର	1	1	1	2	PRO 17:7
କୁଳୀନା	2	2	2	2	GEN 17:15
କୁଶ	3	3	2	0	GEN 2:13
କୁଶଳ	18	18	5	18	JOS 1:7
କୁଶଳତା	1	1	1	1	DEU 29:9
କୁଶଳପ୍ରାପ୍ତ	1	1	1	1	1KI 2:3
କୁଶଳବାର୍ତ୍ତା	3	3	1	4	1SA 17:18
କୁଶଳଯୁକ୍ତ	1	1	1	1	JER 12:1
କୁଶଳରେ	43	43	11	44	GEN 15:15
କୁଶାୟାର	1	1	1	1	1CH 15:17
କୁଶିର	1	1	1	0	JER 36:14
କୁଶୀୟ	4	4	1	0	JER 38:7
କୁଶ୍	1	1	1	0	JER 46:9
କୁଷ୍ଠ	29	29	3	11	LEV 13:2
କୁଷ୍ଠଗ୍ରସ୍ତ	1	1	1	2	NUM 12:10
କୁଷ୍ଠଗ୍ରସ୍ତା	1	1	1	1	NUM 12:10
କୁଷ୍ଠଯୁକ୍ତ	1	1	1	1	EXO 4:6
କୁଷ୍ଠରୁ	1	1	1	0	LEV 14:7
କୁଷ୍ଠରୋଗ	4	4	4	14	LEV 13:30
କୁଷ୍ଠରୋଗର	2	2	1	15	LEV 14:32
କୁଷ୍ଠରୋଗରୁ	4	4	2	7	2KI 5:3
କୁଷ୍ଠସ୍ଥାନରେ	1	1	1	0	2KI 5:11
କୁଷ୍ଠୀ	14	14	7	14	LEV 13:44
କୁଷ୍ଠୀକି	1	1	1	0	NUM 5:2
କୁଷ୍ଠୀମାନଙ୍କୁ	1	1	1	1	MAT 10:8
କୁଷ୍ଠୀମାନେ	3	3	3	4	2KI 7:8
କୁଷ୍ଠୀର	2	2	1	2	LEV 13:45
କୁଷ୍ଠୀଲୋକ	1	1	1	0	LUK 5:12
କୁସଂକଳ୍ପ	3	3	3	4	PSA 37:7
କୁସଂକଳ୍ପରେ	1	1	1	1	PSA 64:5
କୁସଂସର୍ଗ	1	1	1	1	1CO 15:33
କୁସଙ୍କଳ୍ପ	1	1	1	0	PRO 15:26
କୁସନ୍ଧାନୀ	1	1	1	1	PRO 24:8
କୁସମ୍ବାଦ	1	1	1	1	PSA 112:7
କୁହ	392	392	37	397	GEN 15:5
କୁହନ୍ତ	2	2	1	2	ISA 48:5
କୁହନ୍ତି	9	9	6	10	ISA 5:20
କୁହନ୍ତୁ	10	10	5	13	PSA 106:48
କୁହା	8	8	8	7	RUT 2:11
କୁହାକୁହି	1	1	1	1	GEN 42:21
କୁହାକୋହି	4	4	3	3	MRK 16:3
କୁହାଗଲା	8	8	6	8	JDG 16:2
କୁହାଗଲେ	1	1	1	1	DEU 17:4
କୁହାଯାଇ	3	3	3	4	1KI 10:7
କୁହାଯାଇଅଛି	6	6	6	6	JOS 9:24
କୁହାଯାଇଥିଲା	7	7	4	8	MAT 5:21
କୁହାଯାଉଅଛି	3	3	3	3	DAN 4:31
କୁହାଯାଉଥିବା	1	1	1	1	ACT 11:7
କୁହାଯାଉଥିଲା	1	1	1	1	LUK 18:34
କୁହାଯାଏ	13	13	10	18	JOB 28:18
କୁହାଯା’ନ୍ତେ	2	2	2	1	JOS 10:17
କୁହାଯିବ	15	15	13	16	NUM 23:23
କୁହାଯିବା	2	2	2	2	PRO 25:7
କୁହାଯିବାର	2	2	2	1	DEU 9:2
କୁହୁକ	2	2	2	3	GAL 5:20
କୁହୁକକର୍ମ	2	2	1	2	ACT 8:9
କୁହୁଡ଼ି	2	2	2	2	GEN 2:6
କୁହୁଡ଼ିର	1	1	1	1	ISA 44:22
କୁହେ	12	12	6	12	LAM 3:24
କୁହ୍ରାଡ଼ି	12	12	10	10	DEU 19:5
କୁହ୍ରାଡ଼ି-ମୁଣ୍ଡ	1	1	1	1	DEU 19:5
କୁହ୍ରାଡ଼ି-ଲୁହା	1	1	1	1	2KI 6:5
କୂଅ	2	2	1	2	JHN 4:11
କୂଅରେ	1	1	1	1	LUK 14:5
କୂଥା	1	1	1	1	2KI 17:24
କୂଥୀୟ	1	1	1	1	2KI 17:30
କୂନ୍	1	1	1	1	1CH 18:8
କୂପ	50	50	15	52	GEN 16:14
କୂପ-ଜଳ	2	2	2	1	2SA 23:15
କୂପଜଳ	2	2	2	1	2KI 18:31
କୂପର	4	4	2	6	GEN 16:14
କୂପରୁ	8	8	6	8	GEN 29:2
କୂପରେ	11	11	5	12	LEV 11:36
କୂପସମୂହରୁ	1	1	1	1	ISA 12:3
କୂବ୍	1	1	1	1	EZK 30:5
କୂରୀଣୀ	1	1	1	1	ACT 2:10
କୂରୀଣୀୟ	6	6	4	4	MAT 27:32
କୂଳ	1	1	1	5	ACT 27:40
କୂଳକୁ	4	4	4	4	JON 1:13
କୂଳର	1	1	1	1	ACT 27:13
କୂଳରୁ	3	3	3	3	MAT 14:24
କୂଳରେ	16	16	8	13	GEN 41:1
କୂଳସ୍ଥିତ	1	1	1	1	MAT 4:13
କୂଳୀନର	1	1	1	0	ECC 10:17
କୂଳେ	2	2	1	2	ACT 27:8
କୂଶ	11	11	8	20	GEN 10:6
କୂଶକୁ	1	1	1	1	PSA 87:4
କୂଶଦେଶୀୟ	3	3	2	3	JOB 28:19
କୂଶନ-ରିଶୀୟାଥୟିମ୍ର	1	1	1	0	JDG 3:8
କୂଶନର	1	1	1	1	HAB 3:7
କୂଶନ୍-ରିଶୀୟାଥୟିମ୍	1	1	1	1	JDG 3:10
କୂଶନ୍-ରିଶୀୟାଥୟିମ୍କୁ	1	1	1	1	JDG 3:10
କୂଶନ୍-ରିଶୀୟାଥୟିମ୍ର	1	1	1	2	JDG 3:8
କୂଶର	4	4	3	5	GEN 10:7
କୂଶରୁ	1	1	1	1	ISA 11:11
କୂଶଳରେ	1	1	1	0	2CH 18:27
କୂଶିଙ୍କ	1	1	1	0	ZEP 1:1
କୂଶୀୟ	10	10	6	13	2SA 18:21
କୂଶୀୟକୁ	3	3	1	1	2SA 18:21
କୂଶୀୟମାନଙ୍କ	1	1	1	1	2CH 21:16
କୂଶୀୟମାନଙ୍କର	1	1	1	1	2CH 14:13
କୂଶୀୟମାନଙ୍କୁ	2	2	2	2	2CH 14:12
କୂଶୀୟମାନେ	2	2	2	2	2CH 14:12
କୂଶୀୟର	1	1	1	1	2SA 18:22
କୂଶୀୟା	2	2	1	2	NUM 12:1
କୂଶ୍	4	4	3	0	1CH 1:8
କୂଶ୍ର	1	1	1	0	1CH 1:9
କୃତ	137	137	37	128	GEN 2:2
କୃତକର୍ମ	3	3	3	3	JDG 2:10
କୃତକର୍ମର	1	1	1	1	JOB 21:31
କୃତକର୍ମାନୁସାରେ	1	1	1	1	2KI 24:3
କୃତକାର୍ଯ୍ୟ	27	27	11	26	DEU 28:29
କୃତଜ୍ଞ	2	2	2	2	COL 3:16
କୃତଜ୍ଞତା	1	1	1	4	ACT 24:3
କୃତାଞ୍ଜଳି	3	3	2	2	PSA 119:48
କୃତାଞ୍ଜଳିପୂର୍ବକ	1	1	1	1	LAM 3:41
କୃତାର୍ଥ	4	4	3	4	PSA 45:4
କୃତ୍ତିକା	1	1	1	1	JOB 9:9
କୃତ୍ତିକା-ନକ୍ଷତ୍ରପୁଞ୍ଜ	1	1	1	1	JOB 38:31
କୃତ୍ତିକାର	1	1	1	1	AMO 5:8
କୃପଣତାର	1	1	1	1	2CO 9:5
କୃପା	18	18	11	19	GEN 33:5
କୃପାଦୃଷ୍ଟି	8	8	5	7	GEN 47:25
କୃପାଦୃଷ୍ଟିର	1	1	1	0	LUK 19:43
କୃପାପ୍ରାପ୍ତି	1	1	1	1	HEB 4:16
କୃପାବାନ	6	6	4	5	EXO 22:27
କୃପାମୟ	11	11	7	11	EXO 34:6
କୃପାର	2	2	1	2	PSA 51:1
କୃମି	1	1	1	1	ISA 14:11
କୃମିମାତ୍ର	1	1	1	1	JOB 25:6
କୃଶ	4	4	1	1	GEN 41:3
କୃଶାଙ୍ଗ	1	1	1	1	GEN 41:19
କୃଷକ	12	12	10	12	GEN 4:2
କୃଷକକୁ	2	2	2	2	JER 51:23
କୃଷକଗଣ	1	1	1	1	JOL 1:11
କୃଷକମାନଙ୍କ	2	2	1	4	MAT 21:34
କୃଷକମାନଙ୍କଠାରୁ	1	1	1	1	MRK 12:2
କୃଷକମାନଙ୍କୁ	5	5	3	5	MAT 21:33
କୃଷକମାନେ	9	9	5	9	PSA 129:3
କୃଷି	3	3	3	4	GEN 9:20
କୃଷି-ନଗରରେ	1	1	1	1	NEH 10:37
କୃଷିକର୍ମ	6	6	3	6	GEN 2:5
କୃଷିକର୍ମକାରୀମାନଙ୍କର	1	1	1	1	1CH 27:26
କୃଷିକାର୍ଯ୍ୟ	1	1	1	1	EZK 36:34
କୃଷିପ୍ରିୟ	1	1	1	1	2CH 26:10
କୃଷ୍ଣବର୍ଣ୍ଣ	16	16	9	9	GEN 30:32
କୃଷ୍ଣବର୍ଣ୍ଣା	2	2	1	2	SNG 1:5
କୃଷ୍ଣଲୋହିତ	7	7	4	3	MAT 27:28
କୃଷ୍ଣସାର	6	6	3	5	DEU 12:15
କେଉଁ	105	105	28	106	GEN 18:14
କେଉଁଆଡ଼ର	1	1	1	1	1SA 25:11
କେଉଁଆଡ଼େ	3	3	3	3	JOS 2:5
କେଉଁଟି	2	2	1	1	MAT 23:17
କେଉଁଠାକୁ	18	18	11	17	GEN 16:8
କେଉଁଠାର	1	1	1	1	JOS 2:4
କେଉଁଠାରୁ	35	35	16	38	GEN 16:8
କେଉଁଠାରେ	40	40	19	42	GEN 3:9
କେଉଁଠାରେଣ	1	1	1	0	ISA 19:12
କେଉଁଠୁ	1	1	1	1	MAT 13:56
କେଉଁଦିନ	1	1	1	1	GEN 27:2
କେଉଁପ୍ରକାର	1	1	1	0	JHN 21:19
କେଉଁମାନଙ୍କ	2	2	1	2	HEB 3:17
କେଉଁମାନଙ୍କଠାରୁ	1	1	1	1	2TI 3:14
କେଉଁମାନେ	4	4	2	5	JHN 6:64
କେଙ୍କ୍ରେୟାରେ	1	1	1	0	ACT 18:18
କେଙ୍କ୍ରେୟାସ୍ଥ	1	1	1	0	ROM 16:1
କେଜାଣି	69	69	26	69	GEN 16:2
କେଞ୍ଚା	1	1	1	0	2SA 18:14
କେଡ଼େ	13	13	9	13	2SA 6:20
କେତୁ	1	1	1	0	JUD 1:13
କେତେ	127	127	35	132	GEN 23:15
କେତେକ	193	193	33	209	GEN 4:4
କେତେକଙ୍କର	3	3	3	3	1TI 1:19
କେତେକଙ୍କୁ	15	15	10	15	2KI 17:25
କେତେକାଳ	4	4	4	0	JER 23:26
କେତେକେ	3	3	2	3	NEH 5:4
କେତେଗୁଡ଼ିଏ	5	5	3	5	NUM 35:11
କେତେଗୋଟି	1	1	1	1	DAN 7:9
କେତେବେଳେ	9	9	6	7	JOB 21:25
କେତୋଟି	10	10	6	10	1SA 17:28
କେଦମା	2	2	2	2	GEN 25:15
କେଦର	1	1	1	1	GEN 25:13
କେଦରକୁ	2	2	1	0	JER 2:10
କେଦରବଂଶୀୟ	1	1	1	0	ISA 21:17
କେଦରର	4	4	3	0	ISA 21:16
କେଦଶ	5	5	3	5	JOS 19:37
କେଦଶ-ନପ୍ତାଲିରୁ	1	1	1	1	JDG 4:6
କେଦଶକୁ	2	2	1	2	JDG 4:9
କେଦଶର	1	1	1	0	JOS 12:22
କେଦଶ୍	2	2	2	3	JOS 15:23
କେଦାର	1	1	1	3	1CH 1:29
କେଦାରର	3	3	3	7	PSA 120:5
କେନାନ	2	2	1	2	LUK 3:36
କେନାନଙ୍କ	2	2	1	2	LUK 3:36
କେନୀୟ	5	5	2	7	NUM 24:22
କେନୀୟ-ମାନଙ୍କଠାରୁ	1	1	1	0	JDG 4:11
କେନୀୟମାନଙ୍କ	3	3	2	3	NUM 24:21
କେନୀୟମାନଙ୍କର	1	1	1	0	GEN 15:19
କେନୀୟମାନଙ୍କୁ	1	1	1	1	1SA 15:6
କେନୀୟମାନେ	1	1	1	1	1SA 15:6
କେନୀୟର	1	1	1	1	JDG 1:16
କେନ୍ଦୁଆ	4	4	3	5	GEN 49:27
କେନ୍ଦୁଆଗଣ	1	1	1	1	EZK 22:27
କେନ୍ଦୁଆଗଣଠାରୁ	1	1	1	1	HAB 1:8
କେନ୍ଦୁଆବାଘ	1	1	1	0	JER 5:6
କେନ୍ଦୁଆମାନଙ୍କ	1	1	1	1	ISA 34:14
କେନ୍ଦୁଆମାନେ	2	2	2	2	ISA 13:22
କେଫା	4	4	3	0	JHN 1:42
କେଫାଙ୍କ	2	2	2	0	1CO 9:5
କେଫାଙ୍କର	1	1	1	0	1CO 1:12
କେଫାଙ୍କୁ	2	2	2	0	1CO 15:5
କେବଳ	368	368	48	384	GEN 3:3
କେବଳମାତ୍ର	1	1	1	0	MAT 24:36
କେବେ	171	171	36	170	GEN 24:6
କେବେହେଁ	4	4	4	1	GEN 8:21
କେବେହେଲେ	2	2	2	4	JHN 9:32
କେରଣ-ହପ୍ପୁକ୍	1	1	1	1	JOB 42:14
କେରୋସର	2	2	2	2	EZR 2:44
କେଲହ	1	1	1	1	GEN 10:11
କେଲହର	1	1	1	1	GEN 10:12
କେଶ	47	47	18	54	LEV 10:6
କେଶ-କୋଣ	1	1	1	0	JER 9:26
କେଶ-ଶୂନ୍ୟତା	1	1	1	1	MIC 1:16
କେଶକୁ	1	1	1	1	JDG 20:16
କେଶଠାରୁ	1	1	1	1	PSA 69:4
କେଶବିନ୍ୟାସ	2	2	2	2	ISA 3:24
କେଶବେଶ	1	1	1	1	1PE 3:3
କେଶଯୁକ୍ତ	1	1	1	1	PSA 68:21
କେଶର	2	2	2	2	JDG 16:13
କେଶରରେ	1	1	1	1	JOB 39:19
କେଶରୁ	1	1	1	1	PSA 40:12
କେଶରେ	5	5	3	6	GEN 42:38
କେଶଶୂନ୍ୟତା	1	1	1	1	ISA 3:24
କେଷଦ୍	1	1	1	1	GEN 22:22
କେହି	1025	1025	63	1099	GEN 4:15
କେହିହେଲେ	1	1	1	1	ACT 4:32
କୈବର୍ତ୍ତମାନେ	1	1	1	0	ISA 19:8
କୋଇଲାକୁ	1	1	1	1	ISA 54:16
କୋକି	1	1	1	0	EZK 13:4
କୋକିଶିଆଳିକି	1	1	1	1	LUK 13:32
କୋକିଶିଆଳିମାନେ	1	1	1	1	LAM 5:18
କୋକିଶିଆଳିର	2	2	2	2	MAT 8:20
କୋକେଇ	1	1	1	1	LUK 7:14
କୋଟି	2	2	2	1	MAT 18:24
କୋଠରି	32	32	9	52	GEN 6:14
କୋଠରି-ଛାତ	1	1	1	0	2KI 23:12
କୋଠରି-ଶ୍ରେଣୀକି	1	1	1	0	EZK 46:19
କୋଠରି-ସକଳର	1	1	1	1	EZK 42:11
କୋଠରିକି	10	10	5	1	2SA 18:33
କୋଠରିକୁ	2	2	1	15	EZK 41:7
କୋଠରିଗୃହର	1	1	1	1	EZK 40:45
କୋଠରିମାନ	2	2	2	4	2CH 3:9
କୋଠରିମାନର	1	1	1	1	1KI 6:8
କୋଠରିର	9	9	3	11	2KI 1:2
କୋଠରିରୁ	5	5	4	6	1KI 6:8
କୋଠରିରେ	15	15	9	12	GEN 43:30
କୋଠରିଶ୍ରେଣୀ	1	1	1	0	EZK 42:10
କୋଠରିସକଳ	5	5	1	0	EZK 41:6
କୋଠରିସକଳର	11	11	2	1	NEH 13:4
କୋଠରିସବୁ	3	3	3	3	NEH 13:9
କୋଠରିସବୁରେ	1	1	1	1	NEH 12:44
କୋଠରୀ	3	3	1	1	JER 35:4
କୋଠରୀ-ଶ୍ରେଣୀ	1	1	1	0	AMO 9:6
କୋଠରୀକି	3	3	2	0	2CH 18:24
କୋଠରୀକୁ	2	2	2	1	JER 35:2
କୋଠରୀଟି	1	1	1	1	ACT 12:7
କୋଠରୀମାନ	2	2	1	0	JER 22:13
କୋଠରୀର	2	2	2	0	PSA 104:3
କୋଠରୀରୁ	1	1	1	0	JER 36:21
କୋଠରୀରେ	4	4	2	8	JER 36:10
କୋଡ଼ା	1	1	1	1	ISA 5:6
କୋଡ଼ି	7	7	4	4	JDG 1:7
କୋଡ଼ିଏ	147	147	20	152	GEN 6:3
କୋଡ଼ିରେ	1	1	1	1	ISA 7:25
କୋଡିଏ	1	1	1	5	GEN 32:14
କୋଣ	20	20	7	22	EXO 26:24
କୋଣ-ଦ୍ୱାର	1	1	1	0	JER 31:38
କୋଣ-ଦ୍ୱାରରେ	1	1	1	1	2CH 26:9
କୋଣ-ପ୍ରସ୍ତର	1	1	1	1	PSA 144:12
କୋଣପ୍ରସ୍ତର	2	2	1	2	ISA 19:13
କୋଣମାନର	1	1	1	1	EZK 46:22
କୋଣର	16	16	13	16	EXO 36:29
କୋଣରେ	20	20	8	22	EXO 25:12
କୋଣସବୁ	2	2	2	2	LEV 19:27
କୋପ	87	87	21	86	GEN 49:7
କୋପକୁ	2	2	1	2	EZK 21:17
କୋପବର୍ଷଣ	2	2	1	2	EZK 20:33
କୋପଯୁକ୍ତ	1	1	1	1	EZK 5:15
କୋପର	7	7	5	7	JOB 20:23
କୋପରୁ	1	1	1	1	PSA 85:3
କୋପରୂପ	7	7	4	7	PRO 22:8
କୋପରେ	34	34	12	34	DEU 29:23
କୋପାଗ୍ନିରେ	1	1	1	1	EZK 22:31
କୋପାନଳ	1	1	1	1	2CH 34:25
କୋପାନଳରେ	1	1	1	1	EZK 38:19
କୋପାନ୍ୱିତ	12	12	8	11	NUM 16:22
କୋମଳ	37	37	20	37	GEN 18:7
କୋମଳତା	1	1	1	1	DEU 28:56
କୋମଳା	1	1	1	1	ISA 47:1
କୋମଳାଙ୍ଗୀ	1	1	1	1	DEU 28:56
କୋମଳାନ୍ତଃକରଣ	1	1	1	1	2CH 13:7
କୋର	1	1	1	1	EZK 45:14
କୋରଡ଼ରେ	1	1	1	1	ZEC 14:12
କୋରଡ଼ା	19	19	10	19	JOS 23:13
କୋରଡ଼ା-ପ୍ରହାରରୁ	1	1	1	1	JOB 5:21
କୋରଡ଼ାର	1	1	1	1	NAM 3:2
କୋରଡ଼ାରେ	4	4	2	4	1KI 12:11
କୋରରୁ	1	1	1	1	EZK 45:14
କୋରସ	1	1	1	0	DAN 1:21
କୋରସର	2	2	1	0	DAN 6:28
କୋରସ୍	12	12	3	14	2CH 36:23
କୋରସ୍ଙ୍କ	1	1	1	6	EZR 5:13
କୋରସ୍ର	7	7	3	6	2CH 36:22
କୋରହ	14	14	6	17	GEN 36:14
କୋରହ-ସନ୍ତାନଗଣର	9	9	2	7	2CH 20:19
କୋରହ-ସନ୍ତାନମାନଙ୍କର	1	1	1	1	PSA 48:1
କୋରହକୁ	5	5	2	5	GEN 36:5
କୋରହର	11	11	3	12	EXO 6:24
କୋରହୀ	1	1	1	1	NUM 26:58
କୋରହୀୟ	4	4	1	4	1CH 9:19
କୋରହୀୟ-ମାନଙ୍କ	1	1	1	0	1CH 26:1
କୋରାଜୀନ୍	2	2	2	2	MAT 11:21
କୋରାଶନ	1	1	1	1	1SA 30:29
କୋରି	1	1	1	1	2CH 31:14
କୋରିର	2	2	1	2	1CH 9:19
କୋଲାୟର	1	1	1	1	JER 29:21
କୋଲାୟା	1	1	1	1	NEH 11:7
କୋଲାୟାର	1	1	1	1	NEH 11:7
କୋଳ	3	3	3	3	GEN 50:23
କୋଳକୁ	1	1	1	1	LUK 16:22
କୋଳରୁ	1	1	1	1	1KI 17:19
କୋଳରେ	20	20	11	20	GEN 18:10
କୋଳସ୍ଥିତ	1	1	1	1	JHN 1:18
କୋଳାହଳ	21	21	15	23	EXO 32:17
କୋଳାହଳକୁ	1	1	1	1	ISA 25:5
କୋଳାହଳଯୁକ୍ତେ	1	1	1	1	ISA 22:2
କୋଳାହଳର	4	4	4	4	ISA 33:3
କୋଳାହଳରୁ	1	1	1	1	JER 3:23
କୋଳାହଳରେ	1	1	1	1	ISA 31:4
କୋଶ	3	3	3	3	MAT 5:41
କୋଶେ	1	1	1	1	MAT 5:41
କୋଷ	1	1	1	1	LEV 22:24
କୋଷକୁ	1	1	1	1	EZK 21:30
କୋଷପକ୍ଷୀ	2	2	2	2	LEV 11:17
କୋଷରୁ	3	3	1	3	EZK 21:3
କୋଷରେ	2	2	2	2	1CH 21:27
କୋଷାଧ୍ୟକ୍ଷ	9	9	4	10	1CH 26:20
କୋଷାଧ୍ୟକ୍ଷଗଣ	1	1	1	1	DAN 3:3
କୋଷାଧ୍ୟକ୍ଷଗଣଙ୍କୁ	1	1	1	1	DAN 3:2
କୋଷାଧ୍ୟକ୍ଷଙ୍କୁ	1	1	1	1	EZR 7:22
କୋଷାବଦ୍ଧ	1	1	1	1	2SA 20:8
କୋଷେବାର	1	1	1	1	1CH 4:22
କୋସାମ	1	1	1	1	LUK 3:28
କୋସାମଙ୍କ	1	1	1	1	LUK 3:28
କୋସ୍କୁ	1	1	1	0	ACT 21:1
କୋୟା	1	1	1	1	EZK 23:23
କୋୟିରେ	2	2	1	2	PRO 17:3
କୌଣସି	1122	1122	60	1143	GEN 2:5
କୌଣସି-ମତେ	2	2	2	1	JOS 6:18
କୌଣସିଠାରେ	2	2	2	2	MAT 13:57
କୌଣସିମତେ	19	19	10	19	GEN 34:12
କୌତୁକ	10	10	5	10	GEN 26:8
କୌତୁକର	2	2	2	1	NAM 3:6
କୌତୁକାସ୍ପଦ	1	1	1	1	HEB 10:33
କୌମାର୍ଯ୍ୟ	3	3	1	3	DEU 22:17
କୌମାର୍ଯ୍ୟକାଳୀନ	2	2	1	2	EZK 23:3
କୌମାର୍ଯ୍ୟର	2	2	1	2	DEU 22:14
କୌଶଳ	6	6	2	6	PSA 21:11
କୌଶଳରେ	1	1	1	1	PSA 10:2
କ୍ନିଦର	1	1	1	0	ACT 27:7
କ୍ରନ୍ଦନ	99	99	21	102	GEN 18:21
କ୍ରନ୍ଦନକାରୀମାନଙ୍କ	1	1	1	1	JOB 30:31
କ୍ରନ୍ଦନବିଷୟକ	1	1	1	0	EST 9:30
କ୍ରନ୍ଦନର	11	11	3	11	ISA 15:8
କ୍ରନ୍ଦନଶଦ୍ଦର	1	1	1	0	EZR 3:13
କ୍ରମରେ	1	1	1	1	NUM 10:6
କ୍ରମଶଃ	4	4	3	4	GEN 7:18
କ୍ରମାଗତ	4	4	4	5	JOS 6:13
କ୍ରମାନ୍ୱୟେ	1	1	1	1	ACT 18:23
କ୍ରମେ	23	23	10	25	GEN 11:2
କ୍ରିୟା	76	76	17	82	EXO 23:24
କ୍ରିୟାକର୍ମ	13	13	3	13	MAT 23:5
କ୍ରିୟାକର୍ମର	1	1	1	0	ROM 3:27
କ୍ରିୟାକର୍ମରୁ	1	1	1	0	EPH 2:9
କ୍ରିୟାନୁଯାୟୀ	2	2	2	2	EXO 37:29
କ୍ରିୟାନୁସାରେ	27	27	9	26	EXO 23:24
କ୍ରିୟାର	19	19	9	19	1KI 16:27
କ୍ରିୟାରୁ	3	3	2	3	JDG 2:19
କ୍ରିୟାରେ	8	8	5	9	PSA 66:5
କ୍ରିୟାରେପ୍ରସ୍ତୁତ	1	1	1	0	EXO 30:35
କ୍ରିୟାସକଳ	21	21	8	21	1CH 16:8
କ୍ରିୟାସକଳର	1	1	1	1	PSA 145:4
କ୍ରିୟାସବୁ	7	7	3	7	1CH 29:29
କ୍ରିୟାସବୁକୁ	1	1	1	1	ZEP 3:7
କ୍ରୀଡ଼ା	1	1	1	1	JOB 40:20
କ୍ରୀଡ଼ାରେ	2	2	2	1	1CO 9:25
କ୍ରୀତ	7	7	4	8	GEN 17:12
କ୍ରୀତଦାସ	3	3	3	6	ZEC 13:5
କ୍ରୀତୀବାସୀମାନେ	1	1	1	1	TIT 1:12
କ୍ରୀତୀର	3	3	1	2	ACT 27:7
କ୍ରୀତୀରୁ	1	1	1	1	ACT 27:21
କ୍ରୀତୀରେ	1	1	1	1	TIT 1:5
କ୍ରୀତୀୟ	1	1	1	1	ACT 2:11
କ୍ରୀଷ୍ପ	2	2	2	2	ACT 18:8
କ୍ରୁଦ୍ଧ	45	45	21	41	GEN 31:36
କ୍ରୁଫେଣା	1	1	1	1	ROM 16:12
କ୍ରୁଫୋସାଙ୍କୁ	1	1	1	1	ROM 16:12
କ୍ରୁଶ	18	18	8	19	MAT 10:38
କ୍ରୁଶର	3	3	3	3	1CO 1:18
କ୍ରୁଶରୁ	5	5	3	5	MAT 27:40
କ୍ରୁଶରେ	56	56	10	58	MAT 20:19
କ୍ରୁଶାରୋପଣ	1	1	1	1	ACT 2:23
କ୍ରୁଶାର୍ପଣ	1	1	1	1	HEB 6:6
କ୍ରୁଶାର୍ପିତ	1	1	1	3	2CO 13:4
କ୍ରୁଶୀୟ	2	2	2	3	PHP 2:8
କ୍ରୂର	2	2	2	3	DEU 32:33
କ୍ରେସ୍କେନ୍ସ୍	1	1	1	0	2TI 4:10
କ୍ରୋଡ଼ରେ	3	3	3	3	GEN 16:5
କ୍ରୋଧ	227	227	42	244	GEN 4:5
କ୍ରୋଧ-ଦିନରେ	1	1	1	0	JOB 20:28
କ୍ରୋଧ-ରୂପ	1	1	1	0	REV 16:19
କ୍ରୋଧକାରୀ	1	1	1	1	PSA 7:11
କ୍ରୋଧକୁ	2	2	2	2	PRO 15:1
କ୍ରୋଧଦୃଷ୍ଟିର	1	1	1	1	PRO 25:23
କ୍ରୋଧପାତ୍ର	3	3	3	2	ISA 10:6
କ୍ରୋଧପୂର୍ଣ୍ଣ	1	1	1	1	NAM 1:2
କ୍ରୋଧର	32	32	14	35	PSA 69:24
କ୍ରୋଧରୁ	11	11	11	11	EXO 32:12
କ୍ରୋଧରୂପ	12	12	7	14	JOB 4:9
କ୍ରୋଧରେ	64	64	29	64	GEN 39:19
କ୍ରୋଧାଗ୍ନି	3	3	3	2	EXO 15:7
କ୍ରୋଧାନଳର	1	1	1	1	PSA 74:1
କ୍ରୋଧାନ୍ଧ	1	1	1	0	MAT 2:16
କ୍ରୋଧାନ୍ୱିତ	7	7	6	7	GEN 34:7
କ୍ରୋଧୀ	6	6	2	6	JDG 18:25
କ୍ରୋଶ	2	2	2	1	LUK 24:13
କ୍ରୟ	31	31	17	39	GEN 25:10
କ୍ରୟକର୍ତ୍ତା	2	2	2	2	LEV 25:50
କ୍ରୟକର୍ତ୍ତାକୁ	1	1	1	1	LEV 25:27
କ୍ରୟକର୍ତ୍ତାର	2	2	1	2	LEV 25:28
କ୍ରୟକାରୀ	2	2	2	2	DEU 32:6
କ୍ରୟକାରୀର	1	1	1	1	ISA 24:2
କ୍ରୟପତ୍ର	4	4	1	4	JER 32:12
କ୍ରୟପତ୍ରର	1	1	1	1	JER 32:11
କ୍ରୟପତ୍ରରେ	2	2	1	2	JER 32:10
କ୍ରୟବିକ୍ରୟ	4	4	4	2	MAT 21:12
କ୍ରୟମୂଲ୍ୟରୁ	1	1	1	1	LEV 25:51
କ୍ଲା	1	1	1	0	2TH 3:13
କ୍ଲାଉଦିଅଙ୍କ	1	1	1	1	ACT 11:28
କ୍ଲେଶ	5	5	4	53	EXO 22:22
କ୍ଲେଶଜନକ	1	1	1	3	ECC 1:13
କ୍ଳା	71	71	24	0	GEN 25:29
କ୍ଳାଉଦ	1	1	1	0	ACT 27:16
କ୍ଳାଉଦିଅ	2	2	1	0	ACT 18:2
କ୍ଳାନ୍ତି	1	1	1	0	ACT 24:4
କ୍ଳାନ୍ତିଜନକ	4	4	4	3	JOB 7:3
କ୍ଳାନ୍ତିପୂର୍ଣ୍ଣ	1	1	1	1	ECC 1:8
କ୍ଳିଷ୍ଟ	6	6	5	3	DEU 28:33
କ୍ଳେମେନ୍ସ୍	1	1	1	1	PHP 4:3
କ୍ଳେଶ	143	143	42	86	GEN 5:29
କ୍ଳେଶକର	1	1	1	0	ISA 1:14
କ୍ଳେଶଗୁଡ଼ିକ	1	1	1	0	REV 22:18
କ୍ଳେଶଜନକ	2	2	2	0	ECC 4:8
କ୍ଳେଶଦାୟକ	1	1	1	1	DEU 6:22
କ୍ଳେଶଦାୟୀ	2	2	2	2	NUM 10:9
କ୍ଳେଶବୋଧକ	1	1	1	0	ECC 2:17
କ୍ଳେଶଭୋଗ	7	7	7	8	MAT 24:9
କ୍ଳେଶଭୋଗର	1	1	1	2	PHP 4:14
କ୍ଳେଶଭୋଗରେ	1	1	1	0	1TH 3:7
କ୍ଳେଶମାନଙ୍କରେ	1	1	1	0	REV 15:1
କ୍ଳେଶଯୁକ୍ତ	3	3	3	3	LAM 1:12
କ୍ଳେଶର	8	8	7	4	GEN 41:51
କ୍ଳେଶରୁ	9	9	8	7	EXO 3:17
କ୍ଳେଶରୂପ	2	2	2	1	ISA 30:20
କ୍ଳେଶରେ	11	11	8	9	GEN 3:17
କ୍ଳେଶାର୍ଥେ	1	1	1	1	JDG 16:6
କ୍ଳେୟପା	1	1	1	0	LUK 24:18
କ୍ଳୋପାଙ୍କ	1	1	1	1	JHN 19:25
କ୍ଳୌଦିୟା	1	1	1	0	2TI 4:21
କ୍ଷ	3	3	1	0	REV 1:8
କ୍ଷଣ	3	3	2	4	ISA 26:20
କ୍ଷଣକାଳ	3	3	3	3	EZR 9:8
କ୍ଷଣକାଳମାତ୍ର	2	2	2	2	MAT 13:20
କ୍ଷଣକାଳସ୍ଥାୟୀ	3	3	2	3	PSA 39:4
କ୍ଷଣକେ	1	1	1	1	JAS 4:14
କ୍ଷଣଠାରୁ	1	1	1	1	ISA 9:7
କ୍ଷଣମାତ୍ର	1	1	1	2	JOB 20:5
କ୍ଷଣମାତ୍ରସ୍ଥାୟୀ	1	1	1	0	PSA 30:5
କ୍ଷଣସ୍ଥାୟୀ	3	3	1	2	2CO 3:7
କ୍ଷଣି	1	1	1	5	MAT 2:8
କ୍ଷଣିକ	2	2	2	4	HEB 11:25
କ୍ଷଣେ	7	7	5	7	EXO 9:29
କ୍ଷତ	31	31	14	34	EXO 21:25
କ୍ଷତଜନକ	1	1	1	1	PRO 20:30
କ୍ଷତଦାଗ	1	1	1	1	GAL 6:17
କ୍ଷତଦାଗସବୁ	1	1	1	1	ZEC 13:6
କ୍ଷତପ୍ରାପ୍ତ	1	1	1	1	EZK 30:24
କ୍ଷତବିକ୍ଷତ	18	18	13	18	1KI 18:28
କ୍ଷତର	2	2	2	2	LEV 13:28
କ୍ଷତରେ	2	2	2	2	JER 14:17
କ୍ଷତସବୁ	3	3	2	3	PSA 38:5
କ୍ଷତସବୁରେ	1	1	1	0	LUK 10:34
କ୍ଷତି	45	45	18	45	GEN 31:7
କ୍ଷତିକର	1	1	1	1	EZR 4:13
କ୍ଷତିକାରକ	2	2	2	2	PSA 144:10
କ୍ଷତିଗ୍ରସ୍ତ	1	1	1	1	REV 2:11
କ୍ଷତିଜନକ	4	4	3	4	PHP 3:7
କ୍ଷତିପୂରଣ	3	3	1	4	NUM 5:7
କ୍ଷତିରେ	2	2	1	2	PSA 40:14
କ୍ଷମତା	42	42	13	43	RUT 4:6
କ୍ଷମତାଧୀନ	1	1	1	1	MIC 2:1
କ୍ଷମତାଧୀନରେ	1	1	1	0	LUK 20:20
କ୍ଷମତାପନ୍ନ	4	4	4	3	DAN 7:7
କ୍ଷମତାପ୍ରାପ୍ତ	3	3	3	0	LUK 12:11
କ୍ଷମତାବାନ୍	1	1	1	0	1PE 3:22
କ୍ଷମତାରୁ	1	1	1	1	COL 1:13
କ୍ଷମା	141	141	34	170	EXO 10:17
କ୍ଷମାକାରୀ	3	3	3	3	EXO 34:7
କ୍ଷମାପ୍ରାପ୍ତ	9	9	1	9	LEV 4:20
କ୍ଷରଣ	3	3	3	3	PSA 65:11
କ୍ଷରି	1	1	1	1	PSA 133:3
କ୍ଷରିବ	1	1	1	1	DEU 32:2
କ୍ଷରିଲା	1	1	1	1	SNG 5:5
କ୍ଷରୁ	1	1	1	0	LEV 15:3
କ୍ଷରେ	6	6	5	5	LEV 15:19
କ୍ଷା	66	66	23	0	NUM 9:13
କ୍ଷାର	1	1	1	1	MAL 3:2
କ୍ଷାରେ	1	1	1	0	2SA 13:39
କ୍ଷିତିପାଳ	4	4	2	4	EST 8:9
କ୍ଷିତିପାଳଗଣ	1	1	1	1	DAN 6:7
କ୍ଷିତିପାଳମାନଙ୍କ	1	1	1	1	DAN 6:3
କ୍ଷିତିପାଳମାନଙ୍କୁ	1	1	1	1	DAN 3:2
କ୍ଷିତିପାଳମାନେ	4	4	1	4	DAN 3:3
କ୍ଷୀଣ	59	59	18	60	GEN 41:6
କ୍ଷୀଣତା	4	4	4	4	JOB 16:8
କ୍ଷୀଣଦୃଷ୍ଟି	1	1	1	1	GEN 48:10
କ୍ଷୀଣବଳ	2	2	2	2	ISA 14:10
କ୍ଷୀଣା	1	1	1	1	JER 15:9
କ୍ଷୀଣାକ୍ଷୀ	1	1	1	1	GEN 29:17
କ୍ଷୁଦ୍ର	85	85	29	89	GEN 19:20
କ୍ଷୁଦ୍ରଠାରୁ	3	3	1	1	JER 6:13
କ୍ଷୁଦ୍ରତମ	11	11	6	12	1SA 9:21
କ୍ଷୁଦ୍ରତମଠାରୁ	2	2	2	1	JER 31:34
କ୍ଷୁଦ୍ରତମମାନଙ୍କ	1	1	1	0	MAT 25:45
କ୍ଷୁଦ୍ରତର	1	1	1	1	EZK 43:14
କ୍ଷୁଦ୍ରମାନଙ୍କ	6	6	3	6	MAT 10:42
କ୍ଷୁଧା	7	7	6	6	NEH 9:15
କ୍ଷୁଧାରୁ	1	1	1	1	PSA 34:10
କ୍ଷୁଧାରେ	8	8	6	8	EXO 16:3
କ୍ଷୁଧାର୍ତ୍ତ	5	5	3	5	2KI 7:12
କ୍ଷୁଧିତ	38	38	15	37	DEU 8:3
କ୍ଷୁଧିତକୁ	3	3	2	3	PSA 146:7
କ୍ଷୁଧିତମାନଙ୍କୁ	2	2	2	2	JOB 22:7
କ୍ଷୁଧିତର	2	2	1	2	ISA 32:6
କ୍ଷୁର	8	8	6	8	NUM 6:5
କ୍ଷେତ	8	8	7	9	JOS 15:18
କ୍ଷେତକୁ	2	2	2	1	MAT 22:5
କ୍ଷେତର	2	2	1	2	MAT 6:30
କ୍ଷେତରୁ	3	3	3	4	GEN 30:14
କ୍ଷେତରେ	14	14	4	16	GEN 4:8
କ୍ଷେତ୍ର	69	69	23	75	GEN 23:17
କ୍ଷେତ୍ର-ପ୍ରତିଷ୍ଠାକାରୀ	1	1	1	0	LEV 27:19
କ୍ଷେତ୍ର-ରକ୍ଷକମାନଙ୍କ	1	1	1	0	JER 4:17
କ୍ଷେତ୍ର-ସ୍ଥିତ	1	1	1	0	SNG 2:7
କ୍ଷେତ୍ରକୁ	24	24	16	23	GEN 24:63
କ୍ଷେତ୍ରଖଣ୍ଡରେ	1	1	1	1	RUT 2:3
କ୍ଷେତ୍ରଗୁଡ଼ିକ	1	1	1	1	JHN 4:35
କ୍ଷେତ୍ରଜାତ	1	1	1	1	DEU 32:13
କ୍ଷେତ୍ରପ୍ରାନ୍ତରେ	1	1	1	0	GEN 23:9
କ୍ଷେତ୍ରଭୂମିରେ	2	2	1	1	2KI 9:25
କ୍ଷେତ୍ରର	32	32	16	36	GEN 3:18
କ୍ଷେତ୍ରରୁ	10	10	7	10	GEN 25:29
କ୍ଷେତ୍ରରୁଯାତ୍ରା	1	1	1	0	JDG 5:4
କ୍ଷେତ୍ରରୂପ	1	1	1	1	ISA 37:24
କ୍ଷେତ୍ରରେ	72	72	25	76	GEN 2:5
କ୍ଷେତ୍ରସବୁ	3	3	3	3	1SA 8:14
କ୍ଷେତ୍ରସବୁକୁ	1	1	1	1	HOS 5:7
କ୍ଷେତ୍ରସ୍ଥ	41	41	11	41	GEN 34:28
କ୍ଷେତ୍ରସ୍ଥିତ	14	14	9	15	GEN 23:19
କ୍ଷେତ୍ରାନୁସାରେ	1	1	1	1	NEH 12:44
କ୍ଷେତ୍ରୋତ୍ପନ୍ନ	6	6	5	6	EXO 10:5
କ୍ଷେପଣ	36	36	18	34	GEN 19:2
କ୍ଷେପଣର	1	1	1	1	JER 36:22
କ୍ଷେପରେ	1	1	1	0	LUK 5:9
କ୍ଷୋମ	2	2	1	2	EXO 26:1
କ୍ଷୋମସୂତ୍ରରେ	1	1	1	1	EXO 27:16
କ୍ଷୌମ	5	5	3	5	EXO 35:6
କ୍ଷୌମବସ୍ତ୍ର	3	3	3	3	2CH 5:12
କ୍ଷୌମବସ୍ତ୍ର-ପ୍ରସ୍ତୁତକାରୀ	1	1	1	1	1CH 4:21
କ୍ଷୌମବସ୍ତ୍ରର	2	2	1	2	1CH 15:27
କ୍ଷୌମବସ୍ତ୍ରରେ	2	2	2	2	EXO 28:39
କ୍ଷୌମସୂତ୍ର	9	9	2	14	EXO 25:4
କ୍ଷୌମସୂତ୍ର-ନିର୍ମିତ	2	2	1	1	EXO 36:35
କ୍ଷୌମସୂତ୍ରନିର୍ମିତ	5	5	1	1	EXO 26:36
କ୍ଷୌମସୂତ୍ରର	1	1	1	1	2CH 3:14
କ୍ଷୌମସୂତ୍ରରେ	11	11	1	11	EXO 26:31
କ୍ଷୌର	12	12	7	14	LEV 14:8
କ୍ଷୌର-ଦାଢ଼ି	1	1	1	0	JER 41:5
କ୍ଷୌରକର୍ମ	1	1	1	1	GEN 41:14
କ୍ଷୟ	62	62	22	63	LEV 13:51
କ୍ଷୟକାରକ	1	1	1	1	LEV 13:55
କ୍ଷୟକୁ	1	1	1	1	JOB 17:14
କ୍ଷୟଣୀୟ	6	6	4	6	ROM 1:23
କ୍ଷୟପ୍ରାପ୍ତ	2	2	2	2	NUM 24:22
କ୍ଷୟର	1	1	1	1	ROM 8:21
କ୍ଷୟରେ	2	2	2	2	DAN 10:8
କ୍ଷୟସ୍ଥାନକୁ	1	1	1	1	ACT 13:34
କ୍ଷୟୀ	1	1	1	1	JHN 6:27
କ୍ୟାରବ	1	1	1	1	MAT 3:4
କ୍ୱଚିତ୍	1	1	1	0	PRO 25:17
କ୍ୱାର୍ତ୍ତ	1	1	1	1	ROM 16:23
କ୍ୱିରୀଣୀୟଙ୍କ	1	1	1	1	LUK 2:2
କୟାଫା	6	6	4	6	MAT 26:3
କୟାଫାଙ୍କ	2	2	1	2	JHN 18:24
କୟାଫାଙ୍କର	1	1	1	1	JHN 18:13
କୟିନ	13	13	4	13	GEN 4:1
କୟିନଙ୍କ	1	1	1	1	GEN 4:15
କୟିନଙ୍କୁ	4	4	1	4	GEN 4:5
କୟିନର	2	2	2	2	GEN 4:24
କୟିନାନ	2	2	2	2	GEN 5:12
କୟିନାନକୁ	1	1	1	1	GEN 5:9
କୟିନାନର	2	2	1	2	GEN 5:10
କ’ଣ	335	335	27	347	GEN 4:9
ଖଚନାର୍ଥକ	4	4	2	4	EXO 31:3
ଖଚନୀୟ	2	2	1	2	EXO 25:7
ଖଚର	14	14	10	15	2SA 13:29
ଖଚରମାନଙ୍କୁ	1	1	1	1	1KI 18:5
ଖଚରର	1	1	1	1	2KI 5:17
ଖଚରରେ	2	2	1	2	1KI 1:33
ଖଚିତ	6	6	4	6	EXO 28:17
ଖଚୁଆ	3	3	2	3	LEV 19:16
ଖଚୁଆର	1	1	1	1	PRO 25:23
ଖଜୁରି	1	1	1	1	REV 7:9
ଖଜୁରୀ	1	1	1	1	JHN 12:13
ଖଞ୍ଜ	11	11	7	12	JDG 19:29
ଖଞ୍ଜଖସା	1	1	1	1	PRO 25:19
ଖଞ୍ଜନପକ୍ଷୀ	1	1	1	1	PSA 84:3
ଖଞ୍ଜମାନଙ୍କୁ	1	1	1	1	LUK 14:21
ଖଞ୍ଜମାନେ	3	3	2	3	MAT 11:5
ଖଞ୍ଜି	1	1	1	1	JOB 16:4
ଖଞ୍ଜିଅଛନ୍ତି	1	1	1	1	1CO 12:18
ଖଟ	6	6	5	6	DEU 3:11
ଖଟର	1	1	1	1	AMO 3:12
ଖଟରେ	1	1	1	2	2KI 4:21
ଖଟା	3	3	2	3	JER 31:29
ଖଟି	2	2	1	3	MAT 20:12
ଖଟିଆ	11	11	4	11	MAT 9:6
ଖଟିଆରେ	4	4	3	4	MRK 2:4
ଖଟିଆସିଅଛି	1	1	1	0	LUK 15:29
ଖଡ଼ଗ୍	1	1	1	0	PSA 45:3
ଖଡ୍ଗ	273	273	36	256	GEN 3:24
ଖଡ୍ଗ-ଭୂମି	1	1	1	1	2SA 2:16
ଖଡ୍ଗକୁ	4	4	4	4	JER 42:16
ଖଡ୍ଗଜୀବୀ	1	1	1	1	GEN 27:40
ଖଡ୍ଗଠାରୁ	1	1	1	0	HEB 4:12
ଖଡ୍ଗଧାର	1	1	1	1	PSA 89:43
ଖଡ୍ଗଧାରରୁ	2	2	2	1	LEV 26:36
ଖଡ୍ଗଧାରରେ	31	31	11	30	EXO 17:13
ଖଡ୍ଗଧାରୀ	13	13	6	14	JDG 8:10
ଖଡ୍ଗଧୃତ	1	1	1	1	GEN 31:26
ଖଡ୍ଗବିଦ୍ଧ	1	1	1	1	ISA 14:19
ଖଡ୍ଗଭୁକ୍ତ	1	1	1	1	ISA 1:20
ଖଡ୍ଗମୁଖରେ	3	3	1	1	JOS 6:21
ଖଡ୍ଗଯୋଗ୍ୟ	2	2	1	2	JER 15:2
ଖଡ୍ଗର	6	6	4	6	JOB 5:20
ଖଡ୍ଗରୁ	14	14	7	14	JER 46:16
ଖଡ୍ଗରୂପ	2	2	1	2	JOB 5:15
ଖଡ୍ଗରେ	70	70	19	75	LEV 26:7
ଖଡ୍ଗହତ	4	4	3	3	2SA 3:29
ଖଡ୍ଗାଘାତ	2	2	2	2	EST 9:5
ଖଡ୍ଗାଘାତରୁ	1	1	1	1	JOB 33:18
ଖଡ୍ଗାଘାତରେ	3	3	3	3	GEN 34:26
ଖଡ୍ଟ-ହତ	1	1	1	0	NUM 19:16
ଖଡ୍ଟରେ	4	4	2	0	NUM 14:3
ଖଣତି	1	1	1	1	DEU 23:13
ଖଣି	1	1	1	1	JDG 3:26
ଖଣ୍ଟ	2	2	1	2	PRO 6:11
ଖଣ୍ଡ	158	158	26	164	GEN 15:10
ଖଣ୍ଡକ	1	1	1	1	GEN 15:10
ଖଣ୍ଡକର	1	1	1	1	GEN 23:15
ଖଣ୍ଡକରେ	1	1	1	0	AMO 4:7
ଖଣ୍ଡକୁ	1	1	1	1	LEV 9:13
ଖଣ୍ଡଗୁଡ଼ିକ	2	2	1	2	JHN 6:12
ଖଣ୍ଡନ	4	4	3	5	JHN 10:35
ଖଣ୍ଡବିଖଣ୍ଡ	3	3	3	3	MAT 21:44
ଖଣ୍ଡବିଖଣ୍ଡକାରୀ	1	1	1	1	JER 23:29
ଖଣ୍ଡର	1	1	1	1	JER 34:19
ଖଣ୍ଡରେ	1	1	1	1	JDG 19:29
ଖଣ୍ଡସକଳ	2	2	2	2	EXO 29:17
ଖଣ୍ଡସବୁ	1	1	1	1	EZK 24:4
ଖଣ୍ଡା	13	13	7	13	NUM 22:29
ଖଣ୍ଡିଆ	1	1	1	1	GEN 31:39
ଖଣ୍ଡିଏ	17	17	9	17	GEN 14:23
ଖଣ୍ଡିକ	3	3	3	5	GEN 2:22
ଖଣ୍ଡେ	49	49	24	45	GEN 2:21
ଖତ	7	7	4	8	2KI 9:37
ଖତ-ଦ୍ୱାର	1	1	1	3	NEH 12:31
ଖତ-ରାଶି	1	1	1	1	DAN 3:29
ଖତଗଦା	1	1	1	1	LUK 14:35
ଖତଗଦାର	1	1	1	1	ISA 25:10
ଖତଦ୍ୱାର	2	2	1	0	NEH 2:13
ଖତଦ୍ୱାରର	1	1	1	0	NEH 3:14
ଖତରାଶି	3	3	3	3	EZR 6:11
ଖତରାଶିରୁ	2	2	2	2	1SA 2:8
ଖନନ	1	1	1	1	GEN 50:5
ଖନାକୁ	1	1	1	1	MRK 7:32
ଖପରା	6	6	3	6	JOB 2:8
ଖପୁରି	1	1	1	1	JDG 9:53
ଖପୁରୀ	1	1	1	1	2KI 9:35
ଖମାରର	1	1	1	1	ISA 21:10
ଖମାରରେ	1	1	1	1	HOS 9:1
ଖମୀର	9	9	4	13	MAT 13:33
ଖମୀରଠାରୁ	3	3	2	3	MAT 16:6
ଖମୀରମୟ	4	4	4	4	MAT 13:33
ଖମୀରଶୂନ୍ୟ	9	9	5	9	MAT 26:17
ଖରତର	2	2	1	2	EZK 3:12
ଖରଭୁଜ	1	1	1	1	NUM 11:5
ଖରା	7	7	6	7	GEN 18:1
ଖରାବେଳ	1	1	1	1	1SA 11:11
ଖରାବେଳେ	1	1	1	1	1SA 11:9
ଖରାରେ	2	2	2	2	JER 36:30
ଖର୍ଚ୍ଚ	1	1	1	2	LUK 10:35
ଖର୍ଜୂର	1	1	1	0	JOL 1:12
ଖର୍ଜୂରବୃକ୍ଷ	2	2	1	0	SNG 7:7
ଖର୍ଜ୍ଜୁର	16	16	5	22	EXO 15:27
ଖର୍ଜ୍ଜୁର-ବାହୁଙ୍ଗା	1	1	1	0	LEV 23:40
ଖର୍ଜ୍ଜୁରପୁର	2	2	2	2	JDG 3:13
ଖର୍ଜ୍ଜୁରପୁର-ଯିରୀହୋ	1	1	1	1	DEU 34:3
ଖର୍ଜ୍ଜୁରପୁରରୁ	1	1	1	1	JDG 1:16
ଖର୍ଜ୍ଜୁରବୃକ୍ଷ	4	4	2	4	JDG 4:5
ଖର୍ଜ୍ଜୁରବୃକ୍ଷମାନ	1	1	1	1	1KI 6:32
ଖର୍ଜ୍ଜୁରବୃକ୍ଷର	1	1	1	0	EZK 40:22
ଖର୍ଜ୍ଜୁରଶାଖା	1	1	1	0	NEH 8:15
ଖର୍ବ	9	9	8	8	LEV 26:19
ଖଲାସ	1	1	1	1	ACT 21:3
ଖଳ	4	4	3	6	PRO 3:32
ଖଳଥିଲା	1	1	1	0	GEN 3:1
ଖଳା	4	4	4	4	JER 51:33
ଖଳାକୁ	3	3	1	3	RUT 3:3
ଖଳାର	3	3	3	3	NUM 18:27
ଖଳାରୁ	5	5	5	5	NUM 18:30
ଖଳାରେ	6	6	5	6	GEN 50:10
ଖଳାସବୁ	1	1	1	1	JOL 2:24
ଖସଡ଼ା	3	3	2	3	PSA 35:6
ଖସାଇ	3	3	2	3	EZK 30:22
ଖସାଇବା	1	1	1	1	EZK 39:3
ଖସି	10	10	7	13	EXO 28:28
ଖସିଗଲା	3	3	2	3	GEN 32:25
ଖସିପଡ଼ିଲା	2	2	1	2	ACT 9:18
ଖସିଯାଇ	1	1	1	1	PSA 17:5
ଖସିଯାଏ	1	1	1	1	JOB 12:5
ଖସିଯିବ	1	1	1	1	PSA 37:31
ଖସିଯିବା	1	1	1	1	PSA 35:15
ଖାଅ	8	8	4	8	PRO 23:6
ଖାଆନ୍ତି	4	4	3	4	ISA 66:17
ଖାଇ	31	31	17	34	GEN 3:22
ଖାଇଅଛ	3	3	2	3	GEN 3:11
ଖାଇଅଛନ୍ତି	1	1	1	1	JOL 2:25
ଖାଇଅଛି	3	3	1	3	JOL 1:4
ଖାଇଅଛୁ	1	1	1	1	2SA 19:42
ଖାଇକି	1	1	1	0	1KI 18:35
ଖାଇଗଲେ	3	3	3	3	MAT 13:4
ଖାଇଥାଏ	1	1	1	1	JOB 31:17
ଖାଇପକାଇଲା	1	1	1	1	GEN 37:20
ଖାଇପାରୁ	1	1	1	1	GEN 3:2
ଖାଇବ	41	41	11	43	GEN 2:17
ଖାଇବା	13	13	10	17	GEN 3:17
ଖାଇବାକୁ	17	17	13	19	GEN 3:1
ଖାଇବାର	5	5	5	4	PRO 25:27
ଖାଇବି	2	2	2	2	2SA 13:6
ଖାଇବୁ	2	2	2	3	LEV 25:20
ଖାଇବେ	21	21	10	21	GEN 40:19
ଖାଇଯା’ନ୍ତି	2	2	2	2	JOB 5:5
ଖାଇଯିବ	1	1	1	1	2TI 2:17
ଖାଇରେ	1	1	1	1	1KI 18:38
ଖାଇଲ	1	1	1	1	DEU 32:14
ଖାଇଲା	4	4	3	5	GEN 41:21
ଖାଇଲାଣି	1	1	1	1	JAS 5:2
ଖାଇଲି	2	2	1	2	GEN 3:12
ଖାଇଲୁ	1	1	1	1	2KI 6:29
ଖାଇଲେ	16	16	11	18	GEN 3:6
ଖାଉ	4	4	4	4	1SA 1:8
ଖାଉଅଛ	3	3	2	3	EZK 33:25
ଖାଉଥିଲୁ	1	1	1	1	NUM 11:5
ଖାଉଥିଲେ	3	3	2	3	MRK 1:6
ଖାଉନ୍ଦକୁ	1	1	1	1	ISA 1:3
ଖାଏ	10	10	8	10	LEV 11:40
ଖାତ	7	7	5	7	GEN 14:10
ଖାତକକୁ	1	1	1	1	LUK 16:5
ଖାତକର	1	1	1	1	ISA 24:2
ଖାତରୁ	1	1	1	1	JER 48:44
ଖାତରେ	6	6	5	5	2KI 3:16
ଖାଦ	10	10	5	10	PSA 75:8
ଖାଦକଠାରୁ	1	1	1	1	JDG 14:14
ଖାଦରେ	1	1	1	1	PRO 26:23
ଖାଦ୍ୟ	109	109	32	135	GEN 1:29
ଖାଦ୍ୟ-ଦ୍ରବ୍ୟାଦି	1	1	1	1	1KI 20:27
ଖାଦ୍ୟ-ପଶୁକୁ	1	1	1	0	LEV 17:13
ଖାଦ୍ୟକୁ	2	2	1	2	PRO 23:3
ଖାଦ୍ୟଦ୍ରବ୍ୟ	31	31	17	27	GEN 18:5
ଖାଦ୍ୟଦ୍ରବ୍ୟର	3	3	2	3	GEN 47:13
ଖାଦ୍ୟପଦାର୍ଥ	1	1	1	1	HEB 13:9
ଖାଦ୍ୟର	9	9	8	9	EXO 12:16
ଖାଦ୍ୟରେ	2	2	2	2	PRO 20:13
ଖାଦ୍ୟସାମଗ୍ରୀ	6	6	5	6	GEN 6:21
ଖାଦ୍ୟସାମଗ୍ରୀର	1	1	1	1	DEU 23:19
ଖାଦ୍ୟହୀନ	2	2	2	2	PRO 12:9
ଖାପରୁ	1	1	1	1	1SA 17:51
ଖାପରେ	1	1	1	1	JHN 18:11
ଖାରସ୍ତିଆ	1	1	1	1	LEV 22:22
ଖାଲ	1	1	1	2	ACT 27:39
ଖାଲି	13	13	11	16	GEN 42:35
ଖାଳୋଇରେ	1	1	1	1	MAT 13:48
ଖିଅ	1	1	1	0	ACT 20:15
ଖିଆପିଆ	3	3	1	5	LUK 5:30
ଖିଡ଼ିକି	2	2	2	1	1KI 7:4
ଖିଡ଼ିକିର	1	1	1	1	1KI 7:5
ଖିଲ	3	3	2	3	ISA 22:23
ଖୁ	2	2	2	0	DEU 17:1
ଖୁଆଅ	2	2	2	3	1KI 22:27
ଖୁଆଇଅଛ	1	1	1	1	PSA 80:5
ଖୁଆଇବା	1	1	1	1	2SA 13:11
ଖୁଆଡ଼	7	7	6	7	GEN 49:14
ଖୁଆଡ଼କୁ	1	1	1	1	JER 23:3
ଖୁଆଡ଼ରୁ	2	2	2	2	PSA 50:9
ଖୁଆଡ଼ସବୁ	1	1	1	1	JER 25:37
ଖୁଜିଲି	1	1	1	0	DEU 28:27
ଖୁଡ଼ୁତା	1	1	1	0	LEV 10:4
ଖୁଣ	12	12	3	13	LEV 21:17
ଖୁଣବିଶିଷ୍ଟ	1	1	1	1	LEV 21:21
ଖୁଣୀ	1	1	1	1	ACT 28:4
ଖୁଣ୍ଟରେ	1	1	1	1	GAL 3:14
ଖୁଣ୍ଟା	1	1	1	0	AMO 4:11
ଖୁଣ୍ଟି	2	2	2	2	LEV 19:10
ଖୁନ୍ତବିଶିଷ୍ଟ	1	1	1	1	MAL 1:14
ଖୁରା	11	11	9	11	EXO 10:26
ଖୁରାବିଶିଷ୍ଟ	5	5	2	5	LEV 11:4
ଖୁରାଯୁକ୍ତ	1	1	1	1	PSA 69:31
ଖୁରାରେ	1	1	1	1	EZK 26:11
ଖୁସି	4	4	2	4	JDG 19:6
ଖୂଜାଙ୍କ	1	1	1	0	LUK 8:3
ଖେଚର	17	17	5	16	GEN 1:26
ଖେଦ	1	1	1	1	ECC 7:3
ଖେଦଯୁକ୍ତ	2	2	2	1	MAL 3:14
ଖେଦର	1	1	1	1	PSA 102:1
ଖେଦିତ	1	1	1	1	PSA 38:18
ଖେଳା	1	1	1	0	ZEC 8:5
ଖେଳିବ	2	2	2	2	JOB 41:5
ଖେଳିବା	2	2	2	3	2SA 2:14
ଖେଳିଲା	1	1	1	1	JOB 41:5
ଖୋଜ	8	8	6	9	1SA 20:21
ଖୋଜନ୍ତି	3	3	3	5	PSA 119:2
ଖୋଜନ୍ତୁ	1	1	1	1	2KI 2:16
ଖୋଜନ୍ତେ	1	1	1	1	1SA 10:21
ଖୋଜାଯିବ	1	1	1	1	1SA 20:18
ଖୋଜି	20	20	14	23	GEN 44:12
ଖୋଜିଅଛି	1	1	1	2	PSA 119:45
ଖୋଜିଅଛିନ୍ତ	1	1	1	0	PSA 119:10
ଖୋଜିପାରିବା	1	1	1	0	SNG 6:1
ଖୋଜିବ	5	5	3	5	DEU 13:14
ଖୋଜିବା	4	4	3	4	1SA 10:14
ଖୋଜିବାକୁ	6	6	3	11	1SA 9:3
ଖୋଜିବି	3	3	3	3	1SA 23:23
ଖୋଜିଲ	1	1	1	1	GEN 31:37
ଖୋଜିଲି	4	4	1	4	SNG 3:1
ଖୋଜିଲେ	11	11	9	11	GEN 31:34
ଖୋଜୁ	10	10	4	10	GEN 19:11
ଖୋଜୁଅଛ	10	10	7	10	GEN 37:15
ଖୋଜୁଅଛନ୍ତି	4	4	4	4	LAM 1:11
ଖୋଜୁଅଛି	5	5	5	5	GEN 37:16
ଖୋଜୁଅଛୁ	1	1	1	1	LUK 2:48
ଖୋଜୁଥିଲ	1	1	1	1	LUK 2:49
ଖୋଜୁଥିଲେ	4	4	4	4	JDG 18:1
ଖୋଜେ	13	13	3	13	PRO 11:27
ଖୋଜ୍	1	1	1	1	1SA 20:36
ଖୋଦକ	1	1	1	1	EXO 38:23
ଖୋଦନ	7	7	4	9	EXO 31:3
ଖୋଦନ-କର୍ମରେ	1	1	1	1	2CH 2:7
ଖୋଦିତ	65	65	19	76	GEN 26:18
ଖୋଦିତ-ପ୍ରତିମା	5	5	1	5	2CH 33:7
ଖୋଦିତ-ପ୍ରତିମାସବୁ	1	1	1	1	2CH 34:7
ଖୋଦିତ-ପ୍ରସ୍ତର	1	1	1	1	2CH 34:11
ଖୋଦିବା	1	1	1	1	ZEC 3:9
ଖୋଲ	1	1	1	0	JDG 15:19
ଖୋଲା	7	7	4	13	NEH 6:5
ଖୋଲାଯିବ	1	1	1	1	ZEC 13:1
ଖୋଲେଦ	1	1	1	1	LEV 11:29
ଖୋଳ	4	4	3	4	EXO 34:1
ଖୋଳନ୍ତି	1	1	1	1	JOB 3:21
ଖୋଳନ୍ତେ	2	2	2	2	GEN 26:21
ଖୋଳା	11	11	5	5	JDG 17:3
ଖୋଳାଇଲି	1	1	1	1	ECC 2:6
ଖୋଳି	22	22	13	22	GEN 26:18
ଖୋଳିଅଛ	1	1	1	1	ISA 22:16
ଖୋଳିଅଛନ୍ତି	5	5	2	4	PSA 57:6
ଖୋଳିଅଛି	3	3	3	3	GEN 21:30
ଖୋଳିଛନ୍ତି	2	2	1	2	NUM 21:18
ଖୋଳିଥିଲେ	3	3	3	3	GEN 26:15
ଖୋଳିବ	5	5	2	1	EXO 28:9
ଖୋଳିବା	1	1	1	0	EXO 28:11
ଖୋଳିବେ	1	1	1	1	EZK 12:12
ଖୋଳିଲ	1	1	1	1	DEU 6:11
ଖୋଳିଲି	2	2	2	2	DEU 10:3
ଖୋଳିଲେ	11	11	5	8	GEN 26:22
ଖୋଳେ	4	4	3	4	JOB 28:4
ଖ୍ରୀଷ୍ଟ	224	224	23	259	MAT 1:16
ଖ୍ରୀଷ୍ଟଙ୍କ	197	197	25	234	MAT 1:1
ଖ୍ରୀଷ୍ଟଙ୍କ-ଠାରୁ	1	1	1	0	PHP 1:2
ଖ୍ରୀଷ୍ଟଙ୍କ-ଠାରୁଅନୁଗ୍ରହ	1	1	1	0	GAL 1:3
ଖ୍ରୀଷ୍ଟଙ୍କଠାରୁ	13	13	10	15	ROM 1:7
ଖ୍ରୀଷ୍ଟଙ୍କଠାରେ	39	39	15	51	ACT 11:17
ଖ୍ରୀଷ୍ଟଙ୍କର	41	41	13	65	LUK 24:26
ଖ୍ରୀଷ୍ଟଙ୍କୁ	22	22	11	25	JHN 17:3
ଖ୍ରୀଷ୍ଟଦତ୍ତ	1	1	1	1	COL 3:15
ଖ୍ରୀଷ୍ଟମାନେ	2	2	2	2	MAT 24:24
ଖ୍ରୀଷ୍ଟାରି	4	4	2	0	1JN 2:18
ଖ୍ରୀଷ୍ଟାରିର	1	1	1	0	1JN 4:3
ଖ୍ରୀଷ୍ଟାଶ୍ରିତ	2	2	2	2	2CO 12:2
ଖ୍ରୀଷ୍ଟିୟାନ	3	3	2	14	ACT 11:26
ଖ୍ରୀଷ୍ଟୀୟ	3	3	3	10	1CO 4:17
ଖ୍ଳୟୀଙ୍କ	1	1	1	1	1CO 1:11
ଖ୍ୟାତ	74	74	27	69	GEN 25:30
ଖ୍ୟାତା	2	2	1	2	ISA 47:1
ଖ୍ୟାତି	1	1	1	2	LUK 4:14
ଗଉଣୀ	1	1	1	2	1SA 25:18
ଗଗନ	3	3	2	3	PSA 78:69
ଗଗନମଣ୍ଡଳ	6	6	4	6	JOB 35:5
ଗଗନମଣ୍ଡଳର	2	2	2	2	2SA 22:8
ଗଗନମଣ୍ଡଳରେ	1	1	1	1	DEU 33:26
ଗଗନର	1	1	1	1	DEU 4:11
ଗଗନସ୍ପର୍ଶୀ	8	8	6	10	GEN 11:4
ଗଗନସ୍ପର୍ଶୀ-ପ୍ରାଚୀର	1	1	1	0	DEU 9:1
ଗଗନସ୍ପର୍ଶୀପ	1	1	1	0	2CH 28:9
ଗଗନୋପରିସ୍ଥ	1	1	1	1	PSA 148:4
ଗଚ୍ଛିତ	2	2	1	2	LEV 6:2
ଗଛ	27	27	9	31	GEN 3:18
ଗଛକୁ	4	4	3	6	MAT 12:33
ଗଛଗୁଡ଼ିକ	2	2	2	1	MAT 3:10
ଗଛଟି	2	2	2	0	MAT 21:20
ଗଛମୂଳକୁ	1	1	1	1	LUK 14:23
ଗଛର	2	2	2	3	HOS 9:6
ଗଛରୁ	3	3	1	3	MAT 7:16
ଗଛରେ	2	2	1	2	LUK 13:7
ଗଛସବୁର	1	1	1	1	EZK 15:6
ଗଜଦନ୍ତମୟ	2	2	1	2	SNG 5:14
ଗଜା	4	4	3	4	MAT 13:5
ଗଜ୍ଜା	1	1	1	1	ACT 8:26
ଗଞ୍ଜ	2	2	2	2	ISA 23:3
ଗଠନ	11	11	7	12	1KI 5:18
ଗଠନକାରୀ	1	1	1	1	JER 51:19
ଗଠନାନୁସାରେ	1	1	1	1	PSA 144:12
ଗଠିତ	1	1	1	2	PSA 139:16
ଗଡ଼	32	32	15	35	GEN 11:4
ଗଡ଼-ପାଚେରୀ	1	1	1	2	1KI 21:23
ଗଡ଼କୁ	4	4	3	5	JDG 9:52
ଗଡ଼ଦ୍ୱାରର	1	1	1	1	JDG 9:52
ଗଡ଼ନ୍ତି	7	7	7	7	NUM 21:15
ଗଡ଼ପାଚେରୀ	1	1	1	0	2SA 20:15
ଗଡ଼ବନ୍ଦି	1	1	1	1	NEH 4:2
ଗଡ଼ବନ୍ଦୀ	2	2	2	2	ISA 29:3
ଗଡ଼ର	6	6	4	5	JDG 9:47
ଗଡ଼ରେ	4	4	3	4	NUM 13:19
ଗଡ଼ସକଳ	1	1	1	1	JER 50:15
ଗଡ଼ସକଳର	1	1	1	1	DAN 11:24
ଗଡ଼ସବୁ	2	2	2	2	PSA 89:40
ଗଡ଼ସବୁରେ	1	1	1	1	2KI 8:12
ଗଡ଼ସ୍ଥିତ	1	1	1	1	JDG 9:46
ଗଡ଼ାଇ	4	4	4	4	1SA 14:33
ଗଡ଼ାଇଦିଅ	1	1	1	1	JOS 10:18
ଗଡ଼ାଇଦେଇ	2	2	1	2	MAT 27:60
ଗଡ଼ାଇଦେବ	1	1	1	1	MRK 16:3
ଗଡ଼ାଇଦେଲେ	1	1	1	1	MRK 15:46
ଗଡ଼ାଏ	1	1	1	1	PRO 26:27
ଗଡ଼ାଣି	2	2	2	2	JOS 10:11
ଗଡ଼ି	4	4	3	5	JOS 17:9
ଗଡ଼ିଅଛୁ	1	1	1	0	MIC 1:10
ଗଡ଼ିଆସନ୍ତେ	2	2	2	2	MAT 27:57
ଗଡ଼ିଆସି	1	1	1	1	JOS 18:16
ଗଡ଼ିଗଲା	4	4	1	4	JOS 18:13
ଗଡ଼ିଗଲାଣି	1	1	1	1	LUK 24:29
ଗଡ଼ିପଡ଼େ	1	1	1	1	MIC 1:4
ଗଡ଼ିବ	1	1	1	1	JER 48:26
ଗଡ଼ିବାକୁ	1	1	1	1	MRK 9:20
ଗଡ଼ିବେ	1	1	1	1	EZK 27:30
ଗଡ଼ିଯିବାରୁ	1	1	1	1	MAT 14:15
ଗଡ଼ୁ	2	2	2	2	EXO 25:29
ଗଡ଼ୁସକଳ	1	1	1	1	EXO 37:16
ଗଢ଼	1	1	1	1	JOL 3:10
ଗଢ଼ନ୍ତି	2	2	1	2	PSA 33:15
ଗଢ଼ା	1	1	1	1	ISA 29:16
ଗଢ଼ାଅ	1	1	1	1	JOL 3:10
ଗଢ଼ାଯାଇଥିଲା	1	1	1	1	1KI 6:7
ଗଢ଼ାଯିବ	2	2	2	2	PSA 89:2
ଗଢ଼ି	4	4	3	4	NEH 3:15
ଗଢ଼ିଅଛ	1	1	1	1	JOB 10:9
ଗଢ଼ିଅଛି	3	3	3	3	NEH 6:1
ଗଢ଼ିଅଛୁ	2	2	1	2	ISA 43:7
ଗଢ଼ିଥିଲ	1	1	1	1	ACT 7:43
ଗଢ଼ିବା	6	6	4	6	PSA 89:4
ଗଢ଼ିବେ	1	1	1	1	PSA 28:5
ଗଢ଼ିଲ	1	1	1	1	ROM 9:20
ଗଢ଼ିଲା	2	2	1	2	NEH 3:2
ଗଢ଼ିଲୁ	1	1	1	1	NEH 4:6
ଗଢ଼ିଲେ	10	10	4	10	NEH 3:1
ଗଢ଼ୁଅଛନ୍ତି	1	1	1	1	NEH 4:3
ଗଢ଼ୁଅଛୁ	1	1	1	1	NEH 4:1
ଗଢ଼େ	1	1	1	1	ROM 15:20
ଗଣ	7	7	4	3	NUM 32:35
ଗଣକ	8	8	3	8	DEU 18:10
ଗଣକକୁ	1	1	1	1	DAN 2:10
ଗଣକତା	10	10	6	10	GEN 30:27
ଗଣକତାରେ	1	1	1	1	ISA 47:12
ଗଣକମାନେ	4	4	3	4	JER 27:9
ଗଣତିରେ	1	1	1	1	1CH 23:3
ଗଣନା	92	92	23	103	GEN 15:6
ଗଣନାକାରୀ	6	6	4	6	NUM 26:63
ଗଣନାନୁସାରେ	4	4	1	4	NUM 1:20
ଗଣନାଯୋଗ୍ୟ	1	1	1	1	ISA 16:14
ଗଣନୀୟ	1	1	1	1	EXO 38:21
ଗଣନ୍ତି	3	3	1	3	JOB 19:15
ଗଣର	2	2	2	1	JER 8:1
ଗଣା	6	6	5	6	NUM 1:22
ଗଣାଗଲେ	3	3	1	3	NUM 4:38
ଗଣାଯାଇ	2	2	2	2	GEN 32:12
ଗଣାଯାଇଅଛି	1	1	1	1	MAT 10:30
ଗଣାଯାଇଛି	1	1	1	1	LUK 12:7
ଗଣାଯାଇଥିଲା	1	1	1	1	ACT 1:17
ଗଣାଯାଏ	1	1	1	1	ROM 5:13
ଗଣାଯା’ନ୍ତେ	12	12	1	12	NUM 4:40
ଗଣାଯିବ	6	6	4	6	LEV 7:18
ଗଣାଯିବେ	2	2	2	2	JER 2:3
ଗଣି	4	4	2	5	GEN 13:16
ଗଣିକାର	1	1	1	1	ISA 57:3
ଗଣିତ	168	168	35	170	EXO 30:12
ଗଣିପାର	1	1	1	1	GEN 15:5
ଗଣିପାରେ	2	2	2	1	NUM 23:10
ଗଣିବ	1	1	1	1	2KI 22:4
ଗଣିବେ	1	1	1	1	ROM 3:30
ଗଣିଲେ	2	2	1	2	ROM 8:30
ଗଣେ	2	2	2	2	JOB 41:27
ଗଣ୍ଠି	1	1	1	1	1SA 25:29
ଗଣ୍ଠିପଡ଼ା	1	1	1	1	JOS 9:4
ଗଣ୍ଠିରୀରେ	1	1	1	0	1SA 25:29
ଗଣ୍ଠିସବୁ	1	1	1	1	ACT 3:7
ଗଣ୍ଡଗୋଳ	12	12	7	12	EZR 4:15
ଗଣ୍ଡଗୋଳକାରୀ	1	1	1	1	EZK 5:7
ଗଣ୍ଡଗୋଳର	2	2	1	2	ACT 19:40
ଗଣ୍ଡଗୋଳରେ	4	4	1	4	ACT 19:29
ଗଣ୍ଡଦେଶ	3	3	1	0	SNG 4:3
ଗଣ୍ଡଦେଶରେ	1	1	1	0	LAM 1:2
ଗଣ୍ଡଯୁଗଳ	1	1	1	0	SNG 1:10
ଗଣ୍ଡି	5	5	4	5	EXO 25:31
ଗଣ୍ଡିର	2	2	2	2	PSA 80:15
ଗଣ୍ଡିରୁ	1	1	1	1	ISA 11:1
ଗଣ୍ଡିସ୍ୱରୂପ	1	1	1	1	ISA 6:13
ଗଣ୍ୟ	12	12	4	12	GEN 13:16
ଗଣ୍ୟମାନ୍ୟ	3	3	1	2	GAL 2:2
ଗତ	36	36	25	32	GEN 19:34
ଗତବର୍ଷରୁ	1	1	1	0	2CO 9:2
ଗତବୟସ୍କ	8	8	4	7	GEN 18:11
ଗତବୟସ୍କା	1	1	1	1	HEB 11:11
ଗତାୟାତ	26	26	12	26	GEN 8:7
ଗତାୟାତକାରୀ	3	3	3	1	EZK 26:17
ଗତି	47	47	13	47	EXO 33:13
ଗତିକାରୀ	1	1	1	1	JDG 5:31
ଗତିର	2	2	2	2	JOB 8:19
ଗତିରେ	6	6	5	6	PSA 91:11
ଗତିସବୁ	1	1	1	1	PSA 119:59
ଗଦରୀୟମାନଙ୍କ	1	1	1	1	MAT 8:28
ଗଦଲୀୟ	19	19	4	20	2KI 25:23
ଗଦଲୀୟକୁ	10	10	2	0	2KI 25:22
ଗଦଲୀୟଙ୍କ	1	1	1	6	ZEP 1:1
ଗଦଲୀୟର	2	2	1	0	JER 39:14
ଗଦା	15	15	12	16	EXO 8:14
ଗଦାଏ	1	1	1	1	JDG 6:37
ଗଦେରା	1	1	1	1	JOS 15:36
ଗଦେରାଥୀୟ	1	1	1	1	1CH 12:4
ଗଦେରାରେ	1	1	1	1	1CH 4:23
ଗଦେରୋତ୍	2	2	2	2	JOS 15:41
ଗଦେରୋଥୟିମ୍	1	1	1	1	JOS 15:36
ଗଦୋର	3	3	2	2	JOS 15:58
ଗଦୋରର	3	3	1	3	1CH 4:4
ଗଦୋର୍	1	1	1	2	1CH 9:37
ଗଦ୍ଦି	1	1	1	1	NUM 13:11
ଗଦ୍ଦୀୟେଲ	1	1	1	1	NUM 13:10
ଗଦ୍ଦେଲର	1	1	1	0	EZR 2:47
ଗଧ	40	40	10	44	GEN 22:3
ଗଧକୁ	3	3	3	3	GEN 42:27
ଗଧଛୁଆକୁ	6	6	2	5	MRK 11:2
ଗଧଛୁଆଟିକୁ	1	1	1	1	MRK 11:7
ଗଧମାନଙ୍କ	3	3	1	3	1SA 9:5
ଗଧମାନଙ୍କୁ	2	2	2	2	JDG 19:21
ଗଧମାନେ	1	1	1	1	1SA 9:4
ଗଧର	1	1	1	1	JER 22:19
ଗଧସବୁ	3	3	2	3	GEN 34:28
ଗନୁବତ୍	2	2	1	2	1KI 11:20
ଗନ୍ତବ୍ୟ	14	14	12	14	EXO 18:20
ଗନ୍ଧ	4	4	3	4	GEN 27:27
ଗନ୍ଧ-ବଣିକର	1	1	1	1	EXO 37:29
ଗନ୍ଧକ	11	11	8	11	GEN 19:24
ଗନ୍ଧକବର୍ଣ୍ଣ	1	1	1	1	REV 9:17
ଗନ୍ଧକମୟ	1	1	1	1	REV 20:10
ଗନ୍ଧକରୂପ	1	1	1	1	REV 9:18
ଗନ୍ଧକରେ	1	1	1	1	ISA 34:9
ଗନ୍ଧଦ୍ରବ୍ୟ	6	6	4	6	EXO 25:6
ଗନ୍ଧବଣିକମାନଙ୍କ	1	1	1	0	NEH 3:8
ଗନ୍ଧବଣିକର	5	5	4	5	EXO 30:25
ଗନ୍ଧରସ	14	14	7	15	GEN 37:25
ଗନ୍ଧରସ-ପର୍ବତ	1	1	1	1	SNG 4:6
ଗନ୍ଧରସମିଶ୍ରିତ	1	1	1	0	JHN 19:39
ଗନ୍ଧରସର	1	1	1	1	EST 2:12
ଗବାଲ	1	1	1	1	PSA 83:7
ଗବାଲର	1	1	1	1	EZK 27:9
ଗବ୍ବଥା	1	1	1	1	JHN 19:13
ଗବ୍ବୟ	1	1	1	1	NEH 11:8
ଗବୟ	1	1	1	1	DEU 14:5
ଗଭୀର	49	49	17	55	GEN 1:2
ଗଭୀରକୁ	2	2	2	2	PSA 42:7
ଗଭୀରଣ	1	1	1	0	ROM 11:33
ଗଭୀରତମ	1	1	1	1	LAM 3:55
ଗଭୀରତା	2	2	2	2	PRO 25:3
ଗମନ	331	331	42	320	GEN 2:14
ଗମନ-ମାର୍ଗରେ	1	1	1	1	PRO 12:28
ଗମନ-ସମର୍ଥ	1	1	1	1	1CH 7:11
ଗମନକାରୀ	16	16	10	16	LEV 11:20
ଗମନକାରୀ-ମାନେ	1	1	1	0	JDG 5:10
ଗମନକାରୀକୁ	1	1	1	1	EZK 35:7
ଗମନକାରୀମାନଙ୍କ	1	1	1	1	ISA 51:23
ଗମନକାରୀମାନେ	1	1	1	2	EZK 39:15
ଗମନଯୋଗ୍ୟ	2	2	1	2	1CH 12:33
ଗମନର	10	10	9	7	GEN 35:3
ଗମନରେ	2	2	2	2	GEN 6:3
ଗମନଶୀଳ	3	3	1	3	GEN 1:26
ଗମନା-ଗମନ	2	2	1	0	PSA 39:6
ଗମନାଗମନ	66	66	25	67	GEN 5:22
ଗମନାଗମନକାରୀ	1	1	1	1	GEN 3:8
ଗମନାଗମନକାରୀମାନଙ୍କୁ	1	1	1	1	ISA 42:5
ଗମନାନୁସାରେ	1	1	1	1	NUM 33:2
ଗମରା	2	2	1	2	JOS 9:5
ଗମରୀୟ	2	2	1	2	JER 36:12
ଗମରୀୟର	3	3	1	3	JER 29:3
ଗମଲୀୟେଲ	5	5	2	4	NUM 1:10
ଗମଲୀୟେଲଙ୍କ	1	1	1	1	ACT 22:3
ଗମଲୀୟେଲର	1	1	1	1	NUM 7:59
ଗମଲ୍ଲୀର	1	1	1	1	NUM 13:12
ଗମୋରା	3	3	3	4	ROM 9:29
ଗମ୍ଭୀର	3	3	3	4	PSA 92:2
ଗମ୍ଭୀରା	1	1	1	0	1TI 3:11
ଗରଳ	3	3	3	3	DEU 32:33
ଗରଳରେ	1	1	1	1	JAS 3:8
ଗରାର	2	2	1	3	GEN 10:19
ଗରାରଠାରୁ	1	1	1	1	GEN 26:26
ଗରାରଠାରେ	1	1	1	1	GEN 26:6
ଗରାରଦେଶୀୟ	1	1	1	1	GEN 26:20
ଗରାରର	1	1	1	2	GEN 20:2
ଗରାରରେ	2	2	1	2	GEN 20:1
ଗରାର୍	1	1	1	0	2CH 14:13
ଗରାର୍ର	1	1	1	0	2CH 14:14
ଗରାଶୀୟ-ମାନଙ୍କ	1	1	1	0	MRK 5:1
ଗରାଶୀୟମାନଙ୍କ	2	2	1	3	LUK 8:26
ଗରିଷୀମ	2	2	2	4	JOS 8:33
ଗରିଷୀମ୍	2	2	1	0	DEU 11:29
ଗର୍ଜନ	21	21	9	1	JDG 14:5
ଗର୍ଜନକାରୀ	2	2	2	0	EZK 22:25
ଗର୍ଜନର	1	1	1	0	EZK 19:7
ଗର୍ଜ୍ଜନ	30	30	8	52	EXO 9:23
ଗର୍ଜ୍ଜନକାରୀ	2	2	2	4	PSA 22:13
ଗର୍ତ୍ତ	29	29	12	30	GEN 37:22
ଗର୍ତ୍ତ-ଗମନରୁ	1	1	1	0	JOB 33:24
ଗର୍ତ୍ତକୁ	5	5	3	5	PSA 30:3
ଗର୍ତ୍ତଗମନରୁ	1	1	1	1	JOB 33:28
ଗର୍ତ୍ତଗାମୀ	2	2	1	2	PSA 28:1
ଗର୍ତ୍ତଗାମୀମାନଙ୍କ	9	9	2	9	PSA 143:7
ଗର୍ତ୍ତଗାମୀମାନେ	1	1	1	1	ISA 38:18
ଗର୍ତ୍ତପତିତ	1	1	1	1	PRO 1:12
ଗର୍ତ୍ତମୟ	1	1	1	1	JER 2:6
ଗର୍ତ୍ତର	7	7	5	7	JOB 33:22
ଗର୍ତ୍ତରୁ	6	6	4	6	JOB 33:18
ଗର୍ତ୍ତରେ	17	17	8	20	2SA 17:9
ଗର୍ଦ୍ଦଭ	50	50	19	49	GEN 12:16
ଗର୍ଦ୍ଦଭକୁ	4	4	3	4	EXO 13:13
ଗର୍ଦ୍ଦଭଗଣ	1	1	1	1	2KI 7:10
ଗର୍ଦ୍ଦଭଗଣର	2	2	2	2	ISA 30:6
ଗର୍ଦ୍ଦଭମାନଙ୍କ	1	1	1	1	2SA 16:1
ଗର୍ଦ୍ଦଭମାନଙ୍କୁ	1	1	1	1	GEN 43:24
ଗର୍ଦ୍ଦଭମାନେ	3	3	3	3	PSA 104:11
ଗର୍ଦ୍ଦଭର	3	3	3	3	JDG 15:15
ଗର୍ଦ୍ଦଭରୁ	4	4	4	3	JOS 15:18
ଗର୍ଦ୍ଦଭରେ	2	2	2	2	JDG 10:4
ଗର୍ଦ୍ଦଭଶାବକ	3	3	2	1	JOB 11:12
ଗର୍ଦ୍ଦଭଶାବକାରୋହୀ	1	1	1	1	MAT 21:5
ଗର୍ଦ୍ଦଭାରୋହୀ	2	2	2	2	ISA 21:7
ଗର୍ଦ୍ଦଭୀ	17	17	5	18	GEN 12:16
ଗର୍ଦ୍ଦଭୀକି	4	4	1	0	NUM 22:23
ଗର୍ଦ୍ଦଭୀଗଣର	1	1	1	1	1CH 27:30
ଗର୍ଦ୍ଦଭୀମାନେ	1	1	1	1	JOB 1:14
ଗର୍ଦ୍ଦଭୀର	2	2	2	2	NUM 22:28
ଗର୍ବ	33	33	15	36	EXO 18:11
ଗର୍ବର	3	3	3	3	JOB 41:34
ଗର୍ବରେ	3	3	3	4	PSA 10:2
ଗର୍ବସବୁ	1	1	1	1	JER 48:30
ଗର୍ବାଚରଣ	8	8	5	8	NEH 9:10
ଗର୍ବାଚାରୀମାନଙ୍କୁ	1	1	1	1	PSA 31:23
ଗର୍ବିତ	16	16	10	16	2KI 14:10
ଗର୍ବିତମନା	1	1	1	1	ROM 11:20
ଗର୍ବୀ	9	9	7	11	PSA 101:5
ଗର୍ବୀକି	3	3	2	0	JOB 40:12
ଗର୍ଭ	18	18	9	18	GEN 16:4
ଗର୍ଭକୁ	1	1	1	1	ROM 4:19
ଗର୍ଭଗାରରେ	1	1	1	1	2CH 3:16
ଗର୍ଭଜାତ	3	3	3	3	GEN 21:3
ଗର୍ଭଧାରଣ	18	18	12	19	GEN 30:7
ଗର୍ଭଧାରଣର	2	2	1	2	GEN 29:31
ଗର୍ଭଧାରିଣୀ	2	2	2	2	PRO 23:25
ଗର୍ଭଧାରିଣୀଙ୍କ	1	1	1	1	SNG 3:4
ଗର୍ଭଧାରିଣୀର	1	1	1	1	SNG 6:9
ଗର୍ଭନିବୃତ୍ତି	2	2	1	1	GEN 29:35
ଗର୍ଭପାତ	4	4	3	4	GEN 31:38
ଗର୍ଭପୁଷ୍ପ	1	1	1	1	DEU 28:57
ଗର୍ଭଫଳ	8	8	4	7	GEN 30:2
ଗର୍ଭଫଳକୁ	1	1	1	1	LAM 2:20
ଗର୍ଭବତୀ	39	39	15	40	GEN 4:1
ଗର୍ଭବତୀର	2	2	2	2	ECC 11:5
ଗର୍ଭବେଦନା	3	3	2	3	GEN 3:16
ଗର୍ଭବ୍ୟଥାରହିତେ	1	1	1	1	ISA 54:1
ଗର୍ଭମାସ	1	1	1	1	JOB 39:2
ଗର୍ଭର	5	5	5	7	PRO 31:2
ଗର୍ଭରୁ	29	29	8	29	GEN 17:21
ଗର୍ଭରେ	19	19	11	19	GEN 4:20
ଗର୍ଭସ୍ଥ	3	3	3	2	JOB 3:3
ଗର୍ଭସ୍ରାବ	3	3	3	2	JOB 3:16
ଗର୍ଭାଗାର	12	12	3	3	1KI 6:16
ଗର୍ଭାଗାରର	4	4	1	0	1KI 6:5
ଗର୍ଭାବଧି	2	2	1	2	JDG 13:5
ଗର୍ଭାଶୟ	3	3	2	5	1SA 1:5
ଗର୍ଭିଣୀ	3	3	2	3	ISA 26:17
ଗର୍ମୀୟ	1	1	1	1	1CH 4:19
ଗଲ	8	8	2	9	2SA 3:7
ଗଲ-ୟଦ୍	2	2	1	0	GEN 31:47
ଗଲଣି	1	1	1	0	1CO 4:8
ଗଲା	220	220	34	217	GEN 24:30
ଗଲାକ୍ଷଣେ	1	1	1	1	1KI 18:12
ଗଲାଣି	5	5	5	5	JOS 9:13
ଗଲି	18	18	10	17	DEU 9:9
ଗଲିମ୍	1	1	1	0	1SA 25:44
ଗଲୀଲୋତ	1	1	1	1	JOS 18:17
ଗଲୀୟାତ	2	2	1	3	1SA 17:4
ଗଲୀୟାତକୁ	1	1	1	1	2SA 21:19
ଗଲୀୟାତର	3	3	2	3	1SA 21:9
ଗଲୁ	10	10	5	9	2SA 11:23
ଗଲେ	387	387	37	418	GEN 12:4
ଗଲେଣ	1	1	1	0	GEN 26:26
ଗଲେଣି	2	2	2	2	2SA 17:20
ଗଲ୍ଗଥା	3	3	3	3	MAT 27:33
ଗଲ୍ଲୀମର	1	1	1	1	ISA 10:30
ଗଳଦେଶ	4	4	2	4	EXO 28:32
ଗଳଦେଶ-ନ୍ୟାୟ	1	1	1	0	EXO 39:23
ଗଳଦେଶର	2	2	2	2	GEN 27:16
ଗଳଦେଶରେ	3	3	3	3	PRO 6:21
ଗଳା	8	8	4	9	GEN 33:4
ଗଳା-ଥଳୀ	1	1	1	0	LEV 1:16
ଗଳାଧଃକରଣ	1	1	1	1	PRO 23:31
ଗଳାପଟି	1	1	1	1	JOB 30:18
ଗଳାର	6	6	5	6	EXO 39:23
ଗଳାରେ	2	2	2	2	GEN 41:42
ଗଳାହାର	1	1	1	1	JDG 8:26
ଗଳି	3	3	2	3	PRO 7:8
ଗଳିଗୁଡ଼ିକୁ	1	1	1	1	LUK 14:21
ଗଳିପଥରେ	1	1	1	1	NUM 22:24
ଗଳିଯାଏ	1	1	1	1	SNG 7:9
ଗଳ୍ପ	7	7	6	7	EXO 32:12
ଗଳ୍ପର	3	3	3	3	DEU 28:37
ଗଶୂର	1	1	1	1	1CH 2:23
ଗଶୂରକୁ	2	2	1	2	2SA 13:38
ଗଶୂରର	3	3	2	3	2SA 3:3
ଗଶୂରରୁ	1	1	1	1	2SA 14:32
ଗଶୂରରେ	1	1	1	1	2SA 15:8
ଗଶୂରୀୟ	3	3	3	3	DEU 3:14
ଗଶୂରୀୟମାନଙ୍କ	3	3	1	3	JOS 12:5
ଗଶୂରୀୟମାନଙ୍କୁ	1	1	1	1	JOS 13:13
ଗଶ୍ମୁ	1	1	1	0	NEH 6:6
ଗସମର	2	2	2	2	EZR 2:48
ଗହମ	40	40	23	42	GEN 30:14
ଗହମକୁ	1	1	1	1	LUK 22:31
ଗହମବୀଜ	1	1	1	1	JHN 12:24
ଗହମର	3	3	3	3	EXO 34:22
ଗହମରାଶି	1	1	1	1	SNG 7:2
ଗହମରେ	3	3	2	3	PSA 81:16
ଗହମ୍	1	1	1	1	GEN 22:24
ଗହରର	2	2	2	2	EZR 2:47
ଗହଳ	1	1	1	1	EZK 19:11
ଗହଳିଆ	6	6	3	6	LEV 23:40
ଗହୀର	2	2	2	0	LUK 6:48
ଗହ୍ୱର	9	9	8	7	1KI 18:4
ଗହ୍ୱର-ମୁଖ	1	1	1	1	1KI 19:13
ଗହ୍ୱରରୁ	2	2	2	2	SNG 4:8
ଗହ୍ୱରରେ	5	5	4	5	1KI 18:13
ଗାଁ	2	2	1	2	MRK 8:23
ଗାଅ	1	1	1	1	ISA 23:16
ଗାଇବା	1	1	1	1	PRO 25:20
ଗାଈ	1	1	1	2	LEV 22:28
ଗାଞ୍ଜିଆ	3	3	2	1	ISA 3:22
ଗାଞ୍ଜିଆରେ	2	2	2	1	MAT 10:9
ଗାଡ଼ରେ	1	1	1	1	1SA 14:11
ଗାଢ଼	1	1	1	1	EXO 10:22
ଗାତ	2	2	2	3	MAT 8:20
ଗାତରେ	2	2	2	3	GEN 37:20
ଗାତୀୟ	1	1	1	0	JOS 13:3
ଗାତ୍-ହେଫର	1	1	1	0	JOS 19:13
ଗାତ୍ର	5	5	2	1	EZK 1:23
ଗାତ୍ରରୁ	3	3	2	1	GEN 40:19
ଗାତ୍ରିମ୍ମୋନ୍	1	1	1	0	1CH 6:69
ଗାତ୍ରୀୟ	1	1	1	1	MIC 2:8
ଗାଥ-ରିମ୍ମୋନ୍	1	1	1	0	JOS 19:45
ଗାଥୀୟ	9	9	3	12	2SA 15:18
ଗାଥ୍	20	20	10	24	JOS 11:22
ଗାଥ୍-ନଗରର	1	1	1	1	2CH 26:6
ଗାଥ୍-ହେଫର୍	1	1	1	0	2KI 14:25
ଗାଥ୍କୁ	5	5	3	5	1SA 5:8
ଗାଥ୍ର	3	3	1	3	1SA 21:10
ଗାଥ୍ରିମ୍ମୋନ	2	2	1	0	JOS 21:24
ଗାଥ୍ରୁ	1	1	1	1	1KI 2:40
ଗାଥ୍ରେ	3	3	1	4	2SA 1:20
ଗାଦ	9	9	4	1	EXO 1:4
ଗାଦ-ସନ୍ତାନଗଣ	3	3	1	0	NUM 32:25
ଗାଦ-ସନ୍ତାନଗଣକୁ	1	1	1	0	NUM 32:33
ଗାଦ-ସନ୍ତାନଗଣର	5	5	1	0	NUM 1:24
ଗାଦର	9	9	4	0	GEN 46:16
ଗାଦିର	2	2	1	2	2KI 15:14
ଗାଦୀୟ	8	8	4	9	DEU 29:8
ଗାଦୀୟ-ମାନଙ୍କ	1	1	1	0	1CH 26:32
ଗାଦୀୟ-ମାନଙ୍କୁ	1	1	1	0	JOS 1:12
ଗାଦୀୟମାନଙ୍କ	2	2	2	3	DEU 4:43
ଗାଦେରୀୟ	1	1	1	1	1CH 27:28
ଗାଦ୍	20	20	7	32	GEN 30:11
ଗାଦ୍-ବଂଶଠାରୁ	1	1	1	1	1CH 6:63
ଗାଦ୍-ସନ୍ତାନଗଣ	9	9	1	10	JOS 22:9
ଗାଦ୍-ସନ୍ତାନଗଣକୁ	1	1	1	2	JOS 22:31
ଗାଦ୍-ସନ୍ତାନଗଣର	2	2	2	4	NUM 32:29
ଗାଦ୍-ସନ୍ତାନମାନଙ୍କୁ	1	1	1	1	JOS 13:24
ଗାଦ୍-ସନ୍ତାନମାନେ	1	1	1	1	JOS 22:34
ଗାଦ୍କୁ	6	6	4	6	GEN 49:19
ଗାଦ୍ର	7	7	4	17	JOS 4:12
ଗାନ	149	149	22	154	EXO 15:1
ଗାନ-ସେବାରେ	1	1	1	1	1CH 6:31
ଗାନକାର୍ଯ୍ୟରେ	1	1	1	1	1CH 25:7
ଗାନସକଳ	1	1	1	0	AMO 8:3
ଗାନାର୍ଥକ	4	4	1	4	PSA 66:1
ଗାନ୍ଥକ	2	2	1	1	2KI 12:11
ଗାନ୍ଥକମାନଙ୍କ	2	2	2	0	EZR 5:4
ଗାନ୍ଥକମାନଙ୍କର	1	1	1	0	NEH 4:18
ଗାନ୍ଥକମାନଙ୍କୁ	1	1	1	1	2CH 34:11
ଗାନ୍ଥକମାନେ	2	2	2	1	EZR 3:10
ଗାନ୍ଥନୀର	1	1	1	1	ISA 41:25
ଗାନ୍ଥି	1	1	1	0	DEU 6:10
ଗାନ୍ଥିବ	1	1	1	1	ISA 58:12
ଗାନ୍ଥିବା	1	1	1	0	JER 42:10
ଗାନ୍ଥିବାର	2	2	2	0	ECC 3:3
ଗାନ୍ଥିଲେ	1	1	1	0	NEH 4:18
ଗାନ୍ଥୁନୀ	1	1	1	1	EZK 46:23
ଗାନ୍ଥୁନୀର	3	3	1	3	EZK 42:1
ଗାବ୍ରିଏଲ	4	4	2	4	DAN 8:16
ଗାଭୀ	14	14	7	14	GEN 15:9
ଗାଭୀକି	5	5	2	0	NUM 19:2
ଗାଭୀଦାହର	1	1	1	1	NUM 19:6
ଗାଭୀଭସ୍ମ	1	1	1	1	HEB 9:13
ଗାଭୀମାନଙ୍କ	1	1	1	1	1SA 6:7
ଗାଭୀମାନଙ୍କୁ	1	1	1	1	1SA 6:14
ଗାଭୀମାନେ	1	1	1	1	1SA 6:12
ଗାଭୀର	2	2	1	2	NUM 19:9
ଗାଭୀସବୁ	1	1	1	1	AMO 4:1
ଗାମୁଛା	4	4	2	4	JHN 11:44
ଗାମୁଛାରେ	2	2	2	2	LUK 19:20
ଗାମୂଲ୍	1	1	1	1	1CH 24:17
ଗାମ୍ଭୀର୍ଯ୍ୟ	1	1	1	1	1TI 3:4
ଗାରିମାରେ	1	1	1	1	PRO 21:24
ଗାରେବ୍	3	3	3	3	2SA 23:38
ଗାଲ	4	4	4	9	DEU 18:3
ଗାଲରେ	6	6	6	7	1KI 22:24
ଗାଲଲର	1	1	1	0	NEH 11:17
ଗାଲଲ୍	1	1	1	1	1CH 9:15
ଗାଲଲ୍ର	1	1	1	2	1CH 9:16
ଗାଲା	1	1	1	2	ROM 2:25
ଗାଲାତିଆ	1	1	1	2	1PE 1:1
ଗାଲାତିଆକୁ	1	1	1	0	2TI 4:10
ଗାଲାତିଆର	1	1	1	1	1CO 16:1
ଗାଲାତୀୟ	3	3	2	13	ACT 16:6
ଗାଲାତୀୟମାନେ	1	1	1	1	GAL 3:1
ଗାଲିଚାରେ	1	1	1	1	JDG 5:10
ଗାଲିଲୀ	13	13	8	17	JOS 21:32
ଗାଲିଲୀକି	12	12	3	0	MAT 4:12
ଗାଲିଲୀକୁ	5	5	3	17	ISA 9:1
ଗାଲିଲୀଠାରୁ	2	2	2	1	LUK 23:5
ଗାଲିଲୀର	14	14	3	15	MRK 1:9
ଗାଲିଲୀରୁ	9	9	5	10	MAT 3:13
ଗାଲିଲୀରେ	8	8	5	10	JOS 20:7
ଗାଲିଲୀସ୍ଥ	3	3	3	3	1CH 6:76
ଗାଲିଲୀୟ	8	8	5	8	MAT 26:69
ଗାଲିଲୀୟମାନଙ୍କ	2	2	1	2	LUK 13:1
ଗାଲିଲୀୟମାନେ	2	2	2	2	LUK 13:2
ଗାଲ୍	7	7	1	7	JDG 9:26
ଗାଲ୍କୁ	1	1	1	1	JDG 9:41
ଗାଲ୍ର	1	1	1	1	JDG 9:30
ଗାଲ୍ଲିୟୋନ୍	3	3	1	3	ACT 18:12
ଗାଳି	1	1	1	2	JHN 9:28
ଗାଶ୍	2	2	2	2	JOS 24:30
ଗାଶ୍-ନଦୀତୀର	1	1	1	1	2SA 23:30
ଗାଶ୍-ପର୍ବତର	1	1	1	1	JDG 2:9
ଗାସେସକୁ	1	1	1	1	1CH 2:46
ଗାୟ	4	4	3	5	ACT 19:29
ଗାୟକ	14	14	8	14	2SA 19:35
ଗାୟକମାନଙ୍କ	9	9	6	9	1KI 10:12
ଗାୟକମାନଙ୍କର	3	3	2	3	EZR 7:24
ଗାୟକମାନଙ୍କୁ	1	1	1	1	NEH 11:23
ଗାୟକମାନେ	16	16	5	16	1CH 9:33
ଗାୟଙ୍କ	1	1	1	1	3JN 1:1
ଗାୟନ	14	14	10	15	GEN 31:27
ଗାୟନକାଳ	1	1	1	1	SNG 2:12
ଗାୟନର	2	2	2	2	EXO 32:18
ଗାୟନରେ	2	2	1	2	PSA 32:7
ଗାୟନସବୁକୁ	1	1	1	0	AMO 8:10
ଗାୟିକା	4	4	4	4	2CH 35:25
ଗାୟିକାମାନଙ୍କ	1	1	1	1	2SA 19:35
ଗିତ୍ତୀତ୍	3	3	1	3	PSA 8:1
ଗିତ୍ତୀୟ	2	2	1	0	2SA 6:10
ଗିତ୍ତୟିମକୁ	1	1	1	1	2SA 4:3
ଗିତ୍ତୟିମରେ	1	1	1	1	NEH 11:33
ଗିଦିୟୋନ	1	1	1	2	HEB 11:32
ଗିଦିୟୋନିର	4	4	1	4	NUM 2:22
ଗିଦିୟୋନ୍	26	26	1	27	JDG 6:11
ଗିଦିୟୋନ୍ଙ୍କ	4	4	1	7	JDG 6:32
ଗିଦିୟୋନ୍ଙ୍କର	4	4	1	4	JDG 7:14
ଗିଦିୟୋନ୍ଙ୍କୁ	5	5	1	6	JDG 7:2
ଗିଦିୟୋନ୍ର	1	1	1	2	JDG 8:30
ଗିଦୀୟୋନର	1	1	1	1	NUM 1:11
ଗିଦୀୟୋମ୍	1	1	1	1	JDG 20:45
ଗିଦ୍ଦଲ୍ତି	2	2	1	2	1CH 25:4
ଗିଦ୍ଦେଲର	3	3	2	4	EZR 2:56
ଗିନା	3	3	3	3	MAT 23:25
ଗିନାଏ	2	2	2	2	MAT 10:42
ଗିନାର	1	1	1	1	MAT 23:26
ଗିନେସରତ	1	1	1	1	LUK 5:1
ଗିନ୍ନଥୋନ	1	1	1	1	NEH 10:6
ଗିନ୍ନଥୋନ-ବଂଶର	1	1	1	1	NEH 12:16
ଗିନ୍ନଥୋୟ	1	1	1	1	NEH 12:4
ଗିନ୍ନେସରତ୍	2	2	2	2	MAT 14:34
ଗିବିୟୋନ	6	6	1	0	JOS 9:3
ଗିବିୟୋନର	1	1	1	0	NEH 7:25
ଗିବିୟୋନୀୟ	3	3	2	0	JOS 10:4
ଗିବିୟୋନ୍	4	4	1	0	JOS 9:17
ଗିବିୟୋନ୍ରେ	1	1	1	0	JOS 10:10
ଗିବୀୟା	18	18	6	17	JOS 15:57
ଗିବୀୟା-ଯୁଦ୍ଧରେ	1	1	1	0	2SA 3:30
ଗିବୀୟା-ଶାଉଲରେ	1	1	1	1	1SA 15:34
ଗିବୀୟାକୁ	8	8	2	9	JDG 20:4
ଗିବୀୟାଥୀୟ	1	1	1	1	1CH 12:3
ଗିବୀୟାର	7	7	4	8	JDG 20:5
ଗିବୀୟାରୁ	2	2	1	2	JDG 20:21
ଗିବୀୟାରେ	8	8	4	8	JDG 19:15
ଗିବୀୟାସ୍ଥ	1	1	1	1	JDG 20:33
ଗିବୀୟାସ୍ଥିତ	1	1	1	1	1SA 22:6
ଗିବୀୟୋନ	2	2	2	0	2SA 2:24
ଗିବୀୟୋନ-ମଧ୍ୟବର୍ତ୍ତୀ	1	1	1	0	2SA 2:16
ଗିବୀୟୋନକୁ	2	2	2	0	2SA 2:12
ଗିବୀୟୋନର	4	4	3	0	2SA 2:13
ଗିବୀୟୋନରୁ	1	1	1	0	JER 41:16
ଗିବୀୟୋନରେ	4	4	2	0	1KI 3:5
ଗିବୀୟୋନସ୍ଥ	3	3	2	0	2SA 20:8
ଗିବୀୟୋନସ୍ଥିତ	3	3	2	0	2CH 1:3
ଗିବୀୟୋନୀୟ	4	4	2	7	2SA 21:1
ଗିବୀୟୋନୀୟମାନଙ୍କ	1	1	1	1	2SA 21:9
ଗିବୀୟୋନୀୟମାନଙ୍କୁ	1	1	1	1	2SA 21:3
ଗିବୀୟୋନୀୟମାନେ	1	1	1	1	2SA 21:4
ଗିବୀୟୋନ୍	1	1	1	14	JER 28:1
ଗିବୀୟୋନ୍ଠାରୁ	1	1	1	1	1CH 14:16
ଗିବୋଥୋନ	1	1	1	0	JOS 19:44
ଗିବ୍ବଥୋନ	2	2	1	5	1KI 15:27
ଗିବ୍ବଥୋନରୁ	1	1	1	1	1KI 16:17
ଗିବ୍ବଥୋନ୍	1	1	1	0	JOS 21:23
ଗିବ୍ବରର	1	1	1	1	EZR 2:20
ଗିବ୍ବିଥୋନ	1	1	1	0	1KI 16:15
ଗିବ୍ଲୀୟ	1	1	1	1	1KI 5:18
ଗିବ୍ଲୀୟମାନଙ୍କ	1	1	1	1	JOS 13:5
ଗିମେଲ୍	1	1	1	1	PSA 119:16
ଗିମ୍ସୋ	1	1	1	1	2CH 28:18
ଗିରି	5	5	4	5	GEN 19:30
ଗିରିଗଣ	2	2	2	2	PSA 65:12
ଗିରିଗଣର	1	1	1	1	DEU 33:15
ଗିରିରେ	2	2	2	2	ISA 30:25
ଗିରିଶ୍ରେଣୀରୁ	1	1	1	1	NUM 23:9
ଗିରିସକଳର	1	1	1	1	JER 12:12
ଗିରିସ୍ଥିତ	1	1	1	1	JER 17:2
ଗିର୍ଗାଶୀୟ	4	4	4	7	DEU 7:1
ଗିର୍ଗାଶୀୟମାନଙ୍କର	1	1	1	0	GEN 15:21
ଗିର୍ଗାସୀୟ	1	1	1	0	JOS 3:10
ଗିଲବୋୟ	1	1	1	0	1SA 31:8
ଗିଲବୋୟରେ	2	2	2	0	1SA 28:4
ଗିଲଲୟ	1	1	1	1	NEH 12:36
ଗିଲିୟଦ	3	3	2	0	SNG 4:1
ଗିଲିୟଦୀୟ	1	1	1	0	EZR 2:61
ଗିଲିୟଦ୍	1	1	1	0	JDG 5:17
ଗିଲୀୟଦ	38	38	12	52	NUM 26:29
ଗିଲୀୟଦକୁ	5	5	5	5	NUM 32:39
ଗିଲୀୟଦଠାରୁ	3	3	2	3	NUM 26:29
ଗିଲୀୟଦର	27	27	7	28	NUM 26:30
ଗିଲୀୟଦରୁ	1	1	1	2	GEN 37:25
ଗିଲୀୟଦରେ	7	7	6	9	DEU 4:43
ଗିଲୀୟଦସ୍ଥ	3	3	1	3	1CH 6:80
ଗିଲୀୟଦସ୍ଥିତ	3	3	2	3	JDG 11:29
ଗିଲୀୟଦୀୟ	14	14	6	15	NUM 26:29
ଗିଲୀୟଦୀୟମାନେ	1	1	1	1	JDG 12:4
ଗିଲୀୟଦ୍	7	7	5	0	GEN 31:21
ଗିଲ୍ଗଲସ୍ଥ	1	1	1	1	JDG 3:19
ଗିଲ୍ଗଲ୍	7	7	5	8	DEU 11:30
ଗିଲ୍ଗଲ୍-ଛାଉଣିକି	1	1	1	0	JOS 10:15
ଗିଲ୍ଗଲ୍କୁ	9	9	4	10	1SA 10:8
ଗିଲ୍ଗଲ୍ଠାରୁ	1	1	1	1	JOS 10:9
ଗିଲ୍ଗଲ୍ରୁ	4	4	4	3	JOS 10:7
ଗିଲ୍ଗଲ୍ରେ	14	14	5	14	JOS 4:19
ଗିଲ୍ଗଲ୍ସ୍ଥ	1	1	1	1	JOS 12:23
ଗିଲ୍ଗଲ୍ସ୍ଥିତ	2	2	1	2	JOS 9:6
ଗିଲ୍ବୋୟ	5	5	3	6	1SA 31:1
ଗିଳି	1	1	1	1	OBA 1:16
ଗିଳିଅଛି	1	1	1	1	JER 51:44
ଗିଳିବା	1	1	1	1	JON 1:17
ଗିଳୁଥାଅ	1	1	1	1	MAT 23:24
ଗିଳେ	1	1	1	1	PRO 19:28
ଗିଷରୀୟ	1	1	1	1	1SA 27:8
ଗିଷୋନୀୟ	1	1	1	1	1CH 11:34
ଗିଷ୍ପ	1	1	1	1	NEH 11:21
ଗିହରଷୀୟମାନଙ୍କ	1	1	1	1	1CH 4:14
ଗିହେଜୀ	11	11	1	11	2KI 4:14
ଗିହେଜୀକି	5	5	1	0	2KI 4:12
ଗିହେଜୀର	1	1	1	1	2KI 5:23
ଗୀ	1	1	1	0	SNG 1:8
ଗୀଆ	1	1	1	1	2SA 2:24
ଗୀତ	155	155	22	180	EXO 15:1
ଗୀତ-ଶିକ୍ଷକ	1	1	1	1	1CH 15:27
ଗୀତର	4	4	3	6	DEU 31:30
ଗୀତରନି	1	1	1	0	PSA 16:1
ଗୀତରେ	4	4	2	2	PSA 28:7
ଗୀତସଂହିତା	1	1	1	9	LUK 24:44
ଗୀତସଂହିତାରେ	2	2	2	4	LUK 20:42
ଗୀତାର୍ଥକ	1	1	1	1	1CH 16:42
ଗୀନତର	2	2	1	2	1KI 16:21
ଗୀର୍ଗାଶୀୟ	1	1	1	0	GEN 10:16
ଗୀଲୋ	1	1	1	1	JOS 15:51
ଗୀଲୋନୀୟ	2	2	1	2	2SA 15:12
ଗୀଲୋରୁ	1	1	1	1	2SA 15:12
ଗୀହୋନ	1	1	1	2	GEN 2:13
ଗୀହୋନକୁ	2	2	1	1	1KI 1:33
ଗୀହୋନର	1	1	1	1	2CH 33:14
ଗୀହୋନରେ	1	1	1	1	1KI 1:45
ଗୀହୋନସ୍ଥିତ	1	1	1	1	2CH 32:30
ଗୁଗ୍ଗୁଳ	4	4	3	4	GEN 37:25
ଗୁଞ୍ଜିବାର	2	2	2	2	MAT 8:20
ଗୁଡ଼ତ୍ୱକ୍	1	1	1	2	EZK 27:19
ଗୁଡ଼ା	7	7	5	8	ISA 34:4
ଗୁଡ଼ାଇ	5	5	4	5	GEN 27:16
ଗୁଡ଼ାଇଅଛି	1	1	1	1	ISA 38:12
ଗୁଡ଼ାଇଦେଲେ	1	1	1	1	JHN 19:40
ଗୁଡ଼ାଇବ	1	1	1	1	HEB 1:12
ଗୁଡ଼ାଇବା	1	1	1	1	JOB 38:9
ଗୁଡ଼ାଇବେ	1	1	1	1	ISA 22:17
ଗୁଡ଼ାଇଲେ	2	2	2	2	MRK 15:46
ଗୁଡ଼ାହୋଇଅଛି	1	1	1	0	1SA 21:9
ଗୁଡ଼ିଏ	1	1	1	1	ISA 65:3
ଗୁଣ	37	37	15	40	GEN 4:24
ଗୁଣଗାନ	1	1	1	1	PSA 42:8
ଗୁଣଦାୟୀ	3	3	1	3	JER 46:9
ଗୁଣଦିଆ	2	2	1	2	ISA 5:28
ଗୁଣପ୍ରକାଶକ	1	1	1	1	1CO 12:7
ଗୁଣବତୀ	2	2	1	2	PRO 12:4
ଗୁଣରେ	4	4	4	5	LEV 17:11
ଗୁଣସମୂହ	1	1	1	1	ROM 1:20
ଗୁଣାନୁବାଦ	2	2	2	3	EXO 15:2
ଗୁଣି	1	1	1	1	NAM 3:4
ଗୁଣିଆ	5	5	4	5	LEV 20:6
ଗୁଣିଆ-ମାନଙ୍କୁ	1	1	1	0	EXO 7:11
ଗୁଣିଆମାନଙ୍କ	2	2	2	2	2KI 21:6
ଗୁଣିଆମାନଙ୍କର	2	2	2	2	LEV 19:31
ଗୁଣିଆମାନଙ୍କୁ	1	1	1	2	1SA 28:9
ଗୁଣିଆମାନେ	1	1	1	1	ISA 8:19
ଗୁଣିଆର	1	1	1	1	ECC 10:11
ଗୁଣ୍ଡା	1	1	1	0	MRK 7:28
ଗୁଣ୍ଡି	1	1	1	0	MRK 7:28
ଗୁଣ୍ଡିଗୁଣ୍ଡା	1	1	1	1	MAT 15:27
ଗୁଦ୍ଗୋଦାକୁ	1	1	1	1	DEU 10:7
ଗୁଦ୍ଗୋଦାରୁ	1	1	1	1	DEU 10:7
ଗୁନି	1	1	1	0	GEN 46:24
ଗୁନ୍ଥା	1	1	1	1	COL 2:7
ଗୁନ୍ଥାଯାଉ	1	1	1	1	EZR 6:4
ଗୁନ୍ଥେ	1	1	1	1	PRO 14:1
ଗୁପ୍ତ	95	95	33	101	GEN 4:14
ଗୁପ୍ତଦୋଷରୁ	1	1	1	1	PSA 19:12
ଗୁପ୍ତଧନ	1	1	1	1	GEN 43:23
ଗୁପ୍ତରେ	9	9	7	10	2CH 20:22
ଗୁପ୍ତସ୍ଥଳୀମାନଙ୍କରେ	1	1	1	1	JOB 38:16
ଗୁପ୍ତସ୍ଥାନ	1	1	1	0	ISA 3:17
ଗୁପ୍ତସ୍ଥାନରୁ	1	1	1	1	PSA 18:45
ଗୁପ୍ତସ୍ଥାନରେ	1	1	1	0	JOB 38:39
ଗୁପ୍ତସ୍ଥାନସବୁ	1	1	1	0	JER 49:10
ଗୁପ୍ତାଙ୍ଗ	1	1	1	1	DEU 25:11
ଗୁମ୍ପା	7	7	4	0	JOS 10:18
ଗୁମ୍ପାକୁ	3	3	3	0	1SA 22:1
ଗୁମ୍ପାର	1	1	1	0	1SA 24:3
ଗୁମ୍ପାରୁ	4	4	2	0	JOS 10:22
ଗୁମ୍ପାରେ	7	7	3	1	JOS 10:16
ଗୁରୁ	65	65	6	66	PSA 119:99
ଗୁରୁଙ୍କ	1	1	1	1	LUK 6:40
ଗୁରୁଙ୍କୁ	2	2	2	2	MRK 5:35
ଗୁରୁଠାରୁ	2	2	2	2	MAT 10:24
ଗୁରୁତର	17	17	14	17	GEN 18:20
ଗୁରୁତ୍ୱ	1	1	1	7	2CH 24:27
ଗୁରୁତ୍ୱର	1	1	1	0	MAT 23:14
ଗୁରୁଦା	15	15	2	0	EXO 29:13
ଗୁରୁଦାର	2	2	2	0	LEV 9:19
ଗୁରୁପାକ	2	2	1	2	HEB 5:12
ଗୁରୁବାଲ୍-ନିବାସୀ	1	1	1	1	2CH 26:7
ଗୁରୁଭାବପୂର୍ଣ୍ଣ	1	1	1	1	2CO 10:10
ଗୁଲି	2	2	2	2	JON 1:7
ଗୁଲିବାଣ୍ଟ	55	55	23	55	LEV 16:8
ଗୁଲିବାଣ୍ଟରେ	2	2	2	1	LEV 16:9
ଗୁହା	8	8	4	8	GEN 23:9
ଗୁହାମୟ	1	1	1	1	ISA 32:14
ଗୁହାରି	18	18	8	18	1KI 3:22
ଗୁହାରେ	7	7	3	7	GEN 23:19
ଗୁହାଳକୁଣ୍ଡରେ	3	3	1	3	LUK 2:7
ଗୁହାଳରୁ	1	1	1	1	LUK 13:15
ଗୂଢ଼	6	6	4	5	NUM 12:8
ଗୂନି	1	1	1	2	1CH 7:13
ଗୂନିଠାରୁ	1	1	1	1	NUM 26:48
ଗୂନିର	1	1	1	1	1CH 5:15
ଗୂନୀୟ	1	1	1	1	NUM 26:48
ଗୂର୍	1	1	1	1	2KI 9:27
ଗୂୟେଲ	1	1	1	1	NUM 13:15
ଗୃଧ୍ର	1	1	1	0	DEU 14:13
ଗୃହ	483	483	41	496	GEN 12:1
ଗୃହ-କାନ୍ଥରେ	1	1	1	0	LEV 14:39
ଗୃହ-କାନ୍ଥସବୁରେ	1	1	1	0	1KI 6:15
ଗୃହ-ଚଟାଣର	1	1	1	1	1KI 6:30
ଗୃହ-ଛାତ-ଉପରିସ୍ଥ	1	1	1	0	2KI 19:26
ଗୃହ-ଛାତର	1	1	1	0	ISA 37:27
ଗୃହ-ତମ୍ବୁରେ	1	1	1	1	PSA 132:4
ଗୃହ-ଦ୍ୱାରରୁ	1	1	1	0	JOS 2:19
ଗୃହ-ନିର୍ମାଣ	2	2	1	2	1KI 5:18
ଗୃହ-ପଥ	1	1	1	1	JOB 38:20
ଗୃହ-ପ୍ରତିଷ୍ଠାକାରୀ	1	1	1	0	LEV 27:15
ଗୃହ-ପ୍ରତିଷ୍ଠାକାଳୀନ	1	1	1	1	PSA 30:1
ଗୃହ-ପ୍ରାଙ୍ଗଣରେ	1	1	1	1	PSA 135:2
ଗୃହ-ବରଣ୍ଡାରେ	1	1	1	0	1KI 7:12
ଗୃହ-ରକ୍ଷକମାନେ	1	1	1	0	ECC 12:3
ଗୃହକର୍ତ୍ତା	9	9	4	8	JDG 19:22
ଗୃହକର୍ତ୍ତାଙ୍କ	3	3	1	1	MAT 13:27
ଗୃହକର୍ତ୍ତାଙ୍କୁ	1	1	1	0	MAT 10:25
ଗୃହକାନ୍ଥର	1	1	1	0	1KI 6:6
ଗୃହକାନ୍ଥରେ	1	1	1	0	1KI 6:6
ଗୃହକାର୍ଯ୍ୟ	1	1	1	1	1TI 5:14
ଗୃହକାର୍ଯ୍ୟର	3	3	2	3	EZR 3:8
ଗୃହକାର୍ଯ୍ୟରେ	1	1	1	1	EZR 6:22
ଗୃହକୁ	219	219	36	217	GEN 12:15
ଗୃହକୋଣ	1	1	1	1	PRO 7:8
ଗୃହଛାତ	2	2	1	2	1SA 9:25
ଗୃହଜାତ	13	13	7	11	GEN 14:14
ଗୃହଜାତା	1	1	1	0	LEV 18:9
ଗୃହଠାରୁ	2	2	2	2	NEH 3:24
ଗୃହଦ୍ୱାର	9	9	6	7	DEU 6:9
ଗୃହଦ୍ୱାରଠାରୁ	1	1	1	0	NEH 3:21
ଗୃହଦ୍ୱାରର	1	1	1	0	DEU 11:20
ଗୃହଦ୍ୱାରରୁ	1	1	1	1	JDG 11:31
ଗୃହନିବାସୀ	1	1	1	1	JER 20:6
ଗୃହନିବାସୀମାନେ	1	1	1	1	JOB 19:15
ଗୃହନିର୍ମାଣ	1	1	1	0	LUK 17:28
ଗୃହନିର୍ମାଣକାରୀ	2	2	2	0	ACT 4:11
ଗୃହନିର୍ମାଣକାରୀମାନେ	4	4	4	4	MAT 21:42
ଗୃହପ୍ରବାସିନୀ	1	1	1	1	EXO 3:22
ଗୃହପ୍ରା	1	1	1	0	NEH 3:21
ଗୃହବାସୀମାନେ	1	1	1	1	JDG 18:22
ଗୃହବିଷୟକ	1	1	1	1	PSA 69:9
ଗୃହମାନ	4	4	4	3	LEV 25:31
ଗୃହମାନଙ୍କର	1	1	1	1	EZK 33:30
ଗୃହଯାକ	1	1	1	1	EZK 41:19
ଗୃହର	266	266	28	274	GEN 15:2
ଗୃହରୁ	43	43	19	44	GEN 20:13
ଗୃହରୂପ	2	2	2	2	1CH 6:48
ଗୃହରୂପରେ	1	1	1	1	1PE 2:5
ଗୃହରେ	304	304	44	313	GEN 17:12
ଗୃହସକଳ	5	5	4	5	LEV 25:32
ଗୃହସବୁ	13	13	8	14	2KI 23:7
ଗୃହସବୁରେ	1	1	1	1	2KI 17:32
ଗୃହସାମଗ୍ରୀ	1	1	1	1	NEH 13:8
ଗୃହସ୍ଥ	3	3	3	3	GEN 17:27
ଗୃହସ୍ଥିତ	22	22	11	22	GEN 17:23
ଗୃହସ୍ଥିତା	1	1	1	1	PSA 68:12
ଗୃହସ୍ୱାମୀ	2	2	2	1	EXO 22:8
ଗୃହାଗମନ	1	1	1	1	GEN 39:16
ଗୃହାଦି	2	2	2	1	2SA 5:9
ଗୃହାଦିର	1	1	1	1	JOB 30:24
ଗୃହାଧ୍ୟକ୍ଷ	12	12	7	12	GEN 39:4
ଗୃହାଧ୍ୟକ୍ଷକୁ	4	4	2	4	GEN 43:16
ଗୃହାଭିମୁଖ	2	2	1	2	EZK 40:7
ଗୃହିଣୀ	2	2	2	2	2SA 17:19
ଗୃହୀତ	9	9	6	7	GEN 3:19
ଗୃହୀତା	2	2	2	2	NUM 36:4
ଗେଥର	2	2	2	2	GEN 10:23
ଗେଥ୍ଶିମାନୀ	2	2	2	2	MAT 26:36
ଗେଦରର	1	1	1	1	JOS 12:13
ଗେବର	1	1	1	1	1KI 4:19
ଗେବା	8	8	6	10	JOS 18:24
ଗେବାଠାରୁ	4	4	4	3	2SA 5:25
ଗେବାର	2	2	2	2	EZR 2:26
ଗେବାରେ	2	2	2	2	1SA 13:16
ଗେବାସ୍ଥିତ	1	1	1	1	1SA 13:3
ଗେବୀମ	1	1	1	1	ISA 10:31
ଗେରା	5	5	4	6	GEN 46:21
ଗେରାକୁ	1	1	1	1	1CH 8:7
ଗେରାର	5	5	3	5	JDG 3:15
ଗେରାରେ	3	3	3	3	EXO 30:13
ଗେରୁତ୍ତ୍ୱକିମହମରେ	1	1	1	0	JER 41:17
ଗେର୍ଶୋନ-ସନ୍ତାନଗଣର	2	2	1	2	NUM 4:22
ଗେର୍ଶୋନ-ସନ୍ତାନମାନଙ୍କୁ	1	1	1	1	JOS 21:27
ଗେର୍ଶୋନଠାରୁ	2	2	1	2	NUM 3:21
ଗେର୍ଶୋନର	5	5	3	6	EXO 6:17
ଗେର୍ଶୋନୀୟ	9	9	3	9	NUM 3:21
ଗେର୍ଶୋନୀୟ-ମାନଙ୍କ	2	2	2	0	NUM 3:24
ଗେର୍ଶୋନୀୟ-ସନ୍ତାନଗଣ	1	1	1	1	1CH 26:21
ଗେର୍ଶୋନୀୟ-ସନ୍ତାନଗଣକୁ	1	1	1	1	NUM 7:7
ଗେର୍ଶୋନୀୟମାନଙ୍କ	1	1	1	3	1CH 23:7
ଗେର୍ଶୋନ୍	4	4	4	0	GEN 46:11
ଗେର୍ଶୋନ୍ର	2	2	2	0	NUM 3:18
ଗେର୍ଶୋମ-ସନ୍ତାନଗଣ	1	1	1	1	1CH 15:7
ଗେର୍ଶୋମର	3	3	1	8	1CH 6:17
ଗେର୍ଶୋମ୍	6	6	3	0	EXO 2:22
ଗେର୍ଶୋମ୍ର	4	4	1	0	1CH 6:20
ଗେଶନ୍	1	1	1	1	1CH 2:47
ଗେଶମ୍	3	3	1	4	NEH 2:19
ଗେଶର	3	3	1	3	EZK 38:2
ଗେଷର	7	7	4	7	JOS 16:3
ଗେଷରବାସୀ	1	1	1	1	JOS 16:10
ଗେଷରର	1	1	1	1	JOS 12:12
ଗେଷରରେ	2	2	2	2	JDG 1:29
ଗେଷର୍	3	3	1	3	1CH 6:67
ଗେଷର୍ର	1	1	1	1	JOS 10:33
ଗେହ୍ଲା	1	1	1	1	PRO 29:21
ଗୋ	24	24	8	24	JOB 16:18
ଗୋ-ଛେନା	1	1	1	1	2SA 17:29
ଗୋଇଠା	2	2	2	2	JHN 13:18
ଗୋଇଠି	4	4	3	4	2SA 22:37
ଗୋଇଠିକି	2	2	2	1	GEN 3:15
ଗୋକଣ୍ଟକ	1	1	1	1	JDG 3:31
ଗୋଖରା	1	1	1	1	GEN 3:18
ଗୋଗ୍	8	8	3	9	1CH 5:4
ଗୋଗ୍କୁ	3	3	1	3	EZK 38:14
ଗୋଚର	4	4	3	3	NEH 6:19
ଗୋଚରରେ	2	2	2	2	GEN 6:13
ଗୋଚରାର୍ଥେ	1	1	1	0	EZR 5:10
ଗୋଟା	2	2	1	2	ISA 17:6
ଗୋଟାଇ	2	2	2	2	JDG 20:45
ଗୋଟାଇବା	1	1	1	1	OBA 1:5
ଗୋଟାଇଲେ	1	1	1	1	MRK 6:43
ଗୋଟାଏ	7	7	5	9	GEN 8:6
ଗୋଟାଯାକ	1	1	1	0	EXO 29:18
ଗୋଟି	9	9	4	12	ISA 7:21
ଗୋଟିଏ	613	613	44	619	GEN 2:10
ଗୋଟିକ	5	5	4	4	1SA 17:36
ଗୋଟିକର	4	4	4	4	1KI 12:30
ଗୋଟିକି	8	8	3	0	LEV 5:7
ଗୋଟିକୁ	1	1	1	2	1KI 12:29
ଗୋଠକୁ	2	2	1	2	GEN 18:7
ଗୋଠରୁ	5	5	4	5	LEV 1:3
ଗୋଠରେ	1	1	1	1	HAB 3:17
ଗୋଡ଼	10	10	7	11	GEN 41:44
ଗୋଡ଼-ଶିରା	1	1	1	2	2SA 8:4
ଗୋଡ଼ନଳୀ	1	1	1	1	LEV 11:21
ଗୋଡ଼ର	1	1	1	1	ACT 3:7
ଗୋଡ଼ରେ	1	1	1	1	PRO 6:13
ଗୋଡ଼ଶିରା	1	1	1	0	1CH 18:4
ଗୋଡ଼ାଅ	4	4	3	4	JOS 2:5
ଗୋଡ଼ାଇ	17	17	9	16	DEU 19:6
ଗୋଡ଼ାଇଅଛ	1	1	1	1	LAM 3:43
ଗୋଡ଼ାଇଅଛନ୍ତି	1	1	1	1	1SA 26:18
ଗୋଡ଼ାଇବ	7	7	5	7	DEU 28:45
ଗୋଡ଼ାଇବା	17	17	8	18	EXO 15:9
ଗୋଡ଼ାଇବାକୁ	1	1	1	0	2SA 20:7
ଗୋଡ଼ାଇବାରୁ	4	4	3	4	1SA 17:53
ଗୋଡ଼ାଇଲା	3	3	3	3	JDG 4:16
ଗୋଡ଼ାଇଲେ	27	27	12	28	GEN 14:15
ଗୋଡ଼ାଉ	4	4	2	4	JOS 8:16
ଗୋଡ଼ାଉଅଛି	1	1	1	1	JDG 8:5
ଗୋଡ଼ାଉଥା’ନ୍ତି	1	1	1	0	JDG 8:4
ଗୋଡ଼ାଉଥିଲେ	1	1	1	1	JOS 8:24
ଗୋଡ଼ାଉନ୍ତୁ	1	1	1	1	PSA 35:6
ଗୋଡ଼ାଏ	3	3	3	2	2SA 17:1
ଗୋଡ଼ାନ୍ତେ	1	1	1	1	JDG 9:40
ଗୋଡ଼ି	1	1	1	1	2SA 17:13
ଗୋଡ଼ିରେ	1	1	1	1	PRO 20:17
ଗୋଡ଼େ	6	6	3	4	GEN 30:30
ଗୋତ୍ର	2	2	1	2	GEN 25:23
ଗୋତ୍ରଜାତା	1	1	1	0	LEV 18:17
ଗୋତ୍ରଠାରୁ	1	1	1	1	GEN 25:23
ଗୋତ୍ରାନୁସାରେ	1	1	1	1	GEN 25:16
ଗୋଦଧି	1	1	1	1	DEU 32:14
ଗୋଧନ	1	1	1	1	GEN 26:14
ଗୋଧୂଳି	4	4	3	4	1SA 30:17
ଗୋପନ	22	22	14	21	GEN 37:26
ଗୋପନ-ସ୍ଥାନରୁ	1	1	1	1	JOS 8:7
ଗୋପନକାରୀ	1	1	1	1	JOB 42:3
ଗୋପନରେ	65	65	20	66	GEN 31:27
ଗୋପନୀୟ	2	2	2	2	PRO 25:9
ଗୋପଲ	4	4	4	4	GEN 50:8
ଗୋପଲର	2	2	2	2	ISA 65:10
ଗୋପାଳକ	1	1	1	1	AMO 7:14
ଗୋପାଳକମାନଙ୍କର	1	1	1	1	AMO 1:1
ଗୋଫର	1	1	1	0	GEN 6:14
ଗୋବତ୍ସ	81	81	19	84	GEN 18:7
ଗୋବତ୍ସ-ମସ୍ତକରେ	2	2	1	0	LEV 4:15
ଗୋବତ୍ସକୁ	9	9	4	10	EXO 29:11
ଗୋବତ୍ସଗଣ	1	1	1	1	PSA 68:30
ଗୋବତ୍ସନ୍ୟାୟ	1	1	1	0	LEV 4:21
ଗୋବତ୍ସମାନ	1	1	1	1	MIC 6:6
ଗୋବତ୍ସର	24	24	7	25	EXO 29:10
ଗୋବତ୍ସସକଳର	1	1	1	1	2CH 11:15
ଗୋବଧ	2	2	1	2	ISA 22:13
ଗୋବ୍ରେ	2	2	1	2	2SA 21:18
ଗୋମର	3	3	3	4	GEN 10:2
ଗୋମରକୁ	1	1	1	1	HOS 1:3
ଗୋମରର	2	2	2	2	GEN 10:3
ଗୋମାଂସ	1	1	1	1	PRO 15:17
ଗୋମେଦକ	10	10	5	11	GEN 2:12
ଗୋମେଦକମଣିର	1	1	1	0	REV 21:20
ଗୋମେଦକାଦି	1	1	1	1	EXO 35:27
ଗୋମେଷ	1	1	1	1	NUM 11:22
ଗୋମେଷଦି	1	1	1	1	DEU 12:6
ଗୋମେଷର	1	1	1	1	2CH 31:6
ଗୋମେଷାଦି	22	22	12	25	GEN 24:35
ଗୋମେଷାଦିର	2	2	2	3	LEV 5:2
ଗୋମେଷାଦିସକଳ	1	1	1	1	PSA 8:7
ଗୋମୟ	5	5	4	5	EXO 29:14
ଗୋରୁ	126	126	19	128	GEN 12:16
ଗୋରୁ-ରବ	1	1	1	1	1SA 15:14
ଗୋରୁକୁ	4	4	2	3	EXO 21:35
ଗୋରୁଙ୍କୁ	2	2	1	2	GEN 41:4
ଗୋରୁଠାରୁ	1	1	1	1	1SA 15:3
ଗୋରୁପଲ	3	3	3	3	GEN 47:17
ଗୋରୁପଲରୁ	1	1	1	1	DEU 15:19
ଗୋରୁମାନଙ୍କ	3	3	3	3	GEN 41:3
ଗୋରୁର	8	8	7	8	EXO 21:28
ଗୋଲନ୍	4	4	3	4	DEU 4:43
ଗୋଲା	1	1	1	1	GEN 41:56
ଗୋଲାକାର	14	14	4	14	EXO 16:14
ଗୋଲାଘର	1	1	1	0	LUK 12:24
ଗୋଲାଧାର	8	8	1	8	EXO 25:31
ଗୋଲାପ	2	2	2	2	SNG 2:1
ଗୋଲାମ	1	1	1	0	LUK 15:29
ଗୋଲାରେ	1	1	1	0	HAG 2:19
ଗୋଲାସବୁ	1	1	1	1	JOL 1:17
ଗୋଳ	1	1	1	0	AMO 5:23
ଗୋଳମାଳ	1	1	1	1	ACT 16:20
ଗୋଳିଆ	4	4	2	4	PRO 25:26
ଗୋଶନ	16	16	5	18	GEN 45:10
ଗୋଶନର	2	2	1	2	JOS 10:41
ଗୋଶନ୍	2	2	2	0	JOS 15:51
ଗୋଶାଳାର	1	1	1	1	JER 46:21
ଗୋଷ୍ଟୀ	1	1	1	0	MIC 5:7
ଗୋଷ୍ଟୀୟମାନଙ୍କର	1	1	1	1	PSA 9:8
ଗୋଷ୍ଠୀ	233	233	34	244	GEN 10:5
ଗୋଷ୍ଠୀ-ଗଣ	1	1	1	0	ISA 34:1
ଗୋଷ୍ଠୀକି	29	29	16	9	NUM 4:18
ଗୋଷ୍ଠୀକୁ	1	1	1	26	EZK 32:10
ଗୋଷ୍ଠୀଗଣ	52	52	11	52	ISA 5:26
ଗୋଷ୍ଠୀଗଣକୁ	9	9	5	9	ISA 14:12
ଗୋଷ୍ଠୀଗଣଙ୍କ	1	1	1	3	EZK 39:21
ଗୋଷ୍ଠୀଗଣର	18	18	6	19	ISA 9:1
ଗୋଷ୍ଠୀଙ୍କ	1	1	1	3	ZEC 14:14
ଗୋଷ୍ଠୀଙ୍କି	5	5	4	0	PSA 135:10
ଗୋଷ୍ଠୀଙ୍କୁ	15	15	10	22	DEU 7:1
ଗୋଷ୍ଠୀଜାତ	1	1	1	1	JOB 32:2
ଗୋଷ୍ଠୀଠାରୁ	4	4	2	5	1CH 6:61
ଗୋଷ୍ଠୀବର୍ଗ	15	15	5	16	PSA 47:8
ଗୋଷ୍ଠୀବର୍ଗକୁ	8	8	3	8	PSA 68:30
ଗୋଷ୍ଠୀବର୍ଗଙ୍କ	2	2	1	4	EZK 25:7
ଗୋଷ୍ଠୀବର୍ଗଙ୍କର	1	1	1	1	EZK 48:1
ଗୋଷ୍ଠୀବର୍ଗଙ୍କୁ	1	1	1	1	ISA 60:2
ଗୋଷ୍ଠୀବର୍ଗର	16	16	4	16	JOB 36:31
ଗୋଷ୍ଠୀବର୍ଗରୂପ	1	1	1	1	PSA 68:30
ଗୋଷ୍ଠୀମାନଙ୍କ	8	8	4	8	2CH 13:9
ଗୋଷ୍ଠୀମାନଙ୍କୁ	2	2	2	2	2CH 32:14
ଗୋଷ୍ଠୀମାନେ	2	2	2	2	PSA 72:11
ଗୋଷ୍ଠୀର	50	50	24	55	GEN 17:4
ଗୋଷ୍ଠୀରୁ	5	5	4	5	DEU 7:6
ଗୋଷ୍ଠୀରେ	2	2	1	3	GEN 10:20
ଗୋଷ୍ଠୀସକଳ	5	5	4	5	PSA 22:27
ଗୋଷ୍ଠୀସବୁ	3	3	3	3	PSA 46:6
ଗୋଷ୍ଠୀସମୂହ	6	6	3	6	1CH 16:28
ଗୋଷ୍ଠୀସମୂହକୁ	3	3	2	5	PSA 47:3
ଗୋଷ୍ଠୀସମୂହର	7	7	5	6	1CH 29:6
ଗୋଷ୍ଠୀୟ	44	44	10	45	DEU 7:1
ଗୋଷ୍ଠୀୟ-ମାନଙ୍କ	2	2	2	0	JOB 31:34
ଗୋଷ୍ଠୀୟ-ମାନଙ୍କର	1	1	1	0	EZK 26:2
ଗୋଷ୍ଠୀୟଗଣ	1	1	1	1	PSA 67:3
ଗୋଷ୍ଠୀୟବର୍ଗଙ୍କୁ	1	1	1	1	PSA 78:55
ଗୋଷ୍ଠୀୟବର୍ଗର	2	2	1	2	PSA 67:4
ଗୋଷ୍ଠୀୟମାନଙ୍କ	48	48	15	50	DEU 17:14
ଗୋଷ୍ଠୀୟମାନଙ୍କଠାରୁ	3	3	2	3	EZR 9:1
ଗୋଷ୍ଠୀୟମାନଙ୍କର	16	16	7	17	JOS 23:7
ଗୋଷ୍ଠୀୟମାନଙ୍କୁ	20	20	10	19	JOS 23:9
ଗୋଷ୍ଠୀୟମାନେ	23	23	8	23	2KI 17:41
ଗୋହିରୀ	1	1	1	1	JDG 6:2
ଗୋୟା	1	1	1	1	JER 31:39
ଗୋୟିମର	3	3	2	3	GEN 14:1
ଗୌଣୀରେ	1	1	1	1	ISA 40:12
ଗୌରବ	195	195	40	201	GEN 49:6
ଗୌରବ-ବସ୍ତ୍ର	1	1	1	1	JOB 19:9
ଗୌରବ-ମୁକୁଟ	1	1	1	0	JER 13:18
ଗୌରବ-ସିଂହାସନର	1	1	1	0	JER 14:21
ଗୌରବକୁ	4	4	4	5	PSA 7:5
ଗୌରବଜନକ	2	2	2	2	EZK 24:25
ଗୌରବପ୍ରାପ୍ତ	4	4	3	4	JHN 11:4
ଗୌରବବିଶିଷ୍ଟ	1	1	1	0	REV 21:11
ଗୌରବବିହୀନ	1	1	1	1	2CO 3:10
ଗୌରବମୟ	22	22	13	23	DEU 28:58
ଗୌରବଯୁକ୍ତ	11	11	3	11	PSA 145:5
ଗୌରବର	17	17	11	19	PSA 26:8
ଗୌରବରହିତ	1	1	1	1	ROM 3:23
ଗୌରବରୁ	1	1	1	1	2TH 1:10
ଗୌରବରୂପ	4	4	3	4	ROM 9:23
ଗୌରବରେ	11	11	7	11	DEU 33:26
ଗୌରବସୂଚକ	1	1	1	1	HEB 9:5
ଗୌରବସ୍ୱରୂପ	2	2	2	1	ISA 60:19
ଗୌରବସ୍ୱରୂପଙ୍କୁ	2	2	2	2	PSA 106:20
ଗୌରବାନ୍ୱିତ	30	30	14	30	EXO 15:6
ଗୌରବାର୍ଥେ	4	4	3	4	2CH 26:18
ଗ୍ରନ୍ଥରେ	2	2	2	3	JOS 24:26
ଗ୍ରନ୍ଥି	1	1	1	1	HEB 4:12
ଗ୍ରହଗଣର	1	1	1	1	2KI 23:5
ଗ୍ରହଣ	334	334	50	348	GEN 5:24
ଗ୍ରହଣ-ଯୋଗ୍ୟ	1	1	1	0	1TI 4:9
ଗ୍ରହଣକରନ୍ତି	1	1	1	0	LUK 10:10
ଗ୍ରହଣକର୍ତ୍ତା	1	1	1	1	REV 2:17
ଗ୍ରହଣଣକରେ	1	1	1	0	JHN 13:20
ଗ୍ରହଣଯୋଗ୍ୟ	1	1	1	0	1TI 1:15
ଗ୍ରହଣାର୍ଥେ	1	1	1	1	GEN 4:11
ଗ୍ରାମ	42	42	11	48	GEN 25:16
ଗ୍ରାମକୁ	7	7	3	6	MAT 21:2
ଗ୍ରାମଗୁଡ଼ିକରେ	1	1	1	2	MAT 9:35
ଗ୍ରାମବାସୀ	1	1	1	1	1CH 9:16
ଗ୍ରାମମାନ	5	5	2	5	JOS 15:45
ଗ୍ରାମମାନଙ୍କରେ	1	1	1	1	DEU 2:23
ଗ୍ରାମମାନଙ୍କୁ	3	3	2	4	MAT 14:15
ଗ୍ରାମର	3	3	3	4	LEV 25:31
ଗ୍ରାମରୁ	2	2	2	2	NEH 12:28
ଗ୍ରାମରେ	8	8	4	9	NEH 6:2
ଗ୍ରାମସକଳ	1	1	1	1	ISA 42:11
ଗ୍ରାମସବୁ	3	3	2	3	NUM 32:41
ଗ୍ରାମସମୂହର	1	1	1	1	ZEC 2:4
ଗ୍ରାମସମୂହରେ	1	1	1	0	1CH 9:22
ଗ୍ରାମସୁଦ୍ଧା	1	1	1	1	1CH 4:32
ଗ୍ରାମସ୍ଥ	2	2	2	2	1CH 9:25
ଗ୍ରାମେ	8	8	2	8	MRK 6:7
ଗ୍ରାମ୍ୟ	5	5	2	6	GEN 3:14
ଗ୍ରାମ୍ୟପଶୁ	1	1	1	1	GEN 1:24
ଗ୍ରାମ୍ୟପଶୁଗଣ	1	1	1	1	GEN 1:25
ଗ୍ରାସ	189	189	35	194	GEN 31:40
ଗ୍ରାସକାରୀ	7	7	5	7	EXO 24:17
ଗ୍ରାସକାରୀକି	1	1	1	0	MAL 3:11
ଗ୍ରାସକାରୀମାନେ	1	1	1	1	ISA 49:19
ଗ୍ରାସର	1	1	1	1	EZK 39:4
ଗ୍ରାସାର୍ଥେ	1	1	1	1	EZK 35:12
ଗ୍ରାସି	2	2	1	2	JOB 37:20
ଗ୍ରାସିତ	11	11	7	11	DEU 31:17
ଗ୍ରାସିବ	1	1	1	1	1PE 5:8
ଗ୍ରାସେଚ୍ଛୁ	1	1	1	0	PSA 22:13
ଗ୍ରାହକର	1	1	1	1	PRO 17:8
ଗ୍ରାହ୍ୟ	43	43	20	41	GEN 4:4
ଗ୍ରୀକ୍	22	22	8	25	MRK 7:26
ଗ୍ରୀକ୍ମାନଙ୍କ	6	6	2	6	JHN 7:35
ଗ୍ରୀକ୍ମାନଙ୍କର	1	1	1	0	ACT 18:4
ଗ୍ରୀକ୍ମାନଙ୍କୁ	2	2	2	2	JHN 7:35
ଗ୍ରୀକ୍ମାନେ	1	1	1	1	1CO 1:22
ଗ୍ରୀକ୍ସମସ୍ତେ	1	1	1	0	ACT 19:17
ଗ୍ରୀବା	13	13	7	10	2KI 17:14
ଗ୍ରୀବାଦେଶ	1	1	1	1	JOB 39:19
ଗ୍ରୀବାରୁ	1	1	1	1	ISA 10:27
ଗ୍ରୀବାରେ	2	2	2	2	JOB 41:22
ଗ୍ରୀଷ୍ମ	7	7	4	8	GEN 8:22
ଗ୍ରୀଷ୍ମକାଳ	7	7	6	7	PSA 74:17
ଗ୍ରୀଷ୍ମକାଳର	1	1	1	1	AMO 3:15
ଗ୍ରୀଷ୍ମକାଳରେ	5	5	2	5	PRO 6:7
ଗ୍ରୀଷ୍ମକାଳୀନ	12	12	7	11	JDG 3:20
ଗ୍ରୀଷ୍ମରୁ	1	1	1	1	ISA 4:6
ଗ୍ରୀସ୍	2	2	2	2	DAN 11:2
ଗ୍ରୀସ୍କୁ	1	1	1	1	ACT 20:2
ଗ୍ରୀସ୍ର	2	2	2	2	DAN 10:20
ଗ୍ଲାନି	1	1	1	2	JAS 4:11
ଗ୍ଳାନି	5	5	4	4	PSA 15:3
ଗ୍ଳାନିର	1	1	1	1	JOB 19:5
ଗୟିତମ୍	3	3	2	3	GEN 36:11
ଘଉଡ଼ାଇ	20	20	5	20	EXO 23:28
ଘଉଡ଼ାନ୍ତି	1	1	1	1	JOB 30:15
ଘଉଡ଼ାଯିବ	1	1	1	1	JOB 18:18
ଘଟଇ	2	2	1	0	ECC 2:14
ଘଟଣା	39	39	11	71	GEN 11:2
ଘଟଣାକ୍ରମେ	1	1	1	3	LUK 10:31
ଘଟଣାବଳୀର	1	1	1	2	LUK 1:2
ଘଟଣାର	2	2	1	5	LUK 8:56
ଘଟଣାରୁ	1	1	1	1	LUK 21:36
ଘଟଣାରେ	1	1	1	2	MRK 6:52
ଘଟନା	17	17	11	0	JOS 24:29
ଘଟନାକ୍ରମେ	4	4	4	0	RUT 2:3
ଘଟନାର	2	2	2	0	ISA 45:11
ଘଟନ୍ତେ	1	1	1	1	ACT 23:10
ଘଟାଇ	4	4	4	4	NEH 13:18
ଘଟାଇଅଛ	2	2	2	2	JER 32:23
ଘଟାଇଅଛନ୍ତି	4	4	4	4	1SA 6:9
ଘଟାଇଅଛି	3	3	3	3	1SA 22:22
ଘଟାଇଅଛୁ	3	3	2	3	JER 32:42
ଘଟାଇଥିଲେ	1	1	1	1	JOB 42:11
ଘଟାଇବା	24	24	10	24	1SA 28:9
ଘଟାଇବାକୁ	5	5	3	4	JER 18:8
ଘଟାଇବାର	2	2	2	2	JER 36:3
ଘଟାଇବି	1	1	1	1	1KI 21:21
ଘଟାଇବେ	9	9	7	9	GEN 41:32
ଘଟାଇଲ	1	1	1	1	1KI 17:20
ଘଟାଇଲେ	4	4	4	4	GEN 12:17
ଘଟାଏ	2	2	1	2	PRO 11:19
ଘଟାନ୍ତି	4	4	4	4	1SA 2:6
ଘଟି	4	4	4	5	PSA 55:19
ଘଟିଅଛି	30	30	22	32	GEN 42:21
ଘଟିଅଛିନ୍ତ	1	1	1	0	ISA 51:19
ଘଟିଆସୁଅଛି	1	1	1	0	2PE 2:3
ଘଟିକା	2	2	2	1	ACT 23:23
ଘଟିକାରେ	2	2	1	2	ISA 38:8
ଘଟିଛି	1	1	1	1	MRK 5:14
ଘଟିତ	6	6	6	6	GEN 41:53
ଘଟିଥାଏ	1	1	1	1	1CO 11:18
ଘଟିଥିବା	4	4	4	8	GEN 20:16
ଘଟିଥିଲା	18	18	13	21	GEN 42:29
ଘଟିବ	132	132	31	136	GEN 42:38
ଘଟିବନ୍ତ	1	1	1	0	PRO 1:27
ଘଟିବା	11	11	6	11	ISA 48:5
ଘଟିବାକୁ	2	2	2	3	MRK 10:32
ଘଟିବାର	5	5	4	5	EZK 33:33
ଘଟିବାରୁ	1	1	1	1	ACT 15:39
ଘଟିବାରେ	1	1	1	1	LUK 1:21
ଘଟିଲା	50	50	21	48	GEN 41:13
ଘଟିଲାଣି	1	1	1	1	MRK 3:26
ଘଟିଲେ	9	9	9	9	GEN 19:19
ଘଟୁ	10	10	7	9	GEN 27:13
ଘଟୁଅଛି	9	9	7	9	JOB 3:26
ଘଟୁଥିଲା	1	1	1	1	ACT 20:19
ଘଟେ	36	36	18	38	GEN 42:4
ଘଡ଼ି	3	3	1	3	REV 18:10
ଘଡ଼ିରେ	1	1	1	0	ACT 16:33
ଘଣ୍ଟା	20	20	7	21	MAT 27:45
ଘଣ୍ଟାଏମାତ୍ର	1	1	1	0	MAT 20:12
ଘଣ୍ଟାକ	1	1	1	1	LUK 22:59
ଘଣ୍ଟାଠାରୁ	1	1	1	1	MAT 27:45
ଘଣ୍ଟି	6	6	1	7	EXO 28:33
ଘଣ୍ଟିରେ	1	1	1	0	ZEC 14:20
ଘନ	2	2	2	2	ISA 9:18
ଘନଚ୍ଛାୟାଦାୟକ	1	1	1	1	EZK 31:3
ଘର	32	32	15	35	GEN 19:4
ଘରକୁ	41	41	12	46	GEN 19:5
ଘରଚଟିଆ	5	5	4	7	PSA 84:3
ଘରଚଟିଆଠାରୁ	2	2	2	0	MAT 10:31
ଘରଛାତ	1	1	1	0	MAT 10:27
ଘରଟି	1	1	1	1	JHN 12:3
ଘରର	2	2	2	4	JDG 19:22
ଘରା	7	7	1	7	EXO 25:27
ଘରୁ	7	7	4	7	MAT 12:44
ଘରେ	35	35	14	40	GEN 19:3
ଘର୍ମ	1	1	1	0	EZK 44:18
ଘର୍ଷଣ	2	2	1	2	PSA 35:16
ଘଷା	1	1	1	0	JER 25:20
ଘଷି	2	2	2	2	NUM 22:25
ଘସା	12	12	10	14	GEN 10:19
ଘସାକୁ	2	2	1	1	JDG 16:1
ଘସାତୀୟ	2	2	2	2	JOS 13:3
ଘସାର	3	3	2	3	JER 47:5
ଘସାରୁ	1	1	1	1	ZEC 9:5
ଘସାରେ	1	1	1	1	JOS 11:22
ଘା	19	19	5	28	LEV 13:2
ଘାଆ	11	11	2	3	LEV 13:20
ଘାଆର	1	1	1	0	LEV 13:43
ଘାଆସବୁ	1	1	1	0	LUK 16:21
ଘାଗରା	1	1	1	1	GEN 3:7
ଘାଟ	3	3	3	3	NUM 34:4
ଘାଟ-ନୌକା	1	1	1	0	2SA 19:18
ଘାଟମାନ	1	1	1	1	JDG 3:28
ଘାଟରେ	2	2	2	2	GEN 32:22
ଘାଟି	2	2	2	2	JDG 8:13
ଘାଟୀ	8	8	4	8	JOS 10:10
ଘାଟୀକି	1	1	1	0	1SA 13:23
ଘାତକମାନଙ୍କର	1	1	1	1	ACT 22:20
ଘାବରା	10	10	5	3	JOB 6:20
ଘାସ	16	16	12	18	NUM 22:4
ଘାସର	1	1	1	1	JAS 1:10
ଘା’ଯୁକ୍ତ	3	3	1	4	LEV 13:12
ଘୁଘୁ	15	15	7	5	GEN 15:9
ଘୁଘୁର	2	2	2	1	PSA 74:19
ଘୁଙ୍ଗା	11	11	7	11	PSA 39:9
ଘୁଙ୍ଗାମାନଙ୍କର	1	1	1	1	ISA 35:6
ଘୁଙ୍ଗାଲୋକ	1	1	1	1	PSA 38:13
ଘୁଞ୍ଚା	5	5	3	4	1SA 6:3
ଘୁଞ୍ଚାଅ	2	2	1	2	PRO 22:28
ଘୁଞ୍ଚାଇ	6	6	5	4	GEN 29:3
ଘୁଞ୍ଚାଇଦିଅ	1	1	1	1	JHN 11:39
ଘୁଞ୍ଚାଇଦେବୁ	1	1	1	1	REV 2:5
ଘୁଞ୍ଚାଇଦେଲେ	1	1	1	1	JHN 11:40
ଘୁଞ୍ଚାଇବ	1	1	1	1	DEU 19:14
ଘୁଞ୍ଚାଇଲୁ	1	1	1	1	JOS 5:9
ଘୁଞ୍ଚାଏ	1	1	1	1	DEU 27:17
ଘୁଞ୍ଚାଗଲାଣି	1	1	1	1	NUM 14:9
ଘୁଞ୍ଚାଗଲେ	1	1	1	1	PSA 13:4
ଘୁଞ୍ଚାନ୍ତି	2	2	2	2	JOB 24:2
ଘୁଞ୍ଚାଯାଇ	1	1	1	1	JOB 41:23
ଘୁଞ୍ଚାଯାଇଥିବା	1	1	1	1	JHN 20:1
ଘୁଞ୍ଚାଯାଏ	1	1	1	1	GEN 29:8
ଘୁଞ୍ଚାଯିବ	1	1	1	1	PSA 15:5
ଘୁଞ୍ଚି	1	1	1	1	GEN 19:9
ଘୁଞ୍ଚିଗଲେ	1	1	1	1	1SA 18:11
ଘୁଞ୍ଚିବ	2	2	2	2	ISA 46:7
ଘୁଞ୍ଚିବାର	1	1	1	1	JOS 5:9
ଘୁଞ୍ଚିଯା	1	1	1	1	MAT 17:20
ଘୁଞ୍ଚିଯାଉଅଛି	1	1	1	1	1JN 2:8
ଘୁଞ୍ଚିଯିବ	3	3	3	3	2SA 11:15
ଘୁଞ୍ଚିଯିବାରୁ	1	1	1	1	1SA 19:10
ଘୁଞ୍ଚିଯିବେ	1	1	1	1	ISA 54:10
ଘୁଣ୍ଡି	5	5	1	0	EXO 26:6
ଘୁଣ୍ଡିଘରା	10	10	1	0	EXO 26:4
ଘୁଣ୍ଡିଘରା-ଶ୍ରେଣୀ	1	1	1	0	EXO 26:5
ଘୁଣ୍ଡିଘରାରେ	1	1	1	0	EXO 26:11
ଘୁଣ୍ଡିଘରାସବୁ	1	1	1	0	EXO 36:12
ଘୁଣ୍ଡିରେ	2	2	1	0	EXO 26:6
ଘୁଣ୍ଡିସବୁର	1	1	1	0	EXO 26:33
ଘୁମା	1	1	1	1	PRO 23:21
ଘୁମାଇବା	1	1	1	1	JOB 33:15
ଘୁମାଇବାକୁ	1	1	1	1	PSA 132:5
ଘୁମାଇବେ	1	1	1	2	PSA 121:4
ଘୁମାଉଅଛନ୍ତି	1	1	1	1	NAM 3:18
ଘୁମୁଟା	7	7	3	4	EXO 34:33
ଘୁରି	2	2	2	2	JDG 11:18
ଘୁରେ	1	1	1	1	ECC 1:6
ଘୁର୍ଘୁରିଆ	2	2	1	2	JOL 1:4
ଘୁଷୁରି	3	3	3	2	MAT 8:31
ଘୁଷୁରିଗୁଡ଼ାକ	3	3	2	3	MAT 8:32
ଘୁଷୁରିପଲ	3	3	3	4	MAT 8:30
ଘୁଷୁରିମାନଙ୍କ	5	5	2	5	MAT 7:6
ଘୁଷୁରିମାନେ	1	1	1	1	LUK 15:16
ଘୁସୁରିର	1	1	1	0	PRO 11:22
ଘୂରାଇ	1	1	1	1	ISA 22:18
ଘୂରିବା	1	1	1	1	EZK 41:24
ଘୂରେ	1	1	1	1	JOB 37:12
ଘୂର୍ଣ୍ଣବାୟୁର	1	1	1	1	HAB 3:14
ଘୂର୍ଣ୍ଣାୟମାନ	7	7	5	7	GEN 3:24
ଘୂର୍ଣ୍ଣି	1	1	1	1	EZK 1:4
ଘୂର୍ଣ୍ଣିତ	1	1	1	1	1KI 6:8
ଘୂର୍ଣ୍ଣିବାୟୁ	15	15	7	15	JOB 38:1
ଘୂର୍ଣ୍ଣିବାୟୁର	1	1	1	1	AMO 1:14
ଘୂର୍ଣ୍ଣିବାୟୁରୂପ	1	1	1	1	HOS 8:7
ଘୂର୍ଣ୍ଣିବାୟୁରେ	7	7	5	6	NUM 21:14
ଘୃଣା	189	189	34	192	GEN 26:27
ଘୃଣା-ଯୋଗ୍ୟ	1	1	1	0	DEU 25:16
ଘୃଣାକାରୀ	8	8	4	8	EXO 18:21
ଘୃଣାକାରୀ-ମାନଙ୍କ	1	1	1	0	2CH 1:11
ଘୃଣାକାରୀ-ମାନଙ୍କଠାରୁ	1	1	1	0	2SA 22:18
ଘୃଣାକାରୀ-ମାନଙ୍କୁ	1	1	1	0	2SA 22:41
ଘୃଣାକାରୀଗଣ	2	2	2	2	EST 9:5
ଘୃଣାକାରୀଙ୍କ	1	1	1	1	LUK 1:71
ଘୃଣାକାରୀମାନଙ୍କ	3	3	3	4	DEU 30:7
ଘୃଣାକାରୀମାନଙ୍କଠାରୁ	3	3	1	4	PSA 9:13
ଘୃଣାକାରୀମାନଙ୍କର	1	1	1	1	EST 9:16
ଘୃଣାକାରୀମାନଙ୍କୁ	5	5	1	6	PSA 18:40
ଘୃଣାକାରୀମାନେ	5	5	2	5	JOB 8:22
ଘୃଣାକାରୀର	1	1	1	1	JOB 31:29
ଘୃଣାଜନକ	6	6	5	6	EXO 8:26
ଘୃଣାପାତ୍ର	4	4	3	4	DEU 18:12
ଘୃଣାଭାବ	1	1	1	1	EZK 35:11
ଘୃଣାଯୋଗ୍ୟ	124	124	17	129	LEV 7:18
ଘୃଣାଯୋଗ୍ୟକ୍ରିୟା	1	1	1	1	MAL 2:11
ଘୃଣାର	8	8	3	10	PSA 88:8
ଘୃଣାରେ	2	2	2	2	PSA 139:22
ଘୃଣାର୍ହ	1	1	1	1	JOB 15:16
ଘୃଣାସ୍ପଦ	5	5	4	4	GEN 46:34
ଘୃଣିତ	23	23	10	23	GEN 43:32
ଘୃଣିତା	1	1	1	1	ISA 60:15
ଘୃଣ୍ୟ	15	15	10	15	DEU 12:31
ଘୃଣ୍ୟ-କଳଙ୍କିତ	1	1	1	0	REV 21:8
ଘୃଣ୍ୟକର୍ମ	3	3	2	3	DEU 13:14
ଘୃଣ୍ୟକର୍ମକାରୀ	1	1	1	1	REV 21:27
ଘେନ	5	5	4	5	EXO 4:17
ଘେନନ୍ତୁ	2	2	2	1	EXO 11:2
ଘେନା	3	3	2	2	JOB 10:19
ଘେନାଯା’ନ୍ତି	1	1	1	1	JOB 24:24
ଘେନି	282	282	38	234	GEN 6:18
ଘେନି-ଆସିଲେ	1	1	1	0	MRK 2:3
ଘେନିଅଛନ୍ତି	1	1	1	0	ACT 21:23
ଘେନିଆଣି	1	1	1	0	ACT 22:30
ଘେନିଆସ	5	5	3	1	MAT 21:2
ଘେନିଆସି	3	3	3	2	LUK 15:22
ଘେନିଆସିବା	1	1	1	0	ACT 23:18
ଘେନିଆସିଲେ	2	2	1	0	ACT 7:4
ଘେନିଆସେ	1	1	1	0	LUK 15:5
ଘେନିଗଲା	3	3	3	2	PSA 106:9
ଘେନିଗଲି	2	2	2	1	PSA 42:4
ଘେନିଗଲେ	26	26	6	23	PSA 106:9
ଘେନିବ	2	2	2	1	DEU 5:11
ଘେନିବା	1	1	1	1	1CO 11:10
ଘେନିମୋହର	1	1	1	0	MAT 16:24
ଘେନିଯବା	1	1	1	0	MRK 13:16
ଘେନିଯାଅ	8	8	4	7	GEN 19:15
ଘେନିଯାଆନ୍ତି	1	1	1	0	ACT 23:24
ଘେନିଯାଆନ୍ତେ	1	1	1	1	REV 17:3
ଘେନିଯାଇ	37	37	10	23	GEN 47:30
ଘେନିଯାଇଅଛନ୍ତି	3	3	1	3	JHN 20:2
ଘେନିଯାଇଥିଲା	1	1	1	0	ACT 21:38
ଘେନିଯାଇଥିଲି	1	1	1	1	GAL 2:1
ଘେନିଯାଉଥିବା	2	2	2	0	MRK 14:13
ଘେନିଯାଉନ୍ତୁ	2	2	1	1	ACT 16:37
ଘେନିଯାଏ	2	2	2	1	LUK 6:30
ଘେନିଯିବ	7	7	7	6	EXO 23:4
ଘେନିଯିବା	19	19	7	9	EXO 6:8
ଘେନିଯିବାକୁ	3	3	3	4	GEN 42:36
ଘେନିଯିବି	2	2	1	2	JHN 14:3
ଘେନିଯିବେ	3	3	3	1	JER 20:5
ଘେନିଲା	1	1	1	1	EZK 42:5
ଘେନିଲୁ	1	1	1	0	ACT 21:6
ଘେନିଲେ	4	4	4	4	GEN 22:6
ଘେନେ	3	3	2	2	DEU 5:11
ଘେର	1	1	1	1	EZK 1:18
ଘେରନ୍ତି	2	2	2	2	PSA 17:11
ଘେରର	1	1	1	1	EZK 1:18
ଘେରି	7	7	6	8	GEN 37:7
ଘେରିଅଛ	1	1	1	1	PSA 139:5
ଘେରିଅଛନ୍ତି	6	6	3	6	JOB 16:13
ଘେରିଅଛି	1	1	1	1	PSA 40:12
ଘେରିଥିଲା	1	1	1	1	1KI 5:3
ଘେରିଥିଲେ	1	1	1	1	1SA 23:26
ଘେରିଦେଇ	1	1	1	1	ACT 27:17
ଘେରିବା	1	1	1	1	1SA 23:8
ଘେରିଯାଇ	1	1	1	1	LUK 19:43
ଘେରିଲା	4	4	2	5	PSA 116:3
ଘେରିଲେ	9	9	4	9	GEN 19:4
ଘେରୁଅଛନ୍ତି	1	1	1	1	HOS 11:12
ଘେରେ	1	1	1	1	PSA 49:5
ଘୋଟକ	1	1	1	0	EXO 9:3
ଘୋଟକର	1	1	1	1	GEN 49:17
ଘୋଟିଗଲା	2	2	2	2	MAT 27:45
ଘୋଟିଯାଇ	1	1	1	1	MRK 15:33
ଘୋଡ଼ଣୀ	1	1	1	1	GEN 24:65
ଘୋଡ଼ା	1	1	1	1	GEN 29:2
ଘୋଡ଼ାଅ	1	1	1	1	HOS 10:8
ଘୋଡ଼ାଇ	14	14	8	14	JDG 4:18
ଘୋଡ଼ାଇବା	1	1	1	1	ISA 28:20
ଘୋଡ଼ାଇଲେ	1	1	1	1	1KI 1:1
ଘୋଡ଼ାଇହୋଇ	1	1	1	0	ISA 37:1
ଘୋଡ଼ାମାନଙ୍କୁ	1	1	1	1	JAS 3:3
ଘୋଡ଼ିହୋଇ	1	1	1	0	2KI 19:1
ଘୋର	34	34	23	32	GEN 2:21
ଘୋରତର	3	3	2	3	1SA 14:15
ଘୋରନାଦ	1	1	1	1	JOL 2:1
ଘୋଷକ	1	1	1	1	DAN 3:4
ଘୋଷଡ଼ା	1	1	1	1	JER 22:19
ଘୋଷଣା	89	89	24	98	GEN 41:43
ଘୋଷଣାକାରୀର	1	1	1	1	ISA 6:4
ଘୋଷିତ	3	3	3	3	2CH 31:5
ଘ୍ରାଣାର୍ଥେ	1	1	1	0	EXO 30:38
ଚଉକାଠ	1	1	1	1	2CH 3:7
ଚଉକାଠରେ	2	2	1	2	DEU 6:9
ଚଉଦ	26	26	14	26	GEN 31:41
ଚଉବନ	7	7	3	7	NUM 1:29
ଚଉରାଅଶୀ	1	1	1	1	LUK 2:36
ଚଉରାଳିଶ	1	1	1	1	REV 7:4
ଚଉଷଠି	2	2	1	2	NUM 26:25
ଚଉସ୍ତରି	4	4	3	4	NUM 1:27
ଚକଟ	1	1	1	1	NAM 3:14
ଚକଟନ୍ତି	1	1	1	1	JER 7:18
ଚକଟା	3	3	2	3	EXO 12:34
ଚକମକ	1	1	1	1	2KI 3:22
ଚକମକାଇଲେ	1	1	1	1	PRO 23:31
ଚକମକି	2	2	2	1	DEU 32:13
ଚକି	9	9	9	10	EXO 11:5
ଚକିପଥର	4	4	4	4	MAT 18:6
ଚକିପଥରର	1	1	1	1	REV 18:22
ଚକିର	4	4	4	4	DEU 24:6
ଚକିରେ	1	1	1	1	NUM 11:8
ଚକୁଳି	8	8	4	8	EXO 29:2
ଚକ୍ଚକ୍	1	1	1	2	NAM 2:3
ଚକ୍ଟା	1	1	1	1	NEH 10:37
ଚକ୍ତି	2	2	2	2	2KI 20:7
ଚକ୍ମକି	3	3	3	4	PSA 114:8
ଚକ୍ମକି-ପ୍ରସ୍ତରମୟ	1	1	1	1	DEU 8:15
ଚକ୍ର	21	21	6	21	EXO 14:25
ଚକ୍ରକୁ	2	2	2	2	ECC 1:6
ଚକ୍ରମାନଙ୍କୁ	1	1	1	1	EZK 10:13
ଚକ୍ରମାନର	2	2	1	2	EZK 10:2
ଚକ୍ରର	5	5	3	5	1KI 7:32
ଚକ୍ରରେ	3	3	2	3	JER 18:3
ଚକ୍ରସକଳ	1	1	1	1	DAN 7:9
ଚକ୍ରସବୁ	9	9	1	9	EZK 1:19
ଚକ୍ରସବୁରେ	1	1	1	1	EZK 10:17
ଚକ୍ରସମୂହର	1	1	1	1	NAM 3:2
ଚକ୍ରା	28	28	10	0	2SA 15:12
ଚକ୍ରାକାର	1	1	1	1	PRO 8:27
ଚକ୍ରାନ୍ତକାରୀମାନଙ୍କ	1	1	1	1	2SA 15:31
ଚକ୍ଷୁ	255	255	38	263	GEN 3:5
ଚକ୍ଷୁ-ପତାରୁ	1	1	1	0	JER 9:18
ଚକ୍ଷୁକୁ	9	9	6	9	1SA 12:3
ଚକ୍ଷୁକ୍ଷୀଣତା	1	1	1	1	DEU 28:65
ଚକ୍ଷୁଗୋଚର	1	1	1	1	EXO 20:20
ଚକ୍ଷୁଗୋଚରରେ	2	2	2	2	EXO 8:26
ଚକ୍ଷୁଣ	1	1	1	0	PRO 23:29
ଚକ୍ଷୁଦ୍ୱୟ	2	2	1	2	DEU 6:8
ଚକ୍ଷୁଦ୍ୱୟର	2	2	1	0	EXO 13:9
ଚକ୍ଷୁପତା	1	1	1	1	JOB 41:18
ଚକ୍ଷୁପତାକୁ	1	1	1	1	PSA 132:5
ଚକ୍ଷୁର	27	27	17	27	GEN 20:16
ଚକ୍ଷୁରୁ	9	9	8	9	1KI 20:41
ଚକ୍ଷୁରେ	21	21	14	21	EXO 21:26
ଚକ୍ଷୁର୍ଲଜ୍ଜା	1	1	1	0	EZK 20:17
ଚକ୍ଷୁଲଜ୍ଜା	8	8	2	5	DEU 13:8
ଚକ୍ଷୁହୀନ	1	1	1	1	ISA 59:10
ଚଞ୍ଚଳ	27	27	19	27	GEN 19:15
ଚଞ୍ଚଳତା	1	1	1	1	JOB 20:2
ଚଞ୍ଚଳମତି	2	2	1	2	2PE 2:14
ଚଞ୍ଚଳମତିମାନଙ୍କ	1	1	1	1	PRO 24:21
ଚଞ୍ଚୁ	1	1	1	0	ISA 10:14
ଚଞ୍ଚୁରେ	1	1	1	1	GEN 8:11
ଚଞ୍ଛା	1	1	1	1	LEV 14:41
ଚଞ୍ଛାଇବ	1	1	1	1	LEV 14:41
ଚଟ	10	10	8	9	PSA 35:13
ଚଟବନ୍ଧନ	1	1	1	1	ISA 22:12
ଚଟବସ୍ତ୍ର	10	10	6	11	PSA 30:12
ଚଟବସ୍ତ୍ରକୁ	2	2	2	2	PSA 69:11
ଚଟବସ୍ତ୍ରରେ	2	2	2	2	JOL 1:13
ଚଟର	1	1	1	1	ISA 3:24
ଚଟାଣ	8	8	4	9	1KI 6:15
ଚଟାଣକୁ	1	1	1	1	1KI 7:7
ଚଟାଣର	1	1	1	1	EZK 42:3
ଚଟାଣରୁ	3	3	2	3	NUM 5:17
ଚଟୁଆ	13	13	4	5	EXO 29:22
ଚଡ଼ଚଡ଼	1	1	1	1	ECC 7:6
ଚଡ଼ାରେ	2	2	1	2	ACT 27:17
ଚଢ଼ନ୍ତି	3	3	2	3	JER 4:29
ଚଢ଼ନ୍ତେ	2	2	1	2	MAT 8:23
ଚଢ଼ାଅ	10	10	4	10	EZK 24:3
ଚଢ଼ାଇ	4	4	3	4	EXO 4:20
ଚଢ଼ାଇଦେଲେ	2	2	2	2	MRK 15:27
ଚଢ଼ାଇବା	4	4	3	4	MAT 27:26
ଚଢ଼ାଇବାକୁ	2	2	2	2	MAT 27:31
ଚଢ଼ାଇଲା	1	1	1	1	JHN 19:23
ଚଢ଼ାଇଲେ	9	9	5	9	2KI 10:16
ଚଢ଼ାଉ	2	2	1	2	1CH 14:9
ଚଢ଼ାଉଅଛ	1	1	1	1	JOB 30:22
ଚଢ଼ାଗଲେ	1	1	1	1	MAT 27:38
ଚଢ଼ାଯାଆନ୍ତି	1	1	1	1	JHN 19:16
ଚଢ଼ାଯାଇଥିବା	1	1	1	0	LUK 23:39
ଚଢ଼ାଯାଇଥିଲା	2	2	1	2	JHN 19:20
ଚଢ଼ାଯାଇଥିଲେ	3	3	3	3	MAT 27:44
ଚଢ଼ାଯାଉ	3	3	2	3	MAT 27:22
ଚଢ଼ି	42	42	16	42	GEN 24:61
ଚଢ଼ିଗଲ	1	1	1	0	DEU 1:43
ଚଢ଼ିଗଲେ	1	1	1	1	NEH 4:3
ଚଢ଼ିଥିଲା	1	1	1	1	2SA 18:9
ଚଢ଼ିଥିଲି	1	1	1	1	NEH 2:12
ଚଢ଼ିବା	5	5	4	5	2SA 16:2
ଚଢ଼ିବାକୁ	1	1	1	1	PSA 66:12
ଚଢ଼ିଲା	1	1	1	1	1KI 13:13
ଚଢ଼ିଲୁ	1	1	1	1	ACT 21:6
ଚଢ଼ିଲେ	10	10	8	11	EXO 24:15
ଚଢ଼େ	1	1	1	1	LEV 15:9
ଚଢ଼େଇମାନେ	6	6	3	6	MAT 13:4
ଚତୁଃପାର୍ଶ୍ୱରେ	1	1	1	1	JOB 29:5
ଚତୁଃପାର୍ଶ୍ୱସ୍ଥିତ	1	1	1	1	ZEC 12:6
ଚତୁଃଷ୍କୋଣ	1	1	1	1	EZK 48:20
ଚତୁଃସୀମା-ନୁସାରେ	1	1	1	0	NUM 34:12
ଚତୁଃସୀମାନୁସାରେ	1	1	1	2	NUM 34:2
ଚତୁଃସୀମାନ୍ତର୍ଗତ	1	1	1	1	GEN 23:17
ଚତୁର	11	11	3	12	2SA 13:3
ଚତୁରଙ୍ଗୁଳି	2	2	1	1	EXO 25:25
ଚତୁରତା	1	1	1	2	2PE 1:16
ଚତୁରୀ	1	1	1	1	PRO 7:10
ଚତୁର୍ଥ	69	69	20	73	GEN 1:19
ଚତୁର୍ଥାଂଶ	13	13	7	12	EXO 29:40
ଚତୁର୍ଥାଂଶର	1	1	1	1	NUM 23:10
ଚତୁର୍ଥାଂଶରେ	1	1	1	1	1KI 6:33
ଚତୁର୍ଦିଗରେ	1	1	1	1	1CH 11:8
ଚତୁର୍ଦ୍ଦଶ	22	22	12	22	GEN 14:5
ଚତୁର୍ଦ୍ଦିଗ	16	16	8	18	2KI 6:14
ଚତୁର୍ଦ୍ଦିଗ-ବାୟୁ	1	1	1	1	ZEC 2:6
ଚତୁର୍ଦ୍ଦିଗ-ବେଷ୍ଟିତ	1	1	1	0	2KI 8:21
ଚତୁର୍ଦ୍ଦିଗ-ସ୍ଥିତ	1	1	1	0	2SA 7:1
ଚତୁର୍ଦ୍ଦିଗକୁ	2	2	2	2	2KI 3:25
ଚତୁର୍ଦ୍ଦିଗବର୍ତ୍ତୀ	2	2	2	1	2KI 23:5
ଚତୁର୍ଦ୍ଦିଗବେଷ୍ଟିତ	1	1	1	1	2CH 21:9
ଚତୁର୍ଦ୍ଦିଗର	10	10	6	10	EXO 38:16
ଚତୁର୍ଦ୍ଦିଗରୁ	12	12	6	12	2CH 32:22
ଚତୁର୍ଦ୍ଦିଗରେ	128	128	26	131	GEN 3:24
ଚତୁର୍ଦ୍ଦିଗସ୍ଥ	55	55	24	51	GEN 35:5
ଚତୁର୍ଦ୍ଦିଗସ୍ଥିତ	38	38	12	39	NUM 3:26
ଚତୁର୍ଦ୍ଦିଗେ	2	2	2	2	JER 20:3
ଚତୁର୍ଦ୍ଦୋଳ	1	1	1	0	SNG 3:7
ଚତୁର୍ଦ୍ର୍ଦିଗ	1	1	1	0	2CH 4:3
ଚତୁର୍ବିଂଶ	9	9	5	7	1CH 24:18
ଚତୁଷ୍କୋଣ	8	8	3	7	EXO 27:1
ଚତୁଷ୍କୋଣରୁ	1	1	1	1	ISA 11:12
ଚତୁଷ୍କୋଣାକାର	1	1	1	1	EZK 41:21
ଚତୁଷ୍ପଦ	3	3	2	1	ACT 10:12
ଚତୁଷ୍ପାର୍ଶ୍ୱ	1	1	1	0	HEB 9:4
ଚତୁଷ୍ପାର୍ଶ୍ୱସ୍ଥ	1	1	1	0	DEU 21:2
ଚତୁସ୍ତନ୍ତ୍ରୀ	4	4	1	4	DAN 3:5
ଚନ୍ଦନ	4	4	2	7	1KI 10:11
ଚନ୍ଦନକାଷ୍ଠ	4	4	2	1	2CH 9:10
ଚନ୍ଦା	2	2	1	8	LEV 13:40
ଚନ୍ଦା-କପାଳ	1	1	1	0	LEV 13:41
ଚନ୍ଦା-କପାଳରେ	3	3	1	0	LEV 13:42
ଚନ୍ଦା-ମୁଣ୍ଡ	1	1	1	0	LEV 13:43
ଚନ୍ଦା-ମୁଣ୍ଡରେ	1	1	1	0	LEV 13:42
ଚନ୍ଦାମୁଣ୍ଡରେ	1	1	1	0	LEV 13:42
ଚନ୍ଦ୍ର	33	33	16	33	GEN 37:9
ଚନ୍ଦ୍ରମା	1	1	1	1	SNG 6:10
ଚନ୍ଦ୍ରମାର	2	2	2	1	ISA 30:26
ଚନ୍ଦ୍ରର	5	5	5	6	DEU 33:14
ଚନ୍ଦ୍ରହାର	3	3	2	3	JDG 8:21
ଚନ୍ଦ୍ରାତପ	7	7	5	7	EST 1:6
ଚନ୍ଦ୍ରାତପର	1	1	1	1	JOB 36:29
ଚବିଶ	25	25	6	25	NUM 7:88
ଚବିଶଟି	1	1	1	1	REV 4:4
ଚମ	1	1	1	0	EZK 29:18
ଚମକି	2	2	1	0	ACT 9:3
ଚମକିଲା	1	1	1	1	EXO 9:24
ଚମତ୍କାରର	1	1	1	1	2TH 1:9
ଚମତ୍କୃତ	58	58	17	50	RUT 3:8
ଚମସ	23	23	6	1	EXO 25:29
ଚମସର	1	1	1	0	NUM 7:86
ଚମୂରୁ	1	1	1	1	DEU 14:5
ଚର	10	10	5	1	GEN 42:11
ଚରଖାକୁ	1	1	1	1	PRO 31:19
ଚରଣ	69	69	25	67	EXO 4:25
ଚରଣ-ସମୀପସ୍ଥ	1	1	1	1	RUT 3:4
ଚରଣକୁ	6	6	2	6	PSA 18:33
ଚରଣତଳ	1	1	1	1	EXO 24:10
ଚରଣଦ୍ୱୟ	1	1	1	1	GEN 49:10
ଚରଣଯୁଗଳ	1	1	1	0	SNG 5:15
ଚରଣର	1	1	1	1	JOB 13:27
ଚରଣରେ	13	13	9	13	1SA 25:24
ଚରନ୍ତୁ	1	1	1	1	MIC 7:14
ଚରମ	1	1	1	0	HEB 6:8
ଚରମାନଙ୍କୁ	3	3	3	0	JOS 2:7
ଚରମାନେ	2	2	1	0	JOS 2:8
ଚରଲୋକ	1	1	1	0	GEN 42:9
ଚରଳ	3	3	3	1	LEV 11:19
ଚରଳର	2	2	2	2	PSA 104:17
ଚରା	5	5	5	5	GEN 47:4
ଚରା-ସ୍ଥାନର	1	1	1	0	JER 23:1
ଚରା-ସ୍ଥାନରୁ	1	1	1	1	1KI 4:23
ଚରାଅ	5	5	4	5	SNG 1:8
ଚରାଇ	2	2	2	2	GEN 30:31
ଚରାଇବ	3	3	3	3	JER 22:22
ଚରାଇବା	8	8	5	8	GEN 36:24
ଚରାଇବାକୁ	3	3	2	4	GEN 29:7
ଚରାଇବି	1	1	1	1	ZEC 11:9
ଚରାଇବେ	7	7	5	7	ISA 40:11
ଚରାଇଲା	1	1	1	1	HOS 12:12
ଚରାଇଲି	2	2	1	2	ZEC 11:7
ଚରାଉ	2	2	2	2	GEN 37:13
ଚରାଉ-ଅଛନ୍ତି	1	1	1	0	SNG 2:16
ଚରାଉଅଛ	1	1	1	1	SNG 1:7
ଚରାଉଛନ୍ତି	1	1	1	1	GEN 37:16
ଚରାଉଛି	1	1	1	1	1SA 16:11
ଚରାଉଥାଏ	1	1	1	1	1SA 17:34
ଚରାଉଥିବା	3	3	3	3	MAT 8:33
ଚରାଉଥିଲା	1	1	1	0	GEN 37:2
ଚରାଏ	1	1	1	1	EXO 22:5
ଚରାଣି	1	1	1	6	LAM 1:6
ଚରାଣି-ସ୍ଥାନ	2	2	2	1	HOS 13:6
ଚରାଣି-ସ୍ଥାନସକଳ	1	1	1	0	AMO 1:2
ଚରାଣି-ସ୍ଥାନସବୁ	3	3	1	0	JOL 1:19
ଚରାଣୀ	5	5	1	5	EZK 34:14
ଚରାଣୀର	1	1	1	1	EZK 34:18
ଚରାନ୍ତି	2	2	2	2	JOB 24:2
ଚରାଭୂମିସମୂହରେ	1	1	1	1	ISA 7:19
ଚରାସ୍ଥାନ	10	10	5	10	1CH 4:39
ଚରାସ୍ଥାନକୁ	1	1	1	1	JER 50:19
ଚରାସ୍ଥାନର	4	4	1	5	PSA 74:1
ଚରାସ୍ଥାନରେ	2	2	2	2	PSA 37:20
ଚରାସ୍ଥାନସକଳର	1	1	1	1	JER 9:10
ଚରାସ୍ଥାନସବୁ	2	2	2	2	PSA 65:13
ଚରିବ	2	2	2	2	ISA 27:10
ଚରିବା	2	2	2	2	1CH 27:29
ଚରିବାକୁ	2	2	1	2	GEN 41:2
ଚରିବାର	2	2	2	2	SNG 4:5
ଚରିବେ	7	7	3	8	ISA 5:17
ଚରୁ	1	1	1	0	EXO 34:3
ଚରୁଥିଲା	3	3	3	3	MAT 8:30
ଚରୁଥିଲେ	1	1	1	1	JOB 1:14
ଚରେ	1	1	1	1	EXO 22:5
ଚର୍ବଣ	1	1	1	1	JOB 30:3
ଚର୍ବିରେ	3	3	2	3	DEU 32:15
ଚର୍ମ	41	41	13	55	GEN 17:11
ଚର୍ମକାରଙ୍କ	3	3	1	2	ACT 9:43
ଚର୍ମଠାରୁ	2	2	1	2	LEV 13:3
ଚର୍ମନିର୍ମିତ	8	8	2	1	LEV 13:48
ଚର୍ମପଟୁକା	2	2	2	2	MAT 3:4
ଚର୍ମପଟୁକାରେ	1	1	1	1	2KI 1:8
ଚର୍ମପୁସ୍ତକ	1	1	1	1	REV 6:14
ଚର୍ମପୁସ୍ତକଗୁଡ଼ିକ	1	1	1	0	2TI 4:13
ଚର୍ମର	16	16	6	15	GEN 3:21
ଚର୍ମରୁ	2	2	1	2	LEV 13:39
ଚର୍ମରେ	29	29	5	30	EXO 26:14
ଚର୍ମସ୍ଥିତ	2	2	1	2	LEV 13:3
ଚର୍ମାବଶିଷ୍ଟଦ	1	1	1	0	JOB 19:20
ଚର୍ମ୍ମ	2	2	2	2	EXO 22:27
ଚଲାଇବା	4	4	3	4	ISA 30:28
ଚଲାଇବାକୁ	1	1	1	1	LUK 22:31
ଚଳାଅ	2	2	1	2	PSA 68:2
ଚଳାଇ	3	3	2	4	GEN 33:14
ଚଳାଇଅଛନ୍ତି	1	1	1	0	LAM 3:2
ଚଳାଇପାର	2	2	1	2	JOB 38:32
ଚଳାଇବ	2	2	2	3	DEU 23:25
ଚଳାଇବନ୍ତ	1	1	1	0	EZK 5:1
ଚଳାଇବା	4	4	3	4	1CH 23:4
ଚଳାଇବାକୁ	2	2	2	2	JDG 13:25
ଚଳାଇବାରେ	1	1	1	0	2KI 4:24
ଚଳାଇବେ	2	2	1	2	ISA 40:11
ଚଳାଇଲ	1	1	1	1	PSA 77:20
ଚଳାଇଲେ	11	11	6	11	GEN 33:13
ଚଳାଉଅଛି	1	1	1	1	2CO 5:14
ଚଳାଏ	2	2	2	2	2KI 9:20
ଚଳାନ୍ତୁ	1	1	1	1	NUM 8:7
ଚଳି	1	1	1	0	2CH 17:4
ଚଳିବ	3	3	1	0	LEV 18:3
ଚଳିବା	1	1	1	0	PSA 78:10
ଚଳିବାକୁ	2	2	2	2	ECC 6:8
ଚଳିବେ	1	1	1	0	EXO 16:4
ଚଳିଲା	8	8	4	8	GEN 36:7
ଚଳିଲେ	2	2	2	2	DEU 29:19
ଚଳୁଅଛି	3	3	2	3	GEN 47:26
ଚଳୁଥିବ	1	1	1	1	PSA 141:5
ଚଳେ	2	2	1	2	PRO 17:2
ଚଷନ୍ତି	1	1	1	1	JOB 4:8
ଚଷା	1	1	1	1	JER 26:18
ଚଷେ	2	2	1	1	PRO 12:11
ଚହଲାଇ	1	1	1	0	EZK 32:2
ଚହଲାଇବ	2	2	1	1	EZK 32:13
ଚହଳ	5	5	4	5	JOB 39:7
ଚାଉଣି	1	1	1	0	NUM 33:44
ଚାକଚକ୍ୟ	3	3	2	3	LUK 23:11
ଚାକୁ	6	6	1	6	JDG 7:5
ଚାକ୍ଷୁଷ	2	2	2	3	LUK 1:1
ଚାଖଣ୍ଡ	6	6	3	6	EXO 28:16
ଚାଖି	1	1	1	1	JHN 2:9
ଚାଙ୍କର	1	1	1	0	1SA 4:15
ଚାଙ୍ଗୁଡ଼ି	3	3	1	3	DEU 26:4
ଚାଙ୍ଗୁଡ଼ିରେ	1	1	1	1	DEU 26:2
ଚାଞ୍ଛି	1	1	1	1	EZK 26:4
ଚାଞ୍ଛିଲା	1	1	1	1	LEV 14:43
ଚାଟି	6	6	2	6	NUM 22:4
ଚାଟିବେ	3	3	3	3	PSA 72:9
ଚାଟୁଥିଲେ	1	1	1	1	LUK 16:21
ଚାଟୁବାକ୍ୟ	2	2	1	3	DAN 11:32
ଚାଟୁବାକ୍ୟ-ଦ୍ୱାରା	1	1	1	0	DAN 11:21
ଚାଟୁବାଦ	7	7	4	7	JOB 32:21
ଚାଟୁବାଦର	1	1	1	1	EZK 12:24
ଚାଟୁବାଦରୁ	1	1	1	1	PRO 6:24
ଚାଟୁବାଦରେ	1	1	1	1	PRO 7:21
ଚାଟୁବାଦିନୀ	2	2	1	2	PRO 2:16
ଚାଟୁବାଦୀ	3	3	2	3	PSA 12:2
ଚାଟୁଭାଷାରେ	1	1	1	1	ROM 16:18
ଚାତୁରି	1	1	1	1	EPH 6:11
ଚାଦର	11	11	5	12	MAT 5:40
ଚାଦରଖଣ୍ଡକ	1	1	1	1	LUK 22:36
ଚାଦରରେ	1	1	1	1	1SA 19:13
ଚାନ୍ଦୁଆ	1	1	1	1	EZK 27:7
ଚାପି	6	6	4	6	ISA 16:10
ଚାପିପକାଇଲା	1	1	1	0	MRK 4:7
ଚାପିପକାଏ	1	1	1	2	MAT 13:22
ଚାପିପାର	1	1	1	1	JOB 41:1
ଚାପିବା	1	1	1	1	AMO 2:13
ଚାପୁଅଛି	1	1	1	1	PSA 38:2
ଚାପୁଡ଼ା	9	9	7	8	1KI 22:24
ଚାପେ	1	1	1	1	AMO 2:13
ଚାବି	3	3	2	6	ISA 22:22
ଚାମଚିକା	2	2	2	1	LEV 11:19
ଚାମଚିକାଗଣର	1	1	1	1	ISA 2:21
ଚାରା	5	5	3	7	PSA 144:12
ଚାରା-ଉତ୍ପାଦକ	1	1	1	0	ECC 2:6
ଚାରାବିଶିଷ୍ଟ	1	1	1	1	SNG 4:13
ଚାରାସବୁ	1	1	1	1	ISA 16:8
ଚାରି	245	245	30	265	GEN 14:9
ଚାରିଆଡ଼	1	1	1	1	GEN 41:48
ଚାରିଆଡ଼କୁ	1	1	1	1	1SA 17:42
ଚାରିଆଡ଼ର	1	1	1	1	ACT 14:6
ଚାରିଆଡ଼ରୁ	2	2	2	2	ISA 56:11
ଚାରିଆଡ଼ରେ	2	2	1	2	EXO 39:25
ଚାରିଆଡ଼ସ୍ଥ	1	1	1	1	1SA 14:21
ଚାରିଆଡ଼ୁ	3	3	3	3	GEN 19:4
ଚାରିଆଡ଼େ	122	122	23	125	GEN 28:14
ଚାରିକୋଡ଼ି	1	1	1	0	JOS 14:10
ଚାରିକୋଣରେ	2	2	1	2	1KI 7:30
ଚାରିଗୁଣ	1	1	1	1	2SA 12:6
ଚାରିଗୋଟି	1	1	1	1	ZEC 6:1
ଚାରିଗୋଡ଼ିଆ	2	2	1	3	LEV 11:23
ଚାରିଚକ୍ର	1	1	1	1	1KI 7:32
ଚାରିଟା	1	1	1	1	ACT 27:29
ଚାରିଦଳ	1	1	1	1	JDG 9:34
ଚାରିଦିଗରେ	1	1	1	0	EXO 28:33
ଚାରିଧାର	1	1	1	1	GEN 2:10
ଚାରିପାଖ	3	3	3	4	JDG 19:22
ଚାରିପାର୍ଶ୍ୱ	1	1	1	0	EXO 30:3
ଚାରିର	3	3	1	3	EZK 1:16
ଚାରିଶହ	19	19	5	16	GEN 11:13
ଚାରିହଜାର	4	4	3	0	MAT 15:38
ଚାରୀ	1	1	1	0	EXO 27:16
ଚାରୋଟି	1	1	1	4	ACT 12:4
ଚାଲ	30	30	15	30	DEU 5:33
ଚାଲନ୍ତା	1	1	1	1	PSA 81:13
ଚାଲନ୍ତି	8	8	5	8	LEV 11:27
ଚାଲନ୍ତୁ	1	1	1	1	2KI 6:3
ଚାଲି	29	29	15	34	GEN 44:17
ଚାଲିଅଛ	1	1	1	2	JER 3:5
ଚାଲିଆସିଥିଲେ	1	1	1	0	ACT 15:38
ଚାଲିଗଲା	27	27	14	25	GEN 15:17
ଚାଲିଗଲେ	47	47	17	55	GEN 14:12
ଚାଲିଗଲେନ୍ତପୁଣି	1	1	1	0	JDG 19:14
ଚାଲିଥାଏ	1	1	1	1	JOB 31:7
ଚାଲିଥିବାରୁ	1	1	1	1	HOS 5:11
ଚାଲିଥିଲା	1	1	1	1	1KI 14:30
ଚାଲିଥିଲେ	3	3	3	3	JOS 10:9
ଚାଲିବ	9	9	6	9	DEU 26:17
ଚାଲିବା	15	15	10	20	DEU 6:7
ଚାଲିବାକୁ	16	16	11	16	LEV 26:13
ଚାଲିବାର	2	2	2	2	1KI 16:31
ଚାଲିବାରେ	1	1	1	1	1KI 16:19
ଚାଲିବେ	5	5	5	6	GEN 18:19
ଚାଲିଯା	3	3	2	3	MAT 20:14
ଚାଲିଯାଅ	11	11	10	13	GEN 12:19
ଚାଲିଯାଇ	7	7	5	10	EXO 15:16
ଚାଲିଯାଇଅଛନ୍ତି	1	1	1	1	JUD 1:11
ଚାଲିଯାଇଥିଲେ	1	1	1	2	JHN 5:13
ଚାଲିଯାଉ	2	2	2	2	JDG 7:3
ଚାଲିଯାଉଥିବା	2	2	1	2	MAT 11:7
ଚାଲିଯାଉନ୍ତୁ	1	1	1	1	ACT 16:36
ଚାଲିଯାଏ	6	6	3	8	JOB 9:26
ଚାଲିଯା’ନ୍ତି	2	2	2	2	JOB 11:10
ଚାଲିଯା’ନ୍ତୁ	1	1	1	0	1SA 30:22
ଚାଲିଯିବ	3	3	3	2	JOS 2:16
ଚାଲିଯିବା	1	1	1	3	GEN 34:17
ଚାଲିଯିବାକୁ	2	2	1	2	JHN 6:67
ଚାଲିଯିବେ	3	3	3	3	PSA 9:17
ଚାଲିଲ	1	1	1	0	1KI 16:2
ଚାଲିଲା	16	16	9	15	GEN 7:18
ଚାଲିଲାନ୍ତ	1	1	1	0	NEH 12:36
ଚାଲିଲେ	38	38	12	39	GEN 18:16
ଚାଲୁ	7	7	4	7	1SA 8:5
ଚାଲୁଅଛ	1	1	1	1	MIC 6:16
ଚାଲୁଅଛନ୍ତି	1	1	1	1	MAT 15:31
ଚାଲୁଣୀ	1	1	1	1	ISA 30:24
ଚାଲୁଣୀର	1	1	1	1	AMO 9:9
ଚାଲୁଣୀରେ	2	2	2	2	ISA 30:28
ଚାଲୁଥିବା	1	1	1	2	MRK 8:24
ଚାଲୁଥିଲେ	1	1	1	1	2SA 15:30
ଚାଲେ	12	12	5	12	PSA 1:1
ଚାଳକ	1	1	1	1	ACT 27:11
ଚାଳନ	2	2	2	1	2KI 9:20
ଚାଳିତ	31	31	20	30	LEV 26:36
ଚାଳିଶ	98	98	23	102	GEN 5:13
ଚାଳିଶଟି	1	1	1	1	EXO 36:24
ଚାଳିଶତମ	2	2	2	2	NUM 33:38
ଚାଳିଶବର୍ଷ	1	1	1	1	JDG 13:1
ଚାଷ	15	15	13	15	GEN 45:6
ଚାଷକାରୀ	1	1	1	1	ISA 30:24
ଚାହଁ	4	4	4	4	EXO 10:11
ଚାହାଣିରେ	2	2	1	2	EZK 2:6
ଚାହାନ୍ତି	11	11	6	13	1SA 18:25
ଚାହାନ୍ତିନ୍ତ	1	1	1	0	PRO 29:26
ଚାହିଁ	37	37	10	38	DEU 28:32
ଚାହିଁଅଛନ୍ତି	2	2	2	2	PSA 86:14
ଚାହିଁଅଛି	1	1	1	1	ISA 1:12
ଚାହିଁକରି	1	1	1	1	JOB 5:5
ଚାହିଁଥିଲ	1	1	1	0	2SA 3:17
ଚାହିଁବ	1	1	1	1	EZR 7:21
ଚାହିଁବା	1	1	1	1	EZK 20:40
ଚାହିଁବାକୁ	2	2	2	1	MRK 8:25
ଚାହିଁଲ	1	1	1	1	PRO 1:25
ଚାହିଁଲା	1	1	1	1	PSA 81:11
ଚାହିଁଲି	1	1	1	1	NEH 5:18
ଚାହିଁଲେ	9	9	8	9	1SA 19:10
ଚାହୁଁ	2	2	2	3	JDG 18:5
ଚାହୁଁଅଛ	3	3	3	3	PSA 51:6
ଚାହୁଁଅଛନ୍ତି	3	3	2	3	1SA 20:1
ଚାହୁଁଅଛି	2	2	2	2	1SA 24:9
ଚାହେଁ	13	13	10	13	GEN 19:9
ଚିଁ	4	4	1	4	ISA 10:14
ଚିଆଁଉଅଛ	1	1	1	0	JOB 15:13
ଚିକିତ୍ସକ	1	1	1	2	ISA 3:7
ଚିକିତ୍ସା	1	1	1	1	EZK 34:4
ଚିକିତ୍ସାର	1	1	1	1	EXO 21:19
ଚିକ୍କଣ	24	24	10	24	LEV 13:2
ଚିକ୍କଣ-ଦ୍ରବ୍ୟ	1	1	1	0	NEH 8:10
ଚିଠି	1	1	1	3	NEH 6:5
ଚିଡ଼ିଚିଡ଼ିଆ	1	1	1	1	PRO 21:19
ଚିତା	2	2	2	1	LEV 19:28
ଚିତାବାଘ	5	5	4	6	JER 5:6
ଚିତାବାଘଠାରୁ	1	1	1	1	HAB 1:8
ଚିତାବାଘମାନଙ୍କ	1	1	1	1	SNG 4:8
ଚିତ୍କାର	43	43	11	43	ECC 9:17
ଚିତ୍କାର-ଶଦ୍ଦ	1	1	1	0	JER 48:34
ଚିତ୍କାରକାରୀ	1	1	1	1	ISA 13:21
ଚିତ୍ତ	37	37	11	42	2SA 13:28
ଚିତ୍ତ-ଆନନ୍ଦକାରୀ	1	1	1	1	PSA 104:15
ଚିତ୍ତ-ସ୍ତବଧତା	1	1	1	0	DEU 28:28
ଚିତ୍ତକୁ	3	3	2	3	PSA 141:4
ଚିତ୍ତପ୍ରବୋଧକ	6	6	6	2	GEN 50:21
ଚିତ୍ତର	13	13	4	14	PSA 19:8
ଚିତ୍ତରୂପ	2	2	2	2	PRO 3:3
ଚିତ୍ତରେ	8	8	8	6	GEN 27:34
ଚିତ୍ର	4	4	2	5	EXO 28:39
ଚିତ୍ରବର୍ଣ୍ଣ	1	1	1	1	JER 13:23
ଚିତ୍ରବିଚିତ୍ର	13	13	4	13	GEN 30:32
ଚିତ୍ରିତ	17	17	5	17	EXO 28:8
ଚିନ୍ତା	56	56	22	66	DEU 15:9
ଚିନ୍ତାର	4	4	3	4	1CH 28:9
ଚିନ୍ତାରୁ	1	1	1	1	MAT 28:14
ଚିନ୍ତାରେ	3	3	3	3	2KI 4:13
ଚିନ୍ତାଶୀଳ	1	1	1	1	JOS 22:24
ଚିନ୍ତାସବୁ	1	1	1	1	ISA 59:7
ଚିନ୍ତିତ	18	18	9	24	1SA 22:8
ଚିପି	2	2	2	3	JDG 6:38
ଚିପୁଡ଼ନ୍ତେ	1	1	1	1	JDG 6:38
ଚିପୁଡ଼ି	1	1	1	1	GEN 40:11
ଚିପେ	1	1	1	1	PRO 16:30
ଚିମୁଟା	5	5	4	5	EXO 25:38
ଚିମୁଟାସବୁ	1	1	1	1	2CH 4:21
ଚିର	11	11	8	13	LEV 10:6
ଚିରଋଣୀ	1	1	1	0	PHM 1:19
ଚିରକାଳ	44	44	21	37	DEU 23:3
ଚିରକାଳର	1	1	1	1	MIC 2:9
ଚିରକାଳରୁ	1	1	1	1	EZK 26:20
ଚିରକାଳସ୍ଥାୟୀ	1	1	1	0	2CO 9:9
ଚିରକାଳୀନ	3	3	2	3	PSA 74:3
ଚିରଜୀବୀ	16	16	7	16	1SA 10:24
ଚିରନ୍ତନ	3	3	2	6	EPH 3:10
ଚିରସହିଷ୍ଣୁତା	1	1	1	1	1TI 1:16
ଚିରସହିଷ୍ଣୁତାରୂପ	1	1	1	1	ROM 2:4
ଚିରସ୍ଥାୟୀ	17	17	11	17	GEN 17:19
ଚିରା	8	8	7	8	LEV 11:3
ଚିରାକନା	3	3	2	3	PRO 23:21
ଚିରାପାଦବିଶିଷ୍ଟ	1	1	1	1	LEV 11:7
ଚିରାଯିବ	1	1	1	1	LEV 13:45
ଚିରାଯିବେ	1	1	1	1	HOS 13:16
ଚିରି	36	36	18	36	GEN 37:34
ଚିରିଅଛନ୍ତି	2	2	2	2	1SA 28:17
ଚିରିଗଲା	2	2	2	2	1SA 15:27
ଚିରିଦେବ	1	1	1	1	LUK 5:36
ଚିରିବ	2	2	1	2	LEV 1:17
ଚିରିବା	1	1	1	1	JHN 19:24
ଚିରିବାର	1	1	1	1	ECC 3:7
ଚିରିବି	1	1	1	1	JDG 8:7
ଚିରିଲ	2	2	1	2	2KI 5:8
ଚିରିଲା	5	5	5	4	GEN 37:29
ଚିରିଲେ	10	10	8	11	GEN 44:13
ଚିରେ	1	1	1	1	ECC 10:9
ଚିଲ	3	3	2	4	LEV 11:14
ଚିଲମାନେ	1	1	1	1	ISA 34:15
ଚିହ୍ନ	149	149	30	164	GEN 1:14
ଚିହ୍ନଗୁଡ଼ିକ	1	1	1	3	MRK 16:20
ଚିହ୍ନନ୍ତି	4	4	3	4	PSA 138:6
ଚିହ୍ନମାନ	2	2	1	0	LEV 13:38
ଚିହ୍ନରେ	6	6	3	6	EXO 4:8
ଚିହ୍ନସକଳ	2	2	2	2	DEU 11:3
ଚିହ୍ନସବୁ	2	2	2	2	PSA 74:9
ଚିହ୍ନସ୍ୱରୂପ	3	3	2	0	LUK 2:12
ଚିହ୍ନା	1	1	1	1	LAM 4:8
ଚିହ୍ନାଗଲେ	1	1	1	1	LUK 24:35
ଚିହ୍ନାଯାଏ	3	3	3	3	PRO 31:23
ଚିହ୍ନି	22	22	13	22	GEN 27:23
ଚିହ୍ନିଅଛ	1	1	1	1	REV 2:2
ଚିହ୍ନିତ	7	7	4	7	NUM 34:7
ଚିହ୍ନିପାର	1	1	1	1	JOB 38:20
ଚିହ୍ନିବ	3	3	2	3	JOB 7:10
ଚିହ୍ନିବାର	1	1	1	1	1CO 12:10
ଚିହ୍ନିଲା	2	2	2	2	DEU 33:9
ଚିହ୍ନିଲି	2	2	2	2	NEH 6:12
ଚିହ୍ନିଲେ	10	10	8	10	GEN 42:7
ଚିହ୍ନୁ	3	3	3	3	GEN 29:5
ଚିହ୍ନୁଅଛି	1	1	1	1	ISA 29:15
ଚିହ୍ନୁଥିଲେ	1	1	1	0	MRK 1:34
ଚିହ୍ନେ	3	3	3	3	JOB 9:11
ଚୁକ୍ତି	3	3	2	18	MAT 20:2
ଚୁକ୍ତିପତ୍ର	2	2	1	0	LUK 16:6
ଚୁଙ୍ଗିରେ	1	1	1	0	SNG 5:15
ଚୁଙ୍ଗୀ	48	48	2	48	EXO 26:19
ଚୁଙ୍ଗୀସକଳ	1	1	1	1	NUM 4:31
ଚୁଙ୍ଗୀସବୁ	1	1	1	1	EXO 38:17
ଚୁଡ଼ି	1	1	1	1	ISA 3:19
ଚୁଣି	1	1	1	1	EXO 39:10
ଚୁଣୀ	1	1	1	1	EZK 28:13
ଚୁପ୍	3	3	2	3	MRK 1:25
ଚୁମ୍ବନ	47	47	20	48	GEN 27:26
ଚୁଲ୍ଲିରେ	1	1	1	0	MAT 6:30
ଚୁଲ୍ଲୀ	1	1	1	1	GEN 15:17
ଚୁଲ୍ଲୀରୁ	1	1	1	1	ISA 30:14
ଚୁଲ୍ଲୀରେ	2	2	2	2	LEV 26:26
ଚୁଷନ୍ତି	1	1	1	1	JOB 39:30
ଚୁଷିବ	2	2	2	2	JOB 20:16
ଚୂଡ଼ା	2	2	2	1	ISA 54:12
ଚୂଡ଼ାସକଳ	1	1	1	0	AMO 3:14
ଚୂଡ଼ାସକଳର	1	1	1	1	ZEP 1:16
ଚୂଣୀ	1	1	1	1	EXO 28:17
ଚୂନ	2	2	2	2	GEN 11:3
ଚୂନର	1	1	1	1	ISA 27:9
ଚୂନରେ	2	2	1	2	DEU 27:2
ଚୂର୍ଣ୍ଣ	66	66	19	69	EXO 15:6
ଚୂର୍ଣ୍ଣକୋଷ	1	1	1	1	DEU 23:1
ଚୂର୍ଣ୍ଣବିଚୂର୍ଣ୍ଣ	2	2	2	1	MAT 21:44
ଚୂର୍ଣ୍ଣମନା	3	3	2	4	ISA 57:15
ଚୂର୍ଣ୍ଣମନାମାନଙ୍କୁ	1	1	1	1	PSA 34:18
ଚୂର୍ଣ୍ଣରେ	1	1	1	1	SNG 3:6
ଚୂର୍ଣ୍ଣଶୀର୍ଣ୍ଣ	1	1	1	1	JDG 10:8
ଚେତନା	26	26	14	24	1SA 30:12
ଚେର	12	12	6	12	2KI 19:30
ଚେଷ୍ଟା	122	122	34	135	EXO 2:15
ଚେଷ୍ଟାକାରୀ	4	4	2	4	NUM 35:23
ଚେଷ୍ଟାକାରୀମାନଙ୍କ	5	5	1	5	JER 21:7
ଚେଷ୍ଟାକାରୀମାନେ	2	2	2	2	PSA 71:24
ଚେଷ୍ଟାରୁ	1	1	1	1	ISA 58:13
ଚେଷ୍ଟାରେ	8	8	7	8	JDG 14:4
ଚୋଗା	16	16	7	15	EXO 28:4
ଚୋଗାଧଡ଼ି	2	2	1	2	1SA 24:4
ଚୋଗାର	3	3	2	4	EXO 28:34
ଚୋଗାରେ	1	1	1	1	1SA 28:14
ଚୋପା	1	1	1	1	NUM 6:4
ଚୋବାଇ	1	1	1	1	EZK 23:34
ଚୋବାଇଲା	1	1	1	1	NUM 11:33
ଚୋର	27	27	16	35	EXO 22:2
ଚୋରକୁ	1	1	1	1	PSA 50:18
ଚୋରମାନଙ୍କ	1	1	1	1	JER 48:27
ଚୋରମାନଙ୍କର	2	2	2	2	ISA 1:23
ଚୋରମାନେ	4	4	3	4	JER 49:9
ଚୋରର	4	4	4	4	EXO 22:3
ଚୋରାଇ	2	2	2	2	2KI 11:2
ଚୋରାଗର୍ତ୍ତରେ	2	2	1	2	PSA 7:15
ଚୋରାଦ୍ରବ୍ୟ	2	2	1	0	EXO 22:3
ଚୋରି	42	42	19	48	GEN 31:30
ଚୌକାଠ	4	4	3	4	1KI 6:33
ଚୌକାଠମାନର	1	1	1	1	EZK 45:19
ଚୌକାଠର	3	3	3	3	ISA 57:8
ଚୌତ୍ରିଶ	2	2	2	1	GEN 11:16
ଚୌଦ	1	1	1	0	GEN 46:22
ଚୌଦଳ	1	1	1	1	ISA 66:20
ଚୌମୁହାଣି	1	1	1	1	OBA 1:14
ଚୌରସ	1	1	1	1	1KI 7:5
ଚୌରାଳିଶ	4	4	2	4	1CH 5:18
ଚୌରାଶୀ	1	1	1	1	NEH 11:18
ଚୌର୍ଯ୍ୟ	3	3	3	0	GEN 30:33
ଚୌର୍ଯ୍ୟକର୍ମରୁ	1	1	1	1	REV 9:21
ଚୌର୍ଯ୍ୟଜଳ	1	1	1	1	PRO 9:17
ଚ୍ଛିନ୍ନଭିନ୍ନ	1	1	1	1	PSA 92:9
ଚ୍ଛେଦନ	1	1	1	5	GEN 38:13
ଚ୍ଛେଦିତ	1	1	1	1	DAN 2:34
ଚ୍ୟୁତ	6	6	5	9	1KI 15:13
ଚ୍ୟୁତପାଦୁକ	1	1	1	1	DEU 25:10
ଛଅ	165	165	29	175	GEN 30:20
ଛଅଗୋଟା	1	1	1	1	JHN 2:6
ଛଅଗୋଟି	5	5	4	5	NUM 7:3
ଛଅଟି	1	1	1	1	NEH 5:18
ଛଅଣଶହ	1	1	1	0	NEH 7:62
ଛଅଶହ	4	4	2	4	GEN 7:6
ଛଅଷଠି	1	1	1	1	GEN 46:26
ଛଅସ୍ତରି	1	1	1	0	ACT 27:37
ଛଉ	7	7	1	9	LEV 13:30
ଛଉ-ଘା’ଯୁକ୍ତ	1	1	1	0	LEV 13:31
ଛଉ-ସ୍ଥାନ	1	1	1	0	LEV 13:33
ଛଉଯୁକ୍ତ	1	1	1	1	LEV 13:33
ଛଉର	3	3	1	3	LEV 13:31
ଛକ	5	5	5	6	DEU 13:16
ଛକ-ସ୍ଥାନରେ	1	1	1	0	JOB 29:7
ଛକ-ସ୍ଥାନସକଳରେ	1	1	1	0	AMO 5:16
ଛକକୁ	1	1	1	1	EZK 28:23
ଛକକୋଣରେ	1	1	1	1	MAT 6:5
ଛକବନ୍ଦି	1	1	1	1	EST 4:6
ଛକମାନରେ	1	1	1	1	NAM 2:4
ଛକରେ	12	12	7	13	2SA 21:12
ଛକସ୍ଥାନକୁ	1	1	1	1	ACT 16:19
ଛକସ୍ଥାନରେ	1	1	1	2	ISA 59:14
ଛକସ୍ଥାନସବୁ	1	1	1	1	PSA 55:11
ଛକସ୍ଥାନସବୁରେ	1	1	1	0	JER 5:1
ଛକି	45	45	14	45	NUM 35:20
ଛକିଥାଏ	1	1	1	1	GEN 4:7
ଛକିଥିବା	1	1	1	1	JDG 16:12
ଛକିବା	1	1	1	1	JDG 9:35
ଛକେ	4	4	2	4	SNG 3:2
ଛଞ୍ଚାଣ	2	2	2	2	LEV 11:16
ଛଟପଟ	2	2	1	3	EZK 16:6
ଛଟ୍ପଟ୍	1	1	1	0	JOB 7:4
ଛଡ଼ା	139	139	32	101	GEN 39:9
ଛଡ଼ାଅ	2	2	1	1	MAT 8:31
ଛଡ଼ାଇ	19	19	13	19	GEN 31:31
ଛଡ଼ାଇଥିଲେ	1	1	1	1	MRK 16:9
ଛଡ଼ାଇନେଇ	1	1	1	1	LUK 10:30
ଛଡ଼ାଇବା	4	4	3	4	MAT 10:1
ଛଡ଼ାଇବାକୁ	1	1	1	1	MRK 3:15
ଛଡ଼ାଇବାର	2	2	2	2	MRK 9:38
ଛଡ଼ାଇବେ	2	2	2	2	ISA 9:20
ଛଡ଼ାଇଲୁ	1	1	1	1	MAT 7:22
ଛଡ଼ାଇଲେ	4	4	2	3	MAT 8:16
ଛଡ଼ାଉଅଛି	2	2	2	2	MAT 9:34
ଛଡ଼ାଉଥିଲେ	1	1	1	1	LUK 11:14
ଛଡ଼ାଏ	9	9	3	8	MAT 12:24
ଛଡ଼ାନ୍ତି	2	2	2	1	MAT 12:27
ଛଡ଼ାଯାଆନ୍ତେ	1	1	1	1	MAT 9:33
ଛଡ଼ାଯାଇ	1	1	1	1	MRK 9:29
ଛଡ଼ାଯିବେ	1	1	1	1	ZEC 13:8
ଛଡ଼ାରେ	1	1	1	2	JDG 14:18
ଛଣ	1	1	1	1	1CO 3:12
ଛଣପଟ	4	4	2	4	JDG 15:14
ଛଣପଟର	2	2	2	2	ISA 19:9
ଛତିଶ	7	7	6	7	NUM 31:38
ଛଦ୍ମବେଶ	8	8	3	8	1SA 28:8
ଛନ୍ଦାଛନ୍ଦି	2	2	2	2	GEN 25:22
ଛପନ	4	4	2	4	1CH 9:9
ଛବି	1	1	1	3	EZK 4:1
ଛବିଶ	3	3	3	3	JDG 20:15
ଛଳ	9	9	9	9	GEN 34:13
ଛଳକଥା	2	2	2	2	PSA 35:20
ଛଳନା	10	10	9	8	EXO 21:14
ଛଳନାବାକ୍ୟରହିତ	1	1	1	1	1TI 3:8
ଛଳନାର	1	1	1	1	HOS 12:7
ଛଳନାରୂପ	2	2	2	2	AMO 8:5
ଛଳବାକ୍ୟ	1	1	1	1	2PE 2:3
ଛଳବାକ୍ୟରୁ	1	1	1	1	PSA 34:13
ଛଳଯୁକ୍ତ	1	1	1	1	1TH 2:3
ଛଳର	1	1	1	1	PSA 38:12
ଛଳରେ	14	14	10	14	NUM 25:18
ଛଷଠି	5	5	5	5	LEV 12:5
ଛସ୍ତରି	1	1	1	1	NUM 26:22
ଛାଉଣି	181	181	21	188	GEN 25:16
ଛାଉଣି-ନଗର	1	1	1	0	ISA 29:1
ଛାଉଣି-ସ୍ଥାନ	1	1	1	1	EXO 16:13
ଛାଉଣି-ସ୍ଥାନକୁ	1	1	1	1	1SA 26:5
ଛାଉଣି-ସ୍ଥାନର	2	2	2	0	EXO 16:13
ଛାଉଣିକାରୀର	1	1	1	1	PSA 53:5
ଛାଉଣିକି	27	27	8	0	EXO 33:11
ଛାଉଣିକୁ	1	1	1	29	NUM 31:12
ଛାଉଣିଠାରୁ	1	1	1	1	EXO 33:7
ଛାଉଣିମାନଙ୍କ	1	1	1	1	NUM 2:17
ଛାଉଣିର	39	39	7	41	EXO 29:14
ଛାଉଣିରୁ	8	8	5	8	EXO 19:17
ଛାଉଣିରେ	15	15	11	15	EXO 32:17
ଛାଉଣିସମୂହ	1	1	1	1	NUM 10:2
ଛାଉଣିସ୍ଥ	1	1	1	1	JDG 21:8
ଛାଉଣିସ୍ଥିତ	1	1	1	1	EXO 19:16
ଛାଉଣୀ	1	1	1	1	JOL 2:11
ଛାଉଣୀର	2	2	1	2	HEB 13:11
ଛାଗ	83	83	12	82	GEN 32:14
ଛାଗ-ମାନଙ୍କ	1	1	1	0	JER 51:40
ଛାଗକୁ	3	3	1	3	LEV 16:20
ଛାଗଗଣକୁ	1	1	1	0	ZEC 10:3
ଛାଗଗଣର	2	2	2	2	ISA 34:6
ଛାଗଠାରୁ	1	1	1	1	MAT 25:32
ଛାଗଦୁଗ୍ଧ	1	1	1	0	DEU 32:14
ଛାଗପଲ	2	2	2	2	EXO 12:5
ଛାଗପଲରୁ	1	1	1	1	LEV 1:10
ଛାଗବତ୍ସ	3	3	3	2	NUM 15:11
ଛାଗବତ୍ସକୁ	1	1	1	1	DEU 14:21
ଛାଗବତ୍ସା	2	2	2	2	LEV 5:6
ଛାଗମାନଙ୍କ	1	1	1	2	PSA 104:18
ଛାଗମାନଙ୍କୁ	1	1	1	1	MAT 25:33
ଛାଗମାନେ	1	1	1	1	ISA 13:21
ଛାଗର	10	10	5	19	LEV 10:16
ଛାଗରକ୍ତ	1	1	1	1	PSA 50:13
ଛାଗଲୋମ	3	3	2	2	EXO 25:4
ଛାଗଲୋମନିର୍ମିତ	1	1	1	0	NUM 31:20
ଛାଗଳ	4	4	2	4	GEN 30:33
ଛାଗଳଗଣ	1	1	1	1	GEN 30:32
ଛାଗଳମାନଙ୍କ	2	2	2	2	GEN 30:33
ଛାଗଳମାନଙ୍କୁ	1	1	1	1	GEN 30:32
ଛାଗଳର	1	1	1	1	HEB 11:37
ଛାଗଶାବକକୁ	1	1	1	0	EXO 34:26
ଛାଗସକଳ	2	2	2	2	GEN 30:35
ଛାଗସ୍ୱରୂପ	1	1	1	1	JER 50:8
ଛାଗୀ	4	4	3	4	GEN 15:9
ଛାଗୀମାନଙ୍କର	1	1	1	1	GEN 31:38
ଛାଗୀର	1	1	1	1	JOB 39:1
ଛାଗୀସକଳ	1	1	1	1	GEN 30:35
ଛାଞ୍ଚ	2	2	2	2	EXO 32:4
ଛାଞ୍ଚ-ଢଳା	1	1	1	1	NUM 33:52
ଛାଞ୍ଚରେ	26	26	13	26	EXO 25:12
ଛାଟିଣିଧାରୀମାନେ	1	1	1	1	2KI 3:25
ଛାଟିଣୀ	4	4	3	6	JDG 20:16
ଛାଟିଣୀ-ପଥର	2	2	2	0	2CH 26:14
ଛାଟିଣୀ-ପଥରସବୁ	1	1	1	1	ZEC 9:15
ଛାଟିଣୀ-ପ୍ରସ୍ତର	1	1	1	1	1CH 12:2
ଛାଟିଣୀଖୋଲରୁ	1	1	1	1	1SA 25:29
ଛାଟିଣୀରେ	1	1	1	1	1SA 17:49
ଛାଡ଼	14	14	9	14	GEN 32:26
ଛାଡ଼ଇ	1	1	1	1	PSA 84:2
ଛାଡ଼ନ୍ତି	4	4	4	4	JOB 6:18
ଛାଡ଼ନ୍ତେ	2	2	2	2	2KI 11:16
ଛାଡ଼ପତ୍ର	4	4	3	9	DEU 24:1
ଛାଡ଼ି	144	144	31	126	GEN 2:24
ଛାଡ଼ିକରି	2	2	2	2	1CH 28:8
ଛାଡ଼ିଗଲା	6	6	5	6	JER 52:16
ଛାଡ଼ିଗଲେ	1	1	1	1	2SA 15:16
ଛାଡ଼ିଥିଲେ	1	1	1	1	EXO 32:25
ଛାଡ଼ିଦିଅ	22	22	13	16	EXO 8:20
ଛାଡ଼ିଦିଅନ୍ତୁ	2	2	2	2	LUK 13:8
ଛାଡ଼ିଦିଏ	1	1	1	1	LEV 16:26
ଛାଡ଼ିଦେଇ	3	3	3	5	MRK 14:52
ଛାଡ଼ିଦେବ	4	4	1	3	LEV 14:7
ଛାଡ଼ିଦେବା	9	9	5	4	EXO 8:28
ଛାଡ଼ିଦେବାକୁ	1	1	1	1	ACT 27:12
ଛାଡ଼ିଦେବାର	1	1	1	1	PRO 19:11
ଛାଡ଼ିଦେବି	1	1	1	1	1KI 20:34
ଛାଡ଼ିଦେବେ	1	1	1	0	EZK 16:39
ଛାଡ଼ିଦେଲ	1	1	1	1	1SA 19:17
ଛାଡ଼ିଦେଲା	2	2	2	2	JDG 15:5
ଛାଡ଼ିଦେଲୁ	1	1	1	1	ACT 27:15
ଛାଡ଼ିଦେଲେ	14	14	7	9	JDG 1:25
ଛାଡ଼ିବ	3	3	3	3	LEV 23:22
ଛାଡ଼ିବା	6	6	5	6	ISA 42:14
ଛାଡ଼ିବାକୁ	1	1	1	1	EXO 4:23
ଛାଡ଼ିବାର	1	1	1	1	SNG 3:4
ଛାଡ଼ିବି	7	7	4	7	GEN 32:26
ଛାଡ଼ିବେ	3	3	3	3	JER 49:9
ଛାଡ଼ିଯାଉଥିଲା	1	1	1	1	ACT 19:12
ଛାଡ଼ିଯାଏ	3	3	3	3	1SA 16:23
ଛାଡ଼ିଯା’ନ୍ତି	2	2	1	2	PSA 17:14
ଛାଡ଼ିଯିବ	4	4	3	3	PRO 27:22
ଛାଡ଼ିଯିବି	1	1	1	1	JHN 14:18
ଛାଡ଼ିଲା	6	6	4	5	EXO 16:1
ଛାଡ଼ିଲୁ	1	1	1	1	1SA 17:28
ଛାଡ଼ିଲେ	7	7	4	7	1KI 15:22
ଛାଡ଼ୁଅଛ	1	1	1	1	EZK 21:7
ଛାଡ଼ୁଅଛନ୍ତି	2	2	2	2	ISA 24:7
ଛାଡ଼ୁଅଛି	1	1	1	1	LAM 1:8
ଛାଡ଼େ	5	5	4	4	JOB 20:13
ଛାଣି	1	1	1	1	GEN 18:6
ଛାଣୁଥାଅ	1	1	1	1	MAT 23:24
ଛାତ	42	42	18	47	GEN 8:13
ଛାତଠାରୁ	1	1	1	1	EZK 40:13
ଛାତର	2	2	1	2	PRO 21:9
ଛାତରେ	1	1	1	1	DEU 22:8
ଛାତିରେ	4	4	3	5	ISA 32:12
ଛାତ୍ର	1	1	1	1	1CH 25:8
ଛାମୁକୁ	43	43	17	38	EXO 16:9
ଛାମୁରୁ	22	22	15	19	GEN 3:8
ଛାମୁରେ	191	191	43	186	GEN 12:15
ଛାମୁସ୍ଥ	1	1	1	1	EST 1:10
ଛାମୁସ୍ଥିତ	1	1	1	1	EXO 29:23
ଛାର	1	1	1	1	PHP 3:21
ଛାଲ	1	1	1	1	GEN 27:16
ଛାୟା	41	41	16	41	JDG 9:36
ଛାୟାକୁ	2	2	2	2	ISA 16:3
ଛାୟାମାତ୍ର	2	2	2	2	COL 2:17
ଛାୟାର	1	1	1	1	JOB 7:2
ଛାୟାରେ	12	12	7	12	JDG 9:15
ଛିଙ୍କରୁ	1	1	1	1	JOB 41:18
ଛିଙ୍କିଲା	1	1	1	1	2KI 4:35
ଛିଞ୍ଚା	1	1	1	1	NUM 19:13
ଛିଞ୍ଚି	2	2	1	3	LEV 14:7
ଛିଞ୍ଚିବ	15	15	3	17	EXO 29:16
ଛିଞ୍ଚିବେ	6	6	2	6	LEV 1:5
ଛିଞ୍ଚିଲେ	1	1	1	1	MRK 7:4
ଛିଟା	2	2	2	2	LEV 6:27
ଛିଟିକି	1	1	1	1	AMO 3:5
ଛିଟ୍କି	1	1	1	1	2KI 9:33
ଛିଡ଼ା	73	73	16	47	GEN 18:8
ଛିଡ଼ିଗଲା	1	1	1	1	EZK 29:18
ଛିଣ୍ଡା	2	2	2	2	LEV 23:14
ଛିଣ୍ଡାଇ	14	14	8	13	DEU 23:25
ଛିଣ୍ଡାଇଦେଇ	1	1	1	1	MRK 5:4
ଛିଣ୍ଡାଇନିଏ	2	2	2	2	MAT 9:16
ଛିଣ୍ଡାଇବ	1	1	1	1	GEN 27:40
ଛିଣ୍ଡାଇବାକୁ	1	1	1	1	MRK 2:23
ଛିଣ୍ଡାଗଲେ	1	1	1	1	JOB 22:16
ଛିଣ୍ଡାନ୍ତି	1	1	1	1	JOB 30:4
ଛିଣ୍ଡି	3	3	3	3	EXO 39:23
ଛିଣ୍ଡିବ	2	2	1	2	ISA 5:27
ଛିଣ୍ଡିବାକୁ	1	1	1	1	LUK 5:6
ଛିଣ୍ଡିଯାଏ	1	1	1	1	JDG 16:9
ଛିଣ୍ଡିଯିବ	1	1	1	1	EXO 28:32
ଛିଣ୍ଡିଲା	1	1	1	1	JHN 21:11
ଛିଦ୍ର	19	19	11	16	GEN 42:9
ଛିଦ୍ରର	1	1	1	1	EXO 28:32
ଛିଦ୍ରରୁ	1	1	1	1	JER 16:16
ଛିଦ୍ରରେ	2	2	2	3	EXO 33:22
ଛିନ୍ନ	4	4	3	5	2KI 17:21
ଛିନ୍ନ-ଭିନ୍ନ	1	1	1	1	EZK 22:15
ଛିନ୍ନବସ୍ତ୍ର	1	1	1	1	JER 41:5
ଛିନ୍ନବୃଦ୍ଧାଙ୍ଗୁଳି	1	1	1	0	JDG 1:7
ଛିନ୍ନଭିନ୍ନ	108	108	30	112	GEN 11:4
ଛିନ୍ନଲିଙ୍ଗ	1	1	1	1	DEU 23:1
ଛୁଅଁ	2	2	2	2	ISA 52:11
ଛୁଅଁଇ	1	1	1	0	LEV 11:27
ଛୁଅଁନ୍ତି	2	2	2	1	MAT 14:36
ଛୁଆ	20	20	10	23	GEN 15:9
ଛୁଆକୁ	2	2	2	2	LEV 22:28
ଛୁଆଟିଏ	1	1	1	1	JDG 13:15
ଛୁଆମାନଙ୍କ	3	3	2	3	DEU 32:11
ଛୁଆମାନଙ୍କୁ	8	8	6	8	GEN 30:40
ଛୁଆମାନେ	5	5	2	5	JOB 38:41
ଛୁଆସବୁ	1	1	1	1	ISA 11:7
ଛୁଆହରା	3	3	3	3	2SA 17:8
ଛୁଇଁ	5	5	3	5	NUM 5:2
ଛୁଇଁବ	7	7	3	20	GEN 3:3
ଛୁଇଁବା	2	2	2	2	NUM 19:18
ଛୁଇଁଲା	9	9	4	8	EST 5:2
ଛୁଇଁଲେ	7	7	4	8	PSA 104:32
ଛୁଏଁ	18	18	3	6	LEV 11:26
ଛୁଞ୍ଚିଆ	8	8	1	0	EXO 27:10
ଛୁଞ୍ଚିଆରେ	2	2	1	0	EXO 27:17
ଛୁରିକା	2	2	1	2	GEN 22:6
ଛୁରିକାବିଶିଷ୍ଟ	1	1	1	1	ISA 41:15
ଛୁରୀ	7	7	5	7	JDG 19:29
ଛୁରୀମାନ	1	1	1	1	JOS 5:2
ଛେଚା	2	2	2	2	LEV 22:24
ଛେଚାନଳ	1	1	1	1	ISA 42:3
ଛେଚାନଳର	2	2	2	2	2KI 18:21
ଛେଦ	2	2	2	1	LEV 12:3
ଛେଦନ	34	34	19	35	GEN 17:11
ଛେଦନକର୍ତ୍ତା	2	2	1	2	ISA 10:15
ଛେଦନର	1	1	1	1	ISA 9:3
ଛେଦରୁ	1	1	1	1	ISA 51:1
ଛେଦାବାଡ଼	1	1	1	0	DEU 22:8
ଛେଦିତ	2	2	2	2	PSA 80:16
ଛେନା	1	1	1	1	JOB 10:10
ଛେନାଚକ୍ତି	1	1	1	1	1SA 17:18
ଛେପ	14	14	8	14	LEV 15:8
ଛେପରେ	1	1	1	1	JHN 9:6
ଛେଲି	1	1	1	1	JOL 1:7
ଛେଲିଶୂନ୍ୟ	1	1	1	1	JOL 1:7
ଛେଳି	3	3	3	5	DEU 14:5
ଛେଳିଛୁଆ	10	10	4	10	GEN 27:9
ଛେଳିଛୁଆକୁ	1	1	1	1	JDG 14:6
ଛେଳିଛୁଆଟିଏ	1	1	1	1	LUK 15:29
ଛେଳିଛୁଆମାନଙ୍କୁ	1	1	1	1	SNG 1:8
ଛେଳିଛୁଆର	1	1	1	1	GEN 27:16
ଛେଳିଦୁଧ	1	1	1	1	PRO 27:27
ଛେଳିପଲ	2	2	1	2	SNG 4:1
ଛେଳିର	1	1	1	1	LEV 7:23
ଛୋଟ	3	3	2	10	ISA 50:2
ଛୋଟା	12	12	6	12	LEV 21:18
ଛୋଟାଇ	1	1	1	1	GEN 32:31
ଛୋଟାମାନଙ୍କୁ	1	1	1	1	2SA 5:6
ଛୋଟାମାନେ	1	1	1	1	2SA 5:8
ଛୋଟୀକୁ	1	1	1	0	ZEP 3:19
ଛୟାଅଶୀ	2	2	2	2	GEN 16:16
ଛୟାନବେ	2	2	2	2	EZR 8:35
ଛୟାଳିଶ	3	3	2	3	NUM 1:21
ଛ’ଶତ	1	1	1	0	JER 52:30
ଜଂଘଦେଶରେ	1	1	1	0	REV 19:16
ଜକ୍ଜକ୍	1	1	1	0	NAM 3:3
ଜଖୀୟ	3	3	1	2	LUK 19:2
ଜଗତ	65	65	18	71	1SA 2:8
ଜଗତକୁ	34	34	10	36	PSA 9:8
ଜଗତଟାଯାକ	1	1	1	1	JHN 12:19
ଜଗତବାସୀଙ୍କର	1	1	1	1	2CO 5:19
ଜଗତଯାକ	1	1	1	1	ACT 19:27
ଜଗତର	70	70	20	73	JOS 3:11
ଜଗତରୁ	14	14	5	14	JOB 18:18
ଜଗତରେ	30	30	13	30	JHN 1:10
ଜଗତସ୍ଥ	1	1	1	1	PRO 8:26
ଜଗତ୍ପତି	1	1	1	2	2CO 4:4
ଜଗତ୍ପତିମାନଙ୍କ	1	1	1	0	EPH 6:12
ଜଗତ୍ପାତା	1	1	1	0	GEN 41:45
ଜଗନ୍ତି	1	1	1	1	JER 5:26
ଜଗନ୍ନିବାସୀ	2	2	2	2	PSA 33:8
ଜଗନ୍ନିବାସୀଗଣ	2	2	2	2	PSA 49:1
ଜଗନ୍ନିବାସୀମାନଙ୍କ	1	1	1	1	ISA 38:11
ଜଗନ୍ନିବାସୀମାନେ	2	2	1	2	ISA 26:9
ଜଗାଅ	3	3	1	3	SNG 2:7
ଜଗାଇ	1	1	1	0	ACT 12:7
ଜଗାଇଥିଲେ	1	1	1	1	2CO 11:32
ଜଗାଇବ	1	1	1	1	JOB 41:10
ଜଗାଇବାକୁ	2	2	2	2	1KI 18:27
ଜଗାଇଲି	1	1	1	1	SNG 8:5
ଜଗାଇଲେ	1	1	1	1	ZEC 4:1
ଜଗାଏ	2	2	2	1	ISA 14:9
ଜଗି	14	14	8	15	1SA 19:11
ଜଗିଥିଲେ	1	1	1	1	MAT 27:54
ଜଗିବା	4	4	3	4	2SA 15:16
ଜଗିବାକୁ	1	1	1	1	2SA 20:3
ଜଗିବାର	1	1	1	1	1SA 25:16
ଜଗିଲି	1	1	1	1	1SA 25:21
ଜଗୁଆଳିର	1	1	1	1	JOB 27:18
ଜଗୁଥିଲେ	1	1	1	1	LUK 2:8
ଜଗ୍ବିହ	1	1	1	0	NUM 32:35
ଜଘନ୍ୟ	1	1	1	1	ROM 1:26
ଜଙ୍ଗମ	3	3	2	3	GEN 1:20
ଜଙ୍ଘ	5	5	4	13	GEN 48:12
ଜଙ୍ଘରୁ	1	1	1	1	JDG 3:21
ଜଙ୍ଘରେ	5	5	3	5	GEN 24:2
ଜଙ୍ଘିଆ	5	5	3	5	EXO 28:42
ଜଞ୍ଜିର	13	13	7	12	EXO 28:14
ଜଞ୍ଜିରମାନ	1	1	1	1	1KI 6:21
ଜଞ୍ଜିରର	3	3	2	3	EXO 28:25
ଜଞ୍ଜିରରେ	5	5	3	4	JOB 36:8
ଜଟାମାଂସୀ	4	4	3	3	SNG 4:13
ଜଟାମାଂସୀର	1	1	1	0	SNG 1:12
ଜଟିଳ	1	1	1	1	2PE 3:16
ଜଠରରେ	1	1	1	1	EZK 3:3
ଜଡ଼	6	6	5	6	MAT 13:15
ଜଡ଼ଜିହ୍ୱ	1	1	1	1	EXO 4:10
ଜଡ଼ତା	2	2	2	0	MRK 3:5
ଜଡ଼ତାର	1	1	1	1	ROM 11:8
ଜଡ଼ବତ୍	1	1	1	0	EPH 4:19
ଜଡ଼ିତ	9	9	9	9	2SA 23:10
ଜଡ଼ିତ-କର୍ମାର୍ଥକ	1	1	1	1	1CH 29:2
ଜଡ଼ୀଭୂତ	2	2	2	2	GEN 45:26
ଜଣ	528	528	51	552	GEN 14:14
ଜଣକ	30	30	12	32	GEN 44:20
ଜଣକର	29	29	14	29	GEN 42:13
ଜଣକୁ	110	110	35	119	GEN 42:16
ଜଣଙ୍କ	34	34	8	34	2SA 23:18
ଜଣଙ୍କର	3	3	3	3	RUT 1:5
ଜଣଙ୍କୁ	41	41	17	46	LEV 26:8
ଜଣଯାକ	5	5	3	5	2SA 21:9
ଜଣର	17	17	9	19	GEN 41:12
ଜଣରୁ	3	3	2	3	ECC 4:9
ଜଣା	19	19	16	19	GEN 41:31
ଜଣାଅ	65	65	27	65	EXO 18:19
ଜଣାଅଛି	1	1	1	1	GEN 30:29
ଜଣାଇ	57	57	20	65	GEN 21:26
ଜଣାଇଅଛ	4	4	3	4	JOB 38:13
ଜଣାଇଅଛନ୍ତି	8	8	6	0	2SA 19:6
ଜଣାଇଅଛି	4	4	3	4	ISA 45:21
ଜଣାଇଛନ୍ତି	1	1	1	2	GEN 41:39
ଜଣାଇଥିବାରୁ	1	1	1	1	JON 1:10
ଜଣାଇଥିଲା	1	1	1	0	EST 8:1
ଜଣାଇଥିଲେ	2	2	2	3	EST 3:6
ଜଣାଇଦେବେ	1	1	1	1	ACT 15:27
ଜଣାଇଦେଲେ	1	1	1	0	ACT 21:26
ଜଣାଇପାର	1	1	1	1	DAN 2:26
ଜଣାଇବ	10	10	10	9	EXO 13:8
ଜଣାଇବା	26	26	11	29	EXO 8:22
ଜଣାଇବାକୁ	12	12	11	12	RUT 4:4
ଜଣାଇବି	14	14	9	14	NUM 22:8
ଜଣାଇବୁ	2	2	1	2	DAN 2:36
ଜଣାଇବେ	17	17	8	18	DEU 17:9
ଜଣାଇଲା	26	26	11	25	GEN 3:11
ଜଣାଇଲି	9	9	8	9	NEH 2:12
ଜଣାଇଲୁ	3	3	3	3	EZR 4:14
ଜଣାଇଲେ	51	51	16	54	EXO 4:28
ଜଣାଉ	10	10	6	2	ISA 42:9
ଜଣାଉଅଛନ୍ତି	14	14	8	22	ROM 16:16
ଜଣାଉଅଛି	7	7	6	7	LUK 2:10
ଜଣାଉଅଛୁ	8	8	4	8	EZR 4:16
ଜଣାଉନ୍ତୁ	5	5	3	5	ISA 19:12
ଜଣାଏ	4	4	4	4	2KI 6:12
ଜଣାଗଲା	5	5	5	5	GEN 41:21
ଜଣାଣ	3	3	1	3	EZR 4:12
ଜଣାନ୍ତ	1	1	1	1	JOB 8:5
ଜଣାନ୍ତି	5	5	3	6	JOB 31:37
ଜଣାନ୍ତେ	7	7	3	7	1SA 11:9
ଜଣାପଡ଼ିବ	1	1	1	1	PRO 10:9
ଜଣାପଡ଼ିଲା	2	2	2	2	MAT 1:18
ଜଣାପଡ଼ିଲେ	1	1	1	1	LEV 4:14
ଜଣାଯାଆନ୍ତେ	1	1	1	1	EXO 14:5
ଜଣାଯାଇ	2	2	2	2	2CH 4:18
ଜଣାଯାଇଅଛି	1	1	1	1	2CO 7:14
ଜଣାଯାଉ	1	1	1	1	1KI 18:36
ଜଣାଯାଉଅଛି	1	1	1	1	ACT 17:18
ଜଣାଯାଏ	3	3	3	3	EXO 33:16
ଜଣାଯିବ	9	9	7	9	GEN 42:16
ଜଣେ	718	718	51	773	GEN 3:22
ଜଣେଣସ୍ତ୍ରୀଲୋକ	1	1	1	0	REV 12:1
ଜଣେମାତ୍ର	1	1	1	0	JAS 4:12
ଜଣେହେଁ	1	1	1	0	EXO 14:28
ଜନ	48	48	15	49	EXO 12:15
ଜନ-ସମାଗମ	1	1	1	1	PSA 68:26
ଜନକୁ	1	1	1	1	PSA 16:10
ଜନଗଣନା	1	1	1	4	ACT 5:37
ଜନଠାରୁ	1	1	1	0	1CH 17:13
ଜନତା	18	18	9	18	NUM 11:4
ଜନତାକୁ	4	4	4	5	JDG 4:7
ଜନତାର	2	2	2	1	EZR 3:13
ଜନତାରେ	1	1	1	1	JER 51:14
ଜନନୀ	2	2	2	1	GAL 4:26
ଜନନୀର	1	1	1	1	PRO 17:25
ଜନପୂର୍ଣ୍ଣ	2	2	2	2	JOB 24:12
ଜନବୃନ୍ଦ	9	9	4	9	PSA 2:1
ଜନବୃନ୍ଦକୁ	2	2	2	2	PSA 44:2
ଜନବୃନ୍ଦଙ୍କୁ	1	1	1	1	PSA 149:7
ଜନବୃନ୍ଦର	3	3	2	3	PSA 33:10
ଜନରବ	20	20	11	20	GEN 45:16
ଜନରା	1	1	1	0	EZK 4:9
ଜନଶୂନ୍ୟ	1	1	1	4	ISA 32:14
ଜନସମାଜ	6	6	2	7	GEN 28:3
ଜନସାଧାରଣଙ୍କୁ	1	1	1	2	LUK 23:13
ଜନିତ	1	1	1	1	EZK 16:49
ଜନ୍ତୁ	23	23	6	23	GEN 1:24
ଜନ୍ତୁକୁ	4	4	2	4	LEV 11:42
ଜନ୍ତୁଗଣ	3	3	3	3	GEN 1:28
ଜନ୍ତୁଗଣର	3	3	3	3	DEU 32:24
ଜନ୍ତୁଟା	1	1	1	1	ACT 28:4
ଜନ୍ତୁଟାକୁ	1	1	1	1	ACT 28:5
ଜନ୍ତୁବର୍ଗ	1	1	1	1	GEN 7:8
ଜନ୍ତୁମାନଙ୍କ	2	2	1	2	LEV 11:29
ଜନ୍ତୁମାନଙ୍କୁ	2	2	2	2	LEV 26:6
ଜନ୍ତୁର	6	6	4	5	GEN 2:20
ଜନ୍ତୁରେ	1	1	1	1	ISA 13:21
ଜନ୍ତୁସକଳ	2	2	2	2	LEV 11:20
ଜନ୍ତୁସମସ୍ତ	1	1	1	1	EZK 38:20
ଜନ୍ମ	118	118	24	151	GEN 5:4
ଜନ୍ମ-ସ୍ଥାନ	1	1	1	1	EZK 29:14
ଜନ୍ମଇ	1	1	1	1	GEN 2:12
ଜନ୍ମଗ୍ରହଣ	4	4	3	4	MAT 2:2
ଜନ୍ମଠାରୁ	2	2	2	2	JOB 31:18
ଜନ୍ମଦାତା	6	6	3	6	PRO 17:21
ଜନ୍ମଦିନ	2	2	2	1	GEN 40:20
ଜନ୍ମଦିନକୁ	1	1	1	1	JOB 3:1
ଜନ୍ମଦିନରେ	1	1	1	0	MRK 6:21
ଜନ୍ମଦେଶ	3	3	3	2	GEN 24:7
ଜନ୍ମଦେଶରେ	1	1	1	0	GEN 11:28
ଜନ୍ମଭୂମିର	1	1	1	1	ACT 2:8
ଜନ୍ମର	1	1	1	5	EZK 16:4
ଜନ୍ମରେ	3	3	3	3	LUK 1:14
ଜନ୍ମସ୍ଥାନ	3	3	2	3	EZK 16:3
ଜନ୍ମାଅ	5	5	4	5	EXO 23:21
ଜନ୍ମାଇ	7	7	6	7	GEN 41:51
ଜନ୍ମାଇଅଛ	1	1	1	1	PSA 22:9
ଜନ୍ମାଇଅଛନ୍ତି	1	1	1	1	2CO 8:16
ଜନ୍ମାଇଅଛି	2	2	2	2	JER 29:31
ଜନ୍ମାଇଅଛୁ	1	1	1	1	EZK 32:32
ଜନ୍ମାଇଥିଲେ	1	1	1	1	EZK 32:26
ଜନ୍ମାଇଦେଲେ	1	1	1	1	ACT 14:2
ଜନ୍ମାଇବ	4	4	4	4	GEN 5:29
ଜନ୍ମାଇବା	9	9	8	9	GEN 3:15
ଜନ୍ମାଇବାକୁ	6	6	4	5	DEU 2:25
ଜନ୍ମାଇବାରୁ	1	1	1	1	DEU 32:19
ଜନ୍ମାଇଲା	1	1	1	1	ROM 7:8
ଜନ୍ମାଇଲେ	12	12	8	12	GEN 11:9
ଜନ୍ମାଉ	4	4	4	3	GEN 11:7
ଜନ୍ମାଉଅଛ	1	1	1	1	ISA 45:10
ଜନ୍ମାଉନ୍ତୁ	1	1	1	1	JOB 3:5
ଜନ୍ମାଏ	22	22	6	22	PRO 10:1
ଜନ୍ମାନୁସାରେ	1	1	1	1	1CO 10:18
ଜନ୍ମାନ୍ତେ	2	2	2	1	2CH 36:22
ଜନ୍ମାନ୍ଧକୁ	1	1	1	2	JHN 9:1
ଜନ୍ମାନ୍ଧର	1	1	1	1	JHN 9:32
ଜନ୍ମାବଧି	3	3	3	2	GEN 48:15
ଜନ୍ମାସନରେ	1	1	1	1	EXO 1:16
ଜନ୍ମି	2	2	2	3	ECC 4:3
ଜନ୍ମିଅଛନ୍ତି	1	1	1	1	ISA 9:6
ଜନ୍ମିଅଛି	4	4	4	4	LEV 18:11
ଜନ୍ମିତ	1	1	1	1	RUT 4:12
ଜନ୍ମିଥିଲା	2	2	2	1	1SA 5:11
ଜନ୍ମିଥିଲେ	9	9	5	9	GEN 10:1
ଜନ୍ମିବ	6	6	5	6	GEN 17:21
ଜନ୍ମିବାକୁ	1	1	1	1	JHN 3:7
ଜନ୍ମିବାର	1	1	1	0	ECC 3:2
ଜନ୍ମିଲା	11	11	5	10	GEN 4:20
ଜନ୍ମିଲେ	5	5	5	5	GEN 25:24
ଜନ୍ମେ	14	14	10	14	EZR 6:8
ଜମାଟ	2	2	2	2	EXO 15:8
ଜମାପାଖ	1	1	1	1	PHP 4:17
ଜରାଗ୍ରସ୍ତ	1	1	1	1	JER 6:11
ଜରାଜୀର୍ଣ୍ଣ	1	1	1	1	2CH 36:17
ଜରୀ	1	1	1	1	EXO 39:3
ଜଳ	361	361	39	390	GEN 1:2
ଜଳ-ନିର୍ଝର	3	3	2	0	1KI 18:5
ଜଳ-ନିର୍ଝରସକଳ	2	2	1	2	2KI 3:19
ଜଳ-ପାନ	1	1	1	0	JON 3:7
ଜଳ-ପ୍ରଣାଳୀ	1	1	1	0	EZK 6:3
ଜଳ-ପ୍ରବାହ	1	1	1	0	EZK 36:6
ଜଳ-ପ୍ରବାହର	1	1	1	0	EZK 31:12
ଜଳକଢ଼ା	1	1	1	1	JDG 5:11
ଜଳକଢ଼ାଳୀ	4	4	2	4	DEU 29:13
ଜଳକଲ୍ଲୋଳ	1	1	1	0	REV 19:6
ଜଳକଲ୍ଲୋଳର	1	1	1	1	REV 1:15
ଜଳକୁ	14	14	8	15	GEN 1:6
ଜଳକୁଣ୍ଡ	2	2	1	2	GEN 30:38
ଜଳକୁମ୍ଭ	2	2	2	1	MRK 14:13
ଜଳଚର	8	8	6	8	GEN 1:26
ଜଳଜ	4	4	2	4	GEN 1:21
ଜଳଜନ୍ତୁ	3	3	2	3	LEV 11:9
ଜଳଝର	1	1	1	1	2CH 32:30
ଜଳତୀରସ୍ଥ	1	1	1	1	JDG 5:19
ଜଳଦ୍ୱାର	3	3	1	3	NEH 8:1
ଜଳଦ୍ୱାରର	2	2	1	2	NEH 3:26
ଜଳଧାରଣ	1	1	1	1	JER 2:13
ଜଳଧାରରେ	2	2	1	2	JOS 3:8
ଜଳଧାରା	7	7	4	7	PSA 72:6
ଜଳଧି	2	2	2	2	JOB 41:32
ଜଳଧିକୁ	1	1	1	1	EZK 31:15
ଜଳନଗର	1	1	1	1	2SA 12:27
ଜଳନିର୍ଝର	3	3	3	0	JOS 15:9
ଜଳପଥରେ	1	1	1	1	REV 18:17
ଜଳପାତ	1	1	1	1	JDG 5:4
ଜଳପାତ୍ର	4	4	2	4	1SA 26:11
ଜଳପାନ	9	9	6	7	EXO 2:16
ଜଳପାୟୀ	2	2	1	2	EZK 31:13
ଜଳପୂର୍ଣ୍ଣ	2	2	2	2	GEN 21:14
ଜଳପ୍ରଣାଳୀ	3	3	3	4	PRO 21:1
ଜଳପ୍ରଣାଳୀକି	1	1	1	0	2SA 5:8
ଜଳପ୍ରଣାଳୀସକଳ	1	1	1	1	EZK 32:6
ଜଳପ୍ରବାହ	2	2	1	3	EZK 35:8
ଜଳପ୍ରବାହର	1	1	1	2	EZK 34:13
ଜଳପ୍ରଳୟରୂପ	2	2	1	2	ISA 28:15
ଜଳପ୍ଲାବନ	1	1	1	2	PSA 69:15
ଜଳପ୍ଲାବନରେ	1	1	1	1	PSA 29:10
ଜଳପ୍ଳାବନ	13	13	4	12	GEN 6:17
ଜଳପ୍ଳାବନର	3	3	2	4	GEN 7:10
ଜଳବିନ୍ଦୁ	1	1	1	1	ISA 40:15
ଜଳବିନ୍ଦୁରେ	1	1	1	1	SNG 5:2
ଜଳବିନ୍ଦୁସବୁ	1	1	1	1	JOB 36:27
ଜଳବିଶିଷ୍ଟ	1	1	1	1	NAM 2:8
ଜଳବୃଷ୍ଟି	1	1	1	1	PSA 77:17
ଜଳବେଷ୍ଟିତା	1	1	1	1	NAM 3:8
ଜଳମିଶ୍ରିତ	1	1	1	1	ISA 1:22
ଜଳମୟ	3	3	3	3	PSA 18:11
ଜଳଯାତ୍ରା	4	4	1	5	ACT 13:13
ଜଳର	16	16	11	17	GEN 8:8
ଜଳରାଶି	33	33	11	31	2SA 22:12
ଜଳରାଶିକି	2	2	1	1	JOB 12:15
ଜଳରାଶିର	12	12	5	12	GEN 1:10
ଜଳରାଶିରୁ	2	2	1	2	PSA 18:16
ଜଳରାଶିରେ	2	2	2	2	PSA 69:2
ଜଳରୁ	8	8	7	7	GEN 1:7
ଜଳରେ	96	96	25	98	GEN 7:24
ଜଳଶୂନ୍ୟ	6	6	6	5	PSA 63:1
ଜଳସଞ୍ଚଳନ	1	1	1	1	JHN 5:3
ଜଳସବୁ	6	6	3	6	PSA 73:10
ଜଳସମୂହ	6	6	5	6	JOS 4:18
ଜଳସମୂହକୁ	6	6	4	6	PSA 33:7
ଜଳସିଞ୍ଚିତ	1	1	1	0	ISA 58:11
ଜଳସିଦ୍ଧ	1	1	1	1	NUM 6:19
ଜଳସେଚନ	1	1	1	0	ECC 2:6
ଜଳସେଚନକାରୀ	1	1	1	1	PRO 11:25
ଜଳସେଚନାର୍ଥେ	1	1	1	1	GEN 2:10
ଜଳସ୍ଥଳ	1	1	1	1	MAT 23:15
ଜଳସ୍ଥିତ	1	1	1	1	LEV 11:10
ଜଳସ୍ରୋତ	14	14	8	14	JOB 28:11
ଜଳସ୍ରୋତବାହୀ	1	1	1	1	DEU 21:4
ଜଳସ୍ରୋତମୟ	1	1	1	1	DEU 10:7
ଜଳସ୍ରୋତରେ	2	2	2	2	DEU 9:21
ଜଳସ୍ରୋତସବୁ	1	1	1	1	JOL 1:20
ଜଳାଇ	1	1	1	1	JDG 15:5
ଜଳାକବାଟି	10	10	1	10	EZK 40:16
ଜଳାକବାଟିସବୁ	2	2	1	2	EZK 41:16
ଜଳାକର	4	4	2	2	GEN 7:11
ଜଳାକାର	1	1	1	3	HOS 13:15
ଜଳାଚ୍ଛାଦିତ	1	1	1	1	GEN 8:9
ଜଳାଧିପତି	1	1	1	1	REV 16:5
ଜଳାନ୍ତି	1	1	1	1	HOS 4:13
ଜଳାଭାବ	2	2	2	2	EXO 17:3
ଜଳାଶୟ	13	13	7	13	EXO 7:19
ଜଳାଶୟକୁ	1	1	1	1	ISA 42:15
ଜଳାଶୟର	1	1	1	1	DEU 8:7
ଜଳାଶୟରୁ	2	2	2	2	PRO 5:15
ଜଳିପୋଡ଼ିଗଲା	2	2	2	2	MAT 13:6
ଜଳିପୋଡ଼ିଗଲେ	1	1	1	0	MAT 20:12
ଜଳୁଅଛି	2	2	2	2	MAL 4:1
ଜଳୁଥାଉ	1	1	1	1	LUK 12:35
ଜଳୋଦର	1	1	1	1	LUK 14:2
ଜହ୍ନା	1	1	1	3	ISA 28:25
ଜାଆ	2	2	1	2	RUT 1:15
ଜାଗ	16	16	5	16	JDG 5:12
ଜାଗତିକ	5	5	5	4	JER 51:39
ଜାଗତିକଭାବେ	1	1	1	0	1JN 3:17
ଜାଗରଣରେ	1	1	1	1	2CO 6:5
ଜାଗରିତ	1	1	1	3	JER 51:57
ଜାଗି	13	13	11	16	2KI 4:31
ଜାଗିଥାଅ	2	2	2	2	MAT 26:38
ଜାଗିବା	1	1	1	1	PRO 6:22
ଜାଗିବି	2	2	2	2	PSA 108:2
ଜାଗିରହି	2	2	2	0	MAT 26:41
ଜାଗିରୁହ	1	1	1	0	LUK 21:36
ଜାଗିଲା	1	1	1	1	1SA 26:12
ଜାଗ୍ରତ	54	54	24	52	GEN 9:24
ଜାଜ୍ୱଲ୍ୟମାନ	2	2	2	2	EZK 1:4
ଜାଣ	146	146	41	146	GEN 31:6
ଜାଣନ୍ତ	2	2	1	2	JHN 8:19
ଜାଣନ୍ତି	118	118	38	118	GEN 3:5
ଜାଣନ୍ତୁ	5	5	5	9	PSA 9:20
ଜାଣନ୍ତେ	2	2	2	2	MAT 24:43
ଜାଣି	169	169	37	178	GEN 16:4
ଜାଣିଅଛ	6	6	3	10	JAS 1:3
ଜାଣିଅଛନ୍ତି	3	3	2	4	JHN 17:8
ଜାଣିଅଛି	8	8	6	8	GEN 30:27
ଜାଣିଅଛୁ	7	7	6	8	EXO 3:7
ଜାଣିଥାଅ	9	9	6	9	GEN 20:7
ଜାଣିଥାଆନ୍ତ	4	4	2	3	MAT 12:7
ଜାଣିଥାଆନ୍ତା	1	1	1	1	LUK 7:39
ଜାଣିଥାଆନ୍ତୁଣ	1	1	1	0	LUK 19:42
ଜାଣିଥିବା	4	4	4	5	2CH 8:18
ଜାଣିଥିବାରୁ	5	5	3	5	LUK 8:53
ଜାଣିଥିଲା	1	1	1	1	JHN 18:2
ଜାଣିଥିଲି	2	2	2	2	MAT 25:24
ଜାଣିଥିଲୁ	2	2	2	2	MAT 25:26
ଜାଣିଥିଲେ	14	14	8	18	1SA 10:11
ଜାଣିପାର	1	1	1	4	JOB 11:8
ଜାଣିପାର-ଏଥିପାଇଁ	1	1	1	0	MRK 2:10
ଜାଣିପାରି	1	1	1	0	LUK 7:37
ଜାଣିପାରିବ	1	1	1	1	LEV 10:10
ଜାଣିପାରିବା	1	1	1	1	ECC 2:3
ଜାଣିପାରେ	1	1	1	1	JER 17:9
ଜାଣିବ	78	78	24	78	GEN 15:13
ଜାଣିବହ	1	1	1	0	EZK 15:7
ଜାଣିବା	52	52	27	53	GEN 2:19
ଜାଣିବାକୁ	18	18	12	18	JDG 18:5
ଜାଣିବାମାତ୍ର	1	1	1	1	PHP 2:23
ଜାଣିବାର	2	2	2	3	JER 24:7
ଜାଣିବାରୁ	4	4	2	5	ACT 2:31
ଜାଣିବି	10	10	8	10	GEN 15:8
ଜାଣିବୁ	1	1	1	1	1SA 6:9
ଜାଣିବେ	72	72	15	72	EXO 7:5
ଜାଣିଲ	7	7	6	7	RUT 2:11
ଜାଣିଲା	13	13	8	13	LEV 5:18
ଜାଣିଲି	14	14	14	14	GEN 28:16
ଜାଣିଲୁ	10	10	6	10	JOS 22:31
ଜାଣିଲେ	39	39	18	41	GEN 12:12
ଜାଣୁ	109	109	31	109	GEN 20:6
ଜାଣୁଅଛ	26	26	17	26	GEN 47:6
ଜାଣୁଅଛି	6	6	5	6	NUM 24:16
ଜାଣୁଅଛୁ	2	2	1	2	1JN 2:18
ଜାଣୁଣୁ	1	1	1	0	JER 41:4
ଜାଣୁଥିଲେ	2	2	1	2	JHN 2:24
ଜାଣୁନାହୁଁ	1	1	1	1	EXO 32:23
ଜାଣୁନାହୁଁକ୍ତ	1	1	1	0	EXO 32:1
ଜାଣେ	171	171	38	174	GEN 4:9
ଜାତ	259	259	30	269	GEN 1:6
ଜାତି	62	62	15	65	GEN 1:11
ଜାତିକି	5	5	3	0	JER 15:3
ଜାତିଙ୍କ	3	3	3	3	MAT 24:9
ଜାତିଙ୍କୁ	2	2	1	2	REV 12:5
ଜାତିମାନଙ୍କ	3	3	3	4	LUK 21:25
ଜାତିମାନଙ୍କୁ	1	1	1	1	ACT 7:45
ଜାତିର	13	13	6	20	MAT 28:19
ଜାତିରୁ	1	1	1	1	ACT 2:5
ଜାତିରେ	1	1	1	1	ACT 10:35
ଜାତିସମୂହ	4	4	1	4	REV 15:4
ଜାତିସମୂହକୁ	3	3	1	3	REV 19:15
ଜାତିସମୂହର	3	3	1	4	REV 15:3
ଜାତିହ	1	1	1	0	REV 13:7
ଜାତୀୟ	4	4	2	7	GEN 7:14
ଜାଦୁ	2	2	2	2	LEV 21:20
ଜାଦୁଆ	1	1	1	1	LEV 22:22
ଜାଦୁରୋଗ	1	1	1	1	LEV 13:39
ଜାନୁ	9	9	8	3	DEU 28:35
ଜାନୁପାତ	2	2	1	0	ACT 20:36
ଜାନୁପାତରୁ	1	1	1	1	1KI 8:54
ଜାନୁଯୁଗଳ	1	1	1	1	JOB 3:12
ଜାବଳ	1	1	1	1	GEN 4:20
ଜାମା	13	13	5	8	EXO 28:4
ଜାମାକୁ	1	1	1	1	EXO 28:39
ଜାମାତା	1	1	1	1	2KI 8:27
ଜାମାର	1	1	1	1	JOB 30:18
ଜାମିନ	1	1	1	0	PRO 27:13
ଜାମିନ୍	2	2	2	3	PRO 20:16
ଜାରଗଣକୁ	1	1	1	0	EZK 16:32
ଜାରଜ	3	3	3	3	DEU 23:2
ଜାରପୁରୁଷମାନେ	1	1	1	1	JER 4:30
ଜାଲ	44	44	15	46	JOS 23:13
ଜାଲ-ବସ୍ତ୍ର	1	1	1	0	ISA 59:6
ଜାଲକୁ	1	1	1	1	PRO 12:12
ଜାଲରୁ	1	1	1	1	PSA 25:15
ଜାଲରେ	12	12	8	12	JOB 18:8
ଜାଲି	6	6	5	6	EXO 27:4
ଜାଲିଆର	1	1	1	1	PRO 6:5
ଜାଲିକର୍ମ	10	10	4	10	1KI 7:20
ଜାଲିକର୍ମର	1	1	1	1	JER 52:23
ଜାଲିକାର୍ଯ୍ୟ	1	1	1	1	1KI 7:18
ଜାଲିକାର୍ଯ୍ୟର	1	1	1	1	1KI 7:17
ଜାଲିଝରକା	1	1	1	1	1KI 6:4
ଜାଲିବସ୍ତ୍ର	1	1	1	1	ISA 3:18
ଜାଳ	4	4	2	4	ISA 40:16
ଜାଳି	9	9	6	9	EXO 27:20
ଜାଳିବ	3	3	2	3	EXO 35:3
ଜାଳିବା	2	2	1	2	NUM 8:2
ଜାଳିଲେ	2	2	1	2	EXO 40:25
ଜାଳେଣି	1	1	1	1	ISA 44:15
ଜାହାଜ	34	34	14	36	GEN 6:14
ଜାହାଜକୁ	3	3	2	3	JON 1:5
ଜାହାଜଟି	2	2	1	2	ACT 27:15
ଜାହାଜଭଙ୍ଗ	1	1	1	1	2CO 11:25
ଜାହାଜମାନ	8	8	3	8	NUM 24:24
ଜାହାଜର	16	16	6	16	GEN 8:6
ଜାହାଜରୁ	9	9	3	9	GEN 8:10
ଜାହାଜରେ	34	34	10	33	GEN 6:18
ଜାହାଜସକଳ	4	4	3	4	ISA 23:1
ଜାହାଜସବୁ	1	1	1	1	PSA 48:7
ଜାହାଜସମୂହ	1	1	1	1	ISA 23:14
ଜାହାଜସ୍ଥ	2	2	1	2	GEN 7:23
ଜାହାଲା	1	1	1	2	JHN 2:6
ଜାହାଲାଗୁଡ଼ିକ	1	1	1	1	JHN 2:7
ଜିଅନ୍ତା	2	2	2	2	1SA 15:8
ଜିଖରୀୟ	36	36	6	37	2KI 14:29
ଜିଖରୀୟକୁ	1	1	1	2	1CH 15:18
ଜିଖରୀୟଙ୍କ	4	4	2	6	2KI 15:11
ଜିଖରୀୟଙ୍କର	1	1	1	0	2KI 18:2
ଜିଖରୀୟର	8	8	4	7	1CH 27:21
ଜିତବୃକ୍ଷ	1	1	1	0	JER 11:16
ଜିଦ୍	1	1	1	1	LUK 23:23
ଜିନିଷପତ୍ର	3	3	3	3	MAT 24:17
ଜିଭ	1	1	1	0	REV 16:10
ଜିଭକୁ	2	2	2	1	MRK 7:33
ଜିମା	1	1	1	0	GEN 39:8
ଜିରୁବାବିଲ	1	1	1	2	MAT 1:13
ଜିରୁବାବିଲଙ୍କୁ	1	1	1	1	MAT 1:12
ଜିରୁବ୍ବାବେଲ	1	1	1	0	LUK 3:27
ଜିରୁବ୍ବାବେଲଙ୍କ	1	1	1	0	LUK 3:27
ଜିହ୍ୱା	69	69	18	72	EXO 11:7
ଜିହ୍ୱାକୁ	5	5	4	6	JER 9:5
ଜିହ୍ୱାଗୁଡ଼ିକ	1	1	1	1	ACT 2:3
ଜିହ୍ୱାର	7	7	5	6	JOB 5:21
ଜିହ୍ୱାରୁ	1	1	1	1	PSA 120:2
ଜିହ୍ୱାରୂପ	1	1	1	1	JER 9:3
ଜିହ୍ୱାରେ	15	15	7	15	JDG 7:5
ଜିହ୍ୱାସମୂହର	1	1	1	1	PSA 31:20
ଜିହ୍ୱେ	2	2	1	2	PSA 52:4
ଜୀଅନ୍ତା	20	20	7	20	LEV 14:4
ଜୀଅନ୍ତାଟି	4	4	1	4	1KI 3:22
ଜୀତ	31	31	16	26	GEN 8:11
ଜୀତକ୍ଷେତ୍ର	4	4	4	4	JOS 24:13
ଜୀତକ୍ଷେତ୍ରସବୁ	1	1	1	1	JDG 15:5
ଜୀତତୈଳ	1	1	1	0	DEU 8:8
ଜୀତପର୍ବତ	2	2	1	4	MAT 21:1
ଜୀତଫଳ	1	1	1	1	JAS 3:12
ଜୀତବୃକ୍ଷ	10	10	8	13	DEU 6:11
ଜୀତବୃକ୍ଷର	3	3	3	4	DEU 28:40
ଜୀତବୃକ୍ଷରୁ	1	1	1	1	DEU 24:20
ଜୀତଶାଖା	2	2	1	2	NEH 8:15
ଜୀନା	1	1	1	1	TIT 3:13
ଜୀବ	6	6	3	7	LEV 11:2
ଜୀବଗଣର	1	1	1	1	NUM 31:26
ଜୀବଜନ୍ତୁ	5	5	2	5	GEN 6:17
ଜୀବଜନ୍ତୁର	1	1	1	1	GEN 6:19
ଜୀବତ	3	3	1	0	JER 4:2
ଜୀବଦ୍ଦଶାରେ	4	4	3	4	GEN 25:6
ଜୀବନ	190	190	40	235	GEN 3:20
ଜୀବନ-ଝର	1	1	1	1	PRO 13:14
ଜୀବନ-ପଥରେ	1	1	1	1	PRO 10:17
ଜୀବନ-ପୁସ୍ତକରୁ	1	1	1	1	PSA 69:28
ଜୀବନ-ବାୟୁ	1	1	1	0	REV 11:11
ଜୀବନ-ବୃକ୍ଷ	2	2	1	2	PRO 13:12
ଜୀବନକୁ	7	7	4	11	JOB 9:21
ଜୀବନକୂପ	1	1	1	1	GEN 16:14
ଜୀବନଜନକ	1	1	1	1	PRO 10:16
ଜୀବନଦାତା	2	2	2	2	PSA 42:8
ଜୀବନଦାୟକ	22	22	9	24	PRO 3:18
ଜୀବନଧାରଣ	4	4	2	3	LEV 25:35
ଜୀବନପ୍ରାପ୍ତି	1	1	1	1	ACT 11:18
ଜୀବନବୃକ୍ଷ	1	1	1	2	REV 22:2
ଜୀବନବୃକ୍ଷର	1	1	1	0	REV 2:7
ଜୀବନଯାଏ	9	9	5	9	JOS 24:31
ଜୀବନଯାତ୍ରା	1	1	1	0	LUK 8:14
ଜୀବନଯାତ୍ରାର	1	1	1	1	HEB 13:7
ଜୀବନର	38	38	19	52	2KI 25:30
ଜୀବନରକ୍ଷାର୍ଥେ	1	1	1	1	GEN 6:20
ଜୀବନରୁ	1	1	1	0	EPH 4:18
ଜୀବନରୂପ	8	8	7	8	GEN 9:5
ଜୀବନରେ	14	14	10	25	JOS 9:20
ଜୀବନ୍ତ	17	17	7	20	MAT 16:16
ଜୀବମାନଙ୍କ	1	1	1	1	NUM 35:3
ଜୀବମାନଙ୍କର	1	1	1	1	REV 8:9
ଜୀବମାନଙ୍କୁ	1	1	1	1	NUM 31:27
ଜୀବର	1	1	1	1	JOB 12:10
ଜୀବାତ୍ମାର	1	1	1	1	JER 38:16
ଜୀବିକା	3	3	2	2	LUK 21:34
ଜୀବିତ	241	241	40	268	GEN 2:7
ଜୀବିତ-ବନ୍ଦୀ	1	1	1	0	2CH 25:12
ଜୀବିତଙ୍କର	1	1	1	1	LUK 24:5
ଜୀବିତଥିବା	1	1	1	0	EZK 33:27
ଜୀବିତମାନଙ୍କ	14	14	5	14	JOB 28:13
ଜୀବିତମାନଙ୍କର	4	4	4	4	MAT 22:32
ଜୀବିତା	6	6	5	4	GEN 12:12
ଜୀରା	3	3	1	3	ISA 28:25
ଜୀରାର	1	1	1	1	MAT 23:23
ଜୀର୍ଣ୍ଣ	13	13	7	9	DEU 8:4
ଜୀର୍ଣ୍ଣ-ପଦାର୍ଥ	1	1	1	1	JOB 13:28
ଜୀର୍ଣ୍ଣ-ସଂସ୍କାର	1	1	1	0	NEH 3:8
ଜୀର୍ଣ୍ଣପତ୍ର	2	2	1	2	ISA 34:4
ଜୀର୍ଣ୍ଣସଂସ୍କାର	44	44	3	2	2CH 24:4
ଜୀର୍ଣ୍ଣା	1	1	1	1	EZK 23:43
ଜୁଆଁଇ	11	11	4	11	GEN 19:12
ଜୁଆଁଇକି	1	1	1	1	JDG 19:5
ଜୁଆଁଇମାନଙ୍କୁ	1	1	1	1	GEN 19:14
ଜୁଆଁଇମାନେ	1	1	1	1	GEN 19:14
ଜୁଆଳି	2	2	1	3	MAT 11:29
ଜେବଦିଙ୍କ	2	2	2	0	MAT 10:2
ଜେବଦୀଙ୍କ	9	9	3	12	MAT 4:21
ଜେବଦୀଙ୍କି	1	1	1	1	MRK 1:20
ଜୈତୁନ	3	3	2	3	2SA 15:30
ଜୋକର	1	1	1	1	PRO 30:15
ଜୋଡ଼ର	1	1	1	1	JHN 18:1
ଜୋତା	2	2	1	4	JOS 9:5
ଜୋତାର	1	1	1	1	GEN 14:23
ଜ୍ଞାତ	139	139	43	131	GEN 9:24
ଜ୍ଞାତବ୍ୟ	1	1	1	1	ROM 1:19
ଜ୍ଞାତସାର	1	1	1	1	PSA 119:79
ଜ୍ଞାତସାରରେ	1	1	1	1	ACT 5:2
ଜ୍ଞାତି	21	21	7	22	GEN 12:1
ଜ୍ଞାତିକି	2	2	2	1	NUM 27:11
ଜ୍ଞାତିକୁଟୁମ୍ବ	1	1	1	1	ACT 7:14
ଜ୍ଞାତିବର୍ଗ	1	1	1	1	PSA 38:11
ଜ୍ଞାତିମାନଙ୍କ	9	9	3	9	GEN 24:4
ଜ୍ଞାତିମାନଙ୍କର	2	2	2	2	GEN 27:29
ଜ୍ଞାତିମାନଙ୍କୁ	1	1	1	1	JOB 19:13
ଜ୍ଞାତିହୀନ	1	1	1	1	RUT 4:14
ଜ୍ଞାନ	265	265	43	271	GEN 3:5
ଜ୍ଞାନକୁ	3	3	2	5	PRO 7:4
ଜ୍ଞାନଗୋଚର	1	1	1	0	EXO 21:1
ଜ୍ଞାନଚକ୍ଷୁ	2	2	1	2	2CO 3:14
ଜ୍ଞାନଜନକ	2	2	1	2	PRO 1:2
ଜ୍ଞାନଦାୟକ	5	5	4	5	GEN 2:9
ଜ୍ଞାନଦୀପ୍ତି	1	1	1	1	DAN 5:11
ଜ୍ଞାନପୂର୍ଣ୍ଣ	1	1	1	1	1CO 1:25
ଜ୍ଞାନପ୍ରାପ୍ତ	3	3	3	2	EXO 36:2
ଜ୍ଞାନବତୀ	3	3	3	3	JDG 5:29
ଜ୍ଞାନବର୍ଜ୍ଜିତ	3	3	1	3	JOB 34:35
ଜ୍ଞାନବାନ	50	50	15	51	DEU 4:6
ଜ୍ଞାନବାନମାନଙ୍କ	1	1	1	1	PRO 22:17
ଜ୍ଞାନବାନର	8	8	2	8	PRO 13:14
ଜ୍ଞାନବିଶିଷ୍ଟ	2	2	2	2	PSA 90:12
ଜ୍ଞାନବିହୀନ	1	1	1	1	JER 51:17
ଜ୍ଞାନଯୁକ୍ତ	2	2	2	2	PRO 14:7
ଜ୍ଞାନର	38	38	18	49	1KI 4:34
ଜ୍ଞାନରହିତ	3	3	1	3	JOB 4:21
ଜ୍ଞାନରୂପ	4	4	4	4	PRO 14:18
ଜ୍ଞାନରେ	46	46	21	46	EXO 35:26
ଜ୍ଞାନସଙ୍ଗତ	1	1	1	1	JAS 3:13
ଜ୍ଞାନସୂଚକ	1	1	1	1	JOB 13:5
ଜ୍ଞାନସ୍ୱରୂପ	1	1	1	1	1CO 1:24
ଜ୍ଞାନହୀନ	3	3	3	4	JOB 26:3
ଜ୍ଞାନାନୁସାରେ	3	3	3	3	1KI 2:6
ଜ୍ଞାନି	1	1	1	1	ZEC 9:2
ଜ୍ଞାନୀ	59	59	18	63	GEN 41:33
ଜ୍ଞାନୀ-ମାନଙ୍କର	1	1	1	0	ECC 7:5
ଜ୍ଞାନୀକି	2	2	1	0	PRO 9:8
ଜ୍ଞାନୀଙ୍କର	1	1	1	1	JOB 37:16
ଜ୍ଞାନୀମାନଙ୍କ	7	7	3	7	PRO 14:24
ଜ୍ଞାନୀମାନଙ୍କର	4	4	3	5	DEU 16:19
ଜ୍ଞାନୀମାନଙ୍କୁ	6	6	5	6	ECC 9:11
ଜ୍ଞାନୀମାନେ	8	8	5	8	JOB 15:18
ଜ୍ଞାନୀର	8	8	2	11	PRO 12:18
ଜ୍ଞାନୀଲୋକ	1	1	1	1	EZK 27:8
ଜ୍ଞାନେନ୍ଦ୍ରିୟଗୁଡ଼ିକର	1	1	1	1	HEB 5:14
ଜ୍ୟେଷ୍ଠ	47	47	14	47	GEN 10:15
ଜ୍ୟେଷ୍ଠଠାରୁ	1	1	1	1	GEN 44:12
ଜ୍ୟେଷ୍ଠପୁତ୍ର	2	2	2	1	GEN 25:13
ଜ୍ୟେଷ୍ଠପୁତ୍ରର	1	1	1	1	JOS 6:26
ଜ୍ୟେଷ୍ଠର	2	2	2	2	GEN 41:51
ଜ୍ୟେଷ୍ଠା	6	6	2	6	GEN 19:31
ଜ୍ୟେଷ୍ଠାଧିକାର	9	9	4	10	GEN 25:31
ଜ୍ୟେଷ୍ଠାଧିକାରରେ	1	1	1	1	GEN 25:32
ଜ୍ୟେଷ୍ଠାଧିକାରାନୁସାରେ	1	1	1	1	1CH 5:1
ଜ୍ୟେଷ୍ଠାର	3	3	3	3	GEN 29:16
ଜ୍ୟୋତି	2	2	2	3	GEN 1:16
ଜ୍ୟୋତିଃ	33	33	8	33	ISA 10:17
ଜ୍ୟୋତିଃକି	1	1	1	0	JHN 3:20
ଜ୍ୟୋତିଃର	1	1	1	1	JHN 12:36
ଜ୍ୟୋତିଃରେ	4	4	2	6	JHN 5:35
ଜ୍ୟୋତିଃସ୍ୱରୂପ	1	1	1	3	ISA 60:20
ଜ୍ୟୋତିକି	1	1	1	0	EZK 32:8
ଜ୍ୟୋତିରେ	1	1	1	0	1JN 1:7
ଜ୍ୟୋତିର୍ଗଣ	3	3	1	3	GEN 1:14
ଜ୍ୟୋତିର୍ଗଣର	1	1	1	0	JAS 1:17
ଜ୍ୟୋତିର୍ନିବାସୀ	2	2	2	0	1TI 6:16
ଜ୍ୟୋତିର୍ମୟ	1	1	1	1	EZK 8:2
ଜ୍ୟୋତିଷମାନେ	1	1	1	1	ISA 47:13
ଜ୍ୟୋତ୍ସ୍ନା	3	3	2	3	ISA 13:10
ଜ୍ୟୋସ୍ନାରେ	1	1	1	1	JOB 31:26
ଜ୍ୱର	8	8	7	8	LEV 26:16
ଜ୍ୱରକୁ	1	1	1	1	LUK 4:39
ଜ୍ୱରରେ	2	2	2	2	MAT 8:14
ଜ୍ୱଳ	13	13	7	4	JOB 41:19
ଜ୍ୱଳଇ	1	1	1	1	HOS 7:6
ଜ୍ୱଳନରେ	1	1	1	1	ISA 33:14
ଜ୍ୱଳନୀୟ	1	1	1	1	ISA 9:5
ଜ୍ୱଳନ୍ତା	6	6	4	6	PSA 140:10
ଜ୍ୱଳାଅ	1	1	1	1	EZK 24:10
ଜ୍ୱଳାଇ	13	13	7	13	1KI 9:25
ଜ୍ୱଳାଇଅଛ	1	1	1	1	JER 44:23
ଜ୍ୱଳାଇଅଛନ୍ତି	2	2	2	2	2KI 22:17
ଜ୍ୱଳାଇଅଛୁ	1	1	1	1	EZK 20:48
ଜ୍ୱଳାଇଥିଲେ	1	1	1	1	2KI 23:8
ଜ୍ୱଳାଇବ	6	6	3	6	EXO 30:7
ଜ୍ୱଳାଇବା	24	24	10	23	EXO 30:1
ଜ୍ୱଳାଇବାକୁ	2	2	2	2	1SA 2:28
ଜ୍ୱଳାଇବାର	1	1	1	1	JER 44:18
ଜ୍ୱଳାଇବାରେ	1	1	1	1	JER 1:16
ଜ୍ୱଳାଇବୁ	1	1	1	1	JER 44:17
ଜ୍ୱଳାଇବେ	3	3	1	2	EZK 39:9
ଜ୍ୱଳାଇଲା	1	1	1	1	HOS 2:13
ଜ୍ୱଳାଇଲୁ	1	1	1	1	JER 44:19
ଜ୍ୱଳାଇଲେ	18	18	7	18	EXO 25:37
ଜ୍ୱଳାଉଅଛ	1	1	1	1	ISA 50:11
ଜ୍ୱଳାଉଅଛନ୍ତି	1	1	1	0	1KI 13:2
ଜ୍ୱଳାଉଥିଲେ	1	1	1	1	2KI 18:4
ଜ୍ୱଳାଏ	5	5	5	5	DEU 32:22
ଜ୍ୱଳାନ୍ତି	3	3	1	3	JER 7:18
ଜ୍ୱଳି	7	7	5	6	EXO 22:6
ଜ୍ୱଳିଉଠି	2	2	2	1	ACT 17:5
ଜ୍ୱଳିବ	4	4	3	4	PSA 79:5
ଜ୍ୱଳିବା	1	1	1	1	DEU 5:23
ଜ୍ୱଳିଲା	1	1	1	1	DEU 4:11
ଜ୍ୱଳିଲେ	1	1	1	1	NUM 5:30
ଜ୍ୱଳୁଅଛି	1	1	1	1	DEU 32:22
ଜ୍ୱଳୁଅଛୁ	2	2	1	2	ZEC 8:2
ଜ୍ୱଳୁଥିଲା	2	2	2	2	DEU 9:15
ଜ୍ୱଳେ	3	3	2	3	NUM 5:14
ଜ୍ୱାଳା	1	1	1	1	DEU 28:22
ଜ୍ୱାଳାଦାୟୀ	1	1	1	1	DEU 8:15
ଜ୍ୱାଳାଯୁକ୍ତ	1	1	1	0	ZEC 1:14
ଜ୍ୱାଳାରେ	3	3	3	3	DEU 32:24
ଜୟ	52	52	18	54	GEN 14:6
ଜୟକାରୀ	1	1	1	1	PRO 16:32
ଜୟତୀର	2	2	1	2	2KI 13:17
ଜୟଧ୍ୱନି	39	39	14	41	NUM 23:21
ଜୟଧ୍ୱନିର	2	2	2	2	EXO 32:18
ଜୟଧ୍ୱନିରେ	2	2	2	2	1SA 4:5
ଜୟଧ୍ୱନୀ	2	2	2	0	GAL 4:27
ଜୟଯୁକ୍ତ	11	11	8	11	2CH 13:18
ଜୟଲାଭ	2	2	2	2	1SA 17:50
ଜୟସ୍ତମ୍ଭ	1	1	1	1	1SA 15:12
ଜୟୀ	7	7	4	7	GEN 32:28
ଝଞ୍ଜା	1	1	1	1	JON 4:8
ଝଟକିଲେ	1	1	1	1	EZK 1:7
ଝଟକେ	1	1	1	1	JOB 41:18
ଝଟା	1	1	1	1	LAM 3:45
ଝଡ଼	10	10	6	14	PSA 83:15
ଝଡ଼ମୟ	1	1	1	1	PSA 50:3
ଝଡ଼ର	1	1	1	1	ISA 28:2
ଝଡ଼ରୁ	1	1	1	1	ISA 32:2
ଝଡ଼ା	2	2	2	2	NEH 5:13
ଝଡ଼ି	3	3	2	3	DEU 28:40
ଝଡ଼ିପଡ଼ିବ	1	1	1	1	JAS 1:10
ଝଡ଼ିପଡ଼େ	2	2	2	2	JAS 1:11
ଝଡ଼ିବ	1	1	1	1	MAL 3:11
ଝନ୍ଝନ୍	1	1	1	1	JOB 39:23
ଝମ୍	2	2	1	2	1CO 13:1
ଝର	8	8	7	8	GEN 36:24
ଝରକା	18	18	11	19	GEN 6:16
ଝରକାର	1	1	1	1	PRO 7:6
ଝରକାରେ	5	5	4	5	JOS 2:18
ଝରକାସବୁ	1	1	1	1	ISA 24:18
ଝରଣା	4	4	3	4	LEV 20:18
ଝରମୟ	1	1	1	1	PSA 107:35
ଝରିବା	1	1	1	1	JOB 28:11
ଝରେ	1	1	1	2	ECC 10:18
ଝଲମଲ	3	3	3	3	JOB 39:23
ଝାଁ	4	4	2	4	1SA 3:11
ଝାଉଁ	3	3	2	4	GEN 21:33
ଝାଉଁଗଛ	1	1	1	1	1SA 22:6
ଝାଉଁବୃକ୍ଷ	1	1	1	0	1SA 31:13
ଝାଉଁଳି	1	1	1	1	JAS 1:11
ଝାଙ୍କ	7	7	4	0	EXO 8:21
ଝାଞ୍ଜି	1	1	1	1	PSA 11:6
ଝାଞ୍ଜିରୀ	6	6	1	6	EXO 27:4
ଝାଞ୍ଜିରୀର	1	1	1	1	EXO 38:5
ଝାଟି	1	1	1	1	ISA 64:2
ଝାଟୋଇ	1	1	1	0	1KI 14:10
ଝାଟୋଇଦିଏ	1	1	1	0	1KI 14:10
ଝାଟୋଇଦେବା	1	1	1	0	1KI 16:3
ଝାଟୋଇଦେବି	1	1	1	0	1KI 21:21
ଝାଡ଼ି	15	15	8	15	NEH 5:13
ଝାଡ଼ିଦିଅ	2	2	2	1	MAT 10:14
ଝାଡ଼ିଦେଇ	1	1	1	1	ACT 13:51
ଝାଡ଼ିପକାଅ	1	1	1	1	LUK 9:5
ଝାଡ଼ିବ	2	2	1	2	LEV 25:3
ଝାଡ଼ିବା	2	2	2	2	ISA 24:13
ଝାଡ଼ିବାକୁ	1	1	1	1	RUT 3:2
ଝାଡ଼ିବି	1	1	1	1	JDG 16:20
ଝାଡ଼ିବେ	1	1	1	1	ISA 27:12
ଝାଡ଼ୁ	1	1	1	1	ISA 14:23
ଝାମ୍ପ	2	2	2	2	JOB 9:26
ଝାଲର	4	4	1	5	NUM 15:38
ଝାଳ	1	1	1	2	LUK 22:44
ଝାଳରେ	1	1	1	1	GEN 3:19
ଝିଅ	2	2	2	3	GEN 31:41
ଝିଅଟି	2	2	2	2	MAT 9:18
ଝିଅଟିକି	1	1	1	0	MRK 7:25
ଝିଅଟିକୁ	1	1	1	2	MAT 15:22
ଝିଅଠାରୁ	2	2	1	2	MRK 7:26
ଝିଙ୍କ	3	3	2	11	ISA 14:23
ଝିଙ୍କାରୀ	1	1	1	1	LEV 11:22
ଝିଟିପିଟି	2	2	2	2	LEV 11:30
ଝିଣ୍ଟିକା	1	1	1	1	LEV 11:22
ଝିଲ	1	1	1	1	EZK 47:11
ଝିଲରେ	1	1	1	1	JOB 40:21
ଝୁଣା	3	3	3	3	GEN 6:14
ଝୁଣାରେ	1	1	1	1	ISA 34:9
ଝୁଣ୍ଟାଇ	2	2	2	2	JER 46:16
ଝୁଣ୍ଟି	25	25	12	26	LEV 26:37
ଝୁଣ୍ଟିପଡ଼ିବ	1	1	1	1	2PE 1:10
ଝୁଣ୍ଟିପଡ଼ିବାରୁ	1	1	1	1	PSA 116:8
ଝୁଣ୍ଟିପଡ଼ିବେ	1	1	1	0	JER 20:11
ଝୁଣ୍ଟିପଡ଼ୁ	1	1	1	1	JAS 3:2
ଝୁଣ୍ଟିପଡ଼େ	1	1	1	1	JAS 2:10
ଝୁଣ୍ଟିବ	2	2	1	2	PRO 3:23
ଝୁଣ୍ଟିବା	1	1	1	1	JER 13:16
ଝୁଣ୍ଟିବାର	6	6	5	6	LEV 19:14
ଝୁଣ୍ଟିବେ	1	1	1	1	JER 31:9
ଝୁଣ୍ଟିଲେ	2	2	2	2	ISA 63:13
ଝୁଣ୍ଟେ	2	2	1	2	JHN 11:9
ଝୁମୁକା	1	1	1	1	JDG 8:26
ଝୁମ୍ପା	6	6	4	5	DEU 22:12
ଝୁରିବାରୁ	1	1	1	1	GEN 31:30
ଝୁଲନ୍ତି	1	1	1	1	JOB 28:4
ଝୁଲାଇ	1	1	1	1	NEH 6:1
ଝୁଲାଇଲି	1	1	1	1	NEH 7:1
ଝୁଲାନ୍ତି	1	1	1	1	JOB 26:7
ଝୁଲି	1	1	1	1	1SA 17:40
ଝୁଲିବ	1	1	1	1	EXO 26:13
ଝୁଲିରେ	3	3	2	3	1SA 17:40
ଝୁଲିଲା	1	1	1	1	2SA 18:9
ଝୁଲୁଥିବାର	1	1	1	0	ACT 28:4
ଝୋଲି	6	6	3	6	MAT 10:10
ଝୋଳ	5	5	4	5	JDG 6:19
ଟଙ୍କା	40	40	9	39	GEN 42:25
ଟଙ୍କାକୁ	2	2	1	2	REV 6:6
ଟଙ୍କାଟି	1	1	1	1	LUK 15:9
ଟଙ୍କାଥଳୀ	2	2	1	2	JHN 12:6
ଟଙ୍କାପୁଡ଼ିଆ	2	2	1	1	GEN 42:35
ଟଙ୍କାର	2	2	2	1	MRK 6:37
ଟଙ୍କାରୁ	1	1	1	2	MRK 14:5
ଟଙ୍କାରେ	3	3	3	2	MAT 26:9
ଟଙ୍ଗା	5	5	4	5	DEU 21:23
ଟଙ୍ଗାଅ	1	1	1	1	NUM 25:4
ଟଙ୍ଗାଇ	12	12	8	12	EXO 26:33
ଟଙ୍ଗାଇବ	3	3	1	3	EXO 26:32
ଟଙ୍ଗାଇବା	1	1	1	1	EZK 15:3
ଟଙ୍ଗାଇବେ	2	2	2	2	GEN 40:19
ଟଙ୍ଗାଇଲେ	7	7	6	7	GEN 40:22
ଟଙ୍ଗାଗଲା	2	2	2	2	2SA 21:12
ଟଙ୍ଗାଥିବାର	1	1	1	1	2SA 18:10
ଟଙ୍ଗାଯାଇ	3	3	3	3	MAT 18:6
ଟଙ୍ଗାଯାଉ	1	1	1	1	EZR 6:11
ଟଙ୍ଗାଯାଏ	2	2	2	2	DEU 21:23
ଟଙ୍ଗାଯିବା	1	1	1	1	2SA 21:13
ଟଣା	2	2	1	3	HAB 1:15
ଟଣାଜାଲ	1	1	1	0	MAT 13:47
ଟଣାଟଣି	1	1	1	1	GEN 39:12
ଟବଲୀୟ	1	1	1	0	1CH 26:11
ଟବ୍ବତ	1	1	1	1	JDG 7:22
ଟବ୍ବାୟୋତର	2	2	2	2	EZR 2:43
ଟବ୍ରିମ୍ମୋଣର	1	1	1	1	1KI 15:18
ଟର୍ପଲୀୟ	1	1	1	1	EZR 4:9
ଟଲମୋନର	2	2	2	0	EZR 2:42
ଟଲମୋନ୍	1	1	1	0	NEH 12:25
ଟଲାୟୀମରେ	1	1	1	1	1SA 15:4
ଟଲିଥାକୂମ୍	1	1	1	0	MRK 5:41
ଟଲ୍ମୋନ	1	1	1	3	NEH 11:19
ଟଲ୍ମୋନ୍	1	1	1	0	1CH 9:17
ଟଳ	6	6	2	6	PSA 60:2
ଟଳଟଳ	9	9	4	9	JOB 9:6
ଟଳଟଳଜନକ	1	1	1	1	ZEC 12:2
ଟଳମଳ	6	6	4	6	2SA 22:8
ଟଳମଳକାରିଣୀ	1	1	1	1	PSA 60:3
ଟଳାଇ	1	1	1	0	LUK 6:48
ଟଳି	1	1	1	1	ISA 13:13
ଟଳିଗଲା	1	1	1	1	PSA 73:2
ଟଳିବ	1	1	1	1	ISA 54:10
ଟଳିବେ	1	1	1	1	ISA 54:10
ଟାଙ୍ଗରା	5	5	3	5	JER 47:5
ଟାଙ୍ଗରାମୁଣ୍ଡା	2	2	1	2	2KI 2:23
ଟାଙ୍ଗି	1	1	1	3	1SA 31:10
ଟାଙ୍ଗିଆ	1	1	1	1	PSA 74:6
ଟାଙ୍ଗିଦେଲେ	2	2	2	0	2SA 21:9
ଟାଣ	1	1	1	0	2SA 19:43
ଟାଣି	30	30	17	34	GEN 19:10
ଟାଣିଅଛନ୍ତି	1	1	1	1	LAM 2:8
ଟାଣିଆଣ	1	1	1	0	JER 12:3
ଟାଣିଆଣି	2	2	1	3	ACT 8:3
ଟାଣିଆଣିଲେ	1	1	1	0	JHN 21:11
ଟାଣିନିଅନ୍ତି	1	1	1	1	JAS 2:6
ଟାଣିନେଇ	1	1	1	1	ACT 5:37
ଟାଣିନେବା	1	1	1	1	ACT 20:30
ଟାଣିବା	1	1	1	2	2KI 21:13
ଟାଣିବେ	1	1	1	1	ISA 34:11
ଟାଣିଲେ	1	1	1	1	1SA 15:27
ଟାଣୀ	1	1	1	1	LEV 13:58
ଟାଣୀର	1	1	1	1	LEV 13:59
ଟାଣୀରୁ	1	1	1	1	LEV 13:56
ଟାଣୀରେ	6	6	1	6	LEV 13:48
ଟାଣୁଅଛ	1	1	1	1	JOB 13:27
ଟାଣେ	3	3	3	3	JOB 20:25
ଟାଫତ୍	1	1	1	1	1KI 4:11
ଟାବୀଥା	2	2	1	2	ACT 9:36
ଟାବେଲ	1	1	1	1	EZR 4:7
ଟାବେଲର	1	1	1	1	ISA 7:6
ଟାହୁଲି	3	3	2	2	PSA 73:8
ଟିକର	4	4	3	2	JOS 11:13
ଟିକିଏ	16	16	10	15	NUM 16:8
ଟିକେ	1	1	1	2	MAT 25:8
ଟିଟ୍ଟିଭ	2	2	2	2	LEV 11:19
ଟିପ	1	1	1	1	LUK 16:24
ଟିପା	1	1	1	1	ISA 1:6
ଟିପି	1	1	1	0	NAM 2:12
ଟିପିଥିଲେ	1	1	1	0	EZK 23:21
ଟିପିଲେ	2	2	1	0	EZK 23:3
ଟିଭତ୍	1	1	1	1	1CH 18:8
ଟୀକାଗ୍ରନ୍ଥରେ	1	1	1	1	2CH 13:22
ଟୀକାରେ	1	1	1	1	2CH 24:27
ଟୀମାୟର	1	1	1	1	MRK 10:46
ଟେକ	6	6	3	6	PSA 24:7
ଟେକି	13	13	9	9	EXO 17:12
ଟେକିଥିବା	1	1	1	1	EXO 17:11
ଟେକିବ	2	2	1	2	JOB 11:15
ଟେକିବା	3	3	3	3	PSA 28:2
ଟେକିବାକୁ	2	2	2	2	EZR 9:6
ଟେକିବି	1	1	1	0	2SA 2:22
ଟେକୁଅଛ	1	1	1	1	EZK 33:25
ଟେକେ	1	1	1	1	PRO 14:29
ଟେଟ୍	1	1	1	1	PSA 119:64
ଟେବହ	1	1	1	1	GEN 22:24
ଟେବେତ୍	1	1	1	1	EST 2:16
ଟେମା	1	1	1	0	ISA 21:14
ଟେଲମ୍	2	2	2	2	JOS 15:24
ଟେଳା	4	4	4	4	JOB 38:38
ଟୋକାଇ	7	7	4	2	MAT 14:20
ଟୋକାଇରୁ	1	1	1	1	PSA 81:6
ଟୋକାଇରେ	2	2	2	2	JER 6:9
ଟୋପର	7	7	5	7	1SA 17:5
ଟୋପରଧାରୀ	1	1	1	1	EZK 38:5
ଟୋପା	8	8	3	8	JOB 29:22
ଟୋବଦୋନୀୟ	1	1	1	1	2CH 17:8
ଟୋବର	2	2	1	2	2SA 10:6
ଟୋବୀୟ	12	12	3	13	2CH 17:8
ଟୋବୀୟର	6	6	3	6	EZR 2:60
ଟୋବ୍	2	2	1	0	JDG 11:3
ଟୋଲା	1	1	1	1	ISA 30:13
ଟୋଲାପୋଲା	1	1	1	1	LEV 14:37
ଠାକୁର	2	2	2	2	JDG 17:5
ଠାକୁରମାନ	4	4	1	4	JDG 18:14
ଠାକୁରମାନଙ୍କୁ	4	4	2	4	GEN 31:19
ଠାକୁରମାନର	1	1	1	1	1SA 15:23
ଠାକୁରମାନେ	1	1	1	0	ZEC 10:2
ଠାକୁରହୀନ	1	1	1	1	HOS 3:4
ଠାବର	1	1	1	0	GEN 29:4
ଠାର	1	1	1	1	PRO 10:10
ଠାରଇ	1	1	1	1	PRO 6:13
ଠାରି	1	1	1	1	ACT 12:17
ଠାରିଲେ	1	1	1	1	LUK 5:7
ଠାରୁ	5	5	5	59	JOS 16:1
ଠାରେ	6	6	4	16	2CH 20:20
ଠିଆ	486	486	42	518	GEN 12:8
ଠିଆପଟା	2	2	1	2	EXO 26:15
ଠିଆହେବା	1	1	1	0	JER 40:10
ଠିଆହୋଇ	5	5	4	1	1KI 3:15
ଠିକ୍	9	9	6	15	EXO 24:10
ଠେକୁଆ	2	2	2	2	LEV 11:6
ଠେଙ୍ଗା	4	4	4	5	PRO 14:3
ଠେଲନ୍ତି	1	1	1	1	JOL 2:8
ଠେଲି	3	3	3	3	NUM 22:25
ଡକା	6	6	5	4	GEN 41:55
ଡକାଇ	44	44	15	42	GEN 26:9
ଡକାଇ-ପଠାଇଲେ	1	1	1	0	MRK 3:31
ଡକାଇଅଛନ୍ତି	1	1	1	1	ACT 10:29
ଡକାଇତ	9	9	6	7	EZK 18:10
ଡକାଇତ-ଦଳ	1	1	1	0	HOS 7:1
ଡକାଇତଙ୍କ	1	1	1	1	2CO 11:26
ଡକାଇତଙ୍କୁ	1	1	1	0	MRK 15:27
ଡକାଇତମାନଙ୍କ	2	2	1	4	LUK 10:30
ଡକାଇତମାନଙ୍କର	1	1	1	0	JOB 12:6
ଡକାଇତମାନଙ୍କୁ	1	1	1	2	ACT 21:38
ଡକାଇତମାନେ	3	3	3	2	EZK 7:22
ଡକାଇପଠାଇ	1	1	1	1	ACT 10:22
ଡକାଇବା	1	1	1	1	ACT 24:25
ଡକାଇଲା	4	4	3	4	JOS 24:9
ଡକାଇଲି	1	1	1	1	1SA 28:15
ଡକାଇଲେ	8	8	5	8	GEN 41:8
ଡକାଉ	1	1	1	1	JAS 5:14
ଡକାଗଲେ	1	1	1	1	JOS 8:16
ଡକାନ୍ତେ	1	1	1	1	2SA 14:33
ଡକାଯାଆନ୍ତେ	1	1	1	1	ACT 24:2
ଡକାଯାଉ	1	1	1	1	DAN 5:12
ଡକାଯିବ	1	1	1	1	ISA 62:4
ଡକାଯିବାର	2	2	1	1	LUK 15:19
ଡକାୟତ	1	1	1	3	PRO 23:28
ଡରନ୍ତି	1	1	1	1	JOB 30:10
ଡରାଇବ	1	1	1	1	JOB 13:25
ଡରିଲେ	1	1	1	1	DEU 32:17
ଡାକ	69	69	20	73	GEN 4:10
ଡାକଇ	1	1	1	1	PSA 42:7
ଡାକନ୍ତି	8	8	7	8	1SA 3:9
ଡାକନ୍ତୁ	1	1	1	1	JON 3:8
ଡାକନ୍ତେ	10	10	7	10	GEN 31:11
ଡାକରା	1	1	1	1	EST 4:11
ଡାକରାରେ	1	1	1	1	EST 4:11
ଡାକରେ	1	1	1	1	PRO 21:13
ଡାକି	152	152	29	155	GEN 3:9
ଡାକିଅଛନ୍ତି	2	2	1	4	2KI 3:10
ଡାକିଅଛି	1	1	1	1	PSA 17:6
ଡାକିଅଛୁ	2	2	2	2	ISA 45:4
ଡାକିଛ	1	1	1	1	JDG 14:15
ଡାକିଥାଉ	1	1	1	1	ROM 8:15
ଡାକିଥା’ନ୍ତି	1	1	1	1	JOB 9:16
ଡାକିନେଇ	1	1	1	0	ACT 10:23
ଡାକିବ	9	9	5	9	JOB 14:15
ଡାକିବା	20	20	11	18	NUM 16:12
ଡାକିବାକୁ	4	4	4	4	NUM 22:20
ଡାକିବାର	1	1	1	1	GEN 39:15
ଡାକିବି	4	4	2	4	1SA 12:17
ଡାକିବେ	7	7	5	7	PSA 50:4
ଡାକିଲ	3	3	2	3	JDG 8:1
ଡାକିଲା	14	14	10	10	GEN 31:54
ଡାକିଲି	9	9	6	9	2SA 22:7
ଡାକିଲୁ	3	3	3	3	EXO 31:2
ଡାକିଲେ	38	38	18	38	EXO 7:11
ଡାକୁ	2	2	1	2	PSA 69:3
ଡାକୁଅଛ	3	3	3	3	EXO 14:15
ଡାକୁଅଛନ୍ତି	3	3	3	3	1SA 3:8
ଡାକୁଅଛି	2	2	2	2	PRO 8:4
ଡାକୁଛି	1	1	1	1	MRK 15:35
ଡାକୁଣୁ	2	2	2	2	LUK 22:34
ଡାକୁଥାଆନ୍ତି	1	1	1	1	LUK 18:7
ଡାକେ	7	7	2	7	PSA 3:4
ଡାମରା	3	3	3	8	GEN 8:6
ଡାମରାକାଉ	3	3	3	0	DEU 14:14
ଡାମରାକୁଆ	1	1	1	0	SNG 5:11
ଡାମରାକୁଆମାନେ	1	1	1	0	PRO 30:17
ଡାରିକ୍	6	6	3	5	1CH 29:7
ଡାଲା	8	8	6	8	GEN 40:16
ଡାଲାରୁ	4	4	4	3	GEN 40:17
ଡାଲାରେ	8	8	6	6	GEN 40:17
ଡାଲାସ୍ଥିତ	1	1	1	1	EXO 29:32
ଡାଲି	3	3	1	3	GEN 25:29
ଡାଳ	11	11	8	11	NUM 13:23
ଡାଳକୁ	1	1	1	1	DEU 24:20
ଡାଳଗୁଡ଼ିକ	2	2	1	2	ROM 11:18
ଡାଳମାନଙ୍କ	1	1	1	1	EZK 31:13
ଡାଳରୁ	1	1	1	1	DAN 4:14
ଡାଳରେ	3	3	3	3	EZK 31:6
ଡାଳସବୁ	3	3	2	3	ISA 27:11
ଡାଳସମୂହ	1	1	1	1	EZK 31:10
ଡାଳିମ୍ବ	24	24	10	25	EXO 28:33
ଡାଳିମ୍ବଖଣ୍ଡ	2	2	1	1	SNG 4:3
ଡାଳିମ୍ବର	2	2	2	2	EXO 39:25
ଡାଳିମ୍ବରସ	1	1	1	1	SNG 8:2
ଡାଳିମ୍ବାକୃତି	3	3	2	3	2KI 25:17
ଡାହାଣ	13	13	7	52	EXO 29:22
ଡାହାଣକୁ	1	1	1	4	EZK 21:16
ଡାହାଣରେ	4	4	4	5	NUM 22:26
ଡିଆଁ	6	6	2	6	PSA 114:4
ଡିଏଁ	2	2	2	2	2SA 22:30
ଡିମିରି	67	67	26	0	GEN 3:7
ଡିମିରିଚକ୍ତି	2	2	2	0	1SA 25:18
ଡିମିରିଚକ୍ତିରୁ	1	1	1	0	1SA 30:12
ଡିମିରିଫଳ	2	2	2	0	2KI 18:31
ଡିମିରିବୃକ୍ଷସବୁର	1	1	1	0	1CH 27:28
ଡିମ୍ବ	6	6	2	6	DEU 22:6
ଡୁବାଇ	4	4	2	5	LEV 4:6
ଡୁବାଇବ	2	2	1	2	LEV 14:6
ଡୁବାଇଲେ	1	1	1	1	GEN 37:31
ଡୁବାଉ	1	1	1	0	DEU 33:24
ଡୁବାଯିବ	1	1	1	1	LEV 11:32
ଡୁବିବାମାତ୍ର	1	1	1	0	JOS 3:15
ଡେଇଁ	3	3	2	3	SNG 2:8
ଡେଇଁପଡ଼	2	2	2	2	MAT 4:6
ଡେଇଁପଡ଼ି	3	3	1	2	ACT 16:29
ଡେଇଁପଡ଼ିଲେ	1	1	1	1	JHN 21:7
ଡେଇଁବା	1	1	1	1	LEV 11:21
ଡେଙ୍ଗା	1	1	1	1	NUM 13:32
ଡେଣା	12	12	6	13	LEV 11:9
ଡେଣାରେ	1	1	1	1	DEU 32:11
ଡେର	11	11	6	11	JOS 24:23
ଡେରି	5	5	4	5	PSA 71:2
ଡେରିବ	1	1	1	1	PSA 10:17
ଡେରିଲି	1	1	1	1	PRO 5:13
ଡେରେ	1	1	1	1	PRO 29:12
ଡୋରି	1	1	1	1	JOS 2:21
ଡୋରିଆବସ୍ତ୍ର	1	1	1	0	PRO 7:16
ଢଳା	48	48	21	50	EXO 32:4
ଢଳାଇଲେ	2	2	2	2	1KI 7:46
ଢଳାକର୍ମର	2	2	1	2	1KI 7:30
ଢଳାଗଲା	3	3	3	4	EXO 38:27
ଢଳାଗଲାନ୍ତ	1	1	1	0	JOB 22:16
ଢଳାଯାଇଥିଲେ	1	1	1	0	2CH 4:3
ଢଳାଯାଉଅଛି	1	1	1	0	2TI 4:6
ଢଳାଯାଏ	2	2	2	2	JOB 3:24
ଢଳାଯିବ	5	5	4	4	DEU 12:27
ଢଳାଯିବା	1	1	1	1	2CH 4:3
ଢଳି	1	1	1	1	PSA 107:27
ଢଳିଅଛି	1	1	1	1	JER 1:13
ଢାଙ୍କି	4	4	3	4	GEN 29:3
ଢାଙ୍କିଅଛି	1	1	1	1	PSA 44:16
ଢାଙ୍କିଥାଏ	1	1	1	1	JOB 31:33
ଢାଙ୍କିବ	2	2	1	2	LEV 13:45
ଢାଙ୍କିବା	3	3	2	2	DEU 31:17
ଢାଙ୍କିବାର	1	1	1	1	NUM 4:15
ଢାଙ୍କିବେ	3	3	1	2	NUM 4:5
ଢାଙ୍କିଲା	1	1	1	0	EXO 24:15
ଢାଙ୍କିଲେ	1	1	1	1	2SA 19:4
ଢାଙ୍କୁ	1	1	1	1	JDG 3:24
ଢାଙ୍କୁଣି	1	1	1	1	NUM 19:15
ଢାଙ୍କୁଣୀ	1	1	1	1	2SA 17:19
ଢାଙ୍କୁଣୀରେ	1	1	1	1	2KI 12:9
ଢାଙ୍କେ	6	6	1	5	PRO 10:6
ଢାମ୍ପନ୍ତି	2	2	1	2	JER 14:3
ଢାମ୍ପିବେ	1	1	1	0	MIC 3:7
ଢାଲ	65	65	17	63	DEU 33:29
ଢାଲ-ବାହକ	1	1	1	0	1SA 17:7
ଢାଲଧାରୀ	2	2	2	2	2CH 17:17
ଢାଲବାହକ	2	2	2	3	1SA 17:41
ଢାଲର	1	1	1	1	JOB 15:26
ଢାଲରେ	3	3	2	3	1KI 10:16
ଢାଲସବୁ	3	3	3	3	2SA 8:7
ଢାଳ	6	6	6	6	EXO 4:9
ଢାଳନ୍ତି	5	5	3	5	JOB 12:21
ଢାଳରେ	1	1	1	1	2CH 9:15
ଢାଳି	41	41	16	45	GEN 24:20
ଢାଳିଅଛ	1	1	1	1	ISA 57:6
ଢାଳିଅଛନ୍ତି	3	3	3	3	PSA 79:3
ଢାଳିଅଛି	1	1	1	1	ISA 44:10
ଢାଳିଅଛୁ	2	2	1	2	EZK 22:22
ଢାଳିଦିଅ	3	3	3	3	PSA 79:6
ଢାଳିଦେଇଅଛି	1	1	1	1	MAT 26:12
ଢାଳିଦେବା	1	1	1	0	EZK 7:8
ଢାଳିଦେଲେ	4	4	4	1	LEV 8:15
ଢାଳିପକାଇବା	1	1	1	0	JER 48:12
ଢାଳିବ	13	13	3	13	EXO 26:37
ଢାଳିବା	15	15	8	15	EXO 25:29
ଢାଳିବାକୁ	2	2	2	2	MAT 26:7
ଢାଳିବାର	1	1	1	1	JER 44:18
ଢାଳିବୁ	1	1	1	1	JER 44:17
ଢାଳିବେ	1	1	1	1	HOS 9:4
ଢାଳିଲ	1	1	1	1	EZK 16:15
ଢାଳିଲା	2	2	2	2	GEN 28:18
ଢାଳିଲୁ	3	3	2	3	JER 44:19
ଢାଳିଲେ	17	17	9	17	GEN 35:14
ଢାଳୁଥିଲି	1	1	1	1	1SA 1:15
ଢାଳୁଥିଲେ	1	1	1	1	2KI 3:11
ଢାଳେ	2	2	2	2	JOB 16:20
ଢିଙ୍କିରେ	1	1	1	1	PRO 27:22
ଢିପି	19	19	10	16	DEU 13:16
ଢିପିମୟ	1	1	1	1	JER 51:37
ଢିପିରୁ	1	1	1	1	NEH 4:2
ଢିଲା	1	1	1	1	2KI 4:24
ଢୁଳାଇବାକୁ	2	2	2	2	PRO 6:4
ଢୁଳାଇବେ	1	1	1	1	ISA 5:27
ଢୁଳାଇଲେ	2	2	1	2	PRO 6:10
ଢୁଳାଉ	2	2	1	2	MAT 25:5
ଢେଉ	2	2	2	2	PSA 42:7
ଢୋକିବା	1	1	1	1	JOB 7:19
ଣ	8	8	7	1	LEV 21:23
ଣଆଉ	1	1	1	0	JER 19:1
ଣଆମ୍ଭେ	1	1	1	0	LEV 18:2
ଣକୁହ	1	1	1	0	JER 22:1
ଣଗୀତ	2	2	2	0	NUM 23:23
ଣଣଏବ୍ରୀ	1	1	1	0	PSA 33:6
ଣଣଗଣ	1	1	1	0	HEB 9:4
ଣଣପ୍ର	1	1	1	0	MAT 20:26
ଣଦ୍ୱି	1	1	1	0	1KI 22:7
ଣପରେ	1	1	1	0	MAT 2:1
ଣପ୍ରକା	1	1	1	0	REV 14:9
ଣହିତୋ	1	1	1	0	MRK 7:9
ତ	336	336	44	334	GEN 15:2
ତକେଲ	2	2	1	2	DAN 5:25
ତକୋୟ	3	3	2	4	2CH 11:6
ତକୋୟକୁ	1	1	1	1	2SA 14:2
ତକୋୟର	4	4	2	4	2SA 14:4
ତକୋୟସ୍ଥ	1	1	1	2	AMO 1:1
ତକୋୟୀୟ	4	4	3	3	2SA 23:26
ତକୋୟୀୟମାନେ	1	1	1	1	NEH 3:27
ତକ୍ତା	1	1	1	2	ACT 27:44
ତକ୍ତାସବୁ	1	1	1	0	EZK 27:5
ତଖମୋନୀୟ	1	1	1	1	2SA 23:8
ତଟ	1	1	1	1	SNG 5:13
ତଟରେ	2	2	1	2	GEN 41:3
ତଡ଼ା	1	1	1	1	JOB 30:8
ତଡ଼ାଇ	1	1	1	1	JOB 41:28
ତଡ଼ାଯିବ	1	1	1	1	JOB 18:18
ତଡ଼ି	57	57	16	70	EXO 2:17
ତଡ଼ିଦିଅନ୍ତି	1	1	1	0	JOB 24:4
ତଡ଼ିଦେଇ	9	9	7	9	DEU 4:38
ତଡ଼ିଦେବ	2	2	2	1	EXO 11:1
ତଡ଼ିଦେବା	6	6	5	4	EXO 33:2
ତଡ଼ିଦେବେ	2	2	1	2	JOS 3:10
ତଡ଼ିଦେଲ	1	1	1	0	GEN 4:14
ତଡ଼ିଦେଲା	7	7	2	7	JDG 1:19
ତଡ଼ିଦେଲି	1	1	1	1	NEH 13:28
ତଡ଼ିଦେଲେ	9	9	6	1	GEN 3:24
ତଡ଼ିନେଇ	1	1	1	1	JOS 7:5
ତଣ୍ଡ	1	1	1	0	DEU 22:9
ତଣ୍ଡିବଣ	1	1	1	1	ISA 35:7
ତତଲା	1	1	1	1	JOS 9:12
ତତୋଧିକ	12	12	7	12	EXO 36:7
ତତ୍-ସ୍ମରଣାର୍ଥକ	2	2	1	0	LEV 2:2
ତତ୍କାଳୀନ	3	3	3	3	GEN 23:16
ତତ୍କାଳେ	1	1	1	0	JDG 6:11
ତତ୍କ୍ଷଣାତ୍	27	27	6	11	GEN 44:30
ତତ୍କ୍ଷଣେ	1	1	1	1	DEU 29:20
ତତ୍ତନୟ	4	4	1	4	EZR 5:3
ତତ୍ତୁଲ୍ୟ	4	4	3	1	EXO 30:33
ତତ୍ତ୍ୱ	46	46	18	27	GEN 39:6
ତତ୍ତ୍ୱ-କଥା	1	1	1	1	ISA 29:24
ତତ୍ତ୍ୱଜ୍ଞାନ	5	5	1	5	PRO 2:5
ତତ୍ତ୍ୱଜ୍ଞାନରେ	1	1	1	1	COL 1:10
ତତ୍ତ୍ୱର	4	4	4	2	ROM 16:26
ତତ୍ତ୍ୱସମୂହ	2	2	2	1	MAT 13:11
ତତ୍ତ୍ୱାନୁସନ୍ଧାନ	15	15	8	14	EXO 3:16
ତତ୍ତ୍ୱାବଧାନ	17	17	9	17	GEN 21:1
ତତ୍ତ୍ୱାବଧାନରେ	1	1	1	1	1PE 5:2
ତତ୍ତ୍ୱାବଧାରକ	3	3	2	3	1CH 26:30
ତତ୍ତ୍ୱାବଧାରକମାନଙ୍କ	1	1	1	1	2CH 34:17
ତତ୍ତ୍ୱାବଧାରଣ	9	9	7	11	GEN 40:4
ତତ୍ତ୍ୱାବଧାରଣ-କର୍ମକାରୀ-ମାନଙ୍କ	2	2	1	0	2KI 22:5
ତତ୍ତ୍ୱାବଧାରଣର	1	1	1	1	EZR 3:9
ତତ୍ପ	1	1	1	0	ISA 34:1
ତତ୍ପର	2	2	2	2	PRO 22:29
ତତ୍ପରବର୍ତ୍ତୀ	1	1	1	1	1PE 1:11
ତତ୍ପରେ	44	44	8	37	MAT 24:14
ତତ୍ପୂରକ	1	1	1	1	DEU 33:16
ତତ୍ସମ୍ପର୍କୀୟ	1	1	1	1	EST 9:27
ତତ୍ସମ୍ବନ୍ଧରେ	1	1	1	0	EPH 6:20
ତତ୍ସମ୍ବନ୍ଧୀୟ	6	6	4	5	EXO 35:21
ତଥା	1	1	1	0	HOS 4:9
ତଥାକଥିତ	1	1	1	0	1TI 6:20
ତଥାପି	506	506	56	518	GEN 8:21
ତଥ୍ୟ	3	3	1	6	DAN 7:16
ତଥ୍ୟ-ବାର୍ତ୍ତା	1	1	1	1	2SA 15:28
ତଦ	2	2	1	0	JOB 28:27
ତଦଧିକ	1	1	1	1	2KI 3:21
ତଦନନ୍ତର	3	3	2	2	GEN 37:12
ତଦନୁଯାୟୀ	4	4	4	4	NEH 1:9
ତଦନୁସାରେ	133	133	32	132	GEN 21:23
ତଦପେକ୍ଷା	3	3	2	1	2SA 13:15
ତଦବଧି	3	3	3	1	JOS 14:10
ତଦାରୂଢ଼	1	1	1	1	GEN 49:17
ତଦାରୋହୀକି	3	3	2	0	JER 51:21
ତଦୁତ୍ପନ୍ନ	4	4	4	3	DEU 32:22
ତଦୁତ୍ପନ୍ନସକଳ	1	1	1	1	ISA 42:5
ତଦୁପବିଷ୍ଟ	1	1	1	0	REV 20:11
ତଦୁପବିଷ୍ଟଙ୍କର	1	1	1	1	MAT 23:22
ତଦ୍ଦେଶୀୟ	1	1	1	1	GEN 23:7
ତଦ୍ଦ୍ୱାରା	97	97	40	59	GEN 2:22
ତଦ୍ବିଷୟ	1	1	1	1	ISA 42:9
ତଦ୍ବିଷୟକ	1	1	1	1	AMO 1:1
ତଦ୍ବିଷୟରେ	5	5	3	4	LEV 6:3
ତଦ୍ଭିନ୍ନ	4	4	3	1	GEN 36:3
ତଦ୍ମୋର	1	1	1	1	2CH 8:4
ତଦ୍ରୂପ	47	47	24	36	GEN 41:13
ତଦ୍ରୂପେ	1	1	1	1	EXO 38:15
ତଦ୍ୟୁତ୍ପନ୍ନ	1	1	1	1	EZK 48:18
ତନୁଜାତ	1	1	1	1	PSA 132:11
ତନ୍ତଖୁଣ୍ଟି	1	1	1	1	JDG 16:14
ତନ୍ତଖୁଣ୍ଟିରେ	1	1	1	1	JDG 16:14
ତନ୍ତରୁ	1	1	1	1	ISA 38:12
ତନ୍ତରେ	1	1	1	1	JDG 16:7
ତନ୍ତୀ	3	3	3	3	EXO 35:35
ତନ୍ତୀର	4	4	3	4	1SA 17:7
ତନ୍ତୁବାୟ	2	2	1	2	EXO 38:23
ତନ୍ତ୍ର	1	1	1	1	EZK 12:24
ତନ୍ଦୁର	2	2	2	4	LEV 11:35
ତନ୍ଦୁରରେ	3	3	2	2	EXO 8:3
ତନ୍ନିକଟବର୍ତ୍ତୀ	3	3	2	3	DEU 1:7
ତନ୍ନିକଟସ୍ଥ	3	3	1	3	JDG 6:25
ତନ୍ନିବାସୀ	12	12	8	12	LEV 26:32
ତନ୍ନିବାସୀ-ଲୋକମାନଙ୍କର	1	1	1	0	ISA 33:24
ତନ୍ନିବାସୀଗଣ	5	5	3	5	2KI 19:26
ତନ୍ନିବାସୀଗଣକୁ	1	1	1	1	JER 8:16
ତନ୍ନିବାସୀଙ୍କର	1	1	1	1	MAT 23:21
ତନ୍ନିବାସୀମାନଙ୍କ	7	7	4	7	2KI 22:16
ତନ୍ନିବାସୀମାନଙ୍କୁ	3	3	2	3	JER 46:8
ତନ୍ନିବାସୀମାନେ	3	3	2	3	ISA 37:27
ତନ୍ନିରୂପଣକାରୀଙ୍କୁ	1	1	1	1	MIC 6:9
ତନ୍ମଧ୍ୟଦେଇ	1	1	1	0	JER 34:18
ତନ୍ମଧ୍ୟବର୍ତ୍ତିନୀ	1	1	1	1	2KI 15:16
ତନ୍ମଧ୍ୟବର୍ତ୍ତୀ	3	3	3	2	2SA 12:31
ତନ୍ମଧ୍ୟରୁ	1	1	1	1	PSA 139:16
ତନ୍ମଧ୍ୟରେ	2	2	2	2	2CH 20:8
ତନ୍ମଧ୍ୟସ୍ଥ	17	17	13	17	JOS 6:17
ତନ୍ମଧ୍ୟସ୍ଥସକଳ	2	2	1	2	PSA 96:12
ତନ୍ମଧ୍ୟସ୍ଥିତ	17	17	8	16	GEN 19:25
ତନ୍ମଧ୍ୟସ୍ଥିତସକଳ	1	1	1	1	JER 51:48
ତନ୍ହୂମତର	2	2	2	2	2KI 25:23
ତପୂହ	4	4	2	3	JOS 15:34
ତପୂହଠାରୁ	1	1	1	1	JOS 16:8
ତପୂହର	1	1	1	1	JOS 12:17
ତପ୍ତ	4	4	4	4	1SA 21:6
ତପ୍ତଚିତ୍ତ	1	1	1	1	DEU 19:6
ତଫନହେଷର	1	1	1	0	JER 2:16
ତଫନହେଷରେ	1	1	1	0	EZK 30:18
ତଫନ୍ହେଷର	1	1	1	2	JER 43:7
ତଫନ୍ହେଷରରେ	2	2	1	4	JER 43:8
ତଫନ୍ହେଷରେ	2	2	1	1	JER 44:1
ତବଲ	1	1	1	1	EZK 28:13
ତବଲରେ	1	1	1	1	JER 31:4
ତବଲା	4	4	3	4	GEN 31:27
ତବଲାର	1	1	1	1	ISA 24:8
ତବିୟେରାରେ	1	1	1	0	DEU 9:22
ତବୀୟେରା	1	1	1	1	NUM 11:3
ତମ୍ବା	1	1	1	2	MAT 10:9
ତମ୍ବି	1	1	1	0	PRO 16:26
ତମ୍ବୁ	102	102	25	115	GEN 9:21
ତମ୍ବୁ-ଦ୍ୱାର	1	1	1	0	DEU 31:15
ତମ୍ବୁ-ଦ୍ୱାରର	1	1	1	0	EXO 39:38
ତମ୍ବୁ-ଦ୍ୱାରରେ	1	1	1	0	JDG 4:20
ତମ୍ବୁ-ନିବାସୀମାନେ	1	1	1	1	PSA 83:6
ତମ୍ବୁ-ମେଖ	1	1	1	1	JDG 4:22
ତମ୍ବୁ-ରଜ୍ଜୁ	1	1	1	1	JOB 4:21
ତମ୍ବୁକୁ	31	31	12	33	GEN 24:67
ତମ୍ବୁଗୃହ	3	3	1	3	GEN 31:33
ତମ୍ବୁଗୃହକୁ	1	1	1	1	GEN 31:33
ତମ୍ବୁଗୃହର	2	2	2	2	GEN 31:34
ତମ୍ବୁଗୃହରେ	1	1	1	1	GEN 31:33
ତମ୍ବୁଦ୍ୱାର	1	1	1	2	EXO 36:37
ତମ୍ବୁଦ୍ୱାରରୁବେଗେ	1	1	1	0	GEN 18:2
ତମ୍ବୁଦ୍ୱାରରେ	1	1	1	1	NUM 16:27
ତମ୍ବୁଦ୍ୱାରସବୁର	1	1	1	1	1CH 9:19
ତମ୍ବୁନିବାସୀ	2	2	2	2	GEN 4:20
ତମ୍ବୁବାସ	1	1	1	1	2CH 8:13
ତମ୍ବୁବାସୀ	1	1	1	1	GEN 25:27
ତମ୍ବୁର	15	15	9	15	EXO 26:14
ତମ୍ବୁରୁ	6	6	5	6	NUM 16:26
ତମ୍ବୁରୂପ	1	1	1	1	2CO 5:1
ତମ୍ବୁରେ	33	33	16	33	GEN 9:27
ତମ୍ବୁସକଳକୁ	1	1	1	1	HAB 3:7
ତମ୍ବୁସକଳର	1	1	1	1	JER 30:18
ତମ୍ବୁସକଳରୁ	1	1	1	1	MAL 2:12
ତମ୍ବୁସବୁ	4	4	4	4	NUM 24:5
ତମ୍ବୁସବୁକୁ	1	1	1	1	ZEC 12:7
ତମ୍ବୁସବୁରେ	1	1	1	1	HOS 9:6
ତମ୍ବୁସମୂହ	1	1	1	1	PSA 120:5
ତମ୍ବୁସ୍ଥିତ	3	3	3	3	EXO 16:16
ତମ୍ଭୁ	3	3	1	0	HEB 8:2
ତମ୍ମୁଷ	1	1	1	0	EZK 8:14
ତର	2	2	1	2	ISA 52:12
ତରଙ୍ଗ	8	8	6	9	JOB 9:8
ତରଙ୍ଗକୁ	1	1	1	1	LUK 8:24
ତରଙ୍ଗମାଳା	4	4	2	4	PSA 89:9
ତରଙ୍ଗମାଳାର	1	1	1	1	PSA 65:7
ତରଙ୍ଗର	3	3	3	3	MRK 4:37
ତରଙ୍ଗରେ	2	2	2	2	PSA 88:7
ତରଙ୍ଗସକଳ	1	1	1	1	JER 51:55
ତରଙ୍ଗସବୁ	2	2	2	2	PSA 42:7
ତରଙ୍ଗସମୂହକୁ	2	2	2	1	JER 31:35
ତରଙ୍ଗିତ	1	1	1	1	ISA 57:20
ତରତର	2	2	2	2	DEU 16:3
ତରଲା	1	1	1	1	JOS 18:27
ତରଳ	1	1	1	0	EZK 7:17
ତରଳା	2	2	1	2	EZK 22:22
ତରଳାଇ	2	2	2	2	JOS 14:8
ତରଳାଇବା	3	3	2	3	JER 9:7
ତରଳାଯାଏ	1	1	1	1	JOB 28:2
ତରଳି	34	34	11	34	EXO 15:15
ତରଳିଯାଏ	2	2	2	2	JOB 30:16
ତରଳିଯିବ	3	3	2	3	PSA 112:10
ତରାଜୁ	2	2	2	2	EZK 45:10
ତରାଜୁରେ	3	3	3	3	JOB 6:2
ତରୁଣ	1	1	1	1	SNG 2:9
ତରୁଣମାନେ	1	1	1	1	ISA 40:30
ତରୁଣୀ	1	1	1	1	JER 46:20
ତରେୟ	1	1	1	1	1CH 8:35
ତର୍କ	1	1	1	2	JOB 6:25
ତର୍କବିତର୍କ	26	26	7	25	MAT 16:7
ତର୍କବିତର୍କରେ	1	1	1	1	ROM 1:21
ତର୍କବିତର୍କସବୁ	1	1	1	1	2CO 10:5
ତର୍ଜନଗର୍ଜନ	2	2	2	3	LUK 21:25
ତର୍ଜ୍ଜନଗର୍ଜ୍ଜନ	1	1	1	0	EPH 6:9
ତର୍ଜ୍ଜନରେ	4	4	2	4	2SA 22:16
ତର୍ତ୍ତକ୍	1	1	1	1	2KI 17:31
ତର୍ତ୍ତନ	2	2	2	0	2KI 18:17
ତର୍ତ୍ତୀୟ	1	1	1	1	ROM 16:22
ତର୍ତ୍ତୁଲ୍ଲ	2	2	1	2	ACT 24:1
ତର୍ଶୀଶ	2	2	2	3	GEN 10:4
ତର୍ଶୀଶକୁ	4	4	2	3	ISA 23:6
ତର୍ଶୀଶଗାମୀ	2	2	2	2	1KI 10:22
ତର୍ଶୀଶର	8	8	4	5	1KI 10:22
ତର୍ଶୀଶ୍	4	4	3	4	1CH 1:7
ତର୍ଶୀଶ୍କୁ	2	2	1	3	2CH 20:36
ତର୍ଶୀଶ୍ଗାମୀ	1	1	1	1	2CH 9:21
ତର୍ଶୀଶ୍ର	4	4	2	6	2CH 9:21
ତର୍ଶୀଶ୍ରୁ	1	1	1	1	JER 10:9
ତର୍ସା	1	1	1	1	ISA 44:14
ତଲଃସର	1	1	1	1	2KI 19:12
ତଲ୍ମୟ	3	3	3	3	NUM 13:22
ତଲ୍ମୟକୁ	1	1	1	1	JDG 1:10
ତଲ୍ମୟର	2	2	2	2	2SA 3:3
ତଳ	11	11	8	14	GEN 6:16
ତଳ-ଭୂମିରେ	1	1	1	0	JOS 17:16
ତଳଃସର	1	1	1	1	ISA 37:12
ତଳକୁ	43	43	19	45	GEN 18:21
ତଳଠାରୁ	1	1	1	1	ISA 1:6
ତଳପଟ	1	1	1	1	JOB 41:24
ତଳଭାଗ	3	3	3	3	JOB 36:30
ତଳଭାଗରେ	1	1	1	1	DAN 6:24
ତଳଭୂମି	13	13	5	13	DEU 1:7
ତଳଭୂମିକି	1	1	1	0	DEU 21:4
ତଳଭୂମିର	8	8	6	7	JOS 13:19
ତଳଭୂମିରେ	26	26	10	26	NUM 14:25
ତଳଭୂମିସକଳ	1	1	1	1	MIC 1:4
ତଳଭୂମିସ୍ଥ	4	4	3	3	1KI 10:27
ତଳଭୂମିସ୍ଥିତ	1	1	1	1	1CH 27:28
ତଳରୁ	5	5	4	5	EXO 17:14
ତଳରେ	1	1	1	1	EZK 42:9
ତଳସ୍ଥ	6	6	6	6	GEN 7:19
ତଳସ୍ଥିତ	1	1	1	1	JOS 13:5
ତଳିପା	5	5	3	5	DEU 11:24
ତଳିପାର	3	3	3	3	DEU 28:65
ତଳିପାରୁ	3	3	3	3	DEU 28:35
ତଳିପାରେ	1	1	1	1	LEV 11:27
ତଳିଭୂମି	105	105	4	105	NUM 35:2
ତଳିଭୂମିକି	1	1	1	1	JDG 1:34
ତଳିଭୂମିବିଶିଷ୍ଟ	1	1	1	0	1CH 13:2
ତଳିଭୂମିର	1	1	1	1	2CH 31:19
ତଳିଭୂମିରେ	2	2	1	2	1CH 5:16
ତଳିଭୂମିସବୁ	1	1	1	1	NUM 35:3
ତଳୁ	10	10	8	10	DEU 7:24
ତଳେ	266	266	43	270	GEN 18:4
ତସଲା	1	1	1	1	1SA 2:14
ତହଁ	1	1	1	0	1KI 3:22
ତହଁରେ	2	2	2	1	GEN 33:16
ତହତର	1	1	1	1	1CH 6:37
ତହତରୁ	1	1	1	1	NUM 33:27
ତହତରେ	1	1	1	1	NUM 33:26
ତହତୀମ୍-ହଦ୍ଶି	1	1	1	0	2SA 24:6
ତହତ୍	3	3	1	0	1CH 6:24
ତହନ	1	1	1	1	1CH 7:25
ତହନଠାରୁ	1	1	1	1	NUM 26:35
ତହନୀୟ	1	1	1	1	NUM 26:35
ତହପନେଷ୍	2	2	1	2	1KI 11:19
ତହପନେଷ୍ର	1	1	1	1	1KI 11:20
ତହରେୟ	1	1	1	1	1CH 9:41
ତହଶ୍	1	1	1	1	GEN 22:24
ତହିଁ	783	783	44	782	GEN 6:4
ତହିଁଆଡ଼େ	2	2	2	1	JER 50:5
ତହିଁଉତ୍ତାରେ	1	1	1	0	1KI 22:21
ତହିଁକି	3	3	2	1	EST 5:8
ତହିଁନିମନ୍ତେ	1	1	1	0	GEN 43:18
ତହିଁର	985	985	38	984	GEN 4:17
ତହିଁରୁ	162	162	26	163	GEN 3:6
ତହିଁରେ	2536	2536	43	2537	GEN 1:3
ତହିନ୍ନକୁ	1	1	1	1	1CH 4:12
ତହୁ	1	1	1	0	2CH 8:12
ତହୁଁ	1240	1240	32	1241	GEN 1:4
ତା	12	12	6	16	GEN 16:6
ତାକୁ	216	216	25	142	GEN 4:25
ତାକୁଡ଼ି	1	1	1	1	PRO 31:19
ତାଙ୍କ	757	757	38	618	GEN 2:19
ତାଙ୍କଠାରୁ	10	10	5	8	1SA 9:2
ତାଙ୍କଠାରେ	7	7	7	5	NUM 11:25
ତାଙ୍କର	763	763	32	730	GEN 2:20
ତାଙ୍କରଣମାତାର	1	1	1	0	2KI 12:1
ତାଙ୍କରି	1	1	1	1	2SA 16:18
ତାଙ୍କୁ	782	782	36	588	GEN 3:23
ତାଟିଆ	10	10	4	10	GEN 44:2
ତାଟିଆର	4	4	3	4	1KI 7:26
ତାଡ଼ନା	55	55	20	59	GEN 49:23
ତାଡ଼ନାକାରୀ	4	4	4	4	PSA 119:157
ତାଡ଼ନାକାରୀମାନଙ୍କ	1	1	1	1	JDG 2:18
ତାଡ଼ନାକାରୀମାନଙ୍କଠାରୁ	3	3	2	3	PSA 31:15
ତାଡ଼ନାକାରୀମାନଙ୍କର	1	1	1	1	PSA 119:84
ତାଡ଼ନାକାରୀମାନେ	1	1	1	1	JER 20:11
ତାଡ଼ନାପ୍ରାପ୍ତ	1	1	1	1	MAT 5:10
ତାଡ଼ନାରେ	1	1	1	1	2CO 12:10
ତାଡ଼ି	11	11	4	17	EXO 12:15
ତାଡ଼ିତ	20	20	9	20	EXO 10:11
ତାଡ଼ିତା	1	1	1	1	ZEP 3:19
ତାଡ଼ିମିଶ୍ରତ	1	1	1	0	AMO 4:5
ତାଡ଼ିମିଶ୍ରିତ	4	4	1	0	EXO 12:15
ତାଡ଼ିଯୁକ୍ତ	5	5	3	5	EXO 23:18
ତାଡ଼ିରେ	2	2	1	1	LEV 10:12
ତାଡ଼ିଶୂନ୍ୟ	50	50	13	52	GEN 19:3
ତାତି	1	1	1	1	ACT 28:3
ତାତୁଛି	1	1	1	1	JER 6:29
ତାତ୍ପର୍ଯ୍ୟ	3	3	2	7	EZK 17:12
ତାଦୃଶ	1	1	1	1	PSA 127:5
ତାନକ	1	1	1	1	JDG 1:27
ତାନକର	1	1	1	0	JOS 12:21
ତାନକରେ	1	1	1	1	JDG 5:19
ତାନକ୍	4	4	3	4	JOS 17:11
ତାନତ୍-ଶୀଲୋ	1	1	1	0	JOS 16:6
ତାପ	7	7	2	7	ISA 18:4
ତାପକୁ	1	1	1	1	ISA 25:5
ତାପରେ	1	1	1	4	REV 16:9
ତାପିତ	1	1	1	1	EZK 3:14
ତାବୋର	4	4	3	5	JOS 19:22
ତାବୋରର	2	2	2	2	1SA 10:3
ତାବୋରରେ	2	2	2	2	JDG 8:18
ତାବୋର୍	2	2	2	1	JDG 4:14
ତାମର	21	21	4	25	GEN 38:11
ତାମରକୁ	8	8	2	9	GEN 38:11
ତାମରଙ୍କ	1	1	1	1	MAT 1:3
ତାମରଠାରୁ	2	2	1	2	EZK 47:19
ତାମରନାମ୍ନୀ	1	1	1	0	GEN 38:6
ତାମରର	2	2	2	2	GEN 38:27
ତାମସ	1	1	1	2	LEV 11:16
ତାମସପକ୍ଷୀ	1	1	1	0	DEU 14:15
ତାମୋର	1	1	1	0	1KI 9:18
ତାମ୍ରମଣି	1	1	1	1	EZK 27:16
ତାର	1	1	1	2	ECC 12:6
ତାରଯୁକ୍ତ	11	11	3	11	PSA 4:1
ତାରା	11	11	8	14	NUM 24:17
ତାରାକୁ	1	1	1	1	AMO 5:26
ତାରାଗଣ	15	15	11	15	GEN 1:16
ତାରାଗଣକୁ	1	1	1	1	JOB 9:7
ତାରାଗଣର	4	4	3	4	JOB 22:12
ତାରାସମସ୍ତେ	1	1	1	0	PSA 148:3
ତାରାସମୂହ	1	1	1	1	GEN 15:5
ତାର୍କିକ	1	1	1	1	1CO 1:20
ତାର୍ଷ	2	2	1	2	ACT 9:11
ତାର୍ଷକୁ	2	2	1	2	ACT 9:30
ତାର୍ଷରେ	1	1	1	1	ACT 22:3
ତାଲିକାରେ	1	1	1	1	1TI 5:10
ତାଲୟ	1	1	1	0	1CH 7:1
ତାଳ	40	40	7	1	1KI 9:14
ତାଳଗଛ	1	1	1	1	JER 10:5
ତାଳଚୋଞ୍ଚ	3	3	3	3	PRO 26:2
ତାଳବାହୁଙ୍ଗା	2	2	1	2	ISA 9:14
ତାଳରେ	1	1	1	1	ISA 23:16
ତାଳି	8	8	5	8	PRO 22:26
ତାଳିପଡ଼ା	1	1	1	1	JOS 9:5
ତାଳୁ	1	1	1	1	DEU 33:20
ତାଳୁଆ	2	2	1	1	JER 2:16
ତାଳୁକାରେ	1	1	1	1	JOB 29:10
ତାଳୁରେ	4	4	3	5	PSA 22:15
ତାଶୂର	3	3	2	3	ISA 41:19
ତାହର	1	1	1	1	NUM 3:9
ତାହା	5039	5039	64	5054	GEN 1:4
ତାହା-ହେଲେ	1	1	1	0	JHN 15:22
ତାହାକୁ	1640	1640	52	1647	GEN 1:27
ତାହାକୁକହିଲେ	1	1	1	0	JER 36:15
ତାହାକୁସେତେ	1	1	1	0	REV 18:7
ତାହାଙ୍କ	1448	1448	54	1667	GEN 3:15
ତାହାଙ୍କ-ଠାରୁ	1	1	1	0	GAL 1:6
ତାହାଙ୍କ-ଠାରେ	5	5	3	0	JHN 7:31
ତାହାଙ୍କଠାରୁ	32	32	17	36	2SA 14:14
ତାହାଙ୍କଠାରେ	87	87	29	93	EXO 23:21
ତାହାଙ୍କର	549	549	53	637	GEN 50:20
ତାହାଙ୍କୁ	745	745	44	986	GEN 18:29
ତାହାଛଡ଼ା	1	1	1	0	1JN 5:5
ତାହାଠାରୁ	76	76	34	76	GEN 1:16
ତାହାଠାରୁଶ୍ରେଷ୍ଠ	1	1	1	0	1JN 5:9
ତାହାଠାରେ	40	40	17	39	GEN 38:23
ତାହାଠୁଁ	1	1	1	1	PRO 19:7
ତାହାପରେ	7	7	7	1	ECC 10:10
ତାହାପ୍ରତି	1	1	1	0	1CO 7:36
ତାହାର	3185	3185	57	3220	GEN 2:7
ତାହାରଚାଳିଶ	1	1	1	0	JDG 12:14
ତାହାରଭାର୍ଯ୍ୟାକୁ	1	1	1	0	GEN 26:11
ତାହାରି	23	23	16	23	GEN 9:5
ତାହାରିଠାରେ	1	1	1	1	1KI 14:13
ତାହାସବୁ	184	184	23	181	EXO 9:19
ତାହାହିଁ	1	1	1	0	JOB 3:25
ତାହାହେଲେ	219	219	34	229	GEN 26:10
ତାହାହେଲେଣସେ	1	1	1	0	MRK 9:35
ତାହେ	1	1	1	0	ISA 54:16
ତା’ଠାରୁ	2	2	2	3	ACT 16:18
ତା’ର	53	53	11	6	GEN 38:23
ତା’ହେଲେ	2	2	1	0	ACT 5:38
ତିକ୍ତ	24	24	13	29	NUM 5:18
ତିକ୍ତକୁ	1	1	1	1	ISA 5:20
ତିକ୍ତତା	5	5	4	7	EXO 15:23
ତିକ୍ତତାର	1	1	1	1	HEB 12:15
ତିକ୍ତତାରେ	5	5	2	5	JOB 7:11
ତିକ୍ତପ୍ରାଣକୁ	1	1	1	1	JOB 3:20
ତିକ୍ତମନା	3	3	2	3	1SA 1:10
ତିକ୍ବର	2	2	2	2	2KI 22:14
ତିଗ୍ଲତ-ପିଲ୍ନେଷର	1	1	1	0	2CH 28:20
ତିଗ୍ଲତ୍-ପିଲେଷର	1	1	1	0	1CH 5:6
ତିଗ୍ଲତ୍-ପିଲେଷରର	1	1	1	0	1CH 5:26
ତିଗ୍ଲାତ୍	1	1	1	0	2KI 16:10
ତିଗ୍ଲାତ୍-ପିଲେଷର	1	1	1	0	2KI 16:7
ତିଗ୍ଲାତ୍-ପିଲେସର୍	1	1	1	2	2KI 15:29
ତିତସ୍	1	1	1	0	ACT 18:7
ତିତ୍ତିର	1	1	1	2	JER 17:11
ତିତ୍ତିରି	1	1	1	0	1SA 26:20
ତିଦୀୟଲ	1	1	1	0	GEN 14:9
ତିଦୀୟଲ୍	1	1	1	2	GEN 14:1
ତିଧର	2	2	1	2	ISA 41:19
ତିନ	1	1	1	1	EXO 2:2
ତିନି	424	424	38	442	GEN 6:10
ତିନିଗୁଣ	1	1	1	1	EZK 21:14
ତିନିଗୋଟି	1	1	1	1	DAN 7:8
ତିନିଙ୍କ	4	4	2	4	2SA 23:18
ତିନିଜଣ	2	2	2	1	GEN 9:19
ତିନିଟା	2	2	2	2	PRO 30:15
ତିନିଥର	5	5	3	4	NUM 22:28
ତିନିଥରଯାକ	2	2	2	1	NUM 24:10
ତିନିଦଳସ୍ଥ	1	1	1	1	JDG 7:20
ତିନିଭାଗ	1	1	1	0	DEU 19:3
ତିନିର	11	11	5	10	EXO 21:11
ତିନିଶତ	2	2	2	0	GEN 14:14
ତିନିଶହ	6	6	2	15	GEN 5:22
ତିନୋଟି	14	14	8	17	GEN 18:2
ତିନ୍ତନ୍ତି	1	1	1	1	JOB 24:8
ତିନ୍ତା	1	1	1	0	DAN 4:25
ତିନ୍ତାଇବା	1	1	1	2	EZK 46:14
ତିନ୍ତାଇବାନ୍ତ	1	1	1	0	ISA 16:9
ତିନ୍ତାଏ	1	1	1	1	PSA 6:6
ତିନ୍ତିବା	1	1	1	1	NAM 1:10
ତିନ୍ତିଲା	2	2	1	2	DAN 4:33
ତିନ୍ତୁ	2	2	1	2	DAN 4:15
ତିପ୍ସହ	1	1	1	1	2KI 15:16
ତିପ୍ସହଠାରୁ	1	1	1	1	1KI 4:24
ତିପ୍ସହର	1	1	1	1	2KI 15:16
ତିବିରିଅ	1	1	1	0	LUK 3:1
ତିବିରୀୟା	2	2	1	3	JHN 6:1
ତିବିରୀୟାରୁ	1	1	1	1	JHN 6:23
ତିବ୍ନି	1	1	1	1	1KI 16:22
ତିବ୍ନିକି	1	1	1	0	1KI 16:21
ତିବ୍ନିର	1	1	1	1	1KI 16:22
ତିମିଙ୍ଗିଳ	2	2	2	2	GEN 1:21
ତିମିମତ୍ସ୍ୟ	1	1	1	1	JOB 7:12
ତିମିର	3	3	2	3	ISA 8:22
ତିମିରର	1	1	1	1	ZEP 1:15
ତିମିରରେ	1	1	1	0	DEU 4:11
ତିମିରାବୃତ	1	1	1	0	ISA 9:1
ତିମ୍ନ	2	2	1	0	1CH 1:36
ତିମ୍ନତ୍-ହେରସରେ	1	1	1	1	JDG 2:9
ତିମ୍ନା	7	7	4	9	GEN 36:12
ତିମ୍ନାକୁ	3	3	2	3	GEN 38:13
ତିମ୍ନାତ୍ସେରହ	1	1	1	1	JOS 19:50
ତିମ୍ନାତ୍ସେରହରେ	1	1	1	1	JOS 24:30
ତିମ୍ନାଥା	1	1	1	1	JOS 19:43
ତିମ୍ନାର	1	1	1	1	GEN 38:14
ତିମ୍ନାରେ	2	2	2	3	GEN 38:12
ତିମ୍ନାସ୍ଥିତ	1	1	1	1	JDG 14:5
ତିମ୍ନୀୟର	1	1	1	1	JDG 15:6
ତିରସ	1	1	1	0	GEN 10:2
ତିରସ୍କାର	10	10	8	13	JOB 19:3
ତିରସ୍କାରକାରୀର	1	1	1	1	PSA 44:15
ତିରସ୍କାରର	1	1	1	1	PSA 44:13
ତିରିଶ	116	116	24	110	GEN 5:3
ତିରିଶଗୋଟି	3	3	1	0	MAT 26:15
ତିରିୟାଥୀୟ	1	1	1	1	1CH 2:55
ତିର୍ସା	6	6	4	6	NUM 26:33
ତିର୍ସାଠାରୁ	1	1	1	1	2KI 15:16
ତିର୍ସାର	1	1	1	1	JOS 12:24
ତିର୍ସାରୁ	1	1	1	1	2KI 15:14
ତିର୍ସାରେ	8	8	1	8	1KI 14:17
ତିର୍ସାସ୍ଥିତ	1	1	1	1	1KI 16:9
ତିର୍ହକ	2	2	2	2	2KI 19:9
ତିର୍ହନଃକୁ	1	1	1	1	1CH 2:48
ତିଲୁଆ	1	1	1	1	1KI 14:3
ତିଶ୍ବୀୟ	5	5	2	6	1KI 21:17
ତିସ୍ବୀୟ	1	1	1	0	1KI 17:1
ତୀକ୍ଷ୍ଣ	17	17	7	25	EXO 4:25
ତୀକ୍ଷ୍ମ	3	3	1	0	REV 1:16
ତୀକ୍ଷ୍ମତର	1	1	1	1	HEB 4:12
ତୀକ୍ଷ୍ଶ	1	1	1	0	2SA 2:16
ତୀଖ	1	1	1	0	LUK 8:33
ତୀଖସ୍ଥାନ	1	1	1	1	MAT 8:32
ତୀଖସ୍ଥାନରୁ	2	2	2	1	MRK 5:13
ତୀତ	1	1	1	0	2TI 2:24
ତୀତସ	3	3	2	5	2CO 8:6
ତୀତସଙ୍କ	7	7	2	15	2CO 7:6
ତୀତସଙ୍କୁ	3	3	2	6	2CO 2:13
ତୀତସ୍	1	1	1	2	2TI 4:10
ତୀବ୍ର	3	3	3	4	JOB 16:9
ତୀମ	1	1	1	3	2TI 2:24
ତୀମଥି	18	18	11	34	ACT 16:1
ତୀମଥିଙ୍କ	3	3	3	11	2CO 1:19
ତୀମଥିଙ୍କୁ	3	3	3	12	1CO 4:17
ତୀମୋନ	1	1	1	1	ACT 6:5
ତୀର	57	57	15	57	GEN 49:23
ତୀରବର୍ତ୍ତୀ	1	1	1	1	ISA 19:7
ତୀରମାନଙ୍କ	1	1	1	1	JOS 4:18
ତୀରଯୁକ୍ତ	1	1	1	1	PSA 11:2
ତୀରରେ	15	15	8	14	EXO 2:5
ତୀରସବୁ	8	8	4	8	2KI 13:18
ତୀରସ୍	1	1	1	2	1CH 1:5
ତୀରସ୍ଥ	7	7	6	7	GEN 32:12
ତୀରସ୍ଥିତ	1	1	1	1	JDG 11:26
ତୀରସ୍ୱରୂପ	1	1	1	1	ZEC 9:13
ତୀରାଗ୍ର	1	1	1	1	JOB 20:25
ତୀରୀୟ	1	1	1	0	1CH 4:16
ତୀରେକ	1	1	1	1	GEN 21:16
ତୀଲୋନ୍	1	1	1	1	1CH 4:20
ତୀଷୀୟ	1	1	1	1	1CH 11:45
ତୁ	58	58	11	59	GEN 37:8
ତୁଉଟା	1	1	1	0	JHN 9:34
ତୁଖିକ	3	3	3	3	ACT 20:4
ତୁଖିକଙ୍କୁ	2	2	2	1	2TI 4:12
ତୁଚ୍ଛ	84	84	26	89	GEN 16:4
ତୁଚ୍ଛକାରିଣୀ	1	1	1	1	EZK 16:57
ତୁଚ୍ଛକାରୀ	1	1	1	1	EZK 21:13
ତୁଚ୍ଛଜ୍ଞାନ	17	17	14	15	GEN 25:34
ତୁଚ୍ଛତା	3	3	2	3	JOB 12:21
ତୁଚ୍ଛନୀୟ	7	7	6	7	EST 1:17
ତୁଚ୍ଛବୋଧ	1	1	1	1	PRO 30:17
ତୁଚ୍ଛଯୋଗ୍ୟ	1	1	1	1	DEU 25:3
ତୁଚ୍ଛା	1	1	1	1	GEN 31:42
ତୁଚ୍ଛୀକୃତ	11	11	9	11	NEH 4:4
ତୁଟନ୍ତେ	1	1	1	1	1SA 25:37
ତୁଣ୍ଡକୁ	3	3	3	3	PSA 119:103
ତୁଣ୍ଡର	1	1	1	1	2SA 12:3
ତୁଣ୍ଡି	3	3	3	3	DEU 25:4
ତୁଣ୍ଡେଈ	1	1	1	1	PRO 7:11
ତୁତକୋଳି	1	1	1	1	LUK 17:6
ତୁନି	29	29	16	28	GEN 34:5
ତୁନ୍ଦୁର	3	3	3	1	LAM 5:10
ତୁନ୍ଦୁରୁ	1	1	1	0	HOS 7:6
ତୁନ୍ଦୁରୁ-ଦୁର୍ଗ	1	1	1	1	NEH 12:38
ତୁନ୍ଦୁରୁ-ଦୁର୍ଗର	1	1	1	1	NEH 3:11
ତୁବଲ	2	2	2	0	ISA 66:19
ତୁବଲ-କୟିନ	1	1	1	0	GEN 4:22
ତୁବଲ-କୟିନର	1	1	1	0	GEN 4:22
ତୁବଲର	3	3	1	0	EZK 38:2
ତୁବଲ୍	1	1	1	5	EZK 32:26
ତୁମ	3	3	2	3	MAT 25:8
ତୁମକୁ	4	4	3	5	DEU 13:5
ତୁମ୍ବୁକୁ	1	1	1	0	JOS 22:4
ତୁମ୍ଭ	3101	3101	58	3108	GEN 3:10
ତୁମ୍ଭ-ମାନଙ୍କର	2	2	2	0	JER 34:14
ତୁମ୍ଭ-ମାନଙ୍କୁ	1	1	1	0	DEU 9:10
ତୁମ୍ଭଆଡ଼େ	7	7	3	7	PSA 86:4
ତୁମ୍ଭକୁ	1236	1236	57	1238	GEN 3:11
ତୁମ୍ଭକୁପ୍ରତିପାଳନ	1	1	1	0	EZK 16:19
ତୁମ୍ଭଙ୍କୁ	83	83	18	86	GEN 28:22
ତୁମ୍ଭଠାରୁ	61	61	23	61	GEN 12:2
ତୁମ୍ଭଠାରେ	58	58	22	61	GEN 28:4
ତୁମ୍ଭମମାନଙ୍କୁ	1	1	1	0	LUK 11:9
ତୁମ୍ଭମାନଙ୍କ	1725	1725	59	1726	GEN 3:5
ତୁମ୍ଭମାନଙ୍କ-ଠାରେ	2	2	2	0	JHN 6:53
ତୁମ୍ଭମାନଙ୍କଠାରୁ	30	30	23	27	GEN 9:2
ତୁମ୍ଭମାନଙ୍କଠାରେ	32	32	12	34	1CH 12:17
ତୁମ୍ଭମାନଙ୍କର	739	739	50	731	GEN 1:29
ତୁମ୍ଭମାନଙ୍କୁ	1014	1014	52	1021	GEN 1:29
ତୁମ୍ଭମାନଙ୍କ୍କ	1	1	1	0	DEU 31:26
ତୁମ୍ଭମାନେ	1	1	1	4	EZR 9:12
ତୁମ୍ଭର	2139	2139	55	2154	GEN 3:15
ତୁମ୍ଭରେ	1	1	1	0	EZK 32:6
ତୁମ୍ଭସମସ୍ତଙ୍କ	5	5	1	0	PHP 1:5
ତୁମ୍ଭେ	4546	4546	60	4571	GEN 2:16
ତୁମ୍ଭେ-ମାନେ	2	2	2	0	LUK 6:20
ତୁମ୍ଭେଆମ୍ଭମାନଙ୍କୁ	1	1	1	0	EZK 37:18
ତୁମ୍ଭେମାନଙ୍କ	1	1	1	0	JOL 1:2
ତୁମ୍ଭେମାନେ	3230	3230	60	3231	GEN 3:3
ତୁମ୍ମୀମ୍	3	3	3	3	EXO 28:30
ତୁମ୍ମୀମ୍ଧାରୀ	2	2	2	2	EZR 2:63
ତୁରାନ୍ନର	1	1	1	1	ACT 19:9
ତୁଲ୍ୟ	798	798	52	799	GEN 10:9
ତୁଲ୍ୟଆପଣା	1	1	1	0	JER 25:38
ତୁଳନା	10	10	7	10	ISA 40:18
ତୁଳନାରେ	2	2	2	3	ROM 8:18
ତୁଷ	8	8	6	9	JOB 21:18
ତୁଷରୂପ	1	1	1	1	ISA 33:11
ତୁଷାର	2	2	2	2	JOB 6:16
ତୁଷାରକୁ	1	1	1	1	JOB 38:29
ତୁଷ୍ଟ	16	16	6	17	EST 2:14
ତୁଷ୍ଟି	2	2	2	2	SNG 7:6
ତୁଷ୍ଟିକର	11	11	4	11	PSA 69:31
ତୁଷ୍ଟିକାରଣୀ	1	1	1	1	ECC 2:8
ତୁଷ୍ଟିକାରିଣୀ	2	2	1	2	EST 2:4
ତୁଷ୍ଟିକାରୀ	1	1	1	1	ECC 2:26
ତୁଷ୍ଟିଜନକ	46	46	10	44	EXO 29:18
ତୂଣ	5	5	5	5	GEN 27:3
ତୂଣର	1	1	1	1	LAM 3:13
ତୂଣରେ	1	1	1	1	ISA 49:2
ତୂତ	2	2	1	4	2SA 5:23
ତୂତବୃକ୍ଷ	2	2	1	0	1CH 14:14
ତୂବଲ	2	2	2	0	GEN 10:2
ତୂରୀ	81	81	24	85	LEV 25:9
ତୂରୀଧାରୀ	1	1	1	1	REV 8:6
ତୂରୀଧ୍ୱନି	9	9	7	8	EXO 19:16
ତୂରୀଧ୍ୱନିର	1	1	1	1	NUM 29:1
ତୂରୀଧ୍ୱନିରେ	2	2	2	2	PSA 47:5
ତୂରୀଧ୍ୱନୀ	10	10	1	13	REV 8:6
ତୂରୀବାଦକ	4	4	3	4	JOS 6:9
ତୂରୀବାଦକ-ମାନଙ୍କର	1	1	1	0	REV 18:22
ତୂରୀବାଦକମାନେ	2	2	2	2	2KI 11:14
ତୂରୀବାଦ୍ୟ	1	1	1	1	1TH 4:16
ତୂରୀର	7	7	5	7	EXO 19:13
ତୂରୀରେ	1	1	1	1	NUM 10:9
ତୂରୀଶଦ୍ଦ	6	6	4	1	EXO 19:19
ତୂଲ୍ୟ	1	1	1	2	MIC 4:9
ତୃଣ	61	61	17	59	GEN 1:11
ତୃଣଭକ୍ଷକ	1	1	1	1	PSA 106:20
ତୃଣଭୋଜୀ	2	2	1	2	DAN 4:25
ତୃଣମୟ	1	1	1	1	PSA 23:2
ତୃଣର	4	4	3	4	SNG 5:13
ତୃଣରୁ	1	1	1	1	JOB 41:20
ତୃଣରେ	1	1	1	1	DAN 4:15
ତୃଣସବୁ	1	1	1	1	ISA 42:15
ତୃଣାଦି	5	5	3	5	EXO 9:22
ତୃତୀୟ	135	135	30	145	GEN 1:13
ତୃତୀୟଟି	2	2	2	2	MRK 12:21
ତୃତୀୟର	1	1	1	1	1SA 17:13
ତୃତୀୟରେ	2	2	2	3	NUM 2:24
ତୃତୀୟାଂଶ	31	31	8	30	NUM 15:6
ତୃତୀୟାଂଶକୁ	3	3	3	3	EZK 5:12
ତୃତୀୟାର	1	1	1	1	JOB 42:14
ତୃପ୍ତ	73	73	26	71	GEN 18:5
ତୃପ୍ତା	2	2	1	2	EZK 16:28
ତୃପ୍ତି	8	8	6	10	EXO 16:3
ତୃପ୍ତିକର	1	1	1	1	ISA 55:2
ତୃପ୍ତିର	1	1	1	0	HOS 9:4
ତୃପ୍ତିଲାଭ	1	1	1	1	ROM 15:24
ତୃଷା	7	7	5	7	NEH 9:15
ତୃଷାକୂଳ	1	1	1	1	EXO 17:3
ତୃଷାରେ	7	7	6	7	DEU 28:48
ତୃଷାର୍ତ୍ତ	10	10	6	9	JDG 15:18
ତୃଷିତ	26	26	11	27	JDG 4:19
ତୃଷିତର	1	1	1	1	ISA 32:6
ତୃଷ୍ଟ	1	1	1	0	ECC 2:26
ତୃଷ୍ଣାରେ	2	2	2	2	JDG 15:18
ତେଇଶ	19	19	10	20	NUM 26:62
ତେଇଶ୍	1	1	1	0	2KI 13:1
ତେଜ	26	26	12	26	NUM 6:25
ତେଜରୁ	3	3	1	3	ISA 2:10
ତେଜରେ	7	7	6	6	2SA 22:13
ତେଜସ୍କର	3	3	2	3	JOB 20:25
ତେଜସ୍ୱୀ	2	2	1	2	DAN 4:4
ତେଜୋବିଶିଷ୍ଟ	1	1	1	1	DAN 2:31
ତେଜୋମୟ	7	7	7	7	GEN 3:24
ତେଣୁ	192	192	31	201	GEN 7:21
ତେଣୁକରି	4	4	2	4	GEN 21:25
ତେଣୁଶିଷ୍ୟମାନେ	1	1	1	0	JHN 4:33
ତେଣୁସେହି	1	1	1	0	JHN 11:3
ତେଣେ	3	3	3	4	2KI 4:35
ତେଣ୍ଟାରେ	2	2	2	2	JOB 41:7
ତେତିଶ	5	5	4	6	GEN 46:15
ତେତିଶ୍	2	2	2	0	EXO 6:18
ତେପନ	5	5	3	5	NUM 1:43
ତେବସ	1	1	1	1	JDG 9:50
ତେବସକୁ	1	1	1	0	JDG 9:50
ତେବେ	1550	1550	57	1559	GEN 4:24
ତେବେସରେ	1	1	1	1	2SA 11:21
ତେବେହେଁ	1	1	1	0	NUM 9:10
ତେମହର	2	2	2	2	EZR 2:53
ତେମା	3	3	3	4	GEN 25:15
ତେମାର	1	1	1	1	JOB 6:19
ତେର	13	13	6	13	GEN 17:25
ତେରଶ୍	2	2	1	2	EST 2:21
ତେରହ	5	5	3	6	GEN 11:27
ତେରହକୁ	2	2	1	2	GEN 11:24
ତେରହର	3	3	1	3	GEN 11:25
ତେରହରୁ	1	1	1	1	NUM 33:28
ତେରହରେ	1	1	1	1	NUM 33:27
ତେଲ	6	6	5	9	GEN 11:3
ତେଲ-ଆବୀବକୁ	1	1	1	0	EZK 3:15
ତେଲମେଲହ	1	1	1	0	NEH 7:61
ତେଲରୁ	1	1	1	1	MAT 25:8
ତେଲହ	1	1	1	1	1CH 7:25
ତେଲହର୍ଶା	1	1	1	0	NEH 7:61
ତେଲ୍ମେଲହ	1	1	1	0	EZR 2:59
ତେଲ୍ହର୍ଶା	1	1	1	0	EZR 2:59
ତେସନ	1	1	1	1	EZK 16:44
ତେସ୍ତରି	4	4	3	4	NUM 3:43
ତେୟାଳିଶ	3	3	3	3	NUM 26:7
ତେୟାଶୀ	1	1	1	0	EXO 7:7
ତୈମନ	2	2	2	1	1CH 1:36
ତୈମନଦେଶୀୟ	1	1	1	0	GEN 36:34
ତୈମନରୁ	1	1	1	0	HAB 3:3
ତୈମନରେ	1	1	1	0	JER 49:7
ତୈମନୀୟ	6	6	1	7	JOB 2:11
ତୈମନ୍	7	7	4	9	GEN 36:11
ତୈମନ୍ଠାରୁ	1	1	1	1	EZK 25:13
ତୈମିନିକି	1	1	1	0	1CH 4:6
ତୈଳ	134	134	33	176	GEN 28:18
ତୈଳ-ନଦୀ	1	1	1	1	JOB 29:6
ତୈଳ-ଭଣ୍ଡାରର	1	1	1	1	1CH 27:28
ତୈଳ-ଶିଶି	2	2	1	0	2KI 9:1
ତୈଳଓ	1	1	1	0	EXO 37:29
ତୈଳକୁ	1	1	1	1	HOS 2:22
ତୈଳଜୀତ	1	1	1	1	2KI 18:32
ତୈଳଠାରୁ	1	1	1	1	PSA 55:21
ତୈଳଦାନର	1	1	1	1	EZK 45:25
ତୈଳପକ୍ୱ	3	3	2	1	LEV 2:7
ତୈଳପାତ୍ର	2	2	2	2	NUM 4:9
ତୈଳପୂର୍ଣ୍ଣ	1	1	1	1	1KI 1:39
ତୈଳବୃକ୍ଷ	1	1	1	1	ISA 41:19
ତୈଳମର୍ଦ୍ଦନ	1	1	1	0	2CH 28:15
ତୈଳମିଶ୍ରିତ	36	36	3	3	EXO 29:2
ତୈଳଯୁକ୍ତ	2	2	2	1	EXO 29:2
ତୈଳର	17	17	9	17	GEN 14:10
ତୈଳରୁ	6	6	2	6	EXO 29:21
ତୈଳରୂପ	1	1	1	1	LEV 21:12
ତୈଳରେ	18	18	13	19	EXO 29:40
ତୈଳଶୃଙ୍ଗ	1	1	1	1	1SA 16:13
ତୈଳହେବ	1	1	1	0	EXO 30:25
ତୈଳାକ୍ତ	3	3	3	3	LEV 2:4
ତୈଳାଧାର	1	1	1	1	ZEC 4:2
ତୈଳାଧାରର	1	1	1	1	ZEC 4:3
ତୋ	24	24	6	22	GEN 19:9
ତୋଖତର	1	1	1	1	2CH 34:22
ତୋଖେନ୍	1	1	1	1	1CH 4:32
ତୋଗର୍ମ	3	3	3	0	GEN 10:3
ତୋଗର୍ମାର	1	1	1	1	EZK 38:6
ତୋଟା	4	4	3	4	DEU 11:30
ତୋଡ଼ା	16	16	1	17	MAT 25:15
ତୋଡ଼ାଏ	1	1	1	1	PRO 7:20
ତୋଡ଼ାରୁ	1	1	1	1	ISA 46:6
ତୋତଲାମାନଙ୍କର	1	1	1	1	ISA 32:4
ତୋତେ	24	24	10	24	GEN 37:10
ତୋଫତରେ	1	1	1	1	JER 7:32
ତୋଫତ୍	6	6	3	6	2KI 23:10
ତୋଫତ୍କୁ	1	1	1	1	JER 19:14
ତୋଫତ୍ର	1	1	1	1	JER 7:31
ତୋଫତ୍ରେ	1	1	1	1	JER 19:11
ତୋଫଲ	1	1	1	1	DEU 1:1
ତୋଫାନ	12	12	8	13	JOB 27:20
ତୋଫାନରୁ	1	1	1	1	PSA 55:8
ତୋଫାନରେ	3	3	2	3	ISA 54:11
ତୋର	22	22	7	22	1SA 17:44
ତୋଲଦରେ	1	1	1	1	1CH 4:29
ତୋଲୟ	2	2	2	4	GEN 46:13
ତୋଲୟ-ବଂଶର	1	1	1	1	1CH 7:2
ତୋଲୟଠାରୁ	1	1	1	1	NUM 26:23
ତୋଲୟର	1	1	1	1	1CH 7:2
ତୋଲୟୀୟ	1	1	1	1	NUM 26:23
ତୋଳନ୍ତି	3	3	2	3	MAT 7:16
ତୋଳା	1	1	1	0	EZK 4:10
ତୋଳାଯାଇଥିଲା	1	1	1	0	LUK 6:48
ତୋଳି	13	13	8	12	GEN 3:6
ତୋଳିଦେଇ	1	1	1	0	MAT 26:61
ତୋଳିବ	1	1	1	1	LEV 19:10
ତୋଳିବା	2	2	1	1	LUK 6:48
ତୋଳିବାକୁ	1	1	1	0	LUK 14:30
ତୋଳିବି	2	2	2	2	MAT 16:18
ତୋଳିଲା	1	1	1	1	MIC 7:1
ତୋଳେ	1	1	1	1	DEU 25:9
ତୋହଠାରୁ	2	2	1	2	REV 18:14
ତୋହର	19	19	6	18	1SA 1:1
ତୋ’ଠାରୁ	3	3	3	1	MAT 2:6
ତୋ’ଠାରେ	3	3	2	2	MAT 21:19
ତୌ	1	1	1	1	PSA 119:168
ତୌଲ	4	4	4	4	GEN 43:21
ତୌଲକାରୀ	1	1	1	1	ISA 33:18
ତୌଲନ୍ତି	3	3	2	3	PRO 16:2
ତୌଲର	1	1	1	1	1CH 23:29
ତୌଲରେ	1	1	1	1	PSA 62:9
ତୌଲା	6	6	3	6	EZR 8:30
ତୌଲାଯାଏ	1	1	1	1	1SA 2:3
ତୌଲି	16	16	9	17	GEN 23:16
ତୌଲିଅଛନ୍ତି	1	1	1	0	ISA 40:12
ତୌଲିବାକର୍ତ୍ତା	1	1	1	1	PRO 24:12
ତୌଲୁଅଛ	1	1	1	1	PSA 58:2
ତ୍ରଫିମ	2	2	2	1	ACT 20:4
ତ୍ରଫିମଙ୍କୁ	1	1	1	1	ACT 21:29
ତ୍ରସ୍ତ	1	1	1	1	JOB 31:34
ତ୍ରାଖୋନୀତି	1	1	1	1	LUK 3:1
ତ୍ରାଣ	18	18	5	15	DEU 32:15
ତ୍ରାଣକର୍ତ୍ତା	34	34	15	38	2SA 22:3
ତ୍ରାଣକର୍ତ୍ତାଙ୍କର	1	1	1	1	2PE 3:2
ତ୍ରାଣକାରକ	1	1	1	1	PSA 17:7
ତ୍ରାଣଜନକ	1	1	1	1	2PE 3:15
ତ୍ରାଣର	2	2	2	2	PSA 51:14
ତ୍ରାଣରୂପ	1	1	1	1	PSA 132:16
ତ୍ରାଣଶକ୍ତିରେ	1	1	1	0	PSA 20:6
ତ୍ରାଣସ୍ୱରୂପ	1	1	1	1	HAB 3:8
ତ୍ରାସ	15	15	9	12	EXO 15:16
ତ୍ରାସ-ଭୂମି	1	1	1	0	ISA 8:13
ତ୍ରାସଜନକ	6	6	4	6	JOB 15:21
ତ୍ରାସଠାରୁ	1	1	1	1	ISA 54:14
ତ୍ରାସପ୍ରଯୁକ୍ତ	1	1	1	1	ISA 31:9
ତ୍ରାସଯୁକ୍ତ	15	15	11	7	DEU 1:29
ତ୍ରାସଯୁକ୍ତା	1	1	1	1	ISA 57:11
ତ୍ରାସରୁ	1	1	1	1	JER 48:44
ତ୍ରାସରୂପ	1	1	1	1	EZK 26:16
ତ୍ରାସରେ	1	1	1	1	PSA 73:19
ତ୍ରାସସବୁ	1	1	1	1	PSA 88:16
ତ୍ରିଗୁଣ	1	1	1	1	ECC 4:12
ତ୍ରିତନ୍ତ୍ରୀ	1	1	1	1	1SA 18:6
ତ୍ରିଶୂଳ	6	6	5	6	EXO 27:3
ତ୍ରିଶୂଳରେ	1	1	1	1	1SA 2:14
ତ୍ରୁଟି	9	9	7	8	EXO 21:10
ତ୍ରୁଟିର	1	1	1	1	JOB 4:18
ତ୍ରୋୟାକୁ	2	2	2	1	ACT 16:8
ତ୍ରୋୟାରୁ	1	1	1	0	ACT 16:11
ତ୍ରୋୟାରେ	3	3	2	2	ACT 20:5
ତ୍ରୟୋଦଶ	11	11	4	11	GEN 14:4
ତ୍ରୟୋବିଂଶ	2	2	1	2	1CH 24:18
ତ୍ୟକ୍ତ	10	10	6	9	LEV 19:9
ତ୍ୟକ୍ତସ୍ତନ୍ୟ	1	1	1	1	ISA 11:8
ତ୍ୟକ୍ତା	4	4	2	4	LEV 21:14
ତ୍ୟାଗ	107	107	29	108	GEN 21:8
ତ୍ୟାଗପତ୍ର	3	3	2	2	MAT 5:31
ତ୍ୟାଗର	1	1	1	1	LEV 16:26
ତ୍ୟାଜ୍ୟ	1	1	1	0	AMO 8:6
ତ୍ୱକ୍-ପର୍ବତ	1	1	1	1	JOS 5:3
ତ୍ୱରା	2	2	2	1	EXO 5:13
ତ୍ୱରିତ	2	2	2	1	EST 8:14
ତୟି	3	3	2	3	2SA 8:9
ତୟିର	1	1	1	1	2SA 8:10
ଥକିଯାଏ	1	1	1	1	PRO 26:15
ଥଣ୍ଡା	2	2	2	3	MAT 10:42
ଥଦ୍ଦୀୟ	2	2	2	2	MAT 10:3
ଥମିଗଲା	1	1	1	0	NUM 11:2
ଥମିଲା	1	1	1	1	GEN 8:1
ଥର	173	173	39	185	GEN 22:15
ଥରକ	4	4	2	4	EXO 10:17
ଥରକର	1	1	1	1	HEB 12:16
ଥରକୁ	5	5	4	2	PRO 29:1
ଥରକୁଥର	13	13	8	16	MAT 17:15
ଥରଥର	4	4	3	4	1SA 13:7
ଥରରୁଥର	1	1	1	0	EZK 21:23
ଥରହର	7	7	6	7	2SA 22:46
ଥରହରର	1	1	1	1	ISA 21:4
ଥରି	8	8	4	8	EZK 12:18
ଥରେ	62	62	25	74	GEN 8:12
ଥରେମାତ୍ର	2	2	1	1	HEB 9:27
ଥଲା	3	3	3	1	NUM 8:4
ଥଲେ	2	2	2	0	1KI 4:2
ଥଳି	2	2	1	2	LUK 10:4
ଥଳୀ	1	1	1	2	PRO 26:8
ଥଳୀରେ	7	7	6	7	DEU 25:13
ଥାଅ	56	56	30	57	GEN 22:5
ଥାଆ	1	1	1	0	MAT 12:7
ଥାଆନ୍ତା	14	14	6	15	MAL 1:10
ଥାଆନ୍ତି	27	27	10	27	PSA 125:2
ଥାଆନ୍ତୁ	5	5	4	5	MAT 23:30
ଥାଆନ୍ତେ	11	11	7	16	2KI 5:3
ଥାଇ	95	95	36	97	GEN 11:32
ଥାଇପାରେ	1	1	1	3	LAM 3:29
ଥାଉ	137	137	28	139	GEN 17:18
ଥାଉନ୍ତୁ	8	8	7	8	GEN 1:15
ଥାଏ	373	373	41	379	GEN 44:33
ଥାଏନ୍ତ	3	3	2	0	PSA 25:14
ଥାକ	2	2	1	2	EZK 43:14
ଥାକଠାରୁ	1	1	1	1	EZK 43:14
ଥାକର	3	3	1	3	EZK 43:17
ଥାଳିର	1	1	1	1	MAT 23:25
ଥାଳିରେ	4	4	2	4	MAT 14:8
ଥାଳୀ	18	18	4	20	EXO 25:29
ଥାଳୀଓ	1	1	1	0	EXO 37:16
ଥାଳୀର	1	1	1	1	LUK 11:39
ଥାଳୀରେ	2	2	1	2	PRO 19:24
ଥା’ନ୍ତ	2	2	2	1	JDG 14:18
ଥା’ନ୍ତା	12	12	9	12	GEN 43:10
ଥା’ନ୍ତାଣ	2	2	2	0	JOB 31:35
ଥା’ନ୍ତି	17	17	9	18	EXO 3:8
ଥା’ନ୍ତିଣ	1	1	1	0	JER 12:1
ଥା’ନ୍ତୁ	1	1	1	1	EXO 5:9
ଥା’ନ୍ତେ	9	9	6	5	GEN 31:42
ଥିଉଦା	1	1	1	1	ACT 5:36
ଥିବ	63	63	24	65	GEN 8:22
ଥିବା	389	389	51	466	GEN 2:18
ଥିବାକୁ	1	1	1	1	PSA 83:4
ଥିବାବେଳେ	2	2	2	2	JDG 18:3
ଥିବାଯାଏ	5	5	4	4	LEV 18:19
ଥିବାର	28	28	20	27	GEN 28:8
ଥିବାରୁ	88	88	34	90	GEN 8:9
ଥିବି	7	7	4	7	JOB 7:8
ଥିବୁ	2	2	1	2	1TH 4:15
ଥିବେ	20	20	13	21	GEN 18:24
ଥିବେଣ	1	1	1	0	EST 9:12
ଥିଲ	48	48	22	48	EXO 22:21
ଥିଲା	1334	1334	54	1433	GEN 1:2
ଥିଲାନ୍ତ	2	2	1	0	EZK 33:22
ଥିଲାନ୍ତଏହେତୁ	1	1	1	0	1SA 25:36
ଥିଲି	66	66	23	68	GEN 31:40
ଥିଲିନ୍ତ	2	2	2	0	AMO 7:14
ଥିଲୁ	28	28	18	28	EXO 6:3
ଥିଲେ	848	848	46	990	GEN 1:2
ଥିଲେନ୍ତ	2	2	2	0	1SA 14:2
ଥିଲେନ୍ତଆଉ	1	1	1	0	1CH 18:16
ଥିଲେହେଁ	1	1	1	1	GEN 28:9
ଥୀୟଫିଲ	2	2	2	4	LUK 1:3
ଥୁଅ	3	3	1	3	NUM 12:11
ଥୁଅନ୍ତି	1	1	1	1	JOB 37:15
ଥୁଆ	4	4	4	4	PRO 5:10
ଥୁଆଗଲା	1	1	1	1	DAN 6:17
ଥୁଆଯାଇଥିଲା	1	1	1	0	JHN 20:12
ଥୁଆଯିବ	1	1	1	1	ISA 9:6
ଥୁଥୁରୁ	1	1	1	0	ISA 50:6
ଥୁୟତୀରା	2	2	1	3	REV 1:11
ଥୁୟତୀରାରେ	1	1	1	1	REV 2:24
ଥୁୟାଥୀରା	1	1	1	0	ACT 16:14
ଥେରହ	1	1	1	0	LUK 3:34
ଥେରହଙ୍କ	1	1	1	0	LUK 3:34
ଥେସଲନୀକୀକୁ	2	2	2	0	ACT 17:1
ଥେସଲନୀକୀରେ	2	2	2	4	ACT 17:11
ଥେସଲନୀକୀୟ	4	4	3	24	ACT 17:13
ଥେସଲନୀକୀୟମାନଙ୍କ	1	1	1	1	ACT 20:4
ଥୋଇ	14	14	9	14	EXO 2:3
ଥୋଇଅଛ	1	1	1	1	PSA 66:11
ଥୋଇଅଛନ୍ତି	3	3	2	2	1KI 12:9
ଥୋଇଅଛୁ	1	1	1	1	EZK 39:21
ଥୋଇଛନ୍ତି	1	1	1	1	1KI 12:11
ଥୋଇଥିଲେ	2	2	2	1	1KI 12:14
ଥୋଇଦିଅନ୍ତି	1	1	1	1	MAT 23:4
ଥୋଇଦେଇ	5	5	4	5	MAT 5:24
ଥୋଇଦେଲେ	2	2	2	2	JOS 7:23
ଥୋଇବ	3	3	3	3	EXO 25:21
ଥୋଇବା	12	12	9	12	DEU 32:23
ଥୋଇବି	1	1	1	1	1SA 11:2
ଥୋଇବେ	3	3	3	3	NUM 4:10
ଥୋଇଲ	1	1	1	1	ISA 47:6
ଥୋଇଲା	4	4	4	4	1SA 9:24
ଥୋଇଲି	1	1	1	1	DEU 30:1
ଥୋଇଲେ	14	14	12	12	LEV 8:26
ଥୋଉଥିଲେ	1	1	1	0	ACT 4:34
ଥୋକାଏ	1	1	1	1	JDG 5:13
ଥୋପା	2	2	1	1	SNG 1:13
ଥୋମଣି	2	2	1	2	JDG 15:15
ଥୋମଣି-ଗିରି	1	1	1	1	JDG 15:17
ଥୋମଣିରେ	3	3	2	3	JDG 15:16
ଥୋମଣୀ	1	1	1	1	JOB 41:2
ଥୋମା	10	10	5	11	MAT 10:3
ଥୋମାଙ୍କୁ	1	1	1	1	JHN 20:27
ଦ	27	27	14	0	GEN 49:12
ଦଂଶକ-ଝାଙ୍କ	1	1	1	0	EXO 8:29
ଦଂଶକଝାଙ୍କ	1	1	1	0	PSA 78:45
ଦଂଶକର	1	1	1	1	PSA 105:31
ଦଂଶକାଦି	2	2	1	2	EXO 8:24
ଦଂଶକାଦିର	3	3	1	3	EXO 8:21
ଦଂଶନ	8	8	6	8	GEN 49:17
ଦଉଡ଼ାଦଉଡ଼ି	1	1	1	1	JDG 7:21
ଦଉଡ଼ି	8	8	4	9	JDG 15:14
ଦଉଡ଼ିରେ	4	4	4	4	JOS 2:15
ଦଉଡ଼ିସବୁ	1	1	1	1	ISA 54:2
ଦକ୍ଷ	2	2	2	2	1CH 9:13
ଦକ୍ଷତା	1	1	1	1	ECC 2:21
ଦକ୍ଷିଣ	303	303	40	283	GEN 12:9
ଦକ୍ଷିଣ-ପ୍ରଦେଶ	1	1	1	1	NUM 33:40
ଦକ୍ଷିଣକୁ	9	9	6	7	GEN 13:9
ଦକ୍ଷିଣଠାରୁ	2	2	1	2	EZK 20:47
ଦକ୍ଷିଣଦିଗ	1	1	1	0	1CH 26:15
ଦକ୍ଷିଣଦିଗରେ	1	1	1	0	1CH 26:17
ଦକ୍ଷିଣପାର୍ଶ୍ୱରେ	1	1	1	0	2KI 23:13
ଦକ୍ଷିଣପୂର୍ବ	1	1	1	1	ACT 27:12
ଦକ୍ଷିଣଭାଗରେ	1	1	1	0	1KI 6:8
ଦକ୍ଷିଣର	2	2	2	2	ISA 30:6
ଦକ୍ଷିଣରୁ	3	3	3	3	GEN 13:3
ଦକ୍ଷିଣରେ	26	26	19	22	GEN 24:49
ଦକ୍ଷିଣସ୍ଥ	5	5	4	5	JOS 11:2
ଦକ୍ଷିଣସ୍ଥିତ	3	3	2	3	JOS 18:13
ଦକ୍ଷିଣହସ୍ତ	1	1	1	0	GEN 35:18
ଦକ୍ଷିଣା	3	3	2	3	LUK 12:55
ଦକ୍ଷିଣାଞ୍ଚଳ	7	7	2	7	JOS 11:16
ଦକ୍ଷିଣାଞ୍ଚଳକୁ	2	2	2	2	GEN 13:1
ଦକ୍ଷିଣାଞ୍ଚଳରେ	1	1	1	1	JOS 15:21
ଦକ୍ଷିଣାଞ୍ଚଳସ୍ଥ	2	2	2	2	JOS 12:8
ଦକ୍ଷିଣାଭିମୁଖ	1	1	1	1	EZK 40:45
ଦଗ୍ଦ	1	1	1	0	LEV 2:11
ଦଗ୍ଧ	199	199	30	204	GEN 38:24
ଦଣ୍ଡ	116	116	39	171	GEN 4:13
ଦଣ୍ଡଗ୍ରସ୍ତ	1	1	1	1	1TI 3:6
ଦଣ୍ଡଣ	1	1	1	0	AMO 2:1
ଦଣ୍ଡଦାତା	4	4	4	4	NUM 14:18
ଦଣ୍ଡଧରମାନେ	1	1	1	1	JDG 5:14
ଦଣ୍ଡନୀୟ	18	18	10	17	EXO 21:20
ଦଣ୍ଡପ୍ରାପ୍ତ	1	1	1	1	JAS 5:9
ଦଣ୍ଡବତ	5	5	2	5	PRO 14:19
ଦଣ୍ଡଯୋଗ୍ୟ	1	1	1	1	EXO 21:28
ଦଣ୍ଡର	34	34	10	39	HOS 9:7
ଦଣ୍ଡରୁ	6	6	3	5	EZR 9:13
ଦଣ୍ଡରୂପ	1	1	1	1	HOS 6:11
ଦଣ୍ଡରେ	27	27	9	21	GEN 19:15
ଦଣ୍ଡସବୁ	1	1	1	1	ZEP 3:15
ଦଣ୍ଡସମୂହରୁ	1	1	1	1	EZK 19:14
ଦଣ୍ଡାଘାତ	4	4	3	4	PRO 20:30
ଦଣ୍ଡାଜ୍ଞା	27	27	13	32	NUM 31:3
ଦଣ୍ଡାଜ୍ଞାର	3	3	2	3	JOL 3:14
ଦଣ୍ଡାଜ୍ଞାସକଳ	1	1	1	1	HOS 6:5
ଦଣ୍ଡାୟମାନ	13	13	6	11	GEN 18:2
ଦଣ୍ଡି	3	3	2	3	LEV 19:36
ଦଣ୍ଡିତ	1	1	1	4	EXO 21:31
ଦଣ୍ଡେ	3	3	2	0	MAT 6:27
ଦଣ୍ଡେମାତ୍ର	1	1	1	1	GAL 2:5
ଦତ୍ତ	134	134	39	108	GEN 28:4
ଦଦାନ	3	3	1	7	EZK 25:13
ଦଦାନର	1	1	1	1	EZK 27:15
ଦଦାନୀୟ	1	1	1	1	ISA 21:13
ଦଦାନ୍	5	5	3	2	GEN 25:3
ଦଦାନ୍କୁ	1	1	1	0	GEN 25:3
ଦଧି	6	6	4	1	GEN 18:8
ଦନ୍ତ	6	6	5	35	EXO 21:24
ଦନ୍ତ-ପଂକ୍ତି	2	2	1	2	SNG 4:2
ଦନ୍ତକୁ	2	2	2	2	PSA 124:6
ଦନ୍ତପଂକ୍ତିର	1	1	1	0	AMO 4:6
ଦନ୍ତର	9	9	3	6	JOB 41:14
ଦନ୍ତରୁ	1	1	1	1	JOB 29:17
ଦନ୍ତରେ	1	1	1	1	JOB 13:14
ଦନ୍ତଶ୍ରେଣୀଦ୍ୱୟ	1	1	1	1	JOB 41:13
ଦନ୍ତାକାର	2	2	1	2	1SA 14:4
ଦନ୍ଥଡ଼ା	1	1	1	1	1SA 13:21
ଦନ୍ଥରା	1	1	1	1	ECC 10:10
ଦନ୍ନା	1	1	1	1	JOS 15:49
ଦପ୍କାରୁ	1	1	1	1	NUM 33:13
ଦପ୍କାରେ	1	1	1	1	NUM 33:12
ଦବୀର	8	8	1	9	JOS 10:3
ଦବୀର-ନିବାସୀମାନଙ୍କ	1	1	1	1	JDG 1:11
ଦବୀରକୁ	1	1	1	1	JOS 10:38
ଦବୀରର	2	2	2	2	JOS 12:13
ଦବୀରରୁ	1	1	1	1	JOS 11:21
ଦବୀର୍	1	1	1	0	1CH 6:58
ଦବେଶତ୍	1	1	1	1	JOS 19:11
ଦବୋରା	9	9	2	11	GEN 35:8
ଦବୋରେ	1	1	1	1	JDG 5:12
ଦମନ	10	10	5	12	1SA 3:13
ଦମ୍ପତି	5	5	1	5	GEN 6:19
ଦମ୍ପତିକ୍ରମେ	1	1	1	1	GEN 7:16
ଦମ୍ଭ	1	1	1	1	PSA 73:8
ଦମ୍ମେଶକ	8	8	5	17	1KI 15:18
ଦମ୍ମେଶକକୁ	3	3	3	3	1KI 11:24
ଦମ୍ମେଶକର	7	7	4	17	2SA 8:5
ଦମ୍ମେଶକରୁ	3	3	1	4	2KI 16:11
ଦମ୍ମେଶକରେ	4	4	2	4	1KI 11:24
ଦମ୍ମେଶକୀୟ	1	1	1	2	2CH 28:23
ଦମ୍ମେସକର	1	1	1	3	GEN 14:15
ଦମ୍ମେସକୀୟ	1	1	1	0	GEN 15:2
ଦରମରା	1	1	1	1	LUK 10:30
ଦରାଣ୍ଡି	10	10	5	10	EXO 10:21
ଦରିଦ୍ର	79	79	21	84	EXO 22:25
ଦରିଦ୍ରକୁ	16	16	7	16	1SA 2:8
ଦରିଦ୍ରଗଣ	1	1	1	1	AMO 4:1
ଦରିଦ୍ରଗଣକୁ	1	1	1	1	PSA 132:15
ଦରିଦ୍ରଠାରୁ	1	1	1	1	JOB 24:9
ଦରିଦ୍ରତା	8	8	3	8	JOB 30:3
ଦରିଦ୍ରତାରେ	1	1	1	1	PRO 14:23
ଦରିଦ୍ରଦଶା	1	1	1	0	GEN 45:11
ଦରିଦ୍ରମାନଙ୍କ	10	10	9	11	2KI 25:12
ଦରିଦ୍ରମାନଙ୍କଠାରୁ	1	1	1	1	ISA 3:14
ଦରିଦ୍ରମାନଙ୍କର	5	5	4	5	JOB 20:10
ଦରିଦ୍ରମାନଙ୍କୁ	17	17	13	15	JOB 31:16
ଦରିଦ୍ରମାନେ	7	7	7	7	EXO 23:11
ଦରିଦ୍ରର	11	11	8	11	EXO 23:3
ଦରିଦ୍ରାବସ୍ଥା	2	2	1	2	PRO 6:11
ଦର୍କା	2	2	1	2	ACT 9:36
ଦର୍କୋଣର	2	2	2	2	EZR 2:56
ଦର୍ଦା	1	1	1	1	1KI 4:31
ଦର୍ପ	98	98	24	99	EXO 8:9
ଦର୍ପ-ବାକ୍ୟର	1	1	1	1	DAN 7:11
ଦର୍ପ-ସ୍ଥାନରୁ	2	2	1	0	JER 49:19
ଦର୍ପ-ସ୍ଥାନରେ	1	1	1	0	JER 12:5
ଦର୍ପକାରୀ	1	1	1	2	PRO 25:14
ଦର୍ପକାରୀସମସ୍ତେ	1	1	1	0	PSA 97:7
ଦର୍ପଚିତ୍ତରେ	1	1	1	1	ISA 9:9
ଦର୍ପଣ	3	3	3	3	EXO 38:8
ଦର୍ପଣର	1	1	1	1	1CO 13:12
ଦର୍ପଣରେ	2	2	2	2	2CO 3:18
ଦର୍ପବାଦୀ	1	1	1	1	PSA 12:3
ଦର୍ପବାଦୀମାନଙ୍କ	1	1	1	1	JER 50:36
ଦର୍ପଯୁକ୍ତ	1	1	1	1	ZEP 3:11
ଦର୍ପର	11	11	7	11	JOB 41:15
ଦର୍ପରେ	1	1	1	1	PSA 56:2
ଦର୍ପସୂଚକ	2	2	1	2	ISA 28:1
ଦର୍ପସ୍ଥାନ	1	1	1	1	ZEC 11:3
ଦର୍ପସ୍ୱରୂପ	1	1	1	1	EZK 24:21
ଦର୍ପିତ	1	1	1	1	ISA 13:3
ଦର୍ପୀ	2	2	2	2	JOB 28:8
ଦର୍ବୀ	2	2	1	3	ACT 14:6
ଦର୍ବୀକୁ	1	1	1	1	ACT 14:20
ଦର୍ବୀର	1	1	1	1	ACT 20:4
ଦର୍ଶକ	16	16	6	16	1SA 9:9
ଦର୍ଶକଗଣ	1	1	1	1	ISA 29:10
ଦର୍ଶକଗଣକୁ	1	1	1	1	ISA 30:10
ଦର୍ଶକମାନଙ୍କ	2	2	2	2	2CH 33:18
ଦର୍ଶକମାନେ	1	1	1	1	MIC 3:7
ଦର୍ଶକର	6	6	3	6	1SA 9:18
ଦର୍ଶନ	216	216	37	258	GEN 12:7
ଦର୍ଶନକାରୀ	1	1	1	1	EZK 28:18
ଦର୍ଶନକାରୀମାନଙ୍କ	1	1	1	2	JER 52:25
ଦର୍ଶନକ୍ରମେ	5	5	2	3	EZK 8:3
ଦର୍ଶନଦାତା	1	1	1	1	GEN 12:7
ଦର୍ଶନବିଦ୍ୟା	1	1	1	1	COL 2:8
ଦର୍ଶନମାନ	1	1	1	1	EZK 1:1
ଦର୍ଶନର	9	9	6	9	EZK 7:26
ଦର୍ଶନରୁ	2	2	2	2	PSA 119:37
ଦର୍ଶନରେ	10	10	6	15	JOB 33:15
ଦର୍ଶନାନ୍ତେ	1	1	1	1	GEN 16:14
ଦର୍ଶନୀ	19	19	9	13	1SA 9:7
ଦର୍ଶନୀରୋଟୀ	3	3	3	0	MAT 12:4
ଦର୍ଶନୀୟ	13	13	7	16	EXO 25:30
ଦର୍ଶନୀୟ-ରୋଟୀର	1	1	1	0	1CH 23:29
ଦର୍ଶାଇ	2	2	2	2	EZR 2:59
ଦର୍ଶାଇବା	1	1	1	1	EXO 10:1
ଦର୍ଶାଇବେ	1	1	1	1	1TI 6:16
ଦଲାୟ	2	2	2	0	1CH 24:18
ଦଲାୟର	3	3	2	0	EZR 2:60
ଦଲୀଲା	6	6	1	7	JDG 16:4
ଦଲ୍ଫୋନ	1	1	1	1	EST 9:7
ଦଲ୍ମତିଆକୁ	1	1	1	0	2TI 4:10
ଦଲ୍ମନୂଥା	1	1	1	1	MRK 8:10
ଦଲୟୀୟ	1	1	1	0	JER 36:12
ଦଳ	80	80	23	96	GEN 14:15
ଦଳକୁ	5	5	5	6	GEN 32:8
ଦଳନ	4	4	4	3	DEU 33:29
ଦଳନର	1	1	1	1	ISA 22:5
ଦଳନ୍ତି	1	1	1	1	MAT 7:6
ଦଳପତି	2	2	2	2	2SA 4:2
ଦଳବଦ୍ଧ	6	6	5	6	JDG 18:22
ଦଳଭେଦ	7	7	5	12	ACT 23:7
ଦଳର	15	15	8	16	EXO 14:19
ଦଳରେ	4	4	3	5	JDG 7:16
ଦଳସ୍ଥ	4	4	1	4	NUM 16:5
ଦଳାଦଳି	1	1	1	1	2CO 12:20
ଦଳାୟ	1	1	1	0	1CH 3:24
ଦଳି	25	25	16	24	JDG 20:43
ଦଳିଅଛ	1	1	1	1	EZK 34:19
ଦଳିତ	26	26	10	25	JOB 39:15
ଦଳିପକାଇବେ	1	1	1	1	ROM 16:20
ଦଳିବ	1	1	1	1	PSA 91:13
ଦଳିବା	6	6	4	6	EXO 8:3
ଦଳିବାର	2	2	2	2	NEH 13:15
ଦଳିବେ	1	1	1	1	MIC 7:19
ଦଳିଲା	2	2	1	2	DAN 8:7
ଦଳିଲି	1	1	1	1	2SA 22:43
ଦଳିଲେ	2	2	2	2	JDG 9:27
ଦଳୀୟ	3	3	3	3	NUM 26:9
ଦଳୁଅଛ	1	1	1	1	AMO 5:11
ଦଳେ	3	3	1	3	ACT 14:4
ଦଶ	190	190	33	209	GEN 5:14
ଦଶ-ତାର	1	1	1	1	PSA 33:2
ଦଶ-ସହସ୍ର	1	1	1	0	LEV 26:8
ଦଶଆଜ୍ଞା	1	1	1	0	DEU 4:13
ଦଶଖଣ୍ଡ	1	1	1	0	1KI 11:31
ଦଶଗୁଣ	1	1	1	1	DAN 1:20
ଦଶଗୋଟି	2	2	1	0	LUK 19:13
ଦଶଜଣ	2	2	2	0	MRK 10:41
ଦଶଜଣଙ୍କୁ	1	1	1	1	JDG 6:27
ଦଶଟା	3	3	3	3	GEN 24:10
ଦଶଟି	3	3	2	3	GEN 32:15
ଦଶତାର-ଯନ୍ତ୍ର	1	1	1	1	PSA 92:2
ଦଶତାର-ଯନ୍ତ୍ରରେ	1	1	1	1	PSA 144:9
ଦଶଥର	3	3	2	3	GEN 31:7
ଦଶଦିନ	1	1	1	2	GEN 24:55
ଦଶପତି	3	3	2	3	EXO 18:21
ଦଶଭରି	1	1	1	1	GEN 24:22
ଦଶମ	35	35	14	34	GEN 8:5
ଦଶମାଂଶ	78	78	16	80	GEN 14:20
ଦଶମାଂଶ-ବର୍ଷରେ	1	1	1	1	DEU 26:12
ଦଶମାଂଶର	3	3	3	4	LEV 23:17
ଦଶମାଂଶରୁ	1	1	1	1	LEV 27:31
ଦଶମାଂଶରେ	1	1	1	1	MAL 3:8
ଦଶସହସ୍ର	1	1	1	2	HOS 8:12
ଦଶହଜାର	3	3	2	0	EZK 45:3
ଦଶା	31	31	14	30	EXO 2:4
ଦସ୍ତା	4	4	2	4	NUM 31:22
ଦସ୍ୟୁମାନଙ୍କ	3	3	3	0	MAT 21:13
ଦହନ	2	2	1	2	NUM 11:3
ଦହନରେ	1	1	1	1	DEU 29:23
ଦହଲା	1	1	1	1	PSA 40:2
ଦା	9	9	6	2	ISA 2:4
ଦାଆ	11	11	4	14	DEU 16:9
ଦାଉଦ	559	559	21	602	RUT 4:22
ଦାଉଦ-ନଗର	6	6	4	5	2SA 5:7
ଦାଉଦ-ନଗରକୁ	3	3	2	3	2SA 6:10
ଦାଉଦ-ନଗରର	4	4	3	3	2CH 32:30
ଦାଉଦ-ନଗରରୁ	3	3	3	2	1KI 9:24
ଦାଉଦ-ନଗରରେ	20	20	5	15	2SA 6:16
ଦାଉଦ-ନଗରସ୍ଥ	1	1	1	1	2CH 32:5
ଦାଉଦ-ପ୍ରାଣର	1	1	1	1	2SA 5:8
ଦାଉଦ-ବଂଶ	2	2	2	1	JER 21:12
ଦାଉଦ-ବଂଶକୁ	3	3	3	2	1KI 11:39
ଦାଉଦ-ବଂଶଠାରୁ	1	1	1	1	1KI 14:8
ଦାଉଦ-ବଂଶର	8	8	4	7	1KI 12:19
ଦାଉଦ-ବଂଶରୁ	1	1	1	0	2KI 17:21
ଦାଉଦ-ବଂଶରେ	3	3	2	1	1KI 13:2
ଦାଉଦ-ରାଜାଙ୍କର	1	1	1	0	2KI 11:10
ଦାଉଦ-ସନ୍ତାନ	9	9	2	0	MAT 9:27
ଦାଉଦ-ସନ୍ତାନଗଣର	2	2	1	2	2CH 13:8
ଦାଉଦକୁ	16	16	7	16	1SA 16:22
ଦାଉଦଙ୍କ	135	135	20	207	1SA 16:20
ଦାଉଦଙ୍କ-ଠାରେ	1	1	1	0	1SA 19:2
ଦାଉଦଙ୍କଠାରୁ	1	1	1	0	MAT 1:17
ଦାଉଦଙ୍କଠାରେ	3	3	3	4	2SA 19:43
ଦାଉଦଙ୍କର	218	218	16	227	1SA 17:31
ଦାଉଦଙ୍କୁ	133	133	9	139	1SA 16:13
ଦାଉଦଠାରେ	1	1	1	1	2SA 20:1
ଦାଉଦନଗରରେ	1	1	1	0	2KI 12:21
ଦାଉଦର	20	20	12	20	RUT 4:17
ଦାଗ	27	27	3	28	LEV 13:47
ଦାଗଯୁକ୍ତ	4	4	3	4	LEV 13:54
ଦାଗର	1	1	1	1	LEV 13:55
ଦାଗୋନ୍	7	7	2	8	JDG 16:23
ଦାଗୋନ୍-ମନ୍ଦିରରେ	1	1	1	0	1CH 10:10
ଦାଗୋନ୍କୁ	1	1	1	1	1SA 5:3
ଦାଗୋନ୍ର	3	3	1	3	1SA 5:4
ଦାଢ଼	1	1	1	1	ECC 10:10
ଦାଢ଼ି	11	11	7	12	LEV 14:9
ଦାଢ଼ିର	5	5	3	5	LEV 13:30
ଦାଢ଼ିରେ	4	4	3	4	LEV 13:29
ଦାଣ୍ଡ	1	1	1	1	LUK 14:21
ଦାଣ୍ଡକୁ	2	2	2	2	JOS 2:19
ଦାଣ୍ଡଦୁଆରକୁ	1	1	1	0	MRK 14:68
ଦାଣ୍ଡଦ୍ୱାରକୁ	1	1	1	2	MAT 26:71
ଦାଣ୍ଡମାନଙ୍କରେ	1	1	1	1	LUK 13:26
ଦାଣ୍ଡମାନଙ୍କୁ	1	1	1	1	LUK 10:10
ଦାଣ୍ଡର	2	2	2	2	LAM 4:1
ଦାଣ୍ଡରେ	17	17	10	17	GEN 19:2
ଦାତବ୍ୟ	2	2	1	2	JER 50:15
ଦାତାକୁ	1	1	1	0	2CO 9:7
ଦାତାଙ୍କୁ	1	1	1	0	1JN 5:1
ଦାଥନ	2	2	1	7	NUM 16:25
ଦାଥନକୁ	2	2	2	2	NUM 16:12
ଦାଥନର	2	2	1	2	NUM 16:24
ଦାଥନ୍	4	4	2	0	NUM 16:1
ଦାଦାନ	1	1	1	0	GEN 10:7
ଦାନ	207	207	42	218	GEN 14:14
ଦାନ-ଛାଉଣିର	2	2	1	0	NUM 2:25
ଦାନ-ସନ୍ତାନଗଣର	5	5	1	0	NUM 1:38
ଦାନଜନିତ	1	1	1	1	NUM 18:7
ଦାନପଦାର୍ଥ-ସମୂହରେ	1	1	1	0	LUK 21:5
ଦାନପାତ୍ରମାନଙ୍କୁ	1	1	1	1	PRO 3:27
ଦାନପ୍ରାପ୍ତ	2	2	1	2	PSA 68:18
ଦାନବଂଶଜାତ	1	1	1	0	EXO 31:6
ଦାନବଂଶୀୟ	1	1	1	0	EXO 35:34
ଦାନର	12	12	8	8	GEN 46:23
ଦାନରୂପ	1	1	1	1	2CO 9:12
ଦାନରେ	1	1	1	1	ROM 12:8
ଦାନଶୀଳ	3	3	2	3	PRO 11:25
ଦାନସଂଗ୍ରହର	1	1	1	1	2CO 9:5
ଦାନସବୁ	4	4	2	4	ACT 10:4
ଦାନସମସ୍ତ	1	1	1	1	1CO 12:31
ଦାନସମୂହ	1	1	1	1	ROM 11:29
ଦାନା	3	3	2	9	GEN 24:25
ଦାନାଦି	1	1	1	1	EXO 28:38
ଦାନାନୁସାରେ	1	1	1	1	1KI 10:13
ଦାନାମାତ୍ର	1	1	1	1	1CO 15:37
ଦାନି	1	1	1	0	EZK 28:3
ଦାନିୟେଲ	52	52	6	63	1CH 3:1
ଦାନିୟେଲଙ୍କ	5	5	1	17	DAN 2:19
ଦାନିୟେଲଙ୍କର	4	4	1	6	DAN 6:3
ଦାନିୟେଲଙ୍କୁ	19	19	1	20	DAN 1:7
ଦାନିୟେଲର	1	1	1	1	DAN 6:5
ଦାନୀୟ	1	1	1	2	JDG 13:2
ଦାନୀୟମାନଙ୍କ	1	1	1	1	1CH 12:35
ଦାନ୍	21	21	8	39	GEN 35:25
ଦାନ୍-ବଂଶ	1	1	1	1	1CH 27:22
ଦାନ୍-ଯାନକୁ	1	1	1	1	2SA 24:6
ଦାନ୍-ସନ୍ତାନଗଣ	5	5	2	5	JOS 19:47
ଦାନ୍-ସନ୍ତାନଗଣକୁ	2	2	1	2	JDG 1:34
ଦାନ୍-ସନ୍ତାନଗଣର	3	3	2	6	JOS 19:47
ଦାନ୍-ସନ୍ତାନମାନଙ୍କ	1	1	1	1	JOS 19:40
ଦାନ୍ଠାରୁ	7	7	4	7	JDG 20:1
ଦାନ୍ତରେ	1	1	1	1	MIC 3:5
ଦାନ୍ବଂଶୀୟା	1	1	1	0	2CH 2:14
ଦାନ୍ର	1	1	1	6	JOS 19:47
ଦାନ୍ରେ	2	2	2	2	1KI 12:29
ଦାବରତରେ	1	1	1	0	JOS 19:12
ଦାବରତ୍	2	2	2	2	JOS 21:28
ଦାବି	1	1	1	19	JOB 3:5
ଦାବୀ	10	10	5	6	EXO 21:22
ଦାମାରି	1	1	1	1	ACT 17:34
ଦାମାସ୍କସ୍	10	10	4	0	ISA 7:8
ଦାମାସ୍କସ୍କୁ	5	5	2	0	ACT 9:8
ଦାମାସ୍କସ୍ନିବାସୀ	1	1	1	0	ACT 9:22
ଦାମାସ୍କସ୍ର	12	12	5	0	ISA 7:8
ଦାମାସ୍କସ୍ରୁ	1	1	1	0	ISA 17:3
ଦାମାସ୍କସ୍ରେ	5	5	2	0	ACT 9:10
ଦାମ୍ଭିକ	6	6	5	6	PSA 18:27
ଦାମ୍ଭିକତା	4	4	4	4	1SA 2:3
ଦାମ୍ଭିକଭାବ	1	1	1	1	PRO 14:16
ଦାମ୍ଭିକମାନଙ୍କ	1	1	1	1	PSA 73:3
ଦାରା	9	9	6	9	EXO 15:20
ଦାରାବାଦ୍ୟ	1	1	1	1	PSA 150:4
ଦାରାବାଦ୍ୟବାଦିନୀ	1	1	1	1	PSA 68:25
ଦାରୀୟାବସ	13	13	2	17	EZR 5:5
ଦାରୀୟାବସଙ୍କର	1	1	1	2	EZR 5:7
ଦାରୀୟାବସର	4	4	2	5	EZR 4:5
ଦାରୀୟାବସ୍	3	3	2	0	HAG 1:1
ଦାରୀୟାବସ୍ର	4	4	3	0	NEH 12:22
ଦାରୁଚିନି	3	3	3	3	EXO 30:23
ଦାରୁଚିନିରେ	2	2	2	2	PSA 45:8
ଦାରୁଣ	10	10	8	7	GEN 50:11
ଦାର୍ଶନିକ	1	1	1	1	ACT 17:18
ଦାଲତ୍	1	1	1	1	PSA 119:24
ଦାସ	490	490	48	509	GEN 9:26
ଦାସ-ମାନଙ୍କଠାରୁ	1	1	1	0	JOS 10:6
ଦାସକୁ	63	63	18	64	GEN 18:7
ଦାସଗଣ	24	24	11	23	GEN 21:25
ଦାସଗଣକୁ	5	5	3	5	NUM 32:5
ଦାସଗଣର	10	10	5	10	GEN 50:17
ଦାସଗୃହ	2	2	1	3	EXO 13:14
ଦାସଗୃହରୁ	4	4	4	4	JOS 24:17
ଦାସଙ୍କ	4	4	3	4	GEN 40:20
ଦାସଙ୍କୁ	5	5	4	7	2SA 15:14
ଦାସଟି	1	1	1	1	MAT 8:13
ଦାସଠାରୁ	4	4	4	4	2KI 5:15
ଦାସଠାରେ	1	1	1	1	1SA 29:8
ଦାସତ୍ୱ	6	6	5	12	EXO 6:9
ଦାସତ୍ୱ-କାଳ	1	1	1	0	LEV 25:50
ଦାସତ୍ୱର	4	4	4	4	NEH 5:18
ଦାସତ୍ୱରୁ	3	3	2	5	EXO 6:6
ଦାସତ୍ୱରୂପ	1	1	1	1	1TI 6:1
ଦାସତ୍ୱରେ	6	6	6	6	EXO 6:5
ଦାସତ୍ୱାବସ୍ଥା	2	2	1	3	PSA 126:1
ଦାସତ୍ୱାବସ୍ଥାକୁ	2	2	1	1	NEH 5:5
ଦାସଦାସୀ	11	11	5	12	GEN 12:16
ଦାସଦାସୀ-ଗଣର	1	1	1	0	JOL 2:29
ଦାସଦାସୀକି	1	1	1	0	JER 34:16
ଦାସଦାସୀଗଣ	1	1	1	1	ECC 2:7
ଦାସଦାସୀମାନଙ୍କ	1	1	1	0	ACT 2:18
ଦାସଦାସୀମାନଙ୍କୁ	2	2	2	2	JER 34:11
ଦାସମାନଙ୍କ	88	88	24	87	GEN 22:19
ଦାସମାନଙ୍କର	11	11	7	11	GEN 44:7
ଦାସମାନଙ୍କୁ	78	78	21	78	GEN 14:15
ଦାସମାନେ	111	111	26	110	GEN 26:15
ଦାସର	44	44	17	48	GEN 18:3
ଦାସରୂପ	1	1	1	1	PHP 2:7
ଦାସସମୂହର	1	1	1	1	2KI 9:7
ଦାସାନୁଦାସ	1	1	1	1	GEN 9:25
ଦାସାହୁଅନ୍ତି	1	1	1	0	GAL 1:10
ଦାସୀ	64	64	18	70	GEN 16:1
ଦାସୀକି	18	18	6	6	GEN 16:5
ଦାସୀକୁ	2	2	2	11	2KI 4:16
ଦାସୀଗଣ	9	9	5	9	GEN 33:6
ଦାସୀଗଣକୁ	1	1	1	1	GEN 20:17
ଦାସୀଗଣଙ୍କୁ	1	1	1	1	PRO 31:15
ଦାସୀଗଣର	2	2	1	2	RUT 2:8
ଦାସୀଙ୍କ	1	1	1	1	GEN 33:1
ଦାସୀଠାରୁ	1	1	1	1	GAL 4:22
ଦାସୀତ୍ୱାବସ୍ଥାକୁ	1	1	1	0	NEH 5:5
ଦାସୀପୁତ୍ର	4	4	3	2	GEN 21:10
ଦାସୀମାନଙ୍କ	3	3	2	3	2SA 6:20
ଦାସୀମାନଙ୍କୁ	2	2	2	2	1SA 8:16
ଦାସୀମାନେ	2	2	2	2	GEN 24:61
ଦାସୀର	23	23	11	25	GEN 16:2
ଦାସ୍ୟ	1	1	1	1	ISA 14:3
ଦାସ୍ୟକର୍ମ	47	47	9	47	GEN 15:13
ଦାସ୍ୟକର୍ମର	2	2	2	2	1KI 12:4
ଦାସ୍ୟଗୃହ	2	2	1	1	DEU 5:6
ଦାସ୍ୟଗୃହରୁ	3	3	1	3	DEU 7:8
ଦାସ୍ୟଗୃହରୂପ	1	1	1	2	DEU 13:10
ଦାହ	11	11	5	11	EXO 21:25
ଦାହକ	1	1	1	1	ISA 4:3
ଦାହକ-ସର୍ପ	1	1	1	0	NUM 21:8
ଦାହକ-ସର୍ପଣ	1	1	1	0	NUM 21:6
ଦାହକାରୀ	1	1	1	1	JER 20:9
ଦାହଯୁକ୍ତ	2	2	1	2	EXO 9:9
ଦାହର	5	5	2	2	LEV 13:24
ଦାହସ୍ଥାନ	1	1	1	1	ISA 29:2
ଦାୟ	1	1	1	1	JER 51:35
ଦାୟିତ୍ୱଭାର	1	1	1	1	1PE 5:3
ଦାୟିତ୍ୱରୁ	1	1	1	1	ACT 20:26
ଦାୟୀ	2	2	2	2	1CO 11:27
ଦିଅ	441	441	54	449	GEN 14:21
ଦିଅନ୍ତା	4	4	4	4	DEU 32:30
ଦିଅନ୍ତି	151	151	37	179	GEN 29:3
ଦିଅନ୍ତୁ	36	36	16	46	GEN 23:9
ଦିଅନ୍ତେ	39	39	16	40	GEN 3:6
ଦିଆ	8	8	6	14	NEH 6:13
ଦିଆଗଲା	63	63	20	62	GEN 22:20
ଦିଆଗଲେ	1	1	1	1	EXO 21:29
ଦିଆବଳ	4	4	1	4	REV 12:9
ଦିଆଯାଇ	7	7	6	11	NUM 5:8
ଦିଆଯାଇଅଛି	13	13	9	22	1KI 13:9
ଦିଆଯାଇଥିବା	1	1	1	12	LUK 24:2
ଦିଆଯାଇଥିଲା	5	5	3	9	LUK 2:21
ଦିଆଯାଇଥିଲେ	1	1	1	2	MAT 18:6
ଦିଆଯାଇନାହିଁ	1	1	1	0	NUM 19:2
ଦିଆଯାଉ	15	15	11	16	GEN 34:21
ଦିଆଯାଉଅଛି	5	5	4	5	EZR 7:19
ଦିଆଯାଏ	18	18	15	18	EXO 5:16
ଦିଆଯା’ନ୍ତେ	3	3	2	1	1SA 19:21
ଦିଆଯିବ	53	53	16	52	EXO 5:18
ଦିଆଯିବାରୁ	1	1	1	1	ACT 23:30
ଦିଆଯିବେ	1	1	1	1	DEU 28:32
ଦିଏ	108	108	33	122	GEN 12:3
ଦିଏନ୍ତ	1	1	1	0	ISA 55:10
ଦିଓଟି	1	1	1	0	AMO 3:12
ଦିକ୍ଲା	1	1	1	2	1CH 1:21
ଦିକ୍ଳ	1	1	1	0	GEN 10:27
ଦିଗ	24	24	13	25	NUM 13:17
ଦିଗକୁ	15	15	9	15	GEN 10:19
ଦିଗର	13	13	8	16	GEN 10:30
ଦିଗରୁ	29	29	9	29	NUM 34:4
ଦିଗରେ	105	105	21	111	GEN 10:19
ଦିଗସ୍ଥ	20	20	6	21	EXO 26:22
ଦିଗସ୍ଥିତ	11	11	7	11	NUM 10:5
ଦିଗାଭିମୁଖ	1	1	1	1	EZK 42:11
ଦିଦୁମ	3	3	1	3	JHN 11:16
ଦିନ	879	879	54	1037	GEN 2:17
ଦିନକ	2	2	2	2	1SA 9:15
ଦିନକର	5	5	4	5	GEN 18:1
ଦିନକରେ	10	10	5	9	GEN 39:11
ଦିନକୁ	30	30	18	30	GEN 2:3
ଦିନକେତେକ	1	1	1	0	PSA 39:5
ଦିନଗୁଡ଼ିକ	1	1	1	1	LUK 17:22
ଦିନଠାରୁ	39	39	22	42	GEN 39:5
ଦିନପରିଧାନ	1	1	1	0	EXO 29:30
ଦିନପାତ	2	2	2	0	2KI 25:30
ଦିନବେଳେ	7	7	7	7	PSA 42:8
ଦିନମାନ	1	1	1	1	NUM 6:12
ଦିନଯାଏ	15	15	4	2	EXO 12:6
ଦିନଯାକ	43	43	12	4	DEU 33:12
ଦିନର	68	68	31	84	GEN 8:3
ଦିନରାତି	1	1	1	6	MRK 5:5
ଦିନରୁ	4	4	3	5	JOS 9:27
ଦିନରେ	346	346	49	418	GEN 2:2
ଦିନରେନ	1	1	1	0	HOS 2:15
ଦିନସକଳ	8	8	2	8	EZK 20:12
ଦିନସବୁ	22	22	8	22	NUM 6:12
ଦିନସମୂହ	3	3	1	3	JOB 7:1
ଦିନସମୂହର	1	1	1	1	HOS 2:13
ଦିନସମୂହରେ	2	2	2	1	JOB 29:2
ଦିନାତିପାତ	1	1	1	2	2KI 4:7
ଦିନାବଧି	17	17	9	15	EXO 5:23
ଦିନାବସାନ	2	2	2	2	GEN 3:8
ଦିନେ	12	12	5	16	GEN 33:13
ଦିନ୍-ହାବା	1	1	1	0	GEN 36:32
ଦିନ୍ହାବା	1	1	1	2	1CH 1:43
ଦିପ୍ତୀ	1	1	1	1	PSA 37:6
ଦିବସ	35	35	17	37	GEN 1:5
ଦିବସ-ପ୍ରକାଶ	1	1	1	1	1SA 9:26
ଦିବସକୁ	3	3	3	3	GEN 1:14
ଦିବସଯାଏ	1	1	1	0	LEV 23:16
ଦିବସର	11	11	9	10	2SA 19:2
ଦିବସରେ	30	30	16	30	GEN 1:16
ଦିବସଶ୍ରେଣୀ	1	1	1	1	JOB 3:6
ଦିବା	2	2	2	1	GEN 1:17
ଦିବାରାତ୍ର	44	44	21	39	GEN 7:4
ଦିବାରାତ୍ରି	1	1	1	2	1CH 9:33
ଦିବାରାତ୍ରିଯାକ	1	1	1	0	EXO 10:13
ଦିବ୍ରିର	1	1	1	1	LEV 24:11
ଦିବ୍ଲା	1	1	1	1	EZK 6:14
ଦିବ୍ଲାଇମର	1	1	1	1	HOS 1:3
ଦିବ୍ୟ	1	1	1	0	ACT 7:20
ଦିବ୍ୟ-ବାକ୍ୟ	1	1	1	1	PRO 16:10
ଦିମ୍ନା	1	1	1	1	JOS 21:35
ଦିଲୀୟନ୍	1	1	1	1	JOS 15:38
ଦିଶିବ	2	2	2	2	1SA 24:4
ଦିଶିଲା	2	2	2	2	JDG 17:6
ଦିଶିଲେ	1	1	1	0	1KI 21:2
ଦିଶୁଅଛି	1	1	1	1	EZK 34:18
ଦିଶୁଛି	1	1	1	1	JDG 9:36
ଦିଶେ	19	19	10	18	GEN 16:6
ଦିଶୋନର	1	1	1	0	GEN 36:26
ଦିଶୋନ୍	5	5	2	5	GEN 36:21
ଦିଶୋନ୍ର	1	1	1	2	1CH 1:41
ଦିହୁଡ଼ି	6	6	2	6	GEN 15:17
ଦୀଣା	3	3	1	3	GEN 30:21
ଦୀଣାକୁ	3	3	1	4	GEN 34:5
ଦୀଣାଠାରେ	1	1	1	1	GEN 34:3
ଦୀଣାର	2	2	1	2	GEN 34:11
ଦୀନ	2	2	2	3	JER 39:10
ଦୀନତା	4	4	3	4	PRO 6:11
ଦୀନହୀନ	22	22	7	21	DEU 15:11
ଦୀନହୀନକୁ	18	18	7	18	1SA 2:8
ଦୀନହୀନଙ୍କର	1	1	1	1	EZK 16:49
ଦୀନହୀନମାନଙ୍କ	6	6	5	9	PSA 69:33
ଦୀନହୀନମାନଙ୍କର	6	6	4	3	PSA 72:4
ଦୀନହୀନମାନଙ୍କୁ	5	5	3	5	PSA 82:4
ଦୀନହୀନମାନେ	2	2	1	2	ISA 14:30
ଦୀନହୀନର	6	6	6	6	PSA 140:12
ଦୀନାତ୍ମା	1	1	1	1	PRO 16:19
ଦୀନାବସ୍ଥା	1	1	1	1	LUK 1:48
ଦୀନାବସ୍ଥାର	1	1	1	0	JAS 1:9
ଦୀନାବସ୍ଥାରେ	1	1	1	1	JAS 1:10
ଦୀନୀୟ	1	1	1	1	EZR 4:9
ଦୀପ	7	7	5	11	EXO 25:6
ଦୀପବୃକ୍ଷ	26	26	9	29	EXO 25:31
ଦୀପବୃକ୍ଷର	7	7	4	8	EXO 37:18
ଦୀପବୃକ୍ଷରୁ	3	3	1	3	EXO 25:33
ଦୀପବୃକ୍ଷରେ	2	2	1	2	EXO 25:34
ଦୀପବୃକ୍ଷସକଳ	2	2	1	2	1CH 28:15
ଦୀପମାନ	1	1	1	1	NUM 8:3
ଦୀପରୁଖା	5	5	4	5	2KI 4:10
ଦୀପଶାଖା	2	2	1	2	EXO 25:32
ଦୀପସବୁ	1	1	1	1	MAT 25:8
ଦୀପାଧାରର	1	1	1	1	DAN 5:5
ଦୀପାର୍ଥକ	4	4	2	4	EXO 35:8
ଦୀପ୍ତି	58	58	16	59	GEN 1:3
ଦୀପ୍ତିକି	3	3	1	0	GEN 1:4
ଦୀପ୍ତିଦାୟକ	1	1	1	1	PSA 19:8
ଦୀପ୍ତିପ୍ରାପ୍ତ	1	1	1	1	ISA 50:10
ଦୀପ୍ତିମତୀ	1	1	1	1	ISA 60:1
ଦୀପ୍ତିମାନ	6	6	4	7	JOB 33:29
ଦୀପ୍ତିମାନ୍	1	1	1	1	PSA 34:5
ଦୀପ୍ତିମୟ	5	5	4	5	PSA 148:3
ଦୀପ୍ତିର	6	6	5	6	GEN 1:5
ଦୀପ୍ତିରେ	8	8	4	8	JOB 29:3
ଦୀପ୍ତିସ୍ୱରୂପ	1	1	1	1	MIC 7:8
ଦୀଫତ୍	1	1	1	1	1CH 1:6
ଦୀବୋନ	5	5	3	0	NUM 32:3
ଦୀବୋନ୍	3	3	2	8	NUM 21:30
ଦୀବୋନ୍-ଗାଦରୁ	1	1	1	0	NUM 33:46
ଦୀବୋନ୍-ଗାଦରେ	1	1	1	0	NUM 33:45
ଦୀବୋନ୍କୁ	1	1	1	1	ISA 15:2
ଦୀମା	3	3	3	3	COL 4:14
ଦୀମିତ୍ରୀୟଙ୍କ	1	1	1	1	3JN 1:12
ଦୀମୀତ୍ରିୟ	1	1	1	0	ACT 19:24
ଦୀମୀତ୍ରିୟର	1	1	1	0	ACT 19:38
ଦୀମୋନର	2	2	1	2	ISA 15:9
ଦୀମୋନା	1	1	1	1	JOS 15:22
ଦୀର୍ଘ	101	101	24	99	GEN 13:17
ଦୀର୍ଘ-ଗଳ	1	1	1	1	DEU 14:16
ଦୀର୍ଘକାଳ	2	2	2	3	NUM 20:15
ଦୀର୍ଘକାଳର	1	1	1	1	2SA 7:19
ଦୀର୍ଘକାଳରୁ	2	2	2	2	2KI 19:25
ଦୀର୍ଘକାୟ	15	15	4	13	DEU 1:28
ଦୀର୍ଘକାୟ-ବଂଶଜାତ	2	2	1	1	1CH 20:4
ଦୀର୍ଘଗଳ	1	1	1	1	LEV 11:18
ଦୀର୍ଘଜୀବୀ	3	3	1	3	ECC 6:3
ଦୀର୍ଘତା	24	24	6	23	1KI 7:2
ଦୀର୍ଘତାନୁସାରେ	2	2	1	2	EZK 40:18
ଦୀର୍ଘତାର	1	1	1	0	EXO 26:13
ଦୀର୍ଘତାରେ	7	7	1	7	EZK 19:11
ଦୀର୍ଘଧ୍ୱନି	2	2	2	2	EXO 19:13
ଦୀର୍ଘନିଶ୍ୱାସ	2	2	2	0	JER 4:31
ଦୀର୍ଘପରମାୟୁ	1	1	1	0	DEU 30:20
ଦୀର୍ଘରେ	7	7	4	6	GEN 6:15
ଦୀର୍ଘସହିଷ୍ଣୁ	6	6	6	5	LUK 18:7
ଦୀର୍ଘସହିଷ୍ଣୁତା	7	7	7	3	PRO 25:15
ଦୀର୍ଘସହିଷ୍ଣୁତାରେ	1	1	1	1	2CO 6:6
ଦୀର୍ଘାଙ୍ଗୀ	1	1	1	1	GEN 49:21
ଦୀର୍ଘାୟୁ	8	8	6	10	1KI 3:11
ଦୀର୍ଘାୟୁରେ	1	1	1	1	JOB 12:12
ଦୀଶନର	2	2	2	0	GEN 36:28
ଦୀଶନ୍	3	3	2	3	GEN 36:21
ଦୀଷାହବର	1	1	1	1	DEU 1:1
ଦୀୟତ୍ରଫା	1	1	1	2	3JN 1:9
ଦୀୟନୂସୀୟ	1	1	1	0	ACT 17:34
ଦୁଃଖ	113	113	34	118	GEN 16:11
ଦୁଃଖ-ଗ୍ରସ୍ତମାନଙ୍କୁ	1	1	1	0	JOB 36:6
ଦୁଃଖ-ଭୋଗ	1	1	1	0	1PE 1:6
ଦୁଃଖକୁ	2	2	2	3	JOB 3:10
ଦୁଃଖଗ୍ରସ୍ତ	11	11	4	11	JOB 3:20
ଦୁଃଖଜନକ	2	2	2	2	2CO 2:1
ଦୁଃଖଦାୟକ	7	7	6	7	1KI 18:17
ଦୁଃଖଦାୟିନୀ	1	1	1	1	GEN 26:35
ଦୁଃଖଦାୟୀ	1	1	1	1	ECC 10:13
ଦୁଃଖଦାୟୀମାନଙ୍କ	1	1	1	1	JDG 11:35
ଦୁଃଖପ୍ରାପ୍ତ	1	1	1	1	2CO 7:9
ଦୁଃଖଭୋଗ	45	45	16	60	1KI 2:26
ଦୁଃଖଭୋଗର	6	6	5	6	GEN 41:52
ଦୁଃଖଭୋଗରୂପ	2	2	2	2	HEB 10:32
ଦୁଃଖଭୋଗରେ	1	1	1	1	1KI 2:26
ଦୁଃଖମାତ୍ର	1	1	1	0	PSA 90:10
ଦୁଃଖମୋଚନ	1	1	1	0	1TI 5:10
ଦୁଃଖମୟ	1	1	1	1	ECC 2:23
ଦୁଃଖର	8	8	7	8	GEN 35:3
ଦୁଃଖରୁ	5	5	4	5	JOB 36:16
ଦୁଃଖରୂପ	10	10	6	10	DEU 16:3
ଦୁଃଖରେ	18	18	11	19	JDG 10:16
ଦୁଃଖାବସ୍ଥାରେ	1	1	1	1	JAS 1:27
ଦୁଃଖାର୍ତ୍ତ	1	1	1	1	EZK 13:22
ଦୁଃଖିତ	57	57	23	57	GEN 21:11
ଦୁଃଖିତମନା	1	1	1	1	PRO 25:20
ଦୁଃଖିତର	1	1	1	1	ISA 58:10
ଦୁଃଖିନୀ	4	4	2	4	1SA 1:15
ଦୁଃଖୀ	23	23	6	24	LEV 23:22
ଦୁଃଖୀ-ମାନଙ୍କ	1	1	1	0	PSA 68:10
ଦୁଃଖୀକି	1	1	1	0	PSA 35:10
ଦୁଃଖୀମାନଙ୍କର	2	2	1	2	PSA 9:12
ଦୁଃଖୀମାନଙ୍କୁ	3	3	3	2	PSA 10:12
ଦୁଃଖୀମାନେ	1	1	1	0	ZEC 11:11
ଦୁଃଖୀର	5	5	3	6	JOB 34:28
ଦୁଃଖୀଲୋକ	2	2	1	2	PSA 12:5
ଦୁଃଖୀଲୋକକୁ	1	1	1	1	JOB 36:15
ଦୁଃଖୀଲୋକମାନଙ୍କୁ	1	1	1	1	PSA 18:27
ଦୁଃଖୀସନ୍ତାନ	1	1	1	1	PRO 31:5
ଦୁଃସମୟ	2	2	2	2	ECC 12:1
ଦୁଃସହ	1	1	1	1	EXO 9:24
ଦୁଃସହନୀୟ	1	1	1	1	1KI 14:6
ଦୁଃସାଧ୍ୟ	1	1	1	1	2KI 2:10
ଦୁଃସାହସ	4	4	4	4	EXO 21:14
ଦୁଃସାହସଜନିତ	1	1	1	1	PSA 19:13
ଦୁଃସାହସରେ	3	3	1	3	DEU 17:12
ଦୁଃସାହସୀ	5	5	5	5	DEU 1:43
ଦୁଇ	843	843	46	882	GEN 1:6
ଦୁଇଆଡ଼େ	1	1	1	1	EZK 40:23
ଦୁଇକୁ	1	1	1	0	EZK 37:17
ଦୁଇଖଣ୍ଡ	3	3	3	2	EXO 34:29
ଦୁଇଗୁଣ	11	11	7	8	EXO 16:5
ଦୁଇଗୋଟି	3	3	3	5	GEN 27:9
ଦୁଇଜଣ	6	6	4	3	GEN 22:3
ଦୁଇଜଣଙ୍କୁ	1	1	1	0	GEN 27:45
ଦୁଇଟା	4	4	3	3	LUK 22:38
ଦୁଇଟି	33	33	12	53	GEN 19:8
ଦୁଇଟିମାତ୍ର	1	1	1	0	JER 34:7
ଦୁଇଥର	4	4	3	4	GEN 27:36
ଦୁଇଦଳ	1	1	1	0	GEN 32:10
ଦୁଇପାଖେ	1	1	1	1	2CH 9:19
ଦୁଇପାର୍ଶ୍ୱର	1	1	1	0	EXO 30:4
ଦୁଇପୁତ୍ର	1	1	1	1	GEN 41:50
ଦୁଇପ୍ରକାର	1	1	1	0	GEN 41:11
ଦୁଇପ୍ରହର	1	1	1	1	EXO 11:4
ଦୁଇଭାଗ	2	2	1	2	EXO 21:35
ଦୁଇର	1	1	1	0	LEV 7:7
ଦୁଇରୁ	1	1	1	1	PRO 27:3
ଦୁଇରେ	2	2	2	0	GEN 2:1
ଦୁଇଶହ	15	15	6	16	GEN 11:19
ଦୁଇହଜାର	1	1	1	0	MRK 5:13
ଦୁଗ୍ଦମଧୁପ୍ରବାହୀ	1	1	1	0	NUM 14:8
ଦୁଗ୍ଧ	15	15	11	37	GEN 18:8
ଦୁଗ୍ଧ-ମଧୁପ୍ରବାହୀ	1	1	1	0	EZK 20:15
ଦୁଗ୍ଧକୁମ୍ପା	1	1	1	1	JDG 4:19
ଦୁଗ୍ଧତ୍ୟାଗୀ	1	1	1	1	ISA 28:9
ଦୁଗ୍ଧଦାୟିନୀମାନଙ୍କୁ	1	1	1	1	ISA 40:11
ଦୁଗ୍ଧପାନ	1	1	1	1	LAM 4:3
ଦୁଗ୍ଧପାୟୀ	1	1	1	1	HEB 5:13
ଦୁଗ୍ଧପୋଷ୍ୟ	4	4	4	3	NUM 11:12
ଦୁଗ୍ଧପୋଷ୍ୟ-ମାନଙ୍କ	1	1	1	0	PSA 8:2
ଦୁଗ୍ଧବତୀ	4	4	2	4	GEN 32:15
ଦୁଗ୍ଧମଧୁପ୍ରବାହୀ	18	18	7	0	EXO 3:8
ଦୁଗ୍ଧର	1	1	1	1	ISA 7:22
ଦୁଗ୍ଧରେ	8	8	6	8	GEN 49:12
ଦୁଧ	1	1	1	0	1KI 3:21
ଦୁମା	2	2	2	0	1CH 1:29
ଦୁମ୍ଭେ	1	1	1	0	EZK 45:18
ଦୁର	7	7	3	2	PSA 54:3
ଦୁରାକ୍ରମ	1	1	1	1	ISA 33:16
ଦୁରାଚରଣ	2	2	1	2	2CH 26:16
ଦୁରାଚାର	1	1	1	2	JER 7:26
ଦୁରାଚାରୀ	3	3	3	3	2CH 20:35
ଦୁରାଚାରୀମାନଙ୍କ	3	3	2	2	PSA 22:16
ଦୁର୍ଗ	59	59	14	64	2SA 22:3
ଦୁର୍ଗ-ସ୍ଥାନକୁ	2	2	1	2	1CH 12:8
ଦୁର୍ଗକୁ	3	3	3	3	1KI 16:18
ଦୁର୍ଗଠାରୁ	6	6	4	4	2KI 17:9
ଦୁର୍ଗତି	4	4	3	5	NUM 11:15
ଦୁର୍ଗତିର	1	1	1	1	LAM 1:7
ଦୁର୍ଗତିରୁ	1	1	1	1	JON 4:6
ଦୁର୍ଗଦ୍ୱାର	1	1	1	1	NEH 2:8
ଦୁର୍ଗନ୍ଧ	20	20	11	19	GEN 34:30
ଦୁର୍ଗନ୍ଧମୟ	1	1	1	1	EXO 8:14
ଦୁର୍ଗଭେଦକ	1	1	1	1	EZK 26:9
ଦୁର୍ଗମ	14	14	8	14	DEU 28:52
ଦୁର୍ଗମାନ	1	1	1	1	2CH 26:10
ଦୁର୍ଗମାନର	1	1	1	1	DAN 11:39
ଦୁର୍ଗର	4	4	4	4	NEH 7:2
ଦୁର୍ଗରୂପ	1	1	1	1	PSA 31:2
ଦୁର୍ଗରେ	3	3	3	3	2KI 15:25
ଦୁର୍ଗସକଳ	2	2	2	3	HOS 10:14
ଦୁର୍ଗସକଳର	1	1	1	1	DAN 11:19
ଦୁର୍ଗସବୁ	13	13	9	12	2CH 27:4
ଦୁର୍ଗସବୁରେ	1	1	1	1	ISA 34:13
ଦୁର୍ଗସଳକ	1	1	1	0	HOS 8:14
ଦୁର୍ଗସ୍ଥିତ	1	1	1	1	1CH 27:25
ଦୁର୍ଗସ୍ୱରୂପ	2	2	2	1	JER 6:27
ଦୁର୍ଘଟଣା	1	1	1	3	ECC 5:14
ଦୁର୍ଜନମାନେ	1	1	1	0	HAB 1:4
ଦୁର୍ଜେୟ	1	1	1	1	PRO 18:19
ଦୁର୍ଜ୍ଜନ	1	1	1	1	PRO 17:11
ଦୁର୍ଜ୍ଜନଠାରୁ	1	1	1	1	PSA 140:1
ଦୁର୍ଜ୍ଜନର	1	1	1	1	PSA 17:4
ଦୁର୍ଦ୍ଦଶା	12	12	9	14	2CH 15:4
ଦୁର୍ଦ୍ଦଶାକାଳରେ	1	1	1	1	PSA 46:1
ଦୁର୍ଦ୍ଦଶାଗ୍ରସ୍ତ	2	2	2	3	JOB 20:22
ଦୁର୍ଦ୍ଦଶାରୁ	4	4	1	4	PSA 107:6
ଦୁର୍ଦ୍ଦଶାରେ	5	5	4	5	JDG 11:7
ଦୁର୍ଦ୍ଦା	1	1	1	0	MAT 8:28
ଦୁର୍ଦ୍ଦିନ	1	1	1	1	PRO 16:4
ଦୁର୍ଦ୍ଦିନରେ	1	1	1	1	EPH 6:13
ଦୁର୍ନାମ	10	10	6	10	DEU 22:14
ଦୁର୍ନାମର	1	1	1	1	NEH 6:13
ଦୁର୍ନାମୀ	1	1	1	1	EZK 22:5
ଦୁର୍ବଳ	61	61	24	64	GEN 30:41
ଦୁର୍ବଳକାରୀ	1	1	1	1	LUK 13:11
ଦୁର୍ବଳତା	7	7	4	10	PSA 77:10
ଦୁର୍ବଳତାବିଶିଷ୍ଟ	2	2	1	1	HEB 5:2
ଦୁର୍ବଳତାରୁ	1	1	1	1	LUK 13:12
ଦୁର୍ବଳତାରେ	6	6	4	7	ROM 8:26
ଦୁର୍ବଳତାସବୁ	1	1	1	1	MAT 8:17
ଦୁର୍ବଳମାନଙ୍କ	3	3	3	2	ROM 15:1
ଦୁର୍ବଳମାନଙ୍କର	1	1	1	1	1CO 8:9
ଦୁର୍ବଳମାନଙ୍କୁ	2	2	2	3	ACT 20:35
ଦୁର୍ବଳହସ୍ତ	2	2	2	2	JOB 4:3
ଦୁର୍ବଳା	1	1	1	0	1PE 3:7
ଦୁର୍ବହ	1	1	1	1	LUK 11:46
ଦୁର୍ବାକ୍ୟବାଦୀମାନଙ୍କର	1	1	1	1	PSA 109:20
ଦୁର୍ବ୍ୟବହାର	1	1	1	1	EZK 25:12
ଦୁର୍ଭାଗା	1	1	1	1	REV 3:17
ଦୁର୍ଭାଗ୍ୟ	2	2	2	1	ROM 7:24
ଦୁର୍ଭିକ୍ଷ	91	91	20	91	GEN 12:10
ଦୁର୍ଭିକ୍ଷଯୋଗ୍ୟ	1	1	1	1	JER 15:2
ଦୁର୍ଭିକ୍ଷର	4	4	2	4	GEN 41:27
ଦୁର୍ଭିକ୍ଷରୁ	1	1	1	1	JER 21:7
ଦୁର୍ଭିକ୍ଷରୂପ	1	1	1	1	EZK 5:16
ଦୁର୍ଭିକ୍ଷରେ	9	9	3	10	2CH 32:11
ଦୁର୍ମୁଖ	1	1	1	1	PSA 140:11
ଦୁର୍ମୂଲ୍ୟ	1	1	1	1	PSA 49:9
ଦୁର୍ଲଭ	2	2	2	1	1SA 3:1
ଦୁଷ୍କର	2	2	2	1	DEU 1:17
ଦୁଷ୍କର୍ମ	32	32	23	32	EXO 23:2
ଦୁଷ୍କର୍ମକାରୀ	4	4	4	4	LUK 23:32
ଦୁଷ୍କର୍ମକାରୀ-ମାନଙ୍କ	2	2	2	0	JER 20:13
ଦୁଷ୍କର୍ମକାରୀ-ମାନଙ୍କୁ	1	1	1	0	1PE 2:14
ଦୁଷ୍କର୍ମକାରୀଗଣ	1	1	1	1	PSA 27:2
ଦୁଷ୍କର୍ମକାରୀମାନଙ୍କ	5	5	4	7	PSA 26:5
ଦୁଷ୍କର୍ମକାରୀମାନଙ୍କର	1	1	1	2	JER 23:14
ଦୁଷ୍କର୍ମକାରୀମାନଙ୍କୁ	1	1	1	2	JOB 8:20
ଦୁଷ୍କର୍ମକାରୀମାନେ	1	1	1	1	PSA 37:9
ଦୁଷ୍କର୍ମର	7	7	5	7	JDG 9:57
ଦୁଷ୍କର୍ମରୁ	1	1	1	2	JER 18:8
ଦୁଷ୍କର୍ମରୁଫେରି	1	1	1	0	NEH 9:35
ଦୁଷ୍କ୍ରିୟା	12	12	3	12	JER 3:5
ଦୁଷ୍କ୍ରିୟାନୁସାରେ	1	1	1	1	MIC 3:4
ଦୁଷ୍କ୍ରିୟାର	1	1	1	1	JER 5:28
ଦୁଷ୍କ୍ରିୟାରେ	1	1	1	1	ECC 7:15
ଦୁଷ୍ଟ	134	134	26	159	GEN 13:13
ଦୁଷ୍ଟ-ମାନଙ୍କର	1	1	1	0	2CH 19:2
ଦୁଷ୍ଟ-ସଂକଳ୍ପ	1	1	1	1	EST 9:25
ଦୁଷ୍ଟଇସ୍ରାଏଲୀୟ	1	1	1	0	EZK 21:25
ଦୁଷ୍ଟକର୍ମର	1	1	1	1	ROM 1:30
ଦୁଷ୍ଟକୁ	19	19	6	19	EXO 23:7
ଦୁଷ୍ଟକ୍ରିୟା	1	1	1	1	JER 3:2
ଦୁଷ୍ଟଗଣ	4	4	4	4	JOB 3:17
ଦୁଷ୍ଟଗଣଠାରୁ	1	1	1	1	PSA 17:8
ଦୁଷ୍ଟଗଣର	2	2	2	2	PSA 82:4
ଦୁଷ୍ଟଙ୍କ	1	1	1	1	PSA 7:11
ଦୁଷ୍ଟଠାରୁ	1	1	1	1	1SA 24:13
ଦୁଷ୍ଟତମ	1	1	1	1	EZK 7:24
ଦୁଷ୍ଟତା	86	86	25	91	GEN 6:5
ଦୁଷ୍ଟତା-ଜାତ	1	1	1	1	PRO 10:2
ଦୁଷ୍ଟତାକୁ	2	2	2	3	DEU 13:5
ଦୁଷ୍ଟତାନୁସାରେ	1	1	1	1	PSA 28:4
ଦୁଷ୍ଟତାପୂର୍ବକ	1	1	1	1	2SA 22:22
ଦୁଷ୍ଟତାମୟ	1	1	1	1	PSA 5:9
ଦୁଷ୍ଟତାର	12	12	6	12	PSA 7:9
ଦୁଷ୍ଟତାରୁ	9	9	3	9	JER 4:14
ଦୁଷ୍ଟତାରୂପ	7	7	5	7	PSA 94:20
ଦୁଷ୍ଟତାରେ	12	12	8	12	EXO 32:22
ଦୁଷ୍ଟତାସକଳ	1	1	1	1	HOS 9:15
ଦୁଷ୍ଟପଣ	2	2	2	2	1KI 8:47
ଦୁଷ୍ଟପଣରୁ	1	1	1	0	ACT 8:22
ଦୁଷ୍ଟମାନଙ୍କ	29	29	8	33	JOB 9:24
ଦୁଷ୍ଟମାନଙ୍କଠାରୁ	5	5	3	5	JOB 38:15
ଦୁଷ୍ଟମାନଙ୍କର	20	20	5	21	JOB 11:20
ଦୁଷ୍ଟମାନଙ୍କୁ	14	14	8	15	JOB 40:12
ଦୁଷ୍ଟମାନେ	30	30	8	32	1SA 2:9
ଦୁଷ୍ଟର	43	43	10	44	GEN 18:25
ଦୁଷ୍ଟଲୋକ	6	6	2	6	JOB 21:30
ଦୁଷ୍ଟଲୋକଙ୍କୁ	1	1	1	1	JOB 34:26
ଦୁଷ୍ଟଲୋକମାନଙ୍କ	2	2	2	2	JOB 34:8
ଦୁଷ୍ଟଲୋକର	3	3	2	3	JOB 20:29
ଦୁଷ୍ଟସମସ୍ତଙ୍କୁ	1	1	1	1	PSA 119:119
ଦୁଷ୍ଟା	3	3	3	3	2CH 24:7
ଦୁଷ୍ଟାଚରଣ	6	6	5	6	1KI 16:25
ଦୁଷ୍ଟାଚାରୀ	1	1	1	1	MAL 4:1
ଦୁଷ୍ଟାଚାରୀମାନେ	1	1	1	1	MAL 3:15
ଦୁଷ୍ଟାତ୍ମାମାନଙ୍କ	1	1	1	1	EPH 6:12
ଦୁଷ୍ଟାନ୍ତଃକରଣର	1	1	1	1	JER 16:12
ଦୁଷ୍ଟି	1	1	1	0	PSA 131:1
ଦୁଷ୍ଟିରେ	5	5	3	0	EXO 33:13
ଦୁହିଁ	1	1	1	1	ISA 66:11
ଦୁହିଁକି	1	1	1	1	MAT 13:30
ଦୁହିଁଙ୍କ	5	5	5	5	GEN 41:11
ଦୁହିଁଙ୍କର	2	2	1	2	GEN 31:37
ଦୁହିଁଙ୍କି	4	4	3	0	GEN 41:13
ଦୁହିଁଙ୍କୁ	2	2	2	7	NUM 5:3
ଦୁହିଙ୍କି	1	1	1	0	DEU 32:25
ଦୁହେଁ	57	57	20	58	GEN 2:25
ଦୂତ	217	217	36	221	GEN 16:7
ଦୂତକୁ	13	13	8	12	2SA 11:19
ଦୂତଗଣ	24	24	14	24	GEN 28:12
ଦୂତଗଣକୁ	5	5	4	5	2KI 1:3
ଦୂତଗଣଙ୍କ	2	2	2	3	PSA 8:5
ଦୂତଗଣର	3	3	2	3	ISA 37:14
ଦୂତଙ୍କ	17	17	7	19	JDG 13:6
ଦୂତଙ୍କର	2	2	2	3	ACT 11:13
ଦୂତଙ୍କୁ	32	32	9	33	NUM 22:23
ଦୂତଠାରେଅ	1	1	1	0	MAL 3:1
ଦୂତଦଳ	1	1	1	1	PSA 78:49
ଦୂତବାହିନୀଙ୍କ	1	1	1	1	HEB 12:22
ଦୂତମାନଙ୍କ	33	33	15	35	NUM 20:14
ଦୂତମାନଙ୍କଠାରୁ	2	2	2	2	2KI 19:14
ଦୂତମାନଙ୍କର	3	3	2	5	LUK 9:26
ଦୂତମାନଙ୍କୁ	31	31	16	27	GEN 32:3
ଦୂତମାନେ	30	30	15	29	GEN 19:15
ଦୂତର	2	2	2	2	1CH 21:30
ଦୂତସମସ୍ତେ	1	1	1	0	PSA 148:2
ଦୂଦା	1	1	1	0	SNG 7:13
ଦୂଦାଫଳ	5	5	1	5	GEN 30:14
ଦୂମା	2	2	2	5	GEN 25:14
ଦୂର	273	273	44	278	GEN 21:10
ଦୂରକୁ	26	26	15	28	GEN 21:16
ଦୂରଗୋଷ୍ଠୀୟ	1	1	1	0	JOL 3:8
ଦୂରଦର୍ଶୀ	1	1	1	1	2PE 1:9
ଦୂରଦେଶୀୟ	1	1	1	1	ISA 8:9
ଦୂରନ୍ତ	1	1	1	1	HAB 1:8
ଦୂରବର୍ତ୍ତୀ	22	22	10	22	DEU 13:6
ଦୂରବ୍ୟାପୀ	1	1	1	1	ISA 33:17
ଦୂରଯାତ୍ରା	1	1	1	0	PRO 7:19
ଦୂରରୁ	31	31	13	31	GEN 22:4
ଦୂରରେ	77	77	27	82	EXO 2:4
ଦୂରସ୍ଥ	11	11	8	11	JOS 9:22
ଦୂରସ୍ଥିତ	1	1	1	1	MIC 4:3
ଦୂରା	1	1	1	1	DAN 3:1
ଦୂରୀକରଣ	2	2	2	1	ROM 11:15
ଦୂରୀକୃତ	41	41	17	38	DEU 30:4
ଦୂରୀକୃତା	2	2	2	2	ISA 54:6
ଦୂରୀଭୂତ	2	2	1	2	REV 6:14
ଦୂରେ	10	10	5	10	GEN 18:25
ଦୂର୍	2	2	1	0	2SA 16:7
ଦୂଷିତ	2	2	2	2	MAT 6:23
ଦୃଢ	2	2	2	10	2CH 26:9
ଦୃଢ଼	219	219	47	197	GEN 43:3
ଦୃଢ଼-ମନସ୍କ	1	1	1	0	RUT 1:18
ଦୃଢ଼କପାଳ	1	1	1	0	EZK 3:7
ଦୃଢ଼କରଣରୁ	2	2	2	2	1KI 15:21
ଦୃଢ଼ଚିତ୍ତ	1	1	1	1	1CH 28:7
ଦୃଢ଼ତମ	1	1	1	1	DAN 11:39
ଦୃଢ଼ତା	2	2	2	2	DAN 2:41
ଦୃଢ଼ତାରୁ	1	1	1	1	2PE 3:17
ଦୃଢ଼ବଦ୍ଧ	2	2	2	2	JOB 41:23
ଦୃଢ଼ରୂପେ	2	2	2	23	HEB 3:14
ଦୃଢ଼ୀକୃତ	3	3	3	3	NUM 21:27
ଦୃଢ଼ୀଭୂତ	1	1	1	1	ACT 16:5
ଦୃଦୟ	1	1	1	0	JHN 16:22
ଦୃଶ୍ୟ	19	19	14	19	NUM 11:7
ଦୃଶ୍ୟମାନ	2	2	1	3	DAN 4:11
ଦୃଶ୍ୟରେ	1	1	1	1	NAM 3:6
ଦୃଷ୍ଟ	2	2	2	1	EXO 13:7
ଦୃଷ୍ଟାନ୍ତ	51	51	13	85	GEN 10:9
ଦୃଷ୍ଟାନ୍ତ-କଥା	2	2	2	0	EZK 24:3
ଦୃଷ୍ଟାନ୍ତ-କଥାରେ	1	1	1	1	PSA 78:2
ଦୃଷ୍ଟାନ୍ତ-ବାକ୍ୟବାଦୀ	1	1	1	1	EZK 20:49
ଦୃଷ୍ଟାନ୍ତଗୁଡ଼ିକ	1	1	1	1	MRK 4:10
ଦୃଷ୍ଟାନ୍ତଟି	1	1	1	1	MAT 15:15
ଦୃଷ୍ଟାନ୍ତଟିର	1	1	1	1	MRK 7:17
ଦୃଷ୍ଟାନ୍ତବାକ୍ୟ	1	1	1	1	2PE 2:22
ଦୃଷ୍ଟାନ୍ତଭାବେ	1	1	1	1	HEB 11:19
ଦୃଷ୍ଟାନ୍ତର	3	3	2	11	EZK 14:8
ଦୃଷ୍ଟାନ୍ତରେ	6	6	3	6	PSA 49:4
ଦୃଷ୍ଟି	113	113	35	118	GEN 1:31
ଦୃଷ୍ଟି-ଗୋଚରରେ	2	2	1	1	PSA 26:3
ଦୃଷ୍ଟିକାରିଣୀମାନେ	1	1	1	1	ECC 12:3
ଦୃଷ୍ଟିକି	1	1	1	1	1SA 11:10
ଦୃଷ୍ଟିଗୋଚର	5	5	4	6	NUM 23:21
ଦୃଷ୍ଟିଗୋଚରରୁ	6	6	5	6	JOS 23:5
ଦୃଷ୍ଟିଗୋଚରରେ	18	18	11	19	GEN 47:19
ଦୃଷ୍ଟିପାତ	68	68	29	67	GEN 6:12
ଦୃଷ୍ଟିପ୍ରାପ୍ତ	2	2	1	3	ACT 9:12
ଦୃଷ୍ଟିବିଶିଷ୍ଟ	1	1	1	1	EXO 4:11
ଦୃଷ୍ଟିର	4	4	2	4	GEN 23:4
ଦୃଷ୍ଟିରୁ	24	24	13	24	NUM 5:13
ଦୃଷ୍ଟିରୂପ	1	1	1	1	ISA 10:12
ଦୃଷ୍ଟିରେ	303	303	40	315	GEN 6:8
ଦୃଷ୍ଟିଲାଭର	1	1	1	1	LUK 4:18
ଦୃଷ୍ଟିହୀନ	2	2	2	2	EXO 4:11
ଦେ	1	1	1	1	MRK 14:65
ଦେଇ	951	951	57	962	GEN 2:7
ଦେଇଅଛ	71	71	20	71	GEN 3:12
ଦେଇଅଛନ୍ତି	183	183	43	189	GEN 4:25
ଦେଇଅଛି	55	55	23	54	GEN 16:5
ଦେଇଅଛୁ	68	68	22	74	EXO 4:21
ଦେଇଛି	1	1	1	1	JHN 4:33
ଦେଇଥାଅ	4	4	4	4	PSA 65:9
ଦେଇଥାଆନ୍ତ	1	1	1	1	GAL 4:15
ଦେଇଥାଆନ୍ତି	1	1	1	1	JHN 2:10
ଦେଇଥାଆନ୍ତୁ	1	1	1	1	1CO 15:15
ଦେଇଥାଆନ୍ତେ	2	2	2	2	JHN 4:10
ଦେଇଥାଉ	1	1	1	1	JAS 3:9
ଦେଇଥାଏ	6	6	5	7	EXO 21:4
ଦେଇଥା’ନ୍ତି	1	1	1	1	2SA 18:11
ଦେଇଥା’ନ୍ତୁ	1	1	1	1	2SA 12:8
ଦେଇଥା’ନ୍ତେ	1	1	1	1	JOB 9:16
ଦେଇଥିବା	1	1	1	7	ACT 7:35
ଦେଇଥିବାର	1	1	1	1	2CO 7:8
ଦେଇଥିବେ	1	1	1	2	2KI 2:16
ଦେଇଥିଲ	3	3	3	3	GEN 26:27
ଦେଇଥିଲା	21	21	13	18	GEN 28:18
ଦେଇଥିଲି	3	3	3	4	GEN 30:18
ଦେଇଥିଲୁ	14	14	7	14	GEN 43:7
ଦେଇଥିଲେ	99	99	25	109	GEN 31:27
ଦେଇଦିଅ	2	2	2	2	MAT 5:40
ଦେଇନାହଁ	1	1	1	0	JER 29:27
ଦେଇନାହାନ୍ତି	1	1	1	0	GEN 30:2
ଦେଇପାର	2	2	2	2	JOB 41:2
ଦେଇପାରିବ	3	3	3	1	2KI 18:24
ଦେଇପାରୁ	1	1	1	4	2CO 1:4
ଦେଇପାରେ	2	2	1	2	JOB 34:29
ଦେଉ	50	50	22	52	GEN 11:3
ଦେଉଅଛ	35	35	18	34	NUM 11:11
ଦେଉଅଛନ୍ତି	28	28	14	26	LEV 9:4
ଦେଉଅଛି	83	83	27	83	GEN 18:4
ଦେଉଅଛୁ	23	23	13	23	DEU 11:13
ଦେଉଛି	2	2	2	1	GEN 18:5
ଦେଉଥାଅ	2	2	2	2	MAT 23:23
ଦେଉଥାଏ	3	3	3	3	2SA 17:17
ଦେଉଥା’ନ୍ତି	1	1	1	1	2SA 17:17
ଦେଉଥିବା	6	6	4	8	NUM 33:4
ଦେଉଥିବାରୁ	1	1	1	2	LUK 18:5
ଦେଉଥିଲି	3	3	3	3	MAT 26:55
ଦେଉଥିଲେ	23	23	8	28	2KI 17:4
ଦେଉନାହଁ	1	1	1	0	PSA 22:2
ଦେଉନ୍ତୁ	74	74	19	67	GEN 23:6
ଦେକାପଲି	2	2	2	1	MAT 4:25
ଦେକାପଲିରେ	1	1	1	1	MRK 5:20
ଦେଖ	1332	1332	53	1299	GEN 1:29
ଦେଖନ୍ତି	37	37	18	39	GEN 16:13
ଦେଖନ୍ତୁ	112	112	17	120	GEN 18:9
ଦେଖନ୍ତେ	25	25	11	25	EXO 33:10
ଦେଖା	61	61	23	60	GEN 24:17
ଦେଖାଅ	21	21	13	24	EXO 18:20
ଦେଖାଅବୋଲି	1	1	1	0	EXO 7:9
ଦେଖାଇ	22	22	18	24	LEV 13:49
ଦେଖାଇଅଛ	3	3	2	3	RUT 3:10
ଦେଖାଇଅଛନ୍ତି	2	2	2	2	MRK 5:19
ଦେଖାଇଅଛି	4	4	3	4	JER 3:11
ଦେଖାଇଅଛୁ	1	1	1	1	ISA 43:12
ଦେଖାଇଛନ୍ତି	1	1	1	1	GEN 41:28
ଦେଖାଇଥିଲା	1	1	1	1	ACT 1:16
ଦେଖାଇଥିଲେ	3	3	3	3	NUM 8:4
ଦେଖାଇଦିଅ	3	3	3	4	LUK 6:29
ଦେଖାଇଦେଇ	1	1	1	1	1PE 2:21
ଦେଖାଇଦେଉ	1	1	1	0	LAM 3:30
ଦେଖାଇଦେବେ	2	2	2	2	MRK 14:15
ଦେଖାଇପାର	1	1	1	1	JOB 38:32
ଦେଖାଇବ	26	26	12	26	EXO 4:17
ଦେଖାଇବା	32	32	22	33	GEN 12:1
ଦେଖାଇବାକୁ	11	11	10	10	GEN 18:16
ଦେଖାଇବି	5	5	4	7	JDG 4:22
ଦେଖାଇବୁ	1	1	1	1	REV 4:1
ଦେଖାଇବେ	11	11	10	11	GEN 46:28
ଦେଖାଇଲ	2	2	1	2	JER 11:18
ଦେଖାଇଲା	7	7	5	8	LEV 13:7
ଦେଖାଇଲି	2	2	2	2	2KI 20:15
ଦେଖାଇଲୁ	1	1	1	1	DEU 34:4
ଦେଖାଇଲେ	28	28	15	28	GEN 48:11
ଦେଖାଉ	3	3	3	3	SNG 2:9
ଦେଖାଉଅଛ	7	7	6	7	1KI 14:6
ଦେଖାଉଅଛି	3	3	3	3	JER 29:27
ଦେଖାଉଅଛୁ	1	1	1	1	2CO 4:2
ଦେଖାଉଥାଏ	1	1	1	1	1SA 17:16
ଦେଖାଉଥିବା	1	1	1	1	LUK 20:20
ଦେଖାଉନ୍ତୁ	1	1	1	1	JDG 6:17
ଦେଖାଏ	9	9	5	11	2SA 17:2
ଦେଖାଗଲା	32	32	19	34	GEN 2:20
ଦେଖାଗଲୁ	1	1	1	1	GAL 2:17
ଦେଖାଗଲେ	12	12	11	12	2SA 22:11
ଦେଖାଦେଖି	4	4	2	4	2KI 14:8
ଦେଖାନ୍ତି	5	5	5	5	JOB 36:9
ଦେଖାନ୍ତେ	1	1	1	1	JDG 1:25
ଦେଖାଯାଅ	1	1	1	1	MAT 23:28
ଦେଖାଯାଇ	5	5	5	5	EXO 10:6
ଦେଖାଯାଇଥିଲା	1	1	1	1	REV 18:24
ଦେଖାଯାଇଥିଲି	1	1	1	1	PHP 3:6
ଦେଖାଯାଉ	3	3	2	4	DAN 1:13
ଦେଖାଯାଉଅଛି	2	2	2	2	LEV 14:35
ଦେଖାଯାଉଥିଲେ	1	1	1	1	REV 5:6
ଦେଖାଯାଏ	28	28	15	28	LEV 13:12
ଦେଖାଯିବ	17	17	14	17	GEN 9:14
ଦେଖାଯିବା	6	6	4	5	NEH 4:21
ଦେଖାଯିବାକୁ	1	1	1	1	1CO 7:18
ଦେଖାଯିବାରୁ	1	1	1	1	JOB 19:28
ଦେଖାଯିବି	1	1	1	1	GEN 27:12
ଦେଖାଯିବେ	5	5	5	5	DEU 20:11
ଦେଖି	441	441	48	450	GEN 3:6
ଦେଖି-ଅଛନ୍ତି	1	1	1	0	2KI 20:15
ଦେଖିଅଛ	27	27	13	31	EXO 19:4
ଦେଖିଅଛନ୍ତି	13	13	6	16	GEN 29:32
ଦେଖିଅଛି	49	49	17	51	GEN 37:6
ଦେଖିଅଛୁ	31	31	13	34	GEN 7:1
ଦେଖିଥିବା	3	3	3	3	EZK 8:4
ଦେଖିଥିବାରୁ	1	1	1	1	JHN 4:45
ଦେଖିଥିଲ	1	1	1	1	PHP 1:30
ଦେଖିଥିଲି	12	12	5	12	1SA 22:9
ଦେଖିଥିଲେ	17	17	12	17	GEN 42:9
ଦେଖିପାରେ	1	1	1	1	JOB 34:29
ଦେଖିବ	136	136	21	137	EXO 1:16
ଦେଖିବା	69	69	28	79	GEN 18:2
ଦେଖିବାକୁ	52	52	23	54	GEN 11:5
ଦେଖିବାମାତ୍ର	4	4	4	1	1KI 18:17
ଦେଖିବାମାତ୍ରେ	2	2	1	0	MRK 9:15
ଦେଖିବାଯାଏ	2	2	2	0	1KI 10:7
ଦେଖିବାର	1	1	1	2	GEN 41:32
ଦେଖିବାରୁ	3	3	2	3	JHN 6:26
ଦେଖିବାରେ	1	1	1	1	EXO 22:10
ଦେଖିବି	13	13	8	13	GEN 21:16
ଦେଖିବେ	55	55	20	55	EXO 34:10
ଦେଖିଲ	28	28	13	27	EXO 20:22
ଦେଖିଲା	56	56	23	55	GEN 21:9
ଦେଖିଲାନ୍ତଏଣୁ	1	1	1	0	2SA 6:16
ଦେଖିଲି	102	102	19	105	GEN 31:10
ଦେଖିଲୁ	29	29	15	24	GEN 26:28
ଦେଖିଲେ	198	198	31	203	GEN 1:4
ଦେଖିଲେହେଁ	1	1	1	0	1PE 1:8
ଦେଖୁ	44	44	18	45	DEU 18:16
ଦେଖୁଅଛ	47	47	23	47	GEN 13:15
ଦେଖୁଅଛନ୍ତି	10	10	6	8	2KI 2:19
ଦେଖୁଅଛି	23	23	15	23	GEN 31:5
ଦେଖୁଅଛୁ	5	5	5	5	2KI 23:17
ଦେଖୁଛ	3	3	3	3	1SA 10:24
ଦେଖୁଥାଅ	1	1	1	1	2SA 13:28
ଦେଖୁଥିବା	1	1	1	1	JHN 9:39
ଦେଖୁଥିବି	1	1	1	1	EST 5:13
ଦେଖୁଥିଲି	1	1	1	1	LUK 10:18
ଦେଖୁଥିଲେ	8	8	4	8	JDG 16:27
ଦେଖୁନାହଁ	1	1	1	0	JER 5:21
ଦେଖେ	29	29	15	29	LEV 13:8
ଦେଖ୍	3	3	3	3	2SA 16:8
ଦେଢ଼	16	16	5	15	EXO 25:10
ଦେଢ଼ଶହ	2	2	2	0	MRK 14:5
ଦେଢ଼ି	2	2	1	2	LEV 25:36
ଦେବ	320	320	36	322	GEN 15:2
ଦେବ-ପ୍ରତିମାଗଣର	1	1	1	1	1CH 10:9
ଦେବ-ମନ୍ଦିରକୁ	1	1	1	1	2CH 32:21
ଦେବକୁ	2	2	1	2	1KI 11:33
ଦେବଗଣ	34	34	10	33	EXO 15:11
ଦେବଗଣକୁ	20	20	10	19	EXO 23:24
ଦେବଗଣଠାରୁ	3	3	3	3	EXO 18:11
ଦେବଗଣର	57	57	13	57	EXO 23:13
ଦେବଗଣରେ	1	1	1	1	JER 50:38
ଦେବଙ୍କର	1	1	1	1	PSA 136:2
ଦେବତା	81	81	24	100	GEN 35:2
ଦେବତା-ମାନଙ୍କର	3	3	3	0	JOS 24:2
ଦେବତାକୁ	11	11	6	11	EXO 34:14
ଦେବତାଗଣ	11	11	7	14	EXO 20:23
ଦେବତାଗଣକୁ	4	4	4	6	JDG 6:10
ଦେବତାଗଣର	29	29	6	31	DEU 8:19
ଦେବତାଙ୍କ	2	2	1	3	ACT 12:22
ଦେବତାଠାରୁ	1	1	1	1	2CH 2:5
ଦେବତାମାନଙ୍କ	10	10	5	13	DEU 31:20
ଦେବତାମାନଙ୍କର	6	6	5	9	DEU 11:16
ଦେବତାମାନଙ୍କୁ	19	19	11	19	GEN 31:30
ଦେବତାମାନେ	17	17	8	18	DEU 32:37
ଦେବତାର	21	21	11	23	EXO 12:12
ଦେବତାସକଳ	1	1	1	0	JER 50:2
ଦେବତାସକଳକୁ	1	1	1	1	MIC 1:7
ଦେବତାସବୁ	1	1	1	1	1CH 16:26
ଦେବତାସମସ୍ତ	1	1	1	0	1KI 15:12
ଦେବଦାରୁ	21	21	10	22	2SA 6:5
ଦେବପୂଜକମାନଙ୍କ	1	1	1	0	LAM 1:3
ଦେବପ୍ରତିମାଗଣର	1	1	1	1	1SA 31:9
ଦେବପ୍ରତିମାମାନଙ୍କୁ	1	1	1	0	DEU 12:3
ଦେବପ୍ରସାଦ	7	7	2	7	1CO 8:1
ଦେବଭକ୍ତ	1	1	1	0	ACT 17:22
ଦେବମନ୍ଦିରରେ	2	2	2	0	1CH 10:10
ଦେବମାନଙ୍କ	1	1	1	1	PSA 136:2
ଦେବମୂର୍ତ୍ତି	1	1	1	1	LEV 26:1
ଦେବର	3	3	2	1	DEU 25:5
ଦେବରର	3	3	2	3	GEN 38:8
ଦେବସବୁ	1	1	1	0	PSA 97:7
ଦେବା	462	462	50	501	GEN 1:15
ଦେବାକୁ	163	163	40	174	GEN 22:12
ଦେବାତାମାନଙ୍କ	1	1	1	1	DEU 20:18
ଦେବାନ୍ତ	1	1	1	0	EZK 29:19
ଦେବାଯାଏ	1	1	1	0	JOS 1:15
ଦେବାର	25	25	14	27	GEN 34:14
ଦେବାରୁ	9	9	6	8	JDG 1:32
ଦେବାରେ	2	2	2	2	MAT 24:38
ଦେବାଳୟ	1	1	1	1	JDG 17:5
ଦେବାଳୟରେ	2	2	2	1	NAM 1:14
ଦେବାଳୟସବୁ	1	1	1	1	JER 43:13
ଦେବାଳୟସବୁରେ	1	1	1	1	JER 43:12
ଦେବି	106	106	22	108	GEN 23:4
ଦେବୀ	3	3	2	4	1SA 31:10
ଦେବୀକି	1	1	1	1	1KI 11:33
ଦେବୀଗଣକୁ	2	2	1	2	1SA 7:3
ଦେବୀଗଣର	4	4	2	4	JDG 2:13
ଦେବୀଙ୍କ	1	1	1	1	ACT 19:37
ଦେବୀର	1	1	1	2	ISA 65:11
ଦେବୁ	30	30	11	30	GEN 44:16
ଦେବେ	234	234	37	236	GEN 2:19
ଦେବେଣ	1	1	1	0	LEV 4:15
ଦେବେନ୍ତ	2	2	1	0	ISA 4:3
ଦେରା	1	1	1	1	1CH 2:6
ଦେଲ	40	40	14	42	GEN 15:3
ଦେଲା	201	201	33	188	GEN 4:26
ଦେଲାଣ	1	1	1	0	DAN 1:7
ଦେଲାନ୍ତଏହି	1	1	1	0	1SA 27:6
ଦେଲି	48	48	18	48	GEN 23:11
ଦେଲୁ	69	69	21	64	GEN 1:29
ଦେଲୁନ୍ତଏଣୁ	1	1	1	0	EXO 31:6
ଦେଲେ	904	904	48	939	GEN 1:5
ଦେଲେନ୍ତକାରଣ	1	1	1	0	1SA 3:21
ଦେଲେନ୍ତପୁଣି	1	1	1	0	NUM 11:25
ଦେଶ	713	713	39	744	GEN 2:13
ଦେଶ-ନିକଟସ୍ଥ	1	1	1	1	NUM 22:5
ଦେଶ-ନିବାସୀମାନଙ୍କ	1	1	1	1	JDG 2:2
ଦେଶକୁ	221	221	30	255	GEN 12:1
ଦେଶଜାତ	4	4	3	4	EXO 12:48
ଦେଶଠାରୁ	3	3	2	4	EXO 16:32
ଦେଶନାଶକକୁ	1	1	1	1	JDG 16:24
ଦେଶନାଶକାରୀ	1	1	1	1	1SA 6:5
ଦେଶନିବାସୀ	10	10	7	10	GEN 36:20
ଦେଶନିବାସୀଗଣର	1	1	1	0	HOS 4:1
ଦେଶନିବାସୀମାନଙ୍କ	3	3	3	3	NUM 32:17
ଦେଶନିବାସୀସକଳ	1	1	1	1	JOL 1:2
ଦେଶବନ୍ଧୁ	1	1	1	0	LUK 22:25
ଦେଶବାସୀ	5	5	4	5	2SA 5:6
ଦେଶବାସୀମାନେ	2	2	2	2	ISA 21:14
ଦେଶବିଦେଶରେ	1	1	1	1	GEN 10:5
ଦେଶମଧ୍ୟବାହୀ	1	1	1	1	2CH 32:4
ଦେଶଯାକ	12	12	9	8	GEN 34:10
ଦେଶଯାକରେ	2	2	2	1	JOB 42:15
ଦେଶର	228	228	32	248	GEN 2:12
ଦେଶରୁ	238	238	29	241	GEN 10:11
ଦେଶରେ	473	473	32	502	GEN 4:16
ଦେଶରେଣବାସ	1	1	1	0	JDG 6:10
ଦେଶସକଳ	1	1	1	1	ISA 60:12
ଦେଶସବୁ	1	1	1	1	PSA 105:45
ଦେଶସମୂହ	3	3	2	3	1CH 16:31
ଦେଶସମୂହକୁ	1	1	1	1	GEN 2:11
ଦେଶସମୂହର	2	2	1	2	EZK 5:6
ଦେଶସ୍ଥ	75	75	24	75	GEN 23:2
ଦେଶସ୍ଥିତ	9	9	4	9	EXO 3:7
ଦେଶାଚାର	3	3	2	1	GEN 29:26
ଦେଶାଧିକାର	6	6	2	6	NUM 33:54
ଦେଶାଧିକାରୀ	1	1	1	1	PSA 37:9
ଦେଶାଧିପତିର	1	1	1	1	GEN 34:2
ଦେଶାଧ୍ୟକ୍ଷ	17	17	7	17	1KI 4:7
ଦେଶାଧ୍ୟକ୍ଷ-ମାନେ	1	1	1	0	NEH 2:7
ଦେଶାଧ୍ୟକ୍ଷକୁ	1	1	1	1	MAL 1:8
ଦେଶାଧ୍ୟକ୍ଷଗଣ	2	2	1	2	DAN 3:3
ଦେଶାଧ୍ୟକ୍ଷଗଣଙ୍କୁ	1	1	1	1	DAN 3:2
ଦେଶାଧ୍ୟକ୍ଷମାନଙ୍କ	2	2	1	2	NEH 2:9
ଦେଶାଧ୍ୟକ୍ଷମାନଙ୍କଠାରୁ	1	1	1	1	1KI 10:15
ଦେଶାଧ୍ୟକ୍ଷମାନଙ୍କର	2	2	1	2	1KI 4:5
ଦେଶାଧ୍ୟକ୍ଷମାନଙ୍କୁ	2	2	2	2	EZR 8:36
ଦେଶାଧ୍ୟକ୍ଷମାନେ	1	1	1	2	2CH 9:14
ଦେଶାଧ୍ୟକ୍ଷର	4	4	2	4	NEH 3:7
ଦେଶାନୁସନ୍ଧାନ	1	1	1	1	JDG 18:17
ଦେଶାନ୍ତରିତ	1	1	1	1	JDG 18:30
ଦେଶାନ୍ତର୍ଗତ	3	3	1	3	JOS 21:21
ଦେଶୀୟ	114	114	23	119	GEN 12:12
ଦେଶୀୟ-ମାନଙ୍କ	3	3	3	0	NEH 5:17
ଦେଶୀୟ-ମାନଙ୍କଠାରୁ	1	1	1	0	EZK 36:6
ଦେଶୀୟ-ମାନଙ୍କୁ	1	1	1	0	2KI 21:9
ଦେଶୀୟ-ମାନେ	1	1	1	0	JER 10:2
ଦେଶୀୟଗଣ	4	4	2	4	PSA 57:9
ଦେଶୀୟଗଣକୁ	1	1	1	1	PSA 47:3
ଦେଶୀୟଙ୍କ	2	2	2	2	1SA 8:20
ଦେଶୀୟମାନଙ୍କ	43	43	16	47	NUM 23:9
ଦେଶୀୟମାନଙ୍କଠାରୁ	2	2	2	3	LEV 25:44
ଦେଶୀୟମାନଙ୍କର	24	24	7	24	2KI 17:15
ଦେଶୀୟମାନଙ୍କୁ	16	16	9	17	NUM 24:8
ଦେଶୀୟମାନେ	21	21	6	22	JOS 23:4
ଦେଶୀୟା	15	15	5	16	GEN 21:21
ଦେହ	5	5	4	5	GEN 47:18
ଦେହକୁ	1	1	1	4	PRO 11:17
ଦେହଧାରୀ	1	1	1	1	HEB 13:3
ଦେହବ	5	5	5	0	JHN 1:14
ଦେହଯାକ	1	1	1	0	LUK 16:20
ଦେହର	5	5	5	5	2SA 13:19
ଦେହରୁ	8	8	8	8	GEN 37:23
ଦେହରେ	24	24	13	23	EXO 28:41
ଦେହ୍ୱୀୟ	1	1	1	1	EZR 4:9
ଦେୟ	6	6	5	6	EXO 29:28
ଦୈନିକ	6	6	5	7	EXO 5:13
ଦୈବଘଟନା	1	1	1	0	ECC 9:11
ଦୈବଜ୍ଞ	1	1	1	0	ACT 16:16
ଦୈର୍ଘ୍ୟ	10	10	5	12	EXO 26:8
ଦୈର୍ଘ୍ୟତା	4	4	1	0	2CH 3:3
ଦୈହିକଭାବେ	1	1	1	0	LUK 3:22
ଦୋକାନୀମାନଙ୍କ	1	1	1	1	MAT 25:9
ଦୋଥନକୁ	1	1	1	1	GEN 37:17
ଦୋଥନରେ	2	2	2	2	GEN 37:17
ଦୋଦବାହୁର	1	1	1	1	2CH 20:37
ଦୋଦାନୀମ	1	1	1	1	GEN 10:4
ଦୋଦୟ	1	1	1	1	1CH 27:4
ଦୋଦୟର	5	5	3	5	JDG 10:1
ଦୋର	5	5	3	6	JOS 11:2
ଦୋରର	1	1	1	1	JOS 12:23
ଦୋଳନୀୟ	24	24	3	24	EXO 29:24
ଦୋଳା	2	2	1	2	NUM 4:10
ଦୋଳାଇବ	10	10	3	10	EXO 29:24
ଦୋଳାଇବା	1	1	1	1	LEV 10:15
ଦୋଳାଇଲେ	3	3	1	3	LEV 8:27
ଦୋଳାୟିତ	2	2	2	2	EXO 29:27
ଦୋଷ	57	57	22	58	GEN 20:9
ଦୋଷକୁ	1	1	1	1	PRO 14:9
ଦୋଷଗ୍ରସ୍ତ	2	2	2	2	GEN 26:10
ଦୋଷଜନକ	2	2	1	2	LEV 4:3
ଦୋଷପତ୍ର	1	1	1	1	JOB 31:35
ଦୋଷବକ୍ତା	1	1	1	1	ISA 29:21
ଦୋଷର	2	2	2	2	HOS 13:16
ଦୋଷରହିତ	3	3	3	3	2SA 14:9
ଦୋଷରୁ	4	4	3	3	1SA 25:26
ଦୋଷରେ	6	6	6	6	EZR 9:15
ଦୋଷାନ୍ୱେଷୀ	1	1	1	1	JOB 40:2
ଦୋଷାରୋପ	4	4	3	6	JOB 1:22
ଦୋଷାର୍ଥକ	38	38	5	40	LEV 5:6
ଦୋଷୀ	69	69	29	70	EXO 2:13
ଦୋଷୀକି	2	2	2	0	DEU 25:1
ଦୋଷୀକୁ	1	1	1	4	NAM 1:3
ଦୋଷୀକୃତ	5	5	3	5	JOB 9:29
ଦୋଷୀର	2	2	2	2	1KI 8:32
ଦୋହରା	5	5	2	5	EXO 26:9
ଦୋହଲନ୍ତି	1	1	1	1	JOB 28:4
ଦୋହଲି	1	1	1	1	PSA 107:27
ଦୋହଲିବ	2	2	2	2	DEU 28:66
ଦୋହଲିବାକୁ	3	3	1	3	JDG 9:9
ଦୋହଲିଲେ	1	1	1	1	JER 4:24
ଦୋହଲୁଥିବା	2	2	2	2	MAT 11:7
ଦୋୟେଗ	1	1	1	0	1SA 21:7
ଦୋୟେଗ୍	4	4	2	5	1SA 22:9
ଦୋୟେଗ୍କୁ	1	1	1	1	1SA 22:18
ଦୌଡ଼	6	6	4	7	2SA 18:23
ଦୌଡ଼ଇ	2	2	2	2	2CH 16:9
ଦୌଡ଼ନ୍ତି	6	6	3	6	JOL 2:4
ଦୌଡ଼ନ୍ତେ	1	1	1	1	1SA 20:36
ଦୌଡ଼ାଦୌଡ଼ି	1	1	1	1	NAM 2:5
ଦୌଡ଼ାଦୌଡ଼ିର	1	1	1	0	2CH 23:12
ଦୌଡ଼ି	25	25	14	27	GEN 14:14
ଦୌଡ଼ିଅଛି	1	1	1	1	2TI 4:7
ଦୌଡ଼ିଆସି	3	3	1	3	MRK 5:6
ଦୌଡ଼ିଆସିଲେ	1	1	1	1	ACT 3:11
ଦୌଡ଼ିଗଲା	2	2	1	2	GEN 24:29
ଦୌଡ଼ିଗଲେ	5	5	4	4	1KI 18:46
ଦୌଡ଼ିବ	3	3	3	3	EXO 14:4
ଦୌଡ଼ିବା	4	4	4	5	2SA 15:1
ଦୌଡ଼ିବାକୁ	1	1	1	1	JHN 20:4
ଦୌଡ଼ିବାର	1	1	1	1	2KI 5:21
ଦୌଡ଼ିବେ	5	5	4	5	1SA 8:11
ଦୌଡ଼ିଯାଇ	19	19	9	19	GEN 24:28
ଦୌଡ଼ିଯାଏ	1	1	1	0	2SA 18:19
ଦୌଡ଼ିରେ	1	1	1	2	PRO 5:22
ଦୌଡ଼ିଲା	2	2	2	2	1SA 4:12
ଦୌଡ଼ିଲେ	6	6	5	6	1SA 17:48
ଦୌଡ଼ିସବୁ	2	2	1	2	ACT 27:32
ଦୌଡ଼ୁଅଛ	1	1	1	1	HAG 1:9
ଦୌଡ଼ୁଅଛି	4	4	3	4	2SA 18:23
ଦୌଡ଼ୁଥିଲ	1	1	1	1	GAL 5:7
ଦୌଡ଼େ	9	9	6	9	2SA 18:22
ଦୌଡ଼୍	1	1	1	1	1SA 20:38
ଦୌରାତ୍ମଭୋଗ	1	1	1	1	PSA 44:24
ଦୌରାତ୍ମ୍ୟ	49	49	17	46	EXO 3:9
ଦୌରାତ୍ମ୍ୟ-କାରୀମାନେ	1	1	1	0	ISA 16:4
ଦୌରାତ୍ମ୍ୟକାରୀ	2	2	1	2	PSA 140:1
ଦୌରାତ୍ମ୍ୟପୂର୍ବକ	1	1	1	1	JOB 20:19
ଦୌରାତ୍ମ୍ୟପ୍ରିୟ	1	1	1	1	PSA 11:5
ଦୌରାତ୍ମ୍ୟର	5	5	4	5	GEN 49:5
ଦୌରାତ୍ମ୍ୟରୁ	3	3	3	3	2SA 22:3
ଦୌରାତ୍ମ୍ୟରୂପ	1	1	1	1	PRO 4:17
ଦୌରାତ୍ମ୍ୟରେ	10	10	7	10	GEN 6:11
ଦୌହିତ୍ରୀର	2	2	1	2	LEV 18:10
ଦ୍ରବ	2	2	1	2	SNG 5:5
ଦ୍ରବ୍ୟ	229	229	33	270	GEN 24:10
ଦ୍ରବ୍ୟ-ଘଟିତ	1	1	1	1	EXO 28:38
ଦ୍ରବ୍ୟ-ବିକ୍ରୟକାରୀମାନେ	1	1	1	0	NEH 13:20
ଦ୍ରବ୍ୟ-ସ୍ୱାମୀକି	1	1	1	0	LEV 6:5
ଦ୍ରବ୍ୟକୁ	2	2	2	2	LEV 22:4
ଦ୍ରବ୍ୟଗଲା	1	1	1	0	GEN 32:21
ଦ୍ରବ୍ୟବାହକ	1	1	1	1	JDG 3:18
ଦ୍ରବ୍ୟବିଶିଷ୍ଟ	1	1	1	1	PSA 144:13
ଦ୍ରବ୍ୟମାନ	2	2	2	2	EXO 40:4
ଦ୍ରବ୍ୟମାନର	1	1	1	1	HAG 2:13
ଦ୍ରବ୍ୟର	27	27	11	29	GEN 14:20
ଦ୍ରବ୍ୟରାଶି	2	2	2	2	2CH 31:10
ଦ୍ରବ୍ୟରୁ	6	6	5	7	EXO 36:5
ଦ୍ରବ୍ୟରେ	32	32	13	33	GEN 45:23
ଦ୍ରବ୍ୟସକଳ	4	4	2	4	EZK 42:13
ଦ୍ରବ୍ୟସକଳର	1	1	1	1	EZK 44:13
ଦ୍ରବ୍ୟସବୁ	6	6	6	7	DEU 13:16
ଦ୍ରବ୍ୟସବୁକୁ	1	1	1	1	DEU 2:35
ଦ୍ରବ୍ୟାକ୍ତ	4	4	1	2	GEN 50:2
ଦ୍ରବ୍ୟାଦି	9	9	8	9	GEN 45:20
ଦ୍ରବ୍ୟାଦିର	4	4	4	4	NUM 4:4
ଦ୍ରାକ୍ଷା	10	10	6	9	LEV 26:5
ଦ୍ରାକ୍ଷା-କୃଷକଗଣ	1	1	1	1	2CH 26:10
ଦ୍ରାକ୍ଷାକୁଣ୍ଡ	5	5	4	5	ISA 5:2
ଦ୍ରାକ୍ଷାକୁଣ୍ଡରେ	3	3	3	3	ISA 16:10
ଦ୍ରାକ୍ଷାକୁଣ୍ଡସବୁ	1	1	1	1	JER 48:33
ଦ୍ରାକ୍ଷାକ୍ଷେତ୍ର	62	62	23	65	GEN 9:20
ଦ୍ରାକ୍ଷାକ୍ଷେତ୍ରକୁ	5	5	3	6	DEU 23:24
ଦ୍ରାକ୍ଷାକ୍ଷେତ୍ରନାଶକ	1	1	1	1	SNG 2:15
ଦ୍ରାକ୍ଷାକ୍ଷେତ୍ରମୟ	2	2	2	2	2KI 18:32
ଦ୍ରାକ୍ଷାକ୍ଷେତ୍ରର	23	23	12	20	EXO 22:5
ଦ୍ରାକ୍ଷାକ୍ଷେତ୍ରରୁ	2	2	2	2	DEU 24:21
ଦ୍ରାକ୍ଷାକ୍ଷେତ୍ରରେ	10	10	7	14	EXO 22:5
ଦ୍ରାକ୍ଷାକ୍ଷେତ୍ରସକଳର	1	1	1	1	1CH 27:27
ଦ୍ରାକ୍ଷାକ୍ଷେତ୍ରସକଳରେ	1	1	1	0	AMO 5:17
ଦ୍ରାକ୍ଷାକ୍ଷେତ୍ରସମୂହର	1	1	1	1	SNG 1:6
ଦ୍ରାକ୍ଷାକ୍ଷେତ୍ରସ୍ଥ	1	1	1	1	SNG 1:14
ଦ୍ରାକ୍ଷାକ୍ଷେତ୍ରୋତ୍ପନ୍ନ	1	1	1	1	1CH 27:27
ଦ୍ରାକ୍ଷାଚକ୍ତି	4	4	4	4	2SA 6:19
ଦ୍ରାକ୍ଷାପେଣ୍ଡା	3	3	3	3	NUM 13:24
ଦ୍ରାକ୍ଷାପେଣ୍ଡାରେ	1	1	1	1	ISA 65:8
ଦ୍ରାକ୍ଷାପେଣ୍ଡାସବୁ	1	1	1	1	REV 14:18
ଦ୍ରାକ୍ଷାପେଷକ	1	1	1	1	AMO 9:13
ଦ୍ରାକ୍ଷାପେଷଣ	1	1	1	1	HOS 9:2
ଦ୍ରାକ୍ଷାଫଳ	36	36	15	38	GEN 40:11
ଦ୍ରାକ୍ଷାଫଳଜାତ	1	1	1	0	NUM 6:3
ଦ୍ରାକ୍ଷାଫଳର	8	8	7	8	NUM 13:20
ଦ୍ରାକ୍ଷାଫଳରେ	1	1	1	1	NUM 6:4
ଦ୍ରାକ୍ଷାଫଳସବୁ	2	2	1	2	REV 14:18
ଦ୍ରାକ୍ଷାମର୍ଦ୍ଦନ	2	2	2	2	ISA 63:3
ଦ୍ରାକ୍ଷାମର୍ଦ୍ଦନକାରୀମାନଙ୍କ	1	1	1	1	JER 25:30
ଦ୍ରାକ୍ଷାମର୍ଦ୍ଦନକାରୀର	1	1	1	1	ISA 63:2
ଦ୍ରାକ୍ଷାଯନ୍ତ୍ର	4	4	4	3	NEH 13:15
ଦ୍ରାକ୍ଷାଯନ୍ତ୍ରର	1	1	1	1	NUM 18:27
ଦ୍ରାକ୍ଷାଯନ୍ତ୍ରରୁ	4	4	3	4	NUM 18:30
ଦ୍ରାକ୍ଷାର	2	2	2	2	DEU 32:14
ଦ୍ରାକ୍ଷାରକ୍ତରେ	1	1	1	0	GEN 49:11
ଦ୍ରାକ୍ଷାରସ	166	166	38	169	GEN 9:21
ଦ୍ରାକ୍ଷାରସ-କୁଣ୍ଡ	1	1	1	1	JDG 6:11
ଦ୍ରାକ୍ଷାରସ-କୁମ୍ପା	1	1	1	1	JOS 9:13
ଦ୍ରାକ୍ଷାରସ-ପାନଶାଳାକୁ	1	1	1	1	EST 7:8
ଦ୍ରାକ୍ଷାରସ-ପାନଶାଳାରୁ	1	1	1	1	EST 7:7
ଦ୍ରାକ୍ଷାରସ-ଭଣ୍ଡାରର	1	1	1	1	1CH 27:27
ଦ୍ରାକ୍ଷାରସକୁ	1	1	1	1	HOS 2:22
ଦ୍ରାକ୍ଷାରସପୂର୍ଣ୍ଣ	1	1	1	1	JER 35:5
ଦ୍ରାକ୍ଷାରସମୟ	3	3	3	3	DEU 33:28
ଦ୍ରାକ୍ଷାରସର	15	15	8	14	GEN 9:24
ଦ୍ରାକ୍ଷାରସରୁ	3	3	3	3	PSA 75:8
ଦ୍ରାକ୍ଷାରସରେ	19	19	10	20	GEN 49:11
ଦ୍ରାକ୍ଷାରସଶୂନ୍ୟ	1	1	1	0	JER 48:33
ଦ୍ରାକ୍ଷାଲତା	44	44	18	47	GEN 40:9
ଦ୍ରାକ୍ଷାଲତାକୁ	2	2	2	2	JDG 9:12
ଦ୍ରାକ୍ଷାଲତାଜାତ	1	1	1	1	JDG 13:14
ଦ୍ରାକ୍ଷାଲତାର	8	8	6	9	LEV 25:5
ଦ୍ରାକ୍ଷାଲତାରୁ	2	2	2	2	DEU 32:32
ଦ୍ରାକ୍ଷାଲତାରେ	4	4	4	4	GEN 40:10
ଦ୍ରାକ୍ଷାଲତାସବୁ	1	1	1	1	NAM 2:2
ଦ୍ରାକ୍ଷାଲତେ	1	1	1	0	JER 48:32
ଦ୍ରୁତଗମନ	1	1	1	1	ISA 5:26
ଦ୍ରୁତଗାମିନୀ	1	1	1	1	JER 2:23
ଦ୍ରୁତଗାମୀ	16	16	9	16	1KI 4:28
ଦ୍ରୁତଗାମୀ-ଉଷ୍ଟ୍ର	1	1	1	1	ISA 60:6
ଦ୍ରୁତଗାମୀର	1	1	1	1	AMO 2:14
ଦ୍ରୂତଗାମୀ-ମାନଙ୍କୁ	1	1	1	0	ECC 9:11
ଦ୍ରୂତପଦ	1	1	1	0	2SA 2:18
ଦ୍ରୂସିଲ୍ଲା	1	1	1	1	ACT 24:24
ଦ୍ରୋହ	2	2	2	2	EZR 4:19
ଦ୍ରୋହାଚରଣ	5	5	3	3	2KI 1:1
ଦ୍ରୋହିଣୀର	1	1	1	1	1SA 20:30
ଦ୍ୟୁୟେଲର	1	1	1	0	NUM 10:20
ଦ୍ୟୂୟେଲର	3	3	1	4	NUM 1:14
ଦ୍ୱାଦଶ	87	87	17	65	GEN 17:20
ଦ୍ୱାଦଶଙ୍କ	12	12	4	7	MAT 26:14
ଦ୍ୱାଦଶଙ୍କୁ	9	9	5	4	MAT 20:17
ଦ୍ୱାବିଂଶ	2	2	1	2	1CH 24:17
ଦ୍ୱାର	207	207	34	247	GEN 6:16
ଦ୍ୱାର-କବାଟର	1	1	1	1	1CH 22:3
ଦ୍ୱାର-ଚୌକାଠ	1	1	1	1	EZK 46:2
ଦ୍ୱାର-ପଥ	1	1	1	0	JER 52:7
ଦ୍ୱାର-ପାର୍ଶ୍ୱରେ	1	1	1	0	2SA 18:4
ଦ୍ୱାର-ପ୍ରବେଶ	8	8	5	7	JDG 9:35
ଦ୍ୱାର-ପ୍ରବେଶ-ସ୍ଥାନ	1	1	1	1	1KI 22:10
ଦ୍ୱାର-ପ୍ରବେଶସ୍ଥାନ	2	2	2	1	JDG 9:40
ଦ୍ୱାର-ସମୂହରେ	1	1	1	0	JER 17:27
ଦ୍ୱାରକୁ	5	5	2	6	NUM 20:6
ଦ୍ୱାରଗୁଡ଼ିକ	1	1	1	1	JHN 20:19
ଦ୍ୱାରଗୁଡ଼ିକରେ	1	1	1	1	ACT 5:23
ଦ୍ୱାରଛାତର	1	1	1	1	2SA 18:24
ଦ୍ୱାରଠାରୁ	3	3	2	4	EZK 40:23
ଦ୍ୱାରଦେଶରେ	1	1	1	1	EZK 33:30
ଦ୍ୱାରଦ୍ୱୟର	1	1	1	1	2SA 18:24
ଦ୍ୱାରପାଳ	18	18	5	18	1KI 14:27
ଦ୍ୱାରପାଳ-କର୍ମରେ	1	1	1	1	1CH 9:23
ଦ୍ୱାରପାଳକୁ	1	1	1	1	JER 52:24
ଦ୍ୱାରପାଳଙ୍କୁ	1	1	1	1	2KI 25:18
ଦ୍ୱାରପାଳମାନଙ୍କ	8	8	5	8	1CH 26:1
ଦ୍ୱାରପାଳମାନଙ୍କର	3	3	3	3	1CH 26:19
ଦ୍ୱାରପାଳମାନଙ୍କୁ	3	3	2	3	2KI 23:4
ଦ୍ୱାରପାଳମାନେ	8	8	5	8	2KI 22:4
ଦ୍ୱାରପାଳର	2	2	2	2	1CH 9:22
ଦ୍ୱାରପ୍ରବେଶ-ସ୍ଥାନରେ	1	1	1	0	JDG 18:17
ଦ୍ୱାରବନ୍ଧ	6	6	4	6	JDG 19:27
ଦ୍ୱାରବନ୍ଧସବୁ	1	1	1	1	EZK 41:21
ଦ୍ୱାରବିଶିଷ୍ଟ	1	1	1	1	EZK 40:38
ଦ୍ୱାରମାନ	2	2	2	2	JOS 6:26
ଦ୍ୱାରମାନର	1	1	1	1	EZK 40:38
ଦ୍ୱାରର	68	68	14	80	EXO 12:7
ଦ୍ୱାରରକ୍ଷକ	3	3	2	3	2KI 12:9
ଦ୍ୱାରରକ୍ଷିକା	1	1	1	1	JHN 18:17
ଦ୍ୱାରରକ୍ଷିକାକୁ	1	1	1	1	JHN 18:16
ଦ୍ୱାରରୁ	4	4	4	6	EXO 32:27
ଦ୍ୱାରରେ	58	58	19	82	GEN 4:7
ଦ୍ୱାରସକଳ	3	3	2	4	ISA 54:12
ଦ୍ୱାରସକଳର	2	2	1	2	EZK 40:18
ଦ୍ୱାରସବୁ	22	22	11	22	2CH 4:22
ଦ୍ୱାରସବୁରେ	1	1	1	1	2CH 23:19
ଦ୍ୱାରସମୂହ	2	2	1	2	REV 21:15
ଦ୍ୱାରସମୂହକୁ	1	1	1	1	PSA 87:2
ଦ୍ୱାରସମୂହର	2	2	2	2	EZK 21:22
ଦ୍ୱାରସମୂହରେ	3	3	3	3	2CH 31:2
ଦ୍ୱାରସ୍ଥିତ	1	1	1	1	LEV 4:7
ଦ୍ୱାରା	1507	1507	62	1614	GEN 2:7
ଦ୍ୱାରୀ	3	3	3	3	PSA 84:10
ଦ୍ୱାରୀକି	2	2	2	0	2SA 18:26
ଦ୍ୱାରୀକୁ	1	1	1	2	2KI 7:10
ଦ୍ୱାରୀମାନଙ୍କୁ	1	1	1	1	2KI 7:11
ଦ୍ୱି	5	5	5	11	1CH 6:39
ଦ୍ୱିଖଣ୍ଡ	3	3	3	3	LEV 1:17
ଦ୍ୱିଖଣ୍ଡ-ଖୁରାବିଶିଷ୍ଟ	3	3	1	3	DEU 14:6
ଦ୍ୱିଖଣ୍ଡିତ	1	1	1	1	HEB 11:37
ଦ୍ୱିଗୁଣ	9	9	6	9	GEN 43:12
ଦ୍ୱିତୀୟ	184	184	36	267	GEN 1:8
ଦ୍ୱିତୀୟଟି	5	5	4	5	MAT 22:39
ଦ୍ୱିତୀୟବାର	1	1	1	1	1SA 18:21
ଦ୍ୱିତୀୟର	4	4	3	4	1SA 8:2
ଦ୍ୱିତୀୟରେ	3	3	3	5	NUM 2:16
ଦ୍ୱିତୀୟାର	1	1	1	1	JOB 42:14
ଦ୍ୱିଧାଚିତ୍ତରେ	1	1	1	1	PSA 12:2
ଦ୍ୱିଧାର	5	5	4	5	JDG 3:16
ଦ୍ୱିପଥଗାମୀ	1	1	1	1	PRO 28:6
ଦ୍ୱିବିଧ	1	1	1	1	PSA 149:6
ଦ୍ୱିଭାଷୀ	1	1	1	1	GEN 42:23
ଦ୍ୱିମତ	1	1	1	1	1SA 15:29
ଦ୍ୱିମନା	2	2	2	2	1CH 12:33
ଦ୍ୱିମନାମାନଙ୍କୁ	1	1	1	1	PSA 119:113
ଦ୍ୱିମନାମାନେ	1	1	1	1	JAS 4:8
ଦ୍ୱୀପ	5	5	4	7	ISA 42:15
ଦ୍ୱୀପ-ସମୂହର	1	1	1	0	EZK 27:7
ଦ୍ୱୀପ-ସମୂହରେ	1	1	1	0	EZK 39:6
ଦ୍ୱୀପଗଣ	6	6	1	6	ISA 41:1
ଦ୍ୱୀପଗଣର	1	1	1	1	DAN 11:18
ଦ୍ୱୀପନିବାସୀଗଣ	1	1	1	1	GEN 10:5
ଦ୍ୱୀପନିବାସୀମାନେ	2	2	1	2	ISA 23:2
ଦ୍ୱୀପର	4	4	2	4	JER 25:22
ଦ୍ୱୀପରୁ	1	1	1	1	EZK 27:6
ଦ୍ୱୀପରେ	5	5	3	8	EZK 27:3
ଦ୍ୱୀପସକଳ	1	1	1	1	ZEP 2:11
ଦ୍ୱୀପସବୁ	1	1	1	1	EZK 26:18
ଦ୍ୱୀପସମସ୍ତ	1	1	1	0	REV 6:14
ଦ୍ୱୀପସମୂହ	6	6	3	6	PSA 97:1
ଦ୍ୱୀପସମୂହକୁ	3	3	2	3	ISA 40:15
ଦ୍ୱୀପସମୂହର	2	2	2	3	PSA 72:10
ଦ୍ୱୀପସମୂହରୁ	1	1	1	1	ISA 11:11
ଦ୍ୱୀପସମୂହରେ	2	2	2	3	ISA 24:15
ଦ୍ୱେଷ	3	3	3	5	LEV 19:18
ଦ୍ୱେଷବାକ୍ୟରେ	1	1	1	0	PSA 109:3
ଦୟା	307	307	49	322	GEN 19:16
ଦୟାକାରୀ	3	3	3	3	EXO 20:6
ଦୟାଗୁଣରେ	1	1	1	0	ACT 24:4
ଦୟାନିଧିଙ୍କୁ	1	1	1	1	JON 2:8
ଦୟାନୁଯାୟୀ	1	1	1	1	HOS 10:12
ଦୟାନୁସାରେ	6	6	4	6	NEH 9:27
ଦୟାପାତ୍ର	1	1	1	1	1KI 8:50
ଦୟାପାତ୍ରୀ	1	1	1	1	HOS 2:1
ଦୟାପ୍ରାପ୍ତ	7	7	6	2	2CH 30:9
ଦୟାବାନ	3	3	2	3	PSA 59:10
ଦୟାଭାବ	1	1	1	1	PSA 102:14
ଦୟାମୟ	1	1	1	1	2CO 1:3
ଦୟାର	13	13	8	13	NUM 14:19
ଦୟାରକ୍ଷାକାରୀ	1	1	1	1	EXO 34:7
ଦୟାରୂପ	1	1	1	1	PSA 103:4
ଦୟାରେ	30	30	13	31	EXO 15:13
ଦୟାଳୁ	22	22	13	24	DEU 4:31
ଦୟାଳୁତା	1	1	1	1	PRO 20:6
ଦୟାସବୁ	1	1	1	1	2CH 6:42
ଦୟାସାଗର	1	1	1	1	EPH 2:4
ଦୟାହୀନ	2	2	1	3	JER 6:23
ଧକାଉ	1	1	1	1	ISA 21:4
ଧକାଉ-ଅଛନ୍ତି	1	1	1	0	JOL 1:20
ଧକାଏ	2	2	1	2	PSA 42:1
ଧକାନ୍ତି	1	1	1	1	JER 14:6
ଧକ୍କା	7	7	5	7	NUM 35:20
ଧଡ଼ଧଡ଼	1	1	1	1	DEU 32:11
ଧଡ଼ି	1	1	1	1	1SA 24:11
ଧଡ଼ିରେ	12	12	1	12	EXO 26:4
ଧଣିଆ	1	1	1	0	NUM 11:7
ଧନ	135	135	32	143	GEN 12:5
ଧନଗ୍ରହଣ	1	1	1	1	ECC 7:7
ଧନଦାୟକ	1	1	1	1	2CO 6:10
ଧନବ	1	1	1	0	JER 5:27
ଧନବତୀ	1	1	1	1	2KI 4:8
ଧନବାନ	22	22	12	21	GEN 14:23
ଧନବାନର	4	4	3	4	PRO 14:20
ଧନବାନ୍	1	1	1	3	GEN 13:2
ଧନଭଣ୍ଡାର	3	3	2	3	ISA 45:3
ଧନଭଣ୍ଡାରର	1	1	1	1	ACT 8:27
ଧନଭଣ୍ଡାରସବୁ	1	1	1	1	JER 15:13
ଧନର	8	8	6	9	PSA 49:6
ଧନରୁ	3	3	3	3	GEN 31:1
ଧନରୂପ	1	1	1	1	ROM 15:28
ଧନରେ	15	15	10	15	LEV 25:47
ଧନଲାଭ	1	1	1	1	TIT 1:11
ଧନଲାଭର	1	1	1	0	TIT 1:7
ଧନଲାଭରେ	1	1	1	1	1TI 3:9
ଧନଲୋଭ	1	1	1	3	1TI 6:10
ଧନଲୋଭରେ	2	2	1	3	2PE 2:3
ଧନଲୋଭଶୂନ୍ୟ	1	1	1	0	HEB 13:5
ଧନଲୋଭୀ	5	5	3	5	LUK 16:14
ଧନଲୋଭୀର	1	1	1	1	PRO 1:19
ଧନଶାଳୀ	2	2	2	3	2KI 15:20
ଧନସବୁ	2	2	2	2	OBA 1:6
ଧନାଢ୍ୟ	2	2	1	0	PSA 65:9
ଧନାଧିକାରୀ	2	2	2	1	GEN 15:2
ଧନାପହାର	3	3	3	3	JER 20:8
ଧନିଆ	1	1	1	2	EXO 16:31
ଧନୀ	43	43	16	54	2SA 12:1
ଧନୀକି	3	3	3	0	JOB 34:19
ଧନୀମାନଙ୍କୁ	1	1	1	1	LUK 1:53
ଧନୀମାନେ	4	4	3	5	PSA 45:12
ଧନୀର	3	3	3	3	LEV 19:15
ଧନୁ	37	37	16	39	GEN 9:13
ଧନୁକର	1	1	1	1	ISA 41:2
ଧନୁକାଦି	1	1	1	1	GEN 27:3
ଧନୁକୁ	1	1	1	1	JER 9:3
ଧନୁତୀରସବୁ	1	1	1	1	PSA 76:3
ଧନୁଦ୍ୱାରା	1	1	1	0	GEN 48:22
ଧନୁର	1	1	1	1	EZK 1:28
ଧନୁରୁ	2	2	2	2	1CH 12:2
ଧନୁରେ	7	7	3	7	PSA 44:6
ଧନୁର୍ଗୀତ	1	1	1	1	2SA 1:18
ଧନୁର୍ଗୁଣ	3	3	3	3	1KI 22:34
ଧନୁର୍ଦ୍ଧର	6	6	5	3	GEN 21:20
ଧନୁର୍ଦ୍ଧରମାନଙ୍କ	3	3	3	3	JDG 5:11
ଧନୁର୍ଦ୍ଧରମାନେ	6	6	6	6	GEN 49:23
ଧନୁର୍ଦ୍ଧାରୀ	5	5	4	8	1CH 12:2
ଧନୁର୍ଦ୍ଧାରୀମାନଙ୍କ	2	2	2	2	ISA 22:3
ଧନୁର୍ଦ୍ଧାରୀମାନଙ୍କୁ	1	1	1	1	JER 50:29
ଧନୁସବୁ	2	2	2	2	ISA 5:28
ଧନୁସ୍ୱରୂପ	1	1	1	1	ZEC 9:13
ଧନ୍ଦଳା	5	5	5	5	EXO 14:3
ଧନ୍ୟ	173	173	31	177	GEN 9:26
ଧନ୍ୟଣ	1	1	1	0	PSA 144:15
ଧନ୍ୟନ୍ତ	1	1	1	0	PSA 146:5
ଧନ୍ୟବାଦ	202	202	33	212	GEN 24:48
ଧନ୍ୟବାଦ-ସେବାର	1	1	1	1	NEH 12:8
ଧନ୍ୟବାଦ-ସ୍ୱର	1	1	1	1	PSA 26:6
ଧନ୍ୟବାଦର	2	2	1	5	2CO 4:15
ଧନ୍ୟବାଦରୂପ	5	5	2	5	PSA 50:14
ଧନ୍ୟବାଦରେ	1	1	1	1	1CO 14:16
ଧନ୍ୟବାଦାର୍ଥକ	3	3	2	4	NEH 12:46
ଧନ୍ୟା	1	1	1	2	SNG 6:9
ଧମକ	21	21	7	27	PRO 13:8
ଧମକରେ	5	5	2	5	PSA 104:7
ଧମକାଅ	1	1	1	1	RUT 2:16
ଧମକାଇ	2	2	2	2	GEN 37:10
ଧମକାଇଅଛ	1	1	1	1	PSA 119:21
ଧମକାଇବା	2	2	1	2	MAL 2:3
ଧମକାଇବେ	2	2	2	2	PSA 103:9
ଧମକାଇଲେ	1	1	1	1	GEN 31:42
ଧମକାଉନ୍ତୁ	2	2	1	0	ZEC 3:2
ଧମକାନ୍ତେ	2	2	2	2	PSA 106:9
ଧର	26	26	16	25	GEN 21:18
ଧରଇ	1	1	1	1	GEN 44:1
ଧରନ୍ତି	11	11	7	11	JOB 5:13
ଧରନ୍ତିନ୍ତ	1	1	1	0	1CO 3:19
ଧରନ୍ତୁ	4	4	3	5	MAT 18:26
ଧରନ୍ତେ	2	2	2	2	EXO 4:5
ଧରା	28	28	11	29	GEN 14:14
ଧରାଇଦେଇ	1	1	1	1	MRK 14:11
ଧରାଇଦେବା	1	1	1	0	MAT 26:16
ଧରାଇଦେବି	1	1	1	1	MAT 26:15
ଧରାଇଦେବେ	1	1	1	1	MAT 24:10
ଧରାଗଲା	4	4	2	4	1SA 4:17
ଧରାଧରି	2	2	1	3	PRO 11:21
ଧରାପଡ଼ନ୍ତି	1	1	1	1	ECC 9:12
ଧରାପଡ଼ିଅଛି	1	1	1	1	JHN 8:4
ଧରାପଡ଼ିଲା	3	3	2	3	1SA 4:11
ଧରାପଡ଼ିଲେଣି	1	1	1	1	MAT 4:12
ଧରାପଡ଼େ	1	1	1	1	GAL 6:1
ଧରାଯାଇ	1	1	1	1	AMO 3:5
ଧରାଯା’ନ୍ତି	2	2	2	1	JOB 36:8
ଧରାଯିବ	7	7	4	7	ECC 7:26
ଧରାଯିବା	1	1	1	1	EZK 21:11
ଧରାଯିବାରୁ	1	1	1	1	1SA 4:21
ଧରାଯିବେ	4	4	3	4	ISA 8:15
ଧରି	256	256	46	258	GEN 8:9
ଧରିଅଛ	4	4	4	4	JOB 16:8
ଧରିଅଛନ୍ତି	6	6	6	5	NEH 5:5
ଧରିଅଛି	10	10	6	10	JOB 2:3
ଧରିଅଛୁ	1	1	1	1	ISA 45:1
ଧରିଥାଅ	1	1	1	1	1CO 15:2
ଧରିଥିବା	1	1	1	2	REV 9:14
ଧରିଥିଲା	2	2	2	2	2SA 23:21
ଧରିଥିଲେ	5	5	5	5	NUM 31:32
ଧରିବ	26	26	14	26	NUM 32:23
ଧରିବା	38	38	18	40	EXO 15:9
ଧରିବାକୁ	18	18	11	18	JDG 5:26
ଧରିବାମାତ୍ର	1	1	1	0	ISA 28:4
ଧରିବି	4	4	4	4	NEH 13:21
ଧରିବେ	6	6	5	7	JER 16:16
ଧରିଲ	2	2	2	2	MAT 26:55
ଧରିଲା	18	18	12	17	GEN 31:23
ଧରିଲି	2	2	2	2	2SA 22:22
ଧରିଲୁ	1	1	1	1	ACT 24:6
ଧରିଲେ	36	36	21	35	GEN 22:10
ଧରୁ	5	5	2	5	PSA 7:5
ଧରୁଅଛ	1	1	1	1	JOB 2:9
ଧରୁଅଛି	2	2	2	1	JOB 27:6
ଧରୁଥିବା	1	1	1	1	1KI 18:32
ଧରେ	11	11	10	11	DEU 25:11
ଧର୍ମ	63	63	11	66	EXO 22:15
ଧର୍ମ-ପଥରେ	1	1	1	0	PRO 16:31
ଧର୍ମକର୍ମ	11	11	7	11	1SA 12:7
ଧର୍ମକର୍ମସବୁ	2	2	2	2	ISA 64:6
ଧର୍ମକୁ	2	2	1	3	PSA 11:7
ଧର୍ମକ୍ରିୟା	2	2	1	2	JDG 5:11
ଧର୍ମଗୁଣ	1	1	1	1	PSA 35:28
ଧର୍ମଗୁଣରେ	3	3	1	3	PSA 5:8
ଧର୍ମଚ୍ୟୁତି	1	1	1	1	2TH 2:3
ଧର୍ମଜୀବନ	1	1	1	1	2TI 3:12
ଧର୍ମଜ୍ଞ	1	1	1	1	ISA 51:7
ଧର୍ମତ୍ୟାଗୀ	1	1	1	1	LUK 8:13
ଧର୍ମଦ୍ୱେଷୀ	1	1	1	1	1TI 1:8
ଧର୍ମଧାମ	22	22	6	21	2CH 20:8
ଧର୍ମଧାମକୁ	1	1	1	1	PSA 73:17
ଧର୍ମଧାମଠାରୁ	1	1	1	1	EZK 9:6
ଧର୍ମଧାମର	3	3	3	3	2CH 30:19
ଧର୍ମଧାମରୁ	2	2	2	2	PSA 102:20
ଧର୍ମଧାମରେ	6	6	3	6	2CH 30:8
ଧର୍ମଧାମସକଳ	1	1	1	1	AMO 7:9
ଧର୍ମଧାମସ୍ଥାପନ	1	1	1	0	EXO 15:17
ଧର୍ମନିକ୍ତିରେ	1	1	1	0	JOB 31:6
ଧର୍ମନିବାସ	2	2	1	2	JER 31:23
ଧର୍ମନିବାସକୁ	1	1	1	1	JOB 8:6
ଧର୍ମନୀତି	1	1	1	1	PSA 58:1
ଧର୍ମପଥରେ	1	1	1	0	PSA 23:3
ଧର୍ମପରାୟଣ	3	3	2	3	JAS 1:26
ଧର୍ମପରାୟଣତା	5	5	2	5	JAS 1:26
ଧର୍ମପରାୟଣମାନଙ୍କୁ	1	1	1	1	2PE 2:9
ଧର୍ମପରାୟଣା	1	1	1	1	1TI 2:10
ଧର୍ମପୁରୀ	1	1	1	1	ISA 1:26
ଧର୍ମପ୍ରଚାରକ	1	1	1	1	2PE 2:5
ଧର୍ମବଳି	3	3	2	3	DEU 33:19
ଧର୍ମବାଦୀ	2	2	1	2	ISA 45:19
ଧର୍ମବିଚାର	1	1	1	1	PSA 9:4
ଧର୍ମବିଧି	2	2	2	2	ROM 8:4
ଧର୍ମବିଶ୍ୱାସରେ	1	1	1	0	1TI 1:2
ଧର୍ମବୀଜ	1	1	1	1	PRO 11:18
ଧର୍ମବୃଷ୍ଟି	1	1	1	1	ISA 45:8
ଧର୍ମଭ୍ରଷ୍ଟ	2	2	2	1	HEB 6:6
ଧର୍ମମୟ	31	31	11	26	2CH 12:6
ଧର୍ମମୟଙ୍କର	1	1	1	1	JOB 6:10
ଧର୍ମଯୁକ୍ତ	1	1	1	1	PRO 16:13
ଧର୍ମର	8	8	7	7	PSA 118:19
ଧର୍ମରାଜା	1	1	1	0	HEB 7:2
ଧର୍ମରୁ	2	2	2	2	ISA 46:12
ଧର୍ମରୂପ	7	7	5	6	PSA 132:9
ଧର୍ମରେ	23	23	8	24	LEV 19:15
ଧର୍ମଶାସ୍ତ୍ର	19	19	8	20	MAT 5:17
ଧର୍ମଶାସ୍ତ୍ରର	15	15	5	16	MAT 7:12
ଧର୍ମଶାସ୍ତ୍ରରେ	6	6	5	6	MAT 21:42
ଧର୍ମଶିକ୍ଷାର	1	1	1	0	1TI 1:6
ଧର୍ମଶୀଳ	1	1	1	1	ISA 45:21
ଧର୍ମସୌନ୍ଦର୍ଯ୍ୟର	1	1	1	1	2CH 20:21
ଧର୍ମସ୍ଥାନରେ	1	1	1	1	ECC 3:16
ଧର୍ମସ୍ୱରୂପ	21	21	3	22	ISA 5:16
ଧର୍ମସ୍ୱରୂପଙ୍କ	12	12	5	13	2KI 19:22
ଧର୍ମସ୍ୱରୂପଙ୍କଠାରେ	2	2	1	2	ISA 29:19
ଧର୍ମସ୍ୱରୂପଙ୍କର	3	3	2	2	PSA 89:18
ଧର୍ମସ୍ୱରୂପଙ୍କୁ	3	3	1	4	ISA 1:4
ଧର୍ମହୀନ	4	4	3	3	JOB 8:13
ଧର୍ମାଚରଣ	19	19	8	19	GEN 17:1
ଧର୍ମାନୁସାରେ	3	3	2	3	PSA 18:20
ଧର୍ମାବଲମ୍ବୀ	1	1	1	2	MAT 23:15
ଧର୍ମିଷ୍ଠା	1	1	1	1	GEN 38:26
ଧଳା	1	1	1	7	MAT 5:36
ଧସି	2	2	1	2	NUM 16:30
ଧାଇଁ	5	5	4	6	GEN 33:4
ଧାଇଁବା	1	1	1	1	SNG 1:4
ଧାଇଁଯାଇ	2	2	2	2	GEN 24:20
ଧାଇଁଯାଏ	1	1	1	0	PRO 1:16
ଧାଇଁଲା	1	1	1	1	DAN 8:6
ଧାଇଁଲେ	1	1	1	1	JOS 2:7
ଧାଉଡ଼ିଆ	1	1	1	1	JER 51:31
ଧାଉଡ଼ିଆମାନଙ୍କୁ	1	1	1	1	1SA 22:17
ଧାଉଡ଼ିଆର	1	1	1	1	JER 51:31
ଧାଏଁ	2	2	2	2	PSA 104:10
ଧାଡ଼ି	26	26	6	26	LEV 24:6
ଧାଡ଼ିକେ	1	1	1	1	1KI 7:3
ଧାଡ଼ିର	3	3	2	3	1KI 7:4
ଧାଡ଼ିରେ	3	3	3	3	LEV 24:6
ଧାତୁ	1	1	1	2	EZK 8:2
ଧାତୁର	3	3	2	3	PSA 119:119
ଧାତ୍ରୀ	5	5	3	4	GEN 35:17
ଧାତ୍ରୀକାର୍ଯ୍ୟ	1	1	1	1	EXO 1:16
ଧାତ୍ରୀକି	3	3	3	1	EXO 2:7
ଧାତ୍ରୀକୁ	1	1	1	3	GEN 24:59
ଧାତ୍ରୀଙ୍କୁ	1	1	1	1	EXO 1:15
ଧାତ୍ରୀମାନଙ୍କର	1	1	1	1	EXO 1:20
ଧାତ୍ରୀମାନଙ୍କୁ	1	1	1	1	EXO 1:18
ଧାତ୍ରୀମାନେ	3	3	1	3	EXO 1:17
ଧାତ୍ରୀର	1	1	1	1	GEN 35:8
ଧାବକଗଣ	1	1	1	1	EST 3:15
ଧାବକଗଣଙ୍କ	1	1	1	1	EST 3:13
ଧାବମାନ	7	7	7	6	PSA 119:32
ଧାମ	1	1	1	1	ISA 63:18
ଧାମରେ	1	1	1	1	PSA 68:35
ଧାର	4	4	2	9	1SA 13:21
ଧାରଣ	41	41	18	42	NUM 11:12
ଧାରଣାନୁସାରେ	1	1	1	1	LUK 3:23
ଧାରର	1	1	1	1	EZK 43:20
ଧାରାନୁସାରେ	4	4	3	4	EXO 40:4
ଧାରାବାହିକ	1	1	1	1	LUK 1:3
ଧାରୁ	1	1	1	1	MAT 18:28
ଧାର୍ମିକ	195	195	38	213	GEN 6:9
ଧାର୍ମିକ-ବଂଶ	1	1	1	1	PSA 14:5
ଧାର୍ମିକ-ମାନଙ୍କ	1	1	1	0	ECC 8:14
ଧାର୍ମିକକୁ	19	19	10	19	GEN 18:23
ଧାର୍ମିକଗଣ	5	5	2	5	PSA 32:11
ଧାର୍ମିକଗଣନା	2	2	1	2	ROM 5:16
ଧାର୍ମିକଗଣର	2	2	2	2	PRO 14:19
ଧାର୍ମିକଙ୍କ	1	1	1	1	GEN 18:24
ଧାର୍ମିକତା	116	116	30	125	GEN 15:6
ଧାର୍ମିକତାକୁ	3	3	2	4	ISA 28:17
ଧାର୍ମିକତାଜନକ	1	1	1	0	ROM 6:16
ଧାର୍ମିକତାନୁସାରେ	4	4	3	4	2SA 22:21
ଧାର୍ମିକତାପ୍ରାପ୍ତି	1	1	1	1	ROM 10:10
ଧାର୍ମିକତାର	25	25	12	30	PSA 69:27
ଧାର୍ମିକତାରୁ	3	3	1	3	EZK 18:24
ଧାର୍ମିକତାରୂପ	2	2	2	1	PRO 12:28
ଧାର୍ମିକତାରେ	15	15	10	15	PSA 89:16
ଧାର୍ମିକମାନଙ୍କ	21	21	7	22	DEU 16:19
ଧାର୍ମିକମାନଙ୍କଠାରୁ	1	1	1	1	JOB 36:7
ଧାର୍ମିକମାନଙ୍କର	4	4	2	4	EXO 23:8
ଧାର୍ମିକମାନଙ୍କୁ	7	7	6	6	PSA 7:9
ଧାର୍ମିକମାନେ	18	18	6	20	JOB 22:19
ଧାର୍ମିକର	38	38	6	38	NUM 23:10
ଧାର୍ମିକା	1	1	1	1	JER 3:11
ଧାର୍ମିକୀକୃତ	1	1	1	1	ISA 45:25
ଧିକ୍	2	2	2	3	LAM 5:16
ଧିକ୍କାର	18	18	7	12	2SA 23:9
ଧିକ୍କାରପୂର୍ବକ	1	1	1	1	JOB 16:10
ଧିକ୍ଣ	1	1	1	0	EZK 16:23
ଧୀବର	1	1	1	1	JER 16:16
ଧୀର	18	18	11	17	EXO 4:10
ଧୀରସ୍ଥିର	2	2	2	0	MAT 8:26
ଧୀରେ	18	18	7	20	GEN 33:14
ଧୁଅ	1	1	1	1	JER 4:14
ଧୁଆଗଲା	2	2	1	2	LEV 13:55
ଧୁଆଯିବ	2	2	1	2	LEV 13:58
ଧୁଏ	1	1	1	0	LEV 17:16
ଧୁକୁ	2	2	1	2	ISA 60:5
ଧୁକ୍ଧୁକ୍	1	1	1	1	PSA 38:10
ଧୁର୍ତ୍ତତାରେ	1	1	1	1	2CO 4:2
ଧୂଆଁ	3	3	3	3	PSA 102:3
ଧୂଆଁରେ	1	1	1	1	NAM 2:13
ଧୂପ	93	93	19	97	EXO 25:6
ଧୂପ-ଦାହ	1	1	1	1	EXO 30:8
ଧୂପଦାହ	3	3	3	3	1CH 23:13
ଧୂପଦାହକାରୀ	1	1	1	1	JER 48:35
ଧୂପଦାହାର୍ଥକ	1	1	1	1	2CH 30:14
ଧୂପଧାନୀରେ	1	1	1	1	LEV 16:12
ଧୂପନ୍ୟାୟ	1	1	1	1	EXO 30:20
ଧୂପପୂର୍ଣ୍ଣ	1	1	1	1	NUM 7:86
ଧୂପବେଦି	10	10	5	11	EXO 30:28
ଧୂପବେଦିର	2	2	2	2	LEV 4:7
ଧୂପବେଦିରେ	1	1	1	1	2CH 26:16
ଧୂପର	2	2	2	3	LEV 16:13
ଧୂପରୂପ	1	1	1	1	EZK 8:11
ଧୂପରେ	13	13	2	13	NUM 7:14
ଧୂପାଚି	2	2	2	2	2CH 26:19
ଧୂପାଚୀ	2	2	1	0	REV 8:3
ଧୂପାର୍ଥକ	4	4	3	4	EXO 35:8
ଧୂମ	34	34	11	34	GEN 19:28
ଧୂମ-ମେଘ	1	1	1	1	JDG 20:38
ଧୂମ-ମେଘରେ	1	1	1	0	LEV 16:13
ଧୂମମୟ	2	2	2	2	EXO 19:18
ଧୂମଯୁକ୍ତ	1	1	1	1	EXO 20:18
ଧୂମରାଶି	1	1	1	1	ISA 30:27
ଧୂମରେ	3	3	3	3	PSA 37:20
ଧୂମସ୍ତମ୍ଭ	1	1	1	1	SNG 3:6
ଧୂମସ୍ତମ୍ଭର	1	1	1	1	JOL 2:30
ଧୂମସ୍ଥିତ	1	1	1	1	PSA 119:83
ଧୂମ୍ର	29	29	3	29	EXO 25:4
ଧୂମ୍ରବର୍ଣ୍ଣ	5	5	4	5	EST 1:6
ଧୂର୍ତ୍ତ	2	2	2	2	PSA 105:25
ଧୂର୍ତ୍ତତା	2	2	2	0	LUK 20:23
ଧୂର୍ତ୍ତତାରେ	4	4	4	3	JOB 5:13
ଧୂର୍ତ୍ତମାନଙ୍କର	1	1	1	1	JOB 5:12
ଧୂର୍ତ୍ତର	1	1	1	1	JOB 15:5
ଧୂଳି	55	55	23	57	GEN 2:7
ଧୂଳିକି	1	1	1	1	PSA 22:15
ଧୂଳିଟେଳା	1	1	1	1	JOB 7:5
ଧୂଳିନିବାସୀମାନେ	1	1	1	1	ISA 26:19
ଧୂଳିବତ୍	1	1	1	0	DEU 9:21
ଧୂଳିମାତ୍ର	1	1	1	1	PSA 103:14
ଧୂଳିର	4	4	4	4	DEU 32:24
ଧୂଳିରୁ	7	7	6	7	1SA 2:8
ଧୂଳିରେ	30	30	12	28	GEN 3:19
ଧୂଳିସବୁ	4	4	3	4	LEV 14:45
ଧୂଳିସାତ୍	1	1	1	1	PSA 7:5
ଧୂଳୀ	1	1	1	1	JOB 38:38
ଧୃତ	10	10	7	9	NUM 31:11
ଧୃତା	1	1	1	2	JHN 8:3
ଧୈର୍ଯ୍ୟ	40	40	16	34	PSA 37:7
ଧୈର୍ଯ୍ୟଧରନ୍ତୁ	1	1	1	0	MAT 18:29
ଧୈର୍ଯ୍ୟର	3	3	2	3	JAS 5:10
ଧୈର୍ଯ୍ୟରୁ	1	1	1	1	ROM 5:3
ଧୈର୍ଯ୍ୟରୂପ	1	1	1	0	2TH 3:5
ଧୈର୍ଯ୍ୟରେ	2	2	2	1	2CO 6:4
ଧୈର୍ଯ୍ୟଶୀଳ	2	2	2	3	COL 1:11
ଧୋଇ	17	17	7	22	LEV 13:6
ଧୋଇଅଛି	1	1	1	1	SNG 5:3
ଧୋଇଦେଇ	2	2	1	2	JHN 13:5
ଧୋଇଦେଇଅଛି	1	1	1	0	JHN 13:14
ଧୋଇଦେଉଅଛନ୍ତି	1	1	1	0	JHN 13:6
ଧୋଇଦେବେ	1	1	1	1	JHN 13:8
ଧୋଇଦେଲେ	1	1	1	1	ACT 16:33
ଧୋଇନିଏ	1	1	1	1	JOB 14:19
ଧୋଇବ	26	26	4	25	GEN 49:11
ଧୋଇବା	4	4	3	4	1SA 25:41
ଧୋଇବାକୁ	1	1	1	1	LEV 13:54
ଧୋଇଲେ	3	3	3	3	LEV 22:6
ଧୋଉଥିଲେ	1	1	1	1	LUK 5:2
ଧୌତ	28	28	14	30	EXO 19:10
ଧୌତଶରୀର	1	1	1	1	HEB 10:22
ଧ୍ୟାନ	22	22	5	25	GEN 24:63
ଧ୍ୱଂସ	31	31	16	48	GEN 41:30
ଧ୍ୱଂସକାରୀ	1	1	1	3	DAN 8:13
ଧ୍ୱଂସକାରୀମାନେ	1	1	1	1	JER 12:12
ଧ୍ୱଂସତା	1	1	1	1	ISA 24:12
ଧ୍ୱଂସନରୁ	1	1	1	1	PSA 35:17
ଧ୍ୱଂସର	1	1	1	10	2KI 22:18
ଧ୍ୱଂସରୂପ	1	1	1	1	EZK 23:33
ଧ୍ୱଂସସ୍ଥାନ	41	41	8	33	ISA 1:7
ଧ୍ୱଂସସ୍ଥାନରେ	1	1	1	1	JER 33:12
ଧ୍ୱଂସସ୍ଥାନସକଳ	1	1	1	0	EZK 36:10
ଧ୍ୱଂସସ୍ଥାନସବୁ	1	1	1	1	ACT 15:16
ଧ୍ୱଂସିତ	37	37	8	36	LEV 26:22
ଧ୍ୱଜା	29	29	7	29	EXO 17:15
ଧ୍ୱଜାଧାରୀ	2	2	2	2	SNG 6:4
ଧ୍ୱଜାବିଶିଷ୍ଟ	1	1	1	1	SNG 6:10
ଧ୍ୱଜାର	1	1	1	1	NUM 2:17
ଧ୍ୱଜାରେ	1	1	1	1	EXO 17:16
ଧ୍ୱନି	24	24	6	29	PSA 60:8
ଧ୍ୱନିପୂର୍ଣ୍ଣେ	1	1	1	1	ISA 22:2
ଧ୍ୱନିର	1	1	1	2	EZK 7:7
ଧ୍ୱନିରେ	4	4	2	5	PSA 92:2
ଧ୍ୱନିସବୁ	1	1	1	1	ISA 21:2
ଧ୍ୱନୀ	1	1	1	1	HEB 12:19
ନ	2455	2455	63	2503	GEN 2:5
ନଅ	23	23	12	24	GEN 11:19
ନଅଜଣ	1	1	1	0	LUK 17:18
ନଅଟା	1	1	1	1	MAT 20:3
ନଅଶହ	7	7	1	7	GEN 5:5
ନଇଁ	12	12	7	12	GEN 49:9
ନଇଁପଡ଼ି	5	5	3	5	1KI 1:16
ନଇଁଲା	3	3	1	3	JDG 5:27
ନକୋଦର	4	4	2	4	EZR 2:48
ନକ୍ଷତ୍ର	11	11	4	12	GEN 37:9
ନକ୍ଷତ୍ର-ଦର୍ଶୀମାନେ	1	1	1	0	ISA 47:13
ନକ୍ଷତ୍ରକୁ	2	2	2	2	ACT 7:43
ନକ୍ଷତ୍ରଗଣ	7	7	5	7	NEH 9:23
ନକ୍ଷତ୍ରଗଣକୁ	2	2	2	2	PSA 8:3
ନକ୍ଷତ୍ରଗଣର	2	2	2	2	ISA 14:13
ନକ୍ଷତ୍ରଠାରୁ	1	1	1	1	1CO 15:41
ନକ୍ଷତ୍ରମାଳା	2	2	2	2	MAT 24:29
ନକ୍ଷତ୍ରମାଳାର	1	1	1	1	1CO 15:41
ନକ୍ଷତ୍ରମାଳାରେ	1	1	1	1	LUK 21:25
ନକ୍ଷତ୍ରର	1	1	1	1	REV 8:11
ନକ୍ଷତ୍ରସବୁ	1	1	1	1	REV 6:13
ନକ୍ଷତ୍ରସମୂହର	1	1	1	0	REV 8:12
ନଖ	3	3	2	3	DEU 21:12
ନଖସବୁ	1	1	1	1	DAN 7:19
ନଖୀ	1	1	1	1	EXO 30:34
ନଖୋ	2	2	1	2	2CH 35:20
ନଖୋର	1	1	1	2	2CH 35:22
ନଗଣ୍ୟ	5	5	3	4	ACT 19:27
ନଗର	547	547	40	599	GEN 4:17
ନଗର-ଦ୍ୱାର	13	13	10	6	GEN 22:17
ନଗର-ଦ୍ୱାରକୁ	1	1	1	1	JOB 29:7
ନଗର-ଦ୍ୱାରଠାରୁ	2	2	2	1	2KI 14:13
ନଗର-ଦ୍ୱାରବର୍ତ୍ତୀ	1	1	1	1	DEU 5:14
ନଗର-ଦ୍ୱାରର	3	3	2	0	2KI 7:3
ନଗର-ଦ୍ୱାରରେ	25	25	11	12	GEN 23:10
ନଗର-ଦ୍ୱାରସକଳ	4	4	4	2	ISA 3:26
ନଗର-ଦ୍ୱାରସକଳର	1	1	1	0	ISA 60:18
ନଗର-ଦ୍ୱାରସବୁ	2	2	2	1	ISA 45:1
ନଗର-ଦ୍ୱାରସମୂହରେ	1	1	1	0	NEH 11:19
ନଗର-ନିବାସୀ	1	1	1	0	1KI 21:11
ନଗର-ପ୍ରବେଶ	1	1	1	1	1SA 10:5
ନଗର-ପ୍ରାଚୀର	1	1	1	1	NEH 2:8
ନଗର-ପ୍ରାଚୀରଠାରୁ	1	1	1	1	NUM 35:4
ନଗର-ପ୍ରାଚୀରରେ	1	1	1	0	JOS 2:15
ନଗର-ପ୍ରାନ୍ତରେ	1	1	1	1	1SA 9:27
ନଗର-ବାସୀମାନଙ୍କ	1	1	1	0	GEN 24:13
ନଗର-ବେବର୍ତ୍ତା	1	1	1	0	ACT 19:35
ନଗର-ମଧ୍ୟବର୍ତ୍ତୀ	1	1	1	0	LEV 25:30
ନଗର-ମାନରେ	1	1	1	0	2CH 17:19
ନଗର-ସକଳର	1	1	1	0	1SA 6:18
ନଗର-ସମୂହରେ	2	2	2	0	1CH 9:2
ନଗର-ସୀମାର	1	1	1	1	NUM 35:27
ନଗରକୁ	115	115	27	121	GEN 24:10
ନଗରକୁଶୀଘ୍ର	1	1	1	0	LUK 1:39
ନଗରଗାମୀ	1	1	1	1	EZK 21:19
ନଗରଗୁଡ଼ିକ	1	1	1	1	ACT 26:11
ନଗରଗୁଡ଼ିକରୁ	1	1	1	1	MAT 14:13
ନଗରଗୁଡ଼ିକରେ	1	1	1	1	MAT 10:23
ନଗରଟି	1	1	1	1	ACT 19:29
ନଗରଠାରୁ	8	8	5	8	NUM 21:28
ନଗରଦ୍ୱାର	20	20	7	21	GEN 34:24
ନଗରଦ୍ୱାର-ଉପରିସ୍ଥ	1	1	1	1	2SA 18:33
ନଗରଦ୍ୱାର-ପ୍ରବେଶ	2	2	2	2	JOS 8:29
ନଗରଦ୍ୱାର-ମାନଙ୍କରେ	1	1	1	0	DEU 28:56
ନଗରଦ୍ୱାରକୁ	3	3	3	2	GEN 34:20
ନଗରଦ୍ୱାରବର୍ତ୍ତୀ	9	9	3	9	EXO 20:10
ନଗରଦ୍ୱାରର	1	1	1	0	JDG 16:3
ନଗରଦ୍ୱାରରୁ	3	3	3	3	JOS 7:5
ନଗରଦ୍ୱାରରେ	10	10	4	8	DEU 14:29
ନଗରଦ୍ୱାରସକଳ	2	2	1	3	PSA 24:7
ନଗରଦ୍ୱାରସବୁରେ	1	1	1	1	NEH 6:1
ନଗରନିବାସୀ	1	1	1	1	EST 9:19
ନଗରନିବାସୀମାନେ	1	1	1	1	JUD 1:7
ନଗରବାସୀ	4	4	4	5	2CH 19:10
ନଗରବାସୀମାନଙ୍କୁ	1	1	1	1	JOS 17:12
ନଗରବାସୀମାନେ	1	1	1	2	PSA 72:16
ନଗରବିଶିଷ୍ଟ	1	1	1	1	NUM 32:33
ନଗରମାନ	15	15	9	14	LEV 25:32
ନଗରମାନଙ୍କ	3	3	3	3	2SA 10:12
ନଗରମାନଙ୍କରୁ	1	1	1	1	NUM 35:8
ନଗରମାନଙ୍କରେ	2	2	2	2	NUM 32:26
ନଗରମାନଙ୍କୁ	4	4	4	4	DEU 9:1
ନଗରମାନର	1	1	1	1	NUM 35:2
ନଗରମାନରୁ	3	3	1	3	JDG 20:14
ନଗରମାନରେ	8	8	4	9	2SA 2:3
ନଗରଯାକ	5	5	5	4	RUT 1:19
ନଗରର	162	162	33	175	GEN 11:9
ନଗରରରୁ	1	1	1	0	LUK 2:4
ନଗରରରେ	1	1	1	0	2KI 17:24
ନଗରରୁ	54	54	24	59	GEN 44:4
ନଗରରେ	182	182	28	201	GEN 11:31
ନଗରସକଳ	18	18	8	19	LEV 26:31
ନଗରସକଳକୁ	1	1	1	1	EZK 36:33
ନଗରସକଳର	2	2	1	3	HOS 8:14
ନଗରସକଳରେ	1	1	1	1	JER 31:23
ନଗରସବୁ	30	30	12	31	NUM 13:28
ନଗରସବୁକୁ	3	3	3	4	2CH 11:12
ନଗରସବୁର	2	2	2	2	2KI 23:5
ନଗରସବୁରୁ	1	1	1	1	2CH 15:8
ନଗରସବୁରେ	2	2	2	2	2CH 17:7
ନଗରସମୂହ	14	14	7	16	1CH 19:13
ନଗରସମୂହକୁ	6	6	2	6	ISA 14:17
ନଗରସମୂହଠାରୁ	1	1	1	0	EZK 25:9
ନଗରସମୂହର	11	11	2	10	JER 1:15
ନଗରସମୂହରୁ	5	5	3	5	JER 17:26
ନଗରସମୂହରେ	18	18	7	13	1KI 8:37
ନଗରସ୍ଥ	30	30	13	30	GEN 34:28
ନଗରସ୍ଥିତ	2	2	2	2	JOS 8:16
ନଗରାଧ୍ୟକ୍ଷ	5	5	3	4	1KI 22:26
ନଗରୀ	24	24	8	30	PSA 87:3
ନଗରୀକୁ	4	4	2	4	MAT 4:5
ନଗରୀଟି	2	2	1	2	REV 21:16
ନଗରୀଣ	1	1	1	0	ISA 23:7
ନଗରୀର	8	8	3	9	LAM 3:51
ନଗରୀରେ	4	4	2	5	MAT 27:53
ନଗରୀୟ	1	1	1	1	JOS 11:19
ନଗରୁ	2	2	1	2	LUK 8:4
ନଗରେ	10	10	3	11	GEN 47:21
ନଗୟ	1	1	1	1	LUK 3:26
ନଗୟଙ୍କ	1	1	1	1	LUK 3:25
ନଙ୍ଗଳର	1	1	1	0	ISA 2:4
ନଚାନ୍ତି	1	1	1	1	PSA 29:6
ନଚାଯିବ	1	1	1	1	ISA 66:12
ନଟୋଫାତୀୟ	8	8	4	8	2SA 23:28
ନଟୋଫାତୀୟମାନଙ୍କ	2	2	2	2	1CH 9:16
ନଟୋଫାତୀୟମାନେ	1	1	1	1	1CH 2:54
ନଟୋଫାର	2	2	2	2	EZR 2:22
ନଡ଼ନଡ଼	1	1	1	1	PRO 26:7
ନଡ଼ା	11	11	7	11	EXO 15:7
ନଡ଼ାଗ୍ରାସକାରୀ	1	1	1	1	JOL 2:5
ନତ	59	59	26	61	GEN 43:28
ନତମସ୍ତକ	1	1	1	0	EXO 34:8
ନତାୟିମ	1	1	1	1	1CH 4:23
ନତୁବା	5	5	5	3	ISA 27:5
ନତ୍ସୀବ୍	1	1	1	1	JOS 15:43
ନତ୍ସୀହର	2	2	2	2	EZR 2:54
ନଥ	9	9	5	9	GEN 24:22
ନଥନ-ମେଲକ	1	1	1	1	2KI 23:11
ନଥନୀୟ	3	3	2	3	1CH 25:2
ନଥନୀୟର	17	17	2	17	2KI 25:23
ନଥନେଲ	7	7	4	10	NUM 2:5
ନଥନେଲକୁ	1	1	1	1	1CH 2:14
ନଥନେଲର	2	2	2	2	NUM 7:23
ନଥନେଲ୍	3	3	3	1	NUM 1:8
ନଥର	1	1	1	1	JDG 8:26
ନଥିଲା	1	1	1	2	2CH 9:6
ନଥୀନୀୟ	5	5	2	4	EZR 2:43
ନଥୀନୀୟ-ମାନଙ୍କର	1	1	1	0	EZR 7:24
ନଥୀନୀୟ-ମାନଙ୍କୁ	1	1	1	0	EZR 8:20
ନଥୀନୀୟମାନଙ୍କ	1	1	1	1	NEH 7:46
ନଥୀନୀୟମାନଙ୍କର	2	2	1	3	NEH 3:31
ନଥୀନୀୟମାନଙ୍କୁ	1	1	1	2	EZR 8:17
ନଥୀନୀୟମାନେ	7	7	3	7	1CH 9:2
ନଦ-ନଦୀ	2	2	1	2	HAB 3:8
ନଦ-ନଦୀର	1	1	1	1	HAB 3:8
ନଦନଦୀ	5	5	1	5	ISA 33:21
ନଦନଦୀକି	3	3	2	0	PSA 107:33
ନଦନଦୀଗଣ	1	1	1	0	PSA 98:8
ନଦନଦୀରେ	3	3	1	3	ISA 18:2
ନଦନଦୀସକଳ	1	1	1	0	NAM 1:4
ନଦନଦୀସବୁ	1	1	1	1	ISA 44:27
ନଦବୀୟ	1	1	1	0	1CH 3:18
ନଦା	3	3	2	3	GEN 45:23
ନଦି	2	2	2	0	GEN 42:26
ନଦିଲା	1	1	1	1	1SA 25:18
ନଦିଲେ	1	1	1	0	JOS 9:4
ନଦୀ	146	146	24	153	GEN 2:10
ନଦୀ-ମାନର	1	1	1	0	PSA 137:1
ନଦୀକି	6	6	4	1	EXO 2:5
ନଦୀକୁ	1	1	1	7	REV 12:16
ନଦୀକୂଳକୁ	1	1	1	1	ACT 16:13
ନଦୀକୂଳରେ	1	1	1	1	JER 17:8
ନଦୀଗଣ	1	1	1	1	NAM 3:8
ନଦୀଗଣର	1	1	1	1	ISA 18:1
ନଦୀଜଳ	6	6	2	1	EXO 7:18
ନଦୀଠାରୁ	9	9	8	9	GEN 15:18
ନଦୀତୀର	1	1	1	1	EZK 3:15
ନଦୀତୀରକୁ	2	2	2	2	1CH 5:26
ନଦୀତୀରର	3	3	2	3	EZK 47:7
ନଦୀତୀରସ୍ଥ	2	2	2	2	LEV 23:40
ନଦୀମାନ	1	1	1	1	JOB 20:17
ନଦୀମାନର	1	1	1	2	JER 31:9
ନଦୀର	24	24	14	33	GEN 2:11
ନଦୀରୁ	5	5	4	7	GEN 41:3
ନଦୀରେ	11	11	7	12	EXO 1:22
ନଦୀସକଳ	1	1	1	1	PSA 93:3
ନଦୀସବୁ	7	7	4	7	PSA 93:3
ନଦୀସବୁର	2	2	2	2	ISA 7:18
ନଦୀସମୂହ	1	1	1	1	PSA 89:25
ନଦୀସମୂହକୁ	2	2	1	2	EZK 32:2
ନଦୀସମୂହର	5	5	3	5	JER 46:7
ନଦୀସ୍ଥିତ	1	1	1	1	JOB 22:24
ନଦୀସ୍ରୋତ	2	2	2	2	JOB 6:15
ନପୁଂସକ	16	16	6	17	2KI 9:32
ନପୁଂସକ-ଗଣ	1	1	1	0	JER 29:1
ନପୁଂସକ-ମାନଙ୍କ	1	1	1	0	EST 1:15
ନପୁଂସକକୁ	1	1	1	1	2KI 25:19
ନପୁଂସକଗଣକୁ	2	2	2	2	1CH 28:1
ନପୁଂସକଙ୍କୁ	1	1	1	1	EST 1:10
ନପୁଂସକମାନଙ୍କ	2	2	2	3	EST 1:12
ନପୁଂସକମାନଙ୍କୁ	2	2	2	2	2KI 24:15
ନପୁଂସକମାନେ	2	2	2	2	2KI 24:12
ନପୁଂସକର	1	1	1	1	2KI 23:11
ନପୁଂସକାଧି-ପତିର	1	1	1	0	DAN 1:9
ନପୁଂସକାଧିପତି	5	5	1	5	DAN 1:4
ନପୁଂସକାଧିପତିକି	1	1	1	0	DAN 1:8
ନପ୍ତାଲି	27	27	12	27	GEN 30:8
ନପ୍ତାଲି-ବଂଶ	1	1	1	1	1CH 27:19
ନପ୍ତାଲି-ବଂଶଠାରୁ	2	2	1	2	1CH 6:62
ନପ୍ତାଲି-ବଂଶୀୟ	1	1	1	1	1KI 7:14
ନପ୍ତାଲି-ସନ୍ତାନ	1	1	1	1	JDG 4:6
ନପ୍ତାଲି-ସନ୍ତାନ-ମାନଙ୍କ	1	1	1	0	JOS 19:39
ନପ୍ତାଲି-ସନ୍ତାନଗଣର	5	5	1	3	NUM 1:42
ନପ୍ତାଲି-ସନ୍ତାନମାନଙ୍କ	1	1	1	2	JOS 19:32
ନପ୍ତାଲିକି	1	1	1	1	JDG 4:10
ନପ୍ତାଲିର	10	10	7	11	GEN 46:24
ନପ୍ତାଲିରେ	2	2	2	2	1KI 4:15
ନପ୍ତାଲୀ	1	1	1	2	REV 7:6
ନପ୍ତୁହୀୟ	1	1	1	0	GEN 10:13
ନପ୍ତୂହୀୟ	1	1	1	2	1CH 1:11
ନଫିଷୀମର	1	1	1	2	EZR 2:50
ନଫୁଷୀମର	1	1	1	0	NEH 7:52
ନବଜାତ	2	2	2	2	EXO 1:22
ନବନୀତ-ପ୍ରବାହୀ	1	1	1	0	JOB 20:17
ନବମ	24	24	10	26	LEV 23:32
ନବଲ୍ଲାଟରେ	1	1	1	1	NEH 11:34
ନବାଟର	25	25	3	25	1KI 11:26
ନବାୟୋତର	3	3	2	0	GEN 28:9
ନବାୟୋତ୍	2	2	2	2	GEN 25:13
ନବୀନ	7	7	5	7	GEN 8:11
ନବୁଖଦ୍ନିତ୍ସର	7	7	4	0	EZR 1:7
ନବୁଖଦ୍ନିତ୍ସରକୁ	2	2	1	0	EZK 26:7
ନବୁସର୍ଦନ୍	1	1	1	0	JER 39:9
ନବୂଖଦ୍ନିତ୍ସର	57	57	6	66	2KI 24:1
ନବୂଖଦ୍ନିତ୍ସରକୁ	2	2	1	4	JER 25:9
ନବୂଖଦ୍ନିତ୍ସରଙ୍କ	1	1	1	12	DAN 3:5
ନବୂଖଦ୍ନିତ୍ସରଙ୍କୁ	2	2	1	2	DAN 2:28
ନବୂଖଦ୍ନିତ୍ସରର	20	20	4	19	2KI 24:10
ନବୂଶସ୍ବନ୍	1	1	1	1	JER 39:13
ନବୂଷରଦନ୍	5	5	1	17	JER 52:12
ନବୂସର୍ଦନ୍	8	8	2	0	2KI 25:8
ନବୂସର୍ଦନ୍କୁ	1	1	1	0	JER 39:11
ନବେ	7	7	4	8	GEN 5:9
ନବୋ	9	9	5	9	NUM 32:3
ନବୋ-ସମ୍ମୁଖସ୍ଥିତ	1	1	1	1	NUM 33:47
ନବୋର	3	3	2	3	EZR 2:29
ନମସ୍କାର	74	74	22	81	1SA 25:5
ନମୁନା	4	4	2	5	2KI 16:10
ନମୁନାର	1	1	1	1	1CH 28:19
ନମୂୟେଲ	2	2	2	2	NUM 26:9
ନମୂୟେଲଠାରୁ	1	1	1	1	NUM 26:12
ନମୂୟେଲୀୟ	1	1	1	1	NUM 26:12
ନମ୍ର	61	61	23	64	GEN 16:9
ନମ୍ରଚିତ୍ତ	3	3	3	3	MAT 11:29
ନମ୍ରତା	10	10	6	10	2SA 22:36
ନମ୍ରତାର	2	2	2	4	PRO 22:4
ନମ୍ରତାରୂପ	1	1	1	1	1PE 5:5
ନମ୍ରମନା	1	1	1	2	ISA 57:15
ନମ୍ରଶୀଳ	2	2	2	2	PRO 11:2
ନର	2	2	2	1	GEN 4:1
ନରକ	3	3	3	0	MAT 23:33
ନରକପାତ୍ର	1	1	1	0	MAT 23:15
ନରକର	1	1	1	0	MAT 16:18
ନରକରେ	12	12	4	2	MAT 5:22
ନରକାନଳରେ	1	1	1	0	JAS 3:6
ନରଗଣ	2	2	2	2	JOB 37:24
ନରଗଣର	1	1	1	1	PRO 14:34
ନରଘାତକ	5	5	4	5	JHN 8:44
ନରଘାତକଠାରେ	1	1	1	1	1JN 3:15
ନରଠାରୁ	1	1	1	1	GEN 2:23
ନରପତି	1	1	1	1	PSA 105:20
ନରବଂଶର	1	1	1	1	JOB 12:10
ନରର	11	11	3	0	1SA 14:50
ନରଶୂନ୍ୟ	10	10	5	10	LEV 16:22
ନରହତ୍ୟା	21	21	13	22	GEN 49:6
ନରହତ୍ୟା-କାରୀର	2	2	1	0	JOS 21:32
ନରହତ୍ୟାକାରୀ	14	14	3	14	NUM 35:6
ନରହତ୍ୟାକାରୀକି	3	3	2	0	NUM 35:19
ନରହତ୍ୟାକାରୀର	10	10	4	12	NUM 35:16
ନରହନ୍ତା	1	1	1	1	1TI 1:9
ନରାଜ	4	4	3	4	1SA 17:7
ନର୍ତ୍ତକମାନେ	1	1	1	1	PSA 87:7
ନର୍ମିତ	1	1	1	0	JER 30:18
ନଳ	67	67	10	37	1KI 14:15
ନଳ-ତୃଣ	2	2	1	2	GEN 41:2
ନଳନିର୍ମିତ	2	2	2	2	EXO 2:3
ନଳବଣସବୁ	1	1	1	1	JER 51:32
ନଳବନ	1	1	1	1	JOB 40:21
ନଳବନରେ	2	2	1	2	EXO 2:3
ନଳବନସ୍ଥ	1	1	1	1	PSA 68:30
ନଳବୃକ୍ଷ	1	1	1	1	ISA 58:5
ନଳର	1	1	1	1	EZK 29:6
ନଳରେ	7	7	4	3	EZK 42:16
ନଳାକାର	8	8	3	44	JER 36:2
ନଳୀ	1	1	1	1	PSA 5:9
ନଳୀଠାରୁ	1	1	1	1	JOB 7:6
ନଷ୍ଟ	90	90	27	95	EXO 3:2
ନଷ୍ଟ-କଳ୍ପ	1	1	1	0	DEU 26:5
ନଷ୍ଟକଳ୍ପ	4	4	4	4	2KI 7:13
ନଷ୍ଟତା	1	1	1	1	LEV 22:25
ନହତ୍	4	4	3	5	GEN 36:13
ନହବି	1	1	1	1	NUM 13:14
ନହମର	1	1	1	1	1CH 4:19
ନହମାନି	1	1	1	1	NEH 7:7
ନହରୟ	2	2	2	2	2SA 23:37
ନହଲୀୟେଲକୁ	1	1	1	1	NUM 21:19
ନହଲୀୟେଲଠାରୁ	1	1	1	1	NUM 21:19
ନହଲୋଲ	2	2	2	0	JOS 19:15
ନହଲୋଲ୍	1	1	1	3	JOS 21:35
ନହଶୋନ	5	5	3	5	NUM 2:3
ନହଶୋନକୁ	1	1	1	0	1CH 2:10
ନହଶୋନଙ୍କ	1	1	1	1	LUK 3:32
ନହଶୋନଙ୍କୁ	1	1	1	1	MAT 1:4
ନହଶୋନର	3	3	3	3	EXO 6:23
ନହଶୋନ୍	3	3	3	3	NUM 1:7
ନହାତ୍	1	1	1	0	1CH 6:26
ନହୁଷ୍ଟର୍ନ	1	1	1	1	2KI 18:4
ନହୁଷ୍ଟା	1	1	1	1	2KI 24:8
ନହୂମ	1	1	1	1	NEH 7:7
ନା	94	94	28	94	GEN 19:2
ନାଁ	5	5	3	4	MAT 13:55
ନାଇନ	1	1	1	1	LUK 7:11
ନାକ	1	1	1	1	LEV 21:18
ନାଖୋନ	1	1	1	1	2SA 6:6
ନାଗ	2	2	1	2	REV 12:9
ନାଗ-ଦଅଣାରେ	1	1	1	0	AMO 6:12
ନାଗକୁ	2	2	2	2	JOB 26:13
ନାଗକୂପ	1	1	1	1	NEH 2:13
ନାଗଗଣର	1	1	1	1	PSA 74:13
ନାଗଦଅଣା	6	6	4	4	PRO 5:4
ନାଗଦଅଣାର	1	1	1	1	DEU 29:18
ନାଗଦଅଣାରେ	2	2	2	1	LAM 3:15
ନାଗରଙ୍ଗ	5	5	2	5	SNG 2:3
ନାଗରିକ	2	2	1	2	ACT 21:39
ନାଗସର୍ପ	1	1	1	1	JER 51:34
ନାଗସର୍ପର	1	1	1	1	DEU 32:33
ନାଚି	2	2	1	2	LUK 1:41
ନାଚିବା	2	2	2	2	JDG 21:21
ନାଚିବାର	1	1	1	1	2SA 6:16
ନାଚିଲ	2	2	2	2	MAT 11:17
ନାଚିଲେ	1	1	1	1	1KI 18:26
ନାଜରିତ	4	4	2	5	MAT 2:23
ନାଜରିତକୁ	2	2	1	4	LUK 2:39
ନାଜରିତର	1	1	1	1	MAT 21:11
ନାଜରିତରୁ	2	2	2	2	MRK 1:9
ନାଜରିତରେ	1	1	1	4	LUK 4:16
ନାଜରିତୀୟ	21	21	5	21	MAT 2:23
ନାଡ଼ୀ	1	1	1	1	ISA 16:11
ନାଥନ	28	28	6	34	2SA 7:2
ନାଥନ-ବଂଶର	1	1	1	1	ZEC 12:12
ନାଥନକୁ	1	1	1	1	1CH 2:36
ନାଥନଙ୍କ	3	3	3	4	2SA 7:4
ନାଥନଙ୍କୁ	3	3	1	3	2SA 12:1
ନାଥନର	4	4	3	4	2SA 23:36
ନାଥନ୍	4	4	3	0	2SA 5:14
ନାଦ	3	3	1	3	JER 4:19
ନାଦବ	3	3	3	7	EXO 6:23
ନାଦବର	1	1	1	0	1CH 2:30
ନାଦବ୍	14	14	4	13	EXO 24:1
ନାଦବ୍କୁ	1	1	1	1	1KI 15:28
ନାଦବ୍ଙ୍କର	1	1	1	1	1KI 15:31
ନାଦର	1	1	1	1	ZEP 1:16
ନାଦରେ	2	2	2	2	PSA 98:6
ନାନା	238	238	44	242	GEN 4:22
ନାନାଗୋଷ୍ଠୀ	1	1	1	1	ZEC 8:20
ନାନାଜାତୀୟ	1	1	1	1	GEN 2:9
ନାନାଦେଶୀୟ	1	1	1	1	GEN 17:16
ନାନାପ୍ରକାର	1	1	1	1	JER 32:32
ନାନାବର୍ଣ୍ଣର	2	2	1	2	GEN 37:3
ନାନାବିଧ	2	2	2	2	PSA 87:3
ନାପିତର	1	1	1	0	EZK 5:1
ନାଫୀଶ୍	3	3	2	3	GEN 25:15
ନାବଲ	10	10	1	11	1SA 25:3
ନାବଲକୁ	4	4	1	4	1SA 25:9
ନାବଲର	8	8	2	8	1SA 25:14
ନାବାଳକ	2	2	1	2	GAL 4:1
ନାବିକ	1	1	1	1	REV 18:17
ନାବିକ-ମାନେ	1	1	1	0	EZK 27:29
ନାବିକଗଣ	2	2	1	2	EZK 27:9
ନାବିକମାନଙ୍କୁ	1	1	1	1	1KI 9:27
ନାବିକମାନେ	6	6	3	7	EZK 27:26
ନାବୋତ	7	7	1	7	1KI 21:3
ନାବୋତକୁ	4	4	1	4	1KI 21:2
ନାବୋତର	13	13	2	14	1KI 21:1
ନାବ୍ଦ	1	1	1	0	EXO 24:9
ନାଭି	2	2	2	2	1KI 7:33
ନାଭିଦେଶ	1	1	1	1	SNG 7:2
ନାଭିଦେଶର	1	1	1	1	PRO 3:8
ନାମ	765	765	51	789	GEN 1:5
ନାମ-ସଂଖ୍ୟାନୁସାରେ	4	4	1	0	NUM 1:2
ନାମକ	211	211	28	227	GEN 4:1
ନାମକରଣ	1	1	1	1	RUT 4:17
ନାମକୁ	18	18	7	20	LEV 22:2
ନାମନ	1	1	1	0	GEN 46:21
ନାମବିଶିଷ୍ଟ	3	3	3	3	NUM 1:17
ନାମର	61	61	15	64	LEV 24:16
ନାମରୂପ	1	1	1	1	NAM 1:14
ନାମରେ	315	315	46	319	GEN 4:26
ନାମସଂଖ୍ୟା	3	3	1	2	NUM 1:20
ନାମସଂଖ୍ୟାନୁସାରେ	8	8	1	12	NUM 1:18
ନାମସକଳ	1	1	1	1	EXO 28:29
ନାମସବୁ	2	2	1	2	HOS 2:17
ନାମାଙ୍କିତ	1	1	1	4	EXO 39:14
ନାମାଥୀୟ	4	4	1	5	JOB 2:11
ନାମାନ	2	2	2	1	NUM 26:40
ନାମାନଠାରୁ	1	1	1	0	NUM 26:40
ନାମାନୀୟ	1	1	1	1	NUM 26:40
ନାମାନୁସାରେ	21	21	14	21	GEN 4:17
ନାମାନ୍	8	8	2	17	2KI 5:1
ନାମାନ୍କୁ	1	1	1	1	2KI 5:6
ନାମାନ୍ତରରେ	1	1	1	1	NUM 32:38
ନାମାନ୍ର	4	4	1	3	2KI 5:2
ନାମାବଳୀ	2	2	2	2	GEN 36:40
ନାମେ	2	2	2	2	EST 2:5
ନାମ୍ନୀ	44	44	12	42	GEN 4:22
ନାରଙ୍ଗ	1	1	1	1	PRO 25:11
ନାରତ୍	1	1	1	0	JOS 16:7
ନାରନ୍	1	1	1	1	1CH 7:28
ନାରା	2	2	1	3	1CH 4:5
ନାରାର	1	1	1	1	1CH 4:6
ନାରୀ	15	15	6	16	GEN 2:23
ନାରୀଗଣ	6	6	2	6	SNG 1:8
ନାରୀଗଣକୁ	1	1	1	1	MIC 2:9
ନାରୀଗଣର	1	1	1	1	DAN 11:17
ନାରୀଙ୍କି	4	4	1	0	GEN 3:1
ନାରୀମାନଙ୍କ	1	1	1	1	LUK 1:42
ନାରୀର	1	1	1	1	GEN 3:15
ନାର୍କିସଙ୍କ	1	1	1	1	ROM 16:11
ନାର୍ହି	1	1	1	0	EZK 18:15
ନାର୍ହିଁ	1	1	1	1	EXO 5:7
ନାରୟ	1	1	1	1	1CH 11:37
ନାଳ	7	7	4	7	EXO 7:19
ନାଶ	25	25	13	25	GEN 38:10
ନାଶକ	1	1	1	2	EZK 36:13
ନାଶର	1	1	1	0	JER 34:20
ନାସରୀୟ	11	11	3	13	NUM 6:2
ନାସା	1	1	1	2	JER 8:16
ନାସାଗ୍ରେ	1	1	1	1	ISA 2:22
ନାସାର	1	1	1	1	LAM 4:20
ନାସାରନ୍ଧ୍ରକୁ	1	1	1	1	EZK 38:18
ନାସାରନ୍ଧ୍ରରୁ	3	3	3	3	2SA 22:9
ନାସାରେ	1	1	1	1	JOB 41:2
ନାସାଶଦ୍ଦ	1	1	1	0	JER 50:11
ନାସାଶଦ୍ଦର	1	1	1	0	JOB 39:20
ନାସିକା	6	6	6	6	JOB 40:24
ନାସିକାଗ୍ରରେ	1	1	1	1	EZK 8:17
ନାସିକାର	3	3	3	3	EXO 15:8
ନାସିକାରନ୍ଧ୍ରରେ	1	1	1	1	GEN 2:7
ନାସିକାରୁ	1	1	1	1	NUM 11:20
ନାସିକାରେ	7	7	5	7	GEN 7:22
ନାସ୍ତି	30	30	13	14	EXO 4:23
ନାହଁ	251	251	41	271	GEN 21:26
ନାହଁଣ	2	2	2	0	LUK 6:41
ନାହଁନ୍ତ	3	3	3	0	PSA 17:3
ନାହଶ	1	1	1	1	2SA 10:2
ନାହଶର	2	2	1	3	2SA 17:25
ନାହଶ୍	4	4	2	4	1SA 11:1
ନାହଶ୍କୁ	2	2	1	2	1SA 11:1
ନାହଶ୍ର	1	1	1	0	1CH 19:2
ନାହା	1	1	1	0	MRK 3:9
ନାହାନ୍ତି	254	254	45	204	GEN 24:27
ନାହାନ୍ତିଣ	1	1	1	0	MAL 2:10
ନାହାନ୍ତିନ୍ତ	1	1	1	0	PSA 95:10
ନାହାରେ	1	1	1	0	JHN 21:8
ନାହି	3	3	3	0	DEU 1:32
ନାହିଁ	5835	5835	65	6037	GEN 2:17
ନାହିଁଓ	1	1	1	0	MRK 9:32
ନାହିଁକି	1	1	1	0	ISA 5:27
ନାହିଁଣ	9	9	5	0	EXO 8:26
ନାହିଁନ୍ତକାରଣ	1	1	1	0	1SA 26:12
ନାହିଁଯ	1	1	1	0	JHN 8:21
ନାହିଁସ	1	1	1	0	REV 20:3
ନାହୁଁ	144	144	39	152	GEN 21:26
ନାହୁଁଣ	1	1	1	0	JHN 6:42
ନାହୁଁନ୍ତ	1	1	1	0	ISA 48:16
ନାହୁଡ଼	3	3	2	4	1CO 15:56
ନାହୁଡ଼ଣ	1	1	1	0	1CO 15:55
ନାହୂମ	1	1	1	10	LUK 3:25
ନାହୂମଙ୍କ	1	1	1	1	LUK 3:25
ନାହୂମଙ୍କର	1	1	1	2	NAM 1:1
ନାହୋର	11	11	3	11	GEN 11:24
ନାହୋରକୁ	1	1	1	1	GEN 11:22
ନାହୋରଙ୍କ	1	1	1	1	LUK 3:34
ନାହୋରର	8	8	2	8	GEN 11:23
ନାୟୋତକୁ	1	1	1	1	1SA 19:23
ନାୟୋତରୁ	1	1	1	1	1SA 20:1
ନାୟୋତରେ	4	4	1	4	1SA 19:18
ନିଃଶଦ୍ଦ	2	2	2	0	JOB 4:16
ନିଃଶେଷ	42	42	17	33	LEV 19:9
ନିଃଶେଷରେ	5	5	4	4	DEU 2:15
ନିଃଶେଷିତ	3	3	2	3	JOS 8:24
ନିଃଶ୍ୱାସ	11	11	5	12	EXO 15:8
ନିଃଶ୍ୱାସ-ପ୍ରଶ୍ୱାସଧାରୀ	1	1	1	0	JOS 10:40
ନିଃଶ୍ୱାସଧାରୀ	1	1	1	1	DEU 20:16
ନିଃଶ୍ୱାସପ୍ରଶ୍ୱାସଧାରୀ	3	3	2	4	JOS 11:11
ନିଃଶ୍ୱାସରେ	1	1	1	1	ISA 59:19
ନିଃଶ୍ୱାସସ୍ୱରୂପ	1	1	1	0	LAM 4:20
ନିଃସନ୍ତାନ	17	17	10	18	GEN 15:2
ନିଃସନ୍ତାନା	3	3	3	2	GEN 16:1
ନିଅ	71	71	23	71	GEN 7:3
ନିଅଣ୍ଟ	1	1	1	1	MAL 3:10
ନିଅନ୍ତି	28	28	12	29	GEN 39:8
ନିଅନ୍ତେ	3	3	3	3	GEN 38:29
ନିଆ	6	6	4	9	EXO 40:37
ନିଆଁ	17	17	8	18	2SA 14:7
ନିଆଁଖୁଣ୍ଟା	1	1	1	1	PSA 102:3
ନିଆଁରେ	8	8	4	8	MAT 3:10
ନିଆଗଲା	12	12	8	11	EXO 40:36
ନିଆଗଲେ	2	2	2	4	2KI 17:23
ନିଆଯାଆନ୍ତୁ	1	1	1	1	JHN 19:31
ନିଆଯାଇ	2	2	2	1	1CH 8:6
ନିଆଯାଉ	1	1	1	1	1SA 5:8
ନିଆଯାଉଅଛି	1	1	1	0	GEN 42:22
ନିଆଯାଉଥିବା	1	1	1	1	JER 11:19
ନିଆଯାଉଥିଲେ	1	1	1	1	LUK 23:32
ନିଆଯାଏ	1	1	1	1	EXO 22:10
ନିଆଯା’ନ୍ତେ	3	3	1	3	NUM 9:21
ନିଆଯିବ	16	16	7	22	DEU 19:21
ନିଆଯିବା	2	2	2	5	ISA 53:7
ନିଆଯିବାର	2	2	2	2	2KI 20:17
ନିଏ	22	22	11	31	EXO 20:7
ନିକଟ	53	53	25	58	EXO 13:17
ନିକଟ-କୁଟୁମ୍ବ	3	3	3	2	LEV 18:6
ନିକଟକୁ	1466	1466	62	1577	GEN 2:19
ନିକଟକୁଆସିଲେ	1	1	1	0	JOS 21:1
ନିକଟକୁଗଲେ	1	1	1	0	GEN 26:1
ନିକଟଗାମୀ	1	1	1	1	JOB 28:4
ନିକଟଜ୍ଞାତି	1	1	1	0	LEV 21:2
ନିକଟବର୍ତ୍ତୀ	126	126	32	132	GEN 19:11
ନିକଟବର୍ତ୍ତୀନ୍ତ	2	2	1	0	ISA 13:6
ନିକଟବାସୀ	1	1	1	1	NEH 4:12
ନିକଟରୁ	166	166	38	168	GEN 16:8
ନିକଟରୁଛିନ୍ନଭିନ୍ନ	1	1	1	0	JER 52:8
ନିକଟରୁଣଯିହି	1	1	1	0	REV 21:10
ନିକଟରୁରୌପ୍ୟ	1	1	1	0	EXO 3:22
ନିକଟରେ	1398	1398	62	1392	GEN 6:21
ନିକଟରେଣ	1	1	1	0	1CO 6:6
ନିକଟସମ୍ପର୍କୀୟ	1	1	1	0	RUT 3:12
ନିକଟସ୍ଥ	93	93	22	93	GEN 12:6
ନିକଟସ୍ଥିତ	3	3	2	3	NUM 26:3
ନିକାଶ	5	5	4	3	GEN 42:22
ନିକୃଷ୍ଟ	2	2	2	2	JER 15:19
ନିକ୍ତି	3	3	3	2	PRO 11:1
ନିକ୍ତିର	1	1	1	1	ISA 40:15
ନିକ୍ତିରେ	5	5	4	6	ISA 40:12
ନିକ୍ଷିପ୍ତ	34	34	10	28	PSA 140:10
ନିକ୍ଷେପ	61	61	24	62	EXO 1:22
ନିକ୍ଷେପକାରୀ	1	1	1	1	PRO 26:18
ନିଖୁ	36	36	5	0	EXO 29:1
ନିଖୁଣ	4	4	1	2	LEV 22:19
ନିଖୁନ୍ତ	3	3	3	42	LEV 1:3
ନିଖୁନ୍ତା	1	1	1	1	NUM 19:2
ନିଗର	1	1	1	1	ACT 13:1
ନିଗାଡ଼ି	2	2	2	2	PSA 75:8
ନିଗାଡ଼ିବ	1	1	1	1	LEV 1:15
ନିଗିଡ଼ାଯାଏ	1	1	1	1	PSA 73:10
ନିଗୂଢ଼	40	40	15	28	1KI 10:1
ନିଗୂଢ଼ତତ୍ତ୍ୱ	8	8	4	17	ROM 16:25
ନିଗୂଢ଼ତତ୍ତ୍ୱରେ	1	1	1	1	EPH 3:4
ନିଗ୍ଧାଭାବ	1	1	1	0	DEU 8:9
ନିଗ୍ରହ	1	1	1	0	PSA 55:3
ନିଗ୍ରହପ୍ରାପ୍ତ	1	1	1	0	HEB 11:37
ନିଜ	444	444	57	575	GEN 3:7
ନିଜକୁ	22	22	10	46	MAT 8:4
ନିଜଠାରୁ	6	6	4	6	HAB 1:7
ନିଜଠାରେ	1	1	1	1	GAL 6:4
ନିଜର	66	66	28	109	GEN 32:10
ନିଜରୁ	4	4	1	4	JHN 8:28
ନିଜସ୍ୱ	3	3	3	4	TIT 2:14
ନିଜସ୍ୱର	1	1	1	0	EPH 1:14
ନିଜେ	142	142	38	177	GEN 20:5
ନିତା	92	92	24	0	GEN 2:17
ନିତି	4	4	2	2	JDG 16:16
ନିତ୍ୟ	121	121	25	113	EXO 25:30
ନିତ୍ୟଜୀବୀ	3	3	2	3	2SA 22:47
ନିତ୍ୟଜୀବୀଙ୍କ	2	2	2	2	DAN 12:7
ନିତ୍ୟସ୍ଥାୟୀ	25	25	12	25	DEU 33:15
ନିଥନିୟେଲ	4	4	1	3	JHN 1:46
ନିଥନିୟେଲଙ୍କ	1	1	1	1	JHN 1:45
ନିଥନିୟେଲଙ୍କୁ	1	1	1	1	JHN 1:47
ନିଦ	2	2	2	2	GEN 31:40
ନିଦର୍ଶନ	2	2	2	2	GAL 4:24
ନିଦ୍ରା	29	29	13	30	GEN 2:21
ନିଦ୍ରାକୁ	1	1	1	1	PRO 20:13
ନିଦ୍ରାଗତ	3	3	2	2	PSA 3:5
ନିଦ୍ରାଗ୍ରସ୍ତ	4	4	4	4	GEN 2:21
ନିଦ୍ରାଜନକ	1	1	1	1	ISA 29:10
ନିଦ୍ରାଭଙ୍ଗ	1	1	1	1	GEN 28:16
ନିଦ୍ରାମଗ୍ନ	1	1	1	0	ACT 20:9
ନିଦ୍ରାଯିବା	1	1	1	0	PRO 6:10
ନିଦ୍ରାରୁ	11	11	9	11	GEN 9:24
ନିଦ୍ରାରେ	10	10	9	12	JDG 4:21
ନିଦ୍ରାଳୁ	2	2	2	2	ISA 56:10
ନିଦ୍ରିତ	22	22	14	24	GEN 15:12
ନିଦ୍ରିତା	2	2	2	2	1KI 3:20
ନିଧି	3	3	2	1	ROM 11:33
ନିଧିର	1	1	1	1	EPH 3:8
ନିଧିସ୍ୱରୂପ	1	1	1	1	ROM 10:12
ନିନ୍ଦକ	14	14	7	14	PRO 13:1
ନିନ୍ଦକକୁ	7	7	2	7	PSA 119:42
ନିନ୍ଦକମାନଙ୍କ	3	3	3	3	PSA 1:1
ନିନ୍ଦକମାନଙ୍କର	1	1	1	1	ROM 15:3
ନିନ୍ଦକମାନଙ୍କୁ	1	1	1	1	PRO 3:34
ନିନ୍ଦକମାନେ	4	4	4	4	PRO 29:8
ନିନ୍ଦକର	1	1	1	1	PSA 44:15
ନିନ୍ଦା	87	87	28	105	LEV 24:11
ନିନ୍ଦା-ବାକ୍ୟର	1	1	1	0	EZK 36:15
ନିନ୍ଦାକଥା	3	3	2	4	MRK 3:28
ନିନ୍ଦାପାତ୍ର	7	7	3	6	NEH 2:17
ନିନ୍ଦାବାଦ	1	1	1	1	PSA 31:13
ନିନ୍ଦାଭୋଗ	1	1	1	1	JER 15:15
ନିନ୍ଦାର	20	20	9	23	PSA 69:10
ନିନ୍ଦାରେ	2	2	2	2	PRO 1:22
ନିନ୍ଦାସ୍ପଦ	1	1	1	1	PSA 31:11
ନିନ୍ଦିତ	10	10	8	10	ISA 52:5
ନିନ୍ଦୁକମାନେ	1	1	1	1	PRO 1:22
ନିପତିତ	2	2	2	2	PSA 118:13
ନିପାତ	26	26	12	26	EXO 15:7
ନିପାତିତ	12	12	7	12	PSA 64:8
ନିପୁ	1	1	1	0	2TI 2:24
ନିପୁଣ	39	39	17	41	EXO 26:31
ନିପୁଣତା	1	1	1	1	DAN 1:17
ନିପୁଣତାରେ	1	1	1	1	PSA 78:72
ନିପୁଣା	1	1	1	1	JER 9:17
ନିପ୍ତୋହର	2	2	1	2	JOS 15:9
ନିବସୀସକଳର	1	1	1	1	ZEP 1:4
ନିବାରକ	2	2	1	2	ISA 25:4
ନିବାରଣ	22	22	11	21	2CH 26:18
ନିବାରଣାର୍ଥେ	4	4	2	4	NEH 9:15
ନିବାରିତ	7	7	5	7	GEN 11:6
ନିବାସ	27	27	11	36	EXO 8:22
ନିବାସ-ଗୃହକୁ	1	1	1	1	PSA 26:8
ନିବାସ-ନଗରରେ	2	2	2	1	1KI 13:25
ନିବାସ-ବିହୀନ	1	1	1	0	JER 2:15
ନିବାସ-ସ୍ଥାନ	15	15	6	12	1KI 8:30
ନିବାସ-ସ୍ଥାନରୁ	1	1	1	1	PSA 33:14
ନିବାସ-ସ୍ଥାନରେ	1	1	1	0	JER 21:13
ନିବାସ-ସ୍ଥାନସକଳ	1	1	1	1	HAB 1:6
ନିବାସକାରୀକି	2	2	1	0	AMO 1:5
ନିବାସକୁ	2	2	2	3	PRO 3:33
ନିବାସବିହୀନ	1	1	1	1	ISA 5:9
ନିବାସଭୂମି	1	1	1	1	EZK 26:17
ନିବାସର	1	1	1	1	ACT 17:26
ନିବାସରୁ	1	1	1	1	LEV 23:17
ନିବାସସ୍ଥାନ	2	2	2	0	2SA 15:25
ନିବାସସ୍ଥାନସବୁ	1	1	1	0	PSA 83:12
ନିବାସିନୀ	16	16	7	21	2KI 14:2
ନିବାସୀ	139	139	27	145	GEN 14:7
ନିବାସୀ-ଗଣ	1	1	1	0	JER 4:4
ନିବାସୀ-ମାନଙ୍କ	1	1	1	0	JDG 21:12
ନିବାସୀ-ମାନଙ୍କର	1	1	1	0	ISA 26:21
ନିବାସୀ-ଲୋକ	1	1	1	0	ISA 33:24
ନିବାସୀ-ସକଳକୁ	1	1	1	0	JER 51:24
ନିବାସୀଗଣ	16	16	9	17	JOS 17:11
ନିବାସୀଗଣକୁ	1	1	1	1	ZEC 12:8
ନିବାସୀଗଣର	4	4	4	5	JER 8:1
ନିବାସୀନ୍	2	2	1	2	JER 10:17
ନିବାସୀବିହୀନ	12	12	3	11	ISA 6:11
ନିବାସୀମାନଙ୍କ	26	26	14	30	GEN 34:20
ନିବାସୀମାନଙ୍କଠାରୁ	1	1	1	1	JDG 9:20
ନିବାସୀମାନଙ୍କର	5	5	4	6	1CH 8:13
ନିବାସୀମାନଙ୍କୁ	37	37	14	36	EXO 15:14
ନିବାସୀମାନେ	35	35	13	35	LEV 18:27
ନିବାସୀରହିତ	1	1	1	1	JOB 15:28
ନିବାସୀଶୂନ୍ୟ	2	2	1	2	JER 2:6
ନିବାସୀସମସ୍ତଙ୍କ	1	1	1	0	ACT 4:16
ନିବାସୀସମସ୍ତେ	2	2	1	0	ACT 1:19
ନିବାସୀହୀନ	1	1	1	1	EZK 35:9
ନିବିଡ଼	28	28	11	30	EXO 19:9
ନିବିଷ୍ଟ	21	21	9	21	2CH 6:40
ନିବିଷ୍ଟଚିତ୍ତ	1	1	1	0	ACT 2:42
ନିବୃତ	1	1	1	1	DAN 11:18
ନିବୃତ୍ତ	109	109	31	106	GEN 8:2
ନିବୃତ୍ତି	2	2	2	3	GEN 8:22
ନିବେଦନ	111	111	30	117	GEN 18:3
ନିବେଦନର	5	5	1	6	PSA 28:2
ନିବେଦନରେ	2	2	2	2	PSA 143:1
ନିବେଦନସବୁ	1	1	1	1	PHP 4:6
ନିବେଦନାନୁସାରେ	3	3	2	3	2SA 14:15
ନିବେଦନୀୟ	1	1	1	1	EST 5:8
ନିବେଦିତ	3	3	2	2	1SA 1:28
ନିବେଶ	3	3	3	3	1CH 22:19
ନିବ୍ଶନ୍	1	1	1	1	JOS 15:62
ନିଭସ୍	1	1	1	1	2KI 17:31
ନିଭାଇ	4	4	3	0	2CH 29:7
ନିଭାଇବ	1	1	1	0	ISA 1:31
ନିଭାଇବା	1	1	1	0	AMO 5:6
ନିଭାଇବେ	1	1	1	0	ISA 42:3
ନିଭାଯାଏ	1	1	1	1	JOB 21:17
ନିଭାଯିବ	5	5	2	5	JOB 18:5
ନିଭି	2	2	2	2	PSA 118:12
ନିଭିଯା’ନ୍ତି	1	1	1	1	ISA 43:17
ନିଭୃତ	2	2	2	1	PSA 18:11
ନିମଗ୍ନ	1	1	1	1	EXO 15:4
ନିମନ୍ତେ	2813	2813	64	3176	GEN 1:14
ନିମନ୍ତେନ	1	1	1	0	1CO 6:13
ନିମନ୍ତେମେନୋନୀତ	1	1	1	0	1PE 1:2
ନିମନ୍ତ୍ରଣ	25	25	10	25	NUM 25:2
ନିମନ୍ତ୍ରଣକାରୀ	1	1	1	1	LUK 14:10
ନିମନ୍ତ୍ରଣକାରୀଙ୍କି	1	1	1	0	LUK 14:12
ନିମନ୍ତ୍ରିତ	17	17	8	19	1SA 9:13
ନିମନ୍ତ୍ରିତଗଣ	1	1	1	1	PRO 9:18
ନିମନ୍ତ୍ରିତଗଣକୁ	1	1	1	1	ZEP 1:7
ନିମିତ୍ତ	19	19	6	19	GEN 3:6
ନିମିତ୍ତକ	2	2	2	2	PSA 92:1
ନିମିଷ	5	5	5	6	EXO 33:5
ନିମିଷକୁ	1	1	1	1	ISA 27:3
ନିମିଷମାତ୍ର	1	1	1	0	ISA 54:8
ନିମିଷରେ	6	6	4	6	NUM 16:21
ନିମ୍ନ	5	5	4	7	EXO 27:5
ନିମ୍ନଗାମୀ	1	1	1	1	JOS 16:3
ନିମ୍ନତମ	3	3	2	3	EZK 41:7
ନିମ୍ନତର	2	2	1	2	EZK 40:18
ନିମ୍ନଭାଗ	1	1	1	1	JOB 41:30
ନିମ୍ନଭୂମି	1	1	1	1	ZEC 7:7
ନିମ୍ନଭୂମିରୁ	1	1	1	0	JER 17:26
ନିମ୍ନରୁ	1	1	1	1	EXO 38:4
ନିମ୍ନଲିଖିତ	1	1	1	2	PRO 25:1
ନିମ୍ନସ୍ଥିତ	1	1	1	0	ACT 2:5
ନିମ୍ରା	1	1	1	1	NUM 32:3
ନିମ୍ରୀମର	2	2	2	2	ISA 15:6
ନିମ୍ରୋଦ	1	1	1	0	MIC 5:6
ନିମ୍ରୋଦକୁ	1	1	1	0	1CH 1:10
ନିମ୍ରୋଦ୍	2	2	1	3	GEN 10:8
ନିମ୍ଶିଙ୍କର	2	2	1	2	2KI 9:2
ନିମ୍ଶିର	3	3	3	3	1KI 19:16
ନିଯୁକ୍ତ	253	253	40	257	GEN 2:15
ନିଯୁକ୍ତି	1	1	1	8	2CH 31:13
ନିଯୋଗକର୍ତ୍ତାଙ୍କ	1	1	1	1	HEB 3:2
ନିଯୋଗକର୍ତ୍ତାଙ୍କୁ	1	1	1	1	2TI 2:4
ନିଯୋଗାର୍ଥକ	1	1	1	0	EXO 29:22
ନିରଂଶ	1	1	1	0	EPH 2:12
ନିରନ୍ତର	30	30	9	30	2CH 7:16
ନିରପରାଧ	3	3	3	3	EXO 20:7
ନିରପରାଧର	3	3	2	3	DEU 21:8
ନିରବ	2	2	2	1	GEN 24:21
ନିରର୍ଥକ	6	6	6	7	JOB 24:25
ନିରସ୍ତ	14	14	9	10	LEV 26:6
ନିରାପଦ	3	3	3	3	JOB 12:6
ନିରାପଦରେ	35	35	13	35	1KI 4:25
ନିରାଶ	22	22	10	25	DEU 1:21
ନିରାଶ୍ରୟ	4	4	2	4	1CO 4:11
ନିରୀକ୍ଷକମାନେ	1	1	1	1	JDG 1:24
ନିରୀକ୍ଷଣ	49	49	24	49	GEN 26:8
ନିରୁତ୍ତର	6	6	3	6	MAT 22:12
ନିରୁତ୍ସାହ	1	1	1	2	COL 3:21
ନିରୂପଣ	111	111	36	97	GEN 4:15
ନିରୂପଣାନୁସାରେ	3	3	3	3	1KI 10:25
ନିରୂପଣୀ	1	1	1	1	ISA 65:11
ନିରୂପଣୀୟ	1	1	1	1	NUM 18:16
ନିରୂପାୟ	1	1	1	1	ROM 5:6
ନିରୂପିତ	150	150	34	146	GEN 18:14
ନିରୂପିତା	2	2	1	2	GEN 24:14
ନିରୋଳରେ	1	1	1	0	LUK 9:18
ନିରୋଳା	1	1	1	1	JER 13:17
ନିରୋଳାରେ	3	3	3	2	2SA 3:27
ନିର୍ଗତ	110	110	32	114	GEN 2:10
ନିର୍ଗମନ	2	2	1	2	EZK 42:11
ନିର୍ଗମନ-ସ୍ଥାନ	1	1	1	1	EZK 43:11
ନିର୍ଜନ	5	5	4	11	JOB 38:26
ନିର୍ଜନକୁ	2	2	2	1	HOS 4:14
ନିର୍ଜଳ	6	6	6	6	DEU 8:15
ନିର୍ଜୀବ	1	1	1	1	1CO 14:7
ନିର୍ଜ୍ଜନ	14	14	5	5	GEN 1:2
ନିର୍ଜ୍ଜଳ	1	1	1	0	2PE 2:17
ନିର୍ଝର	36	36	21	43	GEN 16:7
ନିର୍ଝରକୁ	1	1	1	1	JER 51:36
ନିର୍ଝରଗୁଡ଼ିକ	1	1	1	1	REV 8:10
ନିର୍ଝରଦ୍ୱାର	2	2	1	2	NEH 2:14
ନିର୍ଝରଦ୍ୱାରର	1	1	1	0	NEH 3:15
ନିର୍ଝରମାନ	1	1	1	1	ISA 41:18
ନିର୍ଝରମୟ	1	1	1	1	ISA 35:7
ନିର୍ଝରରୁ	2	2	2	2	PSA 68:26
ନିର୍ଝରସକଳ	1	1	1	1	PRO 8:24
ନିର୍ଝରସକଳକୁ	1	1	1	1	PSA 107:33
ନିର୍ଝରସବୁ	1	1	1	1	2CH 32:3
ନିର୍ଝରସ୍ୱରୂପ	1	1	1	1	JER 17:13
ନିର୍ଝରିଣୀଗୁଡ଼ିକ	1	1	1	1	REV 16:4
ନିର୍ଝରିଣୀସମୂହ	1	1	1	0	REV 14:7
ନିର୍ଣ୍ଣିତ	1	1	1	5	1SA 14:41
ନିର୍ଣ୍ଣୀତ	11	11	5	7	JOS 7:16
ନିର୍ଣ୍ଣୟ	11	11	5	11	DEU 4:41
ନିର୍ଦ୍ଦିଷ୍ଟ	8	8	7	6	GEN 22:3
ନିର୍ଦ୍ଦେଶ	3	3	2	13	PRO 11:5
ନିର୍ଦ୍ଦୋଷ	75	75	32	73	GEN 20:4
ନିର୍ଦ୍ଦୋଷକୁ	3	3	3	4	EXO 23:7
ନିର୍ଦ୍ଦୋଷତା	2	2	2	2	DAN 6:22
ନିର୍ଦ୍ଦୋଷତାରେ	3	3	2	3	GEN 20:5
ନିର୍ଦ୍ଦୋଷମାନଙ୍କ	1	1	1	1	JER 19:4
ନିର୍ଦ୍ଦୋଷମାନଙ୍କୁ	1	1	1	1	PRO 1:11
ନିର୍ଦ୍ଦୋଷର	9	9	6	10	DEU 19:10
ନିର୍ଦ୍ଦୋଷୀକୃତ	2	2	1	2	ISA 43:9
ନିର୍ଦ୍ଦୟ	13	13	10	11	EXO 1:13
ନିର୍ଦ୍ଦୟମାନଙ୍କର	1	1	1	0	1PE 2:18
ନିର୍ଦ୍ଧନ	2	2	2	2	JDG 14:15
ନିର୍ଦ୍ଧାରଣ	2	2	2	4	GEN 18:19
ନିର୍ଦ୍ଧାରଣାନୁସାରେ	1	1	1	1	EXO 21:22
ନିର୍ବନ୍ଧ	3	3	2	5	DEU 28:30
ନିର୍ବାଚନ	2	2	1	3	ROM 11:5
ନିର୍ବାଚନାନୁସାରେ	1	1	1	0	ROM 9:11
ନିର୍ବାଚିତମାନେ	1	1	1	1	ROM 11:7
ନିର୍ବାଣ	14	14	9	11	LEV 6:12
ନିର୍ବାପିତ	4	4	2	4	EZK 20:47
ନିର୍ବାସନ	2	2	2	20	1CH 6:15
ନିର୍ବାସନଠାରୁ	1	1	1	1	MAT 1:17
ନିର୍ବାସନର	3	3	2	5	EZR 7:26
ନିର୍ବାସନରୁ	1	1	1	7	EZR 8:35
ନିର୍ବାସାର୍ଥେ	3	3	3	3	JER 29:2
ନିର୍ବାସିତ	47	47	14	54	2SA 14:13
ନିର୍ବାସିତମାନଙ୍କ	1	1	1	1	JER 29:4
ନିର୍ବାସିତା	2	2	2	2	ISA 49:21
ନିର୍ବାହ	3	3	2	4	GEN 36:7
ନିର୍ବାହର	1	1	1	1	1CO 9:6
ନିର୍ବାହାର୍ଥେ	1	1	1	1	GEN 41:36
ନିର୍ବିଘ୍ନତା	1	1	1	1	1CH 22:9
ନିର୍ବିଘ୍ନତାରେ	1	1	1	0	1TI 2:1
ନିର୍ବିଘ୍ନରେ	4	4	3	4	JOB 11:18
ନିର୍ବିରୋଧ	3	3	2	3	1CH 4:40
ନିର୍ବିରୋଧରେ	1	1	1	0	JDG 11:13
ନିର୍ବିରୋଧୀ	1	1	1	1	GEN 34:21
ନିର୍ବୁଦ୍ଧି	1	1	1	1	MAT 25:2
ନିର୍ବୁଦ୍ଧିମାନେ	2	2	1	2	MAT 25:3
ନିର୍ବୋଧ	40	40	17	40	JOB 12:17
ନିର୍ବୋଧ-ମାନଙ୍କ	1	1	1	0	1PE 2:15
ନିର୍ବୋଧକୁ	2	2	2	2	JOB 5:2
ନିର୍ବୋଧତା	4	4	3	5	PRO 10:21
ନିର୍ବୋଧତାରେ	1	1	1	1	2CO 11:21
ନିର୍ବୋଧମାନଙ୍କ	1	1	1	2	2CO 11:19
ନିର୍ବୋଧମାନଙ୍କର	1	1	1	1	PRO 1:32
ନିର୍ବୋଧମାନେ	2	2	1	2	LUK 11:40
ନିର୍ବୋଧର	2	2	1	2	PRO 7:22
ନିର୍ଭର	106	106	24	102	EXO 29:10
ନିର୍ଭରକାରୀ	1	1	1	2	PSA 135:18
ନିର୍ଭରକାରୀମାନେ	1	1	1	1	PSA 115:8
ନିର୍ଭରଦାୟୀ	1	1	1	0	2SA 3:29
ନିର୍ଭୟ	5	5	3	5	JDG 18:7
ନିର୍ଭୟତା	1	1	1	1	ISA 32:17
ନିର୍ଭୟରେ	20	20	12	20	GEN 34:25
ନିର୍ମଳ	78	78	20	82	EXO 25:11
ନିର୍ମଳତା	1	1	1	1	AMO 4:6
ନିର୍ମଳତାରେ	1	1	1	1	EXO 24:10
ନିର୍ମଳାନ୍ତଃ	1	1	1	0	PSA 73:1
ନିର୍ମାଣ	556	556	43	582	GEN 1:7
ନିର୍ମାଣକର୍ତ୍ତା	8	8	4	9	PSA 124:8
ନିର୍ମାଣକର୍ତ୍ତାଙ୍କଠାରେ	1	1	1	1	PSA 149:2
ନିର୍ମାଣକାରୀ	9	9	6	14	GEN 4:22
ନିର୍ମାଣକାରୀମାନେ	4	4	2	6	PSA 115:8
ନିର୍ମାଣର	3	3	2	4	EXO 5:8
ନିର୍ମାଣାର୍ଥେ	2	2	2	2	1CH 28:2
ନିର୍ମାତା	1	1	1	1	HEB 11:10
ନିର୍ମାତାଙ୍କୁ	1	1	1	1	ROM 9:20
ନିର୍ମିତ	129	129	33	156	GEN 1:31
ନିର୍ମୂଳରେ	1	1	1	1	DEU 4:26
ନିର୍ଯ୍ୟାତିତ	1	1	1	1	HEB 11:37
ନିର୍ଲଜ	1	1	1	0	2SA 6:20
ନିର୍ଲଜ୍ଜ	1	1	1	3	PRO 7:13
ନିର୍ଲଜ୍ଜମୁଖ	1	1	1	0	EZK 2:4
ନିର୍ଲୋଭ	2	2	1	2	1TI 3:3
ନିର୍ଲୋମ	2	2	1	2	GEN 27:11
ନିଶାଚର	1	1	1	1	ISA 34:14
ନିଶାଣ	1	1	1	1	NUM 2:2
ନିଶ୍ଚି	7	7	5	0	JOB 39:16
ନିଶ୍ଚିତ	22	22	18	29	GEN 15:13
ନିଶ୍ଚିନ୍ତରେ	4	4	2	4	JER 46:27
ନିଶ୍ଚିନ୍ତା	2	2	1	2	ISA 32:9
ନିଶ୍ଚିନ୍ତାମାନେ	1	1	1	1	ISA 32:11
ନିଶ୍ଚେ	1	1	1	1	JDG 11:31
ନିଶ୍ଚୟ	220	220	33	222	GEN 4:24
ନିଶ୍ଚୟତା	3	3	3	3	PRO 22:20
ନିଶ୍ଚୟତାରୂପ	1	1	1	1	COL 2:2
ନିଶ୍ଚୟରୂପେ	1	1	1	2	EPH 5:5
ନିଶ୍ୱସିତ	1	1	1	1	2TI 3:16
ନିଶ୍ୱାସ	22	22	7	24	JOB 4:9
ନିଶ୍ୱାସପ୍ରଶ୍ୱାସ	1	1	1	1	PSA 135:17
ନିଶ୍ୱାସର	1	1	1	1	SNG 7:8
ନିଶ୍ୱାସରେ	3	3	2	3	JOB 15:30
ନିଷିଦ୍ଧ	1	1	1	5	DEU 4:23
ନିଷେଧ	22	22	14	27	GEN 3:1
ନିଷେଧ-ବିଧି	3	3	1	3	DAN 6:7
ନିଷେଧ-ବିଧିରେ	1	1	1	0	DAN 6:9
ନିଷେଧାଜ୍ଞା	1	1	1	1	DAN 6:15
ନିଷ୍କପଟ	5	5	5	6	PSA 17:1
ନିଷ୍କର	1	1	1	0	1SA 17:25
ନିଷ୍କର୍ମରେ	2	2	2	2	DEU 24:5
ନିଷ୍କର୍ମା	2	2	1	1	MAT 20:3
ନିଷ୍କଳଙ୍କ	6	6	6	5	EPH 5:27
ନିଷ୍କୋଷ	14	14	7	15	EXO 15:9
ନିଷ୍କୋଷ-ଖଡ୍ଗହସ୍ତ	1	1	1	0	JOS 5:13
ନିଷ୍ଠା	16	16	6	16	ACT 9:31
ନିଷ୍ଠାଜନକ	2	2	2	2	EPH 4:29
ନିଷ୍ଠାବାନ	2	2	2	2	ACT 20:32
ନିଷ୍ଠାଭାବ	1	1	1	1	3JN 1:3
ନିଷ୍ଠୁର	9	9	6	13	GEN 49:7
ନିଷ୍ଠୁରତାର	1	1	1	1	JDG 9:23
ନିଷ୍ଠୁରତାରୂପ	1	1	1	1	PSA 27:12
ନିଷ୍ଠୁରା	1	1	1	1	LAM 4:3
ନିଷ୍ପତ୍ତି	32	32	14	38	DEU 10:18
ନିଷ୍ପନ୍ନ	10	10	6	10	DEU 19:15
ନିଷ୍ପଳ	1	1	1	3	ROM 4:14
ନିଷ୍ପାପ	1	1	1	1	JHN 8:7
ନିଷ୍ପୀଡ଼ିତ	1	1	1	0	LUK 12:50
ନିଷ୍ଫଳ	16	16	10	16	JOB 15:3
ନିଷ୍ରୋକ	2	2	2	2	2KI 19:37
ନିସ୍ତବ୍ଧ	1	1	1	1	JER 49:26
ନିସ୍ତବ୍ଧା	1	1	1	1	EZK 27:32
ନିସ୍ତାର	74	74	18	91	EXO 6:6
ନିସ୍ତାରକାରୀ	1	1	1	1	EXO 6:7
ନିସ୍ତାରପର୍ବ	1	1	1	0	2CH 35:1
ନିସ୍ତାରପର୍ବର	2	2	2	0	EXO 12:43
ନିସ୍ତାରପର୍ବୀୟ	4	4	2	4	EXO 34:25
ନିସ୍ତାରିତ	2	2	1	2	ISA 35:10
ନିସ୍ତେଜ	16	16	10	15	GEN 27:1
ନିହତ	4	4	4	5	ROM 8:36
ନିହିତ	3	3	2	4	ROM 2:19
ନିହିମୀୟା	6	6	2	14	EZR 2:2
ନିହିମୀୟାଙ୍କ	1	1	1	6	NEH 12:47
ନିହିମୀୟାଙ୍କର	1	1	1	5	NEH 1:1
ନିହିଲାମୀୟ	3	3	1	3	JER 29:24
ନିୟନ	1	1	1	0	EZK 44:7
ନିୟମ	238	238	35	299	GEN 6:18
ନିୟମ-ପୁସ୍ତକ	1	1	1	2	EXO 24:7
ନିୟମ-ପୁସ୍ତକର	2	2	2	1	2KI 23:2
ନିୟମ-ପୁସ୍ତକରେ	1	1	1	0	2KI 23:21
ନିୟମ-ବାକ୍ୟ	2	2	2	0	2KI 23:3
ନିୟମ-ଲଙ୍ଘନର	1	1	1	0	LEV 26:25
ନିୟମ-ସିନ୍ଦୁକ	34	34	11	35	NUM 10:33
ନିୟମ-ସିନ୍ଦୁକବାହକ	5	5	2	5	DEU 31:9
ନିୟମ-ସିନ୍ଦୁକବାହୀ	2	2	1	2	JOS 4:18
ନିୟମ-ସିନ୍ଦୁକରେ	1	1	1	0	HEB 9:4
ନିୟମକାଳୀନ	1	1	1	1	HEB 9:15
ନିୟମକୁ	1	1	1	5	NEH 13:29
ନିୟମକୃତ	1	1	1	1	MAL 2:14
ନିୟମତ୍ୟାଗୀ	1	1	1	1	DAN 11:30
ନିୟମପତ୍ର	2	2	1	2	EST 4:3
ନିୟମପୁସ୍ତକ	1	1	1	1	HEB 9:19
ନିୟମବାକ୍ୟ	1	1	1	1	EXO 34:28
ନିୟମର	39	39	16	57	GEN 9:13
ନିୟମରୂପ	1	1	1	1	EZK 20:37
ନିୟମରେ	9	9	8	13	1SA 20:8
ନିୟମସବୁ	1	1	1	2	EZK 11:20
ନିୟମସମୂହ	1	1	1	1	ROM 9:4
ନିୟମସିନ୍ଦୁକ	1	1	1	2	REV 11:19
ନିୟମସୂଚକ	1	1	1	1	LEV 2:13
ନିୟମାନୁକ୍ରମେ	1	1	1	1	EZK 16:61
ନିୟମାନୁସାରେ	6	6	5	5	NUM 9:14
ନିୟମିତ	4	4	4	6	GEN 29:21
ନିୟରୀୟ	1	1	1	1	1CH 3:22
ନିୟରୀୟକୁ	1	1	1	1	1CH 4:42
ନିୟରୀୟର	1	1	1	1	1CH 3:23
ନିୟାପଲିକୁ	1	1	1	0	ACT 16:11
ନୀକଦୀମ	5	5	1	6	JHN 3:1
ନୀକପଲିକୁ	1	1	1	0	TIT 3:12
ନୀକଲାୟଙ୍କୁ	1	1	1	1	ACT 6:5
ନୀକଲାୟତୀୟ	1	1	1	0	REV 2:15
ନୀକଲାୟତୀୟମାନଙ୍କର	1	1	1	0	REV 2:6
ନୀକାନୋର	1	1	1	1	ACT 6:5
ନୀଚ	17	17	10	16	LEV 13:3
ନୀଚତମ	3	3	3	4	DEU 32:22
ନୀଚତର	1	1	1	0	1CH 7:24
ନୀଚସ୍ଥ	26	26	12	25	EXO 20:4
ନୀଚସ୍ଥିତ	2	2	2	2	DEU 28:23
ନୀଚୀକୃତ	1	1	1	1	PRO 25:7
ନୀତ	30	30	18	30	GEN 3:23
ନୀତଣହେଲେ	1	1	1	0	MAT 4:1
ନୀତତମ	1	1	1	0	EZK 29:15
ନୀତା	2	2	2	2	GEN 2:23
ନୀତିକଥା	1	1	1	1	1KI 4:32
ନୀନିବୀ	12	12	3	19	GEN 10:11
ନୀନିବୀକି	1	1	1	0	ZEP 2:13
ନୀନିବୀକୁ	1	1	1	2	JON 3:3
ନୀନିବୀର	4	4	3	5	JON 3:5
ନୀନିବୀରେ	2	2	2	4	2KI 19:36
ନୀନିବୀୟମାନଙ୍କ	1	1	1	1	LUK 11:30
ନୀରବ	72	72	18	78	DEU 27:9
ନୀରବତା	1	1	1	1	REV 8:1
ନୀରୂସ୍	1	1	1	1	ROM 16:15
ନୀଳ	43	43	6	59	EXO 25:4
ନୀଳକା	8	8	5	0	EXO 24:10
ନୀଳକାନ୍ତ	1	1	1	10	EZK 28:13
ନୀଳକାନ୍ତମଣି	1	1	1	1	EZK 10:1
ନୀଳକାନ୍ତମଣିର	1	1	1	0	REV 21:19
ନୀଳନଦୀ	3	3	1	0	ISA 19:7
ନୀଳନଦୀର	3	3	2	0	ISA 19:7
ନୀଳନଦୀରେ	1	1	1	0	ISA 19:8
ନୀଳବର୍ଣ୍	1	1	1	0	NUM 4:6
ନୀଳବର୍ଣ୍ଣ	6	6	3	7	NUM 4:7
ନୀଳମଣି	1	1	1	1	ISA 54:11
ନୀଳସୂତ୍ରର	1	1	1	1	2CH 2:7
ନୀଳାମ୍ବର	1	1	1	1	EZK 23:6
ନୀଷନ୍	1	1	1	0	EST 3:7
ନୀସନ୍	1	1	1	3	NEH 2:1
ନୀହାର	1	1	1	1	PSA 147:16
ନୀୟେଲର	1	1	1	1	JOS 19:27
ନୁଆଁଇ	10	10	3	10	GEN 24:14
ନୁଆଁଇଥିବା	1	1	1	1	EXO 17:11
ନୁଆଁଇବାର	1	1	1	1	ISA 58:5
ନୁଆଁଇଲା	1	1	1	1	JDG 16:30
ନୁଆଁଉ-ଅଛନ୍ତି	1	1	1	0	LAM 2:10
ନୁଆଁଏ	1	1	1	1	PSA 18:34
ନୁଆଁନ୍ତି	1	1	1	1	PSA 11:2
ନୁମ୍ଫା	1	1	1	1	COL 4:15
ନୁହଁ	52	52	26	53	GEN 42:34
ନୁହଁନ୍ତ	1	1	1	0	1CO 6:19
ନୁହଁନ୍ତି	7	7	5	57	NUM 23:19
ନୁହନ୍ତି	79	79	28	35	GEN 17:12
ନୁହନ୍ତିଣ	1	1	1	0	LUK 22:27
ନୁହନ୍ତିଲ	1	1	1	0	HEB 2:11
ନୁହେ	1	1	1	0	JHN 3:28
ନୁହେଁ	589	589	56	608	GEN 2:18
ନୁହେଁନ୍ତ	4	4	3	0	ISA 31:8
ନୁହେଁନ୍ତମାତ୍ର	1	1	1	0	JDG 19:12
ନୁହେନ୍ତଁ	1	1	1	0	NUM 11:19
ନୂଆ	35	35	13	35	JOS 9:13
ନୂତନ	109	109	40	143	GEN 30:37
ନୂତନୀକରଣ	2	2	2	4	ROM 12:2
ନୂତନୀକୃତ	4	4	4	5	JOB 29:20
ନୂନର	29	29	7	29	EXO 33:11
ନୂନ୍	2	2	2	2	1CH 7:27
ନୂପୁର	2	2	2	2	NUM 31:50
ନୃତ୍ୟ	19	19	15	20	EXO 32:19
ନୃତ୍ୟକାରିଣୀମାନଙ୍କ	1	1	1	1	JDG 21:23
ନୃତ୍ୟକୁ	1	1	1	1	SNG 7:1
ନୃତ୍ୟର	1	1	1	1	LUK 15:25
ନୃତ୍ୟରେ	2	2	2	2	PSA 30:12
ନେ	1	1	1	1	1SA 20:40
ନେଇ	605	605	39	667	GEN 2:15
ନେଇଅଛ	13	13	7	14	GEN 20:3
ନେଇଅଛନ୍ତି	17	17	10	15	GEN 31:16
ନେଇଅଛି	10	10	4	9	LEV 6:4
ନେଇଅଛୁ	2	2	2	2	ISA 51:22
ନେଇଗଲା	43	43	11	44	GEN 29:13
ନେଇଗଲି	1	1	1	2	JER 35:4
ନେଇଗଲୁ	1	1	1	1	NUM 23:11
ନେଇଗଲେ	47	47	16	49	GEN 20:2
ନେଇଥାଅ	1	1	1	1	HEB 2:6
ନେଇଥାଏ	1	1	1	1	LUK 19:8
ନେଇଥିଲ	2	2	1	0	MRK 8:19
ନେଇଥିଲା	3	3	3	2	JDG 14:9
ନେଇଥିଲେ	6	6	5	7	NUM 21:26
ନେଇନୃତ୍ୟ	1	1	1	0	EXO 15:20
ନେଇପାର	1	1	1	1	JOB 38:20
ନେଇଯାଅ	13	13	8	14	GEN 19:12
ନେଇଯାଆନ୍ତେ	1	1	1	2	JOB 36:16
ନେଇଯାଇ	7	7	6	20	1SA 7:1
ନେଇଯାଇଥିଲା	2	2	2	2	NEH 7:6
ନେଇଯାଉଥିଲା	1	1	1	1	JHN 12:6
ନେଇଯାଏ	2	2	2	4	JOB 15:12
ନେଇଯା’ନ୍ତି	4	4	2	4	2CH 6:36
ନେଇଯା’ନ୍ତେ	1	1	1	0	1SA 30:16
ନେଇଯିବ	12	12	8	13	GEN 24:6
ନେଇଯିବା	6	6	2	16	JER 15:14
ନେଇଯିବାକୁ	3	3	2	3	MRK 3:21
ନେଇଯିବାର	1	1	1	1	EZK 38:13
ନେଇଯିବି	4	4	4	4	GEN 24:5
ନେଇଯିବୁ	1	1	1	1	EXO 3:17
ନେଇଯିବେ	17	17	8	18	GEN 48:21
ନେଉ	6	6	5	6	NUM 16:37
ନେଉଅଛ	9	9	6	9	JDG 11:9
ନେଉଅଛନ୍ତି	4	4	4	4	RUT 2:10
ନେଉଅଛି	1	1	1	1	PSA 7:1
ନେଉଟାଇ	2	2	1	0	DEU 23:5
ନେଉଟି	9	9	5	9	GEN 8:9
ନେଉଟିବ	1	1	1	1	PRO 26:27
ନେଉଟିଲେ	1	1	1	1	JDG 20:41
ନେଉଥିଲେ	1	1	1	2	1SA 30:20
ନେଉନ୍ତୁ	5	5	5	4	GEN 47:19
ନେକ୍ବ	1	1	1	1	JOS 19:33
ନେଙ୍ଗଡ଼ା	1	1	1	1	ISA 35:6
ନେଙ୍ଗଡ଼ାର	1	1	1	1	PRO 26:7
ନେତା	8	8	6	11	MAT 23:10
ନେତାଙ୍କ	1	1	1	3	LUK 14:1
ନେତାମାନଙ୍କ	5	5	3	6	LUK 19:47
ନେତାମାନଙ୍କର	1	1	1	1	HEB 13:17
ନେତାମାନଙ୍କୁ	1	1	1	2	HEB 13:7
ନେତାମାନେ	1	1	1	8	JHN 7:26
ନେତୃତ୍ୱରେ	1	1	1	1	ACT 7:45
ନେତ୍ର	2	2	2	0	SNG 4:1
ନେତ୍ରଜଳ	2	2	1	1	PSA 56:8
ନେତ୍ରପଲକ	1	1	1	1	JOB 3:9
ନେତ୍ରଯୁଗଳ	3	3	1	2	SNG 1:15
ନେଫଗ	2	2	2	0	EXO 6:21
ନେଫଗ୍	2	2	2	4	2SA 5:15
ନେବ	61	61	17	62	GEN 29:15
ନେବଲ	28	28	10	28	1SA 10:5
ନେବଲରେ	2	2	1	2	PSA 33:2
ନେବା	75	75	24	84	GEN 9:5
ନେବାକୁ	34	34	23	35	GEN 21:30
ନେବାନ୍ତ	1	1	1	0	ISA 1:24
ନେବାର	8	8	5	8	NEH 10:33
ନେବି	16	16	8	16	GEN 14:23
ନେବୁ	4	4	3	4	JDG 20:10
ନେବେ	27	27	11	30	EXO 12:4
ନେମି	1	1	1	0	1KI 7:33
ନେରୀ	1	1	1	1	LUK 3:28
ନେରୀଙ୍କ	1	1	1	1	LUK 3:27
ନେରୀୟର	10	10	1	10	JER 32:12
ନେର୍	3	3	1	4	1CH 8:33
ନେର୍ଗଲ	1	1	1	4	2KI 17:30
ନେର୍ଗଲ-ଶରେତ୍ସର	2	2	1	0	JER 39:3
ନେର୍ଗଲଶରେତ୍ସର	1	1	1	0	JER 39:3
ନେର୍ର	1	1	1	12	1CH 26:28
ନେଲ	2	2	2	2	GEN 31:39
ନେଲଣି	2	2	1	2	NUM 16:3
ନେଲା	23	23	13	22	GEN 11:31
ନେଲି	8	8	6	8	GEN 30:16
ନେଲୁ	2	2	2	3	GEN 12:19
ନେଲେ	84	84	24	87	GEN 2:22
ନେହାଇରେ	1	1	1	1	ISA 41:7
ନେୟ	1	1	1	1	JOS 19:13
ନୈତିକ	1	1	1	3	EXO 22:15
ନୈବେଦ୍ୟ	103	103	24	177	GEN 35:14
ନୈବେଦ୍ୟ-ଉପରିସ୍ଥ	1	1	1	0	LEV 6:15
ନୈବେଦ୍ୟ-ଦାନର	1	1	1	1	NUM 6:21
ନୈବେଦ୍ୟକୁ	3	3	2	4	GEN 4:4
ନୈବେଦ୍ୟର	5	5	4	14	EXO 38:24
ନୈବେଦ୍ୟରୂପ	1	1	1	1	LEV 23:15
ନୈବେଦ୍ୟରେ	3	3	3	3	1SA 2:29
ନୈବେଦ୍ୟସବୁ	1	1	1	1	PSA 20:3
ନୈବେଦ୍ୟାର୍ଥକ	2	2	1	2	NUM 18:18
ନୈବେଦ୍ୟାର୍ଥେ	8	8	3	8	EXO 29:24
ନୋ	1	1	1	1	JER 46:25
ନୋ-ଆମୋନଠାରୁ	1	1	1	2	NAM 3:8
ନୋ-ନଗର	1	1	1	1	EZK 30:16
ନୋ-ନଗରର	1	1	1	1	EZK 30:15
ନୋ-ନଗରରେ	1	1	1	1	EZK 30:14
ନୋଗହ	2	2	1	2	1CH 3:7
ନୋଦ	1	1	1	1	GEN 4:16
ନୋଦବ୍	1	1	1	1	1CH 5:19
ନୋଫ	2	2	1	2	JER 46:14
ନୋଫର	3	3	3	3	ISA 19:13
ନୋଫରୁ	1	1	1	1	EZK 30:13
ନୋଫରେ	1	1	1	1	JER 44:1
ନୋଫହ	1	1	1	1	NUM 21:30
ନୋବ	2	2	2	3	1SA 22:11
ନୋବରେ	3	3	2	3	1SA 21:1
ନୋବହ	3	3	2	3	NUM 32:42
ନୋବ୍	1	1	1	0	1SA 22:19
ନୋବୟ	1	1	1	1	NEH 10:19
ନୋଳା	2	2	1	2	EXO 21:25
ନୋହ	28	28	6	30	GEN 5:28
ନୋହଙ୍କ	9	9	4	13	GEN 7:8
ନୋହଙ୍କର	12	12	2	12	GEN 5:30
ନୋହଙ୍କୁ	8	8	2	8	GEN 5:32
ନୋହା	1	1	1	1	1CH 8:2
ନୋହି	8	8	6	7	JDG 20:16
ନୋହିବ	112	112	23	51	GEN 24:5
ନୋହିବା	27	27	16	14	LEV 22:4
ନୋହିବାଯାଏ	1	1	1	0	PSA 18:37
ନୋହିବାରୁ	4	4	4	2	NUM 26:62
ନୋହିବି	9	9	4	8	JOB 21:4
ନୋହିବୁ	1	1	1	1	JON 1:6
ନୋହିବେ	23	23	11	6	1CH 17:9
ନୋହିବେନ୍ତ	1	1	1	0	ISA 9:20
ନୋହିଲ	3	3	2	2	GEN 22:12
ନୋହିଲା	30	30	15	22	1SA 1:18
ନୋହିଲି	1	1	1	1	JOB 23:17
ନୋହିଲେ	98	98	30	93	GEN 13:9
ନୋହୁ	4	4	3	3	1KI 3:26
ନୋହୁଁ	20	20	12	21	GEN 31:15
ନୋହୁଣୁ	3	3	3	3	1SA 18:27
ନୋୟଦୀୟ	1	1	1	1	EZR 8:33
ନୋୟଦୀୟା	1	1	1	1	NEH 6:14
ନୋୟା	4	4	2	4	NUM 26:33
ନୌକା	15	15	5	15	EZK 27:9
ନୌକାକୁ	1	1	1	2	LUK 5:7
ନୌକାଖଣ୍ଡିକ	2	2	1	2	ACT 27:16
ନୌକାଗୁଡ଼ିକ	2	2	1	2	LUK 5:3
ନୌକାଟି	3	3	3	3	MAT 8:24
ନୌକାର	3	3	3	3	MRK 4:38
ନୌକାରୁ	7	7	3	7	MAT 14:14
ନୌକାରେ	30	30	5	30	ISA 18:2
ନ୍ତ	1	1	1	0	DEU 29:23
ନ୍ୟାଯ୍ୟ	9	9	4	4	PSA 17:2
ନ୍ୟାୟ	155	155	29	154	GEN 18:19
ନ୍ୟାୟ-ପରାୟଣ	1	1	1	0	TIT 1:8
ନ୍ୟାୟ-ବିଚାରରୁ	1	1	1	0	ISA 10:2
ନ୍ୟାୟ-ବିଚାରରେ	2	2	2	2	DEU 16:18
ନ୍ୟାୟ-ସଙ୍ଗତ	2	2	2	0	JER 23:10
ନ୍ୟାୟକର୍ତ୍ତା	1	1	1	1	REV 16:5
ନ୍ୟାୟକର୍ମ	1	1	1	1	DEU 33:21
ନ୍ୟାୟକୁ	2	2	2	2	AMO 5:7
ନ୍ୟାୟଗୁଣ	1	1	1	1	JOB 37:23
ନ୍ୟାୟଦଣ୍ଡ	1	1	1	1	PSA 45:6
ନ୍ୟାୟବାଦ	1	1	1	1	PSA 17:1
ନ୍ୟାୟବାନ	3	3	3	2	JOB 34:6
ନ୍ୟାୟବିଚାର	15	15	8	18	PSA 33:5
ନ୍ୟାୟବିଚାରକର୍ତ୍ତାଙ୍କ	1	1	1	0	1PE 2:23
ନ୍ୟାୟବିଚାରରେ	1	1	1	1	ISA 1:21
ନ୍ୟାୟମତେ	1	1	1	1	EZK 34:16
ନ୍ୟାୟର	4	4	4	7	JOB 33:27
ନ୍ୟାୟରେ	11	11	3	11	PSA 9:8
ନ୍ୟାୟସଙ୍ଗତ	3	3	3	7	MAT 19:3
ନ୍ୟାୟାଚରଣ	1	1	1	1	MIC 6:8
ନ୍ୟାୟାଚାରୀ	1	1	1	1	JER 5:1
ନ୍ୟାୟାନୁସାରେ	1	1	1	1	ISA 32:1
ନ୍ୟୂନ	6	6	6	4	JOB 15:16
ନ୍ୟୂନତାନୁସାରେ	1	1	1	1	LEV 25:16
ନ୍ୟୂନବୟସ୍କ	2	2	2	0	1CH 27:23
ନ୍ୟୂନାଧିକ	1	1	1	1	JOS 8:12
ନ୍ୟୂନୀକୃତ	2	2	2	1	PSA 107:39
ନୟନର	4	4	2	4	GEN 3:6
ନୟମ	1	1	1	1	1CH 4:15
ନୟମା	5	5	4	5	GEN 4:22
ନୟମୀ	14	14	1	19	RUT 1:2
ନୟମୀକି	2	2	1	1	RUT 2:2
ନୟମୀଠାରୁ	1	1	1	1	RUT 4:9
ନୟମୀର	4	4	1	4	RUT 1:3
ପ	3	3	2	0	SNG 1:8
ପଂକ୍ତି	1	1	1	0	EXO 39:10
ପଂକ୍ତିରେ	9	9	1	0	EXO 28:17
ପଂଫୂଲିଆ	2	2	1	3	ACT 2:10
ପଂଫୂଲିଆକୁ	1	1	1	0	ACT 14:24
ପଂଫୂଲିଆର	1	1	1	0	ACT 13:13
ପଂଫୂଲିଆରୁ	1	1	1	1	ACT 15:38
ପଅର	1	1	1	1	LUK 13:33
ପଇଁଚାଳିଶ୍	1	1	1	0	JER 52:30
ପଇସା	2	2	1	3	MRK 6:8
ପଇସାରେ	2	2	2	2	MAT 10:29
ପକହୀୟ	2	2	1	3	2KI 15:22
ପକହୀୟଙ୍କର	1	1	1	1	2KI 15:26
ପକା	1	1	1	0	AMO 5:2
ପକାଅ	38	38	21	41	EXO 4:3
ପକାଇ	129	129	36	125	GEN 27:40
ପକାଇ-ଅଛନ୍ତି	2	2	1	0	LAM 2:5
ପକାଇଅଛ	8	8	3	8	PSA 3:7
ପକାଇଅଛନ୍ତି	13	13	8	12	2SA 4:11
ପକାଇଅଛି	11	11	9	12	GEN 37:33
ପକାଇଅଛିନ୍ତ	1	1	1	0	MRK 12:43
ପକାଇଅଛୁ	1	1	1	1	JER 48:38
ପକାଇଥା’ନ୍ତା	1	1	1	1	NUM 12:14
ପକାଇଥିଲା	1	1	1	1	MRK 5:4
ପକାଇଥିଲେ	4	4	4	4	GEN 26:18
ପକାଇଦିଅ	6	6	3	6	2KI 9:25
ପକାଇଦିଏ	1	1	1	1	MRK 9:18
ପକାଇଦେଇ	6	6	3	6	2KI 10:25
ପକାଇଦେବା	1	1	1	1	LUK 4:29
ପକାଇଦେବେ	1	1	1	1	MAT 13:50
ପକାଇଦେଲା	3	3	3	3	JDG 15:17
ପକାଇଦେଲି	1	1	1	1	PSA 18:42
ପକାଇଦେଲେ	9	9	7	10	2SA 20:22
ପକାଇବ	55	55	18	56	EXO 22:27
ପକାଇବନ୍ତ	1	1	1	0	ISA 51:8
ପକାଇବା	59	59	23	60	GEN 37:21
ପକାଇବାକୁ	7	7	6	7	GEN 39:7
ପକାଇବାର	2	2	2	2	PSA 18:36
ପକାଇବାରୁ	1	1	1	2	GEN 39:18
ପକାଇବି	7	7	4	7	JDG 8:9
ପକାଇବୁ	1	1	1	1	REV 2:22
ପକାଇବେ	38	38	18	40	EXO 22:23
ପକାଇବେନ୍ତ	1	1	1	0	ISA 30:14
ପକାଇଲ	4	4	3	4	JDG 11:35
ପକାଇଲା	31	31	14	31	GEN 40:23
ପକାଇଲାନ୍ତତହୁଁ	1	1	1	0	1KI 20:41
ପକାଇଲି	4	4	4	4	GEN 39:14
ପକାଇଲୁ	3	3	2	3	DEU 26:7
ପକାଇଲେ	83	83	23	78	GEN 26:15
ପକାଉ	5	5	3	5	EXO 5:8
ପକାଉଅଛ	6	6	4	6	PSA 73:18
ପକାଉଅଛନ୍ତି	2	2	2	2	MRK 12:41
ପକାଉଅଛି	2	2	2	2	GEN 4:10
ପକାଉଥିବା	5	5	3	6	MAT 4:18
ପକାଉଥିଲି	1	1	1	1	ACT 22:19
ପକାଏ	29	29	13	27	EXO 21:29
ପକାଗଲା	3	3	2	3	EZK 15:4
ପକାଗଲେ	1	1	1	1	ACT 7:21
ପକାନ୍ତି	18	18	5	18	JOB 9:17
ପକାନ୍ତେ	12	12	8	12	EXO 4:3
ପକାଯାଇ	1	1	1	1	MAT 5:13
ପକାଯାଇଥିବା	1	1	1	1	LUK 23:25
ପକାଯାଇଥିଲା	1	1	1	1	LUK 23:19
ପକାଯାଉଥିବା	1	1	1	0	LUK 13:28
ପକାଯାଏ	4	4	3	5	PRO 16:33
ପକାଯିବ	6	6	5	6	2SA 20:21
ପକାଯିବେ	2	2	2	2	JER 14:16
ପକାରଘଟିବ	1	1	1	0	JER 42:17
ପକୋଦ	2	2	2	2	JER 50:21
ପକ୍ଷ	87	87	26	88	EXO 18:19
ପକ୍ଷକୁ	8	8	3	8	2KI 7:4
ପକ୍ଷଗୁଡ଼ିକର	1	1	1	1	REV 4:8
ପକ୍ଷଛାୟା	1	1	1	1	PSA 36:7
ପକ୍ଷଦ୍ୱୟ	1	1	1	1	JER 48:40
ପକ୍ଷଧାରୀ	1	1	1	1	ECC 10:20
ପକ୍ଷପାତ	2	2	2	3	EXO 23:3
ପକ୍ଷପୁଟରେ	1	1	1	1	ZEC 5:9
ପକ୍ଷବାଦୀ	1	1	1	1	ISA 51:22
ପକ୍ଷବାନ	1	1	1	1	DEU 14:19
ପକ୍ଷବିଶିଷ୍ଟ	2	2	1	2	LEV 11:20
ପକ୍ଷମୂଳ	1	1	1	1	LEV 1:17
ପକ୍ଷର	16	16	10	13	EXO 22:9
ପକ୍ଷରୁ	7	7	7	9	NUM 13:30
ପକ୍ଷରେ	249	249	46	244	GEN 15:6
ପକ୍ଷସବୁ	1	1	1	1	EZK 1:23
ପକ୍ଷସମର୍ଥନ	4	4	1	0	ACT 19:33
ପକ୍ଷସ୍ଥ	1	1	1	1	DAN 11:31
ପକ୍ଷାଘାତ	9	9	3	13	MAT 4:24
ପକ୍ଷାଘାତ-ରୋଗୀ	1	1	1	0	LUK 5:18
ପକ୍ଷାଘାତ-ରୋଗୀକି	1	1	1	0	MAT 9:2
ପକ୍ଷାଘାତରୋଗୀ	1	1	1	3	ACT 8:7
ପକ୍ଷାଘାତରୋଗୀକି	2	2	2	0	MAT 9:2
ପକ୍ଷିଣୀ	1	1	1	1	DEU 22:6
ପକ୍ଷିଣୀକି	2	2	1	0	DEU 22:6
ପକ୍ଷୀ	68	68	25	69	GEN 1:30
ପକ୍ଷୀକି	11	11	4	0	LEV 14:5
ପକ୍ଷୀଗଣ	28	28	12	25	GEN 1:20
ପକ୍ଷୀଗଣକୁ	6	6	6	7	GEN 6:7
ପକ୍ଷୀଗଣର	7	7	6	7	GEN 1:21
ପକ୍ଷୀଗୁଡ଼ିକ	1	1	1	1	ACT 10:12
ପକ୍ଷୀଙ୍କି	2	2	2	0	MAT 6:26
ପକ୍ଷୀଜାତିର	1	1	1	1	GEN 7:3
ପକ୍ଷୀଠାରୁ	1	1	1	1	2SA 1:23
ପକ୍ଷୀମାନଙ୍କ	1	1	1	3	LUK 12:24
ପକ୍ଷୀମାନଙ୍କଠାରୁ	1	1	1	1	JOB 28:21
ପକ୍ଷୀମାନଙ୍କର	2	2	2	2	1CO 15:39
ପକ୍ଷୀମାନଙ୍କୁ	4	4	3	4	GEN 15:10
ପକ୍ଷୀମାନେ	5	5	4	5	1KI 14:11
ପକ୍ଷୀର	23	23	11	28	EXO 19:4
ପକ୍ଷୀରେ	1	1	1	2	JER 5:27
ପକ୍ଷୀସକଳ	2	2	1	1	EZK 31:6
ପକ୍ଷୀସକଳକୁ	1	1	1	0	EZK 32:4
ପକ୍ଷୀସବୁ	3	3	2	2	JER 4:25
ପକ୍ଷୀୟ	1	1	1	0	2SA 15:12
ପକ୍ୱ	14	14	9	13	GEN 18:8
ପକ୍ୱକେଶ	9	9	7	6	DEU 32:25
ପକ୍ୱକେଶ-ପ୍ରାଚୀନର	1	1	1	0	LEV 19:32
ପକ୍ୱକେଶ-ମସ୍ତକ	1	1	1	1	1KI 2:9
ପକ୍ୱକେଶ-ମସ୍ତକକୁ	1	1	1	1	1KI 2:6
ପକ୍ୱକେଶରେ	2	2	1	1	GEN 44:29
ପକ୍ୱପିଠା	1	1	1	0	LEV 7:12
ପକ୍ୱାନ୍ନ	2	2	2	1	GEN 40:17
ପକ୍ୱାନ୍ନ-ତତ୍ତ୍ୱାବଧାରଣର	1	1	1	1	1CH 9:31
ପଗୀୟେଲ	4	4	1	4	NUM 1:13
ପଗୀୟେଲର	1	1	1	1	NUM 7:77
ପଙ୍କ	4	4	4	5	JOB 8:11
ପଙ୍କରୁ	1	1	1	1	PSA 69:14
ପଙ୍କରେ	4	4	3	4	JOB 30:19
ପଙ୍ଗପାଳ	25	25	13	28	EXO 10:4
ପଙ୍ଗପାଳକୁ	1	1	1	1	PSA 78:46
ପଙ୍ଗପାଳମାନଙ୍କର	2	2	2	4	PRO 30:27
ପଙ୍ଗପାଳମାନଙ୍କୁ	3	3	3	3	EXO 10:19
ପଙ୍ଗପାଳମାନେ	1	1	1	1	AMO 7:2
ପଙ୍ଗୁ	5	5	3	5	MAT 15:30
ପଙ୍ଗୁକୁ	2	2	1	2	MIC 4:6
ପଙ୍ଗୁମାନେ	1	1	1	1	MAT 15:31
ପଚରାଯାଏ	1	1	1	1	ACT 4:9
ପଚା	1	1	1	1	2TI 2:17
ପଚାଭାବ	1	1	1	1	HAB 3:16
ପଚାର	21	21	10	22	DEU 4:32
ପଚାରନ୍ତି	1	1	1	1	ISA 58:2
ପଚାରନ୍ତୁ	4	4	2	4	JHN 9:21
ପଚାରନ୍ତେ	8	8	7	7	GEN 26:7
ପଚାରି	33	33	16	32	GEN 32:29
ପଚାରିଅଛ	1	1	1	1	1SA 22:13
ପଚାରିଥିଲେ	2	2	2	2	GEN 44:19
ପଚାରିପାରୁ	1	1	1	1	2CH 18:7
ପଚାରିବ	7	7	7	7	EXO 13:14
ପଚାରିବା	19	19	11	18	GEN 25:22
ପଚାରିବାକୁ	37	37	8	37	1SA 22:15
ପଚାରିବାର	1	1	1	1	EST 1:13
ପଚାରିବାରୁ	2	2	2	2	LUK 17:20
ପଚାରିବି	5	5	5	5	2SA 14:18
ପଚାରିବେ	9	9	7	9	GEN 32:17
ପଚାରିଲା	39	39	14	32	GEN 22:7
ପଚାରିଲି	6	6	6	7	GEN 24:47
ପଚାରିଲୁ	1	1	1	1	EZR 5:10
ପଚାରିଲେ	194	194	26	204	GEN 4:9
ପଚାରୁ	8	8	6	6	GEN 24:57
ପଚାରୁଅଛ	3	3	3	2	JDG 13:18
ପଚାରୁଅଛନ୍ତି	4	4	2	6	2KI 8:9
ପଚାରୁଅଛି	1	1	1	1	LUK 6:9
ପଚାରୁଥିଲେ	1	1	1	1	LUK 2:46
ପଚାରେ	4	4	3	5	LUK 19:31
ପଚାଶ	122	122	22	121	GEN 6:15
ପଚାଶତପତି	1	1	1	1	DEU 1:15
ପଚାଶତମ	2	2	1	2	LEV 25:10
ପଚାଶତ୍ପତି	3	3	2	3	EXO 18:21
ପଚାଶତ୍ପତିକି	1	1	1	0	2KI 1:10
ପଚାଶପତି	2	2	2	6	2KI 1:13
ପଚାଶପତିକି	3	3	1	1	2KI 1:9
ପଚାଶପତିଙ୍କି	1	1	1	0	2KI 1:14
ପଚାଶରୁ	2	2	1	0	NUM 31:29
ପଚି	1	1	1	1	JOL 1:17
ପଚିଯିବ	1	1	1	1	PRO 10:7
ପଚିଶ	39	39	8	41	NUM 8:24
ପଚିଶହଜାର	3	3	1	1	EZK 45:3
ପଛ	4	4	3	4	2SA 2:23
ପଛଆଡ଼	2	2	2	2	GEN 22:13
ପଛଆଡ଼କୁ	3	3	1	3	GEN 9:23
ପଛଆଡ଼ୁ	3	3	3	4	ISA 30:21
ପଛଆଡ଼େ	7	7	7	7	1SA 4:18
ପଛକୁ	32	32	15	32	JOS 8:20
ପଛପଟୁ	1	1	1	0	MAT 9:20
ପଛଭାଗରେ	2	2	2	2	JOS 8:4
ପଛରୁତାଙ୍କୁ	1	1	1	0	PSA 78:71
ପଛରେ	42	42	20	48	DEU 25:18
ପଛେ	384	384	31	393	GEN 14:14
ପଜାଇବ	1	1	1	1	EXO 11:7
ପଜାଇବା	1	1	1	1	1SA 13:20
ପଜାଇଲେ	1	1	1	0	JOS 10:21
ପଜାଏ	1	1	1	1	ECC 10:10
ପଞ୍ଚଚାଳିଶ	13	13	5	13	GEN 18:28
ପଞ୍ଚଚାଳିଶ୍	1	1	1	1	JOS 14:10
ପଞ୍ଚତିରିଶ	8	8	6	8	GEN 11:12
ପଞ୍ଚତ୍ରିଂଶ	2	2	2	2	NUM 1:37
ପଞ୍ଚଦଶ	16	16	8	15	EXO 16:1
ପଞ୍ଚବିଂଶ	1	1	1	0	NEH 6:15
ପଞ୍ଚମ	43	43	16	46	GEN 1:23
ପଞ୍ଚମାଂଶ	12	12	4	12	GEN 41:34
ପଞ୍ଚମାଂଶର	1	1	1	1	LEV 5:16
ପଞ୍ଚଷଠି	5	5	3	5	GEN 5:15
ପଞ୍ଚସ୍ତରି	9	9	6	7	GEN 12:4
ପଞ୍ଚାନବେ	4	4	3	4	GEN 5:17
ପଞ୍ଚାବନ	3	3	3	3	2KI 21:1
ପଞ୍ଚାଶୀ	3	3	3	3	1SA 22:18
ପଞ୍ଜର	2	2	1	0	GEN 2:21
ପଞ୍ଜରା	1	1	1	3	DAN 7:5
ପଟ	17	17	5	17	GEN 42:27
ପଟ-ମୁଖରେ	2	2	1	2	GEN 43:12
ପଟଗୃହ	1	1	1	1	2KI 23:7
ପଟରୁ	1	1	1	1	GEN 44:12
ପଟରେ	7	7	1	7	GEN 42:25
ପଟା	46	46	3	49	EXO 26:16
ପଟାର	4	4	1	4	EXO 26:28
ପଟାରେ	15	15	6	15	EXO 26:26
ପଟି	1	1	1	1	EZK 30:21
ପଟୀରେ	1	1	1	1	EZK 16:4
ପଟୁ	1	1	1	0	JER 4:22
ପଟୁକା	22	22	7	22	EXO 28:8
ପଟୁକାରେ	2	2	2	2	EXO 29:5
ପଟ୍ଟ	1	1	1	1	EZK 16:13
ପଟ୍ଟବସ୍ତ୍ର	1	1	1	0	REV 18:12
ପଟ୍ଟବସ୍ତ୍ରରେ	1	1	1	1	EZK 16:10
ପଠନ	1	1	1	3	NEH 8:8
ପଠାଅ	19	19	10	19	GEN 42:16
ପଠାଇ	190	190	27	191	GEN 19:13
ପଠାଇଅଛ	5	5	5	5	EZR 4:18
ପଠାଇଅଛନ୍ତି	10	10	6	14	EXO 3:13
ପଠାଇଅଛି	12	12	9	13	2SA 10:3
ପଠାଇଅଛୁ	7	7	5	7	2KI 17:13
ପଠାଇଥିବା	2	2	2	2	JHN 1:22
ପଠାଇଥିଲ	4	4	3	4	NUM 13:27
ପଠାଇଥିଲା	2	2	2	2	2SA 11:22
ପଠାଇଥିଲି	2	2	2	2	LUK 22:35
ପଠାଇଥିଲେ	18	18	12	18	GEN 46:5
ପଠାଇଦିଅ	4	4	4	4	1SA 16:19
ପଠାଇଦେଇ	1	1	1	1	MRK 8:26
ପଠାଇଦେବ	1	1	1	1	MAT 21:3
ପଠାଇଦେବା	2	2	2	2	MAT 9:38
ପଠାଇଦେବି	1	1	1	1	JHN 16:7
ପଠାଇଦେବେ	2	2	2	2	MAT 26:53
ପଠାଇଦେଲା	2	2	2	2	GEN 38:20
ପଠାଇଦେଲେ	8	8	4	9	JDG 3:18
ପଠାଇପାର	1	1	1	1	JOB 38:35
ପଠାଇବ	9	9	6	9	GEN 42:38
ପଠାଇବା	44	44	15	44	GEN 37:22
ପଠାଇବାକୁ	3	3	3	3	2KI 15:37
ପଠାଇବାର	2	2	2	2	EXO 4:13
ପଠାଇବାରୁ	1	1	1	1	EZR 6:13
ପଠାଇବି	9	9	8	10	GEN 37:13
ପଠାଇବେ	9	9	5	11	GEN 24:7
ପଠାଇଲ	3	3	3	3	EXO 5:22
ପଠାଇଲା	42	42	18	37	GEN 38:25
ପଠାଇଲି	18	18	13	17	GEN 32:5
ପଠାଇଲୁ	8	8	7	8	NUM 22:37
ପଠାଇଲେ	153	153	24	161	GEN 42:4
ପଠାଇଲେନ୍ତକାରଣ	1	1	1	0	1CH 19:5
ପଠାଉ	5	5	4	5	DEU 1:22
ପଠାଉଅଛ	2	2	2	2	2KI 1:6
ପଠାଉଅଛି	5	5	4	6	MAT 10:16
ପଠାଉଅଛୁ	4	4	3	6	JER 42:6
ପଠାଉନ୍ତୁ	5	5	4	5	2CH 2:7
ପଠାଏ	3	3	3	3	1SA 21:2
ପଠାନ୍ତି	9	9	6	11	1SA 18:5
ପଠାନ୍ତୁ	1	1	1	1	EXO 4:13
ପଠାନ୍ତେ	18	18	11	18	GEN 37:14
ପଠାଯାଇ	1	1	1	1	LEV 16:10
ପଠାଯାଇଥିବା	1	1	1	2	LUK 7:10
ପଠାଯିବ	1	1	1	1	PRO 17:11
ପଠିତ	2	2	2	2	2CO 3:2
ପଡ଼	10	10	8	11	DEU 12:30
ପଡ଼ନ୍ତି	12	12	8	12	DEU 22:28
ପଡ଼ନ୍ତୁ	2	2	1	2	PSA 10:2
ପଡ଼ନ୍ତେ	8	8	6	7	GEN 15:11
ପଡ଼ି	88	88	31	86	GEN 17:17
ପଡ଼ିଅଛ	4	4	4	4	JOS 7:10
ପଡ଼ିଅଛନ୍ତି	7	7	4	7	2SA 1:6
ପଡ଼ିଅଛି	29	29	15	31	GEN 47:4
ପଡ଼ିଅଛୁ	1	1	1	1	2SA 16:8
ପଡ଼ିଆ	1	1	1	3	EXO 23:11
ପଡ଼ିଆ-ଭୂମି	2	2	2	0	JER 4:3
ପଡ଼ିଆରେ	3	3	1	3	EZK 16:5
ପଡ଼ିଆସବୁ	1	1	1	1	ISA 19:7
ପଡ଼ିଗଲା	10	10	6	10	JDG 7:13
ପଡ଼ିଗଲି	2	2	2	2	ACT 22:7
ପଡ଼ିଗଲେ	7	7	6	7	DEU 22:8
ପଡ଼ିଛ	1	1	1	1	JDG 11:7
ପଡ଼ିଛନ୍ତି	1	1	1	1	ISA 51:20
ପଡ଼ିଛି	3	3	3	3	GEN 34:10
ପଡ଼ିଥାଆନ୍ତି	1	1	1	1	JUD 1:22
ପଡ଼ିଥାଏ	1	1	1	1	MAT 24:28
ପଡ଼ିଥିବା	7	7	6	6	LEV 26:43
ପଡ଼ିଥିବାର	5	5	4	5	EXO 23:5
ପଡ଼ିଥିଲା	8	8	8	6	GEN 12:10
ପଡ଼ିଥିଲି	1	1	1	1	DAN 10:9
ପଡ଼ିବ	73	73	29	74	GEN 30:31
ପଡ଼ିବା	14	14	9	20	DEU 32:35
ପଡ଼ିବାକୁ	5	5	5	6	1SA 3:19
ପଡ଼ିବାମାତ୍ର	1	1	1	0	JOB 3:11
ପଡ଼ିବାର	1	1	1	1	DEU 9:25
ପଡ଼ିବାରୁ	2	2	2	2	LUK 15:14
ପଡ଼ିବି	1	1	1	1	JDG 15:18
ପଡ଼ିବୁ	2	2	2	2	2SA 17:12
ପଡ଼ିବେ	24	24	13	25	LEV 26:7
ପଡ଼ିଯାଆନ୍ତେ	1	1	1	1	ACT 26:14
ପଡ଼ିଯାଇ	1	1	1	1	ACT 9:4
ପଡ଼ିଯାଇଅଛନ୍ତି	1	1	1	1	JUD 1:11
ପଡ଼ିଯାଏ	5	5	4	5	GEN 49:17
ପଡ଼ିଯିବ	9	9	5	9	JOB 41:9
ପଡ଼ିଯିବାର	1	1	1	1	DEU 22:4
ପଡ଼ିଯିବେ	2	2	2	2	ISA 40:30
ପଡ଼ିର	1	1	1	1	PRO 30:8
ପଡ଼ିରହିଥିବା	1	1	1	1	JHN 5:6
ପଡ଼ିରହୁଥିଲେ	1	1	1	1	JHN 5:3
ପଡ଼ିଲ	2	2	2	2	1SA 15:19
ପଡ଼ିଲା	85	85	27	85	GEN 8:5
ପଡ଼ିଲାଣି	1	1	1	1	JDG 20:34
ପଡ଼ିଲାନ୍ତ	1	1	1	0	ISA 21:9
ପଡ଼ିଲି	9	9	7	8	2SA 24:14
ପଡ଼ିଲେ	60	60	23	53	GEN 9:21
ପଡ଼ୁ	11	11	9	12	JDG 6:39
ପଡ଼ୁଅଛି	13	13	9	11	EXO 15:16
ପଡ଼ୁଣୁ	1	1	1	1	DAN 6:24
ପଡ଼େ	43	43	21	43	EXO 22:7
ପଡ଼୍	2	2	2	0	MAT 21:21
ପଡୀୟାଣ	1	1	1	1	LEV 13:58
ପଡୀୟାଣର	1	1	1	1	LEV 13:59
ପଡୀୟାଣରୁ	1	1	1	1	LEV 13:56
ପଡୀୟାଣରେ	6	6	1	6	LEV 13:48
ପଢ଼	1	1	1	1	1SA 28:8
ପଢ଼ନ୍ତି	2	2	2	2	EZK 13:9
ପଢ଼ାଯା’ନ୍ତେ	1	1	1	0	EZR 4:23
ପଢ଼ି	3	3	3	3	DAN 5:8
ପଢ଼ିଅଛନ୍ତି	1	1	1	1	EZK 13:6
ପଢ଼ିବ	2	2	2	2	EZK 13:23
ପଢ଼ିବା	1	1	1	1	DAN 5:15
ପଢ଼ିବି	1	1	1	1	DAN 5:17
ପଢ଼ିଲେ	1	1	1	1	PSA 58:5
ପଣ	7	7	6	6	GEN 34:22
ପଣ୍ଡିତ	4	4	4	5	GEN 41:8
ପଣ୍ଡିତମାନଙ୍କ	2	2	2	3	MAT 2:16
ପଣ୍ଡିତମାନଙ୍କର	1	1	1	1	PRO 1:6
ପଣ୍ଡିତମାନଙ୍କୁ	2	2	2	2	ECC 9:11
ପତଙ୍ଗ	9	9	6	9	LEV 11:23
ପତଙ୍ଗର	2	2	1	2	NAM 3:15
ପତନ	13	13	8	34	2SA 1:10
ପତନର	2	2	2	6	EST 6:13
ପତନରୁ	1	1	1	1	PSA 56:13
ପତନରେ	2	2	2	2	ISA 32:19
ପତନଶୀଳ	1	1	1	1	ISA 30:13
ପତନୋଦ୍ୟତ	1	1	1	0	JOB 4:4
ପତଲମାଇରେ	1	1	1	0	ACT 21:7
ପତଳ	1	1	1	0	EZK 24:11
ପତା	5	5	4	4	JOB 16:16
ପତାକା	3	3	3	3	PSA 60:4
ପତାକା-ଦଣ୍ଡ	2	2	1	2	NUM 21:8
ପତାକାର	1	1	1	1	ISA 30:17
ପତାକୁ	1	1	1	1	PRO 6:4
ପତିତ	128	128	30	129	EXO 16:14
ପତିବ୍ରତା	1	1	1	1	TIT 2:4
ପତ୍ତନ	6	6	6	8	NUM 13:22
ପତ୍ତନକାରୀ	1	1	1	1	1CH 8:12
ପତ୍ତନଠାରୁ	1	1	1	1	ISA 40:21
ପତ୍ତନାବଧି	8	8	5	3	EXO 9:18
ପତ୍ର	96	96	36	232	GEN 3:7
ପତ୍ର-କୁଟୀର	3	3	1	0	ZEC 14:16
ପତ୍ରକୁ	2	2	2	15	JOB 13:25
ପତ୍ରକୁଟୀର	7	7	3	15	DEU 16:13
ପତ୍ରକୁଟୀର-ପର୍ବ	1	1	1	0	LEV 23:34
ପତ୍ରକୁଟୀରରେ	5	5	3	5	LEV 23:42
ପତ୍ରଖଣ୍ଡିକ	1	1	1	0	ACT 15:30
ପତ୍ରଗୁଡ଼ିକ	1	1	1	1	2CO 10:9
ପତ୍ରଟି	1	1	1	0	ACT 23:34
ପତ୍ରମାନ	5	5	4	5	2KI 10:1
ପତ୍ରର	4	4	3	33	LEV 26:36
ପତ୍ରରେ	10	10	7	17	2SA 11:15
ପତ୍ରସବୁ	4	4	3	4	EZK 17:9
ପତ୍ରସ୍ୱରୂପ	1	1	1	2	2CO 3:2
ପଥ	362	362	42	381	GEN 3:24
ପଥ-ମୁଣ୍ଡରେ	1	1	1	1	EZK 21:19
ପଥଆଡ଼େ	1	1	1	1	ECC 12:4
ପଥକୁ	3	3	1	4	ACT 8:26
ପଥଗାମିନୀ	1	1	1	1	EZK 23:13
ପଥଗାମୀ	1	1	1	1	JER 3:21
ପଥଗାମୀମାନଙ୍କୁ	1	1	1	1	PSA 37:14
ପଥଚିହ୍ନ	1	1	1	0	JER 31:21
ପଥଠାରୁ	1	1	1	1	DEU 2:8
ପଥଦର୍ଶକ	4	4	3	4	JOB 31:18
ପଥଦର୍ଶକମାନେ	1	1	1	1	ISA 3:12
ପଥଦେଇ	1	1	1	1	2KI 25:4
ପଥପାର୍ଶ୍ୱରେ	5	5	3	2	GEN 38:16
ପଥପାର୍ଶ୍ୱସ୍ଥ	4	4	4	3	DEU 22:6
ପଥପାର୍ଶ୍ୱସ୍ଥିତ	1	1	1	1	GEN 38:14
ପଥପ୍ରଦର୍ଶକ	5	5	4	4	NUM 27:17
ପଥପ୍ରଦର୍ଶକଠାରେ	1	1	1	0	MIC 7:5
ପଥପ୍ରଦର୍ଶକମାନେ	3	3	2	3	ISA 9:16
ପଥପ୍ରଦର୍ଶନ	1	1	1	0	ECC 2:3
ପଥପ୍ରାନ୍ତରେ	1	1	1	0	DEU 11:30
ପଥଭ୍ରଷ୍ଟ	5	5	2	5	1TI 1:6
ପଥମାନର	2	2	1	2	JER 6:16
ପଥର	94	94	32	110	GEN 29:2
ପଥର-କଟାଳି	1	1	1	1	1CH 22:15
ପଥର-କଟାଳୀ	1	1	1	1	1KI 5:15
ପଥରକୁ	3	3	2	4	JER 2:27
ପଥରଖଣିଠାରୁ	1	1	1	1	JDG 3:19
ପଥରଖଣିରେ	1	1	1	1	1KI 6:7
ପଥରଖଣ୍ଡିକ	1	1	1	0	MAT 28:2
ପଥରଗୁଡ଼ାକ	2	2	2	1	MAT 4:3
ପଥରଗୁଡ଼ାକରୁ	2	2	2	2	MAT 3:9
ପଥରଚଟାଣ	1	1	1	0	2KI 16:17
ପଥରଟା	3	3	3	3	GEN 29:3
ପଥରନିର୍ମିତ	1	1	1	0	DAN 5:4
ପଥରର	2	2	2	3	JOS 8:31
ପଥରରେ	8	8	7	8	NUM 14:10
ପଥରସବୁରେ	1	1	1	0	1KI 18:32
ପଥରୁ	16	16	10	17	JDG 2:17
ପଥରେ	243	243	36	249	GEN 16:7
ପଥଶ୍ରା	1	1	1	0	JHN 4:6
ପଥସକଳ	4	4	4	4	LAM 1:4
ପଥସବୁ	10	10	7	10	PSA 25:4
ପଥସମସ୍ତ	1	1	1	1	REV 15:3
ପଥସମୂହରେ	2	2	1	2	LAM 2:11
ପଥସ୍ଥିତ	3	3	3	3	GEN 49:17
ପଥହୀନ	2	2	2	2	JOB 12:24
ପଥାହୀୟ	4	4	3	4	1CH 24:16
ପଥିକ	14	14	9	15	GEN 37:25
ପଥିକକୁ	2	2	2	2	JDG 19:17
ପଥିକଦଳ	1	1	1	0	JOB 6:19
ପଥିକବିହୀନ	1	1	1	1	JER 2:6
ପଥିକମାନଙ୍କ	4	4	2	4	EZK 5:14
ପଥିକମାନଙ୍କର	2	2	2	2	JER 9:2
ପଥିକମାନଙ୍କୁ	2	2	2	2	JOB 21:29
ପଥିକମାନେ	4	4	4	4	JDG 5:6
ପଥିକସକଳର	1	1	1	1	EZK 36:34
ପଥିକସବୁ	1	1	1	1	PSA 80:12
ପଥୁରିଆ	5	5	3	5	MAT 13:5
ପଥୂୟେଲଙ୍କ	1	1	1	2	JOL 1:1
ପଥୋର	2	2	2	2	NUM 22:5
ପଥ୍ରୋଷ	2	2	1	3	JER 44:1
ପଥ୍ରୋଷକୁ	1	1	1	1	EZK 30:14
ପଥ୍ରୋଷରୁ	1	1	1	1	ISA 11:11
ପଥ୍ରୋଷୀୟ	2	2	2	2	GEN 10:14
ପଥ୍ରୋଷ୍	1	1	1	0	EZK 29:14
ପଦ	61	61	24	67	EXO 26:19
ପଦ-ଚିହ୍ନରୁ	1	1	1	0	HAB 3:5
ପଦ-ନିଯୋଗ	1	1	1	0	EXO 29:29
ପଦ-ନିଯୋଗାର୍ଥକ	4	4	1	1	EXO 29:26
ପଦଚିହ୍ନ	6	6	5	6	JOB 23:11
ପଦଚିହ୍ନକୁ	2	2	1	2	PSA 85:13
ପଦଚିହ୍ନରେ	1	1	1	1	2CO 12:18
ପଦଚ୍ୟୁତ	4	4	4	4	2CH 36:3
ପଦତଳ	1	1	1	1	JOS 3:13
ପଦତଳରେ	2	2	2	2	2KI 19:24
ପଦତଳସ୍ଥ	2	2	2	2	1KI 5:3
ପଦତଳେ	2	2	2	1	PSA 144:2
ପଦଦଳିତ	2	2	2	2	ISA 14:19
ପଦନି-ଯୋଗାର୍ଥକ	1	1	1	0	LEV 8:22
ପଦନିଯୋଗ	1	1	1	1	LEV 8:33
ପଦନିଯୋଗରେ	1	1	1	0	EXO 29:35
ପଦନିଯୋଗାର୍ଥକ	4	4	1	6	LEV 7:37
ପଦନିଯୋଗାର୍ଥେ	1	1	1	0	2CH 13:9
ପଦପ୍ରାପ୍ତ	1	1	1	1	ISA 52:13
ପଦର	2	2	2	8	ISA 7:20
ପଦରୁ	2	2	2	5	PSA 62:4
ପଦରେ	119	119	19	121	GEN 36:33
ପଦଶଦ୍ଦ	1	1	1	0	2KI 6:32
ପଦସ୍ଥ	2	2	2	2	1CH 15:18
ପଦହେଲ	1	1	1	0	NUM 34:28
ପଦା	5	5	3	5	GEN 14:17
ପଦା-ଭୂମିକୁ	2	2	1	0	EZK 3:22
ପଦା-ଭୂମିର	1	1	1	0	JOS 3:16
ପଦା-ଭୂମିରେ	1	1	1	0	EZK 8:4
ପଦାକୁ	2	2	2	2	GEN 14:17
ପଦାଘାତ	4	4	3	4	DEU 32:15
ପଦାତିକ	13	13	9	12	NUM 11:21
ପଦାତିକକୁ	1	1	1	1	2SA 10:6
ପଦାତିକଗଣର	1	1	1	1	JER 12:5
ପଦାତିକମାନଙ୍କ	3	3	3	3	MAT 26:58
ପଦାତିକମାନଙ୍କୁ	3	3	2	3	JHN 7:32
ପଦାତିକମାନେ	7	7	3	7	MRK 14:65
ପଦାପହାରକ	1	1	1	1	GEN 25:26
ପଦାଭୂମି	7	7	3	7	DEU 3:17
ପଦାଭୂମିକି	1	1	1	1	JOS 18:18
ପଦାଭୂମିର	4	4	3	3	DEU 2:8
ପଦାଭୂମିରୁ	1	1	1	1	NEH 12:28
ପଦାଭୂମିରେ	1	1	1	2	JOS 11:2
ପଦାଭୂମିସ୍ଥିତ	3	3	2	3	DEU 4:43
ପଦାର	2	2	1	2	JOB 5:23
ପଦାରୁ	3	3	3	3	NUM 22:4
ପଦାରେ	20	20	13	24	GEN 14:3
ପଦାର୍ଥ	31	31	19	33	GEN 19:25
ପଦାର୍ଥକୁ	1	1	1	1	ROM 14:14
ପଦାର୍ଥମାନ	1	1	1	1	JOL 3:5
ପଦାର୍ଥର	4	4	4	4	1SA 6:15
ପଦାର୍ଥରୁ	3	3	3	3	1CH 29:14
ପଦାର୍ଥସବୁ	3	3	3	2	ISA 61:11
ପଦାର୍ପଣ	7	7	5	7	GEN 19:2
ପଦାସ୍ଥିତ	1	1	1	1	NEH 6:2
ପଦାହସୂରର	5	5	1	5	NUM 1:10
ପଦାୟ	4	4	2	4	1CH 3:18
ପଦାୟକୁ	1	1	1	1	NEH 13:13
ପଦାୟର	4	4	3	4	2KI 23:36
ପଦିକା	1	1	1	0	REV 11:1
ପଦେ	9	9	6	10	GEN 44:18
ପଦେମାତ୍ର	1	1	1	0	ISA 36:21
ପଦ୍ଦନ	3	3	1	0	GEN 31:18
ପଦ୍ଦନ୍	7	7	1	11	GEN 28:2
ପଦ୍ଦନ୍-ଅରାମୀୟ	1	1	1	0	GEN 25:20
ପଦ୍ମବୃକ୍ଷ	2	2	1	2	JOB 40:21
ପଦ୍ମରାଗ	5	5	4	6	EXO 28:18
ପଦ୍ମରାଗମଣି	1	1	1	0	EZK 27:16
ପନିନ୍ନା	1	1	1	1	1SA 1:2
ପନିନ୍ନାକୁ	1	1	1	1	1SA 1:4
ପନିନ୍ନାର	1	1	1	1	1SA 1:2
ପନୁୟେଲ	1	1	1	0	1CH 8:25
ପନୂୟେଲ	5	5	4	5	GEN 32:30
ପନୂୟେଲକୁ	1	1	1	1	JDG 8:8
ପନୂୟେଲର	2	2	1	2	JDG 8:8
ପନ୍ତ	1	1	1	3	1PE 1:1
ପନ୍ତୀୟ	3	3	3	1	LUK 3:1
ପନ୍ଥାରେ	1	1	1	1	1PE 4:4
ପନ୍ଦର	21	21	13	21	GEN 5:10
ପବନ	17	17	6	17	PSA 11:6
ପବନକୁ	2	2	2	2	ECC 11:4
ପବନର	2	2	1	2	ACT 2:2
ପବନରେ	3	3	3	3	MAT 11:7
ପବିତ୍ର	765	765	55	895	GEN 2:3
ପବିତ୍ର-ବଂଶ	1	1	1	0	EZR 9:2
ପବିତ୍ର-ସ୍ଥାନ	1	1	1	0	1KI 6:3
ପବିତ୍ର-ସ୍ଥାନର	2	2	1	0	1CH 23:32
ପବିତ୍ରକାରୀ	4	4	3	4	EXO 31:13
ପବିତ୍ରଗଣ	2	2	2	2	JOB 5:1
ପବିତ୍ରଗଣଙ୍କ	1	1	1	1	DAN 7:21
ପବିତ୍ରଗଣଙ୍କର	1	1	1	1	DAN 7:22
ପବିତ୍ରଗଣଙ୍କୁ	2	2	1	2	DAN 7:22
ପବିତ୍ରଗଣଠାରେ	1	1	1	1	JOB 15:15
ପବିତ୍ରଗଣର	3	3	2	3	PSA 89:5
ପବିତ୍ରତମଙ୍କୁ	1	1	1	0	DAN 9:24
ପବିତ୍ରତା	8	8	6	11	PSA 89:35
ପବିତ୍ରତାର	7	7	4	9	1CH 16:29
ପବିତ୍ରତାରୁ	1	1	1	1	2CO 11:3
ପବିତ୍ରତାରେ	12	12	8	13	EXO 15:11
ପବିତ୍ରସ୍ଥାନ	2	2	2	0	1KI 8:10
ପବିତ୍ରସ୍ଥାନକୁ	1	1	1	0	PSA 46:4
ପବିତ୍ରୀକୃତ	37	37	17	37	EXO 28:38
ପର	13	13	11	13	LEV 23:16
ପର-ଦିବସ	1	1	1	1	1CH 10:8
ପର-ସ୍ତ୍ରୀ	1	1	1	0	PRO 23:27
ପର-ସ୍ତ୍ରୀର	1	1	1	0	PRO 22:14
ପରକାଳରେ	4	4	4	4	MRK 10:30
ପରକୀୟା	1	1	1	0	PRO 2:19
ପରକୀୟାଠାରୁ	1	1	1	1	PRO 7:5
ପରକୀୟାଠାରେ	1	1	1	1	PRO 5:20
ପରକୁ	2	2	1	2	ROM 2:21
ପରଖ	6	6	4	6	DEU 7:19
ପରଖିଅଛ	1	1	1	1	PSA 66:10
ପରଖିଲା	1	1	1	1	PSA 66:10
ପରଚର୍ଚ୍ଚା	1	1	1	1	1TI 5:13
ପରଦା	18	18	5	19	EXO 27:9
ପରଦାର	2	2	2	2	JER 23:14
ପରଦାରଗାମୀ	1	1	1	0	PRO 6:32
ପରଦାରଠାରୁ	1	1	1	1	ACT 21:25
ପରଦାରରୁ	1	1	1	1	ACT 15:28
ପରଦାସକଳ	2	2	1	2	NUM 3:26
ପରଦିନ	31	31	8	31	LEV 23:11
ପରଦିନଠାରୁ	1	1	1	1	LEV 23:15
ପରଦେଶରେ	1	1	1	1	EXO 18:3
ପରଦ୍ରବ୍ୟ	3	3	1	3	1CO 5:10
ପରନିନ୍ଦା	3	3	3	3	2CO 12:20
ପରନିନ୍ଦା-କାରିଣୀ	1	1	1	0	1TI 3:11
ପରନିନ୍ଦୁକା	1	1	1	1	TIT 2:3
ପରପାର	1	1	1	0	MAT 19:1
ପରପାରସ୍ଥ	2	2	2	1	MRK 5:1
ପରପାରିକି	2	2	2	0	MRK 10:1
ପରବର୍ତ୍ତୀ	7	7	5	32	2KI 18:5
ପରବର୍ଷର	1	1	1	1	LEV 25:15
ପରଭାଷା	5	5	2	6	ISA 28:11
ପରଭାଷାରେ	14	14	1	14	1CO 12:30
ପରମ	20	20	14	25	GEN 12:14
ପରମଧନ୍ୟ	2	2	1	2	1TI 1:11
ପରମସୁନ୍ଦରୀ	3	3	3	3	GEN 26:7
ପରମା	3	3	2	2	SNG 5:9
ପରମାନନ୍ଦଜନକ	1	1	1	1	PSA 43:4
ପରମାନନ୍ଦରୁ	1	1	1	1	PSA 137:6
ପରମାସୁନ୍ଦରୀ	1	1	1	1	2SA 14:27
ପରମାୟୁ	12	12	6	11	EXO 20:12
ପରମାୟୁର	5	5	3	5	GEN 47:8
ପରମେଶ୍ୱଙ୍କ	1	1	1	0	JOS 22:29
ପରମେଶ୍ୱଙ୍କୁ	1	1	1	0	2KI 19:16
ପରମେଶ୍ୱର	1436	1436	35	1536	GEN 1:1
ପରମେଶ୍ୱର-ଦତ୍ତ	1	1	1	1	1KI 3:28
ପରମେଶ୍ୱର-ବିହୀନ	1	1	1	1	2CH 15:3
ପରମେଶ୍ୱର-ଭୟକାରୀ	3	3	1	3	JOB 1:1
ପରମେଶ୍ୱରକୃତ	1	1	1	1	EXO 9:28
ପରମେଶ୍ୱରଙ୍କ	923	923	34	1026	GEN 1:2
ପରମେଶ୍ୱରଙ୍କ-ଠାରେ	4	4	4	0	1SA 30:6
ପରମେଶ୍ୱରଙ୍କ-ନିର୍ମିତ	1	1	1	1	EXO 32:16
ପରମେଶ୍ୱରଙ୍କଠାରୁ	17	17	10	22	GEN 35:5
ପରମେଶ୍ୱରଙ୍କଠାରେ	24	24	10	32	DEU 1:32
ପରମେଶ୍ୱରଙ୍କର	139	139	25	145	GEN 9:16
ପରମେଶ୍ୱରଙ୍କସାକ୍ଷାତରେ	1	1	1	0	EXO 22:9
ପରମେଶ୍ୱରଙ୍କୁ	137	137	23	140	GEN 17:18
ପରମେଶ୍ୱରଣ	2	2	2	0	1CH 17:16
ପରମେଶ୍ୱରନ୍ତ	1	1	1	0	PSA 143:10
ପରମେଶ୍ୱରଯାହାକୁ	1	1	1	0	EXO 22:9
ପରମେଶ୍ୱରରେ	1	1	1	0	ISA 65:16
ପରମେଶ୍ୱରୀୟ	1	1	1	1	2CH 26:5
ପରମ୍ପରାଗତ	11	11	5	11	MAT 15:2
ପରମ୍ପରାରେ	1	1	1	2	PSA 135:13
ପରଯୁଗରେ	1	1	1	0	MAT 12:32
ପରର	6	6	5	6	LEV 20:10
ପରରାତ୍ରରେ	1	1	1	1	ACT 23:11
ପରଲୋକ	1	1	1	1	PRO 2:18
ପରଲୋକରେ	1	1	1	0	ECC 8:10
ପରସବୁ	1	1	1	1	PSA 68:13
ପରସ୍ତ	1	1	1	1	JOB 41:23
ପରସ୍ତ୍ରୀ	2	2	1	3	PRO 2:16
ପରସ୍ତ୍ରୀଠାରୁ	1	1	1	2	PRO 7:5
ପରସ୍ତ୍ରୀର	2	2	1	3	PRO 5:3
ପରସ୍ପର	123	123	32	133	GEN 11:3
ପରସ୍ପରକୁ	44	44	18	49	1SA 20:41
ପରସ୍ପରଠାରୁ	4	4	3	3	MAT 25:32
ପରସ୍ପରର	14	14	9	22	ISA 43:26
ପରହସ୍ତଗତ	1	1	1	1	JER 51:41
ପରା	13	13	7	12	GEN 44:15
ପରାକ୍ରମ	68	68	28	70	EXO 9:16
ପରାକ୍ରମ-ଦଣ୍ଡ	1	1	1	1	PSA 110:2
ପରାକ୍ରମକୁ	1	1	1	1	ZEC 9:4
ପରାକ୍ରମଙ୍କ	1	1	1	0	MRK 14:62
ପରାକ୍ରମପୂର୍ବକ	1	1	1	0	LUK 16:16
ପରାକ୍ରମବିଶିଷ୍ଟ	1	1	1	1	ECC 8:4
ପରାକ୍ରମର	19	19	9	20	1CH 16:28
ପରାକ୍ରମରୁ	4	4	2	4	PSA 49:15
ପରାକ୍ରମରେ	27	27	15	27	GEN 49:3
ପରାକ୍ରମଶାଳୀ	1	1	1	1	2PE 2:11
ପରାକ୍ରମସବୁ	1	1	1	1	1KI 16:27
ପରାକ୍ରମସୂଚକ	1	1	1	1	EZK 26:11
ପରାକ୍ରମୀ	14	14	8	15	GEN 10:8
ପରାକ୍ରମୀଗଣକୁ	1	1	1	1	DAN 8:24
ପରାକ୍ରମୀଗଣର	1	1	1	1	PSA 78:25
ପରାକ୍ରମୀମାନଙ୍କ	2	2	2	2	JOB 5:15
ପରାକ୍ରମୀମାନଙ୍କର	1	1	1	1	REV 19:18
ପରାକ୍ରମୀର	1	1	1	1	ISA 40:10
ପରାକ୍ରା	34	34	16	0	GEN 10:9
ପରାକ୍ରାନ୍ତ	4	4	4	38	GEN 23:6
ପରାଜିତ	8	8	6	14	DEU 20:20
ପରାଜୟ	9	9	7	26	EXO 17:7
ପରାଜୟ-ଦିନ	1	1	1	0	JER 38:28
ପରାଜୟର	1	1	1	1	ISA 22:5
ପରାତ୍ପର	5	5	4	2	MRK 5:7
ପରାତ୍ପରଙ୍କ	4	4	1	1	LUK 1:32
ପରାଧୀନ	7	7	5	3	ISA 31:8
ପରାଭବ	1	1	1	1	OBA 1:7
ପରାମର୍ଶ	40	40	20	70	EXO 18:19
ପରାମର୍ଶରେ	3	3	3	3	NUM 31:16
ପରାମର୍ଶାନୁସାରେ	1	1	1	1	EST 1:21
ପରାସୀମ	1	1	1	1	ISA 28:21
ପରାସ୍ତ	78	78	23	82	GEN 14:7
ପରାୟଣ	3	3	1	0	2TH 3:6
ପରି	883	883	56	909	GEN 3:5
ପରିଖା	3	3	3	3	ISA 26:1
ପରିଚର୍ଯ୍ୟା	35	35	10	33	1SA 2:11
ପରିଚର୍ଯ୍ୟାକରଣାର୍ଥେ	1	1	1	1	1CH 26:12
ପରିଚର୍ଯ୍ୟାକାରୀ	6	6	3	6	2CH 13:10
ପରିଚର୍ଯ୍ୟାକ୍ରମେ	1	1	1	1	2CH 7:6
ପରିଚର୍ଯ୍ୟାର	2	2	2	2	LUK 10:40
ପରିଚର୍ଯ୍ୟାରେ	2	2	1	0	ACT 6:1
ପରିଚର୍ଯ୍ୟାର୍ଥକ	4	4	4	4	2KI 25:14
ପରିଚାରକ	16	16	12	17	EXO 24:13
ପରିଚାରକ-ଯାଜକମାନେ	1	1	1	0	NEH 10:39
ପରିଚାରକକୁ	1	1	1	2	LUK 4:20
ପରିଚାରକଗଣ	2	2	1	2	JOL 1:13
ପରିଚାରକଙ୍କୁ	1	1	1	1	JOS 1:1
ପରିଚାରକମାନଙ୍କୁ	3	3	3	3	EZR 8:17
ପରିଚାରକମାନେ	4	4	2	4	EZK 45:4
ପରିଚାରିକା	1	1	1	1	ACT 19:35
ପରିଚାଳକ	1	1	1	2	ACT 24:5
ପରିଚାଳନା	2	2	2	4	1TI 5:14
ପରିଚାଳନାର	1	1	1	1	1CO 12:28
ପରିଚାଳିତ	2	2	2	3	1CO 12:2
ପରିଚିତ	19	19	10	30	JOS 8:35
ପରିଚିତ-ମାନଙ୍କର	1	1	1	0	PSA 31:11
ପରିଚିତା	1	1	1	1	JER 2:24
ପରିଚ୍ଛଦ	3	3	2	2	2CO 5:4
ପରିଚୟ	34	34	18	41	GEN 20:13
ପରିଜନ	11	11	8	11	GEN 35:2
ପରିଜନକୁ	1	1	1	1	PRO 15:27
ପରିଜନଗଣ	1	1	1	1	NUM 18:31
ପରିଜନଗଣକୁ	1	1	1	1	NUM 16:32
ପରିଜନଙ୍କଠାରୁ	1	1	1	1	1CO 1:11
ପରିଜନଙ୍କୁ	3	3	3	3	GEN 50:4
ପରିଜନବର୍ଗ	1	1	1	1	1CO 16:15
ପରିଜନବର୍ଗକୁ	1	1	1	1	1CH 16:43
ପରିଜନବର୍ଗଙ୍କୁ	2	2	2	2	DEU 11:6
ପରିଜନମାନଙ୍କୁ	2	2	2	2	MAT 24:45
ପରିଜନାନୁସାରେ	1	1	1	1	EXO 12:21
ପରିଣତ	25	25	17	24	NEH 13:2
ପରିଣତକାରୀ	1	1	1	1	AMO 5:7
ପରିଣାମ	9	9	5	19	JOB 6:11
ପରିଣାମଦର୍ଶିତା	5	5	1	5	PRO 1:4
ପରିଣାମଦର୍ଶିତାରେ	1	1	1	0	ACT 24:2
ପରିଣାମର	2	2	2	3	DAN 11:35
ପରିତୃପ୍ତ	42	42	15	43	EXO 16:12
ପରିତ୍ରାଣ	187	187	31	200	EXO 15:2
ପରିତ୍ରାଣକୁ	3	3	2	3	PSA 40:16
ପରିତ୍ରାଣକ୍ରମେ	1	1	1	1	ISA 27:8
ପରିତ୍ରାଣଜନକ	1	1	1	1	2TI 3:15
ପରିତ୍ରାଣଜ୍ଞାନ	1	1	1	0	LUK 1:79
ପରିତ୍ରାଣବିଶିଷ୍ଟ	1	1	1	1	ZEC 9:9
ପରିତ୍ରାଣର	43	43	15	49	GEN 49:18
ପରିତ୍ରାଣରୂପ	4	4	4	3	2SA 22:36
ପରିତ୍ରାଣରେ	10	10	3	11	1SA 2:1
ପରିତ୍ରାଣସଂଯୁକ୍ତ	1	1	1	1	HEB 6:9
ପରିତ୍ରାଣସ୍ୱରୂପ	1	1	1	0	ACT 13:47
ପରିତ୍ରାଣାର୍ଥକ	1	1	1	1	PSA 31:2
ପରିତ୍ରାଣାର୍ଥେ	2	2	2	2	PSA 80:2
ପରିତ୍ୟକ୍ତ	17	17	10	20	1SA 30:9
ପରିତ୍ୟକ୍ତା	5	5	4	4	ISA 60:15
ପରିତ୍ୟାଗ	190	190	42	188	GEN 12:1
ପରିଦାର	1	1	1	1	NEH 7:57
ପରିଦିନ	1	1	1	0	ACT 7:26
ପରିଧାନ	69	69	30	68	GEN 28:20
ପରିଧାନକାରିଣୀ	1	1	1	1	SNG 1:7
ପରିଧି	3	3	3	3	1KI 7:23
ପରିଧିରେ	1	1	1	1	1KI 7:15
ପରିଧେୟ	9	9	5	9	GEN 49:11
ପରିନ୍ତ	1	1	1	0	ISA 5:28
ପରିପକ୍ୱ	4	4	3	3	LUK 8:14
ପରିପାଟୀ	1	1	1	1	1TI 2:9
ପରିପୁଷ୍ଟ	3	3	2	2	GEN 41:5
ପରିପୂର୍ଣ୍ଣ	202	202	46	204	GEN 1:22
ପରିପୂର୍ଣ୍ଣା	1	1	1	1	EZK 27:25
ପରିବର୍ତ୍ତ	1	1	1	1	JOB 28:17
ପରିବର୍ତ୍ତନ	85	85	24	82	GEN 31:7
ପରିବର୍ତ୍ତନର	6	6	3	1	MAT 3:8
ପରିବର୍ତ୍ତରେ	10	10	8	9	GEN 30:15
ପରିବର୍ତ୍ତିତ	18	18	12	18	EXO 14:5
ପରିବର୍ତ୍ତେ	22	22	8	25	GEN 44:33
ପରିବାର	40	40	19	51	GEN 12:17
ପରିବାରକୁ	11	11	7	13	GEN 45:18
ପରିବାରଙ୍କୁ	1	1	1	0	2TI 4:19
ପରିବାରବର୍ଗ	1	1	1	1	GEN 18:19
ପରିବାରବର୍ଗକୁ	1	1	1	0	2SA 19:18
ପରିବାରଭୁକ୍ତ	3	3	3	3	2SA 16:5
ପରିବାରର	9	9	7	14	EXO 12:48
ପରିବାରସ୍ଥ	1	1	1	1	ROM 16:10
ପରିବାରାଦି	1	1	1	1	GEN 45:11
ପରିବାରାନୁସାରେ	1	1	1	1	GEN 47:12
ପରିବେଷଣ	15	15	8	13	GEN 43:31
ପରିବେଷଣରେ	1	1	1	1	ACT 6:2
ପରିବେଷ୍ଟିତ	3	3	3	2	1KI 7:24
ପରିବ୍ୟାପ୍ତ	1	1	1	0	ROM 5:5
ପରିଭେଦକ	1	1	1	1	HEB 4:12
ପରିଭ୍ରମଣ	1	1	1	1	ACT 13:6
ପରିମାଣ	57	57	20	65	GEN 21:16
ପରିମାଣ-ରଜ୍ଜୁ	1	1	1	0	JER 31:39
ପରିମାଣନୁସାରେ	1	1	1	0	REV 21:17
ପରିମାଣପାତ୍ର	1	1	1	0	DEU 25:15
ପରିମାଣପୂର୍ବକ	1	1	1	0	EZK 4:16
ପରିମାଣବିଶିଷ୍ଟ	1	1	1	1	HAG 2:16
ପରିମାଣର	3	3	3	13	LEV 5:15
ପରିମାଣରେ	26	26	17	29	EXO 16:16
ପରିମାଣାନୁଯାୟୀ	1	1	1	1	1KI 7:36
ପରିମାଣାନୁସାରେ	17	17	9	14	EXO 16:4
ପରିମାପକ	15	15	8	16	JOB 38:5
ପରିମିତ	80	80	18	81	GEN 23:1
ପରିମିତଭୋଗୀ	1	1	1	1	1CO 9:25
ପରିଶୁକ୍ଳବର୍ଣ୍ଣ	1	1	1	0	EXO 16:31
ପରିଶୋଧ	70	70	24	70	GEN 9:5
ପରିଶୋଧର	1	1	1	1	LUK 6:35
ପରିଶୋଧରେ	25	25	6	25	GEN 4:23
ପରିଶ୍ରମ	74	74	31	74	GEN 31:42
ପରିଶ୍ରମକାରୀମାନଙ୍କ	1	1	1	1	EZK 48:18
ପରିଶ୍ରମକାରୀର	1	1	1	1	PRO 16:26
ପରିଶ୍ରମକୁ	2	2	2	2	PSA 104:23
ପରିଶ୍ରମର	11	11	7	12	DEU 28:33
ପରିଶ୍ରମରୁ	2	2	2	2	ECC 2:10
ପରିଶ୍ରମରେ	13	13	4	14	PRO 14:23
ପରିଶ୍ରମୀ	2	2	2	2	1KI 11:28
ପରିଶ୍ରମୀର	1	1	1	1	PRO 12:27
ପରିଶ୍ରା	9	9	4	0	GEN 19:11
ପରିଶ୍ରାନ୍ତମାନଙ୍କୁ	1	1	1	1	JOB 22:7
ପରିଷୀୟ	6	6	6	19	DEU 7:1
ପରିଷୀୟମାନଙ୍କୁ	1	1	1	2	JDG 1:5
ପରିଷ୍କାର	37	37	19	38	EXO 30:7
ପରିଷ୍କାରକ	1	1	1	1	MAL 3:3
ପରିଷ୍କାରକାରୀର	1	1	1	1	MAL 3:2
ପରିଷ୍କୃତ	29	29	16	29	LEV 6:28
ପରିହାସ	40	40	17	49	GEN 21:9
ପରିହାସକ	3	3	3	3	GEN 19:14
ପରିହାସକମାନେ	1	1	1	1	JOB 17:2
ପରିହାସଜନକ	1	1	1	1	HAB 2:6
ପରିହାସପୂର୍ବକ	1	1	1	1	LUK 23:11
ପରିହାସର	3	3	3	3	PSA 79:4
ପରିହାସାସ୍ପଦ	1	1	1	1	JER 48:26
ପରିହିତ	36	36	17	35	2SA 20:8
ପରିହିତା	3	3	2	3	JOL 1:8
ପରିୟୋଗର	1	1	1	0	EZR 8:3
ପରିୟୋଶର	2	2	2	5	EZR 10:25
ପରିୟୋଶ୍	1	1	1	1	NEH 10:14
ପରୀକ୍ଷକ	5	5	4	5	JER 20:12
ପରୀକ୍ଷା	111	111	35	121	GEN 22:1
ପରୀକ୍ଷାକାଳ	1	1	1	1	REV 3:10
ପରୀକ୍ଷାରୁ	1	1	1	1	2PE 2:9
ପରୀକ୍ଷାରେ	12	12	8	14	JOB 9:23
ପରୀକ୍ଷାସିଦ୍ଧ	19	19	11	21	DEU 4:34
ପରୀକ୍ଷିତ	19	19	12	22	JOB 34:36
ପରୀୟୋଶର	2	2	2	0	EZR 2:3
ପରୁ	1	1	1	1	NUM 11:5
ପରୁଦାର	1	1	1	1	EZR 2:55
ପରେ	242	242	17	363	JDG 11:4
ପରୋପକାର	2	2	2	1	1TI 6:18
ପରୋପକାରିତା	2	2	2	2	1CO 12:28
ପର୍କୀୟ	1	1	1	1	ACT 24:27
ପର୍ଗମ	2	2	1	3	REV 1:11
ପର୍ଗୀକୁ	1	1	1	0	ACT 13:13
ପର୍ଗୀଠାରୁ	1	1	1	0	ACT 13:14
ପର୍ଗୀରେ	1	1	1	1	ACT 14:25
ପର୍ଣ୍ଣକର	1	1	1	1	NUM 34:25
ପର୍ପର	1	1	1	1	2KI 5:12
ପର୍ବ	93	93	21	122	EXO 12:11
ପର୍ବକୁ	6	6	1	6	JHN 4:45
ପର୍ବତ	175	175	31	183	GEN 7:19
ପର୍ବତ-ନିବାସୀ	1	1	1	1	JDG 3:3
ପର୍ବତ-ପାର୍ଶ୍ୱସ୍ଥ	1	1	1	1	2SA 13:34
ପର୍ବତ-ଶିଖରରେ	1	1	1	0	1SA 26:13
ପର୍ବତ-ଶୃଙ୍ଗକୁ	1	1	1	1	JDG 16:3
ପର୍ବତ-ଶ୍ରେଣୀରୁ	1	1	1	1	NUM 23:7
ପର୍ବତ-ସକଳକୁ	1	1	1	0	EZK 38:21
ପର୍ବତକୁ	49	49	22	47	GEN 12:8
ପର୍ବତଗଣ	51	51	16	52	DEU 12:2
ପର୍ବତଗଣକୁ	14	14	7	15	1KI 19:11
ପର୍ବତଗଣଠାରୁ	1	1	1	1	PSA 76:4
ପର୍ବତଗଣର	27	27	12	26	GEN 8:5
ପର୍ବତଗଣରେ	1	1	1	1	PSA 147:8
ପର୍ବତଜ	1	1	1	0	ZEC 8:3
ପର୍ବତଠାରୁ	4	4	3	4	NUM 34:8
ପର୍ବତନିବାସୀ	2	2	2	2	GEN 14:6
ପର୍ବତନିର୍ଗତ	1	1	1	0	DEU 9:21
ପର୍ବତବାସିନୀ	1	1	1	1	AMO 4:1
ପର୍ବତବାସୀ	2	2	2	2	NUM 14:45
ପର୍ବତମାନ	4	4	4	4	GEN 7:20
ପର୍ବତମାନଙ୍କ	1	1	1	1	EZK 31:12
ପର୍ବତମାନଙ୍କୁ	1	1	1	1	LUK 23:30
ପର୍ବତମାନର	10	10	7	10	DEU 32:22
ପର୍ବତମାନରେ	3	3	3	3	1KI 22:17
ପର୍ବତମାଳ	1	1	1	1	ISA 49:13
ପର୍ବତମାଳାକୁ	4	4	4	4	JER 4:24
ପର୍ବତମାଳାର	1	1	1	1	REV 6:15
ପର୍ବତମାଳାରୁ	1	1	1	1	JER 4:15
ପର୍ବତମୟ	51	51	9	51	EXO 32:12
ପର୍ବତର	31	31	15	32	GEN 49:26
ପର୍ବତରୁ	37	37	20	36	EXO 19:3
ପର୍ବତରେ	122	122	31	129	GEN 19:30
ପର୍ବତଶୃଙ୍ଗ	3	3	2	3	NUM 14:40
ପର୍ବତଶୃଙ୍ଗରେ	2	2	2	1	NUM 20:28
ପର୍ବତଶ୍ରେଣୀ	3	3	3	3	JOB 39:8
ପର୍ବତଶ୍ରେଣୀସ୍ଥ	1	1	1	1	SNG 2:17
ପର୍ବତସକଳକୁ	1	1	1	0	EZK 38:8
ପର୍ବତସକଳରେ	2	2	1	0	EZK 34:6
ପର୍ବତସବୁ	1	1	1	1	EZK 38:20
ପର୍ବତସବୁକୁ	1	1	1	1	ISA 49:11
ପର୍ବତସମୂହର	1	1	1	1	EZK 39:2
ପର୍ବତସମୂହରେ	1	1	1	1	EZK 19:9
ପର୍ବତସ୍ଥ	13	13	8	13	GEN 36:9
ପର୍ବତସ୍ଥିତ	2	2	2	2	1SA 7:1
ପର୍ବତାରୋହଣ	1	1	1	1	EXO 19:12
ପର୍ବପାଳନକାରୀ	1	1	1	1	PSA 42:4
ପର୍ବମାନ	1	1	1	1	ISA 29:1
ପର୍ବମାନଙ୍କରେ	1	1	1	2	NUM 29:39
ପର୍ବମାନର	2	2	1	2	EZK 36:38
ପର୍ବର	40	40	11	50	LEV 23:37
ପର୍ବରେ	9	9	5	12	NUM 10:10
ପର୍ବସବୁ	2	2	2	2	ISA 1:14
ପର୍ବସବୁରେ	2	2	2	2	1CH 23:31
ପର୍ବାଦିର	2	2	2	2	2CH 31:3
ପର୍ବାଦିରେ	1	1	1	1	EZK 45:17
ପର୍ବୀୟ	2	2	1	2	EXO 12:21
ପର୍ବୟିମ	1	1	1	1	2CH 3:6
ପର୍ମସ୍ତ	1	1	1	1	EST 9:9
ପର୍ଯ୍ୟଟନକାରୀ	1	1	1	1	ZEC 4:10
ପର୍ଯ୍ୟନ୍ତ	1230	1230	54	1357	GEN 3:19
ପର୍ଯ୍ୟନ୍ତଣଜୀବିତ	1	1	1	0	1CO 15:6
ପର୍ଯ୍ୟାୟ	1	1	1	0	JOB 15:1
ପର୍ଶନ୍ଦାଥ	1	1	1	1	EST 9:7
ପର୍ଶିଙ୍କି	1	1	1	0	ROM 16:12
ପଲ	75	75	23	76	GEN 24:35
ପଲକମାତ୍ର	1	1	1	0	PRO 12:19
ପଲକରେ	1	1	1	1	1CO 15:52
ପଲକୁ	10	10	6	10	GEN 29:10
ପଲଙ୍କ	1	1	1	1	JOB 7:13
ପଲଙ୍କରେ	1	1	1	1	PRO 7:16
ପଲପରି	1	1	1	1	EZK 36:37
ପଲମରେ	4	4	2	4	LEV 2:5
ପଲମାନଙ୍କୁ	1	1	1	2	JER 33:12
ପଲଯାକ	1	1	1	1	MAT 8:32
ପଲର	28	28	17	29	GEN 4:4
ପଲରକ୍ଷକ	3	3	3	2	JOB 30:1
ପଲରକ୍ଷକମାନେ	1	1	1	1	NAM 3:18
ପଲରୁ	17	17	8	19	GEN 21:28
ପଲଲୀୟ	1	1	1	1	NEH 11:12
ପଲଲୀୟର	1	1	1	1	NEH 11:12
ପଲସବୁ	1	1	1	1	JER 10:21
ପଲସବୁକୁ	1	1	1	1	PSA 78:48
ପଲାଟୀୟ	1	1	1	0	NEH 10:22
ପଲାୟ	2	2	1	2	NEH 8:7
ପଲେଥୀୟ	3	3	2	3	2SA 15:18
ପଲେଥୀୟମାନଙ୍କ	3	3	2	3	2SA 8:18
ପଲେଥୀୟମାନଙ୍କୁ	1	1	1	1	1KI 1:44
ପଲେଷ୍ଟୀୟ	60	60	11	64	GEN 26:8
ପଲେଷ୍ଟୀୟ-ମାନଙ୍କ	8	8	6	0	JDG 15:12
ପଲେଷ୍ଟୀୟ-ମାନଙ୍କର	4	4	3	0	1SA 7:13
ପଲେଷ୍ଟୀୟ-ମାନଙ୍କୁ	1	1	1	0	2KI 18:8
ପଲେଷ୍ଟୀୟ-ମାନେ	1	1	1	0	1SA 29:11
ପଲେଷ୍ଟୀୟକୁ	7	7	2	7	1SA 17:26
ପଲେଷ୍ଟୀୟଗଣ	1	1	1	1	1CH 18:11
ପଲେଷ୍ଟୀୟମାନଙ୍କ	112	112	13	123	GEN 10:14
ପଲେଷ୍ଟୀୟମାନଙ୍କଠାରୁ	2	2	1	2	JDG 10:11
ପଲେଷ୍ଟୀୟମାନଙ୍କର	12	12	9	16	EXO 23:31
ପଲେଷ୍ଟୀୟମାନଙ୍କୁ	13	13	4	14	1SA 14:31
ପଲେଷ୍ଟୀୟମାନେ	66	66	8	68	GEN 26:18
ପଲେଷ୍ଟୀୟର	4	4	1	5	1SA 17:11
ପଲେଷ୍ଟୀୟା	3	3	1	3	PSA 60:8
ପଲେଷ୍ଟୀୟାର	1	1	1	1	JOL 3:4
ପଲେଷ୍ଟୀୟେ	2	2	1	2	ISA 14:29
ପଲୋନୀୟ	3	3	1	3	1CH 11:27
ପଲ୍ଟି	1	1	1	1	NUM 13:9
ପଲ୍ଟିକି	1	1	1	0	1SA 25:44
ପଲ୍ଟିୟେଲ	1	1	1	0	NUM 34:26
ପଲ୍ଟୀୟ	1	1	1	1	2SA 23:26
ପଲ୍ଟୀୟେଲ	1	1	1	2	2SA 3:15
ପଲ୍ଲବ	9	9	5	9	GEN 8:11
ପଲ୍ଲବମାନର	1	1	1	1	EZK 17:22
ପଲ୍ଲବର	1	1	1	1	EZK 17:4
ପଲ୍ଲବରୁ	1	1	1	1	DAN 11:7
ପଲ୍ଲବିତ	8	8	6	9	GEN 40:10
ପଲ୍ଲୀ	1	1	1	1	MRK 6:36
ପଲ୍ଲୀ-ଗ୍ରାମରୁଆସି	1	1	1	0	MRK 15:21
ପଲ୍ଲୀଗୁଡ଼ିକରେ	1	1	1	1	LUK 8:34
ପଲ୍ଲୀଗ୍ରାମକୁ	1	1	1	1	MRK 16:12
ପଲ୍ଲୀଗ୍ରାମଗୁଡ଼ିକରୁ	1	1	1	1	JHN 11:55
ପଲ୍ଲୀଗ୍ରାମଗୁଡ଼ିକରେ	1	1	1	0	LUK 21:21
ପଲ୍ଲୀଗ୍ରାମରୁ	1	1	1	2	LUK 23:26
ପଲ୍ଲୀଗ୍ରାମରେ	1	1	1	2	SNG 7:11
ପଲ୍ଲୀରୁ	1	1	1	1	JER 37:21
ପଲ୍ଲୁ	3	3	3	0	GEN 46:9
ପଲ୍ଲୂଠାରୁ	1	1	1	1	NUM 26:5
ପଲ୍ଲୂର	1	1	1	1	NUM 26:8
ପଲ୍ଲୂୟୀୟ	1	1	1	1	NUM 26:5
ପଲ୍ଳବିତ	1	1	1	0	LUK 21:30
ପଲ୍ଳୀଗୁଡ଼ିକରେ	1	1	1	0	MRK 5:14
ପଲ୍ଳୀଗୁଡ଼ିକୁ	1	1	1	0	LUK 9:12
ପଲ୍ଳୀରେ	1	1	1	0	MRK 6:56
ପଳାଅ	12	12	6	13	GEN 19:17
ପଳାଅନ୍ତ	1	1	1	0	ISA 48:20
ପଳାଇ	84	84	25	80	GEN 14:10
ପଳାଇଅଛନ୍ତି	2	2	2	1	2SA 19:9
ପଳାଇଅଛି	2	2	2	2	NUM 35:26
ପଳାଇଗଲା	6	6	4	6	GEN 16:6
ପଳାଇଗଲେ	11	11	6	12	EXO 4:3
ପଳାଇବ	8	8	6	8	DEU 28:25
ପଳାଇବା	14	14	10	14	GEN 35:1
ପଳାଇବାକୁ	5	5	5	5	GEN 19:20
ପଳାଇବାର	4	4	4	4	2SA 10:14
ପଳାଇବି	1	1	1	1	PSA 139:7
ପଳାଇବୁ	3	3	2	3	JOS 8:5
ପଳାଇବେ	6	6	6	6	LEV 26:36
ପଳାଇଯାଅ	2	2	2	1	2KI 9:3
ପଳାଇଯାଇ	3	3	3	3	MRK 5:14
ପଳାଇଯାଉନ୍ତୁ	1	1	1	1	MRK 13:14
ପଳାଇଯାଏ	2	2	2	2	JOB 9:25
ପଳାଇଯିବ	3	3	3	4	ISA 51:11
ପଳାଇଯିବା	1	1	1	1	ACT 27:30
ପଳାଇଯିବେ	1	1	1	1	JHN 10:5
ପଳାଇଲା	6	6	4	7	LEV 26:36
ପଳାଇଲାନ୍ତ	1	1	1	0	PSA 114:3
ପଳାଇଲି	1	1	1	1	JON 4:2
ପଳାଇଲୁ	1	1	1	1	ISA 20:6
ପଳାଇଲେ	46	46	12	46	JOS 7:4
ପଳାଉ	4	4	2	4	JOS 8:6
ପଳାଉଅଛ	1	1	1	1	PSA 114:5
ପଳାଉଅଛନ୍ତି	2	2	2	2	ISA 15:5
ପଳାଉଅଛି	1	1	1	1	GEN 16:8
ପଳାଉଥିଲେ	2	2	2	2	JOS 8:20
ପଳାଉନ୍ତୁ	1	1	1	1	PSA 68:1
ପଳାଏ	7	7	7	7	DEU 19:11
ପଳାତକ	18	18	7	18	GEN 4:12
ପଳାତକଗଣ	1	1	1	1	ISA 43:14
ପଳାତକମାନଙ୍କ	1	1	1	1	ISA 21:14
ପଳାତକମାନଙ୍କୁ	2	2	2	2	JER 39:9
ପଳାତକମାନେ	1	1	1	1	JER 50:28
ପଳାନ୍ତି	2	2	2	2	EZK 7:16
ପଳାନ୍ତେ	1	1	1	1	2SA 23:9
ପଳାୟନ	46	46	21	54	GEN 31:21
ପଳାୟନ-ଉପାୟ	1	1	1	0	AMO 2:14
ପଳାୟନକାରୀ	1	1	1	1	JOS 20:4
ପଳାୟନକାରୀମାନଙ୍କୁ	2	2	2	2	2KI 25:11
ପଳାୟନକାଳୀନ	1	1	1	1	PSA 3:1
ପଳାୟନର	1	1	1	1	GEN 31:20
ପଶ	1	1	1	0	PRO 4:14
ପଶଦମ୍ମୀମରେ	1	1	1	1	1CH 11:13
ପଶନ୍ତି	1	1	1	1	JOL 2:8
ପଶହୂର	2	2	1	0	JER 38:1
ପଶହୂରର	1	1	1	0	EZR 10:22
ପଶି	6	6	5	6	2SA 19:17
ପଶିଗଲା	1	1	1	1	JDG 3:22
ପଶିବା	2	2	2	2	MRK 5:12
ପଶିବୁ	1	1	1	1	MRK 9:25
ପଶିଯାଇ	1	1	1	1	1CH 11:18
ପଶିଯାଏ	1	1	1	1	JHN 5:7
ପଶିଯା’ନ୍ତେ	1	1	1	1	1SA 17:49
ପଶିଲେ	4	4	4	4	MAT 8:32
ପଶୁ	189	189	37	198	GEN 1:30
ପଶୁକୁ	27	27	6	30	EXO 22:5
ପଶୁଗଣ	45	45	17	44	GEN 1:26
ପଶୁଗଣକୁ	15	15	10	16	EXO 17:3
ପଶୁଗଣର	14	14	9	14	GEN 33:14
ପଶୁଗୁଡ଼ିକ	1	1	1	1	MAT 22:4
ପଶୁଜାତିର	2	2	1	2	GEN 7:2
ପଶୁଟି	1	1	1	0	LUK 15:30
ପଶୁଟିଏ	1	1	1	0	LUK 15:27
ପଶୁଠାରୁ	3	3	3	3	GEN 9:5
ପଶୁଠାରେ	1	1	1	1	LEV 18:23
ପଶୁତୁଲ୍ୟ	1	1	1	0	TIT 1:12
ପଶୁଧନ	3	3	2	3	GEN 31:9
ପଶୁପକ୍ଷୀବର୍ଗ	1	1	1	1	GEN 7:8
ପଶୁପଲ	27	27	12	27	GEN 30:36
ପଶୁପଲର	7	7	5	7	GEN 47:6
ପଶୁପଲସବୁ	1	1	1	1	JER 49:29
ପଶୁପାଳକ	4	4	1	4	GEN 13:7
ପଶୁପାଳକ-ମାନଙ୍କ	1	1	1	0	1SA 21:7
ପଶୁପାଳକମାନଙ୍କ	2	2	1	3	GEN 13:8
ପଶୁପାଳକମାନଙ୍କର	3	3	2	3	GEN 4:20
ପଶୁପାଳକମାନେ	2	2	1	2	GEN 26:20
ପଶୁଫଳରେ	2	2	1	1	DEU 28:11
ପଶୁବତ୍	10	10	5	9	PSA 49:10
ପଶୁବଳି	1	1	1	1	ACT 7:42
ପଶୁବୋବାଳିପୂର୍ଣ୍ଣ	1	1	1	1	DEU 32:10
ପଶୁବ୍ୟବସାୟୀ	1	1	1	0	GEN 46:34
ପଶୁମାନଙ୍କ	25	25	14	33	GEN 3:1
ପଶୁମାନଙ୍କଠାରୁ	2	2	1	2	DAN 7:7
ପଶୁମାନଙ୍କଠାରେ	1	1	1	1	EXO 8:17
ପଶୁମାନଙ୍କପ୍ରଥମଜାତ	1	1	1	0	EXO 12:29
ପଶୁମାନଙ୍କର	3	3	3	3	EXO 11:5
ପଶୁମାନଙ୍କୁ	14	14	9	17	GEN 30:31
ପଶୁମାନେ	10	10	8	12	GEN 30:39
ପଶୁର	44	44	14	45	EXO 12:12
ପଶୁରୂପ	1	1	1	0	JER 31:27
ପଶୁରେ	1	1	1	1	NAM 2:12
ପଶୁଶାଳାର	1	1	1	0	JOB 5:24
ପଶୁଶୂନ୍ୟ	5	5	1	5	JER 32:43
ପଶୁସକଳ	4	4	3	4	NUM 32:26
ପଶୁସକଳର	1	1	1	1	EZK 34:8
ପଶୁସବୁ	4	4	3	4	PSA 50:11
ପଶୁସ୍ୱାମୀ	1	1	1	0	EXO 22:11
ପଶ୍ଚାତର	1	1	1	0	AMO 7:1
ପଶ୍ଚାତରେ	7	7	4	9	ISA 9:12
ପଶ୍ଚାତ୍	54	54	23	38	GEN 41:27
ପଶ୍ଚାତ୍ଗମନ	8	8	7	9	2SA 20:2
ପଶ୍ଚାତ୍ଗମନରୁ	6	6	3	6	2SA 2:21
ପଶ୍ଚାତ୍ଗାମୀ	9	9	4	7	2SA 23:10
ପଶ୍ଚାତ୍ପଦ	4	4	2	2	2SA 19:11
ପଶ୍ଚାତ୍ଭାଗ	2	2	1	2	1KI 6:16
ପଶ୍ଚାତ୍ରେ	2	2	1	0	EZK 3:12
ପଶ୍ଚାଦଗାମୀ	1	1	1	1	EZK 16:34
ପଶ୍ଚାଦ୍	2	2	2	2	EXO 36:28
ପଶ୍ଚାଦ୍-ଗମନ	1	1	1	0	JER 2:8
ପଶ୍ଚାଦ୍-ଗମନରୁ	2	2	1	0	1SA 14:46
ପଶ୍ଚାଦ୍-ଧାବନମାତ୍ର	1	1	1	0	ECC 1:14
ପଶ୍ଚାଦ୍ଗତି	1	1	1	1	GEN 9:23
ପଶ୍ଚାଦ୍ଗମନ	21	21	13	18	NUM 16:25
ପଶ୍ଚାଦ୍ଗମନରୁ	10	10	7	12	NUM 32:15
ପଶ୍ଚାଦ୍ଗାମିନୀ	1	1	1	1	JER 2:25
ପଶ୍ଚାଦ୍ଗାମୀ	32	32	16	33	GEN 32:19
ପଶ୍ଚାଦ୍ଦିଗରୁ	1	1	1	1	2SA 13:34
ପଶ୍ଚାଦ୍ଦିଗରେ	1	1	1	1	2CH 13:13
ପଶ୍ଚାଦ୍ଧାବନ	2	2	1	8	ECC 1:17
ପଶ୍ଚାଦ୍ଧାବନମାତ୍ର	6	6	1	1	ECC 2:11
ପଶ୍ଚାଦ୍ବର୍ତ୍ତିନୀ	1	1	1	1	PSA 45:14
ପଶ୍ଚାଦ୍ବର୍ତ୍ତୀ	14	14	10	11	GEN 41:31
ପଶ୍ଚାଦ୍ଭାଗ	1	1	1	1	JOL 2:20
ପଶ୍ଚାଦ୍ଭାଗର	1	1	1	1	EXO 26:23
ପଶ୍ଚାଦ୍ଭାଗରେ	1	1	1	1	EXO 3:1
ପଶ୍ଚାଦ୍ଭାଗସବୁ	1	1	1	1	2CH 4:4
ପଶ୍ଚିମ	85	85	15	90	GEN 13:14
ପଶ୍ଚିମକୁ	2	2	2	2	1KI 7:25
ପଶ୍ଚିମଦିଗ	1	1	1	1	MAT 24:27
ପଶ୍ଚିମଦିଗର	1	1	1	0	1CH 26:16
ପଶ୍ଚିମଦିଗରେ	2	2	1	0	1CH 26:18
ପଶ୍ଚିମରୁ	2	2	2	2	PSA 107:2
ପଶ୍ଚିମରେ	5	5	3	5	GEN 12:8
ପଶ୍ଚିମସ୍ଥ	1	1	1	1	JOS 11:2
ପଶ୍ଚିମାଭିମୁଖ	1	1	1	1	JOS 18:14
ପଶ୍ହୂର	7	7	2	10	NEH 10:3
ପଶ୍ହୂରକୁ	1	1	1	1	JER 21:1
ପଶ୍ହୂରର	4	4	3	5	1CH 9:12
ପଶ୍ୱାଦି	6	6	2	6	GEN 8:1
ପଶ୍ୱାଦିର	1	1	1	1	EXO 13:15
ପସନ୍ଦ	14	14	9	14	GEN 6:2
ପସୁରୀ	6	6	1	6	2KI 7:1
ପହଁରି	2	2	1	2	ACT 27:42
ପହଁରିବା	3	3	2	3	ISA 25:11
ପହଁରୁଅଛ	1	1	1	1	EZK 32:6
ପହଞ୍ଚନ୍ତେ	1	1	1	1	ACT 21:17
ପହଞ୍ଚି	10	10	5	14	DEU 1:24
ପହଞ୍ଚିବା	2	2	2	6	GEN 48:7
ପହଞ୍ଚିଲା	7	7	7	9	JDG 19:29
ପହଞ୍ଚିଲୁ	6	6	2	5	DEU 1:19
ପହଞ୍ଚିଲେ	11	11	7	15	1SA 9:13
ପହଞ୍ଚୁଅଛି	1	1	1	0	MIC 1:9
ପହଣ୍ଡେ	1	1	1	0	1SA 20:3
ପହତ୍-ମୋୟାବ	1	1	1	1	NEH 10:14
ପହତ୍-ମୋୟାବର	5	5	2	5	EZR 2:6
ପହରରେ	1	1	1	0	MAT 24:43
ପହରା	1	1	1	1	ISA 21:8
ପହରାରେ	1	1	1	1	NEH 7:3
ପହୁଞ୍ଚାଇ	4	4	4	1	NUM 35:25
ପହୁଞ୍ଚାଇଅଛନ୍ତି	1	1	1	0	OBA 1:7
ପହୁଞ୍ଚି	1	1	1	1	JDG 3:27
ପହୁଞ୍ଚିବା	4	4	4	0	GEN 37:18
ପହୁଞ୍ଚିଲା	3	3	3	0	2SA 18:31
ପହୁଞ୍ଚିଲାଣି	1	1	1	0	DEU 31:14
ପହୁଞ୍ଚିଲେ	1	1	1	0	2KI 5:6
ପା	1	1	1	0	JOB 9:12
ପାଅ	14	14	11	13	EXO 5:11
ପାଆନ୍ତା	2	2	2	2	MAT 24:22
ପାଆନ୍ତି	50	50	23	50	1SA 16:23
ପାଆନ୍ତେ	2	2	2	2	1SA 31:11
ପାଇ	189	189	45	193	GEN 3:7
ପାଇଁ	2247	2247	63	2379	GEN 1:15
ପାଇଁଜ	1	1	1	0	ISA 42:6
ପାଇଁଜଗି	1	1	1	0	JER 31:28
ପାଇଁତୁମ୍ଭେ	1	1	1	0	EXO 9:1
ପାଇଁଯେଉଁମାନଙ୍କୁ	1	1	1	0	2SA 7:7
ପାଇଁସୀମା	1	1	1	0	EXO 19:21
ପାଇଅଛ	27	27	21	30	EXO 23:15
ପାଇଅଛନ୍ତି	28	28	16	27	NUM 34:14
ପାଇଅଛି	67	67	31	69	GEN 48:22
ପାଇଅଛିଦ	1	1	1	0	ACT 20:24
ପାଇଅଛୁ	24	24	13	28	LEV 8:35
ପାଇକରମାନେ	2	2	2	1	1KI 10:15
ପାଇଥାଆନ୍ତି	1	1	1	0	MAT 25:27
ପାଇଥାଉ	1	1	1	1	1JN 3:22
ପାଇଥାଏ	5	5	4	5	GEN 50:4
ପାଇଥା’ନ୍ତେ	1	1	1	0	1SA 14:30
ପାଇଥିବା	2	2	2	8	PRO 16:22
ପାଇଥିବାରୁ	3	3	3	3	ROM 2:19
ପାଇଥିଲ	2	2	2	2	ACT 19:2
ପାଇଥିଲା	10	10	5	10	EXO 10:15
ପାଇଥିଲି	4	4	4	4	1KI 10:6
ପାଇଥିଲୁ	3	3	3	3	GEN 44:8
ପାଇଥିଲେ	10	10	6	12	NUM 36:2
ପାଇନାହିଁ	1	1	1	1	NUM 11:11
ପାଇପାର	2	2	1	2	JOB 11:7
ପାଇପାରିଲି	1	1	1	1	SNG 5:6
ପାଇପାରେ	3	3	3	3	JDG 17:8
ପାଇବ	215	215	49	218	GEN 3:5
ପାଇବଣ	1	1	1	0	EZK 17:15
ପାଇବା	87	87	38	94	GEN 27:41
ପାଇବାକୁ	35	35	17	36	LEV 14:32
ପାଇବାର	8	8	7	9	GEN 32:10
ପାଇବାରୁ	17	17	10	17	NUM 24:11
ପାଇବି	16	16	11	16	NUM 11:13
ପାଇବୁ	6	6	4	6	2SA 15:14
ପାଇବେ	76	76	30	80	GEN 28:14
ପାଇଲ	8	8	6	8	GEN 27:20
ପାଇଲା	69	69	27	67	GEN 24:67
ପାଇଲାଣି	1	1	1	1	JAS 5:2
ପାଇଲି	27	27	19	27	GEN 33:10
ପାଇଲୁ	11	11	8	10	GEN 26:32
ପାଇଲେ	167	167	40	164	GEN 4:14
ପାଉ	21	21	12	23	GEN 36:39
ପାଉଁଶରେ	2	2	2	3	MAT 11:21
ପାଉଅଛ	9	9	7	9	PSA 52:3
ପାଉଅଛନ୍ତି	2	2	2	2	2SA 24:3
ପାଉଅଛି	14	14	10	14	NUM 24:4
ପାଉଅଛୁ	3	3	3	4	LAM 5:9
ପାଉଛୁ	1	1	1	0	LUK 23:40
ପାଉଣା	2	2	1	0	LUK 16:5
ପାଉଣ୍ଡ	3	3	2	4	EZR 2:69
ପାଉଥାଏ	1	1	1	1	LEV 13:10
ପାଉଥିବା	8	8	7	8	JOB 13:28
ପାଉଥିଲା	1	1	1	1	ACT 6:1
ପାଉଥିଲେ	1	1	1	4	REV 12:2
ପାଉନ୍ତୁ	1	1	1	1	1SA 25:8
ପାଉଲ	110	110	15	212	ACT 13:9
ପାଉଲଙ୍କ	18	18	1	91	ACT 13:7
ପାଉଲଙ୍କର	3	3	2	20	ACT 16:14
ପାଉଲଙ୍କୁ	27	27	1	30	ACT 14:19
ପାଏ	117	117	26	118	GEN 27:4
ପାକ	31	31	13	24	EXO 16:23
ପାକସ୍ଥଳୀ	1	1	1	1	DEU 18:3
ପାକୁଳି	11	11	2	11	LEV 11:3
ପାଖ	6	6	6	8	1SA 26:7
ପାଖକୁ	80	80	15	113	GEN 19:5
ପାଖରୁ	16	16	8	17	GEN 16:6
ପାଖରେ	128	128	25	139	GEN 24:30
ପାଖେ	13	13	7	13	JOS 15:4
ପାଗ	12	12	5	5	EXO 28:4
ପାଗକୁ	1	1	1	0	EXO 28:39
ପାଗର	1	1	1	0	EXO 28:37
ପାଗରେ	1	1	1	0	LEV 16:4
ପାଗଳ	6	6	4	7	JHN 10:20
ପାଚକ	1	1	1	1	1SA 9:24
ପାଚକକୁ	1	1	1	1	1SA 9:23
ପାଚିଅଛି	1	1	1	1	JOL 3:13
ପାଚିକା	1	1	1	1	1SA 8:13
ପାଚିଗଲାଣି	1	1	1	1	JHN 4:35
ପାଚିବାର	1	1	1	1	AMO 4:7
ପାଚିଲା	1	1	1	1	GEN 40:10
ପାଚିଲାକ୍ଷଣି	1	1	1	1	MRK 4:29
ପାଚୁଥିବା	1	1	1	1	ISA 18:5
ପାଚେରି	1	1	1	0	2CO 11:33
ପାଚେରିସବୁ	1	1	1	0	PRO 24:31
ପାଚେରୀ	4	4	3	4	2SA 20:15
ପାଛୁଡ଼ି	2	2	2	2	PRO 20:26
ପାଞ୍ଚ	200	200	26	215	GEN 5:6
ପାଞ୍ଚଗୁଣ	1	1	1	1	GEN 43:34
ପାଞ୍ଚଗୋଟି	2	2	2	1	EXO 26:37
ପାଞ୍ଚଜଣଙ୍କୁ	1	1	1	1	GEN 47:2
ପାଞ୍ଚଟା	2	2	1	2	MAT 20:6
ପାଞ୍ଚଟି	2	2	1	6	1SA 21:3
ପାଞ୍ଚଣ	6	6	6	7	JDG 3:31
ପାଞ୍ଚଣ-ତଳ	1	1	1	0	LEV 27:32
ପାଞ୍ଚଶତ	2	2	1	2	EXO 30:23
ପାଞ୍ଚଶହ	23	23	6	22	GEN 5:30
ପାଞ୍ଚହଜାର	5	5	4	0	EZK 45:6
ପାଞ୍ଚୁଅଛ	2	2	2	1	GEN 42:36
ପାଞ୍ଚେ	1	1	1	1	PRO 21:10
ପାଞ୍ଚୋଟି	21	21	8	18	1SA 17:40
ପାଟଗଦି	1	1	1	1	AMO 3:12
ପାଟି	8	8	5	8	GEN 39:14
ପାଟିରେ	2	2	2	2	LUK 23:23
ପାଠ	74	74	22	73	EXO 17:14
ପାଠକ	2	2	2	5	MAT 24:15
ପାଣି	11	11	6	18	JOS 7:5
ପାଣିକି	1	1	1	0	JHN 2:9
ପାଣିକୁଆ	2	2	2	2	LEV 11:17
ପାଣିଭେଳା	5	5	5	6	LEV 11:18
ପାଣିରେ	5	5	4	5	MAT 17:15
ପାଣ୍ଡିତ୍ୟ	3	3	1	3	PRO 9:9
ପାଣ୍ଡିତ୍ୟରେ	1	1	1	1	PRO 1:5
ପାଣ୍ଡୁବର୍ଣ୍ଣ	1	1	1	0	REV 6:8
ପାଣ୍ଡୁରବର୍ଣ୍ଣ	3	3	1	3	ZEC 1:8
ପାତନ୍ତି	2	2	2	2	PSA 38:12
ପାତଳ	2	2	2	1	EXO 39:3
ପାତାରାକୁ	1	1	1	0	ACT 21:1
ପାତାଳ	24	24	12	23	DEU 32:22
ପାତାଳ-କୁଣ୍ଡର	1	1	1	0	REV 9:2
ପାତାଳକୁ	19	19	10	20	GEN 44:29
ପାତାଳକୁଣ୍ଡ	1	1	1	1	REV 9:2
ପାତାଳକୁଣ୍ଡର	2	2	1	4	REV 9:1
ପାତାଳକୁଣ୍ଡରୁ	2	2	1	2	REV 11:7
ପାତାଳକୁଣ୍ଡରେ	1	1	1	1	REV 20:3
ପାତାଳଠାରୁ	1	1	1	1	JOB 11:8
ପାତାଳର	15	15	9	16	2SA 22:6
ପାତାଳରୁ	3	3	2	3	PSA 30:3
ପାତାଳରେ	10	10	6	9	JOB 14:13
ପାତି	12	12	9	7	2KI 1:13
ପାତିଅଛ	1	1	1	1	ISA 57:7
ପାତିଅଛନ୍ତି	8	8	5	8	PSA 31:4
ପାତିଅଛୁ	1	1	1	1	JER 50:24
ପାତିତ	5	5	4	4	PSA 79:10
ପାତିଥିଲେ	1	1	1	1	PSA 9:15
ପାତିଦେଲେ	1	1	1	1	MAT 21:7
ପାତିବ	1	1	1	1	JOB 18:1
ପାତିବା	1	1	1	1	PRO 1:17
ପାତିବାକୁ	1	1	1	1	PSA 64:5
ପାତୁଅଛ	1	1	1	1	1SA 28:9
ପାତୁନ୍ତ	1	1	1	0	PSA 95:6
ପାତ୍ମ	1	1	1	2	REV 1:9
ପାତ୍ର	317	317	46	369	GEN 40:11
ପାତ୍ରକୁ	3	3	3	5	1KI 7:24
ପାତ୍ରଗୁଡ଼ାକପ୍ରତି	1	1	1	0	ROM 9:22
ପାତ୍ରଗୁଡ଼ିକ	1	1	1	1	MRK 7:4
ପାତ୍ରଟି	1	1	1	1	ACT 10:16
ପାତ୍ରଣ	3	3	2	0	ISA 5:20
ପାତ୍ରଧାରୀ	1	1	1	1	REV 17:1
ପାତ୍ରବା	1	1	1	1	ROM 16:14
ପାତ୍ରବାହକଗଣ	2	2	2	2	2CH 9:4
ପାତ୍ରମନ୍ତ୍ରୀମାନେ	1	1	1	1	REV 6:15
ପାତ୍ରର	5	5	5	7	EXO 25:9
ପାତ୍ରରୁ	6	6	5	7	1SA 9:7
ପାତ୍ରରେ	44	44	22	48	GEN 40:11
ପାତ୍ରସକଳ	15	15	7	18	EXO 35:13
ପାତ୍ରସବୁ	15	15	8	11	EXO 12:34
ପାତ୍ରସବୁର	1	1	1	1	ZEC 14:20
ପାତ୍ରସ୍ଥିତ	4	4	2	4	EXO 12:22
ପାତ୍ରହେବେ	1	1	1	0	2KI 22:18
ପାତ୍ରାଦି	3	3	2	3	EXO 31:8
ପାତ୍ରାଦିରେ	1	1	1	1	2KI 7:15
ପାତ୍ରୀ	6	6	4	6	HOS 1:6
ପାତ୍ରୀଣ	1	1	1	0	EZK 13:18
ପାଥେୟ	7	7	3	8	GEN 42:25
ପାଥେୟ-ସାମଗ୍ରୀ	1	1	1	0	JOS 1:11
ପାଦ	153	153	30	167	GEN 8:9
ପାଦ-ଗତିରେ	1	1	1	0	MAT 14:13
ପାଦ-ବିକ୍ଷେପର	1	1	1	0	2SA 22:37
ପାଦ-ବୃଦ୍ଧାଙ୍ଗୁଳିରେ	2	2	1	0	LEV 14:17
ପାଦ-ଶଦ୍ଦ	1	1	1	0	1KI 14:6
ପାଦକୁ	6	6	6	6	2SA 22:34
ପାଦଗତି	7	7	3	7	JOB 14:16
ପାଦଗତିର	1	1	1	1	JOB 31:37
ପାଦଗତିରେ	5	5	4	5	EXO 12:37
ପାଦତଳେ	2	2	2	1	2KI 9:33
ପାଦଦ୍ୱୟ	1	1	1	1	EZK 16:25
ପାଦଧୂଳି	3	3	3	3	NAM 1:3
ପାଦପୀଠ	11	11	9	11	1CH 28:2
ପାଦପୀଠର	2	2	2	2	ISA 60:13
ପାଦପୀଠରେ	2	2	1	2	PSA 99:5
ପାଦପ୍ରକ୍ଷାଳନ	2	2	2	0	GEN 24:32
ପାଦବିକ୍ଷେପ	5	5	5	3	PSA 73:2
ପାଦଭୂମିସ୍ଥ	1	1	1	1	DEU 3:17
ପାଦମୂଳ	2	2	2	2	GEN 25:26
ପାଦର	12	12	6	19	EXO 29:20
ପାଦରଣଧୂଳି	1	1	1	0	ACT 13:51
ପାଦରୁ	6	6	6	6	EXO 3:5
ପାଦରେ	27	27	17	30	EXO 12:11
ପାଦରୋଗଗ୍ରସ୍ତ	1	1	1	1	2CH 16:12
ପାଦଶିରା	2	2	1	2	JOS 11:6
ପାଦସଞ୍ଚାର	1	1	1	1	ISA 3:16
ପାଦସ୍ଥିତ	1	1	1	1	1KI 2:5
ପାଦୁକା	23	23	14	23	EXO 3:5
ପାଦୁକାର	4	4	4	4	ISA 5:27
ପାଦୁକାରହିତ	1	1	1	1	JER 2:25
ପାଦୁକାରେ	2	2	2	2	1KI 2:5
ପାଦୋନର	2	2	2	2	EZR 2:44
ପାନ	286	286	43	298	GEN 9:21
ପାନକାରୀ	1	1	1	1	JOB 15:16
ପାନଦ୍ରବ୍ୟ	1	1	1	1	EST 1:7
ପାନପାତ୍ର	28	28	14	34	GEN 40:11
ପାନପାତ୍ରଠାରୁ	1	1	1	1	ISA 22:24
ପାନପାତ୍ରବାହକ	8	8	2	4	GEN 40:1
ପାନପାତ୍ରବାହକଗଣ	1	1	1	1	1KI 10:5
ପାନପାତ୍ରବାହକର	1	1	1	0	GEN 40:20
ପାନପାତ୍ରବାହାକକୁ	1	1	1	0	GEN 40:21
ପାନପାତ୍ରର	3	3	1	3	PSA 11:6
ପାନପାତ୍ରରୁ	1	1	1	1	1CO 11:26
ପାନପାତ୍ରସବୁ	2	2	2	2	1KI 10:21
ପାନମହୁରୀ	1	1	1	0	MAT 23:23
ପାନରେ	1	1	1	1	PRO 23:30
ପାନାର୍ଥେ	1	1	1	1	ISA 43:20
ପାନୀୟ	5	5	2	5	GEN 35:14
ପାନ୍ଥଶାଳାକୁ	1	1	1	1	LUK 10:34
ପାନ୍ଥଶାଳାର	1	1	1	1	LUK 10:35
ପାପ	470	470	46	514	GEN 4:7
ପାପ-ପଥରେ	3	3	1	3	1KI 15:3
ପାପ-ମୋଚନ	1	1	1	0	ACT 3:19
ପାପକର୍ମକାରୀମାନଙ୍କର	1	1	1	0	NUM 16:38
ପାପକର୍ମରେ	1	1	1	1	JUD 1:23
ପାପକାରୀ	2	2	2	2	1KI 8:50
ପାପକୁ	1	1	1	3	ROM 8:3
ପାପକ୍ଷମା	11	11	5	0	MAT 9:6
ପାପଗ୍ରସ୍ତ	1	1	1	1	GEN 20:9
ପାପଘଟିତ	1	1	1	1	PSA 32:5
ପାପଜନକ	2	2	1	2	PRO 10:16
ପାପଧମ-ସନ୍ତାନ	1	1	1	0	2CH 13:7
ପାପପ୍ରବୃତ୍ତିରେ	1	1	1	0	ROM 1:26
ପାପବଳି	1	1	1	1	NUM 29:11
ପାପବଳିର	2	2	2	2	EXO 30:10
ପାପବସ୍ତୁ	1	1	1	1	ISA 31:7
ପାପଭାର	1	1	1	1	ISA 53:12
ପାପମୋଚନ	3	3	3	2	LUK 1:79
ପାପମୋଚନାର୍ଥକ	1	1	1	1	LEV 4:26
ପାପମୟ	3	3	2	4	ROM 7:13
ପାପଯୁକ୍ତ	2	2	2	2	PRO 24:9
ପାପର	36	36	18	41	EXO 32:30
ପାପରହିତ	1	1	1	1	HEB 4:15
ପାପରାଶି	1	1	1	0	REV 18:5
ପାପରୁ	26	26	14	32	LEV 16:30
ପାପରୂପ	1	1	1	1	PRO 5:22
ପାପରେ	21	21	15	24	NUM 27:3
ପାପସକଳ	3	3	3	3	EZK 18:14
ପାପସକଳର	2	2	2	2	EZK 23:49
ପାପସବୁ	24	24	9	24	PSA 25:18
ପାପସମୂହ	2	2	2	2	PSA 51:9
ପାପସମୂହର	1	1	1	1	JER 15:13
ପାପସମୂହରେ	1	1	1	1	NUM 16:26
ପାପାଚ୍ଛାଦନ	20	20	3	20	EXO 25:17
ପାପାଚ୍ଛାଦନକୁ	2	2	2	2	EXO 37:9
ପାପାଚ୍ଛାଦନର	6	6	3	6	EXO 25:18
ପାପାତ୍ମା	2	2	2	2	MAT 13:19
ପାପାତ୍ମାକୁ	2	2	1	2	1JN 2:13
ପାପାତ୍ମାର	4	4	3	4	MAT 13:38
ପାପାଧନ	1	1	1	0	1SA 25:17
ପାପାଧମ	16	16	7	5	DEU 13:13
ପାପାଧମ-ସନ୍ତାନ	2	2	1	0	1KI 21:10
ପାପାଧମତାର	1	1	1	0	2SA 22:5
ପାପାଧମତାରୂପ	1	1	1	1	PSA 18:4
ପାପାଧମର	1	1	1	0	1SA 1:16
ପାପାନୁଗମନ	1	1	1	1	2KI 10:29
ପାପାଭିଳାଷ-ଗୁଡ଼ାକ	1	1	1	0	ROM 7:5
ପାପାର୍ଥକ	121	121	10	122	EXO 29:14
ପାପାର୍ଥରେ	2	2	2	1	LEV 9:15
ପାପାର୍ଥେ	7	7	2	7	LEV 6:26
ପାପିଷ୍ଠ	5	5	5	5	GEN 13:13
ପାପିଷ୍ଠା	2	2	1	0	LUK 7:37
ପାପୀ	26	26	11	27	NUM 32:23
ପାପୀକି	2	2	2	0	PRO 13:6
ପାପୀକୁ	1	1	1	3	JAS 5:20
ପାପୀଗଣ	3	3	2	3	PSA 104:35
ପାପୀଗଣକୁ	1	1	1	1	PRO 23:17
ପାପୀମାନଙ୍କ	13	13	7	12	PSA 1:1
ପାପୀମାନଙ୍କଠାରୁ	2	2	1	2	HEB 7:26
ପାପୀମାନଙ୍କର	2	2	2	2	MAT 11:19
ପାପୀମାନଙ୍କୁ	10	10	8	10	1SA 15:18
ପାପୀମାନେ	10	10	6	10	PSA 1:5
ପାପୀର	3	3	2	3	PRO 13:22
ପାପୁଲି	1	1	1	2	1SA 5:4
ପାପୁଲିରେ	3	3	3	4	LEV 14:15
ପାପୁଲିସ୍ଥିତ	1	1	1	1	LEV 14:16
ପାଫକୁ	1	1	1	0	ACT 13:6
ପାଫରୁ	1	1	1	0	ACT 13:13
ପାବଚ୍ଛ	17	17	6	10	EXO 20:26
ପାବଚ୍ଛରେ	1	1	1	1	NEH 9:4
ପାବଚ୍ଛସବୁ	1	1	1	1	EZK 43:17
ପାମର	1	1	1	1	PSA 15:4
ପାମା	5	5	1	1	LEV 13:2
ପାର	217	217	36	202	GEN 2:16
ପାର-ଏଥିପାଇଁ	1	1	1	0	MAT 9:6
ପାରଇ	2	2	2	2	GEN 13:16
ପାରଗ	1	1	1	0	GEN 47:6
ପାରଗାମୀ	1	1	1	1	ISA 23:2
ପାରଘାଟସବୁ	1	1	1	1	JER 51:32
ପାରଣ	7	7	3	10	NUM 10:12
ପାରଣକୁ	1	1	1	1	1KI 11:18
ପାରଣରୁ	1	1	1	1	1KI 11:18
ପାରଣ୍	2	2	2	0	GEN 21:21
ପାରଦର୍ଶୀ	1	1	1	1	1CO 13:2
ପାରଦାରିକ	6	6	5	4	ISA 57:3
ପାରଦାରିକର	1	1	1	1	JOB 24:15
ପାରଦୀଶକୁ	1	1	1	1	2CO 12:3
ପାରଦୀଶରେ	2	2	2	2	LUK 23:43
ପାରନ୍ତା	2	2	2	2	GEN 26:10
ପାରନ୍ତି	91	91	25	101	GEN 11:7
ପାରନ୍ତିଣ	1	1	1	0	EZK 28:3
ପାରନ୍ତୁ	1	1	1	3	GEN 43:7
ପାରମାର୍ଥିକ	6	6	2	5	1CO 9:11
ପାରସିକ	4	4	4	4	2CH 36:20
ପାରସିକ-ମାନଙ୍କର	1	1	1	0	DAN 6:8
ପାରସିକମାନଙ୍କର	2	2	1	3	DAN 6:12
ପାରସିକମାନଙ୍କୁ	1	1	1	1	DAN 5:28
ପାରସୀକ	1	1	1	1	DAN 6:28
ପାରସ୍ଥ	2	2	1	2	GEN 50:10
ପାରସ୍ୟ	8	8	3	19	EST 1:3
ପାରସ୍ୟ-ରାଜ	6	6	1	0	EZR 4:5
ପାରସ୍ୟ-ରାଜଗଣ	1	1	1	0	EZR 9:9
ପାରସ୍ୟର	11	11	3	12	2CH 36:22
ପାରସ୍ୟରାଜ	1	1	1	0	EZR 4:3
ପାରସ୍ୟରେ	1	1	1	1	DAN 11:2
ପାରା	1	1	1	1	JOS 18:23
ପାରି	25	25	17	25	GEN 38:16
ପାରିଅଛି	1	1	1	1	2CH 32:14
ପାରିକି	6	6	4	2	NUM 32:5
ପାରିକୁ	1	1	1	5	JER 48:32
ପାରିତୋଷିକ	3	3	2	2	JER 40:5
ପାରିତୋଷିକର	1	1	1	1	ISA 1:23
ପାରିଥାଆନ୍ତା	4	4	4	2	MAT 26:9
ପାରିଥାଆନ୍ତୁ	2	2	2	1	1CO 4:8
ପାରିଥା’ନ୍ତି	1	1	1	0	ACT 11:17
ପାରିବ	162	162	37	178	GEN 41:44
ପାରିବଣ	1	1	1	0	EZK 22:14
ପାରିବା	19	19	12	20	GEN 41:38
ପାରିବାରୁ	10	10	6	10	EXO 7:24
ପାରିବି	26	26	15	27	GEN 16:2
ପାରିବୁ	14	14	11	14	GEN 44:26
ପାରିବେ	52	52	21	61	EXO 9:29
ପାରିରୁ	1	1	1	1	MAT 4:25
ପାରିରେ	8	8	4	8	NUM 32:19
ପାରିଲ	4	4	3	4	ISA 33:19
ପାରିଲା	26	26	14	20	GEN 19:33
ପାରିଲି	7	7	6	7	GEN 31:35
ପାରିଲୁ	2	2	2	2	MAT 17:19
ପାରିଲେ	95	95	28	101	GEN 13:6
ପାରିସ୍ଥ	1	1	1	1	JOS 15:7
ପାରିସ୍ଥିତ	3	3	3	2	NUM 21:13
ପାରୁ	67	67	29	63	GEN 24:50
ପାରୁଅଛ	2	2	2	2	MAT 16:3
ପାରୁଅଛି	4	4	2	4	JHN 4:19
ପାରୁହର	1	1	1	1	1KI 4:17
ପାରେ	243	243	47	177	GEN 19:19
ପାରେଣ	3	3	3	0	ISA 43:9
ପାରେନ୍ତ	2	2	2	0	ECC 1:15
ପାର୍ଥକ୍ୟ	1	1	1	2	1CO 14:7
ପାର୍ଥିବ	10	10	7	11	JHN 3:12
ପାର୍ଥୀୟ	1	1	1	1	ACT 2:9
ପାର୍ବତୀୟ	5	5	2	5	JER 17:26
ପାର୍ମନା	1	1	1	1	ACT 6:5
ପାର୍ଶ୍ୱ	33	33	11	38	EXO 26:18
ପାର୍ଶ୍ୱ-କାଷ୍ଠର	1	1	1	1	EXO 37:14
ପାର୍ଶ୍ୱ-ଦ୍ୱାର	1	1	1	0	GEN 7:16
ପାର୍ଶ୍ୱକୁ	6	6	4	8	JOS 18:16
ପାର୍ଶ୍ୱବର୍ତ୍ତୀ	4	4	1	5	LEV 3:4
ପାର୍ଶ୍ୱର	7	7	3	9	EXO 26:27
ପାର୍ଶ୍ୱରୁ	8	8	3	8	EXO 25:32
ପାର୍ଶ୍ୱରେ	120	120	29	132	GEN 6:16
ପାର୍ଶ୍ୱରେରଖିବ	1	1	1	0	LEV 6:10
ପାର୍ଶ୍ୱସ୍ଥ	30	30	10	35	EXO 25:14
ପାର୍ଶ୍ୱସ୍ଥିତ	4	4	3	4	NUM 21:15
ପାରୟ	1	1	1	1	2SA 23:35
ପାଲ	2	2	2	2	EZK 27:7
ପାଲ-ଦଉଡ଼ିସବୁ	1	1	1	0	ISA 33:23
ପାଲକୁ	1	1	1	1	ISA 33:23
ପାଲଟ	2	2	2	2	RUT 4:7
ପାଲଟି	3	3	2	3	GEN 38:19
ପାଲଟେ	12	12	4	12	LEV 27:10
ପାଲସବୁ	1	1	1	1	ACT 27:17
ପାଲାଲ୍	1	1	1	1	NEH 3:25
ପାଲିଙ୍କି	1	1	1	1	SNG 3:9
ପାଳ	10	10	3	9	EXO 5:7
ପାଳକ	24	24	11	24	GEN 49:24
ପାଳକକୁ	1	1	1	2	ZEC 13:7
ପାଳକଗଣ	8	8	3	9	JER 3:15
ପାଳକଙ୍କୁ	1	1	1	1	ZEC 11:8
ପାଳକବିହୀନ	1	1	1	1	NUM 27:17
ପାଳକମାନଙ୍କ	3	3	3	3	JER 23:2
ପାଳକମାନଙ୍କର	2	2	1	2	EZK 34:2
ପାଳକମାନଙ୍କୁ	1	1	1	1	EZK 34:2
ପାଳକମାନେ	5	5	3	5	JER 23:1
ପାଳକର	2	2	1	1	ZEC 11:15
ପାଳକୁଟା	3	3	2	3	GEN 24:25
ପାଳନ	371	371	45	401	GEN 17:9
ପାଳନକାରିଣୀ	1	1	1	1	ISA 49:23
ପାଳନକାରୀ	3	3	3	4	ISA 49:23
ପାଳନକାରୀମାନଙ୍କର	1	1	1	1	REV 22:9
ପାଳନକାରୀମାନେ	1	1	1	1	ROM 2:13
ପାଳନର	1	1	1	2	ISA 30:29
ପାଳନାର୍ଥେ	7	7	3	7	DEU 5:1
ପାଳନୀୟ	19	19	7	18	EXO 12:42
ପାଳନ୍ତି	2	2	1	2	PSA 89:31
ପାଳି	24	24	9	25	1KI 5:14
ପାଳିକ୍ରମେ	3	3	2	3	2CH 31:2
ପାଳିଥିଲା	1	1	1	1	2SA 12:3
ପାଳିବା	3	3	3	3	NEH 10:29
ପାଳିବାକୁ	11	11	6	11	EXO 20:8
ପାଳିଭୁକ୍ତ	1	1	1	1	NEH 11:36
ପାଳିର	3	3	2	3	1CH 24:1
ପାଳିରୁ	1	1	1	1	2CH 23:8
ପାଳିରେ	15	15	1	15	1CH 23:6
ପାଳିଲେ	1	1	1	0	NEH 9:29
ପାଳେ	2	2	1	2	PRO 29:18
ପାଶ	2	2	2	0	PSA 18:5
ପାଶବଦ୍ଧ	1	1	1	1	ISA 42:22
ପାଶୋରି	1	1	1	0	2PE 1:9
ପାଷାଣ	6	6	5	6	NUM 33:52
ପାଷାଣ-ସ୍ୱରୂପ	1	1	1	0	1PE 2:8
ପାଷାଣର	1	1	1	0	AMO 5:11
ପାଷାଣରୁ	1	1	1	1	DEU 32:13
ପାଷାଣରେ	1	1	1	1	JOB 19:24
ପାଷାଣ୍ଡ	5	5	5	5	LEV 20:12
ପାଷାଣ୍ଡତା	3	3	3	2	LEV 18:23
ପାସକ	1	1	1	1	1CH 7:33
ପାସେହକୁ	1	1	1	1	1CH 4:12
ପାସେହର	3	3	2	3	EZR 2:49
ପାସୋର	8	8	4	8	DEU 6:12
ପାସୋରନ୍ତି	2	2	2	2	JOB 8:13
ପାସୋରନ୍ତେ	1	1	1	1	1SA 12:9
ପାସୋରି	37	37	11	39	GEN 27:45
ପାସୋରିଅଛ	5	5	4	5	PSA 42:9
ପାସୋରିଅଛନ୍ତି	4	4	4	2	JOB 19:14
ପାସୋରିଅଛି	1	1	1	1	HOS 8:14
ପାସୋରିଗଲେ	1	1	1	1	MRK 8:14
ପାସୋରିଥାଉ	1	1	1	1	PSA 44:20
ପାସୋରିବ	5	5	4	5	DEU 8:19
ପାସୋରିବା	4	4	4	4	PSA 50:22
ପାସୋରିବାରୁ	1	1	1	1	HOS 4:6
ପାସୋରିବି	2	2	1	2	PSA 119:16
ପାସୋରିଲେ	2	2	2	2	JDG 10:6
ପାସୋରୁ	6	6	2	7	PSA 119:83
ପାସୋରୁଅଛ	2	2	2	1	ISA 65:11
ପାସୋରେ	2	2	2	2	PSA 137:5
ପାହାଡ଼ରେ	3	3	3	3	MAT 27:60
ପାହାନ୍ତା	4	4	4	4	JDG 19:26
ପାହାନ୍ତିଆ	1	1	1	1	MRK 1:35
ପାହୁଣ୍ଡ	7	7	2	7	2KI 20:9
ପାହୁଲା	1	1	1	0	MRK 12:42
ପାହୁଲାଟି	1	1	1	1	MAT 5:26
ପାହ୍ୟାର	2	2	1	2	EXO 25:26
ପାୟଜାମା	2	2	1	2	DAN 3:21
ପାୟୀ	1	1	1	0	1CH 1:50
ପା’ନ୍ତି	8	8	6	7	GEN 27:9
ପିଅ	1	1	1	1	PRO 23:7
ପିଆଅ	1	1	1	1	LUK 13:15
ପିଆଅନା	1	1	1	1	JDG 4:19
ପିଆଇବ	1	1	1	1	NUM 5:24
ପିଆଇଲେ	1	1	1	1	EXO 32:20
ପିଆଜ	1	1	1	1	NUM 11:5
ପିଇବ	4	4	3	4	EZK 39:18
ପିଇବା	5	5	4	5	EXO 7:24
ପିଇବାକୁ	8	8	6	9	NUM 20:5
ପିଇବାର	1	1	1	1	DEU 2:29
ପିଇବେ	1	1	1	1	PSA 75:8
ପିଇଲେ	2	2	2	2	LUK 7:33
ପିଇସାରିବା	1	1	1	0	GEN 24:19
ପିଉସୀ	1	1	1	1	EXO 6:20
ପିଉସୀର	1	1	1	1	LEV 20:19
ପିଚା	1	1	1	2	2SA 10:4
ପିଚାପାଖ	1	1	1	0	1CH 19:4
ପିଚ୍ଛଳି	1	1	1	0	DEU 32:35
ପିଚ୍ଛା	1	1	1	0	DEU 28:22
ପିଛା	1	1	1	1	NUM 3:47
ପିଞ୍ଜର	1	1	1	1	JER 5:27
ପିଞ୍ଜରରେ	1	1	1	1	EZK 19:9
ପିଟଣା	1	1	1	1	JDG 5:26
ପିଟା	4	4	2	5	EXO 25:18
ପିଟା-ସୁନାରେ	2	2	1	0	1KI 10:16
ପିଟାଇ	1	1	1	1	EXO 39:3
ପିଟାକର୍ମ	3	3	2	3	EXO 37:22
ପିଟାକର୍ମରେ	3	3	2	2	EXO 25:31
ପିଟାପତ୍ର	1	1	1	0	NUM 16:38
ପିଟାଯାଏ	1	1	1	1	ISA 28:27
ପିଟାସୁନାରେ	2	2	1	4	2CH 9:15
ପିଟିବା	1	1	1	1	ISA 41:7
ପିଟିଲା	1	1	1	1	JDG 5:26
ପିଟିଲେ	1	1	1	1	NUM 16:40
ପିଠା	25	25	6	24	EXO 29:2
ପିଠାସବୁ	1	1	1	1	JDG 6:20
ପିଠି	12	12	7	13	JOS 7:8
ପିଠିରେ	1	1	1	1	DAN 7:6
ପିଠୋଉ	1	1	1	1	ROM 11:16
ପିଣ୍ଡ	1	1	1	1	PSA 139:16
ପିଣ୍ଡୁଳା	1	1	1	1	1CO 5:7
ପିଣ୍ଡୁଳାକୁ	1	1	1	1	1CO 5:6
ପିଣ୍ଡୁଳାଯାକ	1	1	1	1	GAL 5:9
ପିତ	2	2	2	3	MAT 20:26
ପିତଃ	30	30	10	28	GEN 22:7
ପିତର	123	123	7	149	MAT 4:18
ପିତରଙ୍କ	9	9	3	35	MAT 8:14
ପିତରଙ୍କର	3	3	2	7	JHN 1:44
ପିତରଙ୍କୁ	22	22	6	23	MAT 16:23
ପିତଳର	1	1	1	0	MRK 7:4
ପିତା	561	561	51	564	GEN 9:18
ପିତାକୁ	29	29	16	26	GEN 19:33
ପିତାଙ୍କ	105	105	24	111	GEN 19:32
ପିତାଙ୍କଠାରୁ	16	16	10	15	GEN 31:16
ପିତାଙ୍କଠାରେ	5	5	2	5	JHN 10:38
ପିତାଙ୍କର	45	45	16	56	GEN 9:22
ପିତାଙ୍କୁ	52	52	8	54	GEN 19:32
ପିତାଠାରୁ	2	2	2	2	GEN 27:41
ପିତାମହ	2	2	2	3	RUT 4:17
ପିତାମହଗଣ	1	1	1	1	DAN 11:24
ପିତାମାତଙ୍କୁ	1	1	1	0	JDG 14:6
ପିତାମାତା	15	15	6	18	DEU 22:15
ପିତାମାତାଙ୍କ	6	6	6	6	JDG 14:9
ପିତାମାତାଙ୍କର	5	5	5	5	GEN 28:7
ପିତାମାତାଙ୍କୁ	14	14	8	13	GEN 2:24
ପିତାମାତାମାନଙ୍କ	1	1	1	1	2CO 12:14
ପିତାମାନଙ୍କ	1	1	1	1	LUK 1:17
ପିତାମାନେ	2	2	2	5	EPH 6:4
ପିତାର	59	59	16	46	GEN 27:14
ପିତୁଳା	2	2	2	2	DEU 32:10
ପିତୁଳାକୁ	1	1	1	1	ZEC 2:8
ପିତୃ	2	2	2	3	JOB 29:12
ପିତୃ-ଗୃହାନୁସାରେ	1	1	1	0	NUM 1:45
ପିତୃ-ପୁରୁଷମାନଙ୍କୁ	1	1	1	0	HEB 8:9
ପିତୃ-ପୁରୁଷମାନେ	1	1	1	0	ACT 7:52
ପିତୃ-ବଂଶାଧିପତିମାନଙ୍କ	1	1	1	0	EZR 8:29
ପିତୃ-ବଂଶାନୁସାରେ	2	2	1	0	1CH 7:4
ପିତୃ-ଲୋକମାନଙ୍କ	2	2	2	0	1KI 1:21
ପିତୃକନ୍ୟା	4	4	3	3	GEN 20:12
ପିତୃକୁଳ	2	2	2	2	JOS 2:12
ପିତୃକୁଳପତି	2	2	2	2	ACT 2:29
ପିତୃକୁଳପତିଙ୍କୁ	1	1	1	1	ACT 7:8
ପିତୃକୁଳପତିମାନେ	1	1	1	1	ACT 7:9
ପିତୃକୁଳର	1	1	1	1	JOS 2:18
ପିତୃଗଣ	50	50	16	37	LEV 26:40
ପିତୃଗଣକୁ	6	6	6	6	JOS 4:21
ପିତୃଗଣଙ୍କ	1	1	1	0	2CH 26:2
ପିତୃଗଣଙ୍କର	1	1	1	2	2CH 28:25
ପିତୃଗଣଙ୍କୁ	1	1	1	1	HEB 12:9
ପିତୃଗଣନିର୍ମିତ	1	1	1	0	1KI 15:12
ପିତୃଗଣର	31	31	12	27	EXO 34:7
ପିତୃଗୃହ	37	37	5	37	NUM 1:2
ପିତୃଗୃହକୁ	11	11	4	11	GEN 28:21
ପିତୃଗୃହର	20	20	7	20	GEN 41:51
ପିତୃଗୃହରୁ	3	3	3	3	JDG 11:7
ପିତୃଗୃହରେ	8	8	6	8	GEN 38:11
ପିତୃଗୃହସ୍ଥ	3	3	2	3	JDG 16:31
ପିତୃଗୃହସ୍ଥିତା	1	1	1	1	NUM 30:16
ପିତୃଗୃହାଧି-ପତି	1	1	1	0	1KI 8:1
ପିତୃଗୃହାଧିପତି	1	1	1	2	JOS 22:14
ପିତୃଗୃହାନୁସାରେ	5	5	2	6	EXO 12:3
ପିତୃଗୋତ୍ରଜାତା	1	1	1	0	LEV 18:12
ପିତୃତୁଲ୍ୟ	1	1	1	0	1TI 5:1
ପିତୃଦତ୍ତ	1	1	1	1	GEN 26:18
ପିତୃନିର୍ମିତ	1	1	1	1	2KI 3:2
ପିତୃପରିବାର	5	5	2	5	GEN 34:19
ପିତୃପରିବାରକୁ	3	3	2	3	GEN 46:31
ପିତୃପୁରୁଷ	13	13	6	13	JER 35:6
ପିତୃପୁରୁଷ-ଗଣର	3	3	3	0	NEH 9:9
ପିତୃପୁରୁଷ-ମାନଙ୍କୁ	2	2	1	0	JER 11:3
ପିତୃପୁରୁଷ-ମାନେ	3	3	1	0	ACT 7:11
ପିତୃପୁରୁଷଗଣ	6	6	4	0	PSA 22:4
ପିତୃପୁରୁଷଗଣକୁ	6	6	4	0	NEH 9:36
ପିତୃପୁରୁଷଗଣଙ୍କୁ	1	1	1	0	HOS 9:10
ପିତୃପୁରୁଷଗଣର	17	17	9	0	2CH 20:6
ପିତୃପୁରୁଷଙ୍କ	14	14	6	14	PSA 44:1
ପିତୃପୁରୁଷଙ୍କଠାରୁ	1	1	1	1	JHN 7:22
ପିତୃପୁରୁଷଙ୍କର	1	1	1	2	MAT 23:32
ପିତୃପୁରୁଷଙ୍କୁ	1	1	1	1	ACT 28:25
ପିତୃପୁରୁଷମାନଙ୍କ	7	7	3	7	JER 44:10
ପିତୃପୁରୁଷମାନଙ୍କଠାରୁ	1	1	1	1	1PE 1:18
ପିତୃପୁରୁଷମାନଙ୍କର	2	2	2	2	JER 44:9
ପିତୃପୁରୁଷମାନଙ୍କୁ	12	12	5	14	JER 7:14
ପିତୃପୁରୁଷମାନେ	23	23	11	27	NEH 13:18
ପିତୃପୁରୁଷର	2	2	1	2	JER 35:14
ପିତୃବଂଶ	21	21	12	23	EXO 6:14
ପିତୃବଂଶ-ପ୍ରଧାନ	7	7	4	3	1CH 26:32
ପିତୃବଂଶ-ପ୍ରଧାନବର୍ଗଙ୍କ	1	1	1	0	EZR 4:2
ପିତୃବଂଶ-ପ୍ରଧାନମାନଙ୍କ	1	1	1	1	NEH 12:23
ପିତୃବଂଶ-ପ୍ରଧାନମାନଙ୍କୁ	1	1	1	0	2CH 23:2
ପିତୃବଂଶ-ପ୍ରଧାନମାନେ	1	1	1	0	EZR 4:3
ପିତୃବଂଶକୁ	1	1	1	1	1CH 28:4
ପିତୃବଂଶଜ	2	2	1	2	1CH 5:13
ପିତୃବଂଶପ୍ରଧାନ	9	9	2	0	1CH 8:6
ପିତୃବଂଶପ୍ରଧାନଗଣ	1	1	1	0	1CH 26:21
ପିତୃବଂଶପ୍ରଧାନମାନଙ୍କ	2	2	2	0	1CH 24:6
ପିତୃବଂଶପ୍ରଧାନମାନେ	2	2	1	0	1CH 26:26
ପିତୃବଂଶର	20	20	5	39	NUM 1:4
ପିତୃବଂଶରେ	2	2	1	2	1CH 12:30
ପିତୃବଂଶାଧିପତିମାନଙ୍କୁ	1	1	1	1	2CH 5:2
ପିତୃବଂଶାନୁଯାୟୀ	1	1	1	1	1CH 26:31
ପିତୃବଂଶାନୁସାରେ	13	13	5	15	NUM 1:47
ପିତୃବଂଶୀୟ	15	15	6	16	NUM 27:4
ପିତୃବଂଶୀୟମାନଙ୍କୁ	1	1	1	1	NUM 18:2
ପିତୃବର୍ଗର	1	1	1	1	EZK 20:24
ପିତୃବୃନ୍ଦ	1	1	1	0	ACT 22:1
ପିତୃବ୍ୟ	11	11	8	11	LEV 25:49
ପିତୃବ୍ୟଙ୍କୁ	1	1	1	1	1SA 10:16
ପିତୃବ୍ୟପୁତ୍ର	1	1	1	1	LEV 25:49
ପିତୃବ୍ୟମାନଙ୍କୁ	1	1	1	1	NUM 27:10
ପିତୃବ୍ୟର	5	5	3	5	LEV 20:20
ପିତୃଭଗିନୀର	1	1	1	1	LEV 18:12
ପିତୃଭାର୍ଯ୍ୟା	3	3	3	1	GEN 37:2
ପିତୃଭାର୍ଯ୍ୟାକୁ	1	1	1	1	DEU 22:30
ପିତୃଭାର୍ଯ୍ୟାର	1	1	1	1	LEV 18:8
ପିତୃଭ୍ରାତାର	1	1	1	1	LEV 18:14
ପିତୃଲୋକ	1	1	1	0	2KI 14:29
ପିତୃଲୋକ-ମାନଙ୍କ	1	1	1	0	1KI 13:22
ପିତୃଲୋକଙ୍କ	33	33	8	17	DEU 31:16
ପିତୃଲୋକଙ୍କ-ଠାରୁ	1	1	1	0	JOB 15:18
ପିତୃଲୋକଙ୍କଠାରୁ	1	1	1	1	PRO 19:14
ପିତୃଲୋକଙ୍କର	3	3	3	2	1KI 11:43
ପିତୃଲୋକଙ୍କୁ	2	2	2	2	JDG 3:4
ପିତୃଲୋକମାନଙ୍କ	4	4	3	5	2SA 7:12
ପିତୃଲୋକମାନଙ୍କର	1	1	1	1	JER 14:20
ପିତୃଲୋକମାନଙ୍କୁ	1	1	1	1	NUM 32:8
ପିତୃଲୋକମାନେ	13	13	7	11	JDG 2:17
ପିତୃଶଯ୍ୟାକୁ	1	1	1	1	GEN 49:4
ପିତୃଶର୍ଯ୍ୟା	1	1	1	0	1CH 5:1
ପିତୃଶୋକକାଳ	1	1	1	0	GEN 27:41
ପିତୃଶୋକରୁ	2	2	2	2	2SA 10:2
ପିତୃସନ୍ତାନମାନେ	1	1	1	1	GEN 49:8
ପିତୃହନ୍ତା	1	1	1	1	1TI 1:8
ପିତୃହୀନ	23	23	11	23	EXO 22:22
ପିତୃହୀନ-ମାନଙ୍କର	1	1	1	0	JER 5:28
ପିତୃହୀନକୁ	3	3	2	4	DEU 26:12
ପିତୃହୀନମାନଙ୍କର	4	4	2	5	PSA 68:5
ପିତୃହୀନମାନଙ୍କୁ	2	2	2	2	PSA 94:6
ପିତୃହୀନର	8	8	4	8	DEU 24:17
ପିତ୍ତ	1	1	1	1	JOB 16:13
ପିତ୍ତମିଶ୍ରିତ	1	1	1	0	MAT 27:34
ପିତ୍ତଳ	60	60	20	68	GEN 4:22
ପିତ୍ତଳ-ଖଣ୍ଡ	1	1	1	0	2KI 18:4
ପିତ୍ତଳ-ଝାଞ୍ଜିରୀ	1	1	1	1	EXO 39:39
ପିତ୍ତଳ-ଢାଲ	1	1	1	1	1KI 14:27
ପିତ୍ତଳ-ଦ୍ୱାର	1	1	1	1	PSA 107:16
ପିତ୍ତଳ-ପତ୍ରରେ	1	1	1	1	1SA 17:6
ପିତ୍ତଳ-ସର୍ପ	1	1	1	0	2KI 18:4
ପିତ୍ତଳକୁ	1	1	1	1	JOB 41:27
ପିତ୍ତଳଧନୁର	1	1	1	1	JOB 20:24
ପିତ୍ତଳନିର୍ମିତ	1	1	1	0	EXO 38:4
ପିତ୍ତଳପାତ୍ର	1	1	1	0	2SA 8:10
ପିତ୍ତଳମୟ	27	27	11	27	DEU 33:25
ପିତ୍ତଳର	46	46	13	49	EXO 26:11
ପିତ୍ତଳରେ	9	9	2	9	EXO 27:2
ପିତ୍ତଳସବୁ	1	1	1	1	JER 52:17
ପିତ୍ତଳସ୍ତମ୍ଭ	1	1	1	1	2KI 25:13
ପିତ୍ତସ୍ଥଳୀରୁ	1	1	1	1	JOB 20:25
ପିଥୋନ୍	1	1	1	2	1CH 8:35
ପିଥୋମ୍	2	2	2	1	EXO 1:11
ପିନହସ୍	1	1	1	0	1CH 6:50
ପିନ୍ଧ	9	9	7	9	2SA 3:31
ପିନ୍ଧନ୍ତି	2	2	2	3	2SA 13:18
ପିନ୍ଧାଅ	2	2	2	2	NUM 20:26
ପିନ୍ଧାଇ	5	5	5	7	GEN 41:42
ପିନ୍ଧାଇଅଛନ୍ତି	1	1	1	0	SNG 3:11
ପିନ୍ଧାଇଅଛି	2	2	1	2	EZK 18:7
ପିନ୍ଧାଇଥାଅ	1	1	1	0	PSA 65:11
ପିନ୍ଧାଇବ	4	4	2	4	EXO 3:22
ପିନ୍ଧାଇବା	4	4	3	4	EST 4:4
ପିନ୍ଧାଇବାର	1	1	1	1	ISA 58:7
ପିନ୍ଧାଇଲ	1	1	1	1	EZK 16:18
ପିନ୍ଧାଇଲା	1	1	1	1	GEN 27:15
ପିନ୍ଧାଇଲି	1	1	1	1	GEN 24:47
ପିନ୍ଧାଇଲୁ	2	2	1	2	EZK 16:10
ପିନ୍ଧାଇଲେ	14	14	11	15	GEN 3:21
ପିନ୍ଧାଉ	1	1	1	1	ISA 50:3
ପିନ୍ଧାଉନ୍ତୁ	1	1	1	1	EST 6:9
ପିନ୍ଧି	40	40	21	42	GEN 37:34
ପିନ୍ଧିଅଛନ୍ତି	1	1	1	1	2KI 6:30
ପିନ୍ଧିଥିଲା	2	2	2	2	LEV 16:23
ପିନ୍ଧିଥିଲେ	2	2	2	2	2SA 6:14
ପିନ୍ଧିବ	11	11	5	11	EXO 28:35
ପିନ୍ଧିବା	2	2	2	2	PRO 7:22
ପିନ୍ଧିବାକୁ	2	2	1	2	MRK 6:9
ପିନ୍ଧିବି	1	1	1	1	SNG 5:3
ପିନ୍ଧିବୁ	1	1	1	1	ISA 4:1
ପିନ୍ଧିବେ	1	1	1	1	EZK 42:14
ପିନ୍ଧିଲା	1	1	1	1	GEN 38:19
ପିନ୍ଧିଲେ	3	3	2	3	ISA 59:17
ପିନ୍ଧୁଅଛ	1	1	1	1	HAG 1:6
ପିନ୍ଧୁଅଛନ୍ତି	1	1	1	1	ISA 15:3
ପିନ୍ଧୁଥିଲେ	2	2	2	3	MAT 3:4
ପିନ୍ଧେ	2	2	2	1	PRO 31:22
ପିପାସାର	1	1	1	1	AMO 8:11
ପିପାସାରେ	1	1	1	1	EXO 17:3
ପିମ୍ପୁଡ଼ି	1	1	1	1	PRO 6:6
ପିମ୍ପୁଡ଼ିଗଣ	1	1	1	1	PRO 30:25
ପିରିଜୀୟ	2	2	1	0	GEN 13:7
ପିରିଜୀୟମାନଙ୍କର	1	1	1	0	GEN 15:20
ପିରିଷୀୟ	9	9	3	0	EXO 3:8
ପିରିଷୀୟ-ମାନଙ୍କ	1	1	1	0	JOS 11:3
ପିରିଷୀୟମାନଙ୍କ	1	1	1	0	EXO 3:17
ପିରିଷୀୟମାନଙ୍କୁ	1	1	1	0	JDG 1:4
ପିରିସୀୟ	1	1	1	0	JOS 3:10
ପିରୀୟାଥୋନୀୟ	3	3	2	5	2SA 23:30
ପିଲଦଶ୍	1	1	1	1	GEN 22:22
ପିଲହ	1	1	1	1	NEH 10:24
ପିଲା	11	11	8	12	1SA 25:22
ପିଲାକାଳରୁ	1	1	1	1	MRK 9:21
ପିଲାକୁ	10	10	5	10	1KI 3:20
ପିଲାଙ୍କ	1	1	1	0	MAT 18:3
ପିଲାଟି	6	6	3	6	1KI 3:26
ପିଲାଟିର	1	1	1	1	MRK 9:24
ପିଲାଦିନୁ	1	1	1	1	PRO 29:21
ପିଲାପିଲି	1	1	1	1	MAT 18:25
ପିଲାପିଲିଙ୍କ	1	1	1	1	ACT 21:5
ପିଲାମାନଙ୍କ	6	6	3	8	NUM 16:27
ପିଲାମାନଙ୍କୁ	7	7	5	8	NUM 31:9
ପିଲାମାନେ	8	8	7	8	LAM 5:13
ପିଲାର	3	3	2	3	PRO 22:15
ପିଲେଷରକୁ	1	1	1	0	2KI 16:10
ପିଲ୍ଟେୟ	1	1	1	1	NEH 12:17
ପିଶୋନ	1	1	1	1	GEN 2:11
ପିଷ୍ଟକ	5	5	3	3	EXO 12:39
ପିଷ୍ଟକର	1	1	1	1	GEN 40:16
ପିଷ୍ପ	1	1	1	1	1CH 7:38
ପିସିଦିଆ	1	1	1	2	ACT 14:24
ପିସିଦିଆର	1	1	1	1	ACT 13:14
ପିସ୍ଗା	2	2	2	2	NUM 21:20
ପିସ୍ଗାର	4	4	3	4	NUM 23:14
ପିୟୁଲ୍ଲତୟ	1	1	1	1	1CH 26:5
ପିୟୋର	5	5	2	5	NUM 23:28
ପୀଡ଼କ	1	1	1	1	ISA 16:4
ପୀଡ଼ା	17	17	12	16	1KI 17:17
ପୀଡ଼ାଜନକ	1	1	1	1	PRO 13:12
ପୀଡ଼ାର	1	1	1	1	JER 14:19
ପୀଡ଼ାରୁ	4	4	2	4	2KI 1:2
ପୀଡ଼ାରେ	3	3	2	3	2KI 13:14
ପୀଡ଼ିତ	51	51	21	47	GEN 34:25
ପୀଡ଼ିତକୁ	1	1	1	1	EZK 34:16
ପୀଡ଼ିତମାନଙ୍କ	1	1	1	1	MRK 16:18
ପୀଡ଼ିତମାନଙ୍କର	1	1	1	1	EZK 34:4
ପୀଡ଼ିତମାନଙ୍କୁ	3	3	3	3	EZK 34:21
ପୀଡ଼ିତମାନେ	2	2	2	2	MRK 3:10
ପୀଡ଼ିତା	2	2	2	2	SNG 2:5
ପୀତ	1	1	1	1	EST 1:6
ପୀତମଣି	4	4	3	4	EXO 28:17
ପୀନହସ	2	2	1	1	NUM 25:7
ପୀନହସକୁ	2	2	2	0	EXO 6:25
ପୀନହସର	2	2	2	0	NUM 31:6
ପୀନହସ୍	12	12	5	15	JOS 22:30
ପୀନହସ୍କୁ	2	2	2	4	JOS 24:33
ପୀନହସ୍ର	4	4	2	5	1SA 4:19
ପୀନୋନ୍	2	2	2	2	GEN 36:41
ପୀନ୍ହସ୍	1	1	1	0	JDG 20:27
ପୀବେଶତର	1	1	1	0	EZK 30:17
ପୀରସ୍	1	1	1	1	DAN 5:28
ପୀଲାତ	44	44	5	45	MAT 27:2
ପୀଲାତଙ୍କ	8	8	4	13	MAT 27:58
ପୀଲାତଙ୍କୁ	4	4	2	4	JHN 19:21
ପୀହହୀରୋତ	1	1	1	1	EXO 14:9
ପୀହହୀରୋତକୁ	1	1	1	1	NUM 33:7
ପୀହହୀରୋତର	2	2	2	2	EXO 14:2
ପୁଂଗୋବତ୍ସ	9	9	2	9	EXO 29:36
ପୁଂଛାଗ	1	1	1	0	LEV 4:23
ପୁଂଜାତି	1	1	1	1	EXO 23:17
ପୁଂପଶୁ	5	5	3	2	EXO 34:19
ପୁଂପଶୁକୁ	1	1	1	1	DEU 15:19
ପୁଂମୈଥୁନକାରୀ	2	2	2	2	1CO 6:10
ପୁଂଶାବକ	1	1	1	1	EXO 12:5
ପୁଂସନ୍ତାନ	3	3	3	2	EXO 13:12
ପୁଂସନ୍ତାନକୁ	3	3	2	3	1KI 14:10
ପୁଅ	34	34	7	36	GEN 27:8
ପୁଅକୁ	9	9	4	9	2KI 6:28
ପୁଅଙ୍କୁ	1	1	1	1	GEN 42:37
ପୁଅଟିଏ	1	1	1	1	PRO 4:3
ପୁଅଟିକୁ	1	1	1	1	2KI 6:28
ପୁଅରେ	4	4	2	4	GEN 27:1
ପୁଆଁଉଥିବା	1	1	1	0	MRK 14:66
ପୁଆଁଉଥିଲେ	1	1	1	0	MRK 14:54
ପୁଟ	1	1	1	0	EZK 27:10
ପୁଟ୍	1	1	1	0	JER 46:9
ପୁଣି	6651	6651	65	6719	GEN 1:2
ପୁଣିତାଙ୍କ	1	1	1	0	MAT 28:4
ପୁଣିସେ	1	1	1	0	EXO 17:16
ପୁଣ୍ୟ	3	3	2	1	MAT 4:5
ପୁତୁରା	1	1	1	1	GEN 14:12
ପୁତେଅଲୀକୁ	1	1	1	0	ACT 28:13
ପୁତ୍ତଳି	1	1	1	1	2KI 23:24
ପୁତ୍ର	2107	2107	55	2132	GEN 4:1
ପୁତ୍ର-କନ୍ୟାମାନଙ୍କୁ	1	1	1	0	PSA 106:37
ପୁତ୍ର-କନ୍ୟାମାନେ	1	1	1	0	JER 35:8
ପୁତ୍ର-କନ୍ୟାର	1	1	1	1	EXO 21:4
ପୁତ୍ରକନ୍ୟା	14	14	7	14	GEN 11:13
ପୁତ୍ରକନ୍ୟା-ଗଣର	1	1	1	0	JER 5:17
ପୁତ୍ରକନ୍ୟାଗଣ	2	2	2	2	GEN 36:6
ପୁତ୍ରକନ୍ୟାଗଣକୁ	2	2	2	2	2KI 17:17
ପୁତ୍ରକନ୍ୟାଗଣର	3	3	3	3	EXO 32:2
ପୁତ୍ରକନ୍ୟାଙ୍କୁ	1	1	1	1	EXO 3:22
ପୁତ୍ରକନ୍ୟାଦି	1	1	1	1	GEN 19:12
ପୁତ୍ରକନ୍ୟାମାନଙ୍କୁ	10	10	2	11	GEN 5:4
ପୁତ୍ରକନ୍ୟାମାନେ	1	1	1	2	ACT 2:17
ପୁତ୍ରକନ୍ୟାର	1	1	1	1	JER 19:9
ପୁତ୍ରକୁ	63	63	19	66	GEN 21:10
ପୁତ୍ରଗଣ	115	115	20	120	GEN 6:2
ପୁତ୍ରଗଣକୁ	33	33	10	26	GEN 30:26
ପୁତ୍ରଗଣଙ୍କ	3	3	1	3	LEV 7:33
ପୁତ୍ରଗଣଙ୍କର	3	3	1	5	LEV 7:31
ପୁତ୍ରଗଣଙ୍କୁ	13	13	2	19	LEV 6:9
ପୁତ୍ରଗଣର	16	16	6	13	EXO 28:41
ପୁତ୍ରଙ୍କ	21	21	11	26	JDG 9:23
ପୁତ୍ରଙ୍କଠାରେ	4	4	2	4	JHN 3:36
ପୁତ୍ରଙ୍କର	1	1	1	0	RUT 1:2
ପୁତ୍ରଙ୍କୁ	51	51	18	52	GEN 6:10
ପୁତ୍ରଠାରୁ	3	3	3	3	GEN 37:3
ପୁତ୍ରଠାରେ	4	4	4	4	2SA 20:1
ପୁତ୍ରତ୍ୱ	2	2	1	2	ROM 8:23
ପୁତ୍ରତ୍ୱର	2	2	2	2	ROM 8:15
ପୁତ୍ରନ୍ତଣ	1	1	1	0	1CH 6:39
ପୁତ୍ରପୌତ୍ର	1	1	1	1	GEN 21:23
ପୁତ୍ରପୌତ୍ର-ମାନଙ୍କୁ	1	1	1	0	JOB 42:16
ପୁତ୍ରପୌତ୍ରାଦି	1	1	1	1	EXO 34:7
ପୁତ୍ରପୌତ୍ରାଦିକ୍ରମେ	2	2	2	2	DEU 6:2
ପୁତ୍ରବତୀ	1	1	1	1	GEN 30:3
ପୁତ୍ରବଧୁ	1	1	1	0	1CH 2:4
ପୁତ୍ରବଧୂ	11	11	5	13	GEN 7:13
ପୁତ୍ରବଧୂକୁ	4	4	3	3	GEN 11:31
ପୁତ୍ରବଧୂଗଣ	1	1	1	1	GEN 7:7
ପୁତ୍ରବଧୂଗଣଙ୍କୁ	1	1	1	1	GEN 8:16
ପୁତ୍ରବଧୂଙ୍କୁ	1	1	1	2	RUT 1:8
ପୁତ୍ରବଧୂମାନଙ୍କ	1	1	1	1	GEN 46:26
ପୁତ୍ରବଧୂମାନଙ୍କୁ	3	3	2	3	GEN 6:18
ପୁତ୍ରବଧୂର	1	1	1	1	LEV 18:15
ପୁତ୍ରମାନଙ୍କ	50	50	14	47	GEN 10:1
ପୁତ୍ରମାନଙ୍କଠାରୁ	1	1	1	0	MAT 17:25
ପୁତ୍ରମାନଙ୍କର	9	9	7	10	GEN 31:1
ପୁତ୍ରମାନଙ୍କୁ	28	28	14	29	GEN 6:18
ପୁତ୍ରମାନେ	61	61	18	56	GEN 7:13
ପୁତ୍ରଯାକ	1	1	1	1	JDG 9:2
ପୁତ୍ରର	40	40	14	46	GEN 4:17
ପୁତ୍ରସନ୍ତାନ	6	6	5	6	EXO 1:16
ପୁତ୍ରସନ୍ତାନକୁ	1	1	1	1	EXO 1:22
ପୁତ୍ରସନ୍ତାନଙ୍କୁ	1	1	1	1	REV 12:5
ପୁତ୍ରସନ୍ତାନମାନଙ୍କୁ	3	3	1	3	EXO 1:17
ପୁତ୍ରହୀନ	3	3	1	3	GEN 42:36
ପୁତ୍ରୀ	3	3	1	3	GEN 28:9
ପୁଦେନ୍ସ୍	1	1	1	0	2TI 4:21
ପୁନଃ	15	15	7	16	PRO 17:9
ପୁନଃସ୍ଥାପନ	6	6	6	10	PSA 60:1
ପୁନଃସ୍ଥାପନର	1	1	1	3	ACT 3:21
ପୁନରପି	1	1	1	1	GEN 26:18
ପୁନରାଗତ	1	1	1	1	EZR 6:21
ପୁନରାଗମନ	1	1	1	6	2TI 4:1
ପୁନରାନୀତ	1	1	1	1	EZK 38:8
ପୁନରୁକ୍ତି	1	1	1	1	MAT 6:7
ପୁନରୁତ୍ଥାନ	43	43	12	52	MAT 22:23
ପୁନରୁତ୍ଥାନର	5	5	5	10	LUK 20:36
ପୁନରୁତ୍ଥାନରେ	3	3	2	3	MAT 22:28
ପୁନରୁତ୍ଥିତ	5	5	3	8	MRK 16:14
ପୁନର୍ଜନ୍ମ	1	1	1	0	1PE 1:4
ପୁନର୍ଜନ୍ମର	1	1	1	0	TIT 3:5
ପୁନର୍ଜାତ	1	1	1	1	1PE 1:23
ପୁନର୍ଜୀବିତ	8	8	5	8	GEN 45:27
ପୁନର୍ନିର୍ମାଣ	19	19	8	0	1KI 11:27
ପୁନର୍ନିର୍ମିତ	4	4	3	0	JOB 12:14
ପୁନର୍ବାର	429	429	47	434	GEN 3:19
ପୁନଶ୍ଚ	35	35	16	30	GEN 4:25
ପୁବ୍ଳିୟ	1	1	1	0	ACT 28:7
ପୁବ୍ଳିୟଙ୍କର	1	1	1	0	ACT 28:8
ପୁର-ଦ୍ୱାରସମୂହରେ	1	1	1	0	JER 15:7
ପୁରଙ୍କ	1	1	1	1	ACT 20:4
ପୁରଦ୍ୱାରରେ	1	1	1	1	ISA 38:10
ପୁରସ୍କାର	51	51	22	57	NUM 18:31
ପୁରସ୍କାରଦାତା	1	1	1	1	HEB 11:6
ପୁରସ୍କାରରୁ	1	1	1	1	COL 2:18
ପୁରସ୍କୃତ	1	1	1	1	2CH 15:7
ପୁରା	2	2	2	3	LUK 6:38
ପୁରାକାଳର	3	3	2	2	MAT 5:33
ପୁରାକାଳରୁ	1	1	1	0	LUK 1:70
ପୁରାକାଳରେ	3	3	3	1	MAT 5:21
ପୁରାତନ	55	55	26	71	LEV 13:11
ପୁରାତନଦ୍ୱାର	1	1	1	0	NEH 12:39
ପୁରି	1	1	1	0	1SA 10:3
ପୁରୀ	3	3	3	2	GEN 10:11
ପୁରୁଣା	20	20	7	22	JOS 9:4
ପୁରୁଷ	276	276	42	277	GEN 1:27
ପୁରୁଷ-ଅସ୍ପୃଷ୍ଟା	1	1	1	1	GEN 19:8
ପୁରୁଷ-ପରମ୍ପରା	4	4	3	6	EXO 16:32
ପୁରୁଷ-ପରମ୍ପରାକୁ	1	1	1	1	JDG 3:2
ପୁରୁଷ-ପରମ୍ପରାର	3	3	1	0	ISA 51:9
ପୁରୁଷ-ପରମ୍ପରାରେ	3	3	3	1	LEV 25:30
ପୁରୁଷ-ସନ୍ତାନ	1	1	1	1	1SA 1:11
ପୁରୁଷ-ସହବାସ	2	2	1	1	NUM 31:18
ପୁରୁଷ-ସହବାସରହିତା	1	1	1	1	JDG 21:12
ପୁରୁଷ-ସହବାସିନୀ	1	1	1	1	JDG 21:11
ପୁରୁଷକୁ	22	22	14	23	GEN 17:23
ପୁରୁଷଗଣର	1	1	1	1	NEH 7:7
ପୁରୁଷଙ୍କ	3	3	2	3	EZK 10:7
ପୁରୁଷଙ୍କର	2	2	1	2	1SA 10:2
ପୁରୁଷଙ୍କୁ	8	8	8	8	NUM 3:40
ପୁରୁଷଠାରୁ	6	6	3	4	1SA 15:3
ପୁରୁଷତ୍ୱ	4	4	3	4	1SA 4:9
ପୁରୁଷପରମ୍ପରା	4	4	1	0	PSA 79:13
ପୁରୁଷପରମ୍ପରାରେ	2	2	2	1	PSA 45:17
ପୁରୁଷମାନଙ୍କ	9	9	5	9	NUM 1:32
ପୁରୁଷମାନଙ୍କର	11	11	4	11	NUM 1:20
ପୁରୁଷମାନଙ୍କୁ	4	4	4	6	GEN 34:25
ପୁରୁଷମାନେ	11	11	10	12	EXO 21:22
ପୁରୁଷଯାଏ	1	1	1	0	JOB 42:16
ପୁରୁଷର	44	44	20	43	GEN 17:17
ପୁରୁଷରେ	3	3	3	3	DEU 23:8
ପୁରୁଷା-ନୁକ୍ରମରେ	1	1	1	0	PSA 146:10
ପୁରୁଷାକୃତି	1	1	1	1	EZK 16:17
ପୁରୁଷାଙ୍ଗଚର୍ମର	1	1	1	1	LEV 12:3
ପୁରୁଷାନୁ-କ୍ରମେ	1	1	1	0	LEV 23:31
ପୁରୁଷାନୁକ୍ରମ	1	1	1	1	PSA 61:6
ପୁରୁଷାନୁକ୍ରମରେ	6	6	3	9	LEV 6:18
ପୁରୁଷାନୁକ୍ରମସ୍ଥାୟୀ	2	2	2	2	NUM 18:23
ପୁରୁଷାନୁକ୍ରମେ	51	51	12	50	GEN 9:12
ପୁରୋହିତମାନଙ୍କର	1	1	1	1	ZEP 1:4
ପୁରୋହିତମାନଙ୍କୁ	1	1	1	1	2KI 23:5
ପୁରୋହିତମାନେ	1	1	1	1	HOS 10:5
ପୁର୍ନବାର	2	2	2	1	LUK 6:30
ପୁର୍ବପୁରୁଷ	1	1	1	0	2CH 28:1
ପୁଲ	1	1	1	0	ISA 66:19
ପୁଲକମଣିର	1	1	1	0	REV 21:20
ପୁଲକିତା	1	1	1	1	LAM 4:21
ପୁଷ୍କରିଣୀ	9	9	7	10	EXO 7:19
ପୁଷ୍କରିଣୀ-ପ୍ରାଚୀର	1	1	1	1	NEH 3:15
ପୁଷ୍କରିଣୀମାନ	1	1	1	1	ECC 2:6
ପୁଷ୍କରିଣୀର	7	7	3	7	2SA 2:13
ପୁଷ୍କରିଣୀରେ	1	1	1	1	JHN 5:4
ପୁଷ୍ଟ	14	14	8	13	2SA 6:13
ପୁଷ୍ଟତା	1	1	1	1	PSA 65:11
ପୁଷ୍ଟି	1	1	1	1	PRO 15:30
ପୁଷ୍ଟିକର	4	4	4	4	PSA 36:8
ପୁଷ୍ପ	30	30	10	25	EXO 25:31
ପୁଷ୍ପଗୁଡ଼ିକ	2	2	2	0	MAT 6:28
ପୁଷ୍ପବନ	1	1	1	0	SNG 2:16
ପୁଷ୍ପବନରେ	1	1	1	0	SNG 4:5
ପୁଷ୍ପମାନ	1	1	1	1	1KI 6:35
ପୁଷ୍ପମାନଙ୍କର	1	1	1	1	1KI 6:29
ପୁଷ୍ପମାନର	1	1	1	1	1KI 6:32
ପୁଷ୍ପର	1	1	1	1	ISA 40:6
ପୁଷ୍ପରାଗମଣିର	1	1	1	0	REV 21:20
ପୁଷ୍ପହାର	1	1	1	1	ACT 14:13
ପୁଷ୍ପିତ	9	9	7	9	EXO 9:31
ପୁସ୍ତକ	49	49	17	282	JOS 1:8
ପୁସ୍ତକ-ଲିଖିତ	1	1	1	1	2CH 34:31
ପୁସ୍ତକଗୁଡ଼ିକ	1	1	1	1	2TI 4:13
ପୁସ୍ତକଟି	5	5	2	10	JER 36:14
ପୁସ୍ତକମାନ	1	1	1	1	DAN 7:10
ପୁସ୍ତକମାନଙ୍କରେ	1	1	1	1	REV 20:12
ପୁସ୍ତକର	14	14	4	98	2KI 22:13
ପୁସ୍ତକରୁ	9	9	5	12	EXO 32:32
ପୁସ୍ତକରେ	79	79	22	120	EXO 17:14
ପୁସ୍ତକଲିଖିତ	2	2	1	0	2KI 22:13
ପୁସ୍ତକସବୁ	1	1	1	1	REV 20:12
ପୁସ୍ତକାଳୟରେ	1	1	1	1	EZR 6:1
ପୂଜ	1	1	1	1	ISA 3:24
ପୂଜକ	3	3	2	3	2KI 10:19
ପୂଜକମାନଙ୍କ	1	1	1	1	2KI 10:23
ପୂଜକମାନଙ୍କୁ	2	2	1	3	2KI 10:19
ପୂଜପୂର୍ଣ୍ଣ	1	1	1	1	ISA 1:6
ପୂଜା	26	26	11	31	EXO 32:8
ପୂଜାକାରୀଙ୍କ	1	1	1	0	2KI 10:22
ପୂଜାରୁ	1	1	1	1	1CO 10:14
ପୂଜାରେ	1	1	1	1	COL 2:18
ପୂଜିତ	1	1	1	2	2TH 2:4
ପୂଜ୍ୟ	1	1	1	0	ACT 17:23
ପୂଟୀୟ	1	1	1	0	NAM 3:9
ପୂଟ୍	4	4	3	7	GEN 10:6
ପୂତିଘ୍ନ	4	4	1	4	GEN 50:2
ପୂଥୀୟ	1	1	1	1	1CH 2:53
ପୂନୋନରୁ	1	1	1	1	NUM 33:43
ପୂନୋନରେ	1	1	1	1	NUM 33:42
ପୂର	3	3	1	6	EST 3:7
ପୂରଣ	11	11	6	15	ACT 20:34
ପୂରଣାର୍ଥେ	1	1	1	1	PSA 78:18
ପୂରା	3	3	2	5	JDG 17:10
ପୂରାଇ	2	2	2	2	GEN 21:19
ପୂରାଇବ	1	1	1	1	EXO 30:18
ପୂରାଇବାକୁ	2	2	1	0	LUK 15:16
ପୂରିତ	1	1	1	1	LAM 3:15
ପୂରୀମ୍	2	2	1	2	EST 9:26
ପୂରୀମ୍-ଦିନବିଷୟକ	1	1	1	1	EST 9:29
ପୂରୀମ୍-ଦିନର	1	1	1	1	EST 9:32
ପୂରୀମ୍ର	1	1	1	1	EST 9:31
ପୂର୍ଣ୍ଣ	182	182	42	188	GEN 2:21
ପୂର୍ଣ୍ଣ-ବୟସ୍କ	1	1	1	0	1CO 14:20
ପୂର୍ଣ୍ଣକରଣାର୍ଥେ	1	1	1	1	2CH 36:21
ପୂର୍ଣ୍ଣତା	17	17	10	17	LEV 26:4
ପୂର୍ଣ୍ଣତାର	1	1	1	1	EPH 4:13
ପୂର୍ଣ୍ଣତାରୁ	4	4	4	4	EXO 22:29
ପୂର୍ଣ୍ଣତାରେ	3	3	3	3	JOB 20:22
ପୂର୍ଣ୍ଣତାସକଳ	1	1	1	1	EZK 19:7
ପୂର୍ଣ୍ଣନ୍ତ	1	1	1	0	ROM 3:14
ପୂର୍ଣ୍ଣବୟସ୍କ	1	1	1	0	EPH 4:13
ପୂର୍ଣ୍ଣମାତ୍ରାରେ	1	1	1	1	JAS 1:15
ପୂର୍ଣ୍ଣମୁଷ୍ଟି	1	1	1	0	1KI 20:10
ପୂର୍ଣ୍ଣା	1	1	1	1	ISA 1:21
ପୂର୍ଣ୍ଣାୟୁ	5	5	4	6	GEN 35:29
ପୂର୍ଣ୍ଣାୟୁହୋଇ	1	1	1	0	GEN 25:8
ପୂର୍ଣ୍ଣିମା	1	1	1	1	PRO 7:20
ପୂର୍ଣ୍ଣିମାରେ	1	1	1	1	PSA 81:3
ପୂର୍ବ	168	168	39	190	GEN 10:30
ପୂର୍ବ-ଦ୍ୱାର	1	1	1	1	EZK 11:1
ପୂର୍ବ-ଦ୍ୱାରପାଳ	1	1	1	1	NEH 3:29
ପୂର୍ବ-ଦ୍ୱାରର	1	1	1	1	EZK 10:19
ପୂର୍ବ-ପୁରୁଷ	1	1	1	0	ISA 38:5
ପୂର୍ବ-ପୁରୁଷଗଣର	2	2	2	0	EXO 3:16
ପୂର୍ବଆଡ଼	2	2	2	2	GEN 12:8
ପୂର୍ବଆଡ଼େ	1	1	1	1	EZK 47:3
ପୂର୍ବକ	2	2	2	6	GEN 48:14
ପୂର୍ବକାଳଠାରୁ	1	1	1	1	MIC 7:20
ପୂର୍ବକାଳର	14	14	7	13	GEN 6:4
ପୂର୍ବକାଳରୁ	4	4	3	4	1SA 27:8
ପୂର୍ବକାଳରେ	16	16	10	16	JOS 11:10
ପୂର୍ବକାଳୀନ	4	4	3	4	JOB 8:8
ପୂର୍ବକାଳେ	2	2	2	2	1SA 9:9
ପୂର୍ବକୁ	2	2	2	2	1KI 7:25
ପୂର୍ବକୃତ	2	2	2	2	ROM 3:25
ପୂର୍ବଠାରୁ	11	11	2	11	PSA 90:2
ପୂର୍ବଥର	1	1	1	1	DEU 9:18
ପୂର୍ବଦିଗ	5	5	4	5	JOS 16:6
ପୂର୍ବଦିଗକୁ	1	1	1	1	1KI 17:3
ପୂର୍ବଦିଗବର୍ତ୍ତୀ	1	1	1	0	DEU 3:17
ପୂର୍ବଦିଗର	3	3	3	2	1CH 26:14
ପୂର୍ବଦିଗରୁ	3	3	2	3	MAT 24:27
ପୂର୍ବଦିଗରେ	11	11	7	9	GEN 3:24
ପୂର୍ବଦିଗସ୍ଥ	8	8	4	7	GEN 2:8
ପୂର୍ବଦିଗସ୍ଥିତ	5	5	3	5	JOS 7:2
ପୂର୍ବଦେଶର	1	1	1	1	MAT 2:1
ପୂର୍ବଦେଶରେ	3	3	2	2	ISA 24:15
ପୂର୍ବଦେଶୀୟ	11	11	6	12	JDG 6:3
ପୂର୍ବଧାରଣା	1	1	1	1	1TI 5:21
ପୂର୍ବନିରୂପିତ	2	2	1	2	ACT 3:20
ପୂର୍ବନିର୍ମିତ	1	1	1	1	GEN 13:4
ପୂର୍ବପରି	2	2	2	2	GEN 40:13
ପୂର୍ବପାରସ୍ଥିତ	2	2	1	1	DEU 1:1
ପୂର୍ବପାରିରେ	4	4	2	4	NUM 35:14
ପୂର୍ବପାରିସ୍ଥ	1	1	1	1	DEU 3:8
ପୂର୍ବପାର୍ଶ୍ୱ	1	1	1	0	NUM 34:11
ପୂର୍ବପାର୍ଶ୍ୱସ୍ଥ	1	1	1	1	LEV 1:16
ପୂର୍ବପୁରୁଷ	30	30	8	34	GEN 28:13
ପୂର୍ବପୁରୁଷ-ଗଣର	3	3	3	0	DEU 28:64
ପୂର୍ବପୁରୁଷ-ମାନଙ୍କଠାରୁ	1	1	1	0	COL 1:26
ପୂର୍ବପୁରୁଷ-ମାନଙ୍କଠାରେ	1	1	1	0	DEU 30:10
ପୂର୍ବପୁରୁଷ-ମାନଙ୍କୁ	1	1	1	0	1KI 8:40
ପୂର୍ବପୁରୁଷଗଣ	12	12	6	21	DEU 8:1
ପୂର୍ବପୁରୁଷଗଣକୁ	8	8	6	13	JDG 2:20
ପୂର୍ବପୁରୁଷଗଣର	19	19	10	46	EXO 3:15
ପୂର୍ବପୁରୁଷମାନଙ୍କ	41	41	11	41	GEN 15:15
ପୂର୍ବପୁରୁଷମାନଙ୍କଠାରୁ	1	1	1	2	1KI 19:4
ପୂର୍ବପୁରୁଷମାନଙ୍କର	2	2	2	2	DEU 13:6
ପୂର୍ବପୁରୁଷମାନଙ୍କୁ	18	18	6	19	DEU 1:35
ପୂର୍ବପୁରୁଷମାନେ	18	18	10	18	NUM 20:15
ପୂର୍ବପୁରୁଷାନୁକ୍ରମେ	2	2	1	2	GEN 46:34
ପୂର୍ବପ୍ରତିଜ୍ଞାତ	1	1	1	0	2CO 9:5
ପୂର୍ବବର୍ତ୍ତୀ	19	19	12	18	GEN 23:17
ପୂର୍ବବର୍ତ୍ତୀମାନଙ୍କ	1	1	1	1	2KI 18:5
ପୂର୍ବବର୍ତ୍ତୀମାନଙ୍କଠାରୁ	1	1	1	1	DAN 7:24
ପୂର୍ବଯାତ୍ରାନୁସାରେ	1	1	1	1	GEN 13:3
ପୂର୍ବଯୁଗ	1	1	1	1	COL 1:26
ପୂର୍ବର	1	1	1	1	GEN 41:20
ପୂର୍ବରୁ	64	64	23	96	EXO 1:19
ପୂର୍ବରୁଏହିସବୁ	1	1	1	0	2PE 3:17
ପୂର୍ବରେ	61	61	30	59	GEN 27:4
ପୂର୍ବସୀମାସ୍ଥିତ	1	1	1	1	JOS 4:19
ପୂର୍ବସ୍ଥିତ	1	1	1	1	GEN 25:18
ପୂର୍ବାଜ୍ଞାନୁସାରେ	1	1	1	1	ACT 2:23
ପୂର୍ବାଧିକୃତ	1	1	1	1	2KI 14:28
ପୂର୍ବାବଧି	1	1	1	1	1SA 10:11
ପୂର୍ବାବସ୍ଥାରେ	1	1	1	1	2CH 24:13
ପୂର୍ବାଭିମୁଖ	13	13	1	13	EZK 11:1
ପୂର୍ବୀୟ	20	20	10	20	GEN 41:6
ପୂର୍ବେ	134	134	44	135	GEN 11:1
ପୂର୍ବୋକ୍ତ	6	6	3	6	1KI 4:27
ପୂଲ୍	1	1	1	2	2KI 15:19
ପୂଲ୍ର	2	2	2	2	2KI 15:19
ପୂୟ	2	2	2	1	GEN 46:13
ପୂୟଠାରୁ	1	1	1	1	NUM 26:23
ପୂୟା	1	1	1	2	EXO 1:15
ପୂୟାର	1	1	1	1	JDG 10:1
ପୂୟୀୟ	1	1	1	1	NUM 26:23
ପୃଥକ	70	70	19	38	GEN 13:9
ପୃଥକକରଣ	1	1	1	1	NUM 6:12
ପୃଥକସ୍ଥିତ	1	1	1	1	JOS 16:9
ପୃଥକୀକୃତ	3	3	3	4	1SA 21:5
ପୃଥକ୍	59	59	23	88	GEN 1:14
ପୃଥକ୍କୃତ	1	1	1	0	EST 3:8
ପୃଥବୀର	2	2	2	0	NUM 22:11
ପୃଥିବୀ	211	211	37	206	GEN 1:2
ପୃଥିବୀ-ନିବାସୀ	3	3	3	1	PSA 33:14
ପୃଥିବୀକି	39	39	12	3	GEN 1:28
ପୃଥିବୀକୁ	12	12	7	50	GEN 8:17
ପୃଥିବୀନିବାସୀ	4	4	3	9	ISA 24:17
ପୃଥିବୀନିବାସୀମାନଙ୍କଠାରୁ	1	1	1	1	REV 6:10
ପୃଥିବୀନିବାସୀମାନଙ୍କୁ	1	1	1	2	REV 11:10
ପୃଥିବୀନିବାସୀମାନେ	1	1	1	2	REV 8:13
ପୃଥିବୀର	225	225	30	230	GEN 1:1
ପୃଥିବୀରୁ	32	32	17	33	GEN 2:6
ପୃଥିବୀରେ	147	147	30	149	GEN 1:15
ପୃଥିବୀସ୍ଥ	61	61	23	61	GEN 1:30
ପୃଥିବୀସ୍ଥିତ	2	2	2	2	GEN 7:4
ପୃଥ୍ୱୀନିବାସୀ	1	1	1	1	JER 25:29
ପୃଷ୍ଟ	1	1	1	0	LUK 15:23
ପୃଷ୍ଠ	8	8	6	7	EXO 30:3
ପୃଷ୍ଠଦେଶରେ	1	1	1	1	PSA 129:3
ପୃଷ୍ଠରେ	1	1	1	1	1CH 12:40
ପୃଷ୍ଠସ୍ଥିତ	1	1	1	1	NUM 23:14
ପେ	1	1	1	1	PSA 119:128
ପେକହ	5	5	3	6	2KI 15:25
ପେକହଙ୍କ	2	2	1	4	2KI 15:30
ପେକହଙ୍କର	4	4	1	2	2KI 15:29
ପେକହଙ୍କୁ	1	1	1	1	2KI 15:37
ପେଚା	2	2	2	4	PSA 102:6
ପେଟ	8	8	6	10	GEN 3:14
ପେଟକୁ	1	1	1	2	NUM 25:8
ପେଟରୁ	1	1	1	1	JDG 3:22
ପେଟରେ	2	2	1	3	2SA 3:27
ପେଟାର୍ଥୀ	2	2	1	2	PRO 23:2
ପେଟାର୍ଥୀ-ମାନଙ୍କର	1	1	1	0	PRO 28:7
ପେଟୁକ	5	5	5	6	PRO 23:21
ପେଡ଼ି	4	4	2	4	EXO 2:3
ପେଣ୍ଟିକଷ୍ଟ	3	3	2	6	ACT 2:1
ପେଣ୍ଡା	8	8	5	7	NUM 13:23
ପେଣ୍ଡାରେ	1	1	1	1	GEN 40:10
ପେଣ୍ଡୁ	1	1	1	1	ISA 22:18
ପେରଶ	1	1	1	1	1CH 7:16
ପେରସ	4	4	2	7	1CH 2:4
ପେରସ-ଉଷ	2	2	2	2	2SA 6:8
ପେରସ-ସନ୍ତାନଗଣ	1	1	1	1	NEH 11:4
ପେରସଠାରୁ	1	1	1	1	NUM 26:20
ପେରସର	7	7	4	8	NUM 26:21
ପେରସୀୟ	1	1	1	1	NUM 26:20
ପେରସ୍	3	3	2	0	GEN 38:29
ପେରସ୍ର	1	1	1	0	GEN 46:12
ପେରୋଜ	2	2	1	2	EXO 28:19
ପେଲଗ	2	2	1	0	GEN 11:18
ପେଲଗକୁ	1	1	1	0	GEN 11:16
ପେଲଗର	1	1	1	0	GEN 11:17
ପେଲଗ୍	3	3	2	5	GEN 10:25
ପେଲଟ	1	1	1	0	1CH 2:47
ପେଲଟ୍	1	1	1	2	1CH 12:3
ପେଲତର	1	1	1	0	NUM 16:1
ପେଲତ୍	1	1	1	1	1CH 2:33
ପେଲି	4	4	4	4	PSA 140:4
ପେଲିଦେଇ	1	1	1	1	ACT 7:27
ପେଶୀରେ	1	1	1	1	JOB 40:16
ପେଷ	1	1	1	1	ISA 47:2
ପେଷଣ	1	1	1	1	ECC 12:4
ପେଷଣକାରିଣୀ	1	1	1	1	EXO 11:5
ପେଷା	5	5	4	6	EXO 27:20
ପେଷି	4	4	3	4	EXO 32:20
ପେଷିକାମାନେ	1	1	1	1	ECC 12:3
ପେଷିବ	2	2	1	2	MIC 6:15
ପେଷିଲା	1	1	1	1	JDG 16:21
ପେଷିଲେ	1	1	1	1	NUM 11:8
ପେଷୁ	1	1	1	2	JOB 31:10
ପେଷୁଥିବେ	2	2	2	2	MAT 24:41
ପେସ୍ତା	1	1	1	1	GEN 43:11
ପେୟ	12	12	10	31	EXO 29:40
ପେୟ-ଦ୍ରବ୍ୟ	1	1	1	1	EZR 3:7
ପେୟ-ନୈବେଦ୍ୟ	52	52	11	36	LEV 23:13
ପେୟ-ନୈବେଦ୍ୟର	1	1	1	1	DEU 32:38
ପେୟଦ୍ରବ୍ୟ	3	3	3	3	LEV 11:34
ପେୟନୈବେଦ୍ୟ	2	2	2	0	LEV 23:37
ପୈତୃକ	44	44	14	44	GEN 12:1
ପୈତୃକ-ଅଧିକାର	3	3	2	3	NUM 27:7
ପୈତୃକାଧିକାର	1	1	1	1	MIC 7:14
ପୋଉଁଥିଲେ	3	3	1	3	JHN 18:18
ପୋକ	11	11	5	14	EXO 8:16
ପୋଖରୀ	1	1	1	1	JHN 5:7
ପୋଖରୀରେ	1	1	1	1	JHN 9:7
ପୋଖେରତ୍-ହତ୍ସବାୟିମର	2	2	2	2	EZR 2:57
ପୋଛି	4	4	4	4	NUM 5:23
ପୋଛିଦେବେ	2	2	1	2	REV 7:17
ପୋଛିଦେଲା	1	1	1	1	LUK 7:44
ପୋଛିଦେଲେ	2	2	1	2	JHN 11:2
ପୋଛିବାକୁ	2	2	2	2	LUK 7:38
ପୋଛୁ	2	2	1	2	2KI 21:13
ପୋଛେ	1	1	1	1	2KI 21:13
ପୋଟୀଫର	2	2	1	2	GEN 37:36
ପୋଟୀଫେର	3	3	1	3	GEN 41:45
ପୋଡ଼ଖୁଣ୍ଟା	1	1	1	0	ZEC 3:2
ପୋଡ଼ା	2	2	2	3	PSA 58:9
ପୋଡ଼ାଦାଗ	1	1	1	1	ISA 3:24
ପୋଡ଼ାଯାଏ	1	1	1	1	MAT 13:40
ପୋଡ଼ାଯିବ	1	1	1	1	LEV 21:9
ପୋଡ଼ି	9	9	8	11	GEN 11:3
ପୋଡ଼ିଦେଲେ	1	1	1	0	1KI 15:13
ପୋଡ଼ିପକାଇବେ	2	2	2	1	MAT 3:12
ପୋଡ଼ିପକାଇଲେ	1	1	1	1	ACT 19:19
ପୋଡ଼ିବା	1	1	1	1	MAT 13:30
ପୋଡ଼ିଯାଏ	3	3	3	3	EXO 22:6
ପୋଡ଼ିଯିବ	1	1	1	1	1CO 3:15
ପୋଡ଼ିଲେ	1	1	1	1	EXO 32:20
ପୋଡ଼େ	1	1	1	1	ISA 44:16
ପୋତ	1	1	1	1	ISA 33:21
ପୋତା	3	3	2	4	JOS 7:21
ପୋତା-ଧନ	2	2	2	2	JOB 3:21
ପୋତାଧ୍ୟକ୍ଷ	1	1	1	0	REV 18:17
ପୋତି	10	10	8	10	GEN 26:15
ପୋତିଲେ	2	2	2	2	JOS 24:32
ପୋଦିନା	2	2	2	2	MAT 23:23
ପୋରାଥ	1	1	1	1	EST 9:8
ପୋଷରେ	1	1	1	1	ISA 40:12
ପୋଷାକ	9	9	4	22	DEU 22:5
ପୋଷିଲେ	1	1	1	1	ISA 7:21
ପୌତ୍ତଳିକ	1	1	1	1	2KI 23:5
ପୌତ୍ର	92	92	19	93	GEN 29:5
ପୌତ୍ରକୁ	1	1	1	1	GEN 11:31
ପୌତ୍ରଗଣକୁ	1	1	1	1	DEU 4:25
ପୌତ୍ରପୌତ୍ରୀ	1	1	1	0	1TI 5:4
ପୌତ୍ରମାନଙ୍କ	1	1	1	1	PRO 13:22
ପୌତ୍ରମାନଙ୍କୁ	1	1	1	1	DEU 4:9
ପୌତ୍ରର	2	2	2	2	EXO 10:2
ପୌତ୍ରୀ	6	6	2	6	GEN 28:9
ପୌତ୍ରୀର	2	2	1	2	LEV 18:10
ପ୍ର	14	14	11	7	1SA 3:2
ପ୍ରକଟ	2	2	2	2	PSA 15:3
ପ୍ରକାଣ୍ଡ	5	5	3	5	EZK 29:3
ପ୍ରକାର	208	208	46	317	GEN 4:22
ପ୍ରକାରର	1	1	1	3	1CH 29:5
ପ୍ରକାରେ	184	184	38	228	GEN 1:16
ପ୍ରକାରେଯୋଷେଫ	1	1	1	0	GEN 50:26
ପ୍ରକାଶ	309	309	47	398	GEN 1:9
ପ୍ରକାଶକ	3	3	3	3	2CH 36:12
ପ୍ରକାଶକାରୀ	1	1	1	1	ISA 41:26
ପ୍ରକାଶମାନ	3	3	2	3	PSA 80:1
ପ୍ରକାଶରେ	12	12	6	12	JOB 17:6
ପ୍ରକାଶିତ	133	133	35	139	EXO 2:14
ପ୍ରକାଶ୍ୟ	1	1	1	2	NUM 12:8
ପ୍ରକାଶ୍ୟ-ଦର୍ଶନ	1	1	1	0	1SA 3:1
ପ୍ରକାଶ୍ୟରେ	1	1	1	3	HEB 6:6
ପ୍ରକୃତ	15	15	11	27	GEN 24:48
ପ୍ରକୃତରେ	53	53	26	60	GEN 27:21
ପ୍ରକୃତି	1	1	1	3	1CO 11:14
ପ୍ରକୃତିର	1	1	1	1	JAS 3:6
ପ୍ରକ୍ରିୟାରେ	1	1	1	2	2CH 16:14
ପ୍ରକ୍ଷାଳନ	23	23	10	34	GEN 18:4
ପ୍ରକ୍ଷାଳନ-ପାତ୍ର	7	7	2	7	1KI 7:30
ପ୍ରକ୍ଷାଳନପାତ୍ର	10	10	3	2	EXO 30:28
ପ୍ରକ୍ଷାଳନାର୍ଥେ	2	2	2	1	EXO 30:18
ପ୍ରକ୍ଷେପ	6	6	4	1	LEV 7:14
ପ୍ରଖର	1	1	1	1	ACT 6:5
ପ୍ରଗାଢ଼	1	1	1	1	1PE 4:8
ପ୍ରଚଣ୍ଡ	85	85	28	83	GEN 27:44
ପ୍ରଚଣ୍ଡତା	10	10	6	10	DEU 9:19
ପ୍ରଚଣ୍ଡତାରୁ	2	2	2	2	PSA 85:3
ପ୍ରଚଣ୍ଡତାରେ	6	6	6	6	DEU 29:28
ପ୍ରଚଳନ	1	1	1	1	2PE 2:1
ପ୍ରଚଳିତ	13	13	11	13	GEN 23:16
ପ୍ରଚାର	295	295	43	318	NUM 11:25
ପ୍ରଚାର-କାରିଣୀ	1	1	1	0	ISA 40:9
ପ୍ରଚାରକ	7	7	6	11	ACT 17:18
ପ୍ରଚାରକମାନଙ୍କ	1	1	1	1	1PE 1:12
ପ୍ରଚାରକମାନେ	1	1	1	1	ACT 15:21
ପ୍ରଚାରକର	1	1	1	0	2TI 4:5
ପ୍ରଚାରକାରିଣୀ	1	1	1	2	ISA 40:9
ପ୍ରଚାରକାରୀ	2	2	1	2	JER 26:20
ପ୍ରଚାରର	2	2	2	5	1CH 25:1
ପ୍ରଚାରରେ	3	3	3	4	MAT 12:41
ପ୍ରଚାରିକା	1	1	1	1	PSA 68:11
ପ୍ରଚାରିତ	27	27	19	27	2KI 23:16
ପ୍ରଚୁର	87	87	34	92	GEN 27:28
ପ୍ରଚୁରତା	7	7	5	7	JOB 36:18
ପ୍ରଚୁରତାର	1	1	1	1	JOB 20:22
ପ୍ରଚୁରଭାବେ	6	6	3	7	2CO 8:2
ପ୍ରଜା	10	10	5	10	GEN 41:40
ପ୍ରଜାଙ୍କ	1	1	1	1	PRO 28:15
ପ୍ରଜାଙ୍କୁ	4	4	2	4	EXO 1:22
ପ୍ରଜାପୀଡ଼କକୁ	1	1	1	1	DAN 11:20
ପ୍ରଜାବ	11	11	3	0	GEN 1:22
ପ୍ରଜାମଣ୍ଡଳୀ	1	1	1	1	LUK 1:17
ପ୍ରଜାମାନଙ୍କୁ	2	2	1	2	GEN 47:21
ପ୍ରଜାମାନେ	1	1	1	1	GEN 41:55
ପ୍ରଜାର	1	1	1	1	ACT 22:25
ପ୍ରଜାସତ୍ତ୍ୱ	1	1	1	0	EPH 2:12
ପ୍ରଜ୍ଜଳିତ	3	3	3	0	GEN 15:17
ପ୍ରଜ୍ଜ୍ୱଳିତ	3	3	3	12	ACT 5:17
ପ୍ରଜ୍ଞା	1	1	1	0	PRO 8:12
ପ୍ରଜ୍ୱଳିତ	116	116	27	109	GEN 30:2
ପ୍ରଣାମ	200	200	33	197	GEN 19:1
ପ୍ରଣାଳୀ	2	2	2	4	JOB 38:25
ପ୍ରତାପ	46	46	14	48	EXO 16:10
ପ୍ରତାପକୁ	2	2	1	2	ISA 8:7
ପ୍ରତାପପୂର୍ଣ୍ଣ	1	1	1	1	PSA 29:4
ପ୍ରତାପବିଶିଷ୍ଟ	1	1	1	1	ISA 3:8
ପ୍ରତାପର	6	6	4	6	PSA 145:5
ପ୍ରତାପରେ	6	6	5	7	EXO 29:43
ପ୍ରତାପସ୍ୱରୂପ	1	1	1	0	ZEC 2:5
ପ୍ରତାପାନ୍ୱିତ	7	7	5	7	1CH 22:5
ପ୍ରତାପାନ୍ୱିତା	1	1	1	1	EZK 27:25
ପ୍ରତାରକ	3	3	3	3	ZEP 3:13
ପ୍ରତାରଣା	8	8	8	10	1SA 28:12
ପ୍ରତାରଣାପୂର୍ବକ	1	1	1	1	DAN 11:23
ପ୍ରତାରଣାର	1	1	1	1	JOB 27:4
ପ୍ରତି	1981	1981	65	2118	GEN 1:31
ପ୍ରତି-କୂଳରେ	1	1	1	0	EXO 32:11
ପ୍ରତିକାର	15	15	10	12	DEU 32:43
ପ୍ରତିକାରହୀନ	2	2	2	2	JOB 34:6
ପ୍ରତିକୂଳ	43	43	17	40	GEN 42:36
ପ୍ରତିକୂଳଗାମୀ	1	1	1	1	1SA 30:23
ପ୍ରତିକୂଳବାଦୀ	1	1	1	1	ROM 10:21
ପ୍ରତିକୂଳରେ	241	241	29	194	GEN 22:12
ପ୍ରତିକୂଳା-ଚରଣ	1	1	1	0	LEV 26:28
ପ୍ରତିକୂଳାଚରଣ	8	8	3	2	LEV 26:21
ପ୍ରତିକୂଳାଚାରୀ	1	1	1	1	JER 5:23
ପ୍ରତିକୂଳାଚାରୀମାନଙ୍କୁ	1	1	1	1	EXO 15:7
ପ୍ରତିଜଣ	1	1	1	1	GEN 42:35
ପ୍ରତିଜଣକୁ	2	2	2	2	1SA 22:7
ପ୍ରତିଜଣଠାରୁ	1	1	1	1	2KI 15:20
ପ୍ରତିଜ୍ଞା	65	65	26	92	GEN 43:3
ପ୍ରତିଜ୍ଞା-ସମୂହ	2	2	2	0	ROM 9:4
ପ୍ରତିଜ୍ଞାକାରୀଙ୍କୁ	1	1	1	1	HEB 11:11
ପ୍ରତିଜ୍ଞାଗୁଡ଼ିକ	1	1	1	1	HEB 8:6
ପ୍ରତିଜ୍ଞାତ	7	7	5	17	DEU 19:9
ପ୍ରତିଜ୍ଞାନୁସାରେ	13	13	8	13	EXO 12:25
ପ୍ରତିଜ୍ଞାମାନ	1	1	1	1	2PE 1:4
ପ୍ରତିଜ୍ଞାମୂଳକ	1	1	1	1	GAL 3:18
ପ୍ରତିଜ୍ଞାଯୁକ୍ତ	4	4	3	3	NUM 30:13
ପ୍ରତିଜ୍ଞାର	15	15	6	20	1KI 8:56
ପ୍ରତିଜ୍ଞାସକଳ	1	1	1	1	ROM 15:8
ପ୍ରତିଜ୍ଞାସମୂହ	1	1	1	3	GAL 3:16
ପ୍ରତିଜ୍ଞାସମୂହର	2	2	2	2	GAL 3:21
ପ୍ରତିଦାନ	14	14	8	14	2SA 2:6
ପ୍ରତିଦିନ	38	38	16	40	EXO 5:13
ପ୍ରତିଦିନର	2	2	2	2	1CH 16:37
ପ୍ରତିଦ୍ୱନ୍ଦିତା	1	1	1	1	2TI 2:5
ପ୍ରତିଦ୍ୱନ୍ଦ୍ୱିତା	1	1	1	0	1CO 9:25
ପ୍ରତିନିଧି	6	6	4	7	GEN 4:25
ପ୍ରତିନିଧି-ବକ୍ତା	1	1	1	1	EXO 4:16
ପ୍ରତିପଦ	1	1	1	1	COL 2:16
ପ୍ରତିପନ୍ନ	4	4	4	4	JOB 36:3
ପ୍ରତିପାଳକ	3	3	3	5	RUT 4:15
ପ୍ରତିପାଳକମାନଙ୍କ	1	1	1	1	2KI 10:1
ପ୍ରତିପାଳକମାନେ	1	1	1	1	2KI 10:5
ପ୍ରତିପାଳନ	37	37	21	39	GEN 30:31
ପ୍ରତିପାଳନରେ	1	1	1	1	PSA 19:11
ପ୍ରତିପାଳନାର୍ଥେ	1	1	1	1	EXO 22:10
ପ୍ରତିପାଳିତ	9	9	7	9	2CH 35:18
ପ୍ରତିପାଳିତା	1	1	1	1	EST 2:20
ପ୍ରତିପୋଷଣ	5	5	5	5	1KI 17:9
ପ୍ରତିପୋଷିତ	1	1	1	1	HOS 4:8
ପ୍ରତିଫଳ	114	114	33	118	GEN 4:24
ପ୍ରତିଫଳ-ଦାତା	1	1	1	0	EXO 34:7
ପ୍ରତିଫଳ-ପ୍ରାପ୍ତିର	2	2	1	0	JER 8:12
ପ୍ରତିଫଳଦାତା	8	8	6	9	EXO 20:5
ପ୍ରତିଫଳପୁର	1	1	1	1	JER 50:21
ପ୍ରତିଫଳର	3	3	3	3	ISA 34:8
ପ୍ରତିବନ୍ଧକ	1	1	1	1	1SA 14:6
ପ୍ରତିବର୍ଷ	1	1	1	1	LUK 2:41
ପ୍ରତିବାଦ	19	19	13	21	EXO 23:2
ପ୍ରତିବାଦରେ	1	1	1	1	JOB 13:6
ପ୍ରତିବାଦୀ	4	4	3	2	EXO 18:16
ପ୍ରତିବାଧା	8	8	4	9	2CH 13:7
ପ୍ରତିବାସିନୀ	2	2	2	2	EXO 3:22
ପ୍ରତିବାସିନୀକି	1	1	1	0	JER 9:20
ପ୍ରତିବାସିନୀଠାରୁ	1	1	1	1	EXO 11:2
ପ୍ରତିବାସୀ	46	46	15	44	EXO 12:4
ପ୍ରତିବାସୀ-ଠାରୁ	1	1	1	0	EZK 22:12
ପ୍ରତିବାସୀକି	34	34	14	7	EXO 21:14
ପ୍ରତିବାସୀକୁ	1	1	1	27	PRO 14:21
ପ୍ରତିବାସୀଗଣ	5	5	2	5	PSA 44:13
ପ୍ରତିବାସୀଠାରୁ	4	4	4	5	EXO 11:2
ପ୍ରତିବାସୀମାନଙ୍କ	1	1	1	1	PSA 28:3
ପ୍ରତିବାସୀମାନଙ୍କର	2	2	1	2	PSA 31:11
ପ୍ରତିବାସୀମାନଙ୍କୁ	3	3	1	4	LUK 14:12
ପ୍ରତିବାସୀମାନେ	1	1	1	1	JHN 9:8
ପ୍ରତିବାସୀର	50	50	14	49	EXO 20:17
ପ୍ରତିବାସୀସକଳର	1	1	1	1	JER 12:14
ପ୍ରତିବାସୀସମସ୍ତେ	1	1	1	0	LUK 1:65
ପ୍ରତିମା	68	68	20	82	EXO 20:4
ପ୍ରତିମା-ଗଣର	1	1	1	0	ISA 30:22
ପ୍ରତିମା-ପୂଜକ	1	1	1	0	REV 21:8
ପ୍ରତିମା-ସବୁ	1	1	1	0	2CH 34:4
ପ୍ରତିମାକୁ	14	14	4	15	2CH 33:15
ପ୍ରତିମାଗଣ	29	29	5	30	2KI 21:11
ପ୍ରତିମାଗଣକୁ	9	9	6	11	2SA 5:21
ପ୍ରତିମାଗଣଠାରୁ	1	1	1	1	EZK 36:25
ପ୍ରତିମାଗଣର	16	16	9	19	LEV 19:4
ପ୍ରତିମାଗଣରେ	2	2	2	2	ISA 42:17
ପ୍ରତିମାଗୃହରେ	1	1	1	1	EZK 8:12
ପ୍ରତିମାଟି	1	1	1	1	ISA 41:7
ପ୍ରତିମାପୂଜକ	5	5	2	6	1CO 5:11
ପ୍ରତିମାପୂଜକମାନଙ୍କ	1	1	1	1	1CO 5:10
ପ୍ରତିମାପୂଜକମାନଙ୍କୁ	1	1	1	1	REV 19:20
ପ୍ରତିମାପୂଜା	3	3	3	4	GAL 5:20
ପ୍ରତିମାମାନ	2	2	2	2	DEU 29:17
ପ୍ରତିମାମାନଙ୍କ	1	1	1	1	1CO 12:2
ପ୍ରତିମାମାନଙ୍କଠାରୁ	1	1	1	1	1JN 5:21
ପ୍ରତିମାର	7	7	4	8	ISA 45:20
ପ୍ରତିମାରୁ	1	1	1	1	2CH 34:3
ପ୍ରତିମାରେ	5	5	4	5	ISA 2:8
ପ୍ରତିମାସକଳ	5	5	4	6	DEU 7:5
ପ୍ରତିମାସକଳର	1	1	1	1	ISA 17:8
ପ୍ରତିମାସବୁ	8	8	6	9	NUM 33:52
ପ୍ରତିମୂର୍ତ୍ତି	11	11	7	12	EXO 20:4
ପ୍ରତିମୂର୍ତ୍ତିବିଶିଷ୍ଟ	2	2	1	1	DEU 4:23
ପ୍ରତିମୂର୍ତ୍ତିର	1	1	1	1	ROM 8:29
ପ୍ରତିମୂର୍ତ୍ତିରେ	6	6	2	7	GEN 1:26
ପ୍ରତିଯୋଗୀ	1	1	1	1	EXO 20:23
ପ୍ରତିଯୋଦ୍ଧାକୁ	1	1	1	1	1KI 20:20
ପ୍ରତିରୂପ	4	4	4	3	ZEC 5:6
ପ୍ରତିରୋଧ	21	21	9	23	MAT 5:39
ପ୍ରତିରୋଧକ	1	1	1	1	2KI 11:6
ପ୍ରତିରୋଧକାରୀମାନଙ୍କ	1	1	1	1	JER 51:1
ପ୍ରତିଲିପି	3	3	1	8	EST 3:14
ପ୍ରତିଶୋଧ	23	23	7	25	ISA 35:4
ପ୍ରତିଶୋଧଦ	1	1	1	0	JER 50:15
ପ୍ରତିଶୋଧର	4	4	2	5	ISA 34:8
ପ୍ରତିଶୋଧରୂପ	2	2	2	2	ISA 59:17
ପ୍ରତିଷ୍ଠା	41	41	16	39	EXO 13:2
ପ୍ରତିଷ୍ଠା-ଉତ୍ସବ	2	2	2	1	EZR 6:16
ପ୍ରତିଷ୍ଠାର୍ଥକ	1	1	1	1	NUM 7:84
ପ୍ରତିଷ୍ଠିତ	15	15	9	15	NUM 6:9
ପ୍ରତିହନ୍ତା	8	8	4	8	NUM 35:19
ପ୍ରତିହନ୍ତାଠାରୁ	2	2	2	2	NUM 35:12
ପ୍ରତିହନ୍ତାର	2	2	1	3	NUM 35:24
ପ୍ରତିହିଂସକ	1	1	1	1	PSA 44:15
ପ୍ରତିହିଂସକକୁ	1	1	1	1	PSA 8:2
ପ୍ରତିହିଂସା	5	5	4	6	LEV 19:18
ପ୍ରତୀକ୍ଷା	1	1	1	2	HEB 10:27
ପ୍ରତୀୟମାନ	1	1	1	2	ROM 1:20
ପ୍ରତ୍ୟକ୍ଷ	8	8	5	9	NUM 14:14
ପ୍ରତ୍ୟକ୍ଷରେ	1	1	1	1	JER 23:18
ପ୍ରତ୍ୟାଗମନ	3	3	3	4	GEN 50:14
ପ୍ରତ୍ୟାଦେଶ	9	9	7	11	PRO 29:18
ପ୍ରତ୍ୟାଦେଶର	1	1	1	1	EPH 1:17
ପ୍ରତ୍ୟାବର୍ତ୍ତନ	2	2	2	27	EXO 4:17
ପ୍ରତ୍ୟାଶା	16	16	7	17	JOB 6:20
ପ୍ରତ୍ୟାଶାଭୂମି	1	1	1	1	JER 17:13
ପ୍ରତ୍ୟାଶିତ	1	1	1	1	HEB 11:1
ପ୍ରତ୍ୟୁତ୍ତର	7	7	5	9	GEN 18:27
ପ୍ରତ୍ୟୁତ୍ତରକାରୀ	1	1	1	1	JER 44:20
ପ୍ରତ୍ୟୁତ୍ତରକ୍ରମେ	1	1	1	0	1SA 18:7
ପ୍ରତ୍ୟୁପକାର	1	1	1	0	1TI 5:4
ପ୍ରତ୍ୟୁଷର	2	2	2	2	ISA 14:12
ପ୍ରତ୍ୟୁଷରେ	15	15	7	15	2CH 29:20
ପ୍ରତ୍ୟେକ	579	579	55	590	GEN 1:25
ପ୍ରତ୍ୟେକକୁ	9	9	6	9	1SA 10:25
ପ୍ରତ୍ୟେକଙ୍କ	1	1	1	4	3JN 1:15
ପ୍ରତ୍ୟେକଙ୍କୁ	2	2	1	2	2SA 6:19
ପ୍ରତ୍ୟେକର	36	36	18	35	GEN 44:1
ପ୍ରତ୍ୟେକେ	171	171	33	172	GEN 44:11
ପ୍ରତ୍ୟୟ	8	8	3	0	EXO 4:1
ପ୍ରଥମ	231	231	41	343	GEN 1:5
ପ୍ରଥମ-ପକ୍ୱ	1	1	1	1	NUM 28:26
ପ୍ରଥମକାଳୀନ	1	1	1	1	HOS 9:10
ପ୍ରଥମକୁ	1	1	1	1	HEB 8:13
ପ୍ରଥମଜାତ	94	94	17	93	GEN 4:4
ପ୍ରଥମଜାତକୁ	8	8	3	8	EXO 12:12
ପ୍ରଥମଜାତଙ୍କୁ	2	2	2	2	NUM 8:17
ପ୍ରଥମଜାତଠାରୁ	1	1	1	1	EXO 11:5
ପ୍ରଥମଜାତମାନଙ୍କର	2	2	1	2	HEB 11:28
ପ୍ରଥମଜାତମାନଙ୍କୁ	3	3	3	3	DEU 14:23
ପ୍ରଥମଜାତର	2	2	2	4	DEU 15:19
ପ୍ରଥମଟି	4	4	4	4	MAT 22:25
ପ୍ରଥମଟିର	1	1	1	1	LEV 9:15
ପ୍ରଥମଠାରୁ	1	1	1	1	ECC 3:11
ପ୍ରଥମତଃ	1	1	1	3	ROM 1:16
ପ୍ରଥମଥର	1	1	1	0	DEU 10:10
ପ୍ରଥମଫଳ	2	2	2	0	2TH 2:13
ପ୍ରଥମବର୍ଷୀୟ	2	2	1	2	LEV 23:12
ପ୍ରଥମରୁ	2	2	2	4	ISA 48:16
ପ୍ରଥମରେ	45	45	21	44	NUM 10:14
ପ୍ରଥମାପେକ୍ଷା	1	1	1	1	RUT 3:10
ପ୍ରଥମାବଧି	1	1	1	1	1SA 3:12
ପ୍ରଥମାବସ୍ଥା	1	1	1	1	JOB 8:7
ପ୍ରଥମେ	57	57	23	63	EXO 13:2
ପ୍ରଥା	1	1	1	1	HEB 13:9
ପ୍ରଦକ୍ଷିଣ	10	10	4	9	NUM 21:4
ପ୍ରଦତ୍ତ	20	20	11	18	EZR 7:6
ପ୍ରଦର	2	2	2	3	MAT 9:20
ପ୍ରଦର-ରୋଗଗ୍ରସ୍ତା	1	1	1	0	MRK 5:25
ପ୍ରଦର୍ଶନ	4	4	3	6	EST 1:4
ପ୍ରଦର୍ଶନପୂର୍ବକ	1	1	1	1	COL 2:15
ପ୍ରଦର୍ଶିତ	3	3	1	3	EXO 25:40
ପ୍ରଦାନ	74	74	35	107	EXO 18:9
ପ୍ରଦାନକର୍ତ୍ତା	1	1	1	1	JER 5:24
ପ୍ରଦୀପ	63	63	20	62	EXO 25:37
ପ୍ରଦୀପଗୁଡ଼ିକର	1	1	1	1	REV 1:13
ପ୍ରଦୀପର	5	5	4	6	ISA 62:1
ପ୍ରଦୀପସକଳ	2	2	2	2	LEV 24:4
ପ୍ରଦୀପସବୁ	1	1	1	1	2CH 29:7
ପ୍ରଦୀପାବଳୀ	1	1	1	1	EXO 39:37
ପ୍ରଦେଶ	27	27	16	32	EXO 8:22
ପ୍ରଦେଶ-ନିବାସୀ	1	1	1	1	EST 9:16
ପ୍ରଦେଶକୁ	10	10	6	11	GEN 46:28
ପ୍ରଦେଶର	36	36	10	37	JDG 20:6
ପ୍ରଦେଶରୁ	6	6	4	7	1SA 9:16
ପ୍ରଦେଶରେ	38	38	17	47	GEN 33:14
ପ୍ରଦେଶସକଳରେ	1	1	1	0	EST 9:12
ପ୍ରଦେଶସମୂହ	2	2	2	1	EZR 4:15
ପ୍ରଦେଶସ୍ଥ	13	13	6	12	1SA 13:2
ପ୍ରଦେଶାଧିପତି	1	1	1	1	EST 9:3
ପ୍ରଦେଶାଧିପତିମାନଙ୍କ	1	1	1	1	EST 8:9
ପ୍ରଦେଶାଧିପତିମାନେ	1	1	1	1	EST 1:3
ପ୍ରଦେଶାନ୍ତର୍ଗତ	1	1	1	1	EST 8:9
ପ୍ରଦେଶୀୟ	6	6	4	6	EZR 2:1
ପ୍ରଧାନ	309	309	40	331	GEN 40:2
ପ୍ରଧାନ-ବର୍ଗଙ୍କୁ	1	1	1	0	1KI 8:1
ପ୍ରଧାନଗଣ	3	3	3	4	NUM 7:2
ପ୍ରଧାନଙ୍କ	2	2	2	1	2SA 23:13
ପ୍ରଧାନତା	1	1	1	1	GEN 49:4
ପ୍ରଧାନତାନୁସାରେ	1	1	1	1	1CH 7:11
ପ୍ରଧାନବର୍ଗ	12	12	7	12	DEU 33:21
ପ୍ରଧାନବର୍ଗକୁ	2	2	1	2	PSA 83:11
ପ୍ରଧାନବର୍ଗଙ୍କର	1	1	1	1	EZR 5:10
ପ୍ରଧାନବର୍ଗଙ୍କୁ	5	5	4	6	NUM 25:4
ପ୍ରଧାନବର୍ଗର	2	2	2	2	DEU 33:5
ପ୍ରଧାନମନ୍ତ୍ରୀ	1	1	1	1	EST 10:3
ପ୍ରଧାନମାନଙ୍କ	4	4	4	5	JOS 21:1
ପ୍ରଧାନମାନଙ୍କୁ	5	5	3	6	NUM 32:28
ପ୍ରଧାନମାନେ	6	6	4	10	NUM 31:26
ପ୍ରଧାନଯାଜକ	2	2	2	0	2KI 25:18
ପ୍ରଧାନା	1	1	1	1	LAM 1:1
ପ୍ରନିନିଧି	1	1	1	0	GEN 4:25
ପ୍ରପୀଡ଼ିତ	1	1	1	1	ACT 10:38
ପ୍ରପୌତ୍ର	41	41	9	43	NUM 16:1
ପ୍ରଫୁଲ୍ଲ	15	15	7	15	DEU 28:47
ପ୍ରଫୁଲ୍ଲଚିତ୍ତ	1	1	1	1	ISA 24:7
ପ୍ରଫୁଲ୍ଲିତ	1	1	1	1	ISA 60:5
ପ୍ରବଞ୍ଚକ	14	14	8	14	GEN 27:12
ପ୍ରବଞ୍ଚକମାନେ	1	1	1	0	2TI 3:13
ପ୍ରବଞ୍ଚନା	37	37	21	46	GEN 27:36
ପ୍ରବଞ୍ଚନା-ପଥରେ	1	1	1	1	JOB 31:5
ପ୍ରବଞ୍ଚନା-ବାକ୍ୟ	1	1	1	1	JOB 13:7
ପ୍ରବଞ୍ଚନାଜନକ	5	5	3	5	PRO 14:25
ପ୍ରବଞ୍ଚନାପୂର୍ଣ୍ଣ	1	1	1	1	PSA 52:4
ପ୍ରବଞ୍ଚନାପୂର୍ବକ	1	1	1	1	PSA 52:2
ପ୍ରବଞ୍ଚନାମାତ୍ର	1	1	1	0	PSA 36:3
ପ୍ରବଞ୍ଚନାମୂଳକ	1	1	1	1	JER 14:14
ପ୍ରବଞ୍ଚନାଯୁକ୍ତ	1	1	1	1	PRO 12:5
ପ୍ରବଞ୍ଚନାର	2	2	2	2	JER 9:8
ପ୍ରବଞ୍ଚନାରୂପ	1	1	1	1	PSA 109:2
ପ୍ରବଞ୍ଚନାରେ	2	2	2	2	HOS 11:12
ପ୍ରବଞ୍ଚିତ	3	3	3	2	MAT 2:16
ପ୍ରବଞ୍ଚିତା	1	1	1	0	1TI 2:14
ପ୍ରବନ୍ଧଟି	1	1	1	0	ACT 1:2
ପ୍ରବର୍ତ୍ତନା	1	1	1	1	GAL 5:8
ପ୍ରବର୍ତ୍ତାଅ	1	1	1	1	PSA 141:4
ପ୍ରବର୍ତ୍ତାଇ	2	2	2	2	2SA 24:1
ପ୍ରବର୍ତ୍ତାଇଅଛି	1	1	1	1	PSA 119:112
ପ୍ରବର୍ତ୍ତାଇଥା’ନ୍ତି	1	1	1	0	1SA 26:19
ପ୍ରବର୍ତ୍ତାଇବା	1	1	1	1	HEB 10:24
ପ୍ରବର୍ତ୍ତାଇଲା	4	4	3	5	EXO 35:21
ପ୍ରବର୍ତ୍ତାଇଲେ	4	4	3	4	2CH 18:31
ପ୍ରବର୍ତ୍ତାଉ	1	1	1	0	ACT 18:13
ପ୍ରବର୍ତ୍ତାଉଅଛି	1	1	1	1	JER 43:3
ପ୍ରବର୍ତ୍ତାଏ	4	4	3	4	JOB 32:18
ପ୍ରବର୍ତ୍ତାନ୍ତେ	1	1	1	1	2KI 2:17
ପ୍ରବର୍ତ୍ତିତ	2	2	2	2	1KI 21:25
ପ୍ରବର୍ତ୍ତେ	1	1	1	1	PRO 18:6
ପ୍ରବଳ	59	59	22	60	GEN 7:18
ପ୍ରବଳତା	2	2	2	2	PSA 90:11
ପ୍ରବଶେ	1	1	1	0	2CH 21:17
ପ୍ରବାଦ	14	14	7	14	1SA 10:12
ପ୍ରବାଦବାକ୍ୟ	1	1	1	1	LUK 4:23
ପ୍ରବାଳ	3	3	3	3	JOB 28:18
ପ୍ରବାସ	57	57	17	54	GEN 12:10
ପ୍ରବାସ-ଗୃହରେ	1	1	1	1	PSA 119:54
ପ୍ରବାସ-ଦେଶ	1	1	1	1	EXO 6:4
ପ୍ରବାସ-ସ୍ଥାନରୁ	1	1	1	1	JOB 28:4
ପ୍ରବାସ-ସ୍ଥାନରେ	1	1	1	1	JOB 18:19
ପ୍ରବାସକାରୀ	14	14	5	13	EXO 12:49
ପ୍ରବାସକାରୀଗଣର	1	1	1	1	EZK 14:7
ପ୍ରବାସକାଳ	1	1	1	1	1PE 1:17
ପ୍ରବାସକାଳୀନ	1	1	1	1	GEN 47:9
ପ୍ରବାସୀ	40	40	16	42	GEN 15:13
ପ୍ରବାସୀନ୍ତ	1	1	1	0	PSA 119:19
ପ୍ରବାସୀମାନଙ୍କ	1	1	1	1	LUK 24:18
ପ୍ରବାସୀମାନେ	1	1	1	1	1PE 1:1
ପ୍ରବାହ	1	1	1	1	PRO 4:23
ପ୍ରବାହଶୀଳ	1	1	1	1	JER 49:4
ପ୍ରବାହସକଳ	1	1	1	1	PRO 8:28
ପ୍ରବାହିତ	13	13	9	15	DEU 8:7
ପ୍ରବିଷ୍ଟ	4	4	4	3	JOS 3:13
ପ୍ରବୀଣ	1	1	1	1	EZR 8:18
ପ୍ରବୃତ୍ତ	24	24	15	21	GEN 9:20
ପ୍ରବୃତ୍ତି	13	13	7	9	EXO 35:34
ପ୍ରବୃତ୍ତିପ୍ରାପ୍ତ	1	1	1	1	EXO 36:2
ପ୍ରବେଶ	424	424	45	468	GEN 2:7
ପ୍ରବେଶ-ଦ୍ୱାର	2	2	1	2	1KI 6:31
ପ୍ରବେଶ-ଦ୍ୱାରରେ	1	1	1	1	PRO 8:3
ପ୍ରବେଶ-ସ୍ଥାନ	11	11	4	12	1KI 18:46
ପ୍ରବେଶ-ସ୍ଥାନ-ନିବାସିନୀ	1	1	1	0	EZK 27:3
ପ୍ରବେଶ-ସ୍ଥାନକୁ	2	2	2	1	2CH 23:15
ପ୍ରବେଶ-ସ୍ଥାନଠାରୁ	4	4	4	2	1KI 8:65
ପ୍ରବେଶ-ସ୍ଥାନର	9	9	3	6	2KI 12:9
ପ୍ରବେଶ-ସ୍ଥାନରେ	8	8	7	3	GEN 38:14
ପ୍ରବେଶ-ସ୍ଥାନସକଳ	1	1	1	1	MIC 5:6
ପ୍ରବେଶକାରୀ	4	4	3	4	GEN 23:10
ପ୍ରବେଶଗୃହ	1	1	1	0	NEH 2:8
ପ୍ରବେଶର	1	1	1	1	ZEC 3:7
ପ୍ରବେଶସ୍ଥାନ	3	3	3	1	NUM 34:8
ପ୍ରବେଶସ୍ଥାନର	1	1	1	0	1CH 9:19
ପ୍ରବେଶାର୍ଥକ	2	2	2	2	2CH 4:22
ପ୍ରବେଶାର୍ଥେ	1	1	1	1	2KI 16:18
ପ୍ରବେଶି	1	1	1	0	JDG 18:9
ପ୍ରବେଶିବା	2	2	1	0	JDG 1:25
ପ୍ରବେଶିବାର	2	2	2	1	JDG 1:24
ପ୍ରବୋଧ	1	1	1	2	PSA 77:2
ପ୍ରବୋଧ-କଥା	1	1	1	0	JER 31:15
ପ୍ରବୋଧକ	1	1	1	3	2CH 30:22
ପ୍ରବୋଧଜନକ	1	1	1	1	PSA 47:7
ପ୍ରବୋଧନ	1	1	1	1	PSA 42:1
ପ୍ରବୋଧିତ	1	1	1	1	GEN 27:42
ପ୍ରଭା	2	2	2	2	EZK 1:4
ପ୍ରଭାତ	58	58	20	57	GEN 19:15
ପ୍ରଭାତକୁ	2	2	2	2	JOB 38:13
ପ୍ରଭାତଠାରୁ	2	2	1	2	EXO 18:13
ପ୍ରଭାତର	4	4	4	4	EXO 29:41
ପ୍ରଭାତରୁ	3	3	3	3	GEN 19:27
ପ୍ରଭାତରେ	86	86	23	85	GEN 20:8
ପ୍ରଭାତୀ	1	1	1	2	2PE 1:19
ପ୍ରଭାତୀତାରା	2	2	1	2	REV 2:28
ପ୍ରଭାତୀୟ	5	5	5	5	1SA 11:11
ପ୍ରଭାବ	6	6	3	6	1CH 16:27
ପ୍ରଭାବର	1	1	1	1	EST 10:2
ପ୍ରଭାବରେ	3	3	3	3	PSA 45:4
ପ୍ରଭାବିଶିଷ୍ଟ	1	1	1	1	DAN 4:3
ପ୍ରଭୁ	867	867	51	1005	GEN 18:12
ପ୍ରଭୁକୁ	6	6	4	2	EXO 21:32
ପ୍ରଭୁଙ୍କ	208	208	36	219	GEN 18:27
ପ୍ରଭୁଙ୍କଠାରୁ	12	12	10	12	GEN 47:18
ପ୍ରଭୁଙ୍କଠାରେ	31	31	11	30	ACT 8:22
ପ୍ରଭୁଙ୍କର	76	76	24	81	GEN 33:15
ପ୍ରଭୁଙ୍କୁ	49	49	20	55	GEN 24:39
ପ୍ରଭୁଣ	1	1	1	0	JER 22:18
ପ୍ରଭୁତ୍ୱ	9	9	9	8	JOB 25:2
ପ୍ରଭୁଭୋଜ	1	1	1	6	1CO 11:20
ପ୍ରଭୁମାନଙ୍କ	1	1	1	1	PSA 136:3
ପ୍ରଭୁମାନଙ୍କର	4	4	3	4	DEU 10:17
ପ୍ରଭୁମାନେ	2	2	2	2	GEN 19:2
ପ୍ରଭୁଯୀଶୁଙ୍କ	1	1	1	0	1CO 5:3
ପ୍ରଭୁର	20	20	6	20	GEN 24:10
ପ୍ରଭୁସଦାପ୍ରଭୁ	1	1	1	0	EZK 16:59
ପ୍ରଭୃତି	19	19	7	19	GEN 1:21
ପ୍ରଭେଦ	15	15	11	18	EXO 9:4
ପ୍ରଭୋ	140	140	20	0	GEN 15:2
ପ୍ରଭୋଣ	2	2	2	0	2KI 6:15
ପ୍ରମାଣ	53	53	24	58	GEN 21:30
ପ୍ରମାଣ-ବାକ୍ୟ	13	13	4	17	DEU 4:45
ପ୍ରମାଣ-ବାକ୍ୟକୁ	1	1	1	1	PSA 119:119
ପ୍ରମାଣ-ବାକ୍ୟରୁ	2	2	1	2	PSA 119:152
ପ୍ରମାଣ-ବାକ୍ୟରେ	1	1	1	1	ISA 8:20
ପ୍ରମାଣ-ବାକ୍ୟସକଳ	3	3	1	3	PSA 119:125
ପ୍ରମାଣ-ବାକ୍ୟସକଳକୁ	1	1	1	1	PSA 119:111
ପ୍ରମାଣ-ବାକ୍ୟସବୁ	8	8	1	8	PSA 78:56
ପ୍ରମାଣ-ବାକ୍ୟସବୁରେ	1	1	1	1	PSA 119:31
ପ୍ରମାଣ-ଯୁକ୍ତ	1	1	1	0	1CO 2:5
ପ୍ରମାଣଦାତା	2	2	2	2	JOB 16:19
ପ୍ରମାଣବାକ୍ୟ	3	3	2	0	1KI 2:3
ପ୍ରମାଣର	1	1	1	1	ISA 8:2
ପ୍ରମାଣରେ	2	2	2	2	EZK 42:11
ପ୍ରମାଣସବୁ	1	1	1	1	ISA 41:21
ପ୍ରମାଣସିଦ୍ଧ	3	3	3	3	MRK 16:20
ପ୍ରମାଣିତ	8	8	6	11	MAT 11:19
ପ୍ରମାଣେ	127	127	29	130	GEN 43:7
ପ୍ରମେହ	6	6	1	7	LEV 15:2
ପ୍ରମେହରୁ	1	1	1	1	LEV 15:13
ପ୍ରମେହୀ	10	10	2	10	LEV 15:4
ପ୍ରମେହୀକି	1	1	1	0	NUM 5:2
ପ୍ରମେହୀର	1	1	1	1	LEV 15:7
ପ୍ରମୋଦ	1	1	1	4	EZK 21:10
ପ୍ରଯୁକ୍ତ	1	1	1	0	GEN 48:10
ପ୍ରଲେପ	1	1	1	1	EZK 13:12
ପ୍ରଲୋଭିତ	3	3	2	5	JOB 31:27
ପ୍ରଳାପ	1	1	1	0	LUK 24:11
ପ୍ରଳାପୋକ୍ତି	1	1	1	1	1KI 18:29
ପ୍ରଳୟକାରୀ	2	2	2	2	PRO 27:4
ପ୍ରଳୟର	2	2	2	2	ISA 13:6
ପ୍ରଶଂସନୀୟ	7	7	3	7	2SA 14:25
ପ୍ରଶଂସା	246	246	29	284	GEN 12:15
ପ୍ରଶଂସା-ନିବାସୀନ୍	1	1	1	1	PSA 22:3
ପ୍ରଶଂସାକୁ	1	1	1	1	PSA 66:2
ପ୍ରଶଂସାଗାନ	14	14	4	14	2SA 22:50
ପ୍ରଶଂସାଧ୍ୱନି	3	3	2	2	2CH 5:13
ପ୍ରଶଂସାପତ୍ର	1	1	1	1	2CO 3:1
ପ୍ରଶଂସାପାତ୍ର	2	2	2	2	PSA 109:1
ପ୍ରଶଂସାଭୂମି	2	2	2	1	DEU 10:21
ପ୍ରଶଂସାର	11	11	6	17	PSA 35:28
ପ୍ରଶଂସାରୁ	1	1	1	1	NEH 9:5
ପ୍ରଶଂସାରୂପ	2	2	2	2	ISA 61:3
ପ୍ରଶଂସାରେ	7	7	6	7	EXO 15:11
ପ୍ରଶଂସାର୍ଥକ	9	9	4	9	LEV 7:12
ପ୍ରଶଂସାର୍ଥେ	1	1	1	1	1CH 23:5
ପ୍ରଶଂସାସବୁ	1	1	1	1	PSA 106:2
ପ୍ରଶଂସିତ	2	2	2	3	2SA 22:4
ପ୍ରଶଂସିତା	1	1	1	1	PRO 31:30
ପ୍ରଶସ୍ତ	38	38	16	39	GEN 26:22
ପ୍ରଶସ୍ତମନା	1	1	1	1	2CO 6:13
ପ୍ରଶ୍ନ	17	17	10	21	1KI 10:1
ପ୍ରଶ୍ନକରଣାର୍ଥେ	1	1	1	1	2KI 16:15
ପ୍ରଶ୍ନର	2	2	2	3	1KI 10:3
ପ୍ରଶ୍ୱାସ	3	3	3	4	2SA 22:16
ପ୍ରଶ୍ୱାସବାୟୁରେ	1	1	1	0	PSA 18:15
ପ୍ରସଙ୍ଗ	11	11	3	18	NUM 23:7
ପ୍ରସଙ୍ଗର	1	1	1	1	1CO 1:21
ପ୍ରସନ୍ନ	35	35	18	37	GEN 3:5
ପ୍ରସନ୍ନଚକ୍ଷୁ	2	2	1	0	NUM 24:4
ପ୍ରସନ୍ନତା	4	4	1	3	PSA 42:5
ପ୍ରସନ୍ନମୁଖ	1	1	1	1	LEV 26:9
ପ୍ରସବ	148	148	26	158	GEN 3:16
ପ୍ରସବ-ଦ୍ୱାରରେ	2	2	2	0	2KI 19:3
ପ୍ରସବ-ବେଦନାରେ	1	1	1	1	PSA 7:14
ପ୍ରସବ-ସମୟ	1	1	1	1	JOB 39:2
ପ୍ରସବକାରଣୀ	1	1	1	0	GAL 4:24
ପ୍ରସବକାରିଣୀ	13	13	6	15	LEV 12:7
ପ୍ରସବକାରିଣୀର	2	2	2	1	ISA 21:3
ପ୍ରସବକାଳ	6	6	4	2	GEN 25:24
ପ୍ରସବକାଳର	1	1	1	1	ISA 26:17
ପ୍ରସବକାଳରେ	1	1	1	1	JER 13:21
ପ୍ରସବବେଦନା	7	7	7	5	GEN 35:16
ପ୍ରସବବେଦନାଗ୍ରସ୍ତା	4	4	3	2	SNG 8:5
ପ୍ରସବବେଦନାର	2	2	2	2	MAT 24:8
ପ୍ରସବବେଦନାରେ	3	3	3	0	ROM 8:22
ପ୍ରସବବ୍ୟଥା	1	1	1	0	GEN 35:17
ପ୍ରସବର	2	2	2	2	LEV 12:6
ପ୍ରସବରୀତି	1	1	1	1	JOB 39:1
ପ୍ରସାଦ	2	2	1	2	ACT 15:28
ପ୍ରସାର	6	6	4	6	2SA 18:12
ପ୍ରସାରଣ	1	1	1	3	JOB 36:29
ପ୍ରସାରନ୍ତି	4	4	2	4	JOB 9:8
ପ୍ରସାରି	2	2	2	2	PSA 140:5
ପ୍ରସାରିଅଛି	2	2	2	2	PSA 88:9
ପ୍ରସାରିତ	8	8	5	8	1CH 21:16
ପ୍ରସାରିଥାଉ	1	1	1	1	PSA 44:20
ପ୍ରସାରିବ	1	1	1	1	DAN 11:42
ପ୍ରସାରିବା	4	4	2	4	EZK 12:13
ପ୍ରସାରିବାକୁ	2	2	2	2	PSA 68:31
ପ୍ରସାରିବାର	4	4	2	4	PSA 37:35
ପ୍ରସାରିଲା	2	2	2	2	2SA 21:10
ପ୍ରସାରିଲୁ	1	1	1	1	EZK 16:8
ପ୍ରସାରିଲେ	2	2	2	2	2SA 16:22
ପ୍ରସାରୁ	1	1	1	1	PSA 143:6
ପ୍ରସାରୁଅଛ	1	1	1	1	JER 4:30
ପ୍ରସାରୁଅଛି	1	1	1	1	LAM 1:17
ପ୍ରସାରେ	1	1	1	1	PRO 29:5
ପ୍ରସିଦ୍ଧ	12	12	10	12	GEN 6:4
ପ୍ରସୂତ	2	2	2	1	GEN 31:43
ପ୍ରସ୍ତର	152	152	31	153	GEN 11:3
ପ୍ରସ୍ତର-ଖୋଦକମାନଙ୍କୁ	1	1	1	0	2KI 12:12
ପ୍ରସ୍ତର-ଫଳକ	2	2	2	3	EXO 24:12
ପ୍ରସ୍ତରକୁ	6	6	6	6	JOB 14:19
ପ୍ରସ୍ତରଗୁଡ଼ିକ	2	2	1	2	DEU 27:3
ପ୍ରସ୍ତରଦ୍ୱୟ	1	1	1	1	DEU 9:9
ପ୍ରସ୍ତରପଟା	1	1	1	0	EXO 34:4
ପ୍ରସ୍ତରଫଳକ	2	2	2	1	2CH 5:10
ପ୍ରସ୍ତରଫଳକରେ	1	1	1	2	2CO 3:3
ପ୍ରସ୍ତରମଣ୍ଡପ	1	1	1	1	JHN 19:13
ପ୍ରସ୍ତରମାତ୍ର	1	1	1	1	2KI 19:18
ପ୍ରସ୍ତରମାନ	2	2	2	2	2SA 12:30
ପ୍ରସ୍ତରମାନଙ୍କର	1	1	1	1	JOB 6:12
ପ୍ରସ୍ତରମୟ	6	6	2	6	DEU 4:28
ପ୍ରସ୍ତରର	8	8	7	8	DEU 27:5
ପ୍ରସ୍ତରରାଶି	1	1	1	1	2SA 18:17
ପ୍ରସ୍ତରରାଶିରେ	2	2	2	2	JOB 8:17
ପ୍ରସ୍ତରରୁ	1	1	1	2	JOB 28:2
ପ୍ରସ୍ତରରେ	19	19	12	19	EXO 20:25
ପ୍ରସ୍ତରସକଳ	2	2	2	2	ISA 57:6
ପ୍ରସ୍ତରସକଳର	2	2	1	2	EZK 28:14
ପ୍ରସ୍ତରସବୁ	9	9	8	9	LEV 14:40
ପ୍ରସ୍ତରସ୍ୱରୂପ	1	1	1	1	ZEC 9:16
ପ୍ରସ୍ତରାଘାତ	13	13	6	14	DEU 13:10
ପ୍ରସ୍ତରାଘାତକାରିଣୀ	2	2	2	1	MAT 23:37
ପ୍ରସ୍ତରାଘାତରେ	5	5	3	6	EXO 19:13
ପ୍ରସ୍ତରାଚ୍ଛାଦିତ	1	1	1	1	JOB 38:30
ପ୍ରସ୍ତରାଦି	1	1	1	1	1CH 29:8
ପ୍ରସ୍ତାବ	2	2	2	7	EXO 19:7
ପ୍ରସ୍ତୁତ	362	362	46	381	GEN 2:8
ପ୍ରସ୍ତୁତକାରିଣୀ	1	1	1	1	1SA 8:13
ପ୍ରସ୍ତୁତକାରୀ	2	2	1	2	HOS 7:4
ପ୍ରସ୍ତୁତା	1	1	1	1	REV 21:2
ପ୍ରସ୍ଥ	86	86	10	84	EXO 25:10
ପ୍ରସ୍ଥର	2	2	2	2	EXO 27:1
ପ୍ରସ୍ଥରେ	10	10	5	8	GEN 6:15
ପ୍ରସ୍ଥାନ	187	187	28	165	GEN 4:16
ପ୍ରସ୍ଥାନକାଳୀନ	2	2	1	2	EZK 12:4
ପ୍ରସ୍ଥାନରେ	1	1	1	1	EZK 26:18
ପ୍ରସ୍ଥାନୁସାରେ	3	3	2	3	1KI 6:3
ପ୍ରସ୍ପୁଟିତ	1	1	1	8	HOS 14:7
ପ୍ରସ୍ଫୁଟିତ	7	7	3	0	1KI 6:18
ପ୍ରହର	3	3	2	3	1CH 9:23
ପ୍ରହରକୁ	2	2	2	2	1CH 9:23
ପ୍ରହରର	2	2	2	2	PSA 90:4
ପ୍ରହରରେ	5	5	5	6	EXO 14:24
ପ୍ରହରୀ	41	41	15	56	GEN 31:49
ପ୍ରହରୀ-ଗୃହ	2	2	2	0	MAT 21:33
ପ୍ରହରୀ-ଗୃହରେ	1	1	1	1	2SA 20:3
ପ୍ରହରୀ-ଦଳ	8	8	3	4	1SA 13:23
ପ୍ରହରୀ-ଦୁର୍ଗ	1	1	1	0	ISA 32:14
ପ୍ରହରୀ-ଦୁର୍ଗରେ	2	2	2	1	2CH 20:24
ପ୍ରହରୀ-ଦ୍ୱାରରେ	1	1	1	1	NEH 12:39
ପ୍ରହରୀ-ପ୍ରାଙ୍ଗଣରୁ	1	1	1	0	JER 39:14
ପ୍ରହରୀ-ପ୍ରାଙ୍ଗଣରେ	8	8	1	0	JER 32:2
ପ୍ରହରୀ-ପ୍ରାଙ୍ଗଣସ୍ଥିତ	1	1	1	0	JER 38:6
ପ୍ରହରୀ-ବର୍ଗର	1	1	1	0	JER 43:6
ପ୍ରହରୀ-ଶାଳାକୁ	1	1	1	0	1KI 14:28
ପ୍ରହରୀ-ସୈନ୍ୟଦଳ	3	3	3	3	1SA 10:5
ପ୍ରହରୀ-ସୈନ୍ୟଦଳକୁ	2	2	1	2	1SA 13:3
ପ୍ରହରୀ-ସ୍ଥାନ	1	1	1	1	GEN 31:48
ପ୍ରହରୀକର୍ମ	4	4	3	4	2SA 13:34
ପ୍ରହରୀକର୍ମକାରୀ	1	1	1	1	NEH 11:19
ପ୍ରହରୀକର୍ମରେ	1	1	1	1	NEH 7:3
ପ୍ରହରୀଗଣ	4	4	2	4	ISA 56:10
ପ୍ରହରୀଗଣର	4	4	4	4	ISA 52:8
ପ୍ରହରୀଗୃହ	2	2	2	4	MRK 12:1
ପ୍ରହରୀଦଳ	7	7	4	11	2SA 8:14
ପ୍ରହରୀବର୍ଗକୁ	1	1	1	1	2KI 11:19
ପ୍ରହରୀବର୍ଗର	30	30	4	31	1KI 14:27
ପ୍ରହରୀମାନଙ୍କ	2	2	1	2	2KI 17:9
ପ୍ରହରୀମାନଙ୍କୁ	2	2	2	2	ACT 12:19
ପ୍ରହରୀମାନେ	10	10	9	10	1SA 14:16
ପ୍ରହରୀର	1	1	1	1	EZK 33:6
ପ୍ରହରୀଶାଳାକୁ	1	1	1	2	2CH 12:11
ପ୍ରହରୀଶାଳାର	1	1	1	1	NEH 3:25
ପ୍ରହରୀସୈନ୍ୟ	1	1	1	0	ACT 28:16
ପ୍ରହାର	79	79	25	81	GEN 32:8
ପ୍ରହାରକ	3	3	3	3	EXO 21:19
ପ୍ରହାରକର	1	1	1	1	DEU 25:11
ପ୍ରହାରକାରୀମାନଙ୍କୁ	1	1	1	1	ISA 27:7
ପ୍ରହାରକାରୀର	1	1	1	1	ISA 10:20
ପ୍ରହାରଜାତ	1	1	1	1	ISA 30:26
ପ୍ରହାରଯୋଗ୍ୟ	1	1	1	1	LUK 12:48
ପ୍ରହାରର	2	2	2	2	GEN 4:23
ପ୍ରହାରରେ	6	6	5	6	2SA 7:14
ପ୍ରହାରିତ	10	10	7	10	EXO 5:16
ପ୍ରହେଳିକା	5	5	2	5	JDG 14:12
ପ୍ରହେଳିକାର	4	4	1	5	JDG 14:14
ପ୍ରା	40	40	13	0	NUM 11:1
ପ୍ରାକୃତିକ	3	3	1	3	1CO 15:44
ପ୍ରାଙ୍ଗଣ	35	35	12	40	EXO 27:9
ପ୍ରାଙ୍ଗଣ-ଦ୍ୱାର	2	2	2	2	EXO 38:15
ପ୍ରାଙ୍ଗଣ-ଦ୍ୱାରର	1	1	1	1	EXO 38:18
ପ୍ରାଙ୍ଗଣକୁ	17	17	5	17	2CH 29:16
ପ୍ରାଙ୍ଗଣଦ୍ୱାରର	1	1	1	0	NUM 3:26
ପ୍ରାଙ୍ଗଣର	48	48	8	48	EXO 27:9
ପ୍ରାଙ୍ଗଣରୁ	1	1	1	2	EZK 42:9
ପ୍ରାଙ୍ଗଣରେ	33	33	13	41	EXO 8:13
ପ୍ରାଙ୍ଗଣସକଳ	1	1	1	1	ISA 1:12
ପ୍ରାଙ୍ଗଣସବୁ	2	2	2	2	1CH 28:6
ପ୍ରାଙ୍ଗଣସ୍ଥିତ	1	1	1	2	EZK 42:8
ପ୍ରାଚୀନ	53	53	22	65	EXO 12:21
ପ୍ରାଚୀନ-ବର୍ଗଙ୍କଠାରୁ	1	1	1	0	MAT 26:47
ପ୍ରାଚୀନ-ବର୍ଗଙ୍କଠାରେ	1	1	1	0	DEU 31:9
ପ୍ରାଚୀନ-ମାନଙ୍କ	3	3	3	0	MRK 7:3
ପ୍ରାଚୀନ-ମାନଙ୍କର	1	1	1	0	1PE 5:5
ପ୍ରାଚୀନକାଳରୁ	1	1	1	4	ISA 48:5
ପ୍ରାଚୀନଗଣ	7	7	7	7	NUM 11:30
ପ୍ରାଚୀନଗଣକୁ	6	6	6	4	EXO 3:16
ପ୍ରାଚୀନଗଣଠାରୁ	1	1	1	1	EZK 9:6
ପ୍ରାଚୀନଗଣର	1	1	1	1	RUT 4:4
ପ୍ରାଚୀନଙ୍କ	1	1	1	4	1TI 5:19
ପ୍ରାଚୀନଙ୍କୁ	4	4	4	3	EXO 17:5
ପ୍ରାଚୀନନ୍ତ	1	1	1	0	ISA 3:2
ପ୍ରାଚୀନବର୍ଗ	45	45	20	46	EXO 3:18
ପ୍ରାଚୀନବର୍ଗକୁ	3	3	3	2	EXO 4:29
ପ୍ରାଚୀନବର୍ଗଙ୍କ	10	10	7	10	EXO 17:6
ପ୍ରାଚୀନବର୍ଗଙ୍କର	1	1	1	1	JER 29:2
ପ୍ରାଚୀନବର୍ଗଙ୍କୁ	17	17	12	19	EXO 19:7
ପ୍ରାଚୀନବର୍ଗର	6	6	5	7	EXO 24:1
ପ୍ରାଚୀନମାନଙ୍କ	23	23	11	30	DEU 21:19
ପ୍ରାଚୀନମାନଙ୍କଠାରେ	1	1	1	1	JOB 12:12
ପ୍ରାଚୀନମାନଙ୍କର	3	3	3	4	MAT 15:2
ପ୍ରାଚୀନମାନଙ୍କୁ	11	11	9	13	DEU 21:20
ପ୍ରାଚୀନମାନେ	26	26	16	27	DEU 5:23
ପ୍ରାଚୀନର	1	1	1	0	ISA 3:5
ପ୍ରାଚୀବର୍ଗଙ୍କଠାରୁ	1	1	1	0	MRK 14:43
ପ୍ରାଚୀର	111	111	26	121	GEN 49:22
ପ୍ରାଚୀର-କର୍ମରେ	1	1	1	1	NEH 5:16
ପ୍ରାଚୀର-କାର୍ଯ୍ୟ	2	2	1	1	EZR 4:13
ପ୍ରାଚୀର-କୋଣରେ	1	1	1	1	2CH 26:9
ପ୍ରାଚୀର-ଚୂଡ଼ାରେ	1	1	1	1	2CH 26:15
ପ୍ରାଚୀର-ପ୍ରତିଷ୍ଠା	1	1	1	1	NEH 12:27
ପ୍ରାଚୀର-ବେଷ୍ଟିତ	4	4	3	3	DEU 1:28
ପ୍ରାଚୀର-ଭେଦକ	1	1	1	2	EZK 21:22
ପ୍ରାଚୀର-ରକ୍ଷକମାନେ	1	1	1	1	SNG 5:7
ପ୍ରାଚୀରକୁ	1	1	1	1	LAM 2:8
ପ୍ରାଚୀରବିହୀନ	1	1	1	1	ZEC 2:4
ପ୍ରାଚୀରବେଷ୍ଟିତ	35	35	14	35	LEV 25:29
ପ୍ରାଚୀରଭେଦକ	1	1	1	0	EZK 21:22
ପ୍ରାଚୀରମାନ	1	1	1	1	PSA 48:13
ପ୍ରାଚୀରଯୁକ୍ତ	1	1	1	1	ISA 25:12
ପ୍ରାଚୀରର	21	21	8	22	2SA 11:21
ପ୍ରାଚୀରରୁ	4	4	2	4	1SA 31:12
ପ୍ରାଚୀରରେ	7	7	7	8	DEU 28:52
ପ୍ରାଚୀରସକଳ	1	1	1	1	JER 50:15
ପ୍ରାଚୀରସବୁ	3	3	3	3	PSA 51:18
ପ୍ରାଚୀରସମୂହର	1	1	1	1	ISA 60:18
ପ୍ରାଚୀରସ୍ୱରୂପ	1	1	1	2	ZEC 2:5
ପ୍ରାଚୀରହୀନ	6	6	5	6	LEV 25:31
ପ୍ରାଚୁର୍ଯ୍ୟ	3	3	2	3	LUK 12:15
ପ୍ରାଣ	388	388	41	385	GEN 12:13
ପ୍ରାଣ-ବେଦନାର	1	1	1	0	ISA 53:11
ପ୍ରାଣ-ରକ୍ତ	1	1	1	0	ISA 63:6
ପ୍ରାଣ-ରକ୍ତର	1	1	1	0	ISA 63:3
ପ୍ରାଣକୁ	95	95	20	94	EXO 1:14
ପ୍ରାଣତ୍ୟାଗ	31	31	13	30	GEN 6:17
ପ୍ରାଣତ୍ୟାଗରେ	1	1	1	1	JOB 11:20
ପ୍ରାଣଦଣ୍ଡ	50	50	17	56	GEN 26:11
ପ୍ରାଣଦଣ୍ଡଯୋଗ୍ୟ	4	4	3	3	NUM 35:31
ପ୍ରାଣଦଣ୍ଡର	9	9	6	9	EZR 7:26
ପ୍ରାଣଦଣ୍ଡାଜ୍ଞା	3	3	2	0	MAT 20:19
ପ୍ରାଣଧାରଣ	1	1	1	0	DEU 31:13
ପ୍ରାଣଧାରଣରେ	1	1	1	1	GEN 27:46
ପ୍ରାଣନାଶ	3	3	3	3	JER 4:30
ପ୍ରାଣନାଶକ	5	5	5	5	PSA 17:8
ପ୍ରାଣନାଶର	12	12	4	13	JOB 31:39
ପ୍ରାଣନାଶରେ	1	1	1	0	ACT 8:1
ପ୍ରାଣପଣ	10	10	7	10	JDG 5:18
ପ୍ରାଣପଣକାରୀ	1	1	1	1	JDG 5:18
ପ୍ରାଣପଣରେ	5	5	4	5	2SA 23:17
ପ୍ରାଣପଣେ	1	1	1	1	1TH 2:2
ପ୍ରାଣବାୟୁ	10	10	4	10	GEN 2:7
ପ୍ରାଣବାୟୁଧାରୀ	1	1	1	1	ISA 2:22
ପ୍ରାଣବାୟୁବିଶିଷ୍ଟ	1	1	1	0	GEN 7:15
ପ୍ରାଣବ୍ୟଥା	1	1	1	1	DEU 28:65
ପ୍ରାଣମୁକ୍ତି	1	1	1	1	EXO 21:30
ପ୍ରାଣର	53	53	19	54	GEN 9:5
ପ୍ରାଣରକ୍ଷକମାନଙ୍କର	1	1	1	0	PSA 54:4
ପ୍ରାଣରକ୍ଷା	4	4	2	4	GEN 19:17
ପ୍ରାଣରକ୍ଷାର୍ଥେ	5	5	5	5	GEN 6:19
ପ୍ରାଣରେ	14	14	9	14	GEN 27:46
ପ୍ରାଣସଙ୍କଟରେ	1	1	1	0	LAM 5:9
ପ୍ରାଣସମାନ	1	1	1	0	DEU 13:7
ପ୍ରାଣହୀନ	1	1	1	1	JOB 3:16
ପ୍ରାଣାନ୍ତକ	2	2	1	2	LEV 24:17
ପ୍ରାଣାର୍ଥେ	1	1	1	1	EXO 30:12
ପ୍ରାଣୀ	94	94	20	87	GEN 2:7
ପ୍ରାଣୀ-ମାନଙ୍କ	1	1	1	0	EZK 1:13
ପ୍ରାଣୀ-ମାନେ	1	1	1	0	LEV 18:29
ପ୍ରାଣୀକି	10	10	7	0	LEV 22:11
ପ୍ରାଣୀକୁ	3	3	2	15	JOS 10:30
ପ୍ରାଣୀଗଣ	2	2	2	2	GEN 46:26
ପ୍ରାଣୀଗଣର	1	1	1	1	EXO 12:4
ପ୍ରାଣୀଙ୍କ	6	6	3	6	GEN 1:30
ପ୍ରାଣୀଙ୍କର	1	1	1	1	1SA 22:22
ପ୍ରାଣୀଙ୍କି	6	6	3	0	GEN 7:4
ପ୍ରାଣୀଙ୍କୁ	8	8	2	12	GEN 8:21
ପ୍ରାଣୀବର୍ଗ	4	4	1	4	GEN 1:21
ପ୍ରାଣୀବର୍ଗରେ	1	1	1	1	GEN 1:20
ପ୍ରାଣୀମାନଙ୍କ	10	10	5	10	EXO 16:16
ପ୍ରାଣୀମାନଙ୍କୁ	9	9	4	9	GEN 12:5
ପ୍ରାଣୀମାନେ	4	4	3	5	EZK 1:19
ପ୍ରାଣୀମୟ	1	1	1	1	GEN 1:20
ପ୍ରାଣୀର	28	28	9	27	GEN 6:13
ପ୍ରାଣୀସକଳ	2	2	2	2	LEV 27:2
ପ୍ରାଣୀସବୁ	1	1	1	1	ZEC 2:13
ପ୍ରାଣ୍ଡଦଣ୍ଡର	1	1	1	0	MRK 14:64
ପ୍ରାତଃ	8	8	3	7	EXO 16:7
ପ୍ରାତଃ-କାଳରେ	1	1	1	0	EXO 34:2
ପ୍ରାତଃକାଳ	15	15	8	13	GEN 1:5
ପ୍ରାତଃକାଳର	1	1	1	2	NUM 28:8
ପ୍ରାତଃକାଳରୁ	1	1	1	1	RUT 2:7
ପ୍ରାତଃକାଳରେ	30	30	15	31	GEN 49:27
ପ୍ରାତଃକାଳୀନ	5	5	5	3	NUM 28:23
ପ୍ରାତଃକାଳେ	1	1	1	1	EST 5:14
ପ୍ରାତ୍ୟହିକ	2	2	2	2	1KI 4:22
ପ୍ରାଥମିକ	6	6	3	12	GAL 4:3
ପ୍ରାଧାନ୍ୟ	2	2	2	4	JOB 40:10
ପ୍ରାନ୍ତକୁ	1	1	1	1	ISA 41:9
ପ୍ରାନ୍ତନିବାସୀ	1	1	1	1	PSA 65:5
ପ୍ରାନ୍ତଭାଗ	8	8	3	8	JOS 15:2
ପ୍ରାନ୍ତଭାଗ-ନିବାସୀଗଣ	1	1	1	1	PSA 65:8
ପ୍ରାନ୍ତଭାଗରୁ	2	2	2	2	JER 31:8
ପ୍ରାନ୍ତଭାଗରେ	4	4	4	3	JOS 15:1
ପ୍ରାନ୍ତଭାଗସବୁ	1	1	1	1	PSA 2:8
ପ୍ରାନ୍ତଭାଗସ୍ଥ	1	1	1	1	JOS 15:21
ପ୍ରାନ୍ତର	70	70	21	73	GEN 11:2
ପ୍ରାନ୍ତର-ଧାରସ୍ଥିତ	1	1	1	1	EXO 13:20
ପ୍ରାନ୍ତର-ପଥ	1	1	1	1	JDG 20:42
ପ୍ରାନ୍ତର-ପ୍ରବେଶ-ସ୍ଥାନ	1	1	1	1	1CH 5:9
ପ୍ରାନ୍ତର-ଭୂମି	1	1	1	0	LEV 25:34
ପ୍ରାନ୍ତରକୁ	33	33	18	31	GEN 27:3
ପ୍ରାନ୍ତରଗାମୀ	1	1	1	1	EXO 13:18
ପ୍ରାନ୍ତରଠାରୁ	4	4	4	4	EXO 23:31
ପ୍ରାନ୍ତରପଥ	1	1	1	1	2SA 15:23
ପ୍ରାନ୍ତରବାସୀ	3	3	2	3	NEH 3:22
ପ୍ରାନ୍ତରର	15	15	11	16	GEN 37:22
ପ୍ରାନ୍ତରରୁ	14	14	8	15	EXO 17:1
ପ୍ରାନ୍ତରରେ	139	139	26	140	GEN 21:14
ପ୍ରାନ୍ତରସ୍ଥ	26	26	16	26	GEN 19:28
ପ୍ରାନ୍ତରସ୍ଥିତ	4	4	3	4	GEN 13:12
ପ୍ରାନ୍ତରୁ	15	15	7	15	DEU 4:32
ପ୍ରାନ୍ତରେ	8	8	4	9	EXO 25:19
ପ୍ରାନ୍ତସକଳ	1	1	1	1	ISA 41:5
ପ୍ରାନ୍ତସକଳର	1	1	1	1	ISA 40:28
ପ୍ରାନ୍ତସକଳରୁ	1	1	1	1	JER 16:19
ପ୍ରାନ୍ତସୀମା	1	1	1	1	JOB 28:3
ପ୍ରାନ୍ତସୀମାରେ	2	2	2	1	DEU 30:4
ପ୍ରାନ୍ତସୀମାସ୍ଥିତ	1	1	1	1	EZK 38:6
ପ୍ରାନ୍ତସ୍ଥ	4	4	3	4	JOS 18:19
ପ୍ରାନ୍ତସ୍ଥିତ	8	8	5	8	EXO 28:24
ପ୍ରାପ୍ତ	329	329	49	331	GEN 3:22
ପ୍ରାପ୍ତବ୍ୟ	6	6	3	6	GEN 14:24
ପ୍ରାପ୍ତି	9	9	8	9	ACT 26:7
ପ୍ରାପ୍ତିର	4	4	2	6	LEV 14:22
ପ୍ରାପ୍ତିରୁ	1	1	1	1	ISA 38:10
ପ୍ରାପ୍ୟ	6	6	4	7	EXO 30:13
ପ୍ରାର୍ଥନା	432	432	51	535	GEN 4:26
ପ୍ରାର୍ଥନା-ଗୃହ	1	1	1	0	ISA 56:7
ପ୍ରାର୍ଥନା-ଗୃହରେ	1	1	1	0	ISA 56:7
ପ୍ରାର୍ଥନା-ନିବେଦନ	1	1	1	0	1KI 8:28
ପ୍ରାର୍ଥନାକାରୀ	3	3	1	3	PSA 86:5
ପ୍ରାର୍ଥନାକାରୀମାନଙ୍କ	1	1	1	1	PSA 99:6
ପ୍ରାର୍ଥନାକାରୀମାନେ	1	1	1	1	ZEP 3:10
ପ୍ରାର୍ଥନାକାଳୀନ	1	1	1	1	NEH 11:17
ପ୍ରାର୍ଥନାଗୃହ	2	2	2	3	MAT 21:13
ପ୍ରାର୍ଥନାନୁସାରେ	2	2	2	2	EXO 8:31
ପ୍ରାର୍ଥନାର	4	4	3	9	GEN 35:3
ପ୍ରାର୍ଥନାରୁ	1	1	1	1	LUK 22:45
ପ୍ରାର୍ଥନାରେ	21	21	13	21	PSA 17:1
ପ୍ରାର୍ଥନାସକଳ	1	1	1	1	PSA 72:20
ପ୍ରାର୍ଥନାସ୍ଥାନକୁ	1	1	1	0	ACT 16:16
ପ୍ରାର୍ଥନାସ୍ୱରୂପ	1	1	1	0	REV 5:8
ପ୍ରାର୍ଥିତ	3	3	3	2	EZR 7:6
ପ୍ରାସାଦ	8	8	4	10	1CH 29:1
ପ୍ରାସାଦକୁ	1	1	1	2	JHN 18:28
ପ୍ରାସାଦରେ	5	5	5	6	ISA 13:22
ପ୍ରାସାଦସମୂହ	1	1	1	1	MAT 24:1
ପ୍ରାୟ	82	82	24	231	GEN 27:41
ପ୍ରାୟଶ୍ଚିତ	1	1	1	1	1CH 6:49
ପ୍ରାୟଶ୍ଚିତ୍ତ	94	94	14	99	EXO 21:30
ପ୍ରାୟଶ୍ଚିତ୍ତ-ରୂପା	1	1	1	1	EXO 30:16
ପ୍ରାୟଶ୍ଚିତ୍ତକରଣାର୍ଥେ	2	2	2	1	EXO 30:15
ପ୍ରାୟଶ୍ଚିତ୍ତକୁ	1	1	1	1	PRO 6:35
ପ୍ରାୟଶ୍ଚିତ୍ତବଳି	1	1	1	1	ROM 3:25
ପ୍ରାୟଶ୍ଚିତ୍ତର	3	3	2	3	LEV 23:27
ପ୍ରାୟଶ୍ଚିତ୍ତାର୍ଥକ	5	5	4	5	EXO 30:10
ପ୍ରାୟଶ୍ଚିତ୍ତାର୍ଥକ-ବଳି	1	1	1	1	EZK 40:42
ପ୍ରିୟ	50	50	21	61	DEU 33:12
ପ୍ରିୟଜ୍ଞାନ	3	3	3	0	MAT 10:37
ପ୍ରିୟତମ	27	27	4	28	PSA 60:5
ପ୍ରିୟତମକୁ	1	1	1	1	PSA 127:2
ପ୍ରିୟତମଗଣ	1	1	1	1	SNG 5:1
ପ୍ରିୟତମଙ୍କ	8	8	3	11	SNG 2:8
ପ୍ରିୟତମଙ୍କଠାରେ	1	1	1	0	EPH 1:7
ପ୍ରିୟତମଙ୍କର	5	5	2	5	SNG 5:8
ପ୍ରିୟତମଠାରୁ	2	2	1	2	SNG 5:9
ପ୍ରିୟତମଣ	1	1	1	0	PSA 84:1
ପ୍ରିୟତମା	3	3	3	3	ECC 9:9
ପ୍ରିୟତମାକୁ	1	1	1	1	JER 12:7
ପ୍ରିୟପାତ୍ର	21	21	15	20	1KI 5:1
ପ୍ରିୟମାନେ	21	21	9	22	ROM 12:19
ପ୍ରିୟା	3	3	2	3	DEU 21:15
ପ୍ରିୟାଜାତ	1	1	1	1	DEU 21:16
ପ୍ରିୟାର	1	1	1	1	JER 11:15
ପ୍ରିୟେ	9	9	1	13	SNG 1:9
ପ୍ରୀତିଜନକ	1	1	1	1	GEN 34:3
ପ୍ରୀତିପାତ୍ର	2	2	1	2	EZK 24:21
ପ୍ରୀତିପାତ୍ରକୁ	1	1	1	1	EZK 24:16
ପ୍ରୀତିବଚନ	1	1	1	1	JDG 19:3
ପ୍ରୀତିବାକ୍ୟ	2	2	2	2	2KI 25:28
ପ୍ରୀତିଭାଜନ	1	1	1	0	PHP 4:8
ପ୍ରୀସ୍କା	3	3	3	2	ROM 16:3
ପ୍ରୀସ୍କିଲ୍ଲା	3	3	1	3	ACT 18:2
ପ୍ରେକ	1	1	1	1	ZEC 10:4
ପ୍ରେତଗଣ	1	1	1	1	JOB 26:5
ପ୍ରେତପରାମର୍ଶୀ	1	1	1	1	DEU 18:11
ପ୍ରେତମାନଙ୍କ	1	1	1	1	PRO 21:16
ପ୍ରେମ	308	308	49	346	GEN 24:67
ପ୍ରେମକାରୀ	6	6	5	6	PSA 145:20
ପ୍ରେମକାରୀ-ମାନଙ୍କୁ	1	1	1	0	LUK 6:32
ପ୍ରେମକାରୀଗଣ	1	1	1	1	PSA 97:10
ପ୍ରେମକାରୀମାନଙ୍କ	1	1	1	1	PSA 119:132
ପ୍ରେମକାରୀମାନଙ୍କୁ	1	1	1	2	JAS 2:5
ପ୍ରେମକାରୀମାନେ	2	2	2	2	JDG 5:31
ପ୍ରେମକାରୀର	1	1	1	1	PRO 27:6
ପ୍ରେମକୁ	5	5	2	8	SNG 2:7
ପ୍ରେମଠାରୁ	1	1	1	1	PRO 27:5
ପ୍ରେମପାତ୍ର	1	1	1	1	COL 1:13
ପ୍ରେମପାତ୍ରକୁ	1	1	1	1	PRO 3:12
ପ୍ରେମପୀଡ଼ିତା	1	1	1	1	SNG 5:8
ପ୍ରେମପୂର୍ଣ୍ଣ	1	1	1	2	PHP 2:1
ପ୍ରେମଭୋଜିର	1	1	1	1	JUD 1:12
ପ୍ରେମର	12	12	9	14	GEN 37:4
ପ୍ରେମରଜ୍ଜୁ	1	1	1	1	HOS 11:4
ପ୍ରେମରୁ	5	5	4	5	2SA 1:26
ପ୍ରେମରୂପ	1	1	1	1	1TH 5:8
ପ୍ରେମରେ	38	38	20	42	1KI 11:2
ପ୍ରେମଶଯ୍ୟାରେ	1	1	1	0	EZK 23:17
ପ୍ରେମାଳାପ	1	1	1	1	JER 9:8
ପ୍ରେମାସକ୍ତ	1	1	1	1	DEU 21:11
ପ୍ରେମାସକ୍ତିରେ	1	1	1	1	EZK 23:11
ପ୍ରେମିକ	1	1	1	2	EZK 16:33
ପ୍ରେମିକଗଣ	2	2	1	2	HOS 2:5
ପ୍ରେମିକଗଣକୁ	1	1	1	1	HOS 8:9
ପ୍ରେମିକଗଣଠାରେ	1	1	1	1	EZK 23:5
ପ୍ରେମିକଗଣର	5	5	2	5	EZK 16:36
ପ୍ରେମିକଙ୍କ	1	1	1	1	LAM 1:2
ପ୍ରେମିକମାନଙ୍କୁ	2	2	2	2	LAM 1:19
ପ୍ରେମିକସମସ୍ତଙ୍କୁ	1	1	1	0	EZK 16:37
ପ୍ରେମିକା	1	1	1	1	PRO 5:19
ପ୍ରେମୀ	1	1	1	4	PHP 2:2
ପ୍ରେରକଗଣ	1	1	1	1	PRO 25:13
ପ୍ରେରକଠାରୁ	1	1	1	1	JHN 13:16
ପ୍ରେରକମାନଙ୍କ	1	1	1	1	PRO 10:26
ପ୍ରେରଣ	120	120	33	117	GEN 32:3
ପ୍ରେରଣ-କର୍ତ୍ତା	1	1	1	0	JHN 8:18
ପ୍ରେରଣକର୍ତ୍ତା	9	9	1	10	JHN 5:23
ପ୍ରେରଣକର୍ତ୍ତାଙ୍କ	6	6	1	6	JHN 4:34
ପ୍ରେରଣକର୍ତ୍ତାଙ୍କଠାରେ	1	1	1	1	JHN 12:44
ପ୍ରେରଣକର୍ତ୍ତାଙ୍କର	2	2	1	2	JHN 5:30
ପ୍ରେରଣକର୍ତ୍ତାଙ୍କୁ	9	9	5	9	1CH 21:12
ପ୍ରେରଣା	1	1	1	4	2SA 24:13
ପ୍ରେରିତ	101	101	35	159	GEN 32:18
ପ୍ରେରିତ-ମାନଙ୍କ	2	2	2	0	ACT 14:4
ପ୍ରେରିତ-ମାନଙ୍କର	1	1	1	0	GAL 1:19
ପ୍ରେରିତଙ୍କ	3	3	3	6	ACT 1:26
ପ୍ରେରିତଙ୍କର	1	1	1	0	MAT 10:2
ପ୍ରେରିତଙ୍କୁ	1	1	1	1	1CO 15:7
ପ୍ରେରିତପଦର	2	2	2	2	1CO 9:2
ପ୍ରେରିତପଦରୁ	1	1	1	0	ACT 1:24
ପ୍ରେରିତବର୍ଗ	1	1	1	1	REV 18:20
ପ୍ରେରିତମାନଙ୍କ	13	13	7	26	MAT 23:37
ପ୍ରେରିତମାନଙ୍କଠାରୁ	1	1	1	1	2CO 11:5
ପ୍ରେରିତମାନଙ୍କର	4	4	1	10	ACT 2:42
ପ୍ରେରିତମାନଙ୍କୁ	8	8	2	8	LUK 11:49
ପ୍ରେରିତମାନେ	12	12	4	13	MRK 6:30
ପ୍ରେରିତା	1	1	1	1	EXO 18:2
ପ୍ରୋକ୍ଷଣ	2	2	2	0	LEV 7:2
ପ୍ରୟାଣ	5	5	4	3	MAT 26:24
ପ୍ରୟାସ	1	1	1	1	PSA 131:1
ପ୍ରୟୋଗ	2	2	2	3	GEN 19:9
ପ୍ରୟୋଜନ	43	43	14	28	GEN 33:15
ପ୍ରୟୋଜନା-ନୁସାରେ	1	1	1	0	1CH 16:37
ପ୍ରୟୋଜନାନୁସାରେ	8	8	5	9	DEU 15:8
ପ୍ରୟୋଜନୀୟ	9	9	9	9	EXO 36:5
ପ୍ଲଟୀୟ	2	2	2	3	1CH 3:21
ପ୍ଲଟୀୟକୁ	1	1	1	2	EZK 11:1
ପ୍ଲାବନ	2	2	2	4	PSA 69:2
ପ୍ଲାବନକୁ	1	1	1	1	PSA 74:15
ପ୍ଲାବନରୂପ	1	1	1	1	DAN 11:22
ପ୍ଲାବନରେ	1	1	1	1	PSA 90:5
ପ୍ଲାବିତ	1	1	1	1	ISA 27:12
ପ୍ଲାୟ	1	1	1	1	1CH 3:24
ପ୍ଳଟିୟକୁ	1	1	1	0	1CH 4:42
ପ୍ଳାବନ	4	4	4	3	2SA 22:5
ପ୍ଳାବନକାରୀ	6	6	4	6	PRO 28:3
ପ୍ଳାବନରେ	1	1	1	1	PSA 46:3
ପ୍ଳାବିତ	4	4	3	4	ISA 30:28
ଫଟା-ସ୍ଥାନସବୁ	1	1	1	0	AMO 9:11
ଫଟାଇ	1	1	1	1	LUK 5:37
ଫଟାଇଦିଏ	1	1	1	1	MRK 2:22
ଫଟାଇଦେଲେ	1	1	1	1	MRK 12:4
ଫଡ଼ିଙ୍ଗ	4	4	4	3	NUM 13:33
ଫଡ଼ିଙ୍ଗମାନେ	2	2	2	2	ISA 33:4
ଫଡ଼ିଙ୍ଗର	1	1	1	1	NAM 3:17
ଫଣି	1	1	1	1	GEN 49:17
ଫନ୍ଦ	8	8	3	8	1KI 7:23
ଫନ୍ଦଠାରୁ	1	1	1	1	2CH 4:2
ଫନ୍ଦରୁ	1	1	1	1	1KI 7:23
ଫମ୍ପା	3	3	2	3	EXO 27:8
ଫରାତ	2	2	2	0	GEN 15:18
ଫରାତ୍	29	29	12	32	GEN 2:14
ଫର୍ଚା	1	1	1	1	PSA 119:131
ଫର୍ଚ୍ଚା	2	2	1	1	LAM 2:16
ଫର୍ତ୍ତୂନାତ	1	1	1	1	1CO 16:17
ଫଳ	334	334	50	346	GEN 2:16
ଫଳ-ଉତ୍ପତ୍ତି	2	2	1	0	LEV 25:15
ଫଳକ	17	17	5	20	DEU 9:9
ଫଳକମଣ୍ଡିତ	1	1	1	0	HAG 1:4
ଫଳକର	1	1	1	1	1SA 17:7
ଫଳକରେ	4	4	3	6	DEU 10:2
ଫଳକୁ	7	7	5	8	LEV 19:23
ଫଳତଃ	2	2	2	2	GAL 5:17
ଫଳଦାତା	1	1	1	1	REV 2:23
ଫଳଦାୟକ	8	8	6	8	GEN 1:29
ଫଳଦାୟୀ	2	2	1	2	GEN 49:22
ଫଳନାଶକ	2	2	1	2	2KI 2:19
ଫଳନ୍ତି	3	3	3	3	JER 12:2
ଫଳପୂର୍ଣ୍ଣ	2	2	2	2	2KI 19:23
ଫଳପ୍ରଦ	2	2	2	2	1CO 16:9
ଫଳପ୍ରାପ୍ତ	1	1	1	7	HEB 11:33
ଫଳପ୍ରାପ୍ତି	1	1	1	1	HOS 14:8
ଫଳବ	1	1	1	0	GEN 28:3
ଫଳବତୀ	7	7	5	7	GEN 30:38
ଫଳବତ୍	1	1	1	1	2CH 26:10
ଫଳବାନ	11	11	7	11	GEN 41:52
ଫଳବିଶିଷ୍ଟ	2	2	2	2	SNG 4:13
ଫଳବୃକ୍ଷ	3	3	3	4	NEH 9:25
ଫଳବୃକ୍ଷଭୂମି	1	1	1	0	GEN 1:11
ଫଳଭୋଗ	1	1	1	1	JOB 34:11
ଫଳମାନ	1	1	1	1	SNG 2:13
ଫଳଯୁକ୍ତ	1	1	1	1	NUM 13:23
ଫଳର	21	21	13	19	EXO 23:16
ଫଳରକ୍ଷକମାନେ	1	1	1	1	SNG 8:12
ଫଳରହିତ	1	1	1	1	HAG 1:10
ଫଳରୁ	5	5	5	5	NUM 13:20
ଫଳରେ	10	10	8	16	2KI 4:39
ଫଳଶାଳୀ	2	2	1	2	ISA 28:1
ଫଳଶୂନ୍ୟ	2	2	2	1	2PE 1:8
ଫଳସବୁ	5	5	4	5	PSA 105:35
ଫଳସୁଦ୍ଧା	1	1	1	1	JER 11:19
ଫଳସ୍ୱରୂପ	1	1	1	0	ROM 16:5
ଫଳସ୍ୱରୂପେ	1	1	1	0	REV 14:4
ଫଳହୀନ	4	4	4	4	MAT 13:22
ଫଳାଦିର	1	1	1	1	EXO 22:29
ଫଳାଧିକାରୀ	2	2	2	2	PSA 105:45
ଫଳାନୁସାରେ	1	1	1	1	JER 21:14
ଫଳି	6	6	4	6	HAG 2:19
ଫଳିବ	7	7	5	7	LEV 19:25
ଫଳିବା	2	2	2	2	JHN 15:2
ଫଳିବାକୁ	1	1	1	1	MAT 13:26
ଫଳିବାର	1	1	1	1	JER 17:8
ଫଳିବେ	2	2	2	2	2KI 19:30
ଫଳିଲା	8	8	6	7	NUM 17:8
ଫଳିଲେ	1	1	1	1	JHN 15:8
ଫଳେ	13	13	4	13	MAT 3:10
ଫଳୋତ୍ପାଦକ	2	2	1	2	GEN 1:11
ଫସଲ	7	7	3	9	PRO 6:8
ଫାଟ	4	4	3	5	ISA 30:13
ଫାଟକ	1	1	1	1	LUK 16:20
ଫାଟରେ	1	1	1	1	SNG 2:14
ଫାଟି	1	1	1	1	JER 14:4
ଫାଟିଗଲା	3	3	3	3	NUM 16:31
ଫାଟିବାକୁ	1	1	1	1	JOB 32:19
ଫାଟିଯାଇ	1	1	1	1	PSA 106:17
ଫାଟିଯାଏ	2	2	2	2	JOB 7:5
ଫାଟିଯିବ	1	1	1	1	1KI 13:3
ଫାନ୍ଦ	41	41	18	42	EXO 10:7
ଫାନ୍ଦକୁ	1	1	1	1	PRO 7:23
ଫାନ୍ଦଜନକ	1	1	1	1	PRO 29:25
ଫାନ୍ଦରୁ	7	7	3	7	PSA 91:3
ଫାନ୍ଦରେ	16	16	10	17	DEU 7:25
ଫାରୁଶୀ	1	1	1	0	MAT 16:6
ଫାରୁଶୀମାନଙ୍କ	1	1	1	0	MAT 5:20
ଫାରୂଶୀ	22	22	5	25	MAT 3:7
ଫାରୂଶୀ-ମାନଙ୍କ	1	1	1	0	ACT 23:9
ଫାରୂଶୀ-ମାନଙ୍କର	1	1	1	0	MRK 2:18
ଫାରୂଶୀ-ମାନେ	6	6	1	0	MAT 23:14
ଫାରୂଶୀଙ୍କ	2	2	1	2	LUK 7:36
ଫାରୂଶୀଦଳର	1	1	1	2	ACT 15:5
ଫାରୂଶୀମାନଙ୍କ	15	15	4	19	MAT 12:38
ଫାରୂଶୀମାନଙ୍କଠାରୁ	1	1	1	1	JHN 18:3
ଫାରୂଶୀମାନଙ୍କର	1	1	1	2	LUK 14:1
ଫାରୂଶୀମାନଙ୍କୁ	1	1	1	3	LUK 14:3
ଫାରୂଶୀମାନେ	44	44	5	51	MAT 9:11
ଫାରୂଶୀଯାକ	1	1	1	1	LUK 11:39
ଫାରୂଶୀର	1	1	1	1	ACT 23:6
ଫାରୋ	115	115	12	117	GEN 12:16
ଫାରୋ-ନଖୋ	4	4	1	4	2KI 23:29
ଫାରୋ-ନଖୋକୁ	1	1	1	1	2KI 23:35
ଫାରୋ-ନଖୋର	1	1	1	0	JER 46:2
ଫାରୋ-ହଫ୍ରାକୁ	1	1	1	0	JER 44:30
ଫାରୋକୁ	9	9	6	10	EXO 4:22
ଫାରୋଙ୍କ	46	46	4	47	GEN 12:15
ଫାରୋଙ୍କଠାରୁ	2	2	2	2	GEN 47:22
ଫାରୋଙ୍କର	54	54	3	55	GEN 12:15
ଫାରୋଙ୍କୁ	18	18	3	18	GEN 41:8
ଫାରୋର	31	31	12	32	GEN 37:36
ଫାଳ	4	4	4	4	1SA 13:20
ଫାଶ	4	4	3	15	JOB 18:9
ଫାଶୀ	9	9	4	10	GEN 41:13
ଫାଶୀକାଠ	4	4	1	4	EST 5:14
ଫାଶୀକାଠରେ	5	5	1	5	EST 6:4
ଫିଙ୍ଗି	3	3	3	3	1SA 25:29
ଫିଙ୍ଗିଦେଲା	1	1	1	1	1SA 25:29
ଫିଙ୍ଗିଲେ	1	1	1	1	1SA 18:11
ଫିଟା	2	2	2	2	NEH 7:3
ଫିଟାଅ	10	10	7	10	2KI 13:17
ଫିଟାଇ	60	60	21	58	GEN 8:6
ଫିଟାଇଅଛ	1	1	1	1	JDG 11:36
ଫିଟାଇଅଛି	1	1	1	1	JDG 11:35
ଫିଟାଇଅଛୁ	1	1	1	1	REV 3:8
ଫିଟାଇଥିଲେ	2	2	2	2	EZK 33:22
ଫିଟାଇଦିଆଯିବ	1	1	1	1	LUK 11:10
ଫିଟାଇଦିଏ	1	1	1	1	JHN 10:3
ଫିଟାଇଦେବ	1	1	1	1	REV 3:20
ଫିଟାଇଦେବି	1	1	1	1	1KI 5:9
ଫିଟାଇଦେଲା	2	2	1	2	JHN 9:26
ଫିଟାଇଦେଲୁ	1	1	1	1	ACT 27:2
ଫିଟାଇଦେଲେ	4	4	3	5	LUK 8:22
ଫିଟାଇପାର	1	1	1	1	JOB 38:31
ଫିଟାଇପାରେ	1	1	1	1	JOB 41:14
ଫିଟାଇବ	2	2	2	2	ISA 22:22
ଫିଟାଇବା	6	6	5	6	PSA 38:13
ଫିଟାଇବାକୁ	12	12	9	12	GEN 44:11
ଫିଟାଇବାର	1	1	1	1	1CH 9:27
ଫିଟାଇବି	1	1	1	1	PSA 78:2
ଫିଟାଇଲା	4	4	4	3	JDG 3:25
ଫିଟାଇଲି	2	2	2	2	PSA 39:9
ଫିଟାଇଲେ	12	12	9	13	NUM 22:28
ଫିଟାଉଅଛ	2	2	1	2	LUK 19:31
ଫିଟାଉଅଛି	1	1	1	1	JOB 33:2
ଫିଟାଉଥିବା	1	1	1	1	LUK 19:33
ଫିଟାଉନ୍ତୁ	1	1	1	0	LUK 13:25
ଫିଟାଏ	5	5	2	4	JOB 27:19
ଫିଟାଗଲା	3	3	2	3	DAN 7:10
ଫିଟାନ୍ତି	1	1	1	1	COL 4:3
ଫିଟାନ୍ତେ	8	8	7	7	GEN 24:32
ଫିଟାଯିବ	1	1	1	1	EZK 46:12
ଫିଟିଅଛି	1	1	1	0	1SA 2:1
ଫିଟିଗଲା	5	5	5	5	MAT 9:30
ଫିଟିବ	1	1	1	1	ISA 5:27
ଫିଟିଯା	1	1	1	1	MRK 7:34
ଫିଟିଯାଏ	1	1	1	1	MAT 20:33
ଫିଟିଯିବ	1	1	1	1	EZK 24:27
ଫିନୂୟେଲଙ୍କ	1	1	1	1	LUK 2:36
ଫିରୀୟାଥୋନରେ	1	1	1	1	JDG 12:15
ଫିରୀୟାଥୋନୀୟ	2	2	1	0	JDG 12:13
ଫିରୋଜ୍ମଣିର	1	1	1	0	REV 21:20
ଫିଲଲଗ	1	1	1	1	ROM 16:15
ଫିଲାଦେଲ୍ଫିଆ	2	2	1	3	REV 1:11
ଫିଲିପ୍ପ	23	23	5	25	MAT 10:3
ଫିଲିପ୍ପଙ୍କ	7	7	4	12	MAT 14:3
ଫିଲିପ୍ପଙ୍କୁ	6	6	2	2	JHN 6:5
ଫିଲିପ୍ପୀ	2	2	2	3	MAT 16:13
ଫିଲିପ୍ପୀକୁ	1	1	1	1	ACT 16:12
ଫିଲିପ୍ପୀରୁ	1	1	1	1	ACT 20:6
ଫିଲିପ୍ପୀରେ	2	2	2	2	PHP 1:1
ଫିଲିପ୍ପୀୟମାନେ	1	1	1	1	PHP 4:15
ଫିଲୀତ	1	1	1	1	2TI 2:17
ଫିଲୀମୋନ	1	1	1	6	PHM 1:1
ଫୀଖୋଲ	3	3	1	3	GEN 21:22
ଫୁଗେଲ	1	1	1	1	2TI 1:15
ଫୁଙ୍କ	2	2	2	2	GEN 2:7
ଫୁଙ୍କନ୍ତି	1	1	1	1	EZK 22:20
ଫୁଙ୍କି	2	2	2	2	EXO 15:10
ଫୁଙ୍କିବା	2	2	1	2	EZK 21:31
ଫୁଙ୍ଗା	3	3	2	0	MRK 14:51
ଫୁଟାଇ	1	1	1	1	ISA 34:15
ଫୁଟାଇବା	1	1	1	1	ISA 64:2
ଫୁଟାଏ	1	1	1	1	JOB 41:31
ଫୁଟାନ୍ତି	1	1	1	1	ISA 59:5
ଫୁଟି	4	4	3	4	LEV 13:12
ଫୁଟିବ	1	1	1	1	HOS 14:5
ଫୁଟିଲା	2	2	2	2	GEN 40:10
ଫୁଟେ	1	1	1	1	JOB 30:27
ଫୁତ୍କାର	4	4	3	4	JOB 4:9
ଫୁରା	1	1	1	1	JDG 7:11
ଫୁରାକୁ	1	1	1	1	JDG 7:10
ଫୁଲ	8	8	6	7	GEN 40:10
ଫୁଲା	6	6	1	6	LEV 13:2
ଫୁଲାଇ	1	1	1	1	NUM 5:21
ଫୁଲାଇବାକୁ	1	1	1	1	NUM 5:22
ଫୁଲାରେ	1	1	1	1	LEV 13:10
ଫୁଲି	1	1	1	1	DEU 32:15
ଫୁଲିଅଛ	1	1	1	1	DEU 32:15
ଫୁଲିଅଛି	1	1	1	1	HAB 2:4
ଫୁଲିବ	1	1	1	1	NUM 5:27
ଫୁଲିଯିବେ	1	1	1	1	ACT 28:6
ଫୁଲିଲା	2	2	2	2	DEU 8:4
ଫୁସଲାଇ	1	1	1	0	EXO 22:16
ଫୁସଲାଇବ	2	2	1	2	1KI 22:20
ଫୁସଲାଇବି	1	1	1	1	1KI 22:21
ଫୁସୁଲାଇବ	2	2	1	2	2CH 18:19
ଫୁସୁଲାଇବି	1	1	1	1	2CH 18:20
ଫୁସୁଲାଇଲେ	1	1	1	1	PRO 1:10
ଫୁସ୍	2	2	1	2	ISA 8:19
ଫୁସ୍ଫୁସ୍	3	3	3	3	2SA 12:19
ଫୂଟୀୟେଲର	1	1	1	1	EXO 6:25
ଫେଣ	6	6	5	6	PSA 75:8
ଫେର	39	39	17	38	EXO 32:12
ଫେରନ୍ତି	12	12	6	12	1KI 8:35
ଫେରନ୍ତୁ	2	2	1	2	PSA 85:8
ଫେରନ୍ତେ	1	1	1	1	1SA 24:1
ଫେରସ	1	1	1	1	LUK 3:33
ଫେରସଙ୍କ	1	1	1	1	LUK 3:33
ଫେରାଅ	14	14	8	14	JOB 14:6
ଫେରାଇ	136	136	32	138	GEN 20:7
ଫେରାଇଅଛ	2	2	2	2	1KI 18:37
ଫେରାଇଅଛନ୍ତି	1	1	1	0	LAM 1:13
ଫେରାଇଅଛି	3	3	2	3	NUM 25:11
ଫେରାଇଥା’ନ୍ତେ	1	1	1	1	JER 23:22
ଫେରାଇଥିଲେ	1	1	1	1	EZR 6:22
ଫେରାଇଦିଅ	1	1	1	1	2KI 8:6
ଫେରାଇଦେବି	1	1	1	0	1KI 20:34
ଫେରାଇଦେଲେ	1	1	1	3	MRK 12:3
ଫେରାଇବ	6	6	6	6	DEU 7:4
ଫେରାଇବା	9	9	8	9	2KI 23:16
ଫେରାଇବାକୁ	1	1	1	1	LUK 1:17
ଫେରାଇବେ	2	2	2	2	DEU 30:3
ଫେରାଇଲ	1	1	1	1	2SA 22:41
ଫେରାଇଲା	1	1	1	1	MAL 2:6
ଫେରାଇଲି	1	1	1	1	PSA 119:59
ଫେରାଇଲେ	2	2	2	2	JDG 20:39
ଫେରାଉଅଛ	1	1	1	1	PSA 89:43
ଫେରାଉଅଛନ୍ତି	1	1	1	0	LAM 3:3
ଫେରାଉଅଛି	1	1	1	1	LAM 1:8
ଫେରାଏ	1	1	1	1	PRO 28:9
ଫେରାନ୍ତି	3	3	2	3	JOB 36:7
ଫେରାନ୍ତୁ	1	1	1	1	PSA 81:14
ଫେରାନ୍ତେ	2	2	1	2	1SA 10:9
ଫେରାଯାଇ	1	1	1	1	PSA 40:14
ଫେରାଯିବ	2	2	2	2	ISA 60:5
ଫେରି	342	342	41	362	GEN 8:11
ଫେରିଅଛନ୍ତି	3	3	3	3	ISA 56:11
ଫେରିଅଛି	2	2	2	2	JER 3:10
ଫେରିଅଛୁ	1	1	1	1	ISA 53:6
ଫେରିଆସ	1	1	1	1	1CH 19:5
ଫେରିଆସନ୍ତି	1	1	1	2	ACT 26:20
ଫେରିଆସନ୍ତୁ	1	1	1	0	ACT 3:19
ଫେରିଆସି	2	2	2	10	GEN 37:30
ଫେରିଆସିଲା	2	2	2	1	DAN 4:36
ଫେରିଗଲା	11	11	6	12	GEN 31:55
ଫେରିଗଲୁ	1	1	1	1	NEH 4:15
ଫେରିଗଲେ	26	26	10	31	GEN 18:33
ଫେରିବ	21	21	11	21	NUM 25:4
ଫେରିବା	12	12	9	18	2SA 2:26
ଫେରିବାକୁ	5	5	4	6	2SA 2:23
ଫେରିବାଣେ	1	1	1	0	MAL 3:7
ଫେରିବାର	1	1	1	1	NUM 22:26
ଫେରିବି	2	2	2	2	DEU 2:27
ଫେରିବୁ	4	4	3	5	NUM 20:17
ଫେରିବେ	11	11	6	12	2CH 7:14
ଫେରିଯାଅ	12	12	7	12	GEN 31:3
ଫେରିଯାଆନ୍ତି	1	1	1	0	EXO 13:17
ଫେରିଯାଇ	10	10	8	11	GEN 37:29
ଫେରିଯାଉ	3	3	2	3	1SA 5:11
ଫେରିଯାଏନ୍ତ	1	1	1	0	PSA 146:4
ଫେରିଯା’ନ୍ତେ	1	1	1	0	1SA 15:31
ଫେରିଯିବ	15	15	7	15	LEV 25:10
ଫେରିଯିବା	3	3	3	3	NEH 9:17
ଫେରିଯିବାକୁ	1	1	1	1	2SA 19:37
ଫେରିଯିବି	3	3	3	5	GEN 24:49
ଫେରିଯିବେ	5	5	4	5	1KI 12:27
ଫେରିଲ	2	2	2	1	HAG 2:17
ଫେରିଲା	8	8	6	8	NUM 22:33
ଫେରିଲି	2	2	2	2	2SA 22:38
ଫେରିଲୁ	1	1	1	0	ZEC 1:16
ଫେରିଲେ	26	26	11	27	JOS 10:38
ଫେରିଲେଣହେଁ	1	1	1	0	HOS 3:1
ଫେରୁ	4	4	3	4	JOS 7:12
ଫେରୁଅଛ	1	1	1	1	1SA 7:3
ଫେରୁଅଛି	1	1	1	1	JER 49:24
ଫେରେ	16	16	7	16	2SA 1:22
ଫେଲଗ	1	1	1	1	LUK 3:35
ଫେଲଗଙ୍କ	1	1	1	1	LUK 3:35
ଫେଲୀକ୍ସଙ୍କ	1	1	1	0	ACT 23:24
ଫେଲୀକ୍ସଙ୍କୁ	1	1	1	0	ACT 23:26
ଫେଲୀକ୍ସ୍	6	6	1	6	ACT 24:2
ଫେଲୀକ୍ସ୍ଙ୍କ	1	1	1	5	ACT 24:27
ଫେଷ୍ଟ	9	9	1	0	ACT 24:27
ଫେଷ୍ଟଙ୍କ	1	1	1	0	ACT 25:23
ଫେଷ୍ଟଙ୍କୁ	3	3	1	0	ACT 25:13
ଫେସି	2	2	1	2	EXO 9:31
ଫୈନୀକିଆ	2	2	1	0	ACT 11:19
ଫୈନୀକିଆକୁ	1	1	1	1	ACT 21:2
ଫୈନୀକ୍ସ୍	1	1	1	0	ACT 27:12
ଫୈନୀକ୍ସ୍ରେ	1	1	1	0	ACT 27:12
ଫୈବୀଙ୍କ	1	1	1	1	ROM 16:1
ଫୋଟକା	1	1	1	1	PRO 6:28
ଫୋଡ଼ି	5	5	4	5	JDG 5:26
ଫୋଡ଼ିପାର	1	1	1	1	JOB 41:2
ଫୋଡ଼ିବ	1	1	1	1	JOB 40:24
ଫୋଡ଼ିବି	1	1	1	1	1SA 18:11
ଫୋପଡ଼ା	1	1	1	1	EZK 16:5
ଫୋପାଡ଼ି	10	10	6	10	EXO 32:19
ଫୋପାଡ଼ିଦିଅ	4	4	1	3	MAT 5:29
ଫୋପାଡ଼ିଦେଇ	2	2	2	2	MAT 27:5
ଫୋପାଡ଼ିଦେଲେ	2	2	2	3	MAT 13:48
ଫୋପାଡ଼ିବା	2	2	1	2	JHN 8:59
ଫୋପାଡ଼ିବାକୁ	3	3	2	3	JHN 11:8
ଫୋପାଡ଼ିବେ	1	1	1	1	ACT 5:26
ଫୋପାଡ଼ିଲେ	1	1	1	1	1SA 20:33
ଫୋପାଡ଼ୁ	2	2	1	2	JHN 8:7
ଫୋପାଡ଼ୁଅଛ	1	1	1	1	JHN 10:32
ଫ୍ରୁଗିଆ	3	3	1	3	ACT 2:10
ଫ୍ଳେଗୋନ୍	1	1	1	1	ROM 16:14
ବଂ	5	5	3	1	2SA 9:12
ବଂଶ	488	488	38	586	GEN 3:15
ବଂଶ-ଜାତ	1	1	1	1	1CH 4:21
ବଂଶ-ସମୂହର	2	2	2	0	JOS 21:1
ବଂଶକୁ	81	81	19	106	GEN 12:7
ବଂଶଜ	7	7	5	8	GEN 36:21
ବଂଶଜାତ	25	25	16	30	EXO 2:1
ବଂଶଜାତକୁ	1	1	1	0	LEV 20:3
ବଂଶଜାତା	1	1	1	0	EXO 2:1
ବଂଶଠାରୁ	8	8	4	9	GEN 28:14
ବଂଶଧରକୁ	1	1	1	2	ACT 7:5
ବଂଶନ୍ତଏଲୋନଠାରୁ	1	1	1	0	NUM 26:26
ବଂଶପରମ୍ପରା	1	1	1	0	GEN 17:7
ବଂଶଭେଦାନୁସାରେ	1	1	1	1	EXO 6:25
ବଂଶର	122	122	26	162	GEN 15:16
ବଂଶରୁ	52	52	11	61	GEN 24:40
ବଂଶରେ	17	17	12	20	GEN 28:4
ବଂଶସବୁ	1	1	1	1	GEN 9:19
ବଂଶସମୂହ	4	4	3	5	NUM 36:9
ବଂଶସମୂହକୁ	1	1	1	1	JOS 24:1
ବଂଶସମୂହର	3	3	2	4	NUM 7:2
ବଂଶାଧି-ପତିଗଣଙ୍କୁ	1	1	1	0	1CH 28:1
ବଂଶାଧ୍ୟକ୍ଷ	2	2	2	2	DEU 5:23
ବଂଶାଧ୍ୟକ୍ଷଗଣ	1	1	1	1	1CH 27:16
ବଂଶାନୁସାରେ	68	68	7	68	EXO 6:17
ବଂଶାବଳୀ	46	46	12	71	GEN 6:9
ବଂଶାବଳୀ-କ୍ରମେ	1	1	1	0	EZR 8:3
ବଂଶାବଳୀ-ପତ୍ର	1	1	1	1	NEH 7:64
ବଂଶାବଳୀ-ପୁସ୍ତକ	1	1	1	1	NEH 7:5
ବଂଶାବଳୀକ୍ରମେ	7	7	3	8	1CH 7:7
ବଂଶାବଳୀପତ୍ର	1	1	1	1	EZR 2:62
ବଂଶାବଳୀର	2	2	2	7	GEN 5:1
ବଂଶାବଳୀରେ	5	5	3	5	1CH 8:28
ବଂଶୀ	15	15	10	15	1SA 10:5
ବଂଶୀଧ୍ୱନିରେ	1	1	1	1	JOB 21:12
ବଂଶୀନାଦ	1	1	1	1	JDG 5:16
ବଂଶୀବାଦକ	1	1	1	1	REV 18:22
ବଂଶୀବାଦକମାନଙ୍କର	1	1	1	1	GEN 4:21
ବଂଶୀବାଦକମାନଙ୍କୁ	1	1	1	1	MAT 9:23
ବଂଶୀର	1	1	1	1	EZK 28:13
ବଂଶୀରେ	2	2	2	2	PSA 150:4
ବଂଶୀୟ	82	82	22	95	GEN 24:38
ବଂଶୀୟମାନଙ୍କ	1	1	1	1	NUM 27:1
ବଂଶୀୟା	1	1	1	3	2CH 24:26
ବଂଶୋତ୍ପନ୍ନ	1	1	1	1	ISA 59:21
ବଇଠି	3	3	2	3	1KI 7:27
ବଇଠିର	3	3	1	4	1KI 7:27
ବଇନା	3	3	2	2	2CO 1:22
ବକାବକି	1	1	1	1	PRO 23:29
ବକୁଆ	3	3	2	2	JOB 11:2
ବକୁଆପଣ	1	1	1	1	1TI 6:20
ବକୁଆପଣରୁ	1	1	1	0	2TI 2:16
ବକୁଆମାନଙ୍କ	1	1	1	1	EZK 36:3
ବକେ	1	1	1	1	ISA 59:3
ବକ୍ତବ୍ୟ	5	5	4	5	GEN 24:33
ବକ୍ତା	6	6	4	8	NUM 11:29
ବକ୍ତାଙ୍କୁ	1	1	1	0	1CH 17:1
ବକ୍ତାପଣ	1	1	1	1	2CO 8:7
ବକ୍ତୃତା	4	4	2	4	ACT 2:14
ବକ୍ତୃତାରେ	1	1	1	1	2CO 11:6
ବକ୍ବକର	1	1	1	1	1CH 9:15
ବକ୍ବୁକର	2	2	2	2	EZR 2:51
ବକ୍ବୁକୀୟ	3	3	1	3	NEH 11:17
ବକ୍ର	13	13	10	13	EXO 13:18
ବକ୍ରଗାମୀ	4	4	3	4	DEU 32:20
ବକ୍ରପଥରେ	1	1	1	1	PSA 125:5
ବକ୍ରବାଦୀ	1	1	1	1	PRO 17:20
ବକ୍ରସ୍ଥାନସବୁକୁ	1	1	1	1	ISA 42:16
ବକ୍ଷ	15	15	6	15	EXO 29:26
ବକ୍ଷଃସ୍ଥଳରୁ	1	1	1	1	PSA 74:11
ବକ୍ଷଃସ୍ଥଳରେ	3	3	3	3	PSA 89:50
ବକ୍ଷଃସ୍ଥାୟିନୀ	2	2	1	2	DEU 13:7
ବକ୍ଷରେ	1	1	1	2	NAM 2:7
ବକ୍ଷସ୍ଥଳ	1	1	1	2	SNG 1:13
ବକ୍ଷସ୍ଥଳରେ	9	9	4	8	EXO 4:6
ବକ୍ଷସ୍ଥାୟୀ	1	1	1	1	DEU 28:56
ବକ୍ଷାଘାତ	2	2	1	2	LUK 23:27
ବଖୋରତର	1	1	1	1	1SA 9:1
ବଗ	2	2	2	4	LEV 11:17
ବଗିଚାରେ	2	2	2	2	LUK 13:19
ବଙ୍କା	4	4	3	5	2SA 22:35
ବଚ	5	5	5	4	EXO 30:23
ବଚନ	4	4	4	4	DEU 29:29
ବଚନମାଳା	1	1	1	1	JOB 13:12
ବଚନସବୁ	1	1	1	1	DEU 31:30
ବଚସା	34	34	12	35	EXO 15:24
ବଚସାକାରୀ	2	2	2	2	NUM 11:1
ବଚସାକାରୀମାନେ	1	1	1	1	ISA 29:24
ବଚ୍ଛା	6	6	2	7	EXO 14:7
ବଛା	12	12	7	11	JDG 20:15
ବଜାଅ	10	10	7	10	JDG 7:18
ବଜାଇ	23	23	13	24	JOS 6:8
ବଜାଇବ	6	6	2	6	LEV 25:9
ବଜାଇବା	5	5	4	8	JOS 6:16
ବଜାଇବା-ପାଇଁ	1	1	1	0	2CH 13:12
ବଜାଇବାକୁ	1	1	1	1	2CH 34:12
ବଜାଇବାରେ	1	1	1	1	1SA 16:18
ବଜାଇବୁ	1	1	1	1	JDG 7:18
ବଜାଇବେ	5	5	3	5	NUM 10:4
ବଜାଇଲୁ	2	2	2	2	MAT 11:17
ବଜାଇଲେ	13	13	6	13	JOS 6:13
ବଜାଉ	1	1	1	1	2CH 23:13
ବଜାଉଅଛନ୍ତି	1	1	1	1	2KI 11:14
ବଜାଉଥିଲେ	1	1	1	1	1SA 19:9
ବଜାଏ	2	2	1	2	EZK 33:3
ବଜାଗଲେ	1	1	1	1	AMO 3:6
ବଜାନ୍ତି	1	1	1	1	1SA 16:23
ବଜାନ୍ତେ	9	9	5	9	NUM 10:3
ବଜାର-ଛକରେ	1	1	1	0	ACT 17:17
ବଜାରର	1	1	1	1	ACT 17:5
ବଜାରରୁ	1	1	1	0	MRK 7:4
ବଜାରରେ	3	3	3	3	MAT 20:3
ବଜ୍ର	1	1	1	2	DEU 32:41
ବଜ୍ରଧ୍ୱନି	2	2	2	1	PSA 77:18
ବଜ୍ରଧ୍ୱନିରେ	1	1	1	1	PSA 104:7
ବଜ୍ରଧ୍ୱନୀ	1	1	1	2	REV 8:5
ବଜ୍ରନାଦ	3	3	2	3	JOB 37:4
ବଜ୍ରନିର୍ଘୋଷ	1	1	1	0	REV 6:1
ବଜ୍ରାଘାତରେ	1	1	1	1	PSA 78:48
ବଞ୍ଚ	2	2	2	1	PRO 4:4
ବଞ୍ଚନା	8	8	5	1	GEN 27:35
ବଞ୍ଚନ୍ତି	2	2	2	3	NUM 4:19
ବଞ୍ଚାଇ	8	8	7	8	DEU 2:34
ବଞ୍ଚାଇବ	3	3	3	3	EZK 33:9
ବଞ୍ଚାଇବା	5	5	5	5	GEN 45:5
ବଞ୍ଚାଇବାକୁ	3	3	3	3	GEN 45:7
ବଞ୍ଚାଇବେ	1	1	1	1	1KI 20:31
ବଞ୍ଚାଉନ୍ତୁ	1	1	1	1	1KI 20:32
ବଞ୍ଚାଏ	1	1	1	1	MAT 10:39
ବଞ୍ଚି	27	27	9	27	GEN 5:4
ବଞ୍ଚିଅଛ	1	1	1	1	GEN 46:30
ବଞ୍ଚିଅଛନ୍ତି	5	5	2	6	GEN 43:7
ବଞ୍ଚିଅଛି	3	3	3	3	GEN 45:28
ବଞ୍ଚିଅଛୁ	1	1	1	1	DEU 5:26
ବଞ୍ଚିଗଲେ	1	1	1	1	2CH 16:7
ବଞ୍ଚିଛି	1	1	1	1	GEN 16:13
ବଞ୍ଚିତ	6	6	6	8	ECC 4:8
ବଞ୍ଚିଥାଉ	1	1	1	1	DEU 33:6
ବଞ୍ଚିଥାଏ	1	1	1	1	1SA 20:31
ବଞ୍ଚିଥା’ନ୍ତା	1	1	1	1	2SA 19:6
ବଞ୍ଚିଥିବା	7	7	4	9	DEU 12:19
ବଞ୍ଚିଥିବାଯାଏ	4	4	3	2	JOB 27:6
ବଞ୍ଚିଥିଲା	1	1	1	1	REV 13:14
ବଞ୍ଚିପାରେ	2	2	1	2	DEU 5:24
ବଞ୍ଚିବ	71	71	23	76	GEN 19:20
ବଞ୍ଚିବା	13	13	10	14	GEN 42:2
ବଞ୍ଚିବାକୁ	2	2	2	2	JOB 7:16
ବଞ୍ଚିବାଯାଏ	1	1	1	0	PSA 146:2
ବଞ୍ଚିବାର	2	2	2	5	JDG 6:4
ବଞ୍ଚିବି	5	5	1	5	PSA 118:17
ବଞ୍ଚିବୁ	2	2	2	2	GEN 47:19
ବଞ୍ଚିବେ	4	4	3	4	2SA 1:10
ବଞ୍ଚିଲା	4	4	3	4	GEN 32:30
ବଞ୍ଚିଲାଣି	3	3	1	2	JHN 4:50
ବଞ୍ଚିଲେ	7	7	6	6	GEN 7:23
ବଞ୍ଚୁ	4	4	2	4	EZK 18:23
ବଞ୍ଚେ	8	8	7	9	EXO 21:21
ବଟଖରା	6	6	3	6	LEV 19:36
ବଟଖରାର	1	1	1	1	MIC 6:11
ବଟଖରାସବୁ	1	1	1	1	PRO 16:11
ବଟନୀମ୍	1	1	1	1	JOS 13:26
ବଟାଳି	1	1	1	0	1KI 6:7
ବଟାଳିବା	2	2	1	2	EZK 27:9
ବଡ଼	209	209	46	205	GEN 6:5
ବଡ଼ଠାରୁ	3	3	3	3	JON 3:5
ବଡ଼ଲୋକ	1	1	1	0	GEN 24:35
ବଡ଼ଶୀ	2	2	2	0	JOB 41:1
ବଡ଼ଶୀରେ	2	2	2	0	JOB 41:2
ବଡ଼ାଇ	4	4	2	5	PRO 25:6
ବଡ଼ି	1	1	1	1	JDG 19:9
ବଢ଼ଇ	1	1	1	1	PSA 90:6
ବଢ଼ନ୍ତା	6	6	4	6	EXO 22:6
ବଢ଼ନ୍ତି	4	4	4	4	JOB 39:4
ବଢ଼ନ୍ତେ	2	2	2	2	EXO 2:10
ବଢ଼ାଅ	6	6	5	6	PSA 71:21
ବଢ଼ାଇ	35	35	17	36	GEN 3:22
ବଢ଼ାଇଅଛ	5	5	1	5	EZK 16:25
ବଢ଼ାଇବ	4	4	2	4	DEU 17:17
ବଢ଼ାଇବା	6	6	5	5	GEN 3:16
ବଢ଼ାଇବାକୁ	3	3	3	3	1SA 22:17
ବଢ଼ାଇବାର	1	1	1	1	NUM 32:14
ବଢ଼ାଇବେ	4	4	4	4	JOB 30:24
ବଢ଼ାଇଲ	1	1	1	1	LUK 22:53
ବଢ଼ାଇଲା	7	7	6	6	JDG 5:26
ବଢ଼ାଇଲେ	1	1	1	2	2SA 22:17
ବଢ଼ାଉଅଛ	1	1	1	1	PSA 50:19
ବଢ଼ାଏ	9	9	3	9	PRO 10:27
ବଢ଼ାନ୍ତି	1	1	1	1	EST 4:11
ବଢ଼ାଯାଇ	1	1	1	1	ECC 3:14
ବଢ଼ି	42	42	22	42	GEN 7:19
ବଢ଼ିଅଛନ୍ତି	1	1	1	1	PSA 3:1
ବଢ଼ିଅଛି	2	2	2	2	PSA 25:17
ବଢ଼ିଥାଏ	2	2	1	2	LEV 13:51
ବଢ଼ିଥିବା	2	2	2	2	1KI 12:10
ବଢ଼ିପାରେ	2	2	1	2	JOB 8:11
ବଢ଼ିବ	4	4	4	4	DEU 25:3
ବଢ଼ିବା	4	4	4	4	2SA 10:5
ବଢ଼ିବାକୁ	5	5	4	5	GEN 6:1
ବଢ଼ିବି	1	1	1	1	JOB 40:5
ବଢ଼ିଯିବ	2	2	2	2	PSA 16:4
ବଢ଼ିଲା	10	10	8	10	GEN 25:27
ବଢ଼ିଲେ	6	6	5	6	1SA 3:19
ବଢ଼ୁ	5	5	2	5	GEN 7:17
ବଢ଼ୁଅଛି	2	2	2	2	LEV 13:57
ବଢ଼ୁଥିଲା	1	1	1	1	AMO 7:1
ବଢ଼େ	8	8	4	8	LEV 13:23
ବଢ଼େଇ	2	2	2	2	2SA 5:11
ବଢ଼େଇମାନଙ୍କୁ	1	1	1	1	1CH 14:1
ବଢ଼େଇର	1	1	1	1	MAT 13:55
ବଣକୁ	1	1	1	1	1SA 23:16
ବଣରେ	4	4	1	4	1SA 22:5
ବଣା	5	5	3	2	DEU 22:1
ବଣିକ	7	7	3	8	EZK 27:12
ବଣିକଗଣ	1	1	1	1	EZK 38:13
ବଣିକଗଣର	1	1	1	1	NAM 3:16
ବଣିକମାନଙ୍କ	5	5	5	5	GEN 23:16
ବଣିକମାନଙ୍କର	2	2	2	2	NEH 3:31
ବଣିକମାନେ	13	13	7	13	GEN 37:28
ବଣ୍ଟନ	2	2	2	3	GEN 49:27
ବତାସ	7	7	5	7	JOB 37:9
ବତାସକୁ	1	1	1	1	PSA 107:29
ବତାସର	1	1	1	1	ISA 28:2
ବତାସରୁ	1	1	1	1	ISA 32:2
ବତାସରେ	3	3	1	3	JOB 9:17
ବତିଶ	16	16	8	15	GEN 11:20
ବତୀ	1	1	1	1	JHN 18:3
ବତ୍ରିଶ	1	1	1	1	NUM 1:35
ବତ୍ଶୂୟାଠାରୁ	2	2	1	2	1CH 2:3
ବତ୍ଶେବା	10	10	2	11	2SA 11:3
ବତ୍ଶେବାକୁ	3	3	2	3	2SA 12:24
ବତ୍ସ	12	12	8	13	NUM 28:21
ବତ୍ସକୁ	1	1	1	1	EXO 23:19
ବତ୍ସଗଣ	11	11	3	10	MRK 10:24
ବତ୍ସଲେଲ	6	6	3	7	EXO 36:1
ବତ୍ସଲେଲକୁ	3	3	2	3	EXO 31:2
ବତ୍ସେ	3	3	3	2	MAT 9:22
ବଥ	8	8	4	10	EXO 9:9
ବଥର	1	1	1	1	LEV 13:23
ବଥରୁ	1	1	1	1	LEV 13:20
ବଥସ୍ଥାନରେ	1	1	1	0	LEV 13:19
ବଥୁଲ	1	1	1	1	JOS 19:4
ବଥୂୟେଲ	5	5	1	5	GEN 22:22
ବଥୂୟେଲର	4	4	1	4	GEN 22:23
ବଥୂୟେଲରେ	1	1	1	1	1CH 4:30
ବଥ୍ଶେବାଠାରେ	1	1	1	0	PSA 51:1
ବଦଦର	2	2	2	2	GEN 36:35
ବଦନ	2	2	2	2	EZK 27:35
ବଦନବିଶିଷ୍ଟ	1	1	1	1	DEU 28:50
ବଦନରେ	1	1	1	1	PRO 16:15
ବଦଳ	9	9	4	9	GEN 47:17
ବଦଳରେ	14	14	9	18	ISA 3:24
ବଦଳାଇ	5	5	4	5	2KI 23:34
ବଦଳାଇବାରୁ	1	1	1	1	PSA 34:1
ବଦଳାଇଲେ	1	1	1	1	1SA 21:13
ବଦଳି	3	3	3	3	LEV 13:55
ବଦଳେ	40	40	16	41	GEN 22:13
ବଦାନ	1	1	1	2	EZK 27:19
ବଦାନକୁ	1	1	1	2	1SA 12:11
ବଦାନ୍	1	1	1	0	1CH 7:17
ବଦାନ୍ୟ	1	1	1	1	PRO 19:6
ବଦାନ୍ୟତା	2	2	1	2	2CO 8:2
ବଦାନ୍ୟତାନୁସାରେ	2	2	1	0	EST 1:7
ବଦ୍ଧ	16	16	10	13	LEV 8:7
ବଦ୍ଧମୂଳ	5	5	4	5	PSA 80:9
ବଦ୍ଧଶୃଙ୍ଗ	1	1	1	1	GEN 22:13
ବଦ୍ଧିଷ୍ଣୁ	1	1	1	0	DEU 7:13
ବଧ	586	586	40	598	GEN 4:8
ବଧଆଜ୍ଞା	1	1	1	1	EZK 21:22
ବଧକରଣରୁ	1	1	1	0	2SA 1:1
ବଧକାରୀର	2	2	2	2	NUM 35:24
ବଧଯୋଗ୍ୟ	1	1	1	1	ROM 8:36
ବଧର	4	4	3	3	GEN 4:24
ବଧସ୍ଥାନକୁ	2	2	2	2	ISA 53:7
ବଧିର	7	7	5	7	EXO 4:11
ବଧିରକୁ	1	1	1	1	LEV 19:14
ବଧିରମାନଙ୍କର	1	1	1	1	ISA 35:5
ବଧିରମାନଙ୍କୁ	1	1	1	1	MRK 7:37
ବଧିରମାନେ	3	3	3	3	ISA 42:18
ବଧିରା	1	1	1	1	PSA 58:4
ବଧୂଗଣ	2	2	1	2	HOS 4:13
ବଧ୍ୟ	1	1	1	0	ISA 65:12
ବନ	11	11	8	13	GEN 16:12
ବନ-ପଶୁମାନଙ୍କୁ	1	1	1	1	1SA 17:46
ବନକୁ	6	6	6	6	DEU 19:5
ବନଗର୍ଦ୍ଦଭମାନଙ୍କର	1	1	1	1	ISA 32:14
ବନଗୃହସ୍ଥ	1	1	1	1	ISA 22:8
ବନଗୋରୁ	2	2	2	2	DEU 14:5
ବନଛାଗ	1	1	1	1	DEU 14:5
ବନଛାଗର	1	1	1	0	1SA 24:2
ବନଜନ୍ତୁମାନଙ୍କ	1	1	1	0	LEV 11:27
ବନପଶୁ	2	2	2	2	PSA 104:20
ବନପଶୁଗଣ	1	1	1	0	HOS 2:12
ବନପଶୁଗଣକୁ	1	1	1	0	2SA 21:10
ବନପଶୁମାନଙ୍କୁ	1	1	1	0	LEV 26:22
ବନପଶୁମାନେ	2	2	2	0	EXO 23:11
ବନପଶୁର	1	1	1	0	LEV 25:7
ବନବିହାରୀ	1	1	1	1	GEN 25:27
ବନବୃକ୍ଷ	2	2	1	2	ISA 7:2
ବନବୃକ୍ଷମାନଙ୍କ	1	1	1	1	SNG 2:3
ବନମଧୁ	2	2	2	2	MAT 3:4
ବନର	4	4	1	4	ISA 7:25
ବନରକ୍ଷକ	1	1	1	1	NEH 2:8
ବନରୁ	5	5	4	5	2KI 2:24
ବନରେ	11	11	10	11	EXO 22:6
ବନଶି	1	1	1	0	MAT 17:27
ବନସମୂହକୁ	1	1	1	1	PSA 29:9
ବନସ୍ଥ	10	10	6	10	1CH 16:33
ବନାଅ	1	1	1	1	EXO 5:16
ବନାଇ	8	8	6	8	GEN 6:14
ବନାଇଥିଲେ	1	1	1	0	ACT 9:39
ବନାଇବ	2	2	2	2	GEN 6:16
ବନାଇବାକୁ	1	1	1	1	JDG 17:3
ବନାଇବାର	1	1	1	1	EXO 5:14
ବନାଇଲା	2	2	1	2	JDG 17:4
ବନାଇଲେ	3	3	2	3	GEN 3:7
ବନାୟ	31	31	5	31	2SA 8:18
ବନାୟକୁ	9	9	2	9	1KI 1:10
ବନାୟର	4	4	3	4	1CH 27:34
ବନୀନୁ	1	1	1	1	NEH 10:13
ବନୀୟ	1	1	1	1	EZR 10:36
ବନେବରକ୍	1	1	1	1	JOS 19:45
ବନେୟାକନରୁ	1	1	1	1	NUM 33:32
ବନେୟାକନରେ	1	1	1	1	NUM 33:31
ବନୋବ୍	1	1	1	1	2SA 21:16
ବନ୍ଦ	106	106	30	129	GEN 7:16
ବନ୍ଦନା	1	1	1	5	MRK 15:18
ବନ୍ଦର	4	4	3	4	GEN 49:13
ବନ୍ଦରଟି	1	1	1	1	ACT 27:12
ବନ୍ଦରରେ	2	2	2	3	GEN 49:13
ବନ୍ଦୀ	126	126	34	142	GEN 31:26
ବନ୍ଦୀକରି	1	1	1	2	JER 39:9
ବନ୍ଦୀକି	3	3	3	1	MAT 27:15
ବନ୍ଦୀକୁ	1	1	1	3	MRK 15:6
ବନ୍ଦୀକୃତ	2	2	1	2	ISA 49:24
ବନ୍ଦୀଗଣ	1	1	1	1	JOB 3:18
ବନ୍ଦୀଗଣକୁ	6	6	4	6	JDG 5:12
ବନ୍ଦୀଗଣର	1	1	1	1	EZK 16:53
ବନ୍ଦୀଗୃହରୁ	1	1	1	1	ISA 42:6
ବନ୍ଦୀଗୃହରେ	1	1	1	1	ISA 24:22
ବନ୍ଦୀଙ୍କୁ	1	1	1	1	2KI 24:14
ବନ୍ଦୀତ୍ୱ	19	19	8	20	DEU 30:3
ବନ୍ଦୀତ୍ୱକୁ	1	1	1	1	JER 46:19
ବନ୍ଦୀତ୍ୱର	15	15	4	15	2KI 25:27
ବନ୍ଦୀତ୍ୱରୁ	4	4	2	7	NEH 1:2
ବନ୍ଦୀତ୍ୱରେ	3	3	3	3	EZR 9:7
ବନ୍ଦୀତ୍ୱାବସ୍ଥା	17	17	5	17	JER 29:14
ବନ୍ଦୀତ୍ୱାବସ୍ଥାର	1	1	1	2	DEU 21:13
ବନ୍ଦୀତ୍ୱାବସ୍ଥାରୁ	4	4	1	4	JER 33:26
ବନ୍ଦୀଦଶା	1	1	1	1	PSA 85:1
ବନ୍ଦୀଦଶାରୁ	1	1	1	1	EZR 3:8
ବନ୍ଦୀଦଶାରେ	1	1	1	1	DAN 11:33
ବନ୍ଦୀମାନଙ୍କ	7	7	5	7	DEU 21:11
ବନ୍ଦୀମାନଙ୍କୁ	10	10	6	10	NUM 31:12
ବନ୍ଦୀମାନେ	4	4	3	4	ISA 24:22
ବନ୍ଦୀର	3	3	2	3	EXO 12:29
ବନ୍ଦୀଲୋକଙ୍କ	1	1	1	1	GEN 39:22
ବନ୍ଦୀଶାଳାରେ	4	4	2	5	MAT 14:3
ବନ୍ଦୀଶାଳାସ୍ଥିତ	1	1	1	1	GEN 39:22
ବନ୍ଦୀସକଳ	1	1	1	1	LAM 3:34
ବନ୍ଦୀସ୍ଥାନକୁ	2	2	2	2	JDG 5:12
ବନ୍ଧ	12	12	6	12	2KI 19:32
ବନ୍ଧକ	16	16	8	17	GEN 38:17
ବନ୍ଧକି	6	6	3	9	DEU 24:10
ବନ୍ଧକି-ବସ୍ତ୍ରର	1	1	1	0	AMO 2:8
ବନ୍ଧକିଦ୍ରବ୍ୟ	3	3	1	1	DEU 24:11
ବନ୍ଧନ	42	42	21	45	GEN 27:40
ବନ୍ଧନଛିଣ୍ଡା	1	1	1	1	JER 2:31
ବନ୍ଧନଯୋଗ୍ୟ	2	2	1	0	ACT 23:29
ବନ୍ଧନରୁ	1	1	1	2	LUK 13:16
ବନ୍ଧନରେ	11	11	10	12	JOB 39:10
ବନ୍ଧନସକଳ	1	1	1	1	JER 2:20
ବନ୍ଧନସବୁ	5	5	5	5	PSA 116:16
ବନ୍ଧନୀ	5	5	4	14	GEN 14:23
ବନ୍ଧନୀରେ	4	4	4	6	2SA 22:40
ବନ୍ଧା	34	34	20	45	GEN 44:31
ବନ୍ଧା-ଦାସ	3	3	1	0	LEV 25:39
ବନ୍ଧା-ଦାସୀ	2	2	1	0	LEV 25:44
ବନ୍ଧାଦାସ	7	7	3	7	LEV 25:42
ବନ୍ଧାଦାସର	1	1	1	1	JOS 9:23
ବନ୍ଧାଦାସୀ	1	1	1	1	2CH 28:10
ବନ୍ଧାଯାଇ	2	2	2	2	EZK 30:21
ବନ୍ଧାଯାଇଅଛି	3	3	3	3	1SA 2:4
ବନ୍ଧାଯା’ନ୍ତି	1	1	1	1	JOB 36:8
ବନ୍ଧାଯିବା	1	1	1	2	HOS 10:10
ବନ୍ଧୁ	36	36	14	39	GEN 38:12
ବନ୍ଧୁକୁ	3	3	2	3	JOB 6:27
ବନ୍ଧୁଗଣ	1	1	1	2	SNG 5:1
ବନ୍ଧୁଙ୍କ	1	1	1	2	JOB 32:3
ବନ୍ଧୁଠାରୁ	1	1	1	1	JOB 6:14
ବନ୍ଧୁବାନ୍ଧବମାନଙ୍କ	1	1	1	0	LUK 21:16
ବନ୍ଧୁମାନଙ୍କ	3	3	3	5	ZEC 13:6
ବନ୍ଧୁମାନଙ୍କୁ	4	4	4	4	2SA 3:8
ବନ୍ଧୁର	2	2	1	2	PRO 6:3
ବନ୍ଧ୍ୟା	13	13	7	13	GEN 11:30
ବନ୍ଧ୍ୟା-ଗର୍ଭ	1	1	1	1	PRO 30:16
ବନ୍ଧ୍ୟାକୁ	1	1	1	1	JOB 24:21
ବନ୍ଧ୍ୟେ	2	2	2	2	ISA 54:1
ବନ୍ଶୀ	1	1	1	1	ISA 19:8
ବନ୍ୟ	32	32	14	41	2KI 4:39
ବନ୍ୟଗର୍ଦ୍ଦଭ	1	1	1	1	JOB 6:5
ବନ୍ୟଗୋରୁ	1	1	1	1	ISA 34:7
ବନ୍ୟପଶୁ	4	4	2	4	GEN 7:14
ବନ୍ୟପଶୁଗଣ	2	2	1	2	GEN 1:24
ବନ୍ୟପଶୁଠାରୁ	1	1	1	1	GEN 3:14
ବନ୍ୟପଶୁମାନଙ୍କ	2	2	2	0	EXO 23:29
ବନ୍ୟା	1	1	1	2	NAM 1:8
ବପନ	5	5	5	3	EXO 23:10
ବପନକାରୀକି	1	1	1	0	ISA 55:10
ବପନୀୟ	1	1	1	0	LEV 27:16
ବପ୍ସିର	1	1	1	1	NUM 13:14
ବବୁର୍	1	1	1	0	ISA 41:19
ବବୟ	1	1	1	1	NEH 3:18
ବର	20	20	13	27	EXO 4:25
ବରଂ	120	120	28	141	GEN 35:11
ବରକନ୍ୟାଙ୍କ	1	1	1	0	REV 18:23
ବରକନ୍ୟାର	1	1	1	1	JER 7:34
ବରଗା	2	2	2	2	2CH 34:11
ବରଙ୍କ	4	4	2	4	MAT 25:1
ବରଙ୍କୁ	4	4	4	5	MAT 9:15
ବରଞ୍ଚ	37	37	22	16	GEN 3:5
ବରଣ୍ଡା	20	20	4	1	1KI 6:3
ବରଣ୍ଡାକୁ	2	2	2	0	2CH 29:17
ବରଣ୍ଡାଭିତର	1	1	1	0	1KI 7:8
ବରଣ୍ଡାର	8	8	2	0	2CH 3:4
ବରଣ୍ଡାରେ	2	2	2	0	1KI 7:21
ବରଣ୍ଡାସବୁ	2	2	1	0	EZK 41:16
ବରଫ	1	1	1	3	PSA 147:17
ବରଯାତ୍ରୀ-ମାନଙ୍କ	1	1	1	0	LUK 5:34
ବରଯାତ୍ରୀମାନଙ୍କ	2	2	2	3	MAT 9:15
ବରର	3	3	1	5	JER 16:9
ବରଷ	1	1	1	0	GEN 47:28
ବରହୂମୀୟ	1	1	1	1	2SA 23:31
ବରାଖା	1	1	1	1	1CH 12:3
ବରାଖା-ଉପତ୍ୟକା	1	1	1	1	2CH 20:26
ବରାଖା-ଉପତ୍ୟକାରେ	1	1	1	1	2CH 20:26
ବରାହ	1	1	1	1	PSA 80:13
ବରାୟା	1	1	1	1	1CH 8:21
ବରୀୟ	5	5	2	5	GEN 46:17
ବରୀୟଠାରୁ	1	1	1	1	NUM 26:44
ବରୀୟର	5	5	3	5	GEN 46:17
ବରୀୟୀୟ	1	1	1	1	NUM 26:44
ବରୋତୀୟ	1	1	1	0	2SA 23:37
ବରୋଥା	1	1	1	1	EZK 47:16
ବରୋଦକ୍-ବଲଦନ୍	1	1	1	0	2KI 20:12
ବର୍କୋସର	2	2	2	2	EZR 2:53
ବର୍ଗ	2	2	2	2	DAN 3:7
ବର୍ଗକୁ	1	1	1	0	JER 51:27
ବର୍ଗଙ୍କୁ	2	2	2	2	2KI 23:1
ବର୍ଗର	1	1	1	0	EXO 24:9
ବର୍ଚ୍ଛା	52	52	17	53	NUM 25:7
ବର୍ଚ୍ଛାଦଣ୍ଡରେ	1	1	1	1	2SA 23:7
ବର୍ଚ୍ଛାଧାରୀ	7	7	3	7	2SA 21:16
ବର୍ଚ୍ଛାଧାରୀଙ୍କୁ	1	1	1	1	ACT 23:23
ବର୍ଚ୍ଛାର	4	4	3	4	1SA 17:7
ବର୍ଚ୍ଛାରେ	6	6	5	6	1SA 19:10
ବର୍ଚ୍ଛାସକଳ	1	1	1	1	NAM 2:3
ବର୍ଜନ	1	1	1	1	LEV 27:28
ବର୍ଜନୀୟ	4	4	3	1	NUM 21:2
ବର୍ଜିତ	56	56	9	25	LEV 27:21
ବର୍ଜ୍ଜନୀୟ	1	1	1	0	EXO 22:20
ବର୍ଜ୍ଜିତ	1	1	1	0	1KI 20:42
ବର୍ଣ୍ଣ	46	46	6	55	EXO 10:15
ବର୍ଣ୍ଣନା	37	37	10	58	NUM 13:27
ବର୍ଣ୍ଣନାରେ	1	1	1	1	PSA 71:8
ବର୍ଣ୍ଣବ୍ବା	15	15	2	17	ACT 4:36
ବର୍ଣ୍ଣବ୍ବାଙ୍କ	6	6	3	7	ACT 13:43
ବର୍ଣ୍ଣବ୍ବାଙ୍କର	3	3	2	4	ACT 15:2
ବର୍ଣ୍ଣବ୍ବାଙ୍କୁ	4	4	2	4	ACT 11:22
ବର୍ଣ୍ଣର	12	12	9	7	GEN 37:23
ବର୍ଣ୍ଣରେ	1	1	1	1	ISA 54:11
ବର୍ଣ୍ଣିତ	1	1	1	3	JUD 1:4
ବର୍ଣ୍ଣୀକୀ	3	3	1	3	ACT 25:13
ବର୍ତ୍ତନ	18	18	7	0	GEN 29:15
ବର୍ତ୍ତନଗ୍ରାହକ	2	2	1	0	JHN 10:12
ବର୍ତ୍ତନଜୀବୀ	4	4	3	0	EXO 12:45
ବର୍ତ୍ତନଜୀବୀର	2	2	1	0	LEV 25:6
ବର୍ତ୍ତନରେ	1	1	1	0	GEN 29:15
ବର୍ତ୍ତନସକଳ	1	1	1	0	MIC 1:7
ବର୍ତ୍ତମାନ	104	104	38	108	GEN 6:9
ବର୍ତ୍ତାଅ	2	2	2	2	NEH 4:4
ବର୍ତ୍ତାଇ	2	2	2	2	2CH 7:22
ବର୍ତ୍ତାଇଅଛନ୍ତି	2	2	2	2	1SA 25:39
ବର୍ତ୍ତାଇଅଛୁ	2	2	1	2	EZK 14:22
ବର୍ତ୍ତାଇବ	3	3	3	3	DEU 22:8
ବର୍ତ୍ତାଇବା	14	14	5	14	1KI 8:32
ବର୍ତ୍ତାଇବାକୁ	2	2	2	2	DEU 29:27
ବର୍ତ୍ତାଇବେ	7	7	4	7	DEU 7:15
ବର୍ତ୍ତାଇଲ	1	1	1	0	EXO 32:21
ବର୍ତ୍ତାଇଲୁ	1	1	1	1	JER 11:8
ବର୍ତ୍ତାଇଲେ	1	1	1	1	JDG 9:57
ବର୍ତ୍ତି	1	1	1	1	NAM 3:19
ବର୍ତ୍ତିବ	34	34	17	33	GEN 43:9
ବର୍ତ୍ତିଲା	6	6	5	6	GEN 39:5
ବର୍ତ୍ତିଲାଣି	1	1	1	1	1TH 2:16
ବର୍ତ୍ତୁ	23	23	13	28	DEU 33:16
ବର୍ତ୍ତୁଳ	1	1	1	1	SNG 7:2
ବର୍ତ୍ତେ	10	10	7	7	JDG 9:23
ବର୍ଥଲମି	1	1	1	0	LUK 6:14
ବର୍ଦ୍ଧନଶୀଳ	1	1	1	1	PSA 144:12
ବର୍ଦ୍ଧିତ	4	4	3	4	EXO 1:10
ବର୍ଦ୍ଧିଷ୍ଣ	1	1	1	0	EZK 36:11
ବର୍ଦ୍ଧିଷ୍ଣୁ	28	28	14	30	GEN 9:7
ବର୍ବର	4	4	3	2	ROM 1:14
ବର୍ବରମାନେ	2	2	1	2	ACT 28:2
ବର୍ଯୀଶୁ	1	1	1	1	ACT 13:6
ବର୍ଶବ୍ବା	2	2	1	2	ACT 1:23
ବର୍ଷ	554	554	40	588	GEN 5:3
ବର୍ଷକ	2	2	2	2	1KI 10:14
ବର୍ଷକୁ	21	21	13	21	LEV 25:10
ବର୍ଷକେ	4	4	4	4	EXO 30:10
ବର୍ଷଟି	1	1	1	1	LUK 13:8
ବର୍ଷଠାରୁ	4	4	3	8	LEV 27:3
ବର୍ଷଣ	4	4	2	4	ISA 5:6
ବର୍ଷମାନର	4	4	3	4	EZK 38:8
ବର୍ଷଯାଏ	5	5	5	4	NUM 32:13
ବର୍ଷଯାକ	6	6	4	3	DEU 2:7
ବର୍ଷର	90	90	25	98	GEN 1:14
ବର୍ଷରୁ	19	19	5	20	LEV 27:7
ବର୍ଷରେ	122	122	19	125	GEN 14:4
ବର୍ଷସଂଖ୍ୟା	1	1	1	0	PRO 3:2
ବର୍ଷସକଳ	1	1	1	1	PSA 77:10
ବର୍ଷସବୁ	2	2	1	2	PSA 77:5
ବର୍ଷସମୂହ	2	2	2	2	JOB 10:5
ବର୍ଷସମୂହର	1	1	1	1	ISA 38:10
ବର୍ଷସମୂହରେ	1	1	1	0	MAL 3:4
ବର୍ଷା	1	1	1	4	LUK 12:54
ବର୍ଷାଅ	1	1	1	1	AMO 7:16
ବର୍ଷାଇ	1	1	1	2	AMO 4:7
ବର୍ଷାଇଅଛୁ	1	1	1	0	AMO 4:7
ବର୍ଷାଇବା	3	3	2	3	EZK 34:26
ବର୍ଷାଇବାକୁ	1	1	1	1	JOB 38:26
ବର୍ଷାଇବେ	2	2	2	2	DEU 28:24
ବର୍ଷାଇଲେ	4	4	1	4	PSA 78:24
ବର୍ଷାଉଅଛି	1	1	1	1	LAM 3:50
ବର୍ଷାନୁସାରେ	1	1	1	1	LEV 25:52
ବର୍ଷାନ୍ତି	4	4	4	4	1KI 17:14
ବର୍ଷାବଧି	1	1	1	1	JHN 5:5
ବର୍ଷାର	1	1	1	1	PRO 16:15
ବର୍ଷିଅଛି	2	2	1	2	2CH 34:21
ବର୍ଷିବ	1	1	1	1	DEU 32:2
ବର୍ଷିବା	1	1	1	1	2SA 21:10
ବର୍ଷୀୟ	4	4	4	5	EXO 12:5
ବର୍ଷେ	1	1	1	1	JOB 36:28
ବର୍ସିଲ୍ଲୟ	7	7	3	7	2SA 17:27
ବର୍ସିଲ୍ଲୟକୁ	2	2	1	1	2SA 19:33
ବର୍ସିଲ୍ଲୟର	6	6	4	6	2SA 21:8
ବଲଦନର	1	1	1	0	ISA 39:1
ବଲ୍ଦନର	1	1	1	0	2KI 20:12
ବଳ	115	115	33	119	GEN 19:9
ବଳକା	3	3	3	16	EXO 16:18
ବଳଦ	26	26	13	26	DEU 22:1
ବଳଦକୁ	1	1	1	1	JER 51:23
ବଳଦମାନ	1	1	1	1	2CH 4:3
ବଳଦମାନଙ୍କ	2	2	1	2	1SA 11:5
ବଳଦମାନର	1	1	1	1	2CH 4:3
ବଳଦମାନେ	3	3	3	3	2SA 6:6
ବଳଦର	4	4	4	4	ISA 7:25
ବଳଦସବୁ	1	1	1	1	PSA 144:14
ବଳଦାତା	4	4	2	5	GEN 49:24
ବଳଦାତାଙ୍କ	2	2	1	2	PSA 132:2
ବଳପୂର୍ବକ	10	10	8	10	GEN 31:31
ବଳବ	1	1	1	0	1PE 5:6
ବଳବତୀ	6	6	5	5	GEN 18:18
ବଳବତ୍	1	1	1	0	HEB 9:17
ବଳବାନ	173	173	41	174	GEN 25:23
ବଳବାନ-ମାନଙ୍କୁ	1	1	1	0	PRO 18:18
ବଳବାନକୁ	1	1	1	1	EZK 34:16
ବଳବାନମାନଙ୍କର	1	1	1	1	EZK 7:24
ବଳବାନମାନେ	2	2	2	2	PSA 59:3
ବଳବାନର	6	6	5	5	JOB 12:21
ବଳବାନ୍	1	1	1	1	NUM 22:6
ବଳବାନ୍ଠାରୁ	1	1	1	0	JDG 14:14
ବଳବିଶିଷ୍ଟ	1	1	1	1	JOB 21:23
ବଳର	11	11	7	11	LEV 26:19
ବଳରୁ	4	4	4	4	JOB 5:20
ବଳରୂପ	2	2	2	2	2SA 22:40
ବଳରେ	43	43	22	44	GEN 21:25
ବଳସ୍ୱରୂପ	2	2	2	2	HAB 3:19
ବଳହୀନ	4	4	4	4	2CH 14:11
ବଳା	27	27	4	27	GEN 24:22
ବଳାଅ	1	1	1	0	LUK 14:23
ବଳାଇ	2	2	2	3	LUK 24:29
ବଳାଇଦିଅ	3	3	3	3	1CO 16:11
ବଳାଇଦେବ	2	2	2	2	ROM 15:24
ବଳାଇବାରୁ	2	2	2	1	GEN 19:3
ବଳାଇଲା	2	2	2	0	2SA 13:25
ବଳାଇଲେ	3	3	3	2	MAT 14:22
ବଳାଗଣ୍ଠି	1	1	1	1	EZK 47:3
ବଳାତ୍କାର	8	8	4	9	JDG 20:5
ବଳାତ୍କାରରେ	5	5	5	3	DEU 22:25
ବଳାତ୍କୃତ	1	1	1	1	ZEC 14:2
ବଳାନ୍ତେ	1	1	1	1	1SA 28:23
ବଳି	214	214	32	237	EXO 10:25
ବଳିକି	3	3	3	1	LEV 4:33
ବଳିକୃତ	1	1	1	1	REV 13:8
ବଳିଗଲା	1	1	1	1	2SA 1:26
ବଳିଗଲେ	2	2	2	1	1KI 10:23
ବଳିଣଉତ୍ସର୍ଗ	1	1	1	0	ECC 5:1
ବଳିତା	1	1	1	1	ISA 42:3
ବଳିଥିବା	2	2	2	2	LUK 9:17
ବଳିଥିଲା	1	1	1	1	JHN 6:13
ବଳିଦାନ	178	178	29	187	GEN 22:2
ବଳିଦାନକାରୀ	3	3	3	3	1SA 2:15
ବଳିଦାନଠାରୁ	1	1	1	1	1SA 15:22
ବଳିଦାନର	5	5	4	11	LEV 4:26
ବଳିଦାନରେ	2	2	2	2	1SA 15:22
ବଳିଦାନସକଳ	1	1	1	1	HOS 9:4
ବଳିଦାନସବୁ	1	1	1	1	JER 6:20
ବଳିଦାନାଦିର	1	1	1	1	DEU 12:27
ବଳିଦାନାର୍ଥକ	2	2	2	2	NUM 15:4
ବଳିଦାନାର୍ଥେ	2	2	2	2	LEV 9:3
ବଳିଦ୍ରବ୍ୟ	2	2	1	2	EXO 34:15
ବଳିପଡ଼ୁଅଛି	1	1	1	1	LUK 15:17
ବଳିବେ	4	4	2	0	2SA 10:11
ବଳିମାଂସ	1	1	1	1	1CO 10:18
ବଳିଯୋଗ୍ୟ	1	1	1	1	EZK 36:38
ବଳିର	58	58	10	58	EXO 23:18
ବଳିରୁ	9	9	2	9	EXO 29:28
ବଳିରୂପ	2	2	2	2	2CH 29:23
ବଳିରୂପେ	2	2	2	1	NUM 29:38
ବଳିରେ	3	3	1	3	HEB 10:3
ବଳିଲା	3	3	2	3	MAT 14:20
ବଳିଷ୍ଠ	13	13	6	13	GEN 30:41
ବଳିଷ୍ଠମାନଙ୍କ	1	1	1	1	PSA 10:10
ବଳିଷ୍ଠମାନେ	1	1	1	1	JDG 5:22
ବଳିସକଳର	1	1	1	1	MAL 2:3
ବଳିସବୁ	2	2	2	2	2CH 35:11
ବଳୀକୃତ	1	1	1	2	1CO 5:7
ବଳ୍କଳ	1	1	1	1	GEN 30:37
ବଳ୍କଳଶୂନ୍ୟ	1	1	1	1	GEN 30:38
ବଶତା	2	2	2	2	1CH 12:29
ବଶବର୍ତ୍ତୀ	4	4	4	4	LUK 8:14
ବଶରେ	11	11	5	11	MRK 5:4
ବଶୀଭୂତ	65	65	21	67	GEN 1:28
ବଶୀଭୂତା	9	9	5	5	GEN 16:9
ବଶ୍ୟତା	1	1	1	1	1TI 2:11
ବଷୋଦିୟାର	1	1	1	1	NEH 3:6
ବଷ୍ଟୀ	9	9	1	10	EST 1:9
ବଷ୍ଟୀକି	1	1	1	0	EST 2:1
ବସ	15	15	8	17	EXO 18:14
ବସତି	36	36	16	45	GEN 10:30
ବସତି-ଗୃହ	1	1	1	1	1CH 17:4
ବସତି-ଗୃହର	1	1	1	1	2CH 2:3
ବସତି-ତମ୍ବୁ	1	1	1	1	JOB 21:28
ବସତି-ଦେଶ	1	1	1	1	JOS 22:33
ବସତି-ଦେଶକୁ	1	1	1	1	EZK 6:14
ବସତି-ନଗର	5	5	3	5	DEU 2:34
ବସତି-ନଗରକୁ	1	1	1	1	PSA 107:7
ବସତି-ସ୍ଥାନ	9	9	6	5	1CH 6:54
ବସତି-ସ୍ଥାନର	2	2	2	0	RUT 4:10
ବସତି-ସ୍ଥାନରୁ	1	1	1	0	ISA 63:15
ବସତି-ସ୍ଥାନରେ	1	1	1	1	EZK 34:13
ବସତିଗୃହ	2	2	2	2	2SA 7:5
ବସତିବିଶିଷ୍ଟ	8	8	4	8	ISA 44:26
ବସତିର	5	5	5	5	GEN 10:19
ବସତିରେ	1	1	1	1	PSA 74:20
ବସତିସ୍ଥାନ	6	6	3	3	ISA 13:20
ବସତିହୀନ	1	1	1	1	JER 6:8
ବସନ	2	2	2	0	MRK 12:38
ବସନରେ	1	1	1	1	DAN 5:7
ବସନ୍ତି	9	9	9	9	PSA 59:3
ବସନ୍ତୁ	1	1	1	1	JAS 2:3
ବସନ୍ତେ	4	4	4	4	EXO 18:13
ବସା	30	30	15	30	NUM 24:21
ବସାଅ	5	5	4	5	1KI 21:9
ବସାଇ	10	10	7	13	EXO 40:18
ବସାଇଅଛନ୍ତି	2	2	2	0	1KI 2:24
ବସାଇଥିବା	1	1	1	1	JDG 20:36
ବସାଇଥିଲେ	2	2	2	2	2CH 24:9
ବସାଇବ	1	1	1	1	EXO 26:32
ବସାଇବା	11	11	7	12	1SA 2:8
ବସାଇବାକୁ	1	1	1	0	ACT 2:30
ବସାଇବେ	1	1	1	1	LEV 14:42
ବସାଇଲା	5	5	4	4	GEN 24:11
ବସାଇଲେ	11	11	8	12	EXO 39:7
ବସାଉଅଛ	1	1	1	1	ISA 17:10
ବସାକାରୀ	1	1	1	1	JER 48:28
ବସାକୁ	2	2	2	2	DEU 32:11
ବସାଗଲା	1	1	1	1	EXO 39:13
ବସାଘରେ	1	1	1	1	LUK 2:7
ବସାନ୍ତି	1	1	1	1	2SA 22:34
ବସାଯିବ	1	1	1	1	EXO 28:20
ବସାଯିବା	2	2	1	2	EZR 3:11
ବସାରୁ	1	1	1	1	PRO 27:8
ବସାରେ	2	2	2	2	DEU 22:6
ବସାଲୋନ	1	1	1	1	JOS 15:10
ବସି	70	70	25	71	GEN 21:16
ବସିଅଛ	2	2	2	2	JER 3:2
ବସିଅଛନ୍ତି	7	7	6	7	2SA 19:8
ବସିଅଛି	3	3	3	8	EZK 28:2
ବସିଅଛୁ	2	2	2	1	2KI 7:3
ବସିଥାଅ	8	8	6	8	RUT 3:18
ବସିଥାଇ	1	1	1	1	JHN 13:25
ବସିଥାଏ	2	2	2	2	DEU 22:6
ବସିଥା’ନ୍ତି	1	1	1	1	PRO 23:30
ବସିଥିବା	25	25	10	31	JDG 13:9
ବସିଥିବାର	2	2	2	2	1KI 13:14
ବସିଥିଲା	6	6	5	5	GEN 23:10
ବସିଥିଲି	1	1	1	1	EZK 8:1
ବସିଥିଲେ	16	16	12	17	GEN 18:1
ବସିପଡ଼ିଲେ	1	1	1	1	JHN 4:6
ବସିବ	10	10	5	10	LEV 15:20
ବସିବା	32	32	18	33	DEU 6:7
ବସିବାକୁ	8	8	6	8	2SA 21:10
ବସିବାମାତ୍ର	1	1	1	0	1KI 16:11
ବସିବାର	8	8	8	8	LEV 15:22
ବସିବି	1	1	1	1	PSA 26:5
ବସିବୁ	1	1	1	1	1SA 16:11
ବସିବେ	10	10	8	11	PSA 132:12
ବସିଯାଇ	1	1	1	1	LEV 14:37
ବସିଯାଏ	1	1	1	1	ECC 10:18
ବସିଲ	1	1	1	1	JDG 5:16
ବସିଲା	13	13	10	12	GEN 21:16
ବସିଲି	6	6	4	6	EZR 9:3
ବସିଲୁ	1	1	1	1	PSA 137:1
ବସିଲେ	60	60	25	64	GEN 37:25
ବସୁ	2	2	2	2	1KI 1:35
ବସୁଅଛନ୍ତି	3	3	3	3	1KI 1:46
ବସୁଅଛି	2	2	2	0	LAM 1:1
ବସୁଅଛୁ	1	1	1	1	JER 8:14
ବସୁଥିବା	2	2	2	2	2KI 4:38
ବସେ	17	17	6	17	LEV 15:4
ବସୋରାରୁ	1	1	1	0	ISA 63:1
ବସ୍	2	2	2	0	LUK 17:7
ବସ୍କତୀୟ	1	1	1	1	2KI 22:1
ବସ୍କତ୍	1	1	1	1	JOS 15:39
ବସ୍ତର	1	1	1	0	ISA 33:23
ବସ୍ତୁ	102	102	30	109	GEN 1:31
ବସ୍ତୁକୁ	11	11	9	12	EXO 20:17
ବସ୍ତୁଗୁଡ଼ିକ	1	1	1	1	ROM 1:20
ବସ୍ତୁଠାରୁ	1	1	1	1	ACT 14:15
ବସ୍ତୁମାନର	1	1	1	1	JER 2:8
ବସ୍ତୁର	13	13	8	14	GEN 2:1
ବସ୍ତୁରୁ	6	6	3	6	JOS 6:18
ବସ୍ତୁରୂପ	1	1	1	0	JER 16:18
ବସ୍ତୁରେ	5	5	4	5	LEV 7:19
ବସ୍ତୁସକଳ	4	4	1	4	EZK 5:11
ବସ୍ତୁସକଳର	3	3	2	3	EZK 11:21
ବସ୍ତୁସବୁ	8	8	5	7	NUM 18:14
ବସ୍ତୁସବୁର	1	1	1	1	1CH 28:12
ବସ୍ତୁସମସ୍ତ	1	1	1	1	ACT 17:23
ବସ୍ତୁସମୂହ	1	1	1	0	JER 8:19
ବସ୍ତୁସମୂହର	1	1	1	0	EXO 38:21
ବସ୍ତ୍ର	398	398	45	434	GEN 3:21
ବସ୍ତ୍ରକୁ	2	2	2	3	MAL 2:16
ବସ୍ତ୍ରଖଣ୍ଡ	1	1	1	1	2KI 2:13
ବସ୍ତ୍ରଗୁଡ଼ିକ	1	1	1	1	ACT 9:39
ବସ୍ତ୍ରଧଡ଼ି	1	1	1	1	1SA 24:5
ବସ୍ତ୍ରପରିହିତ	1	1	1	1	EZR 3:10
ବସ୍ତ୍ରର	21	21	16	33	GEN 27:27
ବସ୍ତ୍ରରୁ	2	2	2	2	LEV 13:56
ବସ୍ତ୍ରରୂପେ	1	1	1	1	ROM 13:14
ବସ୍ତ୍ରରେ	33	33	18	34	EXO 12:34
ବସ୍ତ୍ରସକଳ	2	2	2	2	EXO 29:29
ବସ୍ତ୍ରସକଳକୁ	1	1	1	1	LEV 8:30
ବସ୍ତ୍ରସବୁ	9	9	6	8	EXO 19:14
ବସ୍ତ୍ରସ୍ଥିତ	1	1	1	1	LEV 14:55
ବସ୍ତ୍ରହୀନ	1	1	1	2	1CO 4:11
ବସ୍ତ୍ରହୀନମାନଙ୍କଠାରୁ	1	1	1	1	JOB 22:6
ବସ୍ତ୍ରାଗାର-ରକ୍ଷକର	1	1	1	0	2CH 34:22
ବସ୍ତ୍ରାଗାରର	1	1	1	2	2KI 10:22
ବସ୍ତ୍ରାଗାରରକ୍ଷକ	1	1	1	0	2KI 22:14
ବସ୍ତ୍ରାଞ୍ଚଳ	1	1	1	1	EZK 16:8
ବସ୍ତ୍ରାଞ୍ଚଳରେ	1	1	1	1	PSA 133:2
ବସ୍ତ୍ରାଦି	2	2	2	2	EXO 22:9
ବସ୍ତ୍ରାଦିରେ	1	1	1	1	EZK 27:20
ବସ୍ତ୍ରାନୁସାରେ	1	1	1	1	EXO 28:8
ବସ୍ତ୍ରାନ୍ୱିତ	11	11	7	11	2SA 1:24
ବସ୍ତ୍ରାଭାବରେ	1	1	1	1	JOB 31:19
ବସ୍ରା	5	5	3	5	GEN 36:33
ବସ୍ରାର	2	2	2	2	AMO 1:12
ବସ୍ରାରେ	1	1	1	1	ISA 34:6
ବସ୍ଲୂତର	2	2	2	2	EZR 2:52
ବହ	4	4	4	4	PSA 37:1
ବହଇ	1	1	1	1	PSA 103:13
ବହନ	18	18	12	31	EXO 28:29
ବହନାଦି	1	1	1	1	DEU 21:3
ବହନାର୍ଥକ	2	2	1	2	EXO 30:4
ବହନାର୍ଥେ	4	4	1	4	EXO 25:27
ବହନ୍ତା	1	1	1	1	PSA 58:7
ବହନ୍ତି	4	4	2	5	JOB 31:36
ବହନ୍ତିନ୍ତ	1	1	1	0	JOB 24:10
ବହନ୍ତୁ	1	1	1	1	JOS 6:6
ବହଳ	1	1	1	1	EZK 24:10
ବହା	1	1	1	1	ISA 46:3
ବହାଇବ	1	1	1	0	JER 13:17
ବହାଇବା	3	3	3	3	ISA 66:12
ବହାଇଲା	1	1	1	1	JOB 29:6
ବହାଇଲେ	3	3	1	3	PSA 78:16
ବହାଉ	1	1	1	1	EZK 14:19
ବହାଯାଏ	1	1	1	0	HOS 12:1
ବହାଯିବ	1	1	1	1	JOB 21:32
ବହି	69	69	31	47	GEN 27:41
ବହି-ନେଇଯିବା	1	1	1	0	1JN 3:5
ବହିଃସ୍ଥିତ	2	2	1	2	2CH 32:3
ବହିଅଛ	2	2	2	0	EZK 16:58
ବହିଅଛନ୍ତି	2	2	2	1	DEU 1:31
ବହିଆଣି	1	1	1	0	LUK 5:18
ବହିଗଲା	4	4	4	4	1KI 18:35
ବହିଥାଅ	1	1	1	1	PSA 106:4
ବହିଥିଲ	1	1	1	1	1KI 2:26
ବହିନେଇଗଲେ	1	1	1	1	ACT 5:10
ବହିନେଇଯାଆନ୍ତି	1	1	1	0	JHN 1:29
ବହିନେଇଯିବା	1	1	1	0	JHN 5:10
ବହିନେଇଯିବେ	1	1	1	1	ACT 5:9
ବହିନେଲେ	1	1	1	1	2CH 14:13
ବହିବ	31	31	6	14	EXO 28:12
ବହିବଓ	1	1	1	0	EXO 28:38
ବହିବା	23	23	11	16	GEN 46:5
ବହିବାକୁ	5	5	5	5	DEU 1:9
ବହିବାର	3	3	3	1	EXO 2:11
ବହିବାରୁ	5	5	4	4	EXO 5:5
ବହିବି	2	2	2	1	2KI 18:14
ବହିବେ	15	15	7	7	EXO 18:22
ବହିଯାଇ	3	3	3	3	GEN 8:3
ବହିଯାଉ	2	2	2	2	DAN 4:16
ବହିଯାଏ	3	3	2	2	PSA 90:9
ବହିଯା’ନ୍ତି	1	1	1	0	ECC 1:7
ବହିଯିବ	5	5	3	5	JOB 20:28
ବହିଯିବା	6	6	4	6	1KI 18:28
ବହିର୍ଗତ	5	5	4	3	GEN 9:10
ବହିର୍ଗମନ	1	1	1	1	PSA 144:14
ବହିର୍ଗମନକାରୀ	2	2	1	2	GEN 34:24
ବହିର୍ଗାମୀ	2	2	2	2	2KI 11:9
ବହିର୍ଦ୍ୱାର	1	1	1	0	2KI 16:18
ବହିର୍ଭୂତ	1	1	1	1	1CO 6:18
ବହିଲା	9	9	5	9	NUM 11:31
ବହିଲୁ	1	1	1	0	HOS 11:3
ବହିଲେ	12	12	9	8	NUM 7:9
ବହିଷ୍କୃତ	2	2	1	3	ISA 16:3
ବହୀରି	2	2	2	1	LEV 11:13
ବହୁ	51	51	23	50	GEN 17:20
ବହୁଅଛ	1	1	1	1	PSA 114:5
ବହୁଅଛି	4	4	3	4	PSA 89:50
ବହୁକାଳ	4	4	3	4	MAT 25:19
ବହୁକାଳ-ସଞ୍ଚିତ	1	1	1	0	LEV 26:10
ବହୁକାଳର	1	1	1	1	JHN 5:6
ବହୁକାଳରୁ	1	1	1	1	LUK 23:8
ବହୁଗୁଣ	2	2	2	1	MAT 19:29
ବହୁଗୋଷ୍ଠୀକ	2	2	2	2	GEN 48:19
ବହୁଜଳକଲ୍ଲୋଳ	1	1	1	1	REV 14:2
ବହୁତ	120	120	31	120	GEN 13:6
ବହୁତରେ	1	1	1	1	ACT 26:29
ବହୁଥିବା	1	1	1	1	ACT 2:2
ବହୁଥିବାରୁ	1	1	1	1	JHN 6:18
ବହୁଥିଲା	1	1	1	1	EZK 47:2
ବହୁଦିନାବଧି	1	1	1	1	JOS 22:3
ବହୁପ୍ରଜ	5	5	2	2	EXO 1:7
ବହୁପ୍ରଜାବ	1	1	1	0	GEN 28:3
ବହୁପ୍ରତ୍ୟାଶୀ	1	1	1	1	PRO 28:25
ବହୁବଂଶ	14	14	6	14	GEN 1:22
ବହୁବିଧ	8	8	6	9	NEH 9:19
ବହୁବିଧଣ	1	1	1	0	PSA 104:24
ବହୁବୟସ୍କ	1	1	1	1	ZEC 8:4
ବହୁମୁଲ୍ୟ	1	1	1	0	EZR 8:27
ବହୁମୂଲ୍ୟ	70	70	27	72	GEN 24:53
ବହୁରୀମ	3	3	2	3	2SA 3:16
ବହୁରୀମରେ	2	2	1	2	2SA 16:5
ବହୁରୂପା	1	1	1	0	LEV 11:30
ବହୁଲୋକର	1	1	1	0	GEN 17:5
ବହୁଳ	22	22	13	21	GEN 1:20
ବହୁସଂଖ୍ୟକ	60	60	22	62	GEN 1:22
ବହୁସଂଖ୍ୟାରେ	2	2	2	2	ACT 28:23
ବହେ	7	7	5	6	LEV 11:40
ବହେମୋତକୁ	1	1	1	2	JOB 40:15
ବା	181	181	36	172	EXO 4:11
ବାଁହାତିଆ	2	2	1	2	JDG 3:15
ବାଃ	1	1	1	1	MRK 15:29
ବାଆନ	11	11	5	0	NUM 26:34
ବାଆଲ୍	1	1	1	1	ROM 11:4
ବାଆଲ୍ଜିବୂଲ୍	2	2	2	0	MAT 10:25
ବାଆଲ୍ଜିବୂଲ୍ର	5	5	2	0	MAT 12:24
ବାଇଗଣିଆ	9	9	6	9	NUM 4:13
ବାଇଶ	26	26	11	26	NUM 3:39
ବାଇଶୀ	4	4	3	5	PSA 137:2
ବାଇସୀ	1	1	1	0	LEV 23:40
ବାଉଟୀ	1	1	1	1	PRO 5:19
ବାଋକ୍	1	1	1	0	NEH 10:6
ବାକି	4	4	3	13	JDG 18:24
ବାକୀ	9	9	4	1	GEN 42:38
ବାକ୍ଚାତୁରି	1	1	1	1	COL 2:4
ବାକ୍ପଟୁ	1	1	1	1	PRO 17:7
ବାକ୍ୟ	783	783	58	836	GEN 15:1
ବାକ୍ୟ-ଜ୍ଞାନୀ	1	1	1	1	DAN 8:23
ବାକ୍ୟଏହି	1	1	1	0	JER 30:4
ବାକ୍ୟକୁ	5	5	5	7	JER 5:14
ବାକ୍ୟପତି	1	1	1	1	EXO 4:10
ବାକ୍ୟପ୍ରଚାର	1	1	1	1	1TI 5:17
ବାକ୍ୟପ୍ରମାଣେ	3	3	3	0	EXO 8:15
ବାକ୍ୟବାଦୀ	5	5	4	5	NUM 7:89
ବାକ୍ୟମତେ	1	1	1	1	2CH 29:15
ବାକ୍ୟମାଳା	2	2	2	2	JOB 16:4
ବାକ୍ୟଯୁକ୍ତ	1	1	1	1	1CO 2:5
ବାକ୍ୟର	42	42	20	47	NUM 22:18
ବାକ୍ୟରୁ	7	7	5	8	DEU 33:3
ବାକ୍ୟରୂପ	3	3	3	2	PSA 119:14
ବାକ୍ୟରେ	86	86	30	88	GEN 4:23
ବାକ୍ୟସକଳ	5	5	4	5	JER 23:36
ବାକ୍ୟସବୁ	15	15	10	14	NEH 8:12
ବାକ୍ୟସବୁକୁ	1	1	1	1	ACT 13:27
ବାକ୍ୟସମୂହ	5	5	4	5	MAT 24:35
ବାକ୍ୟସାଧକ	2	2	1	2	PSA 103:20
ବାକ୍ୟାଡ଼ମ୍ବରରେ	1	1	1	0	1CO 1:17
ବାକ୍ୟାନୁଯାୟୀ	2	2	2	1	2KI 6:18
ବାକ୍ୟାନୁସାରେ	92	92	20	93	GEN 12:4
ବାକ୍ୟାନୁସାରେଏକ	1	1	1	0	2KI 7:16
ବାକ୍ୟାନୁସାରେର	1	1	1	0	EXO 12:31
ବାକ୍ୟାରମ୍ଭ	1	1	1	1	ECC 10:13
ବାଗ୍ଦତ୍ତା	4	4	2	5	LEV 19:20
ବାଗ୍ଦାନ	5	5	3	5	DEU 20:7
ବାଗ୍ୟୁଦ୍ଧ	4	4	3	0	JHN 6:52
ବାଗ୍ୟୁଦ୍ଧରୁ	1	1	1	0	TIT 3:9
ବାଗ୍ୟୁଦ୍ଧରେ	1	1	1	0	1TI 6:4
ବାଘ	6	6	3	6	ISA 11:6
ବାଘଗୁଡ଼ାକ	1	1	1	1	ACT 20:29
ବାଘମାନଙ୍କ	2	2	2	2	MAT 10:16
ବାଘୁଆଫଡ଼ିଙ୍ଗ	1	1	1	1	LEV 11:22
ବାଙ୍କ	3	3	1	3	NEH 3:19
ବାଙ୍କଠାରୁ	1	1	1	1	NEH 3:20
ବାଙ୍ଗର	1	1	1	1	LUK 19:3
ବାଚାଳଟା	1	1	1	1	ACT 17:18
ବାଚାଳତା	2	2	2	1	LEV 5:4
ବାଚାଳତାପୂର୍ବକ	1	1	1	0	LEV 5:4
ବାଚ୍ୟ	1	1	1	1	1PE 2:10
ବାଛ	1	1	1	1	2KI 10:3
ବାଛରା	1	1	1	0	GEN 32:15
ବାଛରାକୁ	1	1	1	1	GEN 49:11
ବାଛି	4	4	3	5	2SA 10:9
ବାଛିବି	1	1	1	1	JOB 9:14
ବାଛିଲେ	1	1	1	1	1SA 17:40
ବାଛୁଥିଲେ	1	1	1	1	LUK 14:7
ବାଛୁରି	13	13	5	16	EXO 32:4
ବାଛୁରିକି	2	2	1	0	1SA 6:7
ବାଜ	2	2	2	3	LEV 11:14
ବାଜପକ୍ଷୀ	1	1	1	2	JOB 39:26
ବାଜପକ୍ଷୀର	1	1	1	1	JOB 28:7
ବାଜି	1	1	1	1	ECC 9:11
ବାଜିବ	6	6	5	6	PSA 91:12
ବାଜିବା	1	1	1	1	ISA 18:3
ବାଜିଲା	1	1	1	1	DAN 5:6
ବାଜିଲେ	2	2	2	2	JDG 16:9
ବାଜୁ	1	1	1	1	2SA 1:10
ବାଜୁଅଛି	6	6	4	6	ISA 16:11
ବାଜୁବନ୍ଧ	6	6	3	6	EXO 12:7
ବାଜେ	1	1	1	1	JOB 39:25
ବାଞ୍ଚିତ	1	1	1	1	PRO 21:25
ବାଞ୍ଛନୀୟ	5	5	5	5	GEN 3:6
ବାଞ୍ଛା	48	48	19	42	DEU 5:21
ବାଞ୍ଛାକାରୀ-ମାନେ	1	1	1	0	AMO 5:18
ବାଞ୍ଛାକୁ	1	1	1	1	DAN 11:37
ବାଞ୍ଛାନୁସାରେ	5	5	2	5	DEU 12:20
ବାଞ୍ଛାମତେ	1	1	1	1	DEU 12:15
ବାଞ୍ଛାର	4	4	2	5	PSA 112:8
ବାଞ୍ଛାରେ	1	1	1	1	PSA 27:12
ବାଞ୍ଛାସିଦ୍ଧି	1	1	1	1	PRO 13:19
ବାଞ୍ଛିତ	5	5	4	5	JDG 8:26
ବାଟ	54	54	20	57	GEN 18:16
ବାଟଆଡ଼େ	1	1	1	1	ISA 53:6
ବାଟକୁ	1	1	1	1	NUM 22:23
ବାଟପାଖ	1	1	1	0	MRK 4:15
ବାଟଯାକ	2	2	2	2	JOS 2:22
ବାଟର	7	7	4	8	PSA 18:42
ବାଟରୁ	2	2	2	2	DEU 27:18
ବାଟରେ	46	46	20	46	GEN 45:24
ବାଟସବୁର	1	1	1	1	PRO 8:2
ବାଟେ	14	14	11	12	GEN 26:8
ବାଡ଼	9	9	7	11	JOB 1:10
ବାଡ଼ରେ	1	1	1	1	NAM 3:17
ବାଡ଼ି	9	9	6	9	PSA 23:4
ବାଡ଼ିରେ	2	2	1	2	PRO 23:13
ବାଣ	6	6	3	6	EXO 19:13
ବାଣମାନଙ୍କୁ	1	1	1	1	DEU 32:42
ବାଣସବୁ	1	1	1	1	DEU 32:23
ବାଣସ୍ୱରୂପ	1	1	1	1	HAB 3:11
ବାଣିଜ୍ୟ	30	30	6	32	GEN 34:10
ବାଣିଜ୍ୟ-ଜାହାଜ	1	1	1	1	PRO 31:14
ବାଣିଜ୍ୟକାରିଣୀ	1	1	1	1	EZK 27:3
ବାଣିଜ୍ୟଠାରୁ	1	1	1	1	PRO 3:14
ବାଣିଜ୍ୟଦ୍ରବ୍ୟ	2	2	2	1	JOB 41:6
ବାଣିଜ୍ୟବ୍ୟବସାୟକୁ	1	1	1	0	MAT 22:5
ବାଣିଜ୍ୟର	3	3	3	3	ISA 45:14
ବାଣୀ	32	32	11	38	PSA 81:5
ବାଣୁଆ	1	1	1	1	PRO 26:10
ବାଣ୍ଟ	44	44	13	47	GEN 31:14
ବାଣ୍ଟର	1	1	1	1	JOS 18:11
ବାଣ୍ଟରୁ	1	1	1	1	NUM 35:2
ବାଣ୍ଟରେ	4	4	3	3	JOS 17:5
ବାଣ୍ଟସ୍ୱରୂପ	2	2	2	1	JER 51:19
ବାଣ୍ଟି	3	3	2	3	JOS 13:6
ବାଣ୍ଟିଦେବାକୁ	1	1	1	1	ACT 2:45
ବାଣ୍ଟିଦେଲେ	3	3	2	2	LUK 15:12
ବାଣ୍ଟିନିଏ	1	1	1	1	LUK 11:22
ବାତୁଳ	6	6	3	6	1SA 21:13
ବାତୁଳଟି	1	1	1	1	2KI 9:11
ବାତୁଳତା	3	3	1	0	ECC 1:17
ବାତ୍	3	3	1	4	EZK 45:10
ବାତ୍ର	2	2	1	2	EZK 45:11
ବାତ୍ରେ	1	1	1	1	EZK 45:14
ବାତ୍ସମ୍ବନ୍ଧୀୟ	1	1	1	0	EZK 45:14
ବାଦକାର	1	1	1	0	PSA 12:1
ବାଦବିବାଦ	1	1	1	1	1CO 1:11
ବାଦାନୁବାଦ	29	29	14	28	NEH 5:7
ବାଦାମ	4	4	4	7	GEN 43:11
ବାଦାମପୁଷ୍ପାକୃତି	6	6	1	3	EXO 25:33
ବାଦୀ	2	2	2	1	EXO 18:16
ବାଦ୍ୟ	13	13	7	14	1SA 18:6
ବାଦ୍ୟକର	56	56	3	57	2KI 3:15
ବାଦ୍ୟକରମାନେ	1	1	1	1	PSA 68:25
ବାଦ୍ୟକାର	1	1	1	1	PSA 51:1
ବାଦ୍ୟକାରିଣୀ	1	1	1	1	ECC 12:4
ବାଦ୍ୟଧ୍ୱନିରେ	1	1	1	0	2CH 30:21
ବାଦ୍ୟଯନ୍ତ୍ର	13	13	7	13	2SA 6:5
ବାଦ୍ୟଯନ୍ତ୍ରରେ	1	1	1	1	PSA 76:1
ବାଦ୍ୟଯନ୍ତ୍ରସବୁ	2	2	2	2	1CH 23:5
ବାଦ୍ୟଯନ୍ତ୍ରାଦି	1	1	1	1	DAN 6:18
ବାଦ୍ୟରୁ	1	1	1	1	LAM 5:14
ବାଧା	17	17	12	17	EXO 9:2
ବାଧାଜନକ	5	5	3	5	ISA 8:14
ବାଧାପ୍ରାପ୍ତ	1	1	1	1	ROM 1:13
ବାଧାରେ	1	1	1	1	EZR 6:9
ବାଧ୍ୟ	22	22	12	28	JDG 1:34
ବାଧ୍ୟତା	1	1	1	1	2CO 9:13
ବାଧ୍ୟବାଧକତା	1	1	1	1	2CO 9:7
ବାନର	2	2	2	2	1KI 10:22
ବାନା	8	8	4	8	2SA 4:2
ବାନାକୁ	1	1	1	1	2SA 4:9
ବାନାର	3	3	3	3	2SA 23:29
ବାନି	7	7	2	8	EZR 10:38
ବାନିର	7	7	3	7	1CH 6:46
ବାନୀ	1	1	1	0	2SA 23:36
ବାନ୍ତି	4	4	4	4	PRO 26:11
ବାନ୍ତିରେ	2	2	2	2	ISA 19:14
ବାନ୍ଧ	19	19	11	18	1SA 25:13
ବାନ୍ଧନ୍ତି	6	6	2	6	JOB 5:18
ବାନ୍ଧି	60	60	25	64	GEN 22:9
ବାନ୍ଧିଅଛ	3	3	2	2	2SA 22:40
ବାନ୍ଧିଅଛନ୍ତି	2	2	2	0	PSA 93:1
ବାନ୍ଧିଅଛି	2	2	2	2	EST 7:5
ବାନ୍ଧିଦେଲେ	1	1	1	2	LUK 10:34
ବାନ୍ଧିପାର	1	1	1	1	JOB 38:31
ବାନ୍ଧିବ	13	13	8	13	GEN 49:11
ବାନ୍ଧିବା	7	7	6	7	EXO 21:29
ବାନ୍ଧିବାକୁ	3	3	3	3	JDG 15:12
ବାନ୍ଧିବାରୁ	1	1	1	1	ACT 22:29
ବାନ୍ଧିବେ	8	8	4	8	JDG 16:7
ବାନ୍ଧିଲା	4	4	3	4	JDG 15:4
ବାନ୍ଧିଲି	1	1	1	1	JER 13:2
ବାନ୍ଧିଲେ	17	17	10	18	GEN 42:24
ବାନ୍ଧୁଅଛୁ	1	1	1	1	EZK 4:8
ବାନ୍ଧୁଥିଲୁ	1	1	1	1	GEN 37:7
ବାନ୍ଧୁଥିଲେ	2	2	2	2	MAT 3:4
ବାନ୍ଧେ	2	2	2	2	JOB 30:18
ବାପମା	2	2	1	0	JHN 9:2
ବାପା	6	6	2	9	MRK 5:40
ବାପାଙ୍କ	2	2	1	3	LUK 15:17
ବାପାଙ୍କୁ	1	1	1	1	LUK 15:12
ବାପାମାଆକୁ	1	1	1	0	JHN 6:42
ବାପ୍ତିଜକ	14	14	3	34	MAT 3:1
ବାପ୍ତିଜକସସ	1	1	1	0	MRK 6:24
ବାପ୍ତିଜିତ	41	41	7	43	MAT 3:6
ବାପ୍ତିଜିତହେଲାକ୍ଷଣି	1	1	1	0	MAT 3:16
ବାପ୍ତିସ୍ମ	41	41	10	43	MAT 3:7
ବାପ୍ତିସ୍ମଦେଉଥିଲେ	1	1	1	0	JHN 3:23
ବାପ୍ତିସ୍ମରେ	6	6	4	7	MRK 10:38
ବାପ୍ତିସ୍ମରେଯଯ	1	1	1	0	ACT 19:4
ବାବିଲ	87	87	8	108	GEN 10:10
ବାବିଲ-ରାଜ	1	1	1	0	ISA 14:4
ବାବିଲ-ରାଜାର	5	5	1	0	JER 27:9
ବାବିଲକୁ	45	45	7	55	2CH 36:6
ବାବିଲଠାରୁ	1	1	1	1	ZEC 6:10
ବାବିଲର	87	87	10	118	2CH 36:6
ବାବିଲରାଜ	1	1	1	0	ISA 39:1
ବାବିଲରାଜାର	1	1	1	0	2KI 24:20
ବାବିଲରୁ	9	9	3	21	EZR 7:9
ବାବିଲରେ	9	9	2	15	JER 20:6
ବାବିଲସ୍ଥ	5	5	2	5	EZR 5:14
ବାବିଲସ୍ଥିତ	1	1	1	1	2CH 36:7
ବାବିଲୀୟ	11	11	7	15	JOS 7:21
ବାବିଲୀୟମାନଙ୍କ	1	1	1	1	EZK 23:15
ବାବିଲୋନ	2	2	1	2	MAT 1:17
ବାବିଲୋନକୁ	2	2	1	2	MAT 1:11
ବାବିଲୋନସ୍ଥ	1	1	1	1	1PE 5:13
ବାବିଲୋନୀୟମାନଙ୍କୁ	1	1	1	1	EZK 23:23
ବାବିଲ୍	1	1	1	5	2KI 25:1
ବାବିଲ୍-ରାଜା	10	10	1	0	2KI 24:12
ବାବିଲ୍-ରାଜାର	4	4	1	0	2KI 20:18
ବାବିଲ୍କୁ	8	8	3	2	2KI 20:17
ବାବିଲ୍ର	6	6	1	0	2KI 20:12
ବାବିଲ୍ରୁ	3	3	2	0	2KI 20:14
ବାବିଲ୍ରେ	1	1	1	0	2KI 25:28
ବାମ	54	54	24	54	GEN 48:13
ବାମକୁ	7	7	5	8	GEN 13:9
ବାମତ୍ବାଲ	1	1	1	2	JOS 13:17
ବାମନ	1	1	1	1	LEV 21:20
ବାମଭାଗରେ	1	1	1	0	1CH 6:44
ବାମରେ	18	18	13	15	GEN 24:49
ବାମା	1	1	1	1	EZK 20:29
ବାମୋତକୁ	1	1	1	1	NUM 21:19
ବାମୋତଠାରୁ	1	1	1	1	NUM 21:20
ବାର	100	100	21	137	GEN 5:8
ବାରକ	1	1	1	1	HEB 11:32
ବାରକ୍	11	11	1	12	JDG 4:8
ବାରକ୍କୁ	2	2	1	2	JDG 4:6
ବାରଖଣ୍ଡ	1	1	1	1	1KI 11:30
ବାରଖେଲର	2	2	1	2	JOB 32:2
ବାରଗୋଟି	4	4	3	6	LEV 24:5
ବାରଜଣ	1	1	1	1	1CH 9:22
ବାରଟା	1	1	1	1	MAT 20:5
ବାରଟି	1	1	1	1	NUM 7:3
ବାରଣ	11	11	9	10	GEN 20:6
ବାରବୁଲା	1	1	1	1	PSA 109:10
ବାରବ୍ବା	4	4	4	4	MAT 27:16
ବାରବ୍ବାକୁ	8	8	4	8	MAT 27:17
ବାରମ୍ବାର	8	8	7	11	PRO 6:3
ବାରହାତ	1	1	1	1	JER 52:21
ବାରା	1	1	1	1	1CH 8:8
ବାରି	3	3	3	3	1SA 26:17
ବାରିଧି	5	5	4	5	JOB 28:14
ବାରିଧିର	3	3	2	3	JOB 38:16
ବାରିଧିରୁ	1	1	1	1	GEN 49:25
ବାରିଧିରେ	3	3	2	3	DEU 33:13
ବାରିଧିସକଳ	1	1	1	1	PRO 8:24
ବାରିଧିସମୂହକୁ	1	1	1	1	PSA 33:7
ବାରୀହ	1	1	1	1	1CH 3:22
ବାରୁକ	1	1	1	1	NEH 11:5
ବାରୁକର	1	1	1	0	NEH 11:5
ବାରୁକ୍	1	1	1	3	NEH 3:20
ବାରୂକ	14	14	1	15	JER 36:4
ବାରୂକକୁ	8	8	1	9	JER 32:13
ବାରୂକର	1	1	1	1	JER 32:12
ବାର୍ଟୀମୟ	1	1	1	2	MRK 10:46
ବାର୍ତ୍ତା	10	10	6	42	GEN 37:2
ବାର୍ତ୍ତାବାହକ	2	2	2	8	2SA 4:10
ବାର୍ଥଲମୀ	3	3	3	4	MAT 10:3
ବାର୍ଷିକ	4	4	2	6	JDG 17:10
ବାଲ-ହାମୋନରେ	1	1	1	1	SNG 8:11
ବାଲତ୍	3	3	3	3	JOS 19:44
ବାଲତ୍-ବେର	1	1	1	1	JOS 19:8
ବାଲପିୟୋର	3	3	2	1	NUM 25:3
ବାଲପିୟୋରର	1	1	1	1	DEU 4:3
ବାଲର	1	1	1	0	NUM 22:41
ବାଲସଫୋନ	2	2	1	0	EXO 14:2
ବାଲସଫୋନର	1	1	1	0	NUM 33:7
ବାଲହାତ୍ସୋରରେ	1	1	1	0	2SA 13:23
ବାଲହାନନର	1	1	1	0	GEN 36:39
ବାଲା	4	4	1	4	JOS 15:9
ବାଲାକ	27	27	1	28	NUM 22:2
ବାଲାକକୁ	1	1	1	1	REV 2:14
ବାଲାକଙ୍କ	6	6	1	7	NUM 22:7
ବାଲାକଙ୍କୁ	7	7	1	7	NUM 22:38
ବାଲାକବିଲୀୟମକୁ	1	1	1	0	NUM 23:25
ବାଲାକ୍	2	2	2	2	JOS 24:9
ବାଲାକ୍ଠାରୁ	1	1	1	1	JDG 11:25
ବାଲାଠାରୁ	1	1	1	1	JOS 15:10
ବାଲାରୁ	1	1	1	1	1CH 13:6
ବାଲି	11	11	8	12	GEN 22:17
ବାଲି-ଯିହୁଦାଠାରୁ	1	1	1	1	2SA 6:2
ବାଲିଏଣ୍ଡୁଅ	1	1	1	1	LEV 11:30
ବାଲିକୂଳ	1	1	1	1	ACT 27:39
ବାଲିଠାରୁ	1	1	1	1	JOB 6:3
ବାଲିରେ	1	1	1	3	EXO 2:12
ବାଲୀ	1	1	1	1	HOS 2:16
ବାଲୀସ	1	1	1	1	JER 40:14
ବାଲୀୟା	1	1	1	1	1CH 12:5
ବାଲୁକା	13	13	11	12	JOS 11:4
ବାଲୁକାର	3	3	3	3	DEU 33:19
ବାଲୋତ୍	1	1	1	1	JOS 15:24
ବାଲୋରେ	1	1	1	0	1KI 4:16
ବାଲ୍	25	25	8	31	JDG 2:11
ବାଲ୍-ଦେବତାଗଣର	2	2	1	1	JDG 8:33
ବାଲ୍-ଦେବତାମାନଙ୍କୁ	1	1	1	1	1SA 7:4
ବାଲ୍-ପରାସୀମ	1	1	1	1	2SA 5:20
ବାଲ୍-ପରାସୀମକୁ	1	1	1	1	2SA 5:20
ବାଲ୍-ପରାସୀମ୍	1	1	1	1	1CH 14:11
ବାଲ୍-ପରାସୀମ୍କୁ	1	1	1	1	1CH 14:11
ବାଲ୍-ପିୟୋର୍	1	1	1	0	PSA 106:28
ବାଲ୍-ପୀୟୋରର	1	1	1	0	HOS 9:10
ବାଲ୍-ବରୀତକୁ	1	1	1	1	JDG 8:33
ବାଲ୍-ବରୀତର	1	1	1	1	JDG 9:4
ବାଲ୍-ମନ୍ଦିରକୁ	3	3	2	1	2KI 10:23
ବାଲ୍-ମନ୍ଦିରର	1	1	1	0	2KI 10:25
ବାଲ୍-ମନ୍ଦିରରୁ	1	1	1	0	2KI 10:26
ବାଲ୍-ମୀୟୋନ୍	1	1	1	3	EZK 25:9
ବାଲ୍-ଶାଲିଶାରୁ	1	1	1	1	2KI 4:42
ବାଲ୍-ହର୍ମୋଣ୍	1	1	1	0	1CH 5:23
ବାଲ୍କୁ	1	1	1	1	2KI 10:28
ବାଲ୍ଗାଦ୍	1	1	1	1	JOS 11:17
ବାଲ୍ଗାଦ୍ଠାରୁ	2	2	1	2	JOS 12:7
ବାଲ୍ତାମରରେ	1	1	1	1	JDG 20:33
ବାଲ୍ଦେବ	11	11	2	11	JER 2:8
ବାଲ୍ଦେବ-ଗଣର	1	1	1	0	2CH 34:4
ବାଲ୍ଦେବଗଣ	2	2	2	2	2CH 33:3
ବାଲ୍ଦେବଗଣର	2	2	2	3	2CH 17:3
ବାଲ୍ଦେବତାର	1	1	1	1	JDG 6:25
ବାଲ୍ଦେବର	2	2	1	2	JER 19:5
ବାଲ୍ମିୟୋଲ	1	1	1	0	NUM 32:38
ବାଲ୍ମୀୟୋନ୍	1	1	1	0	1CH 5:8
ବାଲ୍ର	28	28	5	31	JDG 6:28
ବାଲ୍ସବୂବ	1	1	1	1	2KI 1:6
ବାଲ୍ସବୂବକୁ	3	3	1	3	2KI 1:2
ବାଲ୍ହର୍ମୋନ୍	1	1	1	0	JDG 3:3
ବାଲ୍ହାନନ୍	4	4	2	4	GEN 36:38
ବାଲ୍ୟ	1	1	1	5	HOS 11:1
ବାଲ୍ୟକାଳ-ଠାରୁ	1	1	1	0	PSA 71:17
ବାଲ୍ୟକାଳଠାରୁ	3	3	3	3	GEN 8:21
ବାଲ୍ୟକାଳର	1	1	1	1	JER 3:4
ବାଲ୍ୟକାଳରୁ	6	6	4	6	PSA 71:5
ବାଲ୍ୟକାଳାବଧି	1	1	1	1	1KI 18:12
ବାଲ୍ୟରୁ	3	3	2	0	ISA 47:12
ବାଲ୍ୟାବଧି	1	1	1	1	GEN 46:34
ବାଲ୍ୟାବସ୍ଥାର	1	1	1	0	LEV 22:13
ବାଲ୍ୟାବସ୍ଥାରୁ	1	1	1	1	JOB 31:18
ବାଳକ	99	99	23	102	GEN 21:8
ବାଳକ-ବାଳିକାଗଣ	1	1	1	0	NEH 12:43
ବାଳକକୁ	25	25	9	21	GEN 21:14
ବାଳକଗଣ	7	7	6	6	GEN 50:8
ବାଳକଗଣକୁ	3	3	2	3	GEN 33:5
ବାଳକଗଣର	2	2	2	2	GEN 33:14
ବାଳକଙ୍କୁ	1	1	1	4	2KI 2:24
ବାଳକଟି	4	4	4	5	GEN 37:30
ବାଳକଠାରୁ	1	1	1	1	1SA 15:3
ବାଳକମାନଙ୍କ	6	6	4	6	GEN 45:19
ବାଳକମାନଙ୍କୁ	9	9	5	9	GEN 31:55
ବାଳକମାନେ	15	15	9	15	GEN 25:27
ବାଳକର	20	20	9	23	GEN 21:16
ବାଳିକା	11	11	8	14	EXO 2:8
ବାଳିକା-ମାନଙ୍କୁ	1	1	1	0	JOL 2:16
ବାଳିକାକୁ	5	5	3	5	2KI 5:2
ବାଳିକାଗଣର	1	1	1	1	LAM 2:19
ବାଳିକାଟି	2	2	2	2	MAT 9:24
ବାଳିକାଟିର	1	1	1	1	MAT 9:25
ବାଳିକାମାନଙ୍କ	1	1	1	1	JOB 41:5
ବାଳିକାମାନେ	1	1	1	1	LAM 4:4
ବାଳିକାର	2	2	2	2	EZR 10:1
ବାଳିକାରେ	1	1	1	1	ZEC 8:5
ବାଳୁଙ୍ଗା	6	6	1	7	MAT 13:25
ବାଳୁଙ୍ଗାଗୁଡ଼ାକ	1	1	1	0	MAT 13:27
ବାଳୁଙ୍ଗାର	1	1	1	2	MAT 13:36
ବାଶନ	14	14	3	18	DEU 3:10
ବାଶନ-ରାଜା	3	3	2	3	DEU 3:3
ବାଶନକୁ	1	1	1	1	2KI 10:33
ବାଶନର	19	19	11	21	NUM 21:33
ବାଶନରୁ	1	1	1	2	DEU 33:22
ବାଶନରେ	7	7	5	7	DEU 4:43
ବାଶନସ୍ଥ	5	5	4	5	DEU 3:4
ବାଶନସ୍ଥିତ	1	1	1	1	DEU 3:10
ବାଶନୀୟ	1	1	1	1	JOS 12:4
ବାଶନ୍	3	3	3	0	1CH 5:11
ବାଶନ୍ଠାରୁ	1	1	1	0	1CH 5:23
ବାଶନ୍ର	3	3	2	0	DEU 29:7
ବାଶନ୍ରୁ	1	1	1	0	PSA 68:22
ବାଶା	17	17	3	17	1KI 15:17
ବାଶାକୁ	1	1	1	1	1KI 16:3
ବାଶାଙ୍କ	3	3	1	4	1KI 15:16
ବାଶାଙ୍କର	6	6	1	6	1KI 15:32
ବାଶାର	3	3	2	3	1KI 16:4
ବାଷଠି	6	6	4	6	GEN 5:18
ବାଷ୍ପ	7	7	5	7	PSA 135:7
ବାଷ୍ପରୁ	1	1	1	1	JOB 36:27
ବାସ	539	539	50	562	GEN 4:16
ବାସକାରିଣୀ	2	2	2	2	JER 51:13
ବାସକାରୀ	16	16	13	16	NUM 13:18
ବାସକାରୀମାନଙ୍କ	1	1	1	1	EZK 39:6
ବାସକାରୀମାନଙ୍କୁ	1	1	1	1	JER 44:13
ବାସକାରୀମାନେ	1	1	1	1	HOS 14:7
ବାସଗୃହ	4	4	4	3	EXO 13:3
ବାସନା	11	11	6	10	GEN 3:16
ବାସଭୂମି	1	1	1	1	EXO 8:21
ବାସମତ୍	3	3	1	3	GEN 26:34
ବାସମତ୍କୁ	2	2	2	2	GEN 36:3
ବାସମତ୍ର	2	2	1	2	GEN 36:13
ବାସଯୋଗ୍ୟ	1	1	1	1	JOB 37:12
ବାସସ୍ଥାନ	37	37	19	39	GEN 39:20
ବାସସ୍ଥାନକୁ	4	4	2	4	JOB 5:3
ବାସସ୍ଥାନଗାମୀ	1	1	1	1	NUM 21:15
ବାସସ୍ଥାନର	1	1	1	1	ISA 54:2
ବାସସ୍ଥାନରୁ	2	2	2	2	JER 25:30
ବାସସ୍ଥାନରେ	12	12	9	7	EXO 10:23
ବାସସ୍ଥାନସବୁ	1	1	1	1	JER 51:30
ବାସିଗଲାଣି	1	1	1	1	JHN 11:39
ବାସେୟର	1	1	1	1	1CH 6:40
ବାସ୍ତବ	1	1	1	1	COL 2:17
ବାସ୍ତବରେ	2	2	2	5	ROM 2:19
ବାସ୍ତବିକ	1	1	1	2	ISA 48:8
ବାସ୍ତରି	7	7	3	7	NUM 31:34
ବାହକ	2	2	2	8	JOS 3:3
ବାହକମାନେ	1	1	1	1	LUK 7:14
ବାହନ	6	6	6	5	LEV 15:9
ବାହନ-ଆରୋହଣ	1	1	1	1	DEU 32:13
ବାହନର	1	1	1	1	EZK 27:20
ବାହନରେ	3	3	3	3	EXO 19:18
ବାହନସକଳ	1	1	1	1	1KI 4:28
ବାହରି	1	1	1	1	2CH 21:15
ବାହରିଗଲା	1	1	1	0	MRK 2:12
ବାହାନା	3	3	2	3	2SA 13:5
ବାହାର	467	467	46	475	GEN 3:23
ବାହାର-ପ୍ରାଚୀର	1	1	1	1	2CH 33:14
ବାହାରକୁ	118	118	27	119	GEN 8:17
ବାହାରର	2	2	2	2	DEU 25:5
ବାହାରସ୍ଥ	6	6	4	6	LEV 14:53
ବାହାରସ୍ଥିତ	1	1	1	1	EXO 33:7
ବାହାରି	251	251	40	251	GEN 8:19
ବାହାରି-ଗଲେ	2	2	2	0	LUK 4:41
ବାହାରିଅଛନ୍ତି	1	1	1	0	1JN 4:1
ବାହାରିଅଛି	4	4	3	4	MRK 1:38
ବାହାରିଆସ	2	2	2	0	JHN 11:43
ବାହାରିଆସି	4	4	2	0	LUK 1:22
ବାହାରିଗଲା	15	15	8	17	JOS 15:4
ବାହାରିଗଲାଣି	1	1	1	1	MRK 7:29
ବାହାରିଗଲି	1	1	1	1	GAL 1:17
ବାହାରିଗଲେ	29	29	12	31	EXO 10:6
ବାହାରିଥିଲେ	2	2	2	2	LUK 8:35
ବାହାରିବ	5	5	4	5	LEV 21:12
ବାହାରିବା	8	8	7	14	DEU 16:6
ବାହାରିବାକୁ	2	2	2	2	1SA 18:30
ବାହାରିବାମାତ୍ର	1	1	1	0	EST 7:8
ବାହାରିବାର	3	3	3	3	DEU 16:3
ବାହାରିବେ	2	2	2	2	2KI 19:31
ବାହାରିଯା	4	4	2	4	MRK 1:25
ବାହାରିଯାଅ	3	3	2	3	MAT 9:23
ବାହାରିଯାଆନ୍ତେ	1	1	1	0	MAT 26:71
ବାହାରିଯାଇ	22	22	5	23	MAT 9:31
ବାହାରିଯାଇଥିବା	1	1	1	1	MRK 7:30
ବାହାରିଯାଇଥିଲ	3	3	1	5	MAT 11:7
ବାହାରିଯାଉଥିବା	1	1	1	3	MAT 9:32
ବାହାରିଯାଏ	1	1	1	2	LUK 9:39
ବାହାରିଯିବ	1	1	1	1	REV 20:8
ବାହାରିଯିବା	7	7	4	7	MAT 10:14
ବାହାରିଯିବାକୁ	3	3	2	6	ACT 4:15
ବାହାରିଯିବାର	1	1	1	0	MRK 6:33
ବାହାରିଲା	13	13	10	12	GEN 41:5
ବାହାରିଲେ	26	26	18	26	NUM 33:4
ବାହାରୁ	4	4	4	4	JDG 12:9
ବାହାରୁମୀୟ	1	1	1	1	1CH 11:33
ବାହାରେ	168	168	36	170	GEN 9:22
ବାହାରେତାହାର	1	1	1	0	LEV 13:46
ବାହି	1	1	1	1	LUK 8:23
ବାହିନୀ	13	13	9	18	DEU 4:19
ବାହିନୀକି	4	4	4	0	DEU 17:3
ବାହିନୀଗଣର	4	4	4	3	PSA 24:10
ବାହିନୀମାନଙ୍କ	2	2	2	2	ROM 9:29
ବାହିନୀର	4	4	3	2	2KI 23:4
ବାହିବାରେ	1	1	1	1	MRK 6:48
ବାହିଯାଇ	1	1	1	1	JHN 6:19
ବାହୁ	69	69	18	69	GEN 49:25
ବାହୁକୁ	2	2	2	2	JOB 26:2
ବାହୁଙ୍ଗା	3	3	3	3	SNG 7:8
ବାହୁଙ୍ଗି	1	1	1	1	ISA 9:4
ବାହୁଟିଆ	1	1	1	1	DEU 14:5
ବାହୁଡ଼ାଇ	2	2	1	2	GEN 14:16
ବାହୁଡ଼ି	34	34	13	25	GEN 14:7
ବାହୁଡ଼ିଆସନ୍ତେ	1	1	1	1	MRK 5:21
ବାହୁଡ଼ିଆସି	9	9	2	1	LUK 7:10
ବାହୁଡ଼ିଆସୁ	1	1	1	0	MAT 10:13
ବାହୁଡ଼ିଗଲେ	11	11	2	5	LUK 1:56
ବାହୁଡ଼ିବ	1	1	1	1	PSA 94:15
ବାହୁଡ଼ିବା	1	1	1	0	MAT 21:18
ବାହୁଡ଼ିଯାଅ	1	1	1	0	LUK 8:39
ବାହୁଡ଼ିଯାଇ	5	5	2	5	LUK 23:56
ବାହୁଡ଼ିଯିବି	2	2	2	0	MAT 12:44
ବାହୁଡ଼ିଲା	1	1	1	1	GEN 14:17
ବାହୁଡ଼ିଲେ	1	1	1	0	LUK 4:1
ବାହୁଦ୍ୱୟ	4	4	1	4	EZK 30:24
ବାହୁବଳ	4	4	3	4	DEU 8:17
ବାହୁବଳରେ	1	1	1	1	JOB 30:2
ବାହୁବିଶିଷ୍ଟ	1	1	1	1	PSA 89:13
ବାହୁର	3	3	3	3	2SA 1:10
ବାହୁରେ	10	10	7	12	JDG 15:14
ବାହୁଲ୍ୟ	27	27	13	29	GEN 16:10
ବାହୁଲ୍ୟକ୍ରମେ	1	1	1	0	EZK 27:18
ବାହୁଲ୍ୟପ୍ରଯୁକ୍ତ	1	1	1	0	2CH 5:6
ବାହୁଲ୍ୟମାତ୍ର	1	1	1	1	2CO 9:1
ବାହୁଲ୍ୟରୁ	1	1	1	1	JER 13:22
ବାହୁଲ୍ୟରେ	17	17	5	16	PSA 5:7
ବାହୁଲ୍ୟାନୁସାରେ	3	3	3	3	PSA 69:16
ବାହେବକୁ	1	1	1	1	NUM 21:14
ବାହ୍ୟ	6	6	5	8	MRK 7:19
ବାହ୍ୟରୂପ	1	1	1	1	1SA 16:7
ବାହ୍ୟସ୍ଥାନରେ	1	1	1	0	MAT 15:17
ବାହ୍ୟିକ	4	4	2	4	2CO 4:16
ବାୟାଣୀ	1	1	1	1	ACT 12:15
ବାୟୁ	87	87	25	92	GEN 8:1
ବାୟୁଆଡ଼େ	1	1	1	0	JER 49:36
ବାୟୁକୁ	6	6	6	7	JOB 30:22
ବାୟୁଚାଳିତ	1	1	1	1	JUD 1:12
ବାୟୁତୁଲ୍ୟ	1	1	1	1	JER 5:13
ବାୟୁମାତ୍ର	1	1	1	0	JOB 7:7
ବାୟୁର	16	16	6	16	2SA 22:11
ବାୟୁରୂପ	1	1	1	1	PRO 11:29
ବାୟୁରେ	13	13	10	14	GEN 41:6
ବି	1	1	1	0	EPH 6:2
ବିଂଶ	2	2	1	2	1CH 24:16
ବିଂଶତି	4	4	3	2	EXO 38:26
ବିଂଶତିତମ	3	3	2	1	EZR 10:9
ବିକ	2	2	2	1	LEV 25:14
ବିକଟାକାର	1	1	1	1	DAN 3:19
ବିକଳତାରେ	1	1	1	1	EZK 27:31
ବିକା	3	3	2	1	LEV 25:23
ବିକାଗଲା	1	1	1	0	2KI 7:16
ବିକାଯାଆନ୍ତି	2	2	2	2	MAT 10:29
ବିକାଯାଏ	2	2	2	2	DEU 15:12
ବିକାଯିବ	2	2	2	0	EXO 22:3
ବିକାଯିବେ	1	1	1	1	NEH 5:8
ବିକାର	1	1	1	1	JAS 1:17
ବିକାରପ୍ରାପ୍ତ	1	1	1	1	LAM 1:20
ବିକାଶ	1	1	1	1	PSA 119:130
ବିକି	3	3	3	3	GEN 31:15
ବିକିଅଛ	1	1	1	0	1KI 21:20
ବିକିଅଛି	1	1	1	0	LEV 25:28
ବିକିବ	4	4	3	2	LEV 25:15
ବିକିବାକୁ	1	1	1	0	NEH 10:31
ବିକୃତ	14	14	11	13	LEV 21:18
ବିକେ	2	2	1	0	LEV 25:47
ବିକ୍ରମ	1	1	1	1	JOB 39:19
ବିକ୍ରମ-କାର୍ଯ୍ୟସବୁ	1	1	1	0	ISA 63:15
ବିକ୍ରମପୂର୍ଣ୍ଣ	1	1	1	1	PSA 68:33
ବିକ୍ରମର	3	3	1	3	PSA 106:2
ବିକ୍ରମଶାଳୀ	17	17	8	18	JDG 3:29
ବିକ୍ରମଶାଳୀମାନେ	1	1	1	1	ISA 33:7
ବିକ୍ରମଶାଳୀର	1	1	1	1	2SA 17:10
ବିକ୍ରମୀ	16	16	10	17	1SA 18:17
ବିକ୍ରମୀ-ସନ୍ତାନଗଣ	1	1	1	1	PSA 29:1
ବିକ୍ରମୀଗଣ	2	2	2	2	ISA 3:25
ବିକ୍ରମୀମାନଙ୍କୁ	2	2	2	1	JOB 12:19
ବିକ୍ରମୀମାନେ	2	2	1	1	JOB 34:20
ବିକ୍ରମୀର	1	1	1	1	JOB 9:19
ବିକ୍ରମୀସକଳ	1	1	1	1	EZK 31:13
ବିକ୍ରୀତ	13	13	7	11	LEV 25:25
ବିକ୍ରେୟ	1	1	1	1	NEH 13:16
ବିକ୍ରୟ	73	73	24	84	GEN 25:31
ବିକ୍ରୟ-ବର୍ଷ	1	1	1	0	LEV 25:27
ବିକ୍ରୟ-ବର୍ଷଠାରୁ	1	1	1	0	LEV 25:50
ବିକ୍ରୟ-ବର୍ଷର	1	1	1	0	LEV 25:50
ବିକ୍ରୟକାରିଣୀ	1	1	1	1	ACT 16:14
ବିକ୍ରୟକାରୀ	3	3	2	3	EZK 7:12
ବିକ୍ରୟକାରୀର	1	1	1	1	ISA 24:2
ବିକ୍ରୟର	1	1	1	1	DEU 18:8
ବିକ୍ଷିପ୍ତ	6	6	2	6	JER 34:17
ବିଖ୍ରିର	8	8	1	1	2SA 20:1
ବିଖ୍ୟାତ	42	42	15	42	GEN 11:4
ବିଗଥନ୍	1	1	1	0	EST 2:21
ବିଗଳିତ	8	8	3	8	MAT 9:36
ବିଗାଡ଼ନ୍ତି	1	1	1	1	JOB 30:13
ବିଗାଡ଼େ	1	1	1	0	DEU 27:19
ବିଗିଡ଼ି	2	2	2	2	1SA 25:10
ବିଗ୍ଥନ୍	1	1	1	2	EST 6:2
ବିଗ୍ଥା	1	1	1	1	EST 1:10
ବିଗ୍ବୟ	3	3	2	3	EZR 2:2
ବିଗ୍ବୟର	3	3	2	3	EZR 2:14
ବିଘ୍ନ	30	30	11	29	1SA 25:31
ବିଘ୍ନଜନକ	5	5	4	6	ISA 8:14
ବିଘ୍ନର	17	17	7	16	MAT 5:29
ବିଘ୍ନସକଳ	1	1	1	1	ZEP 1:3
ବିଘ୍ନସ୍ୱରୂପ	2	2	2	2	MAT 16:23
ବିଚକ୍ଷଣ	1	1	1	1	DAN 1:4
ବିଚଳିତ	33	33	14	39	JOS 1:8
ବିଚଳିତେ	1	1	1	1	ISA 54:11
ବିଚା	1	1	1	0	1SA 30:29
ବିଚାର	392	392	53	485	GEN 15:14
ବିଚାର-କର୍ତ୍ତୃଗଣକୁ	1	1	1	0	DEU 1:16
ବିଚାର-କର୍ତ୍ତୃଗଣଙ୍କୁ	1	1	1	0	ISA 1:26
ବିଚାର-କର୍ତ୍ତୃଗଣର	1	1	1	0	2KI 23:22
ବିଚାର-ଦିନରେ	4	4	1	0	MAT 10:15
ବିଚାର-ନିଷ୍ପତ୍ତି	3	3	1	2	1KI 8:45
ବିଚାର-ବରଣ୍ଡା	1	1	1	0	1KI 7:7
ବିଚାର-ବିଧି	1	1	1	1	NUM 27:11
ବିଚାର-ସଭା	1	1	1	0	DAN 7:26
ବିଚାର-ସଭାକୁ	1	1	1	0	JOB 11:10
ବିଚାର-ସ୍ଥାନକୁ	1	1	1	1	JAS 2:6
ବିଚାର-ସ୍ଥାନରେ	1	1	1	0	PSA 1:5
ବିଚାରକ	4	4	3	4	ISA 4:3
ବିଚାରକର୍ତ୍ତା	46	46	21	64	GEN 18:25
ବିଚାରକର୍ତ୍ତା-ମାନଙ୍କ	1	1	1	0	JDG 2:17
ବିଚାରକର୍ତ୍ତାକୁ	3	3	3	3	JDG 2:18
ବିଚାରକର୍ତ୍ତାଗଣ	4	4	3	5	DAN 3:3
ବିଚାରକର୍ତ୍ତାଗଣଙ୍କୁ	1	1	1	2	DAN 3:2
ବିଚାରକର୍ତ୍ତାଙ୍କ	2	2	2	10	MAT 5:25
ବିଚାରକର୍ତ୍ତାଠାରୁ	1	1	1	1	JOB 23:7
ବିଚାରକର୍ତ୍ତାମାନଙ୍କ	4	4	4	10	EXO 21:22
ବିଚାରକର୍ତ୍ତାମାନଙ୍କୁ	6	6	4	7	2CH 19:5
ବିଚାରକର୍ତ୍ତାମାନେ	7	7	3	8	DEU 19:18
ବିଚାରକର୍ତ୍ତାର	5	5	4	5	GEN 49:10
ବିଚାରକର୍ତ୍ତୃଗଣ	7	7	6	7	JOS 8:33
ବିଚାରକର୍ତ୍ତୃଗଣକୁ	6	6	6	7	NUM 25:5
ବିଚାରକର୍ତ୍ତୃଗଣଙ୍କୁ	2	2	2	2	JOS 24:1
ବିଚାରକର୍ତ୍ତୃଗଣର	1	1	1	1	JOB 9:24
ବିଚାରକାରୀ	2	2	2	2	2KI 23:22
ବିଚାରକାରୀମାନଙ୍କଠାରୁ	1	1	1	1	PSA 109:31
ବିଚାରକୁ	4	4	3	4	PRO 19:28
ବିଚାରଜନକ	1	1	1	1	ISA 28:6
ବିଚାରଦଣ୍ଡ	1	1	1	1	JER 48:24
ବିଚାରପୂର୍ବକ	1	1	1	1	JER 10:24
ବିଚାରମାର୍ଗରେ	1	1	1	0	PSA 25:9
ବିଚାରର	16	16	10	18	NUM 35:29
ବିଚାରରୁ	1	1	1	1	ROM 2:3
ବିଚାରରେ	35	35	19	35	EXO 23:3
ବିଚାରସବୁ	4	4	4	4	EXO 18:26
ବିଚାରସଭା	2	2	2	2	DAN 7:10
ବିଚାରସଭା-ମାନଙ୍କରେ	1	1	1	0	MRK 13:9
ବିଚାରସ୍ଥାନକୁ	1	1	1	0	JOB 9:32
ବିଚାରସ୍ଥାନରେ	2	2	1	3	MAT 5:21
ବିଚାରାଜ୍ଞା	3	3	2	3	PSA 76:8
ବିଚାରାନୁସାରେ	2	2	1	2	EZK 23:24
ବିଚାରାର୍ଥକ	4	4	2	4	EXO 28:15
ବିଚାରାର୍ଥେ	11	11	9	11	NUM 35:12
ବିଚାରାଳୟ	1	1	1	1	ACT 19:38
ବିଚାରାଳୟରେ	3	3	2	3	ACT 25:23
ବିଚାରାସନ	6	6	3	5	ACT 18:12
ବିଚାରାସନରେ	5	5	4	5	PRO 20:8
ବିଚାରିତ	34	34	10	36	PSA 9:19
ବିଚାରିତା	1	1	1	1	EZK 16:38
ବିଚିତ୍ର	4	4	2	4	EXO 28:39
ବିଚ୍ଛା	1	1	1	1	DEU 8:15
ବିଚ୍ଛାରେ	2	2	1	4	2CH 10:11
ବିଚ୍ଛିନ୍ନ	6	6	5	8	PSA 88:5
ବିଚ୍ଛେଦ	4	4	4	23	RUT 1:17
ବିଚ୍ଛେଦ-ବସ୍ତ୍ର	1	1	1	0	MRK 15:38
ବିଚ୍ଛେଦ-ବସ୍ତ୍ରର	3	3	2	1	EXO 30:6
ବିଚ୍ଛେଦପ୍ରାଚୀର	1	1	1	0	EPH 2:14
ବିଚ୍ଛେଦବସ୍ତ୍ର	19	19	6	10	EXO 26:31
ବିଚ୍ଛେଦବସ୍ତ୍ରର	5	5	2	0	EXO 26:35
ବିଚ୍ଛେଦବସ୍ତ୍ରାବୃତ	1	1	1	1	HEB 6:19
ବିଛଣା	3	3	2	3	PSA 6:6
ବିଛା	3	3	2	3	LUK 10:19
ବିଛାଇ	10	10	8	10	NUM 4:11
ବିଛାଇଅଛି	1	1	1	1	JOB 17:13
ବିଛାଇଦେଲେ	1	1	1	1	MRK 11:8
ବିଛାଇବାର	1	1	1	1	ISA 58:5
ବିଛାଇବେ	3	3	1	3	NUM 4:7
ବିଛାଇଲେ	3	3	3	3	ISA 42:5
ବିଛାର	2	2	1	2	REV 9:3
ବିଛାରେ	2	2	1	0	1KI 12:11
ବିଛୁଆତି	5	5	5	5	JOB 30:7
ବିଜାତି	13	13	6	3	LUK 17:18
ବିଜାତିଙ୍କ	1	1	1	0	ROM 15:12
ବିଜାତିମାନଙ୍କ	46	46	11	0	MAT 4:15
ବିଜାତିମାନଙ୍କଠାରୁ	2	2	2	0	2CO 11:26
ବିଜାତିମାନଙ୍କର	11	11	8	0	MRK 10:42
ବିଜାତିମାନଙ୍କୁ	5	5	4	1	ACT 11:18
ବିଜାତିମାନେ	19	19	6	2	MAT 6:32
ବିଜାତୀୟ	7	7	4	2	JER 2:21
ବିଜାତୀୟମାନଙ୍କ	3	3	2	0	MAT 6:7
ବିଜାତୀୟମାନଙ୍କର	1	1	1	0	HEB 11:34
ବିଜାତୀୟମାନେ	1	1	1	0	MAT 5:47
ବିଜୁଳି	18	18	9	22	EXO 9:23
ବିଜୁଳିଓ	1	1	1	0	EXO 19:16
ବିଜୁଳିର	1	1	1	2	ZEC 10:1
ବିଜେ	6	6	4	3	EXO 13:21
ବିଜ୍ଞ	7	7	5	7	EXO 38:23
ବିଜ୍ଞତା	3	3	3	3	JOB 26:3
ବିଜ୍ଞବର	1	1	1	1	ISA 19:11
ବିଜ୍ଞମନା	7	7	1	7	EXO 28:3
ବିଜ୍ଞମାନେ	1	1	1	1	JOB 34:2
ବିଜ୍ଞାପନ	1	1	1	1	DAN 4:1
ବିଜୟଯାତ୍ରା	2	2	2	0	2CO 2:14
ବିଜୟୀ	6	6	3	8	ROM 3:4
ବିଞ୍ଚାଯିବ	1	1	1	1	JOB 18:15
ବିଞ୍ଚି	7	7	5	9	EXO 9:10
ବିଞ୍ଚିଦିଅ	1	1	1	1	DAN 4:14
ବିଞ୍ଚିଦିଏ	1	1	1	0	ISA 28:25
ବିଞ୍ଚିଦେଇ	1	1	1	1	JHN 2:15
ବିଞ୍ଚିଦେଉ	1	1	1	0	EXO 9:8
ବିଞ୍ଚିଲେ	2	2	2	2	2CH 34:4
ବିଟ	1	1	1	1	1KI 7:29
ବିଟମାନର	1	1	1	1	1KI 7:28
ବିଟର	1	1	1	1	1KI 7:29
ବିଡ଼ା	12	12	8	12	GEN 37:7
ବିଡ଼ାଏ	2	2	2	2	EXO 12:22
ବିଡ଼ାକୁ	1	1	1	1	GEN 37:7
ବିଡ଼ାବନ୍ଧନ-କାରୀ	1	1	1	0	PSA 129:7
ବିଡ଼ାର	1	1	1	1	RUT 2:7
ବିଡ଼ାରୁ	1	1	1	1	RUT 2:16
ବିଡ଼ାସବୁ	1	1	1	1	GEN 37:7
ବିତଣ୍ଡା	2	2	2	1	2TI 2:23
ବିତରଣ	15	15	11	16	2CH 31:14
ବିତରଣକାରିଣୀ	1	1	1	1	ISA 23:8
ବିତର୍କ	1	1	1	1	1TI 2:8
ବିତାଡ଼ିତ	1	1	1	3	HEB 11:34
ବିଥୀୟାର	1	1	1	0	1CH 4:18
ବିଥ୍ରୋଣ	1	1	1	2	2SA 2:29
ବିଦା	1	1	1	1	1SA 13:21
ବିଦାରକ	1	1	1	1	GEN 49:27
ବିଦାରଣ	2	2	1	2	EZK 13:11
ବିଦାରଣରୁ	1	1	1	1	GEN 49:9
ବିଦାରିବାକୁ	2	2	1	2	EZK 22:25
ବିଦାୟ	92	92	20	94	GEN 12:20
ବିଦାୟକାଳୀନ	1	1	1	1	MIC 1:14
ବିଦୀର୍ଣ୍ଣ	59	59	22	58	GEN 37:33
ବିଦୀର୍ଣ୍ଣହୁଏ	1	1	1	0	EXO 22:13
ବିଦେଶକୁ	5	5	3	5	MAT 21:33
ବିଦେଶଜାତ	1	1	1	1	NUM 9:14
ବିଦେଶରେ	6	6	6	6	EXO 2:22
ବିଦେଶିନୀ	2	2	2	3	GEN 31:15
ବିଦେଶୀ	70	70	21	71	GEN 23:4
ବିଦେଶୀ-ମାନଙ୍କର	1	1	1	0	EZK 7:21
ବିଦେଶୀ-ମାନେ	1	1	1	0	ISA 1:7
ବିଦେଶୀକି	7	7	2	0	DEU 10:18
ବିଦେଶୀଗଣ	1	1	1	1	2CH 30:25
ବିଦେଶୀଠାରୁ	1	1	1	1	DEU 15:3
ବିଦେଶୀମାନଙ୍କ	8	8	4	8	LEV 19:10
ବିଦେଶୀମାନଙ୍କଠାରୁ	2	2	1	3	MAT 17:25
ବିଦେଶୀମାନଙ୍କର	2	2	2	3	ISA 25:5
ବିଦେଶୀମାନଙ୍କୁ	3	3	3	3	1CH 22:2
ବିଦେଶୀମାନେ	9	9	7	9	DEU 29:22
ବିଦେଶୀର	10	10	6	10	EXO 23:9
ବିଦେଶୀୟ	42	42	18	46	GEN 17:12
ବିଦେଶୀୟମାନଙ୍କ	7	7	6	7	GEN 17:27
ବିଦେଶୀୟମାନଙ୍କର	2	2	2	2	JER 5:19
ବିଦେଶୀୟମାନଙ୍କୁ	2	2	2	2	JER 2:25
ବିଦେଶୀୟମାନେ	10	10	7	11	2SA 22:45
ବିଦେଶୀୟା	4	4	2	4	1KI 11:1
ବିଦ୍କରକୁ	1	1	1	1	2KI 9:25
ବିଦ୍ଧ	19	19	12	19	EXO 19:13
ବିଦ୍ରୂପ	7	7	5	5	2CH 30:10
ବିଦ୍ରୂପପାତ୍ର	1	1	1	0	PSA 44:13
ବିଦ୍ରୂପର	3	3	3	1	JER 20:8
ବିଦ୍ରୋହ	7	7	7	17	JOS 22:22
ବିଦ୍ରୋହଭାବ	2	2	1	1	JOB 23:1
ବିଦ୍ରୋହର	4	4	3	5	DEU 13:5
ବିଦ୍ରୋହା-ଚରଣ	2	2	2	0	PSA 78:17
ବିଦ୍ରୋହାଚରଣ	14	14	7	23	DEU 1:26
ବିଦ୍ରୋହାଚାରିଣୀ	1	1	1	1	JER 4:17
ବିଦ୍ରୋହାଚାରୀ	6	6	3	6	DEU 9:7
ବିଦ୍ରୋହିଣୀ	1	1	1	1	ZEP 3:1
ବିଦ୍ରୋହିତା	1	1	1	1	DEU 31:27
ବିଦ୍ରୋହୀ	48	48	16	50	GEN 14:4
ବିଦ୍ରୋହୀ-ବଂଶ	9	9	1	7	EZK 2:5
ବିଦ୍ରୋହୀ-ବଂଶକୁ	1	1	1	1	EZK 17:12
ବିଦ୍ରୋହୀଗଣ	1	1	1	1	NUM 20:10
ବିଦ୍ରୋହୀମାନଙ୍କ	1	1	1	1	PSA 68:18
ବିଦ୍ରୋହୀମାନଙ୍କୁ	3	3	2	3	EZK 20:38
ବିଦ୍ରୋହୀମାନେ	2	2	1	2	PSA 66:7
ବିଦ୍ୟମାନ	15	15	6	17	2SA 7:29
ବିଦ୍ୟା	20	20	10	20	EXO 31:5
ବିଦ୍ୟାକୁ	2	2	1	2	PRO 1:22
ବିଦ୍ୟାପ୍ରାପ୍ତ	1	1	1	1	PRO 8:9
ବିଦ୍ୟାର	1	1	1	1	ECC 7:12
ବିଦ୍ୟାରେ	7	7	6	7	GEN 14:14
ବିଦ୍ୟାଳୟରେ	1	1	1	1	ACT 19:9
ବିଦ୍ୟାହୀନ	1	1	1	1	PRO 19:2
ବିଦ୍ୟୁତ	2	2	1	3	JOB 28:26
ବିଦ୍ୟୁତକୁ	2	2	1	0	JOB 37:3
ବିଦ୍ୟୁତମାଳା	1	1	1	0	JOB 38:35
ବିଦ୍ୟୁତର	2	2	2	1	JOB 37:11
ବିଦ୍ୟୁତରେ	1	1	1	0	JOB 36:32
ବିଦ୍ୟୁତ୍	7	7	3	3	JER 51:16
ବିଦ୍ୟୁତ୍ର	1	1	1	1	EZK 1:14
ବିଦ୍ୱାନ୍	9	9	2	9	PRO 24:5
ବିଦ୍ୱାନ୍ଗଣକୁ	1	1	1	1	DAN 2:24
ବିଦ୍ୱାନ୍ବର୍ଗଙ୍କୁ	1	1	1	1	EST 1:13
ବିଦ୍ୱାନ୍ମାନଙ୍କ	1	1	1	1	DAN 2:17
ବିଦ୍ୱାନ୍ମାନଙ୍କୁ	3	3	1	3	DAN 2:14
ବିଧବା	39	39	18	46	GEN 38:11
ବିଧବା-ବସ୍ତ୍ର	1	1	1	1	GEN 38:14
ବିଧବାକୁ	5	5	4	5	DEU 26:12
ବିଧବାଗଣ	2	2	2	2	PSA 78:64
ବିଧବାଟା	1	1	1	1	LUK 18:5
ବିଧବାବସ୍ଥାର	1	1	1	1	ISA 54:4
ବିଧବାମାନଙ୍କ	1	1	1	2	ISA 1:17
ବିଧବାମାନଙ୍କର	5	5	5	4	PSA 68:5
ବିଧବାମାନଙ୍କୁ	8	8	6	8	JOB 22:9
ବିଧବାମାନେ	6	6	4	6	JOB 27:15
ବିଧବାର	16	16	6	20	DEU 10:18
ବିଧର୍ମଦଳ	1	1	1	1	ACT 24:14
ବିଧର୍ମାଚାରୀ	1	1	1	1	HEB 12:16
ବିଧା	2	2	2	2	MAT 26:67
ବିଧାନ	13	13	7	14	2CH 33:8
ବିଧାନମତେ	1	1	1	1	2CH 23:18
ବିଧାନର	3	3	3	2	ROM 13:2
ବିଧାନରୁ	1	1	1	1	PSA 119:110
ବିଧାନସକଳର	1	1	1	1	PSA 119:40
ବିଧାନସବୁ	17	17	3	17	JOB 38:33
ବିଧାନାଦି	1	1	1	1	JER 31:35
ବିଧାନାନୁସାରେ	7	7	4	5	2CH 4:7
ବିଧି	163	163	32	193	GEN 26:5
ବିଧି-ସଙ୍ଗତ	1	1	1	0	MRK 6:18
ବିଧିକ୍ରମେ	1	1	1	1	JER 5:22
ବିଧିଗୁଡ଼ିକୁ	2	2	2	1	MAT 15:9
ବିଧିବିଧାନ	3	3	3	3	ACT 21:21
ବିଧିବିଧାନମାତ୍ର	1	1	1	1	HEB 9:10
ବିଧିବିଧାନଯୁକ୍ତ	1	1	1	1	EPH 2:15
ବିଧିବିଧାନର	1	1	1	1	COL 2:21
ବିଧିବିଧାନରେ	1	1	1	1	COL 2:14
ବିଧିମତେ	21	21	7	19	EXO 12:14
ବିଧିର	1	1	1	2	EZR 7:11
ବିଧିରୁ	1	1	1	1	PSA 119:118
ବିଧିରୂପ	10	10	3	10	1KI 8:61
ବିଧିରେ	4	4	3	5	LEV 6:22
ବିଧିସକଳ	11	11	5	11	2SA 22:23
ବିଧିସକଳର	1	1	1	1	EZK 5:6
ବିଧିସଙ୍ଗତ	20	20	5	15	MAT 12:2
ବିଧିସବୁ	23	23	7	23	DEU 30:9
ବିଧିସବୁରେ	2	2	1	2	PSA 119:16
ବିଧେୟ	1	1	1	1	2CO 12:4
ବିନ-ଅମ୍ମି	1	1	1	1	GEN 19:38
ବିନତ	1	1	1	1	PRO 29:23
ବିନତି	76	76	29	78	GEN 42:21
ବିନତି-ନିବେଦନ	1	1	1	1	1KI 8:54
ବିନତି-ରବରେ	1	1	1	1	PSA 130:2
ବିନତିଜନକ	1	1	1	1	ZEC 12:10
ବିନତିପୂର୍ବକ	1	1	1	1	ACT 25:3
ବିନତିର	1	1	1	1	DAN 9:23
ବିନତିରୁ	1	1	1	1	PSA 55:1
ବିନତିରେ	5	5	3	5	1KI 8:28
ବିନଷ୍ଟ	191	191	43	195	GEN 6:13
ବିନହଦଦ୍ଠାରୁ	1	1	1	0	2KI 13:25
ବିନା	125	125	33	132	GEN 29:15
ବିନାମୂଲ୍ୟର	3	3	3	3	2SA 24:24
ବିନାମୂଲ୍ୟରେ	14	14	10	11	EXO 21:2
ବିନାରକ୍ତରେ	1	1	1	0	HEB 9:18
ବିନାଲକ୍ଷ୍ୟରେ	1	1	1	1	1CO 9:26
ବିନାଶ	271	271	47	302	GEN 9:11
ବିନାଶ-କରଣାର୍ଥେ	1	1	1	0	ISA 54:16
ବିନାଶ-ଜନକ	1	1	1	0	2PE 2:1
ବିନାଶ-ପର୍ବତର	1	1	1	0	2KI 23:13
ବିନାଶ-ପାତ୍ରମାନଙ୍କ	1	1	1	1	2TH 2:9
ବିନାଶ-ସ୍ଥାନ	2	2	1	0	PRO 15:11
ବିନାଶକ	18	18	7	18	1SA 13:17
ବିନାଶକକୁ	1	1	1	1	ISA 54:16
ବିନାଶକଗଣ	1	1	1	1	JER 51:48
ବିନାଶକଗଣକୁ	1	1	1	1	JER 22:7
ବିନାଶକମାନେ	2	2	2	2	1SA 14:15
ବିନାଶକର	2	2	2	2	PRO 18:9
ବିନାଶକରଣରୁ	1	1	1	1	LAM 2:8
ବିନାଶକାରୀ	1	1	1	2	DAN 12:11
ବିନାଶକାରୀମାନଙ୍କୁ	1	1	1	1	REV 11:18
ବିନାଶକାରୀର	1	1	1	1	ISA 16:4
ବିନାଶକୁ	1	1	1	2	PRO 3:25
ବିନାଶକୂପରୁ	1	1	1	1	ISA 38:17
ବିନାଶଜନକ	4	4	3	5	PRO 10:29
ବିନାଶପ୍ରାପ୍ତମାନଙ୍କ	1	1	1	1	2CO 4:3
ବିନାଶର	10	10	9	12	2CH 28:23
ବିନାଶରୁ	2	2	1	2	PSA 103:4
ବିନାଶରୂପ	1	1	1	1	1TI 6:9
ବିନାଶରେ	7	7	6	7	NUM 24:20
ବିନାଶାର୍ଥକ	1	1	1	1	EZK 5:16
ବିନାଶାର୍ଥେ	9	9	8	9	GEN 9:15
ବିନାଶ୍ୟ	3	3	1	3	PSA 49:12
ବିନୀୟାକୁ	2	2	1	2	1CH 8:37
ବିନୀୟାର	1	1	1	1	1CH 9:43
ବିନୁ	15	15	12	15	GEN 26:29
ବିନେରିଗୋଷ୍	1	1	1	1	MRK 3:17
ବିନୋ	2	2	1	2	1CH 24:26
ବିନୋନୀ	1	1	1	1	GEN 35:18
ବିନ୍-ଅବୀନାଦବ୍	1	1	1	1	1KI 4:11
ବିନ୍-ଗେବର	1	1	1	1	1KI 4:13
ବିନ୍-ଦେକର	1	1	1	1	1KI 4:9
ବିନ୍-ସୋହେତ୍	1	1	1	1	1CH 4:20
ବିନ୍-ହୂର	1	1	1	1	1KI 4:8
ବିନ୍-ହେଷଦ୍	1	1	1	1	1KI 4:10
ବିନ୍ଦୁ	2	2	2	2	MAT 5:18
ବିନ୍ଦୁଚିତ୍ରିତ	2	2	1	2	ZEC 6:3
ବିନ୍ଦୁଚିହ୍ନିତ	8	8	1	8	GEN 30:32
ବିନ୍ଦୁପାତ	4	4	3	3	JDG 5:4
ବିନ୍ଧଣୀ	1	1	1	1	DEU 15:17
ବିନ୍ଧଣୀରେ	1	1	1	1	EXO 21:6
ବିନ୍ଧି	4	4	4	4	GEN 49:23
ବିନ୍ଧିଥିଲେ	1	1	1	1	REV 1:7
ବିନ୍ଧିପାର	1	1	1	1	JOB 41:7
ବିନ୍ଧିବ	2	2	2	2	EXO 21:6
ବିନ୍ଧିବା	1	1	1	1	PSA 11:2
ବିନ୍ଧିବେ	1	1	1	1	EZK 16:40
ବିନ୍ଧିଲା	2	2	2	2	2SA 18:14
ବିନ୍ଧିଲେ	3	3	1	3	EXO 21:28
ବିନ୍ଧୁଥାଏ	1	1	1	1	EXO 21:29
ବିନ୍ଧୁଥିବାର	1	1	1	1	EXO 21:36
ବିନ୍ଧେ	1	1	1	1	EXO 21:32
ବିନ୍ନୁୟି	5	5	2	5	EZR 10:30
ବିନ୍ନୁୟିର	2	2	2	2	EZR 8:33
ବିନ୍ହଦଦ	1	1	1	0	1KI 15:18
ବିନ୍ହଦଦର	1	1	1	0	JER 49:27
ବିନ୍ହଦଦ୍	22	22	3	24	1KI 15:20
ବିନ୍ହଦଦ୍ର	2	2	2	3	1KI 20:9
ବିନ୍ହାନନ୍	1	1	1	1	1CH 4:20
ବିନ୍ହୟିଲ	1	1	1	1	2CH 17:7
ବିନ୍ୟାମିନ	9	9	3	0	GEN 35:18
ବିନ୍ୟାମିନ-ସନ୍ତାନଗଣର	2	2	1	0	NUM 1:36
ବିନ୍ୟାମିନକୁ	7	7	1	0	GEN 42:4
ବିନ୍ୟାମିନର	5	5	1	0	GEN 43:34
ବିନ୍ୟାମିନ୍	1	1	1	0	NUM 1:11
ବିନ୍ୟାମୀନ	58	58	15	3	NUM 34:21
ବିନ୍ୟାମୀନ-ଗୋଷ୍ଠୀର	1	1	1	0	1KI 12:21
ବିନ୍ୟାମୀନ-ସନ୍ତାନଗଣ	16	16	5	0	JDG 1:21
ବିନ୍ୟାମୀନ-ସନ୍ତାନଗଣକୁ	1	1	1	0	JDG 21:20
ବିନ୍ୟାମୀନ-ସନ୍ତାନଗଣର	7	7	4	0	NUM 10:24
ବିନ୍ୟାମୀନ-ସନ୍ତାନମାନଙ୍କ	1	1	1	0	JOS 18:11
ବିନ୍ୟାମୀନ-ସନ୍ତାନମାନେ	2	2	1	0	JDG 1:21
ବିନ୍ୟାମୀନକୁ	3	3	1	0	JDG 20:35
ବିନ୍ୟାମୀନଙ୍କ	1	1	1	1	ROM 11:1
ବିନ୍ୟାମୀନର	33	33	11	0	NUM 26:38
ବିନ୍ୟାମୀନରେ	1	1	1	0	1KI 4:18
ବିନ୍ୟାମୀନୀୟ	16	16	6	15	JDG 19:16
ବିନ୍ୟାମୀନୀୟମାନଙ୍କ	1	1	1	1	JDG 21:15
ବିନ୍ୟାମୀନ୍	13	13	8	90	DEU 33:12
ବିନ୍ୟାମୀନ୍-ବଂଶ	1	1	1	1	1CH 27:21
ବିନ୍ୟାମୀନ୍-ବଂଶଜାତ	1	1	1	1	1CH 27:12
ବିନ୍ୟାମୀନ୍-ଲୋକମାନଙ୍କୁ	1	1	1	1	1CH 21:6
ବିନ୍ୟାମୀନ୍-ସନ୍ତାନଗଣର	2	2	2	7	NUM 2:22
ବିନ୍ୟାସ	1	1	1	0	ECC 12:9
ବିନୟ	167	167	24	164	GEN 12:13
ବିପକ୍ଷ	59	59	24	61	EXO 32:29
ବିପକ୍ଷଗଣ	13	13	5	13	DEU 33:7
ବିପକ୍ଷଗଣକୁ	10	10	3	10	PSA 44:5
ବିପକ୍ଷଗଣଠାରୁ	4	4	2	4	DEU 32:41
ବିପକ୍ଷଗଣର	9	9	5	9	NUM 10:9
ବିପକ୍ଷଙ୍କ	2	2	1	2	PSA 6:7
ବିପକ୍ଷଠାରୁ	1	1	1	1	PSA 78:42
ବିପକ୍ଷତା	2	2	2	2	NUM 14:34
ବିପକ୍ଷବାଦୀମାନଙ୍କୁ	1	1	1	1	TIT 1:9
ବିପକ୍ଷମାନଙ୍କ	6	6	5	6	JOS 5:13
ବିପକ୍ଷମାନଙ୍କୁ	3	3	3	3	ISA 59:18
ବିପକ୍ଷମାନେ	10	10	8	10	DEU 32:26
ବିପକ୍ଷର	4	4	2	4	PSA 107:2
ବିପକ୍ଷରେ	26	26	18	23	NUM 22:34
ବିପକ୍ଷସମସ୍ତେ	1	1	1	0	LUK 13:17
ବିପକ୍ଷାଚରଣ	1	1	1	1	DAN 11:7
ବିପତ୍ତି	8	8	4	10	GEN 42:4
ବିପଥ	2	2	2	2	GEN 6:3
ବିପଥ-ଗମନ	2	2	2	2	PRO 1:32
ବିପଥ-ଗାମିନୀ	1	1	1	0	JER 3:11
ବିପଥକୁ	1	1	1	1	PSA 140:4
ବିପଥଗମନ	4	4	3	5	JER 5:6
ବିପଥଗମନର	1	1	1	1	HOS 14:4
ବିପଥଗମନରୂପ	1	1	1	1	JER 3:22
ବିପଥଗମନରେ	1	1	1	1	JER 8:5
ବିପଥଗାମିନୀ	10	10	3	7	NUM 5:12
ବିପଥଗାମୀ	41	41	19	40	NUM 22:32
ବିପଥଗାମୀତ୍ୱ	1	1	1	0	JER 2:19
ବିପଥଗାମୀମାନଙ୍କ	1	1	1	1	PSA 101:3
ବିପଥରେ	14	14	7	14	2CH 21:11
ବିପଦ	53	53	12	60	GEN 19:19
ବିପଦ-ଘଟନା	1	1	1	0	1KI 5:4
ବିପଦକୁ	1	1	1	1	JOB 30:13
ବିପଦଗ୍ରସ୍ତ	6	6	5	7	1SA 13:6
ବିପଦଗ୍ରସ୍ତା	1	1	1	1	LAM 1:20
ବିପଦର	10	10	9	11	EXO 8:15
ବିପଦରୁ	2	2	2	2	PSA 54:7
ବିପଦରୂପ	1	1	1	1	PRO 22:8
ବିପଦରେ	13	13	4	17	PSA 35:26
ବିପଦ୍ଗ୍ରସ୍ତ	1	1	1	0	1SA 28:15
ବିପରୀତ	21	21	15	22	DEU 32:26
ବିପରୀତରେ	5	5	4	4	NUM 14:35
ବିପୁଳ	1	1	1	0	1TI 3:13
ବିପ୍ଳବ	5	5	3	1	MRK 15:7
ବିପ୍ଳବରେ	1	1	1	1	2CO 6:5
ବିପ୍ଳବୀମାନେ	1	1	1	1	MRK 15:7
ବିଫଳ	20	20	14	21	JOS 21:45
ବିବରଣ	17	17	10	39	GEN 2:4
ବିବରଣରେ	1	1	1	1	ROM 11:2
ବିବର୍ଜିତ	1	1	1	1	ISA 27:10
ବିବର୍ଣ୍ଣ	9	9	4	9	NEH 2:2
ବିବର୍ଣ୍ଣତା	3	3	2	3	JER 7:19
ବିବର୍ଣ୍ଣତାର	1	1	1	1	DAN 9:7
ବିବର୍ଣ୍ଣା	1	1	1	1	SNG 1:6
ବିବସନା	4	4	1	4	EZK 16:7
ବିବସ୍ତ୍ର	9	9	6	8	GEN 9:21
ବିବସ୍ତ୍ରା	4	4	4	4	ISA 32:11
ବିବାଦ	98	98	30	103	GEN 13:8
ବିବାଦକାରୀ	1	1	1	1	HOS 4:4
ବିବାଦପ୍ରିୟ	2	2	2	2	1TI 3:3
ବିବାଦବାକ୍ୟ	1	1	1	0	MIC 6:2
ବିବାଦଯୁକ୍ତ	1	1	1	1	PRO 17:1
ବିବାଦର	8	8	7	8	EXO 24:14
ବିବାଦରୁ	3	3	3	3	2SA 22:44
ବିବାଦରେ	3	3	2	3	NUM 27:14
ବିବାଦସକଳର	1	1	1	1	LAM 3:58
ବିବାଦହେଲେ	1	1	1	0	EXO 18:16
ବିବାଦୀ	3	3	2	4	MAT 5:25
ବିବାଦୀର	1	1	1	0	LUK 18:3
ବିବାହ	166	166	29	191	GEN 4:19
ବିବାହ-ଉତ୍ସବ	1	1	1	1	MAT 22:2
ବିବାହ-ଉତ୍ସବକୁ	2	2	1	1	MAT 22:4
ବିବାହ-ଉତ୍ସବରୁ	1	1	1	1	LUK 12:36
ବିବାହ-ଉତ୍ସବରେ	1	1	1	1	MAT 25:10
ବିବାହ-ଗୀତ	1	1	1	2	PSA 78:63
ବିବାହ-ସମ୍ବନ୍ଧ	2	2	2	2	DEU 7:3
ବିବାହକୁ	1	1	1	3	JHN 2:2
ବିବାହନିର୍ବନ୍ଧ	1	1	1	0	MAT 1:18
ବିବାହଭୋଜକୁ	2	2	2	1	LUK 14:8
ବିବାହର	1	1	1	2	REV 19:7
ବିବାହାର୍ଥେ	1	1	1	1	GEN 24:3
ବିବାହିତ	2	2	2	4	EXO 21:3
ବିବାହିତମାନଙ୍କୁ	1	1	1	1	1CO 7:10
ବିବାହିତା	11	11	8	11	LEV 22:12
ବିବାହୋଚିତ	1	1	1	0	EXO 21:10
ବିବିଧ	11	11	6	12	PSA 89:1
ବିବିଧପ୍ରକାର	1	1	1	1	HEB 9:10
ବିବେକ	20	20	7	20	ACT 24:16
ବିବେକକୁ	2	2	2	2	1CO 8:12
ବିବେକଗତ	1	1	1	1	HEB 9:9
ବିବେକରୁ	1	1	1	1	HEB 10:22
ବିବେକରେ	3	3	3	3	1TI 3:8
ବିବେକୀ	1	1	1	1	ISA 29:14
ବିବେଚକ	2	2	1	2	PSA 14:2
ବିବେଚନା	85	85	27	83	GEN 48:14
ବିବେଚନା-ପୂର୍ବକ	1	1	1	0	JER 20:11
ବିବେଚନାପୂର୍ବକ	3	3	2	4	PSA 101:2
ବିବେଚନାବିଶିଷ୍ଟ	1	1	1	1	2CH 2:12
ବିବେଚନାର	2	2	1	2	ISA 11:2
ବିବେଚନାରେ	1	1	1	1	DAN 2:14
ବିବେଚନାଶକ୍ତିଶୂନ୍ୟ	1	1	1	0	ISA 56:11
ବିଭକ୍ତ	48	48	20	48	GEN 10:5
ବିଭକ୍ତ-ଖୁରା	1	1	1	1	DEU 14:6
ବିଭାଗ	42	42	16	43	GEN 10:25
ବିଭାଗକର୍ତ୍ତା	1	1	1	0	LUK 12:14
ବିଭାଗକାରୀ	1	1	1	1	1SA 23:28
ବିଭାଗଠାରୁ	1	1	1	1	ZEP 1:10
ବିଭାଗରେ	2	2	2	2	2KI 22:14
ବିଭାଗାନୁସାରେ	6	6	3	6	JOS 11:23
ବିଭିନ୍ନ	36	36	16	34	GEN 25:23
ବିଭୂଷିତ	5	5	5	5	JOB 40:10
ବିଭୂଷିତା	4	4	2	4	JER 31:4
ବିଭେଦ	1	1	1	2	1CO 12:25
ବିମାତୃକନ୍ୟାର	1	1	1	0	LEV 18:11
ବିମୁଖ	88	88	29	90	EXO 23:27
ବିମୁଖକାରୀ	1	1	1	1	HEB 3:12
ବିମ୍ହଲ୍	1	1	1	1	1CH 7:33
ବିରକ୍ତ	91	91	29	91	GEN 18:30
ବିରକ୍ତି	12	12	9	13	DEU 32:19
ବିରକ୍ତିକି	1	1	1	1	DEU 32:26
ବିରକ୍ତିଜନକ	5	5	3	5	1KI 15:30
ବିରକ୍ତିର	1	1	1	1	1SA 1:16
ବିରକ୍ତିରେ	2	2	1	1	PSA 6:1
ବିରା	1	1	1	1	GEN 14:2
ବିରାଜିତ	3	3	3	3	2KI 20:19
ବିରାମ	1	1	1	1	JAS 3:8
ବିରି	1	1	1	1	2SA 17:28
ବିରୁଡ଼ି	2	2	2	2	DEU 7:20
ବିରୁଡ଼ିମାନଙ୍କୁ	1	1	1	1	EXO 23:28
ବିରୁଦ୍ଧ	4	4	4	7	NUM 20:24
ବିରୁଦ୍ଧଭାବ	1	1	1	1	ECC 10:4
ବିରୁଦ୍ଧରେ	965	965	56	1058	GEN 16:12
ବିରୁଦ୍ଧରେତୁମ୍ଭମାନଙ୍କର	1	1	1	0	EXO 16:8
ବିରୁଦ୍ଧାଚରଣ	7	7	5	14	NUM 27:14
ବିରୁଦ୍ଧାଚାରୀ	2	2	1	2	ISA 1:20
ବିରୋଧ	33	33	15	40	GEN 13:7
ବିରୋଧକାରୀ	1	1	1	1	PSA 55:18
ବିରୋଧକାରୀମାନଙ୍କର	1	1	1	1	JER 18:19
ବିରୋଧକାରୀର	1	1	1	1	ISA 49:25
ବିରୋଧର	3	3	3	4	DEU 21:5
ବିରୋଧରୁ	1	1	1	1	PSA 31:20
ବିରୋଧୀ	4	4	3	3	DEU 21:18
ବିରୋଧୀମାନଙ୍କୁ	1	1	1	0	2TI 2:25
ବିର୍ଶା	1	1	1	1	GEN 14:2
ବିର୍ଷୋତର	1	1	1	1	1CH 7:31
ବିଲ	1	1	1	1	NUM 22:23
ବିଲ-ପଶୁମାନଙ୍କୁ	1	1	1	1	1SA 17:44
ବିଲକ୍ଷଣ	3	3	2	3	DAN 8:5
ବିଲଗା	1	1	1	0	NEH 12:5
ବିଲର	5	5	3	5	GEN 2:19
ବିଲରେ	1	1	1	0	EXO 16:25
ବିଲଶନ୍	1	1	1	0	NEH 7:7
ବିଲହନ୍	1	1	1	0	GEN 36:27
ବିଲହା	2	2	1	0	GEN 29:29
ବିଲାର	2	2	1	2	GEN 14:2
ବିଲାରେ	1	1	1	0	1CH 4:29
ବିଲିୟମକୁ	1	1	1	0	NUM 23:4
ବିଲିୟାର୍	1	1	1	1	2CO 6:15
ବିଲୀ	1	1	1	0	NUM 24:1
ବିଲୀୟମ	30	30	2	0	NUM 22:7
ବିଲୀୟମକୁ	15	15	4	0	NUM 22:5
ବିଲୀୟମର	12	12	4	0	NUM 22:25
ବିଲୀୟମ୍	2	2	2	32	1CH 6:70
ବିଲୀୟମ୍କୁ	1	1	1	18	JOS 13:22
ବିଲୀୟାମ	1	1	1	2	REV 2:14
ବିଲୁଆ	2	2	2	3	JDG 15:4
ବିଲ୍ଗା	1	1	1	2	1CH 24:14
ବିଲ୍ଗା-ବଂଶର	1	1	1	1	NEH 12:18
ବିଲ୍ଗୟ	1	1	1	1	NEH 10:8
ବିଲ୍ଦଦ୍	5	5	1	10	JOB 2:11
ବିଲ୍ଶନ୍	1	1	1	2	EZR 2:2
ବିଲ୍ହନର	1	1	1	1	1CH 7:10
ବିଲ୍ହନ୍	2	2	1	3	1CH 1:42
ବିଲ୍ହା	5	5	1	7	GEN 30:3
ବିଲ୍ହାକୁ	1	1	1	1	GEN 30:4
ବିଲ୍ହାର	2	2	2	2	GEN 35:25
ବିଳମ୍ବ	54	54	25	55	GEN 8:10
ବିଳମ୍ବଦେଖି	1	1	1	0	EXO 32:1
ବିଳମ୍ବର	1	1	1	1	EZK 12:27
ବିଳମ୍ବରେ	1	1	1	4	PSA 127:2
ବିଳାପ	99	99	32	116	GEN 50:10
ବିଳାପ-ଗୀତ	1	1	1	0	EZK 32:16
ବିଳାପ-ଗୃହରେ	1	1	1	0	ECC 7:4
ବିଳାପ-ସଂହିତାରେ	1	1	1	1	2CH 35:25
ବିଳାପକାରିଣୀ	1	1	1	1	JER 9:17
ବିଳାପକାରୀଗଣର	1	1	1	1	HOS 9:4
ବିଳାପକୁ	1	1	1	1	PSA 30:12
ବିଳାପଜନକ	1	1	1	1	EZK 19:14
ବିଳାପର	2	2	2	4	EZK 19:14
ବିଳାପରେ	2	2	2	2	2CH 35:25
ବିଳାସ	1	1	1	1	2PE 2:13
ବିଳାସପ୍ରିୟ	1	1	1	1	2TI 3:4
ବିଳାସିତା	1	1	1	1	EPH 4:22
ବିଳାସିତାରେ	4	4	2	4	JAS 5:5
ବିଶା	1	1	1	1	PRO 16:11
ବିଶିଷ୍ଟ	6	6	5	21	GEN 6:17
ବିଶୁଦ୍ଧ	7	7	7	7	DAN 7:9
ବିଶୁଦ୍ଧା	1	1	1	1	SNG 6:10
ବିଶୃଙ୍ଖଳତାର	1	1	1	1	1CO 14:33
ବିଶେଷ	34	34	20	40	GEN 49:28
ବିଶେଷଜ୍ଞ	1	1	1	1	COL 4:12
ବିଶେଷତଃ	17	17	15	16	GEN 18:12
ବିଶେଷରେ	11	11	11	10	EXO 18:1
ବିଶ୍ରାବାରରେ	1	1	1	0	LUK 6:9
ବିଶ୍ରାମ	159	159	36	171	GEN 2:2
ବିଶ୍ରାମ-ଦିନ	1	1	1	0	AMO 8:5
ବିଶ୍ରାମ-ସ୍ଥାନ	5	5	4	4	1CH 6:31
ବିଶ୍ରାମ-ସ୍ଥାନକୁ	2	2	1	2	PSA 116:7
ବିଶ୍ରାମଦିନ	12	12	5	14	EXO 31:13
ବିଶ୍ରାମଦିନକୁ	1	1	1	0	JER 17:24
ବିଶ୍ରାମଦିନରେ	6	6	4	6	EXO 31:15
ବିଶ୍ରାମପ୍ରାପ୍ତ	2	2	2	2	1CH 22:9
ବିଶ୍ରାମବାର	29	29	16	75	EXO 16:25
ବିଶ୍ରାମବାରକୁ	2	2	2	2	ISA 58:13
ବିଶ୍ରାମବାରଠାରୁ	1	1	1	1	ISA 66:23
ବିଶ୍ରାମବାରମାନଙ୍କରେ	1	1	1	1	LUK 4:31
ବିଶ୍ରାମବାରର	10	10	7	14	LEV 23:11
ବିଶ୍ରାମବାରରେ	54	54	12	16	NUM 15:32
ବିଶ୍ରାମବାରସକଳରେ	1	1	1	0	EZK 45:17
ବିଶ୍ରାମର	1	1	1	3	1CH 28:2
ବିଶ୍ରାମରେ	11	11	4	12	JOB 3:13
ବିଶ୍ରାମସ୍ଥାନ	3	3	3	4	JOB 16:18
ବିଶ୍ରାମସ୍ଥାନକୁ	1	1	1	0	2CH 6:41
ବିଶ୍ଳମ୍	1	1	1	1	EZR 4:7
ବିଶ୍ୱ	2	2	1	2	HEB 1:2
ବିଶ୍ୱସନୀୟ	4	4	3	2	DEU 7:9
ବିଶ୍ୱସ୍ତ	69	69	27	91	DEU 32:4
ବିଶ୍ୱସ୍ତତା	21	21	8	24	GEN 32:10
ବିଶ୍ୱସ୍ତତାକୁ	1	1	1	6	ROM 3:3
ବିଶ୍ୱସ୍ତତାର	5	5	2	6	2CH 31:20
ବିଶ୍ୱସ୍ତତାରୂପ	1	1	1	1	PSA 119:30
ବିଶ୍ୱସ୍ତତାରେ	4	4	3	4	PSA 33:4
ବିଶ୍ୱସ୍ତନ୍ତ	1	1	1	0	HEB 10:23
ବିଶ୍ୱସ୍ତମାନଙ୍କ	1	1	1	1	JOB 12:20
ବିଶ୍ୱସ୍ତା	1	1	1	0	1TI 3:11
ବିଶ୍ୱାସ	506	506	46	588	GEN 15:6
ବିଶ୍ୱାସ-ଘାତକତା	4	4	2	0	ISA 24:16
ବିଶ୍ୱାସ-ଭୂମି	4	4	4	3	1SA 15:29
ବିଶ୍ୱାସ-ଯୋଗ୍ୟ	1	1	1	0	TIT 1:9
ବିଶ୍ୱାସ-ସ୍ଥଳରୂପ	1	1	1	1	JOB 18:14
ବିଶ୍ୱାସକାରୀ	2	2	1	2	ACT 4:32
ବିଶ୍ୱାସକାରୀମାନେ	2	2	2	2	JHN 7:39
ବିଶ୍ୱାସଘାତକ	9	9	7	10	1SA 14:33
ବିଶ୍ୱାସଘାତକତା	21	21	9	26	GEN 21:23
ବିଶ୍ୱାସଘାତକତାପୂର୍ବକ	1	1	1	1	JER 3:20
ବିଶ୍ୱାସଘାତକମାନଙ୍କ	2	2	1	2	PRO 11:3
ବିଶ୍ୱାସଘାତକମାନଙ୍କୁ	1	1	1	1	PSA 119:158
ବିଶ୍ୱାସଘାତକମାନେ	4	4	2	4	PRO 2:22
ବିଶ୍ୱାସଘାତକର	3	3	1	3	PRO 13:2
ବିଶ୍ୱାସଘାତିନୀ	4	4	1	4	JER 3:7
ବିଶ୍ୱାସଜନକ	2	2	2	2	ROM 1:17
ବିଶ୍ୱାସନୀୟ	1	1	1	2	ISA 49:7
ବିଶ୍ୱାସପାତ୍ର	3	3	3	3	NUM 12:7
ବିଶ୍ୱାସପାତ୍ରମାନଙ୍କୁ	1	1	1	1	JER 2:37
ବିଶ୍ୱାସଭୂମି	9	9	5	10	2KI 19:10
ବିଶ୍ୱାସମତ	1	1	1	1	1TI 5:8
ବିଶ୍ୱାସମତକୁ	2	2	2	2	GAL 1:23
ବିଶ୍ୱାସମାର୍ଗ	1	1	1	1	ACT 6:7
ବିଶ୍ୱାସମୂଳକ	5	5	3	5	ROM 1:17
ବିଶ୍ୱାସଯୁକ୍ତ	1	1	1	1	JAS 5:15
ବିଶ୍ୱାସର	18	18	11	26	ACT 14:27
ବିଶ୍ୱାସରୁ	3	3	3	4	ACT 13:8
ବିଶ୍ୱାସରୂପ	3	3	3	3	EPH 6:16
ବିଶ୍ୱାସରେ	28	28	13	41	ISA 30:15
ବିଶ୍ୱାସଲଙ୍ଘନ	1	1	1	1	HOS 4:2
ବିଶ୍ୱାସାନୁଯାୟୀ	1	1	1	1	HEB 11:7
ବିଶ୍ୱାସାବଲମ୍ବୀ	1	1	1	1	ROM 4:16
ବିଶ୍ୱାସିନୀ	3	3	3	3	ACT 16:1
ବିଶ୍ୱାସୀ	22	22	11	19	MRK 9:23
ବିଶ୍ୱାସୀକୁ	1	1	1	2	ROM 3:26
ବିଶ୍ୱାସୀଙ୍କ	3	3	2	3	ROM 3:22
ବିଶ୍ୱାସୀମାନଙ୍କ	6	6	4	15	ACT 19:18
ବିଶ୍ୱାସୀମାନଙ୍କର	3	3	2	7	MRK 16:17
ବିଶ୍ୱାସୀମାନଙ୍କୁ	2	2	2	22	ACT 22:19
ବିଶ୍ୱାସୀମାନେ	3	3	3	16	MAT 6:30
ବିଶ୍ୱାସୀର	1	1	1	2	2CO 6:15
ବିଶ୍ୱାସ୍ୟ	13	13	8	5	GEN 42:11
ବିଷ	11	11	7	12	DEU 29:18
ବିଷ-ବୃକ୍ଷର	3	3	1	0	JER 8:14
ବିଷଣ୍ଣ	6	6	4	6	GEN 40:6
ବିଷଣ୍ଣତା	1	1	1	0	ECC 7:3
ବିଷଧରର	1	1	1	1	JOB 20:16
ବିଷବୃକ୍ଷ	2	2	2	1	JOB 31:40
ବିଷମୟ	2	2	2	2	DEU 32:32
ବିଷରେ	2	2	2	2	AMO 6:12
ବିଷର୍ଣ୍ଣ	5	5	3	4	1SA 1:18
ବିଷର୍ଣ୍ଣତା	1	1	1	1	LEV 26:36
ବିଷର୍ଣ୍ଣବଦନ	1	1	1	1	MAT 6:16
ବିଷର୍ଣ୍ଣମନା	1	1	1	1	ISA 54:4
ବିଷାକ୍ତ	1	1	1	3	DEU 32:24
ବିଷାଦରେ	1	1	1	1	JAS 4:9
ବିଷିୟୋଥିୟା	1	1	1	1	JOS 15:28
ବିଷୋର	3	3	1	3	1SA 30:9
ବିଷ୍ଠା	4	4	3	4	2KI 18:27
ବିଷୟ	639	639	62	654	GEN 20:16
ବିଷୟ-ମାନ	1	1	1	0	ISA 44:9
ବିଷୟକ	89	89	31	97	EXO 23:27
ବିଷୟକୁ	16	16	10	20	PRO 6:16
ବିଷୟଗୁଡ଼ାକ	1	1	1	1	GAL 4:9
ବିଷୟଗୁଡ଼ାକର	1	1	1	1	GAL 4:3
ବିଷୟଗୁଡ଼ିକ	13	13	8	9	MAT 23:23
ବିଷୟଗୁଡ଼ିକର	2	2	1	2	HEB 8:5
ବିଷୟଗୁଡ଼ିକରେ	1	1	1	1	PHP 3:19
ବିଷୟଟି	1	1	1	0	ACT 11:4
ବିଷୟମାନ	10	10	5	12	PSA 119:18
ବିଷୟମାନଙ୍କ	1	1	1	1	JAS 1:18
ବିଷୟମାନଙ୍କରେ	1	1	1	1	PSA 131:1
ବିଷୟମାନର	2	2	2	2	ECC 7:25
ବିଷୟର	50	50	29	55	GEN 39:6
ବିଷୟରୁ	10	10	8	10	EXO 23:7
ବିଷୟରେ	907	907	66	1023	GEN 3:3
ବିଷୟସକଳ	1	1	1	1	HAG 2:7
ବିଷୟସବୁ	34	34	17	32	PSA 44:21
ବିଷୟସବୁକୁ	3	3	3	1	1CO 1:28
ବିଷୟସବୁର	1	1	1	1	HEB 12:27
ବିଷୟସୁଖରେ	1	1	1	0	LUK 7:25
ବିସ୍ତର	17	17	3	5	1CH 18:8
ବିସ୍ତାର	107	107	26	112	GEN 22:12
ବିସ୍ତାରକାରୀ	1	1	1	1	ISA 51:13
ବିସ୍ତାରନ୍ତି	1	1	1	1	ISA 40:22
ବିସ୍ତାରର	1	1	1	1	HAB 1:6
ବିସ୍ତାରି	1	1	1	1	GEN 22:10
ବିସ୍ତାରିତ	22	22	11	23	NUM 24:6
ବିସ୍ତୀର୍ଣ୍ଣ	23	23	13	23	GEN 49:25
ବିସ୍ତୀର୍ଣ୍ଣତା	1	1	1	1	1KI 4:29
ବିସ୍ତୃତ	11	11	7	12	JOS 15:9
ବିସ୍ତୃତ-ମୂଳ	1	1	1	0	JER 17:8
ବିସ୍ତୃତପକ୍ଷ	1	1	1	1	1CH 28:18
ବିସ୍ତୃତି	3	3	2	3	JOB 37:10
ବିସ୍ଥା	1	1	1	1	EST 1:10
ବିସ୍ପୋଟକ	1	1	1	0	REV 16:2
ବିସ୍ଫୋଟକ	1	1	1	0	REV 16:11
ବିସ୍ଫୋଟକରେ	1	1	1	0	JOB 2:7
ବିସ୍ମରଣକାରୀ	1	1	1	1	JAS 1:25
ବିସ୍ମିତ	15	15	5	15	EZR 9:3
ବିସ୍ମୃତ	22	22	9	19	GEN 41:30
ବିସ୍ମୃତି	3	3	2	3	GEN 41:51
ବିସ୍ମୟ	4	4	2	5	JER 25:9
ବିସ୍ମୟଜନକ	1	1	1	1	JER 44:22
ବିସ୍ମୟତା	1	1	1	1	JER 8:21
ବିସ୍ମୟର	12	12	2	8	JER 18:16
ବିସ୍ମୟରେ	1	1	1	0	MRK 16:8
ବିସ୍ମୟସ୍ଥାନ	1	1	1	0	JER 25:38
ବିସ୍ମୟାନ୍ୱିତ	10	10	2	5	MRK 1:27
ବିସ୍ମୟାପନ୍ନ	7	7	4	7	JER 4:9
ବିସ୍ମୟାସ୍ପଦ	2	2	2	2	JER 51:37
ବିସ୍ୱାଦୁ	1	1	1	1	JOB 30:4
ବିହନ	21	21	9	22	GEN 47:19
ବିହନକୁ	1	1	1	0	MAL 2:3
ବିହନର	1	1	1	2	1SA 8:15
ବିହନସବୁ	1	1	1	1	JOL 1:17
ବିହାର	1	1	1	0	NAM 2:11
ବିହିତ	9	9	6	4	DAN 4:2
ବିହିତମତେ	2	2	2	0	1CO 14:40
ବିହୁନେ	1	1	1	1	EZK 17:9
ବିହ୍ୱଳ	7	7	6	5	JDG 20:41
ବିହ୍ୱଳତା	1	1	1	0	LEV 26:16
ବିହ୍ୱଳତାରେ	1	1	1	0	PSA 78:33
ବିୟୋନ	1	1	1	1	NUM 32:3
ବିୟୋରର	9	9	5	11	GEN 36:32
ବୀଜ	35	35	18	38	EXO 23:10
ବୀଜକୁ	1	1	1	1	ISA 17:11
ବୀଜଠାରୁ	2	2	2	2	MAT 13:32
ବୀଜବପନ	1	1	1	0	LEV 26:5
ବୀଜବପନକାରୀକୁ	1	1	1	1	2CO 9:10
ବୀଜବପନକାରୀର	1	1	1	0	MAT 13:18
ବୀଜବାପକକୁ	1	1	1	1	JER 50:16
ବୀଜବାପକର	1	1	1	0	AMO 9:13
ବୀଜର	1	1	1	1	DEU 14:22
ବୀଜରୁ	4	4	3	4	ISA 5:10
ବୀଜସମ୍ବଳିତ	1	1	1	0	GEN 1:11
ବୀଜୋତ୍ପାଦକ	1	1	1	0	GEN 1:12
ବୀଣା	36	36	13	36	GEN 4:21
ବୀଣାଧାରୀ	1	1	1	1	2CH 29:25
ବୀଣାବାଦକ	2	2	2	2	1SA 16:16
ବୀଣାବାଦ୍ୟ	1	1	1	1	GEN 31:27
ବୀଣାବାଦ୍ୟକାରୀମାନଙ୍କ	1	1	1	0	REV 14:2
ବୀଣାଯନ୍ତ୍ର	1	1	1	1	PSA 81:2
ବୀଣାଯନ୍ତ୍ରରେ	3	3	1	3	PSA 43:4
ବୀଣାର	4	4	4	4	PSA 92:2
ବୀଣାରେ	2	2	2	2	PSA 33:2
ବୀଣେ	2	2	1	2	PSA 57:8
ବୀଥୂନିଆକୁ	1	1	1	0	ACT 16:7
ବୀଥୂନିଆରେ	1	1	1	0	1PE 1:1
ବୀର	46	46	17	47	GEN 6:4
ବୀରକୁ	1	1	1	1	1SA 17:51
ବୀରଗଣ	12	12	11	12	GEN 6:4
ବୀରଗଣକୁ	2	2	2	2	ISA 43:17
ବୀରଗଣର	4	4	3	4	SNG 4:4
ବୀରଙ୍କ	5	5	2	5	2SA 23:9
ବୀରଠାରୁ	1	1	1	1	ISA 49:24
ବୀରତ୍ୱ	2	2	2	2	JDG 8:21
ବୀରପୁରୁଷ	3	3	3	3	DEU 3:18
ବୀରପୁରୁଷମାନଙ୍କୁ	1	1	1	1	JER 51:57
ବୀରମାନଙ୍କ	12	12	6	12	JDG 5:13
ବୀରମାନଙ୍କର	4	4	4	4	1SA 2:4
ବୀରମାନଙ୍କୁ	4	4	4	4	1KI 1:10
ବୀରମାନେ	8	8	5	8	EXO 15:4
ବୀରର	9	9	4	9	NUM 24:18
ବୀରସମୂହରେ	1	1	1	1	HOS 10:13
ବୀର୍ଯ୍ୟପତନରେ	1	1	1	0	LEV 15:32
ବୀର୍ଯ୍ୟପାତ	3	3	1	3	LEV 15:16
ବୀଲୀୟାଦା	1	1	1	1	1CH 14:7
ବୀଷ୍ଟରା	1	1	1	1	JOS 21:27
ବୀୟଲା	1	1	1	1	ISA 62:4
ବୀୟୋରର	2	2	2	0	1CH 1:43
ବୁକୁ	1	1	1	1	EXO 29:27
ବୁକୁପଟା	14	14	3	14	EXO 25:7
ବୁକୁପଟାକୁ	2	2	1	2	EXO 28:28
ବୁକୁପଟାର	6	6	1	6	EXO 28:23
ବୁକୁପଟାରେ	4	4	2	4	EXO 28:29
ବୁକ୍କି	4	4	3	3	NUM 34:22
ବୁକ୍କିକି	1	1	1	0	1CH 6:5
ବୁକ୍କିର	1	1	1	1	EZR 7:4
ବୁକ୍କୀୟ	2	2	1	2	1CH 25:4
ବୁଜି	1	1	1	0	2KI 3:25
ବୁଜିଦେବ	1	1	1	0	2KI 3:19
ବୁଜିଲେ	2	2	2	2	MAT 13:15
ବୁଝ	23	23	15	24	1SA 23:23
ବୁଝନ୍ତି	14	14	11	14	EXO 10:7
ବୁଝନ୍ତୁ	4	4	4	4	1SA 24:11
ବୁଝନ୍ତେ	1	1	1	1	DEU 32:29
ବୁଝାଇ	23	23	12	22	JDG 14:16
ବୁଝାଇଦେବି	1	1	1	1	REV 17:7
ବୁଝାଇଦେଲା	2	2	1	1	JDG 14:17
ବୁଝାଇଦେଲି	1	1	1	1	GAL 2:2
ବୁଝାଇଦେଲେ	2	2	2	2	LUK 24:27
ବୁଝାଇବା	2	2	2	2	MRK 4:30
ବୁଝାଇବାକୁ	3	3	3	3	MAT 16:21
ବୁଝାଇଲି	1	1	1	1	GAL 2:2
ବୁଝାଇଲେ	1	1	1	1	LUK 23:20
ବୁଝାଉଥିଲେ	1	1	1	1	LUK 24:32
ବୁଝାଏ	8	8	3	8	GEN 40:12
ବୁଝାଯାଏ	1	1	1	1	HEB 12:27
ବୁଝି	34	34	18	35	GEN 11:7
ବୁଝିଅଛ	2	2	2	2	JOB 38:18
ବୁଝିଅଛନ୍ତି	1	1	1	1	JHN 17:7
ବୁଝିଅଛି	1	1	1	1	JOB 13:1
ବୁଝିଥିଲେ	1	1	1	3	MAT 2:16
ବୁଝିନେବାକୁ	1	1	1	0	MAT 2:4
ବୁଝିନେବି	1	1	1	1	1CO 4:19
ବୁଝିନେଲେ	1	1	1	1	MAT 2:7
ବୁଝିପାରନ୍ତି	1	1	1	0	NEH 8:2
ବୁଝିପାରିବ	1	1	1	1	PRO 20:24
ବୁଝିପାରେ	4	4	3	4	JOB 26:14
ବୁଝିବ	17	17	11	17	NUM 16:30
ବୁଝିବା	9	9	5	14	GEN 8:8
ବୁଝିବାକୁ	4	4	4	4	PRO 1:2
ବୁଝିବାର	1	1	1	1	ISA 28:19
ବୁଝିବାରୁ	3	3	3	3	NEH 8:12
ବୁଝିବି	3	3	3	3	1SA 28:7
ବୁଝିବେ	10	10	7	10	ISA 41:20
ବୁଝିଲ	1	1	1	1	MAT 13:51
ବୁଝିଲା	3	3	3	3	GEN 31:2
ବୁଝିଲି	7	7	5	7	NEH 13:7
ବୁଝିଲିଣି	1	1	1	1	LUK 16:4
ବୁଝିଲୁ	3	3	2	2	GEN 22:12
ବୁଝିଲେ	31	31	15	28	GEN 8:11
ବୁଝୁ	14	14	6	14	ISA 6:9
ବୁଝୁଅଛ	4	4	4	4	JOB 15:9
ବୁଝୁଅଛନ୍ତି	1	1	1	1	ACT 8:30
ବୁଝୁଅଛି	1	1	1	1	ACT 10:35
ବୁଝୁଅଛୁ	2	2	2	2	2KI 18:26
ବୁଝୁଥିବ	1	1	1	1	2CO 1:14
ବୁଝେ	12	12	6	12	JOB 34:3
ବୁଝ୍	1	1	1	0	MAT 27:4
ବୁଟାଦାର	4	4	2	4	EXO 28:4
ବୁଡ଼ାଅ	1	1	1	1	RUT 2:14
ବୁଡ଼ାଇ	9	9	9	9	EXO 12:22
ବୁଡ଼ାଇବ	1	1	1	1	PSA 68:23
ବୁଡ଼ାଇବି	1	1	1	1	JHN 13:26
ବୁଡ଼ାଇଲା	3	3	3	3	1SA 14:27
ବୁଡ଼ାଇଲେ	1	1	1	1	PRO 19:24
ବୁଡ଼ାଉଅଛି	1	1	1	1	MRK 14:20
ବୁଡ଼ି	6	6	5	7	GEN 7:24
ବୁଡ଼ିଗଲେ	2	2	1	2	EXO 15:5
ବୁଡ଼ିବାକୁ	1	1	1	1	LUK 5:7
ବୁଡ଼ିମଲେ	1	1	1	0	MRK 5:13
ବୁଡ଼ିଯାଏ	1	1	1	1	2CO 2:7
ବୁଣ	8	8	7	8	GEN 47:23
ବୁଣନ୍ତି	10	10	7	11	JOB 4:8
ବୁଣା	9	9	7	10	EXO 39:22
ବୁଣାକଟାର	1	1	1	1	GEN 8:22
ବୁଣାକର୍ମ	1	1	1	1	EXO 28:32
ବୁଣାଗଲେ	1	1	1	1	MRK 4:32
ବୁଣାଯାଇ	1	1	1	1	ISA 40:24
ବୁଣାଯାଇଥିବା	9	9	2	10	MAT 13:19
ବୁଣାଯାଇଥିଲା	1	1	1	1	MAT 13:19
ବୁଣାଯାଏ	7	7	4	6	DEU 29:23
ବୁଣାଯିବ	1	1	1	1	EZK 36:9
ବୁଣାଯିବା	2	2	2	2	ISA 61:11
ବୁଣାଳି	5	5	4	0	MAT 13:3
ବୁଣି	8	8	5	8	DEU 11:10
ବୁଣିଅଛ	2	2	2	2	JOB 10:11
ବୁଣିଥିବା	1	1	1	0	MAT 13:24
ବୁଣିଦେଇ	1	1	1	1	MAT 13:25
ବୁଣିବ	11	11	6	11	LEV 19:19
ବୁଣିବା	4	4	3	5	EXO 39:3
ବୁଣିବାକୁ	3	3	3	3	MAT 13:3
ବୁଣିବୁ	1	1	1	1	LEV 25:20
ବୁଣିଲା	4	4	3	4	JDG 9:45
ବୁଣିଲେ	1	1	1	1	JDG 6:3
ବୁଣୁ	6	6	3	6	MAT 13:4
ବୁଣୁଅଛ	1	1	1	1	ISA 32:20
ବୁଣେ	16	16	7	16	JOB 31:8
ବୁଦା	6	6	2	7	EXO 3:2
ବୁଦାଟା	1	1	1	1	EXO 3:3
ବୁଦାର	5	5	4	5	GEN 21:15
ବୁଦାରେ	2	2	2	3	DEU 33:16
ବୁଦ୍ଧି	74	74	24	75	EXO 35:31
ବୁଦ୍ଧିକି	1	1	1	0	JOB 12:20
ବୁଦ୍ଧିପୂର୍ବକ	1	1	1	1	PRO 17:2
ବୁଦ୍ଧିବଳରେ	1	1	1	1	JOB 36:5
ବୁଦ୍ଧିବିଶିଷ୍ଟ	3	3	3	3	1KI 3:12
ବୁଦ୍ଧିବିଷୟକ	1	1	1	0	PSA 49:3
ବୁଦ୍ଧିବିହୀନ	2	2	2	1	JOB 11:12
ବୁଦ୍ଧିମତୀ	4	4	4	4	EXO 35:25
ବୁଦ୍ଧିମନ୍ତମାନଙ୍କୁ	1	1	1	1	DAN 2:21
ବୁଦ୍ଧିମାନ	49	49	19	52	GEN 41:33
ବୁଦ୍ଧିମାନକୁ	3	3	1	3	PRO 17:10
ବୁଦ୍ଧିମାନମାନଙ୍କଠାରୁ	1	1	1	1	JER 49:7
ବୁଦ୍ଧିମାନମାନଙ୍କର	1	1	1	1	1CO 1:19
ବୁଦ୍ଧିମାନର	4	4	1	4	PRO 14:33
ବୁଦ୍ଧିମାନ୍	1	1	1	0	MAT 11:25
ବୁଦ୍ଧିର	11	11	10	13	1SA 18:30
ବୁଦ୍ଧିରୁ	2	2	2	2	JOB 17:4
ବୁଦ୍ଧିରୂପ	2	2	2	1	LUK 24:45
ବୁଦ୍ଧିରେ	17	17	11	18	JOS 23:14
ବୁଦ୍ଧିହୀନ	7	7	5	7	PSA 32:9
ବୁଧ	1	1	1	1	ACT 14:12
ବୁନ୍ନି	2	2	1	2	NEH 9:4
ବୁନ୍ନିର	1	1	1	1	NEH 11:15
ବୁଲ	1	1	1	1	LUK 12:29
ବୁଲନ୍ତି	7	7	7	7	JOB 24:10
ବୁଲାଇ	6	6	5	5	2SA 14:20
ବୁଲାଇବ	1	1	1	1	HOS 10:11
ବୁଲାଇବା	3	3	2	3	2SA 15:20
ବୁଲାଇଲା	1	1	1	0	EST 6:11
ବୁଲାଇଲେ	1	1	1	2	PSA 129:3
ବୁଲାଉଥାଉ	1	1	1	1	JAS 3:3
ବୁଲାଉଥିଲେ	2	2	2	2	1KI 19:19
ବୁଲାଏ	4	4	3	4	DEU 27:18
ବୁଲାବୁଲି	1	1	1	1	MRK 5:42
ବୁଲାଯାଏ	1	1	1	1	ISA 28:27
ବୁଲି	18	18	13	16	NUM 34:5
ବୁଲିଅଛ	1	1	1	1	DEU 2:3
ବୁଲିକରି	3	3	2	3	JOS 15:3
ବୁଲିପଡ଼ି	17	17	5	16	MAT 7:6
ବୁଲିବ	4	4	4	4	LEV 19:16
ବୁଲିବା	1	1	1	1	MIC 1:8
ବୁଲିବେ	1	1	1	1	ZEP 1:17
ବୁଲିଲ	1	1	1	1	ISA 46:1
ବୁଲିଲା	1	1	1	1	DEU 25:4
ବୁଲିଲେ	1	1	1	1	2KI 4:35
ବୁଲୁଅଛି	3	3	2	3	PSA 42:9
ବୁଲୁଛନ୍ତି	1	1	1	1	1SA 25:10
ବୁଲୁଥାଏ	2	2	2	2	JOB 30:28
ବୁଲୁଥିବା	2	2	2	3	1CO 9:9
ବୁଲୁଥିଲା	1	1	1	1	DAN 4:29
ବୁଲୁଥିଲେ	2	2	2	2	2SA 11:2
ବୁଲେ	5	5	3	5	EXO 21:19
ବୁହା	1	1	1	2	ACT 3:2
ବୁହାଅ	1	1	1	1	LAM 2:18
ବୁହାଇ	1	1	1	1	MRK 2:3
ବୁହାଇଲେ	4	4	4	4	GEN 8:1
ବୁହାନ୍ତି	1	1	1	1	PSA 104:10
ବୁହାଯିବ	1	1	1	1	ISA 66:12
ବୁହାଯିବେ	1	1	1	1	ISA 49:22
ବୂନା	1	1	1	1	1CH 2:25
ବୂଲ	1	1	1	1	1KI 6:38
ବୂଷିର	1	1	1	1	EZK 1:3
ବୂଷୀୟ	2	2	1	2	JOB 32:2
ବୂଷ୍	2	2	2	2	GEN 22:21
ବୂଷ୍ର	1	1	1	1	1CH 5:14
ବୃକ୍ଷ	167	167	34	170	GEN 1:12
ବୃକ୍ଷଆଡ଼େ	1	1	1	0	EZK 41:19
ବୃକ୍ଷକୁ	10	10	4	10	GEN 3:6
ବୃକ୍ଷଗଣ	3	3	3	3	GEN 3:8
ବୃକ୍ଷଗଣର	1	1	1	1	EZK 31:18
ବୃକ୍ଷଠାରୁ	1	1	1	1	1KI 4:33
ବୃକ୍ଷତଳେ	1	1	1	1	2CH 28:4
ବୃକ୍ଷବିଶିଷ୍ଟ	2	2	1	2	SNG 4:14
ବୃକ୍ଷମାନ	2	2	2	1	DEU 20:19
ବୃକ୍ଷମାନଙ୍କ	3	3	1	3	JDG 9:9
ବୃକ୍ଷମାନଙ୍କରୁ	1	1	1	1	JOS 10:27
ବୃକ୍ଷମାନଙ୍କରେ	1	1	1	1	JOS 10:26
ବୃକ୍ଷମାନଙ୍କୁ	2	2	1	2	JDG 9:15
ବୃକ୍ଷମାନର	3	3	3	3	1KI 4:33
ବୃକ୍ଷମାନେ	3	3	1	3	JDG 9:8
ବୃକ୍ଷମୂଳର	1	1	1	0	ROM 11:17
ବୃକ୍ଷମୂଳେ	4	4	3	4	GEN 35:4
ବୃକ୍ଷମୟ	5	5	2	5	DEU 8:8
ବୃକ୍ଷଯାକ	1	1	1	1	JDG 9:14
ବୃକ୍ଷର	54	54	19	62	GEN 2:16
ବୃକ୍ଷରଫଳ	1	1	1	0	GEN 3:3
ବୃକ୍ଷରୁ	5	5	5	8	JOS 8:29
ବୃକ୍ଷରେ	14	14	8	14	GEN 40:22
ବୃକ୍ଷରୋପଣ	1	1	1	0	LUK 17:28
ବୃକ୍ଷଶୂନ୍ୟ	9	9	2	9	ISA 13:2
ବୃକ୍ଷଶ୍ରେଣୀ	2	2	2	2	1CH 16:33
ବୃକ୍ଷସକଳ	9	9	4	9	LEV 26:4
ବୃକ୍ଷସକଳର	1	1	1	1	EZK 31:4
ବୃକ୍ଷସବୁ	16	16	8	17	2KI 3:25
ବୃକ୍ଷସବୁଣଭାଙ୍ଗି	1	1	1	0	PSA 105:33
ବୃକ୍ଷସମୂହ	1	1	1	1	GEN 23:17
ବୃକ୍ଷସମୂହର	3	3	2	2	EZK 31:18
ବୃକ୍ଷାଦିର	1	1	1	1	EXO 10:15
ବୃତ୍ତା	60	60	9	0	GEN 5:1
ବୃତ୍ତାନ୍ତ	4	4	4	63	1KI 14:19
ବୃତ୍ତାନ୍ତର	2	2	2	2	2CH 20:34
ବୃତ୍ତାନ୍ତରେ	2	2	2	1	MRK 12:26
ବୃତ୍ତି	8	8	6	7	GEN 47:22
ବୃତ୍ତିକି	1	1	1	0	ISA 23:17
ବୃଥା	18	18	11	21	NUM 6:12
ବୃଥାରେ	13	13	10	14	LEV 26:16
ବୃଦ୍ଧ	82	82	29	88	GEN 18:11
ବୃଦ୍ଧ-ପ୍ରପୌତ୍ର	1	1	1	1	1SA 1:1
ବୃଦ୍ଧକୁ	1	1	1	1	DEU 32:25
ବୃଦ୍ଧଙ୍କ	1	1	1	1	DAN 7:13
ବୃଦ୍ଧମାନଙ୍କର	1	1	1	1	PRO 20:29
ବୃଦ୍ଧମାନେ	1	1	1	1	JER 31:13
ବୃଦ୍ଧର	1	1	1	2	DEU 28:50
ବୃଦ୍ଧା	6	6	5	4	RUT 1:12
ବୃଦ୍ଧାଙ୍ଗୁଳି	5	5	2	6	LEV 8:23
ବୃଦ୍ଧାଙ୍ଗୁଳିରେ	3	3	1	8	LEV 14:14
ବୃଦ୍ଧାଙ୍ଗୁଷ୍ଠି	2	2	1	2	EXO 29:20
ବୃଦ୍ଧାବସ୍ଥା	2	2	2	3	GEN 48:10
ବୃଦ୍ଧାବସ୍ଥାର	2	2	1	2	GEN 37:3
ବୃଦ୍ଧାବସ୍ଥାରେ	11	11	6	11	GEN 15:15
ବୃଦ୍ଧି	154	154	43	160	GEN 13:16
ବୃଦ୍ଧିକାରିଣୀ	1	1	1	1	RUT 4:11
ବୃଦ୍ଧିକାଳର	1	1	1	1	PSA 4:7
ବୃଦ୍ଧିପ୍ରାପ୍ତ	3	3	3	3	2SA 22:36
ବୃଦ୍ଧିର	1	1	1	0	ZEC 1:15
ବୃଦ୍ଧିରେ	1	1	1	2	COL 2:19
ବୃଷ	42	42	13	43	GEN 32:15
ବୃଷ-ବତ୍ସ	1	1	1	0	LEV 9:2
ବୃଷକୁ	1	1	1	1	1KI 18:33
ବୃଷଗଣ	1	1	1	1	PSA 22:12
ବୃଷଟିକି	1	1	1	0	1KI 18:23
ବୃଷଭ	1	1	1	1	ISA 34:7
ବୃଷଭର	1	1	1	1	DEU 33:17
ବୃଷମାଂସ	1	1	1	1	PSA 50:13
ବୃଷମାନ	1	1	1	1	PSA 51:19
ବୃଷମାନଙ୍କ	2	2	2	2	2SA 24:22
ବୃଷମାନଙ୍କୁ	2	2	2	2	EXO 24:5
ବୃଷରୂପ	1	1	1	1	JER 52:20
ବୃଷସବୁ	4	4	3	4	2SA 24:22
ବୃଷସବୁକୁ	1	1	1	1	JER 50:27
ବୃଷସମୂହକୁ	1	1	1	1	PSA 68:30
ବୃଷ୍ଟି	99	99	29	97	GEN 2:5
ବୃଷ୍ଟିକି	2	2	1	0	JOB 37:6
ବୃଷ୍ଟିଜଳ	2	2	2	2	DEU 11:11
ବୃଷ୍ଟିଦାତା	1	1	1	1	JER 14:22
ବୃଷ୍ଟିଦାନ	1	1	1	1	JER 14:22
ବୃଷ୍ଟିଦିନରେ	1	1	1	1	PRO 27:15
ବୃଷ୍ଟିର	6	6	5	6	EXO 10:12
ବୃଷ୍ଟିରୁ	3	3	2	3	EXO 10:5
ବୃଷ୍ଟିରେ	4	4	4	4	EXO 9:25
ବୃଷ୍ଟିହୀନ	1	1	1	1	PRO 25:14
ବୃହତ	54	54	19	47	GEN 1:21
ବୃହତକାୟ	1	1	1	1	JDG 3:29
ବୃହତ୍	28	28	14	38	EXO 8:24
ବୃହତ୍କାୟ	1	1	1	1	1CH 11:23
ବୃହସ୍ପତି	1	1	1	1	ACT 14:12
ବୃହସ୍ପତିଙ୍କ	1	1	1	1	ACT 14:13
ବେଁ	2	2	1	0	ACT 27:28
ବେକ	12	12	9	13	EXO 13:13
ବେକଭଙ୍ଗା	1	1	1	1	DEU 21:6
ବେକରୁ	1	1	1	1	LEV 5:8
ବେକରେ	5	5	4	5	JOS 10:24
ବେକା	1	1	1	1	EXO 38:26
ବେଖର	1	1	1	2	GEN 46:21
ବେଖରଠାରୁ	1	1	1	1	NUM 26:35
ବେଖରର	2	2	1	2	1CH 7:8
ବେଖର୍	1	1	1	0	1CH 7:6
ବେଖ୍ରୀୟ	1	1	1	1	NUM 26:35
ବେଗ	2	2	2	2	PRO 19:2
ବେଗଗାମୀ	6	6	6	6	JOB 9:26
ବେଗବାନ	1	1	1	1	2SA 1:23
ବେଗରେ	8	8	7	8	2KI 9:20
ବେଗେ	5	5	5	5	EXO 9:23
ବେଙ୍ଗ	10	10	3	11	EXO 8:2
ବେଙ୍ଗମାନେ	1	1	1	1	EXO 8:11
ବେଙ୍ଗରେ	2	2	2	2	EXO 8:3
ବେଙ୍ଗଳା	3	3	2	3	1CO 9:10
ବେଙ୍ଗଳାରେ	2	2	2	2	DEU 25:4
ବେଙ୍ଗସମୂହ	1	1	1	1	EXO 8:6
ବେଟନ	1	1	1	1	JOS 19:25
ବେଟହ	1	1	1	1	2SA 8:8
ବେଠି	7	7	4	7	GEN 49:15
ବେଠି-କର୍ମ	1	1	1	0	2CH 8:8
ବେଠି-କର୍ମର	1	1	1	0	2SA 20:24
ବେଠିକର୍ମ	3	3	2	4	JOS 16:10
ବେଠିକର୍ମକାରୀମାନଙ୍କର	1	1	1	1	1KI 5:14
ବେଠିକର୍ମକାରୀମାନଙ୍କୁ	1	1	1	1	1KI 9:15
ବେଠିକର୍ମର	1	1	1	1	1KI 4:6
ବେଠିକର୍ମାଧ୍ୟକ୍ଷ	2	2	2	2	1KI 12:18
ବେଡ଼ି	2	2	2	2	PRO 7:22
ବେଡ଼ିରେ	8	8	7	7	JDG 16:21
ବେଡ଼ିସବୁ	1	1	1	1	MRK 5:4
ବେଢ଼	2	2	2	1	EXO 38:4
ବେଢ଼ା	6	6	6	5	PSA 80:12
ବେଢ଼ାର	1	1	1	1	MIC 7:11
ବେଢ଼ିଅଛନ୍ତି	1	1	1	1	PSA 22:16
ବେଣୀ	2	2	2	2	JDG 16:19
ବେଣୀ-ପାଶରେ	1	1	1	1	SNG 7:5
ବେଣୀରେ	1	1	1	0	SNG 1:10
ବେଣ୍ଟ	1	1	1	1	SNG 5:5
ବେଣ୍ଟରୁ	1	1	1	1	DEU 19:5
ବେତ	1	1	1	1	1CO 4:21
ବେତନ	31	31	21	50	LEV 19:13
ବେତନଗ୍ରାହୀ	1	1	1	1	JER 46:21
ବେତନଜୀବୀ	3	3	2	7	1SA 2:5
ବେତନଜୀବୀର	6	6	5	8	LEV 19:13
ବେତନର	5	5	5	5	DEU 15:18
ବେତନରେ	2	2	2	3	JER 22:13
ବେତା	5	5	2	1	MAT 15:37
ବେତାରେ	1	1	1	0	ACT 9:25
ବେତ୍ରାଘାତ	2	2	2	3	ACT 16:22
ବେତ୍ସର	4	4	3	5	DEU 4:43
ବେତ୍ସର୍	1	1	1	0	1CH 6:78
ବେତ୍ସୟ	1	1	1	1	NEH 10:18
ବେତ୍ସୟର	2	2	2	2	EZR 2:17
ବେଥନିଆ	2	2	2	2	MRK 11:1
ବେଥନିଆକୁ	1	1	1	2	MRK 11:11
ବେଥନିଆରୁ	1	1	1	1	MRK 11:12
ବେଥନୀଆକୁ	1	1	1	0	LUK 24:50
ବେଥନୀଆରେ	1	1	1	1	JHN 1:28
ବେଥନୀୟା	2	2	1	2	JHN 11:1
ବେଥନୀୟାକୁ	2	2	2	1	MAT 21:17
ବେଥନୀୟାରେ	2	2	2	4	MAT 26:6
ବେଥର	1	1	1	1	SNG 2:17
ବେଥଲିହିମ	7	7	5	18	2CH 11:6
ବେଥଲିହିମ-ଉଫ୍ରାଥା	1	1	1	0	MIC 5:2
ବେଥଲିହିମ-ନଗରଦ୍ୱାର-ନିକଟସ୍ଥ	2	2	1	2	1CH 11:17
ବେଥଲିହିମକୁ	1	1	1	5	MAT 2:8
ବେଥଲିହିମରେ	3	3	2	10	1CH 11:16
ବେଥଲିହିମସ୍ଥ	1	1	1	2	1CH 11:26
ବେଥଲିହିମୀୟ	4	4	2	4	JDG 12:8
ବେଥେଲ୍	1	1	1	26	2CH 13:19
ବେଥେସ୍ଦା	1	1	1	1	JHN 5:2
ବେଥ୍-ଅସ୍ମାବତର	1	1	1	1	NEH 7:28
ବେଥ୍-ରବ୍ବୀମ	1	1	1	1	SNG 7:4
ବେଥ୍ଫାଗୀ	2	2	2	1	MRK 11:1
ବେଥ୍ଲିହିମ-ଯିହୁଦାର	2	2	1	0	RUT 1:1
ବେଥ୍ଲିହିମଠାରୁ	1	1	1	0	RUT 2:4
ବେଥ୍ଲିହିମରେ	4	4	1	0	RUT 1:19
ବେଥ୍ଲିହିମୀୟ	1	1	1	0	2SA 21:19
ବେଥ୍ଲିହିମ୍	2	2	2	0	JDG 17:8
ବେଥ୍ଲିହିମ୍-ନଗରଦ୍ୱାର	2	2	1	0	2SA 23:15
ବେଥ୍ଲିହିମ୍-ଯିହୁଦାକୁ	1	1	1	0	JDG 19:18
ବେଥ୍ଲିହିମ୍-ଯିହୁଦାର	2	2	1	0	JDG 17:7
ବେଥ୍ଲିହିମ୍-ଯିହୁଦାରୁ	2	2	1	0	JDG 19:1
ବେଥ୍ଲିହିମ୍-ଯିହୁଦାରେ	1	1	1	0	JDG 19:2
ବେଥ୍ଲିହିମ୍କୁ	4	4	2	0	GEN 35:19
ବେଥ୍ଲିହିମ୍ର	1	1	1	0	GEN 48:7
ବେଥ୍ଲିହିମ୍ରେ	2	2	2	0	1SA 16:4
ବେଥ୍ଲିହିମ୍ସ୍ଥ	1	1	1	0	2SA 23:24
ବେଥ୍ସାଇଦା	4	4	3	1	MAT 11:21
ବେଥ୍ସାଇଦାକୁ	1	1	1	1	MRK 8:22
ବେଥ୍ସାଇଦାନିବାସୀ	1	1	1	1	JHN 12:21
ବେଥ୍ସାଇଦାର	1	1	1	1	JHN 1:44
ବେଦନା	25	25	12	29	EXO 15:14
ବେଦନାଗ୍ରସ୍ତ	4	4	2	4	ISA 9:1
ବେଦନାଗ୍ରସ୍ତା	3	3	2	5	SNG 8:5
ବେଦନାଯୁକ୍ତ	2	2	2	2	JER 10:19
ବେଦନାର	3	3	2	4	ISA 66:7
ବେଦନାରେ	5	5	5	8	JOB 7:11
ବେଦନାସବୁ	1	1	1	1	JOB 30:17
ବେଦି	125	125	17	134	GEN 8:20
ବେଦି-ଉପର	2	2	1	0	LEV 1:5
ବେଦି-ଉପରିସ୍ଥ	4	4	1	0	LEV 1:8
ବେଦି-ବେଢ଼	1	1	1	1	EXO 27:5
ବେଦିକି	2	2	2	0	LEV 8:15
ବେଦିମୂଳରେ	4	4	1	1	LEV 4:30
ବେଦିର	36	36	11	42	GEN 22:9
ବେଦିରୁ	2	2	2	3	LEV 16:12
ବେଦିରେ	9	9	3	9	EXO 29:13
ବେଦିଶୃଙ୍ଗ	1	1	1	0	LEV 4:18
ବେଦିସବୁ	1	1	1	1	EXO 34:13
ବେଦିସ୍ଥିତ	1	1	1	1	LEV 8:28
ବେଦୀୟା	1	1	1	1	EZR 10:35
ବେନ୍କୁ	1	1	1	1	1CH 15:18
ବେପାର	2	2	1	2	LUK 19:13
ବେବର୍ତ୍ତା	9	9	3	8	LUK 8:3
ବେବର୍ତ୍ତାଗଣ	1	1	1	1	DAN 3:3
ବେବର୍ତ୍ତାଗଣଙ୍କୁ	1	1	1	1	DAN 3:2
ବେବର୍ତ୍ତାଙ୍କୁ	1	1	1	1	MAT 20:8
ବେବର୍ତ୍ତାପଦ	1	1	1	1	LUK 16:3
ବେବର୍ତ୍ତାପଦରୁ	1	1	1	1	LUK 16:4
ବେବର୍ତ୍ତାମାନଙ୍କ	1	1	1	1	GAL 4:2
ବେବୟ	1	1	1	1	NEH 10:15
ବେବୟର	5	5	2	5	EZR 2:11
ବେର	1	1	1	1	NUM 21:16
ବେର-ଲହୟ-ରୋୟୀ	2	2	1	3	GEN 16:14
ବେରଦ	1	1	1	2	GEN 16:14
ବେରଦ୍	1	1	1	0	1CH 7:20
ବେରରେ	1	1	1	1	JDG 9:21
ବେରଶେବା	5	5	4	0	GEN 26:33
ବେରଶେବାକୁ	1	1	1	0	GEN 26:23
ବେରଶେବାଠାରୁ	1	1	1	0	GEN 46:5
ବେରଶେବାରୁ	1	1	1	0	GEN 28:10
ବେରଶେବାରେ	3	3	3	0	GEN 46:1
ବେରା	2	2	1	2	1CH 5:6
ବେରିଖୀୟ	4	4	2	4	1CH 3:20
ବେରିଖୀୟଙ୍କ	3	3	2	4	ZEC 1:1
ବେରିଖୀୟର	5	5	2	5	1CH 6:39
ବେରିଙ୍କ	1	1	1	1	HOS 1:1
ବେରିର	1	1	1	1	GEN 26:34
ବେରୀ	1	1	1	1	1CH 7:36
ବେରୀମ୍	1	1	1	1	2SA 20:14
ବେରେଲୀମ୍	1	1	1	1	ISA 15:8
ବେରୋତ	1	1	1	3	JOS 18:25
ବେରୋତର	2	2	2	2	EZR 2:25
ବେରୋତୀୟ	2	2	2	5	2SA 4:5
ବେରୋତୀୟମାନେ	1	1	1	1	2SA 4:3
ବେରୋତ୍	2	2	2	0	JOS 9:17
ବେରୋତ୍-ବନେୟା-କନଠାରୁ	1	1	1	1	DEU 10:6
ବେରୋଥା	1	1	1	1	2SA 8:8
ବେର୍-ଲହୟ-ରୋୟୀ	1	1	1	0	GEN 25:11
ବେର୍ଶେବା	11	11	6	20	GEN 21:14
ବେର୍ଶେବା-ନିବାସିନୀ	2	2	2	0	2KI 12:1
ବେର୍ଶେବାକୁ	2	2	2	3	GEN 22:19
ବେର୍ଶେବାଠାରୁ	4	4	3	4	1CH 21:2
ବେର୍ଶେବାର	1	1	1	1	AMO 8:14
ବେର୍ଶେବାରେ	3	3	3	5	GEN 22:19
ବେରୟାକୁ	1	1	1	0	ACT 17:10
ବେରୟାନିବାସୀ	1	1	1	0	ACT 20:4
ବେରୟାରେ	1	1	1	1	ACT 17:13
ବେଲ	2	2	1	0	JER 50:2
ବେଲା	7	7	2	6	GEN 36:32
ବେଲାଠାରୁ	1	1	1	1	NUM 26:38
ବେଲାର	4	4	3	4	GEN 36:33
ବେଲାୟୀୟ	1	1	1	1	NUM 26:38
ବେଲ୍	1	1	1	3	ISA 46:1
ବେଲ୍ଟଶତ୍ସର	10	10	1	10	DAN 1:7
ବେଲ୍ଶତ୍ସର	7	7	1	8	DAN 5:1
ବେଲ୍ଶତ୍ସରର	1	1	1	1	DAN 7:1
ବେଳ	16	16	7	15	GEN 29:7
ବେଳକୁ	11	11	6	12	JDG 19:11
ବେଳକୁବେଳ	2	2	1	0	2SA 3:1
ବେଳାକୁ	1	1	1	1	ZEP 3:3
ବେଳେ	458	458	37	418	GEN 4:8
ବେଶ	7	7	5	8	JOS 9:4
ବେଶରେ	1	1	1	1	1SA 17:39
ବେଶୀ	6	6	2	2	MAT 5:20
ବେଶ୍	4	4	3	3	MAT 25:21
ବେଶ୍ୟା	23	23	14	35	GEN 34:31
ବେଶ୍ୟା-କ୍ରିୟା	4	4	1	0	EZK 23:11
ବେଶ୍ୟା-କ୍ରିୟାରେ	1	1	1	0	EZK 23:11
ବେଶ୍ୟାକୁ	5	5	3	5	LEV 21:7
ବେଶ୍ୟାଗମନ	4	4	4	4	HOS 4:18
ବେଶ୍ୟାଗମନରୂପ	1	1	1	1	REV 2:14
ବେଶ୍ୟାଚାର	4	4	2	3	JDG 19:2
ବେଶ୍ୟାଚାରରୁ	1	1	1	1	HOS 2:4
ବେଶ୍ୟାବୃତ୍ତି	6	6	2	7	HOS 2:5
ବେଶ୍ୟାବୃତ୍ତିକ୍ରମେ	1	1	1	0	EZK 16:33
ବେଶ୍ୟାବୃତ୍ତିର	2	2	2	2	JER 13:27
ବେଶ୍ୟାବୃତ୍ତିରୁ	1	1	1	1	REV 2:21
ବେଶ୍ୟାବୃତ୍ତିରେ	1	1	1	1	LEV 19:29
ବେଶ୍ୟାବେଶଧାରିଣୀ	1	1	1	1	PRO 7:10
ବେଶ୍ୟାମାନଙ୍କ	3	3	3	3	JER 5:7
ବେଶ୍ୟାମାନଙ୍କଠାରେ	1	1	1	1	PRO 29:3
ବେଶ୍ୟାମାନଙ୍କର	1	1	1	1	REV 17:5
ବେଶ୍ୟାମାନଙ୍କୁ	1	1	1	1	EZK 16:33
ବେଶ୍ୟାମାନେ	3	3	2	3	1KI 22:38
ବେଶ୍ୟାର	11	11	8	11	DEU 23:18
ବେଶ୍ୟେ	2	2	2	1	ISA 23:16
ବେଷକରେ	2	2	1	3	JDG 1:4
ବେଷ୍ଟନ	34	34	15	34	GEN 2:11
ବେଷ୍ଟନ-ପାର୍ଶ୍ୱରେ	1	1	1	1	EXO 25:27
ବେଷ୍ଟନକାରୀ	1	1	1	1	HEB 12:1
ବେଷ୍ଟନର	2	2	1	2	EXO 25:25
ବେଷ୍ଟିତ	8	8	8	10	NUM 13:28
ବେଷୟର	2	2	2	2	EZR 2:49
ବେସକରେ	1	1	1	0	1SA 11:8
ବୈଠିକି	17	17	5	12	EXO 30:18
ବୈଠିକିମାନ	1	1	1	1	2CH 4:14
ବୈଠିକିମାନର	1	1	1	1	2KI 16:17
ବୈଠିକିଯାକ	1	1	1	0	1KI 7:37
ବୈଠିକିର	2	2	1	0	1KI 7:34
ବୈଠିକିରେ	1	1	1	0	1KI 7:32
ବୈଠିକିସକଳ	1	1	1	2	2KI 25:16
ବୈଠିକିସବୁ	2	2	2	0	2KI 25:13
ବୈଠିର	1	1	1	0	1KI 7:30
ବୈତ୍	1	1	1	1	PSA 119:8
ବୈତ୍-ଯିଶୀମୋତ୍	1	1	1	0	EZK 25:9
ବୈତ୍ତପୂହ	1	1	1	0	JOS 15:53
ବୈତ୍ନିମ୍ରା	1	1	1	0	NUM 32:36
ବୈତ୍ପିୟୋର	2	2	1	0	DEU 4:45
ବୈତ୍ପିୟୋର-ସମ୍ମୁଖସ୍ଥିତ	1	1	1	0	DEU 3:29
ବୈତ୍ଶେମଶର	1	1	1	0	JER 43:13
ବୈତ୍ୟିଶୀମୋତଠାରୁ	1	1	1	0	NUM 33:49
ବୈଥଂନାତ୍	1	1	1	0	JOS 19:38
ବୈଥଗ୍ଲା	1	1	1	0	JOS 15:6
ବୈଥତ୍କୁ	1	1	1	1	ISA 15:2
ବୈଥନୋତ୍	1	1	1	0	JOS 15:59
ବୈଥାବନ	1	1	1	0	JOS 18:12
ବୈଥାବନର	1	1	1	0	JOS 7:2
ବୈଥାବନ୍ର	2	2	1	0	1SA 13:5
ବୈଥାରନ୍	1	1	1	0	NUM 32:36
ବୈଥାରମ୍	1	1	1	0	JOS 13:27
ବୈଥେତ୍ସଲର	1	1	1	0	MIC 1:11
ବୈଥେଲ	15	15	7	0	GEN 12:8
ବୈଥେଲକୁ	11	11	6	0	GEN 35:1
ବୈଥେଲଠାରୁ	1	1	1	0	JOS 16:2
ବୈଥେଲଠାରୁପ୍ରସ୍ଥାନ	1	1	1	0	GEN 35:16
ବୈଥେଲଠୁ	1	1	1	0	JDG 21:19
ବୈଥେଲର	7	7	3	0	GEN 12:8
ବୈଥେଲରେ	10	10	4	0	GEN 35:6
ବୈଥେଲସ୍ଥ	4	4	4	0	1KI 13:32
ବୈଥେଲସ୍ଥିତ	2	2	1	0	1KI 12:33
ବୈଥେଲୀୟ	1	1	1	0	1KI 16:34
ବୈଥେଲ୍	10	10	6	0	JOS 8:9
ବୈଥେଲ୍କୁ	1	1	1	0	1SA 10:3
ବୈଥେଲ୍ର	4	4	3	0	JOS 12:16
ବୈଥେଲ୍ରେ	4	4	3	0	2KI 17:28
ବୈଥୋରଣ	3	3	3	0	1SA 13:18
ବୈଥୋରୋଣ	5	5	3	0	JOS 16:5
ବୈଥୋରୋଣର	4	4	1	0	JOS 10:10
ବୈଥ୍-ଅଗ୍ଲା	1	1	1	0	JOS 18:21
ବୈଥ୍-ଅଗ୍ଲାର	1	1	1	0	JOS 18:19
ବୈଥ୍-ଅରବେଲକୁ	1	1	1	0	HOS 10:14
ବୈଥ୍-ଅରାବା	1	1	1	0	JOS 15:61
ବୈଥ୍-ଆବନକୁ	1	1	1	0	HOS 4:15
ବୈଥ୍-ଆବନର	1	1	1	0	HOS 10:5
ବୈଥ୍-ଆବନରେ	1	1	1	0	HOS 5:8
ବୈଥ୍-ଆରବା	1	1	1	0	JOS 18:22
ବୈଥ୍-ଏମକ	1	1	1	0	JOS 19:27
ବୈଥ୍-କର	1	1	1	0	1SA 7:11
ବୈଥ୍-ଗିଲ୍ଗଲରୁ	1	1	1	0	NEH 12:29
ବୈଥ୍-ଦାଗୁନ୍	1	1	1	0	JOS 19:27
ବୈଥ୍-ଦାଗୋନ୍	1	1	1	0	JOS 15:41
ବୈଥ୍-ପତ୍ସେସ	1	1	1	0	JOS 19:21
ବୈଥ୍-ବାରା	1	1	1	0	JDG 7:24
ବୈଥ୍-ମର୍କାବୋତ୍	1	1	1	0	JOS 19:5
ବୈଥ୍-ଯିଶିମୋତର	1	1	1	0	JOS 12:3
ବୈଥ୍-ଯିଶିମୋତ୍	1	1	1	0	JOS 13:20
ବୈଥ୍-ରହୋବ	1	1	1	0	JDG 18:28
ବୈଥ୍-ଲି-ଅଫ୍ରାରେ	1	1	1	0	MIC 1:10
ବୈଥ୍-ଶାନ୍	1	1	1	0	1KI 4:12
ବୈଥ୍-ଶାନ୍ରେ	1	1	1	0	1KI 4:12
ବୈଥ୍-ଶିଟା	1	1	1	0	JDG 7:22
ବୈଥ୍-ଶେମଶ	3	3	2	0	JDG 1:33
ବୈଥ୍-ଶେମଶକୁ	2	2	1	0	1SA 6:9
ବୈଥ୍-ଶେମଶର	2	2	1	0	1SA 6:13
ବୈଥ୍-ଶେମଶୀୟ	4	4	1	0	1SA 6:14
ବୈଥ୍-ଶେମଶ୍	1	1	1	0	1KI 4:9
ବୈଥ୍-ହକ୍କେରମ୍	1	1	1	0	NEH 3:14
ବୈଥ୍-ହମ୍ମିର୍ହକରେ	1	1	1	0	2SA 15:17
ବୈଥ୍-ହୋରଣ	1	1	1	0	2CH 25:13
ବୈଥ୍ଗାଦରର	1	1	1	0	1CH 2:51
ବୈଥ୍ଗାମୁର	1	1	1	0	JER 48:23
ବୈଥ୍ଦିବ୍ଳାଥୟିମଣ	1	1	1	0	JER 48:22
ବୈଥ୍ନାତ-ନିବାସୀମାନଙ୍କୁ	1	1	1	0	JDG 1:33
ବୈଥ୍ନାତ-ନିବାସୀମାନେ	1	1	1	0	JDG 1:33
ବୈଥ୍ନିମ୍ରା	1	1	1	0	JOS 13:27
ବୈଥ୍ପିୟୋର	1	1	1	0	JOS 13:20
ବୈଥ୍ପେଲଟ	1	1	1	0	JOS 15:27
ବୈଥ୍ପେଲଟରେ	1	1	1	0	NEH 11:26
ବୈଥ୍ଫାଗୀ	1	1	1	1	MAT 21:1
ବୈଥ୍ବାରା	1	1	1	0	JDG 7:24
ବୈଥ୍ବାଲ-ମିୟୋନ	1	1	1	0	JOS 13:17
ବୈଥ୍ବିରୀରେ	1	1	1	0	1CH 4:31
ବୈଥ୍ମର୍କାବୋଦରେ	1	1	1	0	1CH 4:31
ବୈଥ୍ମାଖା	1	1	1	0	2SA 20:14
ବୈଥ୍ମାଖାସ୍ଥିତ	1	1	1	0	2SA 20:15
ବୈଥ୍ମୀୟୋନ୍	1	1	1	0	JER 48:23
ବୈଥ୍ରହୋବସ୍ଥ	1	1	1	0	2SA 10:6
ବୈଥ୍ରାଫା	1	1	1	0	1CH 4:12
ବୈଥ୍ଲବାୟୋତ୍	1	1	1	0	JOS 19:6
ବୈଥ୍ଲେହମର	1	1	1	0	EZR 2:21
ବୈଥ୍ଲେହମରେ	1	1	1	0	JDG 12:10
ବୈଥ୍ଲେହମ୍	1	1	1	0	NEH 7:26
ବୈଥ୍ଲେହମ୍ର	2	2	1	0	1CH 2:51
ବୈଥ୍ଲେହମ୍ସ୍ଥିତ	1	1	1	0	2SA 2:32
ବୈଥ୍ଲେହିମ	1	1	1	0	JOS 19:15
ବୈଥ୍ଲେହେମ୍	1	1	1	0	1CH 2:54
ବୈଥ୍ଶାନ	3	3	2	0	JOS 17:11
ବୈଥ୍ଶାନରେ	1	1	1	0	JOS 17:16
ବୈଥ୍ଶାନ୍	2	2	2	0	2SA 21:12
ବୈଥ୍ଶେମଶରେ	1	1	1	0	JOS 15:10
ବୈଥ୍ଶେମଶ୍	5	5	3	0	JOS 19:22
ବୈଥ୍ଶେମଶ୍ରେ	4	4	2	0	2KI 14:11
ବୈଥ୍ସାନ୍	1	1	1	0	JDG 1:27
ବୈଥ୍ସୁର	1	1	1	0	JOS 15:58
ବୈଥ୍ସୂର	2	2	2	0	2CH 11:7
ବୈଥ୍ସୂରର	1	1	1	0	1CH 2:45
ବୈଥ୍ହ-କେରମରେ	1	1	1	0	JER 6:1
ବୈଥ୍ହୋରଣ	1	1	1	0	JOS 21:22
ବୈଦୁର୍ଯ୍ୟ	3	3	3	4	EXO 28:20
ବୈଦୁର୍ଯ୍ୟମଣି	1	1	1	2	EZK 28:13
ବୈଦୁର୍ଯ୍ୟମଣିର	1	1	1	1	EZK 1:16
ବୈଦୂର୍ଯ୍ୟ	1	1	1	1	EXO 39:13
ବୈଦୂର୍ଯ୍ୟମଣି	1	1	1	0	DAN 10:6
ବୈଦୂର୍ଯ୍ୟମଣିର	1	1	1	0	REV 21:19
ବୈଦ୍ୟ	4	4	4	5	JOB 13:4
ବୈଦ୍ୟଙ୍କ	1	1	1	1	MRK 5:26
ବୈଦ୍ୟଠାରେ	3	3	3	2	MAT 9:12
ବୈଦ୍ୟମାନଙ୍କର	1	1	1	1	2CH 16:12
ବୈଦ୍ୟମାନଙ୍କୁ	1	1	1	1	GEN 50:2
ବୈଦ୍ୟମାନେ	1	1	1	1	GEN 50:2
ବୈଧବ୍ୟ	1	1	1	1	ISA 47:9
ବୈଧବ୍ୟ-ଦଶାରେ	1	1	1	0	2SA 20:3
ବୈରଭାବ	1	1	1	0	GEN 3:15
ବୈରି	1	1	1	0	EST 3:10
ବୈରୀ	1	1	1	0	EXO 23:22
ବୈରୀମାନଙ୍କର	1	1	1	0	EXO 23:22
ବୈରୀର	1	1	1	0	EXO 23:5
ବୋଖରୁ	2	2	1	2	1CH 8:38
ବୋଖୀମକୁ	1	1	1	1	JDG 2:1
ବୋଖୀମ୍	1	1	1	0	JDG 2:5
ବୋଝ	12	12	6	14	DEU 1:12
ବୋଝାଇ	4	4	3	4	GEN 44:13
ବୋତ୍ସେସ	1	1	1	1	1SA 14:4
ବୋଧ	57	57	28	48	GEN 3:7
ବୋଧଗମ୍ୟ	3	3	3	3	LUK 9:45
ବୋଧର	7	7	6	7	JOB 37:5
ବୋଧରେ	4	4	4	4	JOB 12:5
ବୋଧାଗମ୍ୟ	4	4	3	3	1KI 10:3
ବୋଧାତୀତ	1	1	1	1	PSA 131:1
ବୋବାଇବେ	1	1	1	1	ISA 13:22
ବୋବାଏ	1	1	1	1	JOB 6:5
ବୋବାନ୍ତି	1	1	1	1	JOB 30:7
ବୋରୋତୀୟ	2	2	1	0	2SA 4:2
ବୋଲ	3	3	2	1	LEV 1:2
ବୋଲାଉଥିବାରୁ	1	1	1	1	JHN 10:33
ବୋଲାଯାଏ	1	1	1	1	JDG 10:4
ବୋଲି	1031	1031	58	1108	GEN 12:12
ବୋଲିବେ	1	1	1	1	GEN 30:13
ବୋଲିରୁ	1	1	1	0	MAT 26:73
ବୋହନର	2	2	1	2	JOS 15:6
ବୋହି	2	2	2	22	MAT 9:2
ବୋହିନେଇ	1	1	1	1	ACT 5:15
ବୋହିବାକୁ	1	1	1	1	1SA 21:13
ବୋହୁର	1	1	1	1	MAT 10:35
ବୋହୂ	2	2	1	2	LUK 12:53
ବୋୟଜ	19	19	3	21	RUT 2:1
ବୋୟଜକୁ	2	2	2	2	RUT 4:8
ବୋୟଜଙ୍କ	1	1	1	4	LUK 3:32
ବୋୟଜର	5	5	1	5	RUT 2:3
ବୋୟସ୍	2	2	2	2	1KI 7:21
ବୋୟାଜ	1	1	1	0	MAT 1:5
ବୋୟାଜଙ୍କୁ	1	1	1	1	MAT 1:5
ବୌ	1	1	1	1	PSA 119:40
ବ୍ରତ	13	13	2	11	NUM 6:2
ବ୍ରତକାରୀ	1	1	1	1	NUM 6:13
ବ୍ରତଧାରୀ	1	1	1	1	NUM 6:21
ବ୍ରତର	2	2	1	1	NUM 6:13
ବ୍ରତୀ	2	2	2	1	ROM 12:13
ବ୍ଲାସ୍ତଙ୍କୁ	1	1	1	1	ACT 12:20
ବ୍ୟକ୍ତ	16	16	12	15	1CH 4:38
ବ୍ୟକ୍ତି	138	138	35	170	GEN 15:4
ବ୍ୟକ୍ତିକି	9	9	8	2	GEN 43:11
ବ୍ୟକ୍ତିକୁ	1	1	1	5	EZK 33:2
ବ୍ୟକ୍ତିଗତଭାବେ	1	1	1	1	GAL 1:22
ବ୍ୟକ୍ତିଙ୍କ	22	22	10	25	PSA 2:2
ବ୍ୟକ୍ତିଙ୍କଠାରୁ	2	2	2	2	HEB 11:12
ବ୍ୟକ୍ତିଙ୍କର	7	7	5	7	GEN 44:26
ବ୍ୟକ୍ତିଙ୍କି	14	14	5	4	MAT 9:9
ବ୍ୟକ୍ତିଙ୍କୁ	8	8	5	20	DAN 10:16
ବ୍ୟକ୍ତିଠାରୁ	1	1	1	1	ACT 17:26
ବ୍ୟକ୍ତିମାନଙ୍କ	9	9	7	8	1CH 4:38
ବ୍ୟକ୍ତିମାନଙ୍କର	1	1	1	0	TIT 3:1
ବ୍ୟକ୍ତିମାନଙ୍କୁ	2	2	2	4	MRK 6:22
ବ୍ୟକ୍ତିମାନେ	8	8	5	8	GEN 18:22
ବ୍ୟକ୍ତିର	12	12	11	20	GEN 42:11
ବ୍ୟଗ୍ର	6	6	5	6	EXO 12:33
ବ୍ୟଗ୍ରଚିତ୍ତ	1	1	1	1	ISA 42:14
ବ୍ୟଗ୍ରରେ	1	1	1	1	NAM 2:4
ବ୍ୟଞ୍ଜନ	2	2	1	0	2KI 4:38
ବ୍ୟଞ୍ଜନ-ହଣ୍ଡାରେ	1	1	1	0	2KI 4:39
ବ୍ୟତିବ୍ୟସ୍ତ	2	2	1	2	LUK 10:41
ବ୍ୟତୀତ	7	7	5	52	2KI 5:17
ବ୍ୟଥା	5	5	4	6	JOB 14:22
ବ୍ୟଥାଜନକ	3	3	3	3	DEU 28:59
ବ୍ୟଥାଦାୟକ	1	1	1	1	EZK 28:24
ବ୍ୟଥାଦାୟୀ	1	1	1	1	DEU 28:35
ବ୍ୟଥାରେ	1	1	1	1	GEN 3:16
ବ୍ୟଥାସବୁ	1	1	1	1	ISA 53:4
ବ୍ୟଥିତ	17	17	13	16	DEU 2:25
ବ୍ୟଥିତା	3	3	2	3	ISA 26:17
ବ୍ୟବଧାନ	1	1	1	1	LUK 16:26
ବ୍ୟବସାୟ	26	26	8	26	GEN 46:33
ବ୍ୟବସାୟକାରୀ	1	1	1	1	EZK 27:25
ବ୍ୟବସାୟର	2	2	1	2	ACT 19:25
ବ୍ୟବସାୟରୁ	1	1	1	1	1KI 10:15
ବ୍ୟବସାୟରେ	2	2	2	2	PRO 22:29
ବ୍ୟବସାୟୀ	11	11	5	12	GEN 46:32
ବ୍ୟବସାୟୀମାନଙ୍କ	1	1	1	1	ISA 50:1
ବ୍ୟବସାୟୀମାନଙ୍କର	4	4	3	6	EZK 26:17
ବ୍ୟବସାୟୀମାନଙ୍କୁ	3	3	1	3	JHN 2:14
ବ୍ୟବସାୟୀମାନେ	2	2	1	2	EZK 27:22
ବ୍ୟବସ୍ଥା	274	274	43	320	GEN 26:5
ବ୍ୟବସ୍ଥା-ଅଧ୍ୟାପକ	1	1	1	0	ACT 5:34
ବ୍ୟବସ୍ଥା-ଗ୍ରନ୍ଥର	1	1	1	0	JOS 8:34
ବ୍ୟବସ୍ଥା-ଗ୍ରନ୍ଥରେ	1	1	1	0	JOS 23:6
ବ୍ୟବସ୍ଥା-ଜ୍ଞାନ	1	1	1	1	EZK 7:26
ବ୍ୟବସ୍ଥା-ନିରୂପିତ	1	1	1	1	NEH 12:44
ବ୍ୟବସ୍ଥା-ପୁସ୍ତକ	8	8	4	7	DEU 31:26
ବ୍ୟବସ୍ଥା-ପୁସ୍ତକରୁ	4	4	2	2	2KI 22:11
ବ୍ୟବସ୍ଥା-ପୁସ୍ତକରେ	3	3	2	3	DEU 28:61
ବ୍ୟବସ୍ଥା-ବିହୀନ	2	2	2	0	2CH 15:3
ବ୍ୟବସ୍ଥାକୁ	8	8	5	9	PSA 119:97
ବ୍ୟବସ୍ଥାଗତ	1	1	1	1	PHP 3:6
ବ୍ୟବସ୍ଥାଗ୍ରନ୍ଥର	2	2	1	3	JOS 8:31
ବ୍ୟବସ୍ଥାଠାରୁ	1	1	1	1	EST 3:8
ବ୍ୟବସ୍ଥାତ୍ୟାଗକାରୀମାନେ	1	1	1	1	PRO 28:4
ବ୍ୟବସ୍ଥାଦାତା	2	2	2	2	ISA 33:22
ବ୍ୟବସ୍ଥାଧୀନ	3	3	2	2	ROM 3:19
ବ୍ୟବସ୍ଥାଧ୍ୟାପକ	2	2	1	2	EZR 7:12
ବ୍ୟବସ୍ଥାଧ୍ୟାପକମାନେ	1	1	1	0	LUK 5:17
ବ୍ୟବସ୍ଥାନୁଯାୟୀ	4	4	4	4	EST 4:16
ବ୍ୟବସ୍ଥାନୁସାରେ	19	19	13	21	EXO 16:4
ବ୍ୟବସ୍ଥାପକ-ଗଣଙ୍କୁ	1	1	1	0	DAN 3:2
ବ୍ୟବସ୍ଥାପକଗଣ	1	1	1	1	DAN 3:3
ବ୍ୟବସ୍ଥାପକର	1	1	1	1	DEU 33:21
ବ୍ୟବସ୍ଥାପାଳନ	1	1	1	0	PHP 3:9
ବ୍ୟବସ୍ଥାପୁସ୍ତକ	1	1	1	0	DEU 29:21
ବ୍ୟବସ୍ଥାପୁସ୍ତକରେ	1	1	1	0	2KI 14:6
ବ୍ୟବସ୍ଥାପ୍ରଦାନ	1	1	1	1	ROM 9:4
ବ୍ୟବସ୍ଥାବଲମ୍ବୀ	1	1	1	1	ROM 4:16
ବ୍ୟବସ୍ଥାବଲମ୍ବୀମାନେ	1	1	1	1	ROM 4:14
ବ୍ୟବସ୍ଥାବିରୁଦ୍ଧ	1	1	1	0	EZR 7:24
ବ୍ୟବସ୍ଥାବିହୀନ	4	4	2	6	ROM 2:12
ବ୍ୟବସ୍ଥାମୂଳକ	3	3	2	3	ROM 10:5
ବ୍ୟବସ୍ଥାର	69	69	23	78	EXO 18:20
ବ୍ୟବସ୍ଥାରୁ	12	12	5	13	DEU 17:18
ବ୍ୟବସ୍ଥାରୂପ	1	1	1	1	NEH 9:29
ବ୍ୟବସ୍ଥାରେ	18	18	10	25	2CH 31:4
ବ୍ୟବସ୍ଥାଲିଖିତ	1	1	1	1	1KI 2:3
ବ୍ୟବସ୍ଥାଶାସ୍ତ୍ର	1	1	1	0	MAT 11:13
ବ୍ୟବସ୍ଥାଶାସ୍ତ୍ରଜ୍ଞ	5	5	3	4	MAT 22:35
ବ୍ୟବସ୍ଥାଶାସ୍ତ୍ରଜ୍ଞମାନଙ୍କ	1	1	1	0	LUK 11:45
ବ୍ୟବସ୍ଥାଶାସ୍ତ୍ରଜ୍ଞମାନେ	2	2	1	1	LUK 7:30
ବ୍ୟବସ୍ଥାଶାସ୍ତ୍ରରେ	2	2	1	0	LUK 2:24
ବ୍ୟବସ୍ଥାସକଳ	1	1	1	0	DAN 9:10
ବ୍ୟବସ୍ଥାସବୁ	3	3	3	3	EXO 18:16
ବ୍ୟବହାର	168	168	46	187	GEN 12:18
ବ୍ୟବହାରର	1	1	1	1	OBA 1:15
ବ୍ୟବହାରରେ	2	2	2	2	PSA 106:39
ବ୍ୟବହାରାନୁସାରେ	7	7	6	7	GEN 19:31
ବ୍ୟଭିଚାର	114	114	26	125	GEN 38:24
ବ୍ୟଭିଚାର-ରୂପ	1	1	1	0	REV 17:2
ବ୍ୟଭିଚାରକ୍ରିୟା	1	1	1	0	LEV 21:9
ବ୍ୟଭିଚାରଠାରୁ	1	1	1	2	1CO 6:18
ବ୍ୟଭିଚାରର	6	6	4	7	NUM 14:33
ବ୍ୟଭିଚାରରୁ	3	3	3	3	HOS 1:2
ବ୍ୟଭିଚାରରୂପ	1	1	1	3	EZK 16:15
ବ୍ୟଭିଚାରରେ	1	1	1	0	2PE 2:14
ବ୍ୟଭିଚାରିଣୀ	13	13	7	14	GEN 38:24
ବ୍ୟଭିଚାରିଣୀମାନେ	1	1	1	1	JAS 4:4
ବ୍ୟଭିଚାରିଣୀର	1	1	1	1	PRO 7:8
ବ୍ୟଭିଚାରୀ	19	19	11	21	LEV 20:5
ବ୍ୟଭିଚାରୀଗଣରେ	1	1	1	2	JER 23:10
ବ୍ୟଭିଚାରୀମାନଙ୍କ	2	2	2	2	1CO 5:9
ବ୍ୟଭିଚାରୀମାନଙ୍କର	1	1	1	1	PSA 50:18
ବ୍ୟର୍ଥ	29	29	16	29	NUM 30:8
ବ୍ୟର୍ଥନ୍ତ	1	1	1	0	JER 3:23
ବ୍ୟର୍ଥରେ	9	9	5	9	PSA 73:13
ବ୍ୟସ୍ତ	16	16	14	19	EXO 5:9
ବ୍ୟସ୍ତତା	1	1	1	1	1SA 25:31
ବ୍ୟାକୁଳ	30	30	14	32	GEN 27:34
ବ୍ୟାକୁଳତା	4	4	4	7	GEN 42:21
ବ୍ୟାକୁଳତାଜନକ	1	1	1	1	1SA 5:9
ବ୍ୟାକୁଳତାର	1	1	1	1	ISA 22:5
ବ୍ୟାକୁଳିତ	4	4	2	4	DAN 4:19
ବ୍ୟାକୁଳିତା	1	1	1	1	JER 22:22
ବ୍ୟାଖ୍ୟା	4	4	4	6	DEU 1:5
ବ୍ୟାଙ୍କରେ	1	1	1	1	LUK 19:23
ବ୍ୟାଧ	4	4	2	4	GEN 10:9
ବ୍ୟାଧର	4	4	3	3	PSA 91:3
ବ୍ୟାଧି	4	4	2	4	PSA 41:8
ବ୍ୟାଧିର	1	1	1	1	DEU 32:24
ବ୍ୟାଧିରୁ	1	1	1	1	PSA 38:11
ବ୍ୟାଧିଶଯ୍ୟାଗତ	1	1	1	1	PSA 41:3
ବ୍ୟାଧିସବୁ	1	1	1	1	MAT 8:17
ବ୍ୟାପଇ	1	1	1	1	NUM 21:30
ବ୍ୟାପାର	4	4	3	4	PSA 107:24
ବ୍ୟାପାରରେ	1	1	1	1	PSA 131:1
ବ୍ୟାପି	12	12	9	11	EXO 1:12
ବ୍ୟାପିଅଛି	1	1	1	1	DAN 4:22
ବ୍ୟାପିଗଲା	17	17	11	17	1SA 14:23
ବ୍ୟାପିଗଲେ	4	4	3	4	GEN 10:18
ବ୍ୟାପିଥାଏ	1	1	1	1	LEV 13:27
ବ୍ୟାପିଥିଲା	1	1	1	1	ZEP 3:19
ବ୍ୟାପିବ	1	1	1	1	JER 25:31
ବ୍ୟାପିବାକୁ	1	1	1	1	ACT 12:24
ବ୍ୟାପିଯାଇ	2	2	2	2	MAT 28:15
ବ୍ୟାପିଯାଇଅଛି	2	2	2	2	ROM 16:19
ବ୍ୟାପିଯାଏ	1	1	1	1	LEV 13:35
ବ୍ୟାପିଯିବ	1	1	1	1	EST 1:17
ବ୍ୟାପିଲା	4	4	4	4	LEV 13:8
ବ୍ୟାପିଲେ	1	1	1	1	1KI 20:27
ବ୍ୟାପୀ	1	1	1	1	LEV 25:11
ବ୍ୟାପୃତ	2	2	1	0	TIT 3:8
ବ୍ୟାପେ	2	2	1	2	LEV 13:7
ବ୍ୟାପ୍ତ	20	20	14	18	GEN 1:2
ବ୍ୟାୟାମ	1	1	1	1	1TI 4:8
ବ୍ୟୟ	18	18	13	18	EXO 21:19
ବ୍ୟୟଭାର	1	1	1	1	NEH 5:15
ବ୍ୟୟର	1	1	1	1	ISA 54:2
ବ୍ୟୟରେ	1	1	1	1	1CO 9:7
ବ୍ୟୟହିସାବ	1	1	1	1	LUK 14:28
ବୟଃକ୍ରମରେ	1	1	1	1	ISA 65:20
ବୟଃପ୍ରାପ୍ତ	2	2	2	1	HOS 12:3
ବୟଃପ୍ରାପ୍ତି	1	1	1	0	RUT 1:13
ବୟସ	40	40	15	40	GEN 5:5
ବୟସପ୍ରାପ୍ତ	3	3	2	4	JHN 9:21
ବୟସର	3	3	2	4	GEN 7:11
ବୟସରୁ	1	1	1	1	NUM 8:24
ବୟସରେ	38	38	8	40	GEN 5:3
ବୟସରେଏକ	1	1	1	0	GEN 5:28
ବୟସ୍କ	89	89	12	98	EXO 30:14
ବୟସ୍କଠାରୁ	7	7	1	7	NUM 4:3
ବୟସ୍କା	1	1	1	2	GEN 17:17
ବୟାନବେ	2	2	2	2	EZR 2:58
ବୟାଳିଶ	14	14	7	14	NUM 35:6
ବୟାଶୀ	2	2	1	0	GEN 5:26
ବୟିଷାଥ	1	1	1	1	EST 9:9
ବୟୋଧିକ	1	1	1	0	TIT 2:2
ବୟୋଧିକା	1	1	1	0	TIT 2:3
ଭଉଁରିଜାଲ	2	2	2	0	MAT 4:18
ଭଉଣୀ	12	12	8	25	GEN 12:13
ଭଉଣୀକି	1	1	1	1	GEN 34:27
ଭଉଣୀକୁ	1	1	1	1	GEN 34:14
ଭଉଣୀଣ	1	1	1	0	JER 22:18
ଭଉଣୀମାନେ	4	4	3	4	MAT 13:56
ଭକ୍ତ	8	8	4	11	ISA 57:1
ଭକ୍ତକୁ	2	2	1	0	ACT 2:27
ଭକ୍ତଗଣ	1	1	1	1	PSA 149:5
ଭକ୍ତବୃନ୍ଦର	1	1	1	1	PSA 149:9
ଭକ୍ତମାନଙ୍କ	1	1	1	1	PSA 149:1
ଭକ୍ତି	7	7	6	8	JOB 15:4
ଭକ୍ତିର	1	1	1	1	2TI 3:5
ଭକ୍ତିସଙ୍ଗତ	1	1	1	0	TIT 1:2
ଭକ୍ଷକର	1	1	1	1	NAM 3:12
ଭକ୍ଷଣ	8	8	4	5	GEN 49:27
ଭକ୍ଷିତ	1	1	1	0	ACT 12:23
ଭକ୍ଷ୍ୟ	99	99	19	144	GEN 1:30
ଭକ୍ଷ୍ୟ-ନୈବେଦ୍ୟ	80	80	12	45	LEV 2:1
ଭକ୍ଷ୍ୟ-ନୈବେଦ୍ୟକୁ	1	1	1	0	LEV 2:13
ଭକ୍ଷ୍ୟ-ନୈବେଦ୍ୟର	6	6	2	1	LEV 2:3
ଭକ୍ଷ୍ୟ-ନୈବେଦ୍ୟରୁ	3	3	2	1	LEV 2:9
ଭକ୍ଷ୍ୟ-ନୈବେଦ୍ୟାର୍ଥେ	1	1	1	1	NUM 7:13
ଭକ୍ଷ୍ୟକୁ	1	1	1	1	JOB 33:20
ଭକ୍ଷ୍ୟଦ୍ରବ୍ୟ	4	4	4	4	GEN 14:11
ଭକ୍ଷ୍ୟନୈବେଦ୍ୟ	3	3	1	0	NUM 7:55
ଭକ୍ଷ୍ୟର	3	3	3	3	JOB 34:3
ଭକ୍ଷ୍ୟରୂପ	1	1	1	1	PSA 105:16
ଭକ୍ଷ୍ୟରେ	2	2	2	2	JOB 27:14
ଭକ୍ଷ୍ୟହୀନ	1	1	1	1	2SA 3:29
ଭଗିନୀ	68	68	15	59	GEN 12:19
ଭଗିନୀକି	6	6	5	2	GEN 36:3
ଭଗିନୀଗଣ	2	2	2	2	JOS 2:13
ଭଗିନୀଗଣକୁ	4	4	1	4	EZK 16:51
ଭଗିନୀଗଣର	2	2	1	2	EZK 16:45
ଭଗିନୀଙ୍କି	1	1	1	0	JOB 1:4
ଭଗିନୀଠାରୁ	1	1	1	1	EZK 23:18
ଭଗିନୀର	10	10	5	10	GEN 24:30
ଭଗ୍ନ	109	109	25	116	EXO 21:27
ଭଗ୍ନ-ଆତ୍ମା	1	1	1	1	PSA 51:17
ଭଗ୍ନ-ପ୍ରାଚୀର	1	1	1	1	ISA 58:12
ଭଗ୍ନ-ପ୍ରାଚୀରବିଶିଷ୍ଟ	1	1	1	0	EZK 26:10
ଭଗ୍ନ-ସ୍ଥାନ	2	2	2	2	2SA 5:20
ଭଗ୍ନ-ସ୍ଥାନର	1	1	1	0	EZK 13:5
ଭଗ୍ନକାରୀ	3	3	3	2	MIC 2:13
ଭଗ୍ନକୋଷ	1	1	1	1	LEV 21:20
ଭଗ୍ନଖଣ୍ଡ	1	1	1	1	EZK 23:34
ଭଗ୍ନଦଶା	1	1	1	1	PSA 144:14
ଭଗ୍ନପଦ	1	1	1	0	LEV 21:19
ଭଗ୍ନପାତ୍ର	1	1	1	1	JER 22:28
ଭଗ୍ନପ୍ରାଚୀର	1	1	1	0	NEH 2:13
ଭଗ୍ନସ୍ଥାନ	6	6	5	6	1KI 11:27
ଭଗ୍ନସ୍ଥାନମାନ	1	1	1	1	2KI 12:6
ଭଗ୍ନସ୍ଥାନର	1	1	1	2	PSA 60:2
ଭଗ୍ନସ୍ଥାନରେ	1	1	1	1	PSA 106:23
ଭଗ୍ନସ୍ଥାନସବୁ	4	4	2	4	2KI 12:7
ଭଗ୍ନହସ୍ତ	1	1	1	1	LEV 21:19
ଭଗ୍ନାଙ୍ଗ	2	2	1	2	EXO 22:10
ଭଗ୍ନାଙ୍ଗମାନଙ୍କୁ	1	1	1	1	ZEC 11:16
ଭଗ୍ନାଙ୍ଗର	2	2	1	2	EZK 34:4
ଭଗ୍ନାନ୍ତଃକରଣ	2	2	2	2	PSA 109:16
ଭଗ୍ନାନ୍ତଃକରଣମାନଙ୍କର	1	1	1	1	PSA 34:18
ଭଗ୍ନାନ୍ତଃକରଣମାନଙ୍କୁ	1	1	1	1	PSA 147:3
ଭଗ୍ନାବଶିଷ୍ଟାଂଶ	1	1	1	1	EZK 31:14
ଭଗ୍ନୀ	10	10	7	6	GEN 4:22
ଭଗ୍ନୀଗଣକୁ	1	1	1	0	HOS 2:1
ଭଗ୍ନୀତୁଲ୍ୟ	1	1	1	0	1TI 5:2
ଭଗ୍ନୀମାନଙ୍କୁ	1	1	1	0	LUK 14:26
ଭଗ୍ନୋତ୍ସାହମାନଙ୍କୁ	1	1	1	1	2CO 7:6
ଭଙ୍ଗ	6	6	3	8	GEN 41:4
ଭଙ୍ଗା	17	17	11	13	LEV 6:28
ଭଙ୍ଗାଖଣ୍ଡ	1	1	1	0	ACT 27:44
ଭଙ୍ଗାଯାଇ	1	1	1	1	ISA 19:10
ଭଙ୍ଗାଯାଇଅଛି	1	1	1	1	1SA 2:4
ଭଙ୍ଗାଯାଉ	1	1	1	1	JHN 19:31
ଭଙ୍ଗାଯାଏ	1	1	1	1	ISA 30:14
ଭଙ୍ଗାଯା’ନ୍ତେ	1	1	1	1	NUM 10:17
ଭଙ୍ଗାଯିବ	4	4	2	5	LEV 11:35
ଭଜନା	7	7	5	6	EXO 4:31
ଭଜନାର୍ଥେ	1	1	1	1	ISA 2:21
ଭଜା	10	10	8	11	LEV 2:5
ଭଜାଶସ୍ୟ	2	2	2	2	LEV 23:14
ଭଜାଶସ୍ୟରୁ	1	1	1	1	1SA 17:17
ଭଞ୍ଜନ	3	3	2	2	2CH 19:8
ଭଡ଼ା	12	12	7	12	GEN 30:16
ଭଡ଼ାଘରେ	1	1	1	2	ACT 28:30
ଭଡ଼ାଟିଆ	2	2	2	2	EXO 22:15
ଭଡ଼ାଟୀୟା	1	1	1	1	ISA 23:17
ଭଣଜା	2	2	2	2	GEN 29:13
ଭଣ୍ଡ	17	17	9	43	MAT 7:15
ଭଣ୍ଡାର	18	18	11	26	DEU 28:12
ଭଣ୍ଡାର-କୋଠରିକି	1	1	1	0	NEH 10:38
ଭଣ୍ଡାର-ଗୃହରେ	2	2	2	1	1CH 29:8
ଭଣ୍ଡାର-ଗୃହସକଳର	1	1	1	1	NEH 12:25
ଭଣ୍ଡାର-ନଗର	2	2	2	1	1KI 9:19
ଭଣ୍ଡାର-ନଗରମାନ	1	1	1	1	2CH 17:12
ଭଣ୍ଡାର-ନଗରସବୁ	1	1	1	1	2CH 8:4
ଭଣ୍ଡାର-ସମୂହରୁ	1	1	1	0	JER 51:16
ଭଣ୍ଡାରକୁ	3	3	3	3	JOS 6:19
ଭଣ୍ଡାରଗୃହ	2	2	1	0	1CH 26:15
ଭଣ୍ଡାରଗୃହରୁ	1	1	1	0	EZR 7:20
ଭଣ୍ଡାରଘରିଆ	4	4	3	5	1CO 4:1
ଭଣ୍ଡାରମାନରେ	1	1	1	1	2KI 18:15
ଭଣ୍ଡାରର	4	4	4	4	EXO 1:11
ଭଣ୍ଡାରରୁ	8	8	4	9	1KI 15:18
ଭଣ୍ଡାରରେ	18	18	13	16	DEU 32:34
ଭଣ୍ଡାରସବୁ	2	2	2	2	PSA 144:13
ଭଣ୍ଡାରସବୁର	1	1	1	1	1CH 27:25
ଭଣ୍ଡାରସମୂହ	1	1	1	1	JER 50:37
ଭଣ୍ଡାରସମୂହର	2	2	2	1	1CH 9:26
ଭଣ୍ଡାରସମୂହରୁ	2	2	2	2	PSA 135:7
ଭଣ୍ଡାରସମୂହରେ	2	2	2	1	2KI 20:15
ଭଣ୍ଡାରସ୍ଥିତ	2	2	2	2	2KI 20:13
ଭଦ୍ର	2	2	2	2	ACT 17:4
ଭଦ୍ରତା	2	2	2	2	GAL 5:23
ଭଦ୍ରେ	1	1	1	1	2JN 1:5
ଭବିଷ୍ୟତ	37	37	14	53	GEN 9:9
ଭବିଷ୍ୟତକାଳ	1	1	1	1	PRO 31:25
ଭବିଷ୍ୟତକାଳର	1	1	1	1	2PE 2:6
ଭବିଷ୍ୟତକାଳରେ	1	1	1	0	1TI 1:16
ଭବିଷ୍ୟତରେ	4	4	4	14	NUM 24:14
ଭବିଷ୍ୟତ୍କାଳ	1	1	1	1	ISA 42:23
ଭବିଷ୍ୟତ୍ବାକ୍ୟ	1	1	1	0	2CH 15:8
ଭବିଷ୍ୟଦ	1	1	1	2	PSA 102:18
ଭବିଷ୍ୟଦ୍	6	6	5	8	NUM 11:29
ଭବିଷ୍ୟଦ୍-ପୁରୁଷମାନେ	1	1	1	0	LEV 23:43
ଭବିଷ୍ୟଦ୍-ବକ୍ତା	2	2	2	0	DEU 13:1
ଭବିଷ୍ୟଦ୍-ବକ୍ତାଗଣ	5	5	4	0	2KI 21:10
ଭବିଷ୍ୟଦ୍-ବକ୍ତାଗଣଙ୍କୁ	1	1	1	0	JER 35:15
ଭବିଷ୍ୟଦ୍-ବକ୍ତାଗଣଠାରୁ	1	1	1	0	JER 23:15
ଭବିଷ୍ୟଦ୍-ବକ୍ତାଗଣର	5	5	3	0	2KI 4:38
ଭବିଷ୍ୟଦ୍-ବକ୍ତାଗଣରୂପ	1	1	1	1	ISA 29:10
ଭବିଷ୍ୟଦ୍-ବକ୍ତାଙ୍କ	4	4	2	0	2KI 14:25
ଭବିଷ୍ୟଦ୍-ବକ୍ତାଙ୍କଠାରୁ	1	1	1	0	2CH 21:12
ଭବିଷ୍ୟଦ୍-ବକ୍ତାଙ୍କର	1	1	1	0	JER 36:8
ଭବିଷ୍ୟଦ୍-ବକ୍ତାଠାରୁ	1	1	1	0	JER 6:13
ଭବିଷ୍ୟଦ୍-ବକ୍ତାମାନଙ୍କ	4	4	4	2	1SA 10:11
ଭବିଷ୍ୟଦ୍-ବକ୍ତାମାନଙ୍କୁ	3	3	2	0	1KI 18:25
ଭବିଷ୍ୟଦ୍-ବକ୍ତାମାନେ	3	3	3	0	EZR 5:1
ଭବିଷ୍ୟଦ୍-ବକ୍ତାର	4	4	3	0	2KI 23:18
ଭବିଷ୍ୟଦ୍-ବାକ୍ୟ	12	12	4	5	EZR 5:1
ଭବିଷ୍ୟଦ୍ବଂଶକୁ	1	1	1	1	GEN 48:4
ଭବିଷ୍ୟଦ୍ବକ୍ତା	115	115	21	154	GEN 20:7
ଭବିଷ୍ୟଦ୍ବକ୍ତା-ମାନଙ୍କର	1	1	1	0	2CH 18:12
ଭବିଷ୍ୟଦ୍ବକ୍ତା-ମାନେ	1	1	1	0	NEH 9:26
ଭବିଷ୍ୟଦ୍ବକ୍ତାକୁ	4	4	2	0	JER 23:37
ଭବିଷ୍ୟଦ୍ବକ୍ତାଗଣ	16	16	10	20	2KI 24:2
ଭବିଷ୍ୟଦ୍ବକ୍ତାଗଣକୁ	8	8	4	2	2CH 36:16
ଭବିଷ୍ୟଦ୍ବକ୍ତାଗଣଙ୍କ	2	2	2	16	2KI 2:7
ଭବିଷ୍ୟଦ୍ବକ୍ତାଗଣଙ୍କୁ	3	3	2	11	JER 25:4
ଭବିଷ୍ୟଦ୍ବକ୍ତାଗଣର	11	11	5	3	1KI 20:35
ଭବିଷ୍ୟଦ୍ବକ୍ତାଙ୍କ	24	24	9	61	1SA 10:5
ଭବିଷ୍ୟଦ୍ବକ୍ତାଙ୍କର	9	9	6	12	1KI 16:7
ଭବିଷ୍ୟଦ୍ବକ୍ତାଙ୍କୁ	16	16	5	22	2SA 7:2
ଭବିଷ୍ୟଦ୍ବକ୍ତାଠାରୁ	1	1	1	2	JER 8:10
ଭବିଷ୍ୟଦ୍ବକ୍ତାମାନଙ୍କ	12	12	5	16	1SA 10:11
ଭବିଷ୍ୟଦ୍ବକ୍ତାମାନଙ୍କର	3	3	2	4	1KI 22:6
ଭବିଷ୍ୟଦ୍ବକ୍ତାମାନଙ୍କୁ	11	11	6	15	1KI 18:4
ଭବିଷ୍ୟଦ୍ବକ୍ତାମାନେ	35	35	7	39	2KI 23:2
ଭବିଷ୍ୟଦ୍ବକ୍ତାର	10	10	7	9	DEU 13:3
ଭବିଷ୍ୟଦ୍ବକ୍ତ୍ରୀ	5	5	5	7	EXO 15:20
ଭବିଷ୍ୟଦ୍ବକ୍ତ୍ରୀଠାରେ	1	1	1	0	ISA 8:3
ଭବିଷ୍ୟଦ୍ବାକ୍ୟ	103	103	13	104	1SA 10:5
ଭବିଷ୍ୟଦ୍ବାକ୍ୟରେ	1	1	1	0	2CH 9:29
ଭଭୟର	1	1	1	0	LUK 16:13
ଭରଣ	1	1	1	1	LUK 16:7
ଭରଣପୋଷଣ	3	3	2	3	ISA 1:2
ଭରସା	93	93	27	104	DEU 28:52
ଭରସାକାରୀ	2	2	1	2	PSA 31:24
ଭରସାକାରୀମାନଙ୍କଠାରେ	1	1	1	1	PSA 147:11
ଭରସାକୁ	1	1	1	1	HEB 6:18
ଭରସାନୁସାରେ	1	1	1	1	TIT 3:7
ଭରସାଭୂମି	1	1	1	1	1TI 1:1
ଭରସାଯୁକ୍ତ	3	3	3	3	PSA 119:49
ଭରସାର	6	6	4	7	PRO 11:23
ଭରସାରୁ	1	1	1	1	COL 1:23
ଭରସାରୂପ	2	2	2	1	HOS 2:15
ଭରସାରେ	5	5	3	5	ACT 2:26
ଭରସାହୀନ	2	2	2	2	EPH 2:12
ଭରସେ	1	1	1	0	DEU 28:56
ଭରା	2	2	2	2	ACT 26:16
ଭରିଅଛନ୍ତି	1	1	1	1	ISA 40:12
ଭର୍ତ୍ତି	9	9	5	9	JOS 9:13
ଭର୍ତ୍ସନା	10	10	8	14	GEN 31:36
ଭର୍ତ୍ସନାକାରୀ	2	2	2	2	PRO 25:12
ଭର୍ତ୍ସନାରେ	1	1	1	1	EZK 5:15
ଭର୍ଯ୍ୟାଗଣର	1	1	1	1	JER 44:9
ଭଲ	320	320	46	320	GEN 2:18
ଭଲକୁ	4	4	2	4	ISA 5:20
ଭଲମନ୍ଦ	2	2	1	1	GEN 24:50
ଭଲମନ୍ଦର	1	1	1	0	GEN 3:22
ଭଲଯାକ	1	1	1	1	MAT 13:48
ଭଲରେ	1	1	1	1	1SA 24:19
ଭଲା	2	2	2	0	JDG 9:38
ଭଲ୍ଲୁକର	3	3	3	3	ISA 59:11
ଭଲ୍ଲୁକୀ	4	4	4	5	2SA 17:8
ଭଲ୍ଲୂକୀ	1	1	1	0	PRO 17:12
ଭଳି	8	8	5	16	EXO 32:25
ଭସାଇ	3	3	3	3	JDG 5:21
ଭସାଇଦେବା	1	1	1	1	REV 12:15
ଭସାଇଲେ	1	1	1	1	2KI 6:6
ଭସାଏ	1	1	1	1	PSA 6:6
ଭସ୍ମ	26	26	13	29	EXO 9:8
ଭସ୍ମଧାନୀ	2	2	1	2	EXO 27:3
ଭସ୍ମନିକ୍ଷେପ-ସ୍ଥାନକୁ	1	1	1	0	LEV 4:12
ଭସ୍ମନିକ୍ଷେପ-ସ୍ଥାନରେ	1	1	1	0	LEV 4:12
ଭସ୍ମମାତ୍ର	1	1	1	1	GEN 18:27
ଭସ୍ମର	2	2	2	2	ISA 61:3
ଭସ୍ମରୂପ	1	1	1	1	JOB 13:12
ଭସ୍ମରେ	8	8	7	7	EST 4:3
ଭସ୍ମସାତ୍	5	5	4	5	EXO 12:10
ଭସ୍ମୀକୃତ	1	1	1	1	ISA 33:12
ଭାଇ	150	150	29	189	GEN 4:8
ଭାଇକି	22	22	8	0	GEN 37:26
ଭାଇକୁ	14	14	4	25	LUK 12:13
ଭାଇଙ୍କ	4	4	3	5	MAT 20:24
ଭାଇଙ୍କର	1	1	1	1	1KI 2:15
ଭାଇଙ୍କି	4	4	3	1	JDG 9:56
ଭାଇଙ୍କୁ	6	6	5	15	GEN 9:22
ଭାଇଟି	1	1	1	1	LUK 15:32
ଭାଇଠାରୁ	4	4	4	4	DEU 15:2
ଭାଇଠାରେ	1	1	1	1	DEU 15:3
ଭାଇଣ	1	1	1	0	JER 22:18
ଭାଇମାନଙ୍କ	51	51	18	57	GEN 16:12
ଭାଇମାନଙ୍କ-ଠାରୁ	1	1	1	0	HEB 7:5
ଭାଇମାନଙ୍କଠାରୁ	2	2	2	3	ACT 15:33
ଭାଇମାନଙ୍କର	4	4	4	7	GEN 47:11
ଭାଇମାନଙ୍କୁ	48	48	20	53	GEN 37:5
ଭାଇମାନେ	147	147	26	160	GEN 19:7
ଭାଇର	25	25	12	25	GEN 4:9
ଭାଗ	34	34	16	43	GEN 14:24
ଭାଗକୁ	3	3	2	3	JDG 1:3
ଭାଗବିଭାଗ	1	1	1	1	JOB 41:6
ଭାଗର	3	3	1	6	EXO 28:27
ଭାଗରୁ	6	6	6	6	GEN 43:34
ଭାଗରେ	35	35	13	39	GEN 1:6
ଭାଗୀ	2	2	1	2	PRO 14:10
ଭାଗ୍ୟଗଣନା	1	1	1	1	ACT 16:16
ଭାଗ୍ୟଦେବ	1	1	1	0	ISA 65:11
ଭାଙ୍ଗ	1	1	1	1	HOS 10:12
ଭାଙ୍ଗି	141	141	31	145	EXO 23:24
ଭାଙ୍ଗିଅଛ	2	2	2	2	EXO 34:1
ଭାଙ୍ଗିଅଛନ୍ତି	4	4	4	5	PSA 107:16
ଭାଙ୍ଗିଅଛି	4	4	3	4	JDG 6:30
ଭାଙ୍ଗିଅଛୁ	2	2	2	2	LEV 26:13
ଭାଙ୍ଗିଗଲା	4	4	4	4	GEN 7:11
ଭାଙ୍ଗିଥାଅ	1	1	1	1	PSA 48:7
ଭାଙ୍ଗିଥିଲି	2	2	1	2	MRK 8:19
ଭାଙ୍ଗିଦିଅ	1	1	1	1	1KI 15:19
ଭାଙ୍ଗିଦେଲେ	1	1	1	1	2KI 18:4
ଭାଙ୍ଗିପକାଅ	1	1	1	0	DEU 33:11
ଭାଙ୍ଗିପାରେ	1	1	1	1	JER 15:12
ଭାଙ୍ଗିବ	6	6	4	6	EXO 12:46
ଭାଙ୍ଗିବା	8	8	5	8	LEV 26:30
ଭାଙ୍ଗିବାକୁ	4	4	4	4	GEN 19:9
ଭାଙ୍ଗିବାର	2	2	2	2	ECC 3:3
ଭାଙ୍ଗିବାରୁ	1	1	1	1	JDG 6:32
ଭାଙ୍ଗିବାରେ	2	2	2	2	LUK 24:35
ଭାଙ୍ଗିବେ	6	6	5	6	NUM 1:51
ଭାଙ୍ଗିଭାଙ୍ଗି	1	1	1	1	JOB 16:14
ଭାଙ୍ଗିଯାଇ	1	1	1	1	1SA 4:18
ଭାଙ୍ଗିଯାଉ	1	1	1	1	JOB 31:22
ଭାଙ୍ଗିଯାଏ	2	2	2	2	PRO 4:16
ଭାଙ୍ଗିଯିବା	1	1	1	1	JON 1:4
ଭାଙ୍ଗିଯିବାକୁ	1	1	1	0	ACT 27:41
ଭାଙ୍ଗିଲ	2	2	2	2	DEU 10:2
ଭାଙ୍ଗିଲା	2	2	2	3	JER 28:12
ଭାଙ୍ଗିଲି	1	1	1	1	DEU 9:17
ଭାଙ୍ଗିଲେ	10	10	6	10	EXO 32:19
ଭାଙ୍ଗୁ	2	2	2	2	EZK 14:13
ଭାଙ୍ଗୁଅଛ	1	1	1	1	MIC 3:3
ଭାଙ୍ଗେ	2	2	2	2	ECC 10:8
ଭାଜ	1	1	1	1	EXO 16:23
ଭାଜିଥିଲା	1	1	1	0	JER 29:22
ଭାଜିବାର	1	1	1	1	EXO 16:23
ଭାଟି	1	1	1	2	JER 6:29
ଭାଟିର	1	1	1	1	REV 9:2
ଭାଟୀ	1	1	1	1	PSA 21:9
ଭାଟୀର	4	4	2	4	GEN 19:28
ଭାଟୀରେ	1	1	1	0	REV 1:15
ଭାଟୋଇ	4	4	3	5	EXO 16:13
ଭାଡ଼ିକୁ	1	1	1	1	ISA 60:8
ଭାତ୍ରୁଗଣ	1	1	1	1	2CH 5:12
ଭାତ୍ରୁସମୂହ	1	1	1	0	EST 10:3
ଭାବ	36	36	19	30	GEN 41:32
ଭାବନା	11	11	4	12	GEN 45:20
ଭାବନାର	2	2	2	2	GEN 6:5
ଭାବନାରେ	2	2	2	2	PSA 55:2
ଭାବନ୍ତି	1	1	1	2	2PE 3:9
ଭାବବାଣୀ	43	43	13	78	MAT 7:22
ଭାବବାଣୀର	1	1	1	1	REV 19:10
ଭାବବାଣୀସବୁ	3	3	1	3	REV 22:7
ଭାବବାଦିନୀ	3	3	3	3	LUK 2:36
ଭାବବାଦୀ	58	58	10	62	MAT 10:41
ଭାବବାଦୀ-ମାନଙ୍କ	4	4	3	0	MAT 7:12
ଭାବବାଦୀ-ମାନଙ୍କର	2	2	1	0	REV 16:6
ଭାବବାଦୀ-ମାନଙ୍କୁ	1	1	1	0	ACT 26:27
ଭାବବାଦୀକି	1	1	1	0	ACT 13:6
ଭାବବାଦୀଙ୍କ	22	22	4	28	MAT 1:22
ଭାବବାଦୀଙ୍କଠାରୁ	1	1	1	1	LUK 24:27
ଭାବବାଦୀଙ୍କର	3	3	3	4	LUK 11:50
ଭାବବାଦୀଙ୍କି	5	5	3	0	MAT 10:41
ଭାବବାଦୀଙ୍କୁ	1	1	1	6	LUK 13:28
ଭାବବାଦୀମାନଙ୍କ	33	33	11	36	MAT 2:23
ଭାବବାଦୀମାନଙ୍କଠାରୁ	1	1	1	1	MAT 7:15
ଭାବବାଦୀମାନଙ୍କର	10	10	6	12	MAT 22:40
ଭାବବାଦୀମାନଙ୍କୁ	4	4	4	5	MAT 5:12
ଭାବବାଦୀମାନେ	8	8	6	9	MRK 13:22
ଭାବବାଦୀର	2	2	2	3	LUK 13:33
ଭାବବାଦୀରବ	1	1	1	0	REV 16:13
ଭାବଯୁକ୍ତ	1	1	1	1	REV 17:5
ଭାବର	4	4	4	4	2CH 34:22
ଭାବରେ	125	125	41	211	GEN 16:9
ଭାବାନୁସାରେ	6	6	2	7	ROM 7:22
ଭାବାବାଦୀ-ମାନେ	1	1	1	0	MAT 24:24
ଭାବାର୍ଥ	1	1	1	1	ECC 8:1
ଭାବି	22	22	10	31	GEN 18:13
ଭାବିଅଛୁ	1	1	1	1	ISA 14:24
ଭାବିତା	1	1	1	1	MIC 1:12
ଭାବିଥିଲି	2	2	2	2	GEN 48:11
ଭାବିବା	1	1	1	2	PHP 1:7
ଭାବିବାଠାରୁ	1	1	1	0	EPH 3:20
ଭାବିଲ	2	2	1	2	ACT 5:4
ଭାବିଲା	1	1	1	1	GEN 38:11
ଭାବିଲି	2	2	1	3	GEN 20:11
ଭାବୀ	4	4	2	1	1TI 6:19
ଭାବୁ	2	2	1	0	PSA 39:3
ଭାବୁଅଛ	3	3	3	3	MAT 16:23
ଭାବୁଥିଲି	1	1	1	1	1CO 13:11
ଭାବେ	5	5	5	34	PRO 23:7
ଭାର	106	106	36	110	GEN 39:6
ଭାର-ମାଟି	1	1	1	0	2KI 5:17
ଭାରଗ୍ରସ୍ତ	12	12	10	10	PRO 28:17
ଭାରବହନ	2	2	1	2	EXO 1:11
ଭାରବହନରୁ	2	2	1	2	EXO 6:6
ଭାରବହନରେ	1	1	1	0	NUM 4:19
ଭାରବହନାର୍ଥେ	1	1	1	1	2CH 2:2
ଭାରବାହକ	1	1	1	1	1KI 5:15
ଭାରବାହକ-ମାନଙ୍କର	1	1	1	0	NEH 4:10
ଭାରବାହକମାନଙ୍କର	1	1	1	2	2CH 34:13
ଭାରରୁ	1	1	1	1	PSA 81:6
ଭାରରେ	6	6	5	6	EXO 5:9
ଭାରସ୍ୱରୂପ	1	1	1	0	1JN 5:3
ଭାରାକ୍ରା	5	5	5	0	EXO 5:9
ଭାରୀ	63	63	19	54	GEN 12:17
ଭାରୋକ୍ତି	28	28	9	8	2KI 9:25
ଭାର୍ଯ୍ୟା	236	236	31	232	GEN 2:25
ଭାର୍ଯ୍ୟାକୁ	36	36	17	37	GEN 20:7
ଭାର୍ଯ୍ୟାଗଣ	9	9	6	10	GEN 4:23
ଭାର୍ଯ୍ୟାଗଣର	2	2	2	1	NEH 5:1
ଭାର୍ଯ୍ୟାଙ୍କ	4	4	4	5	1CH 1:50
ଭାର୍ଯ୍ୟାଙ୍କର	2	2	1	2	GEN 4:25
ଭାର୍ଯ୍ୟାଙ୍କୁ	5	5	3	5	GEN 3:21
ଭାର୍ଯ୍ୟାଠାରୁ	3	3	3	3	GEN 44:27
ଭାର୍ଯ୍ୟାଠାରେ	3	3	3	4	GEN 2:24
ଭାର୍ଯ୍ୟାମାନଙ୍କ	3	3	3	3	GEN 45:19
ଭାର୍ଯ୍ୟାମାନଙ୍କଠାରୁ	1	1	1	2	EZR 10:44
ଭାର୍ଯ୍ୟାମାନଙ୍କୁ	8	8	3	9	GEN 4:23
ଭାର୍ଯ୍ୟାମାନେ	7	7	6	7	EXO 22:24
ଭାର୍ଯ୍ୟାର	30	30	12	31	GEN 3:17
ଭାର୍ଯ୍ୟେ	1	1	1	0	1KI 14:6
ଭାଲୁ	5	5	3	5	1SA 17:34
ଭାଲୁର	1	1	1	1	REV 13:2
ଭାଳ	1	1	1	0	MAT 3:9
ଭାଳନ୍ତି	1	1	1	0	PSA 2:1
ଭାଳି	4	4	2	2	MAT 6:25
ଭାଳିଲା	2	2	2	1	GEN 27:41
ଭାଷା	14	14	9	15	GEN 10:31
ଭାଷାନୁସାରେ	8	8	3	8	GEN 10:5
ଭାଷାବାଦୀ	17	17	7	18	PSA 114:1
ଭାଷାବାଦୀ-ମାନଙ୍କ	1	1	1	0	DAN 6:25
ଭାଷାବାଦୀଗଣ	1	1	1	1	DAN 3:4
ଭାଷାବାଦୀମାନଙ୍କ	1	1	1	2	1CO 14:21
ଭାଷାବାଦୀମାନେ	2	2	1	2	DAN 3:7
ଭାଷାଭେଦ	1	1	1	1	GEN 11:9
ଭାଷାର	5	5	2	5	GEN 11:7
ଭାଷାରେ	32	32	11	43	2KI 18:26
ଭାସି	1	1	1	1	GEN 7:17
ଭାସିଗଲେ	1	1	1	1	JER 46:15
ଭାସିବାକୁ	1	1	1	1	ACT 27:17
ଭାସିଯିବ	1	1	1	1	JER 9:18
ଭାସିଯିବାକୁ	1	1	1	1	ACT 27:15
ଭିକ	2	2	2	3	LUK 16:3
ଭିକାରୀ	2	2	2	2	LUK 16:20
ଭିକାରୀଟି	1	1	1	1	LUK 16:22
ଭିକ୍ଷା	6	6	3	9	PSA 37:25
ଭିକ୍ଷୁକ	1	1	1	1	MRK 10:46
ଭିଡ଼	4	4	2	3	MRK 2:4
ଭିଡ଼ି	1	1	1	1	2SA 20:8
ଭିଡ଼ିମୋଡ଼ି	2	2	1	2	PRO 6:10
ଭିତର	55	55	17	58	GEN 6:14
ଭିତରକୁ	133	133	25	133	GEN 23:2
ଭିତରଯାକ	1	1	1	1	1KI 6:15
ଭିତରୁ	11	11	7	11	GEN 41:2
ଭିତରେ	99	99	28	103	GEN 8:9
ଭିତ୍ତି	2	2	2	1	LAM 2:7
ଭିତ୍ତିମୂଳ	54	54	20	55	JOS 6:26
ଭିତ୍ତିମୂଳ-ଦ୍ୱାରରେ	1	1	1	1	2CH 23:5
ଭିତ୍ତିମୂଳ-ସକଳ	1	1	1	0	MIC 6:2
ଭିତ୍ତିମୂଳବିଶିଷ୍ଟ	1	1	1	1	HEB 11:10
ଭିତ୍ତିମୂଳର	2	2	2	2	EZR 4:12
ଭିତ୍ତିମୂଳସକଳ	1	1	1	2	EZK 30:4
ଭିତ୍ତିର	1	1	1	1	ISA 30:13
ଭିନ୍ନ	47	47	24	55	GEN 1:4
ଭିନ୍ନଜାତୀୟ	1	1	1	1	LEV 19:19
ଭିନ୍ନତା	1	1	1	1	LEV 10:10
ଭିନ୍ନଭିନ୍ନ	2	2	2	1	EZK 34:21
ଭୀତ	150	150	35	144	GEN 3:10
ଭୀତା	1	1	1	1	ISA 57:11
ଭୀତାନ୍ତଃକରଣମାନଙ୍କୁ	1	1	1	1	ISA 35:4
ଭୀରୁ	3	3	3	3	MAT 8:26
ଭୀରୁତାର	1	1	1	0	2TI 1:7
ଭୀଷଣ	3	3	3	3	ACT 27:20
ଭୁକି	1	1	1	1	ISA 56:10
ଭୁଜରୁ	1	1	1	1	EZK 13:20
ଭୁଞ୍ଜିବେ	2	2	2	1	PRO 1:31
ଭୁଣ୍ଡିଲଗା	1	1	1	1	SNG 1:11
ଭୁମିରେ	1	1	1	0	AMO 5:2
ଭୁଲ	2	2	2	11	GEN 43:12
ଭୁଲାଅ	1	1	1	1	JER 37:9
ଭୁଲାଇ	6	6	3	6	DEU 13:5
ଭୁଲାଇଅଛ	1	1	1	1	JER 20:7
ଭୁଲାଇଅଛି	1	1	1	1	ACT 19:26
ଭୁଲାଇବ	1	1	1	1	JOB 13:9
ଭୁଲାଇବା	2	2	2	2	2KI 18:29
ଭୁଲାଇବାକୁ	1	1	1	1	2SA 3:25
ଭୁଲାଇଲା	2	2	2	2	GEN 3:13
ଭୁଲାଇଲେ	1	1	1	1	2KI 21:9
ଭୁଲାଉ	2	2	2	2	2CH 32:15
ଭୁଲାଉଅଛି	1	1	1	1	REV 2:20
ଭୁଲାଉନ୍ତୁ	3	3	3	3	2KI 19:10
ଭୁଲାଏ	8	8	4	8	JOB 13:9
ଭୁଲାନ୍ତି	2	2	2	2	ISA 3:12
ଭୁଲି	1	1	1	3	PSA 78:11
ଭୁଲିଅଛ	2	2	2	2	ISA 51:13
ଭୁଲିଗଲି	1	1	1	1	JOB 6:24
ଭୁଲିଯାଅ	1	1	1	1	2PE 3:8
ଭୁଲିଯାଆନ୍ତି	1	1	1	2	2PE 3:5
ଭୁଲିଯାଏ	1	1	1	1	JAS 1:24
ଭୁଲିଯିବ	1	1	1	1	JER 20:10
ଭୁଲିଯିବି	1	1	1	1	JOB 9:27
ଭୁଲିଯିବେ	1	1	1	1	HEB 6:10
ଭୁଲିଲା	1	1	1	1	HOS 2:13
ଭୁସି	8	8	7	8	DEU 33:17
ଭୁସିଲେ	2	2	2	2	JDG 3:21
ଭୂଇଁରେ	8	8	4	6	MAT 13:5
ଭୂଖଣ୍ଡର	1	1	1	1	JER 34:1
ଭୂଗର୍ଭରେ	1	1	1	1	MAT 12:40
ଭୂଚର	28	28	7	28	GEN 1:25
ଭୂତ	49	49	7	45	DEU 32:17
ଭୂତକୁ	1	1	1	1	MAT 17:18
ଭୂତଗଣ	1	1	1	1	PSA 106:37
ଭୂତଗୁଡ଼ାକ	4	4	2	4	MAT 8:31
ଭୂତଗୁଡ଼ାକୁ	1	1	1	1	MAT 8:16
ଭୂତଗ୍ରସ୍ତ	11	11	3	17	MAT 4:24
ଭୂତଗ୍ରସ୍ତକୁ	1	1	1	1	MAT 9:32
ଭୂତଗ୍ରସ୍ତସମସ୍ତଙ୍କୁ	1	1	1	1	MRK 1:32
ଭୂତଟା	1	1	1	1	LUK 11:14
ଭୂତପତି	3	3	2	3	MAT 9:34
ଭୂତପତିର	1	1	1	1	MRK 3:22
ଭୂତମାନଙ୍କ	7	7	3	7	1CO 10:20
ଭୂତମାନଙ୍କୁ	9	9	3	9	MAT 7:22
ଭୂତମାନେ	3	3	2	3	LUK 4:41
ଭୂତର	1	1	1	2	LUK 24:39
ଭୂତଳ	1	1	1	1	ISA 42:5
ଭୂତଳରୁ	1	1	1	1	1SA 20:15
ଭୂତଳରେ	1	1	1	1	1SA 20:31
ଭୂତାତ୍ମା	1	1	1	1	REV 16:14
ଭୂତାତ୍ମାବିଷ୍ଟ	1	1	1	1	LUK 4:33
ଭୂତୁଡ଼ିଆ	12	12	6	14	LEV 19:31
ଭୂତୁଡ଼ିଆଠାରୁ	1	1	1	1	1CH 10:13
ଭୂତୁଡ଼ିଆମାନଙ୍କ	1	1	1	1	ACT 19:13
ଭୂତୁଡ଼ିଆର	1	1	1	1	ISA 29:4
ଭୂତୁଡ଼ିୟା	1	1	1	0	2KI 21:6
ଭୂପତିଗଣ	2	2	2	2	JDG 5:3
ଭୂପତିମାନଙ୍କ	1	1	1	1	PSA 76:12
ଭୂପତିମାନଙ୍କର	2	2	2	2	PRO 31:4
ଭୂପତିମାନଙ୍କୁ	1	1	1	1	ISA 40:23
ଭୂପତିମାନେ	1	1	1	1	PRO 8:15
ଭୂପତିର	1	1	1	1	PRO 14:28
ଭୂମଣ୍ଡଳ	5	5	3	5	DEU 11:21
ଭୂମଣ୍ଡଳକୁ	2	2	2	2	PSA 136:6
ଭୂମଣ୍ଡଳର	7	7	7	7	2SA 22:16
ଭୂମଣ୍ଡଳରୁ	3	3	3	2	GEN 6:7
ଭୂମଣ୍ଡଳରେ	6	6	4	6	JOB 37:12
ଭୂମଣ୍ଡଳସ୍ଥ	1	1	1	1	ISA 24:21
ଭୂମି	161	161	31	167	GEN 3:17
ଭୂମି-ସେଚନକାରୀ	1	1	1	1	PSA 72:6
ଭୂମିକମ୍ପ	15	15	8	17	1SA 14:15
ଭୂମିକମ୍ପର	2	2	2	2	AMO 1:1
ଭୂମିକମ୍ପରେ	2	2	2	2	1KI 19:11
ଭୂମିକମ୍ପାଦି	1	1	1	1	MAT 27:54
ଭୂମିକି	15	15	10	4	GEN 7:17
ଭୂମିକୁ	4	4	4	15	1KI 18:1
ଭୂମିଖଣ୍ଡ	4	4	4	4	GEN 33:19
ଭୂମିଖଣ୍ଡରେ	2	2	2	2	JOS 24:32
ଭୂମିଖଣ୍ଡିକ	1	1	1	1	JHN 4:5
ଭୂମିଚିହ୍ନ	1	1	1	1	DEU 27:17
ଭୂମିଜାତ	3	3	3	3	DEU 26:2
ଭୂମିଠାରୁ	4	4	2	4	NUM 11:31
ଭୂମିଫଳ	2	2	1	1	DEU 7:13
ଭୂମିଫଳରେ	2	2	1	0	DEU 28:11
ଭୂମିଯାକ	1	1	1	1	1SA 30:16
ଭୂମିର	43	43	16	46	GEN 2:7
ଭୂମିରୁ	30	30	14	33	GEN 2:9
ଭୂମିରେ	139	139	30	143	GEN 1:26
ଭୂମିଶାୟୀ	1	1	1	1	PSA 37:24
ଭୂମିଷ୍ଠ	31	31	11	31	GEN 18:2
ଭୂମିସକଳ	1	1	1	1	EZK 47:11
ଭୂମିସାତ୍	26	26	14	25	2SA 2:22
ଭୂମିସାତ୍କାରୀମାନେ	1	1	1	1	AMO 5:7
ଭୂମିସ୍ଥ	7	7	7	8	GEN 1:29
ଭୂମିସ୍ଥିତ	1	1	1	1	EXO 16:14
ଭୂମ୍ୟାଦି	1	1	1	1	LEV 25:14
ଭୂମ୍ୟୁତ୍ପନ୍ନ	2	2	2	1	GEN 4:3
ଭୂଷଣ	18	18	8	18	EXO 13:16
ଭୂଷଣର	2	2	1	2	ISA 23:9
ଭୂଷଣରେ	2	2	2	2	ISA 61:10
ଭୂଷି	1	1	1	0	ISA 41:15
ଭୂଷିତ	15	15	10	16	LEV 8:13
ଭୂଷିତା	11	11	9	11	EST 1:11
ଭୂସି	1	1	1	0	PSA 44:5
ଭୃତ୍ୟ	4	4	2	3	GEN 37:36
ଭୃତ୍ୟମାନଙ୍କ	1	1	1	1	1KI 10:5
ଭୃତ୍ୟମାନଙ୍କର	1	1	1	1	2CH 9:4
ଭୃତ୍ୟମାନେ	3	3	2	3	GEN 40:7
ଭେଖ	1	1	1	0	2TI 3:5
ଭେଟାଇ	1	1	1	1	GEN 27:20
ଭେଟି	13	13	10	24	GEN 33:10
ଭେଟିଥିଲେ	1	1	1	1	JHN 11:30
ଭେଟିବ	2	2	2	2	MRK 14:13
ଭେଟିବା	23	23	10	21	NUM 22:36
ଭେଟିବାକୁ	19	19	11	18	GEN 33:4
ଭେଟିଲା	7	7	6	7	1SA 25:20
ଭେଟିଲି	1	1	1	1	GEN 33:8
ଭେଟିଲୁ	1	1	1	1	ACT 28:14
ଭେଟିଲେ	10	10	9	8	GEN 32:1
ଭେଟୀ	22	22	8	11	GEN 32:13
ଭେଟୀଦ୍ରବ୍ୟ	1	1	1	0	GEN 43:15
ଭେଟୁ	2	2	1	2	PRO 17:12
ଭେଣ୍ଡିଆଟି	1	1	1	1	1SA 17:56
ଭେଦ	12	12	6	14	GEN 11:7
ଭେଦକ	2	2	2	2	EXO 26:33
ଭେଦାନୁସାରେ	1	1	1	1	GEN 36:40
ଭେଦାଭେଦ	2	2	2	2	MAT 16:3
ଭେରୀ	1	1	1	1	PSA 98:6
ଭେଳା	2	2	2	2	1KI 5:9
ଭୋକରେ	1	1	1	1	LUK 15:17
ଭୋକ୍ତା	1	1	1	0	LEV 19:8
ଭୋକ୍ତାମାନେ	1	1	1	1	ECC 5:11
ଭୋଗ	138	138	40	125	GEN 15:13
ଭୋଗରେ	2	2	1	3	2CO 11:23
ଭୋଗାଭିଳାଷରେ	1	1	1	0	1TI 5:6
ଭୋଗାର୍ଥେ	1	1	1	1	2CH 20:11
ଭୋଗି	1	1	1	1	ISA 23:4
ଭୋଗିଅଛି	1	1	1	1	MAT 27:19
ଭୋଗିବ	1	1	1	1	LEV 19:17
ଭୋଗିବା	2	2	2	3	JER 42:14
ଭୋଗିବାକୁ	2	2	2	2	LUK 24:20
ଭୋଗିବେ	2	2	2	3	PRO 18:21
ଭୋଗିଲେ	1	1	1	1	1SA 14:24
ଭୋଗୁଅଛୁ	1	1	1	1	LUK 23:41
ଭୋଗୁଥିବା	1	1	1	2	2CO 1:4
ଭୋଗୁଥିଲେ	1	1	1	0	LUK 6:18
ଭୋଜ	33	33	14	40	GEN 26:30
ଭୋଜକୁ	5	5	1	5	EST 5:4
ଭୋଜଗୃହକୁ	1	1	1	1	ECC 7:2
ଭୋଜଠୁଁ	1	1	1	0	PRO 15:17
ଭୋଜନ	550	550	48	563	GEN 2:16
ଭୋଜନ-କାରୀମାନଙ୍କ	1	1	1	0	1KI 2:7
ଭୋଜନ-ପାନ	1	1	1	0	JUD 1:12
ଭୋଜନ-ଶକ୍ତି	1	1	1	1	EXO 12:4
ଭୋଜନକାରୀ	7	7	5	10	GEN 43:32
ଭୋଜନକାରୀକି	1	1	1	0	ISA 55:10
ଭୋଜନକୁ	1	1	1	1	1SA 20:27
ଭୋଜନପାନ	48	48	19	41	GEN 24:54
ଭୋଜନପାନର	2	2	2	2	EST 9:18
ଭୋଜନପାନରେ	1	1	1	1	2PE 2:13
ଭୋଜନର	5	5	4	5	DEU 2:29
ଭୋଜନରେ	20	20	8	22	1SA 16:11
ଭୋଜନଶାଳାକୁ	2	2	2	2	1SA 9:22
ଭୋଜନାର୍ଥ	1	1	1	1	EZK 47:12
ଭୋଜନାର୍ଥେ	3	3	3	3	LEV 19:23
ଭୋଜନାସନରେ	2	2	2	2	NEH 5:17
ଭୋଜନୋପବିଷ୍ଟ	3	3	2	1	MRK 6:26
ଭୋଜର	4	4	3	5	JOB 1:5
ଭୋଜରେ	6	6	6	6	EST 5:6
ଭୋଜି	4	4	3	5	JDG 14:10
ଭୋଜିର	2	2	1	2	JDG 14:12
ଭୋଜିରେ	5	5	4	4	ISA 5:12
ଭୋଳ	1	1	1	1	PRO 7:18
ଭୌତିକ	1	1	1	1	JAS 3:15
ଭ୍ରମ	6	6	4	4	2SA 6:7
ଭ୍ରମଣ	106	106	31	103	GEN 11:2
ଭ୍ରମଣକାରିଣୀ	1	1	1	1	JER 2:23
ଭ୍ରମଣକାରୀ	11	11	8	12	GEN 4:12
ଭ୍ରମଣକାରୀମାନଙ୍କୁ	1	1	1	1	ISA 16:3
ଭ୍ରମଣକାରୀମାନେ	2	2	2	2	ISA 5:17
ଭ୍ରମନ୍ତି	1	1	1	1	PSA 119:21
ଭ୍ରମିବାକୁ	1	1	1	1	PSA 119:10
ଭ୍ରଷ୍ଟ	30	30	17	32	GEN 6:11
ଭ୍ରଷ୍ଟତା	1	1	1	1	HOS 2:10
ଭ୍ରଷ୍ଟତାର	1	1	1	1	ROM 1:27
ଭ୍ରଷ୍ଟବିବେକ	1	1	1	1	1TI 4:1
ଭ୍ରଷ୍ଟମନା	2	2	2	1	1TI 6:5
ଭ୍ରଷ୍ଟା	11	11	4	11	GEN 34:2
ଭ୍ରଷ୍ଟାଚରଣ	4	4	4	4	DEU 32:5
ଭ୍ରଷ୍ଟାଚରଣରେ	1	1	1	1	EZK 16:27
ଭ୍ରଷ୍ଟାଚାରୀ	3	3	3	3	GEN 6:12
ଭ୍ରାତା	163	163	43	141	GEN 10:21
ଭ୍ରାତାକୁ	12	12	8	10	GEN 20:16
ଭ୍ରାତାଙ୍କ	1	1	1	1	ROM 8:29
ଭ୍ରାତାଙ୍କୁ	2	2	2	2	2CH 21:4
ଭ୍ରାତାଠାରୁ	1	1	1	1	GEN 9:5
ଭ୍ରାତାଠାରେ	1	1	1	1	JER 9:4
ଭ୍ରାତାମାନଙ୍କ	2	2	2	2	LEV 21:10
ଭ୍ରାତାର	21	21	10	22	GEN 10:25
ଭ୍ରାତୃ	4	4	3	1	GEN 35:7
ଭ୍ରାତୃକନ୍ୟା	1	1	1	1	GEN 24:48
ଭ୍ରାତୃଗଣ	163	163	24	159	GEN 37:2
ଭ୍ରାତୃଗଣକୁ	19	19	12	19	GEN 34:11
ଭ୍ରାତୃଗଣଙ୍କ	3	3	3	2	ACT 7:37
ଭ୍ରାତୃଗଣଠାରୁ	1	1	1	1	GEN 49:26
ଭ୍ରାତୃଗଣର	12	12	7	11	GEN 9:25
ଭ୍ରାତୃତୁଲ୍ୟ	1	1	1	0	1TI 5:1
ଭ୍ରାତୃପୁତ୍ର	1	1	1	1	GEN 12:5
ଭ୍ରାତୃପୁତ୍ରଗଣକୁ	1	1	1	1	2CH 22:8
ଭ୍ରାତୃପ୍ରେମ	3	3	3	3	1TH 4:9
ଭ୍ରାତୃପ୍ରେମରେ	1	1	1	2	ROM 12:10
ଭ୍ରାତୃପ୍ରେମୀ	1	1	1	0	1PE 3:8
ଭ୍ରାତୃବଂଶ	2	2	1	2	GEN 38:8
ଭ୍ରାତୃବଧରେ	1	1	1	0	JDG 9:23
ଭ୍ରାତୃବର୍ଗ	3	3	3	3	LEV 10:6
ଭ୍ରାତୃବର୍ଗଙ୍କୁ	1	1	1	1	EZR 7:18
ଭ୍ରାତୃବୃନ୍ଦ	10	10	6	3	JHN 2:12
ଭ୍ରାତୃବୃନ୍ଦଙ୍କ	3	3	3	4	MAT 25:40
ଭ୍ରାତୃବୃନ୍ଦଙ୍କର	1	1	1	1	ACT 15:23
ଭ୍ରାତୃବୃନ୍ଦଙ୍କୁ	1	1	1	1	ACT 15:23
ଭ୍ରାତୃଭାବ	1	1	1	1	ZEC 11:14
ଭ୍ରାତୃଭାର୍ଯ୍ୟା	1	1	1	0	DEU 25:9
ଭ୍ରାତୃଭାର୍ଯ୍ୟାକୁ	2	2	2	1	LEV 20:21
ଭ୍ରାତୃଭାର୍ଯ୍ୟାର	3	3	2	3	GEN 38:8
ଭ୍ରାତୃସମୂହକୁ	1	1	1	0	JER 7:15
ଭ୍ରାତୃସ୍ନେହ	2	2	1	2	2PE 1:7
ଭ୍ରାନ୍ତ	67	67	26	67	LEV 4:13
ଭ୍ରାନ୍ତମନା	1	1	1	1	ISA 29:24
ଭ୍ରାନ୍ତି	5	5	4	5	NUM 15:25
ଭ୍ରାନ୍ତିଜନକ	5	5	3	5	ISA 30:10
ଭ୍ରାନ୍ତିପଥରୁ	1	1	1	1	JAS 5:20
ଭ୍ରାନ୍ତିପୂର୍ଣ୍ଣ	1	1	1	1	1JN 4:6
ଭ୍ରାନ୍ତିଯୁକ୍ତ	1	1	1	0	EPH 4:14
ଭ୍ରାନ୍ତିର	4	4	4	4	ISA 32:6
ଭ୍ରାନ୍ତିରୂପ	1	1	1	1	ISA 19:14
ଭ୍ରାନ୍ତିରେ	18	18	6	13	LEV 4:2
ଭ୍ରାନ୍ତିସବୁ	1	1	1	1	PSA 19:12
ଭ୍ରାମକ	1	1	1	1	JOB 12:16
ଭ୍ରୂକ୍ଷେପ	1	1	1	0	ACT 18:17
ଭ୍ରୂଲତାର	2	2	2	2	LEV 14:9
ଭୟ	409	409	53	429	GEN 15:1
ଭୟ-ଧ୍ୱନି	1	1	1	0	JER 49:2
ଭୟ-ସଂଯୁକ୍ତ	1	1	1	1	PSA 119:38
ଭୟ-ସ୍ଥାନ	1	1	1	0	ISA 8:13
ଭୟକାରୀ	6	6	4	6	EXO 18:21
ଭୟକାରୀ-ମାନଙ୍କଠାରେ	1	1	1	0	PSA 25:14
ଭୟକାରୀଗଣ	3	3	1	3	PSA 22:23
ଭୟକାରୀମାନଙ୍କ	8	8	2	8	PSA 22:25
ଭୟକାରୀମାନଙ୍କଠାରେ	1	1	1	2	PSA 147:11
ଭୟକାରୀମାନଙ୍କର	1	1	1	1	PSA 145:19
ଭୟକାରୀମାନଙ୍କୁ	3	3	1	3	PSA 15:4
ଭୟକାରୀମାନେ	2	2	2	4	PSA 118:4
ଭୟକୁ	2	2	2	2	JOB 39:22
ଭୟଗ୍ରସ୍ତ	15	15	7	15	GEN 15:12
ଭୟଙ୍କର	65	65	21	69	EXO 34:10
ଭୟଙ୍କରଣ	1	1	1	0	PSA 66:3
ଭୟଙ୍କରତା	6	6	3	6	JOB 9:34
ଭୟଙ୍କରଭାବେ	1	1	1	0	MRK 9:20
ଭୟଙ୍କରମାନଙ୍କର	1	1	1	1	ISA 29:5
ଭୟଙ୍କରୀ	3	3	2	3	SNG 6:4
ଭୟଜନକ	4	4	3	4	PSA 119:39
ଭୟତ୍ୟାଗୀ	1	1	1	1	JOB 6:14
ଭୟପାତ୍ର	2	2	1	2	PSA 76:7
ଭୟମାତ୍ର	1	1	1	1	2CO 10:9
ଭୟଯୁକ୍ତ	3	3	3	7	PRO 15:16
ଭୟଯୋଗ୍ୟ	3	3	2	3	1CH 16:25
ଭୟର	6	6	4	8	PRO 22:4
ଭୟରହିତ	1	1	1	1	JOB 41:33
ଭୟରୁ	4	4	3	4	1SA 23:26
ଭୟରୂପ	1	1	1	1	JOB 6:4
ଭୟରେ	36	36	21	36	GEN 35:7
ଭୟସ୍ଥଳ	1	1	1	1	PSA 31:11
ଭୟସ୍ଥାନ	2	2	2	2	GEN 31:42
ଭୟସ୍ଥାନର	1	1	1	1	GEN 31:53
ଭୟାକୁଳ	1	1	1	1	GEN 20:8
ଭୟାନକ	26	26	16	28	GEN 28:17
ଭୟାନକତା	4	4	2	4	EXO 20:20
ଭୟାନକତ୍ୱ	4	4	2	1	ISA 2:10
ଭୟାର୍ତ୍ତ	2	2	2	2	JDG 7:3
ଭୟାଳୁ	1	1	1	1	DEU 20:8
ମଃସା	2	2	2	3	EXO 17:7
ମଃସାରେ	3	3	1	3	DEU 6:16
ମଇ	4	4	3	4	2SA 12:31
ମଇଦା	38	38	17	40	GEN 18:6
ମଇଦା-କଳସ	2	2	1	2	1KI 17:14
ମଇଦାକୁ	1	1	1	1	EZK 46:14
ମଇଦାର	18	18	5	18	LEV 2:4
ମଇଦାରେ	15	15	3	15	EXO 12:39
ମଇଳା	1	1	1	2	1KI 14:10
ମକୋନା	1	1	1	1	NEH 11:28
ମକ୍କେଦା	7	7	1	7	JOS 10:10
ମକ୍କେଦାର	1	1	1	1	JOS 12:16
ମକ୍କେଦାରୁ	1	1	1	1	JOS 10:29
ମକ୍ତେଶ	1	1	1	2	ZEP 1:11
ମକ୍ନେୟ	1	1	1	0	1CH 15:21
ମକ୍ପେଲା	3	3	1	3	GEN 23:19
ମକ୍ପେଲାର	1	1	1	1	GEN 49:30
ମକ୍ପେଲାରେ	2	2	1	2	GEN 23:9
ମକ୍ଷିକାର	1	1	1	1	ISA 7:18
ମଖାଇ	1	1	1	1	JAS 5:14
ମଖାଇଦେଇ	1	1	1	1	MRK 16:1
ମଖାଯାଇ	1	1	1	1	EZK 16:4
ମଖେରାତୀୟ	1	1	1	1	1CH 11:36
ମଖେଲୋତରୁ	1	1	1	1	NUM 33:26
ମଖେଲୋତରେ	1	1	1	1	NUM 33:25
ମଗଦାନ	1	1	1	1	MAT 15:39
ମଗିଦ୍ଦୋ	6	6	5	7	JDG 1:27
ମଗିଦ୍ଦୋକୁ	1	1	1	1	2KI 9:27
ମଗିଦ୍ଦୋନ୍	1	1	1	1	ZEC 12:11
ମଗିଦ୍ଦୋର	2	2	2	2	JOS 12:21
ମଗିଦ୍ଦୋରୁ	1	1	1	1	2KI 23:30
ମଗ୍ଦଲିନୀ	3	3	2	0	MAT 27:61
ମଗ୍ଦଲୀନୀ	9	9	4	12	MAT 27:56
ମଗ୍ଦୀୟେଲ	2	2	2	2	GEN 36:43
ମଗ୍ନ	20	20	10	20	GEN 7:19
ମଗ୍ନଦ୍ବୟ	1	1	1	1	EZR 10:40
ମଗ୍ନପ୍ରାୟ	1	1	1	1	JER 38:6
ମଗ୍ପୀୟସ୍	1	1	1	1	NEH 10:20
ମଗ୍ବନ୍ନୟ	1	1	1	1	1CH 12:13
ମଗ୍ବୀଶର	1	1	1	1	EZR 2:30
ମଗ୍ବେନାର	1	1	1	1	1CH 2:49
ମଙ୍ଗ	1	1	1	1	JAS 3:4
ମଙ୍ଗଧରାର	1	1	1	1	JAS 3:4
ମଙ୍ଗର	1	1	1	1	ACT 27:40
ମଙ୍ଗରେ	1	1	1	1	MRK 4:38
ମଙ୍ଗଳ	200	200	40	199	GEN 12:13
ମଙ୍ଗଳ-କଥା	1	1	1	1	NUM 10:29
ମଙ୍ଗଳ-ସ୍ୱଭାବବିଶିଷ୍ଟ	1	1	1	1	PSA 125:4
ମଙ୍ଗଳକାରୀ	1	1	1	1	PSA 119:68
ମଙ୍ଗଳଚିନ୍ତାକାରୀଗଣ	1	1	1	0	PRO 14:22
ମଙ୍ଗଳଜନକ	5	5	4	5	1SA 19:4
ମଙ୍ଗଳଦାନ	5	5	1	5	PSA 107:8
ମଙ୍ଗଳଦାନସବୁ	1	1	1	1	PSA 103:2
ମଙ୍ଗଳବାଦ	5	5	3	5	1SA 13:10
ମଙ୍ଗଳବାର୍ତ୍ତା	3	3	3	3	EXO 18:7
ମଙ୍ଗଳଭାବ	2	2	2	2	PSA 25:7
ମଙ୍ଗଳମୟ	30	30	11	37	1CH 16:34
ମଙ୍ଗଳମୟଙ୍କ	1	1	1	1	MRK 14:61
ମଙ୍ଗଳର	23	23	11	23	GEN 50:20
ମଙ୍ଗଳରୁ	1	1	1	1	ECC 4:8
ମଙ୍ଗଳରୂପ	1	1	1	1	PRO 13:21
ମଙ୍ଗଳରେ	3	3	3	3	2CH 6:41
ମଙ୍ଗଳାନ୍ୱେଷୀ	1	1	1	1	EST 10:3
ମଙ୍ଗଳାର୍ଥକ	85	85	16	88	EXO 20:24
ମଙ୍ଗଳାର୍ଥକବଳି	1	1	1	1	2SA 24:25
ମଙ୍ଗଳାର୍ଥେ	5	5	3	5	EXO 24:5
ମଙ୍ଗିଲା	2	2	2	1	JDG 9:3
ମଙ୍ଗୁ	1	1	1	1	JER 13:27
ମଜା	1	1	1	0	LEV 6:28
ମଜ୍ଜା	1	1	1	1	PRO 3:8
ମଜ୍ଜାର	1	1	1	1	HEB 4:12
ମଜ୍ଜାରେ	1	1	1	1	PSA 63:5
ମଝିରୁ	3	3	3	3	2SA 10:4
ମଝିରେ	3	3	3	4	MRK 3:3
ମଞ୍ଚ	1	1	1	3	EZK 16:31
ମଞ୍ଚା	2	2	2	0	2CH 6:13
ମଞ୍ଜରିତ	1	1	1	1	HEB 9:4
ମଞ୍ଜିଠାରୁ	1	1	1	1	NUM 6:4
ମଟ୍ମଟ୍	1	1	1	1	JOB 15:12
ମଟ୍ରିର	1	1	1	1	1SA 10:21
ମଟ୍ରେଦର	2	2	2	2	GEN 36:39
ମଡ଼ା	1	1	1	0	LEV 11:32
ମଡ଼ାଇ	2	2	1	2	EXO 26:32
ମଡ଼ାଇବ	11	11	1	11	EXO 25:11
ମଡ଼ାଇବା	1	1	1	1	1CH 29:4
ମଡ଼ାଇଲେ	29	29	3	29	EXO 36:34
ମଡ଼ାଯିବ	1	1	1	1	EXO 27:2
ମଢ଼ା	1	1	1	0	MAT 24:28
ମଣନ୍ତି	1	1	1	1	PRO 14:9
ମଣାଅ	2	2	1	2	JDG 14:15
ମଣାଇଲା	2	2	2	2	JOS 15:18
ମଣାଇଲେ	3	3	3	3	2KI 18:32
ମଣାଉ	2	2	1	2	2CH 32:11
ମଣାଉଅଛୁ	1	1	1	0	2CO 5:11
ମଣାଏ	1	1	1	1	ISA 36:18
ମଣାଯାଏ	1	1	1	1	PRO 25:15
ମଣି	33	33	13	35	GEN 2:12
ମଣି-କର୍ତ୍ତନ	1	1	1	1	EXO 31:3
ମଣି-ମଣ୍ଡିତ	1	1	1	1	SNG 5:14
ମଣିଅଛନ୍ତି	2	2	1	2	ROM 15:26
ମଣିକର୍ତ୍ତନ	1	1	1	0	EXO 35:33
ମଣିଖଚିତ	1	1	1	1	REV 15:6
ମଣିଘେନି	1	1	1	0	EXO 28:9
ମଣିପଂକ୍ତିରେ	1	1	1	0	EXO 28:17
ମଣିବ	1	1	1	1	1KI 2:9
ମଣିବା	1	1	1	1	EZK 28:6
ମଣିବାହକ	2	2	2	2	1KI 10:2
ମଣିର	3	3	3	15	JOB 28:6
ମଣିରେ	7	7	4	8	EXO 28:21
ମଣିଲା	1	1	1	1	JOB 32:2
ମଣିଲି	1	1	1	0	LUK 7:7
ମଣିଲୁ	1	1	1	1	ISA 53:4
ମଣିଲେ	2	2	2	2	GEN 19:14
ମଣେ	3	3	1	3	PSA 34:12
ମଣ୍ଡଣି	2	2	1	2	NUM 16:38
ମଣ୍ଡନ	3	3	2	3	ISA 30:22
ମଣ୍ଡପ	5	5	2	5	EZK 40:22
ମଣ୍ଡପରେ	4	4	3	4	EZK 40:29
ମଣ୍ଡପସକଳ	6	6	1	6	EZK 40:24
ମଣ୍ଡପସକଳର	3	3	1	3	EZK 40:21
ମଣ୍ଡପସକଳରେ	1	1	1	1	EZK 40:16
ମଣ୍ଡଳ	3	3	3	2	JOS 13:2
ମଣ୍ଡଳରୁ	1	1	1	1	JOB 37:9
ମଣ୍ଡଳୀ	122	122	26	174	EXO 12:47
ମଣ୍ଡଳୀ-ସମୂହକୁ	1	1	1	0	GAL 1:2
ମଣ୍ଡଳୀ-ସମୂହରେ	1	1	1	0	2TH 1:4
ମଣ୍ଡଳୀକି	32	32	12	2	EXO 12:3
ମଣ୍ଡଳୀକୁ	5	5	4	47	ACT 8:3
ମଣ୍ଡଳୀଗଣ	2	2	2	2	PSA 26:12
ମଣ୍ଡଳୀଗଣଙ୍କୁ	7	7	1	6	REV 2:7
ମଣ୍ଡଳୀଙ୍କର	1	1	1	0	NUM 15:33
ମଣ୍ଡଳୀମାନଙ୍କ	1	1	1	1	REV 22:16
ମଣ୍ଡଳୀର	49	49	14	81	EXO 16:22
ମଣ୍ଡଳୀରୁ	2	2	2	5	LEV 16:5
ମଣ୍ଡଳୀରୂପ	1	1	1	1	COL 1:18
ମଣ୍ଡଳୀରେ	14	14	6	29	PSA 1:5
ମଣ୍ଡଳୀସମୂହ	9	9	5	9	ACT 16:5
ମଣ୍ଡଳୀସମୂହଙ୍କୁ	1	1	1	1	ACT 15:41
ମଣ୍ଡଳୀସମୂହଠାରୁ	1	1	1	1	2CO 12:13
ମଣ୍ଡଳୀସମୂହର	3	3	3	2	1CO 11:16
ମଣ୍ଡଳୀସମୂହରୁ	1	1	1	1	2CO 11:8
ମଣ୍ଡଳୀସ୍ଥ	1	1	1	1	NUM 31:26
ମଣ୍ଡିତ	6	6	6	7	EXO 38:28
ମଣ୍ଡିଲେ	1	1	1	1	2SA 1:24
ମତ	21	21	12	27	JDG 20:7
ମତଭେଦ	4	4	2	6	JHN 7:43
ମତାଇ	2	2	2	2	1SA 22:8
ମତାଇବାର	1	1	1	1	ACT 24:12
ମତାଇଲେ	3	3	2	3	MRK 15:11
ମତାଉଅଛି	1	1	1	1	LUK 23:5
ମତାନୁଯାୟୀ	1	1	1	1	GAL 1:11
ମତାନୁସାରେ	4	4	4	3	1CO 1:26
ମତାବଲମ୍ବୀ	5	5	3	1	EST 8:17
ମତାମତ	1	1	1	1	ACT 26:3
ମତି	2	2	2	2	1SA 21:13
ମତିଭ୍ରମ	1	1	1	1	MRK 3:21
ମତିରେ	1	1	1	1	ROM 1:28
ମତୁଆଳ	2	2	1	2	1CO 5:11
ମତୁଆଳା	1	1	1	1	PRO 23:21
ମତୁଆଳାମାନେ	1	1	1	1	JOL 1:5
ମତ୍ତ	37	37	19	35	GEN 9:21
ମତ୍ତତା	6	6	6	6	1SA 25:37
ମତ୍ତତାଜନକ	2	2	1	2	ISA 51:17
ମତ୍ତତାରେ	2	2	2	2	JER 13:13
ମତ୍ତତ୍ତ	1	1	1	1	EZR 10:33
ମତ୍ତଥା	1	1	1	1	LUK 3:31
ମତ୍ତଥାଙ୍କ	1	1	1	1	LUK 3:31
ମତ୍ତଥୀୟ	7	7	3	7	1CH 9:31
ମତ୍ତଥୀୟକୁ	1	1	1	1	1CH 15:18
ମତ୍ତନକୁ	2	2	2	2	2KI 11:18
ମତ୍ତନର	1	1	1	1	JER 38:1
ମତ୍ତନୀୟ	12	12	4	11	1CH 9:15
ମତ୍ତନୀୟଙ୍କୁ	1	1	1	1	2KI 24:17
ମତ୍ତନୀୟର	3	3	2	4	2CH 20:14
ମତ୍ତନୟ	3	3	2	3	EZR 10:33
ମତ୍ତଲୋକ	2	2	2	2	PSA 107:27
ମତ୍ତା	2	2	2	2	ISA 51:21
ମତ୍ତାନ	1	1	1	1	MAT 1:16
ମତ୍ତାନକୁ	1	1	1	1	NUM 21:19
ମତ୍ତାନଙ୍କୁ	1	1	1	1	MAT 1:15
ମତ୍ତାନଠାରୁ	1	1	1	1	NUM 21:19
ମତ୍ତିଥ୍ୟା	2	2	1	2	LUK 3:25
ମତ୍ତିଥ୍ୟାଙ୍କ	2	2	1	2	LUK 3:25
ମତ୍ଥାତ	2	2	1	2	LUK 3:24
ମତ୍ଥାତଙ୍କ	2	2	1	2	LUK 3:24
ମତ୍ସ୍ୟ	12	12	9	13	GEN 9:2
ମତ୍ସ୍ୟକୁ	1	1	1	1	JON 2:10
ମତ୍ସ୍ୟଗଣ	6	6	5	6	GEN 1:26
ମତ୍ସ୍ୟଗଣକୁ	1	1	1	1	ZEP 1:3
ମତ୍ସ୍ୟଜୀବୀ	2	2	2	2	MAT 4:18
ମତ୍ସ୍ୟଦ୍ୱାର	2	2	1	2	NEH 3:3
ମତ୍ସ୍ୟଦ୍ୱାରଠାରୁ	1	1	1	1	ZEP 1:10
ମତ୍ସ୍ୟଦ୍ୱାରର	1	1	1	0	2CH 33:14
ମତ୍ସ୍ୟଧାରୀଦଳ	1	1	1	1	JOB 41:6
ମତ୍ସ୍ୟଧାରୀମାନେ	1	1	1	1	EZK 47:10
ମତ୍ସ୍ୟନ୍ୟାୟ	1	1	1	1	EZK 47:10
ମତ୍ସ୍ୟମାନଙ୍କର	1	1	1	1	1KI 4:33
ମତ୍ସ୍ୟମାନେ	1	1	1	1	JOB 12:8
ମତ୍ସ୍ୟସକଳ	1	1	1	1	EXO 7:18
ମତ୍ସ୍ୟସକଳକୁ	3	3	1	3	EZK 29:4
ମତ୍ସ୍ୟସବୁ	1	1	1	1	EZK 47:10
ମତ୍ସ୍ୟାକାର	1	1	1	1	1SA 5:4
ମଥାଣି	1	1	1	1	ZEP 2:14
ମଥାନରେ	1	1	1	1	1KI 7:16
ମଥୀୟଙ୍କ	1	1	1	0	ACT 1:26
ମଥୀୟଙ୍କୁ	1	1	1	0	ACT 1:23
ମଥୁଶାୟେଲ	1	1	1	1	GEN 4:18
ମଥୁଶାୟେଲର	1	1	1	1	GEN 4:18
ମଥୁଶେଲହ	1	1	1	0	1CH 1:3
ମଥୂଶେଲହ	2	2	1	4	GEN 5:25
ମଥୂଶେଲହକୁ	1	1	1	1	GEN 5:21
ମଥୂଶେଲହର	2	2	1	2	GEN 5:22
ମଦ	1	1	1	1	HAB 2:5
ମଦମେନା	1	1	1	1	ISA 10:31
ମଦାନ୍	2	2	2	2	GEN 25:2
ମଦିରା	5	5	2	2	PSA 60:3
ମଦିରାପାତ୍ରରୁ	1	1	1	0	REV 16:19
ମଦିରାରେ	1	1	1	0	REV 17:2
ମଦୁଆ	3	3	3	3	DEU 21:20
ମଦୁଆମାନଙ୍କ	1	1	1	1	MAT 24:49
ମଦ୍ଦର୍ଶକ	1	1	1	1	GEN 16:13
ମଦ୍ମନ୍ନା	1	1	1	1	JOS 15:31
ମଦ୍ମନ୍ନାର	1	1	1	1	1CH 2:49
ମଦ୍ମେନା	1	1	1	1	JER 48:2
ମଦ୍ୟ	15	15	8	16	LEV 10:9
ମଦ୍ୟପାନ	2	2	2	2	1SA 1:15
ମଦ୍ୟପାନରେ	5	5	5	5	ECC 2:3
ମଦ୍ୟପାୟୀ	3	3	3	3	JOL 1:5
ମଦ୍ୟପାୟୀମାନେ	1	1	1	1	EZK 23:42
ମଧୁ	23	23	14	42	GEN 43:11
ମଧୁଚାକ	4	4	2	4	PRO 16:24
ମଧୁଚାକଠାରୁ	1	1	1	1	PSA 19:10
ମଧୁଠାରୁ	1	1	1	1	JDG 14:18
ମଧୁପରି	1	1	1	1	EZK 3:3
ମଧୁମକ୍ଷିକା	2	2	2	0	PSA 118:12
ମଧୁମିଶ୍ରିତ	1	1	1	0	EXO 16:31
ମଧୁମୟ	2	2	2	2	DEU 8:8
ମଧୁର	10	10	6	10	RUT 1:20
ମଧ୍ୟ	1386	1386	61	1522	GEN 1:16
ମଧ୍ୟ-ସ୍ଥଳରେ	1	1	1	0	LUK 11:50
ମଧ୍ୟ-ସ୍ଥାନକୁ	1	1	1	0	EZK 10:2
ମଧ୍ୟ-ସ୍ଥାନରୁ	2	2	1	0	EZK 10:2
ମଧ୍ୟ-ସ୍ଥାନରେ	3	3	1	0	EZK 8:11
ମଧ୍ୟକୁ	87	87	30	90	EXO 14:20
ମଧ୍ୟଦେଇ	28	28	17	26	GEN 30:32
ମଧ୍ୟଦେଶ	7	7	3	7	1KI 7:28
ମଧ୍ୟଦେଶରେ	4	4	2	4	EXO 26:28
ମଧ୍ୟଦେଶସବୁ	1	1	1	1	1KI 7:31
ମଧ୍ୟବର୍ତ୍ତା	1	1	1	1	1KI 7:29
ମଧ୍ୟବର୍ତ୍ତିନୀ	1	1	1	1	DEU 28:56
ମଧ୍ୟବର୍ତ୍ତୀ	70	70	26	70	GEN 13:3
ମଧ୍ୟବର୍ତ୍ତୀଣଦ୍ୱାର-ପଥ	1	1	1	0	2KI 25:4
ମଧ୍ୟଭାଗ	2	2	2	2	SNG 3:10
ମଧ୍ୟଭାଗକୁ	1	1	1	1	2KI 20:4
ମଧ୍ୟଭାଗରୁ	1	1	1	1	JOB 21:21
ମଧ୍ୟଭାଗରେ	5	5	4	5	PSA 102:24
ମଧ୍ୟମ	6	6	4	6	1KI 6:8
ମଧ୍ୟରାତ୍ରରେ	2	2	2	2	1KI 3:20
ମଧ୍ୟରାତ୍ରି	1	1	1	1	RUT 3:8
ମଧ୍ୟରୁ	1074	1074	58	1085	GEN 2:19
ମଧ୍ୟରୁଅଧିକାଂଶ	1	1	1	0	MAT 21:8
ମଧ୍ୟରୁଜଣେ	1	1	1	0	ACT 1:22
ମଧ୍ୟରୁତାହାଙ୍କ	1	1	1	0	2PE 1:17
ମଧ୍ୟରୁଯେ	1	1	1	0	MAT 18:14
ମଧ୍ୟରେ	1971	1971	65	2069	GEN 1:6
ମଧ୍ୟରେଜଜ	1	1	1	0	LUK 17:21
ମଧ୍ୟସ୍ଥ	11	11	7	14	JOS 10:35
ମଧ୍ୟସ୍ଥଙ୍କ	1	1	1	1	GAL 3:19
ମଧ୍ୟସ୍ଥଳ	1	1	1	1	DEU 14:1
ମଧ୍ୟସ୍ଥଳରେ	22	22	12	23	EXO 15:8
ମଧ୍ୟସ୍ଥଳୀରେ	1	1	1	1	EZK 37:1
ମଧ୍ୟସ୍ଥାନ	1	1	1	1	DEU 3:16
ମଧ୍ୟସ୍ଥାନରୁ	1	1	1	3	2KI 16:14
ମଧ୍ୟସ୍ଥାନରେ	28	28	13	28	GEN 2:9
ମଧ୍ୟସ୍ଥିତ	26	26	14	26	GEN 3:3
ମଧ୍ୟସ୍ଥିମାନେ	1	1	1	1	ISA 43:27
ମଧ୍ୟାହ୍ନ	26	26	16	26	GEN 43:16
ମଧ୍ୟାହ୍ନ-ପ୍ରହରର	1	1	1	1	JDG 7:19
ମଧ୍ୟାହ୍ନକାଳୀନ	1	1	1	1	REV 1:16
ମଧ୍ୟାହ୍ନର	1	1	1	1	ISA 58:10
ମଧ୍ୟାହ୍ନରେ	2	2	2	2	JOB 5:14
ମଧ୍ୟେ	8	8	3	8	GEN 32:16
ମନ	177	177	35	170	GEN 34:3
ମନଃପୀଡ଼ା	2	2	2	2	1KI 8:38
ମନଃଶି	57	57	14	60	GEN 41:51
ମନଃଶି-ବଂଶଠାରୁ	1	1	1	1	1CH 6:62
ମନଃଶି-ବଂଶୀୟ	1	1	1	1	1CH 12:20
ମନଃଶି-ସନ୍ତାନଗଣ	2	2	2	2	JOS 22:30
ମନଃଶି-ସନ୍ତାନଗଣକୁ	1	1	1	1	JOS 22:31
ମନଃଶି-ସନ୍ତାନଗଣର	8	8	3	5	NUM 1:34
ମନଃଶି-ସନ୍ତାନମାନଙ୍କର	1	1	1	1	NUM 2:20
ମନଃଶିକି	2	2	2	1	GEN 48:13
ମନଃଶିଙ୍କ	3	3	2	9	2KI 21:20
ମନଃଶିଙ୍କର	2	2	2	4	2KI 21:17
ମନଃଶିଙ୍କୁ	2	2	2	3	2CH 33:11
ମନଃଶିଠାରୁ	1	1	1	1	GEN 48:20
ମନଃଶିର	69	69	13	69	GEN 48:14
ମନଃଶିରେ	1	1	1	1	2CH 31:1
ମନଃଶୀୟ-ମାନଙ୍କର	1	1	1	0	1CH 12:19
ମନଃଶୀୟମାନଙ୍କ	1	1	1	0	DEU 4:43
ମନକୁ	31	31	16	33	EXO 35:35
ମନନିବେଶ	1	1	1	0	DAN 10:12
ମନପରିବର୍ତ୍ତନ	5	5	4	20	LUK 5:32
ମନପରିବର୍ତ୍ତନର	2	2	2	10	LUK 3:3
ମନପରିବର୍ତ୍ତନରବାପ୍ତିସ୍ମ	1	1	1	0	MRK 1:4
ମନପରିବର୍ତ୍ତନରୂପ	1	1	1	1	2TI 2:25
ମନର	43	43	18	44	GEN 8:21
ମନରୁ	4	4	4	4	NUM 16:28
ମନରୂପ	1	1	1	1	1PE 1:13
ମନରେ	93	93	38	97	GEN 6:6
ମନରେଣସ୍ଥିର	1	1	1	0	2CO 2:1
ମନସ୍ତାପ	1	1	1	1	JOB 15:24
ମନସ୍ତାପଜନକ	1	1	1	1	ECC 2:23
ମନସ୍ତାପପୂର୍ବକ	1	1	1	1	EZK 21:6
ମନସ୍ତାପିତ	1	1	1	1	GEN 34:7
ମନସ୍ଥ	31	31	19	34	GEN 11:6
ମନହେମ୍	7	7	2	8	2KI 15:14
ମନହେମ୍ଙ୍କର	2	2	1	2	2KI 15:21
ମନହୋତୀୟମାନଙ୍କ	1	1	1	0	1CH 2:54
ମନା	10	10	6	29	GEN 39:9
ମନାସି	4	4	3	1	JDG 11:30
ମନାସିଲାର	3	3	2	1	DEU 12:11
ମନାସିଲେ	1	1	1	1	DEU 23:21
ମନାସୋନ	1	1	1	1	ACT 21:16
ମନୁଷ୍ୟ	425	425	48	457	GEN 2:5
ମନୁଷ୍ୟ-ଚୋର	1	1	1	0	1TI 1:9
ମନୁଷ୍ୟ-ପୁତ୍ରଙ୍କର	4	4	3	0	MAT 9:6
ମନୁଷ୍ୟ-ପ୍ରହରୀ	1	1	1	1	JOB 7:20
ମନୁଷ୍ୟ-ବାହୁଲ୍ୟ	1	1	1	0	MIC 2:12
ମନୁଷ୍ୟ-ମାନଙ୍କ	2	2	2	0	ZEC 11:6
ମନୁଷ୍ୟ-ମାନଙ୍କର	2	2	2	0	ISA 2:17
ମନୁଷ୍ୟ-ମାନଙ୍କୁ	2	2	2	0	EZK 36:10
ମନୁଷ୍ୟ-ସନ୍ତାନ	96	96	5	89	JOB 25:6
ମନୁଷ୍ୟ-ସନ୍ତାନକୁ	1	1	1	0	PSA 33:13
ମନୁଷ୍ୟ-ସନ୍ତାନଗଣ	20	20	6	19	PSA 12:1
ମନୁଷ୍ୟ-ସନ୍ତାନଗଣକୁ	5	5	3	3	PSA 115:16
ମନୁଷ୍ୟ-ସନ୍ତାନଗଣର	8	8	6	4	2CH 6:30
ମନୁଷ୍ୟ-ସନ୍ତାନମାନଙ୍କ	2	2	2	1	2SA 7:14
ମନୁଷ୍ୟ-ସନ୍ତାନମାନଙ୍କୁ	2	2	2	1	PSA 11:4
ମନୁଷ୍ୟ-ସନ୍ତାନର	1	1	1	2	1KI 8:39
ମନୁଷ୍ୟ-ସନ୍ତାନସମସ୍ତଙ୍କୁ	1	1	1	0	PSA 89:47
ମନୁଷ୍ୟ-ହସ୍ତକୃତ	1	1	1	0	2CH 32:19
ମନୁଷ୍ୟ-ହସ୍ତର	1	1	1	1	DEU 3:11
ମନୁଷ୍ୟଓ	1	1	1	0	ZEC 8:4
ମନୁଷ୍ୟକୁ	83	83	31	87	GEN 1:27
ମନୁଷ୍ୟକୃତ	1	1	1	1	2PE 3:10
ମନୁଷ୍ୟଗଣ	2	2	1	2	PRO 8:4
ମନୁଷ୍ୟଗଣର	1	1	1	1	DAN 4:17
ମନୁଷ୍ୟଗ୍ରାସକ	1	1	1	1	EZK 36:13
ମନୁଷ୍ୟଙ୍କ	4	4	1	4	ROM 5:15
ମନୁଷ୍ୟଙ୍କଠାରୁ	1	1	1	1	1CO 15:19
ମନୁଷ୍ୟଙ୍କର	1	1	1	1	1TI 4:10
ମନୁଷ୍ୟଙ୍କୁ	2	2	2	2	JOS 2:1
ମନୁଷ୍ୟଠାରୁ	24	24	11	23	GEN 9:5
ମନୁଷ୍ୟଠାରେ	3	3	2	4	LEV 13:9
ମନୁଷ୍ୟନୁହେଁ	1	1	1	0	JOB 32:13
ମନୁଷ୍ୟପୁତ୍ର	54	54	7	54	PSA 80:17
ମନୁଷ୍ୟପୁତ୍ରଙ୍କ	10	10	5	14	MAT 12:32
ମନୁଷ୍ୟପୁତ୍ରଙ୍କଠାରେ	2	2	2	2	LUK 18:31
ମନୁଷ୍ୟପୁତ୍ରଙ୍କର	7	7	4	11	MAT 16:28
ମନୁଷ୍ୟପୁତ୍ରଙ୍କୁ	11	11	5	11	MAT 24:30
ମନୁଷ୍ୟପୁତ୍ରର	3	3	3	3	JOB 16:21
ମନୁଷ୍ୟମାତ୍ର	2	2	2	0	PSA 9:20
ମନୁଷ୍ୟମାତ୍ରେ	1	1	1	0	PSA 116:11
ମନୁଷ୍ୟମାନଙ୍କ	73	73	30	77	GEN 6:1
ମନୁଷ୍ୟମାନଙ୍କଠାରୁ	5	5	4	5	JOB 28:4
ମନୁଷ୍ୟମାନଙ୍କର	14	14	11	18	JOB 33:16
ମନୁଷ୍ୟମାନଙ୍କୁ	14	14	10	15	ISA 43:4
ମନୁଷ୍ୟମାନେ	24	24	17	24	GEN 4:26
ମନୁଷ୍ୟର	203	203	42	214	GEN 1:26
ମନୁଷ୍ୟରେ	1	1	1	1	EZK 36:38
ମନୁଷ୍ୟସକଳ	1	1	1	0	GEN 14:21
ମନୁଷ୍ୟସନ୍ତାନ	5	5	3	1	JER 49:18
ମନୁଷ୍ୟସନ୍ତାନଗଣ	4	4	2	0	PSA 4:2
ମନୁଷ୍ୟସନ୍ତାନମାନଙ୍କ	1	1	1	0	EPH 3:5
ମନୁଷ୍ୟସନ୍ତାନମାନେ	1	1	1	0	GEN 11:5
ମନୁଷ୍ୟସନ୍ତାନର	1	1	1	0	JOB 35:8
ମନୁଷ୍ୟହତ୍ୟା	1	1	1	0	NUM 31:19
ମନୁଷ୍ୟହସ୍ତ	1	1	1	1	ACT 17:25
ମନୁଷ୍ୟାକୃତି	1	1	1	1	DAN 8:15
ମନୁହୋଥର	1	1	1	1	1CH 2:52
ମନେ	231	231	38	239	GEN 8:21
ମନେକରି	1	1	1	2	2SA 4:10
ମନୋ-ଯୋଗ	3	3	3	0	PRO 31:27
ମନୋଦୁଃଖ	2	2	2	2	EXO 6:9
ମନୋଦୁଃଖରୁ	1	1	1	0	EZR 9:5
ମନୋଦୁଃଖିନୀ	1	1	1	1	ISA 54:6
ମନୋନିବେଶ	5	5	4	7	PRO 2:2
ମନୋନୀତ	212	212	38	231	GEN 13:11
ମନୋନୀତମାନଙ୍କୁ	1	1	1	1	PSA 105:43
ମନୋନୀତହ	1	1	1	0	REV 17:14
ମନୋନୀତା	4	4	3	5	EST 2:9
ମନୋନୟନକୁ	1	1	1	2	2PE 1:10
ମନୋବାଞ୍ଛା	5	5	3	5	PSA 10:3
ମନୋବାଞ୍ଛାନୁସାରେ	3	3	3	3	1SA 23:20
ମନୋବ୍ୟଥା	1	1	1	0	PRO 12:25
ମନୋଭଙ୍ଗ	1	1	1	1	DEU 1:28
ମନୋଭାବନା	2	2	1	2	JDG 5:15
ମନୋଯୋଗ	177	177	33	181	GEN 21:12
ମନୋଯୋଗ-ପୂର୍ବକ	1	1	1	1	ISA 21:7
ମନୋଯୋଗକାରୀ	1	1	1	1	PRO 25:12
ମନୋଯୋଗପୂର୍ବକ	1	1	1	1	NEH 10:29
ମନୋଯୋଗୀ	15	15	11	15	DEU 31:12
ମନୋରଞ୍ଜନ	1	1	1	1	DEU 24:5
ମନୋରଥ	3	3	2	0	ECC 3:17
ମନୋରଥର	1	1	1	0	ECC 3:1
ମନୋରମ	11	11	7	11	2KI 2:19
ମନୋରମ୍ୟ	1	1	1	1	ISA 64:11
ମନୋହର	50	50	21	49	GEN 39:6
ମନୋହାରିଣୀ	1	1	1	1	SNG 7:6
ମନ୍ତ୍ର	15	15	7	15	NUM 23:23
ମନ୍ତ୍ରଜ୍ଞ	4	4	4	4	GEN 41:8
ମନ୍ତ୍ରଜ୍ଞ-ମାନଙ୍କୁ	1	1	1	0	1SA 6:2
ମନ୍ତ୍ରଜ୍ଞକୁ	1	1	1	1	DAN 2:10
ମନ୍ତ୍ରଜ୍ଞମାନଙ୍କ	2	2	2	2	EXO 9:11
ମନ୍ତ୍ରଜ୍ଞମାନଙ୍କୁ	2	2	2	3	GEN 41:24
ମନ୍ତ୍ରଜ୍ଞମାନେ	6	6	2	7	EXO 7:11
ମନ୍ତ୍ରଜ୍ଞମାନେମୋଶାଙ୍କ	1	1	1	0	EXO 9:11
ମନ୍ତ୍ରଣା	116	116	24	96	GEN 37:18
ମନ୍ତ୍ରଣାକାରୀମାନଙ୍କୁ	1	1	1	1	EZR 4:5
ମନ୍ତ୍ରଣାକୁ	3	3	3	3	2SA 15:31
ମନ୍ତ୍ରଣାଦାତା	1	1	1	1	ISA 41:28
ମନ୍ତ୍ରଣାଦାୟକ	1	1	1	1	PSA 119:24
ମନ୍ତ୍ରଣାଦାୟିନୀ	1	1	1	1	2CH 22:3
ମନ୍ତ୍ରଣାଦାୟୀ	1	1	1	0	2CH 22:4
ମନ୍ତ୍ରଣାନୁସାରେ	7	7	5	5	2SA 17:23
ମନ୍ତ୍ରଣାର	2	2	2	2	PSA 106:13
ମନ୍ତ୍ରଣାରୁ	2	2	2	2	PSA 64:2
ମନ୍ତ୍ରଣାରେ	9	9	5	9	GEN 49:6
ମନ୍ତ୍ରଣାସବୁ	3	3	3	2	PSA 20:4
ମନ୍ତ୍ରପାଠ	1	1	1	1	1SA 15:23
ମନ୍ତ୍ରପାଠକମାନେ	1	1	1	1	ZEC 10:2
ମନ୍ତ୍ରବେତ୍ତା	5	5	1	5	DAN 1:20
ମନ୍ତ୍ରବେତ୍ତାଗଣର	1	1	1	1	DAN 4:9
ମନ୍ତ୍ରବେତ୍ତାମାନେ	1	1	1	1	MIC 3:7
ମନ୍ତ୍ରମୁଗ୍ଧ	1	1	1	1	ECC 10:11
ମନ୍ତ୍ରର	1	1	1	1	NUM 22:7
ମନ୍ତ୍ରଶୂନ୍ୟ	1	1	1	1	MIC 3:6
ମନ୍ତ୍ରୀ	16	16	9	15	2SA 15:12
ମନ୍ତ୍ରୀ-ସଭାରେ	1	1	1	0	EZK 13:9
ମନ୍ତ୍ରୀଗଣ	2	2	2	2	EZR 8:25
ମନ୍ତ୍ରୀଗଣଙ୍କୁ	1	1	1	1	ISA 1:26
ମନ୍ତ୍ରୀଗଣର	3	3	2	3	EZR 7:15
ମନ୍ତ୍ରୀମଣ୍ଡଳ	1	1	1	1	ACT 25:12
ମନ୍ତ୍ରୀମାନଙ୍କ	3	3	2	2	1KI 10:5
ମନ୍ତ୍ରୀମାନଙ୍କର	1	1	1	1	2CH 9:4
ମନ୍ତ୍ରୀମାନଙ୍କୁ	3	3	3	3	JOB 12:17
ମନ୍ଥନ	1	1	1	1	JOB 26:12
ମନ୍ଥନରେ	3	3	1	3	PRO 30:33
ମନ୍ଥି	1	1	1	1	JDG 5:22
ମନ୍ଦ	167	167	37	180	GEN 8:21
ମନ୍ଦ-ଆତ୍ମା	6	6	1	6	1SA 16:14
ମନ୍ଦ-କର୍ମକାରୀମାନଙ୍କ	1	1	1	0	PRO 24:19
ମନ୍ଦ-ବ୍ୟାଧି	1	1	1	1	DEU 7:15
ମନ୍ଦକର୍ମ	1	1	1	2	PRO 16:30
ମନ୍ଦକର୍ମରେ	1	1	1	1	PRO 14:32
ମନ୍ଦକୁ	5	5	3	5	PRO 14:16
ମନ୍ଦଖୁଣଯୁକ୍ତ	1	1	1	1	DEU 15:21
ମନ୍ଦଗାମୀ	1	1	1	1	ISA 8:6
ମନ୍ଦଗୁଡ଼ାକ	1	1	1	0	MAT 13:48
ମନ୍ଦଠାରୁ	3	3	3	2	PSA 37:27
ମନ୍ଦତା	14	14	5	16	DEU 17:1
ମନ୍ଦତାର	1	1	1	2	PSA 54:5
ମନ୍ଦତାରୁ	2	2	2	2	PSA 34:14
ମନ୍ଦତାରେ	1	1	1	2	ROM 1:29
ମନ୍ଦବିଶେଷ	1	1	1	0	2SA 19:35
ମନ୍ଦମାତ୍ର	1	1	1	0	GEN 6:5
ମନ୍ଦର	5	5	5	7	GEN 3:5
ମନ୍ଦରୁ	6	6	5	6	1CH 4:10
ମନ୍ଦରେ	1	1	1	1	JAS 1:13
ମନ୍ଦଲୋକର	1	1	1	1	PSA 10:15
ମନ୍ଦିର	77	77	20	129	1KI 6:5
ମନ୍ଦିର-ଦ୍ୱାରବନ୍ଧ	1	1	1	1	1SA 1:9
ମନ୍ଦିର-ଦ୍ୱାରସବୁରୁ	1	1	1	0	2KI 18:16
ମନ୍ଦିର-ବରଣ୍ଡାର	1	1	1	1	1CH 28:11
ମନ୍ଦିର-ସମ୍ପର୍କୀୟ	1	1	1	1	NEH 2:8
ମନ୍ଦିରକୁ	20	20	15	26	JDG 9:27
ମନ୍ଦିରଟି	1	1	1	1	LUK 21:5
ମନ୍ଦିରଭଗ୍ନକାରୀ	1	1	1	2	MRK 15:29
ମନ୍ଦିରର	40	40	16	60	1KI 6:33
ମନ୍ଦିରରୁ	18	18	12	20	JDG 9:4
ମନ୍ଦିରରେ	58	58	19	71	1SA 3:3
ମନ୍ଦିରସମୂହରେ	1	1	1	1	ACT 17:24
ମନ୍ଦିରସ୍ଥ	1	1	1	1	MAT 23:16
ମନ୍ଦିରସ୍ଥିତ	1	1	1	1	JDG 9:46
ମନ୍ଦିରା	1	1	1	1	2SA 6:5
ମନ୍ନା	1	1	1	1	LUK 3:31
ମନ୍ନାଙ୍କ	1	1	1	1	LUK 3:31
ମପା	1	1	1	1	ZEC 1:16
ମପାଇ	2	2	2	1	MAT 7:2
ମପାଇଦିଆଯିବ	1	1	1	2	MRK 4:24
ମପାଯାଇ	1	1	1	1	JER 33:22
ମଫୀବୋଶତର	2	2	1	0	2SA 16:1
ମଫୀବୋଶତ୍	11	11	1	12	2SA 4:4
ମଫୀବୋଶତ୍କୁ	1	1	1	0	2SA 21:7
ମଫୀବୋଶତ୍ର	2	2	1	4	2SA 9:12
ମବୁନ୍ନୟ	1	1	1	1	2SA 23:27
ମମାଥି	1	1	1	0	JHN 19:7
ମମୁଖନର	1	1	1	0	EST 1:21
ମମୁଖନ୍	2	2	1	2	EST 1:14
ମମ୍ରି	2	2	1	2	GEN 14:24
ମମ୍ରିର	8	8	1	8	GEN 13:18
ମର	5	5	3	5	LEV 8:35
ମରକତ	3	3	2	5	EXO 28:17
ମରକତମଣି	1	1	1	0	REV 4:3
ମରକତମଣିର	1	1	1	0	REV 21:19
ମରଣ	53	53	17	55	GEN 21:16
ମରଣକାଳ	2	2	2	2	1KI 2:1
ମରଣକାଳରେ	2	2	2	2	PSA 49:17
ମରଣଦିନ	3	3	3	2	1SA 15:35
ମରଣରୁ	1	1	1	1	JOS 2:13
ମରଣରେ	8	8	5	8	NUM 16:29
ମରଣାନ୍ତେ	1	1	1	1	ECC 6:12
ମରଣାବସ୍ଥାରେ	1	1	1	1	PSA 6:5
ମରଣାର୍ଥେ	1	1	1	1	PSA 79:11
ମରନ୍ତି	14	14	7	15	EXO 28:43
ମରନ୍ତେ	8	8	4	7	DEU 19:11
ମରା	1	1	1	1	1SA 26:7
ମରାଥୟିମ୍	1	1	1	1	JER 50:21
ମରାମରି	1	1	1	0	ACT 7:26
ମରାଯାଇଅଛନ୍ତି	1	1	1	0	MAT 22:4
ମରାରି	10	10	5	12	GEN 46:11
ମରାରି-ବଂଶଜାତ	2	2	1	2	1CH 9:14
ମରାରି-ସନ୍ତାନଗଣ	4	4	4	4	JOS 21:7
ମରାରି-ସନ୍ତାନଗଣକୁ	1	1	1	1	NUM 7:8
ମରାରି-ସନ୍ତାନଗଣର	5	5	3	5	NUM 4:29
ମରାରି-ସନ୍ତାନମାନଙ୍କ	2	2	2	1	NUM 4:33
ମରାରିଠାରୁ	2	2	1	2	NUM 3:33
ମରାରିର	12	12	3	12	EXO 6:19
ମରାରୀୟ	2	2	1	2	NUM 3:33
ମରାୟ	1	1	1	1	NEH 12:12
ମରାୟୋତ-ବଂଶର	1	1	1	0	NEH 12:15
ମରାୟୋତର	2	2	2	2	EZR 7:3
ମରାୟୋତ୍	4	4	3	3	1CH 6:7
ମରାୟୋତ୍କୁ	1	1	1	1	1CH 6:6
ମରାୟୋତ୍ର	1	1	1	1	1CH 9:11
ମରି	22	22	14	22	GEN 42:2
ମରିଅଛ	1	1	1	1	COL 3:3
ମରିଅଛନ୍ତି	11	11	10	15	GEN 50:15
ମରିଅଛି	17	17	6	17	GEN 42:38
ମରିଅଛୁ	1	1	1	2	ROM 6:8
ମରିଗଲା	9	9	6	9	1SA 25:37
ମରିଗଲାଣି	2	2	2	2	MRK 5:35
ମରିଗଲେ	2	2	2	2	ROM 7:2
ମରିଗଲେଣି	2	2	2	2	MRK 15:44
ମରିଥା’ନ୍ତୁ	5	5	3	6	EXO 16:3
ମରିଥା’ନ୍ତୁଣ	1	1	1	0	NUM 14:2
ମରିଥିବା	1	1	1	1	1KI 21:15
ମରିଥିଲେ	4	4	3	4	GEN 46:12
ମରିପାରେ	3	3	1	3	NUM 35:17
ମରିବ	98	98	21	100	GEN 2:17
ମରିବା	23	23	14	23	GEN 43:8
ମରିବାକୁ	5	5	5	6	2SA 3:33
ମରିବାର	3	3	2	3	ECC 3:2
ମରିବାରୁ	1	1	1	1	NUM 6:9
ମରିବି	9	9	9	9	GEN 30:1
ମରିବୁ	4	4	3	4	GEN 47:15
ମରିବେ	21	21	11	21	EXO 9:19
ମରିଯାଇ	1	1	1	1	ISA 50:2
ମରିଯାଇଅଛନ୍ତି	1	1	1	1	PSA 88:10
ମରିଯାଇଅଛି	2	2	2	3	1KI 3:21
ମରିଯାଇଛନ୍ତି	1	1	1	1	JHN 11:14
ମରିଯାଇଛି	1	1	1	0	2SA 14:5
ମରିଯାଇଥିଲେ	1	1	1	1	1SA 28:3
ମରିଯାଏ	3	3	3	5	EXO 21:12
ମରିଯିବ	3	3	3	4	GEN 38:11
ମରିଯିବା	1	1	1	1	DEU 5:25
ମରିଯିବି	2	2	2	2	GEN 19:19
ମରିଯିବୁ	2	2	2	2	GEN 47:19
ମରିଯିବେ	5	5	3	5	GEN 33:13
ମରୀ	1	1	1	0	NUM 12:4
ମରୀବତ୍-କାଦେଶସ୍ଥ	2	2	1	2	EZK 47:19
ମରୀବାଃ	1	1	1	0	DEU 33:8
ମରୀବ୍ବାଲ	1	1	1	1	1CH 8:34
ମରୀବ୍ବାଲ୍	3	3	1	3	1CH 8:34
ମରୀୟମ	49	49	9	17	EXO 15:20
ମରୀୟମକୁ	2	2	2	2	NUM 12:5
ମରୀୟମଙ୍କ	8	8	4	2	MAT 1:16
ମରୀୟମଙ୍କର	1	1	1	0	MAT 1:18
ମରୀୟମଙ୍କୁ	9	9	6	3	NUM 12:10
ମରୀୟମର	1	1	1	0	MRK 6:3
ମରୀୟଲା	1	1	1	1	JOS 19:11
ମରୁ	8	8	5	9	GEN 44:9
ମରୁଅଛି	4	4	3	4	GEN 48:21
ମରୁଭୂମି	17	17	9	17	LEV 26:31
ମରୁଭୂମି-ନିବାସୀ	1	1	1	1	PSA 72:9
ମରୁଭୂମିକି	2	2	2	0	JOB 6:18
ମରୁଭୂମିନିବାସୀମାନଙ୍କ	1	1	1	0	PSA 74:14
ମରୁଭୂମିର	2	2	1	3	1SA 23:19
ମରୁଭୂମିରେ	11	11	4	12	DEU 32:10
ମରୁଭୂମିସ୍ଥିତ	1	1	1	1	JER 17:6
ମରେ	35	35	15	34	EXO 21:20
ମରେମୋତ୍	6	6	2	6	EZR 8:33
ମରୋଣୋଥୀୟ	1	1	1	0	NEH 3:7
ମରୋଦକ	1	1	1	0	JER 50:2
ମରୋଦକ୍-ବଲ୍ଦନ୍	1	1	1	1	ISA 39:1
ମର୍ତ୍ତନୀୟର	1	1	1	0	NEH 11:22
ମର୍ତ୍ତ୍ୟ	24	24	17	23	ECC 6:10
ମର୍ତ୍ତ୍ୟ-ମନୁଷ୍ୟ	1	1	1	0	JOB 4:17
ମର୍ତ୍ତ୍ୟକୁ	6	6	4	6	DEU 4:26
ମର୍ତ୍ତ୍ୟର	7	7	6	8	GEN 24:3
ମର୍ତ୍ତ୍ୟରେ	2	2	2	2	DEU 3:24
ମର୍ଦ୍ଦଖୟ	43	43	3	46	EZR 2:2
ମର୍ଦ୍ଦଖୟକୁ	13	13	1	0	EST 3:3
ମର୍ଦ୍ଦଖୟଠାରୁ	1	1	1	1	EST 4:4
ମର୍ଦ୍ଦଖୟର	6	6	1	6	EST 2:20
ମର୍ଦ୍ଦନ	17	17	11	20	DEU 28:40
ମର୍ଦ୍ଦନ-ଯନ୍ତ୍ର	1	1	1	0	1CH 21:23
ମର୍ଦ୍ଦିତ	10	10	6	10	LEV 2:14
ମର୍ମ	10	10	5	9	DEU 17:10
ମର୍ମଭେଦକ	1	1	1	1	JER 4:18
ମର୍ମର	6	6	5	6	1CH 29:2
ମର୍ମରପ୍ରସ୍ତର	1	1	1	1	EST 1:6
ମର୍ମରେ	1	1	1	0	LAM 3:13
ମର୍ମାନ୍ତିକ	1	1	1	1	LUK 22:44
ମର୍ମାହତ	2	2	1	0	ACT 5:33
ମର୍ଯ୍ୟାଦା	5	5	5	6	2KI 3:14
ମର୍ଯ୍ୟାଦାପନ୍ନ	4	4	2	4	2SA 23:19
ମର୍ଯ୍ୟାଦାର	1	1	1	1	1TH 4:11
ମର୍ଯ୍ୟାଦାରହିତ	1	1	1	1	NAM 3:6
ମଲକମ୍	1	1	1	1	1CH 8:9
ମଲକୀୟ	4	4	1	0	NEH 3:31
ମଲକୀୟେଲଠାରୁ	1	1	1	0	NUM 26:45
ମଲକୀୟେଲୀୟ	1	1	1	0	NUM 26:45
ମଲା	76	76	20	76	GEN 5:8
ମଲାଖିଙ୍କ	1	1	1	2	MAL 1:1
ମଲାଟି	4	4	1	4	1KI 3:22
ମଲାଟୀୟ	1	1	1	1	NEH 3:7
ମଲାଣି	4	4	3	4	2SA 12:19
ମଲାହ	1	1	1	1	LUK 3:31
ମଲାହଙ୍କ	1	1	1	1	LUK 3:31
ମଲି	1	1	1	1	JOB 3:11
ମଲୀଶୂୟ	1	1	1	0	1SA 14:49
ମଲୁ	3	3	3	3	MAT 8:25
ମଲେ	101	101	24	109	GEN 5:5
ମଲେଣି	1	1	1	1	MRK 15:44
ମଲ୍କିୟେଲର	1	1	1	0	NEH 11:12
ମଲ୍କୀରାମ୍	1	1	1	1	1CH 3:18
ମଲ୍କୀଶୂୟ	1	1	1	3	1CH 9:39
ମଲ୍କୀଶୂୟକୁ	2	2	2	2	1SA 31:2
ମଲ୍କୀଶୟ	1	1	1	0	1CH 8:33
ମଲ୍କୀଷେଦକ	3	3	2	4	GEN 14:18
ମଲ୍କୀଷେଦକଙ୍କ	7	7	2	11	PSA 110:4
ମଲ୍କୀୟ	7	7	4	11	1CH 24:9
ମଲ୍କୀୟର	4	4	2	5	1CH 6:40
ମଲ୍କୀୟେଲ	2	2	2	2	GEN 46:17
ମଲ୍ଖୀ	2	2	1	2	LUK 3:24
ମଲ୍ଖୀଙ୍କ	2	2	1	2	LUK 3:24
ମଲ୍ଲଯୁଦ୍ଧ	4	4	1	5	GEN 30:8
ମଲ୍ଲଯୋଦ୍ଧା	2	2	1	2	1SA 17:4
ମଲ୍ଲୁକ	2	2	1	2	EZR 10:29
ମଲ୍ଲୁକର	1	1	1	1	1CH 6:44
ମଲ୍ଲୁକି-ବଂଶର	1	1	1	1	NEH 12:14
ମଲ୍ଲୂକ	1	1	1	3	NEH 12:2
ମଲ୍ଲୂକ୍	2	2	1	0	NEH 10:4
ମଲ୍ଲେଥି	1	1	1	0	1CH 25:26
ମଲ୍ଲୋଥି	1	1	1	2	1CH 25:4
ମଳ	10	10	7	9	LEV 1:16
ମଳଗୃହ	1	1	1	1	2KI 10:27
ମଳନ୍ତେ	1	1	1	1	RUT 2:17
ମଳରେ	1	1	1	1	ISA 28:8
ମଳା	2	2	2	2	LEV 22:24
ମଳି	1	1	1	1	LUK 6:1
ମଳିନ	26	26	17	26	LEV 13:6
ମଳିନତା	1	1	1	1	1PE 3:21
ମଳିନତାରୁ	1	1	1	1	PRO 30:12
ମଳୁଥିଲା	1	1	1	1	1CH 21:20
ମଳୁଥିଲେ	1	1	1	1	JDG 6:11
ମଶଲା	2	2	2	2	ISA 41:25
ମଶାକୁ	1	1	1	1	MAT 23:24
ମଶାଲ	6	6	6	6	JOB 41:19
ମଶାଲ୍	1	1	1	1	1CH 6:74
ମଶିଲ୍ଲମୋରର	1	1	1	1	1CH 9:12
ମଶିଲ୍ଲେମୋତ୍	1	1	1	1	NEH 11:13
ମଶିଲ୍ଲେମୋତ୍ର	1	1	1	1	NEH 11:13
ମଶିଲ୍ଲୋମୋତ୍ର	1	1	1	1	2CH 28:12
ମଶୁଲ୍ଲମର	4	4	3	2	2KI 22:3
ମଶୁଲ୍ଲମ୍	19	19	4	20	1CH 3:19
ମଶୁଲ୍ଲମ୍ର	3	3	2	5	1CH 9:11
ମଶୁଲ୍ଲେମତ୍	1	1	1	1	2KI 21:19
ମଶୂଲ୍ଲମ୍	1	1	1	0	1CH 5:13
ମଶେଲିମୀୟ	1	1	1	1	1CH 26:1
ମଶେଲିମୀୟର	3	3	1	3	1CH 9:21
ମଶେଷବେଲର	2	2	1	0	NEH 3:4
ମଶେଷବେଲ୍	1	1	1	1	NEH 10:21
ମଶୋବବ୍	1	1	1	1	1CH 4:34
ମଶ୍	1	1	1	1	GEN 10:23
ମସଲାରେ	5	5	1	5	EZK 13:10
ମସା	2	2	2	2	GEN 25:14
ମସିନା	8	8	6	13	DEU 22:11
ମସିନାଝାଟିରେ	1	1	1	1	JOS 2:6
ମସିନାନିର୍ମିତ	2	2	1	0	LEV 13:52
ମସିନାବସ୍ତ୍ର	2	2	2	1	LEV 13:48
ମସିନାର	2	2	2	1	LEV 13:48
ମସୀନା	1	1	1	0	REV 15:6
ମସୀହ	1	1	1	1	JHN 4:25
ମସୀହଙ୍କର	1	1	1	1	JHN 1:41
ମସୁର	3	3	3	3	GEN 25:34
ମସୂରପୂର୍ଣ୍ଣ	1	1	1	0	2SA 23:11
ମସୋବାୟୀୟ	1	1	1	1	1CH 11:47
ମସ୍କୀଲ	1	1	1	0	PSA 42:1
ମସ୍କୀଲ୍	12	12	1	11	PSA 32:1
ମସ୍ତକ	209	209	39	226	GEN 24:26
ମସ୍ତକ-ଉପରିସ୍ଥ	1	1	1	1	DEU 28:23
ମସ୍ତକ-ରକ୍ଷକ	1	1	1	1	1SA 28:2
ମସ୍ତକ-ସଂଖ୍ୟାରେ	1	1	1	1	NUM 1:18
ମସ୍ତକକୁ	5	5	4	4	GEN 3:15
ମସ୍ତକଗୁଡ଼ାକ	2	2	1	2	REV 13:1
ମସ୍ତକଗୁଡ଼ିକ	1	1	1	0	REV 12:3
ମସ୍ତକଚ୍ଛେଦନ	1	1	1	0	REV 20:4
ମସ୍ତକଠାରୁ	1	1	1	0	LEV 13:12
ମସ୍ତକବିଶିଷ୍ଟ	1	1	1	1	REV 9:19
ମସ୍ତକମୁଣ୍ଡନର	1	1	1	0	ACT 21:24
ମସ୍ତକଯାଏ	1	1	1	0	DEU 28:35
ମସ୍ତକଯାକ	1	1	1	1	ISA 1:5
ମସ୍ତକର	48	48	20	48	LEV 10:6
ମସ୍ତକରୁ	9	9	8	7	GEN 48:17
ମସ୍ତକରେ	126	126	37	130	GEN 40:17
ମସ୍ତକସ୍ୱରୂପ	2	2	2	0	1CO 11:3
ମସ୍ତକାଗ୍ରରେ	2	2	2	2	GEN 49:26
ମସ୍ତକାନୁସାରେ	1	1	1	1	1CH 23:24
ମସ୍ତକାଭରଣ	1	1	1	1	JER 13:18
ମସ୍ରେକା	2	2	2	1	GEN 36:36
ମହକିଗଲା	1	1	1	1	JHN 12:3
ମହଣ	32	32	9	32	EXO 25:39
ମହଣିଆ	1	1	1	2	JHN 2:6
ମହଣେ	2	2	2	2	MAT 13:33
ମହତ	52	52	22	43	GEN 12:2
ମହତମାନଙ୍କ	1	1	1	1	ISA 53:12
ମହତୀ	5	5	5	3	GEN 18:18
ମହତ୍	27	27	11	36	PSA 31:19
ମହତ୍ତମ	1	1	1	1	JER 31:34
ମହତ୍ତର	3	3	1	0	HEB 6:13
ମହତ୍ତ୍ୱ	12	12	7	12	NUM 14:19
ମହତ୍ତ୍ୱର	2	2	2	2	EST 1:4
ମହତ୍ତ୍ୱରେ	5	5	2	5	JOB 40:10
ମହତ୍ତ୍ୱାନୁସାରେ	3	3	2	3	NEH 13:22
ମହଥ	1	1	1	1	LUK 3:26
ମହଥଙ୍କ	1	1	1	1	LUK 3:26
ମହନୀ-ଦାନରେ	1	1	1	0	JDG 13:25
ମହନୀ-ଦାନ୍	1	1	1	0	JDG 18:12
ମହନୟିମକୁ	2	2	2	2	2SA 2:8
ମହନୟିମରୁ	1	1	1	1	2SA 2:12
ମହନୟିମରେ	5	5	2	5	2SA 2:29
ମହନୟିମସ୍ଥ	1	1	1	1	SNG 7:1
ମହନୟିମ୍	3	3	3	0	GEN 32:2
ମହନୟୀମଠାରୁ	2	2	1	0	JOS 13:26
ମହବୀୟ	1	1	1	1	1CH 11:46
ମହମ	4	4	2	4	PSA 22:14
ମହରାଜଙ୍କ	1	1	1	1	1KI 1:27
ମହରୟ	3	3	2	3	2SA 23:28
ମହଲତ୍	4	4	3	4	GEN 28:9
ମହଲଲେଲ	5	5	4	5	GEN 5:13
ମହଲଲେଲକୁ	1	1	1	1	GEN 5:12
ମହଲଲେଲଙ୍କ	1	1	1	1	LUK 3:37
ମହଲଲେଲର	2	2	2	2	GEN 5:17
ମହଲା	13	13	4	13	NUM 26:33
ମହଲାକୁ	1	1	1	1	1CH 7:18
ମହଲାର	4	4	2	4	JDG 3:23
ମହଲାରୁ	1	1	1	1	ACT 20:9
ମହଲାରେ	2	2	2	2	JDG 3:20
ମହଲି	8	8	3	8	EXO 6:19
ମହଲିର	4	4	2	4	1CH 6:47
ମହଲୀୟ	2	2	1	2	NUM 3:33
ମହଲୋନ	2	2	1	2	RUT 1:2
ମହଲୋନର	2	2	1	2	RUT 4:9
ମହସୀୟୋତ୍	2	2	1	2	1CH 25:4
ମହସେୟର	2	2	1	2	JER 32:12
ମହା	110	110	28	131	GEN 6:4
ମହା-ଅଗ୍ନି	2	2	1	2	DEU 5:25
ମହା-ପରାକ୍ରମ	1	1	1	0	MAT 24:30
ମହା-ବିକ୍ରମଶାଳୀ	3	3	3	0	JOS 6:2
ମହା-ସଂହାରରେ	1	1	1	0	2CH 13:17
ମହାଅନୁଭବୀ	1	1	1	0	ECC 1:16
ମହାଅପରାଧ	1	1	1	1	EZR 10:13
ମହାଆନନ୍ଦ	1	1	1	1	1SA 11:15
ମହାଆଲୁଅ	1	1	1	1	ISA 9:2
ମହାଉଦ୍ଧାର	2	2	2	2	JDG 15:18
ମହାଉଲ୍ଲାସ	1	1	1	1	1SA 2:1
ମହାକମ୍ପ	3	3	3	3	1SA 14:15
ମହାକରୁଣାରେ	1	1	1	1	ISA 54:7
ମହାକର୍ତ୍ତୃତ୍ୱରେ	1	1	1	1	DAN 11:3
ମହାକର୍ମ	2	2	1	2	DEU 4:34
ମହାକଳଙ୍କ	1	1	1	1	EZK 24:12
ମହାକାର୍ଯ୍ୟ	2	2	2	2	DEU 4:32
ମହାକୋପ	3	3	3	3	2KI 3:27
ମହାକୋପରୁ	1	1	1	1	2KI 23:26
ମହାକୋପରେ	4	4	4	4	DEU 29:28
ମହାକୋଳାହଳ	1	1	1	1	1SA 14:20
ମହାକ୍ରନ୍ଦନ	2	2	2	1	GEN 19:13
ମହାକ୍ରୁଦ୍ଧ	1	1	1	1	REV 12:17
ମହାକ୍ରୋଧ	2	2	2	2	DEU 29:24
ମହାକ୍ରୋଧରେ	1	1	1	1	REV 12:12
ମହାକ୍ଲେଶ	1	1	1	2	MAT 24:21
ମହାକ୍ଳେଶ	1	1	1	0	ACT 7:11
ମହାକ୍ଳେଶରୁ	1	1	1	0	REV 7:14
ମହାକ୍ଳେଶରେ	2	2	2	1	NEH 9:37
ମହାକ୍ଷମତା	1	1	1	1	REV 13:2
ମହାକ୍ଷମତାପନ୍ନ	1	1	1	2	PSA 37:35
ମହାଗୋଷ୍ଠୀ	8	8	5	8	GEN 12:2
ମହାଗୋଷ୍ଠୀର	3	3	2	3	DEU 4:7
ମହାଗୋଷ୍ଠୀସବୁ	1	1	1	1	EZK 31:6
ମହାଗୌରବ	2	2	2	2	PSA 21:5
ମହାଘାତରେ	1	1	1	1	2CH 21:14
ମହାଚହଳ	1	1	1	1	JER 10:22
ମହାଚିତ୍କାର	1	1	1	1	GEN 27:34
ମହାଜନ	5	5	5	5	EXO 22:25
ମହାଜନଙ୍କର	1	1	1	1	LUK 7:41
ମହାଜନତା	10	10	8	12	EXO 12:38
ମହାଜନତାକୁ	2	2	2	3	1KI 20:28
ମହାଜନତାର	2	2	2	3	ISA 13:4
ମହାଜନମାନେ	1	1	1	1	ISA 23:8
ମହାଜନର	2	2	2	2	PRO 22:7
ମହାଜଳରାଶି	3	3	2	3	PSA 32:6
ମହାଜଳରାଶିକୁ	1	1	1	1	HAB 3:15
ମହାଜଳରାଶିରୁ	1	1	1	1	PSA 144:7
ମହାଜଳରାଶିରେ	4	4	2	4	PSA 77:19
ମହାଜଳାଶୟ	1	1	1	1	JER 41:12
ମହାଜ୍ୟୋତି	2	2	1	2	GEN 1:16
ମହାଜ୍ୟୋତିର୍ଗଣ	1	1	1	1	PSA 136:7
ମହାଜ୍ୱାଳାଜନକ	1	1	1	0	JOB 2:7
ମହାଜୟ	1	1	1	1	1CH 11:14
ମହାଜୟଧ୍ୱନି	1	1	1	1	1SA 4:6
ମହାଜୟଧ୍ୱନିରେ	2	2	1	2	JOS 6:5
ମହାଢିପି	1	1	1	1	NAM 3:3
ମହାତାପରେ	1	1	1	1	ISA 66:15
ମହାତୂରୀଧ୍ୱନି	1	1	1	1	MAT 24:31
ମହାତୋଫାନ	2	2	2	1	JER 25:32
ମହାତ୍ମା	2	2	1	2	ISA 32:5
ମହାତ୍ରାସ	3	3	3	2	DEU 26:8
ମହାତ୍ରାସଯୁକ୍ତ	1	1	1	1	2CH 15:5
ମହାତ୍ରାସର	1	1	1	0	DEU 34:12
ମହାଦଣ୍ଡ	2	2	2	2	EXO 7:4
ମହାଦର୍ପ	1	1	1	1	JER 13:9
ମହାଦର୍ଶନ	1	1	1	1	DAN 10:8
ମହାଦଳ	1	1	1	1	NEH 12:31
ମହାଦାସତ୍ୱ	1	1	1	1	LAM 1:3
ମହାଦିନ	5	5	5	6	ISA 56:12
ମହାଦିନର	1	1	1	1	REV 16:14
ମହାଦିନରେ	2	2	1	2	2TI 1:18
ମହାଦୁଃଖ	1	1	1	1	NEH 1:3
ମହାଦୁର୍ଭିକ୍ଷ	4	4	3	6	2KI 6:25
ମହାଦେବୀ	4	4	1	4	ACT 19:27
ମହାଦୋଷ	1	1	1	1	EZR 9:13
ମହାଦୟା	4	4	3	4	1KI 3:6
ମହାଦୟାରେ	1	1	1	1	1PE 1:4
ମହାଧନ	1	1	1	1	PRO 13:7
ମହାଧ୍ୱନି	2	2	2	2	GEN 18:20
ମହାନ	96	96	29	102	GEN 48:19
ମହାନଓ	1	1	1	0	NAM 1:3
ମହାନଗର	2	2	2	2	GEN 10:12
ମହାନଗରକୁ	2	2	1	2	JON 1:2
ମହାନଗରୀ	10	10	1	10	REV 14:8
ମହାନଗରୀକୁ	2	2	1	2	REV 11:8
ମହାନଗରୀର	1	1	1	1	REV 11:8
ମହାନଦୀ	5	5	5	5	GEN 15:18
ମହାନଦୀରେ	1	1	1	1	REV 9:14
ମହାନଦୀସବୁ	1	1	1	1	PSA 74:15
ମହାନନ୍ଦ	5	5	5	5	2CH 30:26
ମହାନନ୍ଦରେ	11	11	9	11	1CH 29:9
ମହାନାଦ	4	4	3	4	1SA 17:20
ମହାନାମ	7	7	7	7	JOS 7:9
ମହାନିଦ୍ରା	1	1	1	1	ACT 7:60
ମହାନିଦ୍ରା-ପ୍ରାପ୍ତ	1	1	1	0	1CO 15:6
ମହାନିଦ୍ରାଗତ	1	1	1	1	MAT 27:52
ମହାନିଦ୍ରାପ୍ରାପ୍ତ	9	9	4	10	ACT 13:36
ମହାନିଦ୍ରିତ	1	1	1	1	PSA 76:6
ମହାନ୍	6	6	3	29	GEN 26:13
ମହାପବିତ୍ର	46	46	8	49	EXO 26:33
ମହାପବିତ୍ର-ସ୍ଥାନ	1	1	1	1	1KI 6:16
ମହାପରାକ୍ରମ	10	10	9	11	EXO 32:11
ମହାପରାକ୍ରମର	1	1	1	1	PSA 106:8
ମହାପରାକ୍ରମରେ	1	1	1	2	JOB 23:6
ମହାପରାକ୍ରମୀ	1	1	1	1	ISA 10:34
ମହାପରାଧରୁ	1	1	1	1	PSA 19:13
ମହାପରିତ୍ରାଣ	3	3	3	4	2SA 22:51
ମହାପର୍ବ	1	1	1	1	HOS 12:9
ମହାପର୍ବତ	1	1	1	1	DAN 2:35
ମହାପାପ	7	7	5	7	EXO 32:21
ମହାପିତା	1	1	1	1	GEN 17:5
ମହାପୀଡ଼ିତ	1	1	1	1	2CH 21:15
ମହାପୀଡ଼ିତାବସ୍ଥାରେ	1	1	1	1	2CH 24:25
ମହାପୁରସ୍କାରସ୍ୱରୂପ	1	1	1	0	GEN 15:1
ମହାପୁରୁଷ	2	2	1	2	ACT 5:36
ମହାପ୍ରତାପରେ	1	1	1	1	ISA 24:23
ମହାପ୍ରସ୍ଥାନ	2	2	2	2	LUK 9:31
ମହାପ୍ରୟାଣର	1	1	1	1	2TI 4:6
ମହାଫଳ	1	1	1	1	PSA 19:11
ମହାବଜ୍ରନାଦ	1	1	1	1	REV 14:2
ମହାବଳ	4	4	2	4	JDG 16:5
ମହାବଳରେ	2	2	2	2	NUM 20:20
ମହାବଳିଦାନ	1	1	1	1	NEH 12:43
ମହାବାରିଧି	1	1	1	1	PSA 36:6
ମହାବାରିଧିର	1	1	1	1	ISA 51:10
ମହାବାହିନୀ	1	1	1	1	PSA 68:11
ମହାବିକ୍ରମଶାଳୀ	34	34	9	34	JOS 1:14
ମହାବିନାଶ	2	2	1	2	JER 4:6
ମହାବିନାଶର	3	3	1	3	JER 48:3
ମହାବିରକ୍ତିଜନକ	2	2	1	0	NEH 9:18
ମହାବିଶ୍ରାମ	5	5	1	5	LEV 23:3
ମହାବିଶ୍ରାମ-ବର୍ଷ	1	1	1	0	LEV 25:5
ମହାବିଶ୍ରାମଦିନ	2	2	1	0	EXO 31:15
ମହାବୀର	1	1	1	1	JDG 21:10
ମହାବୀରଗଣକୁ	1	1	1	1	NUM 13:33
ମହାବୀରଜାତ	1	1	1	1	NUM 13:33
ମହାବୃଷ୍ଟି	2	2	2	2	1KI 18:45
ମହାବେଶ୍ୟା	2	2	1	0	REV 17:1
ମହାବ୍ୟାକୁଳତାରେ	1	1	1	1	DEU 7:23
ମହାବ୍ୟାଧି	1	1	1	1	DEU 28:60
ମହାଭଙ୍ଗର	1	1	1	1	ZEP 1:10
ମହାଭୀତ	1	1	1	1	JON 1:10
ମହାଭୂମିକମ୍ପ	2	2	2	0	ACT 16:26
ମହାଭୋଜ	5	5	5	5	GEN 21:8
ମହାଭୋଜରେ	1	1	1	1	REV 19:17
ମହାଭୟଗ୍ରସ୍ତ	3	3	3	1	PSA 14:5
ମହାମଙ୍ଗଳଦାନରେ	1	1	1	1	NEH 9:25
ମହାମଙ୍ଗଳଭାବ	1	1	1	1	PSA 145:7
ମହାମଙ୍ଗଳରେ	1	1	1	1	NEH 9:35
ମହାମରୁଭୂମିରେ	1	1	1	1	HOS 13:5
ମହାମହିମ	5	5	3	6	EZR 4:10
ମହାମହିମଙ୍କ	2	2	1	2	HEB 1:3
ମହାମହିମା	2	2	2	3	MAT 24:30
ମହାମାରୀ	54	54	19	64	EXO 9:3
ମହାମାରୀରୁ	2	2	2	2	PSA 91:3
ମହାମାରୀରେ	14	14	6	16	EXO 5:3
ମହାମୂଲ୍ୟ	1	1	1	1	PRO 6:26
ମହାମୂଲ୍ୟର	1	1	1	1	1PE 2:7
ମହାଯଜ୍ଞ	2	2	2	2	JDG 16:23
ମହାଯନ୍ତ୍ରଣା	1	1	1	1	HEB 11:35
ମହାଯାଜକ	44	44	11	52	2KI 12:10
ମହାଯାଜକକୁ	1	1	1	1	2KI 23:4
ମହାଯାଜକଙ୍କ	17	17	8	19	HAG 1:14
ମହାଯାଜକଙ୍କର	4	4	4	4	MAT 26:51
ମହାଯାଜକଙ୍କୁ	4	4	4	3	HAG 2:2
ମହାଯାଜକମାନଙ୍କ	1	1	1	1	HEB 7:27
ମହାଯାଜକର	7	7	4	7	NUM 35:25
ମହାଯାଜକୀୟ	1	1	1	2	ACT 4:6
ମହାଯାତନାଗ୍ରସ୍ତ	1	1	1	1	EZK 30:16
ମହାଯୁଦ୍ଧ	2	2	2	2	ISA 30:32
ମହାରବ	1	1	1	1	JER 51:55
ମହାରବରେ	1	1	1	1	1SA 7:10
ମହାରାଜ	102	102	13	96	1SA 17:55
ମହାରାଜଗଣକୁ	1	1	1	0	PSA 136:17
ମହାରାଜଙ୍କ	41	41	6	30	1SA 23:20
ମହାରାଜଙ୍କର	12	12	6	5	2SA 11:24
ମହାରାଜଙ୍କୁ	10	10	4	10	2SA 14:15
ମହାରାଜା	7	7	3	11	2SA 17:16
ମହାରାଜାଙ୍କ	13	13	6	24	1SA 18:18
ମହାରାଜାଙ୍କର	1	1	1	8	1SA 22:14
ମହାରାଜାଙ୍କୁ	6	6	2	6	2SA 16:9
ମହାରୋଦନ	1	1	1	1	EXO 11:6
ମହାରୋଷରେ	1	1	1	1	JER 32:37
ମହାଲକ୍ଷଣ	1	1	1	2	REV 12:1
ମହାଲୋକଗହଳ	1	1	1	0	2SA 18:29
ମହାଲୋକମାନଙ୍କ	2	2	2	1	2SA 7:9
ମହାଲୋକାରଣ୍ୟ	2	2	2	1	2CH 13:8
ମହାଶକ୍ତି	7	7	7	7	DEU 9:29
ମହାଶକ୍ତିରେ	1	1	1	1	ISA 63:1
ମହାଶଙ୍କା	1	1	1	1	EZK 7:18
ମହାଶଦ୍ଦ	5	5	5	0	ISA 29:6
ମହାଶଦ୍ଦକାରୀ	6	6	2	0	LEV 25:9
ମହାଶାନ୍ତି	2	2	2	2	PSA 119:165
ମହାଶୋକ	1	1	1	1	EST 4:3
ମହାଶୋଭାରୂପ	1	1	1	1	EZK 16:7
ମହାଶ୍ଚର୍ଯ୍ୟ	1	1	1	1	EXO 3:3
ମହାଶୟ	9	9	3	15	GEN 24:18
ମହାଶୟବୃନ୍ଦ	1	1	1	0	ACT 25:24
ମହାଶୟମାନେ	6	6	1	6	ACT 14:15
ମହାସଂହାର	3	3	2	3	1SA 4:10
ମହାସଂହାରରେ	9	9	5	10	JOS 10:10
ମହାସଭା	27	27	15	26	LEV 23:36
ମହାସଭାକୁ	4	4	3	4	LAM 1:4
ମହାସଭାର	3	3	3	4	LAM 2:7
ମହାସଭାରୁ	1	1	1	1	ACT 5:41
ମହାସଭାରେ	5	5	3	9	AMO 5:21
ମହାସମସ୍ୟାରେ	1	1	1	0	PHP 1:23
ମହାସମାଜ	9	9	6	9	1KI 8:65
ମହାସମାଜଠାରୁ	1	1	1	1	PSA 40:10
ମହାସମାଜରେ	1	1	1	1	PSA 40:9
ମହାସମାଦର	1	1	1	1	DAN 2:6
ମହାସମାରୋହରେ	2	2	2	2	1KI 10:2
ମହାସମୁଦ୍ର	10	10	4	10	NUM 34:5
ମହାସମୁଦ୍ରଠାରୁ	2	2	2	2	NUM 34:7
ମହାସମୁଦ୍ରର	3	3	3	3	GEN 8:2
ମହାସମ୍ପତ୍ତି	2	2	2	2	2CH 21:3
ମହାସମ୍ଭ୍ରାନ୍ତ	1	1	1	1	NUM 22:17
ମହାସାଗରକୁ	1	1	1	1	AMO 7:4
ମହାସାଗରର	1	1	1	0	MAT 18:6
ମହାସୀଦୋନ	1	1	1	2	JOS 19:28
ମହାସୀଦୋନ୍	1	1	1	0	JOS 11:8
ମହାସୈନ୍ୟ	5	5	5	6	2KI 18:17
ମହାସୈନ୍ୟ-ଶଦ୍ଦ	1	1	1	0	2KI 7:6
ମହାସୈନ୍ୟଦଳ	3	3	3	3	2KI 6:14
ମହାସୈନ୍ୟଦଳକୁ	1	1	1	1	2CH 24:24
ମହାସ୍ୱର	1	1	1	1	REV 1:10
ମହାହତ୍ୟା	2	2	2	2	1SA 14:30
ମହାହତ୍ୟାକାଣ୍ଡ	1	1	1	1	ISA 34:6
ମହାହର୍ଷନାଦ	1	1	1	1	1KI 1:40
ମହାହୁଙ୍କାର	1	1	1	1	JER 25:30
ମହିମା	64	64	18	70	EXO 16:7
ମହିମାକୁ	2	2	2	2	PSA 102:15
ମହିମାନ୍ୱିତ	28	28	6	27	PSA 8:1
ମହିମାପ୍ରାପ୍ତ	3	3	3	3	ZEC 6:13
ମହିମାଯୁକ୍ତ	1	1	1	1	ISA 12:5
ମହିମାର	7	7	5	9	EXO 33:22
ମହିମାରେ	10	10	9	11	GEN 49:3
ମହିମାରେଆପଣା	1	1	1	0	EXO 15:7
ମହିମାର୍ଥେ	1	1	1	0	ZEC 2:8
ମହିଳା	5	5	2	8	ACT 16:14
ମହିଳାଙ୍କ	1	1	1	1	1TI 5:16
ମହିଳାମାନଙ୍କୁ	3	3	2	3	ACT 13:50
ମହିଳାର	1	1	1	1	ACT 16:1
ମହୀଦାର	2	2	2	2	EZR 2:52
ମହୀରକୁ	1	1	1	1	1CH 4:11
ମହୁ	5	5	3	7	JDG 14:8
ମହୁଚାକକୁ	1	1	1	1	PRO 27:7
ମହୁଚାକରେ	1	1	1	1	1SA 14:27
ମହୁମାଛି	1	1	1	3	DEU 1:44
ମହୁମାଛିର	1	1	1	1	JDG 14:8
ମହୁର	1	1	1	1	1SA 14:26
ମହୁରୁ	1	1	1	1	1SA 14:29
ମହୁୟାୟେଲ	1	1	1	1	GEN 4:18
ମହୁୟାୟେଲର	1	1	1	1	GEN 4:18
ମହୂମନ୍	1	1	1	1	EST 1:10
ମହେଟବେଲ	1	1	1	2	GEN 36:39
ମହେଟବେଲର	1	1	1	1	NEH 6:10
ମହେଟବେଲ୍	1	1	1	0	1CH 1:50
ମହେର-ଶାଲଲହାଶ୍-ବସ୍	1	1	1	2	ISA 8:1
ମହେରଶାଲଲହାଶ୍-ବସ୍	1	1	1	0	ISA 8:3
ମହୋତ୍ସବ	2	2	2	2	PSA 81:3
ମହୋଲାତୀୟ	2	2	2	2	1SA 18:19
ମହୋଲ୍ଲାସ-ଉତ୍ସବ	1	1	1	0	LEV 25:10
ମା	8	8	2	15	MAT 12:46
ମାଂସ	173	173	32	172	GEN 2:21
ମାଂସ-ଭୋକ୍ତାମାନଙ୍କ	1	1	1	1	PRO 23:20
ମାଂସକୁ	1	1	1	2	JER 17:5
ମାଂସଖଣ୍ଡସକଳ	1	1	1	1	LEV 8:20
ମାଂସଖଣ୍ଡସବୁ	1	1	1	1	EZK 24:4
ମାଂସପିଣ୍ଡ	1	1	1	0	PSA 56:4
ମାଂସବିଶିଷ୍ଟ	6	6	2	6	GEN 9:15
ମାଂସବିହୀନ	1	1	1	2	JOB 19:26
ମାଂସମାତ୍ର	1	1	1	1	PSA 78:39
ମାଂସମାତ୍ରି	1	1	1	0	GEN 6:3
ମାଂସମୟ	4	4	3	5	EZK 11:19
ମାଂସର	8	8	7	8	GEN 2:23
ମାଂସରୁ	2	2	2	2	EZK 11:19
ମାଂସରେ	8	8	4	8	GEN 17:13
ମାଂସସ୍ୱରୂପ	1	1	1	1	GEN 29:14
ମାଆ	8	8	2	1	MAT 13:55
ମାଆର	1	1	1	1	MAT 14:8
ମାଇଲା	2	2	2	2	MAT 26:68
ମାଇଲେ	2	2	2	1	PRO 23:35
ମାଈ	2	2	1	2	LEV 3:1
ମାଉସୀର	1	1	1	1	LEV 20:19
ମାକଡ଼ସାର	2	2	2	2	JOB 8:14
ମାକସ୍	1	1	1	1	1KI 4:9
ମାକିଦନିଆ	8	8	5	12	ACT 19:21
ମାକିଦନିଆକୁ	7	7	3	8	ACT 16:9
ମାକିଦନିଆର	6	6	2	5	ACT 16:9
ମାକିଦନିଆରୁ	4	4	3	4	ACT 18:5
ମାକିଦନିଆରେ	2	2	2	2	2CO 7:5
ମାଖରୀୟ	1	1	1	1	NUM 26:29
ମାଖା	10	10	4	10	GEN 22:24
ମାଖାକୁ	2	2	1	2	2CH 11:20
ମାଖାତୀୟ	1	1	1	0	1CH 4:19
ମାଖାତୀୟର	3	3	3	0	2SA 23:34
ମାଖାଥୀୟ	1	1	1	2	DEU 3:14
ମାଖାଥୀୟମାନଙ୍କ	2	2	1	2	JOS 12:5
ମାଖାଥୀୟମାନଙ୍କୁ	1	1	1	1	JOS 13:13
ମାଖାଥୀୟମାନେ	1	1	1	1	JOS 13:13
ମାଖାର	9	9	4	9	2SA 3:3
ମାଖିର	1	1	1	1	NUM 13:15
ମାଖୀର	3	3	3	7	GEN 50:23
ମାଖୀର-ସନ୍ତାନଗଣର	2	2	1	1	JOS 13:31
ମାଖୀରକୁ	2	2	2	2	NUM 32:40
ମାଖୀରଠାରୁ	1	1	1	2	NUM 26:29
ମାଖୀରର	9	9	4	11	NUM 26:29
ମାଖୀର୍	1	1	1	0	1CH 7:15
ମାଖୀର୍କୁ	1	1	1	0	1CH 7:14
ମାଖୀର୍ଠାରୁ	1	1	1	0	JDG 5:14
ମାଖୀର୍ର	2	2	1	0	1CH 7:16
ମାଗ	14	14	9	16	1KI 2:22
ମାଗନ୍ତ	1	1	1	0	ZEC 10:1
ମାଗନ୍ତି	1	1	1	1	LAM 4:4
ମାଗନ୍ତେ	2	2	2	3	JDG 5:25
ମାଗି	16	16	9	17	EXO 3:22
ମାଗିଅଛ	3	3	2	3	1KI 3:11
ମାଗିଅଛି	2	2	2	2	PSA 27:4
ମାଗିଥାଅ	2	2	1	2	JAS 4:3
ମାଗିଥାଆନ୍ତ	1	1	1	1	JHN 4:10
ମାଗିଥିଲି	3	3	2	3	1SA 1:20
ମାଗିଥିଲେ	1	1	1	1	1SA 8:10
ମାଗିବ	9	9	4	9	GEN 34:12
ମାଗିବା	11	11	9	11	JOS 15:18
ମାଗିବାକୁ	4	4	4	4	EZR 8:22
ମାଗିବାରୁ	1	1	1	1	LUK 11:8
ମାଗିବି	2	2	2	2	ISA 7:12
ମାଗିବୁ	2	2	2	2	NEH 5:12
ମାଗିବେ	2	2	2	2	MAT 18:19
ମାଗିଲ	2	2	2	2	1SA 1:17
ମାଗିଲା	4	4	4	4	1KI 10:13
ମାଗିଲି	1	1	1	1	NEH 13:6
ମାଗିଲେ	16	16	8	16	EXO 12:35
ମାଗୁ	1	1	1	1	1JN 3:22
ମାଗୁଅଛ	3	3	3	3	1KI 2:22
ମାଗୁଅଛନ୍ତି	1	1	1	1	JHN 4:9
ମାଗୁଥିଲା	1	1	1	3	JHN 9:8
ମାଗୁଥିଲେ	1	1	1	1	MRK 15:6
ମାଗେ	4	4	2	4	MAT 5:42
ମାଗୋଗ	1	1	1	0	1CH 1:5
ମାଗୋଗ୍	3	3	3	3	GEN 10:2
ମାଗୋଗ୍ର	1	1	1	1	EZK 39:6
ମାଗୋରମୀଷାବୀବ୍	1	1	1	1	JER 20:3
ମାଙ୍ଗଳିକ	1	1	1	1	GEN 41:16
ମାଛ	25	25	5	29	NUM 11:5
ମାଛକାତି	1	1	1	1	1SA 17:5
ମାଛଗୁଡ଼ିକ	1	1	1	1	MAT 15:36
ମାଛମାନଙ୍କର	1	1	1	1	1CO 15:39
ମାଛରୁ	2	2	2	2	MRK 6:43
ମାଛରେ	3	3	1	3	JHN 21:8
ମାଛସବୁ	1	1	1	1	PSA 105:29
ମାଛି	1	1	1	1	ECC 10:1
ମାଛୁଆମାନେ	1	1	1	1	LUK 5:2
ମାଟି	13	13	9	14	LEV 11:33
ମାଟିଆ	3	3	2	3	GEN 11:3
ମାଟିପିଣ୍ଡୁଳାରୁ	1	1	1	1	ROM 9:21
ମାଟିର	3	3	3	3	ECC 12:6
ମାଟିରେ	2	2	2	4	MAT 25:25
ମାଡ଼	4	4	3	4	2CH 25:16
ମାଡ଼ନ୍ତି	1	1	1	1	1SA 5:5
ମାଡ଼ି	52	52	20	52	GEN 17:3
ମାଡ଼ିଗଲେ	1	1	1	1	JDG 5:15
ମାଡ଼ିପଡ଼ି	2	2	1	2	LUK 5:1
ମାଡ଼ିପଡ଼ିଲେ	1	1	1	1	ACT 7:57
ମାଡ଼ିପଡ଼ୁ	1	1	1	0	MRK 3:10
ମାଡ଼ିପଡ଼ୁଅଛନ୍ତି	2	2	2	2	MRK 5:31
ମାଡ଼ିପଡ଼ୁଅଛି	1	1	1	1	2CO 11:28
ମାଡ଼ିପଡ଼ୁଥିଲା	2	2	2	2	MAT 26:43
ମାଡ଼ିପଡ଼ୁଥିଲେ	3	3	2	2	MRK 5:24
ମାଡ଼ିବାର	2	2	2	2	JOB 5:3
ମାଡ଼ିବାରୁ	2	2	2	2	MAT 13:20
ମାଡ଼ିବେ	2	2	2	2	2KI 19:30
ମାଡ଼ିଯାଏ	1	1	1	1	JOB 8:16
ମାଣ	4	4	4	5	ISA 5:10
ମାଣକୁ	1	1	1	1	LUK 6:38
ମାଣିକ୍ୟ	1	1	1	2	REV 4:3
ମାଣିକ୍ୟମଣିର	1	1	1	0	REV 21:20
ମାତଃ	2	2	2	0	1KI 2:20
ମାତା	112	112	33	115	GEN 3:20
ମାତାକୁ	25	25	12	28	GEN 24:53
ମାତାଙ୍କ	14	14	8	15	2SA 19:37
ମାତାଙ୍କର	12	12	3	12	2KI 14:2
ମାତାଙ୍କୁ	17	17	7	14	EXO 20:12
ମାତାଣ	1	1	1	0	JHN 19:27
ମାତାମହ	1	1	1	0	GEN 28:2
ମାତାମହୀ	3	3	3	2	1KI 15:13
ମାତାମହୀର	1	1	1	1	1KI 15:10
ମାତାମାନଙ୍କ	1	1	1	1	JER 16:3
ମାତାର	48	48	23	49	GEN 24:28
ମାତାଲ	1	1	1	5	JHN 2:10
ମାତାଲ୍	4	4	3	0	ACT 2:15
ମାତୁଳ	3	3	1	0	GEN 28:2
ମାତୁଳର	1	1	1	0	GEN 29:10
ମାତୃ	2	2	2	1	EXO 23:19
ମାତୃ-କୋଳରେ	1	1	1	1	PSA 22:9
ମାତୃକନ୍ୟା	3	3	3	2	GEN 20:12
ମାତୃକନ୍ୟାକୁ	1	1	1	1	LEV 20:17
ମାତୃଗଣ	1	1	1	1	LAM 5:3
ମାତୃଗର୍ଭର	1	1	1	1	JOB 3:10
ମାତୃଗର୍ଭରୁ	3	3	2	3	ECC 5:15
ମାତୃଗର୍ଭରେ	1	1	1	1	PSA 139:13
ମାତୃଗୃହକୁ	1	1	1	1	SNG 3:4
ମାତୃଗୋତ୍ରଜାତା	1	1	1	0	LEV 18:13
ମାତୃତୁଲ୍ୟ	1	1	1	1	1TI 5:2
ମାତୃନଗରର	1	1	1	1	2SA 8:1
ମାତୃପୁତ୍ର	1	1	1	1	DEU 13:7
ମାତୃପୁତ୍ରମାନେ	1	1	1	1	GEN 27:29
ମାତୃପୁତ୍ରର	1	1	1	1	PSA 50:20
ମାତୃଭଗିନୀର	1	1	1	1	LEV 18:13
ମାତୃମରଣ	1	1	1	1	GEN 24:67
ମାତୃଶୋକାତୁର	1	1	1	1	PSA 35:14
ମାତୃସନ୍ତାନଗଣ	1	1	1	1	PSA 69:8
ମାତୃସ୍ତନରୁ	1	1	1	1	JOB 24:9
ମାତୃହନ୍ତା	1	1	1	1	1TI 1:8
ମାତ୍ର	2758	2758	63	2808	GEN 2:17
ମାତ୍ରକେ	2	2	2	2	GEN 14:14
ମାତ୍ରଣ	1	1	1	0	ISA 45:9
ମାତ୍ରା	1	1	1	2	MAT 5:18
ମାତ୍ରେ	12	12	8	23	GEN 44:3
ମାଥି	5	5	4	2	PRO 20:20
ମାଥିଉ	5	5	4	20	MAT 9:9
ମାଦୀୟ	13	13	5	13	EZR 6:2
ମାଦୀୟମାନଙ୍କ	2	2	1	2	2KI 17:6
ମାଦୀୟମାନଙ୍କର	1	1	1	1	JER 25:25
ମାଦୀୟମାନଙ୍କୁ	1	1	1	1	ISA 13:17
ମାଦୀୟା	4	4	1	3	EST 1:3
ମାଦୀୟାର	1	1	1	1	EST 1:18
ମାଦୀୟେ	1	1	1	1	ISA 21:2
ମାଦୋନର	2	2	1	2	JOS 11:1
ମାଦୟ	3	3	3	3	GEN 10:2
ମାନ	5	5	5	5	GEN 27:13
ମାନଙ୍କ	5	5	4	2	LEV 17:7
ମାନଙ୍କର	2	2	2	6	EZR 9:1
ମାନଙ୍କୁ	1	1	1	1	1PE 4:1
ମାନତ	59	59	16	63	GEN 28:20
ମାନତ-ଦ୍ରବ୍ୟ	2	2	1	1	DEU 12:6
ମାନତ-ପୂର୍ଣ୍ଣକରଣାର୍ଥକ	1	1	1	1	NUM 15:8
ମାନତକାରୀର	1	1	1	1	LEV 27:8
ମାନତପୂର୍ବକ	1	1	1	1	LEV 22:18
ମାନତର	2	2	2	2	NUM 30:6
ମାନତସବୁ	3	3	2	3	PSA 22:25
ମାନତ୍	1	1	1	0	MAT 15:5
ମାନନ୍ତି	11	11	7	11	EST 3:8
ମାନନ୍ତୁ	1	1	1	1	JER 38:20
ମାନବ	6	6	5	7	ISA 13:7
ମାନବଜାତି	3	3	3	6	MRK 16:15
ମାନବଜାତିର	1	1	1	2	1TH 2:15
ମାନବର	1	1	1	1	TIT 2:11
ମାନବୀୟ	2	2	2	3	ROM 6:19
ମାନରଜ୍ଜୁ	1	1	1	1	ISA 34:11
ମାନସ	6	6	4	4	DEU 8:2
ମାନସରେ	2	2	1	2	GEN 27:42
ମାନସିକ	3	3	2	3	DAN 7:1
ମାନହତକୁ	1	1	1	0	1CH 8:6
ମାନହତ୍	2	2	2	2	GEN 36:23
ମାନି	14	14	8	13	GEN 26:5
ମାନିଅଛ	1	1	1	1	JER 35:18
ମାନିଅଛନ୍ତି	1	1	1	1	DEU 33:9
ମାନିଅଛି	2	2	1	2	PSA 119:167
ମାନିବ	8	8	5	8	LEV 25:18
ମାନିବା	4	4	3	5	DEU 28:1
ମାନିବାକୁ	8	8	5	10	DEU 28:13
ମାନିବାରୁ	2	2	2	2	EST 1:15
ମାନିବି	2	2	1	2	PSA 119:34
ମାନିବୁ	1	1	1	1	JER 42:6
ମାନିବେ	3	3	2	3	EST 9:22
ମାନିଲ	1	1	1	1	1KI 20:36
ମାନିଲା	1	1	1	0	EST 3:4
ମାନିଲି	1	1	1	1	PRO 5:13
ମାନିଲେ	3	3	3	4	GEN 37:35
ମାନୁ	4	4	3	4	JDG 13:13
ମାନୁଥିଲେ	3	3	2	3	MAT 14:5
ମାନେ	12	12	7	16	DEU 21:18
ମାନୋହ	13	13	1	13	JDG 13:2
ମାନୋହକୁ	3	3	1	3	JDG 13:13
ମାନୋହର	2	2	1	2	JDG 13:9
ମାନ୍-ହୁ	1	1	1	1	EXO 16:15
ମାନ୍ନା	17	17	9	17	EXO 16:31
ମାନ୍ୟ	42	42	20	44	EXO 31:16
ମାନ୍ୟଗଣ୍ୟ	2	2	2	3	LUK 14:8
ମାନ୍ୟବର	1	1	1	1	LUK 1:3
ମାନ୍ୟବାନ	1	1	1	0	1SA 9:6
ମାପ	13	13	8	15	LEV 19:35
ମାପନ୍ତେ	2	2	1	2	REV 21:16
ମାପରେ	6	6	3	6	MAT 7:2
ମାପି	1	1	1	1	RUT 3:15
ମାପିଅଛନ୍ତି	1	1	1	1	ISA 40:12
ମାପିବ	2	2	1	2	EZK 45:3
ମାପିବା	3	3	2	3	PSA 16:6
ମାପିବାର	1	1	1	1	EZK 42:15
ମାପିବି	1	1	1	1	PSA 108:7
ମାପିବେ	1	1	1	1	DEU 21:2
ମାପିଲେ	41	41	3	42	GEN 41:49
ମାପିଲେନ୍ତ	1	1	1	0	EZK 41:4
ମାପୁଥିଲେ	1	1	1	1	REV 21:17
ମାର	8	8	6	8	2SA 13:28
ମାରତ୍	1	1	1	1	JOS 15:59
ମାରନ୍ତି	1	1	1	1	ISA 33:4
ମାରନ୍ତେ	4	4	4	2	JDG 4:21
ମାରା	10	10	7	5	EXO 15:23
ମାରାଠାରେ	1	1	1	1	EXO 15:23
ମାରାତ୍ମକ	1	1	1	1	JAS 3:8
ମାରାନାଥା	1	1	1	1	1CO 16:23
ମାରାର	1	1	1	1	EXO 15:23
ମାରାରୁ	1	1	1	1	NUM 33:9
ମାରାରେ	1	1	1	1	NUM 33:8
ମାରି	46	46	20	47	GEN 37:21
ମାରି-ପକାଇବେ	1	1	1	0	LUK 20:6
ମାରିଅଛ	1	1	1	1	2SA 12:9
ମାରିଅଛନ୍ତି	2	2	2	2	JOB 16:10
ମାରିଅଛି	1	1	1	1	NAM 2:12
ମାରିଅଛୁ	1	1	1	1	NUM 21:30
ମାରିଥିଲା	2	2	2	2	1SA 20:37
ମାରିପକାଇବା	2	2	2	2	MRK 9:22
ମାରିପକାଇଲେ	1	1	1	1	MAT 21:35
ମାରିପକାଏ	1	1	1	1	JOB 9:23
ମାରିବ	6	6	5	6	2KI 19:32
ମାରିବା	11	11	7	11	EXO 16:3
ମାରିବାକୁ	16	16	11	15	EXO 14:11
ମାରିବାମାତ୍ର	1	1	1	0	LUK 12:36
ମାରିବାର	1	1	1	1	EZK 27:8
ମାରିବି	2	2	1	2	1SA 20:20
ମାରିବେ	7	7	6	7	EXO 8:26
ମାରିଲ	1	1	1	1	LUK 15:30
ମାରିଲା	8	8	5	9	1SA 20:36
ମାରିଲେ	11	11	8	11	NUM 24:10
ମାରିହେଉଥିଲେ	1	1	1	1	LUK 8:52
ମାରିହେବେ	1	1	1	0	ISA 32:12
ମାରିହୋଇ	1	1	1	1	LUK 18:13
ମାରୀ	10	10	5	6	NUM 8:19
ମାରୀରେ	2	2	2	1	NUM 25:9
ମାରୁ	6	6	3	6	EXO 22:2
ମାରୁଅଛ	4	4	4	4	PSA 114:6
ମାରୁଥିଲେ	2	2	1	1	ACT 7:59
ମାରେ	11	11	8	11	NUM 35:20
ମାରେଶା	5	5	3	5	JOS 15:44
ମାରେଶା-ନିବାସୀ	1	1	1	1	2CH 20:37
ମାରେଶାର	2	2	1	2	1CH 2:42
ମାରୋତ୍	1	1	1	1	MIC 1:12
ମାର୍କ	6	6	4	19	ACT 12:12
ମାର୍କଙ୍କୁ	2	2	2	3	ACT 15:39
ମାର୍ଗ	36	36	11	37	JDG 2:22
ମାର୍ଗକୁ	1	1	1	1	NEH 9:29
ମାର୍ଗବିଷୟକ	1	1	1	1	JOB 21:14
ମାର୍ଗର	6	6	4	6	JOB 4:6
ମାର୍ଗରେ	18	18	8	19	JOS 23:14
ମାର୍ଗସକଳ	2	2	1	2	ISA 55:8
ମାର୍ଗସବୁ	3	3	3	3	JOB 31:4
ମାର୍ଗସ୍ଥିତ	1	1	1	1	GEN 49:17
ମାର୍ଜନା	5	5	2	9	PSA 51:1
ମାର୍ଜିତ	6	6	4	7	PRO 6:33
ମାର୍ଜ୍ଜନା	4	4	3	0	GEN 50:17
ମାର୍ଜ୍ଜନାର୍ଥେ	1	1	1	0	HEB 9:15
ମାର୍ଜ୍ଜିତ	4	4	3	2	NEH 4:5
ମାର୍ଥା	13	13	2	14	LUK 10:38
ମାଲ	2	2	1	2	ACT 27:10
ମାଲପତ୍ର	1	1	1	1	ACT 21:3
ମାଲ୍କମ୍	1	1	1	2	ZEP 1:5
ମାଲ୍ଖ	1	1	1	1	JHN 18:10
ମାଳା	6	6	2	6	EXO 28:22
ମାଳୀ	1	1	1	1	JHN 20:15
ମାଳୀକି	1	1	1	0	LUK 13:7
ମାଶୁଲ	3	3	1	2	EZR 4:13
ମାଷ୍	1	1	1	1	1CH 2:27
ମାସ	88	88	25	87	GEN 8:5
ମାସ-ସଂଖ୍ୟା	1	1	1	1	JOB 14:5
ମାସକୁ	3	3	3	3	DEU 16:1
ମାସଠାରୁ	1	1	1	1	LEV 27:6
ମାସମାନର	1	1	1	1	JOB 7:3
ମାସର	121	121	19	122	GEN 7:11
ମାସରୁ	8	8	1	8	NUM 3:15
ମାସରେ	60	60	18	56	EXO 13:5
ମାସରେପ୍ରଥମ	1	1	1	0	EXO 40:2
ମାସସଂଖ୍ୟା	2	2	1	1	JOB 3:6
ମାସସବୁରେ	1	1	1	1	JOB 29:2
ମାସିକ	2	2	2	1	NUM 28:14
ମାସୀୟ	2	2	2	1	1CH 24:18
ମାସେ	2	2	2	2	GEN 29:14
ମାସେୟ	15	15	5	15	1CH 15:20
ମାସେୟକୁ	3	3	2	3	1CH 15:18
ମାସେୟର	6	6	2	6	NEH 3:23
ମାସ୍ତୁଲ	2	2	2	2	PRO 23:34
ମାସ୍ତୁଲକୁ	1	1	1	1	ISA 33:23
ମାସୟ	1	1	1	1	1CH 9:12
ମାହତର	1	1	1	0	1CH 6:35
ମାହତ୍	2	2	1	2	2CH 29:12
ମାହାତ୍ମ୍ୟ	7	7	5	7	DEU 33:29
ମାହାତ୍ମ୍ୟର	2	2	1	2	ISA 32:8
ମାହାରୀ	3	3	1	2	GEN 38:21
ମାହାରୀବୃତ୍ତି	1	1	1	0	DEU 23:17
ମାହାରୀମାନଙ୍କ	1	1	1	1	HOS 4:14
ମାହୋଲର	1	1	1	1	1KI 4:31
ମାୟା	2	2	2	2	MAT 13:22
ମାୟାକର୍ମ	1	1	1	1	2CH 33:6
ମାୟାବିତ୍ୱ	1	1	1	0	2KI 9:22
ମାୟାବିନୀ	1	1	1	1	NAM 3:4
ମାୟାବିନୀକି	1	1	1	0	EXO 22:18
ମାୟାବୀ	8	8	5	7	DEU 18:10
ମାୟାବୀତ୍ୱ	3	3	2	4	ISA 47:9
ମାୟାବୀମାନେ	1	1	1	1	JER 27:9
ମାୟାର	1	1	1	1	JER 51:18
ମାୟାରେ	5	5	2	5	EXO 7:11
ମାୟୀୟ	1	1	1	0	NEH 12:36
ମାୟୋନସ୍ଥିତ	1	1	1	0	1SA 25:2
ମାୟୋନୀୟମାନେ	1	1	1	1	JDG 10:12
ମାୟୋନ୍	6	6	3	6	JOS 15:55
ମିଓନିନିମ	1	1	1	1	JDG 9:37
ମିକ୍ତାମ୍	6	6	1	6	PSA 16:1
ମିକ୍ନେୟକୁ	1	1	1	1	1CH 15:18
ମିକ୍ମଥତ୍	2	2	1	2	JOS 16:6
ମିକ୍ମସର	2	2	2	2	EZR 2:27
ମିକ୍ମସରେ	1	1	1	1	ISA 10:28
ମିକ୍ମସ୍	2	2	2	2	1SA 13:23
ମିକ୍ମସ୍ଠାରୁ	1	1	1	1	1SA 14:31
ମିକ୍ମସ୍ର	1	1	1	1	1SA 14:5
ମିକ୍ମସ୍ରେ	4	4	1	4	1SA 13:2
ମିକ୍ଲୋତ୍	4	4	1	4	1CH 8:32
ମିଖ୍ରିର	1	1	1	1	1CH 9:8
ମିଗଦୋଲରେ	1	1	1	0	JER 46:14
ମିଗିଦ୍ଦୋ	1	1	1	0	JOS 17:11
ମିଗ୍ଦଲଗାଦ	1	1	1	1	JOS 15:37
ମିଗ୍ଦଲେଲ	1	1	1	1	JOS 19:38
ମିଗ୍ଦୋଲ	1	1	1	1	EXO 14:2
ମିଗ୍ଦୋଲର	1	1	1	1	NUM 33:7
ମିଗ୍ଦୋଲରେ	1	1	1	2	JER 44:1
ମିଗ୍ରୋଣ	1	1	1	1	ISA 10:28
ମିଗ୍ରୋଣସ୍ଥ	1	1	1	1	1SA 14:2
ମିଛ	1	1	1	2	2KI 9:12
ମିଛରେ	1	1	1	1	1SA 25:21
ମିଠା	1	1	1	3	JAS 3:11
ମିତଭୋଗୀ	2	2	2	1	1TI 3:2
ମିତାଚାରିଣୀ	1	1	1	1	1TI 3:11
ମିତାଚାରୀ	1	1	1	1	TIT 1:8
ମିତୁଲୀନୀକୁ	1	1	1	0	ACT 20:14
ମିତ୍କାରୁ	1	1	1	1	NUM 33:29
ମିତ୍କାରେ	1	1	1	1	NUM 33:28
ମିତ୍ର	22	22	14	24	EXO 32:27
ମିତ୍ରକୁ	6	6	4	6	GEN 26:26
ମିତ୍ରଗଣ	5	5	3	6	JOB 16:20
ମିତ୍ରଗଣକୁ	4	4	3	4	EST 5:10
ମିତ୍ରଙ୍କୁ	1	1	1	1	EST 6:13
ମିତ୍ରଠାରୁ	1	1	1	1	PRO 19:4
ମିତ୍ରଠାରେ	1	1	1	1	MIC 7:5
ମିତ୍ରତା	2	2	2	2	PRO 22:24
ମିତ୍ରଦାତର	1	1	1	1	EZR 1:8
ମିତ୍ରଦାତ୍	1	1	1	0	EZR 4:7
ମିତ୍ରଦେଶୀୟ	1	1	1	2	EZK 30:5
ମିତ୍ରମାନଙ୍କ	2	2	2	2	JOB 42:10
ମିତ୍ରମାନଙ୍କର	1	1	1	1	1KI 16:11
ମିତ୍ରମାନଙ୍କୁ	2	2	2	2	JER 13:21
ମିତ୍ରମାନେ	4	4	4	4	JOB 19:21
ମିତ୍ରର	4	4	4	4	PSA 15:3
ମିତ୍ରସମସ୍ତେ	1	1	1	0	JER 20:10
ମିତ୍ରାଳାପ	1	1	1	1	PRO 3:32
ମିତ୍ସୀୟର	1	1	1	1	PSA 42:6
ମିଥୁନ	1	1	1	1	ACT 28:11
ମିଥୂଶେଲହ	1	1	1	0	LUK 3:37
ମିଥୂଶେଲହଙ୍କ	1	1	1	0	LUK 3:37
ମିଥ୍ୟା	121	121	36	139	EXO 5:9
ମିଥ୍ୟା-ବାଦୀର	1	1	1	0	JHN 8:44
ମିଥ୍ୟା-ଶପଥ	1	1	1	0	LEV 6:5
ମିଥ୍ୟାଅର୍ଜିତ	1	1	1	0	PRO 20:17
ମିଥ୍ୟାକଥା	3	3	3	3	PSA 119:69
ମିଥ୍ୟାକୁ	3	3	3	3	PSA 119:163
ମିଥ୍ୟାଚରଣ	3	3	1	3	JER 6:13
ମିଥ୍ୟାଚାରୀ	1	1	1	1	REV 21:27
ମିଥ୍ୟାଚାରୀମାନେ	1	1	1	1	REV 22:15
ମିଥ୍ୟାଦର୍ଶନ	1	1	1	1	JER 14:14
ମିଥ୍ୟାପଥ	2	2	1	2	PSA 119:104
ମିଥ୍ୟାପବାଦ	1	1	1	1	EXO 23:1
ମିଥ୍ୟାପ୍ରିୟ	1	1	1	1	REV 22:15
ମିଥ୍ୟାବାକ୍ୟରଚକ	1	1	1	1	JOB 13:4
ମିଥ୍ୟାବାଦୀ	36	36	12	37	1KI 22:22
ମିଥ୍ୟାବାଦୀ-ଜିହ୍ୱା	2	2	1	2	PRO 6:17
ମିଥ୍ୟାବାଦୀମାନଙ୍କ	1	1	1	1	PSA 63:11
ମିଥ୍ୟାବାଦୀମାନଙ୍କର	1	1	1	1	ISA 44:25
ମିଥ୍ୟାବାଦୀମାନଙ୍କୁ	1	1	1	1	PSA 5:6
ମିଥ୍ୟାବାଦୀମାନେ	1	1	1	1	1TI 4:3
ମିଥ୍ୟାମାର୍ଗ	1	1	1	1	PSA 119:29
ମିଥ୍ୟାର	1	1	1	1	PSA 4:2
ମିଥ୍ୟାରୂପ	1	1	1	1	ISA 28:17
ମିଥ୍ୟାରେ	14	14	8	14	EXO 20:7
ମିଥ୍ୟାଶକ୍ତି	1	1	1	1	2TH 2:9
ମିଥ୍ୟାସାକ୍ଷୀ	8	8	4	6	DEU 19:18
ମିଥ୍ୟାସାକ୍ଷୀମାନଙ୍କୁ	1	1	1	1	ACT 6:13
ମିଥ୍ୟାସାକ୍ଷୀମାନେ	1	1	1	1	PSA 27:12
ମିଥ୍ୟାସାକ୍ଷ୍ୟ	9	9	4	1	DEU 5:20
ମିଥ୍ୟାସାକ୍ଷ୍ୟଦିଏ	1	1	1	0	PRO 25:18
ମିଦିୟନର	1	1	1	0	JDG 9:17
ମିଦିୟନୀୟମାନେ	1	1	1	0	GEN 37:36
ମିଦୀୟନ	11	11	6	14	EXO 2:15
ମିଦୀୟନକୁ	4	4	4	4	GEN 36:35
ମିଦୀୟନଠାରୁ	1	1	1	1	1KI 11:18
ମିଦୀୟନର	15	15	6	18	GEN 25:4
ମିଦୀୟନରେ	1	1	1	1	EXO 4:19
ମିଦୀୟନୀୟ	18	18	4	18	GEN 37:28
ମିଦୀୟନୀୟ-ମାନଙ୍କ	1	1	1	0	JDG 6:1
ମିଦୀୟନୀୟ-ମାନଙ୍କଠାରୁ	1	1	1	0	JDG 6:11
ମିଦୀୟନୀୟମାନଙ୍କ	6	6	2	7	NUM 31:3
ମିଦୀୟନୀୟମାନଙ୍କୁ	4	4	2	4	NUM 31:2
ମିଦୀୟନୀୟମାନେ	1	1	1	2	JDG 7:19
ମିଦୀୟନୀୟା	3	3	1	3	NUM 25:6
ମିଦୀୟନ୍	2	2	2	0	GEN 25:2
ମିଦ୍ଦୀନ୍	1	1	1	1	JOS 15:61
ମିନେ	3	3	1	3	DAN 5:25
ମିନ୍ନି	1	1	1	1	JER 51:27
ମିନ୍ନୀତ	1	1	1	1	JDG 11:33
ମିନ୍ନୀତର	1	1	1	1	EZK 27:17
ମିନ୍ୟାମୀନ	2	2	2	2	2CH 31:15
ମିନ୍ୟାମୀନ-ବଂଶର	1	1	1	1	NEH 12:17
ମିବ୍ସମ୍	3	3	2	3	GEN 25:13
ମିବ୍ସର୍	2	2	2	2	GEN 36:42
ମିଭର	1	1	1	1	1CH 11:38
ମିରୀବା	1	1	1	0	EXO 17:7
ମିରୀବାଃ	5	5	3	8	NUM 27:14
ମିରୀବାଃ-ଜଳ	2	2	1	2	NUM 20:13
ମିର୍ମକୁ	1	1	1	1	1CH 8:10
ମିଲଲୟ	1	1	1	1	NEH 12:36
ମିଲ୍କମର	1	1	1	0	1KI 11:5
ମିଲ୍କମ୍	4	4	3	5	1KI 11:33
ମିଲ୍କା	8	8	3	8	GEN 11:29
ମିଲ୍କାଠାରୁ	1	1	1	1	GEN 24:24
ମିଲ୍କାର	2	2	1	2	GEN 24:15
ମିଲ୍ଲୋ	8	8	4	8	JDG 9:6
ମିଲ୍ଲୋଠାରୁ	2	2	2	2	2SA 5:9
ମିଳନ	8	8	5	9	ISA 27:5
ମିଳନର	2	2	2	2	MAT 5:25
ମିଳନରେ	4	4	2	4	PSA 7:4
ମିଳନ୍ତି	2	2	1	2	PRO 22:2
ମିଳି	6	6	6	6	EXO 4:27
ମିଳିଅଛି	3	3	2	4	GEN 44:16
ମିଳିତ	10	10	8	10	GEN 14:8
ମିଳିପାରେ	1	1	1	1	PRO 20:21
ମିଳିବ	10	10	7	10	GEN 44:10
ମିଳିବାକୁ	1	1	1	1	JDG 6:35
ମିଳିବାରୁ	1	1	1	1	REV 5:4
ମିଳିବେ	5	5	2	5	GEN 18:29
ମିଳିଲା	11	11	9	12	GEN 44:12
ମିଳିଲେ	6	6	3	6	JOS 11:5
ମିଳିଲେଣି	1	1	1	1	1SA 9:20
ମିଳୁ	3	3	2	2	1SA 13:19
ମିଳୁଅଛି	1	1	1	1	ISA 55:6
ମିଳେ	6	6	6	5	GEN 44:9
ମିଳେଇ	1	1	1	1	NAM 2:6
ମିଶାଇ	4	4	3	4	NUM 5:7
ମିଶାଇଅଛି	1	1	1	1	PSA 102:9
ମିଶାଇବ	1	1	1	1	DEU 4:2
ମିଶାଇବା	1	1	1	1	PRO 25:20
ମିଶାଲ	2	2	1	2	JOS 19:26
ମିଶାୟେଲ	2	2	1	0	DAN 1:6
ମିଶାୟେଲଙ୍କୁ	1	1	1	0	DAN 1:7
ମିଶି	5	5	4	5	1SA 28:23
ମିଶିଅଛ	1	1	1	1	2CH 20:37
ମିଶିଥିବା	1	1	1	1	ACT 27:41
ମିଶିବ	1	1	1	1	LUK 5:36
ମିଶିବା	2	2	2	2	GEN 3:19
ମିଶିବାକୁ	1	1	1	1	ACT 9:26
ମିଶିଯାଏ	1	1	1	1	JOB 7:5
ମିଶିଯା’ନ୍ତି	1	1	1	1	PSA 104:29
ମିଶିଯିବ	2	2	2	2	GEN 3:19
ମିଶିଲା	2	2	1	2	MRK 14:56
ମିଶିଲେ	2	2	1	2	2CH 20:35
ମିଶୀୟମ୍	1	1	1	1	1CH 8:12
ମିଶୁଅଛି	1	1	1	1	ACT 15:15
ମିଶ୍ମ	2	2	2	0	GEN 25:14
ମିଶ୍ମନ୍ନା	1	1	1	1	1CH 12:10
ମିଶ୍ରାୟୀୟମାନେ	1	1	1	1	1CH 2:53
ମିଶ୍ରିତ	41	41	19	79	EXO 12:34
ମିଷ୍ଟ	17	17	11	16	EXO 15:25
ମିଷ୍ଟକୁ	1	1	1	1	ISA 5:20
ମିଷ୍ଟତା	5	5	3	5	JDG 9:11
ମିଷ୍ଟବାକ୍ୟ	1	1	1	1	ROM 16:18
ମିଷ୍ଟସ୍ୱରରେ	1	1	1	0	PRO 26:25
ମିଷ୍ଟାନ୍ନ	1	1	1	1	EZK 27:17
ମିଷ୍ରଫୋତ୍-ମୟିମ୍	1	1	1	2	JOS 11:8
ମିଷ୍ରଫୋତ୍ମୟିମ୍	1	1	1	0	JOS 13:6
ମିସର	320	320	29	342	GEN 10:6
ମିସର-ରାଜା	2	2	2	0	1KI 11:18
ମିସର-ସମ୍ମୁଖସ୍ଥିତ	1	1	1	1	JOS 13:3
ମିସର-ସୀମା	1	1	1	1	1KI 4:21
ମିସରକୁ	50	50	17	54	GEN 46:3
ମିସରଗାମୀ	1	1	1	1	GEN 45:4
ମିସରଠାରୁ	13	13	4	13	EXO 3:10
ମିସରଦେଶୀୟ	2	2	2	0	GEN 41:8
ମିସରନିବାସୀ	1	1	1	1	EZK 29:6
ମିସରର	86	86	19	96	GEN 10:14
ମିସରରାଜା	1	1	1	0	DEU 11:3
ମିସରରୁ	68	68	16	80	EXO 3:12
ମିସରରୁବାହାର	1	1	1	0	EXO 13:16
ମିସରରେ	46	46	15	51	GEN 46:26
ମିସରସ୍ଥ	1	1	1	1	JER 43:12
ମିସରସ୍ଥିତ	2	2	2	2	EXO 4:18
ମିସରୀୟ	5	5	3	4	GEN 12:14
ମିସରୀୟକୁ	1	1	1	1	ACT 7:28
ମିସରୀୟମାନଙ୍କ	1	1	1	1	ACT 7:22
ମିସରୀୟମାନେ	4	4	2	5	ISA 19:21
ମିସରୀୟା	4	4	1	4	GEN 16:1
ମିସା	3	3	2	3	GEN 36:13
ମିସ୍ଗନ୍	1	1	1	1	JER 48:1
ମିସ୍ପର	2	2	2	2	EZR 2:2
ମିସ୍ପା	4	4	4	8	GEN 31:48
ମିସ୍ପାକୁ	4	4	2	7	2KI 25:23
ମିସ୍ପାଠାରୁ	1	1	1	1	JER 41:6
ମିସ୍ପାର	2	2	1	1	NEH 3:7
ମିସ୍ପାରୁ	2	2	1	3	JER 41:14
ମିସ୍ପାରେ	10	10	3	21	2KI 25:25
ମିସ୍ପି	1	1	1	0	JOS 11:3
ମିସ୍ପିର	1	1	1	0	JOS 11:8
ମିସ୍ପୀ	3	3	2	0	JOS 15:38
ମିସ୍ପୀକି	5	5	2	0	JDG 11:29
ମିସ୍ପୀରୁ	2	2	2	0	JDG 11:29
ମିସ୍ପୀରେ	11	11	2	0	JDG 10:17
ମିସ୍ମ	1	1	1	0	1CH 4:25
ମିସ୍ମର	1	1	1	0	1CH 4:26
ମିସ୍ରୀୟ	69	69	14	69	GEN 39:1
ମିସ୍ରୀୟ-ମାନଙ୍କର	1	1	1	0	EXO 18:10
ମିସ୍ରୀୟ-ମାନଙ୍କୁ	1	1	1	0	EZK 30:23
ମିସ୍ରୀୟକୁ	2	2	2	2	EXO 2:12
ମିସ୍ରୀୟମାନଙ୍କ	31	31	8	31	GEN 46:34
ମିସ୍ରୀୟମାନଙ୍କଠାରୁ	1	1	1	1	JDG 10:11
ମିସ୍ରୀୟମାନଙ୍କର	8	8	3	9	GEN 43:32
ମିସ୍ରୀୟମାନଙ୍କୁ	13	13	6	14	GEN 41:56
ମିସ୍ରୀୟମାନେ	17	17	8	17	GEN 45:2
ମିସ୍ରୀୟର	1	1	1	1	1CH 11:23
ମିସ୍ରୀୟା	1	1	1	1	EXO 1:19
ମିୟନୀୟ-ମାନଙ୍କୁ	1	1	1	0	1CH 4:41
ମିୟାମୀନ୍	2	2	2	4	EZR 10:25
ମିୟୂନୀମର	2	2	2	2	EZR 2:50
ମିୟୂନୀୟମାନଙ୍କ	1	1	1	1	2CH 26:7
ମିୟୋନୋଥୟ	1	1	1	1	1CH 4:14
ମୀକାର	2	2	1	3	NEH 11:17
ମୀଖଲ	12	12	3	15	1SA 18:20
ମୀଖଲକୁ	6	6	2	6	1SA 18:27
ମୀଖଲର	1	1	1	1	2SA 6:23
ମୀଖଲ୍	1	1	1	0	1SA 14:49
ମୀଖା	14	14	5	29	JDG 17:1
ମୀଖାକୁ	3	3	2	3	JDG 18:23
ମୀଖାଙ୍କ	1	1	1	2	MIC 1:1
ମୀଖାର	17	17	2	18	JDG 17:4
ମୀଖାୟ	17	17	4	18	1KI 22:8
ମୀଖାୟକୁ	7	7	2	7	1KI 22:9
ମୀଖାୟର	5	5	4	5	1KI 22:24
ମୀଖାୟା	1	1	1	0	2CH 13:2
ମୀଖାୟେଲ	11	11	5	10	1CH 5:13
ମୀଖାୟେଲକୁ	1	1	1	0	LEV 10:4
ମୀଖାୟେଲର	5	5	3	5	NUM 13:13
ମୀନା	1	1	1	1	EZK 45:12
ମୀମାଂସା	3	3	3	3	ACT 19:39
ମୀଲୀତରୁ	1	1	1	1	ACT 20:17
ମୀଲୀତରେ	2	2	2	0	ACT 20:15
ମୀଶାୟେଲ	3	3	2	6	EXO 6:22
ମୀଶାୟେଲ୍	1	1	1	0	NEH 8:4
ମୀୟାମୀନ	1	1	1	0	NEH 10:7
ମୀୟାମୀନ୍	1	1	1	0	1CH 24:9
ମୀୟାରା	1	1	1	1	JOS 13:4
ମୁଁ	4402	4402	63	4442	GEN 3:10
ମୁକୁଟ	55	55	25	57	EXO 29:6
ମୁକୁଟକୁ	1	1	1	2	REV 3:11
ମୁକୁଟଧାରୀମାନେ	1	1	1	1	NAM 3:17
ମୁକୁଟଭୂଷିତ	1	1	1	1	SNG 3:11
ମୁକୁଟମାନ	2	2	1	2	ZEC 6:11
ମୁକୁଟର	2	2	2	2	EXO 39:30
ମୁକୁଟରେ	4	4	3	4	PSA 8:5
ମୁକୁଳ	1	1	1	1	ISA 18:5
ମୁକୁଳା	8	8	5	8	LEV 10:6
ମୁକୁଳାଇଅଛ	1	1	1	1	PSA 116:16
ମୁକ୍ତ	287	287	42	296	GEN 4:11
ମୁକ୍ତକାରୀ	2	2	2	2	1KI 1:30
ମୁକ୍ତପାପ	1	1	1	0	EXO 29:36
ମୁକ୍ତହସ୍ତରେ	1	1	1	0	2CO 9:9
ମୁକ୍ତହସ୍ତା	1	1	1	1	PRO 31:20
ମୁକ୍ତା	9	9	6	9	GEN 2:12
ମୁକ୍ତାକୁ	1	1	1	1	MAT 13:46
ମୁକ୍ତାଠାରୁ	3	3	1	3	PRO 3:15
ମୁକ୍ତାରେ	3	3	1	3	REV 17:4
ମୁକ୍ତି	27	27	15	40	EXO 23:15
ମୁକ୍ତି-ଘୋଷଣାର	1	1	1	0	JER 34:9
ମୁକ୍ତି-ଦିବସ	1	1	1	0	EPH 4:30
ମୁକ୍ତି-ମୂଲ୍ୟ	2	2	1	2	NUM 3:49
ମୁକ୍ତିକର୍ତ୍ତା	16	16	7	17	LEV 25:25
ମୁକ୍ତିଦାତା	14	14	2	15	ISA 41:14
ମୁକ୍ତିପ୍ରାପ୍ତ	2	2	1	2	ISA 35:9
ମୁକ୍ତିର	9	9	8	11	LEV 25:51
ମୁକ୍ତିସ୍ୱରୂପ	1	1	1	1	1CO 1:30
ମୁଖ	441	441	48	443	GEN 4:11
ମୁଖ-ଚିକ୍କଣକାରୀ	1	1	1	1	PSA 104:15
ମୁଖ-ଚୁମ୍ବନରେ	1	1	1	1	SNG 1:2
ମୁଖ-ନିର୍ଗତ	1	1	1	0	JOB 37:2
ମୁଖ-ବିଷଣ୍ଣତାରେ	1	1	1	0	EZR 9:7
ମୁଖକୁ	20	20	9	20	DEU 1:17
ମୁଖଚର୍ମ	1	1	1	0	EXO 34:35
ମୁଖଦର୍ଶନକାରୀ	1	1	1	1	EST 1:14
ମୁଖନିର୍ଗତ	12	12	8	8	NUM 30:6
ମୁଖର	69	69	17	72	GEN 3:19
ମୁଖରୁ	80	80	32	81	GEN 24:30
ମୁଖରେ	113	113	32	113	GEN 29:2
ମୁଖସ୍ଥ	1	1	1	1	DEU 31:19
ମୁଖସ୍ଥିତ	2	2	2	2	ISA 11:4
ମୁଖାପେକ୍ଷା	27	27	17	26	LEV 19:15
ମୁଖାମୁଖି	6	6	6	6	GEN 32:30
ମୁଖାମୁଖୀ	3	3	3	3	NUM 12:8
ମୁଖ୍ୟ	3	3	1	21	ACT 25:2
ମୁଗ୍ଧ	2	2	2	2	MAT 14:6
ମୁଚୁଳା	3	3	1	3	EZK 13:18
ମୁଚୁଳାରେ	1	1	1	1	MRK 4:38
ମୁଠା	2	2	2	2	JDG 3:22
ମୁଠି	2	2	1	2	ECC 4:6
ମୁଠିଏ	9	9	6	7	LEV 2:2
ମୁଣ୍ଡ	28	28	16	27	EXO 12:9
ମୁଣ୍ଡଆଡ଼େ	1	1	1	1	GEN 47:31
ମୁଣ୍ଡନ	16	16	10	15	LEV 19:27
ମୁଣ୍ଡନକାରୀ	2	2	1	2	JER 9:26
ମୁଣ୍ଡର	1	1	1	1	2KI 9:35
ମୁଣ୍ଡରୁ	1	1	1	1	EXO 26:28
ମୁଣ୍ଡରେ	27	27	12	26	EXO 25:18
ମୁଣ୍ଡହଲାର	1	1	1	1	PSA 44:14
ମୁଣ୍ଡାଳି	19	19	5	18	EXO 36:38
ମୁଣ୍ଡାଳିର	11	11	4	11	1KI 7:16
ମୁଣ୍ଡାଳିରେ	1	1	1	1	AMO 9:1
ମୁତ୍ୟୁ	1	1	1	1	EXO 29:29
ମୁଦି	3	3	2	2	ISA 3:21
ମୁଦେ	2	2	1	3	PRO 16:30
ମୁଦ୍ରା	67	67	19	81	GEN 33:19
ମୁଦ୍ରାଙ୍କ	8	8	6	8	JER 32:10
ମୁଦ୍ରାଙ୍କନ	2	2	2	4	DAN 12:4
ମୁଦ୍ରାଙ୍କପ୍ରାପ୍ତ	1	1	1	0	REV 19:20
ମୁଦ୍ରାଙ୍କବଦ୍ଧ	2	2	1	2	ISA 29:11
ମୁଦ୍ରାଙ୍କିତ	21	21	13	22	DEU 32:34
ମୁଦ୍ରାଣ	1	1	1	0	REV 8:1
ମୁଦ୍ରାନ୍ୟାୟ	4	4	1	4	EXO 28:21
ମୁଦ୍ରାବ୍ୟବସାୟୀମାନଙ୍କର	1	1	1	0	MAT 21:12
ମୁଦ୍ରାରେ	7	7	4	11	1KI 10:29
ମୁଦ୍ରାର୍ଥକ	1	1	1	1	HAG 2:23
ମୁଦ୍ରାସବୁ	4	4	3	4	2KI 12:9
ମୁଦ୍ରିକା	3	3	3	3	JOB 42:11
ମୁଦ୍ରିତ	6	6	4	5	GEN 46:4
ମୁନଷ୍ୟ	1	1	1	0	JOB 7:17
ମୁନିବ	4	4	3	5	JDG 19:12
ମୁନିବକୁ	2	2	2	2	JDG 19:11
ମୁନିବଠାରୁ	1	1	1	1	1SA 25:10
ମୁପ୍ପୀମ	1	1	1	1	GEN 46:21
ମୁରାକୁ	1	1	1	0	ACT 27:5
ମୁର୍ଖ	1	1	1	2	PRO 26:11
ମୁର୍ଚ୍ଛାପନ୍ନ	1	1	1	1	LAM 2:12
ମୁଷ୍ଟି	4	4	3	6	EXO 9:8
ମୁଷ୍ଟିପରିମିତ	1	1	1	0	PSA 39:5
ମୁଷ୍ଟିଯୁଦ୍ଧ	1	1	1	1	1CO 9:26
ମୁଷ୍ଟିରେ	2	2	2	2	EXO 21:18
ମୁହଁ	46	46	20	45	GEN 17:3
ମୁହଁକୁ	2	2	2	3	JOS 10:18
ମୁହଁଟି	1	1	1	1	JDG 9:38
ମୁହଁମାଡ଼ି	5	5	4	6	NUM 16:4
ମୁହଁର	1	1	1	1	LUK 19:22
ମୁହଁରୁ	3	3	2	2	MRK 9:18
ମୁହଁରେ	8	8	8	8	GEN 42:27
ମୁହୂର୍ତ୍ତ	1	1	1	2	LUK 4:5
ମୁହୂର୍ତ୍ତକେ	1	1	1	1	JOB 34:20
ମୁହୂର୍ତ୍ତରେ	4	4	3	2	ISA 47:9
ମୂକ	10	10	8	11	EXO 4:11
ମୂକ-ପ୍ରସ୍ତରକୁ	1	1	1	0	HAB 2:19
ମୂକମାନଙ୍କୁ	1	1	1	1	MRK 7:37
ମୂକମାନେ	1	1	1	1	MAT 15:31
ମୂଢ଼	13	13	9	13	GEN 34:7
ମୂଢ଼କର୍ମ	1	1	1	1	2SA 13:12
ମୂଢ଼ଗଣ	1	1	1	1	PSA 94:8
ମୂଢ଼ତା	3	3	3	3	JDG 19:24
ମୂଢ଼ତାଭାଷୀ	1	1	1	0	ISA 9:17
ମୂଢ଼ତାର	6	6	4	6	DEU 22:21
ମୂଢ଼ପଣ	1	1	1	0	2TI 3:9
ମୂଢ଼ମାନଙ୍କ	1	1	1	1	2SA 13:13
ମୂଢ଼ର	4	4	1	4	PRO 17:7
ମୂଢ଼ା	1	1	1	1	JOB 2:10
ମୂତ୍-ଲବ୍ବନ୍	1	1	1	1	PSA 9:1
ମୂତ୍ର	2	2	2	2	2KI 18:27
ମୂର୍ଖ	39	39	6	40	PSA 39:8
ମୂର୍ଖକୁ	6	6	1	6	PRO 17:10
ମୂର୍ଖତା	14	14	7	14	2SA 15:31
ମୂର୍ଖତାକୁ	1	1	1	1	PRO 1:22
ମୂର୍ଖତାର	3	3	3	3	NUM 12:11
ମୂର୍ଖତାସ୍ୱରୂପ	1	1	1	1	1CO 1:23
ମୂର୍ଖମାନଙ୍କ	6	6	2	6	PRO 15:14
ମୂର୍ଖମାନଙ୍କଠାରେ	1	1	1	1	ECC 5:4
ମୂର୍ଖମାନଙ୍କର	8	8	3	8	JOB 30:8
ମୂର୍ଖମାନେ	2	2	2	2	PSA 107:17
ମୂର୍ଖର	19	19	6	20	1SA 13:13
ମୂର୍ଚ୍ଛାଗତ	1	1	1	1	GEN 47:13
ମୂର୍ଚ୍ଛାପନ୍ନ	2	2	2	2	LAM 2:11
ମୂର୍ଚ୍ଛିତ	13	13	8	15	JDG 4:21
ମୂର୍ଚ୍ଛିତା	1	1	1	0	LAM 1:13
ମୂର୍ଚ୍ର୍ଛିତ	1	1	1	0	JER 4:31
ମୂର୍ତ୍ତି	29	29	14	35	EXO 34:13
ମୂର୍ତ୍ତିକି	2	2	2	0	PSA 73:20
ମୂର୍ତ୍ତିଗଣ	1	1	1	2	ISA 10:10
ମୂର୍ତ୍ତିଗୁଡ଼ାକ	1	1	1	0	ACT 7:43
ମୂର୍ତ୍ତିବିଶିଷ୍ଟ	1	1	1	1	NUM 33:52
ମୂର୍ତ୍ତିମାନ	3	3	3	3	1KI 14:15
ମୂର୍ତ୍ତିର	1	1	1	2	EZK 1:28
ମୂର୍ତ୍ତିରେ	1	1	1	0	2CO 3:18
ମୂର୍ତ୍ତିସକଳ	5	5	4	5	DEU 7:5
ମୂର୍ତ୍ତିସବୁ	1	1	1	1	2CH 17:6
ମୂର୍ତ୍ତିସମୂହ	1	1	1	1	ISA 10:10
ମୂଲ	8	8	5	10	1KI 5:6
ମୂଲିଆ	2	2	2	5	MAT 20:1
ମୂଲିଆଙ୍କର	1	1	1	1	LUK 15:17
ମୂଲିଆମାନଙ୍କ	2	2	2	2	MAT 20:2
ମୂଲିଆମାନଙ୍କୁ	1	1	1	1	MAT 20:8
ମୂଲିଆମାନେ	1	1	1	1	MAT 20:10
ମୂଲ୍ୟ	84	84	22	91	GEN 23:9
ମୂଲ୍ୟ-ନିରୂପଣ	1	1	1	0	LEV 27:16
ମୂଲ୍ୟକ୍ରୀତ	3	3	1	3	GEN 17:13
ମୂଲ୍ୟବାନ	3	3	3	3	1KI 5:17
ମୂଲ୍ୟର	8	8	4	11	LEV 27:13
ମୂଲ୍ୟରବ୍ୟବସ୍ଥାନୁସାରେ	1	1	1	0	EXO 22:17
ମୂଲ୍ୟରୁ	3	3	2	2	LEV 27:18
ମୂଲ୍ୟରେ	7	7	6	11	GEN 17:12
ମୂଲ୍ୟସମ୍ପୂର୍ଣ୍ଣ	1	1	1	0	GEN 31:15
ମୂଲ୍ୟସ୍ୱରୂପ	1	1	1	0	MAT 20:28
ମୂଲ୍ୟସ୍ୱରୂପେ	1	1	1	0	MAT 27:9
ମୂଲ୍ୟହୀନ	1	1	1	3	JOB 13:4
ମୂଲ୍ୟାନୁସାରେ	1	1	1	0	LEV 6:6
ମୂଲ୍ୟାର୍ଥେ	1	1	1	1	JOB 28:15
ମୂଳ	38	38	18	49	EXO 40:15
ମୂଳ-ଗଣ୍ଡି	1	1	1	1	DAN 4:26
ମୂଳ-ଗଣ୍ଡିକି	2	2	1	0	DAN 4:15
ମୂଳକଥା	1	1	1	1	JOB 19:28
ମୂଳକୁ	1	1	1	1	ROM 11:18
ମୂଳଠାରୁ	1	1	1	1	EZK 43:14
ମୂଳଦୁଆ	10	10	7	10	DEU 32:22
ମୂଳଦୂଆ	1	1	1	2	ROM 15:20
ମୂଳଧନ	1	1	1	1	1TI 6:19
ମୂଳଭୂମି	1	1	1	1	HEB 11:1
ମୂଳର	1	1	1	2	DAN 11:7
ମୂଳରୁ	4	4	3	4	ISA 11:1
ମୂଳରେ	13	13	8	17	GEN 12:6
ମୂଳସକଳ	3	3	2	3	2SA 22:8
ମୂଳସବୁ	1	1	1	1	ISA 24:18
ମୂଳସ୍ଥାପନର	1	1	1	1	PRO 8:23
ମୂଳାଧାର	1	1	1	1	JAS 3:6
ମୂଳେ	10	10	5	10	GEN 13:18
ମୂଳୋତ୍ପାଟନ	2	2	2	1	JOB 31:12
ମୂଳୋତ୍ପାଟିତ	2	2	2	2	JOB 31:8
ମୂଶି	5	5	3	5	EXO 6:19
ମୂଶିର	3	3	1	3	1CH 6:47
ମୂଶୀୟ	2	2	1	2	NUM 3:33
ମୂଷା	2	2	2	2	LEV 11:29
ମୂଷିକ	4	4	2	4	1SA 6:4
ମୂଷିକ-ପ୍ରତିମା	1	1	1	1	1SA 6:5
ମୂସିଆ	2	2	1	2	ACT 16:7
ମୃଗ	5	5	2	8	GEN 27:3
ମୃଗତୃଷ୍ଣା	1	1	1	1	ISA 35:7
ମୃଗଶାବକ	1	1	1	1	SNG 2:17
ମୃଗଶୀର୍ଷ	1	1	1	1	JOB 9:9
ମୃଗଶୀର୍ଷର	2	2	2	2	JOB 38:31
ମୃଗୀ	1	1	1	1	PSA 22:1
ମୃଗୀଗଣର	2	2	1	2	SNG 2:7
ମୃଗୀରୋଗରେ	1	1	1	0	MAT 17:15
ମୃଗୀରୋଗୀ	1	1	1	1	MAT 4:24
ମୃଗୟା	25	25	10	24	GEN 25:28
ମୃଗୟାକୃତ	1	1	1	1	EZK 13:21
ମୃଗୟାନିପୁଣ	1	1	1	1	GEN 25:27
ମୃଗୟାର	1	1	1	1	PSA 76:4
ମୃଗୟାରୁ	1	1	1	0	GEN 27:30
ମୃଗୟାରେ	3	3	3	2	LEV 17:13
ମୃଗୟାର୍ଥେ	1	1	1	1	EZK 13:18
ମୃତ	96	96	35	110	GEN 15:11
ମୃତ-ଶରୀର	1	1	1	1	2CH 20:24
ମୃତକଳ୍ପ	7	7	7	7	GEN 20:3
ମୃତକୁ	4	4	1	1	GEN 23:4
ମୃତପ୍ରାୟ	4	4	3	3	MRK 5:23
ମୃତବତ୍	3	3	3	2	MAT 28:4
ମୃତବ୍ୟକ୍ତିର	1	1	1	0	RUT 4:10
ମୃତମାନଙ୍କ	67	67	18	65	RUT 1:8
ମୃତମାନଙ୍କର	9	9	6	10	PSA 106:28
ମୃତମାନଙ୍କୁ	12	12	9	12	ISA 14:9
ମୃତମାନେ	14	14	8	14	PSA 115:17
ମୃତଲୋକ	1	1	1	0	PSA 31:12
ମୃତଲୋକର	2	2	1	0	RUT 4:5
ମୃତା	4	4	1	4	GEN 23:3
ମୃତ୍ତିକା	18	18	9	20	GEN 26:15
ମୃତ୍ତିକା-ନିର୍ମିତ	1	1	1	1	JOB 4:19
ମୃତ୍ତିକାକୁ	1	1	1	1	PSA 146:4
ମୃତ୍ତିକାଜାତ	1	1	1	1	PSA 10:18
ମୃତ୍ତିକାପାତ୍ର	2	2	2	2	LEV 15:12
ମୃତ୍ତିକାପାତ୍ରରେ	2	2	2	0	LEV 6:28
ମୃତ୍ତିକାମୟ	4	4	1	4	DAN 2:33
ମୃତ୍ତିକାର	4	4	4	5	EXO 20:24
ମୃତ୍ତିକାରୁ	5	5	2	5	GEN 3:19
ମୃତ୍ତିକାରେ	8	8	5	8	JOB 14:8
ମୃତ୍ୟଭୋଗ	1	1	1	0	JHN 8:53
ମୃତ୍ୟୁ	133	133	39	119	GEN 25:11
ମୃତ୍ୟୁ-ନିଦ୍ରାରେ	1	1	1	0	PSA 13:3
ମୃତ୍ୟୁ-ପ୍ରାର୍ଥନା	1	1	1	0	1KI 19:4
ମୃତ୍ୟୁଆଡ଼େ	1	1	1	0	PRO 2:17
ମୃତ୍ୟୁକୁ	8	8	7	6	PRO 8:36
ମୃତ୍ୟୁଚ୍ଛାୟା	2	2	1	3	JOB 3:5
ମୃତ୍ୟୁଚ୍ଛାୟାକୁ	1	1	1	0	JOB 12:22
ମୃତ୍ୟୁଚ୍ଛାୟାମୟ	1	1	1	0	JOB 10:22
ମୃତ୍ୟୁଚ୍ଛାୟାରୂପ	4	4	4	0	JOB 10:21
ମୃତ୍ୟୁଚ୍ଛାୟାସ୍ଥିତ	1	1	1	0	JOB 28:3
ମୃତ୍ୟୁଛାୟା	2	2	1	0	JOB 16:16
ମୃତ୍ୟୁଛାୟାର	2	2	1	0	JOB 24:17
ମୃତ୍ୟୁଛାୟାରୁ	1	1	1	0	PSA 107:14
ମୃତ୍ୟୁଛାୟାରେ	4	4	3	1	PSA 44:18
ମୃତ୍ୟୁଜନକ	10	10	5	8	1SA 5:11
ମୃତ୍ୟୁଦାୟକ	6	6	2	7	ROM 7:10
ମୃତ୍ୟୁଦାୟକା	1	1	1	0	2CO 3:6
ମୃତ୍ୟୁଦ୍ୱାରର	1	1	1	0	PSA 107:18
ମୃତ୍ୟୁଦ୍ୱାରରୁ	1	1	1	0	PSA 9:13
ମୃତ୍ୟୁପୂର୍ବେ	1	1	1	0	1CH 22:5
ମୃତ୍ୟୁଭୋଗ	39	39	13	45	EZK 28:8
ମୃତ୍ୟୁଭୋଗରେ	1	1	1	1	PHP 3:10
ମୃତ୍ୟୁମୁଖରେ	3	3	3	2	ISA 53:12
ମୃତ୍ୟୁଯୋଗ୍ୟ	7	7	5	0	DEU 21:22
ମୃତ୍ୟୁର	37	37	18	24	1SA 15:32
ମୃତ୍ୟୁରୁ	14	14	8	7	JOB 5:20
ମୃତ୍ୟୁରୂପ	2	2	2	0	2SA 22:5
ମୃତ୍ୟୁରେ	8	8	6	2	JOB 27:15
ମୃଦଙ୍ଗ	3	3	1	3	DAN 3:5
ମୃଦୁ	3	3	3	3	2CO 10:1
ମୃଦୁତା	3	3	3	3	GAL 5:23
ମୃଦୁତାର	1	1	1	1	1CO 4:21
ମୃଦୁପଣ	1	1	1	1	PHP 4:5
ମୃଦୁମନୁଷ୍ୟ	1	1	1	1	GEN 25:27
ମୃଦୁଶୀଳ	5	5	5	5	MAT 11:29
ମେଖ	13	13	4	8	EXO 27:19
ମେଖସବୁ	1	1	1	0	EXO 38:20
ମେଘ	81	81	24	83	GEN 9:14
ମେଘକୁ	4	4	3	4	2SA 22:12
ମେଘଗର୍ଜନ	6	6	4	5	1SA 7:10
ମେଘଗର୍ଜ୍ଜନ	5	5	2	6	EXO 9:33
ମେଘଗର୍ଜ୍ଜନର	4	4	3	3	JOB 28:26
ମେଘଧନୁ	3	3	2	3	GEN 9:16
ମେଘନାଦର	1	1	1	2	MRK 3:17
ମେଘବେଷ୍ଟିତ	1	1	1	1	REV 10:1
ମେଘମାଳ	8	8	5	8	JOB 22:14
ମେଘମାଳକୁ	4	4	2	4	PSA 18:11
ମେଘମାଳର	3	3	2	3	JOB 36:29
ମେଘମାଳରେ	1	1	1	1	JOB 26:8
ମେଘମାଳା	2	2	2	2	JDG 5:4
ମେଘମାଳାରେ	8	8	6	8	PSA 147:8
ମେଘର	4	4	3	4	JOB 37:15
ମେଘରହିତ	1	1	1	1	2SA 23:4
ମେଘରୁ	4	4	4	4	PRO 3:20
ମେଘରେ	15	15	11	18	GEN 9:13
ମେଘସେହି	1	1	1	0	EXO 40:34
ମେଘସ୍ତମ୍ଭ	9	9	3	10	EXO 13:22
ମେଘସ୍ତମ୍ଭରେ	1	1	1	1	EXO 13:21
ମେଘାଚ୍ଛନ୍ନ	7	7	4	7	EXO 24:16
ମେଘାରୂଢ଼	3	3	1	0	REV 11:12
ମେଘୁଆ	1	1	1	1	MAT 16:3
ମେଜ	55	55	19	58	EXO 25:23
ମେଜଓ	1	1	1	0	EXO 35:13
ମେଜକୁ	1	1	1	1	1SA 20:29
ମେଜଗୁଡ଼ାକ	1	1	1	1	JHN 2:15
ମେଜମାନର	1	1	1	1	EZK 40:43
ମେଜର	3	3	3	4	EXO 37:16
ମେଜରୁ	3	3	3	3	1SA 20:34
ମେଜରେ	10	10	5	12	2SA 9:7
ମେଜସକଳ	2	2	1	2	1CH 28:16
ମେଜସବୁ	1	1	1	1	ISA 28:8
ମେଜ୍ୟା	1	1	1	0	EZK 41:8
ମେଣ୍ଟଣ	1	1	1	1	PRO 18:18
ମେଣ୍ଡାବେଶରେ	1	1	1	0	MAT 7:15
ମେଣ୍ଢା	8	8	5	12	JOS 7:24
ମେଣ୍ଢାଛୁଆ	3	3	2	2	GEN 22:7
ମେଣ୍ଢାଛୁଆମାନଙ୍କ	1	1	1	1	LUK 10:3
ମେଣ୍ଢାଟି	3	3	2	3	MAT 18:12
ମେଣ୍ଢାଠାରୁ	1	1	1	1	MAT 12:12
ମେଣ୍ଢାମାନଙ୍କ	1	1	1	1	MAT 10:16
ମେଣ୍ଢାମାନଙ୍କୁ	1	1	1	1	GEN 31:38
ମେଦ	72	72	11	75	GEN 4:4
ମେଦକୁ	1	1	1	1	2CH 7:7
ମେଦଦ୍	2	2	1	2	NUM 11:26
ମେଦନ୍ୟାୟ	1	1	1	0	LEV 4:26
ମେଦପୂର୍ଣ୍ଣ	2	2	2	2	JOB 36:16
ମେଦବା	3	3	3	3	NUM 21:30
ମେଦବାର	2	2	2	2	JOS 13:9
ମେଦମୟ	6	6	2	6	EXO 29:22
ମେଦର	1	1	1	1	PSA 109:24
ମେଦରୁ	1	1	1	1	2SA 1:22
ମେଦରେ	8	8	3	8	JOB 15:27
ମେଫାତ୍	4	4	3	4	JOS 13:18
ମେମ୍	1	1	1	1	PSA 119:96
ମେମ୍ପିସ	1	1	1	0	HOS 9:6
ମେରଦ୍	2	2	1	2	1CH 4:17
ମେରଦ୍ର	1	1	1	1	1CH 4:17
ମେରବ୍	3	3	1	3	1SA 14:49
ମେରସ୍	1	1	1	1	EST 1:14
ମେରୁଦଣ୍ଡ	1	1	1	1	LEV 3:9
ମେରୋଣୋଥୀୟ	1	1	1	2	1CH 27:30
ମେରୋମ୍	2	2	1	2	JOS 11:5
ମେରୋସକୁ	1	1	1	1	JDG 5:23
ମେର୍ସନା	1	1	1	1	EST 1:14
ମେଲକ୍	2	2	1	2	1CH 8:35
ମେଲା	15	15	8	12	NUM 19:15
ମେଲାଅ	1	1	1	1	PSA 81:10
ମେଲାଇ	10	10	7	10	NUM 26:10
ମେଲାଇଅଛନ୍ତି	1	1	1	0	LAM 2:16
ମେଲାଇଅଛି	1	1	1	1	ISA 5:14
ମେଲାଇଲା	1	1	1	1	ISA 37:14
ମେଲାଇଲେ	2	2	2	1	2KI 19:14
ମେଲାଦା	1	1	1	0	JOS 15:26
ମେଲାରେ	2	2	2	2	1KI 22:10
ମେଲି	8	8	4	2	JER 13:20
ମେଲିତୀ	1	1	1	3	ACT 28:1
ମେଲିବା	1	1	1	1	EZK 31:5
ମେଳ	1	1	1	1	JDG 21:21
ମେଶକରେ	1	1	1	0	PSA 120:5
ମେଶକ୍	4	4	3	5	GEN 10:2
ମେଶକ୍ର	3	3	1	4	EZK 38:2
ମେଶା	2	2	2	3	2KI 3:4
ମେଷ	207	207	30	212	GEN 12:16
ମେଷ-ପାଳକ-ମାନଙ୍କର	1	1	1	0	ZEP 2:6
ମେଷ-ପାଳକର	1	1	1	0	ISA 38:12
ମେଷକ	1	1	1	0	EZK 27:13
ମେଷକୁ	11	11	4	11	GEN 22:13
ମେଷଖୁଆଡ଼ରୁ	1	1	1	1	PSA 78:70
ମେଷଗଣ	16	16	9	16	GEN 30:32
ମେଷଗଣକୁ	8	8	2	8	GEN 29:3
ମେଷଗଣନାକାରୀ	1	1	1	1	JER 33:13
ମେଷଗଣର	8	8	4	8	ISA 1:11
ମେଷଗବାଦି	3	3	1	0	EXO 12:32
ମେଷଗୁଡ଼ିକ	11	11	3	11	MAT 26:31
ମେଷଗୁଡ଼ିକର	1	1	1	1	JHN 10:7
ମେଷଗୁଡ଼ିକୁ	2	2	1	2	JHN 10:12
ମେଷଚର୍ମ	2	2	1	1	EXO 25:5
ମେଷଚର୍ମରେ	1	1	1	0	EXO 26:14
ମେଷଛୁଆ	2	2	2	2	1SA 15:9
ମେଷଛୁଆ-ମାନଙ୍କୁ	1	1	1	0	ISA 40:11
ମେଷଛୁଆମାନେ	1	1	1	1	PRO 27:26
ମେଷତୁଲ୍ୟ	1	1	1	1	PSA 44:22
ମେଷଦ୍ୱାର	4	4	2	4	NEH 3:1
ମେଷଧନ	1	1	1	1	GEN 26:14
ମେଷପଲ	34	34	17	34	GEN 29:6
ମେଷପଲକୁ	5	5	2	6	GEN 29:2
ମେଷପଲର	9	9	6	9	DEU 15:19
ମେଷପଲରୁ	2	2	2	1	LEV 1:2
ମେଷପଲରେ	1	1	1	1	PSA 65:13
ମେଷପାଳକ	13	13	8	16	GEN 4:2
ମେଷପାଳକକୁ	2	2	2	2	MAT 26:31
ମେଷପାଳକଗଣ	1	1	1	1	JER 25:34
ମେଷପାଳକଗଣର	1	1	1	1	ZEC 11:3
ମେଷପାଳକଙ୍କୁ	1	1	1	1	JER 22:22
ମେଷପାଳକମାନଙ୍କ	2	2	2	4	EXO 2:19
ମେଷପାଳକମାନଙ୍କଠାରୁ	1	1	1	0	LUK 2:18
ମେଷପାଳକମାନଙ୍କର	2	2	2	3	JER 25:36
ମେଷପାଳକମାନଙ୍କୁ	1	1	1	1	LUK 2:20
ମେଷପାଳକମାନେ	6	6	5	6	EXO 2:17
ମେଷପାଳକର	2	2	2	4	1SA 17:40
ମେଷପାଳନ	1	1	1	1	EZK 34:10
ମେଷପାଳମାନଙ୍କ	1	1	1	0	SNG 1:8
ମେଷପାଳିକା	1	1	1	1	GEN 29:9
ମେଷବତ୍ସ	73	73	5	71	LEV 3:7
ମେଷବତ୍ସକୁ	1	1	1	1	NUM 28:8
ମେଷବତ୍ସଠାରୁ	1	1	1	1	LEV 4:35
ମେଷବତ୍ସମାନଙ୍କ	5	5	1	5	NUM 29:18
ମେଷବତ୍ସମାନଙ୍କର	2	2	1	2	NUM 29:21
ମେଷବତ୍ସର	3	3	2	3	NUM 29:4
ମେଷବତ୍ସା	8	8	3	10	GEN 21:28
ମେଷବତ୍ସାଟିକି	1	1	1	0	2SA 12:4
ମେଷବତ୍ସାର	1	1	1	1	2SA 12:6
ମେଷବଳି	3	3	2	2	LEV 5:16
ମେଷମାନଙ୍କ	5	5	4	5	NUM 32:24
ମେଷମାନଙ୍କର	1	1	1	1	NUM 31:28
ମେଷମାନଙ୍କୁ	7	7	5	7	GEN 30:32
ମେଷମାନେ	3	3	1	3	EZK 34:6
ମେଷମେଦ	1	1	1	0	DEU 32:14
ମେଷମେଦଠାରୁ	1	1	1	1	1SA 15:22
ମେଷର	25	25	8	36	EXO 29:15
ମେଷରବ	1	1	1	1	1SA 15:14
ମେଷରୂପ	1	1	1	1	PSA 66:15
ମେଷରେ	1	1	1	1	MIC 6:7
ମେଷଲୋମ	14	14	11	11	GEN 31:19
ମେଷଲୋମ-ଚ୍ଛେଦନଗୃହର	1	1	1	0	2KI 10:14
ମେଷଲୋମଚ୍ଛେଦକମାନଙ୍କ	1	1	1	0	GEN 38:12
ମେଷଲୋମଚ୍ଛେଦନ	1	1	1	1	2KI 10:12
ମେଷଲୋମର	1	1	1	1	DEU 18:4
ମେଷଲୋମରେ	1	1	1	1	JOB 31:20
ମେଷଶାବକ	50	50	17	54	EXO 12:3
ମେଷଶାବକକୁ	2	2	1	2	EXO 29:39
ମେଷଶାବକଙ୍କ	17	17	1	16	REV 5:8
ମେଷଶାବକଙ୍କର	2	2	1	3	REV 5:13
ମେଷଶାବକଙ୍କୁ	1	1	1	1	REV 6:1
ମେଷଶାବକମାନଙ୍କ	3	3	1	3	EZK 46:5
ମେଷଶାବକମାନଙ୍କୁ	1	1	1	1	JHN 21:15
ମେଷଶାବକମାନେ	1	1	1	1	ISA 5:17
ମେଷଶାବକର	1	1	1	1	EXO 12:4
ମେଷଶାବକହିଁ	1	1	1	0	REV 5:12
ମେଷଶାଳା	4	4	3	4	NUM 32:16
ମେଷଶାଳାର	1	1	1	1	JHN 10:16
ମେଷଶାଳାରୁ	2	2	2	2	2SA 7:8
ମେଷଶାଳାରେ	2	2	2	2	1SA 24:3
ମେଷସକଳ	1	1	1	1	GEN 30:35
ମେଷସବୁ	2	2	1	2	JHN 10:8
ମେଷସବୁକୁ	2	2	1	2	JHN 10:3
ମେଷହନନ	1	1	1	1	ISA 22:13
ମେଷା	1	1	1	1	GEN 10:30
ମେଷାଦି	6	6	4	6	EXO 9:3
ମେଷାଦିକୁ	1	1	1	1	1SA 22:19
ମେଷାଦିପଲରୁ	1	1	1	1	LEV 3:6
ମେଷାଦିର	1	1	1	2	2CH 35:8
ମେଷାଧିକାରୀ	1	1	1	1	2KI 3:4
ମେଷାହବର	2	2	2	2	GEN 36:39
ମେଷୀ	5	5	3	4	GEN 31:38
ମେଷୀଗଣ	1	1	1	1	PSA 78:71
ମେଷୀପଲ	2	2	1	2	SNG 4:2
ମେଷୀମାନଙ୍କର	1	1	1	1	GEN 30:40
ମେସପତାମିଆ	1	1	1	0	ACT 2:9
ମେସୋପଟାମିଆ	1	1	1	1	1CH 19:6
ମେସୋପଟାମିଆରେ	1	1	1	0	ACT 7:2
ମେହେନ୍ଦି	6	6	3	8	SNG 4:13
ମେହେନ୍ଦିପୁଷ୍ପ	1	1	1	0	SNG 1:14
ମେହେନ୍ଦିଶାଖା	1	1	1	0	NEH 8:15
ମେୟକୋନ୍	1	1	1	1	JOS 19:46
ମୈଶକ	2	2	1	0	DAN 1:7
ମୈଶକ୍	13	13	1	16	DAN 3:12
ମୋ	1859	1859	51	1875	GEN 4:9
ମୋଚନ	8	8	7	7	EXO 34:9
ମୋଟ	9	9	5	6	DEU 32:15
ମୋଟା	3	3	2	8	JDG 3:17
ମୋଠୁ	1	1	1	0	JDG 16:17
ମୋଠୁଁ	1	1	1	1	JOS 7:19
ମୋଡ଼ା	8	8	1	8	EXO 28:14
ମୋଡ଼ି	2	2	2	1	LEV 1:15
ମୋଡ଼ିପକାଇ	1	1	1	2	MRK 9:26
ମୋଡ଼ିପକାଇଲା	2	2	2	2	MRK 9:20
ମୋଡ଼ିପକାଏ	1	1	1	1	LUK 9:39
ମୋଡ଼ିବ	1	1	1	1	LEV 5:8
ମୋତେ	1646	1646	50	1657	GEN 3:12
ମୋତ୍ସା	3	3	2	3	JOS 18:26
ମୋତ୍ସାକୁ	3	3	1	3	1CH 2:46
ମୋର	399	399	35	309	GEN 23:13
ମୋରି	1	1	1	1	JDG 7:1
ମୋରିର	2	2	2	2	GEN 12:6
ମୋରୀୟା	2	2	2	2	GEN 22:2
ମୋରେଷତ୍	1	1	1	1	MIC 1:14
ମୋରେଷ୍ଟୀୟ	2	2	2	2	JER 26:18
ମୋଲକ	2	2	2	0	LEV 18:21
ମୋଲକର	1	1	1	0	JER 32:35
ମୋଲକ୍	1	1	1	7	2KI 23:10
ମୋଲକ୍-ଦେବତା	3	3	1	0	LEV 20:3
ମୋଲକ୍-ଦେବତାର	1	1	1	0	LEV 20:2
ମୋଲଖର	1	1	1	1	ACT 7:43
ମୋଲାଦା	1	1	1	2	JOS 19:2
ମୋଲାଦାରେ	2	2	2	2	1CH 4:28
ମୋଲୀଦକୁ	1	1	1	1	1CH 2:29
ମୋଶା	434	434	22	457	EXO 2:10
ମୋଶା-ପୁସ୍ତକର	2	2	2	1	2CH 35:12
ମୋଶା-ବ୍ୟବସ୍ଥାର	1	1	1	0	2CH 23:18
ମୋଶା-ବ୍ୟବସ୍ଥାରେ	1	1	1	0	EZR 7:6
ମୋଶାଙ୍କ	138	138	22	385	EXO 2:21
ମୋଶାଙ୍କ-ଠାରେ	1	1	1	0	JHN 5:45
ମୋଶାଙ୍କଠାରୁ	2	2	2	3	EXO 36:3
ମୋଶାଙ୍କଠାରେ	1	1	1	2	EXO 14:31
ମୋଶାଙ୍କର	60	60	16	62	EXO 2:10
ମୋଶାଙ୍କୁ	210	210	13	223	EXO 2:15
ମୋଶାଦତ୍ତ	1	1	1	1	JOS 13:8
ମୋଶାନିର୍ମିତ	1	1	1	0	1CH 21:29
ମୋଶାର	2	2	2	2	JDG 18:30
ମୋଷେରତକୁ	1	1	1	0	DEU 10:6
ମୋଷେରୋତରୁ	1	1	1	1	NUM 33:31
ମୋଷେରୋତରେ	1	1	1	1	NUM 33:30
ମୋହକ	2	2	2	2	DEU 18:11
ମୋହର	1982	1982	49	2069	GEN 2:23
ମୋହରାଙ୍କନକାରୀମାନଙ୍କ	1	1	1	1	NEH 10:1
ମୋହରାଙ୍କିତ	9	9	3	10	NEH 9:38
ମୋହରି	2	2	2	2	ACT 26:29
ମୋହାର	1	1	1	0	2KI 6:15
ମୋହିତ	1	1	1	1	GAL 3:1
ମୋୟଦୀୟ	1	1	1	1	NEH 12:5
ମୋୟଦୀୟ-ବଂଶର	1	1	1	0	NEH 12:17
ମୋୟାବ	80	80	19	85	GEN 19:37
ମୋୟାବ-ଦେଶୀୟା	1	1	1	0	RUT 2:21
ମୋୟାବ-ପଦାରେ	10	10	2	10	NUM 22:1
ମୋୟାବ-ପ୍ରାନ୍ତର	1	1	1	1	DEU 2:8
ମୋୟାବ-ରାଜା	2	2	2	1	JOS 24:9
ମୋୟାବ-ରାଜାର	1	1	1	1	1SA 22:4
ମୋୟାବ-ସନ୍ତାନଗଣ	1	1	1	1	2CH 20:1
ମୋୟାବ-ସୀମା	1	1	1	1	JDG 11:18
ମୋୟାବ-ସୀମାର	1	1	1	1	NUM 21:15
ମୋୟାବକୁ	6	6	3	7	DEU 2:9
ମୋୟାବର	68	68	15	70	EXO 15:15
ମୋୟାବରେ	1	1	1	4	JER 40:11
ମୋୟାବୀୟ	16	16	9	17	GEN 19:37
ମୋୟାବୀୟ-ମାନଙ୍କୁ	2	2	2	0	JDG 3:28
ମୋୟାବୀୟ-ମାନେ	1	1	1	0	2KI 3:22
ମୋୟାବୀୟମାନଙ୍କ	1	1	1	1	JDG 3:28
ମୋୟାବୀୟମାନଙ୍କୁ	3	3	2	5	2KI 3:18
ମୋୟାବୀୟମାନେ	2	2	2	3	2SA 8:2
ମୋ’ଉତ୍ତାରେ	1	1	1	0	1KI 1:24
ମୋ’ଓଷ୍ଠାଧରର	1	1	1	0	PSA 141:3
ମୋ’ଠାକୁ	1	1	1	1	2SA 15:28
ମୋ’ଠାରୁ	83	83	27	72	GEN 13:9
ମୋ’ଠାରେ	77	77	24	71	GEN 29:34
ମୋ’ଠୁ	1	1	1	1	1SA 22:15
ମୋ’ଣପ୍ରତି	1	1	1	0	2CO 11:1
ମୋ’ନିକଟକୁ	2	2	2	0	DEU 5:23
ମୋ’ପ୍ରତି	1	1	1	1	NUM 11:15
ମୋ’ପ୍ରାଣକୁ	1	1	1	0	JON 2:6
ମୋ’ମରଣ	1	1	1	0	DEU 31:29
ମୋ’ର	1	1	1	22	2TI 4:6
ମୋ’ସମାନ	1	1	1	0	PSA 55:13
ମୌନ	7	7	6	5	LEV 10:3
ମୌନୀ	2	2	1	1	PSA 32:3
ମୌଳିକ	3	3	2	5	HEB 5:12
ମ୍ଳାନ	16	16	9	15	GEN 41:23
ମ୍ଳାନପ୍ରାୟ	2	2	1	2	ISA 28:1
ମ୍ଳାନି	5	5	5	5	DEU 28:22
ମୟୂର	2	2	2	2	1KI 10:22
ଯକମୀୟାମ୍	1	1	1	2	1CH 6:68
ଯକୃତ	2	2	2	3	EXO 29:13
ଯକୃତର	9	9	2	10	EXO 29:22
ଯକୃତରୁ	1	1	1	0	LEV 9:10
ଯକୃତ୍	2	2	2	0	JOB 16:13
ଯକ୍ତନର	2	2	2	0	GEN 10:29
ଯକ୍ତନ୍	3	3	2	3	GEN 10:25
ଯକ୍ତନ୍ର	1	1	1	3	GEN 10:26
ଯକ୍ତେଲ	2	2	2	2	JOS 15:38
ଯକ୍ଷନ	1	1	1	0	GEN 25:2
ଯକ୍ଷନ୍	2	2	2	3	GEN 25:3
ଯକ୍ଷନ୍ର	1	1	1	1	1CH 1:32
ଯକ୍ଷ୍ମା	2	2	2	2	LEV 26:16
ଯଗୂମିୟାମ	1	1	1	0	1KI 4:12
ଯଗ୍-ବିହର	1	1	1	0	JDG 8:11
ଯଗ୍ଦୀୟାମ୍	1	1	1	1	JOS 15:56
ଯଗ୍ନିଯାମର	1	1	1	0	JOS 12:22
ଯଗ୍ନିୟାମ	1	1	1	1	JOS 21:34
ଯଗ୍ନିୟାମର	1	1	1	2	JOS 19:11
ଯଗ୍ଲିର	1	1	1	1	NUM 34:22
ଯଜ୍ଞ	9	9	8	8	2KI 10:19
ଯଜ୍ଞକାରୀ	2	2	2	2	ECC 9:2
ଯଜ୍ଞକାଷ୍ଠ	1	1	1	1	GEN 22:6
ଯଜ୍ଞବେଦି	138	138	26	140	GEN 8:20
ଯଜ୍ଞବେଦିକି	7	7	5	0	1KI 12:32
ଯଜ୍ଞବେଦିକିଣ	1	1	1	0	2KI 16:14
ଯଜ୍ଞବେଦିଗୁଡ଼ିକ	1	1	1	0	ROM 11:3
ଯଜ୍ଞବେଦିଠାରୁ	1	1	1	1	1KI 13:4
ଯଜ୍ଞବେଦିମାନ	4	4	3	5	2KI 21:4
ଯଜ୍ଞବେଦିମାନର	2	2	2	2	2KI 11:18
ଯଜ୍ଞବେଦିର	37	37	15	37	NUM 16:38
ଯଜ୍ଞବେଦିରୁ	6	6	5	6	NUM 16:46
ଯଜ୍ଞବେଦିରେ	5	5	3	5	NUM 23:2
ଯଜ୍ଞବେଦିସକଳ	2	2	1	2	DEU 7:5
ଯଜ୍ଞବେଦିସକଳକୁ	1	1	1	1	AMO 3:14
ଯଜ୍ଞବେଦିସବୁ	11	11	6	11	1KI 19:10
ଯଜ୍ଞବେଦିସବୁକୁ	1	1	1	1	HOS 10:2
ଯଜ୍ଞବେଦିସମୂହର	1	1	1	1	ISA 17:8
ଯଜ୍ଞବେଦୀ	2	2	1	0	GEN 13:4
ଯଜ୍ଞର	2	2	2	2	EZK 39:17
ଯଜ୍ଞରୁ	1	1	1	1	EZK 39:19
ଯଜ୍ଞହୀନ	1	1	1	1	HOS 3:4
ଯଟବାଥାକୁ	1	1	1	0	DEU 10:7
ଯଟିକିଏ	1	1	1	0	1SA 30:7
ଯଟ୍ବା	1	1	1	1	2KI 21:19
ଯଟ୍ବାଥାରୁ	1	1	1	1	NUM 33:34
ଯଟ୍ବାଥାରେ	1	1	1	1	NUM 33:33
ଯତ୍ତୀର	4	4	3	4	JOS 15:48
ଯତ୍ନୀୟେଲ	1	1	1	1	1CH 26:2
ଯଥା	191	191	37	169	GEN 16:13
ଯଥା-ସମୟରେ	1	1	1	0	1PE 5:6
ଯଥାକାଳର	1	1	1	1	PRO 15:23
ଯଥାକାଳରେ	2	2	2	2	PRO 13:24
ଯଥାକ୍ରମେ	1	1	1	2	ISA 44:7
ଯଥାଯୋଗ୍ୟ	1	1	1	1	ROM 16:2
ଯଥାର୍ଥ	107	107	36	98	GEN 27:36
ଯଥାର୍ଥନ୍ତ	1	1	1	0	PRO 12:15
ଯଥାର୍ଥବାଦୀକି	1	1	1	0	PRO 16:13
ଯଥାର୍ଥରେ	1	1	1	1	SNG 1:4
ଯଥାର୍ଥିକ	1	1	1	1	ISA 26:7
ଯଥାଶକ୍ତି	1	1	1	1	JON 3:8
ଯଥାସମୟରେ	5	5	5	0	DEU 28:12
ଯଥାସାଧ୍ୟ	1	1	1	1	MAT 27:65
ଯଥାସ୍ଥାନରେ	1	1	1	1	GEN 29:3
ଯଥେଷ୍ଟ	50	50	26	52	GEN 24:25
ଯଥେଷ୍ଟସଂଖ୍ୟକ	1	1	1	0	2CH 30:3
ଯଥୋଚିତ	4	4	4	4	1CH 16:29
ଯଥୋଚିତମତେ	1	1	1	1	PRO 25:11
ଯଦି	466	466	26	1153	1SA 12:21
ଯଦିବା	3	3	3	5	JOS 24:15
ଯଦ୍ଦୁୟ	1	1	1	0	NEH 10:21
ଯଦ୍ଦୂୟ	2	2	1	3	NEH 12:11
ଯଦ୍ଦ୍ୱାରା	32	32	13	29	GEN 44:5
ଯଦ୍ରୂପ	1	1	1	0	PRO 30:33
ଯଦ୍ୟପି	80	80	34	79	GEN 8:21
ଯନି	26	26	19	0	GEN 37:35
ଯନିପୂର୍ବକ	28	28	10	0	DEU 4:9
ଯନିବାନ	5	5	5	0	JOS 22:5
ଯନିବାନ୍	1	1	1	0	1CO 15:58
ଯନିରେ	13	13	8	0	NUM 22:37
ଯନିଶୀଳ	2	2	2	0	2PE 1:10
ଯନ୍ତା	2	2	2	2	JOB 18:10
ଯନ୍ତାଯନ୍ତି	1	1	1	1	LUK 8:45
ଯନ୍ତାରୁ	1	1	1	1	PSA 141:9
ଯନ୍ତାରେ	2	2	1	2	JOB 13:27
ଯନ୍ତ୍ର	10	10	7	12	2SA 24:22
ଯନ୍ତ୍ରଣା	22	22	10	23	EXO 3:7
ଯନ୍ତ୍ରଣାଗ୍ରସ୍ତସମସ୍ତଙ୍କୁ	1	1	1	0	MAT 4:24
ଯନ୍ତ୍ରଣାଦାୟକ	1	1	1	5	JER 16:4
ଯନ୍ତ୍ରଣାମୟ	2	2	2	2	ISA 30:6
ଯନ୍ତ୍ରଣାଯୁକ୍ତ	1	1	1	1	JOL 2:6
ଯନ୍ତ୍ରଣାର	3	3	1	2	REV 14:11
ଯନ୍ତ୍ରଣାରେ	2	2	2	2	ISA 21:3
ଯନ୍ତ୍ରର	2	2	2	2	ISA 14:11
ଯନ୍ତ୍ରରେ	13	13	3	14	PSA 4:1
ଯନ୍ନୀସ୍	1	1	1	0	2TI 3:8
ଯନ୍ନୟ	1	1	1	1	LUK 3:24
ଯନ୍ନୟଙ୍କ	1	1	1	1	LUK 3:24
ଯଫ୍ଲେଟର	2	2	1	1	1CH 7:33
ଯଫ୍ଲେଟୀୟ	1	1	1	1	JOS 16:3
ଯଫ୍ଲେଟ୍	1	1	1	1	1CH 7:32
ଯବ	26	26	14	29	EXO 9:31
ଯବ-ବିହନର	1	1	1	0	LEV 27:16
ଯବ-ମଇଦା	1	1	1	0	NUM 5:15
ଯବ-ରୋଟୀ	1	1	1	0	JDG 7:13
ଯବ-ଶସ୍ୟଚ୍ଛେଦନର	1	1	1	1	RUT 1:22
ଯବଚ୍ଛେଦନର	1	1	1	1	2SA 21:9
ଯବନ	6	6	5	6	GEN 10:2
ଯବନର	2	2	2	2	GEN 10:4
ଯବନିକା	21	21	6	21	EXO 26:1
ଯବନିକାର	23	23	2	23	EXO 26:2
ଯବନିକାସକଳ	3	3	2	2	EXO 26:6
ଯବନିକାସବୁ	2	2	2	1	ISA 54:2
ଯବପିଷ୍ଟକ	1	1	1	0	EZK 4:12
ଯବପୂର୍ଣ୍ଣ	1	1	1	1	1CH 11:13
ଯବର	3	3	2	1	EZK 45:13
ଯବ୍ନିର	1	1	1	1	2CH 26:6
ଯବ୍ନିୟେଲକୁ	1	1	1	0	JOS 15:11
ଯବ୍ନୀୟେଲ	1	1	1	1	JOS 19:33
ଯବ୍ବୋକ	2	2	2	0	GEN 32:22
ଯବ୍ବୋକ୍	5	5	4	7	NUM 21:24
ଯମ	1	1	1	0	NUM 24:1
ଯମକୁ	1	1	1	0	NUM 12:4
ଯମ୍ବ୍ରୀସ୍	1	1	1	2	2TI 3:8
ଯମ୍ଭେକ	1	1	1	0	1CH 4:34
ଯର୍କିୟମର	1	1	1	1	1CH 2:44
ଯର୍ଦ୍ଦନ	115	115	15	122	GEN 32:10
ଯର୍ଦ୍ଦନ-ଜଳ	2	2	1	1	JOS 4:23
ଯର୍ଦ୍ଦନ-ପଦାରେ	2	2	2	2	1KI 7:46
ଯର୍ଦ୍ଦନ-ପୂର୍ବଦିଗସ୍ଥ	1	1	1	1	DEU 4:47
ଯର୍ଦ୍ଦନ-ପୂର୍ବପାରିରେ	3	3	2	3	DEU 4:45
ଯର୍ଦ୍ଦନ-ପୂର୍ବପାରିସ୍ଥିତ	1	1	1	1	DEU 4:49
ଯର୍ଦ୍ଦନ-ସମ୍ମୁଖସ୍ଥ	2	2	1	1	1KI 17:3
ଯର୍ଦ୍ଦନକୁ	7	7	5	7	JOS 3:11
ଯର୍ଦ୍ଦନଠାରୁ	3	3	3	3	JOS 18:12
ଯର୍ଦ୍ଦନପାରିସ୍ଥ	1	1	1	1	JDG 10:8
ଯର୍ଦ୍ଦନର	48	48	12	51	GEN 13:10
ଯର୍ଦ୍ଦନରୁ	5	5	2	4	JOS 4:16
ଯର୍ଦ୍ଦନରେ	7	7	4	7	JOS 3:1
ଯର୍ମୁତରେ	1	1	1	0	NEH 11:29
ଯର୍ମୂତର	4	4	1	4	JOS 10:3
ଯର୍ମୂତ୍	2	2	1	0	JOS 15:35
ଯଶ	2	2	2	2	JDG 4:9
ଯଶର	2	2	1	1	ZEP 3:19
ଯଶସ୍ୱରୂପ	1	1	1	1	EZK 39:13
ଯଶ୍ବକାଶା	2	2	1	2	1CH 25:4
ଯଷ୍ଟି	81	81	19	82	GEN 38:25
ଯଷ୍ଟିକା	2	2	1	2	ISA 3:1
ଯଷ୍ଟିକି	1	1	1	0	ZEC 11:10
ଯଷ୍ଟିକୁ	1	1	1	2	EXO 7:12
ଯଷ୍ଟିଘେନି	1	1	1	1	EXO 17:9
ଯଷ୍ଟିମାତ୍ର	1	1	1	1	GEN 32:10
ଯଷ୍ଟିର	4	4	3	4	JDG 6:21
ଯଷ୍ଟିରେ	7	7	4	7	NUM 17:2
ଯଷ୍ଟିସକଳର	1	1	1	1	NUM 17:6
ଯହତ୍	6	6	2	6	1CH 4:2
ଯହତ୍କୁ	1	1	1	1	1CH 4:2
ଯହତ୍ର	1	1	1	1	1CH 6:43
ଯହଦୀୟେଲ୍	1	1	1	1	1CH 5:24
ଯହଦୋ	1	1	1	1	1CH 5:14
ଯହଦୋର	1	1	1	1	1CH 5:14
ଯହମୟ	1	1	1	1	1CH 7:2
ଯହଲେଲ	1	1	1	1	GEN 46:14
ଯହଲେଲଠାରୁ	1	1	1	1	NUM 26:26
ଯହଲେଲୀୟ	1	1	1	1	NUM 26:26
ଯହସ	3	3	2	3	JOS 21:36
ଯହସରେ	3	3	3	3	NUM 21:23
ଯହସିୟେଲ	1	1	1	0	GEN 46:24
ଯହସୀୟ	1	1	1	1	EZR 10:15
ଯହସୀୟେଲ	4	4	2	7	1CH 16:6
ଯହସୀୟେଲଠାରୁ	1	1	1	1	NUM 26:48
ଯହସୀୟେଲର	1	1	1	1	EZR 8:5
ଯହସୀୟେଲୀୟ	1	1	1	1	NUM 26:48
ଯହସୀୟେଲ୍	2	2	1	0	1CH 7:13
ଯହସେରାର	1	1	1	1	1CH 9:12
ଯହସ୍	3	3	3	3	JOS 13:18
ଯହିଁ	14	14	11	13	LEV 15:20
ଯହିଁର	9	9	4	9	JOS 22:9
ଯହିଁରୁ	1	1	1	1	LUK 11:27
ଯହିଁରେ	20	20	15	17	GEN 44:5
ଯହୁଁ	1	1	1	1	GEN 15:17
ଯହ୍ନା	1	1	1	0	EXO 9:32
ଯା	7	7	6	6	GEN 19:9
ଯାଃ	2	2	1	0	PSA 68:4
ଯାଅ	282	282	36	292	GEN 8:16
ଯାଅଣ	2	2	2	0	GEN 31:13
ଯାଅନ୍ତକାରଣ	1	1	1	0	1SA 20:22
ଯାଆଁଳା	7	7	2	8	GEN 25:24
ଯାଆନ୍ତା	1	1	1	1	JHN 21:25
ଯାଆନ୍ତି	16	16	10	14	NUM 16:30
ଯାଆନ୍ତୁ	5	5	4	6	JDG 7:7
ଯାଆନ୍ତେ	5	5	4	11	GEN 45:4
ଯାଇ	776	776	43	785	GEN 7:9
ଯାଇଅଛ	14	14	7	14	2KI 1:4
ଯାଇଅଛନ୍ତି	60	60	21	59	EXO 15:15
ଯାଇଅଛି	65	65	24	70	LEV 21:10
ଯାଇଅଛୁ	3	3	3	3	1CH 17:5
ଯାଇଗୋଟିଏ	1	1	1	0	EXO 2:15
ଯାଇଛନ୍ତି	1	1	1	2	GEN 37:17
ଯାଇଛି	1	1	1	1	1SA 14:17
ଯାଇଥାଏ	1	1	1	1	JOB 31:7
ଯାଇଥା’ନ୍ତା	4	4	2	4	JOB 6:2
ଯାଇଥା’ନ୍ତି	1	1	1	1	JOB 10:19
ଯାଇଥା’ନ୍ତେ	1	1	1	0	2SA 2:27
ଯାଇଥିବ	1	1	1	1	1KI 18:27
ଯାଇଥିବା	10	10	7	10	NUM 31:21
ଯାଇଥିବେ	2	2	2	2	2SA 17:13
ଯାଇଥିଲ	6	6	3	4	1SA 10:2
ଯାଇଥିଲା	28	28	17	34	GEN 24:63
ଯାଇଥିଲି	2	2	2	1	ACT 24:11
ଯାଇଥିଲୁ	8	8	6	8	GEN 32:6
ଯାଇଥିଲେ	44	44	20	45	GEN 14:24
ଯାଇପାର	3	3	1	3	JDG 16:6
ଯାଇପାରେ	1	1	1	1	PSA 71:3
ଯାଈରସ	2	2	2	2	MRK 5:22
ଯାଉ	145	145	27	146	GEN 13:3
ଯାଉଅଛ	40	40	13	40	GEN 32:17
ଯାଉଅଛନ୍ତି	38	38	18	38	GEN 37:25
ଯାଉଅଛି	62	62	26	62	GEN 33:12
ଯାଉଅଛୁ	11	11	9	11	LEV 18:3
ଯାଉଛ	1	1	1	0	2SA 15:19
ଯାଉଛି	4	4	4	4	NUM 17:12
ଯାଉଣ	1	1	1	0	PSA 74:21
ଯାଉଣୁ	2	2	2	2	GEN 44:4
ଯାଉଥାଏ	2	2	2	1	1SA 1:3
ଯାଉଥିବା	27	27	7	28	JDG 16:13
ଯାଉଥିବାର	1	1	1	2	1SA 10:3
ଯାଉଥିଲା	6	6	4	6	NUM 22:22
ଯାଉଥିଲି	1	1	1	1	ACT 22:5
ଯାଉଥିଲେ	25	25	7	29	2KI 6:30
ଯାଉନ୍ତୁ	32	32	13	29	EXO 10:24
ଯାଏ	120	120	31	120	GEN 13:9
ଯାକନ୍	3	3	2	2	GEN 36:27
ଯାକି	1	1	1	1	JOB 20:13
ଯାକିର	1	1	1	1	PRO 30:1
ଯାକୀମ୍	2	2	1	2	1CH 8:19
ଯାକୁବ	224	224	22	251	GEN 25:26
ଯାକୁବ-ବଂଶ	4	4	3	1	PSA 114:1
ଯାକୁବ-ବଂଶକୁ	2	2	2	0	JER 5:20
ଯାକୁବ-ବଂଶଠାରୁ	1	1	1	1	ISA 8:17
ଯାକୁବ-ବଂଶର	2	2	2	1	ISA 10:20
ଯାକୁବ-ସନ୍ତାନଗଣ	1	1	1	0	2KI 17:35
ଯାକୁବ-ସମାଜର	1	1	1	1	DEU 33:4
ଯାକୁବକୁ	43	43	12	35	GEN 25:28
ଯାକୁବଙ୍କ	28	28	14	51	GEN 42:29
ଯାକୁବଙ୍କଠାରୁ	3	3	2	4	GEN 46:15
ଯାକୁବଙ୍କର	13	13	3	17	GEN 32:18
ଯାକୁବଙ୍କୁ	17	17	8	30	GEN 35:1
ଯାକୁବଠାରୁ	4	4	3	4	NUM 24:17
ଯାକୁବବଂଶ	1	1	1	0	LUK 1:33
ଯାକୁବର	90	90	17	95	GEN 27:17
ଯାକୋବା	1	1	1	1	1CH 4:36
ଯାଖୀନ	1	1	1	0	NEH 11:10
ଯାଖୀନଠାରୁ	1	1	1	0	NUM 26:12
ଯାଖୀନୀୟ	1	1	1	1	NUM 26:12
ଯାଖୀନ୍	6	6	5	7	GEN 46:10
ଯାଗୁର	1	1	1	1	JOS 15:21
ଯାଚ	1	1	1	1	JOB 6:22
ଯାଚି	2	2	2	2	LUK 23:36
ଯାଚିଲେ	1	1	1	0	MRK 15:23
ଯାଜକ	423	423	30	457	GEN 14:18
ଯାଜକ-ପଦକୁ	1	1	1	1	NEH 13:29
ଯାଜକ-ପଦର	1	1	1	1	NEH 13:29
ଯାଜକ-ଭ୍ରାତୃଗଣ	1	1	1	1	EZR 6:20
ଯାଜକ-ମାନଙ୍କର	2	2	2	0	NEH 13:30
ଯାଜକ-ମାନଙ୍କୁ	2	2	2	0	1CH 15:11
ଯାଜକ-ମାନେ	1	1	1	0	HEB 9:6
ଯାଜକ-ସନ୍ତାନ	1	1	1	1	NEH 12:35
ଯାଜକଓ	1	1	1	0	JOS 21:1
ଯାଜକକର୍ମ	13	13	4	2	EXO 28:1
ଯାଜକକର୍ମରୁ	1	1	1	0	1KI 2:27
ଯାଜକକୁ	44	44	14	38	LEV 2:8
ଯାଜକଗଣ	30	30	15	32	EXO 19:24
ଯାଜକଗଣକୁ	3	3	3	1	LEV 21:1
ଯାଜକଗଣର	3	3	3	3	JOS 4:9
ଯାଜକଙ୍କ	4	4	4	9	EXO 35:19
ଯାଜକଙ୍କର	6	6	5	8	EXO 38:21
ଯାଜକଙ୍କୁ	4	4	4	10	1SA 22:11
ଯାଜକତ୍ୱ	12	12	7	13	EXO 29:9
ଯାଜକତ୍ୱ-ପଦ	1	1	1	1	NUM 3:10
ଯାଜକତ୍ୱ-ପଦଘଟିତ	1	1	1	1	NUM 18:1
ଯାଜକତ୍ୱର	3	3	2	3	EXO 40:15
ଯାଜକପଦ	1	1	1	2	HEB 7:5
ଯାଜକପଦଚ୍ୟୁତ	1	1	1	0	EZR 2:62
ଯାଜକବର୍ଗ	3	3	2	3	ACT 25:15
ଯାଜକବର୍ଗରଣଓ	1	1	1	0	EZR 8:29
ଯାଜକମାନଙ୍କ	54	54	15	58	LEV 2:2
ଯାଜକମାନଙ୍କଠାରୁ	2	2	1	2	ACT 26:10
ଯାଜକମାନଙ୍କର	26	26	13	29	GEN 47:22
ଯାଜକମାନଙ୍କୁ	45	45	17	51	DEU 31:9
ଯାଜକମାନେ	125	125	26	130	GEN 47:22
ଯାଜକର	60	60	18	60	GEN 41:45
ଯାଜକୀୟ	5	5	3	11	1CH 24:6
ଯାଜର	1	1	1	0	MAT 1:15
ଯାଟୁର	1	1	1	0	EZR 8:5
ଯାତ	1	1	1	0	1CH 2:35
ଯାତନା	4	4	2	4	JOB 2:13
ଯାତନାରୂପ	1	1	1	1	ISA 8:22
ଯାତନାସବୁ	1	1	1	1	ISA 53:4
ଯାତାୟତ	1	1	1	1	ISA 19:23
ଯାତାୟାତ	2	2	2	2	EST 2:11
ଯାତ୍ରା	231	231	30	279	GEN 11:31
ଯାତ୍ରାନୁସାରେ	1	1	1	1	NUM 33:2
ଯାତ୍ରାର	2	2	2	4	NUM 33:2
ଯାତ୍ରାରୁ	2	2	2	2	2SA 11:10
ଯାତ୍ରାରେ	6	6	5	9	GEN 29:1
ଯାତ୍ରୀ	1	1	1	2	2SA 12:4
ଯାତ୍ରୀଦଳ	1	1	1	0	JOB 6:19
ଯାତ୍ରୀମାନଙ୍କ	1	1	1	1	JHN 12:20
ଯାଥାର୍ଥିକ	1	1	1	1	PSA 92:15
ଯାଥାର୍ଥିକତା	1	1	1	0	JOB 29:14
ଯାଦା	1	1	1	1	1CH 2:28
ଯାଦାର	1	1	1	1	1CH 2:32
ଯାଦୁକ୍ରିୟା	1	1	1	1	ACT 19:19
ଯାଦୋନ	1	1	1	1	NEH 3:7
ଯାନୁମ୍	1	1	1	1	JOS 15:53
ଯାନୋହ	1	1	1	1	2KI 15:29
ଯାନୋହକୁ	1	1	1	1	JOS 16:6
ଯାନୋହଠାରୁ	1	1	1	1	JOS 16:7
ଯାନୟ	1	1	1	1	1CH 5:12
ଯାପନ	23	23	15	25	GEN 31:54
ଯାଫୀୟ	4	4	3	4	JOS 10:3
ଯାଫୀୟକୁ	1	1	1	1	JOS 19:12
ଯାଫୋ	3	3	2	4	JON 1:3
ଯାଫୋକୁ	4	4	1	4	ACT 10:5
ଯାଫୋର	3	3	2	4	JOS 19:46
ଯାଫୋରେ	3	3	2	3	2CH 2:16
ଯାଫୋସ୍ଥିତ	1	1	1	1	EZR 3:7
ଯାବଜ୍ଜୀବନ	48	48	14	45	GEN 3:14
ଯାବତୀୟ	67	67	21	63	GEN 18:18
ଯାବତୀୟକୁ	1	1	1	1	AMO 6:8
ଯାବୀନ	1	1	1	0	PSA 83:9
ଯାବୀନ୍	3	3	2	4	JOS 11:1
ଯାବୀନ୍ଙ୍କୁ	2	2	1	2	JDG 4:23
ଯାବୀନ୍ର	2	2	1	2	JDG 4:2
ଯାବେଶ-ଗିଲୀୟଦର	1	1	1	1	1SA 11:9
ଯାବେଶ-ଗିଲୀୟଦସମ୍ମୁଖରେ	1	1	1	0	1SA 11:1
ଯାବେଶଙ୍କର	2	2	1	3	2KI 15:13
ଯାବେଶର	5	5	1	5	1SA 11:1
ଯାବେଶସ୍ଥ	1	1	1	1	1SA 31:13
ଯାବେଶ୍-ଗିଲୀୟଦ	5	5	3	1	JDG 21:9
ଯାବେଶ୍-ଗିଲୀୟଦର	2	2	2	1	JDG 21:14
ଯାବେଶ୍-ଗିଲୀୟଦରୁ	1	1	1	0	JDG 21:8
ଯାବେଶ୍-ଗିଲୀୟଦୀୟ	1	1	1	1	1CH 10:11
ଯାବେଶ୍-ଗିଲୀୟଦୀୟମାନେ	2	2	1	1	2SA 2:4
ଯାବେଶ୍କୁ	2	2	2	1	1SA 31:12
ଯାବେଶ୍ଙ୍କର	1	1	1	0	2KI 15:10
ଯାବେଶ୍ସ୍ଥ	1	1	1	1	1CH 10:12
ଯାବେଷ୍	3	3	1	4	1CH 4:9
ଯାବେସ୍	1	1	1	0	1CH 2:55
ଯାମୀନଠାରୁ	1	1	1	0	NUM 26:12
ଯାମୀନୀୟ	1	1	1	1	NUM 26:12
ଯାମୀନ୍	5	5	4	5	GEN 46:10
ଯାରବୀୟାମ	27	27	3	38	1KI 11:26
ଯାରବୀୟାମ-ବଂଶ	2	2	1	2	1KI 14:10
ଯାରବୀୟାମ-ବଂଶକୁ	2	2	1	2	1KI 13:34
ଯାରବୀୟାମକୁ	1	1	1	1	1KI 14:7
ଯାରବୀୟାମଙ୍କ	3	3	2	7	1KI 14:30
ଯାରବୀୟାମଙ୍କର	17	17	1	17	1KI 14:1
ଯାରବୀୟାମଙ୍କୁ	3	3	1	6	1KI 11:31
ଯାରବୀୟାମଠାରୁ	1	1	1	1	1KI 14:10
ଯାରବୀୟାମର	8	8	4	10	1KI 14:11
ଯାରବୀୟାମ୍	29	29	2	18	2KI 13:2
ଯାରବୀୟାମ୍ଙ୍କ	4	4	2	6	2KI 14:27
ଯାରବୀୟାମ୍ଙ୍କର	3	3	2	2	2KI 14:28
ଯାରବୀୟାମ୍ଙ୍କୁ	3	3	2	0	2KI 17:21
ଯାରବୀୟାମ୍ବିଷୟକ	1	1	1	0	2CH 9:29
ଯାରହ	1	1	1	1	1CH 9:42
ଯାରହକୁ	1	1	1	1	1CH 9:42
ଯାରିବ	1	1	1	2	EZR 10:18
ଯାରିବ୍	1	1	1	0	EZR 8:16
ଯାରିଶୀୟ	1	1	1	1	1CH 8:27
ଯାରୀବ୍	1	1	1	0	1CH 4:24
ଯାରେଓରଗୀମର	1	1	1	0	2SA 21:19
ଯାରେବ	2	2	1	2	HOS 5:13
ଯାରୋହ	1	1	1	1	1CH 5:14
ଯାରୋହର	1	1	1	1	1CH 5:14
ଯାର୍ହା	2	2	1	2	1CH 2:34
ଯାଲମ୍	4	4	2	4	GEN 36:5
ଯାଲୋନ୍	1	1	1	1	1CH 4:17
ଯାଳାର	2	2	2	2	EZR 2:56
ଯାଶନୀୟକୁ	1	1	1	0	JER 35:3
ଯାଶୂବଠାରୁ	1	1	1	1	NUM 26:24
ଯାଶୂବିଲେହମ୍	1	1	1	1	1CH 4:22
ଯାଶୂବୀୟ	1	1	1	1	NUM 26:24
ଯାଶୂବ୍	2	2	2	0	1CH 7:1
ଯାଶେନ୍ର	1	1	1	1	2SA 23:32
ଯାଶେର୍	2	2	2	1	JOS 10:13
ଯାଶ୍ବୀୟାମ୍	3	3	1	3	1CH 11:11
ଯାଶୟ	1	1	1	1	EZR 10:37
ଯାଷୀଷ୍	1	1	1	1	1CH 27:31
ଯାସନୀୟ	5	5	3	5	2KI 25:23
ଯାସୀୟର	2	2	1	2	1CH 24:26
ଯାସୀୟେଲ	1	1	1	0	1CH 27:21
ଯାସୀୟେଲକୁ	1	1	1	1	1CH 15:18
ଯାସୀୟେଲ୍	1	1	1	2	1CH 11:47
ଯାସେର	9	9	5	10	NUM 21:32
ଯାସେରର	2	2	2	2	ISA 16:9
ଯାସେରରେ	1	1	1	1	1CH 26:31
ଯାସେର୍	1	1	1	0	1CH 6:81
ଯାସୋନ	3	3	1	4	ACT 17:6
ଯାସୋନଙ୍କ	1	1	1	1	ACT 17:5
ଯାସୋନ୍	1	1	1	0	ROM 16:21
ଯାହା	1064	1064	57	1118	GEN 11:6
ଯାହାକି	4	4	3	6	LUK 6:43
ଯାହାକିଛି	1	1	1	1	MRK 6:23
ଯାହାକୁ	95	95	31	102	GEN 2:19
ଯାହାଙ୍କ	37	37	15	39	1KI 17:1
ଯାହାଙ୍କଠାରୁ	3	3	3	3	ISA 31:6
ଯାହାଙ୍କଠାରେ	5	5	5	5	ISA 42:1
ଯାହାଙ୍କର	20	20	12	21	1SA 28:8
ଯାହାଙ୍କୁ	48	48	17	47	DEU 34:11
ଯାହାଠାରୁ	5	5	3	5	GEN 44:9
ଯାହାଠାରେ	4	4	4	4	JOS 7:15
ଯାହାଯାହାକୁ	1	1	1	1	JHN 5:21
ଯାହାର	127	127	33	134	GEN 17:14
ଯାହାସବୁ	20	20	11	19	1SA 9:6
ଯାହାହେଉ	8	8	6	4	2SA 18:22
ଯାୟୀର	4	4	3	6	NUM 32:41
ଯାୟୀରକୁ	1	1	1	1	1CH 2:22
ଯାୟୀରର	6	6	5	7	NUM 32:41
ଯାୟୀରୀୟ	1	1	1	1	2SA 20:26
ଯାୟୀର୍	1	1	1	0	JDG 10:4
ଯାୟେଲ	5	5	1	5	JDG 4:18
ଯାୟେଲର	1	1	1	1	JDG 4:17
ଯା’ଆସ	1	1	1	1	1SA 17:15
ଯା’ନ୍ତାଣ	1	1	1	0	JOB 19:23
ଯା’ନ୍ତି	12	12	9	11	EXO 33:7
ଯା’ନ୍ତେ	6	6	5	2	GEN 27:22
ଯିଆରିମ୍	1	1	1	0	JOS 9:17
ଯିଏ	6	6	4	52	LEV 7:27
ଯିଓୟେଲ୍	1	1	1	0	2CH 29:13
ଯିକନୀୟ	4	4	3	4	1CH 3:16
ଯିକନୀୟର	1	1	1	1	1CH 3:17
ଯିକବ୍ସେଲ	1	1	1	1	NEH 11:25
ଯିକମୀୟ	2	2	1	2	1CH 2:41
ଯିକମୀୟକୁ	1	1	1	1	1CH 2:41
ଯିକୂଥୀୟେଲକୁ	1	1	1	1	1CH 4:18
ଯିକ୍ମୀୟାମ୍	2	2	1	2	1CH 23:19
ଯିଖରୀୟ	3	3	2	10	NEH 12:35
ଯିଖରୀୟଙ୍କ	2	2	1	5	ZEC 7:1
ଯିଖରୀୟଙ୍କୁ	1	1	1	1	MAT 23:35
ଯିଖଲୀୟା	2	2	2	2	2KI 15:2
ଯିଗର-ସାହଦୂଥା	1	1	1	1	GEN 31:47
ଯିଗାଲ	3	3	3	3	NUM 13:7
ଯିଗ୍ଦଲୀୟର	1	1	1	1	JER 35:4
ଯିଜେବଲ	1	1	1	0	REV 2:20
ଯିଟୁର	2	2	2	3	GEN 25:15
ଯିଟୂର	1	1	1	0	1CH 1:30
ଯିତ୍ମା	1	1	1	1	1CH 11:46
ଯିତ୍ରନ୍	3	3	2	3	GEN 36:26
ଯିତ୍ରିୟମ	1	1	1	0	2SA 3:5
ଯିତ୍ରୀୟ	4	4	2	4	2SA 23:38
ଯିତ୍ରୀୟମ	1	1	1	2	1CH 3:3
ଯିତ୍ଲା	1	1	1	1	JOS 19:42
ଯିତ୍ସୋହର	1	1	1	0	1CH 4:7
ଯିଥେତ୍	2	2	2	2	GEN 36:40
ଯିଥ୍ରୋ	10	10	1	10	EXO 3:1
ଯିଦାଲା	1	1	1	1	JOS 19:15
ଯିଦାୟ	1	1	1	1	NEH 3:10
ଯିଦାୟଠାରୁ	1	1	1	0	ZEC 6:10
ଯିଦାୟର	2	2	2	1	1CH 4:37
ଯିଦିଦୀୟ	1	1	1	2	2SA 12:25
ଯିଦୀଦା	1	1	1	1	2KI 22:1
ଯିଦୀୟେଲ	2	2	1	4	1CH 7:6
ଯିଦୀୟେଲର	1	1	1	2	1CH 7:10
ଯିଦୀୟେଲ୍	1	1	1	0	1CH 11:45
ଯିଦୁଦୀ	1	1	1	0	ACT 19:17
ଯିଦୂଥୂନ	1	1	1	0	PSA 39:1
ଯିଦୂଥୂନ-ବଂଶଜାତ	1	1	1	1	NEH 11:17
ଯିଦୂଥୂନର	9	9	3	11	1CH 16:42
ଯିଦୂଥୂନ୍	4	4	2	5	1CH 16:41
ଯିଦୂଥୂନ୍ର	2	2	1	0	1CH 9:16
ଯିଦ୍ଦୋ	1	1	1	0	1CH 27:21
ଯିଦ୍ବଶ	1	1	1	1	1CH 4:3
ଯିଦ୍ଲଫ୍	1	1	1	1	GEN 22:22
ଯିଦୟୀୟ	5	5	2	5	1CH 9:10
ଯିଦୟୀୟ-ବଂଶର	2	2	1	2	NEH 12:19
ଯିଦୟୀୟର	2	2	2	3	EZR 2:36
ଯିନିନ୍	1	1	1	0	JOS 15:23
ଯିପ୍ତହ	19	19	3	20	JOS 15:43
ଯିପ୍ତହ-କନ୍ୟାର	1	1	1	1	JDG 11:40
ଯିପ୍ତହକୁ	1	1	1	1	1SA 12:11
ଯିପ୍ତହଙ୍କ	3	3	1	5	JDG 11:13
ଯିପ୍ତହଙ୍କୁ	7	7	1	7	JDG 11:1
ଯିପ୍ତହେଲ	2	2	1	2	JOS 19:14
ଯିଫଦୀୟ	1	1	1	1	1CH 8:25
ଯିଫୁନ୍ନି	1	1	1	1	1CH 7:38
ଯିଫୁନ୍ନିର	15	15	4	15	NUM 13:6
ଯିବ	222	222	36	223	GEN 15:15
ଯିବନ୍ତ	1	1	1	0	EZK 12:12
ଯିବା	271	271	38	275	GEN 24:56
ଯିବାକୁ	90	90	29	126	GEN 19:20
ଯିବାକ୍ଷଣେ	1	1	1	1	JOS 2:7
ଯିବାଠାରୁ	1	1	1	1	ECC 7:2
ଯିବାମାତ୍ର	1	1	1	0	MAT 21:2
ଯିବାଯାଏ	2	2	2	2	NUM 12:15
ଯିବାର	39	39	22	44	GEN 14:14
ଯିବାରୁ	8	8	7	8	GEN 9:23
ଯିବି	74	74	28	72	GEN 24:58
ଯିବୁ	19	19	10	18	GEN 20:13
ଯିବୁଷୀୟ	2	2	2	0	GEN 10:16
ଯିବୁଷୀୟମାନଙ୍କ	1	1	1	0	JOS 12:8
ଯିବୁଷୀୟମାନଙ୍କର	1	1	1	0	GEN 15:21
ଯିବୂଷ	5	5	3	4	JOS 15:8
ଯିବୂଷକୁ	1	1	1	1	1CH 11:4
ଯିବୂଷର	1	1	1	2	JOS 18:16
ଯିବୂଷୀୟ	19	19	11	22	EXO 13:5
ଯିବୂଷୀୟ-ମାନଙ୍କ	1	1	1	0	JDG 19:11
ଯିବୂଷୀୟ-ମାନଙ୍କର	1	1	1	0	EXO 3:17
ଯିବୂଷୀୟମାନଙ୍କ	3	3	3	5	EXO 23:23
ଯିବୂଷୀୟମାନଙ୍କୁ	4	4	4	4	JOS 15:63
ଯିବୂଷୀୟମାନେ	5	5	4	5	EXO 3:8
ଯିବେ	86	86	24	92	GEN 18:3
ଯିବୋରିଖୀୟର	1	1	1	1	ISA 8:2
ଯିବ୍ନୀୟ	1	1	1	1	1CH 9:8
ଯିବ୍ଲିୟିମ	1	1	1	3	JDG 1:27
ଯିବ୍ଲୀୟମ୍	2	2	2	0	JOS 17:11
ଯିବ୍ସମ୍	1	1	1	1	1CH 7:2
ଯିଭର	3	3	2	0	1CH 3:6
ଯିମୀମା	1	1	1	1	JOB 42:14
ଯିମୁଏଲ	1	1	1	0	GEN 46:10
ଯିମୂୟେଲ	1	1	1	2	EXO 6:15
ଯିମ୍ନ	2	2	1	1	1CH 7:30
ଯିମ୍ନା	1	1	1	2	GEN 46:17
ଯିମ୍ନିଠାରୁ	1	1	1	0	NUM 26:44
ଯିମ୍ନୀୟ	1	1	1	1	NUM 26:44
ଯିମ୍ର	1	1	1	1	1CH 7:36
ଯିମ୍ଳର	2	2	1	0	2CH 18:7
ଯିରହମେଲର	5	5	1	5	1CH 2:25
ଯିରହମେଲୀୟମାନଙ୍କ	2	2	1	2	1SA 27:10
ଯିରହମେଲ୍	2	2	1	0	1CH 2:9
ଯିରହମେଲ୍କୁ	1	1	1	0	JER 36:26
ଯିରି	2	2	2	5	PSA 136:6
ଯିରିମୀୟ	83	83	6	105	1CH 5:24
ଯିରିମୀୟ-ବଂଶର	1	1	1	1	NEH 12:13
ଯିରିମୀୟଙ୍କ	39	39	2	67	2CH 36:22
ଯିରିମୀୟଙ୍କର	5	5	1	0	JER 1:1
ଯିରିମୀୟଙ୍କୁ	19	19	1	23	JER 19:14
ଯିରିମୀୟର	6	6	4	5	2KI 23:31
ଯିରିୟ	1	1	1	0	1CH 24:23
ଯିରୀଖୋରୁ	1	1	1	0	MAT 20:29
ଯିରୀବୟ	1	1	1	1	1CH 11:46
ଯିରୀହୋ	31	31	7	35	NUM 26:63
ଯିରୀହୋ-ନିକଟସ୍ଥ	1	1	1	1	NUM 22:1
ଯିରୀହୋ-ପଦାକୁ	1	1	1	1	JOS 4:13
ଯିରୀହୋ-ପଦାରେ	4	4	3	1	JOS 5:10
ଯିରୀହୋ-ରାଜା	1	1	1	0	JOS 2:3
ଯିରୀହୋ-ରାଜାଙ୍କୁ	1	1	1	1	JOS 2:2
ଯିରୀହୋ-ସମ୍ମୁଖସ୍ଥିତ	1	1	1	1	NUM 33:48
ଯିରୀହୋକୁ	4	4	3	4	2KI 2:4
ଯିରୀହୋଠାରୁ	1	1	1	2	JOS 7:2
ଯିରୀହୋର	9	9	5	11	NUM 26:3
ଯିରୀହୋରୁ	1	1	1	2	MRK 10:46
ଯିରୀହୋରେ	6	6	6	5	JOS 24:11
ଯିରୀହୋସ୍ଥିତ	1	1	1	1	NUM 33:50
ଯିରୀୟ	4	4	2	5	1CH 23:19
ଯିରୀୟର	1	1	1	1	1CH 26:32
ଯିରୀୟେଲ	1	1	1	1	1CH 7:2
ଯିରୀୟୋତର	1	1	1	1	1CH 2:18
ଯିରୁବ୍ବାବିଲ	6	6	2	0	EZR 3:2
ଯିରୁବ୍ବାବିଲକୁ	1	1	1	0	HAG 2:21
ଯିରୁବ୍ବାବିଲଙ୍କ	5	5	2	0	HAG 1:14
ଯିରୁବ୍ବାବିଲଙ୍କୁ	1	1	1	0	HAG 2:2
ଯିରୁବ୍ବାଲ	3	3	1	0	JDG 6:32
ଯିରୁବ୍ବାଲକୁ	1	1	1	2	1SA 12:11
ଯିରୁବ୍ବାଲଙ୍କ	1	1	1	0	JDG 9:57
ଯିରୁବ୍ବାଲ୍	3	3	1	6	JDG 8:29
ଯିରୁବ୍ବାଲ୍ର	6	6	1	6	JDG 9:1
ଯିରୁବ୍ବେଶତର	1	1	1	1	2SA 11:21
ଯିରୁଶା	2	2	2	2	2KI 15:33
ଯିରୁୟେଲ୍	1	1	1	1	2CH 20:16
ଯିରୂଶାଲମ	199	199	31	242	JOS 15:8
ଯିରୂଶାଲମ-ନିବାସିନୀ	1	1	1	0	2CH 26:3
ଯିରୂଶାଲମ-ନିବାସୀମାନଙ୍କୁ	2	2	2	2	2CH 21:11
ଯିରୂଶାଲମକୁ	170	170	26	173	JDG 1:7
ଯିରୂଶାଲମକୁଣଫେରି	1	1	1	0	2SA 10:14
ଯିରୂଶାଲମଠାରୁ	7	7	6	7	EST 2:6
ଯିରୂଶାଲମନିବାସୀ	2	2	2	0	MRK 1:5
ଯିରୂଶାଲମନିବାସୀମାନଙ୍କ	1	1	1	0	JHN 7:25
ଯିରୂଶାଲମବାସୀ	1	1	1	1	PSA 135:21
ଯିରୂଶାଲମବାସୀଙ୍କ	1	1	1	1	LUK 13:4
ଯିରୂଶାଲମର	137	137	26	160	JOS 10:1
ଯିରୂଶାଲମରୁ	38	38	16	41	2SA 15:11
ଯିରୂଶାଲମରେ	207	207	19	227	JOS 15:63
ଯିରୂଶାଲମସ୍ଥ	35	35	13	35	2KI 23:9
ଯିରୂଶାଲମସ୍ଥିତ	9	9	3	9	EZR 2:68
ଯିରେମୋତ୍	13	13	3	7	1CH 7:7
ଯିରେମୋତ୍ର	1	1	1	1	2CH 11:18
ଯିରେମୟ	1	1	1	1	EZR 10:33
ଯିରୋଣ	1	1	1	1	JOS 19:38
ଯିରୋହମର	8	8	3	8	1SA 1:1
ଯିରୋହମ୍	2	2	2	2	1CH 6:27
ଯିରୋହମ୍ର	1	1	1	1	NEH 11:12
ଯିର୍ପେଲ	1	1	1	1	JOS 18:27
ଯିଶା	5	5	4	3	PSA 50:1
ଯିଶାଇୟ	43	43	9	53	2KI 19:2
ଯିଶାଇୟଙ୍କ	5	5	4	12	2KI 19:5
ଯିଶାଇୟଙ୍କର	2	2	2	2	ISA 1:1
ଯିଶାଇୟଙ୍କୁ	4	4	2	6	2KI 20:8
ଯିଶାନା	1	1	1	1	2CH 13:19
ଯିଶାରେଲା	1	1	1	1	1CH 25:14
ଯିଶାୟାହ	6	6	2	4	1CH 3:21
ଯିଶାୟାହର	1	1	1	1	NEH 11:7
ଯିଶି	1	1	1	0	1CH 5:24
ଯିଶୀ	10	10	3	12	RUT 4:22
ଯିଶୀକି	7	7	2	5	1SA 16:3
ଯିଶୀମିୟେଲ	1	1	1	1	1CH 4:36
ଯିଶୀର	24	24	7	27	RUT 4:17
ଯିଶୀୟ	6	6	2	6	1CH 7:3
ଯିଶୀୟର	1	1	1	1	1CH 24:25
ଯିଶୁରୁଣ	3	3	2	4	DEU 32:15
ଯିଶୁରୁଣରେ	1	1	1	1	DEU 33:5
ଯିଶୋହାୟ	1	1	1	1	1CH 4:36
ଯିଶ୍ପନ୍	1	1	1	1	1CH 8:22
ଯିଶ୍ପା	1	1	1	1	1CH 8:16
ଯିଶ୍ବ	1	1	1	0	1CH 7:30
ଯିଶ୍ବକ	1	1	1	2	GEN 25:2
ଯିଶ୍ବକ୍	1	1	1	0	1CH 1:32
ଯିଶ୍ବହକୁ	1	1	1	1	1CH 4:17
ଯିଶ୍ବା	1	1	1	2	GEN 46:17
ଯିଶ୍ବି	3	3	3	3	GEN 46:17
ଯିଶ୍ମା	1	1	1	1	1CH 4:3
ଯିଶ୍ମୟୀୟ	2	2	1	2	1CH 12:4
ଯିଶ୍ହରୀୟମାନଙ୍କ	1	1	1	0	1CH 24:22
ଯିଶୟ	2	2	2	0	MAT 1:6
ଯିଶୟଙ୍କ	2	2	2	0	LUK 3:32
ଯିଶୟଙ୍କୁ	1	1	1	0	MAT 1:5
ଯିଶୟର	3	3	2	0	ISA 11:1
ଯିଶୟି	1	1	1	0	1CH 2:31
ଯିଶୟିର	3	3	1	0	1CH 2:31
ଯିଷୀୟ	1	1	1	1	EZR 10:25
ଯିଷୀୟେଲ୍	1	1	1	1	1CH 12:3
ଯିଷ୍ମଖୀୟ	1	1	1	1	2CH 31:13
ଯିଷ୍ମରୟ	1	1	1	1	1CH 8:18
ଯିଷ୍ରହୀୟ	1	1	1	0	NEH 12:42
ଯିଷ୍ରାହୀୟ	2	2	1	2	1CH 7:3
ଯିଷ୍ରାହୀୟର	1	1	1	1	1CH 7:3
ଯିଷ୍ରି	1	1	1	1	1CH 25:11
ଯିଷ୍ରିୟେଲ	6	6	6	8	JOS 19:18
ଯିଷ୍ରିୟେଲ-ଦୁର୍ଗ	1	1	1	0	2KI 9:17
ଯିଷ୍ରିୟେଲକୁ	10	10	5	10	1SA 29:11
ଯିଷ୍ରିୟେଲର	7	7	4	8	JOS 17:16
ଯିଷ୍ରିୟେଲରୁ	1	1	1	1	2SA 4:4
ଯିଷ୍ରିୟେଲରେ	5	5	3	5	1KI 21:1
ଯିଷ୍ରିୟେଲସ୍ଥ	1	1	1	1	1SA 29:1
ଯିଷ୍ରିୟେଲୀୟ	10	10	2	10	1KI 21:1
ଯିଷ୍ରିୟେଲୀୟା	6	6	3	6	1SA 25:43
ଯିଷ୍ରୀୟେଲ	1	1	1	0	JOS 15:56
ଯିଷ୍ରୀୟେଲର	1	1	1	0	JDG 6:33
ଯିଷ୍ଲୀୟ	1	1	1	1	1CH 8:18
ଯିଷ୍ହର	3	3	3	3	EXO 6:18
ଯିଷ୍ହରର	3	3	3	3	EXO 6:21
ଯିଷ୍ହରିର	1	1	1	1	1CH 6:38
ଯିଷ୍ହରୀୟ	1	1	1	1	NUM 3:27
ଯିଷ୍ହରୀୟମାନଙ୍କ	2	2	1	3	1CH 26:23
ଯିଷ୍ହର୍	2	2	1	2	1CH 6:2
ଯିସ୍କାର	1	1	1	1	GEN 11:29
ଯିସ୍ନାର	1	1	1	0	2CH 31:14
ଯିସ୍ବିଠାରୁ	1	1	1	0	NUM 26:44
ଯିସ୍ବୀୟ	1	1	1	0	NUM 26:44
ଯିସ୍ମ	2	2	1	2	EXO 28:19
ଯିସ୍ହାକ	3	3	1	0	ACT 3:13
ଯିସ୍ହାକଙ୍କୁ	1	1	1	0	ACT 7:8
ଯିହଖଲ	1	1	1	1	JER 38:1
ଯିହଲିଲେର	1	1	1	1	1CH 4:16
ଯିହି	5	5	4	0	ISA 59:11
ଯିହିଜିକଲ	2	2	1	13	EZK 1:3
ଯିହିଶୟ	1	1	1	1	1CH 5:14
ଯିହିଶୟର	1	1	1	1	1CH 5:14
ଯିହିଷ୍କିୟ	1	1	1	1	2CH 28:12
ଯିହିଷ୍କେଲ	1	1	1	1	1CH 24:16
ଯିହୀୟ	1	1	1	1	1CH 15:24
ଯିହୀୟେଲ	10	10	3	10	1CH 15:20
ଯିହୀୟେଲକୁ	1	1	1	1	1CH 15:18
ଯିହୀୟେଲର	4	4	2	3	1CH 7:11
ଯିହୀୟେଲି	1	1	1	1	1CH 26:22
ଯିହୀୟେଲିର	1	1	1	1	1CH 26:22
ଯିହୀୟେଲ୍	1	1	1	0	2CH 29:14
ଯିହୁଖଲକୁ	1	1	1	1	JER 37:3
ଯିହୁଦା	314	314	38	322	GEN 29:35
ଯିହୁଦା-ଅନ୍ତର୍ଗତ	1	1	1	1	JDG 18:12
ଯିହୁଦା-ଗୋଷ୍ଠୀ	2	2	2	1	1KI 12:20
ଯିହୁଦା-ଗୋଷ୍ଠୀର	1	1	1	1	2CH 22:10
ଯିହୁଦା-ଛାଉଣିର	1	1	1	1	NUM 2:9
ଯିହୁଦା-ଦକ୍ଷିଣାଞ୍ଚଳର	1	1	1	1	2CH 28:18
ଯିହୁଦା-ଦେଶରେ	2	2	2	1	1KI 14:21
ଯିହୁଦା-ଧ୍ୱଜାର	1	1	1	1	NUM 2:3
ଯିହୁଦା-ନଗରରେ	1	1	1	1	2CH 25:28
ଯିହୁଦା-ପ୍ରାନ୍ତରରେ	1	1	1	1	PSA 63:1
ଯିହୁଦା-ବଂଶ	18	18	5	7	1CH 27:18
ଯିହୁଦା-ବଂଶକୁ	4	4	3	1	2CH 25:5
ଯିହୁଦା-ବଂଶର	7	7	5	2	2KI 19:30
ଯିହୁଦା-ବଂଶାଧ୍ୟକ୍ଷ	1	1	1	1	2CH 19:11
ଯିହୁଦା-ବଂଶୀୟ	1	1	1	1	JOS 15:20
ଯିହୁଦା-ରାଜଗଣର	2	2	1	0	1KI 14:29
ଯିହୁଦା-ରାଜା	7	7	4	3	1KI 16:10
ଯିହୁଦା-ରାଜାଗଣ	1	1	1	1	2CH 34:11
ଯିହୁଦା-ରାଜାଗଣର	1	1	1	3	2CH 35:27
ଯିହୁଦା-ରାଜାମାନଙ୍କ	7	7	1	0	2KI 8:23
ଯିହୁଦା-ରାଜାମାନଙ୍କର	1	1	1	0	2KI 20:20
ଯିହୁଦା-ଲୋକମାନଙ୍କୁ	1	1	1	0	2SA 19:43
ଯିହୁଦା-ଲୋକମାନେ	2	2	2	2	2SA 20:2
ଯିହୁଦା-ଲୋକେ	1	1	1	1	2SA 19:41
ଯିହୁଦା-ସନ୍ତାନଗଣ	8	8	3	8	JOS 14:6
ଯିହୁଦା-ସନ୍ତାନଗଣର	10	10	3	7	NUM 1:26
ଯିହୁଦା-ସନ୍ତାନମାନଙ୍କ	3	3	3	3	JOS 15:1
ଯିହୁଦା-ସନ୍ତାନମାନଙ୍କୁ	1	1	1	1	2SA 1:18
ଯିହୁଦା-ସନ୍ତାନମାନେ	3	3	2	1	JDG 1:8
ଯିହୁଦାକୁ	27	27	9	33	GEN 38:24
ଯିହୁଦାଙ୍କ	3	3	3	2	MAT 2:6
ଯିହୁଦାଠାରୁ	4	4	2	4	GEN 49:10
ଯିହୁଦାଦେଶସ୍ଥ	1	1	1	1	2CH 21:3
ଯିହୁଦାବଂଶୀୟ	1	1	1	0	EXO 35:30
ଯିହୁଦାର	416	416	31	466	GEN 38:7
ଯିହୁଦାରୁ	9	9	6	9	JDG 17:8
ଯିହୁଦାରେ	7	7	4	10	2CH 2:7
ଯିହୁଦାସନ୍ତାନମାନଙ୍କ	1	1	1	0	JOS 15:21
ଯିହୁଦାସ୍ଥିତ	2	2	2	2	EZR 2:1
ଯିହୁଦି	2	2	1	0	JER 36:21
ଯିହୁଦିକୁ	2	2	1	0	JER 36:14
ଯିହୁଦୀ	62	62	14	43	2CH 32:18
ଯିହୁଦୀ-ମତାବଲମ୍ବୀ	1	1	1	0	ACT 17:17
ଯିହୁଦୀ-ମତାବଲମ୍ବୀଗଣର	1	1	1	1	EST 9:26
ଯିହୁଦୀ-ମାନଙ୍କର	4	4	3	0	MRK 15:2
ଯିହୁଦୀ-ସନ୍ତାନଗଣ	1	1	1	1	DAN 6:13
ଯିହୁଦୀଙ୍କ	2	2	1	4	ACT 18:2
ଯିହୁଦୀଙ୍କି	2	2	2	0	JER 52:30
ଯିହୁଦୀଙ୍କୁ	1	1	1	1	ACT 18:2
ଯିହୁଦୀତ୍	1	1	1	1	GEN 26:34
ଯିହୁଦୀଧର୍ମାବଲମ୍ବୀ	1	1	1	0	ACT 2:10
ଯିହୁଦୀମତାବଲମ୍ବୀ	4	4	1	0	ACT 6:5
ଯିହୁଦୀମାନଙ୍କ	48	48	8	8	JER 32:12
ଯିହୁଦୀମାନଙ୍କଠାରୁ	2	2	2	0	ACT 17:11
ଯିହୁଦୀମାନଙ୍କର	26	26	7	5	EZR 6:7
ଯିହୁଦୀମାନଙ୍କୁ	12	12	3	3	JHN 5:15
ଯିହୁଦୀମାନେ	56	56	4	5	JHN 1:19
ଯିହୁଦୀୟ	35	35	10	35	2KI 18:26
ଯିହୁଦୀୟ-ମାନଙ୍କୁ	1	1	1	0	2KI 16:6
ଯିହୁଦୀୟ-ଲୋକର	1	1	1	1	EST 9:24
ଯିହୁଦୀୟଙ୍କୁ	2	2	1	2	EST 3:6
ଯିହୁଦୀୟମାନଙ୍କ	16	16	3	17	EZR 4:23
ଯିହୁଦୀୟମାନଙ୍କଠାକୁ	1	1	1	0	EST 9:31
ଯିହୁଦୀୟମାନଙ୍କର	7	7	2	8	EZR 6:7
ଯିହୁଦୀୟମାନଙ୍କୁ	6	6	3	7	NEH 2:16
ଯିହୁଦୀୟମାନେ	20	20	4	20	2KI 25:25
ଯିହୁଦୀୟା	2	2	2	1	1CH 4:18
ଯିହୁବ୍ବ	1	1	1	1	1CH 7:34
ଯିହୂଦା	25	25	7	104	MRK 6:3
ଯିହୂଦାକୁ	2	2	1	6	JHN 6:71
ଯିହୂଦାଙ୍କ	1	1	1	6	LUK 3:30
ଯିହୂଦାଠାରେ	1	1	1	0	LUK 22:3
ଯିହୂଦାର	2	2	2	26	JHN 13:2
ଯିହୂଦ୍	1	1	1	1	JOS 19:45
ଯିହୋ	4	4	2	0	JOS 6:1
ଯିହୋନାଥନ୍	2	2	2	2	2CH 17:8
ଯିହୋନାଦବ୍	6	6	2	7	2KI 10:15
ଯିହୋନାଦବ୍କୁ	1	1	1	1	2KI 10:15
ଯିହୋନାଦବ୍ଙ୍କର	1	1	1	0	JER 35:10
ଯିହୋନାଦବ୍ର	2	2	1	3	JER 35:16
ଯିହୋବା	1	1	1	2	ISA 12:2
ଯିହୋବା-ନିଃଷି	1	1	1	0	EXO 17:15
ଯିହୋବା-ଯିରି	1	1	1	1	GEN 22:14
ଯିହୋବା-ଶାଲୋମ୍	1	1	1	0	JDG 6:24
ଯିହୋବାଃ	3	3	2	3	EXO 6:2
ଯିହୋବାଃଙ୍କଠାରେ	1	1	1	1	ISA 26:4
ଯିହୋରାମ	1	1	1	0	1KI 22:50
ଯିହୋରାମର	1	1	1	0	2KI 1:17
ଯିହୋରାମ୍	13	13	2	18	2KI 1:17
ଯିହୋରାମ୍ଙ୍କ	1	1	1	2	2CH 22:5
ଯିହୋରାମ୍ଙ୍କର	5	5	2	5	2KI 8:25
ଯିହୋଲିଲେଲର	1	1	1	0	2CH 29:12
ଯିହୋଶଫଟ	1	1	1	0	1KI 4:3
ଯିହୋଶାଫଟ	8	8	5	1	2SA 20:24
ଯିହୋଶାଫଟଙ୍କ	2	2	1	0	2KI 3:7
ଯିହୋଶାଫଟଙ୍କର	4	4	1	0	2KI 3:1
ଯିହୋଶାଫଟଙ୍କୁ	1	1	1	1	MAT 1:8
ଯିହୋଶାଫଟର	1	1	1	0	JOL 3:12
ଯିହୋଶାଫଟ୍	46	46	5	58	2SA 8:16
ଯିହୋଶାଫଟ୍ଙ୍କ	7	7	2	14	1KI 22:45
ଯିହୋଶାଫଟ୍ଙ୍କର	6	6	3	8	1KI 22:42
ଯିହୋଶାଫଟ୍ଙ୍କୁ	12	12	2	12	1KI 22:4
ଯିହୋଶାଫଟ୍ର	1	1	1	2	2CH 21:12
ଯିହୋଶାବତ୍	2	2	1	2	2CH 22:11
ଯିହୋଶୂୟ	156	156	10	167	EXO 17:10
ଯିହୋଶୂୟକୁ	3	3	2	3	NUM 27:18
ଯିହୋଶୂୟଙ୍କ	18	18	5	30	JOS 2:23
ଯିହୋଶୂୟଙ୍କର	9	9	3	10	DEU 34:9
ଯିହୋଶୂୟଙ୍କୁ	33	33	5	34	EXO 17:9
ଯିହୋଶୂୟର	4	4	3	4	EXO 17:14
ଯିହୋଶେବା	1	1	1	1	2KI 11:2
ଯିହୋଷାଦକଙ୍କ	4	4	2	4	HAG 1:12
ଯିହୋଷାଦକର	2	2	1	2	HAG 1:1
ଯିହୋଷାବଦ୍	4	4	3	4	2KI 12:21
ଯିହୋସାଦକ୍	1	1	1	0	1CH 6:15
ଯିହୋସାଦକ୍କୁ	1	1	1	0	1CH 6:14
ଯିହୋହାନନର	3	3	2	0	2CH 23:1
ଯିହୋହାନନ୍	6	6	4	6	1CH 26:3
ଯିହୋୟଦ୍ଦନ୍	2	2	2	2	2KI 14:2
ଯିହୋୟାକୀମକୁ	1	1	1	0	DAN 1:2
ଯିହୋୟାକୀମଙ୍କର	1	1	1	0	2KI 24:5
ଯିହୋୟାକୀମର	3	3	2	1	JER 1:3
ଯିହୋୟାକୀମ୍	16	16	4	17	2KI 23:34
ଯିହୋୟାକୀମ୍ଙ୍କର	2	2	2	3	2KI 24:19
ଯିହୋୟାକୀମ୍ର	14	14	2	12	1CH 3:16
ଯିହୋୟାକୀମ୍ରୁ	1	1	1	0	JER 26:1
ଯିହୋୟାଖିନ୍	1	1	1	0	2KI 24:9
ଯିହୋୟାଖୀନ୍	6	6	3	10	2KI 24:6
ଯିହୋୟାଖୀନ୍କୁ	4	4	1	4	JER 24:1
ଯିହୋୟାଖୀନ୍ଙ୍କର	1	1	1	1	2KI 25:27
ଯିହୋୟାଖୀନ୍ଙ୍କୁ	2	2	1	2	2KI 24:15
ଯିହୋୟାଖୀନ୍ର	3	3	3	4	2KI 24:17
ଯିହୋୟାଦ	1	1	1	0	2KI 12:7
ଯିହୋୟାଦା	30	30	5	33	2KI 11:4
ଯିହୋୟାଦାକୁ	2	2	2	2	1CH 8:36
ଯିହୋୟାଦାର	23	23	5	23	2SA 8:18
ଯିହୋୟାରୀବ	1	1	1	0	1CH 24:7
ଯିହୋୟାରୀବ୍	1	1	1	2	1CH 9:10
ଯିହୋୟାହସଙ୍କର	3	3	1	0	2CH 25:17
ଯିହୋୟାହସଙ୍କୁ	2	2	1	0	2KI 23:30
ଯିହୋୟାହସ୍	8	8	2	10	2KI 10:35
ଯିହୋୟାହସ୍ଙ୍କ	2	2	1	8	2KI 13:10
ଯିହୋୟାହସ୍ଙ୍କର	5	5	1	3	2KI 13:8
ଯିହୋୟାହସ୍ଙ୍କୁ	2	2	1	4	2CH 36:1
ଯିହୋୟାହାସ୍ଙ୍କଠାରୁ	1	1	1	1	2KI 13:25
ଯିୟାରୀମ	1	1	1	1	JOS 15:10
ଯିୟାରୀମ୍	1	1	1	0	JOS 15:9
ଯିୟୀୟେଲ	1	1	1	0	1CH 5:7
ଯିୟୀୟେଲ୍	1	1	1	11	1CH 11:44
ଯିୟୂଶ	3	3	2	1	GEN 36:5
ଯିୟୂଶ୍	5	5	3	9	GEN 36:14
ଯିୟୂୟେଲ	1	1	1	0	2CH 26:11
ଯିୟୂୟେଲ୍	1	1	1	0	EZR 8:13
ଯିୟେଲ	1	1	1	1	1CH 8:29
ଯିୟୟେଲକୁ	1	1	1	0	1CH 15:18
ଯୀଶୁ	766	766	26	865	MAT 1:1
ଯୀଶୁଉତ୍ତର	1	1	1	0	JHN 18:34
ଯୀଶୁକୁ	3	3	2	2	MAT 27:17
ଯୀଶୁଙ୍କ	151	151	23	295	MAT 2:1
ଯୀଶୁଙ୍କ-ଠାରେ	1	1	1	0	PHP 3:3
ଯୀଶୁଙ୍କଠାରୁ	4	4	4	4	ACT 20:24
ଯୀଶୁଙ୍କଠାରେ	37	37	11	45	JHN 12:11
ଯୀଶୁଙ୍କର	20	20	13	41	MAT 27:57
ଯୀଶୁଙ୍କୁ	87	87	12	141	MAT 10:4
ଯୀଶୁତାହାକୁ	1	1	1	0	MAT 15:28
ଯୀଶୁବିଚ୍ଛେଦବସ୍ତ୍ର	1	1	1	0	HEB 10:19
ଯୀଶୁସେମାନଙ୍କୁ	1	1	1	0	MAT 24:4
ଯୀୟତ୍ରୟ	1	1	1	1	1CH 6:21
ଯୀୟଶ୍	1	1	1	0	1CH 7:10
ଯୀୟସ୍	1	1	1	0	1CH 1:35
ଯୀୟେଲ୍	1	1	1	0	1CH 9:35
ଯୀୟୟେଲ	4	4	2	1	1CH 15:21
ଯୀୟୟେଲର	1	1	1	0	2CH 20:14
ଯୁଆଳି	48	48	12	48	GEN 27:40
ଯୁଆଳିର	4	4	4	4	LEV 26:13
ଯୁଆଳିରେ	1	1	1	1	GAL 5:1
ଯୁଆଳିସବୁ	1	1	1	1	EZK 30:18
ଯୁକ୍ତ	6	6	5	10	EXO 28:7
ଯୁକ୍ତି	8	8	2	7	JOB 9:14
ଯୁକ୍ତିତର୍କ	1	1	1	4	1TI 1:4
ଯୁକ୍ତିତର୍କରୁ	1	1	1	1	1TI 6:20
ଯୁକ୍ତିଯୁକ୍ତ	1	1	1	1	ROM 12:1
ଯୁକ୍ତିରେ	1	1	1	2	PRO 22:21
ଯୁକ୍ତିସବୁ	1	1	1	1	ACT 18:28
ଯୁକ୍ତିହୀନ-ଗୋଷ୍ଠୀ	1	1	1	1	DEU 32:28
ଯୁଗ	1	1	1	5	ACT 15:18
ଯୁଗଯୁଗାନ୍ତଯାଏ	1	1	1	0	ISA 45:17
ଯୁଗର	7	7	4	12	LUK 16:8
ଯୁଗରେ	3	3	3	5	1CO 3:18
ଯୁଗା	10	10	5	0	MAT 13:40
ଯୁଗାନୁକ୍ରମେ	9	9	5	10	GEN 13:15
ଯୁଗାନ୍ତ	1	1	1	10	MAT 13:39
ଯୁଗାନ୍ତର	1	1	1	1	MAT 24:3
ଯୁଗେ	52	52	13	52	MAT 6:13
ଯୁଟା	2	2	1	2	JOS 15:55
ଯୁଦ୍ଧ	393	393	40	413	GEN 14:2
ଯୁଦ୍ଧ-ଅଶ୍ୱ	1	1	1	1	ZEC 10:3
ଯୁଦ୍ଧ-ଧନୁ	1	1	1	2	ZEC 9:10
ଯୁଦ୍ଧ-ପୁସ୍ତକରେ	1	1	1	0	NUM 21:14
ଯୁଦ୍ଧକାରୀ	7	7	6	7	DEU 20:20
ଯୁଦ୍ଧକାର୍ଯ୍ୟ	1	1	1	1	1CH 7:40
ଯୁଦ୍ଧକୁ	42	42	8	43	NUM 1:3
ଯୁଦ୍ଧକ୍ଷେତ୍ରକୁ	1	1	1	1	2SA 18:6
ଯୁଦ୍ଧକ୍ଷେତ୍ରରୁ	2	2	2	2	NUM 31:14
ଯୁଦ୍ଧକ୍ଷେତ୍ରସ୍ଥ	1	1	1	1	1SA 4:2
ଯୁଦ୍ଧଧନୁ	1	1	1	0	ZEC 10:4
ଯୁଦ୍ଧଧ୍ୱନି	1	1	1	1	ISA 16:9
ଯୁଦ୍ଧପୂର୍ଣ୍ଣ	1	1	1	1	PSA 55:21
ଯୁଦ୍ଧପ୍ରିୟ	1	1	1	1	PSA 68:30
ଯୁଦ୍ଧବସ୍ତ୍ର	1	1	1	1	2SA 20:8
ଯୁଦ୍ଧବୀର	1	1	1	1	EXO 15:3
ଯୁଦ୍ଧବୀରମାନେ	1	1	1	1	EZK 27:11
ଯୁଦ୍ଧଭୂମିକି	1	1	1	0	1SA 14:20
ଯୁଦ୍ଧଯାତ୍ରା	2	2	2	1	DEU 23:9
ଯୁଦ୍ଧଯୋଗ୍ୟ	2	2	2	2	1KI 2:5
ଯୁଦ୍ଧର	14	14	10	15	DEU 20:2
ଯୁଦ୍ଧରୁ	10	10	9	11	JOS 11:23
ଯୁଦ୍ଧରେ	32	32	19	35	NUM 31:26
ଯୁଦ୍ଧସକଳ	1	1	1	1	JDG 3:1
ଯୁଦ୍ଧସ୍ଥଳରେ	1	1	1	1	1SA 14:22
ଯୁଦ୍ଧାର୍ଥେ	17	17	9	16	NUM 32:29
ଯୁଦ୍ଧାଶ୍ୱ	2	2	2	3	PRO 30:31
ଯୁଦ୍ଧାସ୍ତ୍ର	7	7	7	7	DEU 1:41
ଯୁଦ୍ଧାସ୍ତ୍ରରେ	3	3	1	3	JDG 18:11
ଯୁଦ୍ଧାସ୍ତ୍ରସକଳ	1	1	1	1	2SA 1:27
ଯୁନସ	3	3	1	0	JON 3:3
ଯୁନସଙ୍କୁ	1	1	1	0	JON 1:17
ଯୁବକ	6	6	6	10	1SA 17:58
ଯୁବକଗଣ	5	5	3	5	PSA 110:3
ଯୁବକଗଣକୁ	2	2	2	2	JER 51:3
ଯୁବକଗଣର	1	1	1	1	ISA 23:4
ଯୁବକଙ୍କ	1	1	1	1	ACT 7:58
ଯୁବକଟି	1	1	1	2	MAT 19:22
ଯୁବକମାନଙ୍କ	1	1	1	2	JOB 1:19
ଯୁବକମାନଙ୍କଠାରେ	1	1	1	1	ISA 9:17
ଯୁବକମାନଙ୍କୁ	3	3	3	4	ISA 13:18
ଯୁବକମାନେ	8	8	5	8	ISA 31:8
ଯୁବତୀ	17	17	11	17	GEN 34:4
ଯୁବତୀକି	2	2	2	1	GEN 34:3
ଯୁବତୀଗଣ	2	2	2	2	GEN 30:13
ଯୁବତୀଗଣକୁ	1	1	1	1	ZEC 9:17
ଯୁବତୀଗଣର	1	1	1	1	ISA 23:4
ଯୁବତୀଙ୍କି	2	2	1	1	1SA 9:11
ଯୁବତୀଟି	1	1	1	1	RUT 2:5
ଯୁବତୀଠାରୁ	1	1	1	1	EST 2:17
ଯୁବତୀଠାରେ	1	1	1	2	PRO 30:19
ଯୁବତୀମାନଙ୍କୁ	2	2	2	2	1TI 5:2
ଯୁବତୀମାନେ	1	1	1	1	PSA 148:12
ଯୁବତୀର	6	6	1	6	JDG 19:3
ଯୁବତୀରେ	1	1	1	0	AMO 2:7
ଯୁବଳ	1	1	1	1	GEN 4:21
ଯୁବା	93	93	32	112	GEN 14:24
ଯୁବା-ସିଂହମାନଙ୍କର	1	1	1	0	PSA 58:6
ଯୁବାକୁ	21	21	7	21	GEN 4:23
ଯୁବାଗଣ	3	3	2	3	JER 11:22
ଯୁବାଗଣକୁ	5	5	4	5	RUT 2:15
ଯୁବାଗଣର	1	1	1	1	JER 15:8
ଯୁବାଙ୍କ	1	1	1	1	DAN 1:15
ଯୁବାଙ୍କୁ	3	3	3	4	1SA 25:5
ଯୁବାପୁରୁଷର	1	1	1	1	RUT 3:10
ଯୁବାବୃଦ୍ଧାଦି	1	1	1	1	GEN 19:4
ଯୁବାମାନଙ୍କ	13	13	8	14	RUT 2:21
ଯୁବାମାନଙ୍କର	6	6	5	6	JDG 14:10
ଯୁବାମାନଙ୍କୁ	14	14	7	14	EXO 24:5
ଯୁବାମାନେ	13	13	7	13	1SA 21:4
ଯୁବାର	5	5	3	5	GEN 44:31
ଯୁବାଲୋକ	6	6	4	2	JDG 9:54
ଯୁବାଲୋକକୁ	1	1	1	1	ZEC 2:4
ଯୁବାସିଂହ	5	5	4	0	PSA 91:13
ଯୁବାସିଂହ-ଗଣକୁ	1	1	1	0	NAM 2:13
ଯୁବାସିଂହମାନଙ୍କର	1	1	1	0	PSA 34:10
ଯୁବାସିଂହମାନେ	1	1	1	0	JOB 38:39
ଯୁବାସିଂହର	1	1	1	0	EZK 41:19
ଯୁଶବ-ହେଷଦ୍	1	1	1	1	1CH 3:20
ଯୁସ୍ତ	1	1	1	0	COL 4:11
ଯୁୟେଲ	1	1	1	1	1CH 9:6
ଯୂନସ	9	9	4	20	2KI 14:25
ଯୂନସଙ୍କ	11	11	3	23	JON 1:1
ଯୂନସଙ୍କୁ	4	4	1	8	JON 1:15
ଯୂନସର	1	1	1	1	MAT 16:17
ଯୂନିୟାଙ୍କୁ	1	1	1	1	ROM 16:7
ଯୂଲିଅ	2	2	1	3	ACT 27:1
ଯୂଲିଆ	1	1	1	0	ROM 16:15
ଯୂସ୍ତ	2	2	1	3	ACT 1:23
ଯେ	2771	2771	65	2826	GEN 1:4
ଯେଉଁ	2411	2411	63	2704	GEN 2:4
ଯେଉଁ-ମାନଙ୍କ	1	1	1	0	AMO 6:1
ଯେଉଁଆଡ଼େ	7	7	5	7	JOS 1:9
ଯେଉଁଜନ	1	1	1	0	MIC 2:7
ଯେଉଁଟି	1	1	1	0	LUK 5:3
ଯେଉଁଠାକୁ	9	9	6	9	RUT 1:16
ଯେଉଁଠାରୁ	1	1	1	1	DEU 9:28
ଯେଉଁଠାରେ	49	49	20	52	GEN 13:14
ଯେଉଁଦିନ	10	10	7	4	EXO 6:28
ଯେଉଁପରି	4	4	3	6	PHP 1:20
ଯେଉଁପ୍ରକାରେ	1	1	1	0	ROM 6:4
ଯେଉଁମାନଙ୍କ	45	45	22	46	GEN 24:37
ଯେଉଁମାନଙ୍କଠାରୁ	4	4	3	4	EZK 23:22
ଯେଉଁମାନଙ୍କଠାରେ	3	3	2	3	DEU 32:20
ଯେଉଁମାନଙ୍କର	39	39	23	42	LEV 11:10
ଯେଉଁମାନଙ୍କୁ	59	59	27	64	GEN 6:2
ଯେଉଁମାନେ	606	606	58	641	GEN 12:3
ଯେଉଁସକଳ	3	3	2	2	JER 21:4
ଯେଉଁସବୁ	34	34	25	15	EXO 23:27
ଯେଉଁସବୁଦୁଃଖ	1	1	1	0	REV 2:10
ଯେକେହି	193	193	38	119	GEN 12:3
ଯେକୌଣସି	94	94	31	100	EXO 22:9
ଯେଡ଼େ	1	1	1	0	PSA 58:5
ଯେଣୁ	240	240	37	242	GEN 13:17
ଯେତିକି	1	1	1	2	PRO 25:16
ଯେତେ	133	133	38	136	GEN 6:17
ଯେତେ-ବେଳେ	5	5	4	0	EZK 37:18
ଯେତେକ	1	1	1	1	1SA 2:14
ଯେତେକାଳ	2	2	2	2	LEV 26:35
ଯେତେଥର	5	5	4	4	1KI 14:28
ଯେତେବେଳେ	357	357	53	381	GEN 6:1
ଯେତ୍ସର	2	2	2	2	1CH 7:13
ଯେତ୍ସରଠାରୁ	1	1	1	1	NUM 26:49
ଯେତ୍ସରୀୟ	1	1	1	1	NUM 26:49
ଯେଥର	4	4	2	5	2SA 17:25
ଯେଥରକୁ	1	1	1	1	JDG 8:20
ଯେଥରର	3	3	2	3	1KI 2:5
ଯେଥର୍	1	1	1	0	1CH 4:17
ଯେପରି	1593	1593	63	1637	GEN 3:22
ଯେପରିକି	2	2	2	3	PRO 2:8
ଯେପର୍ପ୍ୟ	1	1	1	0	2CO 5:6
ଯେପର୍ଯ୍ୟନ୍ତ	49	49	23	53	GEN 8:22
ଯେପ୍ରକାର	20	20	11	18	GEN 30:29
ଯେପ୍ରକାରେ	13	13	7	13	GEN 30:26
ଯେପ୍ରତ୍ୟେକ	3	3	1	0	JER 5:6
ଯେପ୍ରତ୍ୟେକର	1	1	1	0	DAN 12:1
ଯେଫତ୍	6	6	2	6	GEN 6:10
ଯେଫତ୍କୁ	2	2	1	2	GEN 5:32
ଯେଫତ୍ର	3	3	2	3	GEN 10:2
ଯେବେ	1010	1010	49	358	GEN 4:24
ଯେଯରି	1	1	1	0	1TI 5:7
ଯେଯାଏ	5	5	5	1	EXO 24:14
ଯେରଦ	4	4	3	4	GEN 5:16
ଯେରଦକୁ	2	2	2	2	GEN 5:15
ଯେରଦଙ୍କ	1	1	1	1	LUK 3:37
ଯେରଦର	1	1	1	1	GEN 5:20
ଯେରହ	2	2	2	2	GEN 10:26
ଯେରୂପ	50	50	16	45	GEN 26:1
ଯେରୂପେ	6	6	4	5	DEU 2:12
ଯେଶବା	1	1	1	1	1CH 24:13
ଯେଶର	1	1	1	1	1CH 2:18
ଯେଶୂୟ	21	21	4	20	1CH 24:11
ଯେଶୂୟ-ବଂଶଜ	1	1	1	1	EZR 2:36
ଯେଶୂୟର	7	7	2	7	EZR 8:33
ଯେଶୂୟରେ	1	1	1	1	NEH 11:26
ଯେସକଳ	44	44	12	38	LEV 10:11
ଯେସନ	1	1	1	1	EZK 16:44
ଯେସବୁ	47	47	16	26	EXO 15:26
ଯେସମସ୍ତ	80	80	26	21	GEN 32:10
ଯେସମସ୍ତଙ୍କୁ	2	2	1	2	JHN 6:37
ଯେସମୟରେ	1	1	1	0	DEU 9:23
ଯେସମୟାବଧି	2	2	2	0	2SA 7:11
ଯେହଦୀୟ	2	2	1	2	1CH 24:20
ଯେହଦୟର	1	1	1	1	1CH 2:47
ଯେହୂ	45	45	4	53	1KI 16:7
ଯେହୂକୁ	2	2	2	1	1KI 19:16
ଯେହୂଙ୍କ	3	3	3	9	1KI 16:1
ଯେହୂଙ୍କର	8	8	2	7	2KI 9:2
ଯେହୂଙ୍କୁ	5	5	2	8	2KI 9:21
ଯେହୂର	4	4	4	4	1KI 19:17
ଯେହେତୁ	345	345	33	354	GEN 2:3
ଯୋକୀମ୍	1	1	1	1	1CH 4:22
ଯୋକେବଦ	1	1	1	1	NUM 26:59
ଯୋକେବଦକୁ	1	1	1	1	EXO 6:20
ଯୋଗ	28	28	16	26	EXO 26:3
ଯୋଗଦାନ	1	1	1	1	MAT 25:10
ଯୋଗାଇ	4	4	3	4	1KI 5:9
ଯୋଗାଇଥିଲା	1	1	1	1	2SA 19:32
ଯୋଗାଇଦେଲେ	1	1	1	1	ACT 28:10
ଯୋଗାଇବ	1	1	1	1	GEN 49:20
ଯୋଗାଇବା	1	1	1	2	1KI 17:4
ଯୋଗାଇବେ	6	6	4	6	GEN 22:8
ଯୋଗାଇଲେ	5	5	2	5	2SA 20:3
ଯୋଗାଉ	1	1	1	1	ISA 43:20
ଯୋଗାଏ	1	1	1	2	PSA 104:11
ଯୋଗାନ୍ତି	1	1	1	1	2CO 9:10
ଯୋଗୁ	5	5	3	0	GEN 30:3
ଯୋଗୁଁ	5	5	4	12	GEN 16:2
ଯୋଗେ	5	5	2	2	GEN 20:3
ଯୋଗ୍ୟ	86	86	28	105	GEN 32:10
ଯୋଗ୍ୟଆଚରଣ	1	1	1	0	EPH 4:1
ଯୋଗ୍ୟତାନୁସାରେ	1	1	1	1	EZK 7:27
ଯୋଚ	2	2	2	2	1SA 6:7
ଯୋଚା	2	2	2	2	2CO 6:14
ଯୋଚି	1	1	1	1	DEU 22:10
ଯୋଚିଲେ	1	1	1	1	1SA 6:10
ଯୋଡ଼	12	12	5	9	EXO 26:4
ଯୋଡ଼ସ୍ଥାନ	2	2	1	2	EXO 26:10
ଯୋଡ଼ସ୍ଥାନର	4	4	1	4	EXO 26:5
ଯୋଡ଼ସ୍ଥାନରେ	2	2	1	2	EXO 36:11
ଯୋଡ଼ା	9	9	3	11	GEN 7:8
ଯୋଡ଼ାଯାଇ	1	1	1	1	JER 19:11
ଯୋଡ଼ାସ୍ଥାନର	1	1	1	0	EXO 28:27
ଯୋଡ଼ି	4	4	2	4	EXO 26:9
ଯୋଡ଼ିଏ	2	2	2	2	JDG 19:10
ଯୋଡ଼ିବ	2	2	1	2	EXO 26:6
ଯୋଡ଼ିଲେ	2	2	1	2	EXO 36:13
ଯୋତ	1	1	1	1	LEV 26:13
ଯୋତା	3	3	2	1	MAT 10:10
ଯୋଥମ	2	2	2	1	HOS 1:1
ଯୋଥମକୁ	1	1	1	0	JDG 9:7
ଯୋଥମଙ୍କର	1	1	1	0	1CH 5:17
ଯୋଥମଙ୍କୁ	1	1	1	1	MAT 1:9
ଯୋଥମ୍	16	16	6	20	JDG 9:5
ଯୋଥମ୍ଙ୍କର	4	4	2	4	2KI 15:30
ଯୋଥମ୍ର	1	1	1	2	ISA 7:1
ଯୋଥାମର	1	1	1	0	JDG 9:57
ଯୋଦା	1	1	1	1	LUK 3:27
ଯୋଦାଙ୍କ	1	1	1	1	LUK 3:26
ଯୋଦ୍ଧା	32	32	15	33	GEN 32:28
ଯୋଦ୍ଧା-ମାନଙ୍କର	1	1	1	0	HAB 3:14
ଯୋଦ୍ଧାଗଣ	1	1	1	2	JOL 2:7
ଯୋଦ୍ଧାମାନଙ୍କ	5	5	4	6	NUM 31:42
ଯୋଦ୍ଧାମାନଙ୍କଠାରୁ	1	1	1	1	NUM 31:28
ଯୋଦ୍ଧାମାନଙ୍କର	2	2	1	3	NUM 31:27
ଯୋଦ୍ଧାମାନଙ୍କୁ	5	5	5	5	EXO 14:7
ଯୋଦ୍ଧାମାନେ	3	3	2	3	NUM 31:32
ଯୋଦ୍ଧାର	1	1	1	1	ISA 42:13
ଯୋନତ୍-ଏଲମ୍	1	1	1	1	PSA 56:1
ଯୋନାଥନ	84	84	7	91	JDG 18:30
ଯୋନାଥନକୁ	9	9	2	9	1SA 14:12
ଯୋନାଥନଙ୍କ	2	2	1	3	2SA 1:17
ଯୋନାଥନଙ୍କର	1	1	1	1	2SA 4:4
ଯୋନାଥନଠାରେ	1	1	1	1	1SA 14:39
ଯୋନାଥନର	17	17	5	19	1SA 13:22
ଯୋନାଥନ୍	6	6	3	1	1CH 2:32
ଯୋନାଥନ୍ର	1	1	1	0	1CH 2:33
ଯୋନାଦବ୍	5	5	1	6	2SA 13:3
ଯୋନାମ	1	1	1	1	LUK 3:30
ଯୋନାମଙ୍କ	1	1	1	1	LUK 3:30
ଯୋବ	1	1	1	1	GEN 46:13
ଯୋବବକୁ	1	1	1	0	1CH 1:23
ଯୋବବ୍	7	7	3	7	GEN 10:29
ଯୋବବ୍ର	1	1	1	1	GEN 36:34
ଯୋବେଲ	14	14	2	0	LEV 25:10
ଯୋବେଲ-ବର୍ଷ	4	4	1	0	LEV 25:50
ଯୋବେଲ-ବର୍ଷଠାରୁ	1	1	1	0	LEV 27:17
ଯୋବେଲ-ବର୍ଷରେ	2	2	1	0	LEV 25:54
ଯୋରାମ	1	1	1	1	MAT 1:8
ଯୋରାମକୁ	1	1	1	0	2SA 8:10
ଯୋରାମଙ୍କୁ	1	1	1	1	MAT 1:8
ଯୋରାମ୍	16	16	3	18	2SA 8:10
ଯୋରାମ୍ଙ୍କ	4	4	2	7	2KI 8:28
ଯୋରାମ୍ଙ୍କର	5	5	1	2	2KI 8:16
ଯୋରାମ୍ଙ୍କୁ	3	3	2	3	2KI 8:28
ଯୋରାହର	1	1	1	1	EZR 2:18
ଯୋରୀମ	1	1	1	1	LUK 3:29
ଯୋରୀମଙ୍କ	1	1	1	1	LUK 3:29
ଯୋରୟ	1	1	1	1	1CH 5:13
ଯୋଶ	1	1	1	1	1CH 4:34
ଯୋଶବୀୟ	1	1	1	1	1CH 11:46
ଯୋଶାଫଟ୍	2	2	1	2	1CH 11:43
ଯୋଶିବୀୟର	1	1	1	0	1CH 4:35
ଯୋଶୀୟ	23	23	5	31	1KI 13:2
ଯୋଶୀୟଙ୍କ	4	4	2	12	2KI 23:30
ଯୋଶୀୟଙ୍କର	7	7	2	8	2KI 23:28
ଯୋଶୀୟଙ୍କୁ	4	4	3	3	2KI 21:24
ଯୋଶୀୟର	20	20	4	19	1CH 3:15
ଯୋଶେବ୍-ବଶେବତ୍	1	1	1	1	2SA 23:8
ଯୋଷଫର	1	1	1	0	NUM 26:37
ଯୋଷାଖର୍	1	1	1	1	2KI 12:21
ଯୋଷାଦକର	5	5	2	5	EZR 3:2
ଯୋଷାବଦ୍	9	9	4	10	1CH 12:4
ଯୋଷିଫୀୟର	1	1	1	1	EZR 8:10
ଯୋଷୀୟ	1	1	1	1	MAT 1:11
ଯୋଷେଫ	142	142	15	146	GEN 30:24
ଯୋଷେଫ-ବଂଶ	2	2	1	2	JDG 1:22
ଯୋଷେଫ-ବଂଶକୁ	1	1	1	0	ZEC 10:6
ଯୋଷେଫ-ବଂଶର	1	1	1	1	JDG 1:35
ଯୋଷେଫ-ବଂଶରେ	1	1	1	0	AMO 5:6
ଯୋଷେଫ-ସନ୍ତାନଗଣ	2	2	2	2	NUM 34:23
ଯୋଷେଫ-ସନ୍ତାନଗଣର	4	4	2	2	NUM 1:32
ଯୋଷେଫ-ସନ୍ତାନମାନଙ୍କ	2	2	1	2	JOS 16:1
ଯୋଷେଫକୁ	11	11	2	11	GEN 33:2
ଯୋଷେଫଙ୍କ	31	31	6	42	GEN 39:5
ଯୋଷେଫଙ୍କର	27	27	5	27	GEN 39:2
ଯୋଷେଫଙ୍କୁ	33	33	6	35	GEN 39:1
ଯୋଷେଫର	24	24	12	25	GEN 37:31
ଯୋଷେଫ୍	2	2	2	2	EZR 10:42
ଯୋସି	1	1	1	1	MRK 6:3
ଯୋସିଙ୍କ	2	2	1	2	MRK 15:40
ଯୋସେଖ	1	1	1	1	LUK 3:26
ଯୋସେଖଙ୍କ	1	1	1	1	LUK 3:26
ଯୋସେଫ	1	1	1	0	MRK 15:43
ଯୋସେଫଙ୍କୁ	1	1	1	0	MRK 15:45
ଯୋହ	7	7	4	5	1CH 8:16
ଯୋହନ	71	71	7	127	MAT 3:1
ଯୋହନକୁ	1	1	1	0	REV 1:1
ଯୋହନଙ୍କ	37	37	5	66	MAT 3:13
ଯୋହନଙ୍କଠାରୁ	1	1	1	2	LUK 7:28
ଯୋହନଙ୍କଠାରୁମହାନ୍	1	1	1	0	MAT 11:11
ଯୋହନଙ୍କର	5	5	4	6	MAT 9:14
ଯୋହନଙ୍କରବାପ୍ତିସ୍ମ	1	1	1	0	MAT 21:25
ଯୋହନଙ୍କୁ	18	18	5	21	MAT 11:4
ଯୋହନର	3	3	2	3	MAT 14:8
ଯୋହା	1	1	1	2	1CH 11:45
ଯୋହାନନ	1	1	1	0	NEH 12:22
ଯୋହାନନର	1	1	1	0	NEH 12:23
ଯୋହାନନ୍	18	18	4	19	2KI 25:23
ଯୋହାନନ୍କୁ	4	4	2	4	1CH 6:9
ଯୋହାନା	2	2	1	2	LUK 8:3
ଯୋୟଦ୍	1	1	1	0	NEH 11:7
ଯୋୟାକୀମ	1	1	1	0	NEH 12:26
ଯୋୟାକୀମ୍	1	1	1	2	NEH 12:10
ଯୋୟାକୀମ୍ର	2	2	1	2	NEH 12:10
ଯୋୟାଦ	1	1	1	0	NEH 12:22
ଯୋୟାଦ୍	1	1	1	2	NEH 12:10
ଯୋୟାଦ୍ର	1	1	1	1	NEH 12:11
ଯୋୟାବ	96	96	4	99	2SA 2:13
ଯୋୟାବ-ବଂଶରେ	1	1	1	1	2SA 3:29
ଯୋୟାବକୁ	23	23	2	19	2SA 2:14
ଯୋୟାବର	25	25	6	25	1SA 26:6
ଯୋୟାବ୍	3	3	1	0	1CH 11:6
ଯୋୟାରୀବ-ବଂଶର	1	1	1	0	NEH 12:19
ଯୋୟାରୀବର	1	1	1	0	NEH 11:10
ଯୋୟାରୀବ୍	3	3	2	3	EZR 8:16
ଯୋୟାରୀବ୍ର	1	1	1	2	NEH 11:5
ଯୋୟାଶ	3	3	3	0	JDG 6:31
ଯୋୟାଶକୁ	2	2	2	0	JDG 6:30
ଯୋୟାଶଙ୍କର	1	1	1	0	2KI 12:19
ଯୋୟାଶର	9	9	3	0	JDG 6:11
ଯୋୟାଶ୍	29	29	3	36	2KI 11:21
ଯୋୟାଶ୍ଙ୍କ	3	3	2	8	2KI 14:1
ଯୋୟାଶ୍ଙ୍କର	16	16	2	15	2KI 13:1
ଯୋୟାଶ୍ଙ୍କୁ	4	4	2	6	2KI 12:2
ଯୋୟାସର	1	1	1	0	HOS 1:1
ଯୋୟାହ	10	10	4	10	2KI 18:18
ଯୋୟାହର	1	1	1	1	2CH 29:12
ଯୋୟାହସର	1	1	1	1	2CH 34:8
ଯୋୟେଦ୍ର	1	1	1	1	NEH 11:7
ଯୋୟେଲ	11	11	6	23	1SA 8:2
ଯୋୟେଲକୁ	1	1	1	1	1CH 15:11
ଯୋୟେଲଙ୍କ	1	1	1	2	JOL 1:1
ଯୋୟେଲର	5	5	1	5	1CH 5:4
ଯୋୟେଲା	1	1	1	1	1CH 12:7
ଯୋୟେଲ୍	3	3	1	0	1CH 4:35
ଯୋୟେଷର୍	1	1	1	1	1CH 12:6
ଯୌତୁକ	3	3	2	3	GEN 30:20
ଯୌବନ	14	14	8	19	PSA 25:7
ଯୌବନ-କାଳର	1	1	1	1	JOB 13:26
ଯୌବନକାଳର	2	2	1	3	PRO 2:16
ଯୌବନକାଳରୁ	2	2	2	2	MRK 10:20
ଯୌବନକାଳରେ	3	3	3	1	JOB 36:14
ଯୌବନକାଳାବଧି	2	2	2	1	2SA 19:7
ଯୌବନକାଳୀନ	3	3	3	3	ISA 54:6
ଯୌବନଠାରୁ	2	2	1	2	PSA 129:1
ଯୌବନଦିନ	1	1	1	0	JOB 33:25
ଯୌବନର	1	1	1	1	PSA 127:4
ଯୌବନରୁ	1	1	1	1	ISA 47:15
ଯୌବନରେ	1	1	1	1	JOB 20:11
ଯୌବନା-ବସ୍ଥାରେ	1	1	1	0	PSA 144:12
ଯୌବନାକାଳାବଧି	1	1	1	1	1SA 12:2
ଯୌବନାବଧି	1	1	1	1	1SA 17:33
ଯୌବନାବସ୍ଥା	4	4	4	3	JOB 30:2
ଯୌବନାବସ୍ଥାର	2	2	2	2	JER 2:2
ଯୌବନାବସ୍ଥାରେ	5	5	4	6	NUM 30:3
ର	3	3	3	7	LEV 13:3
ରକ୍କତ୍	1	1	1	1	JOS 19:35
ରକ୍କୋନ	1	1	1	1	JOS 19:46
ରକ୍ତ	225	225	32	234	GEN 4:10
ରକ୍ତ-ପିପାସୁ	1	1	1	0	PSA 139:19
ରକ୍ତକୁ	1	1	1	2	PSA 94:21
ରକ୍ତକ୍ଷେତ୍ର	2	2	2	2	MAT 27:8
ରକ୍ତଟୋପା	1	1	1	1	LUK 22:44
ରକ୍ତନିମଜ୍ଜିତ	1	1	1	1	REV 19:13
ରକ୍ତପାତ	64	64	28	65	GEN 9:6
ରକ୍ତପାତ-କାରିଣୀ	1	1	1	1	EZK 16:38
ରକ୍ତପାତ-ଦୋଷ	3	3	1	3	DEU 21:8
ରକ୍ତପାତକାରିଣୀ	1	1	1	1	EZK 23:45
ରକ୍ତପାତକାରୀ	2	2	2	2	PSA 26:9
ରକ୍ତପାତକାରୀ-ହସ୍ତ	1	1	1	1	PRO 6:17
ରକ୍ତପାତଠାରୁ	2	2	2	2	MAT 23:35
ରକ୍ତପାତପ୍ରିୟ	1	1	1	1	PRO 29:10
ରକ୍ତପାତର	19	19	13	19	GEN 9:5
ରକ୍ତପାତରୂପ	1	1	1	1	EZK 7:23
ରକ୍ତପାତରେ	2	2	1	2	MAT 23:30
ରକ୍ତପାତୀ	4	4	2	4	2SA 16:7
ରକ୍ତପାତୀର	1	1	1	1	NUM 35:33
ରକ୍ତପାନରେ	1	1	1	1	REV 17:6
ରକ୍ତପିପାସୁ	3	3	1	2	PSA 5:6
ରକ୍ତପୂର୍ଣ୍ଣା	2	2	1	2	EZK 24:6
ରକ୍ତପ୍ରତିହନ୍ତାର	1	1	1	0	JOS 20:9
ରକ୍ତପ୍ରିୟ	2	2	1	2	EXO 4:25
ରକ୍ତବର୍ଣ୍ଣ	13	13	9	13	GEN 25:25
ରକ୍ତବ୍ୟୟ	1	1	1	1	HEB 12:4
ରକ୍ତଭୋକ୍ତା	1	1	1	0	LEV 17:10
ରକ୍ତମାଂସ	1	1	1	1	1CO 15:50
ରକ୍ତମାଂସର	1	1	1	1	HEB 2:14
ରକ୍ତମିଶ୍ରିତ	1	1	1	1	REV 8:7
ରକ୍ତମୟ	4	4	4	4	PSA 78:44
ରକ୍ତମୟୀ	1	1	1	1	EZK 22:2
ରକ୍ତର	27	27	15	30	GEN 42:22
ରକ୍ତରୁ	18	18	7	18	EXO 29:12
ରକ୍ତରେ	46	46	21	49	GEN 37:31
ରକ୍ତଶ୍ୱେତବର୍ଣ୍ଣ	4	4	1	0	LEV 13:19
ରକ୍ତସେଚନ	1	1	1	0	HEB 11:28
ରକ୍ତସେଚିତ	1	1	1	0	LEV 6:27
ରକ୍ତସ୍ରାବ	7	7	3	7	LEV 12:4
ରକ୍ତସ୍ରାବର	3	3	1	3	LEV 15:25
ରକ୍ତସ୍ରାବରୁ	1	1	1	1	LEV 12:7
ରକ୍ତୀକୃତ	7	7	2	7	EXO 25:5
ରକ୍ଷକ	20	20	9	23	GEN 4:9
ରକ୍ଷକକୁ	1	1	1	1	SNG 8:11
ରକ୍ଷକଦଳ	1	1	1	1	JER 51:12
ରକ୍ଷକମାନଙ୍କ	2	2	2	3	NUM 3:32
ରକ୍ଷକମାନଙ୍କର	1	1	1	1	1CH 26:16
ରକ୍ଷକମାନଙ୍କୁ	1	1	1	1	SNG 8:11
ରକ୍ଷକମାନେ	1	1	1	2	ACT 5:23
ରକ୍ଷଣରେ	4	4	2	3	EXO 34:14
ରକ୍ଷଣୀୟ	51	51	12	44	GEN 26:5
ରକ୍ଷଣୀୟ-ଭାର	1	1	1	0	NUM 4:32
ରକ୍ଷଣୀୟ-ରକ୍ଷକ	2	2	1	2	NUM 31:30
ରକ୍ଷଣେ	1	1	1	1	NAM 1:2
ରକ୍ଷା	404	404	53	418	GEN 2:15
ରକ୍ଷାକର୍ତ୍ତା	2	2	2	5	2SA 22:2
ରକ୍ଷାକାରୀ	2	2	1	2	EZK 40:45
ରକ୍ଷାକାର୍ଯ୍ୟରେ	1	1	1	0	1CH 9:29
ରକ୍ଷାଠାରୁ	1	1	1	0	JOB 5:4
ରକ୍ଷାପ୍ରାପ୍ତ	18	18	7	19	2KI 19:30
ରକ୍ଷାପ୍ରାପ୍ତା	1	1	1	1	JER 48:19
ରକ୍ଷାର	1	1	1	1	1CH 9:27
ରକ୍ଷାର୍ଥକ	1	1	1	1	PSA 32:7
ରକ୍ଷାର୍ଥେ	5	5	5	5	GEN 19:34
ରକ୍ଷିକା	1	1	1	1	SNG 1:6
ରକ୍ଷିତ	19	19	14	16	EXO 10:5
ରଖ	122	122	35	125	GEN 34:9
ରଖନ୍ତ	2	2	1	2	JOB 14:13
ରଖନ୍ତି	31	31	14	33	DEU 33:12
ରଖନ୍ତୁ	3	3	2	3	1KI 18:23
ରଖନ୍ତେ	2	2	2	2	EXO 17:12
ରଖା	7	7	6	5	JOB 6:2
ରଖାଇଲା	1	1	1	1	GEN 30:40
ରଖାଇଲେ	1	1	1	1	1KI 2:19
ରଖାଗଲା	6	6	4	7	GEN 16:14
ରଖାଗଲାନ୍ତ	1	1	1	0	PSA 105:18
ରଖାଗଲେ	1	1	1	1	JDG 3:4
ରଖାଗଲେଣି	1	1	1	1	JHN 11:17
ରଖାଯାଇ	3	3	3	4	JHN 19:41
ରଖାଯାଇଅଛି	6	6	6	7	1SA 9:24
ରଖାଯାଇଥିବା	2	2	2	2	COL 1:3
ରଖାଯାଇଥିଲା	2	2	2	3	1SA 9:24
ରଖାଯାଉଥିଲା	1	1	1	1	JHN 12:6
ରଖାଯିବ	5	5	5	6	EXO 16:33
ରଖାଯିବା	4	4	3	4	EXO 16:34
ରଖାଯିବେ	1	1	1	1	EZK 32:32
ରଖି	90	90	35	108	GEN 9:23
ରଖିଅଛ	22	22	12	22	NUM 31:15
ରଖିଅଛନ୍ତି	23	23	12	23	EXO 6:5
ରଖିଅଛି	22	22	10	24	DEU 26:13
ରଖିଅଛୁ	15	15	8	15	EXO 9:16
ରଖିତହିଁ	1	1	1	0	EXO 40:29
ରଖିଥାଅ	2	2	2	2	1SA 9:23
ରଖିଥାଏ	1	1	1	1	JOB 20:13
ରଖିଥା’ନ୍ତ	1	1	1	0	JDG 8:19
ରଖିଥା’ନ୍ତୁ	1	1	1	1	NUM 22:33
ରଖିଥିବ	1	1	1	1	PSA 85:5
ରଖିଥିବା	3	3	3	4	JOS 2:6
ରଖିଥିବେ	1	1	1	1	1SA 21:4
ରଖିଥିଲା	7	7	5	7	GEN 43:22
ରଖିଥିଲେ	12	12	10	13	GEN 41:10
ରଖିଦିଅ	2	2	2	1	GEN 31:37
ରଖିଦେଇଥିଲି	1	1	1	0	LUK 19:20
ରଖିଦେଉଥିଲେ	2	2	1	2	ACT 3:2
ରଖିଦେଲେ	2	2	2	2	JHN 19:42
ରଖିବ	104	104	15	108	GEN 6:16
ରଖିବା	70	70	27	74	GEN 23:6
ରଖିବାକୁ	17	17	13	19	GEN 23:8
ରଖିବାର	7	7	6	8	GEN 8:9
ରଖିବାରୁ	3	3	3	3	2KI 11:2
ରଖିବାରେ	2	2	1	2	JER 6:11
ରଖିବି	12	12	9	13	JDG 6:37
ରଖିବୁ	1	1	1	1	2SA 17:12
ରଖିବେ	37	37	17	46	GEN 12:12
ରଖିବେନ୍ତଏହା	1	1	1	0	EXO 27:21
ରଖିଯାଇଅଛନ୍ତି	1	1	1	1	ACT 25:14
ରଖିଯିବ	2	2	2	2	EZR 9:12
ରଖିଯିବେ	1	1	1	1	JOL 2:14
ରଖିଲ	5	5	3	5	GEN 21:29
ରଖିଲା	76	76	23	74	GEN 16:13
ରଖିଲି	9	9	6	7	DEU 10:5
ରଖିଲିନ୍ତଏନିମନ୍ତେ	1	1	1	0	DEU 30:19
ରଖିଲୁ	6	6	6	6	DEU 2:34
ରଖିଲେ	196	196	30	203	GEN 2:8
ରଖୁ	9	9	8	9	GEN 38:23
ରଖୁଅଛ	10	10	4	10	EXO 1:18
ରଖୁଅଛନ୍ତି	1	1	1	1	AMO 6:3
ରଖୁଅଛି	4	4	4	5	DEU 11:26
ରଖୁଅଛୁ	5	5	5	5	2SA 24:12
ରଖୁଆଳ	1	1	1	1	1SA 17:20
ରଖୁଥିଲେ	2	2	2	3	NEH 13:5
ରଖେ	37	37	12	43	GEN 43:9
ରଗଡ଼ା	3	3	2	2	PRO 13:15
ରଗଡ଼େ	1	1	1	1	MRK 9:18
ରଗୁ	1	1	1	1	LUK 3:35
ରଗୁଙ୍କ	1	1	1	1	LUK 3:35
ରଙ୍ଗ	7	7	7	8	JDG 8:26
ରଙ୍ଗଭୂମି	1	1	1	1	ACT 19:31
ରଙ୍ଗଭୂମିକୁ	1	1	1	1	ACT 19:29
ରଙ୍ଗଭୂମିରେ	1	1	1	1	1CO 9:24
ରଙ୍ଗର	3	3	3	13	JDG 5:30
ରଙ୍ଗରସ	3	3	3	3	ROM 13:13
ରଙ୍ଗରେ	1	1	1	1	EZK 16:16
ରଙ୍ଗା	2	2	1	2	GEN 25:30
ରଙ୍ଗିୟା	1	1	1	1	PRO 23:31
ରଙ୍ଗୀକୃତ	1	1	1	1	ISA 63:1
ରଚନା	9	9	6	10	EXO 36:1
ରଚିତ	17	17	4	21	EZR 4:7
ରଜ	1	1	1	1	LEV 15:24
ରଜକ	2	2	2	2	ISA 7:3
ରଜକର	3	3	3	2	2KI 18:17
ରଜସ୍ୱଳା	3	3	1	3	LEV 15:19
ରଜ୍ଜୁ	34	34	13	37	NUM 3:26
ରଜ୍ଜୁଧାରୀ	1	1	1	1	ZEC 2:1
ରଜ୍ଜୁରେ	8	8	4	8	JDG 16:11
ରଜ୍ଜୁସବୁ	2	2	2	2	PSA 18:5
ରଜ୍ଜ୍ୱୁ	2	2	1	0	EXO 35:18
ରଟନା	1	1	1	0	PRO 10:18
ରଣକ୍ଷେତ୍ରରେ	1	1	1	1	REV 9:9
ରଣତୂରୀ	6	6	2	6	NUM 10:5
ରଣବାଦ୍ୟ	1	1	1	1	NUM 10:9
ରତ୍ସୀନ	4	4	1	6	ISA 7:1
ରତ୍ସୀନକୁ	1	1	1	2	2KI 15:37
ରତ୍ସୀନର	3	3	3	3	EZR 2:48
ରତ୍ସୀନ୍	2	2	1	0	2KI 16:5
ରତ୍ସୀନ୍କୁ	1	1	1	0	2KI 16:9
ରଥ	90	90	22	97	GEN 46:29
ରଥ-ଅଶ୍ୱସମସ୍ତର	2	2	2	0	2SA 8:4
ରଥ-ନଗରମାନରେ	1	1	1	2	1KI 10:26
ରଥ-ଶଦ୍ଦ	1	1	1	0	2KI 7:6
ରଥଓ	1	1	1	0	EXO 14:7
ରଥଚକ୍ର	1	1	1	1	JDG 5:28
ରଥଚକ୍ରର	1	1	1	1	1KI 7:33
ରଥଚାଳନ	1	1	1	1	2KI 9:20
ରଥନଗରମାନରେ	1	1	1	0	2CH 1:14
ରଥମାନ	1	1	1	1	1KI 20:1
ରଥମାନଙ୍କ	1	1	1	1	2CH 8:6
ରଥମାନଙ୍କରେ	1	1	1	1	ISA 22:7
ରଥର	6	6	5	7	EXO 14:25
ରଥରୁ	4	4	3	4	JDG 4:15
ରଥରେ	26	26	11	26	GEN 41:43
ରଥସକଳ	3	3	3	3	1KI 20:21
ରଥସଜ୍ଜା	1	1	1	1	1SA 8:12
ରଥସବୁ	9	9	6	8	JOS 11:6
ରଥସମୂହର	5	5	4	5	1KI 16:9
ରଥସମୂହରେ	1	1	1	1	HAB 3:8
ରଥାଦି	1	1	1	0	2KI 5:9
ରଥାଧ୍ୟକ୍ଷଙ୍କୁ	1	1	1	1	1KI 22:31
ରଥାଧ୍ୟକ୍ଷମାନଙ୍କୁ	3	3	2	2	2KI 8:21
ରଥାଧ୍ୟକ୍ଷମାନେ	4	4	2	4	1KI 22:32
ରଥାରୂଢ଼	2	2	2	2	2SA 10:18
ରଥାରୋହଣ	1	1	1	1	PSA 45:4
ରଥାରୋହୀ	1	1	1	1	ISA 22:6
ରଥାରୋହୀମାନଙ୍କୁ	1	1	1	1	HAG 2:22
ରଦ୍ଦୟକୁ	1	1	1	1	1CH 2:14
ରନି	3	3	3	0	2CH 20:25
ରନିରେ	1	1	1	0	ISA 61:10
ରନିହାର	1	1	1	0	SNG 7:1
ରନିହାରରେ	1	1	1	0	SNG 1:10
ରନ୍ଦା	1	1	1	1	ISA 44:13
ରନ୍ଧନ	1	1	1	14	GEN 27:14
ରନ୍ଧା	4	4	3	4	GEN 25:34
ରନ୍ଧାହାଣ୍ଡିରୁ	1	1	1	1	JOB 41:20
ରଫାୟ	3	3	2	3	1CH 7:2
ରଫାୟକୁ	1	1	1	1	1CH 4:42
ରଫାୟର	1	1	1	1	1CH 3:21
ରଫାୟିମ	4	4	3	0	JOS 15:8
ରଫାୟୀମ	4	4	3	8	JOS 18:16
ରଫାୟୀୟ	3	3	3	4	GEN 14:5
ରଫାୟୀୟ-ମାନଙ୍କ	1	1	1	0	DEU 2:11
ରଫାୟୀୟମାନଙ୍କ	4	4	2	5	DEU 2:20
ରଫାୟୀୟମାନଙ୍କର	1	1	1	0	GEN 15:20
ରଫାୟୀୟମାନେ	1	1	1	1	DEU 2:20
ରଫାୟେଲ	1	1	1	1	1CH 26:7
ରଫୀଦୀମଠାରୁଯାତ୍ରା	1	1	1	0	EXO 19:2
ରଫୀଦୀମରୁ	1	1	1	1	NUM 33:15
ରଫୀଦୀମରେ	3	3	2	3	EXO 17:1
ରବ	185	185	28	188	GEN 3:8
ରବଣ	1	1	1	0	ISA 66:6
ରବମାଗ୍	2	2	1	2	JER 39:3
ରବର	1	1	1	2	JOB 37:2
ରବରେ	67	67	16	65	EXO 3:18
ରବଶାକିକି	1	1	1	0	ISA 36:11
ରବଶାକିର	1	1	1	0	ISA 37:4
ରବସାରୀସ୍	2	2	1	0	JER 39:3
ରବ୍ବା	5	5	2	8	2SA 11:1
ରବ୍ବାକୁ	5	5	3	5	2SA 12:29
ରବ୍ବାନ୍ତଏଥିର	1	1	1	0	JOS 15:60
ରବ୍ବାର	3	3	3	3	JOS 13:25
ରବ୍ବାରେ	1	1	1	1	DEU 3:11
ରବ୍ଶାକି	8	8	2	8	2KI 18:19
ରବ୍ଶାକିକି	2	2	2	0	2KI 18:17
ରବ୍ଶାକିକୁ	1	1	1	4	2KI 18:26
ରବ୍ଶାକିର	3	3	2	4	2KI 18:37
ରବ୍ସାରୀସ୍	1	1	1	3	2KI 18:17
ରମଣୀୟ	1	1	1	1	DEU 3:25
ରମଲୀୟଙ୍କର	7	7	1	7	2KI 15:25
ରମଲୀୟର	6	6	2	6	2CH 28:6
ରମୀୟ	1	1	1	1	EZR 10:25
ରମ୍ପା	1	1	1	0	ACT 7:43
ରମ୍ୟ	6	6	3	6	DAN 8:9
ରଷୋଣକୁ	1	1	1	1	1KI 11:23
ରସ	11	11	7	10	DEU 32:14
ରସନା	2	2	1	1	JOB 12:11
ରସନେନ୍ଦ୍ରିୟ	1	1	1	1	JOB 6:30
ରସର	1	1	1	1	ROM 11:17
ରସରୁ	1	1	1	1	EXO 22:29
ରସାତଳକୁ	2	2	2	0	LUK 8:31
ରସୁଣ	1	1	1	1	NUM 11:5
ରହ	3	3	3	1	1SA 20:38
ରହନ୍ତା	1	1	1	1	PSA 81:15
ରହନ୍ତି	19	19	12	20	EXO 8:9
ରହନ୍ତୁ	9	9	7	9	2KI 10:19
ରହନ୍ତେ	1	1	1	1	GEN 45:1
ରହବୀୟ	2	2	1	2	1CH 23:17
ରହବୀୟ-ସନ୍ତାନଗଣ	1	1	1	1	1CH 24:21
ରହବୀୟର	2	2	1	2	1CH 23:17
ରହବେ	1	1	1	0	AMO 5:3
ରହମକୁ	1	1	1	1	1CH 2:44
ରହି	72	72	30	78	GEN 11:13
ରହିଅଛ	6	6	6	6	JDG 18:9
ରହିଅଛନ୍ତି	18	18	12	18	EXO 14:3
ରହିଅଛି	47	47	29	51	DEU 10:5
ରହିଅଛୁ	4	4	3	4	PSA 50:21
ରହିଆସିଅଛ	1	1	1	0	LUK 22:28
ରହିଗଲେ	4	4	3	4	1SA 30:9
ରହିଣନାହିଁ	1	1	1	0	1SA 23:19
ରହିତ	13	13	8	11	LEV 15:28
ରହିତେ	1	1	1	1	GAL 4:27
ରହିଥାଅ	8	8	7	8	NUM 9:8
ରହିଥାଆନ୍ତା	1	1	1	0	MAT 11:23
ରହିଥାଆନ୍ତେ	1	1	1	1	1JN 2:19
ରହିଥାଉ	2	2	1	1	1TH 5:6
ରହିଥାଏ	2	2	1	3	JHN 3:36
ରହିଥା’ନ୍ତି	2	2	1	2	PSA 17:11
ରହିଥା’ନ୍ତୁ	1	1	1	1	JOS 7:7
ରହିଥିବ	1	1	1	1	PRO 6:9
ରହିଥିବା	6	6	6	6	DEU 28:54
ରହିଥିଲା	4	4	4	6	JOS 4:3
ରହିଥିଲେ	10	10	7	10	JDG 7:12
ରହିଥିଲେଣ	1	1	1	0	1KI 11:16
ରହିପାରେ	1	1	1	2	NAM 1:6
ରହିବ	280	280	40	281	GEN 3:16
ରହିବା	56	56	27	69	EXO 28:37
ରହିବାକୁ	25	25	16	28	GEN 25:6
ରହିବାଯାଏ	1	1	1	0	JOS 11:8
ରହିବାର	3	3	3	6	ECC 3:7
ରହିବାରୁ	3	3	3	3	NUM 30:14
ରହିବାରେ	1	1	1	1	PHP 4:12
ରହିବି	16	16	13	16	RUT 1:16
ରହିବୁ	6	6	4	6	MAT 11:3
ରହିବେ	76	76	31	81	EXO 8:11
ରହିବେନ୍ତ	1	1	1	0	ISA 11:6
ରହିଲ	3	3	2	3	DEU 1:46
ରହିଲା	128	128	27	130	GEN 7:24
ରହିଲି	15	15	7	15	GEN 31:38
ରହିଲୁ	10	10	5	10	EZR 8:15
ରହିଲେ	162	162	29	163	GEN 14:10
ରହୁ	19	19	13	20	EXO 12:19
ରହୁଅଛ	4	4	4	5	GEN 42:1
ରହୁଅଛନ୍ତି	1	1	1	1	JHN 17:11
ରହୁଅଛି	2	2	2	1	PSA 88:7
ରହୁଅଛୁ	1	1	1	1	2KI 7:9
ରହୁଛନ୍ତି	1	1	1	1	JER 51:30
ରହୁଥିବା	2	2	2	3	JDG 19:26
ରହୁଥିଲା	2	2	2	2	LUK 8:27
ରହୁଥିଲେ	3	3	3	4	LUK 21:37
ରହୂମ	1	1	1	4	NEH 12:3
ରହୂମର	2	2	1	0	EZR 4:17
ରହୂମ୍	5	5	2	4	EZR 2:2
ରହେ	53	53	21	52	GEN 38:21
ରହୋକୀମ୍	1	1	1	1	PSA 56:1
ରହୋବ	4	4	3	4	NUM 13:21
ରହୋବ-ନିବାସୀମାନଙ୍କୁ	1	1	1	0	JDG 1:31
ରହୋବତ୍	2	2	2	0	GEN 36:37
ରହୋବର	3	3	1	3	2SA 8:3
ରହୋବୋତ୍	2	2	1	4	GEN 10:11
ରହୋବ୍	2	2	2	2	JOS 21:31
ରା	5	5	5	4	1KI 22:7
ରାଁ	8	8	2	1	JDG 8:2
ରାଖଲ	1	1	1	1	1SA 30:28
ରାଗ	2	2	2	2	EPH 4:31
ରାଗଶୀଳ	1	1	1	1	PRO 22:24
ରାଗାନ୍ଧ	2	2	2	1	PSA 102:8
ରାଗାନ୍ୱିତ	1	1	1	1	PRO 26:17
ରାଗିଯାଇ	1	1	1	4	LUK 15:28
ରାଗୀ	1	1	1	1	PRO 19:19
ରାଜ	3	3	3	9	2CH 2:3
ରାଜ-କର	1	1	1	1	NEH 5:4
ରାଜ-କର୍ମକାରୀମାନେ	1	1	1	1	EST 9:3
ରାଜ-ପ୍ରାସାଦରେ	1	1	1	0	DAN 4:29
ରାଜ-ସିଂହାସନରେ	2	2	2	0	2CH 23:20
ରାଜକନ୍ୟା	1	1	1	1	2KI 9:34
ରାଜକନ୍ୟା-ମାନଙ୍କୁ	1	1	1	0	JER 43:6
ରାଜକନ୍ୟାଗଣକୁ	1	1	1	2	JER 41:10
ରାଜକନ୍ୟାମାନେ	1	1	1	1	2SA 13:18
ରାଜକନ୍ୟେ	1	1	1	1	SNG 7:1
ରାଜକରରୁ	1	1	1	1	EZR 6:8
ରାଜକର୍ମ	1	1	1	1	DAN 6:4
ରାଜକର୍ମଚାରୀ	2	2	1	3	JHN 4:46
ରାଜକର୍ମରେ	1	1	1	1	DAN 3:12
ରାଜକାର୍ଯ୍ୟ	2	2	2	2	1CH 26:32
ରାଜକାର୍ଯ୍ୟ-ଶାସକମାନେ	1	1	1	1	1CH 29:6
ରାଜକାର୍ଯ୍ୟରେ	1	1	1	1	EST 3:9
ରାଜକିରୀଟ	1	1	1	1	ISA 62:3
ରାଜକୀୟ	20	20	10	26	GEN 49:20
ରାଜକୁମାର	1	1	1	1	2SA 13:32
ରାଜକୁମାରୀ	2	2	2	2	NUM 25:18
ରାଜକୁମାରୀ-ମାନେ	1	1	1	0	PSA 45:9
ରାଜକୁଳ	2	2	1	1	REV 1:6
ରାଜଗଣ	52	52	14	3	GEN 14:5
ରାଜଗଣକୁ	17	17	10	0	GEN 14:17
ରାଜଗଣଙ୍କ	1	1	1	0	ISA 41:2
ରାଜଗଣବିହ୍ୱଳ	1	1	1	0	EXO 15:15
ରାଜଗଣର	20	20	9	1	DEU 32:42
ରାଜଗଣୟ	1	1	1	0	JOS 9:1
ରାଜଗୃହ	17	17	8	17	2SA 11:9
ରାଜଗୃହକୁ	8	8	4	8	2KI 11:16
ରାଜଗୃହର	26	26	7	26	2SA 11:2
ରାଜଗୃହରୁ	5	5	4	6	2SA 11:8
ରାଜଗୃହରେ	12	12	7	12	1KI 16:18
ରାଜଗୃହସ୍ଥ	1	1	1	1	2KI 12:18
ରାଜଗୃହସ୍ଥିତ	1	1	1	1	JER 38:7
ରାଜଗୃହାଧ୍ୟକ୍ଷ	6	6	2	6	2KI 18:18
ରାଜତ୍ୱ	87	87	23	137	GEN 36:31
ରାଜତ୍ୱକାରୀ	3	3	2	3	JOS 13:12
ରାଜତ୍ୱକାଳ	1	1	1	1	1KI 14:20
ରାଜତ୍ୱପ୍ରାପ୍ତ	1	1	1	1	PRO 30:22
ରାଜତ୍ୱର	15	15	8	121	DEU 17:20
ରାଜଦଣ୍ଡ	16	16	9	16	GEN 49:10
ରାଜଦଣ୍ଡଧାରୀକି	2	2	1	0	AMO 1:5
ରାଜଦଣ୍ଡର	1	1	1	1	EST 5:2
ରାଜଦର୍ଶକ	1	1	1	1	2CH 35:15
ରାଜଦାଣ୍ଡ	7	7	6	6	2SA 20:12
ରାଜଦାଣ୍ଡଗୁଡ଼ିକର	1	1	1	1	MAT 22:9
ରାଜଦାଣ୍ଡଗୁଡ଼ିକୁ	1	1	1	1	MAT 22:10
ରାଜଦାଣ୍ଡରୁ	2	2	1	0	2SA 20:12
ରାଜଦାଣ୍ଡରେ	4	4	2	4	PRO 5:16
ରାଜଦାଣ୍ଡସକଳରେ	2	2	2	2	AMO 5:16
ରାଜଦୂତ	2	2	2	2	JOS 9:4
ରାଜଦୂତଗଣ	1	1	1	1	ISA 30:4
ରାଜଦୂତର	1	1	1	1	2CO 5:20
ରାଜଦ୍ରୋହ	8	8	5	8	1KI 16:20
ରାଜଦ୍ରୋହର	1	1	1	1	ISA 59:13
ରାଜଦ୍ରୋହୀ	1	1	1	1	LUK 23:2
ରାଜଦ୍ୱାର	1	1	1	1	EST 4:6
ରାଜଦ୍ୱାରକୁ	1	1	1	1	EST 6:12
ରାଜଦ୍ୱାରବର୍ତ୍ତୀ	1	1	1	1	EST 3:3
ରାଜଦ୍ୱାରର	2	2	2	2	2SA 15:2
ରାଜଦ୍ୱାରରେ	9	9	3	9	1CH 9:18
ରାଜଧାନୀ	3	3	3	10	JOS 10:2
ରାଜଧାନୀର	3	3	1	3	GEN 36:32
ରାଜଧାନୀରେ	12	12	3	14	1SA 27:5
ରାଜନଗର	1	1	1	1	2SA 12:26
ରାଜନପୁଂସକ	3	3	1	3	EST 2:3
ରାଜନପୁଂସକକୁ	1	1	1	1	EST 4:5
ରାଜନପୁଂସକମାନେ	1	1	1	1	EST 6:14
ରାଜନୀତି	1	1	1	2	1SA 10:25
ରାଜନୀତିଜ୍ଞମାନଙ୍କୁ	1	1	1	1	EST 1:13
ରାଜନ୍	18	18	6	11	JDG 3:19
ରାଜପଥ	9	9	3	10	NUM 20:17
ରାଜପଥରେ	3	3	3	3	ISA 42:2
ରାଜପଥସକଳ	2	2	2	2	LEV 26:22
ରାଜପଥସବୁ	1	1	1	1	ISA 33:8
ରାଜପଥସ୍ଥ	1	1	1	1	ISA 7:3
ରାଜପଦ	2	2	1	2	LUK 19:12
ରାଜପଦରେ	3	3	3	3	1SA 15:1
ରାଜପରିବାରଙ୍କ	1	1	1	1	2SA 16:2
ରାଜପରିମାଣାନୁସାରେ	1	1	1	1	2SA 14:26
ରାଜପୁତ୍ର	13	13	6	14	JDG 8:18
ରାଜପୁତ୍ର-ମାନଙ୍କର	1	1	1	0	1CH 28:1
ରାଜପୁତ୍ରଗଣକୁ	1	1	1	1	ZEP 1:8
ରାଜପୁତ୍ରଙ୍କୁ	9	9	5	8	2SA 13:23
ରାଜପୁତ୍ରମାନଙ୍କ	1	1	1	1	2KI 10:8
ରାଜପୁତ୍ରମାନଙ୍କର	1	1	1	2	1CH 27:32
ରାଜପୁତ୍ରମାନେ	4	4	3	4	2SA 13:35
ରାଜପୁତ୍ରର	1	1	1	1	JER 38:6
ରାଜପୁରୀ	1	1	1	1	ISA 32:14
ରାଜପୁରୀକି	1	1	1	0	EST 2:8
ରାଜପୁରୀକୁ	1	1	1	2	ISA 25:2
ରାଜପୁରୀସ୍ଥ	1	1	1	1	EST 1:5
ରାଜପୁଷ୍କରିଣୀ	1	1	1	0	NEH 2:14
ରାଜପ୍ରତାପ	1	1	1	1	1CH 29:25
ରାଜପ୍ରତିନିଧି	1	1	1	1	DAN 3:27
ରାଜପ୍ରତିନିଧିଗଣ	2	2	2	2	EST 3:12
ରାଜପ୍ରତିନିଧିମାନଙ୍କୁ	2	2	2	2	EZR 8:36
ରାଜପ୍ରତିନିଧିମାନେ	1	1	1	1	DAN 3:3
ରାଜପ୍ରସାଦର	1	1	1	1	PHP 1:13
ରାଜପ୍ରାସାଦର	1	1	1	1	DAN 5:5
ରାଜପ୍ରାସାଦରେ	1	1	1	2	DAN 1:4
ରାଜବଂଶ	4	4	4	5	2KI 11:1
ରାଜବଂଶଓ	1	1	1	0	EXO 19:6
ରାଜବଂଶଜ	1	1	1	1	1KI 11:14
ରାଜବଂଶଜାତ	1	1	1	1	2KI 25:25
ରାଜବଂଶରୁ	1	1	1	1	EZK 17:14
ରାଜବଂଶୀୟ	1	1	1	1	JER 41:1
ରାଜବନ୍ଦୀମାନଙ୍କ	1	1	1	1	GEN 39:20
ରାଜବସ୍ତ୍ର	6	6	4	6	1KI 22:10
ରାଜବସ୍ତ୍ରର	1	1	1	1	ISA 6:1
ରାଜବସ୍ତ୍ରରେ	1	1	1	1	ISA 61:10
ରାଜବାକ୍ୟ	2	2	2	0	ECC 8:4
ରାଜବାଟୀରେ	2	2	2	0	MAT 11:8
ରାଜବ୍ୟବସ୍ଥା	1	1	1	0	EZR 7:26
ରାଜଭଣ୍ଡାରକୁ	1	1	1	1	EST 3:9
ରାଜଭଣ୍ଡାରରେ	1	1	1	1	EST 4:7
ରାଜଭୃତ୍ୟ	1	1	1	1	1KI 9:22
ରାଜଭୃତ୍ୟକୁ	1	1	1	1	2KI 22:12
ରାଜଭୋଜ	1	1	1	1	1SA 25:36
ରାଜମନ୍ତ୍ରୀ	2	2	2	2	1CH 27:33
ରାଜମନ୍ତ୍ରୀମାନେ	1	1	1	1	DAN 3:27
ରାଜମାତା	1	1	1	1	JER 29:1
ରାଜମାତାକୁ	1	1	1	1	JER 13:18
ରାଜମାତାଙ୍କ	1	1	1	1	1KI 2:19
ରାଜମିତ୍ର	1	1	1	1	1CH 27:33
ରାଜମିସ୍ତ୍ରୀ	4	4	4	5	2KI 12:12
ରାଜମିସ୍ତ୍ରୀ-ମାନେ	1	1	1	0	1KI 5:18
ରାଜମିସ୍ତ୍ରୀମାନଙ୍କୁ	3	3	3	3	2SA 5:11
ରାଜମୁକୁଟ	2	2	2	2	EST 2:17
ରାଜମୁକୁଟଭୂଷିତ	1	1	1	1	EST 6:8
ରାଜମୁକୁଟରେ	1	1	1	1	EST 1:11
ରାଜମୁଖ	1	1	1	2	JER 52:25
ରାଜମୁଖ-ଦର୍ଶନକାରୀମାନଙ୍କ	1	1	1	0	2KI 25:19
ରାଜମେଜରେ	1	1	1	1	2SA 9:13
ରାଜଯୋଗ୍ୟ	1	1	1	1	1KI 10:13
ରାଜସମ୍ପତ୍ତିରୁ	3	3	2	1	2CH 31:3
ରାଜସିଂହାସନ	4	4	4	4	1KI 9:5
ରାଜସିଂହାସନରୁ	1	1	1	1	DAN 5:20
ରାଜସିଂହାସନରେ	1	1	1	3	2KI 11:19
ରାଜସେନାପତି	2	2	1	2	DAN 2:14
ରାଜସେବା	1	1	1	1	1CH 26:30
ରାଜସ୍ୱ	7	7	3	7	EZR 4:13
ରାଜହତ୍ୟା	1	1	1	0	GEN 49:6
ରାଜହୀନ	1	1	1	0	HOS 3:4
ରାଜା	1525	1525	43	1659	GEN 14:1
ରାଜାକୁ	55	55	17	52	GEN 14:22
ରାଜାକୁଓ	1	1	1	0	HOS 7:3
ରାଜାଗଣ	1	1	1	56	EZK 32:29
ରାଜାଗଣକୁ	2	2	1	16	2KI 7:6
ରାଜାଙ୍କ	180	180	26	277	GEN 14:9
ରାଜାଙ୍କଠାରୁ	2	2	2	2	2SA 18:13
ରାଜାଙ୍କଠାରେ	3	3	2	3	2SA 19:43
ରାଜାଙ୍କର	126	126	15	118	GEN 14:1
ରାଜାଙ୍କୁ	162	162	23	168	EXO 14:5
ରାଜାଜ୍ଞା	10	10	3	12	EST 1:19
ରାଜାଜ୍ଞାକୁ	1	1	1	1	HEB 11:23
ରାଜାଜ୍ଞାଧୀନ	1	1	1	1	1CH 25:6
ରାଜାଜ୍ଞାନୁସାରେ	4	4	2	4	1CH 25:2
ରାଜାଜ୍ଞାପତ୍ର	1	1	1	0	EZR 8:36
ରାଜାଜ୍ଞାପ୍ରାପ୍ତ	1	1	1	1	2CH 34:22
ରାଜାଜ୍ଞାରେ	3	3	3	3	1KI 5:17
ରାଜାଠାରୁ	4	4	4	4	1KI 10:15
ରାଜାଣ	1	1	1	0	MAT 27:11
ରାଜାଧିରାଜ	3	3	3	5	EZR 7:12
ରାଜାବଳୀ	2	2	2	12	GEN 36:15
ରାଜାଭିଷିକ୍ତ	16	16	4	16	2SA 2:4
ରାଜାମାନଙ୍କ	48	48	15	76	JOS 10:24
ରାଜାମାନଙ୍କର	19	19	9	18	1KI 14:19
ରାଜାମାନଙ୍କୁ	14	14	7	14	NUM 31:8
ରାଜାମାନେ	36	36	16	36	GEN 17:6
ରାଜାର	192	192	25	157	GEN 14:17
ରାଜାସକଳକୁ	1	1	1	1	ISA 14:9
ରାଜୋପଯୁକ୍ତ	1	1	1	1	JDG 5:25
ରାଜ୍ଞୀର	1	1	1	0	EZK 16:13
ରାଜ୍ୟ	433	433	36	417	GEN 10:10
ରାଜ୍ୟ-ସମୂହର	1	1	1	1	ISA 47:5
ରାଜ୍ୟ-ସିଂହାସନ	1	1	1	1	2SA 7:13
ରାଜ୍ୟକୁ	8	8	5	11	GEN 20:9
ରାଜ୍ୟକୁଆସିଲେ	1	1	1	0	JHN 1:11
ରାଜ୍ୟଗୁଡ଼ିକ	1	1	1	1	HEB 11:33
ରାଜ୍ୟଠାରୁ	2	2	2	2	DAN 7:23
ରାଜ୍ୟନିମନ୍ତେ	1	1	1	0	2TH 1:5
ରାଜ୍ୟଭାର	1	1	1	1	ACT 1:6
ରାଜ୍ୟର	59	59	22	67	DEU 3:10
ରାଜ୍ୟରୁ	4	4	4	6	1CH 16:20
ରାଜ୍ୟରେ	50	50	19	54	1KI 10:20
ରାଜ୍ୟଶାସନ	1	1	1	0	1CH 29:30
ରାଜ୍ୟସକଳ	1	1	1	1	PSA 102:21
ରାଜ୍ୟସକଳକୁ	1	1	1	1	ISA 23:11
ରାଜ୍ୟସକଳର	2	2	2	2	ISA 10:10
ରାଜ୍ୟସବୁ	1	1	1	1	PSA 46:6
ରାଜ୍ୟସମୂହ	2	2	1	2	PSA 68:32
ରାଜ୍ୟସମୂହକୁ	2	2	2	2	ISA 14:16
ରାଜ୍ୟସମୂହର	6	6	4	6	ISA 13:4
ରାଜ୍ୟସ୍ଥ	3	3	1	3	DAN 1:20
ରାଜ୍ୟସ୍ଥାପନାବଧି	1	1	1	1	EXO 9:24
ରାଜ୍ୟସ୍ଥିତ	2	2	2	2	JOS 13:31
ରାଜ୍ୟାରମ୍ଭ	1	1	1	0	2KI 25:27
ରାଣ	7	7	6	4	GEN 26:28
ରାଣଯୁକ୍ତ	1	1	1	1	NUM 5:22
ରାଣର	1	1	1	1	NUM 5:21
ରାଣୀ	37	37	12	48	GEN 17:15
ରାଣୀକି	8	8	1	0	EST 1:17
ରାଣୀଙ୍କ	1	1	1	7	2KI 10:13
ରାଣୀଙ୍କର	1	1	1	1	ACT 8:27
ରାଣୀପଦ	1	1	1	1	EST 1:19
ରାଣୀପଦରୁ	2	2	2	2	1KI 15:13
ରାଣୀମାନେ	1	1	1	1	ISA 49:23
ରାଣୀର	4	4	2	2	1KI 11:19
ରାତି	2	2	2	7	ISA 62:6
ରାତିଯାକ	1	1	1	1	LUK 5:5
ରାତିରେ	10	10	6	12	GEN 31:39
ରାତ୍ର	14	14	6	14	GEN 19:2
ରାତ୍ରଦିନ	1	1	1	0	DEU 28:66
ରାତ୍ରରେ	5	5	4	2	GEN 19:33
ରାତ୍ରି	110	110	33	110	GEN 1:5
ରାତ୍ରିକାଳ	1	1	1	1	JHN 13:30
ରାତ୍ରିକାଳର	4	4	3	4	JOB 5:14
ରାତ୍ରିକାଳରେ	21	21	12	20	GEN 20:3
ରାତ୍ରିକାଳୀନ	5	5	4	5	JOB 20:8
ରାତ୍ରିକାଳେ	5	5	5	5	2CH 21:9
ରାତ୍ରିକି	3	3	2	0	EXO 14:20
ରାତ୍ରିକ୍ଷେପଣ	3	3	3	2	JDG 20:4
ରାତ୍ରିଘଟିତ	1	1	1	1	DEU 23:10
ରାତ୍ରିଟି	3	3	1	3	JDG 19:6
ରାତ୍ରିଠାରୁ	1	1	1	1	LEV 19:13
ରାତ୍ରିବେଳେ	1	1	1	1	JER 36:30
ରାତ୍ରିଭୋଜ	3	3	1	3	JHN 12:2
ରାତ୍ରିମାନ	1	1	1	1	JOB 7:3
ରାତ୍ରିଯାକ	18	18	10	3	EXO 23:18
ରାତ୍ରିଯାପନ	1	1	1	0	ISA 21:13
ରାତ୍ରିଯୋଗେ	2	2	2	0	2KI 25:4
ରାତ୍ରିର	12	12	9	13	EXO 14:24
ରାତ୍ରିରୁ	1	1	1	1	GEN 1:14
ରାତ୍ରିରେ	73	73	29	73	GEN 1:16
ରାନ୍ଧିଅଛି	1	1	1	1	LAM 4:10
ରାନ୍ଧିଦିଅ	1	1	1	1	2SA 13:7
ରାନ୍ଧିଦେବି	1	1	1	1	GEN 27:9
ରାନ୍ଧିବ	1	1	1	1	2SA 13:5
ରାନ୍ଧିବାକୁ	1	1	1	1	2SA 12:4
ରାନ୍ଧିଲା	2	2	2	2	GEN 18:7
ରାନ୍ଧିଲେ	1	1	1	1	EXO 16:5
ରାନ୍ଧୁଥିଲା	1	1	1	1	GEN 25:29
ରାଫା	1	1	1	1	1CH 8:37
ରାଫାକୁ	1	1	1	1	1CH 8:2
ରାଫୂର	1	1	1	1	NUM 13:9
ରାବ	1	1	1	1	JOB 38:41
ରାବନ୍ତା	1	1	1	1	PSA 147:9
ରାବ୍ବୀ	2	2	1	1	JHN 1:38
ରାବ୍ବୀତ୍	1	1	1	1	JOS 19:20
ରାବ୍ବୂନୀ	1	1	1	1	JHN 20:16
ରାମତ୍	2	2	2	2	JOS 19:8
ରାମତ୍-ମିସ୍ପୀ	1	1	1	0	JOS 13:26
ରାମତ୍-ଲିହୀ	1	1	1	1	JDG 15:17
ରାମା	14	14	7	14	JOS 18:25
ରାମାକୁ	4	4	1	4	1SA 1:19
ରାମାଥୀୟ	1	1	1	1	1CH 27:27
ରାମାଥୟିମ୍-ସୂଫୀମର	1	1	1	0	1SA 1:1
ରାମାର	1	1	1	1	EZR 2:26
ରାମାରେ	11	11	7	11	JDG 19:13
ରାମାସ୍ଥିତ	7	7	1	7	1SA 2:11
ରାମିଷେଷ୍	2	2	2	2	GEN 47:11
ରାମିଷେଷ୍ଠାରୁ	3	3	2	3	EXO 12:37
ରାମୋତ୍	5	5	3	5	DEU 4:43
ରାମୋତ୍-ଗିଲୀୟଦ	1	1	1	3	2KI 9:14
ରାମୋତ୍-ଗିଲୀୟଦକୁ	14	14	3	14	1KI 22:4
ରାମୋତ୍-ଗିଲୀୟଦରେ	3	3	3	3	1KI 4:13
ରାମୋତ୍-ଗିଲୀୟଦ୍	2	2	1	0	1KI 22:3
ରାମ୍	4	4	2	5	1CH 2:9
ରାଶି	20	20	8	20	GEN 31:46
ରାଶିଗଣକୁ	1	1	1	1	JOB 38:32
ରାଶୀ	2	2	2	2	GEN 31:47
ରାଶୀକୃତ	3	3	3	2	EXO 15:8
ରାସ୍ତାରେ	1	1	1	1	PRO 1:20
ରାହବ	2	2	2	4	PSA 87:4
ରାହବକୁ	3	3	3	3	JOB 26:12
ରାହବର	1	1	1	1	JOB 9:13
ରାହାବ	6	6	3	6	JOS 2:1
ରାହାବକୁ	1	1	1	1	JOS 6:23
ରାହାବଙ୍କ	1	1	1	1	MAT 1:5
ରାହେଲ	29	29	4	30	GEN 29:6
ରାହେଲ-କବର	1	1	1	1	1SA 10:2
ରାହେଲ-କବରସ୍ଥ	1	1	1	1	GEN 35:20
ରାହେଲକୁ	7	7	1	7	GEN 29:10
ରାହେଲଠାରୁ	1	1	1	1	GEN 30:25
ରାହେଲର	11	11	1	11	GEN 29:29
ରାୟା	2	2	1	2	1CH 4:2
ରାୟାର	2	2	2	2	EZR 2:47
ରିକ୍ତ	6	6	4	2	EXO 3:21
ରିଣ୍ଣ	1	1	1	1	1CH 4:20
ରିତ୍ମାରୁ	1	1	1	1	NUM 33:19
ରିତ୍ମାରେ	1	1	1	1	NUM 33:18
ରିତ୍ସୀୟ	1	1	1	1	1CH 7:39
ରିବିକା	17	17	2	17	GEN 22:23
ରିବିକାକୁ	7	7	1	8	GEN 24:53
ରିବିକାକୁବିବାହ	1	1	1	0	GEN 25:20
ରିବିକାଙ୍କ	1	1	1	1	GEN 26:35
ରିବିକାର	7	7	1	7	GEN 24:29
ରିବ୍ଲା	1	1	1	1	NUM 34:11
ରିବ୍ଲାକୁ	3	3	2	4	2KI 25:6
ରିବ୍ଲାରେ	5	5	2	6	2KI 23:33
ରିବ୍ଳାକୁ	1	1	1	0	JER 52:26
ରିବ୍ଳାରେ	1	1	1	0	JER 52:27
ରିମ୍ମୋଣ-ମନ୍ଦିରରେ	3	3	1	2	2KI 5:18
ରିମ୍ମୋଣକୁ	1	1	1	0	JOS 19:13
ରିମ୍ମୋଣର	3	3	1	1	2SA 4:2
ରିମ୍ମୋନ	1	1	1	0	ZEC 14:10
ରିମ୍ମୋନ-ପେରସରୁ	1	1	1	0	NUM 33:20
ରିମ୍ମୋନ-ପେରସରେ	1	1	1	0	NUM 33:19
ରିମ୍ମୋନ୍	8	8	3	10	JOS 15:32
ରିସ୍ପା	3	3	1	3	2SA 3:7
ରିସ୍ପାର	1	1	1	1	2SA 21:11
ରିସ୍ସାରୁ	1	1	1	1	NUM 33:22
ରିସ୍ସାରେ	1	1	1	1	NUM 33:21
ରିହବୀୟାମ	15	15	2	38	1KI 11:43
ରିହବୀୟାମକୁ	1	1	1	1	1KI 12:23
ରିହବୀୟାମଙ୍କ	2	2	1	9	1KI 12:3
ରିହବୀୟାମଙ୍କର	3	3	1	4	1KI 12:21
ରିହବୀୟାମଙ୍କୁ	2	2	2	5	1KI 14:21
ରିହବୀୟାମ୍	22	22	2	0	1CH 3:10
ରିହବୀୟାମ୍ଙ୍କ	3	3	1	0	2CH 10:12
ରିହବୀୟାମ୍ଙ୍କର	2	2	1	0	2CH 12:1
ରିହବୀୟାମ୍ଙ୍କୁ	3	3	1	0	2CH 10:3
ରିୟେଲାୟ	1	1	1	1	EZR 2:2
ରୀତି	32	32	15	34	EXO 12:24
ରୀତିଅନୁସାରେ	1	1	1	0	EZK 20:30
ରୀତିନୀତି	14	14	4	14	MAT 15:2
ରୀତିମତେ	2	2	2	1	JDG 6:26
ରୀଫତ୍	1	1	1	1	GEN 10:3
ରୀବୟର	2	2	2	2	2SA 23:29
ରୀୟ	1	1	1	0	1CH 1:25
ରୀୟୂ	2	2	1	3	GEN 11:20
ରୀୟୂକୁ	1	1	1	1	GEN 11:18
ରୀୟୂର	1	1	1	1	GEN 11:19
ରୁଚି	1	1	1	1	GEN 27:14
ରୁଟି	3	3	1	186	JER 37:21
ରୁଟିବାଲାମାନଙ୍କର	1	1	1	1	JER 37:21
ରୁଟୀ	14	14	6	0	ISA 36:17
ରୁଟୀର	1	1	1	0	ISA 28:28
ରୁଣୁଝୁଣୁ	1	1	1	1	ISA 3:16
ରୁଣ୍ଡ	4	4	4	1	EXO 32:1
ରୁଦ୍ଧ	65	65	31	50	GEN 8:2
ରୁଦ୍ଧକରଣାର୍ଥେ	1	1	1	1	JDG 3:23
ରୁଦ୍ଧା	2	2	1	2	NUM 12:14
ରୁବେନ	5	5	4	0	NUM 13:4
ରୁବେନ-ଛାଉଣିର	3	3	1	1	NUM 2:10
ରୁବେନ-ସନ୍ତାନଗଣ	3	3	1	0	NUM 32:25
ରୁବେନ-ସନ୍ତାନଗଣକୁ	1	1	1	0	NUM 32:33
ରୁବେନ-ସନ୍ତାନଗଣର	5	5	1	0	NUM 2:10
ରୁବେନର	11	11	6	0	GEN 46:9
ରୁବେନୀୟ	8	8	3	9	DEU 29:8
ରୁବେନୀୟ-ମାନଙ୍କ	1	1	1	0	1CH 27:16
ରୁବେନୀୟମାନଙ୍କ	1	1	1	2	DEU 4:43
ରୁବେନୀୟମାନଙ୍କର	2	2	1	2	1CH 5:6
ରୁବେନୀୟମାନଙ୍କୁ	1	1	1	2	JOS 1:12
ରୁବେନ୍	29	29	8	33	GEN 29:32
ରୁବେନ୍-ବଂଶଠାରୁ	2	2	1	2	1CH 6:63
ରୁବେନ୍-ବଂଶର	1	1	1	1	NUM 1:21
ରୁବେନ୍-ସନ୍ତାନଗଣ	9	9	1	10	JOS 22:9
ରୁବେନ୍-ସନ୍ତାନଗଣକୁ	1	1	1	2	JOS 22:31
ରୁବେନ୍-ସନ୍ତାନଗଣର	2	2	1	6	JOS 13:23
ରୁବେନ୍-ସନ୍ତାନମାନଙ୍କ	1	1	1	1	JOS 13:23
ରୁବେନ୍-ସନ୍ତାନମାନେ	1	1	1	1	JOS 22:34
ରୁବେନ୍ର	5	5	3	16	EXO 6:14
ରୁମା	1	1	1	1	2KI 23:36
ରୁମାଲ	1	1	1	1	ACT 19:12
ରୁହ	42	42	22	44	GEN 19:17
ରୁହନ୍ତି	8	8	7	9	MAT 22:30
ରୁହନ୍ତୁ	1	1	1	2	TIT 2:9
ରୁହନ୍ତେ	1	1	1	1	ACT 25:14
ରୁହାମା	1	1	1	2	HOS 2:1
ରୁହେ	4	4	4	4	MAT 13:20
ରୁୟେଲ	4	4	3	4	GEN 36:10
ରୁୟେଲକୁ	1	1	1	1	GEN 36:4
ରୁୟେଲର	6	6	3	6	GEN 36:13
ରୂତ	12	12	1	23	RUT 1:4
ରୂତକୁ	4	4	1	4	RUT 2:8
ରୂତଙ୍କ	1	1	1	2	MAT 1:5
ରୂତଠାରୁ	1	1	1	1	RUT 4:5
ରୂପ	34	34	18	44	GEN 11:1
ରୂପକ	2	2	2	3	PRO 1:6
ରୂପବତୀ	6	6	4	6	GEN 6:2
ରୂପବାନ	2	2	2	1	1SA 16:18
ରୂପବିଶିଷ୍ଟ	1	1	1	1	EZK 23:15
ରୂପର	1	1	1	1	JAS 1:11
ରୂପରେ	8	8	6	7	GEN 39:6
ରୂପା	196	196	38	237	GEN 20:16
ରୂପା-ଛୁଞ୍ଚିଆରେ	1	1	1	0	EXO 38:17
ରୂପା-ପାତ୍ରରେ	1	1	1	1	PRO 25:11
ରୂପା-ମୁଦ୍ରା	1	1	1	1	1KI 21:6
ରୂପା-ମୁଦ୍ରାରେ	2	2	1	2	1KI 21:2
ରୂପାକୁ	3	3	3	3	1KI 10:27
ରୂପାଚୁଙ୍ଗୀ	1	1	1	1	EXO 36:30
ରୂପାଥାଳୀ	1	1	1	1	NUM 7:85
ରୂପାନ୍ତଣ	1	1	1	0	1CH 29:4
ରୂପାନ୍ତରିତ	4	4	4	4	JOB 38:14
ରୂପାପାତ୍ର	4	4	4	3	2SA 8:10
ରୂପାର	64	64	19	66	GEN 47:15
ରୂପାରୁ	1	1	1	1	PRO 25:4
ରୂପାରେ	15	15	11	15	GEN 13:2
ରୂପେ	599	599	59	560	GEN 1:20
ରୂଫଙ୍କ	1	1	1	1	MRK 15:21
ରୂଫଙ୍କୁ	1	1	1	1	ROM 16:13
ରୂମା	1	1	1	1	GEN 22:24
ରେ	28	28	6	44	JDG 5:14
ରେକମ	2	2	1	0	JOS 13:21
ରେକମ୍	4	4	2	6	NUM 31:8
ରେକାର	1	1	1	1	1CH 4:12
ରେଖବ	1	1	1	5	JER 35:5
ରେଖବ-ବଂଶର	1	1	1	1	1CH 2:55
ରେଖବର	8	8	3	8	2KI 10:15
ରେଖବୀୟ	3	3	1	3	JER 35:2
ରେଖବ୍	3	3	1	0	2SA 4:2
ରେଖବ୍କୁ	1	1	1	0	2SA 4:9
ରେଖା	1	1	1	1	JOB 13:27
ରେଖାଙ୍କିତ	7	7	1	7	GEN 30:35
ରେଗମ୍	1	1	1	1	1CH 2:47
ରେଗମ୍ମେଲକ	1	1	1	1	ZEC 7:2
ରେଗୀୟରେ	1	1	1	0	ACT 28:13
ରେଜାଇ	2	2	1	2	1SA 19:13
ରେଣୁ	1	1	1	1	JOB 28:6
ରେତଃପାତ	1	1	1	1	GEN 38:9
ରେତଃବିଶିଷ୍ଟ	1	1	1	1	EZK 23:20
ରେତମ	1	1	1	1	PSA 120:4
ରେତମବୃକ୍ଷର	1	1	1	1	JOB 30:4
ରେତ୍ସଫ	2	2	2	2	2KI 19:12
ରେଫହ	1	1	1	1	1CH 7:25
ରେବା	2	2	2	2	NUM 31:8
ରେମତ୍	1	1	1	1	JOS 19:21
ରେଶଫ୍	1	1	1	1	1CH 7:25
ରେଶ୍	1	1	1	1	PSA 119:152
ରେଷନ୍	2	2	1	2	GEN 10:12
ରେଷା	1	1	1	1	LUK 3:27
ରେଷାଙ୍କ	1	1	1	1	LUK 3:27
ରେୟି	1	1	1	1	1KI 1:8
ରୋଗ	28	28	12	26	EXO 15:26
ରୋଗଗ୍ରସ୍ତ	2	2	2	2	DEU 29:22
ରୋଗଗ୍ରସ୍ତା	2	2	2	5	MAT 9:20
ରୋଗର	15	15	4	4	LEV 13:2
ରୋଗରୁ	5	5	2	6	MRK 5:29
ରୋଗରେ	11	11	8	11	LEV 13:12
ରୋଗଲୀମ	1	1	1	1	2SA 17:27
ରୋଗଲୀମରୁ	1	1	1	1	2SA 19:31
ରୋଗସବୁ	1	1	1	1	PSA 103:3
ରୋଗା	1	1	1	1	1SA 15:9
ରୋଗୀ	9	9	6	8	LEV 21:20
ରୋଗୀକି	6	6	3	3	LEV 13:13
ରୋଗୀକୁ	1	1	1	7	JAS 5:15
ରୋଗୀଙ୍କି	1	1	1	0	MRK 1:34
ରୋଗୀଙ୍କୁ	1	1	1	2	MAT 14:35
ରୋଗୀଟି	2	2	2	2	MRK 2:4
ରୋଗୀମାନଙ୍କ	3	3	2	3	JHN 6:2
ରୋଗୀମାନଙ୍କୁ	4	4	4	4	MAT 14:14
ରୋଗୀର	2	2	1	6	LEV 14:2
ରୋଟୀ	153	153	26	0	GEN 14:18
ରୋଟୀଖଣ୍ଡ	1	1	1	0	RUT 2:14
ରୋଟୀଖଣ୍ଡକ	4	4	1	0	JHN 13:26
ରୋଟୀଗୁଡ଼ିକ	2	2	2	0	MAT 14:19
ରୋଟୀର	28	28	13	0	EXO 12:17
ରୋଟୀରୁ	5	5	4	0	EXO 29:34
ରୋଟୀରେ	4	4	4	0	DEU 8:3
ରୋତମବୃକ୍ଷ	2	2	1	0	1KI 19:4
ରୋଦନ	137	137	33	138	GEN 21:16
ରୋଦନକାରୀ	1	1	1	1	JDG 2:5
ରୋଦନର	4	4	4	4	DEU 34:8
ରୋଦନରେ	2	2	2	2	JOB 16:16
ରୋଦା	1	1	1	2	ACT 12:13
ରୋଦାକୁ	1	1	1	0	ACT 21:1
ରୋଦାନିମ୍	1	1	1	1	1CH 1:7
ରୋଧ	5	5	4	3	GEN 20:18
ରୋପଣ	43	43	17	43	GEN 21:33
ରୋପଣକର୍ତ୍ତା	1	1	1	1	JER 11:17
ରୋପଣକାରୀମାନେ	1	1	1	1	JER 31:5
ରୋପଣର	2	2	2	2	JER 18:9
ରୋପି	1	1	1	1	DEU 28:39
ରୋପିତ	17	17	10	17	NUM 24:6
ରୋପିବାର	1	1	1	1	ECC 3:2
ରୋମକୁ	1	1	1	4	ACT 19:21
ରୋମବାସୀ	1	1	1	1	ROM 1:15
ରୋମରୁ	2	2	1	3	ACT 2:10
ରୋମରେ	5	5	3	11	ACT 23:11
ରୋମାଞ୍ଚଜନକ	2	2	1	2	JER 18:13
ରୋମାଞ୍ଚିତ	1	1	1	1	JOB 4:15
ରୋମାମ୍ତି-ଏଷର୍	2	2	1	2	1CH 25:4
ରୋମୀୟ	10	10	1	23	ACT 16:12
ରୋମୀୟମାନଙ୍କ	1	1	1	1	ACT 28:17
ରୋମୀୟମାନଙ୍କର	1	1	1	0	ACT 25:16
ରୋମୀୟମାନେ	1	1	1	0	JHN 11:48
ରୋଶ	1	1	1	1	GEN 46:21
ରୋଷ	2	2	2	2	1SA 1:6
ରୋଷରେ	1	1	1	1	JER 21:5
ରୋହଗ	1	1	1	1	1CH 7:34
ରୌପ୍ୟ	29	29	14	35	GEN 33:19
ରୌପ୍ୟ-ଅଳଙ୍କାର	2	2	1	2	EXO 11:2
ରୌପ୍ୟ-ମଣ୍ଡିତ	1	1	1	3	PSA 68:13
ରୌପ୍ୟ-ମୁଦ୍ରାରେ	1	1	1	0	2KI 6:25
ରୌପ୍ୟଖଣ୍ଡସବୁ	1	1	1	1	PSA 68:30
ରୌପ୍ୟପ୍ରତିମା	1	1	1	1	ISA 31:7
ରୌପ୍ୟମଣ୍ଡିତ	2	2	1	0	EXO 38:17
ରୌପ୍ୟମୁଦ୍ରା	6	6	4	8	GEN 45:22
ରୌପ୍ୟମୁଦ୍ରା-ଗୁଡ଼ାକ	1	1	1	0	MAT 27:6
ରୌପ୍ୟମୁଦ୍ରାଗୁଡ଼ାକ	1	1	1	2	MAT 27:5
ରୌପ୍ୟମୁଦ୍ରାରେ	2	2	2	0	JOS 24:32
ରୌପ୍ୟମୟ	17	17	7	17	EXO 20:23
ର୍ମୁଁହରେ	1	1	1	0	ZEC 5:8
ରୟମା	3	3	3	3	GEN 10:7
ରୟମାର	3	3	3	3	GEN 10:7
ଲକ୍କୁମ	1	1	1	1	JOS 19:33
ଲକ୍ଷ	59	59	13	64	EXO 12:37
ଲକ୍ଷଣ	34	34	14	36	DEU 22:14
ଲକ୍ଷଣର	1	1	1	1	MAT 16:3
ଲକ୍ଷଣସବୁ	4	4	3	4	ISA 44:25
ଲକ୍ଷ୍ୟ	34	34	17	34	JDG 9:29
ଲକ୍ଷ୍ୟକରି	1	1	1	0	HEB 12:1
ଲକ୍ଷ୍ୟଭ୍ରଷ୍ଟ	1	1	1	1	HEB 2:1
ଲଗା	13	13	6	10	GEN 43:9
ଲଗାଅ	9	9	8	7	EXO 12:22
ଲଗାଇ	20	20	13	20	EXO 40:20
ଲଗାଇଦେଇ	1	1	1	0	JHN 9:6
ଲଗାଇଦେଲେ	5	5	3	4	MAT 27:37
ଲଗାଇବ	13	13	6	15	EXO 28:14
ଲଗାଇବା	9	9	5	10	EXO 22:6
ଲଗାଇବାକୁ	3	3	3	3	DEU 16:9
ଲଗାଇବେ	7	7	4	7	EXO 12:7
ଲଗାଇଲ	1	1	1	1	LUK 7:46
ଲଗାଇଲା	5	5	4	5	1KI 2:5
ଲଗାଇଲୁ	1	1	1	1	ACT 20:15
ଲଗାଇଲେ	10	10	6	12	EXO 39:16
ଲଗାଉଅଛ	1	1	1	1	ISA 5:8
ଲଗାଏ	1	1	1	1	MRK 4:29
ଲଗାନ୍ତି	1	1	1	1	ISA 46:6
ଲଗାନ୍ତେ	1	1	1	1	REV 14:16
ଲଗାମ	8	8	7	9	2KI 19:28
ଲଗାଯାଇଥିବା	1	1	1	1	MAT 20:10
ଲଗାଯାଇଥିଲା	1	1	1	1	LUK 13:6
ଲଗାଯାଇଥିଲେ	1	1	1	1	MAT 20:9
ଲଗାଲଗି	1	1	1	1	EZK 42:3
ଲଘଂନ	9	9	3	4	JOS 22:16
ଲଘଂନକାରିଣୀ	1	1	1	1	EZK 16:38
ଲଘୁ	11	11	10	9	NUM 21:5
ଲଘୁଜ୍ଞାନ	2	2	2	1	1SA 2:30
ଲଙ୍ଗର	4	4	2	4	ACT 27:13
ଲଙ୍ଗରସବୁ	1	1	1	1	ACT 27:40
ଲଙ୍ଗଳ-ଶିଆରସବୁ	1	1	1	1	JOB 31:38
ଲଙ୍ଗଳର	2	2	2	3	JOL 3:10
ଲଙ୍ଗଳରେ	1	1	1	1	LUK 9:62
ଲଙ୍ଗଳଶିଆରରେ	1	1	1	1	JOB 39:10
ଲଙ୍ଘନ	69	69	32	39	GEN 17:14
ଲଙ୍ଘନକାରୀ	1	1	1	1	JAS 2:11
ଲଙ୍ଘନକାରୀମାନଙ୍କର	1	1	1	0	DAN 8:23
ଲଙ୍ଘନକାରୀମାନେ	1	1	1	0	HOS 14:9
ଲଙ୍ଘନର	1	1	1	1	EZK 39:27
ଲଙ୍ଘନରୁ	1	1	1	1	ISA 58:13
ଲଙ୍ଘନରେ	1	1	1	0	EZK 18:24
ଲଜ୍ଜା	50	50	21	51	RUT 2:15
ଲଜ୍ଜାକର	4	4	3	3	DEU 23:14
ଲଜ୍ଜାକୁ	1	1	1	1	PHP 3:19
ଲଜ୍ଜାଜନକ	8	8	7	8	PRO 10:5
ଲଜ୍ଜାଦାୟିନୀ	1	1	1	1	PRO 12:4
ଲଜ୍ଜାଦାୟୀ	1	1	1	1	PRO 17:2
ଲଜ୍ଜାପରିହିତ	1	1	1	0	JOB 8:22
ଲଜ୍ଜାପ୍ରାପ୍ତ	1	1	1	1	HOS 10:6
ଲଜ୍ଜାବୋଧ	3	3	3	6	GEN 2:25
ଲଜ୍ଜାର	6	6	4	7	LEV 20:17
ଲଜ୍ଜାରୂପ	1	1	1	1	PSA 132:18
ଲଜ୍ଜାରେ	8	8	4	8	PSA 83:16
ଲଜ୍ଜାସ୍ପଦ	3	3	2	3	GEN 38:23
ଲଜ୍ଜାସ୍ପଦର	1	1	1	1	HOS 9:10
ଲଜ୍ଜାହୀନ	1	1	1	1	ZEP 2:1
ଲଜ୍ଜିତ	129	129	27	140	JDG 3:25
ଲଜ୍ଜିତମୁଖ	1	1	1	1	2CH 32:21
ଲଜ୍ଜିତା	13	13	3	8	NUM 12:14
ଲଟୂଶୀୟ	1	1	1	1	GEN 25:3
ଲଟ୍ପଟ୍	1	1	1	1	2SA 20:12
ଲଣ୍ଡଭଣ୍ଡ	1	1	1	1	JOB 28:5
ଲଣ୍ଡା	2	2	1	2	LEV 13:33
ଲତା	5	5	3	7	2KI 4:39
ଲତାକୁ	2	2	1	3	JON 4:6
ଲତାର	2	2	1	2	SNG 5:13
ଲତାରେ	1	1	1	1	GEN 22:13
ଲଦୁଥାଅ	1	1	1	1	LUK 11:46
ଲପ୍ପିଦୋତର	1	1	1	1	JDG 4:4
ଲବଣ	33	33	16	38	GEN 14:3
ଲବଣ-ଉପତ୍ୟକାକୁ	1	1	1	0	2CH 25:11
ଲବଣ-ଉପତ୍ୟକାରେ	2	2	2	0	1CH 18:12
ଲବଣ-ପ୍ରାନ୍ତର	1	1	1	1	PSA 107:34
ଲବଣତ୍ୱଯୁକ୍ତ	1	1	1	0	MAT 5:13
ଲବଣତ୍ୱହୀନ	1	1	1	1	MRK 9:50
ଲବଣଭୂମିକି	1	1	1	0	JOB 39:6
ଲବଣର	2	2	2	3	NUM 18:19
ଲବଣରହିତ	1	1	1	1	LEV 2:13
ଲବଣରେ	2	2	2	2	EZK 16:4
ଲବଣାକ୍ତ	4	4	4	5	EXO 30:35
ଲବଣୀ	2	2	2	2	PSA 55:21
ଲବାନାର	2	2	2	2	EZR 2:45
ଲବାୟୋତ୍	1	1	1	1	JOS 15:32
ଲବୋନାର	1	1	1	1	JDG 21:19
ଲବ୍ଧ	3	3	3	1	GEN 12:5
ଲଭ୍ୟ	5	5	1	5	NUM 31:28
ଲମୂୟେଲ	2	2	1	4	PRO 31:1
ଲମ୍ପଟତା	2	2	2	2	EZK 24:13
ଲମ୍ପଟତାପୂର୍ବକ	1	1	1	1	EZK 22:11
ଲମ୍ପଟପଣ	1	1	1	1	EZK 23:48
ଲମ୍ପଟା	1	1	1	1	EZK 23:44
ଲମ୍ପଟା-ଚରଣ	1	1	1	0	EZK 22:9
ଲମ୍ପଟାଚରଣ	5	5	1	6	EZK 23:21
ଲମ୍ପଟାଚରଣର	1	1	1	1	EZK 23:49
ଲମ୍ବ	5	5	4	5	1SA 28:20
ଲମ୍ବକାରୀ-ମାନଙ୍କର	1	1	1	0	AMO 6:7
ଲମ୍ବମାନ	2	2	1	2	2KI 4:34
ଲମ୍ବାଇ	3	3	2	3	PSA 22:7
ଲମ୍ବାଇବା	1	1	1	1	ISA 28:20
ଲମ୍ବାଇଲେ	1	1	1	1	1KI 17:21
ଲମ୍ବାଉଅଛନ୍ତି	1	1	1	1	AMO 6:4
ଲଶୁନୀୟମଣିର	1	1	1	0	REV 21:20
ଲହଡ଼ି	1	1	1	1	JHN 6:18
ଲହଡ଼ିରେ	1	1	1	0	MAT 14:24
ଲହଦକୁ	1	1	1	1	1CH 4:2
ଲହମମ	1	1	1	1	JOS 15:40
ଲହମିକି	1	1	1	0	1CH 20:5
ଲହରୀ	1	1	1	2	2SA 22:5
ଲହରୀମାଳାରେ	1	1	1	1	JER 51:42
ଲହାବୀୟ	2	2	2	2	GEN 10:13
ଲାଅଦିକିଆ	2	2	1	2	COL 4:13
ଲାଅଦିକିଆର	1	1	1	1	COL 2:1
ଲାଅଦିକିଆରୁ	1	1	1	1	COL 4:16
ଲାଅଦିକିଆରେ	1	1	1	1	COL 4:15
ଲାଅଦିକୀଆ	2	2	1	3	REV 1:11
ଲାଖି	1	1	1	1	JDG 3:22
ଲାଖିଯାଇ	1	1	1	1	ACT 27:41
ଲାଖୀଶ	1	1	1	0	JER 34:7
ଲାଖୀଶର	1	1	1	0	JOS 10:5
ଲାଖୀଶ୍	7	7	4	8	JOS 10:32
ଲାଖୀଶ୍କୁ	7	7	3	7	JOS 10:31
ଲାଖୀଶ୍ଠାରୁ	4	4	2	4	2KI 18:17
ଲାଖୀଶ୍ର	4	4	1	5	JOS 10:3
ଲାଖୀଶ୍ରୁ	1	1	1	1	JOS 10:34
ଲାଗନ୍ତେ	2	2	2	2	1SA 4:2
ଲାଗି	76	76	28	74	GEN 8:4
ଲାଗିଅଛନ୍ତି	1	1	1	1	JER 6:29
ଲାଗିଅଛି	8	8	3	7	MAT 3:10
ଲାଗିଗଲା	1	1	1	1	ACT 27:41
ଲାଗିଛି	4	4	2	4	MRK 3:22
ଲାଗିଥାଏ	2	2	2	2	JOB 31:7
ଲାଗିଥିବ	1	1	1	1	PSA 62:3
ଲାଗିଥିବା	7	7	5	7	LEV 14:17
ଲାଗିଥିବେ	1	1	1	0	DEU 28:22
ଲାଗିଥିଲା	4	4	2	4	MRK 5:15
ଲାଗିବ	18	18	15	18	EXO 29:35
ଲାଗିବା	2	2	2	2	NEH 13:19
ଲାଗିବାକୁ	1	1	1	1	1TH 4:11
ଲାଗିବେ	4	4	2	4	MRK 13:25
ଲାଗିଯାଏ	1	1	1	1	JAS 3:5
ଲାଗିଯିବେ	1	1	1	1	ACT 27:17
ଲାଗିରହିବା	1	1	1	1	ACT 6:4
ଲାଗିରହିବାରୁ	1	1	1	1	ACT 27:20
ଲାଗିରହିଲା	1	1	1	1	ACT 28:3
ଲାଗିଲା	101	101	20	98	GEN 6:1
ଲାଗିଲାଣି	1	1	1	1	JAS 5:3
ଲାଗିଲି	2	2	1	2	ACT 11:6
ଲାଗିଲୁ	1	1	1	1	ACT 16:13
ଲାଗିଲେ	339	339	19	342	GEN 4:26
ଲାଗିଲେଣି	1	1	1	1	HOS 8:10
ଲାଗୁଅଛି	5	5	4	5	NEH 4:7
ଲାଗୁଥିଲା	1	1	1	1	ACT 20:9
ଲାଗେ	8	8	7	8	GEN 50:3
ଲାଙ୍ଗୁଳ	16	16	7	17	EXO 29:22
ଲାଙ୍ଗୁଳକୁ	1	1	1	1	JDG 15:4
ଲାଙ୍ଗୁଳରେ	2	2	1	2	REV 9:10
ଲାଙ୍ଗୂଳ	1	1	1	0	ISA 9:15
ଲାଜ	1	1	1	1	LUK 16:3
ଲାଜାର	8	8	2	9	LUK 16:20
ଲାଜାରକୁ	2	2	1	2	LUK 16:23
ଲାଜାରଙ୍କୁ	5	5	1	6	JHN 11:5
ଲାଞ୍ଚ	22	22	11	23	EXO 23:8
ଲାଞ୍ଚର	1	1	1	1	JOB 15:34
ଲାଞ୍ଚରେ	1	1	1	1	PSA 26:10
ଲାଞ୍ଜ	2	2	2	2	EXO 4:5
ଲାଟୀନ୍	1	1	1	1	JHN 19:20
ଲାଦନ	3	3	1	0	1CH 7:26
ଲାଦନର	1	1	1	0	1CH 26:21
ଲାଦନ୍	1	1	1	4	1CH 23:7
ଲାଦନ୍ର	2	2	1	2	1CH 23:8
ଲାଦା	1	1	1	1	1CH 4:21
ଲାବଣ୍ୟ	2	2	2	2	PRO 31:30
ଲାବନ	35	35	2	35	GEN 24:29
ଲାବନକୁ	9	9	1	8	GEN 29:13
ଲାବନଙ୍କୁ	1	1	1	2	GEN 29:5
ଲାବନର	12	12	1	12	GEN 25:20
ଲାଭ	107	107	33	115	GEN 4:1
ଲାଭଜନକ	14	14	7	14	JOB 22:2
ଲାଭର	6	6	5	7	PRO 31:11
ଲାମଦ୍	1	1	1	1	PSA 119:88
ଲାମା	2	2	2	2	MAT 27:46
ଲାଲ	2	2	1	2	MAT 16:2
ଲାଲି	1	1	1	1	NUM 19:2
ଲାଳ	1	1	1	1	1SA 21:13
ଲାଳନ	1	1	1	1	LAM 2:22
ଲାଳନପାଳନ	2	2	2	2	EPH 5:29
ଲାଳରେ	1	1	1	1	JOB 6:6
ଲାଳସା	6	6	5	6	PSA 63:1
ଲାଳସାକାରୀ	1	1	1	1	2PE 2:15
ଲାଳାୟିତ	3	3	1	3	PHP 1:8
ଲାଳିତ	1	1	1	2	LAM 2:20
ଲାଳିତପାଳିତ	1	1	1	0	ACT 22:3
ଲାଶାରୋଣର	1	1	1	1	JOS 12:18
ଲାସାୟା	1	1	1	1	ACT 27:8
ଲାୟେଲର	1	1	1	1	NUM 3:24
ଲିକ୍ହି	1	1	1	1	1CH 7:19
ଲିଖନ	2	2	1	3	EXO 32:16
ଲିଖନ-ପ୍ରମାଣେ	1	1	1	1	1CH 16:39
ଲିଖନର	1	1	1	1	EST 3:14
ଲିଖନାନୁଯାୟୀ	1	1	1	1	2CH 35:26
ଲିଖନାନୁସାରେ	14	14	4	14	2CH 23:18
ଲିଖିତ	114	114	28	129	EXO 31:18
ଲିଙ୍ଗାଗ୍ର	5	5	1	5	GEN 17:11
ଲିନ	1	1	1	1	2TI 4:21
ଲିପି	1	1	1	1	LUK 23:38
ଲିପିଫଳକ	1	1	1	0	LUK 1:63
ଲିପିବଦ୍ଧ	5	5	4	18	ISA 30:8
ଲିପ୍ତ	6	6	5	7	DEU 24:4
ଲିବର୍ତ୍ତୀନ	1	1	1	1	ACT 6:9
ଲିବାନୋନ	8	8	5	20	DEU 1:7
ଲିବାନୋନ-ଅରଣ୍ୟ-ଗୃହ	1	1	1	0	1KI 7:2
ଲିବାନୋନ-ଅରଣ୍ୟ-ଗୃହର	1	1	1	1	1KI 10:21
ଲିବାନୋନ-ଅରଣ୍ୟ-ଗୃହରେ	1	1	1	1	1KI 10:17
ଲିବାନୋନକୁ	4	4	3	4	1KI 5:14
ଲିବାନୋନଠାରୁ	1	1	1	5	1KI 5:9
ଲିବାନୋନର	17	17	8	26	1KI 4:33
ଲିବାନୋନରୁ	5	5	3	7	1KI 5:6
ଲିବାନୋନରେ	2	2	1	6	1KI 5:14
ଲିବାନୋନସ୍ଥ	1	1	1	1	EZK 31:3
ଲିବାନୋନ୍	11	11	7	0	DEU 3:25
ଲିବାନୋନ୍ଠାରୁ	4	4	3	0	DEU 11:24
ଲିବାନୋନ୍ର	9	9	5	0	JOS 12:7
ଲିବାନୋନ୍ରୁ	2	2	1	0	2CH 2:8
ଲିବାନୋନ୍ରେ	3	3	2	0	2CH 2:8
ଲିବିଆ	1	1	1	1	ACT 2:10
ଲିବିୟାଥନକୁ	2	2	1	2	JOB 3:8
ଲିବିୟାଥନର	1	1	1	2	PSA 74:14
ଲିବିୟାଥନ୍	1	1	1	0	PSA 104:26
ଲିବୀୟାଥନକୁ	2	2	1	1	ISA 27:1
ଲିବ୍ନା	11	11	6	13	JOS 10:29
ଲିବ୍ନା-ନିବାସୀ	2	2	1	0	2KI 23:31
ଲିବ୍ନାକୁ	1	1	1	1	JOS 10:29
ଲିବ୍ନାର	1	1	1	1	JOS 12:15
ଲିବ୍ନାରୁ	2	2	2	2	NUM 33:21
ଲିବ୍ନାରେ	1	1	1	1	NUM 33:20
ଲିବ୍ନି	7	7	4	6	EXO 6:17
ଲିବ୍ନୀ	1	1	1	1	GEN 30:37
ଲିବ୍ନୀୟ	1	1	1	2	NUM 26:58
ଲିଭାଅ	1	1	1	1	2SA 21:17
ଲିଭାଇ	2	2	2	7	2SA 14:7
ଲିଭାଇବେ	1	1	1	2	MAT 12:20
ଲିଭିବା	1	1	1	1	1SA 3:3
ଲିଭିଯାଉଅଛି	1	1	1	1	MAT 25:8
ଲିଭିଯାଏ	1	1	1	1	PRO 31:18
ଲିହୀରେ	3	3	1	3	JDG 15:9
ଲିହୀସ୍ଥିତ	1	1	1	1	JDG 15:19
ଲୀନ	7	7	4	7	JOB 6:16
ଲୀଳା	1	1	1	1	EXO 32:6
ଲୀୟନ୍ନୋତ୍	1	1	1	1	PSA 88:1
ଲୀୟମ୍ମୀୟ	1	1	1	1	GEN 25:3
ଲୁକାୟନିଆ	1	1	1	2	ACT 14:11
ଲୁକାୟନିଆର	1	1	1	0	ACT 14:6
ଲୁଗା	17	17	6	18	DEU 22:17
ଲୁଗାଗୁଡ଼ିକ	1	1	1	1	JHN 20:6
ଲୁଗାପଟା	1	1	1	1	LUK 10:30
ଲୁଗାର	4	4	3	4	MAT 9:16
ଲୁଗାରୁ	3	3	3	3	MAT 9:16
ଲୁଗାରେ	6	6	4	6	MAT 9:16
ଲୁଗାସବୁ	1	1	1	1	JHN 20:5
ଲୁଚ	1	1	1	1	JER 36:19
ଲୁଚନ୍ତି	1	1	1	1	JOB 24:4
ଲୁଚା	2	2	2	2	JER 16:17
ଲୁଚାଅ	14	14	6	14	JOS 7:19
ଲୁଚାଇ	38	38	14	38	GEN 35:4
ଲୁଚାଇଅଛ	1	1	1	1	ISA 64:7
ଲୁଚାଇଅଛନ୍ତି	1	1	1	1	ISA 49:2
ଲୁଚାଇଅଛି	3	3	3	3	1SA 10:22
ଲୁଚାଇଅଛୁ	2	2	2	2	ISA 28:15
ଲୁଚାଇଥିଲ	1	1	1	1	1SA 20:19
ଲୁଚାଇଥିଲେ	1	1	1	1	JOS 10:27
ଲୁଚାଇବ	3	3	1	3	PSA 13:1
ଲୁଚାଇବା	8	8	7	9	GEN 18:17
ଲୁଚାଇବାର	1	1	1	1	ISA 58:7
ଲୁଚାଇବାରୁ	1	1	1	1	JDG 9:5
ଲୁଚାଇବି	1	1	1	1	JOB 13:20
ଲୁଚାଇବେ	2	2	2	2	PSA 27:5
ଲୁଚାଇଲ	1	1	1	1	PSA 30:7
ଲୁଚାଇଲା	1	1	1	1	2CH 22:11
ଲୁଚାଇଲି	1	1	1	1	PSA 32:5
ଲୁଚାଇଲୁ	3	3	2	3	ISA 54:8
ଲୁଚାଇଲେ	5	5	5	5	JOS 10:16
ଲୁଚାଉଅଛ	4	4	2	4	JOB 13:24
ଲୁଚାଏ	4	4	3	4	1SA 23:23
ଲୁଚାନ୍ତି	4	4	2	4	PSA 10:11
ଲୁଚାଯାଇଅଛନ୍ତି	1	1	1	1	ISA 42:22
ଲୁଚାଯିବ	1	1	1	1	ISA 29:14
ଲୁଚି	13	13	7	13	JOS 2:16
ଲୁଚିକରି	1	1	1	1	PSA 54:1
ଲୁଚିଥିଲେ	2	2	2	2	1SA 14:11
ଲୁଚିବା	4	4	3	4	1SA 23:23
ଲୁଚିବାର	1	1	1	1	PSA 119:114
ଲୁଚିଲି	1	1	1	1	GEN 3:10
ଲୁଚିଲେ	5	5	5	5	GEN 3:8
ଲୁଟ	42	42	16	37	GEN 34:27
ଲୁଟ-ଦ୍ରବ୍ୟ	2	2	2	0	JER 21:9
ଲୁଟକାରୀ	6	6	5	4	2KI 13:20
ଲୁଟକାରୀଠାରୁ	1	1	1	1	PSA 35:10
ଲୁଟକାରୀମାନଙ୍କ	4	4	3	4	JDG 2:14
ଲୁଟକାରୀମାନଙ୍କର	2	2	2	0	ISA 17:14
ଲୁଟଦ୍ରବ୍ୟ	31	31	12	12	JOS 8:2
ଲୁଟଦ୍ରବ୍ୟରୁ	2	2	1	1	1SA 14:30
ଲୁଟଦ୍ରବ୍ୟସବୁ	2	2	2	0	JOS 8:27
ଲୁଟଧନ	1	1	1	1	PSA 119:162
ଲୁଟନ୍ତି	1	1	1	1	JER 30:16
ଲୁଟବସ୍ତୁ	2	2	2	0	JER 49:32
ଲୁଟରେ	2	2	2	2	EZR 9:7
ଲୁଟି	7	7	5	7	GEN 14:11
ଲୁଟିଅଛ	1	1	1	1	HAB 2:8
ଲୁଟିତ	55	55	20	81	EXO 15:9
ଲୁଟିତମାନଙ୍କ	1	1	1	1	JDG 5:30
ଲୁଟିବା	1	1	1	1	ZEP 3:8
ଲୁଟିବାକୁ	6	6	4	6	2SA 23:10
ଲୁଟିବାର	1	1	1	1	ISA 33:1
ଲୁଟିବେ	3	3	3	3	JER 50:10
ଲୁଟିଲେ	2	2	2	2	JDG 2:14
ଲୁଟୁ	1	1	1	1	1SA 14:36
ଲୁଟୁଅଛ	1	1	1	1	ISA 33:1
ଲୁଟୁଅଛନ୍ତି	1	1	1	1	1SA 23:1
ଲୁଟୁଅଛି	1	1	1	1	ISA 21:2
ଲୁଟ୍	1	1	1	0	NAM 3:1
ଲୁଣ୍ଠନ	6	6	5	11	MAT 12:29
ଲୁଣ୍ଠନକର୍ମ	2	2	2	1	MAT 23:25
ଲୁଣ୍ଠନକାରୀ	4	4	2	5	ACT 19:37
ଲୁଦୀୟ	2	2	2	2	GEN 10:13
ଲୁଦୀୟମାନେ	1	1	1	1	JER 46:9
ଲୁଦ୍	3	3	2	5	1CH 1:17
ଲୁପ୍ତ	45	45	14	45	GEN 6:7
ଲୁପ୍ତପ୍ରାୟ	1	1	1	0	REV 3:2
ଲୁବ୍ଧ	1	1	1	1	JOB 31:9
ଲୁଶିଫର	1	1	1	0	ISA 14:12
ଲୁସ	1	1	1	0	GEN 48:3
ଲୁସକୁ	2	2	1	0	JOS 16:2
ଲୁସର	1	1	1	0	JOS 18:13
ଲୁସ୍	1	1	1	0	JDG 1:26
ଲୁସ୍ତ୍ରା	3	3	1	6	ACT 14:6
ଲୁସ୍ତ୍ରାକୁ	1	1	1	1	ACT 16:1
ଲୁସ୍ତ୍ରାରେ	2	2	2	2	ACT 14:8
ଲୁହା	23	23	14	24	NUM 31:22
ଲୁହା-ଭାଟି	1	1	1	1	DEU 4:20
ଲୁହାକୁ	3	3	3	3	2KI 6:6
ଲୁହାର	11	11	8	12	DEU 28:48
ଲୁହୀତର	1	1	1	0	JER 48:5
ଲୂକ	3	3	3	20	ACT 2:46
ଲୂକଜ	1	1	1	0	PHM 1:23
ଲୂକିଆର	1	1	1	0	ACT 27:5
ଲୂକୀୟ	2	2	2	2	ACT 13:1
ଲୂଦ	4	4	3	5	GEN 10:22
ଲୂଦନିବାସୀ	1	1	1	0	ACT 9:32
ଲୂଦିଆ	1	1	1	1	ACT 16:14
ଲୂଦିଆଙ୍କ	1	1	1	2	ACT 16:40
ଲୂଦୀୟ	1	1	1	0	1CH 1:11
ଲୂବୀୟ	1	1	1	2	2CH 12:3
ଲୂବୀୟମାନେ	2	2	2	2	2CH 16:8
ଲୂସରେ	1	1	1	0	GEN 35:6
ଲୂସାନୀୟା	1	1	1	0	LUK 3:1
ଲୂସିୟା	1	1	1	0	ACT 24:7
ଲୂସୀୟା	1	1	1	2	ACT 24:22
ଲୂସୀୟାଙ୍କର	1	1	1	0	ACT 23:26
ଲୂସ୍	2	2	1	5	GEN 28:19
ଲୂସ୍ଥିଲା	1	1	1	0	JDG 1:23
ଲୂହୀତ-ଘାଟୀ	1	1	1	1	ISA 15:5
ଲେଉଟା	1	1	1	0	HOS 7:8
ଲେଉଟି	4	4	4	3	EST 7:8
ଲେଉଟିଗଲେ	1	1	1	0	LUK 2:45
ଲେଉଟିବ	1	1	1	1	EZK 4:8
ଲେକାର	1	1	1	1	1CH 4:21
ଲେଖ	28	28	12	28	EXO 34:27
ଲେଖକ	27	27	9	182	2SA 8:16
ଲେଖକକୁ	10	10	4	0	2KI 19:2
ଲେଖକମାନଙ୍କ	1	1	1	0	1CH 2:55
ଲେଖକମାନେ	3	3	2	3	EST 3:12
ଲେଖକର	10	10	4	10	2CH 26:11
ଲେଖନୀ	3	3	3	4	JOB 19:24
ଲେଖନ୍ତି	2	2	2	2	ISA 10:1
ଲେଖନ୍ତୁ	1	1	1	2	JHN 19:21
ଲେଖା	101	101	25	146	EXO 34:1
ଲେଖାଅଛି	42	42	13	15	1KI 14:19
ଲେଖାଇ	3	3	3	3	JDG 8:14
ଲେଖାଇବା	2	2	1	2	LUK 2:3
ଲେଖାଏଁ	21	21	11	22	NUM 3:47
ଲେଖାଗଲା	8	8	5	8	1CH 5:7
ଲେଖାଥିଲା	5	5	5	4	EXO 32:15
ଲେଖାନୁସାରେ	4	4	2	4	DEU 10:4
ଲେଖାପତ୍ର	1	1	1	0	ISA 34:4
ଲେଖାଯାଇଅଛି	2	2	2	86	JHN 20:31
ଲେଖାଯାଇଥିଲା	1	1	1	11	JHN 12:16
ଲେଖାଯାଉ	3	3	2	3	EST 3:9
ଲେଖାଯିବା	1	1	1	1	LUK 2:1
ଲେଖାର	1	1	1	5	2CH 30:18
ଲେଖାରେ	1	1	1	2	DAN 6:8
ଲେଖି	34	34	22	40	EXO 17:14
ଲେଖିଅଛ	3	3	2	3	JER 36:6
ଲେଖିଅଛନ୍ତି	8	8	5	9	2KI 17:37
ଲେଖିଅଛି	5	5	5	5	JOB 31:35
ଲେଖିଅଛୁ	3	3	3	2	EXO 24:12
ଲେଖିଛୁ	2	2	1	2	JHN 19:22
ଲେଖିଥିଲା	3	3	3	2	1KI 21:9
ଲେଖିଥିଲି	4	4	2	4	1CO 5:9
ଲେଖିଥିଲେ	1	1	1	60	2SA 11:15
ଲେଖିଦେଉଅଛି	1	1	1	0	PHM 1:19
ଲେଖିବ	6	6	3	6	NUM 5:23
ଲେଖିବା	13	13	11	21	EXO 34:1
ଲେଖିବାକୁ	10	10	7	12	EST 8:5
ଲେଖିବାର	2	2	2	4	1CO 5:11
ଲେଖିବୁ	1	1	1	1	REV 3:12
ଲେଖିଲ	1	1	1	1	JER 36:17
ଲେଖିଲା	11	11	6	9	1CH 24:6
ଲେଖିଲି	13	13	5	14	JER 36:18
ଲେଖିଲେ	22	22	12	30	EXO 24:4
ଲେଖୁ	6	6	5	7	JOB 13:26
ଲେଖୁଅଛନ୍ତି	6	6	6	0	1CO 1:2
ଲେଖୁଅଛି	27	27	17	23	ROM 1:2
ଲେଖୁଅଛୁ	4	4	4	2	NEH 9:38
ଲେଖେ	1	1	1	1	2TH 3:17
ଲେଙ୍ଗଡ଼ା	2	2	1	2	MAL 1:8
ଲେପ	2	2	2	2	LEV 14:42
ଲେପନ	15	15	8	14	GEN 6:14
ଲେପନକାରୀମାନଙ୍କୁ	1	1	1	1	EZK 13:11
ଲେପନକାରୀମାନେ	1	1	1	1	EZK 13:15
ଲେପିଦେଲେ	1	1	1	0	JHN 9:11
ଲେପିବ	2	2	1	2	DEU 27:2
ଲେପ୍ୟଦ୍ରବ୍ୟ	1	1	1	1	REV 18:13
ଲେବ-କାମାଇ	1	1	1	0	JER 51:1
ଲେବୀ	25	25	12	29	GEN 29:34
ଲେବୀ-ବଂଶ	3	3	2	3	1CH 23:14
ଲେବୀ-ବଂଶଜାତ	2	2	2	2	1CH 24:6
ଲେବୀ-ବଂଶର	1	1	1	1	ZEC 12:13
ଲେବୀ-ସନ୍ତାନ	3	3	3	3	DEU 21:5
ଲେବୀ-ସନ୍ତାନଗଣ	2	2	2	2	NUM 18:21
ଲେବୀ-ସନ୍ତାନମାନଙ୍କ	2	2	1	2	1CH 9:18
ଲେବୀକି	1	1	1	0	GEN 34:30
ଲେବୀଙ୍କ	3	3	2	5	LUK 3:24
ଲେବୀଙ୍କି	1	1	1	0	MRK 2:14
ଲେବୀର	31	31	8	32	GEN 46:11
ଲେବୀୟ	68	68	15	91	EXO 4:14
ଲେବୀୟ-ପ୍ରଧାନବର୍ଗ	1	1	1	1	NEH 11:16
ଲେବୀୟ-ମାନଙ୍କ	1	1	1	0	NEH 11:20
ଲେବୀୟ-ମାନଙ୍କର	3	3	2	0	JOS 21:41
ଲେବୀୟ-ମାନଙ୍କୁ	3	3	1	0	NUM 1:50
ଲେବୀୟକୁ	4	4	2	4	DEU 26:12
ଲେବୀୟଗଣ	2	2	2	2	2CH 31:4
ଲେବୀୟଗଣକୁ	1	1	1	0	EZR 3:10
ଲେବୀୟମାନଙ୍କ	53	53	9	62	EXO 6:25
ଲେବୀୟମାନଙ୍କଠାରୁ	1	1	1	1	LEV 25:33
ଲେବୀୟମାନଙ୍କର	22	22	8	27	LEV 25:32
ଲେବୀୟମାନଙ୍କୁ	51	51	9	56	NUM 3:9
ଲେବୀୟମାନେ	86	86	9	88	NUM 1:47
ଲେମକ	6	6	2	6	GEN 4:18
ଲେମକକୁ	1	1	1	1	GEN 5:25
ଲେମକର	3	3	1	3	GEN 4:23
ଲେମଖ	1	1	1	1	LUK 3:37
ଲେମଖଙ୍କ	1	1	1	1	LUK 3:36
ଲେଶ	1	1	1	1	1JN 1:5
ଲେଶମ	1	1	1	1	JOS 19:47
ଲେଶମର	1	1	1	1	JOS 19:47
ଲେଶମାତ୍ର	3	3	3	3	EXO 12:19
ଲେଶା	1	1	1	1	GEN 10:19
ଲେୟା	16	16	2	16	GEN 29:16
ଲେୟାକୁ	7	7	1	7	GEN 29:23
ଲେୟାଠାରୁ	2	2	1	2	GEN 29:30
ଲେୟାର	9	9	1	9	GEN 29:24
ଲୋ-ଆମୀ	1	1	1	1	HOS 1:9
ଲୋ-ଦବାର	1	1	1	1	2SA 17:27
ଲୋ-ଦବାରକୁ	1	1	1	1	2SA 9:5
ଲୋ-ଦବାରରେ	1	1	1	1	2SA 9:4
ଲୋ-ରୁହାମା	1	1	1	2	HOS 1:6
ଲୋ-ରୁହାମାକୁ	1	1	1	1	HOS 1:8
ଲୋକ	2029	2029	64	2094	GEN 4:14
ଲୋକ-ମାନଙ୍କ	3	3	3	0	1SA 6:21
ଲୋକ-ମାନଙ୍କଠାରୁ	1	1	1	0	NUM 3:50
ଲୋକ-ମାନଙ୍କର	7	7	4	0	NUM 11:4
ଲୋକ-ମାନଙ୍କୁ	1	1	1	0	JOB 34:24
ଲୋକ-ମାନେ	2	2	2	0	ISA 45:20
ଲୋକ-ସମସ୍ତଙ୍କର	1	1	1	0	JER 28:1
ଲୋକ-ସମସ୍ତେ	2	2	2	0	ISA 33:13
ଲୋକ-ସମୂହ	2	2	2	0	MRK 3:32
ଲୋକ-ସମୂହକୁ	5	5	3	0	DAN 9:6
ଲୋକ-ସାଧାରଣ	1	1	1	0	LUK 9:18
ଲୋକକୁ	143	143	36	138	GEN 34:14
ଲୋକଗଣ	9	9	3	5	LEV 20:5
ଲୋକଗଣଙ୍କୁ	1	1	1	1	JDG 9:20
ଲୋକଗଣଠାରୁ	2	2	2	2	JDG 9:20
ଲୋକଗଣନାକାରୀ	1	1	1	1	2KI 25:19
ଲୋକଗଣର	1	1	1	1	JDG 20:2
ଲୋକଗହଳ	5	5	4	3	1SA 14:16
ଲୋକଗହଳି	1	1	1	3	LUK 8:19
ଲୋକଗୁଡ଼ାକ	4	4	2	3	JHN 7:49
ଲୋକଙ୍କ	233	233	40	251	GEN 31:26
ଲୋକଙ୍କ-ଠାରୁ	1	1	1	0	LEV 20:26
ଲୋକଙ୍କଠାରୁ	13	13	8	15	EXO 8:8
ଲୋକଙ୍କଠାରେ	2	2	2	2	PSA 149:4
ଲୋକଙ୍କର	72	72	30	76	GEN 43:27
ଲୋକଙ୍କୁ	267	267	36	286	GEN 14:14
ଲୋକଙ୍କୁସ	1	1	1	0	REV 11:18
ଲୋକଟା	18	18	5	18	GEN 19:9
ଲୋକଟାକୁ	2	2	2	2	JHN 18:40
ଲୋକଟି	9	9	4	9	MRK 10:51
ଲୋକଟିକି	2	2	2	0	JHN 9:17
ଲୋକଟିକୁ	1	1	1	2	MRK 10:49
ଲୋକଟିର	1	1	1	1	LUK 10:36
ଲୋକଠାରୁ	9	9	7	9	EXO 33:16
ଲୋକଠାରେ	7	7	4	7	NUM 27:18
ଲୋକଦଳ	4	4	3	4	2CH 22:1
ଲୋକଦଳକୁ	2	2	2	2	2KI 9:17
ଲୋକବିଶିଷ୍ଟ	1	1	1	1	ECC 9:14
ଲୋକବୃନ୍ଦ	2	2	2	2	JER 51:58
ଲୋକଭୟ	1	1	1	1	PRO 29:25
ଲୋକମ	1	1	1	0	ROM 11:1
ଲୋକମାନଙ୍କ	657	657	51	707	GEN 6:9
ଲୋକମାନଙ୍କ-ଠାରୁ	1	1	1	0	PSA 17:14
ଲୋକମାନଙ୍କଠାରୁ	27	27	15	33	DEU 10:15
ଲୋକମାନଙ୍କଠାରେ	1	1	1	1	ISA 65:19
ଲୋକମାନଙ୍କର	238	238	48	265	GEN 14:7
ଲୋକମାନଙ୍କରୁ	1	1	1	0	ZEC 6:10
ଲୋକମାନଙ୍କୁ	571	571	52	647	GEN 12:20
ଲୋକମାନେ	1153	1153	49	1247	GEN 10:9
ଲୋକର	186	186	36	192	GEN 17:13
ଲୋକରେ	7	7	4	6	DEU 32:21
ଲୋକସଂଖ୍ୟା	3	3	1	1	NUM 1:29
ଲୋକସକଳ	3	3	3	3	PRO 7:26
ଲୋକସକଳକୁ	1	1	1	1	JER 28:6
ଲୋକସକଳର	1	1	1	1	LAM 3:14
ଲୋକସମସ୍ତଙ୍କ	1	1	1	2	EXO 8:9
ଲୋକସମସ୍ତଙ୍କୁ	1	1	1	1	ISA 23:9
ଲୋକସମସ୍ତେ	23	23	8	4	PSA 22:7
ଲୋକସମୂହ	80	80	10	90	GEN 27:29
ଲୋକସମୂହକୁ	37	37	6	39	GEN 14:16
ଲୋକସମୂହଙ୍କୁ	4	4	1	3	ACT 13:45
ଲୋକସମୂହଠାରୁ	1	1	1	1	MRK 7:17
ଲୋକସମୂହର	6	6	5	9	JER 28:11
ଲୋକସାଧାରଣଙ୍କ	2	2	1	2	JHN 11:50
ଲୋକସାଧାରଣଙ୍କୁ	3	3	2	2	LUK 23:5
ଲୋକାଚାର	1	1	1	1	1CO 15:32
ଲୋକାରଣ୍ୟ	24	24	7	3	GEN 48:16
ଲୋକାରଣ୍ୟକୁ	7	7	1	0	EZK 29:19
ଲୋକାରଣ୍ୟଣ	1	1	1	0	JOL 3:14
ଲୋକାରଣ୍ୟର	6	6	4	0	ISA 13:4
ଲୋକାରଣ୍ୟସମସ୍ତେ	1	1	1	0	EZK 32:12
ଲୋକେ	269	269	40	270	GEN 20:4
ଲୋଗ୍	5	5	1	5	LEV 14:10
ଲୋଚ୍ଚା	1	1	1	0	DEU 21:20
ଲୋଟ	20	20	2	20	GEN 11:31
ଲୋଟ-ସନ୍ତାନଗଣର	1	1	1	0	PSA 83:8
ଲୋଟକୁ	8	8	1	8	GEN 11:27
ଲୋଟଙ୍କ	2	2	1	3	LUK 17:28
ଲୋଟଙ୍କର	2	2	1	3	GEN 13:5
ଲୋଟଙ୍କୁ	3	3	2	4	GEN 13:8
ଲୋଟନର	2	2	1	0	GEN 36:22
ଲୋଟନ୍	3	3	2	3	GEN 36:20
ଲୋଟନ୍ର	2	2	1	4	1CH 1:39
ଲୋଟର	4	4	2	5	GEN 19:26
ଲୋଟିବାକୁ	1	1	1	1	2PE 2:22
ଲୋଡ଼ନ୍ତି	2	2	2	1	DEU 10:13
ଲୋଡ଼ି	1	1	1	1	HEB 10:5
ଲୋଡ଼ିବ	1	1	1	1	DEU 23:6
ଲୋଡ଼ିଲ	1	1	1	1	HEB 10:8
ଲୋଡ଼ିଲେ	1	1	1	1	JOS 9:14
ଲୋତକ	12	12	9	14	2KI 20:5
ଲୋତକର	1	1	1	1	JER 9:1
ଲୋତକରୁ	1	1	1	1	PSA 116:8
ଲୋତକରୂପ	1	1	1	1	PSA 80:5
ଲୋତକରେ	4	4	4	4	PSA 6:6
ଲୋଦ	1	1	1	0	NEH 11:35
ଲୋଦର	1	1	1	0	1CH 8:12
ଲୋଦ୍	2	2	2	3	EZR 2:33
ଲୋପ	62	62	25	64	EXO 17:14
ଲୋପନ	1	1	1	0	REV 3:5
ଲୋବାନ୍	1	1	1	1	EXO 30:34
ଲୋଭ	25	25	13	28	EXO 20:17
ଲୋଭକୁ	2	2	2	1	PRO 28:16
ଲୋଭଜନକ	1	1	1	1	GEN 3:6
ଲୋଭରୁ	1	1	1	1	LUK 12:15
ଲୋଭରୂପ	1	1	1	1	ISA 57:17
ଲୋଭରେ	3	3	3	2	GEN 20:11
ଲୋଭାକ୍ରା	2	2	2	0	NUM 11:4
ଲୋଭାସକ୍ତ	2	2	1	2	JER 6:13
ଲୋଭୀ	3	3	3	3	PSA 10:3
ଲୋମ	32	32	9	41	EXO 35:6
ଲୋମକଟା	1	1	1	1	SNG 4:2
ଲୋମଗଦା	1	1	1	1	JDG 6:37
ଲୋମଚ୍ଛେଦକ	1	1	1	1	ACT 8:32
ଲୋମଚ୍ଛେଦକମାନଙ୍କ	1	1	1	1	ISA 53:7
ଲୋମଛେଦକମାନଙ୍କ	1	1	1	1	1SA 25:11
ଲୋମଛେଦକମାନେ	1	1	1	1	1SA 25:7
ଲୋମଛେଦନ	1	1	1	0	1SA 25:4
ଲୋମନିର୍ମିତ	4	4	3	2	LEV 13:52
ଲୋମବସ୍ତ୍ର	1	1	1	0	LEV 13:48
ଲୋମବିଶିଷ୍ଟ	1	1	1	1	EZK 17:7
ଲୋମବ୍ୟାପ୍ତ	1	1	1	2	GEN 25:25
ଲୋମଯୁକ୍ତ	1	1	1	1	GEN 27:23
ଲୋମର	5	5	3	6	EXO 26:7
ଲୋମରୁ	1	1	1	1	JDG 6:38
ଲୋମରେ	1	1	1	2	EZK 17:3
ଲୋମଶ	5	5	4	5	GEN 25:25
ଲୋହିତବର୍ଣ୍ଣ	6	6	3	5	ISA 1:18
ଲୋୟି	1	1	1	1	2TI 1:5
ଲୌକିକ	2	2	2	2	1CO 4:3
ଲୌହ	30	30	14	38	LEV 26:19
ଲୌହ-ଅଗ୍ନିକୁଣ୍ଡ	1	1	1	1	1KI 8:51
ଲୌହ-ଅର୍ଗଳ	1	1	1	1	PSA 107:16
ଲୌହ-ଅସ୍ତ୍ର	1	1	1	1	DEU 27:5
ଲୌହ-ରଥ	2	2	2	0	JOS 17:16
ଲୌହ-ଲେଖନୀରେ	1	1	1	0	JER 17:1
ଲୌହଅସ୍ତ୍ର	1	1	1	0	JOB 20:24
ଲୌହକାର	1	1	1	1	ISA 54:16
ଲୌହଦଣ୍ଡ	1	1	1	0	REV 2:27
ଲୌହଦଣ୍ଡରେ	3	3	2	0	PSA 2:9
ଲୌହଦ୍ୱାର	1	1	1	1	ACT 12:10
ଲୌହନଳୀ	1	1	1	1	ISA 48:4
ଲୌହବେଡ଼ିରେ	1	1	1	1	PSA 149:8
ଲୌହମୟ	12	12	7	12	DEU 3:11
ଲୌହର	2	2	2	2	GEN 4:22
ଲୌହରଥ	1	1	1	3	JOS 17:18
ଲୌହରଥ-ଯାକ	1	1	1	0	JDG 4:13
ଲୌହରେ	1	1	1	1	NAM 2:3
ଲୌହଶୃଙ୍ଖଲରେ	1	1	1	0	PSA 105:18
ଲୌହସ୍ତମ୍ଭ	1	1	1	1	JER 1:18
ଲୌହାସ୍ତ୍ରର	1	1	1	1	1KI 6:7
ଲୟିଶର	2	2	2	2	1SA 25:44
ଲୟିଶରେ	1	1	1	0	JDG 18:27
ଲୟିଶ୍	3	3	2	3	JDG 18:14
ଲୟିଶ୍ରେ	1	1	1	2	JDG 18:7
ଳଳପ୍ଳାବନ	1	1	1	0	2PE 2:5
ଶ	1	1	1	0	JDG 7:6
ଶଅଲ୍ଥୀୟେଲ	1	1	1	0	LUK 3:27
ଶଅଲ୍ଥୀୟେଲଙ୍କ	1	1	1	0	LUK 3:27
ଶକଟ	10	10	5	3	GEN 45:19
ଶକଟର	1	1	1	0	EZK 26:10
ଶକଟରେ	1	1	1	0	1CH 13:7
ଶକ୍କେରୋନ୍	1	1	1	1	JOS 15:11
ଶକ୍ତ	13	13	8	10	DEU 2:30
ଶକ୍ତଗ୍ରୀବ	11	11	6	12	EXO 32:9
ଶକ୍ତଗ୍ରୀବତା	1	1	1	1	DEU 31:27
ଶକ୍ତି	125	125	33	142	GEN 4:12
ଶକ୍ତିକୁ	2	2	2	3	ACT 8:10
ଶକ୍ତିଦାତାଙ୍କ	1	1	1	1	PHP 4:13
ଶକ୍ତିପ୍ରାପ୍ତ	3	3	3	0	LUK 24:49
ଶକ୍ତିବିଶିଷ୍ଟ	4	4	4	4	2KI 19:26
ଶକ୍ତିମାନ	9	9	6	10	PSA 147:5
ଶକ୍ତିମାନଙ୍କର	2	2	2	2	2PE 2:10
ଶକ୍ତିମାର୍ନ	1	1	1	0	REV 18:8
ଶକ୍ତିଯୁକ୍ତ	4	4	3	4	2CO 10:4
ଶକ୍ତିର	30	30	14	18	GEN 49:3
ଶକ୍ତିରୁ	3	3	3	3	1KI 19:7
ଶକ୍ତିରୂପ	1	1	1	1	2CH 6:41
ଶକ୍ତିରେ	23	23	14	24	1CH 29:2
ଶକ୍ତିଶାଳୀ	3	3	2	11	LUK 24:19
ଶକ୍ତିଶାଳୀମାନେ	1	1	1	1	1PE 3:22
ଶକ୍ତିସମୂହ	2	2	2	3	MAT 24:29
ଶକ୍ତିହୀନ	4	4	4	4	DEU 32:36
ଶଖନୀୟ	5	5	4	4	1CH 24:11
ଶଖନୀୟର	4	4	3	6	1CH 3:21
ଶଖୀୟ	1	1	1	1	1CH 8:10
ଶଗଡ଼	10	10	3	17	NUM 7:3
ଶଗଡ଼ବନ୍ଦି	3	3	1	3	1SA 17:20
ଶଗଡ଼ର	1	1	1	1	1SA 6:14
ଶଗଡ଼ରେ	3	3	2	4	1SA 6:7
ଶଙ୍କାଯୁକ୍ତ	1	1	1	1	GEN 9:2
ଶଠ	1	1	1	1	2CO 11:13
ଶଠତା	3	3	3	1	2KI 9:23
ଶଣ୍ଡାରେ	2	2	1	0	GEN 41:5
ଶତ	25	25	14	23	JDG 11:26
ଶତ-ସେନାପତିଙ୍କି	1	1	1	0	ACT 22:25
ଶତକଡ଼ା	1	1	1	1	NEH 5:11
ଶତଗୁଣ	2	2	2	2	2SA 24:3
ଶତପତି	5	5	4	4	EXO 18:21
ଶତପତିମାନଙ୍କ	2	2	2	2	NUM 31:14
ଶତପତିମାନଙ୍କଠାରୁ	1	1	1	1	NUM 31:54
ଶତପତିମାନଙ୍କର	1	1	1	1	1CH 13:1
ଶତପତିମାନଙ୍କୁ	10	10	3	10	2KI 11:4
ଶତପତିମାନେ	6	6	3	6	NUM 31:48
ଶତବାର	1	1	1	0	ECC 8:12
ଶତସେନାପତି	13	13	4	13	MAT 8:5
ଶତସେନାପତିଙ୍କ	1	1	1	1	ACT 27:1
ଶତସେନାପତିଙ୍କଠାରୁ	1	1	1	1	MRK 15:45
ଶତସେନାପତିଙ୍କର	1	1	1	1	LUK 7:2
ଶତସେନାପତିଙ୍କି	4	4	3	1	MAT 8:13
ଶତସେନାପତିଙ୍କୁ	1	1	1	2	ACT 23:17
ଶତସେନାପତିମାନଙ୍କୁ	1	1	1	1	ACT 21:32
ଶତାଶୀ	1	1	1	0	GEN 5:25
ଶତ୍ରୁ	107	107	35	147	EXO 15:9
ଶତ୍ରୁ-ମାନଙ୍କୁ	1	1	1	0	MAT 5:44
ଶତ୍ରୁକୁ	10	10	6	10	EXO 15:6
ଶତ୍ରୁଗଣ	42	42	14	45	EXO 32:25
ଶତ୍ରୁଗଣକୁ	12	12	7	13	EXO 23:27
ଶତ୍ରୁଗଣଙ୍କ	1	1	1	1	PSA 23:5
ଶତ୍ରୁଗଣଙ୍କୁ	1	1	1	1	GEN 14:20
ଶତ୍ରୁଗଣଠାରୁ	14	14	6	15	NUM 10:9
ଶତ୍ରୁଗଣର	31	31	10	29	GEN 14:14
ଶତ୍ରୁଙ୍କଠାରୁ	1	1	1	2	JOS 23:1
ଶତ୍ରୁଙ୍କୁ	10	10	8	9	DEU 6:18
ଶତ୍ରୁଠାରୁ	7	7	5	7	DEU 12:10
ଶତ୍ରୁତା	9	9	7	9	GEN 26:21
ଶତ୍ରୁତାଭାବ	3	3	2	3	EZK 35:5
ଶତ୍ରୁତାରେ	1	1	1	1	EZK 25:15
ଶତ୍ରୁଦେଶକୁ	1	1	1	1	1KI 8:46
ଶତ୍ରୁପକ୍ଷ	1	1	1	1	EXO 1:10
ଶତ୍ରୁମାନଙ୍କ	37	37	11	39	DEU 1:42
ଶତ୍ରୁମାନଙ୍କ-ଠାରୁ	1	1	1	0	JOS 22:8
ଶତ୍ରୁମାନଙ୍କଠାରୁ	9	9	6	10	DEU 25:19
ଶତ୍ରୁମାନଙ୍କର	3	3	3	7	EXO 23:22
ଶତ୍ରୁମାନଙ୍କୁ	29	29	17	30	GEN 14:15
ଶତ୍ରୁମାନେ	25	25	13	30	LEV 26:16
ଶତ୍ରୁର	9	9	6	12	EXO 23:4
ଶତ୍ରୁସକଳ	1	1	1	0	LAM 2:16
ଶତ୍ରୁହସ୍ତଗତ	2	2	1	1	JER 50:9
ଶତ୍ରୁହସ୍ତରୁ	1	1	1	0	LUK 1:74
ଶତ୍ରୁହସ୍ତରେ	25	25	7	1	LEV 26:25
ଶଥର-ବୋଷଣୟ	3	3	1	4	EZR 5:3
ଶଥରବୋଷଣୟ	1	1	1	0	EZR 5:6
ଶଦେୟରର	5	5	1	5	NUM 1:5
ଶଦ୍ଦ	128	128	32	9	EXO 28:35
ଶଦ୍ଦକାରକ	1	1	1	0	1CO 13:1
ଶଦ୍ଦକାରୀ	1	1	1	0	1CO 13:1
ଶଦ୍ଦବିଶିଷ୍ଟ	1	1	1	0	ISA 18:1
ଶଦ୍ଦମାତ୍ର	1	1	1	0	JER 46:17
ଶଦ୍ଦର	12	12	6	0	1SA 4:6
ଶଦ୍ଦରୁ	2	2	2	0	JDG 5:11
ଶଦ୍ଦରେ	14	14	6	0	1KI 1:40
ଶଦ୍ରକ	1	1	1	0	DAN 3:14
ଶଦ୍ରକ୍	14	14	1	16	DAN 1:7
ଶନୀର	1	1	1	0	SNG 4:8
ଶପଥ	254	254	39	258	GEN 21:23
ଶପଥ-କୂପ	1	1	1	1	GEN 21:31
ଶପଥକାରୀ	2	2	2	2	PSA 63:11
ଶପଥକାରୀମାନଙ୍କ	2	2	2	2	MAL 3:5
ଶପଥକୁ	1	1	1	1	1SA 14:26
ଶପଥପୂର୍ବକ	3	3	3	3	LEV 5:4
ଶପଥବାକ୍ୟ	1	1	1	1	HEB 7:28
ଶପଥର	1	1	1	1	GEN 26:3
ଶପଥରୁ	4	4	2	4	GEN 24:8
ଶପଥରେ	6	6	3	6	2CH 15:15
ଶପଥସବୁ	1	1	1	1	MAT 5:33
ଶପଥହେବ	1	1	1	0	EXO 22:11
ଶପଥାଧୀନ	1	1	1	1	EZK 17:14
ଶଫଟୀୟ	5	5	4	7	2SA 3:4
ଶଫଟୀୟର	6	6	2	7	EZR 2:4
ଶଫାମ୍	1	1	1	1	NUM 34:10
ଶଫାମ୍ଠାରୁ	1	1	1	1	NUM 34:11
ଶଫୀ	1	1	1	1	1CH 1:40
ଶଫୀରାର	1	1	1	0	ACT 5:1
ଶଫୂଫନ୍	1	1	1	1	1CH 8:5
ଶଫୋ	1	1	1	1	GEN 36:23
ଶଫ୍ଟୀୟ	2	2	2	0	1CH 12:5
ଶଫ୍ଟୀୟର	1	1	1	0	1CH 9:8
ଶବ	73	73	25	77	GEN 50:2
ଶବ-ଘଟିତ	1	1	1	1	NUM 6:11
ଶବକୁ	4	4	3	4	GEN 50:2
ଶବକ୍ଥାନୀ	1	1	1	1	MRK 15:34
ଶବଟି	1	1	1	1	MRK 15:45
ଶବଦାହକାରୀ	1	1	1	1	AMO 6:10
ଶବନୀୟ	6	6	2	6	1CH 15:24
ଶବନୀୟ-ବଂଶର	1	1	1	1	NEH 12:14
ଶବମାନଙ୍କ	1	1	1	1	GEN 15:11
ଶବର	5	5	2	5	LEV 11:25
ଶବରୁ	1	1	1	1	ISA 34:3
ଶବରେ	5	5	3	5	PSA 110:6
ଶବଶଯ୍ୟାର	1	1	1	1	2SA 3:31
ଶବସବୁ	1	1	1	1	ISA 26:19
ଶବାଟ	1	1	1	1	ZEC 1:7
ଶବାରୀମ	1	1	1	1	JOS 7:5
ଶବୂୟେଲ	3	3	1	4	1CH 23:16
ଶବୂୟେଲର	1	1	1	1	1CH 24:20
ଶବୂୟେଲ୍	1	1	1	0	1CH 25:4
ଶବ୍ବଥୟ	3	3	2	3	EZR 10:15
ଶମରିୟା	1	1	1	0	HOS 13:16
ଶମରିୟେ	1	1	1	0	HOS 8:5
ଶମରୀୟ	7	7	5	1	2KI 1:3
ଶମରୀୟା	20	20	9	28	1KI 16:24
ଶମରୀୟା-ନଗରରେ	1	1	1	0	EZR 4:10
ଶମରୀୟା-ନିବାସୀ	1	1	1	1	1KI 21:18
ଶମରୀୟାକୁ	14	14	5	14	1KI 22:37
ଶମରୀୟାଠାରୁ	1	1	1	1	2CH 25:13
ଶମରୀୟାର	27	27	9	28	1KI 13:32
ଶମରୀୟାରୁ	5	5	3	5	1KI 20:17
ଶମରୀୟାରେ	33	33	4	34	1KI 16:28
ଶମରୀୟାସ୍ଥ	1	1	1	3	2KI 15:25
ଶମରୀୟାସ୍ଥିତ	3	3	2	1	1KI 16:32
ଶମା	1	1	1	0	JOS 15:26
ଶମାୟର	1	1	1	1	1CH 12:3
ଶମିରୋଣ	5	5	3	8	LUK 17:11
ଶମିରୋଣର	4	4	2	3	JHN 4:5
ଶମିରୋଣୀୟ	4	4	3	6	LUK 10:33
ଶମିରୋଣୀୟମାନଙ୍କ	3	3	2	3	JHN 4:9
ଶମିରୋଣୀୟମାନଙ୍କର	2	2	2	2	MAT 10:5
ଶମିରୋଣୀୟମାନେ	1	1	1	1	JHN 4:40
ଶମିରୋଣୀୟା	3	3	1	4	JHN 4:7
ଶମିରୋଣ୍	1	1	1	1	1KI 16:24
ଶମିୟୀୟ	1	1	1	0	1KI 12:22
ଶମୀଦା-ସନ୍ତାନଗଣ	1	1	1	1	JOS 17:2
ଶମୀଦାଠାରୁ	1	1	1	1	NUM 26:32
ଶମୀଦାର	1	1	1	1	1CH 7:19
ଶମୀଦାୟୀୟ	1	1	1	1	NUM 26:32
ଶମୀନୀତ୍	1	1	1	1	PSA 12:1
ଶମୀରାମୋତକୁ	1	1	1	1	1CH 15:18
ଶମୀରାମୋତ୍	3	3	2	3	1CH 15:20
ଶମୂୟେଲ	1	1	1	0	NUM 34:20
ଶମ୍ଗର	2	2	1	3	JDG 3:31
ଶମ୍ମ	9	9	4	8	GEN 36:13
ଶମ୍ମକୁ	2	2	2	1	1SA 16:9
ଶମ୍ମୁୟ	2	2	2	0	1CH 14:4
ଶମ୍ମୂୟ	1	1	1	4	NUM 13:4
ଶମ୍ମୂୟର	1	1	1	1	NEH 11:17
ଶମ୍ମୋତ୍	2	2	1	2	1CH 11:27
ଶମ୍ମୟ	2	2	1	2	1CH 2:28
ଶମ୍ମୟକୁ	1	1	1	1	1CH 2:44
ଶମ୍ମୟର	3	3	1	3	1CH 2:28
ଶମ୍ଲୟର	1	1	1	1	EZR 2:46
ଶମ୍ଶରୟ	1	1	1	1	1CH 8:26
ଶମୟୀୟ	24	24	4	27	1CH 3:22
ଶମୟୀୟ-ବଂଶର	1	1	1	1	NEH 12:18
ଶମୟୀୟକୁ	3	3	2	3	1CH 15:11
ଶମୟୀୟର	9	9	3	11	1CH 3:22
ଶଯ୍ୟା	32	32	11	33	LEV 15:5
ଶଯ୍ୟାକୁ	1	1	1	1	GEN 49:4
ଶଯ୍ୟାଗତ	4	4	3	4	EXO 21:18
ଶଯ୍ୟାଗତା	2	2	2	2	MAT 8:14
ଶଯ୍ୟାଚ୍ଛାଦନ	1	1	1	1	2KI 8:15
ଶଯ୍ୟାର	2	2	2	2	GEN 47:31
ଶଯ୍ୟାରୁ	1	1	1	1	2SA 11:2
ଶଯ୍ୟାରେ	31	31	18	31	GEN 48:2
ଶଯ୍ୟାଶାୟୀ	3	3	2	3	ACT 9:33
ଶର	1	1	1	1	LAM 3:13
ଶରଣ	13	13	4	16	DEU 32:37
ଶରଣାଗତ	12	12	1	10	PSA 5:11
ଶରଣାପନ୍ନ	1	1	1	2	ROM 11:22
ଶରଣାପନ୍ନସମସ୍ତଙ୍କୁ	1	1	1	0	JER 46:25
ଶରୀର	139	139	29	146	EXO 12:9
ଶରୀରକୁ	24	24	14	27	NUM 19:7
ଶରୀରଗୁଡ଼ିକ	1	1	1	1	JHN 19:31
ଶରୀରଟି	1	1	1	1	MAT 27:59
ଶରୀରଠାରୁ	1	1	1	1	2CO 5:8
ଶରୀରଫଳ	1	1	1	0	DEU 28:18
ଶରୀରଫଳରେ	2	2	1	0	DEU 28:11
ଶରୀରର	54	54	21	55	EXO 28:42
ଶରୀରରୁ	6	6	6	8	EXO 33:5
ଶରୀରରୂପ	4	4	4	4	JHN 2:21
ଶରୀରରେ	60	60	19	60	EXO 9:9
ଶରୀରସ୍ଥ	1	1	1	1	NUM 16:22
ଶରେତ୍ସର	2	2	2	6	ISA 37:38
ଶରେତ୍ସର୍	1	1	1	0	2KI 19:37
ଶର୍ସଖୀମ୍	1	1	1	1	JER 39:3
ଶଲଟୀୟେଲର	1	1	1	0	EZR 3:2
ଶଲମନ୍	1	1	1	0	HOS 10:14
ଶଲୁମୀୟେଲ	3	3	1	4	NUM 2:12
ଶଲୁମୀୟେଲର	1	1	1	1	NUM 7:41
ଶଲୁମୀୟେଲ୍	1	1	1	0	NUM 1:6
ଶଲୋମନ	163	163	11	174	2SA 12:24
ଶଲୋମନକୁ	6	6	2	6	1KI 1:10
ଶଲୋମନଙ୍କ	32	32	8	71	1KI 1:47
ଶଲୋମନଙ୍କ-ରଚିତ	1	1	1	0	PSA 127:1
ଶଲୋମନଙ୍କର	69	69	7	75	1KI 1:11
ଶଲୋମନଙ୍କୁ	27	27	5	33	1KI 1:38
ଶଲୋମନର	7	7	3	7	1KI 1:12
ଶଲୋମନ୍	1	1	1	0	2SA 5:14
ଶଲୋମିର	1	1	1	1	NUM 34:27
ଶଲୋମୀ	2	2	1	2	MRK 15:40
ଶଲୋମୀତକୁ	1	1	1	0	2CH 11:20
ଶଲୋମୀତର	1	1	1	0	EZR 8:10
ଶଲୋମୀତ୍	7	7	2	7	LEV 24:11
ଶଲୋମୀତ୍ର	2	2	1	3	1CH 24:22
ଶଲ୍ଟୀୟର	1	1	1	0	HAG 1:1
ଶଲ୍ଟୀୟେଲ	2	2	2	1	1CH 3:18
ଶଲ୍ଟୀୟେଲଙ୍କ	3	3	1	3	HAG 1:12
ଶଲ୍ଟୀୟେଲଙ୍କୁ	1	1	1	1	MAT 1:12
ଶଲ୍ଟୀୟେଲର	4	4	3	6	EZR 3:8
ଶଲ୍ମ	1	1	1	0	1CH 2:51
ଶଲ୍ମନେଷର	1	1	1	2	2KI 17:3
ଶଲ୍ମନେଷର୍	1	1	1	0	2KI 18:9
ଶଲ୍ମର	1	1	1	0	1CH 2:54
ଶଲ୍ମୟର	1	1	1	1	NEH 7:48
ଶଲ୍ଲମ୍	1	1	1	0	JER 22:11
ଶଲ୍ଲୁନ୍	1	1	1	1	NEH 3:15
ଶଲ୍ଲୁମଙ୍କର	1	1	1	0	2KI 15:15
ଶଲ୍ଲୁମଙ୍କୁ	1	1	1	0	2KI 15:14
ଶଲ୍ଲୁମର	5	5	4	0	2KI 22:14
ଶଲ୍ଲୁମ୍	15	15	5	17	2KI 15:10
ଶଲ୍ଲୁମ୍କୁ	2	2	1	2	1CH 2:40
ଶଲ୍ଲୁମ୍ର	1	1	1	8	1CH 9:31
ଶଲ୍ଲୂମର	2	2	1	0	JER 32:7
ଶଲ୍ଲେଖତ୍	1	1	1	1	1CH 26:16
ଶଲ୍ୟ	2	2	1	2	1SA 17:6
ଶସ୍ତ୍ର	1	1	1	1	GEN 27:3
ଶସ୍ତ୍ରାଦି	1	1	1	1	1SA 20:40
ଶସ୍ୟ	161	161	36	176	GEN 27:28
ଶସ୍ୟ-ମର୍ଦ୍ଦନ-ଯନ୍ତ୍ର	1	1	1	0	ISA 41:15
ଶସ୍ୟ-ସଂଗ୍ରହର	1	1	1	0	JER 8:20
ଶସ୍ୟକୁ	2	2	2	3	EZK 36:29
ଶସ୍ୟକ୍ଷେତ୍ର	13	13	8	13	NUM 16:14
ଶସ୍ୟକ୍ଷେତ୍ରକୁ	3	3	3	3	DEU 23:25
ଶସ୍ୟକ୍ଷେତ୍ରର	3	3	3	3	ISA 61:5
ଶସ୍ୟଚ୍ଛେଦକମାନଙ୍କ	5	5	2	1	RUT 2:5
ଶସ୍ୟଚ୍ଛେଦକମାନଙ୍କର	1	1	1	0	RUT 2:3
ଶସ୍ୟଚ୍ଛେଦକମାନଙ୍କୁ	1	1	1	0	RUT 2:4
ଶସ୍ୟଚ୍ଛେଦକମାନେ	1	1	1	0	RUT 2:9
ଶସ୍ୟଚ୍ଛେଦକର	1	1	1	1	JER 9:22
ଶସ୍ୟଚ୍ଛେଦନ	8	8	5	4	GEN 45:6
ଶସ୍ୟଚ୍ଛେଦନକାଳୀନ	1	1	1	1	ISA 18:4
ଶସ୍ୟଚ୍ଛେଦନର	4	4	3	4	JOS 3:15
ଶସ୍ୟଛେଦନକାରୀମାନଙ୍କର	1	1	1	0	JAS 5:4
ଶସ୍ୟଛେଦନକାରୀମାନଙ୍କୁ	1	1	1	1	JAS 5:4
ଶସ୍ୟପୂର୍ଣ୍ଣ	1	1	1	1	HOS 9:1
ଶସ୍ୟବିଡ଼ା	3	3	2	4	JOB 5:26
ଶସ୍ୟମର୍ଦ୍ଦନ	15	15	6	15	LEV 26:5
ଶସ୍ୟମର୍ଦ୍ଦନ-ଯନ୍ତ୍ରରେ	1	1	1	0	AMO 1:3
ଶସ୍ୟମର୍ଦ୍ଦନକାରିଣୀ	1	1	1	1	JER 50:11
ଶସ୍ୟର	17	17	13	18	GEN 41:34
ଶସ୍ୟରାଶିର	1	1	1	1	RUT 3:7
ଶସ୍ୟରେ	3	3	2	3	DEU 16:9
ଶସ୍ୟଶିଁଷାର	1	1	1	1	JOB 24:24
ଶସ୍ୟଶିଷା	1	1	1	0	RUT 2:2
ଶସ୍ୟାଦି	5	5	5	5	EXO 23:10
ଶସ୍ୟାଦିର	2	2	1	2	DEU 14:28
ଶହ	331	331	17	377	NUM 1:21
ଶହକେ	1	1	1	1	JDG 20:10
ଶହଠାରୁ	1	1	1	1	1CO 15:6
ଶହତ୍ସୀମ୍	1	1	1	1	JOS 19:22
ଶହରୀୟ	1	1	1	1	1CH 8:26
ଶହରୟିମ୍	1	1	1	1	1CH 8:8
ଶହେ	58	58	19	58	GEN 5:3
ଶା	31	31	15	5	GEN 32:20
ଶାଉଲ	237	237	5	245	1SA 9:2
ଶାଉଲକୁ	2	2	2	2	1SA 15:11
ଶାଉଲଙ୍କ	56	56	5	78	1SA 9:3
ଶାଉଲଙ୍କଠାରୁ	1	1	1	1	1SA 16:14
ଶାଉଲଙ୍କର	74	74	4	78	1SA 10:14
ଶାଉଲଙ୍କୁ	51	51	5	54	1SA 9:3
ଶାଉଲଠାରୁ	1	1	1	1	2SA 7:15
ଶାଉଲର	3	3	3	3	1SA 17:8
ଶାକ	16	16	9	16	GEN 1:11
ଶାକ-ଉଦ୍ୟାନ	1	1	1	1	DEU 11:10
ଶାକକ୍ଷେତ୍ର	1	1	1	1	1KI 21:2
ଶାକର	1	1	1	1	LUK 11:42
ଶାକାଦି	1	1	1	0	HEB 6:7
ଶାକାନ୍ନ	1	1	1	1	PRO 15:17
ଶାଖା	55	55	15	62	GEN 30:37
ଶାଖାଗୁଡ଼ିକୁ	1	1	1	1	ROM 11:21
ଶାଖାଦ୍ୱୟର	6	6	1	3	EXO 25:35
ଶାଖାବିଶିଷ୍ଟ	4	4	2	4	JOB 14:9
ଶାଖାମାନ	1	1	1	1	EZK 31:3
ଶାଖାମାନଙ୍କ	1	1	1	1	EZK 31:14
ଶାଖାମାନର	3	3	2	3	EZK 17:23
ଶାଖାମାନରେ	1	1	1	1	DAN 4:12
ଶାଖାର	3	3	3	3	JOB 14:7
ଶାଖାରେ	10	10	4	10	GEN 40:12
ଶାଖାସକଳର	1	1	1	1	EZK 31:7
ଶାଖାସବୁ	16	16	8	16	PSA 80:10
ଶାଗଠାରୁ	2	2	2	2	MAT 13:32
ଶାଗିର	1	1	1	1	1CH 11:34
ଶାଗୁଆ	2	2	1	2	LEV 13:49
ଶାଗୁଣା	2	2	2	5	DEU 14:17
ଶାଗୁଣାଗୁଡ଼ାକ	2	2	2	2	MAT 24:28
ଶାଠିଏ	1	1	1	0	1CH 9:13
ଶାଣ	1	1	1	1	DEU 32:41
ଶାଣିତ	6	6	3	6	PSA 7:12
ଶାନ୍ତଲୋକଙ୍କ	1	1	1	0	PSA 35:20
ଶାନ୍ତି	125	125	44	139	LEV 26:6
ଶାନ୍ତି-ପରାମର୍ଶଦାତାମାନଙ୍କର	1	1	1	1	PRO 12:20
ଶାନ୍ତିକର	3	3	3	3	NUM 25:12
ଶାନ୍ତିକର୍ତ୍ତାଙ୍କର	1	1	1	0	GEN 49:10
ଶାନ୍ତିକାରକ	2	2	2	2	MAT 5:9
ଶାନ୍ତିକି	1	1	1	0	ISA 60:17
ଶାନ୍ତିଜନକ	3	3	3	3	ISA 53:5
ଶାନ୍ତିଦାତା	6	6	5	6	ROM 15:33
ଶାନ୍ତିଦାୟକ	3	3	3	3	2SA 14:17
ଶାନ୍ତିପଥକୁ	1	1	1	1	LUK 1:78
ଶାନ୍ତିପ୍ରାପ୍ତାର	1	1	1	1	SNG 8:10
ଶାନ୍ତିପ୍ରିୟ	2	2	2	2	PSA 37:37
ଶାନ୍ତିବାଦୀ	1	1	1	1	EST 10:3
ଶାନ୍ତିମୟ	3	3	1	3	ISA 32:17
ଶାନ୍ତିଯୁକ୍ତ	3	3	3	3	JER 25:37
ଶାନ୍ତିର	28	28	14	34	PSA 28:3
ଶାନ୍ତିରାଜା	2	2	2	2	ISA 9:6
ଶାନ୍ତିରୁ	1	1	1	1	LAM 3:17
ଶାନ୍ତିରୂପ	1	1	1	1	EPH 4:3
ଶାନ୍ତିରେ	40	40	23	39	GEN 26:29
ଶାନ୍ତିସୂଚକ	1	1	1	1	DEU 2:26
ଶାନ୍ତିସ୍ୱରୂପ	1	1	1	1	MIC 5:5
ଶାପ	67	67	17	7	EXO 21:17
ଶାପକୁ	2	2	2	0	DEU 23:5
ଶାପଗ୍ରସ୍ତ	50	50	15	37	GEN 3:14
ଶାପଗ୍ରସ୍ତମାନେ	1	1	1	1	MAT 25:41
ଶାପଗ୍ରସ୍ତା	1	1	1	1	2KI 9:34
ଶାପଜନକ	6	6	1	0	NUM 5:18
ଶାପର	2	2	2	0	NUM 5:23
ଶାପରେ	1	1	1	0	1KI 2:8
ଶାପାସ୍ପଦ	1	1	1	0	ISA 65:15
ଶାଫଟ	1	1	1	1	NUM 13:5
ଶାଫଟର	4	4	2	0	1KI 19:16
ଶାଫଟ୍	3	3	1	3	1CH 3:22
ଶାଫନ	1	1	1	0	JER 36:10
ଶାଫନର	11	11	2	0	JER 26:24
ଶାଫନ୍	15	15	5	16	LEV 11:5
ଶାଫନ୍କୁ	3	3	2	3	2KI 22:8
ଶାଫନ୍ର	4	4	3	15	2KI 22:12
ଶାଫମ୍	1	1	1	1	1CH 5:12
ଶାଫୀର	1	1	1	1	MIC 1:11
ଶାଫ୍	1	1	1	1	1CH 2:47
ଶାଫ୍କୁ	1	1	1	1	1CH 2:49
ଶାବକ	8	8	5	11	EXO 12:5
ଶାବକକୁ	3	3	3	4	GEN 49:11
ଶାବକଗଣ	2	2	2	2	JOB 4:11
ଶାବକଗଣକୁ	1	1	1	1	EXO 12:29
ଶାବକଟି	1	1	1	1	MAT 21:7
ଶାବକମାନଙ୍କୁ	2	2	2	2	MAT 23:37
ଶାବିକିରୀୟାଥୟିମରେ	1	1	1	0	GEN 14:5
ଶାବୀ	1	1	1	2	GEN 14:17
ଶାବ୍ଶା	1	1	1	1	1CH 18:16
ଶାମଶୋନ୍	1	1	1	0	JDG 16:9
ଶାମୀର	1	1	1	0	JOS 15:48
ଶାମୀରରେ	2	2	1	2	JDG 10:1
ଶାମୀର୍	1	1	1	2	1CH 24:24
ଶାମୁକା	1	1	1	1	PSA 58:8
ଶାମୁୟେଲ	99	99	7	116	1SA 1:20
ଶାମୁୟେଲଙ୍କ	13	13	3	21	1SA 3:21
ଶାମୁୟେଲଙ୍କର	10	10	2	11	1SA 7:13
ଶାମୁୟେଲଙ୍କୁ	21	21	1	23	1SA 3:4
ଶାମ୍	1	1	1	1	1CH 11:44
ଶାମ୍ଶୋନ୍	26	26	2	36	JDG 13:24
ଶାମ୍ଶୋନ୍କୁ	8	8	1	8	JDG 15:10
ଶାମ୍ଶୋନ୍ର	3	3	1	6	JDG 14:15
ଶାର-ଯାଶୂବ	1	1	1	1	ISA 7:3
ଶାରରର	1	1	1	1	2SA 23:33
ଶାରୀରିକ	36	36	13	45	ROM 7:14
ଶାରୀରିକଭାବେ	3	3	2	1	ROM 9:3
ଶାରୀରିକମନା	1	1	1	2	ROM 8:5
ଶାରୁହନ୍	1	1	1	1	JOS 19:6
ଶାରୋଣ	3	3	2	2	ISA 33:9
ଶାରୋଣର	3	3	3	3	1CH 5:16
ଶାରୋଣରେ	1	1	1	1	1CH 27:29
ଶାରୋଣୀୟ	1	1	1	1	1CH 27:29
ଶାରୟ	1	1	1	1	EZR 10:40
ଶାରୟିମ୍	2	2	2	2	JOS 15:36
ଶାଲ	1	1	1	1	EZR 10:29
ଶାଲବୀମରେ	1	1	1	0	JDG 1:35
ଶାଲବୀମ୍	2	2	2	1	JOS 19:42
ଶାଲବେନୀୟ	1	1	1	0	1CH 11:33
ଶାଲମ	1	1	1	1	JHN 3:23
ଶାଲମର	1	1	1	0	GEN 14:18
ଶାଲଲଙ୍କର	1	1	1	0	2SA 2:12
ଶାଲିଶା	1	1	1	1	1SA 9:4
ଶାଲୀମ୍	1	1	1	1	1SA 9:4
ଶାଲେମର	2	2	1	2	HEB 7:1
ଶାଲେମ୍ରେ	1	1	1	2	PSA 76:2
ଶାଲ୍ବୋନୀୟ	1	1	1	2	2SA 23:32
ଶାଳା	3	3	2	3	NUM 32:24
ଶାଶକ୍	1	1	1	1	1CH 8:14
ଶାଶକ୍ର	1	1	1	1	1CH 8:22
ଶାଶୁ	13	13	5	13	DEU 27:23
ଶାଶୁକୁ	2	2	1	2	RUT 1:14
ଶାଶୁଙ୍କୁ	2	2	2	2	MAT 8:14
ଶାଶୁର	2	2	2	2	RUT 3:6
ଶାଶ୍ଗସର	1	1	1	1	EST 2:14
ଶାଶୟ	1	1	1	1	EZR 10:40
ଶାସକ	2	2	2	11	1CH 27:4
ଶାସନ	116	116	31	129	EXO 21:1
ଶାସନ-କର୍ତ୍ତାଙ୍କର	1	1	1	0	MAT 27:15
ଶାସନକର୍ତ୍ତା	60	60	22	65	JDG 11:6
ଶାସନକର୍ତ୍ତା-ଗଣ	1	1	1	0	EST 3:12
ଶାସନକର୍ତ୍ତା-ଗଣଙ୍କୁ	1	1	1	0	DAN 3:2
ଶାସନକର୍ତ୍ତା-ମାନଙ୍କ	1	1	1	0	ISA 14:6
ଶାସନକର୍ତ୍ତା-ମାନେ	1	1	1	0	ACT 4:26
ଶାସନକର୍ତ୍ତାଗଣ	3	3	2	4	DAN 3:3
ଶାସନକର୍ତ୍ତାଙ୍କ	9	9	4	10	MAT 27:2
ଶାସନକର୍ତ୍ତାଙ୍କୁ	2	2	1	2	ACT 13:8
ଶାସନକର୍ତ୍ତାଠାରୁ	1	1	1	1	ECC 10:5
ଶାସନକର୍ତ୍ତାମାନଙ୍କ	5	5	4	6	JDG 5:9
ଶାସନକର୍ତ୍ତାମାନଙ୍କର	1	1	1	1	ISA 49:7
ଶାସନକର୍ତ୍ତାମାନଙ୍କୁ	1	1	1	2	2CH 23:20
ଶାସନକର୍ତ୍ତାମାନେ	9	9	8	10	JDG 5:14
ଶାସନକର୍ତ୍ତାର	4	4	4	4	2CH 26:11
ଶାସନକର୍ତ୍ତୃଗଣ	4	4	3	4	JDG 5:7
ଶାସନକାରୀ	3	3	3	3	ISA 28:14
ଶାସନକାରୀର	1	1	1	1	ECC 9:17
ଶାସନକୁ	1	1	1	1	HEB 12:5
ଶାସନପଥ	1	1	1	0	DAN 9:5
ଶାସନପ୍ରାପ୍ତ	1	1	1	0	1TI 1:20
ଶାସନବାଡ଼ି	1	1	1	1	PRO 22:15
ଶାସନର	1	1	1	6	HEB 12:8
ଶାସନରୁ	1	1	1	1	PSA 119:102
ଶାସନରେ	3	3	2	3	PSA 89:30
ଶାସନସକଳ	25	25	7	24	LEV 25:18
ଶାସନସବୁ	9	9	4	9	1CH 28:7
ଶାସନାନୁସାରେ	7	7	5	7	EXO 21:31
ଶାସନାବଳି	2	2	1	2	EZK 5:6
ଶାସନାର୍ଥେ	1	1	1	1	HAB 1:12
ଶାସ୍ତି	64	64	18	74	LEV 26:28
ଶାସ୍ତିପ୍ରାପ୍ତ	1	1	1	1	2CO 6:9
ଶାସ୍ତ୍ର	15	15	7	15	DAN 9:2
ଶାସ୍ତ୍ରପାଠ	2	2	2	3	ACT 13:15
ଶାସ୍ତ୍ରମାନଙ୍କରେ	1	1	1	1	JUD 1:4
ଶାସ୍ତ୍ରର	7	7	3	8	ACT 8:32
ଶାସ୍ତ୍ରରେ	9	9	6	33	PSA 40:7
ଶାସ୍ତ୍ରଲବ୍ଧ	1	1	1	0	ROM 15:4
ଶାସ୍ତ୍ରୀ	25	25	6	29	MAT 5:20
ଶାସ୍ତ୍ରୀ-ମାନଙ୍କ	1	1	1	0	MAT 20:18
ଶାସ୍ତ୍ରୀଙ୍କୁ	1	1	1	1	MAT 2:4
ଶାସ୍ତ୍ରୀମାନଙ୍କ	12	12	3	13	MAT 7:29
ଶାସ୍ତ୍ରୀମାନଙ୍କଠାରୁ	2	2	2	4	MRK 12:38
ଶାସ୍ତ୍ରୀମାନଙ୍କୁ	2	2	2	2	MAT 23:34
ଶାସ୍ତ୍ରୀମାନେ	20	20	4	21	MAT 15:1
ଶାସ୍ତ୍ରୀୟ	2	2	2	2	NUM 19:2
ଶିଁଷା	4	4	3	4	MAT 12:1
ଶିଁଷାରେ	1	1	1	1	MRK 4:28
ଶିଆର	1	1	1	2	PSA 129:3
ଶିଆରର	1	1	1	1	HOS 12:11
ଶିଆରରେ	2	2	2	2	PSA 65:10
ଶିକାର	12	12	6	13	GEN 49:27
ଶିକାରୀ	3	3	2	4	JOB 28:7
ଶିକୁଳି	1	1	1	5	EZK 7:23
ଶିକୁଳିରେ	4	4	3	6	2CH 33:11
ଶିକ୍ଷକ	14	14	11	18	1CH 25:8
ଶିକ୍ଷକଗଣ	1	1	1	1	ISA 30:20
ଶିକ୍ଷକଗଣକୁ	1	1	1	1	ISA 30:20
ଶିକ୍ଷକଙ୍କୁ	1	1	1	1	2TI 4:3
ଶିକ୍ଷକମାନଙ୍କ	1	1	1	6	PRO 5:13
ଶିକ୍ଷକମାନଙ୍କୁ	1	1	1	2	EZR 8:16
ଶିକ୍ଷକମାନେ	2	2	2	5	ACT 13:1
ଶିକ୍ଷକର	1	1	1	1	GAL 3:25
ଶିକ୍ଷକରେ	1	1	1	1	HAB 2:18
ଶିକ୍ଷା	249	249	43	303	EXO 4:15
ଶିକ୍ଷାଜନକ	1	1	1	1	PRO 6:23
ଶିକ୍ଷାଦାତାଙ୍କୁ	1	1	1	1	GAL 6:6
ଶିକ୍ଷାଦାନରେ	6	6	4	5	ROM 12:8
ଶିକ୍ଷାଦାୟୀ	1	1	1	1	ISA 9:15
ଶିକ୍ଷାଦାୟୀ-ଯାଜକ-ବିହୀନ	1	1	1	0	2CH 15:3
ଶିକ୍ଷାନୁଯାୟୀ	3	3	3	3	1CO 12:8
ଶିକ୍ଷାନୁସାରେ	1	1	1	1	COL 2:21
ଶିକ୍ଷାପ୍ରାପ୍ତ	3	3	3	0	JHN 6:45
ଶିକ୍ଷାମତେ	1	1	1	1	JER 9:14
ଶିକ୍ଷାର	11	11	7	14	EZK 5:15
ଶିକ୍ଷାରୁ	1	1	1	1	MAT 16:12
ଶିକ୍ଷାରୂପ	1	1	1	0	EPH 4:14
ଶିକ୍ଷାରେ	11	11	6	12	MAT 7:28
ଶିକ୍ଷାର୍ଥକ	1	1	1	1	PSA 60:1
ଶିକ୍ଷାର୍ଥେ	1	1	1	1	DEU 5:1
ଶିକ୍ଷିତ	19	19	11	18	GEN 14:14
ଶିକ୍ଷିତା	1	1	1	1	HOS 10:11
ଶିଖ	4	4	4	4	PSA 95:4
ଶିଖନୀୟର	1	1	1	0	NEH 3:29
ଶିଖନ୍ତି	1	1	1	1	1TI 5:13
ଶିଖନ୍ତୁ	1	1	1	1	TIT 3:14
ଶିଖର	6	6	4	6	ISA 2:2
ଶିଖରକୁ	1	1	1	1	NUM 23:28
ଶିଖରରୁ	3	3	3	3	NUM 23:9
ଶିଖରରେ	2	2	2	2	JDG 9:7
ଶିଖା	2	2	2	1	SNG 8:6
ଶିଖାଅ	15	15	3	16	DEU 4:9
ଶିଖାଇ	2	2	2	2	JER 9:5
ଶିଖାଇଅଛ	1	1	1	1	JER 2:33
ଶିଖାଇଅଛନ୍ତି	1	1	1	1	2SA 14:19
ଶିଖାଇଥିଲା	1	1	1	1	PRO 31:1
ଶିଖାଇବ	4	4	3	4	DEU 5:31
ଶିଖାଇବା	5	5	4	5	EXO 4:12
ଶିଖାଇବାକୁ	2	2	2	2	2SA 1:18
ଶିଖାଇବି	6	6	4	6	JOB 33:33
ଶିଖାଇବେ	8	8	5	8	DEU 4:10
ଶିଖାଇଲା	4	4	4	4	2SA 14:3
ଶିଖାଇଲୁ	1	1	1	1	HOS 11:3
ଶିଖାଇଲେ	3	3	3	3	DEU 31:22
ଶିଖାଉ	1	1	1	1	2KI 17:27
ଶିଖାଉଅଛ	1	1	1	1	PSA 119:171
ଶିଖାଉଅଛି	1	1	1	1	JOB 15:5
ଶିଖାଉନ୍ତୁ	2	2	2	1	JDG 13:8
ଶିଖାନ୍ତି	6	6	4	6	2SA 22:35
ଶିଖାଯୁକ୍ତ	1	1	1	1	PSA 105:32
ଶିଖାରେ	1	1	1	2	ISA 5:24
ଶିଖି	2	2	2	2	PRO 30:3
ଶିଖିଅଛ	1	1	1	1	PHP 4:9
ଶିଖିବ	3	3	2	3	DEU 17:19
ଶିଖିବା	1	1	1	1	PSA 119:7
ଶିଖିବି	1	1	1	1	PSA 119:71
ଶିଖିବେ	5	5	4	6	DEU 4:10
ଶିଖିମ	38	38	7	38	GEN 12:6
ଶିଖିମକୁ	10	10	6	10	GEN 34:26
ଶିଖିମର	8	8	3	8	GEN 33:18
ଶିଖିମରେ	10	10	5	11	GEN 37:13
ଶିଖିମସ୍ଥିତ	1	1	1	0	JOS 24:32
ଶିଖିମ୍	1	1	1	1	1CH 6:67
ଶିଖିଲା	2	2	1	2	EZK 19:3
ଶିଖିଲେ	1	1	1	2	PSA 106:35
ଶିଗାୟୋନ	1	1	1	1	PSA 7:1
ଶିଙ୍ଗା	2	2	2	2	1CH 15:28
ଶିଙ୍ଗାରେ	1	1	1	1	JOS 6:5
ଶିଟିମଠାରୁ	1	1	1	0	JOS 2:1
ଶିଟିମରୁ	1	1	1	0	JOS 3:1
ଶିଟୀମ	2	2	2	0	NUM 33:49
ଶିଟୀମଠାରୁ	1	1	1	3	MIC 6:5
ଶିଟୀମର	1	1	1	1	JOL 3:18
ଶିଟୀମରେ	1	1	1	1	NUM 25:1
ଶିଟୀମ୍	26	26	1	28	EXO 25:5
ଶିଥିଳ	7	7	6	8	2CH 15:7
ଶିଥିଳଚିତ୍ତମାନେ	1	1	1	1	LUK 24:25
ଶିଥିଳତାରେ	1	1	1	1	ECC 10:18
ଶିଥିଳହସ୍ତ	1	1	1	0	2SA 17:2
ଶିନତ୍ସର	1	1	1	1	1CH 3:18
ଶିନାବ୍	1	1	1	1	GEN 14:2
ଶିନୀୟର	4	4	3	5	GEN 10:10
ଶିନୀୟରର	2	2	1	2	GEN 14:1
ଶିନୀୟରରୁ	1	1	1	1	ISA 11:11
ଶିନ୍	1	1	1	1	PSA 119:160
ଶିପ୍ତନର	1	1	1	1	NUM 34:24
ଶିଫୀୟିର	1	1	1	0	1CH 4:37
ଶିଫ୍ମୀୟ	1	1	1	1	1CH 27:27
ଶିଫ୍ମୋତ୍	1	1	1	1	1SA 30:27
ଶିଫ୍ରା	1	1	1	1	EXO 1:15
ଶିବା	13	13	8	14	GEN 10:7
ଶିବାକୁ	1	1	1	1	1CH 2:49
ଶିବାର	11	11	5	11	1KI 10:4
ଶିବାୟୀୟ	1	1	1	1	JOL 3:8
ଶିବାୟୀୟମାନେ	1	1	1	1	JOB 1:15
ଶିବିର	1	1	1	2	REV 20:9
ଶିବ୍ନ	7	7	2	9	2KI 18:18
ଶିବ୍ବୋଲେତ୍	1	1	1	1	JDG 12:6
ଶିବ୍ମାର	3	3	2	0	ISA 16:8
ଶିମ	3	3	3	3	2SA 17:28
ଶିମିନୀତ୍	2	2	2	2	1CH 15:21
ଶିମିୟଥୀୟ	1	1	1	1	1CH 2:55
ଶିମିୟିର	1	1	1	0	EST 2:5
ଶିମିୟୋନ	1	1	1	5	ACT 13:1
ଶିମୀୟ	2	2	1	2	1CH 3:5
ଶିମୀୟଙ୍କୁ	1	1	1	1	1CH 8:32
ଶିମୀୟତର	2	2	2	2	2KI 12:21
ଶିମୀୟର	4	4	2	4	2SA 13:3
ଶିମୀୟାମକୁ	1	1	1	1	1CH 9:38
ଶିମୀୟି	28	28	7	30	EXO 6:17
ଶିମୀୟିକି	5	5	2	0	2SA 19:23
ଶିମୀୟିର	11	11	6	13	NUM 3:21
ଶିମୀୟୋନ	18	18	10	21	GEN 35:23
ଶିମୀୟୋନ-ସନ୍ତାନଗଣ	2	2	2	3	NUM 1:22
ଶିମୀୟୋନ-ସନ୍ତାନଗଣର	5	5	2	5	NUM 2:12
ଶିମୀୟୋନ-ସନ୍ତାନମାନଙ୍କ	1	1	1	1	JOS 19:8
ଶିମୀୟୋନକୁ	3	3	2	3	GEN 42:24
ଶିମୀୟୋନଙ୍କ	1	1	1	1	LUK 3:30
ଶିମୀୟୋନର	12	12	7	13	GEN 46:10
ଶିମୀୟୋନୀୟ	2	2	1	2	NUM 25:14
ଶିମୀୟୋନୀୟମାନଙ୍କ	1	1	1	1	1CH 27:16
ଶିମୀୟୋନ୍	7	7	3	0	GEN 29:33
ଶିମୀୟୋନ୍-ସନ୍ତାନଗଣ	1	1	1	0	1CH 12:25
ଶିମୀୟୋନ୍-ସନ୍ତାନଗଣର	1	1	1	0	1CH 6:65
ଶିମେବର	1	1	1	1	GEN 14:2
ଶିମୋନ	55	55	5	57	MAT 4:18
ଶିମୋନଙ୍କ	7	7	5	7	MAT 26:6
ଶିମୋନଙ୍କର	2	2	1	2	LUK 5:3
ଶିମୋନଙ୍କୁ	7	7	2	7	LUK 5:4
ଶିମୋନର	5	5	3	5	1CH 4:20
ଶିମ୍ରତ୍	1	1	1	1	1CH 8:21
ଶିମ୍ରି	1	1	1	2	2CH 29:13
ଶିମ୍ରିର	1	1	1	2	1CH 11:45
ଶିମ୍ରୀତର	1	1	1	1	2CH 24:26
ଶିମ୍ରୋଣ	2	2	2	3	JOS 19:15
ଶିମ୍ରୋଣଠାରୁ	1	1	1	1	NUM 26:24
ଶିମ୍ରୋଣମରୋଣର	1	1	1	1	JOS 12:20
ଶିମ୍ରୋଣର	1	1	1	1	JOS 11:1
ଶିମ୍ରୋଣୀୟ	1	1	1	1	NUM 26:24
ଶିମ୍ରୋନ୍	1	1	1	0	GEN 46:13
ଶିମ୍ଶୟ	2	2	1	4	EZR 4:8
ଶିମ୍ଶୟର	2	2	1	0	EZR 4:17
ଶିମୟି	1	1	1	0	1CH 4:26
ଶିମୟିର	1	1	1	0	1CH 4:27
ଶିମୟୀ	1	1	1	1	LUK 3:26
ଶିମୟୀଙ୍କ	1	1	1	1	LUK 3:26
ଶିମୟୀୟ	1	1	1	0	1CH 5:4
ଶିରସ୍ତ୍ରାଣ	2	2	2	2	EPH 6:17
ଶିରା	3	3	2	1	EZK 37:6
ଶିରାରେ	1	1	1	1	JOB 10:11
ଶିରାସବୁ	1	1	1	1	JOB 40:17
ଶିରୋଧାର୍ଯ୍ୟ	2	2	2	2	GEN 41:40
ଶିରୋବନ୍ଧନୀ	1	1	1	1	ISA 3:23
ଶିରୋଭୂଷଣ	9	9	4	9	EXO 28:40
ଶିରୋଭୂଷଣରେ	1	1	1	1	LEV 8:13
ଶିଲହୀମ୍	1	1	1	1	JOS 15:32
ଶିଲେମ	1	1	1	0	GEN 46:24
ଶିଲୋହ	1	1	1	1	JHN 9:7
ଶିଲୋହକୁ	1	1	1	1	JHN 9:11
ଶିଲ୍ଲେମଠାରୁ	1	1	1	1	NUM 26:49
ଶିଲ୍ଲେମୀୟ	1	1	1	1	NUM 26:49
ଶିଲ୍ଶ	1	1	1	1	1CH 7:37
ଶିଲ୍ହିର	2	2	2	2	1KI 22:42
ଶିଳା	20	20	4	20	EXO 9:18
ଶିଳା-ଛୁରୀମାନ	1	1	1	1	JOS 5:3
ଶିଳାଗୁଡ଼ିକ	1	1	1	1	REV 16:21
ଶିଳାପାତ	1	1	1	1	EXO 9:34
ଶିଳାବୃଷ୍ଟି	13	13	8	13	EXO 9:24
ଶିଳାବୃଷ୍ଟିର	1	1	1	1	REV 16:21
ଶିଳାବୃଷ୍ଟିରେ	1	1	1	1	JOS 10:11
ଶିଳାଯୁକ୍ତ	1	1	1	1	ISA 28:2
ଶିଳାର	1	1	1	1	JOS 5:2
ଶିଳାରେ	1	1	1	1	PSA 78:48
ଶିଳାସକଳ	1	1	1	1	EZK 13:11
ଶିଳ୍ପ	6	6	3	9	EXO 35:33
ଶିଳ୍ପକର	5	5	4	5	SNG 7:1
ଶିଳ୍ପକରଣଓ	1	1	1	0	JER 24:1
ଶିଳ୍ପକରମାନଙ୍କର	3	3	2	2	JER 10:9
ଶିଳ୍ପକରମାନେ	1	1	1	1	JER 29:1
ଶିଳ୍ପକରର	2	2	2	2	DEU 27:15
ଶିଳ୍ପକର୍ମ	5	5	2	6	EXO 31:3
ଶିଳ୍ପକର୍ମବିଶିଷ୍ଟ	2	2	1	1	EXO 27:16
ଶିଳ୍ପକର୍ମର	2	2	2	2	ISA 2:16
ଶିଳ୍ପକର୍ମରେ	3	3	2	1	EXO 28:11
ଶିଳ୍ପକର୍ମାନୁସାରେ	1	1	1	1	2KI 16:10
ଶିଳ୍ପକାର	4	4	2	5	2KI 24:14
ଶିଳ୍ପକାରମାନଙ୍କ	3	3	3	3	1CH 29:5
ଶିଳ୍ପକାରର	3	3	1	3	EXO 28:6
ଶିଳ୍ପକାରୀ	1	1	1	1	EXO 38:23
ଶିଳ୍ପକାରୀମାନେ	1	1	1	1	ISA 44:11
ଶିଳ୍ପକାର୍ଯ୍ୟ	2	2	2	2	1KI 7:31
ଶିଳ୍ପାକାରର	1	1	1	1	EXO 26:31
ଶିଳ୍ପାସ୍ତ୍ରରେ	1	1	1	1	EXO 32:4
ଶିଳ୍ପିତ	5	5	4	4	EXO 26:1
ଶିଳ୍ପୀ	1	1	1	1	HEB 11:10
ଶିଶିର	9	9	6	10	DEU 32:2
ଶିଶିର-ବିନ୍ଦୁସବୁ	1	1	1	0	JOB 38:28
ଶିଶିରଯୁକ୍ତ	1	1	1	1	ISA 18:4
ଶିଶିରରହିତ	1	1	1	1	HAG 1:10
ଶିଶିରରେ	2	2	2	2	DEU 33:13
ଶିଶୁ	36	36	17	44	GEN 34:29
ଶିଶୁ-ପାଳନକାରୀ	1	1	1	1	NUM 11:12
ଶିଶୁକ	6	6	2	6	EXO 25:5
ଶିଶୁକଚର୍ମ	1	1	1	1	EXO 39:34
ଶିଶୁକଚର୍ମର	6	6	1	5	NUM 4:6
ଶିଶୁକଚର୍ମରେ	1	1	1	1	NUM 4:11
ଶିଶୁକୁ	2	2	2	2	ISA 49:15
ଶିଶୁଗଣ	3	3	3	3	PSA 17:14
ଶିଶୁଗଣକୁ	2	2	2	2	2KI 8:12
ଶିଶୁଙ୍କ	3	3	2	3	MAT 2:8
ଶିଶୁଙ୍କୁ	4	4	2	4	MAT 2:11
ଶିଶୁଟି	3	3	1	4	LUK 1:41
ଶିଶୁମାତ୍ର	1	1	1	1	HEB 5:13
ଶିଶୁମାନଙ୍କ	3	3	2	3	MAT 11:25
ଶିଶୁମାନଙ୍କର	2	2	2	2	HOS 13:13
ଶିଶୁମାନଙ୍କୁ	11	11	9	13	ISA 28:9
ଶିଶୁମାନେ	5	5	4	5	GEN 25:22
ଶିଶୁର	2	2	2	2	LAM 4:4
ଶିଶୁସନ୍ତାନମାନଙ୍କୁ	1	1	1	1	GEN 50:23
ଶିଷା	15	15	5	15	GEN 41:5
ଶିଷାକୁ	2	2	1	2	GEN 41:7
ଶିଷାଯୁକ୍ତ	1	1	1	1	EXO 9:31
ଶିଷ୍	2	2	1	2	ISA 5:26
ଶିଷ୍ଟାଚରଣ	1	1	1	1	1CO 7:35
ଶିଷ୍ଟାଚାର	1	1	1	1	1CO 15:33
ଶିଷ୍ୟ	42	42	6	54	MAT 10:24
ଶିଷ୍ୟ-ମାନଙ୍କ	1	1	1	0	ACT 9:1
ଶିଷ୍ୟଙ୍କ	3	3	3	8	MAT 26:20
ଶିଷ୍ୟଙ୍କୁ	9	9	3	20	MAT 10:1
ଶିଷ୍ୟଦଳ	1	1	1	1	LUK 19:37
ଶିଷ୍ୟମାନଙ୍କ	57	57	6	61	ISA 8:16
ଶିଷ୍ୟମାନଙ୍କର	2	2	2	2	JHN 2:17
ଶିଷ୍ୟମାନଙ୍କୁ	58	58	5	72	MAT 9:11
ଶିଷ୍ୟମାନେ	101	101	5	109	MAT 5:1
ଶିଷ୍ୟସମୂହ	1	1	1	1	MRK 10:46
ଶିଷ୍ୟସମୂହକୁ	2	2	1	1	ACT 6:2
ଶିଷ୍ୟା	1	1	1	1	ACT 9:36
ଶିହରି	1	1	1	1	JER 19:3
ଶିୟରୀୟ	2	2	1	2	1CH 8:38
ଶୀଆର	1	1	1	0	ISA 28:24
ଶୀଘ୍ର	167	167	40	178	GEN 18:6
ଶୀଘ୍ରଗାମୀ	4	4	1	4	JOB 7:6
ଶୀଘ୍ରରେ	1	1	1	1	JOL 3:4
ଶୀତ	10	10	9	10	GEN 8:22
ଶୀତକାଳ	10	10	8	10	PSA 74:17
ଶୀତକାଳର	1	1	1	1	AMO 3:15
ଶୀତକାଳରେ	5	5	5	5	JOB 24:7
ଶୀତଳ	8	8	5	8	PRO 25:25
ଶୀତଳତା	1	1	1	1	PRO 25:13
ଶୀବ୍ନ	2	2	1	0	ISA 22:15
ଶୀରା	2	2	1	1	1CH 7:24
ଶୀର୍ଣ୍ଣ	1	1	1	0	DAN 7:25
ଶୀର୍ଣ୍ଣାବସ୍ଥାରେ	1	1	1	1	GEN 18:12
ଶୀଲା	6	6	1	12	ACT 15:32
ଶୀଲାଙ୍କ	1	1	1	2	ACT 17:4
ଶୀଲାଙ୍କର	1	1	1	1	ACT 16:29
ଶୀଲାଙ୍କୁ	5	5	1	5	ACT 15:22
ଶୀଲୋ	6	6	3	6	JOS 21:2
ଶୀଲୋକୁ	5	5	2	6	1SA 1:3
ଶୀଲୋଠାରେ	1	1	1	1	JOS 22:9
ଶୀଲୋନିର	1	1	1	1	NEH 11:5
ଶୀଲୋନୀୟ	5	5	2	5	1KI 11:29
ଶୀଲୋନୀୟମାନଙ୍କ	1	1	1	1	1CH 9:5
ଶୀଲୋର	3	3	3	3	GEN 49:10
ଶୀଲୋରୁ	1	1	1	1	1SA 4:3
ଶୀଲୋରେ	13	13	4	13	JOS 18:1
ଶୀଲୋସ୍ଥିତ	4	4	4	4	JOS 18:9
ଶୀଲୋହର	1	1	1	1	ISA 8:6
ଶୀଲୋହରେ	1	1	1	1	LUK 13:4
ଶୀଶକ	1	1	1	0	1KI 11:40
ଶୀଶକ୍	5	5	2	6	1KI 14:25
ଶୀଶକ୍ର	1	1	1	1	2CH 12:7
ଶୀଶାର	1	1	1	1	1KI 4:3
ଶୀଶ୍	2	2	2	0	1KI 9:8
ଶୀଷାର	1	1	1	1	1CH 11:42
ଶୀଷ୍	2	2	2	4	ZEP 2:15
ଶୀସ୍	12	12	3	12	JER 18:16
ଶୀସ୍ର	1	1	1	1	2CH 29:8
ଶୀହୋର-ଲିବ୍ନତ	1	1	1	1	JOS 19:26
ଶୀହୋରଠାରୁ	1	1	1	1	JOS 13:3
ଶୀହୋରର	1	1	1	1	JER 2:18
ଶୀୟୋନ	1	1	1	1	JOS 19:19
ଶୀୟୋର	1	1	1	1	1CH 13:5
ଶୁଅ	4	4	2	4	1SA 3:5
ଶୁଆଇ	2	2	2	2	1KI 3:20
ଶୁଆଇଦେଲେ	1	1	1	1	ACT 9:37
ଶୁଆଇବ	1	1	1	1	DEU 25:2
ଶୁଆଇବେ	1	1	1	1	ISA 13:20
ଶୁଆଇଲା	3	3	3	3	JDG 16:19
ଶୁଆଇଲେ	4	4	4	4	GEN 22:9
ଶୁକକୀଟ	2	2	2	0	JOL 2:25
ଶୁକ୍ଳ	21	21	11	23	GEN 40:16
ଶୁକ୍ଳବର୍ଣ୍ଣ	8	8	6	8	GEN 30:35
ଶୁକ୍ଳବସ୍ତ୍ର	12	12	7	8	LEV 6:10
ଶୁକ୍ଳବସ୍ତ୍ରାନ୍ୱିତ	2	2	1	2	DAN 12:6
ଶୁକ୍ଳରେଖା	1	1	1	1	GEN 30:37
ଶୁକ୍ଳୀକୃତ	3	3	3	2	DAN 11:35
ଶୁଖଇ	1	1	1	1	PSA 90:6
ଶୁଖି	1	1	1	1	JOL 1:10
ଶୁଖିଗଲା	5	5	3	5	MAT 13:6
ଶୁଖିଗଲାଣି	1	1	1	1	MRK 11:21
ଶୁଖିଯାଇଥିବା	1	1	1	1	MRK 11:20
ଶୁଖିଯାଇଥିଲା	5	5	3	5	MAT 12:10
ଶୁଖିଯାଉଅଛି	1	1	1	1	MRK 9:18
ଶୁଖିଯାଏ	3	3	3	3	JHN 15:6
ଶୁଖିଯିବ	2	2	2	2	ISA 19:6
ଶୁଖିଲା	5	5	4	6	NUM 6:3
ଶୁଚି	180	180	33	193	GEN 7:2
ଶୁଚି-ଅଶୁଚି	2	2	1	0	LEV 20:25
ଶୁଚି-ପାତ୍ରରେ	1	1	1	0	ISA 66:20
ଶୁଚିକରଣ	1	1	1	6	JHN 2:6
ଶୁଚିକରିବା	1	1	1	0	LEV 16:30
ଶୁଚିକାରକର	1	1	1	1	MAL 3:3
ଶୁଚିକାରୀ	1	1	1	2	LEV 14:11
ଶୁଚିକୃତ	6	6	2	6	JER 13:27
ଶୁଚିତା	2	2	2	3	JOB 22:30
ଶୁଚିର	1	1	1	2	EZK 44:23
ଶୁଚିହସ୍ତ	1	1	1	1	JOB 17:9
ଶୁଚୀକୃତ	1	1	1	1	EZK 24:13
ଶୁଝିଦେ	1	1	1	1	MAT 18:28
ଶୁଝିବା	2	2	2	1	MAT 5:26
ଶୁଣ	209	209	29	214	GEN 4:23
ଶୁଣନ୍ତ	3	3	3	2	PSA 95:7
ଶୁଣନ୍ତି	33	33	18	33	GEN 16:11
ଶୁଣନ୍ତୁ	21	21	8	24	GEN 23:5
ଶୁଣନ୍ତେ	32	32	17	32	GEN 25:21
ଶୁଣନ୍ତେଣ	1	1	1	0	PSA 81:13
ଶୁଣା	13	13	9	12	EXO 23:13
ଶୁଣାଅ	3	3	1	3	PSA 51:8
ଶୁଣାଇ	2	2	2	2	JDG 13:23
ଶୁଣାଇଥା’ନ୍ତେ	1	1	1	1	JER 23:22
ଶୁଣାଇଥିଲେ	1	1	1	1	2KI 7:6
ଶୁଣାଇବ	3	3	2	3	DEU 30:12
ଶୁଣାଇବା	5	5	4	5	DEU 4:10
ଶୁଣାଇବି	1	1	1	1	PSA 26:6
ଶୁଣାଇବେ	5	5	4	5	ISA 30:30
ଶୁଣାଇଲ	1	1	1	1	PSA 76:8
ଶୁଣାଇଲା	2	2	2	1	EST 5:11
ଶୁଣାଇଲେ	1	1	1	2	DEU 4:36
ଶୁଣାଏ	1	1	1	1	PRO 1:20
ଶୁଣାଗଲା	6	6	6	6	EZR 3:13
ଶୁଣାଯାଆନ୍ତେ	1	1	1	1	GEN 45:16
ଶୁଣାଯାଇ	2	2	2	2	PSA 19:3
ଶୁଣାଯାଇଅଛି	3	3	3	3	ECC 12:13
ଶୁଣାଯାଇଥିବା	1	1	1	1	HEB 2:1
ଶୁଣାଯାଉ	3	3	3	3	1SA 1:13
ଶୁଣାଯାଉଅଛି	2	2	2	3	JER 49:21
ଶୁଣାଯାଏ	6	6	2	6	ECC 9:16
ଶୁଣାଯା’ନ୍ତେ	1	1	1	1	1SA 17:31
ଶୁଣାଯିବ	15	15	9	15	EXO 28:35
ଶୁଣି	274	274	35	276	GEN 3:8
ଶୁଣିଅଛ	40	40	20	42	DEU 4:33
ଶୁଣିଅଛନ୍ତି	24	24	12	24	GEN 21:17
ଶୁଣିଅଛି	19	19	9	19	JOS 24:27
ଶୁଣିଅଛୁ	40	40	20	42	GEN 41:15
ଶୁଣିଅଛୁନ୍ତ	1	1	1	0	ISA 16:6
ଶୁଣିଥାଅ	2	2	1	2	JHN 3:8
ଶୁଣିଥିବ	1	1	1	1	EPH 3:2
ଶୁଣିଥିବା	1	1	1	2	JHN 8:40
ଶୁଣିଥିବାରୁ	2	2	2	2	LUK 23:8
ଶୁଣିଥିଲ	2	2	2	2	JOS 14:12
ଶୁଣିଥିଲା	4	4	4	4	1KI 5:1
ଶୁଣିଥିଲି	4	4	3	4	GEN 37:17
ଶୁଣିଥିଲୁ	1	1	1	0	JOS 1:17
ଶୁଣିଥିଲେ	3	3	3	3	GEN 43:25
ଶୁଣିବ	42	42	18	44	LEV 26:27
ଶୁଣିବା	64	64	23	73	GEN 14:14
ଶୁଣିବାକୁ	43	43	23	45	EXO 18:1
ଶୁଣିବାକ୍ଷଣି	3	3	2	3	MAT 13:20
ଶୁଣିବାଠାରୁ	1	1	1	1	3JN 1:4
ଶୁଣିବାମାତ୍ର	1	1	1	0	1SA 11:6
ଶୁଣିବାମାତ୍ରେ	7	7	6	6	GEN 24:52
ଶୁଣିବାର	4	4	4	4	2CH 9:6
ଶୁଣିବାରୁ	5	5	3	5	PRO 19:27
ଶୁଣିବାରେ	3	3	3	3	1SA 15:22
ଶୁଣିବି	3	3	2	3	DEU 1:17
ଶୁଣିବୁ	7	7	6	7	EXO 20:19
ଶୁଣିବେ	45	45	21	45	EXO 6:12
ଶୁଣିଲ	21	21	12	20	GEN 42:22
ଶୁଣିଲା	17	17	11	17	GEN 27:5
ଶୁଣିଲି	54	54	11	54	GEN 27:6
ଶୁଣିଲୁ	17	17	11	15	GEN 17:20
ଶୁଣିଲେ	113	113	29	113	GEN 16:11
ଶୁଣୁ	41	41	13	42	DEU 18:16
ଶୁଣୁଅଛ	10	10	6	10	ZEC 8:9
ଶୁଣୁଅଛନ୍ତି	5	5	3	5	JDG 11:10
ଶୁଣୁଅଛି	10	10	6	10	EXO 32:18
ଶୁଣୁଅଛୁ	4	4	3	4	LUK 9:9
ଶୁଣୁଛ	1	1	1	1	ISA 6:9
ଶୁଣୁଛି	1	1	1	1	1SA 15:14
ଶୁଣୁଥାଉ	1	1	1	1	JOB 26:14
ଶୁଣୁଥିବାରୁ	1	1	1	1	LUK 19:48
ଶୁଣୁଥିଲା	1	1	1	1	ACT 14:9
ଶୁଣୁଥିଲେ	11	11	4	11	MRK 6:20
ଶୁଣୁନାହିଁ	1	1	1	0	PSA 38:13
ଶୁଣେ	38	38	14	38	NUM 9:8
ଶୁଦ୍ଧ	27	27	16	28	EXO 25:17
ଶୁଦ୍ଧଚିତ୍ତ	1	1	1	1	MAT 5:8
ଶୁଦ୍ଧମତି	1	1	1	1	SNG 6:9
ଶୁଦ୍ଧମତେ	1	1	1	1	SNG 5:2
ଶୁଦ୍ଧସୁବର୍ଣ୍ଣ	1	1	1	1	PSA 19:10
ଶୁଦ୍ଧାଚାରିଣୀ	1	1	1	1	TIT 2:3
ଶୁଧରାଅ	1	1	1	0	JER 35:15
ଶୁଧୁରାଅ	3	3	1	3	JER 7:3
ଶୁନେମକୁ	1	1	1	0	2KI 4:8
ଶୁନେମୀୟା	6	6	2	10	1KI 1:3
ଶୁନେମୀୟାକୁ	2	2	1	0	2KI 4:12
ଶୁପ୍ପୀମ୍	3	3	1	3	1CH 7:12
ଶୁଭ	4	4	4	4	1SA 25:8
ଶୁଭଫଳ	1	1	1	1	GEN 24:12
ଶୁଭବାର୍ତ୍ତା	1	1	1	1	PSA 68:11
ଶୁଭସମ୍ବାଦ	1	1	1	1	REV 10:7
ଶୁଭାଶୁଭ	3	3	3	3	LEV 19:26
ଶୁଭାଶୁଭବାଦୀ	3	3	2	3	DEU 18:10
ଶୁଭାଶୁଭବାଦୀମାନଙ୍କ	1	1	1	1	DAN 5:11
ଶୁଭାଶୁଭବାଦୀମାନଙ୍କୁ	1	1	1	1	DAN 5:7
ଶୁଭାଶୁଭବାଦୀମାନେ	3	3	2	3	ISA 47:13
ଶୁଭ୍ର	50	50	7	50	EXO 25:4
ଶୁଭ୍ରବର୍ଣ୍ଣ	6	6	4	6	MAT 17:2
ଶୁରର	1	1	1	0	1SA 15:7
ଶୁଳ୍କ	2	2	1	3	ROM 13:7
ଶୁଷ୍କ	128	128	27	134	GEN 8:7
ଶୁଷ୍କ-ଶସ୍ୟ	1	1	1	1	2KI 19:26
ଶୁଷ୍କତା	2	2	1	2	JDG 6:39
ଶୁଷ୍କତାରେ	1	1	1	0	PSA 32:4
ଶୁଷ୍କପତ୍ର	1	1	1	1	ISA 1:30
ଶୁଷ୍କଭୂମି	3	3	3	2	DEU 8:15
ଶୁଷ୍କଭୂମିକି	2	2	2	2	JOS 4:18
ଶୁଷ୍କଭୂମିରେ	1	1	1	1	PSA 68:6
ଶୁଷ୍କଭୂମିସ୍ଥ	1	1	1	1	GEN 7:22
ଶୁଷ୍କସ୍ଥାନ	2	2	2	2	JOB 38:27
ଶୁଷ୍କାଙ୍ଗ	1	1	1	1	JHN 5:3
ଶୂକକୀଟ	1	1	1	0	JOL 1:4
ଶୂକର	5	5	3	5	LEV 11:7
ଶୂଥଲହଠାରୁ	1	1	1	0	NUM 26:35
ଶୂଥଲହର	1	1	1	0	NUM 26:36
ଶୂଥଲହୀୟ	1	1	1	1	NUM 26:35
ଶୂଥେଲହ	2	2	1	2	1CH 7:20
ଶୂନିଠାରୁ	1	1	1	0	NUM 26:15
ଶୂନୀ	1	1	1	1	GEN 46:16
ଶୂନୀୟ	1	1	1	1	NUM 26:15
ଶୂନେମରେ	1	1	1	1	1SA 28:4
ଶୂନ୍ୟ	59	59	23	65	GEN 1:2
ଶୂନ୍ୟକାରୀମାନେ	1	1	1	0	NAM 2:2
ଶୂନ୍ୟକୁ	2	2	1	2	1CO 9:26
ଶୂନ୍ୟତା	1	1	1	1	ISA 51:19
ଶୂନ୍ୟତାରୂପ	1	1	1	1	ISA 34:11
ଶୂନ୍ୟତାରେ	1	1	1	1	JOB 30:3
ଶୂନ୍ୟପଦ	3	3	1	3	ISA 20:2
ଶୂନ୍ୟପାତ୍ର	2	2	1	2	JER 14:3
ଶୂନ୍ୟମଣ୍ଡଳ	1	1	1	1	PSA 19:1
ଶୂନ୍ୟମଣ୍ଡଳକୁ	1	1	1	1	1TH 4:17
ଶୂନ୍ୟମଣ୍ଡଳରେ	2	2	2	2	PSA 150:1
ଶୂନ୍ୟର	8	8	3	9	GEN 1:7
ଶୂନ୍ୟସ୍ଥାନ	7	7	3	7	LEV 26:32
ଶୂନ୍ୟସ୍ଥାନସକଳ	1	1	1	1	EZK 36:4
ଶୂଫମଠାରୁ	1	1	1	1	NUM 26:39
ଶୂଫମୀୟ	1	1	1	1	NUM 26:39
ଶୂମାଥୀୟ	1	1	1	1	1CH 2:53
ଶୂର-ପ୍ରାନ୍ତର	1	1	1	1	EXO 15:22
ଶୂରଠାରୁ	1	1	1	1	GEN 25:18
ଶୂରର	3	3	2	4	GEN 16:7
ଶୂଲମିୟାକୁ	1	1	1	1	SNG 7:1
ଶୂଲମିୟେ	1	1	1	1	SNG 6:13
ଶୂଲ୍ୟମାଂସ	1	1	1	1	ISA 44:16
ଶୂଳ	2	2	1	2	JOB 39:23
ଶୂଳଜନକ	1	1	1	1	EZK 28:24
ଶୂଳରେ	1	1	1	1	LAM 4:9
ଶୂଶନ	1	1	1	0	DAN 8:2
ଶୂଶନସ୍ଥ	1	1	1	0	EST 9:13
ଶୂଶନୀୟ	1	1	1	1	EZR 4:9
ଶୂଶନ୍	13	13	2	14	NEH 1:1
ଶୂଶନ୍ରେ	4	4	1	4	EST 4:8
ଶୂଶନ୍ସ୍ଥ	2	2	1	3	EST 9:15
ଶୂଷନ୍-ଏଦୁତ୍	1	1	1	1	PSA 60:1
ଶୂହ	1	1	1	1	GEN 25:2
ଶୂହକୁ	1	1	1	1	1CH 1:32
ଶୂହମଠାରୁ	1	1	1	1	NUM 26:42
ଶୂହମୀୟ	2	2	1	2	NUM 26:42
ଶୂହର	1	1	1	0	1CH 4:11
ଶୂହୀୟ	5	5	1	6	JOB 2:11
ଶୂୟ	1	1	1	1	GEN 38:2
ଶୂୟର	1	1	1	1	GEN 38:12
ଶୂୟାକୁ	1	1	1	1	1CH 7:32
ଶୂୟାଲ	1	1	1	2	1SA 13:17
ଶୂୟାଲ୍	1	1	1	0	1CH 7:36
ଶୂୟେଲ	1	1	1	1	1CH 24:20
ଶୃଇରେ	1	1	1	0	2KI 25:7
ଶୃଗାଳ	2	2	2	2	ISA 43:20
ଶୃଗାଳଗଣକୁ	1	1	1	0	MAL 1:3
ଶୃଗାଳଗଣର	2	2	2	2	ISA 34:13
ଶୃଗାଳମାନଙ୍କ	2	2	2	2	PSA 44:18
ଶୃଗାଳମାନଙ୍କର	4	4	3	5	JOB 30:29
ଶୃଗାଳମାନଙ୍କୁ	2	2	1	2	SNG 2:15
ଶୃଗାଳମାନର	1	1	1	1	JER 51:37
ଶୃଗାଳମାନେ	2	2	2	2	ISA 13:22
ଶୃଗାଳର	1	1	1	1	PSA 63:10
ଶୃଙ୍ଖଲରେ	5	5	4	0	PSA 107:11
ଶୃଙ୍ଖଳ	3	3	3	0	LAM 3:7
ଶୃଙ୍ଖଳରୁ	1	1	1	1	JER 40:4
ଶୃଙ୍ଖଳାବଦ୍ଧ	2	2	2	1	JER 40:1
ଶୃଙ୍ଗ	87	87	19	86	GEN 8:5
ଶୃଙ୍ଗକୁ	4	4	4	4	EXO 19:20
ଶୃଙ୍ଗଗୁଡ଼ାକରେ	1	1	1	1	REV 13:1
ଶୃଙ୍ଗଠାରୁ	1	1	1	1	JOS 15:9
ଶୃଙ୍ଗଧ୍ୱନି	1	1	1	1	1CH 25:5
ଶୃଙ୍ଗବିଶିଷ୍ଟ	2	2	2	1	DAN 8:6
ଶୃଙ୍ଗମାନ	2	2	2	2	1KI 22:11
ଶୃଙ୍ଗମାନଙ୍କ	1	1	1	1	REV 9:13
ଶୃଙ୍ଗମାନଙ୍କରେ	1	1	1	1	JDG 9:25
ଶୃଙ୍ଗମାନର	3	3	1	3	DAN 7:8
ଶୃଙ୍ଗର	4	4	2	4	EZK 43:12
ଶୃଙ୍ଗରୁ	3	3	2	3	PSA 22:21
ଶୃଙ୍ଗରେ	17	17	11	18	EXO 17:9
ଶୃଙ୍ଗଳିତ	1	1	1	0	LUK 1:2
ଶୃଙ୍ଗସକଳ	4	4	2	5	EXO 30:2
ଶୃଙ୍ଗସବୁ	3	3	3	3	EXO 38:2
ଶୃଙ୍ଗାର	1	1	1	0	EXO 22:19
ଶେକଲ	119	119	17	127	GEN 23:15
ଶେକଲର	1	1	1	3	NEH 10:33
ଶେକଲରୁ	1	1	1	1	EXO 30:15
ଶେକଲରେ	4	4	1	4	2KI 7:1
ଶେକଲାନୁସାରେ	3	3	1	3	EXO 38:24
ଶେଖମ-ସନ୍ତାନଗଣ	1	1	1	1	JOS 17:2
ଶେଖମଠାରୁ	1	1	1	1	NUM 26:31
ଶେଖମୀୟ	1	1	1	1	NUM 26:31
ଶେଖମ୍	1	1	1	1	1CH 7:19
ଶେଥ	6	6	3	7	GEN 4:25
ଶେଥଙ୍କ	1	1	1	1	LUK 3:38
ଶେଥର	4	4	2	6	GEN 4:26
ଶେନ	1	1	1	1	1SA 7:12
ଶେଫର	2	2	1	2	NUM 33:23
ଶେବଃ	3	3	1	5	2SA 20:1
ଶେବଃକୁ	1	1	1	0	2SA 20:15
ଶେବଃର	5	5	1	6	2SA 20:2
ଶେବରକୁ	1	1	1	1	1CH 2:48
ଶେବା	3	3	3	0	GEN 26:33
ଶେମ	11	11	3	11	GEN 5:32
ଶେମଙ୍କ	1	1	1	2	LUK 3:36
ଶେମଦ୍	1	1	1	1	1CH 8:12
ଶେମର	8	8	2	8	GEN 9:26
ଶେମରଠାରୁ	1	1	1	1	1KI 16:24
ଶେମରର	3	3	2	3	1KI 16:24
ଶେମା	4	4	2	5	1CH 2:43
ଶେମାର	1	1	1	1	1CH 5:8
ଶେମୁୟେଲ	1	1	1	0	1CH 7:2
ଶେଯ	2	2	1	2	ACT 5:15
ଶେଯରେ	1	1	1	1	MRK 7:30
ଶେରଶ	1	1	1	1	1CH 7:16
ଶେରେବୀୟ	8	8	2	8	EZR 8:18
ଶେଲପ୍	1	1	1	0	GEN 10:26
ଶେଲଫ୍	1	1	1	2	1CH 1:20
ଶେଲଶ୍	1	1	1	1	1CH 7:35
ଶେଲହ	7	7	3	7	GEN 10:24
ଶେଲହକୁ	2	2	2	2	GEN 11:12
ଶେଲହଙ୍କ	2	2	1	2	LUK 3:32
ଶେଲହର	2	2	1	2	GEN 10:24
ଶେଲା	7	7	3	7	GEN 38:5
ଶେଲାକୁ	1	1	1	1	GEN 38:26
ଶେଲାଠାରୁ	1	1	1	1	NUM 26:20
ଶେଲାର	1	1	1	1	1CH 4:21
ଶେଲାୟୀୟ	1	1	1	1	NUM 26:20
ଶେଲିମୀୟ	4	4	3	4	1CH 26:14
ଶେଲିମୀୟକୁ	1	1	1	1	JER 36:26
ଶେଲିମୀୟର	5	5	2	5	NEH 3:30
ଶେଶକର	1	1	1	2	JER 25:26
ଶେଶକ୍	1	1	1	2	JER 51:41
ଶେଶନ୍	2	2	1	2	1CH 2:31
ଶେଶନ୍ର	3	3	1	3	1CH 2:31
ଶେଶବସର	3	3	1	3	EZR 1:11
ଶେଶବସରକୁ	1	1	1	1	EZR 1:8
ଶେଶୟ	2	2	2	2	NUM 13:22
ଶେଶୟକୁ	1	1	1	1	JDG 1:10
ଶେଷ	180	180	43	261	GEN 17:22
ଶେଷ-ବର୍ଷା	1	1	1	0	JER 3:3
ଶେଷକାଳ	2	2	1	2	1JN 2:18
ଶେଷକାଳରେ	8	8	7	8	ACT 2:17
ଶେଷକାଳୀନ	1	1	1	1	ISA 41:4
ଶେଷକୁ	1	1	1	1	AMO 8:10
ଶେଷଦିନ	1	1	1	1	JHN 7:37
ଶେଷଦିନରେ	1	1	1	1	JHN 11:24
ଶେଷଫଳ	1	1	1	1	PSA 73:17
ଶେଷବୃଷ୍ଟି	2	2	2	2	DEU 11:14
ଶେଷର	1	1	1	4	MAT 20:12
ଶେଷରେ	77	77	24	82	GEN 8:3
ଶେଷସୀମାସ୍ଥିତ	1	1	1	1	NUM 23:13
ଶେଷାଂଶ	2	2	2	2	HAB 2:8
ଶେଷାଂଶକୁ	1	1	1	1	AMO 9:1
ଶେଷାଂଶରେ	1	1	1	1	EZK 22:4
ଶେଷାବସ୍ଥା	4	4	3	4	NUM 23:10
ଶେଷାବସ୍ଥାରେ	1	1	1	1	PRO 19:20
ଶୈଳ	64	64	14	67	GEN 49:24
ଶୈଳ-କନ୍ଦରରେ	1	1	1	1	OBA 1:3
ଶୈଳ-ଛିଦ୍ରରେ	1	1	1	0	JER 13:4
ଶୈଳ-ଶିଖରକୁ	1	1	1	0	2CH 25:12
ଶୈଳ-ଶିଖରରୁ	1	1	1	0	2CH 25:12
ଶୈଳକୁ	12	12	7	13	EXO 17:6
ଶୈଳଗଣର	2	2	1	2	ISA 33:16
ଶୈଳଙ୍କ	1	1	1	1	PSA 95:1
ଶୈଳଙ୍କୁ	1	1	1	1	DEU 32:15
ଶୈଳଛିଦ୍ରନିବାସିନୀ	1	1	1	0	JER 49:16
ଶୈଳଠାରୁ	1	1	1	1	JDG 1:36
ଶୈଳନିବାସିନୀ	1	1	1	1	JER 21:13
ଶୈଳନିବାସୀମାନେ	1	1	1	1	ISA 42:11
ଶୈଳବାସିନୀ	1	1	1	1	JOB 39:1
ଶୈଳମାନଙ୍କ	1	1	1	1	REV 6:15
ଶୈଳମାନଙ୍କର	1	1	1	1	ISA 7:19
ଶୈଳମାନଙ୍କୁ	2	2	2	2	PSA 78:15
ଶୈଳମାଳାର	1	1	1	1	NUM 23:9
ଶୈଳର	10	10	6	10	EXO 33:22
ଶୈଳରୁ	12	12	8	12	NUM 20:8
ଶୈଳରେ	11	11	7	11	DEU 32:37
ଶୈଳସବୁ	4	4	4	4	1KI 19:11
ଶୈଳସ୍ଥିତ	1	1	1	1	JDG 21:13
ଶୈଳସ୍ୱରୂପ	1	1	1	1	HAB 1:12
ଶୈଳାଗ୍ରରେ	1	1	1	1	JOB 39:28
ଶୋଇ	7	7	7	9	NUM 22:27
ଶୋଇଅଛନ୍ତି	2	2	2	1	1SA 26:7
ଶୋଇଅଛି	1	1	1	1	2KI 4:32
ଶୋଇଛନ୍ତି	1	1	1	2	GEN 29:2
ଶୋଇଥିବା	3	3	3	3	2SA 4:7
ଶୋଇଥିବାର	1	1	1	1	LUK 2:12
ଶୋଇଥିଲା	2	2	2	1	MRK 2:4
ଶୋଇଥିଲେ	5	5	3	7	1SA 3:2
ଶୋଇପଡ଼ିଅଛି	3	3	3	2	MAT 9:24
ଶୋଇପଡ଼ିଥିବା	1	1	1	1	MAT 28:13
ଶୋଇପଡ଼ିଥିଲେ	1	1	1	1	MRK 4:38
ଶୋଇପଡ଼ିବା	1	1	1	1	JHN 11:13
ଶୋଇପଡ଼ିଲ	1	1	1	1	MRK 14:37
ଶୋଇପଡ଼ିଲେ	1	1	1	1	LUK 8:23
ଶୋଇବା	2	2	2	2	DEU 11:19
ଶୋଇବାରୁ	1	1	1	1	1KI 3:19
ଶୋଇଲା	1	1	1	1	JDG 5:27
ଶୋଇଲେ	5	5	3	6	1SA 3:5
ଶୋଉଅଛଣ	1	1	1	0	LUK 22:46
ଶୋକ	91	91	29	97	GEN 6:6
ଶୋକ-ଗୃହରେ	1	1	1	0	JER 16:5
ଶୋକକାରିଣୀ	1	1	1	1	2SA 14:2
ଶୋକକାରିଣୀର	1	1	1	1	2SA 14:2
ଶୋକକାରୀ	1	1	1	1	ISA 66:10
ଶୋକକାରୀ-ମାନଙ୍କୁ	1	1	1	0	JER 16:7
ଶୋକକାରୀମାନେ	1	1	1	1	ECC 12:5
ଶୋକକୁ	2	2	2	2	JER 31:13
ଶୋକଜନକ	1	1	1	1	2SA 19:2
ଶୋକତୁଲ୍ୟ	1	1	1	0	ZEC 12:11
ଶୋକପରିଚିତ	1	1	1	1	ISA 53:3
ଶୋକର	2	2	2	4	PRO 10:1
ଶୋକରୁ	1	1	1	1	GEN 24:67
ଶୋକରେ	12	12	10	13	GEN 42:38
ଶୋକସୂଚକ	1	1	1	1	2SA 14:2
ଶୋକାକୁଳ	12	12	6	12	2KI 4:27
ଶୋକାନ୍ୱିତ	2	2	2	2	EST 6:12
ଶୋକାର୍ତ୍ତ	5	5	4	5	ISA 61:2
ଶୋକାର୍ତ୍ତମାନଙ୍କର	1	1	1	1	JOB 29:25
ଶୋକାର୍ତ୍ତମାନଙ୍କୁ	1	1	1	1	JOB 5:11
ଶୋଚନା	1	1	1	1	ZEP 3:18
ଶୋଚନୀୟ	1	1	1	1	JER 22:23
ଶୋଧନ	1	1	1	1	JER 18:11
ଶୋଧନୀୟ	11	11	1	0	LEV 14:7
ଶୋଫକ୍	1	1	1	1	1CH 19:16
ଶୋଫକ୍କୁ	1	1	1	1	1CH 19:18
ଶୋଫହ	1	1	1	1	1CH 7:35
ଶୋଫହର	1	1	1	1	1CH 7:36
ଶୋବକ	1	1	1	1	2SA 10:16
ଶୋବକକୁ	1	1	1	1	2SA 10:18
ଶୋବବ	1	1	1	0	1CH 14:4
ଶୋବବ୍	3	3	2	4	2SA 5:14
ଶୋବଲ	1	1	1	0	1CH 4:1
ଶୋବଲର	4	4	2	0	GEN 36:23
ଶୋବଲ୍	4	4	2	5	GEN 36:20
ଶୋବି	1	1	1	1	2SA 17:27
ଶୋବେକ	1	1	1	1	NEH 10:24
ଶୋବୟର	2	2	2	2	EZR 2:42
ଶୋଭନୀୟ	2	2	1	2	PSA 33:1
ଶୋଭା	27	27	12	26	EXO 28:2
ଶୋଭାକର	1	1	1	1	ISA 28:5
ଶୋଭାଜନକ	1	1	1	1	PRO 16:31
ଶୋଭାନ୍ୱିତ	1	1	1	1	EZR 7:27
ଶୋଭାବତୀ	1	1	1	1	SNG 6:4
ଶୋଭାଯୁକ୍ତ	3	3	2	3	ROM 10:15
ଶୋଭାର	2	2	2	2	EST 1:4
ଶୋଭାରୂପ	1	1	1	1	EZK 7:20
ଶୋଭିତ	2	2	2	2	ECC 3:11
ଶୋମର	1	1	1	1	1CH 7:32
ଶୋମରର	1	1	1	1	2KI 12:21
ଶୋଶନ୍	8	8	2	0	SNG 2:1
ଶୋଶନ୍ନା	1	1	1	1	LUK 8:3
ଶୋଶନ୍ନୀମ୍	2	2	1	2	PSA 45:1
ଶୋଶନ୍ନୀମ୍-ଏଦୂତ୍	1	1	1	1	PSA 80:1
ଶୋଶନ୍ପୁଷ୍ପ-ମଣ୍ଡିତ	1	1	1	0	SNG 7:2
ଶୋଷ	6	6	6	5	DEU 28:22
ଶୋଷଣ-ପୁଷ୍ପ	1	1	1	0	2CH 4:5
ଶୋଷଣପୁଷ୍ପ	1	1	1	0	1KI 7:26
ଶୋଷଣପୁଷ୍ପ-କର୍ମ	1	1	1	0	1KI 7:22
ଶୋଷଣପୁଷ୍ପ-କର୍ମବିଶିଷ୍ଟ	1	1	1	0	1KI 7:19
ଶୋହମ୍	1	1	1	1	1CH 24:27
ଶୋୟା	1	1	1	1	EZK 23:23
ଶୌଚ	6	6	2	1	LEV 12:4
ଶୌଚ-ଦିନରେ	1	1	1	1	NUM 6:9
ଶୌଚକର୍ମରେ	1	1	1	1	ACT 21:26
ଶୌଚକ୍ରିୟା	5	5	5	1	LEV 15:13
ଶୌଚବିଧି	1	1	1	1	2CH 30:19
ଶୌଚର	2	2	2	0	LEV 12:4
ଶୌଚାନୁସାରେ	3	3	2	1	2SA 22:21
ଶୌଲ	3	3	2	7	GEN 36:37
ଶୌଲଠାରୁ	1	1	1	1	NUM 26:13
ଶୌଲର	1	1	1	1	GEN 36:38
ଶୌଲୀୟ	1	1	1	1	NUM 26:13
ଶୌଲ୍	4	4	1	0	1CH 1:48
ଶ୍ରଦ୍ଧା	2	2	2	3	PSA 102:14
ଶ୍ରଦ୍ଧାଭାବ	1	1	1	0	2TH 2:10
ଶ୍ରବଣ	52	52	23	40	GEN 29:33
ଶ୍ରବଣକାରୀ	4	4	3	4	JOB 34:34
ଶ୍ରବଣରୁ	2	2	2	2	ISA 33:15
ଶ୍ରବଣରେ	1	1	1	1	ECC 1:8
ଶ୍ରବଣାନୁସାରେ	1	1	1	1	ISA 11:3
ଶ୍ରବଣାର୍ଥେ	1	1	1	1	ECC 5:1
ଶ୍ରମ	4	4	3	4	GEN 5:29
ଶ୍ରମ-ଫଳ	1	1	1	0	JER 3:24
ଶ୍ରମକାରୀମାନେ	1	1	1	1	EZK 48:19
ଶ୍ରମଜୀବୀ	1	1	1	1	ECC 5:12
ଶ୍ରମର	2	2	2	2	PSA 109:11
ଶ୍ରା	5	5	3	0	DEU 25:18
ଶ୍ରାନ୍ତକ୍ଳା	1	1	1	0	HEB 12:3
ଶ୍ରାନ୍ତିକର	1	1	1	1	PSA 63:1
ଶ୍ରାନ୍ତିଜନକ	1	1	1	1	ISA 32:2
ଶ୍ରାନ୍ତିରେ	1	1	1	1	LAM 3:5
ଶ୍ରୀ	3	3	2	2	EXO 28:2
ଶ୍ରୀଛାମୁର	2	2	1	2	PSA 21:6
ଶ୍ରୀଛାମୁରୁ	1	1	1	1	EST 1:19
ଶ୍ରୀମୁଖ	4	4	3	2	EXO 33:14
ଶ୍ରୀମୁଖର	1	1	1	0	PSA 42:5
ଶ୍ରୁତ	2	2	2	1	2KI 22:18
ଶ୍ରୁତିମଧୁର	1	1	1	1	2TI 4:3
ଶ୍ରେଣୀ	5	5	4	8	2KI 11:8
ଶ୍ରେଣୀକ୍ରମେ	1	1	1	1	2CH 30:16
ଶ୍ରେଣୀବଦ୍ଧ	3	3	3	3	2CH 25:5
ଶ୍ରେଣୀଭୁକ୍ତ	8	8	2	8	NUM 4:3
ଶ୍ରେଣୀର	2	2	2	3	GEN 15:17
ଶ୍ରେଣୀରେ	3	3	3	1	PSA 87:1
ଶ୍ରେଷ୍ଠ	59	59	19	68	DEU 26:19
ଶ୍ରେଷ୍ଠଣ	1	1	1	0	LUK 12:24
ଶ୍ରେଷ୍ଠତମ	1	1	1	1	2CO 12:11
ଶ୍ରେଷ୍ଠତର	8	8	3	8	MRK 12:31
ଶ୍ରେଷ୍ଠତା	3	3	3	5	ECC 7:12
ଶ୍ରେଷ୍ଠାଂଶ	1	1	1	1	DAN 11:41
ଶ୍ରେୟସ୍କର	2	2	2	1	ACT 20:35
ଶ୍ରୋତାମାତ୍ର	3	3	1	3	JAS 1:22
ଶ୍ରୋତାମାନଙ୍କ	1	1	1	3	EPH 4:29
ଶ୍ରୋତାମାନଙ୍କର	3	3	3	2	ISA 32:3
ଶ୍ରୋତାମାନେ	3	3	2	4	ROM 2:13
ଶ୍ୱଶୁର	20	20	6	20	GEN 38:13
ଶ୍ୱଶୁରଙ୍କ	1	1	1	1	EXO 18:24
ଶ୍ୱଶୁରଙ୍କୁ	3	3	1	3	EXO 18:8
ଶ୍ୱାସ	3	3	3	3	JOB 26:13
ଶ୍ୱାସବାୟୁ	10	10	6	10	1KI 17:17
ଶ୍ୱାସରୋଧ	4	4	2	4	JOB 7:15
ଶ୍ୱେତ	3	3	3	6	NUM 12:10
ଶ୍ୱେତକୁଷ୍ଠଗ୍ରସ୍ତ	1	1	1	0	2KI 5:27
ଶ୍ୱେତଗର୍ଦ୍ଦଭୀ-ଆରୋହୀମାନେ	1	1	1	0	JDG 5:10
ଶ୍ୱେତବର୍ଣ୍ଣ	22	22	4	24	GEN 49:12
ଶୟତାନ	51	51	17	57	1CH 21:1
ଶୟତାନକୁ	14	14	10	15	JOB 1:7
ଶୟତାନଙ୍କୁ	2	2	1	2	JOB 2:3
ଶୟତାନଠାରୁ	1	1	1	1	JHN 8:44
ଶୟତାନର	15	15	8	19	ACT 13:10
ଶୟତାନରୁ	1	1	1	1	1JN 3:8
ଶୟନ	184	184	30	159	GEN 19:4
ଶୟନ-ଗୃହକୁ	2	2	1	2	2SA 13:10
ଶୟନ-ସ୍ଥାନ	1	1	1	1	1SA 26:5
ଶୟନକାରିଣୀଠାରୁ	1	1	1	1	MIC 7:5
ଶୟନକାରୀ	7	7	4	7	LEV 15:33
ଶୟନଗୃହରେ	1	1	1	0	2KI 6:12
ଶୟନସ୍ଥାନ	1	1	1	0	RUT 3:4
ଶୟନାଗାରର	1	1	1	1	ACT 12:20
ଶୟନାଗାରରେ	2	2	2	3	2KI 11:2
ଶୟନାଗାରରେଓ	1	1	1	0	EXO 8:3
ଷଡ଼ଯନ୍ତ୍ର	4	4	1	10	ACT 20:3
ଷଷ୍ଠ	34	34	14	36	GEN 1:31
ଷଷ୍ଠାଂଶ	4	4	1	5	EZK 4:11
ଷାଠିଏ	41	41	20	43	GEN 25:26
ଷୀୟୋରର	1	1	1	1	ISA 23:3
ଷୋଅଳ	2	2	1	2	JOS 15:41
ଷୋଡ଼ଶ	3	3	2	3	1CH 24:14
ଷୋଳ	19	19	6	16	GEN 46:18
ସଂକଟ	3	3	2	3	2CH 15:6
ସଂକଟର	1	1	1	0	DAN 12:1
ସଂକଟରୁ	1	1	1	1	JOB 5:19
ସଂକଳ୍ପ	23	23	11	48	1KI 8:17
ସଂକଳ୍ପର	1	1	1	1	HEB 6:17
ସଂକଳ୍ପରୁ	1	1	1	2	ACT 27:43
ସଂକଳ୍ପରେ	1	1	1	1	JHN 11:33
ସଂକଳ୍ପସକଳ	1	1	1	2	ISA 55:8
ସଂକଳ୍ପସବୁ	2	2	2	10	JOB 17:11
ସଂକଳ୍ପସମସ୍ତ	1	1	1	1	1CO 4:5
ସଂକୀର୍ଣ୍ଣ	7	7	5	8	NUM 22:26
ସଂକୀର୍ତ୍ତନ	5	5	4	4	JDG 5:11
ସଂକୋଚି	1	1	1	1	PSA 74:11
ସଂକ୍ରା	1	1	1	0	EXO 21:11
ସଂକ୍ରାନ୍ତୀୟ	1	1	1	1	EXO 22:15
ସଂକ୍ଷିପ୍ତ	1	1	1	4	EPH 3:3
ସଂକ୍ଷିପ୍ତରେ	1	1	1	1	ROM 9:28
ସଂକ୍ଷେପରେ	2	2	2	3	HEB 13:22
ସଂଖୋଳିବା	2	2	2	1	ACT 7:23
ସଂଖୋଳିଲ	2	2	1	0	MAT 25:36
ସଂଖ୍ୟକ	7	7	6	8	NUM 22:15
ସଂଖ୍ୟା	91	91	25	114	GEN 6:1
ସଂଖ୍ୟାନୁଯାୟୀ	1	1	1	0	EZR 3:4
ସଂଖ୍ୟାନୁସାରେ	41	41	17	41	GEN 23:16
ସଂଖ୍ୟାର	1	1	1	1	NAM 3:3
ସଂଖ୍ୟାରୁ	1	1	1	1	NUM 3:46
ସଂଖ୍ୟାରେ	11	11	9	11	EXO 1:9
ସଂଗୃହୀତ	38	38	18	36	GEN 1:9
ସଂଗୃହୀତା	1	1	1	1	EST 2:19
ସଂଗେ	7	7	4	2	EXO 1:10
ସଂଗ୍ରହ	158	158	36	170	GEN 31:46
ସଂଗ୍ରହକାରୀ	1	1	1	2	MAT 13:47
ସଂଗ୍ରହକାରୀମାନେ	1	1	1	1	JER 49:9
ସଂଗ୍ରହକାରୀର	1	1	1	0	JER 6:9
ସଂଗ୍ରହଠାରୁ	1	1	1	1	JDG 8:2
ସଂଗ୍ରହର	2	2	2	4	EXO 34:22
ସଂଗ୍ରାମ	8	8	6	8	1SA 28:1
ସଂଗ୍ରାମର	4	4	4	4	JOB 39:25
ସଂଗ୍ରାମରେ	2	2	2	2	PSA 24:8
ସଂଘଟନ	1	1	1	1	1KI 20:29
ସଂଜୀବିତ	2	2	1	2	HOS 6:2
ସଂପୂର୍ଣ୍ଣ	1	1	1	2	ACT 20:24
ସଂଯମ	2	2	1	2	2PE 1:6
ସଂଯୁକ୍ତ	35	35	18	37	EXO 28:7
ସଂଯୋଗ	1	1	1	2	PRO 8:2
ସଂଲଗ୍ନ	9	9	5	9	EXO 25:19
ସଂଶୋଧନ	2	2	2	5	GAL 6:1
ସଂଶୋଧନର	1	1	1	1	HEB 9:10
ସଂଶୟରେ	1	1	1	1	DEU 28:66
ସଂଶୟାପନ୍ନ	1	1	1	1	DAN 1:10
ସଂସର୍ଗ	4	4	3	2	LEV 18:22
ସଂସାର	5	5	3	6	MAT 18:7
ସଂସାରକୁ	2	2	2	2	2TI 4:10
ସଂସାରର	4	4	4	7	GEN 19:31
ସଂସାରରୁ	2	2	2	2	JAS 1:27
ସଂସାରରେ	1	1	1	1	1JN 2:16
ସଂସ୍କାରକ	1	1	1	0	ROM 2:20
ସଂସ୍ଥାପନ	3	3	2	3	PSA 7:9
ସଂସ୍ଥାପନକାରୀ	1	1	1	1	ISA 58:12
ସଂସ୍ଥାପିତ	2	2	2	2	PSA 119:89
ସଂହାର	121	121	27	124	GEN 18:23
ସଂହାରକ	4	4	4	4	EXO 12:13
ସଂହାରକକୁ	1	1	1	1	EXO 12:23
ସଂହାରକର	2	2	2	2	JOB 33:22
ସଂହାରରୂପ	1	1	1	1	ISA 14:23
ସଂହାରିତ	15	15	9	15	NUM 33:4
ସଇଁତିରିଶ	11	11	9	12	GEN 25:17
ସଇଁତିରିଶ୍	1	1	1	0	EXO 6:16
ସକଳ	482	482	33	506	GEN 8:2
ସକଳକୁ	8	8	8	12	EXO 34:20
ସକଳର	9	9	6	18	GEN 3:20
ସକଳରୁ	1	1	1	1	DAN 7:19
ସକଳରେ	1	1	1	7	EZK 35:8
ସକାଖା	1	1	1	1	JOS 15:61
ସକାଳ	16	16	9	21	LEV 19:13
ସକାଳୁ	4	4	4	4	GEN 19:2
ସକାଳେ	10	10	6	11	JDG 9:33
ସକାଶୁ	430	430	39	498	GEN 3:17
ସକାଶେ	150	150	44	144	GEN 3:10
ସକ୍କୁର	1	1	1	7	NEH 10:12
ସକ୍କୁରର	1	1	1	3	NUM 13:4
ସକ୍କୁର୍	4	4	1	0	1CH 4:26
ସକ୍କୂର	1	1	1	0	NEH 3:2
ସକ୍କୂରର	2	2	1	0	NEH 12:35
ସକ୍କୟର	2	2	2	2	EZR 2:9
ସକ୍ଷମ	17	17	11	18	NUM 6:21
ସଖର	1	1	1	1	1CH 8:31
ସଖରିଅକୁ	1	1	1	0	ISA 8:2
ସଖା	5	5	3	5	SNG 5:16
ସଖା-ମନୁଷ୍ୟର	1	1	1	1	ZEC 13:7
ସଖାଗଣର	1	1	1	1	SNG 1:7
ସଖୀ	1	1	1	1	MAL 2:14
ସଖୀମାନଙ୍କ	1	1	1	1	JDG 11:37
ସଖୀମାନେ	1	1	1	1	JDG 11:38
ସଖ୍ୟା	1	1	1	0	EZR 2:40
ସଗୂବ	1	1	1	1	1CH 2:22
ସଗୂବକୁ	1	1	1	1	1CH 2:21
ସଗୂବର	1	1	1	1	1KI 16:34
ସଙ୍କଟ	36	36	13	38	JDG 10:14
ସଙ୍କଟକାଳ	1	1	1	1	JOB 38:22
ସଙ୍କଟଜନକ	1	1	1	0	ACT 27:9
ସଙ୍କଟର	1	1	1	2	DAN 12:1
ସଙ୍କଟରୁ	5	5	3	7	JOB 5:19
ସଙ୍କଟରୂପ	1	1	1	1	PSA 78:49
ସଙ୍କଟରେ	8	8	5	9	DEU 4:30
ସଙ୍କଟସବୁ	1	1	1	1	ISA 65:16
ସଙ୍କଟସୂଚକ	1	1	1	1	JER 48:5
ସଙ୍କଟାପନ୍ନ	1	1	1	1	ISA 29:7
ସଙ୍କଳ୍ପ	32	32	13	7	2SA 14:13
ସଙ୍କଳ୍ପ-ସବୁ	1	1	1	0	PSA 33:11
ସଙ୍କଳ୍ପର	1	1	1	1	PHP 2:13
ସଙ୍କଳ୍ପରୁ	2	2	2	1	JOB 33:17
ସଙ୍କଳ୍ପସକଳ	1	1	1	0	PSA 139:17
ସଙ୍କଳ୍ପସବୁ	7	7	4	0	JOB 21:27
ସଙ୍କଳ୍ପାନୁସାରେ	2	2	1	2	EPH 1:10
ସଙ୍କଳ୍ପିତ	1	1	1	0	1KI 12:33
ସଙ୍କୀର୍ଣ୍ଣ	4	4	4	4	JOS 17:15
ସଙ୍କୀର୍ଣ୍ଣତାରହିତ	1	1	1	1	JOB 36:16
ସଙ୍କୁଚିତ	13	13	11	11	NUM 11:23
ସଙ୍କେତ	10	10	6	9	PRO 6:13
ସଙ୍କୋଚ	2	2	1	2	EZK 1:24
ସଙ୍ଗ	16	16	10	13	GEN 31:23
ସଙ୍ଗଠନ	1	1	1	1	1CO 12:25
ସଙ୍ଗତ	1	1	1	0	ACT 18:14
ସଙ୍ଗମ	7	7	4	5	GEN 30:39
ସଙ୍ଗମକାରୀ	2	2	1	2	GEN 31:10
ସଙ୍ଗରେ	269	269	38	266	GEN 6:18
ସଙ୍ଗଳ୍ପ	1	1	1	0	JER 29:11
ସଙ୍ଗସ୍ଥ	1	1	1	1	GEN 3:6
ସଙ୍ଗିନୀ	2	2	2	2	GEN 3:12
ସଙ୍ଗିନୀବିହୀନ	1	1	1	1	ISA 34:16
ସଙ୍ଗୀ	111	111	30	110	GEN 7:23
ସଙ୍ଗୀ-ମାନଙ୍କର	1	1	1	0	ACT 20:34
ସଙ୍ଗୀକି	5	5	5	1	JDG 7:13
ସଙ୍ଗୀକୁ	1	1	1	5	JON 1:7
ସଙ୍ଗୀଗଣ	5	5	4	4	GEN 24:54
ସଙ୍ଗୀତ	1	1	1	6	ISA 38:20
ସଙ୍ଗୀତଧ୍ୱନି	1	1	1	0	ISA 51:3
ସଙ୍ଗୀଦଳ	3	3	2	3	JDG 9:44
ସଙ୍ଗୀମାନଙ୍କ	5	5	5	5	2SA 17:12
ସଙ୍ଗୀମାନଙ୍କ-ଠାରୁ	1	1	1	0	ACT 17:9
ସଙ୍ଗୀମାନଙ୍କର	3	3	3	4	GEN 24:32
ସଙ୍ଗୀମାନଙ୍କୁ	8	8	6	7	JDG 9:48
ସଙ୍ଗୀମାନେ	13	13	7	15	2SA 17:10
ସଙ୍ଗୀଲୋକ	1	1	1	0	2SA 6:2
ସଙ୍ଗୀସମୂହ	1	1	1	1	GEN 35:6
ସଙ୍ଗୀହୀନମାନଙ୍କୁ	1	1	1	1	PSA 68:6
ସଙ୍ଗେ	717	717	44	731	GEN 8:16
ସଚେତ	11	11	1	11	PSA 119:25
ସଚେତନ	17	17	6	17	JDG 15:19
ସଚେଷ୍ଟ	1	1	1	0	1TH 5:15
ସଜ	1	1	1	1	ZEC 11:15
ସଜଳ	7	7	3	7	GEN 13:10
ସଜାଅ	6	6	4	6	1KI 13:13
ସଜାଇ	20	20	12	22	GEN 22:3
ସଜାଇଅଛି	1	1	1	1	PRO 9:2
ସଜାଇଥିଲେ	1	1	1	1	JDG 20:22
ସଜାଇବ	1	1	1	1	ISA 44:7
ସଜାଇବାକୁ	4	4	1	4	1CH 12:33
ସଜାଇବି	1	1	1	1	PSA 5:3
ସଜାଇବେ	3	3	3	3	LEV 1:7
ସଜାଇଲା	5	5	4	5	2SA 10:9
ସଜାଇଲେ	13	13	6	13	GEN 43:25
ସଜାଉଅଛ	2	2	2	2	PSA 23:5
ସଜାଡ଼	4	4	4	4	2KI 20:1
ସଜାଡ଼ି	2	2	2	3	GEN 22:9
ସଜାଡ଼ିବାରୁ	1	1	1	1	2CH 27:6
ସଜାଡ଼ିଲେ	2	2	2	2	2CH 15:8
ସଜାଡ଼ୁଅଛ	1	1	1	1	JER 2:33
ସଜାଡ଼ୁଥିବା	2	2	2	2	MAT 4:21
ସଜାନ୍ତି	2	2	2	2	2CH 13:11
ସଜାନ୍ତେ	2	2	2	2	1KI 13:13
ସଜାଯାଇ	1	1	1	1	PSA 40:5
ସଜୀବ	30	30	16	22	DEU 6:24
ସଜୀବକାରୀ	1	1	1	1	RUT 4:15
ସଜ୍ଜ	1	1	1	0	NUM 31:3
ସଜ୍ଜା	10	10	6	12	1SA 17:54
ସଜ୍ଜା-ପରିଧାନକ୍ଷମ	1	1	1	0	2KI 3:21
ସଜ୍ଜାଦି	3	3	2	3	1SA 31:8
ସଜ୍ଜାରେ	2	2	2	2	EZK 38:4
ସଜ୍ଜିତ	14	14	10	13	NUM 31:5
ସଜ୍ଜିତା	1	1	1	1	REV 21:2
ସଜୟ	1	1	1	0	EZR 10:28
ସଞ୍ଚାର	1	1	1	1	GEN 9:14
ସଞ୍ଚାଳିତ	1	1	1	1	JER 31:35
ସଞ୍ଚିତ	23	23	16	24	GEN 12:5
ସଞ୍ଚୟ	51	51	23	52	GEN 6:21
ସଞ୍ଚୟକାରୀ	1	1	1	1	JER 17:11
ସଞ୍ଚୟକାରୀ-ମାନେ	1	1	1	0	OBA 1:5
ସଞ୍ଚୟର	1	1	1	1	EXO 23:16
ସଞ୍ଜୀବିତ	3	3	3	3	EZK 47:9
ସଡ଼କ	3	3	2	3	NUM 20:19
ସଡ଼କକୁ	1	1	1	1	JDG 20:32
ସଡ଼କର	4	4	4	4	JDG 21:19
ସଡ଼କରେ	13	13	5	13	JDG 20:31
ସଡ଼କସବୁ	1	1	1	1	EZK 26:11
ସଡ଼କସବୁରେ	2	2	1	2	JER 7:17
ସଡ଼କସମୂହର	1	1	1	1	JER 11:13
ସଢ଼ା	1	1	1	1	JOB 41:27
ସଢ଼ିଯିବ	1	1	1	1	ISA 5:24
ସତ	12	12	7	17	MAT 17:11
ସତଚାଳିଶ	3	3	3	3	GEN 47:28
ସତର	11	11	8	11	GEN 37:2
ସତର୍କ	10	10	10	18	DEU 12:23
ସତର୍କତା	2	2	1	8	PRO 1:4
ସତର୍କତାକୁ	1	1	1	1	PRO 8:12
ସତର୍କତାର	1	1	1	1	PRO 8:5
ସତଷଠି	3	3	1	3	NEH 7:18
ସତସ୍ତରି	4	4	3	4	GEN 4:24
ସତାଇଶ	11	11	5	9	GEN 8:14
ସତାପରେ	1	1	1	1	JAS 1:11
ସତାବନ	3	3	1	3	NUM 1:31
ସତାଶୀ	1	1	1	0	1CH 7:5
ସତୀ	4	4	3	1	ISA 1:21
ସତୁରି	64	64	21	71	GEN 5:12
ସତେ	3	3	2	3	GEN 37:8
ସତେକି	1	1	1	1	JDG 11:9
ସତେଜ	28	28	11	28	DEU 12:2
ସତ୍	11	11	7	8	PRO 2:7
ସତ୍-ଲୋକ	1	1	1	1	PRO 12:2
ସତ୍କଥାରୁ	1	1	1	0	PSA 39:2
ସତ୍କର୍ମ	21	21	15	21	GEN 4:7
ସତ୍କର୍ମକାରୀ	1	1	1	1	ROM 2:10
ସତ୍କର୍ମକାରୀମାନଙ୍କୁ	1	1	1	1	1PE 2:14
ସତ୍କର୍ମର	3	3	3	3	COL 1:10
ସତ୍କର୍ମରୂପ	1	1	1	0	1TI 2:10
ସତ୍କର୍ମରେ	5	5	3	7	1TI 5:10
ସତ୍କାମନା	1	1	1	0	2TH 1:11
ସତ୍କାର୍ଯ୍ୟ	2	2	2	2	EPH 2:10
ସତ୍କାର୍ଯ୍ୟରେ	1	1	1	0	1PE 4:19
ସତ୍କ୍ରିୟାରେ	1	1	1	1	HEB 10:24
ସତ୍ଚରିତ୍ର	1	1	1	0	ROM 5:3
ସତ୍ଚରିତ୍ରରୁ	1	1	1	0	ROM 5:4
ସତ୍ତା	1	1	1	2	PSA 146:2
ସତ୍ତୂ	1	1	1	1	NEH 10:14
ସତ୍ତୂର	3	3	2	3	EZR 2:8
ସତ୍ତ୍ୱ	1	1	1	1	REV 4:11
ସତ୍ପଥ	2	2	2	2	1KI 8:36
ସତ୍ପଥରେ	1	1	1	1	PRO 23:19
ସତ୍ଲୋକମାନଙ୍କ	1	1	1	1	PRO 2:20
ସତ୍ୟ	333	333	49	334	GEN 3:1
ସତ୍ୟ-ଗ୍ରନ୍ଥରେ	1	1	1	0	DAN 10:21
ସତ୍ୟ-ଚିହ୍ନ	1	1	1	1	JOS 2:12
ସତ୍ୟ-ବାକ୍ୟଯୁକ୍ତ	1	1	1	1	EST 9:31
ସତ୍ୟ-ଲଙ୍ଘନ	3	3	2	39	LEV 26:40
ସତ୍ୟକହିବାରୁ	1	1	1	1	GAL 4:16
ସତ୍ୟକହିବି	1	1	1	0	2CO 12:6
ସତ୍ୟକି	1	1	1	0	ACT 17:11
ସତ୍ୟକୁ	2	2	2	3	ROM 1:18
ସତ୍ୟତା	35	35	8	38	2SA 2:6
ସତ୍ୟତାକୁ	1	1	1	3	DAN 8:12
ସତ୍ୟତାନୁସାରେ	1	1	1	1	PSA 69:13
ସତ୍ୟତାବିଶିଷ୍ଟ	1	1	1	1	PSA 25:10
ସତ୍ୟତାର	4	4	2	4	PSA 71:22
ସତ୍ୟତାରୂପ	1	1	1	1	PRO 22:20
ସତ୍ୟତାରେ	13	13	6	13	EXO 34:6
ସତ୍ୟନଗରୀ	1	1	1	1	ZEC 8:3
ସତ୍ୟପାଳନକାରୀ	1	1	1	1	ISA 26:2
ସତ୍ୟବର୍ଜିତ	1	1	1	1	1TI 6:5
ସତ୍ୟବାକ୍ୟ	1	1	1	0	2TI 2:15
ସତ୍ୟବାଦୀ	5	5	4	3	EXO 18:21
ସତ୍ୟବୋଲି	1	1	1	0	2CO 7:14
ସତ୍ୟଭ୍ରଷ୍ଟ	1	1	1	2	2TI 2:18
ସତ୍ୟମୟ	5	5	3	5	PSA 31:5
ସତ୍ୟମୟଙ୍କଠାରେ	1	1	1	1	1JN 5:20
ସତ୍ୟମୟଙ୍କୁ	1	1	1	1	1JN 5:20
ସତ୍ୟର	9	9	9	11	MAL 2:6
ସତ୍ୟରୁ	2	2	2	2	TIT 1:13
ସତ୍ୟରୂପ	2	2	2	2	1CO 5:8
ସତ୍ୟରେ	19	19	10	21	PSA 132:11
ସତ୍ୟଲଙ୍ଘନ	20	20	7	0	DEU 32:51
ସତ୍ୟାଚରଣ	2	2	2	2	GEN 24:27
ସତ୍ୱର	12	12	3	12	PSA 22:19
ସଥୁର	1	1	1	1	NUM 13:13
ସଦସତ୍	2	2	1	2	GEN 2:9
ସଦା	8	8	3	5	ISA 34:17
ସଦାକାଳ	78	78	19	81	EXO 21:6
ସଦାକାଳସ୍ଥାୟୀ	8	8	3	8	2CH 5:13
ସଦାଚରଣ	5	5	3	5	HEB 13:18
ସଦାଚାର	1	1	1	1	ROM 13:3
ସଦାଚାରୀ	4	4	4	4	ROM 13:3
ସଦାଦର	1	1	1	0	EZK 47:15
ସଦାଦ୍	1	1	1	1	NUM 34:8
ସଦାପ୍ରଭୁ	3628	3628	36	4006	GEN 2:4
ସଦାପ୍ରଭୁ-ବିଷୟକ	1	1	1	1	PSA 111:10
ସଦାପ୍ରଭୁଆପଣଙ୍କ	1	1	1	0	JER 42:3
ସଦାପ୍ରଭୁଇସ୍ରାଏଲର	1	1	1	0	JER 29:21
ସଦାପ୍ରଭୁଏହା	1	1	1	0	OBA 1:18
ସଦାପ୍ରଭୁକହନ୍ତି	1	1	1	0	EZK 18:23
ସଦାପ୍ରଭୁକୁ	1	1	1	0	EXO 5:2
ସଦାପ୍ରଭୁଙ୍କ	2026	2026	34	2082	GEN 4:1
ସଦାପ୍ରଭୁଙ୍କ-ଠାରେ	4	4	3	0	PSA 33:1
ସଦାପ୍ରଭୁଙ୍କଠାରୁ	50	50	17	53	GEN 24:50
ସଦାପ୍ରଭୁଙ୍କଠାରୁଯିରିମୀୟଙ୍କ	1	1	1	0	JER 36:1
ସଦାପ୍ରଭୁଙ୍କଠାରୁଯେଉଁ	1	1	1	0	JER 32:1
ସଦାପ୍ରଭୁଙ୍କଠାରେ	50	50	13	63	GEN 15:6
ସଦାପ୍ରଭୁଙ୍କର	624	624	34	634	GEN 15:1
ସଦାପ୍ରଭୁଙ୍କୁ	180	180	23	188	GEN 4:13
ସଦାପ୍ରଭୁଣ	1	1	1	0	EZK 11:13
ସଦାପ୍ରଭୁରେ	1	1	1	0	ISA 45:25
ସଦାପ୍ରଭୋ	308	308	18	0	GEN 15:2
ସଦାପ୍ରଭୋଣ	1	1	1	0	1CH 17:27
ସଦାବେଳେ	1	1	1	1	PSA 25:15
ସଦାସର୍ବଦା	6	6	4	5	DEU 15:17
ସଦୃଶ	114	114	30	116	GEN 49:14
ସଦୃଶ୍ୟ	2	2	2	15	EZK 1:26
ସଦୋମ	28	28	12	30	GEN 10:19
ସଦୋମନିବାସୀ	1	1	1	1	GEN 14:12
ସଦୋମର	16	16	7	16	GEN 13:13
ସଦୋମରୁ	1	1	1	1	LUK 17:29
ସଦୋମରେ	2	2	2	2	GEN 19:1
ସଦୋମୀ	2	2	2	2	DEU 23:17
ସଦୋମୀମାନଙ୍କ	1	1	1	1	2KI 23:7
ସଦୋମୀମାନଙ୍କୁ	1	1	1	1	1KI 15:12
ସଦୋମୀମାନେ	1	1	1	1	1KI 22:46
ସଦ୍ଗୁଣ	4	4	3	5	PHP 4:8
ସଦ୍ଗୁଣରେ	1	1	1	2	2PE 1:3
ସଦ୍ଗୁରୁ	2	2	2	2	MRK 10:17
ସଦ୍ଦି	1	1	1	0	JOS 7:17
ସଦ୍ଦିର	2	2	1	0	JOS 7:1
ସଦ୍ବୁଦ୍ଧି	1	1	1	1	PRO 16:22
ସଦ୍ବ୍ୟବହାର	2	2	2	1	EPH 5:16
ସଦ୍ଭକ୍ତ	4	4	1	4	PSA 4:3
ସଦ୍ଭକ୍ତଗଣଙ୍କୁ	1	1	1	1	PSA 50:5
ସଦ୍ଭକ୍ତମାନଙ୍କ	4	4	1	4	PSA 52:9
ସଦ୍ଭକ୍ତମାନଙ୍କର	1	1	1	1	PSA 148:14
ସଦ୍ଭକ୍ତମାନଙ୍କୁ	3	3	1	3	PSA 37:28
ସଦ୍ଭକ୍ତମାନେ	5	5	1	5	PSA 30:4
ସଦ୍ଭାବ	3	3	2	3	1KI 14:13
ସଦ୍ଭାବରେ	1	1	1	0	PHP 1:15
ସଦ୍ୟ	1	1	1	1	DEU 32:17
ସଦୟ	10	10	8	8	DEU 32:36
ସଧବାର	1	1	1	1	GAL 4:27
ସଧୂମ	4	4	4	4	GEN 15:17
ସନାନ୍	1	1	1	1	JOS 15:37
ସନାୟାର	2	2	2	2	EZR 2:35
ସନୀର	1	1	1	0	DEU 3:9
ସନୀର୍	1	1	1	3	1CH 5:23
ସନ୍ତକ-ଅଙ୍ଗୁରୀୟ	2	2	2	2	GEN 41:42
ସନ୍ତତି	1	1	1	1	JDG 11:34
ସନ୍ତତିମାନଙ୍କର	1	1	1	0	2CO 12:14
ସନ୍ତରା	2	2	2	2	JOB 8:11
ସନ୍ତାନ	380	380	38	432	GEN 3:16
ସନ୍ତାନ-ଗଣ	2	2	2	0	EZR 2:52
ସନ୍ତାନ-ଗଣକୁ	1	1	1	0	ISA 1:2
ସନ୍ତାନ-ଗଣର	3	3	3	0	2KI 17:41
ସନ୍ତାନ-ବିରହ	2	2	1	2	ISA 47:8
ସନ୍ତାନ-ମାନଙ୍କ	1	1	1	0	NEH 7:43
ସନ୍ତାନ-ମାନଙ୍କର	1	1	1	0	MRK 3:28
ସନ୍ତାନ-ମାନେ	1	1	1	0	MAT 13:38
ସନ୍ତାନ-ଯାଜକ	1	1	1	1	NEH 10:38
ସନ୍ତାନ-ଯାଜକମାନେ	1	1	1	1	2CH 31:19
ସନ୍ତାନ-ସନ୍ତତିଗଣକୁ	1	1	1	0	2CH 28:10
ସନ୍ତାନ-ସନ୍ତତିବିହୀନ	1	1	1	0	JER 15:7
ସନ୍ତାନକୁ	8	8	8	9	EXO 22:22
ସନ୍ତାନଗଣ	338	338	28	626	GEN 6:4
ସନ୍ତାନଗଣ-ଠାରୁ	1	1	1	0	PSA 78:4
ସନ୍ତାନଗଣକୁ	76	76	18	161	GEN 25:6
ସନ୍ତାନଗଣକୁଘୃଣା	1	1	1	0	EZK 16:45
ସନ୍ତାନଗଣକୁସେ	1	1	1	0	JOS 5:7
ସନ୍ତାନଗଣଙ୍କର	1	1	1	10	LEV 10:15
ସନ୍ତାନଗଣଠାରୁ	1	1	1	5	MIC 2:9
ସନ୍ତାନଗଣନ୍ତତାହାର	1	1	1	0	1CH 3:16
ସନ୍ତାନଗଣମାନଙ୍କର	1	1	1	0	NUM 4:2
ସନ୍ତାନଗଣର	84	84	25	204	GEN 10:32
ସନ୍ତାନଙ୍କ	1	1	1	1	LUK 7:35
ସନ୍ତାନଙ୍କୁ	6	6	6	7	GEN 32:22
ସନ୍ତାନଠାରୁ	2	2	2	2	EXO 12:29
ସନ୍ତାନପ୍ରସୂତା	1	1	1	1	JER 15:9
ସନ୍ତାନବତ୍ସଳା	1	1	1	0	TIT 2:5
ସନ୍ତାନବିହୀନ	1	1	1	1	EZK 36:12
ସନ୍ତାନମାନଙ୍କ	81	81	23	103	GEN 10:21
ସନ୍ତାନମାନଙ୍କଠାରୁ	6	6	6	5	GEN 49:32
ସନ୍ତାନମାନଙ୍କଠାରେ	1	1	1	1	EPH 2:2
ସନ୍ତାନମାନଙ୍କର	17	17	10	24	GEN 36:10
ସନ୍ତାନମାନଙ୍କୁ	49	49	23	54	GEN 21:7
ସନ୍ତାନମାନେ	66	66	30	91	GEN 23:5
ସନ୍ତାନର	4	4	4	4	GEN 17:12
ସନ୍ତାନସନ୍ତତି	23	23	13	27	GEN 10:21
ସନ୍ତାନସନ୍ତତିବିଶିଷ୍ଟ	1	1	1	0	EZK 36:11
ସନ୍ତାନସନ୍ତତିମାନଙ୍କ	2	2	2	2	ACT 2:39
ସନ୍ତାନସନ୍ତତିମାନଙ୍କୁ	1	1	1	1	2CH 33:6
ସନ୍ତାନସନ୍ତତିରେ	2	2	2	2	DEU 33:24
ସନ୍ତାନହୀନ	3	3	2	3	LEV 26:22
ସନ୍ତାନହୀନା	1	1	1	1	JER 18:21
ସନ୍ତାପ	9	9	5	11	NUM 21:29
ସନ୍ତାପର	52	52	14	56	ECC 4:10
ସନ୍ତାପରେ	1	1	1	1	JDG 11:35
ସନ୍ତୁଷ୍ଟ	80	80	34	82	GEN 34:18
ସନ୍ତୋଷ	43	43	24	42	DEU 10:15
ସନ୍ତୋଷଜନକ	7	7	6	11	1KI 9:12
ସନ୍ତୋଷଜନିକା	1	1	1	1	ISA 62:4
ସନ୍ତୋଷପାତ୍ର	9	9	6	8	PRO 3:12
ସନ୍ତୋଷଭାଜନ	1	1	1	1	TIT 2:9
ସନ୍ତୋଷଭାବଯୁକ୍ତ	1	1	1	1	1TI 6:6
ସନ୍ତୋଷର	2	2	2	2	MAT 11:26
ସନ୍ତୋଷରେ	1	1	1	1	PRO 31:13
ସନ୍ତୋଷାର୍ଥେ	1	1	1	1	2CH 8:6
ସନ୍ଥ	2	2	1	2	MAT 5:45
ସନ୍ଦିଗ୍ଧ	1	1	1	1	1KI 18:21
ସନ୍ଦେହ	15	15	8	16	JOB 12:2
ସନ୍ଦେହରେ	2	2	2	3	JHN 10:24
ସନ୍ଦେହଶୂନ୍ୟ	1	1	1	1	JAS 3:17
ସନ୍ଧାନ	12	12	6	12	1SA 22:6
ସନ୍ଧି	23	23	15	18	GEN 32:25
ସନ୍ଧି-ଅନ୍ୱେଷଣକାରୀ	1	1	1	1	ISA 33:7
ସନ୍ଧିର	3	3	3	2	DEU 20:10
ସନ୍ଧିରୁ	1	1	1	1	PSA 22:14
ସନ୍ଧିରେ	1	1	1	1	DEU 20:11
ସନ୍ଧିଶିରା	2	2	1	2	GEN 32:32
ସନ୍ଧିସ୍ଥାନରୁ	1	1	1	1	JOB 31:22
ସନ୍ଧିସ୍ଥାନସବୁ	1	1	1	1	DAN 5:6
ସନ୍ଧ୍ୟା	111	111	21	116	GEN 1:5
ସନ୍ଧ୍ୟାକାଳର	4	4	3	3	JOB 24:15
ସନ୍ଧ୍ୟାକାଳରେ	12	12	10	11	GEN 29:23
ସନ୍ଧ୍ୟାକାଳୀନ	9	9	7	11	1KI 18:29
ସନ୍ଧ୍ୟାକାଳୀୟ	1	1	1	0	EZR 3:3
ସନ୍ଧ୍ୟାକାଳେ	3	3	3	3	2SA 11:13
ସନ୍ଧ୍ୟାଠାରୁ	3	3	2	3	LEV 23:32
ସନ୍ଧ୍ୟାବେଳ	1	1	1	1	ISA 59:10
ସନ୍ଧ୍ୟାବେଳେ	2	2	2	2	PSA 59:14
ସନ୍ଧ୍ୟାରେ	4	4	2	4	1CH 23:30
ସନ୍ନିକଟ	54	54	23	55	GEN 47:29
ସନ୍ନିକଟରେ	1	1	1	1	1KI 21:1
ସନ୍ବଲ୍ଲଟର	2	2	1	0	NEH 6:14
ସନ୍ବଲ୍ଲଟ୍	8	8	1	8	NEH 2:10
ସନ୍ସନ୍ନା	1	1	1	1	JOS 15:31
ସନ୍ହେରୀବ୍	13	13	3	0	2KI 18:13
ସପକ୍ଷ	32	32	19	35	EXO 14:25
ସପକ୍ଷବାଦୀ	2	2	2	3	MIC 7:9
ସପକ୍ଷରେ	20	20	14	27	DEU 3:22
ସପରିବାରରେ	6	6	2	4	GEN 7:1
ସପ୍ତ	62	62	6	68	EXO 25:37
ସପ୍ତକା	2	2	2	2	GEN 10:7
ସପ୍ତକ୍ଳେଶଧାରୀ	1	1	1	0	REV 15:6
ସପ୍ତଗୁଣ	1	1	1	1	ISA 30:26
ସପ୍ତଦଶ	4	4	2	4	GEN 7:11
ସପ୍ତବସ୍ତୁ	1	1	1	1	PRO 6:16
ସପ୍ତମ	113	113	23	124	GEN 2:2
ସପ୍ତର୍ଷି	1	1	1	1	JOB 9:9
ସପ୍ତସ୍ତମ୍ଭ	1	1	1	1	PRO 9:1
ସପ୍ତସ୍ରୋତ	1	1	1	1	ISA 11:15
ସପ୍ତା	2	2	2	2	GEN 10:7
ସପ୍ତାହ	16	16	5	18	GEN 29:27
ସପ୍ତାହମାନ	1	1	1	1	JER 5:24
ସପ୍ତାହର	11	11	9	13	EXO 34:22
ସପ୍ତାହରେ	2	2	2	2	1CH 9:25
ସପ୍ତାହସମୂହର	2	2	1	0	DEU 16:10
ସପ୍ରମାଣ	4	4	3	3	GEN 42:20
ସପ୍ରାଣ	1	1	1	1	GEN 9:4
ସଫକୁ	2	2	2	1	2SA 21:18
ସଫନୀୟ	4	4	1	5	JER 21:1
ସଫନୀୟକୁ	1	1	1	1	JER 52:24
ସଫନୀୟଙ୍କୁ	1	1	1	1	2KI 25:18
ସଫନୀୟର	1	1	1	3	1CH 6:36
ସଫର୍ବୀୟ	1	1	1	1	2KI 17:31
ସଫର୍ବୟିମ	2	2	2	2	2KI 19:13
ସଫର୍ବୟିମଠାରୁ	1	1	1	1	2KI 17:24
ସଫର୍ବୟିମର	3	3	2	3	2KI 17:31
ସଫଳ	153	153	32	161	GEN 24:21
ସଫଳତା	3	3	3	7	PSA 118:25
ସଫଳାର୍ଥେ	4	4	4	4	2CH 36:22
ସଫାତ୍ବାସୀ	1	1	1	1	JDG 1:17
ସଫାଥା	1	1	1	1	2CH 14:10
ସଫାର	1	1	1	1	GEN 10:30
ସଫାରଦରେ	1	1	1	1	OBA 1:20
ସଫୀ	1	1	1	1	1CH 1:36
ସଫୋ	2	2	1	2	GEN 36:11
ସବକ୍ଥାନୀ	1	1	1	1	MAT 27:46
ସବତ୍ସା	1	1	1	1	GEN 32:15
ସବଦୀୟ	8	8	3	9	1CH 8:15
ସବଳ	47	47	22	45	GEN 27:37
ସବଳକାରୀ	1	1	1	1	PSA 104:15
ସବଳୀକୃତ	2	2	1	2	PSA 80:15
ସବଳେ	1	1	1	1	COL 1:29
ସବା	2	2	2	3	GEN 10:7
ସବାୟୀୟମାନେ	1	1	1	1	ISA 45:14
ସବିଶେଷ	1	1	1	3	HEB 9:5
ସବୀଜ	4	4	1	4	GEN 1:11
ସବୀଦା	1	1	1	1	2KI 23:36
ସବୀନଃ	1	1	1	1	EZR 10:43
ସବୀମ	1	1	1	1	JOS 19:35
ସବୁ	366	366	46	769	GEN 1:14
ସବୁ-ତୀର	1	1	1	1	JOS 3:15
ସବୁଆଡ଼େ	8	8	7	9	GEN 11:8
ସବୁକୁ	3	3	3	15	2CH 7:1
ସବୁଠାରୁ	7	7	5	13	JDG 6:15
ସବୁଠୁଁ	1	1	1	1	JDG 6:15
ସବୁପ୍ରକାର	4	4	4	7	DAN 3:7
ସବୁବେଳେ	12	12	9	12	DEU 11:1
ସବୁର	3	3	2	26	GEN 8:22
ସବୁରୁ	3	3	3	5	2SA 19:7
ସବୁରେ	9	9	9	21	GEN 23:18
ସବୂଦ୍	1	1	1	0	EZR 8:14
ସବୂଲୁନ୍	3	3	2	0	1CH 2:1
ସବୂଲୁନ୍ର	1	1	1	0	2CH 30:11
ସବୂଲୂନ	13	13	6	28	GEN 35:23
ସବୂଲୂନ-ବଂଶଠାରୁ	2	2	1	2	1CH 6:63
ସବୂଲୂନ-ସନ୍ତାନଗଣର	3	3	1	3	NUM 7:24
ସବୂଲୂନର	6	6	3	9	GEN 46:14
ସବୂଲୂନୀୟ	2	2	1	2	JDG 12:11
ସବୂଲୂନ୍	13	13	8	2	GEN 30:20
ସବୂଲୂନ୍-ବଂଶ	1	1	1	0	1CH 27:19
ସବୂଲୂନ୍-ସନ୍ତାନ-ମାନଙ୍କ	1	1	1	0	JOS 19:16
ସବୂଲୂନ୍-ସନ୍ତାନଗଣ	1	1	1	0	JOS 19:10
ସବୂଲୂନ୍-ସନ୍ତାନଗଣର	2	2	2	0	NUM 1:30
ସବୂଲୂନ୍ଠାରୁ	1	1	1	0	JDG 5:14
ସବୂଲୂନ୍ର	1	1	1	0	PSA 68:27
ସବୂଲୂନ୍ସ୍ଥିତ	1	1	1	0	JOS 19:27
ସବୂଲ୍	5	5	1	5	JDG 9:28
ସବୂଲ୍କୁ	1	1	1	1	JDG 9:36
ସବୋୟିମ	1	1	1	1	NEH 11:34
ସବୋୟିମର	3	3	2	0	GEN 14:2
ସବୋୟିମ୍	1	1	1	0	DEU 29:23
ସବୋୟୀମ	1	1	1	2	GEN 10:19
ସବ୍ଦି	2	2	1	3	1CH 8:19
ସବ୍ଦିର	1	1	1	3	NEH 11:17
ସବ୍ଦୀୟ	1	1	1	0	1CH 26:2
ସବ୍ଦୀୟେଲ	1	1	1	1	NEH 11:14
ସବ୍ଦୀୟେଲର	1	1	1	1	1CH 27:2
ସବ୍ବୟର	1	1	1	1	NEH 3:20
ସଭା	23	23	7	25	EXO 12:16
ସଭାକୁ	1	1	1	2	JAS 2:2
ସଭାଟାଯାକ	1	1	1	0	LUK 23:1
ସଭାପତିଗଣର	1	1	1	1	ECC 12:11
ସଭାମାନଙ୍କରେ	1	1	1	0	MAT 10:17
ସଭାର	3	3	2	3	LEV 23:21
ସଭାରୁ	1	1	1	1	ACT 4:15
ସଭାରେ	12	12	5	14	GEN 49:6
ସଭାସଦ୍	1	1	1	1	1SA 22:14
ସଭାସ୍ଥ	3	3	2	3	PSA 48:4
ସଭାସ୍ଥାନ	1	1	1	1	ISA 33:20
ସଭ୍ୟ	2	2	2	2	MRK 15:43
ସଭୟ	1	1	1	1	1PE 3:2
ସଭୟରେ	2	2	1	1	1PE 1:17
ସମକାଳୀନ	2	2	2	2	1CH 7:2
ସମଖୀୟ	1	1	1	1	1CH 26:7
ସମଗ୍ର	181	181	27	187	GEN 1:9
ସମଗ୍ରକୁ	1	1	1	1	EZK 36:10
ସମଚତୁଷ୍କୋଣ	1	1	1	1	EZK 45:2
ସମତଳ	2	2	1	3	LUK 3:5
ସମତୁଲ୍ୟ	1	1	1	1	GAL 4:25
ସମତୌଲ	1	1	1	1	JOB 37:16
ସମବେତ	9	9	3	9	LUK 24:33
ସମବ୍ୟବସାୟୀ	1	1	1	1	ACT 18:3
ସମବୟସ୍କ	2	2	2	2	DAN 1:10
ସମଭାଗରେ	1	1	1	1	EXO 30:34
ସମଭାବରେ	2	2	2	2	DEU 1:17
ସମଭାବାପନ୍ନ	1	1	1	1	PHP 2:20
ସମଭୂମି	7	7	3	7	JOS 6:5
ସମଭୂମିର	1	1	1	1	DEU 3:10
ସମଭୂମିରେ	2	2	2	2	2CH 26:10
ସମଭୂମିସ୍ଥ	1	1	1	1	JER 48:22
ସମଭୂମିସ୍ଥିତ	2	2	1	2	JOS 13:17
ସମର୍ଥ	49	49	21	50	GEN 31:29
ସମର୍ଥନ	8	8	6	14	JOB 13:15
ସମର୍ଥନର	1	1	1	1	ACT 22:1
ସମର୍ପଣ	344	344	40	342	GEN 14:20
ସମର୍ପଣକାରୀ	3	3	2	3	MAT 26:48
ସମର୍ପି	18	18	9	18	1SA 17:46
ସମର୍ପିତ	70	70	28	76	GEN 9:2
ସମର୍ପିତା	1	1	1	1	JER 46:24
ସମର୍ପିଲେ	1	1	1	1	JDG 2:14
ସମସ୍ତ	2179	2179	60	2460	GEN 1:18
ସମସ୍ତକାଳ	1	1	1	1	JER 52:34
ସମସ୍ତକୁ	1	1	1	2	EZK 38:4
ସମସ୍ତଙ୍କ	136	136	37	163	GEN 6:2
ସମସ୍ତଙ୍କଠାରୁ	11	11	8	13	GEN 34:19
ସମସ୍ତଙ୍କଠାରେ	2	2	2	2	1CO 12:6
ସମସ୍ତଙ୍କନିକଟରେ	1	1	1	0	PHP 1:13
ସମସ୍ତଙ୍କର	41	41	23	51	GEN 45:11
ସମସ୍ତଙ୍କୁ	148	148	37	161	GEN 2:19
ସମସ୍ତପ୍ରକାର	1	1	1	0	1PE 2:2
ସମସ୍ତର	7	7	7	11	NUM 4:8
ସମସ୍ତରୁ	1	1	1	0	1TI 6:11
ସମସ୍ତରେ	1	1	1	1	2CO 6:10
ସମସ୍ତହିଁ	1	1	1	0	TIT 1:15
ସମସ୍ତେ	495	495	58	587	GEN 7:22
ସମସ୍ଥଳରେ	1	1	1	1	PSA 104:8
ସମସ୍ଥଳୀ	3	3	3	3	DEU 8:7
ସମସ୍ଥଳୀମୟ	1	1	1	1	DEU 11:11
ସମସ୍ଥଳୀରେ	1	1	1	1	JOS 11:17
ସମସ୍ଥଳୀସ୍ଥିତ	1	1	1	1	JOS 12:7
ସମାଗମ	7	7	4	8	DEU 33:5
ସମାଗମ-ତମ୍ବୁ	61	61	7	59	EXO 29:10
ସମାଗମ-ତମ୍ବୁ-ଦ୍ୱାର	1	1	1	1	EXO 29:4
ସମାଗମ-ତମ୍ବୁକୁ	2	2	2	3	EXO 29:30
ସମାଗମ-ତମ୍ବୁଦ୍ୱାର	15	15	3	1	EXO 29:42
ସମାଗମ-ତମ୍ବୁଦ୍ୱାରକୁ	1	1	1	0	LEV 17:9
ସମାଗମ-ତମ୍ବୁଦ୍ୱାରର	1	1	1	0	LEV 12:6
ସମାଗମ-ତମ୍ବୁଦ୍ୱାରରୁ	2	2	1	0	LEV 8:33
ସମାଗମ-ତମ୍ବୁଦ୍ୱାରରେ	3	3	1	0	LEV 8:35
ସମାଗମ-ତମ୍ବୁର	22	22	4	45	EXO 30:16
ସମାଗମ-ତମ୍ବୁରୁ	1	1	1	1	LEV 1:1
ସମାଗମ-ତମ୍ବୁରୂପ	2	2	2	2	EXO 39:32
ସମାଗମ-ତମ୍ବୁରେ	35	35	4	35	EXO 27:21
ସମାଗମ-ସ୍ଥାନ	2	2	1	2	PSA 74:4
ସମାଚାର	20	20	14	20	GEN 9:22
ସମାଜ	61	61	19	62	GEN 35:11
ସମାଜ-ଦିନରେ	2	2	1	2	DEU 9:10
ସମାଜ-ସ୍ଥାନ	1	1	1	1	LAM 2:6
ସମାଜକୁ	17	17	8	20	NUM 10:7
ସମାଜଗୃହ	7	7	4	13	MAT 6:5
ସମାଜଗୃହ-ସମୂହରେ	1	1	1	0	MAT 9:35
ସମାଜଗୃହକୁ	3	3	1	3	ACT 13:14
ସମାଜଗୃହଗୁଡ଼ିକରେ	1	1	1	1	MRK 13:9
ସମାଜଗୃହମାନଙ୍କରେ	1	1	1	1	LUK 4:44
ସମାଜଗୃହର	11	11	3	10	MRK 5:22
ସମାଜଗୃହରୁ	2	2	2	5	MRK 1:29
ସମାଜଗୃହରେ	30	30	5	30	MAT 6:2
ସମାଜଗୃହସମୂହରେ	5	5	3	1	MAT 4:23
ସମାଜଚ୍ୟୁତ	3	3	1	0	JHN 9:22
ସମାଜର	7	7	4	7	LEV 4:13
ସମାଜରୁ	1	1	1	3	EZR 10:8
ସମାଜରେ	15	15	7	16	DEU 23:1
ସମାଦର	40	40	21	41	GEN 12:16
ସମାଦରଯୋଗ୍ୟ	1	1	1	0	1TI 6:1
ସମାଦରର	1	1	1	1	2TI 2:21
ସମାଦରରେ	2	2	2	2	ROM 12:10
ସମାଦୃତ	1	1	1	1	LAM 5:12
ସମାଧି	50	50	7	58	MAT 8:21
ସମାଧି-କ୍ରିୟାସ୍ୱରୂପେ	1	1	1	1	MAT 26:12
ସମାଧି-ଦ୍ୱାରରେ	1	1	1	0	MAT 27:60
ସମାଧି-ସ୍ଥାନ	1	1	1	1	MRK 5:5
ସମାଧି-ସ୍ଥାନରୁ	2	2	2	0	MAT 8:28
ସମାଧି-ସ୍ଥାନରେ	1	1	1	0	MRK 5:3
ସମାଧିକି	1	1	1	0	LUK 23:55
ସମାଧିପ୍ରାପ୍ତ	3	3	3	3	ACT 2:29
ସମାଧିବସ୍ତ୍ରରେ	1	1	1	1	JHN 11:44
ସମାଧିରୁ	5	5	3	5	MAT 27:53
ସମାଧିରେ	5	5	4	5	MRK 6:29
ସମାଧିସମୂହ	1	1	1	1	MAT 27:52
ସମାଧିସ୍ତମ୍ଭ	2	2	2	1	MAT 23:29
ସମାଧିସ୍ଥ	4	4	3	4	JHN 5:28
ସମାନ	91	91	33	105	GEN 18:25
ସମାପନ	2	2	2	2	GEN 18:33
ସମାପ୍ତ	106	106	27	119	GEN 2:2
ସମାପ୍ତଣହେଲା	1	1	1	0	GEN 2:1
ସମାପ୍ତି	9	9	7	17	LEV 8:33
ସମାରୀୟ	2	2	2	2	GEN 10:18
ସମାରୋହ	1	1	1	1	GEN 50:9
ସମାରୋହରେ	1	1	1	1	ACT 25:23
ସମାରୟିମ	1	1	1	0	2CH 13:4
ସମାଲୋଚକମାନଙ୍କୁ	1	1	1	1	1CO 9:3
ସମୀପରେ	10	10	5	10	EXO 29:11
ସମୀପସ୍ଥ	5	5	4	5	LEV 1:5
ସମୀର୍	1	1	1	1	1CH 7:8
ସମୁଚିତ	7	7	5	7	DEU 32:35
ସମୁଦାୟ	390	390	42	389	GEN 6:13
ସମୁଦାୟଙ୍କ	1	1	1	1	JER 25:30
ସମୁଦ୍ର	174	174	35	175	GEN 1:10
ସମୁଦ୍ର-ଯାତ୍ରା	1	1	1	0	PSA 107:23
ସମୁଦ୍ର-ରୂପ	1	1	1	0	JER 52:17
ସମୁଦ୍ର-ରୂପପାତ୍ର	1	1	1	0	2KI 16:17
ସମୁଦ୍ରଆଡ଼େ	1	1	1	1	1KI 18:43
ସମୁଦ୍ରକୁ	24	24	14	25	EXO 14:21
ସମୁଦ୍ରକୂଳ	4	4	2	1	ZEP 2:5
ସମୁଦ୍ରକୂଳକୁ	3	3	2	3	MRK 2:13
ସମୁଦ୍ରକୂଳରେ	3	3	2	7	MRK 4:1
ସମୁଦ୍ରଗଣର	1	1	1	1	EZK 27:4
ସମୁଦ୍ରଗାମୀ	2	2	2	2	JOS 3:16
ସମୁଦ୍ରଗାମୀମାନେ	1	1	1	1	ISA 42:10
ସମୁଦ୍ରଚିଲ	1	1	1	0	DEU 14:15
ସମୁଦ୍ରଠାରୁ	5	5	5	4	PSA 72:8
ସମୁଦ୍ରତୀର	3	3	3	3	DEU 1:7
ସମୁଦ୍ରତୀରରେ	1	1	1	1	JDG 5:17
ସମୁଦ୍ରତୀରସ୍ଥ	7	7	5	6	JDG 7:12
ସମୁଦ୍ରପଥଗାମୀ	1	1	1	1	PSA 8:8
ସମୁଦ୍ରପଥରେ	1	1	1	0	2CH 2:16
ସମୁଦ୍ରପାତ୍ର	1	1	1	1	JER 27:20
ସମୁଦ୍ରପାରସ୍ଥ	1	1	1	1	JER 25:22
ସମୁଦ୍ରବର୍ତ୍ତୀ	1	1	1	1	EZK 26:18
ସମୁଦ୍ରବାସୀ	1	1	1	1	PSA 65:5
ସମୁଦ୍ରମାନଙ୍କ	4	4	1	4	EZK 27:26
ସମୁଦ୍ରମାନଙ୍କର	1	1	1	1	EZK 28:8
ସମୁଦ୍ରର	68	68	25	68	GEN 1:22
ସମୁଦ୍ରରପ୍ରାନ୍ତଠାରୁ	1	1	1	0	NUM 34:3
ସମୁଦ୍ରରୁ	6	6	6	6	NUM 11:31
ସମୁଦ୍ରରୂପ	15	15	5	12	1KI 7:24
ସମୁଦ୍ରରେ	46	46	18	48	EXO 14:23
ସମୁଦ୍ରସମୂହର	1	1	1	1	PSA 65:7
ସମୁଦ୍ରସ୍ଥ	3	3	3	3	EST 10:1
ସମୂଳେ	5	5	5	5	EXO 23:24
ସମୂହ	1	1	1	3	MRK 13:25
ସମୂହକୁ	1	1	1	3	1CO 16:1
ସମୂହର	2	2	2	14	1KI 8:1
ସମୃଦ୍ଧ	5	5	5	5	GEN 39:2
ସମୃଦ୍ଧି	9	9	7	14	JOB 21:16
ସମୃଦ୍ଧିମାନ୍	1	1	1	0	ACT 26:2
ସମୃଦ୍ଧିରେ	3	3	2	3	JOB 21:13
ସମୃଦ୍ଧିଶାଳୀ	1	1	1	1	JOB 8:6
ସମେତ	50	50	13	49	EXO 12:9
ସମ୍ଗର-ନବୋ	1	1	1	1	JER 39:3
ସମ୍ପତ୍ତି	90	90	30	93	GEN 13:1
ସମ୍ପତ୍ତିକି	4	4	4	0	DEU 33:11
ସମ୍ପତ୍ତିର	8	8	6	9	1CH 27:31
ସମ୍ପତ୍ତିରୁ	1	1	1	4	JOB 6:22
ସମ୍ପତ୍ତିରେ	6	6	3	7	PSA 49:6
ସମ୍ପତ୍ତିଶାଳୀ	1	1	1	0	1JN 3:17
ସମ୍ପତ୍ତିସବୁ	2	2	2	2	ISA 45:3
ସମ୍ପଦ	3	3	3	4	GEN 39:5
ସମ୍ପଦର	1	1	1	3	JOB 42:10
ସମ୍ପନ୍ନ	10	10	9	8	EXO 39:42
ସମ୍ପର୍କ	9	9	6	21	JOS 22:24
ସମ୍ପର୍କୀୟ	9	9	7	18	1KI 14:13
ସମ୍ପାଦ	1	1	1	0	EXO 5:11
ସମ୍ପାଦନ	1	1	1	4	JOB 25:2
ସମ୍ପାଦିବାକୁ	1	1	1	0	EXO 5:12
ସମ୍ପୂର୍ଣ୍ଣ	169	169	52	228	GEN 15:16
ସମ୍ପ୍ରତି	1	1	1	1	JER 27:6
ସମ୍ପ୍ରଦାୟର	1	1	1	1	ACT 6:5
ସମ୍ବନ୍ଧ	4	4	4	5	GEN 34:9
ସମ୍ବନ୍ଧତା	1	1	1	1	PSA 94:20
ସମ୍ବନ୍ଧରେ	135	135	31	126	EXO 28:38
ସମ୍ବନ୍ଧୀୟ	65	65	28	76	GEN 30:8
ସମ୍ବନ୍ଧୀୟା	1	1	1	1	1CH 7:15
ସମ୍ବନ୍ଧେ	1	1	1	0	1JN 5:9
ସମ୍ବରଣ	4	4	4	3	JOB 9:13
ସମ୍ବର୍ଦ୍ଧନା	2	2	1	2	2JN 1:10
ସମ୍ବଳ	7	7	2	6	JER 46:19
ସମ୍ବାଦ	109	109	33	112	GEN 22:20
ସମ୍ବାଦଦାୟୀ	4	4	2	1	2SA 1:5
ସମ୍ବାଦରେ	1	1	1	1	ISA 23:5
ସମ୍ବୁଖରେ	1	1	1	0	EXO 40:6
ସମ୍ବୋଧନ	4	4	4	11	ISA 60:14
ସମ୍ବୋଧିତ	3	3	1	3	MAT 23:7
ସମ୍ଭବ	6	6	5	9	MAT 24:24
ସମ୍ଭାଳ	1	1	1	1	JOB 36:2
ସମ୍ଭାଳି	7	7	4	7	GEN 43:31
ସମ୍ଭାଳିବେ	2	2	2	2	PSA 55:22
ସମ୍ଭାଷଣ	1	1	1	6	LUK 1:29
ସମ୍ଭାଷଣର	1	1	1	1	LUK 1:44
ସମ୍ଭ୍ରମ	39	39	17	39	EXO 14:4
ସମ୍ଭ୍ରମଠାରୁ	1	1	1	1	ECC 10:1
ସମ୍ଭ୍ରମପ୍ରାପ୍ତ	1	1	1	1	JOB 14:21
ସମ୍ଭ୍ରମର	4	4	3	4	EST 8:16
ସମ୍ଭ୍ରମରୂପ	3	3	2	3	PSA 8:5
ସମ୍ଭ୍ରମରେ	3	3	3	3	1CH 29:28
ସମ୍ଭ୍ରାନ୍ତ	27	27	15	26	GEN 34:19
ସମ୍ଭ୍ରାନ୍ତା	1	1	1	1	PSA 45:9
ସମ୍ମତ	59	59	20	56	GEN 16:2
ସମ୍ମତଥିଲେ	1	1	1	0	ACT 8:1
ସମ୍ମତା	2	2	1	0	GEN 24:5
ସମ୍ମତି	2	2	2	5	GEN 23:8
ସମ୍ମତିରେ	1	1	1	0	ACT 5:1
ସମ୍ମାନ	25	25	10	34	1CH 17:18
ସମ୍ମାନପାତ୍ର	1	1	1	1	ACT 5:34
ସମ୍ମାନର	1	1	1	1	PRO 3:35
ସମ୍ମାନରେ	2	2	2	2	DEU 26:19
ସମ୍ମିଳନର	3	3	1	4	2CO 5:18
ସମ୍ମିଳିତ	4	4	2	5	1CO 1:10
ସମ୍ମୁଖ	27	27	12	25	GEN 2:14
ସମ୍ମୁଖଆଡ଼େ	1	1	1	0	EZK 1:12
ସମ୍ମୁଖକୁ	20	20	14	21	EXO 29:10
ସମ୍ମୁଖଗାମୀ	1	1	1	1	PSA 89:14
ସମ୍ମୁଖଠାରୁ	1	1	1	0	2KI 16:3
ସମ୍ମୁଖବର୍ତ୍ତୀ	20	20	8	19	JOS 6:7
ସମ୍ମୁଖଭାଗରୁ	1	1	1	1	ACT 27:30
ସମ୍ମୁଖର	1	1	1	1	1KI 7:49
ସମ୍ମୁଖରୁ	121	121	26	126	GEN 4:14
ସମ୍ମୁଖରେ	756	756	46	774	GEN 13:9
ସମ୍ମୁଖସ୍ଥ	70	70	26	73	GEN 25:18
ସମ୍ମୁଖସ୍ଥାନ	1	1	1	1	EZK 41:16
ସମ୍ମୁଖସ୍ଥିତ	13	13	7	11	LEV 8:26
ସମ୍ମୁଖାସମ୍ମୁଖୀ	9	9	6	9	JDG 6:22
ସମ୍ମୁଖୀନ	7	7	4	10	EXO 25:20
ସମ୍ମୂୟ	1	1	1	0	2SA 5:14
ସମ୍ରାଟଙ୍କ	2	2	1	2	ACT 25:21
ସମ୍ରାଟ୍	1	1	1	1	1TI 6:15
ସମ୍ଳ	3	3	2	3	GEN 36:36
ସମ୍ଳର	1	1	1	1	GEN 36:37
ସମ୍ସୁମ୍ମୀୟ	1	1	1	1	DEU 2:20
ସମୟ	256	256	42	378	GEN 6:3
ସମୟକୁ	15	15	11	14	EXO 14:27
ସମୟଠାରୁ	42	42	18	45	NUM 18:22
ସମୟନ୍ତ	1	1	1	0	ECC 3:4
ସମୟମାତ୍ର	1	1	1	0	HEB 10:37
ସମୟଯାକ	4	4	2	4	1SA 22:4
ସମୟର	26	26	16	36	GEN 6:9
ସମୟରୁ	5	5	4	7	EXO 12:18
ସମୟରେ	1071	1071	57	1309	GEN 2:4
ସମୟରେଣଓ	1	1	1	0	AMO 1:1
ସମୟରେସେଥିର	1	1	1	0	1TI 2:6
ସମୟାନୁକ୍ରମେ	2	2	2	2	GEN 4:3
ସମୟାନୁସାରେ	3	3	3	3	EXO 13:10
ସମୟାବଧି	5	5	3	7	LEV 16:17
ସମୟୀୟର	1	1	1	0	JER 26:20
ସଯନିରେ	1	1	1	0	HEB 12:17
ସଯଷ୍ଟି	2	2	1	2	EXO 8:5
ସରକ୍ତ	1	1	1	1	GEN 9:4
ସରଞ୍ଜାମସବୁ	1	1	1	1	ACT 27:19
ସରଳ	83	83	24	85	DEU 32:4
ସରଳ-ପଥଗାମୀକି	1	1	1	0	PRO 13:6
ସରଳ-ପଥଗାମୀମାନେ	1	1	1	0	ISA 57:2
ସରଳଚିତ୍ତ	1	1	1	1	PSA 11:2
ସରଳତା	16	16	8	16	GEN 20:5
ସରଳତା-ନୁସାରେ	1	1	1	0	PSA 78:72
ସରଳତାନୁସାରେ	1	1	1	2	PSA 7:8
ସରଳତାର	1	1	1	1	ISA 26:10
ସରଳତାରେ	12	12	8	12	GEN 20:6
ସରଳପଥଗାମୀ	1	1	1	1	PRO 29:27
ସରଳମନାମାନଙ୍କ	1	1	1	1	PSA 97:11
ସରଳମାନଙ୍କୁ	1	1	1	1	PSA 7:10
ସରଳହୃଦୟ	1	1	1	0	ROM 16:18
ସରଳାଚରଣ	1	1	1	1	PSA 15:2
ସରଳାଚାରୀ	1	1	1	1	PRO 10:9
ସରଳାଚାରୀମାନଙ୍କ	3	3	1	3	PRO 3:32
ସରଳାଚାରୀମାନଙ୍କଠାରୁ	1	1	1	1	PSA 84:11
ସରଳାଚାରୀମାନଙ୍କର	1	1	1	1	PRO 2:7
ସରଳାଚାରୀମାନେ	2	2	2	2	JOB 4:7
ସରଳାଚାରୀର	1	1	1	1	PRO 15:19
ସରଳାନ୍ତଃକରଣ	4	4	1	4	PSA 32:11
ସରସ	2	2	2	1	MAT 24:32
ସରହୀୟ	3	3	2	3	1CH 6:6
ସରହୀୟକୁ	1	1	1	1	1CH 6:6
ସରହୀୟର	2	2	1	2	EZR 7:4
ସରା	1	1	1	0	2CH 11:10
ସରାଫଗଣ	2	2	1	2	ISA 6:2
ସରାୟ	13	13	6	22	2SA 8:17
ସରାୟ-ବଂଶର	1	1	1	1	NEH 12:12
ସରାୟକୁ	5	5	2	5	1CH 6:14
ସରାୟଙ୍କୁ	1	1	1	1	2KI 25:18
ସରାୟର	2	2	2	2	1CH 4:35
ସରାୟରେ	1	1	1	1	NEH 11:29
ସରାୟୀୟ	1	1	1	2	1CH 2:53
ସରିକି	6	6	4	3	JOB 40:23
ସରିଗଲିଣି	1	1	1	1	JOB 19:10
ସରିଯିବାରୁ	1	1	1	1	JHN 2:3
ସରିଲାଣି	1	1	1	1	1SA 9:7
ସରିୟୀୟ	1	1	1	0	1CH 4:2
ସରିୟୀୟମାନେ	1	1	1	1	1CH 2:54
ସରୀ	1	1	1	1	1CH 25:3
ସରୀସୃପ	3	3	2	3	ACT 10:12
ସରୀସୃପାଦିଙ୍କ	1	1	1	1	ROM 1:23
ସରୀୟ	7	7	2	0	JOS 15:33
ସରୀୟର	1	1	1	0	JDG 16:31
ସରୁ	64	64	10	66	EXO 29:2
ସରୁଗ	2	2	1	3	GEN 11:22
ସରୁଗକୁ	1	1	1	1	GEN 11:20
ସରୁଗର	1	1	1	1	GEN 11:21
ସରୁଗ୍	1	1	1	0	1CH 1:26
ସରୁବ୍ବାବିଲ	7	7	2	0	EZR 2:2
ସରୁବ୍ବାବିଲର	1	1	1	0	1CH 3:19
ସରୁବ୍ବାବିଲ୍	1	1	1	0	1CH 3:19
ସରୁୟା	2	2	2	2	1KI 11:26
ସରୁୟାର	25	25	4	25	1SA 26:6
ସରୂଗ	1	1	1	1	LUK 3:35
ସରୂଗଙ୍କ	1	1	1	1	LUK 3:35
ସରେଇଘର	1	1	1	1	ACT 28:15
ସରେଦା	2	2	2	2	1KI 11:26
ସରୋଦା	1	1	1	1	JDG 7:22
ସରୋବର	1	1	1	1	SNG 7:4
ସରୋରର	1	1	1	1	1SA 9:1
ସର୍ଗୋନର	1	1	1	1	ISA 20:1
ସର୍ତ୍ତନ	3	3	2	3	JOS 3:16
ସର୍ପ	43	43	16	47	GEN 3:1
ସର୍ପକୁ	6	6	5	6	GEN 3:2
ସର୍ପଗୁଡ଼ାକ	1	1	1	1	MAT 23:33
ସର୍ପଦ୍ରଂଷ୍ଟ	1	1	1	1	NUM 21:8
ସର୍ପମାନଙ୍କୁ	1	1	1	1	NUM 21:7
ସର୍ପର	7	7	4	8	PSA 58:4
ସର୍ବ	12	12	10	36	ISA 49:26
ସର୍ବ-ନାଶକୁ	1	1	1	0	MAT 7:13
ସର୍ବ-ପ୍ରକାରେ	1	1	1	0	2CO 7:5
ସର୍ବ-ପ୍ରଧାନଙ୍କର	1	1	1	0	NUM 24:16
ସର୍ବ-ବିଷୟରେ	1	1	1	0	PHP 4:12
ସର୍ବଆକୃତିର	1	1	1	1	EZK 13:18
ସର୍ବଉପର	1	1	1	1	GEN 40:17
ସର୍ବକାର୍ଯ୍ୟାଧ୍ୟକ୍ଷ	1	1	1	1	GEN 24:2
ସର୍ବଗୋଷ୍ଠୀୟ	5	5	3	5	DEU 10:15
ସର୍ବଗୋଷ୍ଠୀୟମାନଙ୍କ	1	1	1	1	ISA 25:7
ସର୍ବଗୋଷ୍ଠୀୟମାନେ	1	1	1	1	PSA 47:1
ସର୍ବଗ୍ରାସକ	3	3	1	3	ISA 30:27
ସର୍ବଜାତୀୟ	2	2	2	2	EZK 17:23
ସର୍ବଜ୍ଞ	1	1	1	1	1SA 2:3
ସର୍ବଜୟୀ	1	1	1	1	EPH 6:13
ସର୍ବତୋ	1	1	1	0	EPH 1:23
ସର୍ବତୋ-ଭାବେ	1	1	1	0	HOS 12:11
ସର୍ବତୋଭାବରେ	2	2	2	2	LAM 5:22
ସର୍ବତୋଭାବେ	19	19	13	19	GEN 18:21
ସର୍ବତ୍ର	52	52	23	51	GEN 13:10
ସର୍ବତ୍ରଣଗମନ	1	1	1	0	2CH 30:6
ସର୍ବଦା	112	112	36	121	GEN 6:3
ସର୍ବଦେଶର	1	1	1	1	EZK 20:15
ସର୍ବଦେଶରେ	3	3	2	2	GEN 41:56
ସର୍ବଦେଶୀୟ	5	5	3	4	GEN 41:57
ସର୍ବଦେଶୀୟମାନଙ୍କ	4	4	2	4	PSA 99:2
ସର୍ବଦେଶୀୟମାନଙ୍କର	1	1	1	1	JER 10:7
ସର୍ବଦେଶୀୟମାନେ	4	4	3	4	PSA 117:1
ସର୍ବନାଶ	12	12	9	15	JOS 10:20
ସର୍ବନାଶକ	2	2	2	2	JOB 31:12
ସର୍ବନାଶକାରୀ	2	2	2	2	JER 30:23
ସର୍ବନାଶର	5	5	4	5	PSA 38:12
ସର୍ବନାଶରେ	1	1	1	1	PSA 73:18
ସର୍ବପଶ୍ଚାତ୍	1	1	1	1	JER 50:12
ସର୍ବପ୍ରକାର	71	71	22	56	GEN 6:19
ସର୍ବପ୍ରକାରେ	5	5	5	5	EZK 24:24
ସର୍ବପ୍ରଥମେ	2	2	2	1	ROM 3:2
ସର୍ବପ୍ରଦେଶରେ	1	1	1	1	EST 9:4
ସର୍ବପ୍ରଧାନ	2	2	2	2	JOS 14:15
ସର୍ବବଂଶୀୟ	1	1	1	1	REV 7:9
ସର୍ବବସ୍ତୁର	1	1	1	0	JER 10:16
ସର୍ବବିଧ	1	1	1	0	PHP 4:12
ସର୍ବବିଷୟରେ	2	2	2	0	2SA 23:5
ସର୍ବଭାଷାବାଦୀ	1	1	1	1	REV 7:9
ସର୍ବମଙ୍ଗଳ	1	1	1	0	EZR 5:7
ସର୍ବଶକ୍ତିମାନ	32	32	9	41	GEN 17:1
ସର୍ବଶକ୍ତିମାନଙ୍କ	14	14	4	12	JOB 6:4
ସର୍ବଶକ୍ତିମାନଙ୍କ-ଠାରେ	1	1	1	0	JOB 22:26
ସର୍ବଶକ୍ତିମାନଙ୍କଠାରୁ	2	2	1	2	JOB 27:13
ସର୍ବଶକ୍ତିମାନଙ୍କଠାରେ	2	2	1	2	JOB 27:10
ସର୍ବଶକ୍ତିମାନଙ୍କର	5	5	3	5	NUM 24:4
ସର୍ବଶକ୍ତିମାନଙ୍କୁ	1	1	1	1	JOB 13:3
ସର୍ବଶକ୍ତିମାନ୍	2	2	1	0	GEN 28:3
ସର୍ବଶରୀରସ୍ଥ	1	1	1	1	NUM 27:16
ସର୍ବଶେଷର	1	1	1	1	1CO 4:9
ସର୍ବଶେଷରେ	2	2	1	2	GEN 33:2
ସର୍ବଶ୍ରେଷ୍ଠ	1	1	1	1	PRO 4:7
ସର୍ବସଙ୍କଟରୁ	1	1	1	0	PSA 34:17
ସର୍ବସମେତ	1	1	1	1	LEV 4:12
ସର୍ବସାଧକ	1	1	1	1	ECC 11:5
ସର୍ବସାଧନକର୍ତ୍ତା	2	2	2	1	PSA 57:2
ସର୍ବସାଧାରଣ	2	2	2	2	MRK 12:38
ସର୍ବସୁଦ୍ଧା	42	42	11	39	GEN 5:5
ସର୍ବସୃଷ୍ଟିକର୍ତ୍ତା	1	1	1	1	EPH 3:9
ସର୍ବସ୍ୱ	47	47	18	41	GEN 12:20
ସର୍ବସ୍ୱକୁ	2	2	2	2	2SA 6:12
ସର୍ବସ୍ୱର	6	6	4	6	GEN 39:5
ସର୍ବସ୍ୱରୁ	3	3	3	3	LEV 27:28
ସର୍ବସ୍ୱରେ	1	1	1	1	JOB 1:12
ସର୍ବାଗ୍ରଗାମୀ	1	1	1	1	GEN 32:17
ସର୍ବାଙ୍ଗ	10	10	7	10	GEN 25:25
ସର୍ବାଙ୍ଗର	1	1	1	1	PRO 4:22
ସର୍ବାଧିକାରୀ	1	1	1	1	2CO 6:10
ସର୍ବାଧିପତି	1	1	1	1	ROM 9:5
ସର୍ବାନ୍ତଃ-କରଣରେ	1	1	1	0	PSA 86:12
ସର୍ବାନ୍ତଃକରଣ	14	14	7	14	1KI 8:23
ସର୍ବାନ୍ତଃକରଣର	1	1	1	1	EZK 36:5
ସର୍ବାନ୍ତଃକରଣରେ	9	9	2	10	PSA 9:1
ସର୍ବାନ୍ତର୍ଯ୍ୟାମୀ	1	1	1	0	ACT 1:24
ସର୍ବାପେକ୍ଷା	3	3	3	3	GEN 3:1
ସର୍ବେସର୍ବା	1	1	1	1	1CO 15:28
ସର୍ବୋଚ୍ଚ	2	2	2	3	PSA 89:27
ସର୍ବୋତଭାବେ	1	1	1	1	NUM 24:10
ସର୍ବୋତୋଭାବେ	1	1	1	1	NUM 23:11
ସର୍ବୋତ୍କୃଷ୍ଟ	2	2	2	2	PHP 2:9
ସର୍ବୋତ୍ତମ	13	13	7	13	GEN 45:18
ସର୍ବୋପରିସ୍ଥ	23	23	5	27	GEN 14:18
ସର୍ବୋପରିସ୍ଥଙ୍କ	11	11	3	11	PSA 21:7
ସର୍ବୋପରିସ୍ଥଙ୍କର	8	8	3	9	PSA 73:11
ସର୍ବୋପରିସ୍ଥଙ୍କୁ	1	1	1	1	PSA 91:9
ସଲଖା	2	2	2	3	DEU 3:10
ସଲଖାରେ	1	1	1	1	JOS 12:5
ସଲଫାଦ	2	2	1	2	NUM 26:33
ସଲଫାଦର	7	7	2	9	NUM 26:33
ସଲମୁନ୍ନ	2	2	1	3	JDG 8:10
ସଲମୁନ୍ନକୁ	2	2	1	5	JDG 8:7
ସଲମୁନ୍ନର	2	2	1	5	JDG 8:5
ସଲମୋନ	2	2	2	2	RUT 4:20
ସଲମୋନଙ୍କୁ	1	1	1	1	MAT 1:4
ସଲମୋନର	1	1	1	1	RUT 4:21
ସଲମୋନ୍	1	1	1	2	JDG 9:48
ସଲ୍ଖା	1	1	1	0	1CH 5:11
ସଲ୍ଫାଦର	1	1	1	0	1CH 7:15
ସଲ୍ଫାଦ୍	1	1	1	1	1CH 7:15
ସଲ୍ମା	1	1	1	2	1CH 2:11
ସଲ୍ମାକୁ	1	1	1	1	1CH 2:11
ସଲ୍ମୁନ୍ନ	1	1	1	0	JDG 8:21
ସଲ୍ମୁନ୍ନକୁ	3	3	1	0	JDG 8:15
ସଲ୍ମୁନ୍ନର	2	2	2	0	JDG 8:15
ସଲ୍ମୋନାରୁ	1	1	1	1	NUM 33:42
ସଲ୍ମୋନାରେ	2	2	2	1	NUM 33:41
ସଲ୍ମୋନ୍	1	1	1	0	2SA 23:28
ସଲ୍ଲ	1	1	1	1	NEH 12:7
ସଲ୍ଲୁ	2	2	2	2	1CH 9:7
ସଲ୍ଲୟ	1	1	1	1	NEH 11:8
ସଲ୍ଲୟ-ବଂଶର	1	1	1	1	NEH 12:20
ସଳଖ	27	27	16	24	1SA 6:12
ସଳଖେ	1	1	1	1	PRO 9:15
ସଳିତା	1	1	1	1	MAT 12:20
ସସଜ୍ଜ	31	31	12	31	EXO 13:18
ସହ	49	49	20	115	MAT 18:35
ସହ-ଉତ୍ତରାଧିକାରୀ	1	1	1	0	ROM 8:17
ସହ-ସୈନିକ	1	1	1	1	PHM 1:2
ସହକର୍ମୀ	10	10	7	15	MRK 16:20
ସହକର୍ମୀମାନଙ୍କ	1	1	1	1	PHP 4:3
ସହକର୍ମୀମାନଙ୍କର	1	1	1	1	PHP 4:3
ସହକର୍ମୀମାନେ	1	1	1	2	PHM 1:23
ସହକାରିଣୀ	2	2	1	2	GEN 2:18
ସହକାରୀ	9	9	7	9	EXO 31:6
ସହକାରେ	27	27	15	28	EZR 6:14
ସହକାର୍ଯ୍ୟକାରୀ	3	3	3	3	2CO 1:24
ସହଚର	1	1	1	1	JDG 11:3
ସହଚରଗଣକୁ	1	1	1	1	JOB 38:32
ସହଚରୀ	1	1	1	1	PSA 45:14
ସହଚରୀଗଣ	1	1	1	1	EXO 2:5
ସହଚରୀମାନେ	1	1	1	1	JDG 5:29
ସହଜ	10	10	5	10	PRO 14:6
ସହଜରେ	2	2	2	2	ISA 32:4
ସହଜେ	1	1	1	1	PRO 23:31
ସହଦାସ	6	6	3	6	MAT 18:29
ସହଦାସକୁ	1	1	1	0	MAT 18:33
ସହଦାସମାନଙ୍କୁ	1	1	1	1	MAT 24:49
ସହଦାସମାନେ	1	1	1	1	MAT 18:31
ସହଦାସର	1	1	1	1	MAT 18:28
ସହନଗର-ବାସୀଙ୍କୁ	1	1	1	0	HEB 8:11
ସହନଶୀଳ	2	2	2	2	EPH 4:2
ସହନାଗରିକ	1	1	1	1	EPH 2:19
ସହନୀୟ	5	5	2	3	MAT 10:15
ସହପାଳିତ	1	1	1	1	ACT 13:1
ସହପ୍ରାଚୀନ	1	1	1	1	1PE 5:1
ସହବନ୍ଦୀ	4	4	4	4	ROM 16:7
ସହବର୍ତ୍ତୀ	65	65	35	66	GEN 31:3
ସହବାସ	36	36	10	42	GEN 4:1
ସହବାସୀ	3	3	2	3	LEV 19:34
ସହଭାଗିତା	15	15	6	19	1CO 1:9
ସହଭାଗିତା-ସୂଚକ	1	1	1	0	ROM 15:26
ସହଭାଗିତାର	3	3	3	3	2CO 9:13
ସହଭାଗିତାରୁ	1	1	1	1	REV 2:22
ସହଭାଗିତାରୂପ	1	1	1	1	2CO 8:4
ସହଭାଗିତାରେ	18	18	10	18	ACT 2:42
ସହଭାଗୀ	38	38	17	38	PSA 50:18
ସହମ	1	1	1	1	2CH 11:19
ସହଯାତ୍ରୀ	2	2	2	4	ACT 19:29
ସହଯାତ୍ରୀମାନଙ୍କ	2	2	2	2	LUK 2:44
ସହଯାତ୍ରୀସମସ୍ତଙ୍କୁ	1	1	1	0	ACT 27:24
ସହଯୋଗିତା	1	1	1	1	2CO 6:14
ସହଯୋଦ୍ଧାକୁ	1	1	1	1	2KI 3:23
ସହଯୋଦ୍ଧାର	1	1	1	1	2SA 2:16
ସହର	1	1	1	22	JOS 13:19
ସହରକୁ	1	1	1	22	JAS 4:13
ସହରରେ	1	1	1	31	2CO 11:32
ସହସେନା	1	1	1	1	PHP 2:25
ସହସ୍ର	177	177	27	163	GEN 20:16
ସହସ୍ର-ସେନାପତିଙ୍କ	2	2	1	0	ACT 21:31
ସହସ୍ର-ସେନାପତିଙ୍କି	1	1	1	0	ACT 21:37
ସହସ୍ରଗଣର	1	1	1	1	MIC 5:2
ସହସ୍ରଗୁଣ	1	1	1	0	DEU 1:11
ସହସ୍ରଙ୍କ	1	1	1	1	DAN 5:1
ସହସ୍ରପତି	15	15	7	15	EXO 18:21
ସହସ୍ରପତିମାନଙ୍କ	1	1	1	1	2CH 17:14
ସହସ୍ରପତିମାନଙ୍କର	1	1	1	1	1CH 13:1
ସହସ୍ରପତିମାନେ	4	4	2	4	NUM 10:4
ସହସ୍ରର	5	5	4	4	JOS 22:21
ସହସ୍ରସେନାପତି	11	11	1	4	ACT 21:32
ସହସ୍ରସେନାପତିଙ୍କ	2	2	1	3	ACT 23:17
ସହସ୍ରସେନାପତିଙ୍କୁ	1	1	1	1	ACT 23:15
ସହାଧିକାରିଣୀ	1	1	1	1	1PE 3:7
ସହାଧିକାରୀ	1	1	1	1	HEB 11:9
ସହାନୁଭୂତି	2	2	1	2	HEB 4:15
ସହାୟ	43	43	12	45	GEN 14:5
ସହାୟକାରୀ	2	2	2	2	ISA 31:3
ସହାୟକାରୀ-ମାନେ	1	1	1	0	EZK 30:6
ସହାୟକାରୀମାନଙ୍କୁ	1	1	1	1	EZK 32:21
ସହାୟଗଣ	3	3	3	3	GEN 14:24
ସହାୟଗଣର	1	1	1	1	ISA 31:2
ସହାୟତା	8	8	4	22	JOS 10:33
ସହାୟତାରେ	1	1	1	1	ACT 7:35
ସହାୟପ୍ରାପ୍ତ	1	1	1	1	ISA 31:3
ସହାୟମାନଙ୍କ	1	1	1	1	PSA 118:7
ସହାୟର	1	1	1	1	HOS 13:9
ସହି	12	12	10	15	EST 8:6
ସହିଅଛ	1	1	1	1	REV 2:3
ସହିଅଛି	2	2	1	2	2CO 7:12
ସହିତ	1301	1301	58	1330	GEN 4:8
ସହିତଣପ୍ରଧାନ	1	1	1	0	MRK 15:1
ସହିଥାଅ	2	2	2	2	LUK 22:51
ସହିପାରିବ	1	1	1	0	EXO 18:23
ସହିପାରେ	2	2	2	2	NUM 31:23
ସହିବା	2	2	2	2	NUM 14:27
ସହିବାକୁ	1	1	1	1	JER 10:19
ସହିବି	4	4	4	4	PSA 101:5
ସହିଲି	1	1	1	1	GEN 31:39
ସହିଷ୍ଣୁ	8	8	6	8	JOB 6:11
ସହିଷ୍ଣୁତା	3	3	2	13	2TI 3:10
ସହିଷ୍ଣୁତାର	1	1	1	0	1TI 6:11
ସହିଷ୍ଣୁତାରେ	1	1	1	2	ROM 3:25
ସହୁ	1	1	1	1	1CO 6:7
ସହେ	1	1	1	1	NUM 31:23
ସହୋଦର	10	10	4	10	GEN 42:4
ସହୋଦରକୁ	1	1	1	1	GEN 4:2
ସହ୍ୟ	32	32	14	37	DEU 1:12
ସହ୍ୟକରି	1	1	1	0	HEB 13:13
ସହ୍ୟକରୁଅଛୁ	1	1	1	0	1CO 9:12
ସହ୍ୟକଲି	1	1	1	1	PHP 3:8
ସାଂଘାତିକ	4	4	4	4	2KI 20:1
ସାଂସାରିକ	14	14	9	14	PSA 17:14
ସାଂସାରିକମନା	1	1	1	1	JUD 1:19
ସାଆନ୍ତାଣୀ	2	2	1	2	GEN 16:8
ସାଆନ୍ତାଣୀଙ୍କୁ	1	1	1	1	GEN 16:4
ସାଆନ୍ତେ	1	1	1	1	MAT 13:27
ସାଇପ୍ରସ	1	1	1	0	ACT 11:19
ସାଇପ୍ରସ୍କୁ	1	1	1	0	ACT 13:4
ସାଉଁଟିବାର	1	1	1	1	ISA 24:13
ସାଉଣ୍ଟନ୍ତି	3	3	3	3	JOB 24:6
ସାଉଣ୍ଟି	2	2	2	2	JDG 20:45
ସାଉଣ୍ଟିଥିଲା	1	1	1	1	RUT 2:18
ସାଉଣ୍ଟିବ	3	3	2	3	LEV 19:9
ସାଉଣ୍ଟିବା	2	2	2	2	ISA 17:5
ସାଉଣ୍ଟିବାକୁ	1	1	1	1	RUT 2:15
ସାଉଣ୍ଟିବାର	2	2	1	2	NUM 15:32
ସାଉଣ୍ଟିବି	1	1	1	1	RUT 2:2
ସାଉଣ୍ଟିଲା	1	1	1	1	RUT 2:17
ସାଉଣ୍ଟିଲେ	1	1	1	1	NUM 11:8
ସାଉଣ୍ଟୁ	2	2	2	3	JDG 1:7
ସାଉଣ୍ଟୁଅଛି	2	2	1	2	1KI 17:10
ସାକ୍ଷାତ	75	75	24	92	GEN 14:17
ସାକ୍ଷାତକୁ	5	5	4	5	EXO 34:34
ସାକ୍ଷାତରୁ	9	9	8	9	EXO 10:11
ସାକ୍ଷାତରେ	337	337	45	322	GEN 6:11
ସାକ୍ଷାତରେସେମାନଙ୍କୁ	1	1	1	0	LEV 26:45
ସାକ୍ଷାତ୍	9	9	7	3	GEN 18:2
ସାକ୍ଷୀ	89	89	25	98	GEN 31:44
ସାକ୍ଷୀଗଣ	1	1	1	1	ISA 44:9
ସାକ୍ଷୀଗଣକୁ	1	1	1	1	ISA 43:9
ସାକ୍ଷୀଙ୍କ	8	8	6	7	DEU 19:15
ସାକ୍ଷୀଙ୍କୁ	1	1	1	1	REV 11:3
ସାକ୍ଷୀମାନଙ୍କ	4	4	4	5	NUM 35:30
ସାକ୍ଷୀମାନଙ୍କର	1	1	1	1	DEU 17:7
ସାକ୍ଷୀମାନେ	2	2	2	2	PSA 35:11
ସାକ୍ଷୀର	4	4	2	4	NUM 35:30
ସାକ୍ଷୀରେ	2	2	2	2	MAT 26:65
ସାକ୍ଷୀସ୍ୱରୂପ	1	1	1	0	ACT 26:16
ସାକ୍ଷ୍ୟ	186	186	40	215	GEN 30:33
ସାକ୍ଷ୍ୟ-ଆବାସ	1	1	1	1	NUM 1:53
ସାକ୍ଷ୍ୟ-ଆବାସର	1	1	1	1	NUM 1:53
ସାକ୍ଷ୍ୟ-କଥା	2	2	2	0	2KI 23:3
ସାକ୍ଷ୍ୟ-ତମ୍ବୁ	1	1	1	1	2CH 24:6
ସାକ୍ଷ୍ୟ-ପୁସ୍ତକ	1	1	1	0	2KI 11:12
ସାକ୍ଷ୍ୟ-ସିନ୍ଦୁକ	3	3	1	3	NUM 4:5
ସାକ୍ଷ୍ୟ-ସିନ୍ଦୁକର	1	1	1	4	EXO 25:22
ସାକ୍ଷ୍ୟତମ୍ବୁ	3	3	2	1	NUM 18:2
ସାକ୍ଷ୍ୟତମ୍ବୁକୁ	1	1	1	2	NUM 9:15
ସାକ୍ଷ୍ୟତମ୍ବୁର	1	1	1	0	REV 15:5
ସାକ୍ଷ୍ୟତମ୍ବୁରେ	2	2	1	2	NUM 17:7
ସାକ୍ଷ୍ୟଦାତା	1	1	1	1	1TI 6:13
ସାକ୍ଷ୍ୟଦେଉଅଛି	1	1	1	0	ACT 20:26
ସାକ୍ଷ୍ୟପତ୍ର	2	2	1	3	EXO 25:21
ସାକ୍ଷ୍ୟପତ୍ରଦେବା	1	1	1	0	EXO 25:16
ସାକ୍ଷ୍ୟପୁସ୍ତକ	1	1	1	1	2CH 23:11
ସାକ୍ଷ୍ୟବିହୀନ	1	1	1	0	ACT 14:17
ସାକ୍ଷ୍ୟର	2	2	2	4	NUM 1:50
ସାକ୍ଷ୍ୟରୂପ	3	3	2	3	EXO 26:33
ସାକ୍ଷ୍ୟରୂପେ	1	1	1	1	EXO 38:21
ସାକ୍ଷ୍ୟରେ	1	1	1	1	LUK 22:71
ସାକ୍ଷ୍ୟସବୁ	1	1	1	1	2KI 17:15
ସାକ୍ଷ୍ୟସିନ୍ଦୁକ	11	11	2	0	EXO 16:34
ସାକ୍ଷ୍ୟସିନ୍ଦୁକବାହୀ	1	1	1	0	JOS 4:16
ସାକ୍ଷ୍ୟସିନ୍ଦୁକର	5	5	3	0	EXO 30:6
ସାଖରର	1	1	1	1	1CH 11:35
ସାଖର୍	1	1	1	0	1CH 26:4
ସାଗର	11	11	8	22	NUM 21:4
ସାଗରକୁ	2	2	2	4	PSA 136:13
ସାଗରଠାରୁ	2	2	1	2	EXO 15:22
ସାଗରର	4	4	4	5	EXO 13:18
ସାଗରରେ	4	4	3	4	EXO 10:19
ସାଗୁଣା	1	1	1	0	LEV 11:18
ସାଙ୍ଗ	4	4	3	1	EXO 31:18
ସାଙ୍ଗରେ	156	156	9	153	MAT 5:41
ସାଙ୍ଗୀ	29	29	5	29	EXO 25:13
ସାଙ୍ଗୀର	5	5	1	5	EXO 25:27
ସାଙ୍ଗୀରେ	1	1	1	1	NUM 13:23
ସାଙ୍ଗେ	6	6	2	4	LUK 8:7
ସାଜ	9	9	4	9	GEN 24:32
ସାଜିବା	1	1	1	1	1SA 17:8
ସାଜିଲେ	2	2	2	1	2SA 10:8
ସାଞ୍ଜୁଆ	6	6	4	6	1SA 17:5
ସାଞ୍ଜୁଆର	4	4	3	4	EXO 28:32
ସାଞ୍ଜୁଆରେ	1	1	1	1	1SA 17:5
ସାଢ଼େ	4	4	2	6	1SA 17:4
ସାତ	318	318	35	327	GEN 5:7
ସାତଗୁଣ	4	4	2	4	GEN 4:15
ସାତଗୋଟା	3	3	1	1	GEN 21:28
ସାତଗୋଟି	3	3	2	5	NUM 23:1
ସାତଜଣକୁ	1	1	1	1	JER 52:25
ସାତଟା	2	2	2	2	PRO 26:25
ସାତଟାବେଳେ	1	1	1	0	JHN 4:52
ସାତଟି	1	1	1	1	EXO 2:16
ସାତଣଶହ	1	1	1	0	NEH 7:29
ସାତଥର	2	2	2	1	GEN 33:3
ସାତଦିନ	5	5	4	4	EXO 7:25
ସାତବର୍ଷ	1	1	1	1	LEV 25:8
ସାତବେଣୀ	1	1	1	1	JDG 16:13
ସାତଶହ	5	5	2	6	GEN 5:26
ସାତୁଟା	8	8	2	9	GEN 41:6
ସାତୋଟା	1	1	1	0	MAT 12:45
ସାତୋଟି	16	16	4	19	GEN 41:2
ସାଦରେ	2	2	2	1	ACT 28:7
ସାଦୃଶ୍ୟ	1	1	1	1	GEN 5:3
ସାଦୃଶ୍ୟରେ	7	7	4	7	GEN 1:26
ସାଦେ	1	1	1	1	PSA 119:136
ସାଦୋକ	25	25	7	38	2SA 15:24
ସାଦୋକକୁ	5	5	3	3	2SA 15:25
ସାଦୋକଙ୍କୁ	1	1	1	3	MAT 1:14
ସାଦୋକର	13	13	8	13	2SA 15:36
ସାଦୋକ୍	13	13	4	0	2SA 8:17
ସାଦ୍ଦୂକୀ	3	3	2	4	LUK 20:27
ସାଦ୍ଦୂକୀମାନଙ୍କ	5	5	2	6	MAT 3:7
ସାଦ୍ଦୂକୀମାନଙ୍କୁ	1	1	1	1	MAT 22:34
ସାଦ୍ଦୂକୀମାନେ	5	5	3	5	MAT 16:1
ସାଧନ	144	144	37	147	EXO 12:25
ସାଧନକର୍ତ୍ତା	2	2	2	3	JER 33:2
ସାଧନକାରୀ	1	1	1	1	PSA 74:12
ସାଧନରେ	1	1	1	1	JAS 3:8
ସାଧନାର୍ଥେ	1	1	1	1	ISA 34:5
ସାଧାରଣ	19	19	10	27	LEV 4:27
ସାଧି	2	2	1	2	EZK 5:13
ସାଧିତ	20	20	10	20	2CH 29:36
ସାଧିବା	3	3	2	3	NUM 24:1
ସାଧିବାର	1	1	1	1	EZK 25:15
ସାଧୁ	8	8	7	8	GEN 6:9
ସାଧୁଙ୍କ	12	12	9	12	ROM 1:2
ସାଧୁଙ୍କୁ	2	2	2	2	ROM 16:15
ସାଧୁତା	3	3	3	3	RUT 3:10
ସାଧୁତାର	1	1	1	1	PRO 4:11
ସାଧୁବୃନ୍ଦ	1	1	1	1	REV 18:20
ସାଧୁମାନଙ୍କ	31	31	12	29	PRO 2:8
ସାଧୁମାନଙ୍କର	7	7	3	7	ROM 15:25
ସାଧୁମାନଙ୍କୁ	2	2	2	4	ACT 9:41
ସାଧୁମାନେ	5	5	5	4	2CH 6:41
ସାଧୁର	1	1	1	1	PRO 11:5
ସାଧୁଲୋକ-ମାନଙ୍କର	1	1	1	0	HEB 6:10
ସାଧୁଲୋକଙ୍କ	1	1	1	1	MAT 27:52
ସାଧୁସମସ୍ତଙ୍କୁ	1	1	1	1	HEB 13:24
ସାଧ୍ୟ	9	9	6	8	DEU 16:17
ସାଧ୍ୟାନୁସାରେ	4	4	2	3	LEV 14:22
ସାଧ୍ୱୀ	2	2	2	1	RUT 3:12
ସାନ	73	73	25	74	GEN 1:16
ସାନଠାରୁ	2	2	2	2	ACT 8:10
ସାନନ	1	1	1	1	MIC 1:11
ସାନନ୍ନୀମ	1	1	1	1	JOS 19:33
ସାନନ୍ନୀମରେ	1	1	1	1	JDG 4:11
ସାନୋହ	4	4	2	4	JOS 15:34
ସାନୋହର	1	1	1	1	1CH 4:18
ସାନ୍ତ୍ୱନା	81	81	20	81	GEN 5:28
ସାନ୍ତ୍ୱନା-ଜନକ	1	1	1	0	PSA 119:76
ସାନ୍ତ୍ୱନା-ବାକ୍ୟ	1	1	1	1	JOB 15:11
ସାନ୍ତ୍ୱନାକାରୀ	6	6	3	7	JOB 16:2
ସାନ୍ତ୍ୱନାକାରୀଗଣ	1	1	1	1	NAM 3:7
ସାନ୍ତ୍ୱନାକାରୀମାନଙ୍କର	1	1	1	1	PSA 69:20
ସାନ୍ତ୍ୱନାକାରୀମାନଙ୍କୁ	2	2	2	2	2SA 10:3
ସାନ୍ତ୍ୱନାଜନକ	1	1	1	2	1CO 14:3
ସାନ୍ତ୍ୱନାଦାତା	2	2	2	3	ROM 15:5
ସାନ୍ତ୍ୱନାଦାୟକ	1	1	1	1	ZEC 1:13
ସାନ୍ତ୍ୱନାପ୍ରାପ୍ତ	3	3	3	8	2SA 13:39
ସାନ୍ତ୍ୱନାବିହୀନେ	1	1	1	1	ISA 54:11
ସାନ୍ତ୍ୱନାଯୁକ୍ତ	2	2	2	2	GEN 38:12
ସାନ୍ତ୍ୱନାର	5	5	4	5	MAT 2:18
ସାନ୍ତ୍ୱନାରୂପ	1	1	1	1	ISA 66:11
ସାନ୍ତ୍ୱନାରେ	3	3	1	3	2CO 1:4
ସାନ୍ତ୍ୱନାସବୁ	1	1	1	1	PSA 94:19
ସାନ୍ତ୍ୱନାସୂଚକ	1	1	1	1	JER 16:7
ସାପ	3	3	2	3	MAT 7:10
ସାପୁଡ଼ିଆମାନେ	1	1	1	1	PSA 58:5
ସାଫନତ୍-ପାନେହ	1	1	1	1	GEN 41:45
ସାଫଲ୍ୟ	1	1	1	0	PHP 2:13
ସାଫୋନ୍	1	1	1	1	JOS 13:27
ସାବଦକୁ	1	1	1	0	1CH 2:36
ସାବଦ୍	7	7	3	7	1CH 2:37
ସାବଧାନ	100	100	33	104	GEN 24:6
ସାବଧାନଣ	1	1	1	0	MRK 12:38
ସାବଧାନରେ	5	5	5	5	EXO 21:36
ସାବନ୍	2	2	2	2	GEN 36:27
ସାବୁଦ୍	1	1	1	1	1KI 4:5
ସାବୁନ	1	1	1	1	JER 2:22
ସାମ	2	2	2	1	MAT 14:1
ସାମକ୍	1	1	1	1	PSA 119:112
ସାମଗ୍ରୀ	20	20	14	21	GEN 24:33
ସାମଗ୍ରୀର	1	1	1	1	NAM 2:9
ସାମଗ୍ରୀରକ୍ଷକ	1	1	1	1	1SA 17:22
ସାମଗ୍ରୀସବୁ	1	1	1	1	LAM 1:11
ସାମଥ୍ରାକୀକୁ	1	1	1	0	ACT 16:11
ସାମନ୍ତରାଜା	4	4	2	6	LUK 3:1
ସାମରେ	1	1	1	0	ACT 20:15
ସାମର୍ଥ୍ୟ	8	8	7	13	NUM 22:38
ସାମର୍ଥ୍ୟର	1	1	1	1	JOB 18:7
ସାମାନ୍ୟ	13	13	10	13	LEV 10:10
ସାମାନ୍ୟର	1	1	1	1	EZK 44:23
ସାମୁଦ୍ରିକ	2	2	2	2	1KI 9:27
ସାମ୍ରାଜ୍ୟବାସୀଙ୍କ	1	1	1	1	LUK 2:1
ସାମ୍ୟଭାବ	2	2	1	2	2CO 8:14
ସାର	12	12	10	13	DEU 32:14
ସାରଥିକି	2	2	2	1	1KI 22:34
ସାରନ୍ତଣି	1	1	1	1	EXO 9:15
ସାରଫ୍	1	1	1	1	1CH 4:22
ସାରଭାବେ	1	1	1	1	ROM 13:9
ସାରସ	2	2	2	2	ISA 38:14
ସାରହ	1	1	1	0	NUM 26:46
ସାରା	26	26	6	32	GEN 17:15
ସାରାକୁ	4	4	1	4	GEN 20:2
ସାରାଙ୍କ	1	1	1	3	ROM 4:19
ସାରାଙ୍କର	1	1	1	1	GEN 18:11
ସାରାର	11	11	1	11	GEN 17:21
ସାରି	1	1	1	1	RUT 3:7
ସାରିଫତକୁ	1	1	1	1	LUK 4:26
ସାରିଫତ୍	1	1	1	1	OBA 1:20
ସାରିଫତ୍କୁ	2	2	1	2	1KI 17:9
ସାରିବା	1	1	1	2	RUT 3:3
ସାରିଲଣି	1	1	1	1	JOB 19:3
ସାରିଲା	6	6	6	6	LEV 16:20
ସାରିଲାଣି	1	1	1	1	JHN 3:18
ସାରିଲୁ	1	1	1	0	MAL 2:2
ସାରିଲେଣି	5	5	5	5	NEH 5:5
ସାରୀ	10	10	1	10	GEN 11:29
ସାରୀକି	1	1	1	0	GEN 17:15
ସାରୀଙ୍କ	1	1	1	1	GEN 12:17
ସାରୀଙ୍କର	1	1	1	1	GEN 16:2
ସାରୀଙ୍କୁ	3	3	1	3	GEN 12:5
ସାରୀଦ	1	1	1	1	JOS 19:10
ସାରୀଦରୁ	1	1	1	1	JOS 19:12
ସାରୀର	1	1	1	1	GEN 16:8
ସାର୍ଥକ	1	1	1	1	ISA 54:17
ସାର୍ଦ୍ଦୀ	2	2	1	3	REV 1:11
ସାର୍ଦ୍ଦୀରେ	1	1	1	1	REV 3:4
ସାରୟିମ୍ରେ	1	1	1	0	1CH 4:31
ସାଲ	1	1	1	1	ISA 3:22
ସାଲଫର	1	1	1	1	NEH 3:30
ସାଲାମିରେ	1	1	1	0	ACT 13:5
ସାଲୂର	1	1	1	1	NUM 25:14
ସାଲ୍ମୋନୀର	1	1	1	1	ACT 27:7
ସାସା	1	1	1	1	1CH 2:33
ସାହସ	53	53	23	55	DEU 1:38
ସାହସ-ହୀନମାନଙ୍କୁ	1	1	1	0	1TH 5:14
ସାହସଦାୟୀ	1	1	1	1	PRO 21:22
ସାହସପୂର୍ବକ	6	6	4	5	MRK 15:43
ସାହସପ୍ରାପ୍ତ	1	1	1	0	1TH 2:2
ସାହସବିହୀନ	1	1	1	1	2CO 4:1
ସାହସରେ	10	10	6	10	2CH 25:8
ସାହସହୀନ	4	4	2	4	NUM 21:4
ସାହସିକ	30	30	13	32	DEU 31:6
ସାହସିକଚିତ୍ତମାନେ	1	1	1	1	PSA 76:5
ସାହସୀ	7	7	4	7	NUM 13:20
ସାହାଯ୍ୟ	122	122	24	148	EXO 2:17
ସାହାଯ୍ୟ-କରଣାର୍ଥେ	1	1	1	0	EZR 8:22
ସାହାଯ୍ୟକାରୀ	10	10	8	11	JDG 9:23
ସାହାଯ୍ୟକାରୀଙ୍କି	1	1	1	0	JHN 14:16
ସାହାଯ୍ୟକାରୀଙ୍କୁ	1	1	1	2	JHN 15:26
ସାହାଯ୍ୟକାରୀମାନଙ୍କର	1	1	1	1	1CH 12:18
ସାହାଯ୍ୟକୁ	2	2	1	2	JDG 5:23
ସାହାଯ୍ୟର	1	1	1	1	LAM 4:17
ସାହାଯ୍ୟରେ	20	20	13	19	GEN 4:1
ସାହାଯ୍ୟାର୍ଥେ	1	1	1	4	PSA 119:173
ସାହୀମାନ	1	1	1	0	1KI 20:34
ସାୟଂକାଳ	3	3	3	1	JOB 4:20
ସାୟଂକାଳୀନ	1	1	1	2	2KI 16:15
ସାୟଂକାଳୀୟ	1	1	1	0	2CH 31:3
ସାୟୀରକୁ	1	1	1	1	2KI 8:21
ସିଁଇ	1	1	1	1	GEN 3:7
ସିଁଇଅଛି	1	1	1	1	JOB 16:15
ସିଁଇବାର	1	1	1	0	ECC 3:7
ସିଂହ	77	77	21	86	GEN 49:9
ସିଂହ-ମୁଖ	1	1	1	1	1CH 12:8
ସିଂହକୁ	2	2	2	2	2SA 23:20
ସିଂହଗଣ	5	5	3	5	2KI 17:25
ସିଂହଗଣର	2	2	2	2	NAM 2:11
ସିଂହଗର୍ଜ୍ଜନ	3	3	2	0	PRO 19:12
ସିଂହଛୁଆ	2	2	2	2	DEU 33:22
ସିଂହଠାରୁ	3	3	3	3	JDG 14:18
ସିଂହଦ	2	2	2	0	JOL 1:6
ସିଂହନାଦ	8	8	5	8	2CH 13:15
ସିଂହନାଦର	1	1	1	1	JOB 39:25
ସିଂହପ୍ରାୟ	1	1	1	1	1PE 5:8
ସିଂହମାନଙ୍କ	12	12	6	12	PSA 57:4
ସିଂହମାନଙ୍କଠାରୁ	2	2	2	2	PSA 35:17
ସିଂହମାନଙ୍କର	1	1	1	3	NAM 2:11
ସିଂହମାନେ	4	4	3	5	2KI 17:25
ସିଂହମୂର୍ତ୍ତି	4	4	2	4	1KI 10:19
ସିଂହର	9	9	7	10	JDG 14:8
ସିଂହଶାବକ	2	2	2	2	GEN 49:9
ସିଂହାସନ	78	78	18	85	1SA 2:8
ସିଂହାସନକୁ	1	1	1	2	PSA 89:29
ସିଂହାସନଗୁଡ଼ିକ	1	1	1	1	REV 4:4
ସିଂହାସନଚ୍ୟୁତ	1	1	1	0	LUK 1:52
ସିଂହାସନଠାରୁ	2	2	1	2	REV 16:17
ସିଂହାସନର	15	15	7	17	1KI 7:7
ସିଂହାସନରୁ	4	4	4	6	ISA 14:9
ସିଂହାସନରେ	60	60	14	60	GEN 41:40
ସିଂହାସନସବୁ	1	1	1	1	PSA 122:5
ସିଂହାସନସମୂହ	1	1	1	1	REV 20:4
ସିଂହାସନୋ-ପବିଷ୍ଟ	1	1	1	0	REV 4:9
ସିଂହାସନୋପବିଷ୍ଟ	15	15	5	7	EXO 11:5
ସିଂହୀ	6	6	5	5	NUM 23:24
ସିଂହୀଗଣ	1	1	1	1	NAM 2:12
ସିଂହୀର	3	3	3	3	GEN 49:9
ସିକୂତକୁ	1	1	1	1	AMO 5:26
ସିକ୍ତ	5	5	4	2	LEV 6:21
ସିକ୍ଲଗ୍	2	2	1	7	JOS 15:31
ସିକ୍ଲଗ୍ରେ	3	3	3	3	2SA 1:1
ସିକ୍ଳଗ୍	4	4	1	0	1SA 27:6
ସିକ୍ଳଗ୍କୁ	4	4	2	0	1SA 30:1
ସିକ୍ଳଗ୍ରେ	2	2	2	0	1SA 30:26
ସିଖ୍ରି	7	7	4	7	EXO 6:21
ସିଖ୍ରିର	5	5	3	5	1CH 9:15
ସିଞ୍ଚିତ	1	1	1	2	1PE 1:2
ସିଞ୍ଚିବା	1	1	1	0	EZK 36:25
ସିଞ୍ଚିଲା	1	1	1	1	GEN 2:6
ସିଟ୍ନା	1	1	1	1	GEN 26:21
ସିଟ୍ରୟ	1	1	1	1	1CH 27:29
ସିଦିକୀୟ	37	37	6	39	1KI 22:11
ସିଦିକୀୟକୁ	11	11	1	11	JER 21:3
ସିଦିକୀୟଙ୍କର	3	3	1	5	2KI 25:1
ସିଦିକୀୟଙ୍କୁ	1	1	1	3	2CH 36:10
ସିଦିକୀୟର	12	12	1	8	JER 1:3
ସିଦ୍ଧ	160	160	39	158	GEN 17:1
ସିଦ୍ଧଚିତ୍ତରେ	1	1	1	1	1CH 29:9
ସିଦ୍ଧତା	1	1	1	1	PSA 25:21
ସିଦ୍ଧତାରେ	4	4	2	4	PSA 26:1
ସିଦ୍ଧମନା	1	1	1	1	2CH 29:34
ସିଦ୍ଧି	15	15	10	13	EXO 28:30
ସିଦ୍ଧିଦାତା	1	1	1	1	HEB 12:1
ସିଦ୍ଧିପ୍ରାପ୍ତ	2	2	1	2	HEB 7:28
ସିଦ୍ଧିର	1	1	1	1	PSA 119:96
ସିଦ୍ରି	1	1	1	0	EXO 6:22
ସିଧା	3	3	2	7	LEV 26:13
ସିନା	19	19	10	18	GEN 30:2
ସିନୀୟ	1	1	1	2	GEN 10:17
ସିନ୍	5	5	2	0	NUM 33:36
ସିନ୍ଦୁକ	117	117	12	137	GEN 50:26
ସିନ୍ଦୁକ-ବାହକ	2	2	1	2	JOS 3:13
ସିନ୍ଦୁକ-ବାହକମାନେ	1	1	1	0	JOS 3:15
ସିନ୍ଦୁକ-ରକ୍ଷାର୍ଥେ	1	1	1	0	1SA 7:1
ସିନ୍ଦୁକ-ସ୍ଥାନ	1	1	1	1	2CH 5:8
ସିନ୍ଦୁକକୁ	5	5	3	6	JOS 6:11
ସିନ୍ଦୁକଠାରୁ	1	1	1	1	2CH 5:9
ସିନ୍ଦୁକବାହକ	2	2	2	2	JOS 4:10
ସିନ୍ଦୁକବାହକମାନେ	1	1	1	1	2SA 6:13
ସିନ୍ଦୁକର	12	12	6	15	EXO 25:14
ସିନ୍ଦୁକରେ	8	8	6	8	EXO 25:16
ସିନ୍ଦୁର	1	1	1	1	ISA 44:13
ସିନ୍ଦୂର	31	31	5	32	EXO 25:4
ସିନ୍ଦୂରଚିତ୍ରିତ	1	1	1	1	EZK 23:14
ସିନ୍ଦୂରଣବର୍ଣ୍ଣ	1	1	1	0	EXO 26:1
ସିନ୍ଦୂରବର୍ଣ୍ଣ	17	17	13	13	GEN 38:28
ସିନ୍ଦୂରବର୍ଣ୍ଣ-ସୂତ୍ରବଦ୍ଧ	1	1	1	1	GEN 38:30
ସିନ୍ଧି	7	7	5	6	EXO 22:2
ସିପ୍ପୋରର	6	6	2	7	NUM 22:2
ସିପ୍ପୋରା	1	1	1	1	EXO 4:25
ସିପ୍ପୋରାକୁଓ	1	1	1	0	EXO 18:2
ସିପ୍ପୋରାର	1	1	1	1	EXO 2:21
ସିପ୍ପୋର୍ର	1	1	1	0	JOS 24:9
ସିଫନୀୟଙ୍କ	1	1	1	1	ZEP 1:1
ସିଫନୀୟର	2	2	1	0	ZEC 6:10
ସିଫୋନଠାରୁ	1	1	1	1	NUM 26:15
ସିଫୋନୀୟ	1	1	1	1	NUM 26:15
ସିଫୋନ୍	1	1	1	1	GEN 46:16
ସିଫ୍ରୋଣ	1	1	1	1	NUM 34:9
ସିବମା	1	1	1	1	NUM 32:3
ସିବାର	1	1	1	0	PSA 72:10
ସିବୀୟ	1	1	1	1	1CH 8:9
ସିବୀୟନର	2	2	1	0	GEN 36:24
ସିବୀୟନ୍	2	2	1	0	GEN 36:20
ସିବୀୟା	2	2	2	2	2KI 12:1
ସିବୀୟୋନର	3	3	2	0	GEN 36:2
ସିବୀୟୋନ୍	1	1	1	3	1CH 1:38
ସିବେନୀ	2	2	1	2	EZK 29:10
ସିବୋୟିମ	1	1	1	1	1SA 13:18
ସିବ୍	2	2	1	2	1KI 6:1
ସିବ୍ବଖୟ	4	4	2	4	2SA 21:18
ସିବ୍ବୋଲେତ୍	1	1	1	1	JDG 12:6
ସିବ୍ମା	2	2	2	3	NUM 32:38
ସିବ୍ରୟିମ	1	1	1	1	EZK 47:16
ସିମ୍ମ	1	1	1	1	1CH 6:20
ସିମ୍ମର	1	1	1	2	1CH 6:42
ସିମ୍ରଣ୍	1	1	1	0	GEN 25:2
ସିମ୍ରନ୍	1	1	1	2	1CH 1:32
ସିମ୍ରି	12	12	4	12	NUM 25:14
ସିମ୍ରିକି	2	2	1	0	1CH 8:36
ସିମ୍ରିଙ୍କର	1	1	1	1	1KI 16:20
ସିମ୍ରୀର	1	1	1	0	JER 25:25
ସିରାକୂପ	1	1	1	0	2SA 3:26
ସିରିୟୋନକୁ	1	1	1	1	PSA 29:6
ସିରିୟୋନ୍	1	1	1	0	DEU 3:9
ସିର୍କା	2	2	1	2	NUM 6:3
ସିଲାଇ	2	2	2	1	EZK 13:18
ସିଲ୍ଲଥୟ	2	2	1	2	1CH 8:20
ସିଲ୍ଲା	2	2	1	2	GEN 4:19
ସିଲ୍ଲାକୁ	1	1	1	1	2KI 12:20
ସିଲ୍ଲାର	1	1	1	1	GEN 4:22
ସିଲ୍ୱାନ	2	2	2	3	2CO 1:19
ସିଲ୍ୱାନଙ୍କ	1	1	1	1	1PE 5:12
ସିଲ୍ୱାନ୍	1	1	1	0	2TH 1:1
ସିଳ୍ପା	4	4	1	4	GEN 29:24
ସିଳ୍ପାଠାରୁ	1	1	1	1	GEN 30:10
ସିଳ୍ପାର	2	2	1	2	GEN 35:26
ସିସମୟ	1	1	1	1	1CH 2:40
ସିସମୟକୁ	1	1	1	1	1CH 2:40
ସିସ୍ମର	1	1	1	0	2CH 29:12
ସିୟୀରାକୁ	1	1	1	1	JDG 3:26
ସିୟୋନ	63	63	13	67	DEU 4:48
ସିୟୋନ-କନ୍ୟା	1	1	1	1	MIC 1:13
ସିୟୋନ-କନ୍ୟାର	1	1	1	2	PSA 9:14
ସିୟୋନ-ନିବାସୀ	1	1	1	1	PSA 9:11
ସିୟୋନକୁ	20	20	5	22	PSA 48:12
ସିୟୋନଗାମୀ	1	1	1	1	PSA 84:5
ସିୟୋନଠାରୁ	9	9	4	9	PSA 14:7
ସିୟୋନର	32	32	12	38	2SA 5:7
ସିୟୋନରୁ	7	7	6	7	1KI 8:1
ସିୟୋନରେ	27	27	7	28	PSA 2:6
ସିୟୋନସ୍ଥ	1	1	1	1	AMO 6:1
ସୀଦୋନ	12	12	10	18	GEN 10:15
ସୀଦୋନକୁ	2	2	2	2	2SA 24:6
ସୀଦୋନଠାରୁ	1	1	1	2	GEN 10:19
ସୀଦୋନର	9	9	6	8	1KI 17:9
ସୀଦୋନରେ	3	3	3	2	MAT 11:21
ସୀଦୋନୀୟ	6	6	6	6	JDG 3:3
ସୀଦୋନୀୟମାନଙ୍କ	8	8	4	8	JOS 13:4
ସୀଦୋନୀୟମାନଙ୍କଠାରୁ	1	1	1	1	JDG 18:7
ସୀଦୋନୀୟମାନେ	2	2	2	2	DEU 3:9
ସୀଦୋନ୍	2	2	2	0	GEN 49:13
ସୀଦୋନ୍ଠାରୁ	1	1	1	0	JDG 18:28
ସୀଦ୍ଦୀମ	3	3	1	3	GEN 14:3
ସୀନ	3	3	2	2	EXO 17:1
ସୀନୀମ୍	1	1	1	1	ISA 49:12
ସୀନୀୟ	1	1	1	0	1CH 1:15
ସୀନ୍	8	8	3	14	EXO 16:1
ସୀନୟ	34	34	8	46	EXO 19:1
ସୀନୟ-ପର୍ବତରେ	1	1	1	0	LEV 25:1
ସୀନୟ-ପ୍ରାନ୍ତରରେ	1	1	1	1	NUM 26:64
ସୀନୟର	1	1	1	1	EXO 16:1
ସୀନୟରୁ	1	1	1	1	DEU 33:2
ସୀନୟରେ	1	1	1	1	PSA 68:17
ସୀପ୍	1	1	1	0	JOS 15:55
ସୀଫ	1	1	1	0	2CH 11:8
ସୀଫା	1	1	1	1	1CH 4:16
ସୀଫୀୟ	1	1	1	1	1SA 23:19
ସୀଫୀୟମାନେ	2	2	2	2	1SA 26:1
ସୀଫ୍	6	6	3	8	JOS 15:24
ସୀଫ୍କୁ	1	1	1	1	1SA 23:24
ସୀଫ୍ର	1	1	1	1	1CH 2:42
ସୀବଃ	11	11	1	12	2SA 9:2
ସୀବଃକୁ	3	3	1	3	2SA 9:9
ସୀବଃର	2	2	1	2	2SA 9:10
ସୀବନ	1	1	1	1	EST 8:9
ସୀମା	240	240	27	244	GEN 10:19
ସୀମା-ପ୍ରାନ୍ତରେ	2	2	1	2	JDG 7:17
ସୀମାକୁ	8	8	7	8	2KI 7:8
ସୀମାଚିହ୍ନ	2	2	2	1	DEU 19:14
ସୀମାଠାରୁ	5	5	2	5	GEN 47:21
ସୀମାନୁସାରେ	2	2	2	2	JOS 19:49
ସୀମାନ୍ତବର୍ତ୍ତୀ	5	5	4	5	NUM 22:36
ସୀମାନ୍ତର୍ଗତ	2	2	1	2	JOS 17:8
ସୀମାପାର୍ଶ୍ୱସ୍ଥ	1	1	1	1	1CH 7:29
ସୀମାର	14	14	9	16	NUM 35:26
ସୀମାରୁ	24	24	11	24	NUM 21:13
ସୀମାରେ	16	16	12	19	EXO 16:35
ସୀମାରୟମ୍	1	1	1	2	JOS 18:22
ସୀମାସକଳ	1	1	1	1	ISA 26:15
ସୀମାସ୍ଥ	2	2	2	2	1SA 6:9
ସୀମାସ୍ଥିତ	7	7	5	7	NUM 33:6
ସୀଷ	3	3	2	3	1CH 23:10
ସୀଷଃ	1	1	1	1	1CH 4:37
ସୀଷରା	11	11	2	11	JDG 4:2
ସୀଷରାକୁ	7	7	1	8	JDG 4:7
ସୀଷରାର	6	6	4	6	JDG 4:16
ସୀଷ୍	1	1	1	0	EZK 27:36
ସୀସା	8	8	6	7	EXO 15:10
ସୀସାର	1	1	1	0	ZEC 5:8
ସୀସାସବୁ	1	1	1	1	ISA 1:25
ସୀସ୍	1	1	1	1	2CH 20:16
ସୀହ	1	1	1	1	NEH 11:21
ସୀହର	2	2	2	2	EZR 2:43
ସୀହୋନ	16	16	4	23	NUM 21:21
ସୀହୋନକୁ	5	5	2	6	DEU 1:4
ସୀହୋନଙ୍କ	1	1	1	1	NUM 21:26
ସୀହୋନର	7	7	4	8	NUM 21:27
ସୀହୋନ୍	7	7	4	0	DEU 29:7
ସୀହୋନ୍କୁ	1	1	1	0	JDG 11:21
ସୀୟ	1	1	1	1	1CH 5:13
ସୀୟର	2	2	2	2	EZR 2:44
ସୀୟୋନରେ	1	1	1	0	1PE 2:6
ସୀୟୋର	1	1	1	1	JOS 15:54
ସୀୟୋରୀମ୍	1	1	1	1	1CH 24:8
ସୁଅ	2	2	1	1	LUK 6:48
ସୁଆଚରଣ	1	1	1	1	PRO 1:3
ସୁକର୍ମ	11	11	5	11	2CH 35:26
ସୁକର୍ମକାରୀ	2	2	1	2	PSA 14:1
ସୁକର୍ମସବୁ	1	1	1	1	NEH 13:14
ସୁକୁମାର	1	1	1	1	DEU 28:54
ସୁକୁମାରତା	1	1	1	1	DEU 28:56
ସୁକୁମାରୀ	3	3	3	3	DEU 28:56
ସୁକ୍କୀୟ	1	1	1	1	2CH 12:3
ସୁକ୍କୋତ	5	5	4	6	GEN 33:17
ସୁକ୍କୋତକୁ	2	2	2	2	GEN 33:17
ସୁକ୍କୋତଠାରୁଯାତ୍ରା	1	1	1	0	EXO 13:20
ସୁକ୍କୋତର	7	7	1	7	JDG 8:5
ସୁକ୍କୋତରୁ	1	1	1	1	NUM 33:6
ସୁକ୍କୋତରେ	1	1	1	1	NUM 33:5
ସୁକ୍କୋତ୍	1	1	1	1	2CH 4:17
ସୁକ୍କୋତ୍-ବନୋତ୍	1	1	1	0	2KI 17:30
ସୁକ୍ରିୟା	2	2	2	2	2CH 32:32
ସୁକ୍ରିୟାରେ	1	1	1	1	ROM 12:21
ସୁଖ	17	17	10	16	GEN 27:46
ସୁଖକର	1	1	1	2	ECC 5:12
ସୁଖଚିତ	1	1	1	1	EPH 4:16
ସୁଖଜନକ	3	3	3	3	PRO 3:24
ସୁଖଦାୟକ	4	4	4	4	PRO 3:17
ସୁଖଦୁଃଖଭୋଗୀ	2	2	2	2	ACT 14:15
ସୁଖଦୁଃଖର	1	1	1	1	1PE 3:8
ସୁଖଭୋଗ	11	11	7	11	PSA 16:11
ସୁଖଭୋଗର	2	2	2	3	LUK 8:14
ସୁଖଭୋଗରୁ	1	1	1	1	ECC 2:10
ସୁଖଭୋଗିନୀ	1	1	1	1	ISA 47:8
ସୁଖର	1	1	1	1	JOB 22:3
ସୁଖରୂପ	1	1	1	1	ISA 61:3
ସୁଖରେ	7	7	6	9	DEU 15:16
ସୁଖଶାଳୀମାନଙ୍କ	1	1	1	1	PSA 123:4
ସୁଖାଦ୍ୟ	3	3	3	3	GEN 2:9
ସୁଖାଦ୍ୟର	1	1	1	1	GEN 3:6
ସୁଖାଭିଳାଷରୁ	1	1	1	1	JAS 4:1
ସୁଖାଭିଳାଷରେ	2	2	2	2	JAS 4:3
ସୁଖାର	1	1	1	1	JHN 4:5
ସୁଖିନୀ	2	2	1	3	ISA 32:9
ସୁଖୀ	4	4	3	5	PSA 127:5
ସୁଖ୍ୟାତି	19	19	12	18	RUT 4:11
ସୁଖ୍ୟାତିଣ	1	1	1	0	1PE 2:20
ସୁଖ୍ୟାତିପ୍ରାପ୍ତ	2	2	2	0	ACT 10:22
ସୁଖ୍ୟାତିମ	1	1	1	0	NUM 16:2
ସୁଖ୍ୟାତିଯୁକ୍ତ	1	1	1	1	PHP 4:8
ସୁଖ୍ୟାତିସମ୍ପନ୍ନ	2	2	1	0	ACT 6:3
ସୁଗଠନ	1	1	1	1	COL 2:5
ସୁଗନ୍ଧ	6	6	4	6	GEN 8:21
ସୁଗନ୍ଧକୁ	1	1	1	0	EXO 5:21
ସୁଗନ୍ଧମଣିର	1	1	1	0	REV 21:20
ସୁଗନ୍ଧି	61	61	22	69	GEN 27:27
ସୁଗନ୍ଧି-ଦ୍ରବ୍ୟ	1	1	1	0	ISA 3:24
ସୁଗନ୍ଧିଦ୍ରବ୍ୟ	11	11	6	7	EXO 37:29
ସୁଗନ୍ଧିଦ୍ରବ୍ୟର	1	1	1	1	1CH 9:30
ସୁଗନ୍ଧିଦ୍ରବ୍ୟରେ	1	1	1	0	2CH 16:14
ସୁଗନ୍ଧିଧୂପ	1	1	1	0	EXO 40:27
ସୁଗନ୍ଧିମୟ	1	1	1	1	SNG 8:14
ସୁଗମ	1	1	1	1	1TH 3:11
ସୁଗୃହିଣୀ	1	1	1	1	TIT 2:5
ସୁଗ୍ରାହ୍ୟ	14	14	8	13	PSA 19:14
ସୁଜନର	1	1	1	1	2CH 19:11
ସୁଜନୀ	1	1	1	1	PRO 7:16
ସୁଜିର	1	1	1	1	EZK 44:30
ସୁଜୀ	1	1	1	0	1KI 4:22
ସୁଡ଼ଙ୍ଗ	1	1	1	1	JOB 28:4
ସୁଡ଼ଙ୍ଗକୁ	1	1	1	1	JDG 15:11
ସୁଡ଼ଙ୍ଗରେ	1	1	1	1	JDG 15:8
ସୁଡୌଲ	1	1	1	1	EZK 16:7
ସୁତା	1	1	1	1	LUK 12:27
ସୁତୀକ୍ଷ୍ମ	4	4	1	0	REV 14:14
ସୁତୁଲି	1	1	1	1	JDG 16:9
ସୁଦକ୍ଷ	1	1	1	1	2CH 30:22
ସୁଦଶା	1	1	1	2	JOB 20:21
ସୁଦୃଢ଼	6	6	4	6	ISA 2:15
ସୁଦୃଶ୍ୟ	1	1	1	1	GEN 2:9
ସୁଦୃଷ୍ଟି	1	1	1	1	2KI 13:23
ସୁଦ୍ଧା	189	189	30	179	GEN 31:39
ସୁଧ	21	21	10	22	EXO 22:25
ସୁଧଗ୍ରାହୀର	1	1	1	1	ISA 24:2
ସୁଧଦାତାର	1	1	1	1	ISA 24:2
ସୁଧରେ	2	2	2	2	LEV 25:37
ସୁଧାରାନୁସାରେ	1	1	1	0	1CO 14:40
ସୁଧାରାବିହୀନ	1	1	1	1	JOB 10:22
ସୁଧାରାମତେ	1	1	1	1	2CH 29:35
ସୁଧୁରିବ	1	1	1	1	LEV 26:23
ସୁନା	115	115	32	123	GEN 13:2
ସୁନା-ରୂପା	1	1	1	0	EZK 28:4
ସୁନାକୁ	2	2	2	2	2CH 1:15
ସୁନାପାତ୍ର	3	3	3	2	2SA 8:10
ସୁନାମ	1	1	1	1	PRO 22:1
ସୁନାମୁଣ୍ଡା	2	2	1	2	JOS 7:21
ସୁନାର	11	11	9	11	GEN 24:53
ସୁନାରି	1	1	1	0	PRO 25:4
ସୁନାରିକି	1	1	1	0	ISA 46:6
ସୁନାରୀକି	1	1	1	0	JDG 17:4
ସୁନାରେ	6	6	5	6	NUM 22:18
ସୁନିର୍ମଳୀକୃତ	1	1	1	1	ISA 25:6
ସୁନିଶ୍ଚିତ	3	3	2	3	ROM 5:9
ସୁନେମ	1	1	1	0	JOS 19:18
ସୁନ୍ତୁଖୀ	1	1	1	1	PHP 4:2
ସୁନ୍ଦର	57	57	23	57	GEN 41:2
ସୁନ୍ଦର-ଦ୍ୱାର	1	1	1	1	ACT 3:10
ସୁନ୍ଦର-ବଦନ	1	1	1	1	1SA 17:42
ସୁନ୍ଦରୀ	32	32	10	32	GEN 12:11
ସୁନ୍ନତ	54	54	14	68	GEN 17:12
ସୁନ୍ନତପ୍ରଯୁକ୍ତ	1	1	1	1	EXO 4:26
ସୁନ୍ନତପ୍ରାପ୍ତ	4	4	3	1	ROM 4:12
ସୁନ୍ନତବାଦୀ	1	1	1	1	PHP 3:2
ସୁନ୍ନତବିଧି	2	2	2	0	ACT 7:8
ସୁନ୍ନତର	1	1	1	2	ROM 3:1
ସୁନ୍ନତରେ	2	2	1	2	COL 2:11
ସୁନ୍ନତି	9	9	6	6	ACT 10:45
ସୁନ୍ନତିକୁ	1	1	1	1	ROM 3:30
ସୁନ୍ନତିମାନଙ୍କ	4	4	2	2	GAL 2:7
ସୁନ୍ନତିମାନଙ୍କର	1	1	1	1	ROM 4:12
ସୁନ୍ନତିମାନଙ୍କୁ	1	1	1	1	ROM 4:9
ସୁନ୍ନତ୍	5	5	3	0	GEN 17:10
ସୁନୟନ	1	1	1	1	1SA 16:12
ସୁପରାମର୍ଶ-ଗ୍ରାହକଠାରେ	1	1	1	1	PRO 13:10
ସୁପରିଚିତ	1	1	1	5	2CO 6:9
ସୁପରୀକ୍ଷିତ	1	1	1	1	PSA 18:30
ସୁପୋଷିତ	1	1	1	1	JER 5:8
ସୁପ୍ରକାଶିତ	1	1	1	1	DEU 33:2
ସୁପ୍ରସନ୍ନ	1	1	1	1	PSA 77:7
ସୁବକ୍ତା	2	2	2	2	EXO 4:14
ସୁବଦନା	1	1	1	1	EST 2:7
ସୁବର୍ଣ୍ଣ	113	113	25	118	GEN 2:12
ସୁବର୍ଣ୍ଣ-ଅଳଙ୍କାର	1	1	1	1	EXO 12:35
ସୁବର୍ଣ୍ଣ-ଢାଲ	1	1	1	1	1KI 14:26
ସୁବର୍ଣ୍ଣ-ପ୍ରତିମାକୁ	1	1	1	1	DAN 3:18
ସୁବର୍ଣ୍ଣ-ମଣ୍ଡିତ	1	1	1	1	PSA 68:13
ସୁବର୍ଣ୍ଣକୁ	2	2	1	2	JOB 31:24
ସୁବର୍ଣ୍ଣଠାରୁ	1	1	1	1	PRO 3:14
ସୁବର୍ଣ୍ଣମୟ	10	10	5	11	2CH 4:7
ସୁବର୍ଣ୍ଣର	20	20	6	20	EXO 25:18
ସୁବର୍ଣ୍ଣରେ	47	47	6	47	EXO 25:11
ସୁବର୍ଣ୍ଣସୂତ୍ର	1	1	1	1	PSA 45:13
ସୁବାସ	9	9	4	9	SNG 1:3
ସୁବାସମୟ	1	1	1	1	PSA 45:8
ସୁବାସରେ	1	1	1	1	JHN 12:3
ସୁବାସିତ	2	2	2	2	PRO 7:17
ସୁବିଚାର	7	7	4	7	1SA 25:33
ସୁବିଚାରତ୍ୟାଗିନୀ	1	1	1	1	PRO 11:22
ସୁବିଚାରରେ	1	1	1	1	PSA 112:5
ସୁବିଚାରସିଦ୍ଧ	1	1	1	1	PRO 26:16
ସୁବିଧା	3	3	3	6	MRK 14:11
ସୁବିଧାଜନକ	1	1	1	1	ACT 27:12
ସୁବିବେକ	1	1	1	1	HEB 13:18
ସୁବିବେକରେ	1	1	1	1	ACT 23:1
ସୁବିବେକୀମନା	1	1	1	1	PRO 8:5
ସୁବିବେକୀର	1	1	1	1	PRO 10:13
ସୁବିବେଚନା	13	13	2	13	PSA 36:3
ସୁବିବେଚନାକୁ	1	1	1	1	PRO 7:4
ସୁବିବେଚନାଦାୟକ	1	1	1	1	PRO 4:1
ସୁବିବେଚନାପୂର୍ବକ	1	1	1	1	ISA 52:13
ସୁବିବେଚନାର	1	1	1	1	PRO 9:6
ସୁବିବେଚନାରେ	1	1	1	1	PRO 3:5
ସୁବୁଦ୍ଧି	10	10	6	9	PSA 111:10
ସୁବୁଦ୍ଧିମାନଙ୍କୁ	1	1	1	1	MAT 25:8
ସୁବୁଦ୍ଧିମାନେ	2	2	1	2	MAT 25:4
ସୁବୁଦ୍ଧିର	2	2	2	2	PRO 13:15
ସୁବୋଧ	1	1	1	1	2CO 5:13
ସୁବୋଧର	1	1	1	1	ROM 12:3
ସୁଭାଜନ	1	1	1	0	REV 4:11
ସୁଭିକ୍ଷ	4	4	1	4	GEN 41:29
ସୁଭିକ୍ଷର	2	2	1	2	GEN 41:47
ସୁମନ୍ତ୍ରଣାର	1	1	1	0	PRO 11:14
ସୁମିଶ୍ରିତ	1	1	1	1	ISA 30:24
ସୁମିଷ୍ଟ	6	6	4	6	JOB 20:12
ସୁମିଷ୍ଟ-ଦ୍ରବ୍ୟ	1	1	1	0	NEH 8:10
ସୁଯୋଗ	23	23	13	25	GEN 31:28
ସୁଯୋଗ-ପ୍ରାପ୍ତ	1	1	1	0	2CO 2:11
ସୁଯୋଗର	3	3	3	3	MRK 6:21
ସୁଯୋଗରୂପ	1	1	1	1	2CO 2:12
ସୁରକ୍ଷା	4	4	3	13	PSA 122:7
ସୁରକ୍ଷିତ	9	9	7	13	DEU 3:5
ସୁରଫୈନୀକୀୟା	1	1	1	1	MRK 7:26
ସୁରମ୍ୟ	1	1	1	1	GEN 49:15
ସୁରା	4	4	4	7	PRO 23:30
ସୁରାକୂସାରେ	1	1	1	1	ACT 28:12
ସୁରାପାନ	4	4	1	4	ISA 5:11
ସୁରାପାନରେ	2	2	1	2	ISA 29:9
ସୁରାପାୟୀମାନଙ୍କୁ	1	1	1	1	ISA 24:9
ସୁରାର	1	1	1	1	NUM 6:3
ସୁରାରୁ	1	1	1	1	NUM 6:3
ସୁରିଆ	3	3	2	0	ACT 15:23
ସୁରିଆକୁ	3	3	1	0	ACT 18:18
ସୁରିଆଦେଶୀୟ	1	1	1	0	LUK 4:27
ସୁରିଆର	1	1	1	0	LUK 2:2
ସୁରୀୟା	1	1	1	0	MAT 4:24
ସୁର୍ତ୍ତି	1	1	1	1	ACT 27:17
ସୁଶିକ୍ଷା	1	1	1	1	TIT 2:3
ସୁଶିକ୍ଷିତ	1	1	1	1	PHP 4:12
ସୁଶୀତଳ	1	1	1	1	JER 18:14
ସୁଶୀଳ	3	3	2	3	ECC 9:2
ସୁଶୀଳା	1	1	1	1	TIT 2:5
ସୁଶୋଭିତ	12	12	7	9	EXO 31:10
ସୁଶୋଭିତା	1	1	1	1	PSA 45:13
ସୁଷୀୟ	1	1	1	1	GEN 14:5
ସୁସଂଯୁକ୍ତ	4	4	4	4	JOB 10:8
ସୁସଜ୍ଜତାରୂପ	1	1	1	0	EPH 6:15
ସୁସଜ୍ଜିତ	10	10	8	12	GEN 2:15
ସୁସମାଚାର	118	118	22	154	1KI 1:42
ସୁସମାଚାରକୁ	2	2	2	4	1CO 9:18
ସୁସମାଚାରର	19	19	12	27	MRK 1:1
ସୁସମାଚାରରେ	4	4	4	8	MRK 1:15
ସୁସମ୍ପନ୍ନ	1	1	1	1	2SA 23:5
ସୁସମ୍ବାଦ	8	8	3	9	2SA 18:19
ସୁସମ୍ବାଦବାହକ	1	1	1	1	2SA 18:20
ସୁସମ୍ବାଦର	1	1	1	1	2KI 7:9
ସୁସିକ୍ତ	1	1	1	1	JER 31:12
ସୁସ୍ଥ	152	152	25	163	GEN 20:17
ସୁସ୍ଥମାନଙ୍କୁ	1	1	1	1	ZEC 11:16
ସୁସ୍ଥା	1	1	1	0	MAT 9:22
ସୁସ୍ଥିର	78	78	28	78	EXO 14:13
ସୁସ୍ଥିରତା	3	3	1	3	ISA 30:15
ସୁସ୍ପଷ୍ଟ	3	3	3	3	HAB 2:2
ସୁସ୍ୱାଦୁ	16	16	6	15	GEN 25:28
ସୁହୃଦ	1	1	1	1	PSA 41:9
ସୁହୃଦମାନେ	1	1	1	1	JOB 19:19
ସୁହୃଦ୍ମାନେ	1	1	1	1	JER 38:22
ସୂକ୍ଷ୍ମ	32	32	15	28	GEN 43:7
ସୂକ୍ଷ୍ମବସ୍ତ୍ର	3	3	3	2	GEN 41:42
ସୂଖାଥୀୟମାନେ	1	1	1	1	1CH 2:55
ସୂଚନା	4	4	2	38	LUK 20:37
ସୂଚି	2	2	1	2	EXO 35:35
ସୂଚିକର୍ମ	1	1	1	1	EXO 28:39
ସୂଚିକର୍ମନିର୍ମିତ	2	2	1	2	JDG 5:30
ସୂଚୀକର୍ମରେ	1	1	1	1	EZK 27:7
ସୂଚୀର	3	3	3	0	MAT 19:24
ସୂଚୀଶିଳ୍ପିତ-ବସ୍ତ୍ରରେ	1	1	1	1	PSA 45:14
ସୂଜିର	1	1	1	1	1CH 12:40
ସୂଜିରୁ	2	2	1	2	NUM 15:20
ସୂତା	7	7	6	10	GEN 14:23
ସୂତାଡୋରି	1	1	1	1	JOS 2:18
ସୂତ୍ର	13	13	6	14	GEN 38:18
ସୂତ୍ରଓ	1	1	1	0	EXO 35:6
ସୂତ୍ରଗୁଡ଼ିକ	1	1	1	1	HEB 5:12
ସୂତ୍ରଧର	5	5	3	5	2KI 12:11
ସୂତ୍ରଧରମାନଙ୍କୁ	2	2	2	2	2CH 24:12
ସୂତ୍ରନିର୍ମିତ	1	1	1	1	DEU 22:11
ସୂତ୍ରମିଶ୍ରିତ	1	1	1	1	LEV 19:19
ସୂତ୍ରର	4	4	3	4	EXO 26:4
ସୂତ୍ରରେ	5	5	1	5	EXO 26:1
ସୂପକାର	5	5	1	5	GEN 40:1
ସୂପକାରକୁ	1	1	1	1	GEN 40:22
ସୂପକାରର	1	1	1	1	GEN 40:20
ସୂପକାରିଣୀ	1	1	1	1	1SA 8:13
ସୂଫ	27	27	12	29	EXO 10:19
ସୂଫ-ସମୁଦ୍ରକୁ	1	1	1	0	NUM 14:25
ସୂଫର	2	2	2	2	1SA 1:1
ସୂର	3	3	2	1	NUM 25:15
ସୂର-ଦ୍ୱାରରେ	1	1	1	0	2KI 11:6
ସୂରର	1	1	1	1	NUM 25:15
ସୂରୀଶଦ୍ଦୟର	4	4	1	5	NUM 2:12
ସୂରୀସଦ୍ଦୟର	1	1	1	0	NUM 1:6
ସୂରୀୟେଲ	1	1	1	1	NUM 3:35
ସୂର୍	2	2	1	5	1CH 8:30
ସୂର୍ଯ୍ୟ	108	108	26	108	GEN 15:17
ସୂର୍ଯ୍ୟ-ଦର୍ଶନ	1	1	1	0	ECC 11:7
ସୂର୍ଯ୍ୟ-ପ୍ରତିମାଗଣ	1	1	1	0	EZK 6:4
ସୂର୍ଯ୍ୟ-ପ୍ରତିମାସକଳ	1	1	1	0	LEV 26:30
ସୂର୍ଯ୍ୟ-ପ୍ରତିମାସବୁ	2	2	1	3	2CH 34:4
ସୂର୍ଯ୍ୟଅସ୍ତ	1	1	1	0	EPH 4:26
ସୂର୍ଯ୍ୟକା	3	3	3	0	EXO 39:13
ସୂର୍ଯ୍ୟକାନ୍ତ	2	2	2	6	EXO 28:20
ସୂର୍ଯ୍ୟକାନ୍ତମଣି	1	1	1	0	REV 21:18
ସୂର୍ଯ୍ୟକୁ	4	4	3	4	PSA 136:8
ସୂର୍ଯ୍ୟଘଟିକାରେ	1	1	1	1	2KI 20:11
ସୂର୍ଯ୍ୟଠାରୁ	1	1	1	1	ACT 26:13
ସୂର୍ଯ୍ୟତାପ	1	1	1	1	ISA 49:10
ସୂର୍ଯ୍ୟଦର୍ଶୀ	1	1	1	1	ECC 7:11
ସୂର୍ଯ୍ୟପରିହିତା	1	1	1	0	REV 12:1
ସୂର୍ଯ୍ୟପ୍ରତିମାଗଣ	1	1	1	2	EZK 6:6
ସୂର୍ଯ୍ୟପ୍ରତିମାସବୁ	1	1	1	0	2CH 14:5
ସୂର୍ଯ୍ୟର	11	11	8	11	DEU 33:14
ସୂର୍ଯ୍ୟରଥସବୁ	1	1	1	1	2KI 23:11
ସୂର୍ଯ୍ୟାସ୍ତ	18	18	9	18	GEN 15:12
ସୂର୍ଯ୍ୟୋଦୟ	22	22	11	22	GEN 19:23
ସୂର୍ଯ୍ୟୋଦୟର	1	1	1	1	ISA 45:6
ସୂଷିର	1	1	1	1	NUM 13:11
ସୂହ	1	1	1	1	1CH 7:36
ସୂୟାରର	5	5	1	5	NUM 1:8
ସୃଷ୍ଟ	32	32	14	33	GEN 5:2
ସୃଷ୍ଟି	79	79	27	89	GEN 1:1
ସୃଷ୍ଟିକରଣରୂପ	1	1	1	1	GEN 2:3
ସୃଷ୍ଟିକର୍ତ୍ତା	15	15	9	20	DEU 32:15
ସୃଷ୍ଟିକର୍ତ୍ତାଙ୍କ	3	3	2	3	ISA 17:7
ସୃଷ୍ଟିକର୍ତ୍ତାଙ୍କର	2	2	2	2	JOB 36:3
ସୃଷ୍ଟିକର୍ତ୍ତାଙ୍କୁ	4	4	3	5	PRO 14:31
ସୃଷ୍ଟିକାଳରେ	1	1	1	1	GEN 2:4
ସୃଷ୍ଟିକାଳାବଧି	1	1	1	1	ROM 1:20
ସୃଷ୍ଟିର	6	6	6	9	PSA 90:2
ସୃଷ୍ଟିରୁ	1	1	1	1	HEB 9:11
ସୃଷ୍ଟିରେ	1	1	1	2	MAT 19:28
ସେ	9772	9772	65	9854	GEN 1:14
ସେ-ସମୟରେ	1	1	1	0	2KI 25:4
ସେଆଡ଼େ	8	8	6	8	JOS 8:20
ସେଇଟା	1	1	1	0	EXO 4:2
ସେଇଟାର	1	1	1	0	JHN 9:28
ସେଇଟି	1	1	1	0	GEN 42:38
ସେକଥା	3	3	3	2	1SA 18:20
ସେକାଳରେ	1	1	1	0	EZK 38:17
ସେକୂନ୍ଦ	1	1	1	0	ACT 20:4
ସେଖୁସ୍ଥିତ	1	1	1	1	1SA 19:22
ସେଗୁଡ଼ାକ	6	6	3	5	MAT 13:28
ସେଗୁଡ଼ାକର	1	1	1	1	2PE 2:12
ସେଗୁଡ଼ିକ	11	11	5	12	EXO 7:12
ସେଗୁଡ଼ିକର	1	1	1	1	LEV 16:27
ସେଗୁଡ଼ିକରେ	1	1	1	1	JHN 5:3
ସେଗୁଡ଼ିକୁ	4	4	4	4	LEV 16:27
ସେଚନ	26	26	9	28	EXO 24:6
ସେଚନକାରୀ	1	1	1	1	HOS 6:3
ସେଚନର	1	1	1	1	HEB 12:24
ସେଚିତ	4	4	4	5	NUM 19:20
ସେଜଣ	1	1	1	1	PSA 87:5
ସେଠା	3	3	3	0	GEN 38:21
ସେଠାକୁ	65	65	22	65	GEN 21:19
ସେଠାର	5	5	4	7	GEN 38:22
ସେଠାରୁ	88	88	25	90	GEN 18:16
ସେଠାରେ	414	414	41	423	GEN 2:8
ସେଠାସ୍ଥିତ	11	11	9	11	NUM 21:32
ସେଠି	2	2	1	2	ISA 28:10
ସେଣଏବେ	1	1	1	0	1CH 29:1
ସେତିକି	5	5	5	5	2KI 20:11
ସେତିକିରେ	1	1	1	1	ACT 5:8
ସେତୁ	2	2	2	2	EXO 15:8
ସେତୁଭଙ୍ଗ	2	2	2	2	2SA 5:20
ସେତେ	25	25	20	26	GEN 44:1
ସେତେ-ବେଳେ	5	5	5	0	JDG 3:20
ସେତେକାଳ	1	1	1	1	LEV 26:35
ସେତେଥର	6	6	5	6	1KI 14:28
ସେତେବେଳେ	855	855	56	863	GEN 3:13
ସେଥନ୍	1	1	1	1	1CH 7:10
ସେଥମ୍	2	2	1	2	1CH 23:8
ସେଥର	3	3	2	1	DEU 9:19
ସେଥି	4	4	4	2	1KI 2:28
ସେଥି-ନିମନ୍ତେ	1	1	1	0	LUK 4:43
ସେଥିନିମନ୍ତେ	30	30	16	30	MAT 21:4
ସେଥିପାଇଁ	39	39	15	45	1SA 18:27
ସେଥିପୂର୍ବେ	2	2	2	2	JHN 9:22
ସେଥିପ୍ରତି	1	1	1	1	ROM 7:6
ସେଥିମଧ୍ୟରୁ	2	2	2	2	JHN 1:3
ସେଥିମଧ୍ୟରେ	3	3	3	3	MAT 27:60
ସେଥିଯୋଗୁ	1	1	1	0	JHN 15:3
ସେଥିର	97	97	22	95	MAT 2:16
ସେଥିରୁ	22	22	14	22	LEV 15:15
ସେଥିରେ	615	615	22	617	1CH 22:14
ସେଥିସକାଶେ	8	8	7	6	MAT 14:2
ସେଦିନ	98	98	21	28	DEU 4:15
ସେଦିନରେ	17	17	3	4	ISA 2:11
ସେଦେଶୀୟ	1	1	1	1	2KI 17:27
ସେନା	2	2	2	2	ISA 13:4
ସେନାଦଳ	2	2	2	2	1CH 12:18
ସେନାପତି	99	99	16	105	GEN 21:22
ସେନାପତି-ମାନଙ୍କର	1	1	1	0	REV 19:18
ସେନାପତିକି	5	5	4	0	GEN 26:26
ସେନାପତିକୁ	1	1	1	5	2KI 18:24
ସେନାପତିଗଣ	5	5	3	6	2KI 25:23
ସେନାପତିଙ୍କ	1	1	1	4	1CH 27:3
ସେନାପତିଙ୍କି	1	1	1	0	2SA 18:5
ସେନାପତିଙ୍କୁ	1	1	1	7	1KI 16:16
ସେନାପତିମାନଙ୍କ	3	3	3	3	NUM 31:14
ସେନାପତିମାନଙ୍କର	2	2	2	3	2SA 23:8
ସେନାପତିମାନଙ୍କୁ	13	13	6	13	DEU 20:9
ସେନାପତିମାନେ	7	7	5	8	2SA 24:4
ସେନାପତିର	3	3	3	3	1SA 14:50
ସେନାପତିସକଳ	2	2	1	2	JER 40:13
ସେନାମାନଙ୍କୁ	1	1	1	1	2CH 25:13
ସେନି	1	1	1	1	1SA 14:4
ସେନୀରୀୟ	1	1	1	0	EZK 27:5
ସେନ୍ତ	7	7	1	0	PSA 136:8
ସେପରମେଶ୍ୱରଙ୍କ	1	1	1	0	EXO 22:8
ସେପରି	449	449	47	332	GEN 1:11
ସେପର୍ଯ୍ୟନ୍ତ	54	54	24	58	GEN 8:22
ସେପାଖ	1	1	1	1	EZK 40:10
ସେପାଖକୁ	1	1	1	1	1SA 26:13
ସେପାଖରେ	16	16	3	16	1SA 20:22
ସେପାଖସ୍ଥିତ	1	1	1	1	1SA 14:1
ସେପାଖେ	14	14	5	14	EXO 17:12
ସେପାରସ୍ଥ	1	1	1	1	JHN 6:17
ସେପାରି	4	4	3	4	DEU 11:30
ସେପାରିକି	6	6	5	4	GEN 32:23
ସେପାରିର	1	1	1	2	LUK 8:26
ସେପାରିରୁ	2	2	2	2	JOS 24:3
ସେପାରିରେ	15	15	7	14	DEU 3:20
ସେପାରିସ୍ଥ	24	24	7	23	JOS 9:10
ସେପାରିସ୍ଥିତ	4	4	4	4	DEU 3:25
ସେପାର୍ଶ୍ୱକୁ	1	1	1	0	EZK 4:8
ସେପାର୍ଶ୍ୱରେ	3	3	1	0	EXO 26:13
ସେପ୍ରକାର	21	21	12	23	EXO 8:7
ସେପ୍ରକାରେ	7	7	2	8	JHN 5:19
ସେବକ	86	86	27	96	NUM 4:3
ସେବକ-କର୍ମ	1	1	1	0	1TI 3:13
ସେବକ-କାର୍ଯ୍ୟ	1	1	1	0	EPH 3:2
ସେବକ-ଭବିଷ୍ୟଦ୍ବକ୍ତାଙ୍କ	1	1	1	0	2KI 17:23
ସେବକପଦ	4	4	2	4	2CO 4:1
ସେବକପଦର	2	2	2	2	ROM 11:13
ସେବକମାତ୍ର	1	1	1	1	1CO 3:5
ସେବକମାନଙ୍କ	2	2	2	3	2CO 11:15
ସେବକମାନଙ୍କର	2	2	2	2	EZR 7:24
ସେବକମାନଙ୍କୁ	1	1	1	1	HEB 1:7
ସେବକମାନେ	2	2	2	3	2CO 11:15
ସେବକର	2	2	2	2	ISA 50:10
ସେବକସମସ୍ତେ	1	1	1	0	PSA 97:7
ସେବନ	1	1	1	1	EST 2:12
ସେବର	1	1	1	0	PSA 83:11
ସେବହ	10	10	2	11	JDG 8:5
ସେବହକୁ	2	2	1	2	JDG 8:18
ସେବା	292	292	40	309	GEN 4:12
ସେବା-କାର୍ଯ୍ୟ	1	1	1	0	NUM 18:21
ସେବାକରଣାର୍ଥକ	2	2	1	2	EXO 39:26
ସେବାକର୍ମ	12	12	3	11	NUM 3:7
ସେବାକର୍ମର	1	1	1	0	2CO 9:13
ସେବାକର୍ମରୁ	1	1	1	1	NUM 8:25
ସେବାକର୍ମରେ	6	6	2	6	NUM 4:37
ସେବାକର୍ମାର୍ଥେ	1	1	1	1	2CH 8:14
ସେବାକାରିଣୀ	2	2	2	2	EXO 38:8
ସେବାକାରୀ	8	8	5	8	2SA 13:17
ସେବାକାରୀ-ଗଣର	1	1	1	0	ZEC 2:9
ସେବାକାର୍ଯ୍ୟ	19	19	9	53	NUM 3:26
ସେବାକାର୍ଯ୍ୟକାରୀମାନଙ୍କ	1	1	1	1	2CH 34:13
ସେବାକାର୍ଯ୍ୟର	1	1	1	3	NUM 18:21
ସେବାକାର୍ଯ୍ୟରୁ	1	1	1	1	2CH 35:15
ସେବାକାର୍ଯ୍ୟରେ	1	1	1	6	2CH 30:22
ସେବାକାର୍ଯ୍ୟାର୍ଥକ	2	2	1	2	1CH 23:28
ସେବାକାର୍ଯ୍ୟାର୍ଥେ	1	1	1	2	1CH 25:6
ସେବାନୁସାରେ	5	5	3	5	NUM 7:5
ସେବାପଦରେ	1	1	1	1	ACT 1:17
ସେବାପାଳିର	1	1	1	1	LUK 1:23
ସେବାର	7	7	5	7	EXO 12:26
ସେବାରୁ	1	1	1	1	1CH 9:33
ସେବାରେ	12	12	9	14	GEN 39:4
ସେବାର୍ଥକ	14	14	4	13	NUM 4:9
ସେବାର୍ଥେ	3	3	3	3	DEU 21:5
ସେବାଶୁଶ୍ରୂଷା	2	2	1	0	LUK 10:34
ସେବିକା	1	1	1	2	ROM 16:1
ସେବିତ	2	2	2	2	ECC 5:9
ସେବିଷୟରେ	3	3	3	0	DEU 6:7
ସେବେଠାରୁ	2	2	1	0	EZK 33:22
ସେବ୍	2	2	1	2	JDG 7:25
ସେବ୍-ଦ୍ରାକ୍ଷାଯନ୍ତ୍ର	1	1	1	1	JDG 7:25
ସେବ୍କୁ	1	1	1	1	JDG 7:25
ସେବ୍ର	1	1	1	2	JDG 7:25
ସେମଧ୍ୟ	1	1	1	0	ROM 8:30
ସେମାଙ୍କୁ	1	1	1	1	MRK 2:19
ସେମାନଙ୍କ	2811	2811	63	2823	GEN 3:7
ସେମାନଙ୍କ-ଠାରୁ	2	2	2	0	1SA 6:7
ସେମାନଙ୍କ-ଠାରେ	2	2	2	0	LEV 22:25
ସେମାନଙ୍କଠାରୁ	74	74	26	78	GEN 6:4
ସେମାନଙ୍କଠାରେ	19	19	11	22	GEN 19:5
ସେମାନଙ୍କର	1197	1197	57	1224	GEN 2:25
ସେମାନଙ୍କରଦଣ୍ଡ	1	1	1	0	AMO 1:13
ସେମାନଙ୍କୁ	2420	2420	60	2456	GEN 1:22
ସେମାନଙ୍କୁକହିଥିଲେ	1	1	1	0	GEN 45:27
ସେମାନଙ୍କୁଗ୍ରାସ	1	1	1	0	PSA 21:9
ସେମାନେ	5219	5219	64	5300	GEN 1:26
ସେମାନେଣଆମ୍ଭର	1	1	1	0	JER 31:32
ସେମୁଣ୍ଡ	1	1	1	1	EXO 36:33
ସେଯାଏ	6	6	6	2	EXO 24:14
ସେର	6	6	5	6	GEN 18:6
ସେରତ୍	2	2	2	2	JOS 13:19
ସେରଦ	1	1	1	1	GEN 46:14
ସେରଦଠାରୁ	1	1	1	1	NUM 26:26
ସେରଦୀୟ	1	1	1	1	NUM 26:26
ସେରଦ୍	4	4	2	4	NUM 21:12
ସେରଶ୍	2	2	1	2	EST 5:14
ସେରଶ୍କୁ	2	2	1	2	EST 5:10
ସେରହ	10	10	4	12	GEN 36:13
ସେରହ-ବଂଶଜାତ	2	2	1	2	1CH 27:11
ସେରହକୁ	1	1	1	1	1CH 2:4
ସେରହଙ୍କୁ	1	1	1	1	MAT 1:3
ସେରହଠାରୁ	2	2	1	2	NUM 26:13
ସେରହର	11	11	4	11	GEN 36:33
ସେରହୀୟ	2	2	1	2	NUM 26:13
ସେରହ୍	1	1	1	0	GEN 36:17
ସେରୂପ	41	41	15	36	GEN 6:22
ସେରୂପେ	4	4	4	5	EXO 27:8
ସେରେ	1	1	1	1	REV 6:6
ସେର୍ଗିୟ	1	1	1	1	ACT 13:7
ସେଲକ	1	1	1	0	2SA 23:37
ସେଲକ୍	1	1	1	2	1CH 11:39
ସେଲଦ୍	2	2	1	2	1CH 2:30
ସେଲା	72	72	4	72	JOS 18:28
ସେଲା-ହମ୍ମହଲିକୋତ୍	1	1	1	1	1SA 23:28
ସେଲାଠାରୁ	1	1	1	0	ISA 16:1
ସେଲାରେ	1	1	1	1	2SA 21:14
ସେଲୂକିଆକୁ	1	1	1	1	ACT 13:4
ସେଲ୍ସହରେ	1	1	1	1	1SA 10:2
ସେସକଳ	12	12	7	9	NUM 18:19
ସେସକଳର	1	1	1	1	JER 1:16
ସେସବୁ	189	189	34	103	GEN 47:14
ସେସବୁକୁ	27	27	13	15	EXO 8:14
ସେସବୁର	43	43	20	22	EXO 10:2
ସେସବୁରୁ	5	5	5	4	PSA 34:19
ସେସବୁରେ	20	20	13	8	DEU 7:25
ସେସମସ୍ତ	37	37	18	16	GEN 39:3
ସେସମସ୍ତକୁ	1	1	1	0	NUM 32:38
ସେସମସ୍ତଙ୍କ	30	30	22	12	DEU 7:15
ସେସମସ୍ତଙ୍କର	11	11	9	4	EZR 8:22
ସେସମସ୍ତଙ୍କୁ	19	19	12	11	NUM 18:16
ସେସମସ୍ତର	5	5	4	3	EXO 3:16
ସେସମସ୍ତେ	94	94	28	35	GEN 11:31
ସେସମ୍ବନ୍ଧରେ	2	2	2	0	MRK 12:26
ସେସମ୍ବନ୍ଧୀୟ	1	1	1	1	1CH 23:31
ସେସମୟ	7	7	7	1	NUM 9:17
ସେସମୟକୁ	4	4	3	1	GEN 18:10
ସେସମୟର	2	2	2	0	MRK 13:4
ସେସମୟରୁ	1	1	1	1	ISA 65:20
ସେସମୟରେ	168	168	34	87	EXO 13:5
ସେସମୟାବଧି	2	2	2	1	2SA 7:11
ସେସ୍ଥଳ	1	1	1	0	ACT 27:39
ସେସ୍ଥଳରେ	1	1	1	0	HOS 1:10
ସେସ୍ଥାନକୁ	19	19	15	10	JOS 1:16
ସେସ୍ଥାନମାନଙ୍କରେ	1	1	1	0	ACT 14:22
ସେସ୍ଥାନର	9	9	6	1	ISA 5:30
ସେସ୍ଥାନରୁ	20	20	12	7	GEN 11:8
ସେସ୍ଥାନରେ	72	72	22	17	EXO 29:42
ସେସ୍ଥାନସ୍ଥ	2	2	2	0	EZK 7:13
ସେସ୍ଥାନସ୍ଥିତ	1	1	1	1	EZK 47:9
ସେହି	3808	3808	62	4552	GEN 1:8
ସେହି-ପ୍ରକାର	1	1	1	0	LUK 10:37
ସେହି-ପ୍ରକାରେ	1	1	1	0	1CO 7:3
ସେହିଁ	1	1	1	0	PRO 6:32
ସେହିଆଡ଼େ	2	2	2	2	2SA 15:20
ସେହିକ୍ଷଣି	63	63	11	78	GEN 44:11
ସେହିକ୍ଷଣେ	1	1	1	1	DAN 10:17
ସେହିଠାକୁ	2	2	2	1	EXO 5:11
ସେହିଠାରୁ	6	6	3	7	GEN 13:14
ସେହିଠାରେ	24	24	13	23	GEN 12:8
ସେହିଦିନ	61	61	20	41	GEN 15:18
ସେହିଦିନରେ	1	1	1	0	LEV 22:30
ସେହିପରି	208	208	45	352	GEN 45:21
ସେହିପରିଁ	1	1	1	0	LUK 9:54
ସେହିପରିଭାବେ	2	2	2	0	1CO 11:28
ସେହିପ୍ରକାର	21	21	10	0	MRK 14:31
ସେହିପ୍ରକାରେ	18	18	12	0	MAT 5:16
ସେହିମାନେ	1	1	1	1	LUK 11:28
ସେହିରୂପ	14	14	7	14	GEN 1:7
ସେହିରୂପେ	5	5	4	4	EXO 25:40
ସେହିସକଳ	1	1	1	0	EZK 11:25
ସେହିସବୁ	258	258	41	106	EXO 24:3
ସେହିସବୁକୁ	5	5	5	7	JDG 10:4
ସେହିସବୁର	10	10	9	12	EXO 36:38
ସେହିସବୁରୁ	1	1	1	1	ECC 1:3
ସେହିସବୁରେ	1	1	1	4	2PE 3:16
ସେହିସମସ୍ତ	12	12	8	0	JER 36:27
ସେହିସମସ୍ତର	1	1	1	0	ROM 6:21
ସେହିସ୍ଥାନ	1	1	1	0	JHN 18:2
ସେହିସ୍ଥାନରୁ	1	1	1	0	LUK 12:59
ସେୟିରର	1	1	1	0	1CH 1:38
ସେୟୀର	23	23	6	25	GEN 14:6
ସେୟୀର-ପର୍ବତ	1	1	1	1	2CH 20:23
ସେୟୀର-ପାର୍ବତୀୟ	2	2	1	2	2CH 20:10
ସେୟୀର-ସନ୍ତାନଗଣର	1	1	1	1	2CH 25:11
ସେୟୀର-ସନ୍ତାନମାନଙ୍କ	1	1	1	1	2CH 25:14
ସେୟୀରଗାମୀ	2	2	1	2	JOS 11:17
ସେୟୀରଠାରୁ	1	1	1	1	ISA 21:11
ସେୟୀରର	2	2	1	3	GEN 36:20
ସେୟୀରରୁ	2	2	2	2	DEU 33:2
ସେୟୀରରେ	2	2	1	2	DEU 1:44
ସେୟୀର୍	1	1	1	0	1CH 4:42
ସୈନିକ-ଜନତା	1	1	1	0	DAN 11:10
ସୈନିକବୃତ୍ତି	1	1	1	1	1CO 9:7
ସୈନିକମାନେ	1	1	1	2	LUK 3:14
ସୈନ୍ୟ	118	118	24	144	EXO 14:4
ସୈନ୍ୟ-ଶ୍ରେଣୀ	1	1	1	0	1SA 17:8
ସୈନ୍ୟ-ଶ୍ରେଣୀକି	1	1	1	0	1SA 17:10
ସୈନ୍ୟ-ଶ୍ରେଣୀବଦ୍ଧ	1	1	1	0	EXO 12:51
ସୈନ୍ୟ-ସାମନ୍ତର	1	1	1	0	ISA 34:2
ସୈନ୍ୟକାର୍ଯ୍ୟ	1	1	1	0	2TI 2:4
ସୈନ୍ୟକୁ	5	5	4	5	EXO 14:24
ସୈନ୍ୟଗଣ	8	8	5	9	EXO 14:9
ସୈନ୍ୟଗଣକୁ	4	4	4	5	EXO 15:4
ସୈନ୍ୟଗଣନାକାରୀ	1	1	1	1	JDG 5:14
ସୈନ୍ୟଗଣର	2	2	2	3	1SA 17:46
ସୈନ୍ୟଗମନର	2	2	2	2	2SA 5:24
ସୈନ୍ୟଙ୍କ	1	1	1	1	ACT 12:6
ସୈନ୍ୟଙ୍କୁ	2	2	2	2	JDG 8:12
ସୈନ୍ୟଦଳ	42	42	20	46	GEN 49:19
ସୈନ୍ୟଦଳ-କନ୍ୟେ	1	1	1	0	MIC 5:1
ସୈନ୍ୟଦଳକୁ	13	13	8	13	JDG 7:14
ସୈନ୍ୟଦଳର	9	9	5	10	1SA 30:8
ସୈନ୍ୟଦଳରୁ	1	1	1	0	2SA 3:22
ସୈନ୍ୟଦଳରେ	2	2	1	2	1CH 12:33
ସୈନ୍ୟପଦରେ	1	1	1	0	2TI 2:4
ସୈନ୍ୟବାହିନୀ	1	1	1	3	REV 19:14
ସୈନ୍ୟବାହିନୀକି	1	1	1	0	REV 19:19
ସୈନ୍ୟବାହିନୀଙ୍କ	1	1	1	1	REV 19:19
ସୈନ୍ୟବେଷ୍ଟନ	1	1	1	0	EZK 4:7
ସୈନ୍ୟମାନଙ୍କ	8	8	6	10	NUM 31:48
ସୈନ୍ୟମାନଙ୍କର	1	1	1	2	1KI 22:36
ସୈନ୍ୟମାନଙ୍କୁ	8	8	4	12	EXO 12:17
ସୈନ୍ୟମାନେ	13	13	6	17	2KI 6:18
ସୈନ୍ୟର	7	7	5	7	JOS 5:14
ସୈନ୍ୟରେ	1	1	1	1	EZK 4:2
ସୈନ୍ୟଶ୍ରେଣୀ	6	6	3	7	NUM 33:1
ସୈନ୍ୟଶ୍ରେଣୀକି	3	3	2	0	1SA 17:26
ସୈନ୍ୟଶ୍ରେଣୀବଦ୍ଧ	1	1	1	2	EXO 6:26
ସୈନ୍ୟଶ୍ରେଣୀଭୁକ୍ତ	1	1	1	1	NUM 26:2
ସୈନ୍ୟଶ୍ରେଣୀର	4	4	4	4	1SA 17:45
ସୈନ୍ୟସଂଖ୍ୟା	12	12	1	0	NUM 2:4
ସୈନ୍ୟସକଳ	1	1	1	0	PSA 103:21
ସୈନ୍ୟସକଳକୁ	1	1	1	1	JER 51:3
ସୈନ୍ୟସମସ୍ତଙ୍କୁ	1	1	1	0	1CH 19:8
ସୈନ୍ୟସମସ୍ତେ	2	2	2	0	PSA 148:2
ସୈନ୍ୟସମୂହ	1	1	1	1	EXO 12:41
ସୈନ୍ୟସମୂହକୁ	2	2	2	1	JDG 4:15
ସୈନ୍ୟସମୂହର	1	1	1	1	ISA 40:26
ସୈନ୍ୟସାମ	14	14	6	0	1SA 17:1
ସୈନ୍ୟସାମନ୍ତ	2	2	2	17	EXO 7:4
ସୈନ୍ୟସାମନ୍ତକୁ	3	3	3	3	ISA 24:21
ସୈନ୍ୟସାମନ୍ତଙ୍କ	1	1	1	0	LUK 21:20
ସୈନ୍ୟସାମନ୍ତଙ୍କୁ	1	1	1	1	1SA 28:19
ସୈନ୍ୟସାମନ୍ତଭୁକ୍ତ	1	1	1	1	1SA 28:1
ସୈନ୍ୟସାମନ୍ତର	1	1	1	2	EZK 29:19
ସୈନ୍ୟସାମନ୍ତସବୁ	1	1	1	1	ISA 34:4
ସୈନ୍ୟାଧିପତି	280	280	18	281	GEN 40:4
ସୈନ୍ୟାଧିପତିର	3	3	1	3	GEN 40:3
ସୈନ୍ୟାନୁସାରେ	15	15	1	15	NUM 1:3
ସୋ	1	1	1	1	2KI 17:4
ସୋଖୋ	6	6	4	6	JOS 15:35
ସୋଖୋର	1	1	1	1	1CH 4:18
ସୋଖୋରେ	1	1	1	1	1SA 17:1
ସୋଟୟର	2	2	2	2	EZR 2:55
ସୋଡ଼ାରେ	1	1	1	1	JER 2:22
ସୋଦିର	1	1	1	1	NUM 13:10
ସୋପାତ୍ର	1	1	1	1	ACT 20:4
ସୋପାନ	5	5	5	5	GEN 28:12
ସୋପାନରେ	1	1	1	1	ACT 21:40
ସୋଫର	4	4	1	7	JOB 2:11
ସୋଫୀ	1	1	1	1	1CH 6:26
ସୋଫୀମ୍	1	1	1	1	NUM 23:14
ସୋଫେରତର	1	1	1	1	NEH 7:57
ସୋବା	2	2	1	2	2SA 10:8
ସୋବାର	9	9	4	9	1SA 14:47
ସୋବାରୁ	1	1	1	1	1CH 19:6
ସୋବାସ୍ଥିତ	1	1	1	1	2SA 10:6
ସୋବେବାକୁ	1	1	1	1	1CH 4:8
ସୋର	31	31	13	37	JOS 19:29
ସୋର-ନିବାସୀମାନଙ୍କ	1	1	1	0	PSA 83:7
ସୋରକୁ	3	3	2	3	EZK 26:15
ସୋରଠାରୁ	1	1	1	1	EZK 29:18
ସୋରର	16	16	9	16	2SA 5:11
ସୋରରୁ	3	3	2	3	1KI 7:13
ସୋରରେ	1	1	1	0	ACT 21:3
ସୋରା	1	1	1	0	PRO 25:20
ସୋରିଷଦାନା	5	5	3	0	MAT 13:31
ସୋରୀୟ	4	4	4	4	1CH 22:4
ସୋରେକ୍	1	1	1	1	JDG 16:4
ସୋସିପାତ୍ର	1	1	1	1	ROM 16:21
ସୋସ୍ଥନାଙ୍କୁ	1	1	1	0	ACT 18:17
ସୋସ୍ଥିନା	1	1	1	1	1CO 1:1
ସୋହର	2	2	2	3	GEN 46:10
ସୋହରର	2	2	1	2	GEN 23:8
ସୋହେତ୍	1	1	1	1	1CH 4:20
ସୋହେଲତ୍-ପ୍ରସ୍ତର	1	1	1	1	1KI 1:9
ସୋୟନ-ପତ୍ତନର	1	1	1	1	NUM 13:22
ସୋୟନ-ପଦାରେ	2	2	1	2	PSA 78:12
ସୋୟନର	2	2	1	2	ISA 19:11
ସୋୟନରେ	2	2	2	2	ISA 30:4
ସୋୟର	3	3	2	3	GEN 13:10
ସୋୟରଠାରୁ	1	1	1	1	JER 48:34
ସୋୟରର	2	2	1	2	GEN 14:2
ସୋୟରରେ	2	2	1	2	GEN 19:23
ସୋୟର୍	1	1	1	1	ISA 15:5
ସୌନ୍ଦର୍ଯ୍ୟ	15	15	7	18	2SA 14:25
ସୌନ୍ଦର୍ଯ୍ୟକିପରି	1	1	1	0	ZEC 9:17
ସୌନ୍ଦର୍ଯ୍ୟକୁ	2	2	2	3	PRO 6:25
ସୌନ୍ଦର୍ଯ୍ୟର	4	4	3	4	PSA 50:2
ସୌନ୍ଦର୍ଯ୍ୟରେ	10	10	5	10	GEN 39:6
ସୌଭାଗ୍ୟ	1	1	1	5	JOB 15:21
ସୌରଭର	1	1	1	0	EZK 20:41
ସୌରଭାର୍ଥକ	3	3	2	2	EZR 6:10
ସୌରଭାର୍ଥେ	1	1	1	1	EZK 16:19
ସ୍କନ୍ଧ	9	9	9	7	GEN 49:15
ସ୍କନ୍ଧଦ୍ୱୟ	1	1	1	1	DEU 33:12
ସ୍କନ୍ଧପଟି	7	7	1	7	EXO 28:7
ସ୍କନ୍ଧପଟିରେ	1	1	1	1	EXO 28:12
ସ୍କନ୍ଧରୁ	10	10	5	10	GEN 24:46
ସ୍କନ୍ଧରେ	20	20	10	19	GEN 9:23
ସ୍କନ୍ଧସବୁ	1	1	1	1	EZK 29:7
ସ୍କନ୍ଧସ୍ଥିତ	1	1	1	1	ISA 9:4
ସ୍କୁଥୀୟ	1	1	1	1	COL 3:11
ସ୍କେବା	1	1	1	1	ACT 19:14
ସ୍ଖଳନରୁ	1	1	1	0	JUD 1:24
ସ୍ଖଳିତ	4	4	4	2	MAT 24:29
ସ୍ଖଳିତ-ବୀର୍ଯ୍ୟ	1	1	1	0	LEV 15:18
ସ୍ତନ	13	13	8	13	GEN 49:25
ସ୍ତନଦ୍ୱୟର	1	1	1	1	HOS 2:2
ସ୍ତନପାନ	3	3	1	3	GEN 21:7
ସ୍ତନଯୁଗଳ	3	3	2	3	SNG 4:5
ସ୍ତନ୍ୟ	4	4	3	4	JOB 3:12
ସ୍ତନ୍ୟତ୍ୟାଗ	1	1	1	1	1KI 11:20
ସ୍ତନ୍ୟତ୍ୟାଗୀ	2	2	1	2	PSA 131:2
ସ୍ତନ୍ୟଦାତ୍ରୀ	3	3	3	3	MAT 24:19
ସ୍ତନ୍ୟଦାୟିନୀ	1	1	1	1	PSA 78:71
ସ୍ତନ୍ୟପାନ	10	10	4	11	EXO 2:7
ସ୍ତନ୍ୟପାନରୁ	1	1	1	1	ISA 28:9
ସ୍ତନ୍ୟପାୟୀ	7	7	4	7	1SA 15:3
ସ୍ତନ୍ୟପାୟୀମାନଙ୍କ	1	1	1	1	MAT 21:16
ସ୍ତବ	6	6	4	4	GEN 29:35
ସ୍ତବଗାନ	5	5	5	8	GEN 29:35
ସ୍ତବ୍ଧ	8	8	6	7	EXO 15:16
ସ୍ତବ୍ଧତାରେ	1	1	1	0	ZEC 12:4
ସ୍ତମ୍ଭ	96	96	19	101	GEN 19:26
ସ୍ତମ୍ଭ-ମଥାନ	1	1	1	1	1KI 7:22
ସ୍ତମ୍ଭ-ମଥାନର	2	2	1	2	1KI 7:17
ସ୍ତମ୍ଭ-ମଥାନରେ	1	1	1	1	1KI 7:18
ସ୍ତମ୍ଭକୁ	1	1	1	1	2CH 3:17
ସ୍ତମ୍ଭଦ୍ୱୟ	1	1	1	1	JER 27:20
ସ୍ତମ୍ଭମାନ	3	3	3	3	1KI 7:21
ସ୍ତମ୍ଭମାନର	2	2	2	2	1KI 7:3
ସ୍ତମ୍ଭର	14	14	6	14	EXO 27:10
ସ୍ତମ୍ଭରେ	5	5	3	5	NUM 12:5
ସ୍ତମ୍ଭଶ୍ରେଣୀର	1	1	1	1	1KI 7:6
ସ୍ତମ୍ଭସକଳ	11	11	10	12	EXO 27:17
ସ୍ତମ୍ଭସବୁ	5	5	5	3	EXO 23:24
ସ୍ତମ୍ଭସବୁକୁ	1	1	1	1	HOS 10:2
ସ୍ତମ୍ଭସବୁର	1	1	1	1	EZK 40:10
ସ୍ତମ୍ଭସବୁରୁ	1	1	1	1	2KI 18:16
ସ୍ତମ୍ଭହୀନ	1	1	1	1	HOS 3:4
ସ୍ତମ୍ଭାକାର	1	1	1	1	1SA 14:5
ସ୍ତମ୍ଭାକାରରେ	1	1	1	1	JDG 20:40
ସ୍ତମ୍ଭିତ	1	1	1	0	EZK 4:16
ସ୍ତାଖୁଙ୍କୁ	1	1	1	1	ROM 16:9
ସ୍ତିଫାନ	2	2	1	4	ACT 6:5
ସ୍ତିଫାନଙ୍କ	5	5	2	8	ACT 6:9
ସ୍ତିଫାନଙ୍କୁ	2	2	1	2	ACT 7:59
ସ୍ତିଫାନା	1	1	1	1	1CO 16:17
ସ୍ତୁତି	1	1	1	16	PSA 117:1
ସ୍ତୁତିଗାନ	2	2	1	9	1CO 14:15
ସ୍ତୁତିବାଦ	3	3	2	1	MAT 11:25
ସ୍ତୂପ	1	1	1	1	ISA 30:33
ସ୍ତୋତ୍ର	2	2	2	2	EPH 5:19
ସ୍ତୋୟିକ	1	1	1	1	ACT 17:18
ସ୍ତ୍ରୀ	283	283	37	311	GEN 1:27
ସ୍ତ୍ରୀ-ତ୍ୟାଗ	1	1	1	1	MAL 2:16
ସ୍ତ୍ରୀ-ବିବାହକାରୀ	1	1	1	1	EZR 10:17
ସ୍ତ୍ରୀକି	63	63	21	3	GEN 20:3
ସ୍ତ୍ରୀକୁ	9	9	5	65	JDG 13:3
ସ୍ତ୍ରୀଗଣ	14	14	6	14	GEN 14:16
ସ୍ତ୍ରୀଗଣକୁ	1	1	1	1	GEN 33:5
ସ୍ତ୍ରୀଗଣର	5	5	5	3	EXO 38:8
ସ୍ତ୍ରୀଗର୍ଭଜାତ	1	1	1	0	MAT 11:11
ସ୍ତ୍ରୀଗର୍ଭଜାତସମସ୍ତଙ୍କ	1	1	1	1	LUK 7:28
ସ୍ତ୍ରୀଙ୍କି	1	1	1	0	GEN 3:12
ସ୍ତ୍ରୀଙ୍କୁ	1	1	1	4	GEN 12:14
ସ୍ତ୍ରୀଜାତ	4	4	2	4	JOB 14:1
ସ୍ତ୍ରୀଟି	2	2	2	2	MAT 22:27
ସ୍ତ୍ରୀଠାରୁ	11	11	8	10	GEN 38:20
ସ୍ତ୍ରୀଠାରେ	4	4	4	2	JDG 19:25
ସ୍ତ୍ରୀଧର୍ମ	8	8	2	3	GEN 18:11
ସ୍ତ୍ରୀଧର୍ମର	2	2	1	0	LEV 12:2
ସ୍ତ୍ରୀଧର୍ମିଣୀ	1	1	1	1	GEN 31:35
ସ୍ତ୍ରୀପିଲାମାନେ	1	1	1	0	NUM 31:18
ସ୍ତ୍ରୀପୁରୁଷ	1	1	1	1	JDG 9:49
ସ୍ତ୍ରୀବତ୍	1	1	1	1	1CO 6:9
ସ୍ତ୍ରୀବିଷୟକ	1	1	1	0	PRO 6:34
ସ୍ତ୍ରୀମାନଙ୍କ	16	16	10	20	JDG 5:24
ସ୍ତ୍ରୀମାନଙ୍କଠାରୁ	2	2	2	2	1SA 21:4
ସ୍ତ୍ରୀମାନଙ୍କର	9	9	5	8	EXO 1:16
ସ୍ତ୍ରୀମାନଙ୍କୁ	22	22	15	24	GEN 31:50
ସ୍ତ୍ରୀମାନେ	31	31	17	31	EXO 35:25
ସ୍ତ୍ରୀର	64	64	25	77	EXO 6:15
ସ୍ତ୍ରୀରକ୍ଷକ	1	1	1	1	EST 2:8
ସ୍ତ୍ରୀରେ	1	1	1	2	JDG 16:27
ସ୍ତ୍ରୀଲୋକ	40	40	14	40	NUM 31:35
ସ୍ତ୍ରୀଲୋକ-ମାନଙ୍କୁ	2	2	2	0	NUM 31:9
ସ୍ତ୍ରୀଲୋକକୁ	9	9	6	9	JDG 14:1
ସ୍ତ୍ରୀଲୋକଙ୍କ	5	5	3	5	EST 1:17
ସ୍ତ୍ରୀଲୋକଙ୍କର	1	1	1	0	REV 12:16
ସ୍ତ୍ରୀଲୋକଙ୍କୁ	5	5	4	4	NUM 31:15
ସ୍ତ୍ରୀଲୋକଟା	1	1	1	0	JHN 8:4
ସ୍ତ୍ରୀଲୋକଟି	8	8	4	9	MAT 9:22
ସ୍ତ୍ରୀଲୋକଟିକୁ	1	1	1	1	MAT 26:10
ସ୍ତ୍ରୀଲୋକମାନଙ୍କ	2	2	2	2	ACT 1:14
ସ୍ତ୍ରୀଲୋକମାନଙ୍କର	1	1	1	2	LUK 23:27
ସ୍ତ୍ରୀଲୋକମାନଙ୍କୁ	2	2	2	4	JER 44:24
ସ୍ତ୍ରୀଲୋକମାନେ	8	8	5	9	NUM 31:17
ସ୍ତ୍ରୀଲୋକର	5	5	5	7	JER 30:6
ସ୍ତ୍ରୀଲୋକେ	1	1	1	1	LAM 2:20
ସ୍ତ୍ରୀସଂସର୍ଗରେ	1	1	1	0	REV 14:4
ସ୍ତ୍ରୀସକଳ	1	1	1	1	EXO 15:20
ସ୍ତ୍ରୀସକଳକୁ	1	1	1	1	EST 8:12
ସ୍ତ୍ରୀସଙ୍ଗ	1	1	1	1	ROM 1:27
ସ୍ଥଗିତ	15	15	8	14	JOS 3:13
ସ୍ଥଳ	5	5	4	8	GEN 1:9
ସ୍ଥଳ-କୁମ୍ଭୀର	1	1	1	0	LEV 11:30
ସ୍ଥଳକୁ	2	2	2	3	ACT 27:43
ସ୍ଥଳପଥରେ	1	1	1	0	ACT 20:13
ସ୍ଥଳମାନରେ	1	1	1	1	JDG 5:11
ସ୍ଥଳର	2	2	2	2	GEN 1:10
ସ୍ଥଳରୁ	2	2	2	2	PSA 68:22
ସ୍ଥଳରେ	11	11	6	12	EZK 27:29
ସ୍ଥଳସକଳ	1	1	1	1	LEV 26:30
ସ୍ଥଳେ	6	6	4	6	ROM 5:16
ସ୍ଥାନ	348	348	43	509	GEN 2:21
ସ୍ଥାନକୁ	195	195	36	225	GEN 19:20
ସ୍ଥାନଘଟିତ	1	1	1	1	NUM 18:1
ସ୍ଥାନଠାରୁ	2	2	2	3	JER 48:34
ସ୍ଥାନଣ	1	1	1	0	GEN 28:17
ସ୍ଥାନନିବାସୀ	1	1	1	0	ACT 22:12
ସ୍ଥାନମାନଙ୍କରେ	7	7	7	8	JDG 6:2
ସ୍ଥାନର	139	139	27	160	GEN 19:22
ସ୍ଥାନରୁ	102	102	34	119	GEN 2:10
ସ୍ଥାନରେ	624	624	50	731	GEN 1:9
ସ୍ଥାନସକଳ	8	8	4	9	LEV 21:23
ସ୍ଥାନସକଳରେ	1	1	1	0	EZK 33:27
ସ୍ଥାନସବୁ	18	18	8	8	PSA 74:20
ସ୍ଥାନସବୁକୁ	1	1	1	1	ISA 51:3
ସ୍ଥାନସବୁରେ	2	2	2	2	2KI 23:5
ସ୍ଥାନସମୂହର	1	1	1	0	EZK 21:2
ସ୍ଥାନସ୍ଥ	4	4	3	5	1KI 8:6
ସ୍ଥାନସ୍ଥିତ	2	2	2	2	NUM 13:21
ସ୍ଥାନାଧିକାର	1	1	1	1	GEN 50:13
ସ୍ଥାନାନୁସାରେ	2	2	2	2	GEN 36:43
ସ୍ଥାନାନ୍ତର	9	9	6	9	EXO 13:22
ସ୍ଥାନାନ୍ତରକୁ	1	1	1	1	JER 9:2
ସ୍ଥାନାନ୍ତରିତ	7	7	6	7	NUM 12:10
ସ୍ଥାନାନ୍ତରୀକୃତ	1	1	1	1	JER 4:1
ସ୍ଥାନାନ୍ତରେ	1	1	1	1	SNG 5:6
ସ୍ଥାନୀୟ	1	1	1	5	2CH 28:7
ସ୍ଥାନେ	8	8	4	6	JER 31:21
ସ୍ଥାପନ	367	367	38	382	GEN 1:18
ସ୍ଥାପନକର୍ତ୍ତା	2	2	1	1	HEB 3:3
ସ୍ଥାପନକାରୀ	1	1	1	1	ISA 51:13
ସ୍ଥାପନଠାରୁ	1	1	1	1	JOB 20:4
ସ୍ଥାପନର	1	1	1	1	GEN 33:19
ସ୍ଥାପନାନୁସାରେ	1	1	1	1	1CH 6:54
ସ୍ଥାପନାର୍ଥେ	12	12	6	13	DEU 14:24
ସ୍ଥାପିତ	86	86	35	87	GEN 13:3
ସ୍ଥାବର	1	1	1	1	ACT 2:45
ସ୍ଥାୟିତ୍ୱ	1	1	1	1	1CH 29:15
ସ୍ଥାୟୀ	18	18	11	19	GEN 17:7
ସ୍ଥିତ	18	18	14	17	GEN 2:1
ସ୍ଥିତି	4	4	4	5	NUM 14:14
ସ୍ଥିତିକର୍ତ୍ତା	1	1	1	1	DEU 32:6
ସ୍ଥିତିକାଳଠାରୁ	1	1	1	1	DAN 12:1
ସ୍ଥିତିକାଳୀନ	1	1	1	1	EZK 36:17
ସ୍ଥିର	207	207	45	212	GEN 6:18
ସ୍ଥିରକରଣାର୍ଥେ	1	1	1	1	EST 9:29
ସ୍ଥିରତା	2	2	2	2	JOB 24:22
ସ୍ଥିରଦୃଷ୍ଟି	1	1	1	2	2KI 8:11
ସ୍ଥିରିକୃତ	1	1	1	1	2SA 7:16
ସ୍ଥିରୀକୃତ	29	29	19	30	GEN 23:20
ସ୍ଥୂଳ	3	3	3	4	JOB 15:26
ସ୍ଥୂଳକାୟ	1	1	1	1	ISA 10:16
ସ୍ଥୂଳତା	3	3	3	3	ISA 17:4
ସ୍ଥୂଳମାଂସବିଶିଷ୍ଟ	1	1	1	0	EZK 16:26
ସ୍ନାନ	38	38	12	37	EXO 2:5
ସ୍ନାନରୁ	2	2	1	2	SNG 4:2
ସ୍ନାନାର୍ଥେ	1	1	1	1	2CH 4:6
ସ୍ନେହ	61	61	15	59	GEN 22:2
ସ୍ନେହ-ରହିତ	1	1	1	1	ROM 1:31
ସ୍ନେହକାରୀଗଣ	1	1	1	1	PSA 69:36
ସ୍ନେହକାରୀମାନେ	1	1	1	1	PSA 119:165
ସ୍ନେହପାତ୍ର	1	1	1	1	EZK 24:21
ସ୍ନେହପୂର୍ଣ୍ଣ	45	45	6	45	PSA 5:7
ସ୍ନେହପୂର୍ଣ୍ଣ-କରୁଣା	1	1	1	0	ISA 63:7
ସ୍ନେହବତୀ	1	1	1	1	LAM 4:10
ସ୍ନେହଭରରେ	1	1	1	1	ZEP 3:17
ସ୍ନେହରେ	3	3	3	3	GEN 43:30
ସ୍ନେହଶୀଳ	13	13	7	12	EXO 34:6
ସ୍ନେହଶୂନ୍ୟ	1	1	1	1	2TI 3:3
ସ୍ନେହସବୁ	1	1	1	1	ISA 63:15
ସ୍ନେହସୂଚକ	1	1	1	1	PRO 22:1
ସ୍ନେହୀକି	1	1	1	0	PSA 88:18
ସ୍ପଞ୍ଜ	1	1	1	2	MRK 15:36
ସ୍ପଞ୍ଜ୍	2	2	2	1	MAT 27:48
ସ୍ପଟିକ	2	2	2	1	EZK 1:22
ସ୍ପର୍ଶ	90	90	32	94	GEN 20:6
ସ୍ପର୍ଶକାରୀ	2	2	2	2	LEV 22:6
ସ୍ପଷ୍ଟ	28	28	16	33	GEN 26:28
ସ୍ପୃଶ୍ୟ	1	1	1	1	HEB 12:18
ସ୍ପେନକୁ	2	2	1	1	ROM 15:24
ସ୍ଫଟିକ	1	1	1	2	REV 22:1
ସ୍ଫଟିକର	1	1	1	0	JOB 28:18
ସ୍ଫୋଟକ	1	1	1	0	ISA 38:21
ସ୍ମରଣ	252	252	51	270	GEN 8:1
ସ୍ମରଣକୁ	1	1	1	0	EZK 21:24
ସ୍ମରଣଚିହ୍ନ	1	1	1	0	DEU 25:19
ସ୍ମରଣର	1	1	1	1	EXO 13:9
ସ୍ମରଣରେ	19	19	14	20	EXO 13:3
ସ୍ମରଣାର୍ଥ	1	1	1	2	MAL 3:16
ସ୍ମରଣାର୍ଥକ	16	16	8	19	EXO 39:7
ସ୍ମରଣାର୍ଥେ	10	10	6	10	EXO 17:14
ସ୍ମରଣୀୟ	6	6	5	6	EXO 3:15
ସ୍ମରଣୋପାୟ	2	2	1	2	PSA 38:1
ସ୍ମୁର୍ଣ୍ଣା	2	2	1	3	REV 1:11
ସ୍ମୃତି	2	2	2	2	JOB 18:17
ସ୍ମୃତିଚିହ୍ନ	1	1	1	1	NEH 2:20
ସ୍ମୃତିପଥରେ	1	1	1	1	ISA 23:16
ସ୍ରଷ୍ଟାଙ୍କ	1	1	1	1	ROM 1:25
ସ୍ରୋତ	21	21	11	25	DEU 8:7
ସ୍ରୋତ-ମାର୍ଗ	1	1	1	0	AMO 6:14
ସ୍ରୋତଜଳ	7	7	4	7	LEV 14:5
ସ୍ରୋତଜଳରେ	2	2	1	2	LEV 14:51
ସ୍ରୋତନ୍ୟାୟ	1	1	1	1	ISA 30:33
ସ୍ରୋତପରି	1	1	1	1	ISA 59:19
ସ୍ରୋତବାହୀ	1	1	1	1	GEN 26:19
ସ୍ରୋତମାନ	1	1	1	1	JOB 20:17
ସ୍ରୋତସକଳ	2	2	2	2	EXO 15:8
ସ୍ରୋତସବୁ	3	3	2	3	PSA 78:44
ସ୍ରୋତସମୂହ	6	6	3	6	JDG 5:15
ସ୍ରୋତସମୂହକୁ	1	1	1	1	EZK 31:15
ସ୍ରୋତସମୂହର	4	4	2	4	ISA 33:21
ସ୍ରୋତସମୂହରେ	1	1	1	1	EZK 29:4
ସ୍ରୋତୋମାର୍ଗ	1	1	1	1	EZK 47:19
ସ୍ୱ	68	68	12	66	GEN 1:11
ସ୍ୱକର୍ଣ୍ଣରେ	3	3	3	3	JOB 28:22
ସ୍ୱକର୍ତ୍ତୃତ୍ୱର	1	1	1	0	ACT 1:7
ସ୍ୱକର୍ମରେ	1	1	1	1	ECC 3:22
ସ୍ୱକୃତ	2	2	2	2	2CH 28:10
ସ୍ୱଗୋଷ୍ଠୀୟ	2	2	2	2	JDG 18:2
ସ୍ୱଗୌରବ	5	5	3	4	EXO 34:14
ସ୍ୱଗୌରବ-ରକ୍ଷଣରେ	3	3	3	4	EXO 20:5
ସ୍ୱଚକ୍ଷୁରେ	11	11	8	11	GEN 44:21
ସ୍ୱଚ୍ଛ	3	3	1	3	REV 4:6
ସ୍ୱଚ୍ଛନ୍ଦ	4	4	4	4	PSA 51:12
ସ୍ୱଚ୍ଛନ୍ଦତାର	1	1	1	1	2CO 9:5
ସ୍ୱଚ୍ଛନ୍ଦମନା	2	2	1	2	EXO 35:5
ସ୍ୱଚ୍ଛନ୍ଦରେ	9	9	8	7	GEN 2:16
ସ୍ୱଜନଙ୍କୁ	1	1	1	1	ACT 24:23
ସ୍ୱଜାତି	8	8	4	7	LUK 16:8
ସ୍ୱଜାତିଠାରୁ	1	1	1	1	2CO 11:26
ସ୍ୱଜାତିମାନଙ୍କୁ	1	1	1	1	ROM 11:14
ସ୍ୱଜାତୀୟ	4	4	2	4	ROM 16:7
ସ୍ୱଜାତୀୟମାନଙ୍କ	1	1	1	1	1TH 2:14
ସ୍ୱଜ୍ଞାତି	1	1	1	0	MRK 6:4
ସ୍ୱତନ୍ତ୍ର	4	4	3	4	ACT 28:16
ସ୍ୱତ୍ୱ	3	3	3	2	NUM 32:32
ସ୍ୱତ୍ୱାଧିକାର	1	1	1	1	GEN 23:18
ସ୍ୱଦକ୍ଷିଣ	1	1	1	1	PSA 17:7
ସ୍ୱଦେଶ	2	2	2	3	2KI 18:32
ସ୍ୱଦେଶକୁ	4	4	3	3	EXO 18:27
ସ୍ୱଦେଶଜାତ	1	1	1	1	NUM 9:14
ସ୍ୱଦେଶରୁ	2	2	2	2	JER 27:10
ସ୍ୱଦେଶରେ	3	3	3	3	JER 27:11
ସ୍ୱଦେଶୀ	4	4	2	4	EXO 12:19
ସ୍ୱଦେଶୀୟ	3	3	1	3	LEV 16:29
ସ୍ୱଧର୍ମ	1	1	1	1	ACT 25:19
ସ୍ୱନାମ-ସ୍ଥାପନକାରୀ	1	1	1	1	EZR 6:12
ସ୍ୱନିବାସୀମାନଙ୍କୁ	1	1	1	1	NUM 13:32
ସ୍ୱନିର୍ମିତ	4	4	2	4	GEN 2:8
ସ୍ୱପରାକ୍ରମର	1	1	1	1	PSA 132:8
ସ୍ୱପରାକ୍ରମରେ	1	1	1	1	JDG 5:31
ସ୍ୱପରିବାର	2	2	2	1	MAT 13:57
ସ୍ୱପ୍ନ	64	64	13	68	GEN 20:3
ସ୍ୱପ୍ନ-ମାତ୍ର	1	1	1	1	1KI 3:15
ସ୍ୱପ୍ନଟି	5	5	1	5	DAN 2:4
ସ୍ୱପ୍ନଦର୍ଶକ	2	2	2	2	GEN 37:19
ସ୍ୱପ୍ନଦର୍ଶକ-ମାନଙ୍କ	1	1	1	0	PSA 126:1
ସ୍ୱପ୍ନଦର୍ଶକମାନେ	2	2	2	2	JER 27:9
ସ୍ୱପ୍ନଦର୍ଶକର	2	2	1	2	DEU 13:3
ସ୍ୱପ୍ନଦର୍ଶନରୁ	1	1	1	1	JOB 4:13
ସ୍ୱପ୍ନଦର୍ଶୀ	1	1	1	1	ISA 56:10
ସ୍ୱପ୍ନମାତ୍ର	1	1	1	1	GEN 41:7
ସ୍ୱପ୍ନର	8	8	5	15	GEN 41:8
ସ୍ୱପ୍ନରେ	17	17	7	19	GEN 31:10
ସ୍ୱପ୍ନାନୁସାରେ	1	1	1	1	GEN 41:12
ସ୍ୱପ୍ରଚଳିତ	1	1	1	1	MRK 7:13
ସ୍ୱପ୍ୱ	1	1	1	1	GEN 37:10
ସ୍ୱବଂଶୀୟ	1	1	1	1	GEN 23:11
ସ୍ୱଭାବ	9	9	5	10	ROM 6:6
ସ୍ୱଭାବତଃ	2	2	2	2	ROM 11:24
ସ୍ୱଭାବର	1	1	1	1	2PE 1:4
ସ୍ୱଭାବା-ନୁସାରେ	1	1	1	0	GAL 4:23
ସ୍ୱଭାବାନୁସାରେ	2	2	2	3	GAL 4:29
ସ୍ୱଭୂମିରେ	1	1	1	1	PSA 37:35
ସ୍ୱମହିମାରେ	1	1	1	1	MAT 25:31
ସ୍ୱମୁଖନିଃସୃତ	1	1	1	1	REV 2:16
ସ୍ୱର	66	66	19	69	GEN 27:22
ସ୍ୱର-ଶିଗୀୟୋନତ୍	1	1	1	0	HAB 3:1
ସ୍ୱରବରେ	2	2	1	2	PSA 77:1
ସ୍ୱରଯୁକ୍ତ	1	1	1	1	ISA 29:4
ସ୍ୱରର	2	2	2	2	EXO 32:18
ସ୍ୱରରେ	77	77	18	39	GEN 21:16
ସ୍ୱରୂପ	456	456	52	447	GEN 11:3
ସ୍ୱରୂପକୁ	2	2	2	2	EXO 10:17
ସ୍ୱରୂପଙ୍କ	1	1	1	0	HEB 3:6
ସ୍ୱରୂପଙ୍କୁ	1	1	1	0	PSA 78:41
ସ୍ୱରୂପନ୍ତ	1	1	1	0	PSA 3:3
ସ୍ୱରୂପା	6	6	4	4	SNG 8:9
ସ୍ୱରୂପେ	95	95	30	84	EXO 10:2
ସ୍ୱର୍ଗ	64	64	22	70	GEN 1:1
ସ୍ୱର୍ଗ-ରାଜ୍ୟରେ	1	1	1	0	MAT 18:3
ସ୍ୱର୍ଗଆଡ଼େ	4	4	3	2	1KI 8:22
ସ୍ୱର୍ଗକୁ	10	10	7	12	DEU 30:12
ସ୍ୱର୍ଗଦୂତ	2	2	2	2	GEN 19:1
ସ୍ୱର୍ଗଦୂତମାନଙ୍କ	1	1	1	0	HEB 1:4
ସ୍ୱର୍ଗନିବାସୀମାନଙ୍କର	1	1	1	1	REV 13:6
ସ୍ୱର୍ଗର	20	20	12	22	GEN 24:7
ସ୍ୱର୍ଗରାଜ୍ୟ	20	20	1	20	MAT 3:2
ସ୍ୱର୍ଗରାଜ୍ୟର	3	3	1	3	MAT 13:11
ସ୍ୱର୍ଗରାଜ୍ୟରେ	9	9	1	10	MAT 5:19
ସ୍ୱର୍ଗରୁ	70	70	18	72	DEU 4:36
ସ୍ୱର୍ଗରେ	80	80	23	86	EXO 20:4
ସ୍ୱର୍ଗସମୂହ	1	1	1	2	HEB 4:14
ସ୍ୱର୍ଗସ୍ଥ	47	47	9	47	2CH 20:6
ସ୍ୱର୍ଗାରୋହଣ	8	8	8	12	2KI 2:11
ସ୍ୱର୍ଗୀୟ	19	19	12	24	1KI 22:19
ସ୍ୱର୍ଗୀୟ-ବାହିନୀ	1	1	1	1	NEH 9:6
ସ୍ୱର୍ଗୋପବିଷ୍ଟ	1	1	1	1	PSA 123:1
ସ୍ୱର୍ଣ୍ଣ	46	46	14	51	EXO 3:22
ସ୍ୱର୍ଣ୍ଣ-ଅଳଙ୍କାର	2	2	2	2	EXO 11:2
ସ୍ୱର୍ଣ୍ଣ-ପ୍ରତିମାରୂପ	1	1	1	0	ISA 31:7
ସ୍ୱର୍ଣ୍ଣ-ବେଦି	1	1	1	1	EXO 40:26
ସ୍ୱର୍ଣ୍ଣକଡ଼ା	5	5	1	4	EXO 28:27
ସ୍ୱର୍ଣ୍ଣକାର	6	6	4	6	NEH 3:31
ସ୍ୱର୍ଣ୍ଣକାରକୁ	1	1	1	1	ISA 41:7
ସ୍ୱର୍ଣ୍ଣକାରମାନେ	1	1	1	1	NEH 3:8
ସ୍ୱର୍ଣ୍ଣକାରର	1	1	1	1	JER 10:9
ସ୍ୱର୍ଣ୍ଣକୁ	1	1	1	1	MAT 23:17
ସ୍ୱର୍ଣ୍ଣକୁଣ୍ଡଳ	1	1	1	1	EXO 32:2
ସ୍ୱର୍ଣ୍ଣକୁଣ୍ଡଳସବୁ	1	1	1	1	EXO 32:3
ସ୍ୱର୍ଣ୍ଣଘୁଣ୍ଡି	1	1	1	0	EXO 36:13
ସ୍ୱର୍ଣ୍ଣଦେବତା	1	1	1	0	EXO 32:31
ସ୍ୱର୍ଣ୍ଣନିର୍ମିତ	1	1	1	1	2CH 11:15
ସ୍ୱର୍ଣ୍ଣପତ୍ରର	1	1	1	1	LEV 8:9
ସ୍ୱର୍ଣ୍ଣବେଦି	1	1	1	0	1KI 7:48
ସ୍ୱର୍ଣ୍ଣମଣ୍ଡିତ	1	1	1	1	2CH 3:5
ସ୍ୱର୍ଣ୍ଣମୁଦ୍ରା	4	4	2	4	EZR 2:69
ସ୍ୱର୍ଣ୍ଣମୟ	27	27	9	27	EXO 20:23
ସ୍ୱର୍ଣ୍ଣର	27	27	5	28	EXO 25:11
ସ୍ୱର୍ଣ୍ଣରୁ	1	1	1	1	1CH 29:4
ସ୍ୱର୍ଣ୍ଣରେ	9	9	1	9	EXO 25:13
ସ୍ୱର୍ଣ୍ଣା-ଧାରରେ	1	1	1	0	EXO 39:6
ସ୍ୱର୍ଣ୍ଣାଧାର	1	1	1	1	EXO 28:13
ସ୍ୱର୍ଣ୍ଣାଧାରରେ	2	2	1	3	EXO 28:11
ସ୍ୱର୍ଣ୍ଣାଧାରା	1	1	1	1	EXO 39:16
ସ୍ୱର୍ଣ୍ଣାଧିକାରୀ	1	1	1	1	JOB 3:15
ସ୍ୱର୍ଣ୍ଣାଭରଣ	1	1	1	1	JOB 28:17
ସ୍ୱର୍ଣ୍ଣୋତ୍ପାଦକ	1	1	1	1	GEN 2:11
ସ୍ୱଶକ୍ତିରେ	1	1	1	1	PSA 65:6
ସ୍ୱଶରଣାଗତମାନଙ୍କୁ	1	1	1	1	PSA 17:7
ସ୍ୱସମୟରେ	1	1	1	1	PSA 1:3
ସ୍ୱସ୍ଥାନକୁ	9	9	6	8	GEN 18:33
ସ୍ୱସ୍ଥାନଚ୍ୟୁତ	1	1	1	0	ISA 13:13
ସ୍ୱସ୍ଥାନରୁ	8	8	3	8	JOB 6:17
ସ୍ୱସ୍ଥାନରେ	12	12	8	11	LEV 13:23
ସ୍ୱହସ୍ତକୃତ	1	1	1	1	ISA 2:8
ସ୍ୱହସ୍ତର	1	1	1	1	PSA 58:2
ସ୍ୱହସ୍ତରେ	10	10	8	10	2CH 23:10
ସ୍ୱାକ୍ଷର	7	7	4	7	JOB 31:35
ସ୍ୱାକ୍ଷରକାରୀ	1	1	1	1	JER 32:12
ସ୍ୱାକ୍ଷରିତ	2	2	1	2	DAN 6:10
ସ୍ୱାତୀ	1	1	1	1	JOB 38:32
ସ୍ୱାଦ	3	3	3	7	NUM 11:8
ସ୍ୱାଦବିହୀନ	2	2	2	2	MAT 5:13
ସ୍ୱାଦଯୁକ୍ତ	3	3	3	2	MRK 9:50
ସ୍ୱାଦୁ	2	2	2	0	JOB 34:3
ସ୍ୱାଧୀନ	12	12	8	11	JOB 39:5
ସ୍ୱାଧୀନତା	10	10	4	12	ROM 8:21
ସ୍ୱାଧୀନତାକୁ	2	2	2	2	GAL 5:13
ସ୍ୱାଧୀନତାର	3	3	2	4	JAS 1:25
ସ୍ୱାଧୀନା	5	5	1	5	GAL 4:22
ସ୍ୱାଭାବିକ	11	11	5	11	DEU 34:7
ସ୍ୱାମୀ	98	98	26	101	GEN 3:16
ସ୍ୱାମୀ-ଶୋକରେ	1	1	1	0	JOL 1:8
ସ୍ୱାମୀକି	22	22	14	6	GEN 30:15
ସ୍ୱାମୀକୁ	3	3	3	19	2KI 4:9
ସ୍ୱାମୀଙ୍କର	2	2	1	2	1PE 3:1
ସ୍ୱାମୀଙ୍କୁ	1	1	1	1	GEN 3:6
ସ୍ୱାମୀଠାରୁ	1	1	1	1	1CO 7:10
ସ୍ୱାମୀଠାରେ	1	1	1	1	2CO 11:2
ସ୍ୱାମୀତ୍ୟକ୍ତା	2	2	2	2	LEV 21:7
ସ୍ୱାମୀବିହୀନା	1	1	1	1	RUT 1:5
ସ୍ୱାମୀମାନଙ୍କ	1	1	1	2	COL 3:18
ସ୍ୱାମୀମାନଙ୍କର	1	1	1	2	EPH 5:28
ସ୍ୱାମୀମାନଙ୍କୁ	2	2	2	2	EST 1:20
ସ୍ୱାମୀମାନେ	4	4	4	4	EST 1:17
ସ୍ୱାମୀର	22	22	12	20	EXO 21:29
ସ୍ୱାର୍ଥ	4	4	2	5	1CO 10:24
ସ୍ୱାର୍ଥପର	1	1	1	1	ROM 2:8
ସ୍ୱାର୍ଥପରତା	5	5	3	5	GAL 5:20
ସ୍ୱାର୍ଥସିଦ୍ଧି	1	1	1	1	JUD 1:16
ସ୍ୱାସ୍ଥ୍ୟ	10	10	6	11	PSA 38:3
ସ୍ୱାସ୍ଥ୍ୟଜନକ	5	5	4	5	PSA 19:7
ସ୍ୱାସ୍ଥ୍ୟଲାଭ	1	1	1	1	JER 8:22
ସ୍ୱୀକାର	75	75	35	84	GEN 38:26
ସ୍ୱୀକାରକାରୀ	1	1	1	1	HEB 13:15
ସ୍ୱୀକାର୍ଯ୍ୟ	1	1	1	1	HEB 7:7
ସ୍ୱେଚ୍ଛାଚାର	1	1	1	1	2CH 28:19
ସ୍ୱେଚ୍ଛାଚାରିଣୀ	2	2	2	2	EZK 16:30
ସ୍ୱେଚ୍ଛାଚାରିତାରେ	1	1	1	1	GEN 49:6
ସ୍ୱେଚ୍ଛାଚାରୀ	6	6	5	6	EXO 32:25
ସ୍ୱେଚ୍ଛାଦତ୍ତ	22	22	8	23	LEV 7:16
ସ୍ୱେଚ୍ଛାଦତ୍ତ-ନୈବେଦ୍ୟ	1	1	1	0	EZR 3:5
ସ୍ୱେଚ୍ଛାନୁସାରେ	3	3	2	3	DEU 23:24
ସ୍ୱେଚ୍ଛାପୂର୍ବକ	10	10	5	10	LEV 22:18
ସ୍ୱେଚ୍ଛାଭଜନା	1	1	1	0	COL 2:23
ସ୍ୱେଚ୍ଛାମତ	6	6	2	6	NEH 9:37
ସ୍ୱେଚ୍ଛାରେ	12	12	8	14	EXO 35:29
ସ୍ୱୟଂ	26	26	17	24	DEU 9:3
ସ୍ୱୟଂଜୀବୀ	3	3	2	3	JHN 5:26
ସ୍ୱୟଂମୃତ	6	6	3	6	LEV 7:24
ସ୍ୱୟମ୍ଭୂ	2	2	1	2	EXO 3:14
ସୟିନ୍	1	1	1	1	PSA 119:48
ହ	4	4	4	2	MAT 4:10
ହଁ	298	298	49	296	GEN 27:24
ହଂସ	2	2	2	2	LEV 11:18
ହଂସା	3	3	3	2	GEN 42:28
ହକକୋସର	1	1	1	0	NEH 3:21
ହକଲ୍ଦମା	1	1	1	1	ACT 1:19
ହକାଟନର	1	1	1	1	EZR 8:12
ହକୁଫାର	1	1	1	0	EZR 2:51
ହକୂଫାର	1	1	1	2	NEH 7:53
ହକୋସର	2	2	2	0	EZR 2:61
ହକ୍କୋସର	1	1	1	0	NEH 3:4
ହକ୍କୋସ୍	2	2	1	2	1CH 4:8
ହକ୍ମୋନୀୟର	1	1	1	2	1CH 11:11
ହଖଲୀୟର	2	2	1	2	NEH 1:1
ହଖୀଲା	3	3	1	3	1SA 23:19
ହଗାବର	2	2	2	2	EZR 2:45
ହଗି	1	1	1	1	GEN 46:16
ହଗିଠାରୁ	1	1	1	1	NUM 26:15
ହଗୀତର	4	4	3	5	2SA 3:4
ହଗୀୟ	2	2	2	2	NUM 26:15
ହଗ୍ଦୋଲୀମର	1	1	1	0	NEH 11:14
ହଗ୍ରିର	1	1	1	1	1CH 11:38
ହଗ୍ଲା	4	4	2	4	NUM 26:33
ହଜାଇଥାଏ	1	1	1	1	DEU 22:3
ହଜାଇଥିଲି	1	1	1	1	LUK 15:9
ହଜାଇବାର	1	1	1	1	ECC 3:6
ହଜାଦ୍ରବ୍ୟ	2	2	1	2	LEV 6:3
ହଜାମେଷ	1	1	1	1	PSA 119:176
ହଜାର	303	303	23	359	EXO 32:28
ହଜାରକେ	2	2	2	1	JDG 20:10
ହଜାରରୁ	1	1	1	1	JON 4:11
ହଜାରରେ	1	1	1	1	JDG 20:10
ହଜି	2	2	2	3	1SA 25:7
ହଜିଅଛି	2	2	2	2	MAT 18:11
ହଜିଗଲା	1	1	1	1	EZK 34:4
ହଜିଛନ୍ତି	1	1	1	1	1SA 9:20
ହଜିଥିବା	1	1	1	1	LUK 15:4
ହଜିଥିଲା	1	1	1	1	EZK 34:16
ହଜିଯାଇଥିବା	3	3	2	4	MAT 10:6
ହଜିଯାଇଥିଲା	2	2	1	2	LUK 15:24
ହଜିଯାଏ	3	3	2	4	PSA 107:27
ହଜିଲା	3	3	3	7	EXO 22:9
ହଜିଲେ	1	1	1	1	1SA 9:3
ହଟାଇ	3	3	3	3	EXO 14:21
ହଟି	4	4	4	4	JDG 11:35
ହଟିଗଲେ	1	1	1	1	PSA 78:9
ହଟିଯାଇ	1	1	1	1	JHN 18:6
ହଟୀଟାର	2	2	2	2	EZR 2:42
ହଟୀଫାର	2	2	2	2	EZR 2:54
ହଟୀଲର	1	1	1	1	EZR 2:57
ହଟୀଲାର	1	1	1	1	NEH 7:59
ହଟୁଶ୍	1	1	1	0	NEH 10:4
ହଟୂଶ	2	2	2	0	1CH 3:22
ହଟୂଶ୍	2	2	2	5	EZR 8:2
ହଠାତ	1	1	1	0	JER 49:19
ହଠାତ୍	35	35	12	43	NUM 6:9
ହଣା	3	3	1	3	ISA 6:13
ହଣାଯାଇ	3	3	2	3	MAT 3:10
ହଣ୍ଡା	11	11	5	11	1SA 2:14
ହଣ୍ଡାରେ	4	4	2	4	2KI 4:40
ହତ	194	194	34	196	GEN 34:27
ହତ-ସସୋନ୍-ତାମର	1	1	1	0	GEN 14:7
ହତଜ୍ଞାନ	2	2	2	2	1KI 10:5
ହତବୁଦ୍ଧି	13	13	7	7	JOB 41:25
ହତଯୋଗ୍ୟ	1	1	1	1	JER 15:2
ହତଲୋକମାନେ	1	1	1	0	EZK 37:9
ହତାଦର	3	3	3	3	MAT 13:57
ହତାଶ	11	11	7	12	DEU 31:8
ହତାଶା	2	2	1	2	JER 15:9
ହତାହତ	1	1	1	1	JER 37:10
ହତ୍-ସସୋନ୍-ତାମରରେ	1	1	1	1	2CH 20:2
ହତ୍ତାବାରୁ	1	1	1	0	NUM 33:17
ହତ୍ତ୍ସରହତ୍ତୀକୋନ୍	1	1	1	1	EZK 47:16
ହତ୍ଲୋନର	1	1	1	0	EZK 48:1
ହତ୍ସର-ଅଦରକୁ	1	1	1	1	NUM 34:4
ହତ୍ସର-ଐନନଠାରୁ	1	1	1	1	NUM 34:10
ହତ୍ସର-ଐନନରେ	1	1	1	1	NUM 34:9
ହତ୍ସର-ଐନନ୍	2	2	1	2	EZK 47:17
ହତ୍ସର-ଗଦ୍ଦା	1	1	1	1	JOS 15:27
ହତ୍ସର-ଶିୟାଲ	1	1	1	0	JOS 15:28
ହତ୍ସର-ଶୁୟାଲରେ	1	1	1	0	NEH 11:27
ହତ୍ସର-ସୂଷୀମ୍	1	1	1	0	JOS 19:5
ହତ୍ସରଶୀୟାଲ	1	1	1	0	JOS 19:3
ହତ୍ସରଶୁୟାଲ୍ରେ	1	1	1	0	1CH 4:28
ହତ୍ସର୍-ସୂଷୀମ୍ରେ	1	1	1	1	1CH 4:31
ହତ୍ସର୍ମାବତ୍	2	2	2	2	GEN 10:26
ହତ୍ସଲିଲ୍-ପୋନୀ	1	1	1	1	1CH 4:3
ହତ୍ସେରୋତକୁ	1	1	1	1	NUM 11:35
ହତ୍ସେରୋତଠାରୁ	1	1	1	1	NUM 12:16
ହତ୍ସେରୋତରୁ	1	1	1	1	NUM 33:18
ହତ୍ସେରୋତରେ	1	1	1	1	NUM 33:17
ହତ୍ସେରୋତ୍	1	1	1	0	DEU 1:1
ହତ୍ୟା	17	17	11	36	EXO 5:21
ହତ୍ୟା-ଉପତ୍ୟକା	1	1	1	1	JER 7:32
ହତ୍ୟା-ଦିନରଣ	1	1	1	0	JER 12:3
ହତ୍ୟା-ସମୟ	1	1	1	0	JER 25:34
ହତ୍ୟାକାରିଣୀ	2	2	2	2	MAT 23:37
ହତ୍ୟାକାରୀ	6	6	5	8	2KI 9:31
ହତ୍ୟାକାରୀ-ମାନଙ୍କ	1	1	1	0	2KI 14:6
ହତ୍ୟାକାରୀମାନଙ୍କ	1	1	1	2	JER 4:31
ହତ୍ୟାକାରୀମାନଙ୍କର	1	1	1	1	MAT 23:31
ହତ୍ୟାକାରୀମାନଙ୍କୁ	1	1	1	1	MAT 22:7
ହତ୍ୟାକାରୀମାନେ	1	1	1	1	ISA 1:21
ହତ୍ୟାକାରୀର	2	2	2	2	DEU 4:41
ହତ୍ୟାରେ	1	1	1	2	1SA 14:14
ହତ୍ୟାସ୍ଥାନ	1	1	1	1	ISA 14:21
ହଥକ୍	3	3	1	3	EST 4:5
ହଥକ୍କୁ	1	1	1	1	EST 4:10
ହଥତ୍	1	1	1	1	1CH 4:13
ହଦଦ	1	1	1	0	GEN 25:15
ହଦଦେଷର	6	6	2	7	2SA 8:3
ହଦଦେଷର-ଅଧିକାରସ୍ଥ	1	1	1	1	2SA 8:8
ହଦଦେଷରଠାରୁ	1	1	1	1	2SA 8:12
ହଦଦେଷରର	4	4	1	11	2SA 8:7
ହଦଦ୍	10	10	3	12	GEN 36:35
ହଦଦ୍-ରିମ୍ମୋଣର	1	1	1	0	ZEC 12:11
ହଦଦ୍କୁ	1	1	1	1	1KI 11:14
ହଦଦ୍ର	2	2	2	2	GEN 36:36
ହଦର	1	1	1	1	GEN 36:39
ହଦରେଷର	1	1	1	0	1CH 18:3
ହଦରେଷରକୁ	1	1	1	0	1CH 18:5
ହଦରେଷରର	7	7	1	0	1CH 18:7
ହଦସାକୁ	1	1	1	1	EST 2:7
ହଦାଶା	1	1	1	1	JOS 15:37
ହଦୋରାମ	3	3	2	3	GEN 10:27
ହଦୋରାମକୁ	2	2	2	2	1CH 18:10
ହଦ୍ରକ୍	1	1	1	1	ZEC 9:1
ହଦ୍ଲୟର	1	1	1	1	2CH 28:12
ହନନିୟ	1	1	1	0	ACT 22:12
ହନନୀୟ	8	8	1	10	ACT 5:1
ହନନେଲ	4	4	2	5	NEH 3:1
ହନନେଲଠାରୁ	1	1	1	0	JER 32:9
ହନନେଲର	3	3	2	3	JER 31:38
ହନାନି	6	6	4	6	1CH 25:4
ହନାନିକି	1	1	1	0	NEH 7:2
ହନାନିର	4	4	2	4	1KI 16:1
ହନାନୀୟ	24	24	6	25	1CH 3:19
ହନାନୀୟକୁ	2	2	2	2	NEH 7:2
ହନାନୀୟଙ୍କୁ	1	1	1	1	DAN 1:7
ହନାନୀୟର	3	3	2	3	1CH 3:21
ହନୋକ	11	11	6	13	GEN 4:17
ହନୋକକୁ	1	1	1	1	GEN 4:17
ହନୋକଙ୍କ	1	1	1	1	LUK 3:37
ହନୋକଙ୍କର	2	2	1	2	GEN 5:19
ହନୋକଙ୍କୁ	1	1	1	1	GEN 5:18
ହନୋକଠାରୁ	1	1	1	1	NUM 26:5
ହନୋକର	1	1	1	1	GEN 4:18
ହନୋକୀୟ	1	1	1	1	NUM 26:5
ହନୋକ୍	2	2	1	0	GEN 25:4
ହନ୍ତାର	1	1	1	1	EZK 21:11
ହନ୍ନାଥୋନକୁ	1	1	1	1	JOS 19:14
ହନ୍ନୀୟେଲ	2	2	2	2	NUM 34:23
ହଫାରୟିମ୍	1	1	1	1	JOS 19:19
ହଫ୍ନି	5	5	1	5	1SA 1:3
ହବକ୍କୂକ	2	2	1	12	HAB 1:1
ହବତ୍ସିନୀୟର	1	1	1	1	JER 35:3
ହବା	2	2	2	3	GEN 3:20
ହବାଙ୍କର	1	1	1	1	GEN 4:1
ହବାଙ୍କୁ	1	1	1	1	2CO 11:3
ହବାୟର	2	2	2	2	EZR 2:61
ହବିଲା	1	1	1	0	GEN 2:11
ହବୀଲା	5	5	2	6	GEN 10:7
ହବୀଲାଠାରୁ	1	1	1	1	1SA 15:7
ହବୋତ୍-ଯାୟୀର	3	3	3	3	NUM 32:41
ହବ୍ବୀୟ	1	1	1	0	EXO 13:5
ହମରେ	1	1	1	1	GEN 14:5
ହମାତ	1	1	1	4	2KI 25:21
ହମାତକୁ	1	1	1	1	AMO 6:2
ହମାତର	8	8	5	10	NUM 34:8
ହମାତରପ୍ରବେଶ	1	1	1	0	NUM 13:21
ହମାତରୁ	1	1	1	1	ISA 11:11
ହମାତରେ	2	2	2	2	JOS 13:5
ହମାତୀୟ	2	2	2	2	GEN 10:18
ହମାତୀୟମାନଙ୍କୁ	1	1	1	1	1CH 1:16
ହମାତ୍	12	12	6	9	2KI 14:28
ହମାତ୍-ସୋବାକୁ	1	1	1	1	2CH 8:3
ହମାତ୍ର	8	8	5	7	1KI 8:65
ହମାତ୍ରେ	1	1	1	0	2CH 8:4
ହମାଳେ	1	1	1	1	JOB 6:5
ହମିପ୍କଦ୍	1	1	1	1	NEH 3:31
ହମିୟ	1	1	1	1	NEH 12:39
ହମୁଟଲ୍	2	2	1	3	2KI 23:31
ହମୁୟେଲ	1	1	1	1	1CH 4:26
ହମୂଟଲ	1	1	1	0	JER 52:1
ହମୋତ୍-ଦୋର	1	1	1	1	JOS 21:32
ହମୋର	9	9	3	8	GEN 34:2
ହମୋରକୁ	2	2	1	2	GEN 34:4
ହମୋରର	2	2	2	2	GEN 33:19
ହମୋରା	8	8	4	6	GEN 10:19
ହମୋରାକୁ	1	1	1	1	AMO 4:11
ହମୋରାର	11	11	5	13	GEN 14:2
ହମ୍ବାରବ	1	1	1	1	1SA 6:12
ହମ୍ମତଠାରୁ	1	1	1	0	1CH 2:55
ହମ୍ମତ୍	1	1	1	1	JOS 19:35
ହମ୍ମଦାଥାର	5	5	1	5	EST 3:1
ହମ୍ମେୟା	1	1	1	1	NEH 3:1
ହମ୍ମୋନ	2	2	2	2	JOS 19:28
ହମ୍ମୋଲେକତ୍	1	1	1	1	1CH 7:18
ହମ୍ରଣ	1	1	1	1	1CH 1:41
ହରଣ	71	71	26	66	GEN 27:35
ହରଷ	1	1	1	1	PRO 12:25
ହରାଇ	4	4	3	4	1SA 25:15
ହରାଇଅଛନ୍ତି	1	1	1	1	1KI 20:25
ହରାଇବ	14	14	6	14	JDG 18:25
ହରାଇବା	1	1	1	1	1KI 18:5
ହରାଇବି	1	1	1	1	GEN 27:45
ହରାଇଲା	1	1	1	1	GEN 21:14
ହରାଏ	4	4	3	4	MAT 10:39
ହରାଦାରୁ	1	1	1	1	NUM 33:25
ହରାଦାରେ	1	1	1	1	NUM 33:24
ହରାରୀୟ	5	5	2	5	2SA 23:11
ହରାୟା	1	1	1	1	1CH 2:52
ହରିକାଠ	1	1	1	0	ACT 16:24
ହରିକାଠରୁ	1	1	1	1	JER 20:3
ହରିକାଠରେ	2	2	1	2	JER 20:2
ହରିଣ	9	9	6	10	DEU 12:22
ହରିଣଛୁଆ	1	1	1	0	SNG 4:5
ହରିଣର	4	4	2	4	DEU 12:15
ହରିଣଶାବକ	1	1	1	1	SNG 8:14
ହରିଣୀ	6	6	5	6	GEN 49:21
ହରିଣୀମାନଙ୍କ	1	1	1	1	LAM 1:6
ହରିଣୀମାନଙ୍କୁ	1	1	1	1	PSA 29:9
ହରିଣୀର	5	5	5	5	2SA 22:34
ହରିତ	2	2	2	0	GEN 1:30
ହରିତ୍	3	3	3	5	GEN 9:3
ହରିତ୍ପର୍ଣ୍ଣ	1	1	1	1	JER 17:2
ହରିତ୍ପୂର୍ଣ୍ଣ	1	1	1	1	ISA 57:5
ହରିତ୍ବର୍ଣ୍ଣ	2	2	2	2	JER 11:16
ହରିଦ୍ବର୍ଣ୍ଣ	10	10	6	7	1KI 14:23
ହରିଦ୍ବର୍ଣ୍ଣର	1	1	1	1	ISA 15:6
ହରୁମଫର	1	1	1	1	NEH 3:10
ହରୂଫୀୟ	1	1	1	1	1CH 12:5
ହରୋଦୀୟ	2	2	1	2	2SA 23:25
ହରୋରୀୟ	1	1	1	1	1CH 11:27
ହରୋଶୋତ୍	1	1	1	1	JDG 4:16
ହରୋଶୋତ୍-ଠାରୁ	1	1	1	0	JDG 4:13
ହର୍ଣ୍ଣେଫର୍	1	1	1	1	1CH 7:36
ହର୍ବୋଣା	2	2	1	2	EST 1:10
ହର୍ମଗେନା	1	1	1	1	2TI 1:15
ହର୍ମା	7	7	5	7	NUM 14:45
ହର୍ମାର	1	1	1	1	JOS 12:14
ହର୍ମାରେ	1	1	1	1	1CH 4:30
ହର୍ମାସ୍	1	1	1	0	ROM 16:14
ହର୍ମିଗିଦ୍ଦୋନ୍	1	1	1	1	REV 16:16
ହର୍ମୀସ୍	1	1	1	2	ROM 16:14
ହର୍ମୋଣ	8	8	3	12	DEU 3:8
ହର୍ମୋଣକୁ	1	1	1	0	DEU 3:9
ହର୍ମୋଣତୁମ୍ଭ	1	1	1	0	PSA 89:12
ହର୍ମୋଣର	3	3	3	2	JOS 11:3
ହର୍ମୋଣ୍	1	1	1	0	1CH 5:23
ହର୍ମ୍ମୋଣରେ	1	1	1	1	AMO 4:3
ହର୍ଶାର	2	2	2	2	EZR 2:52
ହର୍ଷ	1	1	1	1	EST 8:16
ହର୍ଷନାଦ	3	3	2	3	JER 33:11
ହର୍ଷନାଦକାରୀ	1	1	1	1	PSA 78:65
ହର୍ଷନାଦରେ	2	2	2	2	EST 8:15
ହର୍ହସର	1	1	1	1	2KI 22:14
ହର୍ହୂରର	2	2	2	2	EZR 2:51
ହର୍ହୟର	1	1	1	1	NEH 3:8
ହଲହ	1	1	1	1	1CH 5:26
ହଲହରେ	2	2	1	2	2KI 17:6
ହଲହୁଲ	1	1	1	1	JOS 15:58
ହଲାଅ	1	1	1	1	ISA 13:2
ହଲାଇ	9	9	8	11	2KI 5:11
ହଲାଇଅଛି	2	2	2	2	2KI 19:21
ହଲାଇବ	3	3	3	4	ISA 10:15
ହଲାଇବା	3	3	1	3	HAG 2:6
ହଲାଇବାକୁ	1	1	1	1	ISA 10:14
ହଲାଇବି	1	1	1	1	ZEC 2:9
ହଲାଇବେ	3	3	2	3	PSA 64:8
ହଲାଇଲା	1	1	1	1	EZK 21:21
ହଲାଉଅଛ	1	1	1	1	JER 48:27
ହଲାଉଅଛି	1	1	1	1	ISA 10:32
ହଲାଏ	1	1	1	1	JOB 40:17
ହଲାଗଲେ	1	1	1	0	NAM 3:12
ହଲାନ୍ତି	2	2	2	2	PSA 109:25
ହଲିବ	2	2	2	2	PSA 72:16
ହଲିବା	1	1	1	1	ISA 19:16
ହଲିଲା	1	1	1	1	1KI 14:15
ହଲୀ	1	1	1	1	JOS 19:25
ହଲୁଥିଲା	1	1	1	1	1SA 1:13
ହଲୋନ	1	1	1	1	JER 48:22
ହଲୋହେଶର	1	1	1	1	NEH 3:12
ହଲୋହେସ୍	1	1	1	0	NEH 10:24
ହଳ	12	12	8	15	1KI 19:19
ହଳକ	1	1	1	1	1KI 19:21
ହଳଦି	1	1	1	3	LEV 13:30
ହଳଦିବର୍ଣ୍ଣ	2	2	1	0	LEV 13:32
ହଳବାହକ	1	1	1	1	AMO 9:13
ହଳରେ	1	1	1	1	1KI 19:19
ହଳାରେ	1	1	1	1	AMO 2:13
ହଶବନୀୟ	1	1	1	1	NEH 9:5
ହଶବୀୟ	9	9	3	12	1CH 25:3
ହଶବୀୟର	3	3	2	4	1CH 6:45
ହଶବ୍ନା	1	1	1	1	NEH 10:25
ହଶୁମ	1	1	1	0	NEH 10:18
ହଶୁମ୍	1	1	1	0	NEH 8:4
ହଶୂବ	1	1	1	3	NEH 10:23
ହଶୂବର	1	1	1	1	1CH 9:14
ହଶୂବା	1	1	1	1	1CH 3:20
ହଶୂବ୍	3	3	1	1	NEH 3:11
ହଶୂବ୍ର	1	1	1	1	NEH 11:15
ହଶୂମର	3	3	2	3	EZR 2:19
ହଶ୍ବଦ୍ଦାନା	1	1	1	1	NEH 8:4
ହଶ୍ବନୀୟର	1	1	1	1	NEH 3:10
ହଶ୍ବୀୟ	1	1	1	0	1CH 27:17
ହଶ୍ବୀୟର	1	1	1	0	1CH 9:14
ହଶ୍ମୋନାରୁ	1	1	1	1	NUM 33:30
ହଶ୍ମୋନାରେ	1	1	1	1	NUM 33:29
ହସଦୀୟ	1	1	1	1	1CH 3:20
ହସନାୟାର	1	1	1	1	NEH 3:3
ହସନୁୟେଲର	1	1	1	1	1CH 9:7
ହସନୟାର	1	1	1	0	NEH 11:9
ହସାଇଲେ	1	1	1	1	GEN 21:6
ହସାୟ	1	1	1	1	NEH 11:5
ହସାୟର	1	1	1	1	NEH 11:5
ହସାୟେଲ	19	19	3	21	2KI 8:9
ହସାୟେଲକୁ	2	2	2	2	1KI 19:15
ହସାୟେଲଠାରୁ	1	1	1	1	2KI 9:14
ହସାୟେଲର	3	3	2	3	1KI 19:17
ହସି	2	2	1	2	GEN 18:12
ହସିବ	2	2	2	2	JOB 5:22
ହସିବି	1	1	1	1	PRO 1:26
ହସିବେ	3	3	3	3	GEN 21:6
ହସିଲ	1	1	1	1	GEN 18:15
ହସିଲା	1	1	1	1	GEN 18:13
ହସିଲେ	3	3	3	3	GEN 17:17
ହସୀୟେଲ୍	1	1	1	1	1CH 23:9
ହସୂଫାର	2	2	2	2	EZR 2:43
ହସେ	1	1	1	1	JOB 41:29
ହସୋ	1	1	1	1	GEN 22:22
ହସୋଫେରତର	1	1	1	1	EZR 2:55
ହସ୍ତ	612	612	45	634	GEN 14:22
ହସ୍ତ-କୌଶଳ	1	1	1	1	ISA 25:11
ହସ୍ତ-ନିର୍ଭର	1	1	1	0	LEV 3:8
ହସ୍ତ-ପାପୁଲିରେ	1	1	1	0	LEV 14:26
ହସ୍ତ-ବିସ୍ତାରକରଣରୁ	1	1	1	1	1KI 8:54
ହସ୍ତ-ବୃଦ୍ଧାଙ୍ଗୁଳିରେ	3	3	1	0	LEV 14:17
ହସ୍ତ-ଲିଖନରେ	1	1	1	1	1CH 28:19
ହସ୍ତକୁ	9	9	5	9	2SA 22:35
ହସ୍ତକୃତ	58	58	19	59	DEU 4:28
ହସ୍ତକ୍ଷେପ	12	12	7	14	DEU 32:41
ହସ୍ତକ୍ଷେପରେ	1	1	1	1	JOB 34:20
ହସ୍ତଗତ	117	117	23	113	GEN 39:23
ହସ୍ତଦ୍ୱୟ	1	1	1	1	SNG 5:14
ହସ୍ତଦ୍ୱୟର	1	1	1	1	ISA 49:16
ହସ୍ତଧାରୀ	1	1	1	1	JDG 16:26
ହସ୍ତନିର୍ଭର	10	10	1	0	LEV 3:2
ହସ୍ତନିର୍ମିତ	9	9	5	7	PSA 95:5
ହସ୍ତପଦ	1	1	1	0	ACT 21:11
ହସ୍ତପାଦର	2	2	1	0	JDG 1:6
ହସ୍ତଯଷ୍ଟି	1	1	1	1	GEN 38:18
ହସ୍ତର	63	63	19	63	GEN 5:29
ହସ୍ତରୁ	204	204	37	205	GEN 4:11
ହସ୍ତରେ	612	612	50	632	GEN 9:2
ହସ୍ତସ୍ଥିତ	18	18	13	17	GEN 43:26
ହସ୍ତାଧୀନ	5	5	4	5	NUM 33:1
ହସ୍ତାଧୀନରୁ	2	2	1	2	2KI 13:6
ହସ୍ତାଧୀନରେ	11	11	6	11	GEN 41:35
ହସ୍ତାନ୍ତର	1	1	1	1	MIC 2:4
ହସ୍ତାନ୍ତରିତ	1	1	1	1	EZK 48:14
ହସ୍ତାବଲମ୍ବନ	4	4	2	4	1KI 10:19
ହସ୍ତାର୍ପଣ	18	18	9	17	NUM 27:18
ହସ୍ତିଦନ୍ତର	1	1	1	0	REV 18:12
ହସ୍ତୀ	1	1	1	1	EZK 27:6
ହସ୍ତୀଦ	2	2	2	0	1KI 10:22
ହସ୍ତୀଦନ୍ତ	1	1	1	3	2CH 9:21
ହସ୍ତୀଦନ୍ତନିର୍ମିତ	1	1	1	1	PSA 45:8
ହସ୍ତୀଦନ୍ତମୟ	1	1	1	1	1KI 22:39
ହସ୍ତୀଦନ୍ତର	4	4	4	4	1KI 10:18
ହସ୍ରର	1	1	1	1	2CH 34:22
ହାଉଦା	1	1	1	1	GEN 31:34
ହାଗରୀୟ	1	1	1	1	1CH 27:31
ହାଗରୀୟ-ମାନଙ୍କ	1	1	1	0	1CH 5:10
ହାଗରୀୟମାନଙ୍କ	1	1	1	2	1CH 5:19
ହାଗରୀୟମାନେ	3	3	2	3	1CH 5:10
ହାଗାର	13	13	3	15	GEN 16:1
ହାଗାରକୁ	2	2	1	1	GEN 16:3
ହାଗାରଠାରୁ	1	1	1	1	GEN 16:15
ହାଗାରର	2	2	1	2	GEN 16:4
ହାଗୀତର	1	1	1	0	1KI 1:5
ହାଗୟ	10	10	2	20	EZR 5:1
ହାଗୟଙ୍କ	1	1	1	1	HAG 2:20
ହାଟ	3	3	2	2	MRK 7:4
ହାଟବଜାର-ମାନଙ୍କରେ	1	1	1	0	MRK 6:56
ହାଟବଜାରରେ	5	5	2	5	MAT 11:16
ହାଡ଼	1	1	1	1	NUM 9:12
ହାଡ଼ଭଙ୍ଗା	2	2	2	1	LEV 11:13
ହାଡ଼ର	2	2	1	3	PRO 14:30
ହାଡ଼ସବୁ	1	1	1	1	JER 50:17
ହାଡ଼ସବୁର	1	1	1	1	PRO 12:4
ହାଣି	3	3	2	3	DEU 7:5
ହାଣିପକାଅ	1	1	1	1	LUK 13:7
ହାଣିପକାଇବେ	1	1	1	1	LUK 13:9
ହାଣିବ	1	1	1	1	DEU 20:19
ହାଣିବା	1	1	1	1	DEU 19:5
ହାଣିବାକୁ	2	2	2	2	DEU 19:5
ହାଣିଲା	1	1	1	1	JDG 9:48
ହାଣିଲେ	1	1	1	1	1SA 15:33
ହାଣ୍ଡି	10	10	9	10	EXO 16:3
ହାଣ୍ଡିଟାଙ୍ଗରା	1	1	1	0	LEV 11:35
ହାଣ୍ଡିରେ	1	1	1	1	2CH 35:13
ହାଣ୍ଡିସବୁ	2	2	1	2	ZEC 14:20
ହାତ	301	301	34	318	GEN 3:22
ହାତ-ପାପୁଲି	1	1	1	0	2KI 9:35
ହାତକୁ	2	2	2	2	GEN 24:18
ହାତକେ	1	1	1	1	1KI 7:24
ହାତଗୋଡ଼	1	1	1	1	MAT 22:13
ହାତତାଳି	4	4	3	3	JOB 27:23
ହାତର	4	4	4	4	DEU 28:32
ହାତରୁ	12	12	8	13	GEN 31:39
ହାତରେ	66	66	25	73	GEN 16:6
ହାତୁଡ଼ି	6	6	4	6	JDG 4:21
ହାତୁଡ଼ିରେ	2	2	1	2	ISA 41:7
ହାତେ	1	1	1	1	LUK 12:25
ହାତ୍ସୋର	11	11	5	0	JOS 11:10
ହାତ୍ସୋର-ହଦତ୍ତା	1	1	1	0	JOS 15:25
ହାତ୍ସୋରକୁ	1	1	1	0	JOS 11:11
ହାତ୍ସୋରନ୍ତ	1	1	1	0	JOS 15:25
ହାତ୍ସୋରର	4	4	3	0	JOS 11:1
ହାତ୍ସୋରରେ	1	1	1	0	JDG 4:2
ହାଦୀଦ୍	3	3	2	3	EZR 2:33
ହାନନର	3	3	3	0	EZR 2:46
ହାନନ୍	8	8	2	9	1CH 8:23
ହାନାନ	5	5	3	5	LUK 3:2
ହାନାନଙ୍କ	1	1	1	2	JHN 18:13
ହାନୂନର	1	1	1	0	2SA 10:2
ହାନୂନ୍	8	8	3	8	2SA 10:1
ହାନୂନ୍କୁ	3	3	2	3	2SA 10:3
ହାନେଷକୁ	1	1	1	1	ISA 30:4
ହାନ୍ନ	1	1	1	0	NEH 10:22
ହାନ୍ନା	10	10	2	10	1SA 1:2
ହାନ୍ନାକୁ	2	2	1	2	1SA 1:5
ହାନ୍ନାର	3	3	1	3	1SA 1:2
ହାବୁଡ଼ରେ	3	3	2	3	AMO 5:19
ହାବୁଡ଼ି	1	1	1	1	JDG 14:5
ହାବୁଡ଼ିବା	1	1	1	1	HOS 13:8
ହାବୁଡ଼ିବେ	1	1	1	1	JOS 2:16
ହାବୋର	1	1	1	1	1CH 5:26
ହାବୋରରେ	2	2	1	2	2KI 17:6
ହାମ	8	8	2	8	GEN 5:32
ହାମନର	2	2	1	0	EST 7:9
ହାମନ୍	32	32	1	32	EST 3:5
ହାମନ୍କୁ	10	10	1	10	EST 3:1
ହାମନ୍ଠାରୁ	1	1	1	1	EST 8:2
ହାମନ୍ର	10	10	1	15	EST 3:7
ହାମର	3	3	2	3	GEN 10:6
ହାମୂଲ	1	1	1	2	GEN 46:12
ହାମୂଲଠାରୁ	1	1	1	1	NUM 26:21
ହାମୂଲୀୟ	1	1	1	1	NUM 26:21
ହାମୂଲ୍	1	1	1	0	1CH 2:5
ହାମୋନ-ଗୋଗ୍	1	1	1	1	EZK 39:15
ହାମୋନ-ଗୋଗ୍ର	1	1	1	1	EZK 39:11
ହାମୋନା	1	1	1	1	EZK 39:16
ହାମ୍	3	3	1	3	PSA 105:23
ହାମ୍ବଂଶୀୟ	1	1	1	0	1CH 4:40
ହାମ୍ର	1	1	1	1	PSA 78:51
ହାର	9	9	7	9	GEN 41:42
ହାରଣ	10	10	2	14	GEN 11:26
ହାରଣକୁ	2	2	2	2	GEN 11:27
ହାରଣଠାରୁ	1	1	1	1	GEN 12:4
ହାରଣଠାରେ	1	1	1	1	GEN 12:5
ହାରଣର	2	2	1	2	GEN 11:29
ହାରଣରେ	2	2	1	1	ACT 7:2
ହାରରେ	1	1	1	1	SNG 4:9
ହାରା	1	1	1	1	1CH 5:26
ହାରାମଥୀୟାର	1	1	1	0	MAT 27:57
ହାରାମାଥୀୟା	1	1	1	1	LUK 23:50
ହାରାମାଥୀୟାର	2	2	2	2	MRK 15:43
ହାରିମ-ବଂଶର	1	1	1	0	NEH 12:15
ହାରିମର	4	4	2	0	EZR 10:21
ହାରିମ୍	2	2	1	0	NEH 10:5
ହାରୀଫର	1	1	1	1	NEH 7:24
ହାରୀଫ୍	1	1	1	0	NEH 10:19
ହାରୀମର	3	3	2	7	EZR 2:32
ହାରୀମ୍	1	1	1	3	1CH 24:8
ହାରୁମ୍ର	1	1	1	1	1CH 4:8
ହାରୁଷଙ୍କର	1	1	1	1	2KI 21:19
ହାରେତା	1	1	1	1	2CO 11:32
ହାରେଫ୍	1	1	1	1	1CH 2:51
ହାରୋଣ	161	161	13	165	EXO 4:14
ହାରୋଣ-ନିର୍ମିତ	1	1	1	1	EXO 32:35
ହାରୋଣ-ବଂଶ	4	4	2	4	1CH 27:17
ହାରୋଣ-ବଂଶକୁ	1	1	1	1	PSA 115:12
ହାରୋଣ-ବଂଶର	1	1	1	1	1CH 12:27
ହାରୋଣ-ସନ୍ତାନ	2	2	1	2	2CH 29:21
ହାରୋଣ-ସନ୍ତାନଗଣ	3	3	3	3	1CH 24:31
ହାରୋଣ-ସନ୍ତାନଗଣକୁ	1	1	1	1	1CH 15:4
ହାରୋଣ-ସନ୍ତାନଗଣର	2	2	1	2	1CH 23:32
ହାରୋଣ-ସନ୍ତାନମାନଙ୍କ	1	1	1	1	1CH 23:28
ହାରୋଣ-ସନ୍ତାନମାନଙ୍କର	1	1	1	1	JOS 21:10
ହାରୋଣଓ	1	1	1	0	EXO 27:21
ହାରୋଣକୁ	26	26	4	26	EXO 7:9
ହାରୋଣଙ୍କ	29	29	8	33	EXO 5:20
ହାରୋଣଙ୍କ-ଯଷ୍ଟି	1	1	1	1	NUM 17:10
ହାରୋଣଙ୍କର	32	32	9	33	EXO 6:25
ହାରୋଣଙ୍କୁ	54	54	7	56	EXO 4:27
ହାରୋଣଠାରୁ	2	2	1	2	NUM 20:26
ହାରୋଣର	35	35	6	35	EXO 28:2
ହାରୋଣରଓ	1	1	1	0	LEV 2:3
ହାରୋଦ	1	1	1	1	JDG 7:1
ହାରୋଶୋତ୍-ନିବାସୀ	1	1	1	0	JDG 4:2
ହାର୍ଶିତ୍	1	1	1	1	JER 19:2
ହାଲକ୍	2	2	1	2	JOS 11:17
ହାଲୁକା	11	11	6	10	1SA 6:5
ହାଲ୍ଲିଲୂୟା	4	4	1	4	REV 19:1
ହାଷେମ୍ର	1	1	1	1	1CH 11:34
ହାସ୍ୟ	10	10	6	9	GEN 21:3
ହାସ୍ୟକାଳରେ	1	1	1	1	PRO 14:13
ହାସ୍ୟଠାରୁ	1	1	1	1	ECC 7:3
ହାସ୍ୟପରିହାସ	1	1	1	1	EPH 5:4
ହାସ୍ୟରେ	2	2	2	2	JOB 8:21
ହାସ୍ୟାସ୍ପଦ	7	7	5	7	EXO 32:25
ହାହାକାର	50	50	14	50	EXO 2:23
ହାହାକାରରେ	1	1	1	1	PSA 31:10
ହାୟ	118	118	23	118	EXO 16:3
ହିଁ	476	476	53	458	GEN 2:5
ହିଁରେ	1	1	1	0	EXO 20:10
ହିଂସକ	1	1	1	0	GEN 31:39
ହିଂସା	21	21	12	21	GEN 26:29
ହିଂସାଚେଷ୍ଟାକାରୀଗଣ	1	1	1	1	EST 9:2
ହିଂସାତ୍ମକ	1	1	1	1	EXO 21:11
ହିଂସାଭାବ	1	1	1	1	MIC 7:3
ହିଂସାର	1	1	1	1	PSA 41:5
ହିଂସାରୁ	1	1	1	1	PSA 34:13
ହିଂସ୍ର	1	1	1	1	PRO 17:4
ହିଂସ୍ରକ	12	12	6	13	GEN 15:11
ହିଏରାପଲି	1	1	1	1	COL 4:13
ହିଗାୟୋନ୍	1	1	1	1	PSA 9:16
ହିଜକୀୟ	90	90	7	96	2KI 16:20
ହିଜକୀୟକୁ	7	7	2	7	2KI 18:29
ହିଜକୀୟଙ୍କ	12	12	3	20	2KI 18:14
ହିଜକୀୟଙ୍କର	7	7	2	6	2KI 18:10
ହିଜକୀୟଙ୍କୁ	6	6	3	8	2KI 18:19
ହିଜକୀୟର	11	11	8	12	2KI 18:31
ହିଜିକୀୟ	1	1	1	0	NEH 10:17
ହିଡ଼ସବୁ	1	1	1	1	PSA 65:10
ହିତ	5	5	3	5	DEU 10:13
ହିତକର	4	4	4	3	MAT 18:6
ହିତଜନକ	15	15	8	15	EST 7:9
ହିତର	2	2	1	2	PSA 35:12
ହିତୋ	2	2	1	0	PRO 2:16
ହିତୋପଦେଶ	4	4	2	15	PRO 1:1
ହିତୋପଦେଶ-ବାକ୍ୟ	1	1	1	1	PRO 26:7
ହିତୋପଦେଶସକଳ	1	1	1	0	PRO 25:1
ହିତ୍ତୀୟ	36	36	13	45	GEN 26:34
ହିତ୍ତୀୟମାନଙ୍କ	5	5	4	5	EXO 3:17
ହିତ୍ତୀୟମାନଙ୍କର	1	1	1	0	GEN 15:20
ହିତ୍ତୀୟମାନଙ୍କୁ	1	1	1	1	EXO 23:28
ହିତ୍ତୀୟା	2	2	1	2	EZK 16:3
ହିତ୍ଲୋନ	1	1	1	1	EZK 47:15
ହିଦ୍ଦେକଲ	2	2	2	3	GEN 2:14
ହିଦ୍ଦୟ	1	1	1	1	2SA 23:30
ହିନର	5	5	1	9	NUM 15:4
ହିନ୍	6	6	3	6	EXO 30:24
ହିନ୍ଦୁସ୍ଥାନଠାରୁ	2	2	1	2	EST 1:1
ହିନ୍ନୋମ	9	9	3	13	JOS 15:8
ହିନ୍ନୋମ-ପୁତ୍ରର	2	2	2	0	2CH 28:3
ହିନ୍ନୋମର	1	1	1	1	2KI 23:10
ହିନ୍ନୋମ୍	1	1	1	0	2CH 33:6
ହିନ୍ପାତ୍ରର	1	1	1	1	EXO 29:40
ହିନ୍ର	6	6	3	2	EXO 29:40
ହିପ୍ପି	1	1	1	1	1CH 24:15
ହିପ୍ସୀବା	1	1	1	1	ISA 62:4
ହିବ୍ବୀୟ	20	20	8	21	GEN 10:17
ହିବ୍ବୀୟ-ମାନଙ୍କୁ	1	1	1	0	JOS 9:7
ହିବ୍ବୀୟମାନଙ୍କ	2	2	2	2	EXO 3:17
ହିବ୍ବୀୟମାନଙ୍କର	1	1	1	1	2SA 24:7
ହିବ୍ରୋଣ	22	22	9	26	GEN 13:18
ହିବ୍ରୋଣ-ସନ୍ତାନଗଣ	1	1	1	1	1CH 15:9
ହିବ୍ରୋଣକୁ	11	11	3	11	JOS 10:36
ହିବ୍ରୋଣବାସୀ	1	1	1	1	JDG 1:10
ହିବ୍ରୋଣର	13	13	6	14	GEN 37:14
ହିବ୍ରୋଣରୁ	2	2	2	2	JOS 11:21
ହିବ୍ରୋଣରେ	20	20	5	20	GEN 23:2
ହିବ୍ରୋଣସ୍ଥ	1	1	1	0	2SA 4:12
ହିବ୍ରୋଣୀୟ	2	2	1	2	NUM 3:27
ହିବ୍ରୋଣୀୟମାନଙ୍କ	4	4	1	4	1CH 26:23
ହିବ୍ରୋଣ୍	2	2	2	0	GEN 23:19
ହିମ	13	13	10	13	NUM 12:10
ହିମକୁ	1	1	1	1	JOB 37:6
ହିମଜଳକୁ	1	1	1	1	JOB 24:19
ହିମଜଳରେ	1	1	1	1	JOB 9:30
ହିମଠାରୁ	1	1	1	1	PSA 51:7
ହିମତୁଲ୍ୟ	1	1	1	1	REV 1:14
ହିମପାତ	3	3	3	3	2SA 23:20
ହିମବର୍ଣ୍ଣ	1	1	1	1	EXO 4:6
ହିମଭଣ୍ଡାରରେ	1	1	1	0	JOB 38:22
ହିମର	1	1	1	1	PRO 25:13
ହିମାନୀ	2	2	1	2	JOB 37:10
ହିମ୍ଦନ୍	1	1	1	1	GEN 36:26
ହିଲକତ୍	2	2	1	2	JOS 19:25
ହିଲକୀୟ	1	1	1	0	2KI 22:8
ହିଲବା	1	1	1	1	JDG 1:31
ହିଲା	1	1	1	1	1CH 4:5
ହିଲାର	1	1	1	1	1CH 4:7
ହିଲେନ୍	1	1	1	1	1CH 6:58
ହିଲ୍କତ୍-ହତ୍ସୂରୀମ୍	1	1	1	0	2SA 2:16
ହିଲ୍କିୟ	1	1	1	8	EZR 7:2
ହିଲ୍କୀୟ	19	19	4	13	2KI 22:4
ହିଲ୍କୀୟ-ବଂଶର	1	1	1	1	NEH 12:21
ହିଲ୍କୀୟକୁ	2	2	2	2	1CH 6:13
ହିଲ୍କୀୟଙ୍କ	1	1	1	2	JER 1:1
ହିଲ୍କୀୟର	11	11	6	6	2KI 18:18
ହିଲ୍କୟ	1	1	1	1	NEH 12:15
ହିଲ୍ଦୟ	2	2	2	2	1CH 27:15
ହିଲ୍ବୋନର	1	1	1	1	EZK 27:18
ହିଲ୍ଲେଲର	2	2	1	2	JDG 12:13
ହିଶ୍ବୋନର	2	2	1	0	JER 48:34
ହିଶ୍ବୋନରୁ	1	1	1	0	JER 48:45
ହିଶ୍ବୋନ୍	4	4	3	0	SNG 7:4
ହିଶ୍ବୋନ୍ର	1	1	1	0	ISA 16:8
ହିଶ୍ବୋନ୍ରେ	1	1	1	0	JER 48:2
ହିଷକୀୟର	1	1	1	0	PRO 25:1
ହିଷବୋନ୍	1	1	1	0	JOS 21:39
ହିଷୀୟୋଣର	1	1	1	1	1KI 15:18
ହିଷ୍କି	1	1	1	1	1CH 8:17
ହିଷ୍ବୀୟ	1	1	1	0	1CH 26:30
ହିଷ୍ବୋନ	1	1	1	18	JOS 13:17
ହିଷ୍ବୋନଠାରୁ	1	1	1	2	JOS 13:26
ହିଷ୍ବୋନର	6	6	3	8	DEU 2:24
ହିଷ୍ବୋନରେ	2	2	1	4	JOS 13:10
ହିଷ୍ବୋନସ୍ଥ	1	1	1	1	JOS 13:27
ହିଷ୍ବୋନ୍	11	11	6	0	NUM 21:26
ହିଷ୍ବୋନ୍-ରାଜା	2	2	2	0	DEU 3:6
ହିଷ୍ବୋନ୍କୁ	1	1	1	0	NUM 21:27
ହିଷ୍ବୋନ୍ଠାରୁ	1	1	1	0	NUM 21:28
ହିଷ୍ବୋନ୍ବାସୀ	1	1	1	0	NUM 21:34
ହିଷ୍ବୋନ୍ରେ	1	1	1	0	NUM 21:25
ହିଷ୍ମୋନ୍	1	1	1	1	JOS 15:27
ହିଷ୍ରୋଣ	7	7	4	11	JOS 15:3
ହିଷ୍ରୋଣଙ୍କୁ	1	1	1	1	MAT 1:3
ହିଷ୍ରୋଣଠାରୁ	2	2	1	2	NUM 26:6
ହିଷ୍ରୋଣର	5	5	2	5	RUT 4:19
ହିଷ୍ରୋଣୀୟ	2	2	1	2	NUM 26:6
ହିଷ୍ରୋଣ୍	2	2	2	0	EXO 6:14
ହିଷ୍ରୋନ୍	2	2	1	0	GEN 46:9
ହିଷ୍ରୟ	2	2	2	2	2SA 23:35
ହିସାବ	10	10	7	11	2KI 12:15
ହିସାବର	1	1	1	1	PHP 4:17
ହିସାବରେ	1	1	1	1	PHM 1:18
ହୀନ	1	1	1	1	1SA 4:21
ହୀନକୁ	1	1	1	0	JOB 29:12
ହୀନବୁଦ୍ଧି	1	1	1	1	PRO 10:1
ହୀନସାହସ	1	1	1	1	ISA 42:4
ହୀନାଙ୍ଗ	1	1	1	1	LEV 22:23
ହୀନାବସ୍ଥା	1	1	1	1	PSA 136:23
ହୀନ୍	1	1	1	1	EZK 45:24
ହୀନ୍ର	1	1	1	2	EZK 4:11
ହୀଫ୍ସୀବା	1	1	1	1	2KI 21:1
ହୀରକ	5	5	3	5	EXO 28:18
ହୀରକର	2	2	2	2	JER 17:1
ହୀରମର	1	1	1	0	1KI 5:18
ହୀରମ୍	16	16	3	1	2SA 5:11
ହୀରମ୍କୁ	3	3	1	0	1KI 5:11
ହୀରମ୍ର	3	3	1	0	1KI 5:1
ହୀରା	3	3	2	3	GEN 38:1
ହୀୟେଲ	1	1	1	1	1KI 16:34
ହୁଅ	643	643	61	648	GEN 1:28
ହୁଅଇ	17	17	12	15	GEN 3:22
ହୁଅଣ	2	2	2	0	HAB 2:16
ହୁଅତ	1	1	1	0	2PE 3:17
ହୁଅନ୍ତ	1	1	1	2	JDG 21:22
ହୁଅନ୍ତଣ	1	1	1	0	SNG 8:1
ହୁଅନ୍ତା	21	21	11	25	NUM 12:14
ହୁଅନ୍ତାଣ	4	4	3	0	DEU 5:29
ହୁଅନ୍ତି	274	274	44	275	GEN 29:3
ହୁଅନ୍ତିଣ	1	1	1	0	PSA 73:19
ହୁଅନ୍ତୁ	9	9	4	14	EXO 10:10
ହୁଅନ୍ତେ	208	208	34	205	GEN 3:7
ହୁଅନ୍ତେଣ	1	1	1	0	ISA 64:2
ହୁଆ	1	1	1	0	JHN 20:31
ହୁଏ	816	816	59	856	GEN 4:24
ହୁଏତ	2	2	2	21	GEN 13:9
ହୁଏନ୍ତ	1	1	1	0	PRO 13:23
ହୁକ୍କୋକ	1	1	1	0	JOS 19:34
ହୁକ୍କୋକ୍	1	1	1	2	1CH 6:75
ହୁଗୁଳା	3	3	3	3	ECC 12:6
ହୁଙ୍କାର	9	9	5	9	JOB 4:10
ହୁଡ଼କାସବୁ	1	1	1	1	JER 51:30
ହୁଡ଼ାଇ	1	1	1	1	JER 50:6
ହୁଡ଼ି	2	2	2	1	EXO 23:4
ହୁଡ଼ିଲେ	1	1	1	1	PSA 78:57
ହୁଡ଼ୁକା	5	5	1	1	NEH 3:3
ହୁଡ଼ୁକାବିହୀନ	1	1	1	1	JER 49:31
ହୁଡ଼େ	1	1	1	1	JER 49:5
ହୁତ୍ସାବ	1	1	1	0	NAM 2:7
ହୁପ୍ପୀମ	1	1	1	0	GEN 46:21
ହୁପ୍ପୀମ୍	2	2	1	3	1CH 7:12
ହୁମନାୟ	2	2	2	2	1TI 1:20
ହୁମ୍ଟା	1	1	1	1	JOS 15:54
ହୁରି	1	1	1	1	1CH 5:14
ହୁରିର	1	1	1	1	1CH 5:14
ହୁଲ୍ଦା	2	2	2	3	2KI 22:14
ହୁଶାତୀୟ	1	1	1	0	1CH 11:29
ହୁଶୀମ	1	1	1	0	GEN 46:23
ହୁଶୟ	1	1	1	0	2SA 15:32
ହୁଷ୍ପ	1	1	1	0	1CH 24:13
ହୂଫମଠାରୁ	1	1	1	1	NUM 26:39
ହୂଫମୀୟ	1	1	1	1	NUM 26:39
ହୂର	6	6	4	7	EXO 17:10
ହୂରକୁ	1	1	1	1	1CH 2:19
ହୂରତୁମ୍ଭମାନଙ୍କ	1	1	1	0	EXO 24:14
ହୂରମ୍	9	9	2	25	1CH 8:5
ହୂରମ୍ଙ୍କର	1	1	1	1	2CH 2:13
ହୂରମ୍ର	2	2	1	6	2CH 9:10
ହୂରର	7	7	4	7	EXO 31:2
ହୂରୟ	1	1	1	1	1CH 11:32
ହୂଲ	2	2	2	2	GEN 10:23
ହୂଶମର	1	1	1	0	GEN 36:35
ହୂଶମ୍	3	3	2	3	GEN 36:34
ହୂଶର	1	1	1	0	1CH 4:4
ହୂଶାତୀୟ	4	4	2	5	2SA 21:18
ହୂଶୀମ୍	3	3	1	4	1CH 7:12
ହୂଶୟ	9	9	2	10	2SA 15:37
ହୂଶୟକୁ	2	2	1	2	2SA 16:17
ହୂଶୟର	2	2	2	2	2SA 17:14
ହୃତଧନ	1	1	1	1	ISA 42:22
ହୃତ୍କମ୍ପ	1	1	1	1	DEU 28:65
ହୃଦ୍ଗତ	1	1	1	1	2CH 1:12
ହୃଦୟ	206	206	41	210	GEN 45:26
ହୃଦୟ-ପଟାରେ	1	1	1	1	PRO 7:3
ହୃଦୟ-ଫଳକରେ	1	1	1	0	JER 17:1
ହୃଦୟକୁ	18	18	13	20	2SA 19:14
ହୃଦୟକୋଷ	1	1	1	0	HOS 13:8
ହୃଦୟଠାରୁ	1	1	1	1	1JN 3:20
ହୃଦୟର	36	36	19	38	DEU 9:5
ହୃଦୟରୁ	8	8	6	8	DEU 4:9
ହୃଦୟରୂପ	3	3	3	4	EZK 14:5
ହୃଦୟରେ	78	78	31	82	EXO 31:6
ହୃଦୟସବୁ	1	1	1	1	PRO 21:2
ହୃଦୟସ୍ଥ	1	1	1	1	1CH 29:18
ହୃଦୟାନୁସାରେ	2	2	2	1	2SA 7:21
ହୃଷ୍ଟ	10	10	6	8	RUT 3:7
ହୃଷ୍ଟଚିତ୍ତ	8	8	7	8	EXO 4:14
ହୃଷ୍ଟଚିତ୍ତରେ	2	2	2	2	ECC 9:7
ହୃଷ୍ଟପୁଷ୍ଟ	25	25	11	26	GEN 41:2
ହୃଷ୍ଟପୃଷ୍ଟ	1	1	1	1	DAN 1:15
ହେ	1839	1839	63	1868	GEN 15:1
ହେଁ	356	356	51	332	GEN 2:25
ହେଁଇ	1	1	1	0	EZK 21:28
ହେଇ	3	3	2	3	PSA 36:12
ହେଇଟି	1	1	1	0	2KI 4:25
ହେଉ	550	550	62	557	GEN 1:3
ହେଉଅଛ	38	38	19	38	GEN 4:6
ହେଉଅଛନ୍ତି	36	36	17	34	GEN 11:6
ହେଉଅଛନ୍ତିନ୍ତ	1	1	1	0	ISA 65:1
ହେଉଅଛି	174	174	40	176	GEN 6:7
ହେଉଅଛିଣ	1	1	1	0	ISA 13:4
ହେଉଅଛୁ	20	20	9	21	NEH 4:4
ହେଉଛନ୍ତି	1	1	1	7	ACT 27:27
ହେଉଛି	2	2	2	7	1SA 15:14
ହେଉଣ	1	1	1	0	PSA 14:7
ହେଉଣୁ	3	3	3	3	PSA 139:16
ହେଉଥାଏ	2	2	2	2	LEV 22:4
ହେଉଥିବ	1	1	1	1	JHN 7:38
ହେଉଥିବା	20	20	11	24	ISA 48:16
ହେଉଥିବାର	1	1	1	2	2SA 12:19
ହେଉଥିବାରୁ	2	2	1	2	ACT 20:7
ହେଉଥିଲ	3	3	3	3	EZK 16:22
ହେଉଥିଲା	14	14	10	15	1SA 4:13
ହେଉଥିଲି	1	1	1	1	GAL 1:14
ହେଉଥିଲୁ	1	1	1	1	GAL 3:23
ହେଉଥିଲେ	17	17	6	19	1KI 12:8
ହେଉନ୍ତ	1	1	1	0	PRO 24:17
ହେଉନ୍ତୁ	189	189	35	184	GEN 1:14
ହେଗୟ	3	3	1	3	EST 2:8
ହେଗୟର	2	2	1	2	EST 2:3
ହେତକୁ	1	1	1	0	1CH 1:13
ହେତର	7	7	1	0	GEN 23:3
ହେତୀୟ	8	8	1	0	GEN 23:10
ହେତୁ	165	165	36	180	GEN 32:12
ହେତୁବାଦରେ	1	1	1	0	JOB 23:4
ହେତୁରୁ	106	106	31	40	GEN 3:14
ହେତ୍	2	2	2	2	GEN 10:15
ହେଦବାର	1	1	1	1	NEH 7:43
ହେନର	1	1	1	1	ZEC 6:14
ହେନାଦଦର	2	2	2	3	EZR 3:9
ହେନାଦଦା	1	1	1	0	NEH 3:18
ହେନାଦଦ୍ର	1	1	1	1	NEH 3:24
ହେନାର	3	3	2	3	2KI 18:34
ହେଫର	1	1	1	2	1KI 4:10
ହେଫର-ସନ୍ତାନଗଣ	1	1	1	1	JOS 17:2
ହେଫରକୁ	1	1	1	1	1CH 4:6
ହେଫରଠାରୁ	1	1	1	1	NUM 26:32
ହେଫରର	4	4	2	4	NUM 26:33
ହେଫରୀୟ	1	1	1	1	NUM 26:32
ହେଫର୍	1	1	1	0	1CH 11:36
ହେବ	2597	2597	64	2684	GEN 1:29
ହେବକ	1	1	1	0	NUM 32:22
ହେବଜ	1	1	1	0	ZEC 8:19
ହେବଧ୍ୟ	1	1	1	0	1PE 4:13
ହେବନ୍ତ	7	7	3	0	ISA 24:23
ହେବନ୍ତଏ	1	1	1	0	EXO 10:6
ହେବନ୍ତଏହିସବୁ	1	1	1	0	EXO 19:6
ହେବର	3	3	3	5	GEN 46:17
ହେବର-ବଂଶ	1	1	1	1	JDG 4:17
ହେବରକୁ	1	1	1	1	1CH 4:18
ହେବରଠାରୁ	1	1	1	1	NUM 26:45
ହେବରର	3	3	1	3	JDG 4:17
ହେବରୀୟ	1	1	1	1	NUM 26:45
ହେବର୍	2	2	1	0	1CH 7:31
ହେବଲ	6	6	2	6	GEN 4:2
ହେବଲଙ୍କ	3	3	3	3	MAT 23:35
ହେବଲଙ୍କୁ	2	2	1	2	GEN 4:4
ହେବଲର	1	1	1	1	GEN 4:25
ହେବଶ	1	1	1	0	LEV 7:21
ହେବା	698	698	57	732	GEN 5:2
ହେବାକୁ	194	194	43	196	GEN 3:12
ହେବାକ୍ଷଣେ	1	1	1	1	2CH 31:5
ହେବାଠାରୁ	2	2	1	2	ISA 14:8
ହେବାଣ	1	1	1	0	NUM 17:13
ହେବାମାତ୍ର	3	3	3	3	JOS 3:13
ହେବାମାତ୍ରେ	2	2	2	2	GEN 27:30
ହେବାଯାଏ	12	12	5	6	LEV 25:22
ହେବାର	87	87	32	98	GEN 29:8
ହେବାରୁ	121	121	36	122	GEN 12:10
ହେବାରେ	5	5	4	7	EZK 21:24
ହେବି	82	82	27	84	GEN 4:14
ହେବୁ	30	30	16	31	GEN 37:8
ହେବେ	755	755	59	790	GEN 2:24
ହେବେଣେ	1	1	1	0	LEV 21:6
ହେବେନ୍ତ	2	2	2	0	MIC 5:5
ହେମନ	1	1	1	8	1CH 25:6
ହେମନକୁ	1	1	1	2	1CH 25:5
ହେମନର	8	8	3	8	1CH 6:39
ହେମନ୍	7	7	3	0	1KI 4:31
ହେମନ୍କୁ	1	1	1	0	1CH 15:17
ହେମନ୍ତକାଳର	1	1	1	0	JUD 1:12
ହେମମ୍	1	1	1	1	GEN 36:22
ହେରତ୍	1	1	1	1	1SA 22:5
ହେରଶ୍	1	1	1	1	1CH 9:15
ହେରସ	1	1	1	1	JDG 1:35
ହେରସର	1	1	1	1	JDG 8:13
ହେରୋଦ	28	28	4	30	MAT 2:1
ହେରୋଦଙ୍କ	13	13	4	15	MAT 2:12
ହେରୋଦଙ୍କୁ	2	2	2	2	MAT 14:6
ହେରୋଦିଆ	1	1	1	1	MRK 6:19
ହେରୋଦିଆଙ୍କ	4	4	3	4	MAT 14:3
ହେରୋଦିଆଙ୍କୁ	1	1	1	1	MRK 6:17
ହେରୋଦୀୟ-ମାନଙ୍କ	1	1	1	0	MRK 3:6
ହେରୋଦୀୟମାନଙ୍କ	2	2	2	3	MAT 22:16
ହେରୋଦୀୟୋନଙ୍କୁ	1	1	1	1	ROM 16:11
ହେଲ	57	57	21	57	GEN 3:14
ହେଲକ-ସନ୍ତାନଗଣ	1	1	1	1	JOS 17:2
ହେଲକଠାରୁ	1	1	1	1	NUM 26:30
ହେଲକୀୟ	1	1	1	1	NUM 26:30
ହେଲଦ୍	1	1	1	1	1CH 11:30
ହେଲନ୍ତ	1	1	1	0	LAM 3:57
ହେଲଫଠାରୁ	1	1	1	1	JOS 19:33
ହେଲବ	1	1	1	1	2SA 23:29
ହେଲମକୁ	2	2	1	2	2SA 10:16
ହେଲମର	1	1	1	1	1CH 7:35
ହେଲସ	1	1	1	0	2SA 23:26
ହେଲସ୍	3	3	1	4	1CH 2:39
ହେଲସ୍କୁ	1	1	1	1	1CH 2:39
ହେଲା	1493	1493	56	1472	GEN 1:3
ହେଲାକ୍ଷଣି	1	1	1	2	LUK 22:66
ହେଲାଣି	27	27	14	27	EXO 10:7
ହେଲାନ୍ତ	1	1	1	0	ECC 7:25
ହେଲାନ୍ତଏହିରୂପେ	1	1	1	0	JDG 2:15
ହେଲାରୁ	1	1	1	1	EXO 16:14
ହେଲି	76	76	28	75	GEN 41:13
ହେଲୁ	29	29	20	27	GEN 44:16
ହେଲୁଣି	1	1	1	1	DEU 2:31
ହେଲେ	1387	1387	56	1413	GEN 3:20
ହେଲେଜ	1	1	1	0	1TI 3:16
ହେଲେଣି	1	1	1	1	ACT 5:9
ହେଲେନ୍ତଣ	1	1	1	0	HEB 5:9
ହେଲେଭ	1	1	1	0	EST 8:17
ହେଲେମର	1	1	1	1	ZEC 6:14
ହେଲେହେଁ	6	6	4	0	GEN 18:27
ହେଲୋନର	5	5	1	5	NUM 1:9
ହେଳା	4	4	4	4	2CH 29:11
ହେଷୀର	1	1	1	2	NEH 10:20
ହେଷୀର୍	1	1	1	0	1CH 24:15
ହେସ୍ରୋଣ	1	1	1	1	LUK 3:33
ହେସ୍ରୋଣଙ୍କ	1	1	1	1	LUK 3:33
ହେସ୍ଳୀ	1	1	1	0	LUK 3:25
ହେସ୍ଳୀଙ୍କ	1	1	1	0	LUK 3:25
ହେୟଜ୍ଞାନ	1	1	1	0	PRO 1:30
ହୋଇ	2096	2096	65	2052	GEN 1:5
ହୋଇ-ଅଛନ୍ତି	1	1	1	0	HEB 6:4
ହୋଇ-ଆସୁଅଛି	1	1	1	0	JHN 1:5
ହୋଇ-ଥାଆନ୍ତା	1	1	1	0	MAT 15:5
ହୋଇଅଛ	136	136	40	133	GEN 26:16
ହୋଇଅଛନ୍ତି	249	249	48	243	GEN 6:12
ହୋଇଅଛନ୍ତିନ୍ତ	2	2	2	0	ISA 49:5
ହୋଇଅଛଯେ	1	1	1	0	ISA 57:11
ହୋଇଅଛି	707	707	61	703	GEN 2:23
ହୋଇଅଛିଣ	2	2	2	0	1SA 14:29
ହୋଇଅଛିସସ	1	1	1	0	1CO 9:22
ହୋଇଅଛିହ	1	1	1	0	JOL 3:13
ହୋଇଅଛୁ	65	65	30	62	EXO 33:16
ହୋଇଅଛ୍ରି	1	1	1	0	ROM 11:25
ହୋଇଆସୁଅଛି	1	1	1	0	LUK 24:29
ହୋଇଆସୁଥିଲା	1	1	1	1	LUK 9:51
ହୋଇଉଠି	1	1	1	0	ACT 18:12
ହୋଇଗଲଣି	1	1	1	2	1CO 4:8
ହୋଇଗଲା	35	35	16	34	EXO 7:20
ହୋଇଗଲାଣି	2	2	2	2	JOS 9:13
ହୋଇଗଲି	1	1	1	1	JDG 12:3
ହୋଇଗଲେ	25	25	11	25	EXO 5:12
ହୋଇଛି	2	2	2	4	JER 48:20
ହୋଇଣଯିଶା	1	1	1	0	REV 18:17
ହୋଇଥା	1	1	1	0	MRK 5:34
ହୋଇଥାଅ	33	33	16	33	NUM 5:20
ହୋଇଥାଆନ୍ତ	1	1	1	1	JHN 15:19
ହୋଇଥାଆନ୍ତା	17	17	9	11	MAT 18:6
ହୋଇଥାଆନ୍ତି	2	2	1	2	HEB 7:5
ହୋଇଥାଆନ୍ତୁ	1	1	1	1	ROM 9:29
ହୋଇଥାଆନ୍ତେ	4	4	2	4	JHN 8:42
ହୋଇଥାଉ	1	1	1	1	HEB 13:1
ହୋଇଥାଏ	40	40	17	41	GEN 25:22
ହୋଇଥା’ନ୍ତ	2	2	2	2	2SA 18:13
ହୋଇଥା’ନ୍ତା	6	6	4	6	LEV 10:19
ହୋଇଥା’ନ୍ତି	5	5	3	5	EXO 19:22
ହୋଇଥା’ନ୍ତୁ	3	3	2	3	EST 7:4
ହୋଇଥା’ନ୍ତେ	3	3	2	3	ISA 48:19
ହୋଇଥିବ	8	8	7	7	GEN 43:12
ହୋଇଥିବା	76	76	18	91	GEN 45:1
ହୋଇଥିବାର	15	15	8	15	GEN 24:30
ହୋଇଥିବାରୁ	11	11	7	10	LUK 7:29
ହୋଇଥିବେ	4	4	3	5	2SA 17:8
ହୋଇଥିଲ	30	30	15	31	DEU 4:10
ହୋଇଥିଲା	174	174	40	174	GEN 12:4
ହୋଇଥିଲି	8	8	6	8	GEN 32:10
ହୋଇଥିଲୁ	6	6	5	5	GEN 41:17
ହୋଇଥିଲେ	168	168	36	181	GEN 3:23
ହୋଇଥିଲେୟ	1	1	1	0	LUK 8:37
ହୋଇନାହଁ	3	3	2	0	EXO 23:30
ହୋଇନାହିଁ	5	5	4	4	GEN 15:16
ହୋଇପଡ଼ି	1	1	1	1	REV 7:11
ହୋଇପଡ଼ିବାର	1	1	1	1	ACT 19:27
ହୋଇପଡ଼ିଲା	1	1	1	0	ACT 27:9
ହୋଇପଡ଼ିଲେ	1	1	1	1	REV 5:8
ହୋଇପଡ଼େ	1	1	1	1	HAB 1:4
ହୋଇପାର	1	1	1	10	JER 47:7
ହୋଇପାରୁ	1	1	1	3	JOS 7:12
ହୋଇପାରେ	52	52	26	72	GEN 18:24
ହୋଇଯାଅ	1	1	1	1	JOS 1:2
ହୋଇଯାଆନ୍ତି	1	1	1	0	LUK 8:14
ହୋଇଯାଇ	1	1	1	1	JDG 4:14
ହୋଇଯାଇଅଛି	1	1	1	1	JOS 9:12
ହୋଇଯାଇଥିଲା	1	1	1	1	LUK 1:7
ହୋଇଯାଇଥିଲେ	1	1	1	0	ACT 11:19
ହୋଇଯାଉ	1	1	1	1	2SA 19:37
ହୋଇଯାଉଅଛି	1	1	1	1	HEB 8:13
ହୋଇଯାଏ	14	14	6	11	LEV 13:16
ହୋଇଯା’ନ୍ତି	1	1	1	1	JOB 4:11
ହୋଇଯା’ନ୍ତେ	1	1	1	0	2KI 2:8
ହୋଇଯିବ	24	24	14	23	EXO 7:17
ହୋଇଯିବାରୁ	1	1	1	1	MRK 11:11
ହୋଇଯିବି	4	4	2	4	DEU 2:29
ହୋଇଯିବେ	13	13	11	12	EXO 8:29
ହୋଇସାରିଅଛ	1	1	1	1	JHN 15:3
ହୋଥମ୍	1	1	1	1	1CH 7:32
ହୋଥମ୍ର	1	1	1	1	1CH 11:44
ହୋଥୀର୍	2	2	1	2	1CH 25:4
ହୋଦବିୟର	1	1	1	0	1CH 9:7
ହୋଦବୀୟ	2	2	1	2	1CH 3:24
ହୋଦବୀୟର	1	1	1	2	EZR 2:40
ହୋଦଶ୍ର	1	1	1	1	1CH 8:9
ହୋଦୀୟ	5	5	1	5	NEH 8:7
ହୋଦୀୟର	1	1	1	1	1CH 4:19
ହୋଦ୍	1	1	1	1	1CH 7:37
ହୋବବକୁ	1	1	1	0	NUM 10:29
ହୋବବ୍ର	1	1	1	1	JDG 4:11
ହୋବା	1	1	1	1	GEN 14:15
ହୋମ	62	62	12	74	GEN 22:3
ହୋମ-ନୈବେଦ୍ୟ	2	2	1	1	DEU 12:6
ହୋମ-ବଳି	2	2	1	2	EZK 40:38
ହୋମଦ୍ରବ୍ୟ	4	4	2	4	EXO 10:25
ହୋମବଳି	157	157	22	152	GEN 8:20
ହୋମବଳିଦାନର	1	1	1	1	2CH 29:28
ହୋମବଳିଦାନାଦି	1	1	1	1	DEU 12:14
ହୋମବଳିର	13	13	5	12	LEV 1:4
ହୋମବଳିରେ	2	2	2	2	PSA 51:16
ହୋମବଳିସବୁ	2	2	2	2	PSA 50:8
ହୋମବେଦି	9	9	3	14	EXO 31:9
ହୋମବେଦି-ମୂଳରେ	1	1	1	0	LEV 4:25
ହୋମବେଦିର	3	3	1	3	LEV 4:25
ହୋମବେଦିରଖିବ	1	1	1	0	EXO 40:6
ହୋମମ୍	1	1	1	1	1CH 1:39
ହୋମର	6	6	3	7	NUM 28:23
ହୋମର-ପରିମିତ	1	1	1	0	LEV 27:16
ହୋମରର	2	2	1	2	EZK 45:11
ହୋମରରୁ	3	3	2	3	NUM 11:32
ହୋମାଦି	1	1	1	1	NUM 15:4
ହୋମାର୍ଥକ	23	23	11	25	EXO 29:25
ହୋମାର୍ଥେ	8	8	4	6	GEN 22:2
ହୋର	12	12	2	12	NUM 20:22
ହୋରମ୍	1	1	1	1	JOS 10:33
ହୋରି	2	2	2	2	GEN 36:22
ହୋରିର	1	1	1	1	NUM 13:5
ହୋରୀୟ	6	6	2	6	GEN 14:6
ହୋରୀୟମାନଙ୍କୁ	1	1	1	1	DEU 2:22
ହୋରେବ	2	2	2	6	EXO 33:6
ହୋରେବଠାରୁ	2	2	1	2	DEU 1:2
ହୋରେବରେ	9	9	3	10	DEU 1:6
ହୋରେବ୍	3	3	3	0	EXO 3:1
ହୋରେବ୍ରେ	1	1	1	0	EXO 17:6
ହୋରେମ୍	1	1	1	1	JOS 19:38
ହୋରୋଣୀୟ	3	3	1	3	NEH 2:10
ହୋରୋନୟିମ	1	1	1	3	ISA 15:5
ହୋରୋନୟିମଠାରୁ	1	1	1	0	JER 48:3
ହୋରୋନୟିମର	1	1	1	1	JER 48:5
ହୋରୋନୟିମ୍	1	1	1	0	JER 48:34
ହୋର୍ହଗିଦ୍ଗଦରୁ	1	1	1	1	NUM 33:33
ହୋର୍ହଗିଦ୍ଗଦରେ	1	1	1	1	NUM 33:32
ହୋଲୋନ୍	2	2	1	2	JOS 15:51
ହୋଶାନ୍ନା	6	6	3	6	MAT 21:9
ହୋଶାମା	1	1	1	1	1CH 3:18
ହୋଶୀୟର	1	1	1	0	JER 43:2
ହୋଶେ	1	1	1	0	1CO 15:55
ହୋଶେୟ	6	6	4	17	NUM 13:8
ହୋଶେୟଙ୍କ	2	2	2	10	HOS 1:2
ହୋଶେୟଙ୍କଠାରେ	1	1	1	1	2KI 17:4
ହୋଶେୟଙ୍କର	5	5	2	4	2KI 17:6
ହୋଶେୟଙ୍କୁ	2	2	2	2	NUM 13:16
ହୋଶେୟର	1	1	1	2	2CH 33:19
ହୋଶୋୟୀୟର	1	1	1	2	JER 42:1
ହୋଶୟୀୟ	1	1	1	0	NEH 12:32
ହୋଷା	2	2	1	2	1CH 16:38
ହୋଷାକୁ	1	1	1	1	JOS 19:29
ହୋଷାର	2	2	1	2	1CH 26:10
ହୋହମ୍	1	1	1	1	JOS 10:3
ହୌରଣ	1	1	1	1	EZK 47:18
ହୌରଣର	1	1	1	1	EZK 47:16
ହ୍ରଦ	2	2	2	3	LUK 5:1
ହ୍ରଦକୂଳରେ	1	1	1	0	LUK 5:2
ହ୍ରଦର	4	4	3	6	NUM 34:11
ହ୍ରଦରେ	7	7	2	7	LUK 8:23
ହ୍ରାସ	12	12	7	13	GEN 8:3
