word	count	lemma_count	books	irv_count	first_ref
ਅ	2	2	2	0	1KI 14:26
ਅਇਆ	1	1	1	0	ACT 22:13
ਅਈ	36	36	4	37	GEN 12:8
ਅਉਸਰ	1	1	1	0	LEV 15:33
ਅਕਜ਼ੀਬ	4	4	3	4	JOS 15:44
ਅਕਬੋਰ	7	7	4	7	GEN 36:38
ਅਕਰਾਬੀਮ	1	1	1	3	JOS 15:3
ਅਕਰਾਰ	1	1	1	0	NUM 5:7
ਅਕਰੋਨ	21	21	8	22	JOS 13:3
ਅਕਰੋਨੀ	1	1	1	1	1SA 5:10
ਅਕਰੋਨੀਆਂ	1	1	1	1	JOS 13:3
ਅਕਰੋਨੋਂ	1	1	1	0	1SA 7:14
ਅਕਰੱਬੀਮ	2	2	2	0	NUM 34:4
ਅਕਲ	4	4	4	1	EZK 28:4
ਅਕਲਦਮਾ	1	1	1	1	ACT 1:19
ਅਕਲਮੰਦ	1	1	1	0	1CO 1:20
ਅਕਲਮੰਦਾਂ	1	1	1	0	1CO 1:19
ਅਕਲੀ	1	1	1	0	JOB 1:22
ਅਕਸਰ	2	2	2	3	JHN 18:2
ਅਕਸ਼ਾਫ	1	1	1	0	JOS 19:25
ਅਕਸਾਫ਼	1	1	1	0	JOS 12:20
ਅਕਸਾਹ	5	5	3	5	JOS 15:16
ਅਕਾ	3	3	2	3	ISA 43:24
ਅਕਾਇਆ	3	3	3	2	2SA 13:27
ਅਕਾਉਂਦਾ	1	1	1	0	1SA 16:15
ਅਕਾਉਂਦੇ	1	1	1	0	ISA 65:3
ਅਕਾਉਣ	2	2	1	0	1SA 1:6
ਅਕਾਨ	1	1	1	3	GEN 36:27
ਅਕਾਰ	3	3	3	1	SNG 5:15
ਅਕਾਰਥ	19	19	11	6	NUM 6:12
ਅਕਾਰਥੀ	1	1	1	0	1SA 3:19
ਅਕਾਲ	5	5	4	4	2CO 3:3
ਅਕਾਸ਼	429	429	47	438	GEN 1:1
ਅਕਾਸ਼ਾਂ	28	28	14	25	DEU 10:14
ਅਕਾਸ਼ੀ	1	1	1	1	EZK 32:8
ਅਕਾਸ਼ੋ	6	6	4	5	PSA 148:4
ਅਕਾਸ਼ੋਂ	41	41	14	17	GEN 8:2
ਅਕੀਆਂ	1	1	1	0	2SA 15:31
ਅਕੀਕ	9	9	3	9	EXO 28:17
ਅਕੀਸ਼	2	2	1	0	1KI 2:39
ਅਕੂਲਾ	6	6	4	7	ACT 18:2
ਅਕੂੱਬ	2	2	1	0	NEH 8:7
ਅਕੇਵਾਂ	1	1	1	1	MAL 1:13
ਅਕੜਾ	6	6	3	3	NEH 9:16
ਅਕੜਾਇਆ	1	1	1	1	DAN 5:23
ਅਕੜਾਈ	1	1	1	1	JER 7:26
ਅਕੜਾਵਾਂਗਾ	1	1	1	0	JDG 16:20
ਅਕੜੇਵਾਂ	1	1	1	0	PRO 29:1
ਅਕੱਥ	1	1	1	0	ROM 8:26
ਅਕੱਦ	1	1	1	1	GEN 10:10
ਅਕੱਲਾ	3	3	1	0	ISA 2:11
ਅਕੱਲੇ	2	2	1	0	ISA 5:8
ਅਖ	2	2	2	0	2SA 19:11
ਅਖਣ	1	1	1	0	SNG 8:6
ਅਖਵਾ	15	15	6	9	2SA 15:10
ਅਖਵਾਇਆ	1	1	1	6	ISA 48:8
ਅਖਵਾਈ	1	1	1	0	GEN 24:37
ਅਖਵਾਉਂਦਾ	12	12	5	42	DEU 3:13
ਅਖਵਾਉਂਦੀ	1	1	1	1	2CH 7:14
ਅਖਵਾਉਣ	4	4	4	3	LUK 11:53
ਅਖਵਾਉਣਗੇ	2	2	2	3	JER 6:30
ਅਖਵਾਏ	1	1	1	1	ACT 11:26
ਅਖਵਾਏਂਗਾ	2	2	2	1	ISA 58:12
ਅਖਵਾਏਗਾ	5	5	2	5	ISA 4:3
ਅਖਵਾਏਗੀ	4	4	4	4	GEN 2:23
ਅਖ਼ਿਆ	1	1	1	0	JHN 5:14
ਅਖਾਂ	17	17	4	0	PSA 13:3
ਅਖਾਇਕੁਸ	1	1	1	1	1CO 16:17
ਅਖਾਉਂਦੇ	1	1	1	0	EPH 2:11
ਅਖਾਉਤ	1	1	1	1	1SA 24:13
ਅਖਾਣ	1	1	1	0	JOB 17:6
ਅਖਾਯਾ	9	9	4	11	ACT 18:12
ਅਖਾੜੇ	1	1	1	0	2TI 2:5
ਅਖਿਆ	1	1	1	0	RUT 2:6
ਅਖੀ	2	2	2	0	1SA 10:16
ਅਖੀਂ	1	1	1	0	JHN 12:37
ਅਖੀਆਂ	1	1	1	0	LEV 10:11
ਅਖੀਰ	1	1	1	0	1CO 15:8
ਅਖੀਰਲੇ	2	2	2	0	JHN 6:54
ਅਖੀਰੀ	2	2	1	0	EZK 38:8
ਅਖੌਤ	6	6	1	0	EZK 12:22
ਅਖੌਤਾਂ	3	3	1	0	EZK 14:8
ਅਖੰਡ	16	16	1	2	NUM 28:6
ਅਖੱਰਾਂ	1	1	1	0	EZR 4:7
ਅਗਣ	1	1	1	0	EPH 6:16
ਅਗਦ	1	1	1	0	JOS 12:14
ਅਗਨ	10	10	6	3	2KI 2:11
ਅਗਨੀ	10	10	6	4	GEN 22:6
ਅਗਮੀ	2	2	2	0	2SA 15:8
ਅਗਰ	4	4	4	4	NUM 24:6
ਅਗਲਇਮ	1	1	1	1	ISA 15:8
ਅਗਲਥ-ਸ਼ਲੀਸ਼ਾਯਾਹ	1	1	1	0	ISA 15:5
ਅਗਲਥ-ਸ਼ਲੀਸ਼ੀਯਾਹ	1	1	1	2	JER 48:34
ਅਗਲਵਾਂਡੀ	1	1	1	0	DEU 23:4
ਅਗਲਾ	3	3	3	3	JHN 19:31
ਅਗਲਾਹ	2	2	2	2	2SA 3:5
ਅਗਲਿਆ	1	1	1	0	ACT 14:16
ਅਗਲਿਆਂ	9	9	5	0	JOS 24:2
ਅਗਲੀ	7	7	6	6	EXO 28:27
ਅਗਲੀਆਂ	4	4	4	3	ISA 41:23
ਅਗਲੇ	68	68	22	61	GEN 19:34
ਅਗਲੋਨ	12	12	2	15	JOS 10:3
ਅਗਵਾਈ	52	52	19	68	EXO 15:13
ਅਗਵਾਈਆਂ	1	1	1	0	1CO 12:28
ਅਗਵਾਹੀ	2	2	1	0	JOB 37:12
ਅਗਸਤੁਸ	1	1	1	1	2TI 4:20
ਅਗਾਂਹ	2	2	2	0	JHN 18:4
ਅਗਾਗ	8	8	2	8	NUM 24:7
ਅਗਾਗੀ	5	5	1	5	EST 3:1
ਅਗਾਹਾਂ	40	40	14	28	2KI 20:9
ਅਗਾੜੀ	1	1	1	0	2CH 3:17
ਅਗਿਆ	1	1	1	0	RUT 2:9
ਅਗਿਆਨ	1	1	1	1	EPH 4:18
ਅਗਿਆਨਤਾ	1	1	1	3	JOB 42:3
ਅਗਿਆਨੀ	1	1	1	1	1PE 2:15
ਅਗੁਵਾਈ	1	1	1	0	DEU 32:12
ਅਗੇ	3	3	3	1	2SA 23:11
ਅਗੇਤਰਾ	2	2	2	0	2KI 19:26
ਅਗੇਤਰੀ	3	3	3	0	2SA 7:19
ਅਗੇਤਰੇ	2	2	2	1	2CO 10:14
ਅਗੇਤਾ	3	3	2	0	ACT 4:28
ਅਗੇਤੀ	1	1	1	0	ACT 3:18
ਅਗੋ	1	1	1	0	RUT 1:11
ਅਗੋਂ	5	5	4	0	NUM 24:12
ਅਗੋਚਰ	1	1	1	0	PRO 25:3
ਅਗ੍ਰਿਪਾ	5	5	1	0	ACT 25:13
ਅਗ੍ਰਿੱਪਾ	6	6	1	13	ACT 26:1
ਅਗ੍ਹਾਂ	1	1	1	0	JHN 6:19
ਅਗੰਮ	191	191	28	125	NUM 11:25
ਅਗੰਮ-ਗਿਆਨੀ	1	1	1	0	DAN 4:7
ਅਗੰਮੀ	3	3	2	0	1CO 14:22
ਅਚਣਚੇਤ	2	2	2	0	NUM 12:4
ਅਚਰਜ	118	118	26	0	EXO 3:20
ਅਚਰਜਤਾ	3	3	1	2	EZK 28:19
ਅਚਰਜਤਾਈ	1	1	1	0	LAM 1:9
ਅਚਰਜ਼	1	1	1	122	PSA 78:4
ਅਚਰਜਾਂ	5	5	1	5	PSA 77:11
ਅਚਾਣਕ	23	23	14	0	NUM 35:22
ਅਚਾਣਚਕ	1	1	1	0	LUK 9:39
ਅਚਾਣਚੱਕ	1	1	1	0	JOB 22:10
ਅਚਾਨਕ	10	10	6	45	NUM 6:9
ਅਚੰਬੇ	1	1	1	0	ACT 4:30
ਅਚੰਭਾ	3	3	3	2	JOS 3:5
ਅਚੰਭਿਆਂ	8	8	8	6	1CH 16:12
ਅਚੰਭੇ	19	19	12	13	DEU 6:22
ਅਚੱਲ	2	2	2	0	1CH 17:12
ਅਛਾਈਆਂ	1	1	1	0	1CO 16:15
ਅਛੂਤ	1	1	1	1	JER 30:17
ਅਜਗਰ	13	13	1	18	REV 12:3
ਅਜਜ਼ਯਾਹ	1	1	1	0	1CH 15:21
ਅਜਨਬੀਆਂ	1	1	1	0	TIT 1:8
ਅਜਨੀ	1	1	1	1	2SA 23:8
ਅਜਮਾਵਾਥ	1	1	1	0	EZR 2:24
ਅਜਰ	4	4	4	0	GEN 15:1
ਅਜਰੀਕਾਮ	1	1	1	0	NEH 11:15
ਅਜ਼ਗਾਦ	4	4	2	4	EZR 2:12
ਅਜ਼ਜ਼ਯਾਹ	2	2	2	3	1CH 27:20
ਅਜ਼ਨੋਥ	1	1	1	1	JOS 19:34
ਅਜ਼ਬਈ	1	1	1	1	1CH 11:37
ਅਜ਼ਬੂਕ	1	1	1	1	NEH 3:16
ਅਜ਼ਮਾਵਥ	8	8	3	9	2SA 23:31
ਅਜ਼ਰ	5	5	3	1	JOS 17:2
ਅਜ਼ਰਏਲ	4	4	2	5	1CH 12:6
ਅਜ਼ਰਯਾਹ	45	45	8	50	1KI 4:2
ਅਜ਼ਰਾ	29	29	2	40	EZR 0:0
ਅਜ਼ਰਾਹ	1	1	1	1	1CH 4:17
ਅਜ਼ਰਾਹੀ	1	1	1	1	1KI 4:31
ਅਜ਼ਰੀ	1	1	1	1	1CH 27:26
ਅਜ਼ਰੀਆਂ	1	1	1	0	JDG 8:32
ਅਜ਼ਰੀਏਲ	3	3	2	3	1CH 5:24
ਅਜ਼ਰੀਕਾਮ	4	4	2	6	1CH 3:23
ਅਜ਼ਰੇਲ	2	2	2	1	EZR 10:41
ਅਜ਼ਰ੍ਯਾਹ	3	3	1	0	DAN 1:11
ਅਜ਼ਾਜ਼ੇਲ	3	3	1	3	LEV 16:8
ਅਜ਼ਾਦ	29	29	15	43	EXO 21:5
ਅਜ਼ਾਦਾਂ	2	2	1	2	REV 13:16
ਅਜ਼ਾਦੀ	13	13	6	15	JER 34:8
ਅਜ਼ਾਬ	1	1	1	0	ISA 50:11
ਅਜ਼ਾਰੀਕਾਮ	1	1	1	0	1CH 9:44
ਅਜ਼ਾਹ	1	1	1	0	1SA 6:17
ਅਜ਼ੀਏਲ	2	2	2	1	1CH 15:20
ਅਜ਼ੀਜ਼ਾ	1	1	1	1	EZR 10:27
ਅਜ਼ੁਬਾਹ	2	2	1	2	1CH 2:18
ਅਜ਼ੂਬਾਹ	2	2	2	2	1KI 22:42
ਅਜ਼ੂੱਰ	1	1	1	0	NEH 10:17
ਅਜ਼ੇਕਾਹ	4	4	2	7	JOS 10:10
ਅਜ਼ੋਤੁਸ	1	1	1	1	ACT 8:40
ਅਜਾਦ	2	2	2	0	EXO 21:2
ਅਜਾਬ	4	4	1	0	ZEC 14:12
ਅਜਿਹਾ	325	325	38	734	GEN 3:3
ਅਜਿਹਿਆਂ	2	2	2	5	MRK 9:37
ਅਜਿਹੀ	39	39	20	107	GEN 27:46
ਅਜਿਹੀਆਂ	17	17	11	26	1SA 3:2
ਅਜਿਹੇ	37	37	18	104	NUM 16:14
ਅਜੀਬ	5	5	4	1	JOB 37:5
ਅਜੂਬਾ	1	1	1	1	ISA 29:14
ਅਜੇ	189	189	38	142	GEN 2:5
ਅਜੇਕਾਹ	2	2	2	0	2CH 11:9
ਅਜੇਹਾ	91	91	18	0	GEN 3:22
ਅਜੇਹਿਆਂ	2	2	2	0	2TI 2:2
ਅਜੇਹੀ	27	27	17	0	GEN 13:16
ਅਜੇਹੀਆਂ	9	9	6	0	GEN 30:37
ਅਜੇਹੇ	36	36	19	0	EXO 3:17
ਅਜੋਗ	4	4	4	0	1CH 21:8
ਅਟਕ	2	2	2	0	1CH 20:1
ਅਟਕਣਾ	1	1	1	1	MRK 7:35
ਅਟਕਲ	2	2	2	2	2CH 18:33
ਅਟਕਾ	9	9	7	0	EXO 14:3
ਅਟਕਾਇਆ	1	1	1	0	1SA 21:7
ਅਟਕਿਆ	2	2	2	1	DEU 28:66
ਅਟਕੇਗਾ	1	1	1	0	GEN 11:6
ਅਟਰੋਥ	3	3	2	0	NUM 32:35
ਅਟਰੋਥਬੈਤਯੋਆਬ	1	1	1	0	1CH 2:54
ਅਟਲ	2	2	2	0	EST 9:27
ਅਟਾਰਾਹ	1	1	1	1	1CH 2:26
ਅਟਾਰੀ	1	1	1	0	EXO 8:3
ਅਟਾਰੋਥ	3	3	2	6	NUM 32:3
ਅਟੁੱਟ	1	1	1	1	LAM 3:22
ਅਟੇਰ	2	2	2	5	EZR 2:42
ਅਟੇਰਨ	1	1	1	0	PRO 31:19
ਅਟੱਲ	18	18	8	38	GEN 21:33
ਅਠ	2	2	2	0	NEH 7:11
ਅਠਤਾਲੀ	2	2	2	2	NUM 35:7
ਅਠਵਾਂ	1	1	1	0	LEV 23:39
ਅਠਵਾਰ	1	1	1	0	EXO 34:22
ਅਠਵਾਰਿਆਂ	1	1	1	1	NUM 28:26
ਅਠਵੇਂ	7	7	3	0	LEV 12:3
ਅਠਾਈ	12	12	6	12	EXO 26:2
ਅਠਾਨਵਿਆਂ	1	1	1	1	1SA 4:15
ਅਠਾਨਵੇਂ	2	2	2	2	EZR 2:16
ਅਠਾਰਵਾਂ	2	2	1	0	1CH 24:15
ਅਠਾਰਵੇਂ	7	7	4	8	1KI 15:1
ਅਠਾਰਾਂ	21	21	11	21	GEN 14:14
ਅਠਾਰ੍ਹਵਾਂ	1	1	1	1	JER 32:1
ਅਠਾਰ੍ਹਵੇਂ	1	1	1	0	2CH 34:8
ਅਠਾਸੀ	2	2	2	3	1CH 25:7
ਅਠਾਹਟ	2	2	2	2	1CH 16:38
ਅਠੂਹਿਆਂ	2	2	1	0	REV 9:3
ਅਠੂਹੇਂ	1	1	1	0	REV 9:5
ਅਠੰਨੀ	7	7	3	0	MAT 17:24
ਅਠੰਨੀਆਂ	1	1	1	0	LUK 15:8
ਅਠੱਤਾਲੀ	1	1	1	1	JOS 21:41
ਅਠੱਤੀ	2	2	2	5	1CH 23:3
ਅਠੱਤੀਆਂ	1	1	1	0	DEU 2:14
ਅਠੱਤੀਵੇਂ	1	1	1	2	1KI 16:29
ਅਡਰੀ	1	1	1	0	EZK 42:10
ਅਡੰਬਰ	1	1	1	1	PSA 78:19
ਅਣ	5	5	3	3	EXO 6:12
ਅਣ-ਲੱਭ	1	1	1	0	ROM 11:33
ਅਣਆਗਿਆਕਾਰ	6	6	3	0	ROM 1:30
ਅਣਆਗਿਆਕਾਰੀ	10	10	5	4	ROM 5:19
ਅਣਕੱਜੇ	1	1	1	1	2CO 3:18
ਅਣਖ	42	42	14	42	EXO 20:5
ਅਣਖੀ	16	16	10	12	NUM 25:11
ਅਣਗਿਣਤ	11	11	8	15	JDG 6:5
ਅਣਘੜਤ	1	1	1	1	DEU 27:6
ਅਣਘੜੇ	1	1	1	0	JOS 8:31
ਅਣਜਲੇ	1	1	1	1	PSA 58:9
ਅਣਜਾਣ	20	20	9	24	LEV 4:2
ਅਣਜਾਣਤਾ	1	1	1	0	LEV 22:14
ਅਣਜਾਣਪੁਣੇ	3	3	3	3	LEV 5:18
ਅਣਜਾਣੇ	5	5	4	13	DEU 23:10
ਅਣਜਾਤਿਆਂ	1	1	1	0	2CO 6:9
ਅਣਜਾਤੇ	1	1	1	0	ACT 17:23
ਅਣਡਿੱਠ	5	5	3	2	ROM 1:20
ਅਣਧੋਤੇ	2	2	2	0	MAT 15:20
ਅਣਪੁੱਜ	1	1	1	1	1TI 6:16
ਅਣਪੜ੍ਹ	2	2	1	2	ISA 29:12
ਅਣਭਾਉਂਦੀ	1	1	1	0	1CH 21:7
ਅਣਮੁੱਕ	1	1	1	1	NAM 3:1
ਅਣਮੁੱਲ	5	5	2	3	JOB 22:25
ਅਣਮੋਲਕ	1	1	1	1	1CH 29:8
ਅਣਲੱਭ	1	1	1	1	EPH 3:8
ਅਣਵਿਆਹਿਆ	1	1	1	0	1CO 7:32
ਅਣਵਿਆਹੀ	2	2	1	2	1CO 7:28
ਅਣਸਾਵੇਂ	1	1	1	0	2CO 6:14
ਅਣਸੁਲਗੀ	1	1	1	1	JOB 20:26
ਅਣਹੋਈਆਂ	1	1	1	1	ROM 4:17
ਅਣਹੋਣਾ	10	10	7	8	2SA 14:20
ਅਣਹੋਣੀ	1	1	1	1	HEB 6:6
ਅਣਹੋਣੀਆਂ	1	1	1	0	LUK 18:27
ਅਣੋਖਾ	1	1	1	1	NUM 16:30
ਅਣੋਖੀ	2	2	1	0	DEU 14:2
ਅਣੋਖੀਆਂ	1	1	1	0	PRO 23:33
ਅਣੋਖੇ	1	1	1	0	EXO 33:16
ਅਤ	20	20	9	0	GEN 6:11
ਅਤਬਾਰ	2	2	2	1	NUM 12:7
ਅਤਮਿਆਂ	1	1	1	0	ACT 5:16
ਅਤਯੰਤ	5	5	4	0	GEN 27:33
ਅਤਰ	16	16	5	22	EST 2:12
ਅਤਰਦਾਨੀਆਂ	1	1	1	1	ISA 3:20
ਅਤਰੋਥ	1	1	1	0	JOS 18:13
ਅਤਾਕ	1	1	1	1	1SA 30:30
ਅਤਾਰਾਂ	1	1	1	1	NEH 3:8
ਅਤਿ	1	1	1	0	JER 52:16
ਅਤਿਅੰਤ	1	1	1	2	1CH 22:5
ਅਤਿਯਾਚਾਰ	2	2	1	0	EZK 45:8
ਅਤਿਯੰਤ	2	2	1	0	DAN 8:9
ਅਤੀ	2	2	2	1	2SA 3:4
ਅਤੀਤ	7	7	3	1	1CO 6:11
ਅਤੇ	29173	29173	66	33204	GEN 1:2
ਅਤੇਆਪਣੀਆਂ	1	1	1	0	NAM 2:12
ਅਥਨਾਨ	1	1	1	1	1CH 4:7
ਅਥਨੀ	1	1	1	1	1CH 6:41
ਅਥਨੀਏਲ	1	1	1	2	JDG 1:13
ਅਥਬਆਲ	1	1	1	1	1KI 16:31
ਅਥਰ	2	2	1	2	JOS 15:42
ਅਥਲਈ	1	1	1	1	EZR 10:28
ਅਥਲਯਾਹ	16	16	4	19	2KI 8:26
ਅਥਵਾ	129	129	20	55	GEN 13:10
ਅਥਾਯਾਹ	1	1	1	1	NEH 11:4
ਅਥਾਰੀਮ	1	1	1	1	NUM 21:1
ਅਥਾਹ	13	13	6	11	JOB 5:9
ਅਥੇਨੀ	1	1	1	1	ACT 17:21
ਅਥੇਨੀਓ	1	1	1	1	ACT 17:22
ਅਥੇਨੇ	1	1	1	1	1TH 3:1
ਅਥੇਨੈ	3	3	1	5	ACT 17:15
ਅਦਨ	19	19	7	18	GEN 2:8
ਅਦਨਾ	1	1	1	2	NEH 12:15
ਅਦਨਾਹ	2	2	2	2	1CH 12:20
ਅਦਬ	1	1	1	2	1PE 3:2
ਅਦਬਏਲ	2	2	2	2	GEN 25:13
ਅਦਮਾਹ	5	5	3	5	GEN 10:19
ਅਦਰਈ	8	8	3	8	NUM 21:33
ਅਦਰਮਲਕ	1	1	1	3	2KI 19:37
ਅਦਰਿਯਾ	1	1	1	1	ACT 27:27
ਅਦਰੀਏਲ	2	2	2	2	1SA 18:19
ਅਦਰੰਮਲਕ	1	1	1	0	ISA 37:38
ਅਦਲ	1	1	1	0	PSA 55:19
ਅਦਲਯਾ	1	1	1	1	EST 9:8
ਅਦਲਾਇ	1	1	1	1	1CH 27:29
ਅਦਲਾਮ	1	1	1	0	2SA 23:13
ਅਦਾ	3	3	3	4	GEN 38:8
ਅਦਾਦਾਹ	1	1	1	1	JOS 15:22
ਅਦਾਮਾਹ	1	1	1	1	JOS 19:36
ਅਦਾਮੀ	1	1	1	1	JOS 19:33
ਅਦਾਯਾਰ	1	1	1	0	NEH 11:5
ਅਦਾਯਾਹ	8	8	5	9	2KI 22:1
ਅਦਾਰ	8	8	2	10	EZR 6:15
ਅਦਾਲਤ	23	23	8	19	JOB 19:29
ਅਦਾਲਤਾਂ	1	1	1	4	REV 16:7
ਅਦਾਲਤੋਂ	1	1	1	1	ACT 18:16
ਅਦੀਏਲ	2	2	1	3	1CH 4:36
ਅਦੀਨ	1	1	1	0	EZR 2:15
ਅਦੀਨਾ	1	1	1	1	1CH 11:42
ਅਦੀਨੋ	1	1	1	1	2SA 23:8
ਅਦੀਨੋਯਾਹ	1	1	1	0	1KI 1:7
ਅਦੀਯਮਿਥ	1	1	1	1	JOS 15:36
ਅਦੁਤੀ	5	5	4	0	SNG 6:9
ਅਦੁੱਲਾਮ	5	5	5	8	JOS 12:15
ਅਦੂਮ	1	1	1	1	MRK 3:8
ਅਦੂਲਾਮੀ	3	3	1	3	GEN 38:1
ਅਦੇਸ	1	1	1	0	MAT 26:49
ਅਦੋਂਨੀਰਾਮ	1	1	1	0	1KI 5:14
ਅਦੋਨ	1	1	1	2	NEH 7:61
ਅਦੋਨਿਕਾਮ	1	1	1	0	EZR 2:13
ਅਦੋਨਿੱਯਾਹ	1	1	1	0	2SA 3:4
ਅਦੋਨੀ	5	5	2	6	JOS 10:1
ਅਦੋਨੀਕਮ	1	1	1	0	NEH 7:18
ਅਦੋਨੀਕਾਮ	1	1	1	3	EZR 8:13
ਅਦੋਨੀਯਾਹ	25	25	4	29	1KI 1:5
ਅਦੋਨੀਰਾਮ	1	1	1	2	1KI 4:6
ਅਦੋਮ	92	92	21	108	GEN 25:30
ਅਦੋਮਣਾਂ	1	1	1	1	1KI 11:1
ਅਦੋਮੀ	10	10	6	13	DEU 23:7
ਅਦੋਮੀਆਂ	7	7	4	11	GEN 36:9
ਅਦੋਮੀਮ	1	1	1	0	JOS 15:7
ਅਦੋਰਇਮ	1	1	1	1	2CH 11:9
ਅਦੋਰਾਮ	2	2	2	2	2SA 20:24
ਅਦ੍ਰਮੁਤਿਯੁਮ	1	1	1	1	ACT 27:2
ਅਧਕ	1	1	1	0	1CH 22:14
ਅਧਕਾਰ	18	18	9	0	NUM 16:14
ਅਧਕਾਰੀ	17	17	6	0	EXO 32:13
ਅਧਮਾਥਾ	1	1	1	1	EST 1:14
ਅਧਮੋਇਆ	1	1	1	1	LUK 10:30
ਅਧਰਮੀ	4	4	2	3	JOB 8:13
ਅਧਰਮੀਆਂ	1	1	1	3	JOB 15:34
ਅਧਰੰਗ	1	1	1	2	ACT 9:33
ਅਧਰੰਗੀ	12	12	5	15	MAT 9:2
ਅਧਰੰਗੀਆਂ	1	1	1	1	MAT 4:24
ਅਧਾ	2	2	1	0	JHN 7:14
ਅਧਾਰ	3	3	1	4	JHN 5:30
ਅਧਿਕ	3	3	2	0	1CH 11:9
ਅਧਿਕਾਰ	39	39	14	193	GEN 31:14
ਅਧਿਕਾਰਪਾਇਆ	1	1	1	0	ACT 1:17
ਅਧਿਕਾਰਾਂ	2	2	1	2	1CO 9:15
ਅਧਿਕਾਰੀ	12	12	8	79	GEN 24:60
ਅਧਿਕਾਰੀਆਂ	3	3	3	29	1CO 15:24
ਅਧੀਣ	1	1	1	0	EZK 17:14
ਅਧੀਨ	86	86	29	133	NUM 12:3
ਅਧੀਨਗੀ	14	14	10	11	2CH 32:26
ਅਧੀਨਤਾ	2	2	2	2	2CH 33:19
ਅਧੀਨਤਾਈ	4	4	2	6	2KI 8:20
ਅਧੀਨਾ	1	1	1	0	PSA 25:9
ਅਧੀਨਾਂ	2	2	2	4	LUK 1:52
ਅਧੀਰਾਜ	1	1	1	1	ISA 6:5
ਅਧੈਰ	1	1	1	0	2SA 15:20
ਅਨਕੂਲ	6	6	1	0	EZK 40:21
ਅਨਗਿਣਤ	2	2	1	0	JOB 5:9
ਅਨਜਾਣ	1	1	1	1	GAL 4:8
ਅਨਜਾਨਪੁਣੇ	1	1	1	0	ACT 3:17
ਅਨਥੋਥੀ	2	2	2	0	1CH 27:12
ਅਨਥੋਥੀਯਾਹ	1	1	1	1	1CH 8:24
ਅਨਦਾਜ	1	1	1	0	GEN 21:20
ਅਨਨਯਾਹ	2	2	1	2	NEH 3:23
ਅਨਮਲਕ	1	1	1	1	2KI 17:31
ਅਨਮੋਲ	6	6	4	2	1CH 29:2
ਅਨਰਥ	3	3	3	1	JDG 21:3
ਅਨਾਕ	5	5	3	8	NUM 13:33
ਅਨਾਕੀ	3	3	2	3	DEU 9:2
ਅਨਾਕੀਆਂ	7	7	2	7	DEU 1:28
ਅਨਾਜ	8	8	6	11	GEN 27:28
ਅਨਾਜ਼	4	4	4	4	2CH 32:28
ਅਨਾਥ	8	8	5	10	JOS 19:38
ਅਨਾਥਾ	1	1	1	0	PSA 10:8
ਅਨਾਥਾਂ	1	1	1	3	JER 49:11
ਅਨਾਥੋਥ	12	12	6	16	1KI 2:26
ਅਨਾਦ	1	1	1	0	MIC 5:2
ਅਨਾਦਰ	3	3	2	5	PSA 35:26
ਅਨਾਦੀ	8	8	5	8	DEU 33:27
ਅਨਾਨੀ	1	1	1	1	1CH 3:24
ਅਨਾਨੋਥ	2	2	1	0	NEH 7:27
ਅਨਾਬ	2	2	1	2	JOS 11:21
ਅਨਾਮੀ	1	1	1	2	GEN 10:13
ਅਨਾਯਾਹ	2	2	1	2	NEH 8:4
ਅਨਾਰ	29	29	11	28	EXO 28:33
ਅਨਾਰਾਂ	3	3	2	4	EXO 39:25
ਅਨਾਰੋਥ	1	1	1	0	JOS 21:18
ਅਨਾਸਥਾਵਾਨ	3	3	2	0	1CO 5:1
ਅਨਾਸਥਾਵਾਨਾਂ	2	2	1	0	1CO 14:22
ਅਨਾਹ	12	12	2	11	GEN 36:2
ਅਨਾਹਰਾਥ	1	1	1	1	JOS 19:19
ਅਨਾੜੀ	1	1	1	0	2CO 11:6
ਅਨਿਆਈ	2	2	2	0	JER 2:5
ਅਨਿਆਉਂ	2	2	1	0	LEV 19:15
ਅਨਿਵਾਰੀ	1	1	1	0	1CO 9:16
ਅਨਿੱਤ	2	2	2	0	PSA 39:4
ਅਨੀਆਮ	1	1	1	1	1CH 7:19
ਅਨੀਤੀ	1	1	1	0	1CH 12:17
ਅਨੀਮ	1	1	1	1	JOS 15:50
ਅਨੁਪਾਨ	1	1	1	0	1KI 13:7
ਅਨੁਭਵ	1	1	1	4	JHN 11:50
ਅਨੁਮਾਨ	1	1	1	1	JHN 6:14
ਅਨੁਯਾਈ	1	1	1	0	1CO 10:1
ਅਨੁਵਾਦ	1	1	1	1	1CO 14:28
ਅਨੁਸਰ	1	1	1	0	DEU 26:13
ਅਨੁਸਰਣ	18	18	6	0	JHN 6:66
ਅਨੁਸ਼ਾਸਿਤ	1	1	1	0	1CO 11:32
ਅਨੁਸਾਰ	900	900	52	985	GEN 1:11
ਅਨੁਸਾਰੀ	1	1	1	0	1SA 13:14
ਅਨੂੰ	1	1	1	0	2SA 21:4
ਅਨੇਕ	4	4	4	10	1CH 12:19
ਅਨੇਕਾਂ	3	3	2	1	JHN 10:32
ਅਨੇਰ	13	13	5	0	DEU 5:23
ਅਨੇਰਾ	3	3	2	0	DEU 4:11
ਅਨੇਰੇ	8	8	3	0	PSA 11:5
ਅਨੈਤਿਕ	4	4	3	0	1CO 5:10
ਅਨੋਕ	1	1	1	0	JOS 21:11
ਅਨੋਖਾ	2	2	1	5	ZEC 8:6
ਅਨੋਖੀ	2	2	2	4	ISA 28:21
ਅਨੋਖੀਆਂ	3	3	2	2	DEU 28:59
ਅਨੋਖੇ	2	2	2	2	PSA 71:17
ਅਨੋਸ਼	8	8	3	9	GEN 4:26
ਅਨ੍ਹਿਆਂ	2	2	1	0	2SA 5:8
ਅਨ੍ਹੇ	1	1	1	0	2SA 5:6
ਅਨ੍ਹੇਰ	55	55	21	43	EXO 3:9
ਅਨ੍ਹੇਰਦੇ	1	1	1	0	ISA 5:20
ਅਨ੍ਹੇਰਾ	54	54	21	9	GEN 1:2
ਅਨ੍ਹੇਰਿਆਂ	1	1	1	1	PSA 88:6
ਅਨ੍ਹੇਰਿਓਂ	1	1	1	0	2CO 4:6
ਅਨ੍ਹੇਰੀ	21	21	11	8	1KI 19:11
ਅਨ੍ਹੇਰੀਆਂ	2	2	1	1	MAT 7:25
ਅਨ੍ਹੇਰੇ	90	90	24	18	GEN 1:4
ਅਨੰਤ	14	14	5	11	GEN 17:7
ਅਨੰਤਕਾਲ	1	1	1	1	PSA 21:4
ਅਨੰਦ	310	310	50	371	GEN 43:34
ਅਨੰਦਤਾ	3	3	2	0	PRO 10:28
ਅਨੰਦਤਾਈ	5	5	4	6	1KI 8:66
ਅਨੰਦਮਈ	3	3	1	3	ISA 22:2
ਅਨੰਦਿਤ	2	2	2	2	PSA 46:4
ਅਨੰਦੀ	1	1	1	0	ISA 5:14
ਅਪਜਸ	4	4	3	0	PRO 12:16
ਅਪਣਿਆ	5	5	5	0	2SA 22:38
ਅਪਣਿਆਂ	3	3	3	0	NUM 25:18
ਅਪਣੀਆਂ	3	3	2	0	NEH 4:13
ਅਪਣੇ	2	2	2	0	1CO 1:9
ਅਪਮਾਨ	4	4	4	18	EZR 4:14
ਅਪਰਵਾਨ	6	6	3	3	2CO 13:5
ਅਪਰਾਧ	91	91	27	95	GEN 19:15
ਅਪਰਾਧਾਂ	45	45	18	50	LEV 16:16
ਅਪਰਾਧੀ	23	23	13	26	EXO 28:43
ਅਪਰਾਧੀਆਂ	6	6	4	11	2SA 7:10
ਅਪਰਾਧੀਓ	1	1	1	1	ISA 46:8
ਅਪਰਾਲਾ	1	1	1	0	2CH 29:34
ਅਪਰੋਖੇ	1	1	1	0	NUM 5:13
ਅਪਵਿੱਤਰ	21	21	4	19	LEV 5:2
ਅਪਵਿੱਤਰਤਾਈ	1	1	1	0	LEV 7:21
ਅਪਵਿੱਤ੍ਰ	2	2	1	0	1SA 20:26
ਅਪਿਕੂਰੀ	1	1	1	1	ACT 17:18
ਅਪਿੱਲੇਸ	1	1	1	1	ROM 16:10
ਅਪੁਲੋਸ	7	7	2	0	1CO 3:4
ਅਪੁੱਠੀ	1	1	1	0	LEV 18:23
ਅਪੁੱਲੁਓਨ	1	1	1	1	REV 9:11
ਅਪੁੱਲੋਸ	3	3	2	8	ACT 18:24
ਅਪ੍ਵੇ	1	1	1	0	JOB 4:18
ਅਪੜਾ	3	3	3	0	1SA 5:1
ਅਪੜਾਇਆ	1	1	1	0	PSA 78:54
ਅਪੜਾਏਂਗਾ	1	1	1	0	JOB 18:14
ਅਪੜਾਵਾਂਗਾ	1	1	1	0	1SA 30:15
ਅਪੜਿਆ	1	1	1	0	2SA 17:27
ਅਪੜੇ	2	2	1	0	JER 41:7
ਅਪੜੇਗਾ	1	1	1	1	JER 25:31
ਅਫਰਈਮ	6	6	2	0	2CH 30:1
ਅਫਰਈਮੀਆਂ	2	2	2	0	1CH 9:3
ਅਫਰਸਕਾਈ	2	2	1	2	EZR 5:6
ਅਫਰਾ	1	1	1	0	LAM 3:15
ਅਫਰਾਇਮੀ	1	1	1	0	NEH 12:39
ਅਫਰਾਈਮ	24	24	10	0	DEU 33:17
ਅਫਰਾਈਮੀ	1	1	1	0	NEH 8:16
ਅਫਰਾਈਮੀਆਂ	1	1	1	0	1CH 27:20
ਅਫਰਾਤ	2	2	1	0	GEN 48:7
ਅਫਰਾਥ	3	3	2	5	GEN 35:16
ਅਫਰਾਥਾਹ	4	4	2	6	1CH 2:24
ਅਫਰਾਥੀ	1	1	1	2	1SA 17:12
ਅਫਰਾਹ	2	2	2	0	JOS 18:23
ਅਫਰੋਨ	14	14	3	2	GEN 23:8
ਅਫਲ	2	2	2	0	MAL 3:11
ਅਫਸਰ	2	2	2	0	1KI 9:22
ਅਫਸਰਾਂ	2	2	1	0	2CH 8:9
ਅਫਸੋਸ	12	12	4	0	1SA 15:35
ਅਫ਼ਜ਼ਾਈ	1	1	1	0	1TH 5:14
ਅਫ਼ਰਈਮ	14	14	2	0	NUM 1:10
ਅਫ਼ਰਈਮੀਆਂ	2	2	1	0	NUM 10:22
ਅਫ਼ਰਸਥਕਾਯੀ	1	1	1	1	EZR 4:9
ਅਫ਼ਰਸਾਈ	1	1	1	0	EZR 4:9
ਅਫ਼ਰਾਈਮ	57	57	5	0	DEU 34:2
ਅਫ਼ਰਾਈਮੀਆਂ	2	2	1	0	JOS 16:10
ਅਫ਼ਰਾਥਾਹ	1	1	1	0	MIC 5:2
ਅਫ਼ਲਾਲ	2	2	1	2	1CH 2:37
ਅਫ਼ਸਦੰਮੀਮ	1	1	1	0	1SA 17:1
ਅਫ਼ਸਰ	4	4	3	6	EXO 14:7
ਅਫ਼ਸੀ	2	2	1	2	ACT 19:35
ਅਫ਼ਸੀਆਂ	7	7	2	15	ACT 19:28
ਅਫ਼ਸੁਸ	15	15	6	33	ACT 18:19
ਅਫ਼ਸੋਸ	7	7	4	29	AMO 6:6
ਅਫ਼ੀਕ	1	1	1	1	JDG 1:31
ਅਫ਼ੇਕ	1	1	1	0	1SA 4:1
ਅਫ਼ੋਕ	1	1	1	0	JOS 12:18
ਅਫ਼ੱਲ	1	1	1	0	EPH 5:11
ਅਫੀਬੋਸ਼ਥ	3	3	1	0	2SA 19:25
ਅਫੇਕ	5	5	4	8	JOS 19:30
ਅਫੇਕਾਹ	2	2	1	1	JOS 13:4
ਅਫੱਲ	2	2	2	0	MAT 13:22
ਅਬਗਥਾ	1	1	1	1	EST 1:10
ਅਬਦ	6	6	2	6	JDG 9:26
ਅਬਦ-ਨਗੋ	12	12	1	0	DAN 2:49
ਅਬਦ-ਮਲਕ	6	6	1	7	JER 38:7
ਅਬਦਏਲ	2	2	1	2	JER 36:26
ਅਬਦਾ	2	2	2	2	1KI 4:6
ਅਬਦੀ	3	3	3	4	1CH 6:44
ਅਬਦੀਏਲ	1	1	1	1	1CH 5:15
ਅਬਦੋਨ	8	8	4	9	JOS 21:30
ਅਬਨ	1	1	1	0	1SA 5:1
ਅਬਨਅਜ਼ਰ	2	2	1	0	1SA 4:1
ਅਬਨਾਸ	1	1	1	0	2TI 1:10
ਅਬਨਾਸ਼	1	1	1	0	ROM 2:7
ਅਬਨਾਸ਼ੀ	2	2	2	0	ROM 1:23
ਅਬਨਾਸੀ	1	1	1	0	1TI 1:17
ਅਬਨੇਰ	55	55	4	64	1SA 17:55
ਅਬਯਾਥਾਰ	29	29	5	31	1SA 22:20
ਅਬਯਾਸਾਫ	2	2	1	3	1CH 6:37
ਅਬਯਾਸਾਫ਼	1	1	1	0	1CH 6:23
ਅਬਰ	1	1	1	0	DAN 12:3
ਅਬਰਾਮ	61	61	3	73	GEN 11:26
ਅਬਰਾਹਮ	4	4	4	5	NEH 9:7
ਅਬਰਾਹਾਮ	249	249	24	263	GEN 17:5
ਅਬਰੋਨ	1	1	1	1	JOS 19:28
ਅਬਰੋਨਾਹ	2	2	1	2	NUM 33:34
ਅਬਸ਼ਈ	2	2	1	0	1CH 11:20
ਅਬਸ਼ਲੋਮ	3	3	1	0	2SA 13:20
ਅਬਸ਼ਾਈ	1	1	1	0	1CH 19:11
ਅਬਸ਼ਾਲੋਮ	104	104	3	117	2SA 3:3
ਅਬਾਦ	3	3	3	4	ISA 13:20
ਅਬਾਦੀ	2	2	2	2	JOB 28:4
ਅਬਾਨਾਹ	1	1	1	1	2KI 5:12
ਅਬਾਬੀਲ	2	2	2	2	ISA 38:14
ਅਬਾਰੀਮ	6	6	3	5	NUM 21:11
ਅਬਾਸ਼ਲੋਮ	1	1	1	0	1CH 3:2
ਅਬਿਮਲਕ	1	1	1	0	1CH 18:16
ਅਬਿਯਾਥਾਰ	2	2	2	0	2SA 20:25
ਅਬਿਯਾਹ	1	1	1	30	1CH 2:24
ਅਬਿਲੇਨੇ	1	1	1	1	LUK 3:1
ਅਬਿਸ਼ਈ	1	1	1	0	1CH 18:12
ਅਬਿਹਾਯਿਲ	1	1	1	0	NUM 3:35
ਅਬੀ	4	4	3	0	JOS 17:2
ਅਬੀ-ਅਜਰੀ	1	1	1	0	JDG 6:11
ਅਬੀ-ਅਜ਼ਰ	1	1	1	0	JDG 6:34
ਅਬੀ-ਅਜ਼ਰੀਆਂ	1	1	1	2	JDG 6:24
ਅਬੀ-ਅਲਬੋਨ	1	1	1	0	2SA 23:31
ਅਬੀਅਜ਼ਰ	4	4	2	7	2SA 23:27
ਅਬੀਆਸਾਫ਼	1	1	1	1	EXO 6:24
ਅਬੀਏਲ	3	3	2	3	1SA 9:1
ਅਬੀਗੈਲ	17	17	3	18	1SA 25:3
ਅਬੀਟਾਲ	2	2	2	2	2SA 3:4
ਅਬੀਟੂਥ	1	1	1	0	1CH 8:11
ਅਬੀਦਾ	2	2	2	2	GEN 25:4
ਅਬੀਦਾਨ	5	5	1	5	NUM 1:11
ਅਬੀਨਾਦਾਬ	13	13	4	13	1SA 7:1
ਅਬੀਨੇਰ	8	8	1	2	1SA 14:50
ਅਬੀਨੋਅਮ	4	4	1	4	JDG 4:6
ਅਬੀਬ	6	6	2	6	EXO 13:4
ਅਬੀਮਲਕ	64	64	3	71	GEN 20:2
ਅਬੀਮਾਏਲ	2	2	2	2	GEN 10:28
ਅਬੀਯਾਮ	5	5	1	3	1KI 14:31
ਅਬੀਯਾਹ	26	26	6	3	1KI 14:1
ਅਬੀਰਾਮ	11	11	4	12	NUM 16:1
ਅਬੀਸ਼ਈ	19	19	2	25	1SA 26:6
ਅਬੀਸ਼ਗ	5	5	1	5	1KI 1:3
ਅਬੀਸ਼ਾਲੋਮ	2	2	1	2	1KI 15:2
ਅਬੀਸ਼ੂਆ	5	5	2	5	1CH 6:4
ਅਬੀਸ਼ੂਰ	2	2	1	2	1CH 2:28
ਅਬੀਹਇਲ	1	1	1	0	2CH 11:18
ਅਬੀਹਯਿਲ	3	3	2	0	1CH 5:14
ਅਬੀਹੁ	3	3	2	0	NUM 26:60
ਅਬੀਹੂ	9	9	4	13	EXO 6:23
ਅਬੀਹੂਦ	3	3	2	3	1CH 8:3
ਅਬੀਹੈਲ	1	1	1	6	1CH 2:29
ਅਬੇਦ-ਨਗੋ	2	2	1	0	DAN 3:14
ਅਬੇਦਨਗੋ	1	1	1	16	DAN 1:7
ਅਬੇਲ	3	3	3	4	JDG 7:22
ਅਬੱਦੋਨ	1	1	1	1	REV 9:11
ਅਭਗਤੀ	2	2	2	3	ROM 11:26
ਅਭਮਾਨ	42	42	7	9	ISA 61:6
ਅਭਮਾਨੀ	3	3	3	3	PRO 21:24
ਅਭਮਾਨੀਆਂ	1	1	1	0	ISA 13:3
ਅਭਲਾਖੀ	1	1	1	0	2CH 25:15
ਅਭਿਆਸ	1	1	1	6	HEB 5:14
ਅਭਿਮਾਨ	3	3	1	0	1CO 1:31
ਅਭਿਮਾਨੀ	4	4	1	0	1CO 1:31
ਅਭਿਮਾਨੀਆਂ	1	1	1	1	ZEP 3:11
ਅਭਿਲਾਸ਼ੀ	1	1	1	1	JER 19:7
ਅਮਨ	19	19	11	12	DEU 12:10
ਅਮਨੋਣ	3	3	1	0	2SA 13:10
ਅਮਨੋਨ	27	27	2	31	2SA 3:2
ਅਮਫ਼ਿਪੁਲਿਸ	1	1	1	1	ACT 17:1
ਅਮਰ	4	4	3	0	JHN 12:25
ਅਮਰਤਾ	1	1	1	5	1CO 15:54
ਅਮਰਤਾਈ	1	1	1	0	1TI 6:16
ਅਮਰਦਯਾਹ	1	1	1	0	NEH 12:2
ਅਮਰਯਾਹ	14	14	5	17	1CH 6:7
ਅਮਰਾਫਲ	2	2	1	0	GEN 14:1
ਅਮਰਾਮ	13	13	3	14	EXO 6:18
ਅਮਰਾਮੀਆਂ	2	2	2	2	NUM 3:27
ਅਮਲ	29	29	9	21	JDG 13:4
ਅਮਲਾਂ	5	5	2	3	1CO 3:19
ਅਮਲੇਕ	2	2	2	0	1CH 18:11
ਅਮਲੇਕੀਆਂ	1	1	1	0	1CH 4:43
ਅਮਸਯਾਹ	40	40	4	45	2KI 12:21
ਅਮਸ਼ਸਈ	1	1	1	1	NEH 11:13
ਅਮਸੀ	2	2	2	2	1CH 6:46
ਅਮਾਦ	1	1	1	1	JOS 19:26
ਅਮਾਨ	1	1	1	0	LEV 6:4
ਅਮਾਨਤ	3	3	2	3	1TI 6:20
ਅਮਾਨਾਹ	1	1	1	1	SNG 4:8
ਅਮਾਮ	1	1	1	1	JOS 15:26
ਅਮਾਮਾ	10	10	5	4	EXO 28:4
ਅਮਾਮੇ	8	8	4	4	EXO 28:37
ਅਮਾਲੇਕ	19	19	6	22	GEN 36:12
ਅਮਾਲੇਕੀ	11	11	4	11	NUM 13:29
ਅਮਾਲੇਕੀਆਂ	17	17	5	21	GEN 14:7
ਅਮਾਸਈ	5	5	2	5	1CH 6:25
ਅਮਾਸਾ	10	10	4	17	2SA 17:25
ਅਮਿਟ	1	1	1	0	JOB 6:10
ਅਮਿਨਦਾਬ	2	2	1	0	RUT 4:19
ਅਮਿੱਤਈ	2	2	2	2	2KI 14:25
ਅਮੀਨ	3	3	1	0	NEH 5:13
ਅਮੀਨਾਦਾਬ	1	1	1	0	EXO 6:23
ਅਮੀਰ	11	11	4	3	LUK 19:12
ਅਮੀਰਾਂ	3	3	3	3	EZR 10:6
ਅਮੀਰੀ	2	2	2	1	EST 5:11
ਅਮੀਹੂਰ	1	1	1	0	2SA 13:37
ਅਮੁਰਾਹ	1	1	1	0	JUD 1:7
ਅਮੂਰਾਹ	22	22	9	25	GEN 10:19
ਅਮੂਰੀ	2	2	1	0	EZK 16:3
ਅਮੋਨ	2	2	2	1	2CH 33:22
ਅਮੋਨੀਆਂ	1	1	1	3	DAN 11:41
ਅਮੋਰੀ	13	13	7	16	GEN 10:16
ਅਮੋਰੀਆਂ	70	70	15	74	GEN 14:7
ਅਮੋਲਕ	1	1	1	1	ISA 28:16
ਅਮੋਸ	1	1	1	0	2CH 32:32
ਅਮ੍ਰਿਤ	8	8	4	0	PSA 46:5
ਅਮੱਸਿਆ	3	3	3	12	PSA 81:3
ਅਮੱਸਿਆਂ	6	6	4	0	1CH 23:31
ਅਯਾਲ	1	1	1	1	JOB 39:19
ਅਯਾਲੀ	42	42	19	45	GEN 46:32
ਅਯਾਲੀਆਂ	14	14	8	11	GEN 46:34
ਅਯਾਲੋਨ	3	3	3	0	JOS 19:42
ਅਯਿਨ	1	1	1	0	JOS 15:32
ਅਯੂਬ	1	1	1	1	JAS 5:11
ਅਯੂੱਬ	41	41	2	0	JOB 16:1
ਅਯੋਗ	3	3	3	5	EZK 22:13
ਅਰ	5435	5435	50	0	GEN 1:18
ਅਰਏਲੀ	2	2	2	2	GEN 46:16
ਅਰਏਲੀਆਂ	1	1	1	1	NUM 26:17
ਅਰਕ	1	1	1	1	GEN 10:10
ਅਰਕਵਾਯੀ	1	1	1	0	EZR 4:9
ਅਰਕਾਂ	2	2	1	0	EZK 13:18
ਅਰਕਿਲਾਊਸ	1	1	1	1	MAT 2:22
ਅਰਕੀ	7	7	3	7	GEN 10:17
ਅਰਕੀਆਂ	1	1	1	1	JOS 16:2
ਅਰਖਿੱਪੁਸ	2	2	2	4	COL 4:17
ਅਰਗਵਾਨੀ	3	3	2	0	SNG 3:10
ਅਰਗੋਬ	5	5	3	5	DEU 3:4
ਅਰਘ	1	1	1	1	2TI 4:6
ਅਰਘੇ	1	1	1	0	NUM 4:7
ਅਰਜ	1	1	1	0	MAT 20:20
ਅਰਜ਼	28	28	7	9	1SA 25:35
ਅਰਜੋਈ	8	8	4	1	1SA 1:17
ਅਰਜੋਈਆਂ	6	6	2	2	JOB 41:3
ਅਰਤਰਸ਼ਸ਼ਤਾ	1	1	1	0	EZR 4:23
ਅਰਤਹਸ਼ਸ਼ਤਾ	12	12	2	17	EZR 4:7
ਅਰਤਿਮਾਸ	1	1	1	0	TIT 3:12
ਅਰਤਿਮਿਸ	5	5	1	6	ACT 19:24
ਅਰਥ	90	90	17	125	GEN 40:5
ਅਰਥਹੀਣ	2	2	2	0	1CO 15:14
ਅਰਥਾਤ	701	701	41	823	GEN 6:10
ਅਰਥਾਥ	39	39	5	0	RUT 2:20
ਅਰਥੀ	1	1	1	2	2SA 3:31
ਅਰਦ	2	2	1	3	NUM 26:40
ਅਰਦਾਸ	45	45	17	16	JDG 6:39
ਅਰਦਾਸਾਂ	4	4	4	4	PSA 86:6
ਅਰਦੀਆਂ	1	1	1	1	NUM 26:40
ਅਰਨਵਾਹ	1	1	1	0	2SA 24:21
ਅਰਨਾਨ	1	1	1	1	1CH 3:21
ਅਰਨੀ	1	1	1	1	LUK 3:33
ਅਰਨੋਨ	23	23	7	25	NUM 21:13
ਅਰਪਕਸਦ	2	2	1	9	1CH 1:17
ਅਰਪਕਸ਼ਦ	6	6	1	0	GEN 10:22
ਅਰਪਕਸ਼ਾਦ	1	1	1	1	LUK 3:36
ਅਰਪਣ	24	24	14	42	EXO 32:29
ਅਰਪਦ	1	1	1	0	ISA 10:9
ਅਰਪਨ	6	6	4	0	NUM 6:2
ਅਰਪਾਦ	5	5	3	6	2KI 18:34
ਅਰਪਿਤ	2	2	1	0	1CO 7:5
ਅਰਪੇ	6	6	1	0	LEV 27:14
ਅਰਬ	9	9	6	10	1KI 10:15
ਅਰਬਾ	6	6	2	2	GEN 23:2
ਅਰਬਾਥੀ	2	2	2	2	2SA 23:31
ਅਰਬਾਹ	1	1	1	0	JOS 15:6
ਅਰਬੀ	6	6	5	6	2SA 23:35
ਅਰਬੀਆਂ	4	4	2	4	2CH 21:16
ਅਰਬੇਲ	1	1	1	0	HOS 10:14
ਅਰਮਯਾਹ	1	1	1	0	EZR 7:3
ਅਰਮਾਨ	6	6	3	0	1KI 5:4
ਅਰਮੇਸ਼ੁਰ	1	1	1	0	1CO 10:13
ਅਰਮੋਨ	1	1	1	1	EZK 31:8
ਅਰਮੋਨੀ	1	1	1	1	2SA 21:8
ਅਰਯਾਹ	1	1	1	0	1CH 4:42
ਅਰਯੇਹ	1	1	1	1	2KI 15:25
ਅਰਯੋਕ	2	2	1	7	GEN 14:1
ਅਰਲ	11	11	5	10	DEU 33:25
ਅਰਲਾਂ	13	13	11	10	DEU 3:5
ਅਰਵਦ	2	2	1	2	EZK 27:8
ਅਰਵਨਾਹ	7	7	1	9	2SA 24:18
ਅਰਵਾਦੀ	2	2	2	2	GEN 10:18
ਅਰਵਾਨਾਹ	1	1	1	0	2SA 24:16
ਅਰਸ਼ਹਸ਼ਸ਼ਤਾ	1	1	1	0	EZR 4:8
ਅਰਸਾ	1	1	1	1	1KI 16:9
ਅਰਸੇ	2	2	2	0	1CO 7:5
ਅਰਹਸ਼ਸ਼ਤਾ	1	1	1	0	EZR 8:1
ਅਰਾ	1	1	1	1	1CH 7:38
ਅਰਾਂ	1	1	1	1	1KI 7:33
ਅਰਾਜਕਤਾ	1	1	1	0	1CO 14:33
ਅਰਾਦ	4	4	3	5	NUM 21:1
ਅਰਾਨ	2	2	2	2	GEN 36:28
ਅਰਾਬ	1	1	1	1	JOS 15:52
ਅਰਾਬਾਹ	20	20	7	22	DEU 1:1
ਅਰਾਮ	158	158	28	173	GEN 10:22
ਅਰਾਮਮਾਕਾਹ	1	1	1	0	1CH 19:6
ਅਰਾਮੀ	27	27	10	36	GEN 25:20
ਅਰਾਮੀਆਂ	44	44	7	49	2SA 8:5
ਅਰਾਰਾਤ	3	3	3	4	2KI 19:37
ਅਰਾਰੀ	1	1	1	1	2SA 23:33
ਅਰਾਹ	2	2	2	0	EZR 2:5
ਅਰਿਤਾਸ	1	1	1	1	2CO 11:32
ਅਰਿਦੋਨ	1	1	1	1	1CH 2:18
ਅਰਿਮਥੇਆ	2	2	2	4	LUK 23:51
ਅਰਿਮਥੈਆ	1	1	1	0	MAT 27:57
ਅਰਿਮਥੈਯਾ	1	1	1	0	MRK 15:43
ਅਰਿਯੁਪਗੀ	1	1	1	1	ACT 17:34
ਅਰਿਯੁਪਗੁਸ	2	2	1	3	ACT 17:19
ਅਰਿਸਤਰਖੁਸ	5	5	3	5	ACT 19:29
ਅਰਿਸਤੁਬੂਲੁਸ	1	1	1	1	ROM 16:10
ਅਰੀਏਲ	4	4	2	4	EZR 8:16
ਅਰੀਟੂਬ	1	1	1	0	NEH 11:11
ਅਰੀਦਈ	1	1	1	1	EST 9:9
ਅਰੀਦਾਥਾ	1	1	1	1	EST 9:8
ਅਰੀਮ	1	1	1	0	ACT 2:17
ਅਰੀਯਾਹ	1	1	1	0	NEH 10:26
ਅਰੀਸਈ	1	1	1	1	EST 9:9
ਅਰੁਬੋਥ	1	1	1	1	1KI 4:10
ਅਰੂਮਾਹ	1	1	1	1	JDG 9:41
ਅਰੇ	28	28	13	0	GEN 7:4
ਅਰੋਏਰ	15	15	9	16	NUM 32:34
ਅਰੋਏਰੀ	1	1	1	1	1CH 11:44
ਅਰੋਏਰੇ	1	1	1	0	2SA 24:5
ਅਰੋਗਤਾ	1	1	1	1	JER 14:19
ਅਰੋਦ	1	1	1	1	NUM 26:17
ਅਰੋਦੀ	1	1	1	1	GEN 46:16
ਅਰੋਦੀਆਂ	1	1	1	1	NUM 26:17
ਅਰ੍ਯੋਕ	5	5	1	0	DAN 2:14
ਅਰੰਭ	30	30	21	29	GEN 2:4
ਅਲਆਜ਼ਰ	9	9	2	0	1CH 24:1
ਅਲਆਜ਼ਾਰ	51	51	7	72	NUM 3:2
ਅਲਆਜਾਰ	6	6	2	0	EXO 6:23
ਅਲਆਦ	1	1	1	1	1CH 7:21
ਅਲਆਦਾਹ	1	1	1	1	1CH 7:20
ਅਲਆਲੇ	1	1	1	0	NUM 32:37
ਅਲਆਲੇਹ	1	1	1	0	JER 48:34
ਅਲਆਸਾਹ	3	3	3	0	1CH 9:43
ਅਲਊਜ਼ਈ	1	1	1	1	1CH 12:5
ਅਲਕਾਨਾਹ	20	20	4	22	EXO 6:24
ਅਲਕੋਸ਼ੀ	1	1	1	2	NAM 1:1
ਅਲਜ਼ਾਬਾਦ	2	2	1	2	1CH 12:12
ਅਲਤਕੇ	1	1	1	0	JOS 21:23
ਅਲਤਕੇਹ	1	1	1	2	JOS 19:44
ਅਲਤਕੋਨ	1	1	1	1	JOS 15:59
ਅਲਤੋਲਦ	2	2	1	2	JOS 15:30
ਅਲਦਾਆ	1	1	1	0	GEN 25:4
ਅਲਦਾਆਹ	1	1	1	0	1CH 1:33
ਅਲਦਾਦ	2	2	1	2	NUM 11:26
ਅਲਨਅਮ	1	1	1	0	1CH 11:46
ਅਲਨਾਥਨ	3	3	1	0	EZR 8:16
ਅਲਨਾਥਾਨ	4	4	2	7	2KI 24:8
ਅਲਪਾਅਲ	3	3	1	3	1CH 8:11
ਅਲਪਾਲਟ	1	1	1	1	1CH 14:5
ਅਲਫ	1	1	1	1	JOS 18:28
ਅਲਫਾ	3	3	1	3	REV 1:8
ਅਲਮਸ	1	1	1	0	ZEC 7:12
ਅਲਮੋਦਾਦ	2	2	2	2	GEN 10:26
ਅਲਮੋਦਾਮ	1	1	1	1	LUK 3:28
ਅਲਮੋਨ	1	1	1	1	JOS 21:18
ਅਲਮੋਨ-ਦਿਬਲਾਤੈਮਾਹ	2	2	1	2	NUM 33:46
ਅਲਮੰਲਕ	1	1	1	1	JOS 19:26
ਅਲਯਹਬਾ	2	2	2	2	2SA 23:32
ਅਲਯਹੋਏਨਈ	1	1	1	2	1CH 26:3
ਅਲਯਾਕੀਮ	15	15	6	15	2KI 18:18
ਅਲਯਾਦਾ	5	5	4	4	2SA 5:15
ਅਲਯਾਨ	1	1	1	0	1CH 1:40
ਅਲਯਾਬ	1	1	1	0	1CH 12:9
ਅਲਯਾਸ਼ੀਬ	15	15	3	16	1CH 3:24
ਅਲਯਾਸਾਫ਼	7	7	1	6	NUM 1:14
ਅਲਯਾਸੀਬ	2	2	1	0	EZR 10:6
ਅਲਯਾਹ	1	1	1	0	1CH 1:51
ਅਲਯੋਏਨਈ	5	5	2	7	1CH 3:23
ਅਲਯੋਏਨੀ	1	1	1	0	NEH 12:41
ਅਲਯੋਹੇਨਈ	1	1	1	0	EZR 8:4
ਅਲਵਾਨ	1	1	1	2	GEN 36:23
ਅਲਵਾਹ	1	1	1	2	GEN 36:40
ਅਲਸ਼ੀਸ਼ਾ	1	1	1	0	2SA 5:16
ਅਲਸਾਫਾਨ	1	1	1	2	EXO 6:22
ਅਲਸੀ	2	2	1	2	EXO 9:31
ਅਲਹਨਾਨ	2	2	2	4	2SA 21:19
ਅਲਹਾਨਾਨ	2	2	2	0	2SA 23:24
ਅਲਾਆਜਰ	1	1	1	0	1CH 6:3
ਅਲਾਆਜ਼ਰ	1	1	1	0	1CH 23:22
ਅਲਾਆਜ਼ਾਰ	4	4	2	0	2SA 23:9
ਅਲਾਕਾਨਾਹ	1	1	1	0	1SA 2:11
ਅਲਾਜ਼ਾਰ	2	2	1	2	MAT 1:15
ਅਲਾਟ	1	1	1	0	JOS 13:6
ਅਲਾਮੋਥ	1	1	1	2	1CH 15:20
ਅਲਾਲੇਹ	3	3	2	5	NUM 32:3
ਅਲਾਵਾ	1	1	1	0	1CO 2:2
ਅਲਾਸਾਹ	3	3	1	6	1CH 2:39
ਅਲਿਓਂ	3	3	2	0	NUM 16:24
ਅਲੀ	1	1	1	0	1KI 4:3
ਅਲੀਅਜਰ	1	1	1	0	1CH 26:25
ਅਲੀਅਜ਼ਰ	12	12	5	15	GEN 15:2
ਅਲੀਆਥਾਰ	1	1	1	0	1CH 25:4
ਅਲੀਆਬ	20	20	5	21	NUM 1:9
ਅਲੀਆਮ	2	2	1	2	2SA 11:3
ਅਲੀਏਨਈ	1	1	1	1	1CH 8:20
ਅਲੀਏਲ	9	9	1	10	1CH 5:24
ਅਲੀਕਾ	1	1	1	1	2SA 23:25
ਅਲੀਦਾਦ	1	1	1	1	NUM 34:21
ਅਲੀਫਜ਼	2	2	1	0	JOB 4:1
ਅਲੀਫਲਟ	4	4	3	0	2SA 23:34
ਅਲੀਫਲੇਹੂ	2	2	1	2	1CH 15:18
ਅਲੀਫ਼ਜ਼	4	4	1	6	JOB 2:11
ਅਲੀਫਾਜ਼	9	9	2	16	GEN 36:4
ਅਲੀਫਾਲ	1	1	1	1	1CH 11:35
ਅਲੀਫਾਲਟ	3	3	2	0	2SA 5:16
ਅਲੀਮਲਕ	5	5	1	7	RUT 1:2
ਅਲੀਮਲੇਕ	1	1	1	0	RUT 2:1
ਅਲੀਯਾਥਾਹ	1	1	1	1	1CH 25:27
ਅਲੀਸਬਾ	1	1	1	1	EXO 6:23
ਅਲੀਸ਼ਮਾ	1	1	1	0	2SA 5:15
ਅਲੀਸ਼ਾ	56	56	2	70	2KI 2:1
ਅਲੀਸ਼ਾਫਾਟ	1	1	1	1	2CH 23:1
ਅਲੀਸ਼ਾਮਾ	14	14	5	17	NUM 1:10
ਅਲੀਸ਼ਾਹ	2	2	2	3	1CH 1:7
ਅਲੀਸ਼ੂਆ	1	1	1	2	1CH 14:5
ਅਲੀਸਾਫ਼ਾਨ	2	2	1	3	NUM 3:30
ਅਲੀਸਾਫਾਨ	1	1	1	0	1CH 15:8
ਅਲੀਸਾਫਾਨੀਆਂ	1	1	1	0	2CH 29:13
ਅਲੀਸਾਮਾ	1	1	1	0	1CH 3:8
ਅਲੀਸਾਹ	1	1	1	0	GEN 10:4
ਅਲੀਸੂਰ	5	5	1	5	NUM 1:5
ਅਲੀਹੂ	11	11	3	16	1SA 1:1
ਅਲੀਹੂਦ	2	2	1	2	MAT 1:14
ਅਲੂਲ	1	1	1	1	NEH 6:15
ਅਲੋਪ	15	15	11	12	GEN 5:24
ਅਲੱਖ	3	3	3	0	COL 1:15
ਅਲੱਗ	11	11	6	108	PSA 55:11
ਅਵਗਿਆ	5	5	5	0	1CO 16:11
ਅਵਗਿਆਕਾਰੀ	2	2	2	0	JAS 2:10
ਅਵਨਾਸੀ	1	1	1	0	HEB 7:16
ਅਵਸਥਾ	11	11	7	4	GEN 37:3
ਅਵਸਰ	2	2	1	0	1CO 7:5
ਅਵਸ਼	13	13	4	0	2SA 14:16
ਅਵਾਂਗਾ	1	1	1	0	MAL 3:5
ਅਵਾਈ	11	11	6	2	2KI 19:7
ਅਵਾਈਆਂ	4	4	3	2	JER 49:23
ਅਵਾਜ	8	8	4	0	JOB 21:12
ਅਵਾਜ਼	419	419	41	497	GEN 3:8
ਅਵਾਜ਼ਾਂ	5	5	1	8	REV 4:5
ਅਵਾਜਾਂ	1	1	1	0	LUK 23:23
ਅਵਾਰਾ	10	10	6	10	GEN 27:40
ਅਵਿਥ	1	1	1	0	1CH 1:46
ਅਵਿਨਾਸ਼ਸ਼ੀਲਤਾ	1	1	1	0	1CO 15:54
ਅਵਿਨਾਸ਼ੀ	1	1	1	8	1CO 15:53
ਅਵਿਰਥਾ	6	6	4	3	PSA 33:10
ਅਵਿਰਥੀਆਂ	1	1	1	0	PSA 94:11
ਅਵੀਤ	1	1	1	2	GEN 36:35
ਅਵੀਲ	1	1	1	0	2KI 25:27
ਅਵੀਲ-ਮਰੋਦਕ	1	1	1	2	JER 52:31
ਅਵੇਰ	1	1	1	0	PSA 127:2
ਅਵੱਲੀਆਂ	1	1	1	0	NUM 11:1
ਅਵੱਸ਼	6	6	4	0	1SA 14:44
ਅਸ	1	1	1	0	1JN 3:3
ਅਸਕਲੋਨ	1	1	1	0	JDG 1:18
ਅਸਕਲੋਨੀਆਂ	1	1	1	0	JOS 13:3
ਅਸਚਰਜ	6	6	3	0	1CH 16:9
ਅਸਚਰਜਤਾ	1	1	1	0	EZK 23:33
ਅਸਤ	1	1	1	1	MIC 3:6
ਅਸਤਣ	1	1	1	0	DAN 6:14
ਅਸਤਮੋਆ	1	1	1	0	1CH 6:57
ਅਸਤਰ	58	58	1	72	EST 0:0
ਅਸਤਰੋਥ	1	1	1	0	GEN 14:5
ਅਸਤਾਉਲੀ	1	1	1	0	1CH 2:53
ਅਸਥਰ	1	1	1	0	EXO 15:17
ਅਸਥਾਨ	318	318	30	6	GEN 28:16
ਅਸਥਾਨਾ	1	1	1	0	2CH 14:3
ਅਸਥਾਨਾਂ	29	29	13	0	GEN 36:40
ਅਸਥਾਨੋ	1	1	1	0	ISA 44:23
ਅਸਥਾਨੋਂ	2	2	2	0	2CH 5:11
ਅਸਥਾਪਦਾ	1	1	1	0	DAN 2:21
ਅਸਥਾਪਨ	1	1	1	0	1CH 28:4
ਅਸਥਿਰ	4	4	2	0	NUM 24:21
ਅਸਨਾਹ	2	2	2	1	JOS 15:33
ਅਸਪਨਜ਼	1	1	1	2	DAN 1:3
ਅਸਪਾਤ	1	1	1	0	NAM 2:3
ਅਸਫ਼ਲ	3	3	2	7	1CO 6:7
ਅਸਬਾਬ	8	8	6	0	GEN 31:37
ਅਸਬੋਨ	2	2	2	2	GEN 46:16
ਅਸਭਿਅ	1	1	1	0	1PE 4:4
ਅਸਮ	1	1	1	0	1CH 4:29
ਅਸਮਾਨ	5	5	3	1	2KI 7:2
ਅਸਮਾਨੀ	1	1	1	1	ISA 24:21
ਅਸਮਾਨੋਂ	1	1	1	0	DAN 4:26
ਅਸਮੋਨ	3	3	2	3	NUM 34:4
ਅਸਯੋਨ	4	4	3	0	DEU 2:8
ਅਸਯੋਨ-ਗਬਰ	2	2	1	7	NUM 33:35
ਅਸਰ	7	7	5	5	JOB 6:25
ਅਸਰੀਏਲ	3	3	3	3	NUM 26:31
ਅਸਰੀਏਲੀਆਂ	1	1	1	1	NUM 26:31
ਅਸਰੇਲ	1	1	1	1	1CH 4:16
ਅਸਲ	20	20	9	21	JHN 1:9
ਅਸਲਯਾਹ	2	2	2	2	2KI 22:3
ਅਸਲੀ	12	12	7	9	JOB 26:3
ਅਸਲੀਅਤ	1	1	1	1	DAN 7:16
ਅਸਵਾਰ	31	31	14	5	GEN 49:17
ਅਸਵਾਰਾਂ	9	9	4	0	1CH 19:6
ਅਸਵਾਰੀ	4	4	3	0	EZK 27:14
ਅਸਵਾਰੋ	1	1	1	1	JER 46:4
ਅਸ਼ਕਨਜ	1	1	1	0	JER 51:27
ਅਸ਼ਕਨਜ਼	2	2	2	3	GEN 10:3
ਅਸ਼ਕਲੋਨ	11	11	7	12	JDG 14:19
ਅਸ਼ਕੋਲ	6	6	3	6	GEN 14:13
ਅਸ਼ਤਮੋਆ	3	3	2	5	JOS 21:14
ਅਸ਼ਤਮੋਹ	1	1	1	1	JOS 15:50
ਅਸ਼ਤਾਓਲ	7	7	2	7	JOS 15:33
ਅਸ਼ਤਾਰਾਥੀ	1	1	1	1	1CH 11:44
ਅਸ਼ਤਾਰੋਥ	14	14	7	14	DEU 1:4
ਅਸ਼ਤਾਰੋਥਾਂ	1	1	1	1	JDG 10:6
ਅਸ਼ਤੋਨ	2	2	1	2	1CH 4:11
ਅਸ਼ਦੋਦ	16	16	8	15	JOS 11:22
ਅਸ਼ਦੋਦੀ	2	2	1	3	NEH 13:23
ਅਸ਼ਦੋਦੀਆਂ	4	4	3	4	JOS 13:3
ਅਸ਼ਨਾਨ	7	7	4	2	EXO 2:5
ਅਸ਼ਨਾਨਾਂ	2	2	1	0	HEB 6:2
ਅਸ਼ਨਾਹ	1	1	1	2	JOS 15:43
ਅਸ਼ਬਅਲ	1	1	1	2	1CH 8:33
ਅਸ਼ਬਆਲ	1	1	1	0	1CH 9:39
ਅਸ਼ਬਾਨ	1	1	1	2	1CH 1:41
ਅਸ਼ਬੇਆ	1	1	1	1	1CH 4:21
ਅਸ਼ਬੇਲ	3	3	3	3	GEN 46:21
ਅਸ਼ਬੇਲੀਆਂ	1	1	1	1	NUM 26:38
ਅਸ਼ਮਾਹ	1	1	1	1	AMO 8:14
ਅਸ਼ਰਫ਼ੀ	4	4	1	4	LUK 19:16
ਅਸ਼ਰਫ਼ੀਆਂ	5	5	1	6	LUK 19:13
ਅਸ਼ਰੀਮ	1	1	1	0	MIC 5:14
ਅਸ਼ਰੇਲਾਹ	1	1	1	1	1CH 25:2
ਅਸ਼ਵਥ	1	1	1	1	1CH 7:33
ਅਸ਼ਹੂਰ	2	2	1	2	1CH 2:24
ਅਸ਼ਾਨ	1	1	1	1	JOS 15:52
ਅਸ਼ਾਯਾਹ	1	1	1	0	1CH 4:36
ਅਸ਼ੀਮਈ	1	1	1	0	2SA 18:5
ਅਸ਼ੀਮਾ	1	1	1	1	2KI 17:30
ਅਸ਼ੀਰਵਾਦ	1	1	1	1	ISA 66:3
ਅਸ਼ੁਗੰਧ	1	1	1	0	LEV 16:12
ਅਸ਼ੁਧ	3	3	3	0	LEV 13:3
ਅਸ਼ੁਧਤਾਈ	1	1	1	0	ZEC 13:1
ਅਸ਼ੁੱਧ	167	167	18	251	GEN 7:2
ਅਸ਼ੁੱਧਤਾ	1	1	1	9	MIC 2:10
ਅਸ਼ੁੱਧਤਾਈ	25	25	4	21	LEV 14:19
ਅਸ਼ੁੱਧਾਂ	2	2	2	2	2CH 30:17
ਅਸ਼ੂਰ	1	1	1	1	1CH 5:26
ਅਸ਼ੂਰਿਆ	1	1	1	1	2SA 2:9
ਅਸ਼ੂੱਰ	1	1	1	0	MIC 5:6
ਅਸ਼ੂੱਰੀ	1	1	1	0	MIC 5:5
ਅਸ਼ੂੱਰੀਆਂ	1	1	1	0	MIC 5:6
ਅਸ਼ੇਰ	3	3	2	1	ISA 17:8
ਅਸ਼ੇਰਾਹ	5	5	3	19	1KI 15:13
ਅਸਾਂ	293	293	37	0	GEN 26:28
ਅਸਾਡੀ	2	2	1	0	EZK 33:21
ਅਸਾਡੇ	3	3	3	0	1CH 12:19
ਅਸਾਧ	5	5	3	6	PSA 49:8
ਅਸਾਫ	1	1	1	0	1CH 6:39
ਅਸਾਫ਼	2	2	2	0	1CH 16:5
ਅਸਾਮਾ	6	6	1	0	2SA 20:4
ਅਸਾਯਾਹ	6	6	3	8	2KI 22:12
ਅਸਾਹਲ	1	1	1	0	2SA 2:21
ਅਸਾਹੇਲ	17	17	4	18	2SA 2:18
ਅਸਿਓਨ	1	1	1	0	1KI 9:26
ਅਸਿਯਾ	20	20	6	5	ACT 2:9
ਅਸੀ	10	10	6	0	DEU 29:16
ਅਸੀਂ	1561	1561	60	1823	GEN 1:26
ਅਸੀਆ	1	1	1	0	1PE 1:1
ਅਸੀਏਲ	1	1	1	1	1CH 4:35
ਅਸੀਮਿਤ	1	1	1	1	JHN 3:34
ਅਸੀਰ	55	55	12	0	2KI 15:29
ਅਸੀਰਾਂ	35	35	13	0	2CH 28:5
ਅਸੀਰੀ	86	86	19	0	DEU 28:41
ਅਸੀਰੋ	2	2	2	0	JER 29:20
ਅਸੀਲ	2	2	2	1	JER 11:19
ਅਸੀਸ	63	63	22	71	GEN 1:22
ਅਸੀਸ਼ਾਂ	1	1	1	0	1CH 16:2
ਅਸੀਸਾਂ	14	14	7	16	DEU 28:2
ਅਸੀਹਾਂ	2	2	1	0	2SA 19:32
ਅਸੁਬਾਨ	1	1	1	0	GEN 36:26
ਅਸੁੰਨਤ	8	8	3	8	ROM 2:25
ਅਸੁੰਨਤਾ	1	1	1	1	ISA 52:1
ਅਸੁੰਨਤੀ	15	15	8	18	LEV 19:23
ਅਸੁੰਨਤੀਆਂ	8	8	6	8	JDG 15:18
ਅਸੁੰਨਤੇ	1	1	1	0	JER 9:26
ਅਸੁੱਧ	1	1	1	0	LEV 11:6
ਅਸੁੱਰ	1	1	1	0	EZR 4:2
ਅਸੁੱਸ	1	1	1	1	ACT 20:14
ਅਸੂਲ	1	1	1	0	1CO 7:17
ਅਸੇਰਾਹ	1	1	1	0	JDG 3:7
ਅਸੰ	1	1	1	0	ACT 3:12
ਅਸੰਜਮੀ	1	1	1	1	2TI 3:3
ਅਸੰਭਵ	1	1	1	3	EZK 47:5
ਅਹਜ਼	1	1	1	0	2KI 11:1
ਅਹਜ਼ਆਹ	1	1	1	0	2CH 22:2
ਅਹਜ਼ਈ	1	1	1	1	NEH 11:13
ਅਹਜ਼ਯਾਹ	37	37	4	43	1KI 22:40
ਅਹਬਾਨ	1	1	1	1	1CH 2:29
ਅਹਮਥਾ	1	1	1	1	EZR 6:2
ਅਹਯਾਨ	1	1	1	1	1CH 7:19
ਅਹਯੋ	6	6	2	6	2SA 6:3
ਅਹਰਹ	1	1	1	1	1CH 8:1
ਅਹਰਹੇਲ	1	1	1	1	1CH 4:8
ਅਹਲਈ	2	2	1	2	1CH 2:31
ਅਹਲਾਬ	1	1	1	1	JDG 1:31
ਅਹਵਾ	3	3	1	3	EZR 8:15
ਅਹਸਬਈ	1	1	1	1	2SA 23:34
ਅਹਸਵੇਰੋਸ਼	1	1	1	0	EZR 4:6
ਅਹਸ਼ਵੇਰੋਸ਼	30	30	2	34	EST 1:1
ਅਹਾ	2	2	1	0	ISA 17:12
ਅਹਾਤਿਆਂ	1	1	1	0	2CH 33:5
ਅਹਾਬ	93	93	5	103	1KI 16:28
ਅਹਾਰ	8	8	4	4	JDG 6:4
ਅਹਿਅਜ਼ਰ	1	1	1	0	NUM 1:12
ਅਹਿਜਾ	2	2	1	0	1SA 1:20
ਅਹਿਜਿਆ	1	1	1	0	JON 4:7
ਅਹਿਟੂਬ	3	3	2	0	1SA 14:3
ਅਹਿਮਅਸ	1	1	1	0	2SA 15:36
ਅਹਿਲੂਦ	1	1	1	0	1KI 4:3
ਅਹਿੱਯਾਹ	1	1	1	0	1CH 2:25
ਅਹੀ	2	2	1	2	1CH 5:15
ਅਹੀਅਜ਼ਰ	5	5	2	6	NUM 2:25
ਅਹੀਆਮ	2	2	2	2	2SA 23:33
ਅਹੀਕਾਮ	20	20	3	20	2KI 22:12
ਅਹੀਟੂਬ	11	11	4	15	1SA 22:9
ਅਹੀਤੋਫਲ	2	2	1	0	1CH 27:33
ਅਹੀਥੋਫਲ	7	7	1	0	2SA 15:31
ਅਹੀਥੋਫ਼ਲ	11	11	1	21	2SA 15:12
ਅਹੀਨਾਦਾਬ	1	1	1	1	1KI 4:14
ਅਹੀਨੋਅਮ	6	6	3	7	1SA 25:43
ਅਹੀਮਅਸ	9	9	2	15	2SA 17:17
ਅਹੀਮਆਸ	2	2	2	0	1SA 14:50
ਅਹੀਮਲਕ	16	16	3	17	1SA 21:1
ਅਹੀਮਾਅਸ	1	1	1	0	1CH 6:9
ਅਹੀਮਾਨ	4	4	4	4	NUM 13:22
ਅਹੀਮੋਥ	1	1	1	1	1CH 6:25
ਅਹੀਯਾਹ	21	21	5	25	1SA 14:18
ਅਹੀਰਾ	5	5	1	5	NUM 1:15
ਅਹੀਰਾਮ	1	1	1	1	NUM 26:38
ਅਹੀਰਾਮੀਆਂ	1	1	1	1	NUM 26:38
ਅਹੀਲਦ	1	1	1	0	2SA 20:24
ਅਹੀਲੂਦ	3	3	3	5	2SA 8:16
ਅਹੀਸ਼ਾਰ	1	1	1	1	1KI 4:6
ਅਹੀਸ਼ਾਹਰ	1	1	1	1	1CH 7:10
ਅਹੀਸਾਮਕ	2	2	1	0	EXO 35:34
ਅਹੀਸਾਮਾਕ	1	1	1	3	EXO 31:6
ਅਹੀਹੂਦ	2	2	2	2	NUM 34:27
ਅਹੁੱਜ਼ਥ	1	1	1	1	GEN 26:26
ਅਹੁੱਜ਼ਾਮ	1	1	1	1	1CH 4:6
ਅਹੂਦ	1	1	1	1	1CH 8:6
ਅਹੂਮਈ	1	1	1	1	1CH 4:2
ਅਹੇਰ	1	1	1	1	1CH 7:12
ਅਹੋਅਹ	1	1	1	1	1CH 8:4
ਅਹੋਰ	1	1	1	0	EST 5:12
ਅਹੋਹੀ	4	4	2	5	2SA 23:28
ਅੜ	3	3	2	0	2SA 18:9
ਅੜਕਾ	1	1	1	0	2PE 3:17
ਅੜਤਲੇ	1	1	1	0	JOB 38:40
ਅੜਨ	2	2	2	1	LEV 26:37
ਅੜਨਗੀਆਂ	1	1	1	1	DAN 11:15
ਅੜਬ	2	2	2	0	MAT 17:17
ਅੜਾ	1	1	1	1	PRO 14:10
ਅੜਾਈ	1	1	1	0	JDG 15:4
ਅੜਾਉਂਦਾ	1	1	1	1	PRO 26:17
ਅੜਾਉਂਦੀਆਂ	1	1	1	0	1SA 6:12
ਅੜਾਉਂਦੇ	1	1	1	0	JOL 1:18
ਅੜਾਉਣ	1	1	1	1	1TI 5:13
ਅੜਾਉਣਾ	1	1	1	0	1SA 15:14
ਅੜਾਓ	1	1	1	0	EZR 6:7
ਅੜਿਆ	1	1	1	0	ACT 27:41
ਅੜਿੰਗਦਾ	1	1	1	1	JOB 6:5
ਅੜੀ	2	2	1	2	JER 3:17
ਅੰਗ	97	97	28	35	GEN 21:20
ਅੰਗ-ਸੰਗ	1	1	1	45	2TI 4:22
ਅੰਗਣਾਂ	2	2	1	0	2KI 21:5
ਅੰਗਮ	4	4	4	0	LAM 2:14
ਅੰਗਾਂ	17	17	7	18	JDG 19:29
ਅੰਗਾਰੇ	1	1	1	2	2SA 14:7
ਅੰਗਿਆਰਾਂ	2	2	2	2	1KI 19:6
ਅੰਗਿਆਰਿਆਂ	4	4	2	5	EXO 9:11
ਅੰਗਿਆਰੇ	11	11	4	10	EXO 9:9
ਅੰਗੀਕਾਰ	2	2	1	2	1CH 12:18
ਅੰਗੀਠੀ	4	4	2	4	JER 36:22
ਅੰਗੀਠੀਆਂ	6	6	5	6	EXO 27:3
ਅੰਗੂਠਾ	1	1	1	0	JOB 31:35
ਅੰਗੂਠਿਆਂ	3	3	2	7	EXO 29:20
ਅੰਗੂਠੀ	2	2	2	12	JOB 42:11
ਅੰਗੂਠੇ	12	12	2	2	LEV 8:23
ਅੰਗੂਰ	46	46	20	48	GEN 9:20
ਅੰਗੂਰਾ	1	1	1	0	SNG 6:11
ਅੰਗੂਰਾਂ	12	12	9	23	GEN 49:11
ਅੰਗੂਰੀ	84	84	24	92	GEN 19:25
ਅੰਙੁ	1	1	1	0	LAM 2:18
ਅੰਜਾਣ	1	1	1	0	EZK 45:20
ਅੰਜੀਰ	5	5	3	1	NEH 13:15
ਅੰਜੀਰਾਂ	1	1	1	2	1CH 12:40
ਅੰਝੁਆਂ	1	1	1	0	2TI 1:4
ਅੰਝੂ	12	12	8	0	PSA 42:3
ਅੰਝੂਆ	1	1	1	0	PSA 6:6
ਅੰਝੂਆਂ	11	11	5	5	PSA 39:12
ਅੰਤ	153	153	39	237	GEN 8:3
ਅੰਤਕਾਰ	1	1	1	0	2TH 3:1
ਅੰਤਕਾਲ	2	2	2	0	GEN 6:13
ਅੰਤਰਜਾਮੀ	2	2	1	0	ACT 1:24
ਅੰਤਰਧਿਆਨਤਾ	1	1	1	0	LAM 2:14
ਅੰਤਰਾਲ	1	1	1	1	PSA 89:36
ਅੰਤਲੇ	7	7	3	1	JER 30:24
ਅੰਤਹਕਰਣ	2	2	1	0	1TI 3:9
ਅੰਤਹਕਰਨ	13	13	5	0	ROM 2:15
ਅੰਤਾਕਿਯਾ	21	21	3	25	ACT 6:5
ਅੰਤਿਪਤ੍ਰਿਸ	1	1	1	1	ACT 23:31
ਅੰਤਿਪਾਸ	1	1	1	1	REV 2:13
ਅੰਤਿਮ	2	2	2	11	JHN 7:37
ਅੰਦਰ	358	358	43	326	GEN 7:16
ਅੰਦਰ-ਬਾਹਰ	1	1	1	11	JHN 10:9
ਅੰਦਰਲਾ	5	5	5	9	NUM 18:7
ਅੰਦਰਲੀ	13	13	7	12	1KI 6:18
ਅੰਦਰਲੀਆਂ	4	4	4	3	1CH 28:11
ਅੰਦਰਲੇ	35	35	10	37	EXO 28:26
ਅੰਦਰਵਾਰ	2	2	1	3	2CH 3:13
ਅੰਦਰੁਨਿਕੁਸ	1	1	1	1	ROM 16:7
ਅੰਦਰੇ	1	1	1	0	1SA 23:9
ਅੰਦਰੋ	1	1	1	0	ROM 2:29
ਅੰਦਰੋਂ	25	25	13	22	GEN 6:14
ਅੰਦਾਜ਼	3	3	3	0	JOB 16:13
ਅੰਦਾਜ਼ਾਂ	3	3	3	0	GEN 49:23
ਅੰਦਾਜ਼ਿਆਂ	1	1	1	0	2PE 3:17
ਅੰਦਾਜ਼ੇ	3	3	2	2	2CO 10:13
ਅੰਦਾਜਾ	1	1	1	0	2SA 11:24
ਅੰਦਾਜਾਂ	1	1	1	0	ISA 22:3
ਅੰਦੇਸ਼ੀ	1	1	1	0	ACT 24:2
ਅੰਦ੍ਰਿਯਾਸ	16	16	5	16	MAT 4:18
ਅੰਧਕਾਰ	6	6	5	12	JOL 2:2
ਅੰਧਘੋਰ	4	4	2	1	MAT 8:12
ਅੰਨ	96	96	26	93	GEN 14:11
ਅੰਨਕਾਲ	2	2	1	0	2SA 21:1
ਅੰਨਥੋਥੀ	3	3	2	5	2SA 23:27
ਅੰਨਾ	2	2	1	0	DEU 15:21
ਅੰਨਾਸ	4	4	2	5	JHN 18:13
ਅੰਨਿਆਂ	1	1	1	0	ZEP 1:17
ਅੰਨੇ	1	1	1	0	LEV 19:14
ਅੰਨੇਰ	1	1	1	0	PSA 58:2
ਅੰਨ੍ਹਪੁਣੇ	1	1	1	1	DEU 28:28
ਅੰਨ੍ਹਾ	20	20	8	32	EXO 4:11
ਅੰਨ੍ਹਾਂ	10	10	7	0	EXO 23:8
ਅੰਨ੍ਹਿਆ	1	1	1	0	2KI 6:18
ਅੰਨ੍ਹਿਆਂ	12	12	6	18	JOB 29:15
ਅੰਨ੍ਹਿਓ	3	3	2	3	ISA 42:18
ਅੰਨ੍ਹੀ	1	1	1	1	2KI 6:18
ਅੰਨ੍ਹੀਆਂ	4	4	4	3	ISA 42:7
ਅੰਨ੍ਹੀਆਂਕਰ	1	1	1	0	JHN 12:40
ਅੰਨ੍ਹੇ	34	34	10	42	GEN 19:11
ਅੰਨ੍ਹੇਰੇ	1	1	1	0	LUK 12:3
ਅੰਨ੍ਹੇਵਾਹ	1	1	1	0	1CO 12:2
ਅੰਪਲਿਯਾਤੁਸ	1	1	1	1	ROM 16:8
ਅੰਬ	1	1	1	1	PSA 88:9
ਅੰਬਰ	17	17	3	17	GEN 1:6
ਅੰਮਾ	1	1	1	0	JER 15:10
ਅੰਮਾਂ	3	3	2	0	GEN 43:29
ਅੰਮਾਹ	1	1	1	1	2SA 2:24
ਅੰਮੀ	3	3	1	1	HOS 1:9
ਅੰਮੀਏਲ	5	5	3	6	NUM 13:12
ਅੰਮੀਜ਼ਾਬਾਦ	1	1	1	1	1CH 27:6
ਅੰਮੀਨਾਦਾਬ	13	13	4	16	NUM 1:7
ਅੰਮੀਸ਼ਦਾਈ	1	1	1	0	NUM 1:12
ਅੰਮੀਸ਼ੁੱਦਾਈ	1	1	1	0	NUM 2:25
ਅੰਮੀਸ਼ੱਦਾਈ	3	3	1	5	NUM 7:66
ਅੰਮੀਹੂਦ	8	8	2	9	NUM 1:10
ਅੰਮੇਨੀ	1	1	1	0	2SA 10:11
ਅੰਮੋਨ	3	3	3	5	1CH 18:11
ਅੰਮੋਨਣ	4	4	2	4	1KI 14:21
ਅੰਮੋਨਣਾਂ	1	1	1	1	1KI 11:1
ਅੰਮੋਨਿਆ	1	1	1	0	2SA 12:9
ਅੰਮੋਨੀ	26	26	10	25	DEU 2:20
ਅੰਮੋਨੀਆ	2	2	1	0	JER 41:15
ਅੰਮੋਨੀਆਂ	87	87	17	98	GEN 19:38
ਅੰਮੋਰੀਆਂ	2	2	1	0	1KI 4:19
ਅੰਮ੍ਰਿਤ	8	8	4	13	PSA 5:3
ਅੰਸ	199	199	29	167	GEN 7:3
ਅੰਸ਼	12	12	4	0	NUM 13:22
ਅੰਸਾਂ	1	1	1	1	GAL 3:16
ਅੰਸੁਕਰਿਤੁਸ	1	1	1	1	ROM 16:14
ਅੰਹਕਾਰ	1	1	1	0	LEV 26:19
ਅੱਕ	14	14	11	13	GEN 27:46
ਅੱਕਦਾ	1	1	1	1	PHP 3:1
ਅੱਕੂਬ	6	6	3	8	1CH 3:24
ਅੱਕੇ	1	1	1	0	JOB 21:4
ਅੱਕੋ	1	1	1	1	JDG 1:31
ਅੱਖ	91	91	20	77	EXO 21:24
ਅੱਖਰ	1	1	1	1	MAT 5:18
ਅੱਖਰਾਂ	3	3	3	4	ISA 8:1
ਅੱਖਵਾ	1	1	1	0	2KI 14:8
ਅੱਖਾ	2	2	2	0	PSA 11:4
ਅੱਖਾਂ	314	314	36	424	GEN 16:4
ਅੱਖੀਂ	12	12	10	9	DEU 3:27
ਅੱਖੀਂਆ	1	1	1	0	PSA 36:2
ਅੱਖੀਆਂ	121	121	28	46	GEN 3:5
ਅੱਖੋ	1	1	1	0	DEU 30:12
ਅੱਖੋਂ	4	4	3	0	ISA 52:8
ਅੱਖੜੇ	1	1	1	0	ACT 8:36
ਅੱਗ	539	539	47	565	GEN 19:24
ਅੱਗਨੀ	2	2	2	0	DEU 8:15
ਅੱਗਲ	1	1	1	0	PSA 21:3
ਅੱਗਲਵਾਂਢੀ	1	1	1	0	NUM 31:13
ਅੱਗਾਹਾਂ	1	1	1	0	PRO 27:12
ਅੱਗਿਓ	2	2	2	0	2CH 1:13
ਅੱਗਿਓਂ	33	33	16	57	GEN 23:3
ਅੱਗੇ	1748	1748	60	1574	GEN 4:10
ਅੱਗੇ-ਅੱਗੇ	1	1	1	62	LUK 1:17
ਅੱਗੇਤਰੇ	1	1	1	0	JOB 4:19
ਅੱਗੋ	13	13	5	0	LEV 10:2
ਅੱਗੋਂ	278	278	40	194	GEN 22:1
ਅੱਚਣਚੇਤ	1	1	1	0	ECC 9:12
ਅੱਚਨਚੇਤ	1	1	1	1	JER 15:8
ਅੱਛਾ	21	21	8	2	1SA 16:17
ਅੱਛੀ	13	13	9	0	EXO 3:8
ਅੱਛੀਆਂ	2	2	2	0	JER 8:6
ਅੱਛੇ	5	5	4	0	1KI 2:32
ਅੱਜ	421	421	36	423	GEN 4:14
ਅੱਜਲ	1	1	1	1	1SA 20:19
ਅੱਜ਼ਹ	1	1	1	0	GEN 10:19
ਅੱਜ਼ਾਨ	1	1	1	1	NUM 34:26
ਅੱਜ਼ਾਹ	18	18	9	22	DEU 2:23
ਅੱਜ਼ੀਆਂ	1	1	1	1	JOS 13:3
ਅੱਜ਼ੂਰ	2	2	2	3	JER 28:1
ਅੱਜ਼ੋ	1	1	1	0	1SA 9:12
ਅੱਜ਼ੋਰ	2	2	1	2	MAT 1:13
ਅੱਜਾਹ	1	1	1	0	ZEC 9:5
ਅੱਜੇ	2	2	2	0	JOS 14:11
ਅੱਜੋ	1	1	1	0	2SA 16:3
ਅੱਝਾ	8	8	2	0	PRO 16:19
ਅੱਝਿਆਂ	1	1	1	0	ISA 57:15
ਅੱਝੀਆਂ	2	2	1	0	ISA 2:11
ਅੱਝੇ	1	1	1	0	ISA 10:33
ਅੱਟਕਲ	1	1	1	0	1KI 22:34
ਅੱਟਕਾਵੇ	1	1	1	0	1KI 18:44
ਅੱਟਲ	11	11	7	0	2SA 7:25
ਅੱਠ	41	41	17	51	GEN 5:4
ਅੱਠਕੁ	1	1	1	0	LUK 9:28
ਅੱਠਤਾਲੀ	1	1	1	1	NEH 7:44
ਅੱਠਤੀ	1	1	1	0	NEH 7:45
ਅੱਠਤੀਵੇਂ	1	1	1	0	2KI 15:8
ਅੱਠਵਾ	1	1	1	0	1KI 6:38
ਅੱਠਵਾਂ	6	6	2	6	1CH 12:12
ਅੱਠਵੀਂ	1	1	1	3	REV 21:20
ਅੱਠਵੇਂ	20	20	11	27	EXO 22:30
ਅੱਠਾ	1	1	1	0	2CH 29:17
ਅੱਠਾਂ	9	9	7	5	GEN 17:12
ਅੱਠਾਈ	1	1	1	1	EZR 2:41
ਅੱਠਿਆਨੀ	6	6	2	1	MAT 20:2
ਅੱਠਿਆਨੀਆਂ	1	1	1	0	LUK 10:35
ਅੱਡ	102	102	36	34	GEN 1:14
ਅੱਡਦਾ	1	1	1	1	PSA 143:6
ਅੱਡਦੇ	1	1	1	2	ISA 57:4
ਅੱਡਾ	2	2	1	5	REV 18:2
ਅੱਡਾਂਗਾ	2	2	2	2	EXO 9:29
ਅੱਡਿਆ	4	4	4	2	ISA 5:14
ਅੱਡੀ	4	4	3	5	GEN 3:15
ਅੱਡੀਆਂ	1	1	1	1	JER 13:22
ਅੱਡੇ	11	11	7	8	EXO 9:33
ਅੱਡੇਂ	1	1	1	1	JOB 11:13
ਅੱਡੋ	4	4	3	1	LEV 5:8
ਅੱਡੋਗੇ	1	1	1	0	ISA 1:15
ਅੱਤ	203	203	35	176	GEN 13:13
ਅੱਤਈ	4	4	2	4	1CH 2:35
ਅੱਤਪਵਿੱਤ੍ਰ	1	1	1	0	NEH 7:65
ਅੱਤਿਆਚਾਰ	2	2	1	5	EZK 22:12
ਅੱਤੀ	1	1	1	0	2KI 25:12
ਅੱਤੇ	5	5	4	0	2SA 23:8
ਅੱਥਰੂ	5	5	4	4	2KI 20:5
ਅੱਦਰਮਲਕ	1	1	1	0	2KI 17:31
ਅੱਦਾਨ	1	1	1	0	EZR 2:59
ਅੱਦਾਰ	4	4	2	4	JOS 15:3
ਅੱਦੀ	1	1	1	1	LUK 3:28
ਅੱਦੁਮੀਮ	1	1	1	2	JOS 18:17
ਅੱਦੁਲਾਮ	2	2	2	0	JOS 15:35
ਅੱਧ	19	19	8	20	NUM 31:29
ਅੱਧਾ	28	28	13	32	EXO 24:6
ਅੱਧਿ	1	1	1	0	JOB 10:22
ਅੱਧੀ	23	23	15	26	EXO 12:29
ਅੱਧੀਆਂ	1	1	1	1	1KI 10:7
ਅੱਧੀਕੁ	4	4	3	0	EXO 11:4
ਅੱਧੇ	54	54	11	57	GEN 24:22
ਅੱਧੇਕੁ	1	1	1	0	REV 8:1
ਅੱਨਾਸ	1	1	1	0	LUK 3:2
ਅੱਪਇਮ	2	2	1	2	1CH 2:30
ਅੱਪਡੇ	1	1	1	0	PHP 3:16
ਅੱਪੀਫੋਰੁਮ	1	1	1	1	ACT 28:15
ਅੱਪੁਲੋਨਿਯਾ	1	1	1	1	ACT 17:1
ਅੱਪੜ	43	43	17	4	JOS 15:4
ਅੱਪੜਦਾ	2	2	2	0	JOS 19:13
ਅੱਪੜਦੀ	1	1	1	0	JOS 15:3
ਅੱਪੜਦੇ	3	3	3	0	PSA 107:18
ਅੱਪੜਨ	4	4	3	0	JDG 6:4
ਅੱਪੜਨਗੇ	3	3	2	0	PSA 32:6
ਅੱਪੜਾ	3	3	3	0	JDG 16:3
ਅੱਪੜਾਂ	2	2	2	0	1SA 10:8
ਅੱਪੜਾਂਗਾ	2	2	2	0	1SA 30:8
ਅੱਪੜਾਈ	1	1	1	0	2SA 19:32
ਅੱਪੜਾਈਏ	1	1	1	0	1SA 6:2
ਅੱਪੜਾਉਂਦੇ	1	1	1	0	1KI 4:27
ਅੱਪੜਾਏ	1	1	1	0	1KI 8:47
ਅੱਪੜਾਏਂਗਾ	1	1	1	0	JOB 30:23
ਅੱਪੜਾਵੇਗਾ	1	1	1	0	PSA 78:20
ਅੱਪੜਿਆ	27	27	15	0	GEN 13:3
ਅੱਪੜੀ	15	15	8	0	EXO 2:23
ਅੱਪੜੀਆਂ	2	2	2	0	ISA 16:8
ਅੱਪੜੇ	26	26	14	0	EXO 19:2
ਅੱਪੜੇਂ	1	1	1	0	2KI 9:2
ਅੱਪੜੇਂਗਾ	3	3	1	0	1SA 10:3
ਅੱਪੜੇਗਾ	2	2	2	0	1SA 23:17
ਅੱਪੜੇਗੀ	1	1	1	0	PSA 91:10
ਅੱਪੜੋ	1	1	1	0	JOS 3:8
ਅੱਫਿਆ	1	1	1	2	PHM 1:2
ਅੱਬਾ	3	3	3	3	MRK 14:36
ਅੱਬਿਯਾਹ	1	1	1	0	1SA 8:2
ਅੱਮਸਿਆ	1	1	1	0	NEH 10:33
ਅੱਮਸਿਆਂ	2	2	2	0	2CH 2:4
ਅੱਯਾਥ	1	1	1	1	ISA 10:28
ਅੱਯਾਲੋਨ	7	7	4	10	JOS 10:12
ਅੱਯਾਹ	7	7	4	8	GEN 36:24
ਅੱਯੂਬ	22	22	1	96	JOB 0:0
ਅੱਲਗ	1	1	1	2	LUK 9:10
ਅੱਲਮਥ	1	1	1	1	1CH 6:60
ਅੱਲਾਸਾਰ	2	2	1	2	GEN 14:1
ਅੱਲੋਨ	2	2	2	1	GEN 35:8
ਅੱਵਸ਼	1	1	1	0	1SA 20:31
ਅੱਵਾ	1	1	1	1	2KI 17:24
ਅੱਵੀ	3	3	3	3	NUM 31:8
ਅੱਵੀਆਂ	2	2	2	2	JOS 13:3
ਅੱਵੀਮ	1	1	1	1	JOS 18:23
ਅੱਸ਼ੂਰ	129	129	16	146	GEN 2:14
ਅੱਸ਼ੂਰੀ	4	4	2	8	ISA 19:23
ਅੱਸ਼ੂਰੀਆਂ	11	11	3	14	2KI 19:35
ਅੱਸਿਰ	1	1	1	1	1CH 3:17
ਅੱਸੀ	21	21	12	26	GEN 35:28
ਅੱਸੀਆਂ	2	2	2	0	EXO 7:7
ਅੱਸੀਰ	4	4	2	4	EXO 6:24
ਅੱਸੁਸ	1	1	1	1	ACT 20:13
ਅੱਸੂਰ	2	2	2	0	GEN 25:18
ਅੱਸੂਰਿਮ	1	1	1	1	GEN 25:3
ਆ	584	584	54	770	GEN 6:13
ਆਂ	2	2	2	0	EXO 14:13
ਆਂਡਾ	1	1	1	0	LUK 11:12
ਆਂਡਿਆਂ	4	4	3	3	DEU 22:6
ਆਂਡੇ	4	4	2	6	JOB 39:14
ਆਂਦਰਾਂ	13	13	6	30	EXO 12:9
ਆਂਦਾ	10	10	5	4	GEN 20:9
ਆਂਦੀ	1	1	1	1	GEN 47:14
ਆਂਦੀਆਂ	1	1	1	0	JDG 16:12
ਆਂਦ੍ਰਾਂ	17	17	1	0	LEV 1:9
ਆਅਤੇ	1	1	1	0	2SA 19:29
ਆਇਆ	895	895	55	919	GEN 2:19
ਆਇਆ-ਜਾਇਆ	1	1	1	0	JHN 10:9
ਆਇਆਂ	3	3	3	0	EXO 35:25
ਆਇਓ	2	2	1	5	1KI 12:5
ਆਇਨ	1	1	1	3	JOS 21:16
ਆਈ	193	193	42	178	GEN 5:29
ਆਈਂ	4	4	4	2	2SA 14:15
ਆਈਆ	2	2	2	0	1SA 4:13
ਆਈਆਂ	33	33	17	33	GEN 41:19
ਆਈਏ	4	4	3	5	EXO 24:14
ਆਉ	1	1	1	9	ACT 25:13
ਆਉਂਣਾ	1	1	1	0	JON 4:11
ਆਉਂਦਾ	185	185	42	191	GEN 8:7
ਆਉਂਦਿਆ	2	2	2	2	2KI 9:17
ਆਉਂਦਿਆਂ	11	11	7	14	2KI 11:8
ਆਉਂਦੀ	86	86	27	78	GEN 29:6
ਆਉਂਦੀਆਂ	18	18	13	12	GEN 24:13
ਆਉਂਦੇ	110	110	32	105	GEN 17:21
ਆਉਣ	261	261	52	318	GEN 27:33
ਆਉਣਗੀਆਂ	12	12	8	14	NUM 17:5
ਆਉਣਗੇ	85	85	21	83	GEN 6:20
ਆਉਣਾ	26	26	16	59	GEN 24:5
ਆਉਣੀ	1	1	1	1	RUT 3:18
ਆਊ	1	1	1	0	ACT 24:22
ਆਊਗਾ	3	3	2	0	JOB 15:22
ਆਏ	565	565	44	591	GEN 6:4
ਆਏਗਾ	1	1	1	0	JOB 20:22
ਆਏਗੀ	2	2	2	1	JOB 22:21
ਆਓ	185	185	41	176	GEN 11:3
ਆਓਗੇ	1	1	1	1	JER 7:10
ਆਓਲ	2	2	2	2	DEU 28:57
ਆਕਰਾਨ	5	5	1	5	NUM 1:13
ਆਕਸ਼ਾਫ਼	1	1	1	0	JOS 11:1
ਆਕਾਨ	6	6	1	6	JOS 7:1
ਆਕਾਰ	1	1	1	1	1CH 2:7
ਆਕਾਸ਼	37	37	8	11	DEU 28:62
ਆਕੀ	93	93	18	28	GEN 14:4
ਆਕੀਆਂ	4	4	3	2	NUM 17:10
ਆਕੀਪੁਣਾ	4	4	3	1	1KI 16:20
ਆਕੀਪੁਣੇ	2	2	2	2	DEU 31:27
ਆਕੀਪੁਨੇ	1	1	1	0	NEH 9:17
ਆਕੀਸ਼	19	19	1	21	1SA 21:10
ਆਕੇ	31	31	10	0	GEN 20:3
ਆਕੋਰ	5	5	3	5	JOS 7:24
ਆਕੜ	14	14	8	11	JDG 7:2
ਆਕੜਾਂ	1	1	1	1	2CO 12:20
ਆਕੜੇ	1	1	1	1	ISA 10:15
ਆਕੜੇਗਾ	1	1	1	0	JOS 1:5
ਆਖ	328	328	37	352	GEN 24:50
ਆਖਕੇ	11	11	3	1	GEN 1:22
ਆਖਣ	141	141	37	122	GEN 42:28
ਆਖਣਗੀਆਂ	13	13	11	13	GEN 30:13
ਆਖਣਗੇ	62	62	23	61	EXO 3:13
ਆਖਣਾ	25	25	20	47	GEN 46:34
ਆਖਣੀ	3	3	2	0	JHN 18:9
ਆਖਣੀਆਂ	2	2	2	1	JAS 1:26
ਆਖਣੋਂ	1	1	1	0	RUT 1:18
ਆਖਦਾ	553	553	50	793	GEN 21:7
ਆਖਦਿਆਂ	5	5	3	1	EXO 3:16
ਆਖਦੀ	36	36	20	31	GEN 39:10
ਆਖਦੀਆਂ	8	8	6	5	RUT 1:21
ਆਖਦੇ	194	194	37	205	GEN 16:14
ਆਖਨਾ	1	1	1	0	JDG 6:39
ਆਖਰ	7	7	5	0	NEH 3:21
ਆਖਰੀ	20	20	12	70	NUM 24:14
ਆਖ਼ਿਆ	1	1	1	0	JHN 13:11
ਆਖ਼ੀਰ	1	1	1	0	JOB 42:12
ਆਖਾ	6	6	6	1	DEU 33:9
ਆਖਾਂ	27	27	17	35	GEN 24:14
ਆਖਾਂਗਾ	22	22	9	26	GEN 46:31
ਆਖਾਂਗੀ	1	1	1	1	PRO 8:6
ਆਖਾਂਗੇ	3	3	3	2	JOS 22:28
ਆਖਿਆ	3671	3671	55	3275	GEN 1:3
ਆਖਿਆ-ਹਾਏ	1	1	1	0	2SA 3:33
ਆਖਿਆਂ	2	2	2	0	NEH 6:8
ਆਖਿਓ	7	7	4	8	EXO 3:18
ਆਖਿਰੀ	1	1	1	0	DEU 31:29
ਆਖੀ	32	32	18	39	GEN 50:4
ਆਖੀਂ	35	35	15	43	GEN 12:13
ਆਖੀਆਂ	36	36	17	45	GEN 44:6
ਆਖੀਏ	19	19	10	27	GEN 37:20
ਆਖੀਦਾ	10	10	9	1	GEN 22:14
ਆਖੀਦੇ	1	1	1	0	GAL 2:9
ਆਖੀਰ	1	1	1	2	JER 3:5
ਆਖੂ	2	2	2	0	MAT 21:25
ਆਖੇ	124	124	34	110	GEN 24:14
ਆਖੇਂ	6	6	3	8	GEN 14:23
ਆਖੇਂਗਾ	16	16	8	13	JOB 22:29
ਆਖੇਂਗੀ	3	3	3	0	ISA 49:21
ਆਖੇਗਾ	28	28	16	33	GEN 43:7
ਆਖੇਗੀ	5	5	4	8	PRO 8:7
ਆਖੋ	112	112	30	110	GEN 32:4
ਆਖੋਗੀਆਂ	1	1	1	0	EZK 13:23
ਆਖੋਗੇ	10	10	6	11	DEU 8:10
ਆਗਤ	3	3	3	0	ACT 21:17
ਆਗਬੁਸ	2	2	1	2	ACT 11:28
ਆਗਮਨ	2	2	1	1	1CO 1:7
ਆਗਵਾਈ	2	2	1	0	PSA 23:3
ਆਗਿਆ	201	201	29	220	GEN 2:16
ਆਗਿਆਂ	23	23	10	0	LEV 4:2
ਆਗਿਆਕਾਰ	9	9	7	7	DAN 7:27
ਆਗਿਆਕਾਰੀ	21	21	14	30	GEN 49:10
ਆਗਿਆਵਾਂ	2	2	1	6	2KI 17:37
ਆਗੂ	33	33	14	59	JDG 5:7
ਆਗੂਆਂ	20	20	7	38	DEU 32:42
ਆਗੂਓ	5	5	3	6	ISA 1:10
ਆਗੂਰ	1	1	1	4	PRO 30:1
ਆਚਣਚੇਤ	1	1	1	0	PSA 6:10
ਆਚਰਜ	1	1	1	0	PSA 9:1
ਆਚਾਣਚੱਕ	1	1	1	0	JOB 5:3
ਆਜਤ	1	1	1	0	LEV 11:30
ਆਜ਼ਨਯਾਹ	1	1	1	0	NEH 10:9
ਆਜ਼ਨੀ	1	1	1	1	NUM 26:16
ਆਜ਼ਨੀਆਂ	1	1	1	1	NUM 26:16
ਆਜ਼ਰ	1	1	1	1	NEH 12:42
ਆਜ਼ਾਜ਼	1	1	1	1	1CH 5:8
ਆਜ਼ਾਦ	17	17	8	9	DEU 15:12
ਆਜ਼ਾਦੀ	4	4	2	9	1CO 8:9
ਆਜਿਜ਼	1	1	1	0	PSA 51:17
ਆਜੜੀ	22	22	5	17	1SA 17:40
ਆਜੜੀਆਂ	13	13	3	19	SNG 1:8
ਆਜੜੀਓ	3	3	2	3	JER 25:34
ਆਟਾ	13	13	9	18	EXO 12:34
ਆਟੇ	9	9	9	12	EXO 12:39
ਆਟੇਰ	2	2	2	0	EZR 2:16
ਆਣ	243	243	35	96	GEN 32:8
ਆਤਮ	1	1	1	1	1PE 1:13
ਆਤਮਕ	43	43	10	0	JOB 7:11
ਆਤਮਾ	513	513	48	526	GEN 1:2
ਆਤਮਾਂ	6	6	5	0	EXO 35:21
ਆਤਮਿਆਂ	16	16	10	10	2KI 21:6
ਆਤਮੇ	24	24	8	10	MAT 12:45
ਆਤਾਦ	2	2	1	2	GEN 50:10
ਆਤੇ	1	1	1	0	EZK 16:38
ਆਤੰ	1	1	1	0	1CH 17:16
ਆਥਣ	3	3	3	2	EXO 17:12
ਆਥਣਿਆ	1	1	1	0	GEN 15:17
ਆਥਨੀ	1	1	1	1	1CH 26:7
ਆਥਨੀਏਲ	6	6	3	10	JOS 15:17
ਆਥਵੇਂ	1	1	1	0	LEV 22:7
ਆਥੁਣ	1	1	1	0	LUK 4:40
ਆਦ	40	40	19	37	GEN 1:1
ਆਦਤ	1	1	1	0	1CO 8:7
ਆਦਤਾਂ	1	1	1	0	1CO 15:33
ਆਦਮ	65	65	22	73	GEN 4:1
ਆਦਮ-ਵੰਸ	1	1	1	0	GEN 11:5
ਆਦਮੀ	532	532	40	291	GEN 1:26
ਆਦਮੀਂ	2	2	1	0	JER 10:23
ਆਦਮੀਆ	1	1	1	0	JER 27:5
ਆਦਮੀਆਂ	87	87	25	71	GEN 12:20
ਆਦਰ	110	110	30	151	EXO 11:3
ਆਦਰਮਾਨ	1	1	1	0	ISA 43:4
ਆਦਰਵਾਨ	1	1	1	0	ISA 23:8
ਆਦਰਵੰਤ	1	1	1	0	ISA 58:13
ਆਦਰਵੰਤਾਂ	1	1	1	0	ISA 23:9
ਆਦਾਮ	1	1	1	1	JOS 3:16
ਆਦਾਹ	8	8	1	8	GEN 4:19
ਆਦਿ	3	3	2	6	PSA 24:9
ਆਦਿਕਾਲ	1	1	1	0	TIT 1:2
ਆਦੀ	2	2	2	0	DEU 33:15
ਆਦੀਨ	3	3	2	4	EZR 8:6
ਆਦੇਸ਼	3	3	3	3	2TH 3:6
ਆਦੇਸ਼ਾਂ	1	1	1	0	TIT 1:14
ਆਦੋਮ	6	6	3	0	NUM 20:14
ਆਧਾਰ	2	2	2	4	1CO 14:24
ਆਨ	5	5	2	2	PSA 22:11
ਆਨਾਕ	2	2	1	0	NUM 13:22
ਆਨਾਨ	1	1	1	1	NEH 10:26
ਆਨੁਸਾਰ	1	1	1	0	PSA 25:7
ਆਨੂਬ	1	1	1	1	1CH 4:8
ਆਨੇ	2	2	1	2	EXO 30:13
ਆਨੇਮ	1	1	1	1	1CH 6:73
ਆਨੇਰ	2	2	1	3	GEN 14:13
ਆਨੰਦ	6	6	4	11	1SA 11:9
ਆਨੰਦਿਤ	1	1	1	0	1PE 4:13
ਆਪ	701	701	56	810	GEN 3:6
ਆਪਣਾ	975	975	56	965	GEN 3:22
ਆਪਣਾ-ਆਪ	1	1	1	1	JHN 14:21
ਆਪਣਿਆ	8	8	3	0	PSA 8:2
ਆਪਣਿਆਂ	247	247	39	199	GEN 31:3
ਆਪਣੀ	1870	1870	63	1885	GEN 1:11
ਆਪਣੀਂ	13	13	10	1	GEN 4:17
ਆਪਣੀਆ	6	6	4	0	2SA 19:29
ਆਪਣੀਆਂ	525	525	53	555	GEN 4:23
ਆਪਣੀਵੱਲ	1	1	1	0	LAM 5:21
ਆਪਣੇ	6365	6365	64	6616	GEN 1:26
ਆਪਣੇ-ਆਪ	31	31	4	0	LUK 14:11
ਆਪਣੇਂ	1	1	1	0	DAN 4:27
ਆਪਨ	2	2	2	0	DEU 15:8
ਆਪਨੇ	10	10	3	0	ISA 13:3
ਆਪਮੇ	1	1	1	0	GEN 29:10
ਆਪਰਾਧ	1	1	1	0	PSA 25:7
ਆਪਰਾਹ	1	1	1	0	RUT 1:14
ਆਪਸ	27	27	11	71	LEV 19:11
ਆਪਾ	2	2	1	0	1CO 5:5
ਆਪਾਂ	10	10	3	6	EXO 14:5
ਆਪਿਆਂ	2	2	1	0	2PE 2:10
ਆਪੇ	38	38	16	18	LEV 17:15
ਆਪੋ	169	169	41	123	GEN 1:11
ਆਪੋ-ਆਪਣੇ	1	1	1	1	JHN 7:53
ਆਪੋਂ	1	1	1	0	ROM 1:27
ਆਪੜੇ	1	1	1	0	ACT 21:7
ਆਫਤਾਂ	1	1	1	0	EZR 9:13
ਆਫਨੀ	1	1	1	0	JOS 18:24
ਆਫਰਾਈਮ	1	1	1	0	HOS 5:14
ਆਫਰਾਹ	1	1	1	1	1CH 4:14
ਆਫਰੀਆਂ	1	1	1	0	JOB 38:11
ਆਫਰੇਗਾ	1	1	1	0	DAN 11:40
ਆਫਰੇਗੀ	1	1	1	0	DAN 11:26
ਆਫ਼ਤਾਂ	1	1	1	1	PSA 57:1
ਆਫ਼ਰਾਈਮ	1	1	1	0	OBA 1:19
ਆਫ਼ਰਾਹ	5	5	1	5	JDG 6:11
ਆਫਿਆਹ	1	1	1	0	1SA 9:1
ਆਬਨੂਸ	1	1	1	1	EZK 27:15
ਆਬਸ	1	1	1	1	JOS 19:20
ਆਬਸ਼ਈ	1	1	1	0	1CH 2:16
ਆਬਾਦ	5	5	4	3	GEN 9:19
ਆਬੇਲ	6	6	3	7	GEN 50:11
ਆਬੇਲ-ਬੈਤ-ਮਆਕਾਹ	1	1	1	0	2KI 15:29
ਆਬੇਲ-ਸ਼ਿੱਟੀਮ	1	1	1	1	NUM 33:49
ਆਬੋਲ	1	1	1	0	2SA 20:14
ਆਮ	18	18	10	26	LEV 4:27
ਆਮਦ	5	5	5	0	JHN 1:45
ਆਮਦਨ	1	1	1	2	ISA 23:3
ਆਮਦਨੀ	1	1	1	1	PRO 16:8
ਆਮਰਾਨ	1	1	1	0	EZR 10:34
ਆਮਰੀ	18	18	5	19	1KI 16:16
ਆਮਲ	1	1	1	1	1CH 7:35
ਆਮੀ	1	1	1	1	EZR 2:57
ਆਮੀਨ	57	57	19	60	NUM 5:22
ਆਮੋ	2	2	1	0	1CH 8:32
ਆਮੋਕ	2	2	1	2	NEH 12:7
ਆਮੋਨ	19	19	8	22	1KI 22:26
ਆਮੋਸ	24	24	5	34	2KI 19:2
ਆਯਿਨ	2	2	2	1	NUM 34:11
ਆਯੂ	3	3	1	1	PSA 102:23
ਆਰ	20	20	7	10	EXO 21:6
ਆਰਕੀ	1	1	1	0	2SA 17:5
ਆਰਗਲ	1	1	1	1	LEV 11:18
ਆਰਜਾ	1	1	1	1	PSA 91:16
ਆਰਦ	1	1	1	0	GEN 46:21
ਆਰਨਾਨ	12	12	2	12	1CH 21:15
ਆਰਨੋਨ	2	2	1	0	DEU 2:36
ਆਰਪਕਸਦ	1	1	1	0	1CH 1:18
ਆਰਪਾਹ	1	1	1	2	RUT 1:4
ਆਰਮੀ	3	3	2	0	2SA 8:6
ਆਰਸੀਆਂ	1	1	1	1	ISA 3:23
ਆਰਹ	2	2	2	4	1CH 7:39
ਆਰਾ	1	1	1	1	ISA 10:15
ਆਰਾਂ	1	1	1	1	1SA 13:21
ਆਰਾਮ	12	12	8	21	DEU 28:65
ਆਰਾਮੀ	1	1	1	0	2SA 8:5
ਆਰਿਆਂ	1	1	1	1	HEB 11:37
ਆਰੀਆਂ	2	2	2	2	2SA 12:31
ਆਰੇ	1	1	1	1	1KI 7:9
ਆਰੰਭ	3	3	3	1	NUM 10:10
ਆਲ	1	1	1	0	ISA 22:24
ਆਲਣਾ	1	1	1	0	PSA 84:3
ਆਲਮਥ	2	2	1	2	1CH 8:36
ਆਲਸ	3	3	2	4	PRO 19:15
ਆਲਸਣਾਂ	2	2	1	2	1TI 5:13
ਆਲਸੀ	20	20	5	24	PRO 6:6
ਆਲਹਣਾ	1	1	1	0	JER 49:16
ਆਲਾ	2	2	2	0	JER 50:32
ਆਲਾਮਥ	1	1	1	1	1CH 7:8
ਆਲਿਓ	1	1	1	0	2CH 20:30
ਆਲਿਓਂ	5	5	3	0	1KI 7:23
ਆਲੂਸ਼	2	2	1	2	NUM 33:13
ਆਲੇ	157	157	31	6	EXO 7:24
ਆਲੇ-ਦੁਆਲੇ	5	5	2	183	EXO 38:31
ਆਲੋਚਨਾ	4	4	3	0	1CO 10:30
ਆਲੋਥ	1	1	1	1	1KI 4:16
ਆਲ੍ਹਣਾ	1	1	1	10	NUM 24:21
ਆਲ੍ਹਣੇ	1	1	1	6	EZK 31:6
ਆਵਜ਼	2	2	1	0	DEU 4:36
ਆਵਦੇ	1	1	1	0	JHN 1:11
ਆਵਨ	8	8	5	2	JOS 18:12
ਆਵਾਂ	24	24	14	24	GEN 50:5
ਆਵਾਂਗਾ	38	38	17	42	GEN 18:10
ਆਵਾਂਗੇ	8	8	6	12	GEN 22:5
ਆਵਾਜ	7	7	3	0	PSA 3:4
ਆਵਾਜ਼	81	81	19	35	NUM 7:89
ਆਵਾਜ਼ਾਂ	2	2	2	1	1CO 14:7
ਆਵਾਰਾ	1	1	1	0	PSA 119:110
ਆਵਾਰਾਗਰਦ	1	1	1	0	TIT 1:6
ਆਵਿਆਂ	1	1	1	0	2SA 12:31
ਆਵੀਂ	12	12	8	13	GEN 24:4
ਆਵੇ	159	159	41	160	GEN 19:31
ਆਵੇਂ	10	10	7	6	GEN 31:50
ਆਵੇਂਗਾ	9	9	6	7	GEN 24:7
ਆਵੇਗਾ	150	150	36	142	GEN 18:12
ਆਵੇਗੀ	35	35	19	35	GEN 9:11
ਆਵੋਂਗੇ	1	1	1	0	1CO 11:34
ਆਸ	106	106	32	184	DEU 28:66
ਆਸ-ਪਾਸ	1	1	1	2	JHN 4:52
ਆਸਣ	1	1	1	1	EZK 32:25
ਆਸਥਾ	7	7	5	0	JHN 6:69
ਆਸਥਾਵਾਨ	10	10	1	0	1CO 7:12
ਆਸਥਾਵਾਨਾਂ	1	1	1	0	2TH 1:10
ਆਸਨ	1	1	1	0	PSA 55:14
ਆਸਨਥ	3	3	1	3	GEN 41:45
ਆਸਪਾਥਾ	1	1	1	0	EST 9:7
ਆਸਫ	2	2	2	0	1CH 9:15
ਆਸਮ	2	2	1	3	JOS 15:29
ਆਸਰਾ	17	17	12	14	JDG 9:15
ਆਸਰੇ	2	2	2	2	ACT 14:3
ਆਸਵੰਤ	1	1	1	1	PSA 27:3
ਆਸਵੰਦ	2	2	2	1	ZEC 9:12
ਆਸਵੰਦਾ	1	1	1	0	PSA 147:11
ਆਸ਼ਦੋਦੀ	1	1	1	0	1SA 5:3
ਆਸ਼ਾ	19	19	7	4	GEN 48:11
ਆਸ਼ਾਨ	4	4	2	4	JOS 15:42
ਆਸ਼ੇਰ	38	38	11	41	GEN 30:13
ਆਸ਼ੇਰੀ	1	1	1	1	JDG 1:32
ਆਸ਼ੇਰੀਆਂ	5	5	2	5	NUM 7:72
ਆਸਾ	101	101	21	72	NUM 21:18
ਆਸਾਂ	1	1	1	0	NEH 1:6
ਆਸਾਨ	2	2	1	0	2SA 19:10
ਆਸਾਨੀ	2	2	2	0	1CO 13:5
ਆਸਾਫ	22	22	4	0	2KI 18:18
ਆਸਾਫ਼	4	4	3	46	1CH 16:7
ਆਸਾਫੀਆਂ	1	1	1	0	2CH 29:13
ਆਸਾਯਾਹ	1	1	1	0	1CH 6:30
ਆਸੇ	8	8	3	5	GEN 30:38
ਆਸੇ-ਪਾਸੇ	2	2	1	0	JHN 20:14
ਆਸੇਰ	1	1	1	0	GEN 49:20
ਆਸੇਲ	6	6	1	7	1CH 8:37
ਆਸੱਨਪਰ	1	1	1	0	EZR 4:10
ਆਹ	4	4	4	1	EXO 16:15
ਆਹਜ਼	1	1	1	0	1CH 9:42
ਆਹਮੋ	22	22	11	0	EXO 25:20
ਆਹਮੋਸਾਹਮਣੇ	1	1	1	0	GEN 32:30
ਆਹਰ	1	1	1	0	PRO 7:15
ਆਹਰਨ	1	1	1	1	ISA 41:7
ਆਹਲਣਾ	7	7	6	0	DEU 22:6
ਆਹਲਣੇ	6	6	6	2	DEU 32:11
ਆਹਲੀਬਾਮਾਹ	1	1	1	0	1CH 1:52
ਆਹਾ	8	8	3	8	PSA 40:15
ਆਹਾਂ	2	2	1	3	EZK 9:4
ਆਹਾਜ਼	41	41	6	52	2KI 15:38
ਆਹਾਬ	1	1	1	2	2KI 21:13
ਆਹਾਰ	2	2	2	1	PSA 104:14
ਆਹਾਲਾਹ	5	5	1	5	EZK 23:4
ਆਹਾਲੀਆਬ	5	5	1	5	EXO 31:6
ਆਹਾਲੀਬਾਮਾਹ	7	7	1	8	GEN 36:2
ਆਹਾਲੀਬਾਹ	6	6	1	6	EZK 23:4
ਆਹੀਨੋਆਮ	1	1	1	0	1SA 14:50
ਆਹੀਮਾਅਸ	1	1	1	0	1CH 6:8
ਆਹੀਯਾਹ	1	1	1	0	1SA 14:3
ਆਹੋ	6	6	5	1	1SA 9:12
ਆੜ	1	1	1	1	ISA 31:5
ਆੱਨਾ	1	1	1	2	LUK 2:36
ਆੱਸਾ	6	6	3	12	PSA 45:6
ਇਆ	1	1	1	0	HAB 1:12
ਇਆਣਾ	1	1	1	0	1CH 22:5
ਇਆਣਿਆਂ	2	2	1	0	LUK 10:21
ਇਆਣੇ	1	1	1	0	MAT 2:16
ਇਉਂ	403	403	44	48	NUM 1:52
ਇਕ	18	18	10	0	GEN 41:11
ਇਕਕਰਾਰ	1	1	1	0	NEH 9:2
ਇਕਠ	1	1	1	0	JHN 7:11
ਇਕਠਿਆਂ	2	2	2	0	JHN 11:52
ਇਕਠੀ	2	2	2	0	JHN 4:36
ਇਕਠੀਆਂ	1	1	1	0	ACT 28:3
ਇਕਠੇ	17	17	6	0	DAN 6:15
ਇਕਠੋ	1	1	1	0	1CO 14:27
ਇਕਤਾਲੀ	1	1	1	0	2CH 16:13
ਇਕਬਾਲ	1	1	1	1	NUM 14:17
ਇਕਰਾਰ	17	17	9	23	LEV 16:21
ਇਕਲਵੰਜੀ	1	1	1	0	LAM 1:1
ਇਕਲਵੰਜੇ	1	1	1	0	2SA 3:27
ਇਕਲਿਆਂ	1	1	1	0	JHN 11:28
ਇਕਲੋਤੀ	1	1	1	0	JDG 11:34
ਇਕਲੌਤੀ	1	1	1	3	LUK 8:42
ਇਕਲੌਤੇ	7	7	5	10	GEN 22:2
ਇਕਲੌਤੇਂ	1	1	1	0	HEB 11:17
ਇਕਵੰਜਾ	1	1	1	1	NUM 2:16
ਇਕਸਾਥ	2	2	2	0	JHN 20:19
ਇਕਹਾਟ	1	1	1	0	EZR 2:69
ਇਕਾਂਤ	3	3	3	9	MAT 17:19
ਇਕਾਗਰ	1	1	1	1	PSA 86:11
ਇਕਾਹਟ	2	2	1	0	NUM 31:34
ਇਕੁਨਿਯੁਮ	2	2	1	1	ACT 14:19
ਇਕੇਰਾਂ	1	1	1	0	PHP 4:16
ਇਕੋਈ	1	1	1	0	GEN 40:5
ਇਕੋਦਿਯਾਮ	1	1	1	0	ACT 14:1
ਇਕੋਨਿਯੁਮ	3	3	2	6	ACT 13:51
ਇਕੰਠੇ	1	1	1	0	ACT 2:1
ਇਕੱਠ	2	2	2	6	ISA 13:4
ਇਕੱਠਾ	132	132	32	159	GEN 6:21
ਇਕੱਠਿਆ	5	5	3	0	1SA 20:38
ਇਕੱਠਿਆਂ	22	22	13	43	JDG 19:8
ਇਕੱਠੀ	32	32	16	50	GEN 47:14
ਇਕੱਠੀਆਂ	21	21	13	26	NUM 11:22
ਇਕੱਠੇ	218	218	30	311	GEN 13:6
ਇਕੱਤਰ	7	7	1	0	JHN 7:12
ਇਕੱਤਰਤਾ	1	1	1	0	JHN 17:23
ਇਕੱਤਰਤਾਵਾਂ	2	2	1	0	1CO 14:19
ਇਕੱਤੀ	3	3	3	3	JOS 12:24
ਇਕੱਤੀਵੇਂ	1	1	1	1	1KI 16:23
ਇਕੱਲਾ	50	50	19	77	GEN 32:24
ਇਕੱਲਿਆਂ	1	1	1	2	JOB 31:17
ਇਕੱਲੀ	2	2	2	10	ISA 49:21
ਇਕੱਲੇ	11	11	9	23	NUM 11:17
ਇਖਤਿਆਰ	11	11	5	0	EST 9:29
ਇਖ਼ਤਿਆਰ	69	69	12	9	NUM 4:28
ਇਖ਼ਤਿਆਰਾਂ	3	3	2	2	EPH 3:10
ਇਛਿਆ	4	4	3	0	1KI 11:37
ਇਛਿੱਤ	1	1	1	0	JAS 4:2
ਇਛੁਕ	4	4	3	0	1CO 7:12
ਇਜ਼ਰਾਹੀ	1	1	1	1	1CH 27:8
ਇਜ਼ਹਾਕ	1	1	1	0	2KI 13:23
ਇਜਾਜ਼ਤ	6	6	2	4	1CO 6:12
ਇਜੇਹਾ	3	3	3	0	EXO 23:33
ਇਜੇਹੇ	1	1	1	0	2CH 20:37
ਇਜੜ	1	1	1	0	DEU 32:14
ਇਜੜਾਂ	2	2	1	0	1CH 4:39
ਇਜੱੜ	2	2	1	0	JER 49:29
ਇਜੱੜਾਂ	1	1	1	0	MIC 5:8
ਇਤਈ	1	1	1	0	2SA 18:12
ਇਤਬਾਰ	4	4	3	0	JOB 11:18
ਇਤਹਾਸ	45	45	6	4	2SA 8:16
ਇਤਾਲਿਯਾ	4	4	2	4	ACT 18:2
ਇਤਾਲਿਯਾਨੀ	1	1	1	1	ACT 10:1
ਇਤਿਹਾਸ	16	16	7	84	1KI 16:5
ਇਤੂਰਿਯਾ	1	1	1	1	LUK 3:1
ਇਥਾਮਾਰ	3	3	3	0	LEV 10:16
ਇਥੇ	23	23	5	0	1CH 29:17
ਇਥੋਂ	13	13	6	14	1CH 12:22
ਇਦਰਾਕ	1	1	1	1	ZEC 9:1
ਇਦਾਂ	1	1	1	0	EZK 23:44
ਇਦੋਂ	1	1	1	0	HEB 10:13
ਇਨਕਾਰ	54	54	22	67	GEN 48:19
ਇਨਕਾਰੀ	10	10	7	4	EXO 22:17
ਇਨਸ਼ਾਨ	1	1	1	0	PSA 10:18
ਇਨਸਾਨ	45	45	14	32	NUM 5:6
ਇਨਸਾਨਾ	1	1	1	0	1CO 15:39
ਇਨਸਾਨਾਂ	3	3	3	0	NUM 31:35
ਇਨਸਾਨੀ	1	1	1	2	1TH 2:13
ਇਨਸਾਨੀਅਤ	6	6	3	8	2CO 4:16
ਇਨਸਾਫ਼	55	55	9	44	JOB 36:31
ਇਨਸਾਫ਼ੀ	1	1	1	0	EZK 9:9
ਇਨਾਂ	19	19	4	0	DEU 1:35
ਇਨਾਮ	17	17	11	22	GEN 25:6
ਇਨਾਮਾਂ	1	1	1	0	1CO 9:17
ਇਨ੍ਹਾਂ	409	409	39	440	GEN 10:32
ਇਪਫ਼ਰਾਸ	1	1	1	4	PHM 1:23
ਇਪਫ੍ਰਾਸ	2	2	1	0	COL 1:7
ਇਪਾਫ਼ਰੋਦੀਤੁਸ	2	2	1	6	PHP 2:25
ਇਪੈਨੇਤੁਸ	1	1	1	1	ROM 16:5
ਇਫਰਾਈਮ	13	13	5	0	1SA 1:1
ਇਫਰਾਈਮੀਆਂ	3	3	1	0	1CH 12:30
ਇਫਰਾਥਾਹ	1	1	1	0	RUT 4:11
ਇਫਰਾਥੀ	3	3	3	0	RUT 1:2
ਇਫ਼ਰਾਈਮ	48	48	5	170	GEN 41:52
ਇਫ਼ਰਾਈਮੀ	3	3	1	6	JDG 12:5
ਇਫ਼ਰਾਈਮੀਆਂ	5	5	1	14	JDG 7:24
ਇਫ਼ੇਸਸ	1	1	1	0	1CO 16:8
ਇਬਰਾਨਣ	2	2	2	2	DEU 15:12
ਇਬਰਾਨਣਾਂ	2	2	1	2	EXO 1:16
ਇਬਰਾਨੀ	30	30	11	39	GEN 14:13
ਇਬਰਾਨੀਆਂ	18	18	6	22	GEN 40:15
ਇਬਲੀਸ	2	2	1	2	REV 12:9
ਇਬਸਾਨ	2	2	1	3	JDG 12:8
ਇਮਰੀ	2	2	2	2	1CH 9:4
ਇਮਾਨਦਾਰ	2	2	2	7	TIT 2:7
ਇਮਾਨਦਾਰੀ	3	3	3	4	2CH 34:12
ਇਮਾਰਤ	4	4	3	2	EZK 42:5
ਇਮਾਰਤਾਂ	3	3	2	3	MAT 24:1
ਇਯੇਅਬਾਰੀਮ	1	1	1	0	NUM 33:44
ਇਰ	1	1	1	0	JOS 19:41
ਇਰਦੇ	2	2	2	0	1CH 28:12
ਇਰਸਤੁਸ	2	2	2	2	ACT 19:22
ਇਰਾਦਾ	3	3	3	10	2CH 11:22
ਇਰਾਦੇ	5	5	3	4	ACT 22:30
ਇਲ	1	1	1	0	MRK 4:1
ਇਲਜਫਾਨ	1	1	1	0	LEV 10:4
ਇਲਜ਼ਾਮ	1	1	1	1	2PE 2:11
ਇਲਮ	1	1	1	0	NEH 7:12
ਇਲਮਾਸ	1	1	1	1	ACT 13:8
ਇਲਾਕਾ	3	3	2	4	GEN 48:22
ਇਲਾਕਿਆਂ	6	6	4	9	JOS 22:10
ਇਲਾਕਿਓ	1	1	1	1	JOL 3:4
ਇਲਾਕੇ	28	28	8	42	DEU 3:4
ਇਲਾਜ	6	6	6	7	2CH 22:6
ਇਲਾਜ਼	2	2	1	2	1CO 12:28
ਇਲਾਮੀ	1	1	1	1	ACT 2:9
ਇਲਾਵਾ	2	2	2	30	JHN 17:12
ਇਲੀਸਬਤ	9	9	1	10	LUK 1:5
ਇਵਜ਼	1	1	1	0	1CO 9:10
ਇਵਾਣੇ	1	1	1	0	EPH 4:14
ਇਵੇਂ	18	18	7	3	2SA 5:25
ਇਸ	1947	1947	57	4439	GEN 2:23
ਇਸਕਰਿਯੋਤੀ	11	11	4	12	MAT 10:4
ਇਸਤਰੀ	1	1	1	194	GEN 12:11
ਇਸਤਰੀਆਂ	6	6	3	97	EXO 35:25
ਇਸਤੀਫ਼ਾਨ	8	8	1	10	ACT 6:5
ਇਸਤੇ	2	2	2	0	JHN 19:6
ਇਸਤੇਮਾਨ	1	1	1	0	1CO 9:12
ਇਸਤੇਮਾਲ	7	7	4	7	JHN 16:25
ਇਸਤੋਂ	13	13	3	0	JHN 1:50
ਇਸਤ੍ਰੀ	35	35	15	12	LEV 27:4
ਇਸਤ੍ਰੀਆ	1	1	1	0	ACT 1:14
ਇਸਤ੍ਰੀਆਂ	24	24	10	5	EXO 15:20
ਇਸਥਿਰ	18	18	6	0	1CH 17:11
ਇਸਦਾ	16	16	4	2	JHN 2:19
ਇਸਦੀ	4	4	4	0	EXO 38:31
ਇਸਦੇ	10	10	3	1	JHN 7:46
ਇਸਨੂੰ	50	50	7	0	JHN 1:5
ਇਸਨੇ	4	4	1	0	JHN 9:30
ਇਸਮਾਏਲ	18	18	2	50	GEN 16:11
ਇਸਮਾਏਲੀ	1	1	1	3	JDG 8:24
ਇਸਮਾਏਲੀਆਂ	3	3	1	4	GEN 37:25
ਇਸਰਤੀ	1	1	1	3	EZK 16:32
ਇਸਰਾਇਲ	11	11	1	0	DEU 20:3
ਇਸਰਾਇਲਿਆਂ	1	1	1	0	EZR 6:21
ਇਸਰਾਇਲੀ	6	6	1	0	2SA 4:1
ਇਸਰਾਇਲੀਓ	1	1	1	0	2CH 13:12
ਇਸਰਾਈਲਆਂ	2	2	1	0	DEU 31:22
ਇਸਰਾਏਲ	1844	1844	46	2045	GEN 32:28
ਇਸਰਾਏਲਣ	2	2	1	0	LEV 24:10
ਇਸਰਾਏਲਦੇ	2	2	2	0	2SA 19:42
ਇਸਰਾਏਲਪਲੀਤ	1	1	1	0	HOS 6:10
ਇਸਰਾਏਲਲੀਆਂ	1	1	1	0	JDG 21:18
ਇਸਰਾਏਲਿਆ	3	3	2	0	LEV 19:2
ਇਸਰਾਏਲਿਆਂ	6	6	3	0	LEV 10:14
ਇਸਰਾਏਲਿਓ	2	2	1	0	ACT 2:22
ਇਸਰਾਏਲੀ	168	168	25	227	GEN 32:32
ਇਸਰਾਏਲੀਆਂ	526	526	27	590	GEN 36:31
ਇਸਰਾਏਲੀਓ	10	10	6	13	JDG 20:7
ਇਸਰਾਲੀ	1	1	1	0	EZR 2:2
ਇਸਰੇਲੀ	1	1	1	0	EZK 4:13
ਇਸਰੇਲੀਆਂ	6	6	4	0	EZR 7:7
ਇਸਲਈ	3	3	2	0	JHN 2:13
ਇਸਹਾਕ	131	131	20	143	GEN 17:19
ਇਸ਼ਕ	1	1	1	1	EZK 23:11
ਇਸ਼ਤਿਮੋਆ	1	1	1	0	1SA 30:28
ਇਸ਼ਨਾਨ	1	1	1	6	TIT 3:5
ਇਸ਼ਬੀ	1	1	1	0	2SA 21:16
ਇਸ਼ਮਏਲੀ	1	1	1	0	1CH 2:17
ਇਸ਼ਮਾਏਲ	29	29	4	0	2KI 25:23
ਇਸ਼ਮਾਏਲੀ	1	1	1	0	1CH 27:30
ਇਸ਼ਾਰਾ	1	1	1	18	JHN 13:24
ਇਸ਼ੁਰ	1	1	1	0	PHP 3:19
ਇਸਾਰੇਲ	1	1	1	0	JER 44:11
ਇਸਾਰੇਲੀ	1	1	1	0	1SA 14:24
ਇਸੇ	204	204	40	338	LEV 7:1
ਇਸੇਕੁ	3	3	1	0	2KI 7:1
ਇਹ	2791	2791	59	4995	GEN 1:22
ਇਹਦਾ	1	1	1	0	GEN 29:27
ਇਹਦੇ	1	1	1	0	GEN 15:14
ਇਹਨਾ	1	1	1	0	JER 42:2
ਇਹਨਾਂ	82	82	8	230	DEU 14:7
ਇਹੀ	52	52	10	23	EZR 10:5
ਇਹੀਓ	1	1	1	0	2KI 19:25
ਇਹੋ	132	132	36	204	EXO 12:42
ਇੰਜੀਲ	23	23	10	42	MAT 0:0
ਇੰਜੀਲੀ	1	1	1	0	PHP 2:22
ਇੰਝ	5	5	4	1	JHN 21:6
ਇੰਤਜ਼ਾਰ	12	12	6	4	JHN 3:29
ਇੰਤਜਾਮ	1	1	1	0	ROM 13:2
ਇੰਤਜਾਰ	2	2	1	0	1TH 3:1
ਇੰਦਰਇਨ	1	1	1	0	HOS 10:4
ਇੰਦਰਾਇਨ	1	1	1	0	AMO 6:12
ਇੰਦਰੀ	1	1	1	1	DEU 23:1
ਇੰਦਰੀਆਂ	1	1	1	2	HEB 5:14
ਇੰਨਾ	11	11	9	0	JOS 14:11
ਇੰਨਾਂ	1	1	1	0	EPH 5:6
ਇੰਨਾਕੁ	1	1	1	0	HEB 1:4
ਇੰਨਾਮ	1	1	1	0	DAN 5:17
ਇੰਨਿਆਂ	1	1	1	0	JOL 2:25
ਇੰਨੀ	3	3	3	0	JOB 41:10
ਇੰਨੀਆਂ	2	2	1	0	JER 24:2
ਇੰਨੇ	6	6	5	0	EZR 9:14
ਇੰਨ੍ਹਾ	29	29	6	0	LEV 2:8
ਇੰਨ੍ਹਾਂ	10	10	5	32	LEV 22:22
ਇੰਮਊਸ	1	1	1	2	LUK 24:13
ਇੰਮਾਨੂਏਲ	3	3	2	4	ISA 7:14
ਇੰਮੇਰ	9	9	4	10	1CH 9:12
ਇੱਕ	4298	4298	60	4160	GEN 1:9
ਇੱਕ-ਇੱਕ	2	2	1	119	JHN 8:9
ਇੱਕ-ਮਿਕ	1	1	1	0	1CO 6:16
ਇੱਕਠ	2	2	2	0	GEN 1:10
ਇੱਕਠਾ	30	30	17	0	NUM 1:18
ਇੱਕਠਿਆ	1	1	1	0	2SA 20:4
ਇੱਕਠਿਆਂ	11	11	7	0	1SA 5:11
ਇੱਕਠੀ	10	10	6	0	LEV 8:4
ਇੱਕਠੀਆਂ	7	7	5	0	2SA 6:1
ਇੱਕਠੇ	57	57	21	0	GEN 1:9
ਇੱਕਤਾਲੀ	5	5	4	6	NUM 1:41
ਇੱਕਤਾਲੀਆਂ	1	1	1	1	1KI 14:21
ਇੱਕਦਿਨ	1	1	1	0	JOB 1:6
ਇੱਕਲਵੰਜਾ	1	1	1	0	HOS 4:14
ਇੱਕਲਾ	25	25	16	0	GEN 2:18
ਇੱਕਲਿਆਂ	2	2	2	1	RUT 1:16
ਇੱਕਲੀ	4	4	4	0	NUM 23:9
ਇੱਕਲੇ	7	7	6	0	1KI 11:29
ਇੱਕਲੌਤਾ	3	3	2	3	LUK 9:38
ਇੱਕਲੌਤੇ	1	1	1	1	JHN 1:14
ਇੱਕਵਾਗਾ	1	1	1	0	JOB 23:13
ਇੱਕਸਾਰ	1	1	1	0	JDG 20:40
ਇੱਕੀ	5	5	4	5	EXO 12:18
ਇੱਕੀਆਂ	4	4	4	4	2KI 24:18
ਇੱਕੀਵਾਂ	2	2	1	0	1CH 24:17
ਇੱਕੇ	10	10	7	1	GEN 17:26
ਇੱਕੇਸ਼	3	3	2	3	2SA 23:26
ਇੱਕੋ	184	184	41	201	GEN 27:38
ਇੱਕੋਇ	1	1	1	0	JOB 9:22
ਇੱਕੋਈ	4	4	2	0	GEN 11:1
ਇੱਖਿਓ	1	1	1	0	DEU 18:9
ਇੱਛਆ	1	1	1	0	PRO 10:24
ਇੱਛਾ	23	23	9	70	DEU 12:15
ਇੱਛਾਵਾਂ	7	7	4	1	1CO 7:9
ਇੱਛਿਆ	55	55	21	24	DEU 14:26
ਇੱਛਿਆਂ	2	2	2	1	JOB 31:16
ਇੱਛੀਆ	1	1	1	0	EZR 7:13
ਇੱਜਤ	1	1	1	0	2CH 18:1
ਇੱਜ਼ਤ	13	13	5	8	2CH 17:5
ਇੱਜੜ	159	159	31	159	GEN 4:4
ਇੱਜੜਦੇ	1	1	1	0	SNG 1:8
ਇੱਜੜਾ	2	2	2	0	DEU 12:6
ਇੱਜੜਾਂ	37	37	14	41	GEN 4:2
ਇੱਟ	3	3	2	3	JOS 7:21
ਇੱਟਾਂ	12	12	4	13	GEN 11:3
ਇੱਡਾ	1	1	1	0	JDG 5:28
ਇੱਡੀ	1	1	1	0	JDG 18:23
ਇੱਤਈ	7	7	1	8	2SA 15:19
ਇੱਤਾਕਾਸੀਨ	1	1	1	1	JOS 19:13
ਇੱਥੇ	32	32	10	148	JDG 4:20
ਇੱਥੋਂ	24	24	12	58	EXO 10:6
ਇੱਦਾਂ	5	5	2	0	EST 9:14
ਇੱਦੋ	12	12	6	14	1KI 4:14
ਇੱਧਰ	4	4	4	21	JOB 11:18
ਇੱਧਰ-ਉੱਧਰ	1	1	1	24	ACT 27:27
ਇੱਨੀਆਂ	1	1	1	0	1KI 8:5
ਇੱਫਤਾ	1	1	1	1	MRK 7:34
ਇੱਯੀਮ	1	1	1	1	JOS 15:29
ਇੱਲ	2	2	2	2	LEV 11:14
ਇੱਲਾਂ	1	1	1	1	ISA 34:15
ਇੱਲੁਰਿਕੁਨ	1	1	1	1	ROM 15:19
ਇੱਵਾਹ	3	3	2	3	2KI 18:34
ਇੱਸੇ	2	2	2	0	1CH 17:25
ਈ	17	17	5	70	JDG 6:17
ਈਅਜ਼ਰ	1	1	1	1	NUM 26:30
ਈਅਜ਼ਰੀਆਂ	1	1	1	1	NUM 26:30
ਈਕਾਬੋਦ	2	2	1	2	1SA 4:21
ਈਜ਼	1	1	1	0	1KI 19:2
ਈਜ਼ਬਲ	22	22	3	24	1KI 16:31
ਈਥਈ	1	1	1	1	1CH 11:31
ਈਥਮਾਰ	1	1	1	0	1CH 24:1
ਈਥਾਮਾਰ	16	16	5	20	EXO 6:23
ਈਥੀਏਲ	3	3	2	3	NEH 11:7
ਈਬਰੀ	1	1	1	1	1CH 24:27
ਈਮਾਨ	3	3	3	0	DEU 32:20
ਈਮਾਨਦਾਰ	2	2	2	0	NEH 13:13
ਈਮਾਨਦਾਰੀ	1	1	1	0	2CH 31:15
ਈਮਾਨੀ	1	1	1	0	EZR 9:4
ਈਮੇਰ	1	1	1	0	NEH 7:40
ਈਯੇ	2	2	1	1	NUM 21:11
ਈਯੋਨ	3	3	3	3	1KI 15:20
ਈਰ	2	2	1	1	1CH 4:15
ਈਰਖਾ	10	10	7	20	PSA 68:16
ਈਰਖਾਲੂ	3	3	2	2	1CO 10:22
ਈਰਨਾਹਾਸ਼	1	1	1	0	1CH 4:12
ਈਰਾ	6	6	2	6	2SA 20:26
ਈਰਾਦ	2	2	1	2	GEN 4:18
ਈਰਾਮ	2	2	2	2	GEN 36:43
ਈਰੀ	1	1	1	1	1CH 7:7
ਈਲਈ	1	1	1	1	1CH 11:29
ਈਸ਼ਬੋਸ਼	1	1	1	0	2SA 3:8
ਈਸ਼ਬੋਸ਼ਥ	10	10	1	14	2SA 2:8
ਈਸ਼ਬੋਸ਼ਬ	1	1	1	0	2SA 3:15
ਈਸ਼ਹੋਦ	1	1	1	1	1CH 7:18
ਈਸ਼ੁਰ	2	2	2	0	2CO 4:4
ਈਸ਼ੁਰਤਾਈ	1	1	1	0	ROM 1:20
ਈਸ਼ੁਰਾਂ	1	1	1	0	DAN 11:36
ਈਸਾਈ	2	2	1	6	1CO 5:11
ਈਹ	1	1	1	0	2SA 3:39
ਉ	1	1	1	0	ZEP 3:20
ਉਂ	1	1	1	0	DEU 4:12
ਉਂਗਲ	23	23	9	23	EXO 8:19
ਉਂਗਲਾਂ	5	5	2	5	PRO 6:13
ਉਂਗਲਿਆਂ	3	3	2	0	2SA 21:20
ਉਂਗਲੀ	5	5	3	4	EXO 29:12
ਉਂਗਲੀਆਂ	10	10	5	14	1CH 20:6
ਉਂਘਲਾਇਆ	2	2	1	2	ACT 20:9
ਉਂਘਲਾਉਂਦਾ	1	1	1	1	ISA 5:27
ਉਂਘਲਾਵੇਗਾ	2	2	1	2	PSA 121:3
ਉਂਨੀਵਾਂ	1	1	1	0	1CH 24:16
ਉਂਨ੍ਹਾਂ	13	13	1	0	LEV 14:24
ਉਏ	1	1	1	0	1KI 13:30
ਉਕਰਾਈ	3	3	1	0	EXO 28:21
ਉਕਸਾਇਆ	6	6	4	10	JDG 2:12
ਉਕਸਾਉਂਦਾ	1	1	1	0	ISA 64:7
ਉਕਸਾਉਣ	4	4	4	1	JDG 13:25
ਉਕਸਾਏ	2	2	2	2	JER 50:41
ਉਕਸਾਓ	3	3	1	3	SNG 2:7
ਉਕਸਾਹਟ	1	1	1	0	1CO 10:13
ਉਕਸਾਹਟਾਂ	2	2	1	0	1CO 10:13
ਉਕਾਂਬਾ	1	1	1	0	2SA 1:23
ਉਕਾਬ	25	25	14	25	EXO 19:4
ਉਕਾਬਾ	1	1	1	0	LAM 4:19
ਉਕਾਬਾਂ	3	3	3	6	ISA 40:31
ਉਕਿਹ	1	1	1	0	2SA 13:25
ਉਖਾੜ	5	5	3	5	DEU 29:28
ਉਖਾੜੇ	1	1	1	2	ISA 33:20
ਉਖੇੜ	2	2	2	2	1KI 14:15
ਉਖੇੜੇ	1	1	1	0	DEU 28:63
ਉਖੜ	1	1	1	1	ISA 22:25
ਉਗ	5	5	2	0	LEV 25:5
ਉਗਣ	2	2	2	0	1CO 15:36
ਉਗਦਾ	2	2	2	0	1KI 4:33
ਉਗਰ	1	1	1	0	EZR 4:10
ਉਗਰਾਈ	1	1	1	0	1CO 16:1
ਉਗਰਾਹ	1	1	1	0	DEU 15:3
ਉਗਰਾਹੀ	1	1	1	3	AMO 5:11
ਉਗਰਾਹੁਣ	1	1	1	1	MAT 17:24
ਉਗਰਾਹੇ	1	1	1	0	DEU 15:2
ਉਗਲ	1	1	1	7	REV 3:16
ਉਗਲਾਛ	4	4	1	0	LEV 18:25
ਉਗਲੱਛ	1	1	1	1	PRO 25:16
ਉਗਲੱਛੇਗਾ	1	1	1	0	JOB 20:15
ਉਗਵਾਹੀ	1	1	1	0	NEH 10:31
ਉਗਵੇ	1	1	1	0	JOB 38:27
ਉਗਾਇਆ	4	4	3	3	GEN 1:12
ਉਗਾਉਂਦਾ	3	3	2	2	PSA 104:14
ਉਗਾਉਂਦੀ	1	1	1	1	HEB 6:7
ਉਗਾਉਣਗੇ	2	2	1	2	LEV 26:4
ਉਗਾਏ	1	1	1	3	DEU 33:14
ਉਗਾਰਾਹੀ	1	1	1	0	ROM 15:26
ਉਗਾਲੀ	11	11	2	0	LEV 11:3
ਉਗਾਵਾਂਗਾ	3	3	2	3	JER 33:15
ਉਗਾਵੇ	2	2	2	4	GEN 1:11
ਉਗਾਵੇਗਾ	2	2	1	0	LEV 25:19
ਉਗਾਵੇਗੀ	1	1	1	0	LEV 26:20
ਉਗਾਹ	1	1	1	0	LEV 5:1
ਉਗਾਹੀ	4	4	4	1	EXO 22:13
ਉਗਾਹੀਆਂ	2	2	1	0	MAT 15:19
ਉਘਾੜ	2	2	2	1	PRO 20:13
ਉਘਾੜਣ	3	3	1	0	LEV 18:17
ਉਘਾੜਣਾ	1	1	1	0	LEV 20:19
ਉਘਾੜਨ	1	1	1	4	LEV 18:6
ਉਘਾੜਿਆ	5	5	2	5	LEV 20:11
ਉਘਾੜੀਂ	13	13	1	14	LEV 18:7
ਉਘਾੜੇ	1	1	1	1	LEV 20:18
ਉਚਰਨ	1	1	1	1	PSA 119:171
ਉਚਰੀ	1	1	1	0	ACT 1:1
ਉਚਰੇਗਾ	1	1	1	0	PRO 23:33
ਉਚਰੋ	1	1	1	0	JOS 23:7
ਉਚਾਈ	18	18	6	23	GEN 6:15
ਉਚਾਨ	4	4	1	1	1KI 6:2
ਉਚਾਰ	1	1	1	0	LUK 7:7
ਉਚਾਰਨ	1	1	1	0	1CH 29:20
ਉਚਾਰਾਂਗਾ	2	2	2	1	PSA 78:2
ਉਚਾਰਿਆ	4	4	1	0	EZK 5:13
ਉਚਿਆਈ	24	24	12	37	JOS 12:23
ਉਚਿਆਈਆਂ	9	9	6	8	NUM 21:28
ਉਚਿਤ	6	6	5	0	PRO 25:27
ਉਚਿੱਤ	1	1	1	0	EZR 7:24
ਉਚੇ	1	1	1	0	1CH 29:11
ਉਚੇਰੀ	1	1	1	0	DEU 9:2
ਉਚੇਰੇ	3	3	2	0	DEU 2:10
ਉਛਾਲ	3	3	2	3	JOB 26:12
ਉਛਾਲਦਾ	2	2	2	2	ISA 51:15
ਉਛਾਲਦੀਆਂ	2	2	2	2	ISA 57:20
ਉਜਲੀ	1	1	1	0	ACT 26:13
ਉਜਲੇ	1	1	1	1	PSA 34:5
ਉਜ਼ਰ	14	14	4	0	LUK 14:18
ਉਜ਼ੀਏਲ	1	1	1	0	1CH 15:10
ਉਜ਼ੀਯਾਹ	14	14	2	0	2CH 26:1
ਉਜਾਗਰ	20	20	11	17	1KI 1:47
ਉਜਾਰਗ	2	2	1	0	RUT 4:11
ਉਜਾਲਾ	2	2	2	0	LUK 2:32
ਉਜਾਲੇ	4	4	2	4	PSA 74:16
ਉਜਾੜ	360	360	37	372	GEN 14:6
ਉਜਾੜਦਾ	1	1	1	2	DAN 9:27
ਉਜਾੜਦੀ	1	1	1	0	PSA 91:6
ਉਜਾੜਦੇ	1	1	1	0	JDG 6:5
ਉਜਾੜਨ	6	6	4	8	ISA 49:17
ਉਜਾੜਨਗੇ	1	1	1	1	DAN 9:26
ਉਜਾੜਾਂ	8	8	4	8	EZK 13:4
ਉਜਾੜਾਂਗਾ	6	6	2	4	LEV 26:31
ਉਜਾੜਿਆ	1	1	1	2	EZK 36:3
ਉਜਾੜੀ	1	1	1	1	EZK 25:3
ਉਜਾੜੀਏ	1	1	1	0	JER 4:30
ਉਜਾੜੂ	1	1	1	1	PRO 28:24
ਉਜਾੜੋਂ	2	2	2	1	JDG 11:22
ਉਜਿਆਲੇ	2	2	1	2	HEB 6:4
ਉਜਿਏਲ	1	1	1	0	LEV 10:4
ਉਜੜ	3	3	3	3	LEV 26:33
ਉਜੜਦਾ	1	1	1	0	PSA 80:13
ਉਜੜਨ	1	1	1	0	MAT 24:15
ਉਜੱੜ	1	1	1	0	EZK 29:9
ਉਠ	12	12	6	0	JOS 1:2
ਉਠਣ	1	1	1	0	DEU 33:11
ਉਠਦਾ	1	1	1	0	PSA 74:23
ਉਠਦਿਆਂ	1	1	1	0	JHN 11:31
ਉਠਾ	19	19	10	16	2KI 9:2
ਉਠਾਂਗਾ	1	1	1	0	PSA 12:5
ਉਠਾਇਆ	18	18	13	12	JDG 3:15
ਉਠਾਈ	3	3	2	1	GEN 39:15
ਉਠਾਈਆਂ	2	2	2	0	MAT 27:52
ਉਠਾਉਂਦਾ	2	2	2	4	DEU 33:3
ਉਠਾਉਂਦੇ	1	1	1	1	PSA 83:2
ਉਠਾਉਣ	6	6	5	8	2SA 12:17
ਉਠਾਉਣਗੀਆਂ	1	1	1	1	EZK 36:7
ਉਠਾਉਣਗੇ	4	4	3	4	ISA 45:16
ਉਠਾਉਣਾ	1	1	1	1	1TH 4:6
ਉਠਾਏ	4	4	4	1	ISA 53:4
ਉਠਾਓ	4	4	2	2	PSA 75:4
ਉਠਾਓਗੀਆਂ	1	1	1	0	EZK 23:49
ਉਠਾਓਗੇ	1	1	1	1	ISA 45:17
ਉਠਾਲ	1	1	1	0	ACT 13:33
ਉਠਾਲਣ	2	2	2	0	JHN 11:11
ਉਠਾਲਿਆ	4	4	2	0	MRK 1:31
ਉਠਾਵਾਂ	1	1	1	1	PSA 28:2
ਉਠਾਵਾਂਗਾ	5	5	3	7	ISA 46:4
ਉਠਾਵੇ	1	1	1	1	EZK 21:22
ਉਠਾਵੇਂ	1	1	1	0	ISA 49:8
ਉਠਾਵੇਂਗਾ	2	2	2	1	PSA 71:20
ਉਠਾਵੇਗਾ	3	3	3	2	JER 50:32
ਉਠਾਵੋਗੇ	1	1	1	1	EZK 36:30
ਉਠਿਆ	3	3	3	0	NUM 11:1
ਉਠੀਏ	1	1	1	0	NEH 2:18
ਉਠੇਂਗਾ	1	1	1	0	PSA 73:20
ਉਠੇਗਾ	2	2	2	0	PSA 2:12
ਉਠੋ	1	1	1	0	JHN 14:31
ਉਠੱਣ	1	1	1	0	LAM 3:63
ਉਠੱਣਗੇ	1	1	1	0	DEU 2:25
ਉਡਣੇ	1	1	1	0	JOB 26:13
ਉਡਦੀ	1	1	1	0	PSA 35:5
ਉਡਾ	22	22	15	24	EXO 9:10
ਉਡਾਇਆ	3	3	3	7	2CH 36:16
ਉਡਾਈ	3	3	1	2	JOB 2:12
ਉਡਾਈਦਾ	1	1	1	0	GAL 6:7
ਉਡਾਉਂਦਾ	5	5	3	5	PRO 15:15
ਉਡਾਉਂਦੀ	1	1	1	4	1TI 5:6
ਉਡਾਉਂਦੇ	4	4	3	6	JOB 16:20
ਉਡਾਉਣ	4	4	4	7	EXO 32:25
ਉਡਾਉਣਗੇ	1	1	1	1	JER 51:2
ਉਡਾਊ	1	1	1	1	PRO 18:9
ਉਡਾਏ	4	4	4	6	PSA 83:13
ਉਡਾਰੀ	2	2	1	2	PSA 18:10
ਉਡਾਵਾਂ	1	1	1	0	2SA 16:9
ਉਡਾਵਾਂਗਾ	1	1	1	1	NAM 3:6
ਉਡਾਵੇ	2	2	2	2	EXO 9:8
ਉਡਾਵੇਂਗਾ	1	1	1	1	PSA 59:8
ਉਡਾਵੇਗਾ	1	1	1	2	PSA 2:4
ਉਡੀਕ	59	59	23	73	GEN 43:25
ਉਡੀਕਣ	5	5	3	4	JDG 3:26
ਉਡੀਕਣਗੇ	1	1	1	1	ISA 42:4
ਉਡੀਕਣਾ	1	1	1	1	JHN 4:35
ਉਡੀਕਦਾ	7	7	5	9	JOB 7:2
ਉਡੀਕਦਿਆਂ	2	2	1	0	PSA 69:3
ਉਡੀਕਦੀ	4	4	3	6	JOB 24:15
ਉਡੀਕਦੇ	20	20	9	19	JDG 3:25
ਉਡੀਕਵਾਨ	1	1	1	0	1CO 1:7
ਉਡੀਕਾਂਗਾ	1	1	1	2	ISA 8:17
ਉਡੀਕਿਆ	9	9	5	8	GEN 49:18
ਉਡੀਕੀਏ	3	3	2	2	MAT 11:3
ਉਡੀਕੇ	1	1	1	1	JOB 3:9
ਉਣ	4	4	4	0	JDG 16:13
ਉਣਤਾਲੀ	1	1	1	0	EZR 2:42
ਉਣਤੀ	1	1	1	1	EXO 39:1
ਉਣਾਹਟ	2	2	1	0	NUM 1:23
ਉਣਿਆ	3	3	1	4	EXO 39:3
ਉਣੀ	6	6	1	7	EXO 27:9
ਉਣੀਂਦਰੇ	1	1	1	1	PRO 4:16
ਉਣੀਂਦਿਆਂ	2	2	1	1	2CO 6:5
ਉਣੀਆਂ	1	1	1	1	EXO 39:28
ਉਣੇ	15	15	1	13	EXO 26:1
ਉਣੰਝਾ	1	1	1	0	LEV 25:8
ਉਤਨਾ	1	1	1	0	LEV 25:27
ਉਤਪਤ	38	38	14	32	GEN 0:0
ਉਤਪਨ	1	1	1	0	JER 31:22
ਉਤਪੰਨ	14	14	6	15	GEN 2:4
ਉਤਰ	46	46	21	89	NUM 11:17
ਉਤਰਦਾ	3	3	3	2	NUM 11:9
ਉਤਰਦੀ	5	5	2	3	ACT 10:11
ਉਤਰਦੇ	7	7	5	4	PSA 22:29
ਉਤਰਨ	3	3	3	2	GEN 46:4
ਉਤਰਨਗੇ	2	2	1	3	EZK 31:14
ਉਤਰਨਾ	3	3	2	3	PSA 72:6
ਉਤਰਲੀ	1	1	1	0	LEV 1:11
ਉਤਰਾਂਗਾ	2	2	2	2	1SA 26:6
ਉਤਰਾਈ	2	2	2	2	JER 48:5
ਉਤਰਿਆ	30	30	14	31	NUM 11:25
ਉਤਰਿਆਂ	1	1	1	0	2SA 22:10
ਉਤਰੀ	17	17	5	19	JOS 15:18
ਉਤਰੇ	18	18	10	11	GEN 15:11
ਉਤਰੇਗਾ	6	6	4	4	1SA 26:6
ਉਤਲਾ	1	1	1	0	EXO 36:19
ਉਤਲਿਆਂ	2	2	1	0	PHP 2:10
ਉਤਲੀ	7	7	6	1	GEN 40:17
ਉਤਲੀਆਂ	5	5	3	0	2SA 5:24
ਉਤਲੇ	8	8	8	0	EXO 37:16
ਉਤਸਤ	4	4	2	0	2SA 14:25
ਉਤਸਾਹ	2	2	2	0	1CH 22:13
ਉਤਸਾਹਤ	3	3	2	0	1TH 2:3
ਉਤਸਾਹਿਤ	2	2	2	0	1CO 8:10
ਉਤਸੁਕ	1	1	1	0	1PE 1:12
ਉਤਸੁਕਤਾ	1	1	1	0	2PE 3:12
ਉਤਾਂਹ	8	8	6	5	EXO 25:21
ਉਤਾਂਹਾਂ	2	2	2	1	PSA 7:7
ਉਤਾਰ	18	18	11	36	GEN 43:4
ਉਤਾਰਨ	2	2	2	6	MRK 15:36
ਉਤਾਰਨਗੇ	1	1	1	1	GEN 44:31
ਉਤਾਰਨਾ	1	1	1	1	ACT 21:3
ਉਤਾਰਿਆ	14	14	7	16	JOS 2:18
ਉਤਾਰੇ	3	3	3	1	JDG 19:18
ਉਤਾਰੋ	1	1	1	1	2JN 1:10
ਉਤਾਰੋਗੇ	2	2	1	2	GEN 42:38
ਉਤਾਹਾ	2	2	2	0	1KI 1:35
ਉਤਾਹਾਂ	191	191	37	130	GEN 1:20
ਉਤੁਰਿਆ	1	1	1	0	2SA 21:15
ਉਤੇ	19	19	11	0	GEN 43:21
ਉਤੋਂ	1	1	1	0	1SA 25:23
ਉਤ੍ਰਿਆ	1	1	1	0	NEH 9:13
ਉਥਾਨ	1	1	1	1	JHN 11:25
ਉਥੇ	85	85	7	0	JHN 1:28
ਉਥੋ	1	1	1	0	MRK 9:46
ਉਥੋਂ	16	16	7	0	2SA 3:35
ਉਦਮੀ	1	1	1	0	PRO 21:5
ਉਦਰਾਵੇਗਾ	1	1	1	0	LEV 26:6
ਉਦਾਂ	4	4	1	0	EZK 22:20
ਉਦਾਰ	2	2	2	0	JAS 1:5
ਉਦਾਲਿਓਂ	2	2	2	0	NUM 21:4
ਉਦਾਲੇ	16	16	8	1	GEN 35:5
ਉਦਾਸ	58	58	24	57	GEN 40:6
ਉਦਾਸਾਂ	1	1	1	1	2CO 6:10
ਉਦਾਸੀ	11	11	8	15	1KI 21:5
ਉਦਾਹਰਣ	4	4	4	13	1CO 10:11
ਉਦੇਸ਼	4	4	2	97	1CO 7:32
ਉਦੋਂ	38	38	9	20	NUM 4:15
ਉਧਰ	5	5	4	0	DEU 15:8
ਉਧਰੇ	1	1	1	0	2KI 4:8
ਉਧਰੋਂ	1	1	1	1	2KI 4:8
ਉਧਾਰ	15	15	8	22	EXO 22:14
ਉਧਾਰੀਆਂ	1	1	1	0	LUK 11:5
ਉਧੇੜ	1	1	1	1	LEV 1:6
ਉਧੇੜਿਆ	1	1	1	1	MRK 2:4
ਉਧੇੜੇਗਾ	1	1	1	0	NUM 24:17
ਉਨ	3	3	3	0	GEN 37:35
ਉਨਤਾਲੀਵੇਂ	3	3	2	1	2KI 15:13
ਉਨਤੀ	1	1	1	1	PRO 14:34
ਉਨਹਆਂ	1	1	1	0	TIT 1:1
ਉਨਹੱਤਰਾਂ	1	1	1	0	GEN 5:27
ਉਨਾਂ	10	10	7	9	LEV 9:14
ਉਨਾਲ	2	2	1	0	PRO 10:5
ਉਨੀਂ	2	2	2	2	1SA 28:1
ਉਨੀਵਾਂ	1	1	1	0	1CH 25:26
ਉਨੇਸਿਫ਼ੁ	1	1	1	0	2TI 1:16
ਉਨੇਸਿਫ਼ੁਰੁਸ	1	1	1	2	2TI 4:19
ਉਨੇਸਿਮੁਸ	2	2	2	11	COL 4:9
ਉਨ੍ਹਾ	96	96	2	15	NEH 9:21
ਉਨ੍ਹਾਂ	6927	6927	58	6688	GEN 1:17
ਉਨ੍ਹਾਂਦੀ	1	1	1	0	ZEP 2:14
ਉਨ੍ਹਾਲ	1	1	1	0	PSA 74:17
ਉਨ੍ਹੀਂ	32	32	13	9	GEN 6:4
ਉਨੰਤੀ	1	1	1	0	EZR 1:9
ਉਨੱਤੀ	5	5	4	9	JOS 15:32
ਉਨੱਤੀਆਂ	1	1	1	0	GEN 11:24
ਉਪਕਾਰ	7	7	6	5	LEV 19:24
ਉਪਕਾਰਣ	1	1	1	0	ROM 16:2
ਉਪਕਾਰਾਂ	1	1	1	2	PSA 116:12
ਉਪਕਾਰੀ	1	1	1	0	PRO 19:6
ਉਪਜ	4	4	3	25	JOB 15:29
ਉਪਜਣਗੇ	1	1	1	1	ISA 44:4
ਉਪਜਾਉਂਦਾ	1	1	1	1	ISA 61:11
ਉਪਜਾਊ	2	2	2	14	2CH 26:10
ਉਪਜਾਵੇ	1	1	1	1	GEN 1:24
ਉਪਜਾਵੇਗੀ	1	1	1	5	GEN 3:18
ਉਪਜਿਆ	1	1	1	1	GEN 2:5
ਉਪਜੀਆਂ	1	1	1	0	LUK 24:38
ਉਪਦੇਸ਼	144	144	18	115	DEU 32:2
ਉਪਦੇਸ਼ਕ	18	18	7	58	ECC 0:0
ਉਪਦੇਸ਼ਕਾਂ	1	1	1	44	2PE 2:11
ਉਪਦੇਸ਼ਾਂ	9	9	4	1	JHN 7:17
ਉਪਨਾਮ	1	1	1	0	ACT 1:23
ਉਪਮਾ	14	14	8	8	1CH 16:27
ਉਪਮਾਣ	1	1	1	0	PSA 45:4
ਉਪਰ	1	1	1	0	JHN 12:14
ਉਪਰਲਾ	4	4	4	0	JDG 9:53
ਉਪਰਲੀ	1	1	1	0	RUT 3:15
ਉਪਰਲੀਆਂ	1	1	1	0	1CH 28:11
ਉਪਰਲੇ	6	6	4	4	EXO 36:14
ਉਪਰਾਲਾ	6	6	5	0	JDG 9:24
ਉਪਰੋਂ	2	2	2	0	GEN 6:16
ਉਪਰੰਤ	173	173	31	71	GEN 1:31
ਉਪਾਉ	3	3	3	0	PRO 29:1
ਉਪਾਓ	8	8	5	3	1SA 30:6
ਉਪਾਧੀ	1	1	1	0	EZK 5:7
ਉਪਾਸਕ	7	7	5	6	2KI 10:21
ਉਪਾਸਕਾਂ	6	6	3	4	2KI 10:19
ਉਪਾਸਨਾ	144	144	30	115	EXO 3:12
ਉਪੱਦਰ	4	4	3	1	1CH 21:15
ਉਪੱਦਰਾਂ	1	1	1	1	PSA 140:8
ਉਫ਼ਣ	1	1	1	0	1CO 5:6
ਉਫੀਰੀ	1	1	1	0	1CH 29:4
ਉਬਲ	1	1	1	0	LAM 1:20
ਉਬਾਲ	4	4	3	4	EXO 16:23
ਉਬਾਲਣ	2	2	1	2	EZK 46:23
ਉਬਾਲਣਗੇ	2	2	1	2	EZK 46:20
ਉਬਾਲਣਾ	1	1	1	1	EXO 16:23
ਉਬਾਲਦੀ	1	1	1	1	ISA 64:2
ਉਬਾਲਾ	1	1	1	0	GEN 49:4
ਉਬਾਲਿਆ	1	1	1	1	NUM 6:19
ਉਬਾਲਿਓ	1	1	1	1	DEU 14:21
ਉਬਾਲੀਂ	2	2	1	3	EXO 29:31
ਉਭਰ	1	1	1	0	NAM 1:5
ਉਭਰਦਾ	1	1	1	0	PRO 16:26
ਉਭਰਦੇ	2	2	1	0	1CO 15:21
ਉਭਰਨ	1	1	1	0	JHN 21:14
ਉਭਰਨਗੇ	1	1	1	0	1TH 4:16
ਉਭਰਨਾ	1	1	1	0	JHN 20:9
ਉਭਰਿਆ	1	1	1	0	JHN 12:16
ਉਭਰੀ	1	1	1	1	ISA 30:13
ਉਭਰੇਗਾ	2	2	2	0	JHN 11:24
ਉਭਾਰ	2	2	1	0	ACT 14:2
ਉਭਾਰਦਾ	2	2	2	0	JHN 5:21
ਉਭਾਰਨ	3	3	3	1	ACT 17:13
ਉਭਾਰਾਂਗਾ	4	4	1	0	JHN 6:39
ਉਭਾਰਿਆ	28	28	7	5	1CH 5:26
ਉਭਾਰੀਦੇ	1	1	1	0	1CO 15:29
ਉਭਾਰੇ	6	6	2	1	JHN 5:29
ਉਭਾਰੇਗਾ	2	2	2	1	ISA 42:13
ਉਮਤ	1	1	1	0	2CH 24:23
ਉਮਤਾ	1	1	1	0	PSA 9:8
ਉਮਤਾਂ	2	2	2	0	PSA 7:7
ਉਮਰ	88	88	25	140	GEN 5:4
ਉਮੀਦ	4	4	4	9	1CO 13:13
ਉਮੇਦ	7	7	2	0	EZR 10:2
ਉਮੱਤ	9	9	3	0	EST 1:22
ਉਮੱਤਾਂ	13	13	6	0	EZR 4:10
ਉਰ	1	1	1	0	ISA 31:4
ਉਰਬਾਨੁਸ	1	1	1	1	ROM 16:9
ਉਰਲੇ	2	2	2	2	2SA 2:13
ਉਰਾਰ	1	1	1	0	REV 22:2
ਉਰੀਏਲ	2	2	2	1	1CH 6:24
ਉਰੇ	7	7	5	1	NUM 32:19
ਉਲਝਨ	1	1	1	0	JHN 13:22
ਉਲਟ	15	15	12	12	GEN 11:7
ਉਲਟਾ	22	22	17	18	NUM 22:32
ਉਲਟਾਈ	1	1	1	1	HOS 7:8
ਉਲਟਾਉਣ	1	1	1	0	2SA 17:14
ਉਲਟਾਏ	2	2	1	0	PRO 12:7
ਉਲਟਾਵਾਂ	1	1	1	1	JER 31:28
ਉਲਟੀ	7	7	5	6	LEV 20:12
ਉਲਟੀਆਂ	3	3	2	2	PRO 10:32
ਉਲਟੇ	1	1	1	0	PRO 19:1
ਉਲਦ	1	1	1	0	JOB 12:15
ਉਲਾਂਘਾਂ	1	1	1	1	ISA 63:1
ਉਲਾਂਭਾ	7	7	5	6	GEN 21:25
ਉਲਾਂਭਿਆਂ	1	1	1	1	DAN 9:16
ਉਲਾਂਭੇ	5	5	4	5	1CH 20:7
ਉਲਾਈ	1	1	1	2	DAN 8:2
ਉਲਾਦ	8	8	6	1	GEN 16:2
ਉਲਾਰ	1	1	1	1	ISA 30:30
ਉਲਾਰਮੇ	1	1	1	0	ZEP 2:8
ਉਲਾਹਮਾ	8	8	4	9	JOB 27:6
ਉਲਾਹਮਿਆਂ	1	1	1	1	PSA 89:50
ਉਲਾਹਮੇ	5	5	3	6	PSA 71:13
ਉਲੁੰਪਾਸ	1	1	1	1	ROM 16:15
ਉਲ੍ਹਾਹਣੀਆਂ	1	1	1	0	2SA 3:33
ਉਲੰਘਣ	17	17	9	11	NUM 14:41
ਉਲੰਘਣਾ	10	10	7	26	NUM 22:18
ਉਲੰਘਣਾਂ	1	1	1	1	JOS 24:19
ਉਲੰਘਦੇ	1	1	1	0	LUK 11:42
ਉਲੰਘਨ	1	1	1	0	2KI 18:12
ਉਲੰਘਿਆ	1	1	1	1	JER 34:18
ਉਲੱਦ	17	17	7	8	EXO 23:2
ਉਲੱਦਣ	1	1	1	1	JER 48:12
ਉਲੱਦਣਗੇ	1	1	1	1	JER 48:12
ਉਲੱਦਦੇ	1	1	1	1	ISA 46:6
ਉਲੱਦਿਆ	1	1	1	1	JER 48:11
ਉਵੇ	1	1	1	0	2KI 10:25
ਉਵੇਂ	30	30	12	17	EXO 7:6
ਉਸ	10857	10857	66	13789	GEN 1:16
ਉਸਤਤ	150	150	21	193	EXO 15:11
ਉਸਤਤਾਂ	2	2	2	2	NEH 9:5
ਉਸਤਤਿ	19	19	5	0	JHN 5:41
ਉਸਤਤੀ	2	2	1	0	EZK 28:22
ਉਸਤਰਾ	5	5	3	5	NUM 6:5
ਉਸਤਰੇ	2	2	2	3	ISA 7:20
ਉਸਤਾਦ	7	7	5	6	JER 39:3
ਉਸਤਾਦਾਂ	1	1	1	1	PRO 5:13
ਉਸਤੁਤ	3	3	1	0	PSA 9:2
ਉਸਤੇ	2	2	1	0	JHN 10:37
ਉਸਤੋਂ	11	11	3	0	JHN 1:3
ਉਸਦਾ	64	64	15	74	LEV 1:4
ਉਸਦੀ	50	50	16	0	LEV 1:10
ਉਸਦੀਆਂ	4	4	2	0	JHN 3:20
ਉਸਦੇ	138	138	14	5	EXO 25:31
ਉਸਨੂੰ	260	260	13	0	LEV 1:1
ਉਸਨੇ	157	157	21	42	LEV 4:23
ਉਸਰ	1	1	1	0	COL 2:7
ਉਸਰਦੀ	1	1	1	0	EPH 4:12
ਉਸਾਰ	2	2	2	0	2SA 24:18
ਉਸਾਰਦਾ	1	1	1	1	PSA 147:2
ਉਸਾਰਦੇ	2	2	2	2	JOB 3:14
ਉਸਾਰਨ	3	3	3	3	1CH 26:27
ਉਸਾਰਨਗੇ	6	6	4	7	ISA 58:12
ਉਸਾਰਾਂਗਾ	1	1	1	1	JER 31:4
ਉਸਾਰਾਂਗੇ	2	2	2	2	ISA 9:10
ਉਸਾਰਿਆ	9	9	7	8	DEU 13:16
ਉਸਾਰੀ	12	12	10	14	2KI 12:11
ਉਸਾਰੀਆਂ	1	1	1	1	1PE 2:7
ਉਸਾਰੀਏ	1	1	1	1	EZR 9:9
ਉਸਾਰੇ	5	5	5	6	JOS 24:13
ਉਸਾਰੇਗਾ	3	3	3	2	JOB 20:19
ਉਸੀ	3	3	2	0	NEH 5:19
ਉਸੇ	319	319	52	723	GEN 2:3
ਉਸੋ	1	1	1	0	2SA 22:48
ਉਹ	18593	18593	66	20079	GEN 1:6
ਉਹਦਾ	10	10	6	11	1CH 6:23
ਉਹਦੀ	6	6	5	0	PSA 41:3
ਉਹਦੀਆਂ	8	8	6	0	DEU 28:57
ਉਹਦੇ	9	9	8	0	DEU 22:25
ਉਹਨਾ	19	19	3	0	PSA 9:15
ਉਹਨਾਂ	1759	1759	26	3888	LEV 17:5
ਉਹਨੀਂ	1	1	1	1	DAN 11:14
ਉਹਨੂੰ	7	7	6	0	2SA 21:21
ਉਹਨੇ	5	5	4	0	JER 17:11
ਉਹਲੇ	2	2	2	2	DEU 27:15
ਉਹਾਤਾਂ	1	1	1	0	HEB 11:5
ਉਹੀ	118	118	25	114	GEN 16:6
ਉਹੀਓ	1	1	1	0	2KI 18:22
ਉਹੋ	125	125	35	122	GEN 24:14
ਉੜ	1	1	1	0	LUK 3:11
ਉੜਕ	1	1	1	0	ACT 27:20
ਉੜਾ	1	1	1	0	JOB 21:18
ਉੱਕਦੇ	1	1	1	0	JDG 20:16
ਉੱਕਰ	5	5	5	4	EXO 39:6
ਉੱਕਰਨ	3	3	2	3	EXO 32:4
ਉੱਕਰਾਂਗਾ	1	1	1	1	ZEC 3:9
ਉੱਕਰਾਈ	6	6	2	7	EXO 28:11
ਉੱਕਰਾਈਂ	1	1	1	1	EXO 28:11
ਉੱਕਰਾਵੇ	1	1	1	1	EXO 35:35
ਉੱਕਰਿਆ	1	1	1	1	JER 17:1
ਉੱਕਰੀ	17	17	9	7	EXO 20:4
ਉੱਕਰੀਂ	2	2	1	2	EXO 28:9
ਉੱਕਰੀਆਂ	10	10	6	10	DEU 7:5
ਉੱਕਰੇ	6	6	4	6	EXO 35:33
ਉੱਕਾ	41	41	17	9	EXO 5:2
ਉੱਕਾਲ	1	1	1	1	PRO 30:1
ਉੱਕੀ	5	5	3	1	JER 50:13
ਉੱਕੇ	10	10	7	1	NUM 8:16
ਉੱਖਲੀ	2	2	2	0	NUM 11:8
ਉੱਖੜ	2	2	2	2	PSA 22:14
ਉੱਖੜੇ	1	1	1	1	HEB 12:13
ਉੱਗ	6	6	5	7	LEV 25:11
ਉੱਗਣ	2	2	2	4	JDG 16:22
ਉੱਗਣਗੇ	4	4	2	4	ISA 5:6
ਉੱਗਣੋਂ	2	2	2	0	2KI 19:26
ਉੱਗਦਾ	3	3	3	6	DEU 29:23
ਉੱਗਦਿਆਂ	2	2	2	2	MRK 4:8
ਉੱਗਦੀ	1	1	1	1	PSA 85:11
ਉੱਗਲ	1	1	1	0	PRO 23:8
ਉੱਗਲਛ	1	1	1	0	JON 2:10
ਉੱਗਿਆ	2	2	2	3	DAN 8:3
ਉੱਗੂਗਾ	1	1	1	0	JOB 8:11
ਉੱਗੇ	5	5	4	8	EXO 10:5
ਉੱਗੇਗਾ	1	1	1	2	ISA 55:13
ਉੱਗੇਗੀ	1	1	1	1	ISA 55:13
ਉੱਘਾ	3	3	3	0	1KI 4:31
ਉੱਘੀ	2	2	2	0	DEU 26:3
ਉੱਘੇ	1	1	1	0	EZK 23:23
ਉੱਘੜ	3	3	2	0	1SA 14:27
ਉੱਚ	1	1	1	6	PSA 49:2
ਉੱਚਰਦਾ	1	1	1	1	JER 36:18
ਉੱਚਰਿਆ	1	1	1	0	EZR 1:1
ਉੱਚਰੇਗੀ	1	1	1	0	JOB 27:4
ਉੱਚਾ	151	151	29	158	GEN 7:20
ਉੱਚਿਆ	1	1	1	0	PSA 89:19
ਉੱਚਿਆਂ	53	53	13	50	DEU 1:28
ਉੱਚਿਆਇ	1	1	1	0	HAB 2:9
ਉੱਚਿਆਈ	13	13	7	0	JOB 20:6
ਉੱਚਿਆਈਆਂ	14	14	8	14	DEU 32:13
ਉੱਚਿਤ	2	2	1	14	EZR 4:14
ਉੱਚੀ	144	144	31	133	GEN 21:16
ਉੱਚੀ-ਉੱਚੀ	3	3	3	14	JHN 12:13
ਉੱਚੀਂ	1	1	1	0	PRO 8:2
ਉੱਚੀਆਂ	17	17	13	20	LEV 26:30
ਉੱਚੇ	122	122	27	129	GEN 7:19
ਉੱਛਲ	8	8	6	7	PSA 45:1
ਉੱਛਲਣ	1	1	1	1	JER 5:22
ਉੱਛਲਣਗੇ	2	2	2	1	JOL 2:24
ਉੱਛਲਦਾ	4	4	3	4	JOB 37:1
ਉੱਛਲਦੀ	2	2	2	3	PRO 15:2
ਉੱਛਲਦੀਆਂ	1	1	1	0	PRO 15:28
ਉੱਛਲਦੇ	3	3	3	4	ISA 57:20
ਉੱਛਲਵਾਂ	1	1	1	1	2CH 4:5
ਉੱਛਲਾਂਗਾ	1	1	1	1	JER 46:8
ਉੱਛਲੇਗਾ	1	1	1	1	AMO 3:5
ਉੱਛਲੋ	1	1	1	0	LUK 6:23
ਉੱਜਲ	2	2	1	0	REV 22:1
ਉੱਜਲਿਆਂ	1	1	1	1	DAN 11:24
ਉੱਜਲੇ	1	1	1	1	REV 3:4
ਉੱਜ਼ਾ	8	8	3	5	2KI 21:18
ਉੱਜ਼ਾਹ	1	1	1	1	1CH 6:29
ਉੱਜ਼ੀ	6	6	3	11	1CH 6:5
ਉੱਜ਼ੀਏਲ	10	10	4	16	EXO 6:18
ਉੱਜ਼ੀਏਲੀਆਂ	1	1	1	2	NUM 3:27
ਉੱਜ਼ੀਯਾਹ	13	13	6	34	2KI 15:13
ਉੱਜ਼ੀਯਾਹਤੇ	1	1	1	0	1CH 6:24
ਉੱਜ਼ੇਨਸ਼ਅਰਾਹ	1	1	1	0	1CH 7:24
ਉੱਜਾ	1	1	1	0	EZR 2:49
ਉੱਜਾੜਾਂ	1	1	1	0	DAN 9:18
ਉੱਜੀ	5	5	1	0	1CH 6:51
ਉੱਜੀਏਲ	3	3	1	0	1CH 4:42
ਉੱਜੀਏਲੀਆਂ	1	1	1	0	1CH 26:23
ਉੱਜੜ	20	20	11	20	GEN 47:19
ਉੱਜੜਨ	2	2	2	2	PSA 137:8
ਉੱਜੜਨਗੇ	1	1	1	1	EZK 30:7
ਉੱਜੜਨਾ	1	1	1	0	LUK 21:20
ਉੱਜੜਿਆ	5	5	2	4	ISA 3:6
ਉੱਜੜਿਆਂ	2	2	1	1	EZK 36:36
ਉੱਜੜੀਆਂ	1	1	1	2	EZK 36:4
ਉੱਜੜੇ	13	13	7	12	JOB 15:28
ਉੱਠ	306	306	35	326	GEN 13:17
ਉੱਠਕੇ	16	16	3	0	GEN 2:6
ਉੱਠਣ	31	31	13	50	GEN 19:33
ਉੱਠਣਗੀਆਂ	1	1	1	1	ISA 26:19
ਉੱਠਣਗੇ	19	19	9	20	DEU 29:22
ਉੱਠਣਾ	8	8	5	27	LEV 19:32
ਉੱਠਦਾ	16	16	7	20	JOB 6:10
ਉੱਠਦਿਆਂ	2	2	2	4	DEU 6:7
ਉੱਠਦੀ	8	8	6	6	JOB 30:12
ਉੱਠਦੇ	10	10	8	18	DEU 11:19
ਉੱਠਾ	2	2	2	11	PSA 9:13
ਉੱਠਾਂ	4	4	4	3	JOB 19:18
ਉੱਠਾਂਗਾ	6	6	5	7	JOB 7:4
ਉੱਠਾਂਗੇ	1	1	1	1	NEH 2:20
ਉੱਠਾਉਣਾ	1	1	1	0	PSA 141:2
ਉੱਠਿਆ	133	133	32	145	GEN 19:1
ਉੱਠੀ	30	30	15	29	EXO 20:18
ਉੱਠੀਆਂ	5	5	4	6	GEN 24:61
ਉੱਠੀਏ	2	2	2	2	SNG 7:12
ਉੱਠੇ	84	84	28	80	GEN 21:32
ਉੱਠੇ-ਓਹ	1	1	1	0	2SA 22:39
ਉੱਠੇਂਗਾ	2	2	2	6	PSA 102:13
ਉੱਠੇਗਾ	29	29	14	32	EXO 22:24
ਉੱਠੇਗੀ	10	10	9	9	NUM 23:24
ਉੱਠੋ	21	21	10	24	GEN 19:14
ਉੱਡ	24	24	13	27	EXO 16:14
ਉੱਡਣ	6	6	4	7	GEN 1:20
ਉੱਡਣਗੇ	1	1	1	1	ISA 40:31
ਉੱਡਦਾ	7	7	5	3	DEU 4:17
ਉੱਡਦਿਆਂ	1	1	1	1	REV 14:6
ਉੱਡਦੀ	4	4	3	4	PSA 18:42
ਉੱਡਦੀਆਂ	1	1	1	1	JOB 41:19
ਉੱਡਦੇ	12	12	7	16	LEV 11:20
ਉੱਡਿਆ	2	2	2	2	2SA 22:11
ਉੱਡੇ	1	1	1	1	ISA 60:8
ਉੱਡੇਗਾ	3	3	2	3	ECC 10:20
ਉੱਣਨੀ	9	9	1	9	LEV 13:48
ਉੱਤਪਤ	1	1	1	0	EZK 28:13
ਉੱਤਮ	48	48	18	80	GEN 43:11
ਉੱਤਮਤਾਂ	1	1	1	0	ISA 41:1
ਉੱਤਮਤਾਈ	8	8	7	10	EXO 15:7
ਉੱਤਰ	620	620	46	683	GEN 4:5
ਉੱਤਰਕੇ	1	1	1	0	GEN 18:21
ਉੱਤਰਦਾ	2	2	2	3	EXO 33:9
ਉੱਤਰਦਿਆਂ	4	4	2	4	MRK 1:10
ਉੱਤਰਦੀ	1	1	1	4	JHN 6:33
ਉੱਤਰਦੇ	3	3	3	5	GEN 28:12
ਉੱਤਰਨ	1	1	1	1	PSA 143:7
ਉੱਤਰਨਗੇ	1	1	1	1	EXO 11:8
ਉੱਤਰਾਂ	2	2	2	1	JOB 21:34
ਉੱਤਰਾਂਗਾ	2	2	1	1	GEN 37:35
ਉੱਤਰਿਆ	19	19	10	18	GEN 11:5
ਉੱਤਰੀ	27	27	7	38	GEN 24:16
ਉੱਤਰੀਂ	1	1	1	0	GEN 26:2
ਉੱਤਰੀਆਂ	1	1	1	1	PSA 104:8
ਉੱਤਰੀਏ	1	1	1	0	GEN 11:7
ਉੱਤਰੇ	8	8	4	10	GEN 43:20
ਉੱਤਰੇਂਗਾ	1	1	1	0	MAT 11:23
ਉੱਤਰੇਗਾ	2	2	2	2	EXO 19:11
ਉੱਤਰੋਂ	1	1	1	0	PSA 107:3
ਉੱਤਲੇ	4	4	3	0	1KI 7:41
ਉੱਤੇ	6096	6096	66	6237	GEN 1:2
ਉੱਤੇਇਹ	1	1	1	0	ZEC 14:20
ਉੱਤੋ	6	6	4	0	2SA 12:10
ਉੱਤੋਂ	194	194	35	181	GEN 4:14
ਉੱਤ੍ਰ	13	13	2	0	GEN 27:37
ਉੱਥੇ	665	665	44	837	GEN 2:8
ਉੱਥੋਂ	172	172	28	197	GEN 2:10
ਉੱਦਮ	9	9	8	2	JOS 22:5
ਉੱਦਮੀ	7	7	3	7	PRO 10:4
ਉੱਦਾਂ	2	2	1	0	EZK 15:6
ਉੱਧਰ	16	16	11	27	JOS 7:4
ਉੱਨ	37	37	18	40	GEN 31:19
ਉੱਨਤੀ	4	4	4	4	EXO 38:24
ਉੱਨਾ	9	9	8	4	EXO 1:12
ਉੱਨਿਆਂ	1	1	1	0	REV 3:19
ਉੱਨੀ	9	9	8	7	GEN 11:25
ਉੱਨੀਆਂ	2	2	2	0	EXO 5:8
ਉੱਨੀਵਾਂ	2	2	2	2	2KI 25:8
ਉੱਨੇ	2	2	2	0	PSA 103:12
ਉੱਨ੍ਹਾਂ	1	1	1	0	PSA 10:2
ਉੱਪਕਰ	1	1	1	0	PSA 142:7
ਉੱਪਰ	160	160	33	125	GEN 9:14
ਉੱਪਰਲਾ	5	5	4	10	EXO 30:3
ਉੱਪਰਲੀ	3	3	3	11	GEN 40:17
ਉੱਪਰਲੀਆਂ	2	2	2	5	JER 22:13
ਉੱਪਰਲੇ	12	12	8	25	GEN 1:7
ਉੱਪਰੋਂ	20	20	13	28	GEN 27:39
ਉੱਬਲ	4	4	4	2	NUM 21:17
ਉੱਬਲਦਾ	1	1	1	1	LAM 2:11
ਉੱਬਲਦੀ	2	2	2	2	JOB 41:20
ਉੱਮਤ	20	20	10	8	NUM 22:5
ਉੱਮਤਾ	1	1	1	0	EST 9:2
ਉੱਮਤਾਂ	64	64	17	45	GEN 17:16
ਉੱਮਤੋ	4	4	3	2	PSA 117:1
ਉੱਮਾਹ	1	1	1	1	JOS 19:30
ਉੱਲਦਦੀ	2	2	1	0	2KI 4:4
ਉੱਲਦੇ	1	1	1	1	JER 49:18
ਉੱਲਾ	1	1	1	1	1CH 7:39
ਉੱਲੀ	5	5	4	5	DEU 28:22
ਉੱਲੂ	7	7	3	9	DEU 14:16
ਉੱਸਤਰੇ	1	1	1	0	PSA 52:2
ਉੱਸੇ	40	40	9	0	JOS 2:15
ਊਂ	1	1	1	0	2SA 19:37
ਊਂਘ	4	4	3	4	PSA 132:4
ਊਂਟਕਟਾਰਿਆਂ	1	1	1	0	MAT 7:16
ਊਜ	8	8	7	0	2SA 3:8
ਊਜ਼ਈ	1	1	1	1	NEH 3:25
ਊਜ਼ਾਲ	2	2	2	2	GEN 10:27
ਊਜ਼ਾਹ	4	4	1	8	2SA 6:3
ਊਜ਼ੀਯਾਹ	2	2	2	0	HOS 1:1
ਊਜਾਂ	3	3	3	0	DEU 22:17
ਊਠ	31	31	16	30	GEN 12:16
ਊਠਣੀ	1	1	1	1	JER 2:23
ਊਠਣੀਆਂ	1	1	1	1	GEN 32:15
ਊਠਾਂ	28	28	11	33	GEN 24:10
ਊਡੀਕ	1	1	1	0	ACT 1:4
ਊਥਈ	2	2	2	2	1CH 9:4
ਊਦ	1	1	1	1	JHN 19:39
ਊਨ	2	2	1	4	GEN 41:45
ਊਨੀ	1	1	1	1	EZK 44:17
ਊਫਰਸੀਨ	1	1	1	1	DAN 5:25
ਊਫ਼ਾਜ਼	1	1	1	0	DAN 10:5
ਊਫਾਜ਼	1	1	1	2	JER 10:9
ਊਰ	5	5	3	5	GEN 11:28
ਊਰਿਯਾੱਹ	1	1	1	0	2SA 23:39
ਊਰਿੱਯਾਹ	22	22	1	38	2SA 11:3
ਊਰੀ	8	8	5	8	EXO 31:2
ਊਰੀਏਲ	2	2	1	3	1CH 15:5
ਊਰੀਮ	7	7	7	7	EXO 28:30
ਊਰੀਯਾਹ	16	16	8	1	1KI 15:5
ਊਲ	2	2	2	0	1SA 15:35
ਊਲਾਈ	1	1	1	0	DAN 8:16
ਊਲਾਮ	4	4	1	4	1CH 7:16
ਊਲੇਲ	1	1	1	0	EZR 10:34
ਊਸ	6	6	3	5	GEN 10:23
ਊਹ	9	9	2	0	PSA 6:7
ਊੱਠਾਂ	1	1	1	0	1CH 12:40
ਊੱਨਾਂ	1	1	1	0	PSA 9:12
ਏਂ	1	1	1	0	JHN 4:18
ਏਂਵੇ	1	1	1	0	EZR 10:12
ਏਕਤਾ	3	3	2	9	DAN 11:6
ਏਕਰ	1	1	1	1	1CH 2:27
ਏਕਾ	8	8	3	5	1SA 22:8
ਏਜ਼ਰ	3	3	2	3	1CH 4:4
ਏਟਾਮ	5	5	3	5	JDG 15:8
ਏਡਾ	1	1	1	0	1CH 22:8
ਏਡੀਆਂ	1	1	1	0	1CH 22:8
ਏਥਾਨ	6	6	2	9	1KI 4:31
ਏਥਾਨੀਮ	1	1	1	1	1KI 8:2
ਏਥਾਮ	4	4	2	4	EXO 13:20
ਏਥੇ	41	41	16	4	GEN 22:5
ਏਥੋਂ	13	13	7	0	EXO 11:1
ਏਦਨ	1	1	1	2	2CH 29:12
ਏਦਰ	5	5	4	5	GEN 35:21
ਏਦਾਂ	16	16	5	0	DEU 20:15
ਏਦੂੰ	1	1	1	0	2CO 3:8
ਏਦੋਂ	13	13	5	0	MAT 2:16
ਏਧਰ	15	15	7	0	GEN 45:5
ਏਨ	15	15	6	3	GEN 14:7
ਏਨ-ਅਗਲਇਮ	1	1	1	1	EZK 47:10
ਏਨ-ਗਦੀ	1	1	1	6	EZK 47:10
ਏਨ-ਗਨੀਮ	1	1	1	2	JOS 19:21
ਏਨ-ਰਿੰਮੋਮ	1	1	1	1	NEH 11:29
ਏਨ-ਰੋਗੇਲ	1	1	1	4	2SA 17:17
ਏਨ-ਸਮਸ਼	1	1	1	0	JOS 15:7
ਏਨ-ਹੱਦਦ	1	1	1	1	JOS 19:21
ਏਨਦੋਰ	1	1	1	0	1SA 28:7
ਏਨਯਿਮ	2	2	1	2	GEN 38:14
ਏਨਹੱਕੋਰੇ	1	1	1	0	JDG 15:19
ਏਨਾ	4	4	3	0	GEN 41:49
ਏਨਾਨ	5	5	1	5	NUM 1:15
ਏਨਾਮ	1	1	1	1	JOS 15:34
ਏਨੀ	1	1	1	0	2CH 20:6
ਏਨੀਆਂ	2	2	2	0	2KI 9:22
ਏਨੇ	1	1	1	0	2CH 14:13
ਏਨੋਨ	2	2	1	2	JHN 3:23
ਏਨ੍ਹਾਂ	1	1	1	0	GEN 10:5
ਏਫਈ	1	1	1	1	JER 40:8
ਏਫਰ	4	4	2	4	GEN 25:4
ਏਫ਼ਾ	1	1	1	0	NUM 5:15
ਏਫ਼ਾਹ	2	2	2	14	JDG 6:19
ਏਫ਼ੇ	1	1	1	0	NUM 28:5
ਏਫ਼ੋਦ	44	44	7	49	EXO 28:4
ਏਫਾ	19	19	2	0	EXO 16:36
ਏਫਾਹ	14	14	6	30	GEN 25:4
ਏਫੇ	1	1	1	0	NUM 15:4
ਏਫੋਦ	6	6	3	1	EXO 25:7
ਏਬਰ	16	16	5	16	GEN 10:21
ਏਬਾਲ	8	8	4	8	GEN 36:23
ਏਮਕ	2	2	1	2	JOS 18:21
ਏਮੀ	2	2	1	2	DEU 2:10
ਏਮੀਆਂ	1	1	1	1	GEN 14:5
ਏਰ	11	11	4	11	GEN 38:3
ਏਰਾਨ	1	1	1	1	NUM 26:36
ਏਰਾਨੀਆਂ	1	1	1	1	NUM 26:36
ਏਰੀ	2	2	2	2	GEN 46:16
ਏਰੀਆਂ	1	1	1	1	NUM 26:16
ਏਲ	2	2	1	1	GEN 33:20
ਏਲ-ਪਾਰਾਨ	1	1	1	1	GEN 14:6
ਏਲਚੀ	5	5	5	0	PRO 13:17
ਏਲਚੀਆਂ	1	1	1	0	2CH 32:31
ਏਲਥ	5	5	2	5	DEU 2:8
ਏਲਬਰੀਥ	1	1	1	1	JDG 9:46
ਏਲਮਾਈ	1	1	1	0	EZR 4:9
ਏਲਾ	1	1	1	1	1KI 4:18
ਏਲਾਮ	27	27	8	29	GEN 10:22
ਏਲਾਹ	16	16	5	17	GEN 36:41
ਏਲਿਮ	3	3	1	5	EXO 15:27
ਏਲਿਯਾਹ	1	1	1	0	MRK 9:12
ਏਲੀ	35	35	3	41	1SA 1:3
ਏਲੀਏਲ	1	1	1	0	2CH 31:13
ਏਲੀਮ	2	2	1	0	NUM 33:9
ਏਲੀਯਾਹ	101	101	12	110	1KI 17:1
ਏਲੀਸ਼ਾ	3	3	1	0	1KI 19:16
ਏਲੋਈ	2	2	1	2	MRK 15:34
ਏਲੋਥ	3	3	2	3	1KI 9:26
ਏਲੋਨ	6	6	4	8	GEN 26:34
ਏਲੋਨ-ਬੈਤ-ਹਨਾਨ	1	1	1	1	1KI 4:9
ਏਲੋਨੀਆਂ	1	1	1	1	NUM 26:26
ਏਲੋਹੇ	1	1	1	0	GEN 33:20
ਏਵੇਂ	39	39	16	2	GEN 32:19
ਏਸ	858	858	43	0	GEN 2:3
ਏਸਕ	1	1	1	1	GEN 26:20
ਏਸਰ	6	6	3	5	GEN 36:21
ਏਸਰ-ਹੱਦਨ	1	1	1	0	EZR 4:2
ਏਸਰ-ਹੱਦੋਨ	1	1	1	3	ISA 37:38
ਏਸਲ	1	1	1	0	MIC 1:11
ਏਸ਼ਕ	1	1	1	1	1CH 8:39
ਏਸਾਉ	1	1	1	2	ROM 9:13
ਏਸਾਓ	93	93	8	104	GEN 25:25
ਏਸਾਵੀਆਂ	5	5	1	5	DEU 2:4
ਏਸੇ	76	76	22	0	GEN 6:15
ਏਹ	1775	1775	53	0	GEN 4:25
ਏਹਦਾ	1	1	1	0	GEN 29:28
ਏਹਨਾ	1	1	1	0	PRO 20:10
ਏਹਨਾਂ	119	119	31	0	GEN 22:20
ਏਹੀ	3	3	3	1	GEN 46:21
ਏਹੁਣ	1	1	1	0	1SA 9:9
ਏਹੂਦ	9	9	2	12	JDG 3:15
ਏਹੇ	2	2	2	0	2SA 16:17
ਏਹੋ	73	73	26	8	GEN 9:17
ਏੱਥੇ	6	6	2	0	NUM 14:35
ਏੱਥੋਂ	2	2	1	0	JER 38:10
ਏੱਧਰ	3	3	3	0	JER 49:3
ਐਂਉ	1	1	1	0	LEV 14:35
ਐਂਨਾ	1	1	1	0	PRO 19:24
ਐਂਵੇਂ	1	1	1	16	ROM 13:4
ਐਉ	4	4	3	0	LEV 14:9
ਐਉਂ	1126	1126	36	62	GEN 2:20
ਐਊਂ	3	3	2	0	1SA 16:23
ਐਓਂ	2	2	1	0	NUM 33:55
ਐਡਾ	10	10	9	4	LEV 14:21
ਐਡੀ	15	15	9	3	GEN 39:9
ਐਡੇ	5	5	5	0	1SA 2:3
ਐਤਕੀ	5	5	3	0	JDG 16:13
ਐਤਕੀਂ	5	5	2	1	EXO 8:32
ਐਥੇ	96	96	16	47	GEN 16:13
ਐਥੋਂ	72	72	27	54	GEN 19:11
ਐਧਰ	19	19	14	6	GEN 20:13
ਐਧਰੋਂ	1	1	1	0	MAT 17:20
ਐਨ	6	6	5	2	NUM 22:36
ਐਨ-ਰੋਗੇਲ	1	1	1	0	1KI 1:9
ਐਨਾ	15	15	8	23	GEN 13:6
ਐਨਿਆਂ	1	1	1	1	GAL 3:4
ਐਨਿਯਾਸ	2	2	1	2	ACT 9:33
ਐਨੀ	10	10	8	17	GEN 15:5
ਐਨੀਆਂ	2	2	2	9	EZK 4:9
ਐਨੇ	12	12	9	24	2SA 17:11
ਐਨੇਕੁ	1	1	1	0	HEB 11:12
ਐਵੇਂ	18	18	11	0	LEV 26:20
ਐਸ	17	17	3	0	MAT 24:31
ਐਸ਼	1	1	1	1	1PE 4:3
ਐਸੀ	1	1	1	1	ACT 19:16
ਐਸੇ	2	2	2	0	1SA 9:16
ਐਹੋ	4	4	3	0	LEV 13:24
ਐੱਡੀ	1	1	1	0	2CH 1:10
ਐੱਥੇ	6	6	4	0	NUM 22:8
ਐੱਥੋਂ	1	1	1	0	1SA 29:4
ਐੱਧਰ	1	1	1	0	GEN 15:16
ਐੱਨਾ	8	8	5	0	DEU 4:7
ਐੱਨੀ	1	1	1	0	ROM 13:9
ਐੱਨੀਆਂ	1	1	1	0	MAT 15:33
ਐੱਨੇ	5	5	3	0	DEU 4:8
ਓ	6	6	4	0	NUM 33:43
ਓਇ	1	1	1	0	LUK 19:22
ਓਏ	10	10	7	7	RUT 4:1
ਓਗ	22	22	6	24	NUM 21:33
ਓਝੜੀ	1	1	1	0	DEU 18:3
ਓਟ	44	44	11	32	EXO 26:36
ਓਢਣਾ	1	1	1	0	EXO 22:27
ਓਢਣੇ	1	1	1	0	JOB 31:19
ਓਤਲੇ	1	1	1	0	2CH 4:13
ਓਥੇ	24	24	5	0	JOS 22:10
ਓਥੋਂ	7	7	3	3	1KI 2:36
ਓਦਰ	1	1	1	0	1SA 4:20
ਓਦਰਾ	3	3	1	0	DAN 5:6
ਓਦਰੀਂ	1	1	1	0	DEU 31:8
ਓਦਰੇਗਾ	1	1	1	0	ISA 42:4
ਓਦਰੋ	1	1	1	0	DEU 20:3
ਓਦਾਂ	7	7	4	0	EXO 29:35
ਓਦੇਦ	3	3	1	4	2CH 15:1
ਓਦੋਂ	5	5	2	0	2KI 2:10
ਓਧਰ	25	25	13	0	EXO 2:12
ਓਧਰੋਂ	1	1	1	0	LUK 16:26
ਓਨ	38	38	12	1	GEN 46:20
ਓਨਹਾਂ	1	1	1	0	2CH 5:11
ਓਨਾ	3	3	3	6	MRK 7:36
ਓਨਾਂ	2	2	2	0	2KI 20:11
ਓਨਾਨ	8	8	3	9	GEN 38:4
ਓਨਾਮ	4	4	2	4	GEN 36:23
ਓਨੀਆਂ	1	1	1	1	HOS 10:1
ਓਨੇ	2	2	2	1	JDG 11:26
ਓਨੋ	4	4	2	5	1CH 8:12
ਓਨ੍ਹਾਂ	4	4	4	1	EZR 4:23
ਓਪਰਾ	37	37	14	14	GEN 42:7
ਓਪਰਿਆਂ	29	29	13	14	LEV 17:8
ਓਪਰੀ	18	18	7	15	NUM 3:4
ਓਪਰੀਆਂ	9	9	6	4	GEN 31:15
ਓਪਰੇ	56	56	21	29	EXO 30:33
ਓਪਾਸਨਾ	3	3	2	0	DEU 10:12
ਓਫਰਾਹ	1	1	1	2	1SA 13:17
ਓਫਲ	4	4	2	0	2CH 27:3
ਓਫ਼ਲ	1	1	1	5	NEH 11:21
ਓਫ਼ੀਰ	4	4	2	0	2CH 8:18
ਓਫਿਰ	1	1	1	0	GEN 10:29
ਓਫੀਰ	7	7	4	12	1KI 9:28
ਓਬਦਯਾਰ	1	1	1	0	EZR 8:9
ਓਬਦਯਾਹ	16	16	4	23	1CH 3:21
ਓਬਦਿਆਹ	7	7	1	7	1KI 18:3
ਓਬਾਲ	1	1	1	2	GEN 10:28
ਓਬੀਲ	1	1	1	1	1CH 27:30
ਓਬੇਡ	1	1	1	0	1CH 2:12
ਓਬੇਦ	19	19	5	14	RUT 4:17
ਓਬੇਦ-ਅਦੋਮ	5	5	1	18	2SA 6:10
ਓਬੇਦਅਦੋਮ	7	7	1	0	1CH 13:13
ਓਬੋਥ	2	2	1	4	NUM 21:10
ਓਬੋਦ	1	1	1	1	1CH 16:38
ਓਮਰ	6	6	1	6	EXO 16:16
ਓਮਾਰ	3	3	2	3	GEN 36:11
ਓਮੇਗਾ	3	3	1	3	REV 1:8
ਓਰ	2	2	2	0	RUT 4:4
ਓਰਗੀਮ	1	1	1	1	2SA 21:19
ਓਰਨ	1	1	1	1	1CH 2:25
ਓਰੇਬ	7	7	3	7	JDG 7:25
ਓਲਾਂਭਾ	1	1	1	0	MRK 16:14
ਓਲਾਹਮਾ	1	1	1	0	ZEP 3:18
ਓਲਿਆਂ	1	1	1	0	PSA 78:47
ਓਵਰਸੀਅਰ	2	2	2	0	NEH 12:42
ਓਵੇ	1	1	1	0	LEV 15:23
ਓਵੇਂ	92	92	20	26	GEN 1:7
ਓਸ	330	330	26	9	GEN 18:10
ਓਸਮ	2	2	1	2	1CH 2:15
ਓਸੇ	58	58	16	14	GEN 19:33
ਓਹ	3583	3583	55	427	GEN 1:14
ਓਹਦ	2	2	2	2	GEN 46:10
ਓਹਦੇ	1	1	1	0	1CH 9:26
ਓਹਨਾ	5	5	4	0	JOS 3:15
ਓਹਨਾਂ	1640	1640	47	1	GEN 19:12
ਓਹਨਾਂਦੀਆਂ	1	1	1	0	ZEC 12:13
ਓਹਲ	1	1	1	1	1CH 3:20
ਓਹਲਿਆ	1	1	1	0	PSA 10:8
ਓਹਲੇ	12	12	9	9	GEN 31:49
ਓਹਿਓ	1	1	1	0	PHP 4:9
ਓਹੀ	10	10	10	8	DEU 7:9
ਓਹੀਂ	1	1	1	0	JOS 8:2
ਓਹੇ	1	1	1	0	ACT 17:3
ਓਹੋ	69	69	26	10	GEN 24:44
ਓੜਕ	44	44	13	7	2SA 2:26
ਓੜ੍ਹ	1	1	1	0	ACT 12:8
ਓੜ੍ਹਨ	2	2	1	1	ISA 28:20
ਓੜ੍ਹਨਾ	1	1	1	4	ISA 28:20
ਓੱਤੇ	1	1	1	0	MAT 21:44
ਓੱਥੇ	9	9	6	0	EXO 26:33
ਓੱਥੋਂ	1	1	1	0	GEN 21:17
ਓੱਧਰ	1	1	1	0	EZK 5:2
ਓੱਨਾ	3	3	3	0	EXO 12:16
ਓੱਸੇ	1	1	1	0	ACT 3:16
ਔਂਤ	12	12	6	1	1CH 2:30
ਔਂਤਰਾ	2	2	2	3	JER 22:30
ਔਂਤਰਿਆਂ	1	1	1	0	1SA 15:33
ਔਂਤਰੀ	1	1	1	1	1SA 15:33
ਔਂਤਰੀਆਂ	1	1	1	2	JER 18:21
ਔਂਤ੍ਰਾ	1	1	1	0	HOS 9:12
ਔਕੜ	3	3	1	2	2CH 6:28
ਔਕੜਨ	1	1	1	1	PSA 140:4
ਔਕੜਾਂ	1	1	1	1	2CH 15:5
ਔਖ	15	15	6	5	LEV 23:27
ਔਖਦ	1	1	1	0	JER 33:6
ਔਖਾ	26	26	16	27	GEN 34:30
ਔਖਾਂ	1	1	1	0	PSA 31:9
ਔਖਿਆਂ	6	6	5	1	JDG 10:12
ਔਖਿਆਈ	1	1	1	1	DAN 9:25
ਔਖੀ	7	7	7	12	GEN 18:13
ਔਖੀਆਂ	3	3	3	2	JER 33:3
ਔਖੇ	9	9	5	7	JDG 2:15
ਔਗਣ	1	1	1	0	EZK 3:19
ਔਗਣਾਂ	1	1	1	0	MIC 7:19
ਔਗੁਣ	13	13	6	6	1SA 29:6
ਔਗੁਣਾਂ	12	12	2	2	EZK 4:5
ਔਗੁਸਤੁਸ	1	1	1	1	LUK 2:1
ਔਤ	4	4	1	0	GEN 15:2
ਔਤਰੀ	1	1	1	0	LEV 22:13
ਔਤਰੇ	2	2	1	0	LEV 20:20
ਔਧਰ	3	3	2	0	GEN 20:13
ਔਰਤ	54	54	4	244	ZEC 9:17
ਔਰਤਾਂ	11	11	5	104	JHN 8:5
ਔਰਤੋ	1	1	1	0	1PE 3:6
ਔਲਾਦ	1	1	1	3	ISA 22:24
ਔਸਰ	1	1	1	0	GAL 5:13
ਔਹ	3	3	3	1	2KI 23:17
ਔੜ	8	8	5	7	2CH 6:28
ਕ	2	2	2	0	2SA 6:5
ਕਇਆ	1	1	1	0	EZR 2:68
ਕਇਕੂ	1	1	1	0	ACT 6:9
ਕਇਨ	21	21	4	0	GEN 4:1
ਕਈ	136	136	36	166	EXO 16:27
ਕਈਆਂ	70	70	25	81	EXO 16:17
ਕਈਕੁ	10	10	6	0	LUK 24:24
ਕਈਲਾਹ	16	16	4	19	JOS 15:44
ਕਈਲੀਆਂ	1	1	1	0	1SA 23:5
ਕਊ	2	2	1	0	JDG 9:8
ਕਊਆਂ	1	1	1	0	JDG 15:5
ਕਕੜੀਆਂ	1	1	1	2	ISA 1:8
ਕਗਰ	1	1	1	0	ACT 2:33
ਕਚਹਿਰੀ	2	2	2	4	MRK 15:16
ਕਚਹਿਰੀਆਂ	1	1	1	1	ACT 19:38
ਕਚਾਵੇ	1	1	1	0	GEN 31:34
ਕਚਿਹਰੀ	5	5	2	1	JHN 18:28
ਕਚਿਹਰੀਆਂ	1	1	1	0	JAS 2:6
ਕਚੀਚੀਆਂ	7	7	2	5	MAT 8:12
ਕਜ	1	1	1	0	SNG 4:7
ਕਜੀਬ	1	1	1	0	GEN 38:5
ਕਟਕ	8	8	3	1	1SA 17:47
ਕਟਕਾਂ	2	2	2	1	EXO 8:3
ਕਟਰੋਨ	1	1	1	0	JDG 1:30
ਕਟਹਲੇ	1	1	1	1	REV 21:20
ਕਟਹਿਲਾ	1	1	1	0	EXO 28:19
ਕਟਾ	1	1	1	0	EZK 21:22
ਕਟਾਂਗੇ	1	1	1	0	GEN 19:2
ਕਟਾਈ	1	1	1	1	AMO 7:1
ਕਟਾਉਣ	1	1	1	0	1CO 11:6
ਕਟਾਉਣੇ	1	1	1	0	1CO 11:6
ਕਟਾਰ	3	3	1	0	JDG 3:16
ਕਟਾਰਾ	1	1	1	1	PRO 26:2
ਕਟਾਰਾਂ	1	1	1	1	EZK 39:9
ਕਟੀ	1	1	1	0	EZK 26:15
ਕਟੂਰਾਹ	3	3	2	0	GEN 25:1
ਕਟੈਹਿਲਾ	1	1	1	2	EXO 39:12
ਕਟੋਰਦਾਨ	1	1	1	3	JER 52:19
ਕਟੋਰਾ	38	38	12	37	NUM 7:13
ਕਟੋਰਾਦਾਨ	2	2	1	0	EZR 1:10
ਕਟੋਰਿਆਂ	5	5	5	5	1CH 28:17
ਕਟੋਰੇ	34	34	15	37	EXO 25:29
ਕਠਣ	4	4	3	0	JER 32:17
ਕਠਨ	2	2	2	0	DEU 17:8
ਕਠੋਰ	33	33	13	38	GEN 49:7
ਕਠੋਰਤਾ	4	4	4	4	ECC 8:1
ਕਠੋਰਤਾਈ	1	1	1	1	ROM 2:5
ਕਢ	13	13	5	0	JHN 2:15
ਕਢਕੇ	1	1	1	0	JHN 18:28
ਕਢਣਗੇ	1	1	1	0	JHN 16:2
ਕਢਵਾਇਆ	2	2	1	3	EZR 1:7
ਕਢਵਾਈਆਂ	1	1	1	1	2KI 23:16
ਕਢਾ	1	1	1	0	JOB 9:19
ਕਢਾਂਗਾ	1	1	1	0	JHN 6:37
ਕਢਾਈ	1	1	1	2	2CH 3:14
ਕਢਾਈਂ	1	1	1	1	GEN 40:14
ਕਢਾਉਂਦਾ	1	1	1	0	JOB 29:17
ਕਢਿਆ	1	1	1	0	HAB 3:9
ਕਢੀ	2	2	1	0	JHN 18:10
ਕਢੇ	1	1	1	0	NUM 30:6
ਕਢੇਂ	1	1	1	0	PRO 2:3
ਕਣ	1	1	1	0	NUM 3:25
ਕਣਕ	51	51	26	52	GEN 30:14
ਕਣੀ	1	1	1	0	ISA 40:15
ਕਣੀਆਂ	2	2	2	1	JDG 5:4
ਕਤਈ	1	1	1	0	1CO 5:11
ਕਤਰ	4	4	2	2	1SA 25:2
ਕਤਰਨ	8	8	5	8	GEN 31:19
ਕਤਰਨਾ	1	1	1	1	DEU 15:19
ਕਤਰਾਂ	6	6	1	8	EXO 28:7
ਕਤਰਾਉਂਦੇ	1	1	1	1	JER 25:23
ਕਤਰਾਉਣਗੇ	1	1	1	1	EZK 44:20
ਕਤਰੀ	1	1	1	2	JER 48:37
ਕਤਲ	37	37	13	41	2CH 20:23
ਕਤਲਾਮ	1	1	1	0	2CH 28:5
ਕਤਾਣ	1	1	1	0	LEV 13:48
ਕਤਾਨ	65	65	13	67	EXO 25:4
ਕਤਾਨੀ	18	18	6	18	GEN 41:42
ਕਤੂਰਾਹ	1	1	1	4	1CH 1:32
ਕਤੂਰਿਆਂ	2	2	2	2	MAT 15:26
ਕਤੂਰੇ	2	2	2	2	MAT 15:27
ਕਤੇ	1	1	1	0	1CO 15:52
ਕਥਣ	1	1	1	0	DAN 7:1
ਕਥਨ	4	4	3	4	JHN 19:24
ਕਥਾ	5	5	5	6	2CH 13:22
ਕਦ	58	58	18	30	GEN 30:30
ਕਦਕੁ	1	1	1	0	LUK 17:20
ਕਦਮ	11	11	5	12	1SA 20:3
ਕਦਮਾਂ	11	11	5	15	2SA 22:37
ਕਦਮੀਏਲ	7	7	2	8	EZR 2:40
ਕਦਮੋਨੀ	1	1	1	1	GEN 15:19
ਕਦਰ	6	6	6	5	GEN 16:5
ਕਦਸ਼	9	9	4	2	JOS 12:22
ਕਦਸੀ	1	1	1	0	EZR 5:12
ਕਦਾ	3	3	2	0	DEU 12:17
ਕਦਾਈਂ	1	1	1	1	NUM 24:1
ਕਦਾਚਿਤ	3	3	3	0	DEU 21:14
ਕਦਾਚਿੱਤ	2	2	1	0	EZK 8:18
ਕਦਾਰਲਾਓਮਰ	5	5	1	5	GEN 14:1
ਕਦੀ	216	216	35	180	GEN 3:4
ਕਦੀਂ	2	2	2	2	NUM 24:1
ਕਦੀਮੀਏਲ	1	1	1	0	NEH 10:9
ਕਦੇ	199	199	40	214	GEN 41:19
ਕਦੇਮੋਥ	4	4	3	4	DEU 2:26
ਕਦੋ	2	2	1	0	PSA 6:3
ਕਦੋਂ	20	20	12	61	DEU 28:67
ਕਦੰਤ	1	1	1	0	GEN 24:6
ਕਨਅਨਾਹ	1	1	1	0	1CH 7:10
ਕਨਆਨ	1	1	1	0	EZK 16:3
ਕਨਜ	2	2	2	0	JOS 15:17
ਕਨਜ਼	9	9	3	11	GEN 36:11
ਕਨਨਯਾਹ	3	3	1	2	1CH 15:22
ਕਨਾਤ	1	1	1	1	NUM 3:26
ਕਨਾਤਾਂ	15	15	3	15	EXO 27:9
ਕਨਾਥ	2	2	2	2	NUM 32:42
ਕਨਾਨ	89	89	12	109	GEN 9:18
ਕਨਾਨਣ	2	2	2	1	GEN 46:10
ਕਨਾਨਾਹ	4	4	2	5	1KI 22:11
ਕਨਾਨੀ	28	28	9	31	GEN 12:6
ਕਨਾਨੀਆਂ	45	45	11	47	GEN 10:18
ਕਨਾਰੀ	8	8	1	0	EXO 25:25
ਕਨਾਰੇ	2	2	2	0	MRK 4:15
ਕਨਿੱਜ਼ੀ	4	4	3	4	GEN 15:19
ਕਨੀਦੁਸ	1	1	1	1	ACT 27:7
ਕਨੂਨ	11	11	4	0	EXO 15:25
ਕਨੂਨਾਂ	12	12	3	0	DEU 4:1
ਕਨੂਨੀ	1	1	1	0	ACT 19:39
ਕਨੂੰ	1	1	1	0	HOS 2:12
ਕਨੂੰਨ	1	1	1	29	GEN 47:26
ਕਨੂੰਨਾਂ	1	1	1	19	JER 32:11
ਕਪਟ	7	7	6	11	PSA 32:2
ਕਪਟਤ	1	1	1	0	MAT 23:28
ਕਪਟੀ	12	12	4	12	PSA 43:1
ਕਪਟੀਆ	1	1	1	0	PSA 35:16
ਕਪਟੀਆਂ	5	5	3	7	PSA 26:4
ਕਪਟੀਓ	4	4	2	4	MAT 15:7
ਕਪਤਾਨ	14	14	5	14	2KI 18:24
ਕਪਤਾਨਾਂ	3	3	2	3	EZK 23:15
ਕਪੜਾ	6	6	2	0	LEV 14:4
ਕਪੜੇ	13	13	5	0	EXO 21:10
ਕਫਤੋਰ	1	1	1	0	JER 47:4
ਕਫਤੋਰੀ	1	1	1	0	GEN 10:14
ਕਫਰਨਾਹੂਮ	3	3	1	0	JHN 6:17
ਕਫ਼ਤੋਰ	2	2	2	3	DEU 2:23
ਕਫ਼ਤੋਰੀਆਂ	1	1	1	1	DEU 2:23
ਕਫ਼ਤੋਰੀਮ	1	1	1	0	1CH 1:12
ਕਫ਼ਨ	1	1	1	6	ISA 14:20
ਕਫ਼ਨਾਇਆ	1	1	1	0	ACT 5:6
ਕਫ਼ਨਾਉਣ	2	2	2	0	MAT 26:12
ਕਫ਼ਰਅੱਮੋਨੀ	1	1	1	0	JOS 18:24
ਕਫ਼ਰਨਾਹੂਮ	15	15	4	18	MAT 4:13
ਕਫ਼ੀਰਾਹ	1	1	1	4	JOS 9:17
ਕਫੀਰਾਹ	3	3	3	0	JOS 18:26
ਕਬਜ਼ਾ	96	96	15	62	GEN 22:17
ਕਬਜ਼ਿਆਂ	1	1	1	2	1CH 22:3
ਕਬਜ਼ੇ	21	21	13	28	NUM 27:11
ਕਬਜਾ	13	13	3	0	DEU 4:14
ਕਬਜੇ	2	2	2	0	GEN 36:43
ਕਬਦਾ	2	2	1	0	DAN 10:11
ਕਬਰ	82	82	20	112	GEN 23:6
ਕਬਰਸਤਾਨ	1	1	1	2	JER 26:23
ਕਬਰਾਂ	37	37	12	38	GEN 23:6
ਕਬਰਿਸਤਾਨ	6	6	3	9	GEN 23:4
ਕਬਰੇ	1	1	1	0	1CO 15:55
ਕਬਰੋਂ	1	1	1	0	LUK 24:2
ਕਬਸਏਲ	1	1	1	2	2SA 23:20
ਕਬਸਿਏਲੀ	1	1	1	1	1CH 11:22
ਕਬਾਬ	1	1	1	1	ISA 44:16
ਕਬਾਬੀਆਂ	1	1	1	1	PRO 23:20
ਕਬਾਰ	5	5	1	8	EZK 1:1
ਕਬੁੱਤਰਾਂ	1	1	1	0	LEV 14:30
ਕਬੂਤਰ	11	11	8	9	GEN 15:9
ਕਬੂਤਰਾਂ	9	9	3	11	LEV 1:14
ਕਬੂਤਰੀ	2	2	1	4	SNG 5:2
ਕਬੂਤਰੀਆਂ	2	2	1	0	SNG 1:15
ਕਬੂਤਰੀਏ	1	1	1	1	SNG 2:14
ਕਬੂਲ	86	86	29	94	GEN 32:20
ਕਬੂਲਣ	3	3	3	0	JHN 8:37
ਕਬੂਲਣਗੇ	1	1	1	0	2PE 2:1
ਕਬੂਲਦਾ	7	7	2	0	JHN 8:47
ਕਬੂਲਦੇ	1	1	1	0	JHN 5:43
ਕਬੂਲਿਆ	2	2	2	0	JHN 17:8
ਕਬੂਲੇ	1	1	1	0	LEV 19:5
ਕਬੂਲੋ	1	1	1	0	1PE 3:1
ਕਮਜ਼ੋਰ	21	21	12	48	2CH 14:11
ਕਮਜ਼ੋਰੀ	3	3	2	9	PSA 77:10
ਕਮਜੋਰ	1	1	1	0	EZK 7:17
ਕਮਰ	23	23	10	24	GEN 37:34
ਕਮਰ-ਕੱਸਾ	1	1	1	0	PSA 30:11
ਕਮਰਕਸ	1	1	1	0	JHN 21:18
ਕਮਰਪਟਕਾ	1	1	1	0	ACT 21:11
ਕਮਰਬੰਦ	1	1	1	4	ISA 5:27
ਕਮਰਾਂ	3	3	2	3	ISA 8:9
ਕਮਰੇ	2	2	2	5	2KI 6:12
ਕਮਲਪੁਣਾ	1	1	1	1	JER 29:26
ਕਮਲਾ	6	6	4	1	1SA 21:13
ਕਮਲੀ	3	3	3	1	ECC 2:2
ਕਮਲੇ	1	1	1	1	1CO 14:23
ਕਮਾ	3	3	3	6	GEN 31:18
ਕਮਾਂ	1	1	1	0	HAG 2:7
ਕਮਾਇਆ	11	11	9	11	GEN 29:25
ਕਮਾਈ	20	20	14	33	GEN 5:29
ਕਮਾਈਆਂ	2	2	1	2	LUK 19:16
ਕਮਾਉਂਦਾ	3	3	3	2	PSA 106:3
ਕਮਾਉਂਦਿਆਂ	1	1	1	1	EPH 4:15
ਕਮਾਉਂਦੇ	2	2	2	3	LAM 5:9
ਕਮਾਉਣ	4	4	4	1	1TH 2:9
ਕਮਾਉਣਗੇ	1	1	1	0	ISA 63:8
ਕਮਾਉਣਾ	1	1	1	0	1CO 9:6
ਕਮਾਏ	1	1	1	3	MAT 25:16
ਕਮਾਓ	2	2	2	1	DEU 8:18
ਕਮਾਓਗੇ	1	1	1	0	LUK 21:19
ਕਮਾਣ	3	3	2	3	2SA 1:18
ਕਮਾਨ	1	1	1	0	JER 50:23
ਕਮਾਨਾਂ	3	3	2	1	NEH 4:13
ਕਮਾਲ	1	1	1	1	PSA 119:96
ਕਮਾਵਾਂਗੇ	1	1	1	1	JAS 4:13
ਕਮਾਵੇ	2	2	2	1	MRK 8:36
ਕਮਾਵੇਂਗਾ	2	2	2	1	GEN 21:23
ਕਮੀ	9	9	4	14	1KI 2:4
ਕਮੀਂ	1	1	1	0	MAL 1:4
ਕਮੀਣੇ	1	1	1	0	EZK 8:9
ਕਮੂਏਲ	3	3	3	3	GEN 22:21
ਕਮੈਤ	1	1	1	0	ZEC 1:8
ਕਮੋਸ਼	8	8	5	8	NUM 21:29
ਕਮੰਦ	1	1	1	0	JOB 18:10
ਕਯਾਫ਼ਾ	10	10	3	10	MAT 26:3
ਕਯਿਨ	1	1	1	1	JOS 15:57
ਕਰ	2271	2271	64	2312	GEN 6:21
ਕਰਉਂਦਾ	1	1	1	0	PSA 37:7
ਕਰਕਮਿਸ਼	1	1	1	0	JER 46:2
ਕਰਕਮੀਸ਼	2	2	2	3	2CH 35:20
ਕਰਕਸ	1	1	1	1	EST 1:10
ਕਰਕਾ	1	1	1	1	JOS 15:3
ਕਰਕੇ	571	571	51	653	GEN 2:3
ਕਰਕੋਰ	1	1	1	1	JDG 8:10
ਕਰਖ਼ਤ	1	1	1	0	JUD 1:15
ਕਰਜ	7	7	1	0	MAT 18:25
ਕਰਜ਼	10	10	3	16	DEU 15:2
ਕਰਜ਼ਦਾਰ	4	4	1	4	ROM 1:14
ਕਰਜ਼ਾ	1	1	1	4	2KI 4:7
ਕਰਜਾ	2	2	1	2	ISA 24:2
ਕਰਜਾਈ	7	7	6	0	1SA 22:2
ਕਰਜਾਈਆਂ	2	2	2	0	MAT 6:12
ਕਰਣਗੇ	5	5	4	0	EZK 4:13
ਕਰਣੀਆਂ	1	1	1	0	2PE 3:11
ਕਰਤਬਾਂ	2	2	1	0	JER 26:3
ਕਰਤਾ	17	17	7	90	PSA 121:2
ਕਰਤਾਨ	1	1	1	1	JOS 21:32
ਕਰਤਾਰ	15	15	6	5	JOB 4:17
ਕਰਤਾਹ	1	1	1	1	JOS 21:34
ਕਰਤੂਤ	5	5	4	3	GEN 20:9
ਕਰਤੂਤਾਂ	16	16	8	16	DEU 28:20
ਕਰਤੱਬ	8	8	4	12	LEV 18:3
ਕਰਤੱਬਾਂ	5	5	3	5	PSA 78:11
ਕਰਤੱਬੀਂ	1	1	1	1	PSA 106:39
ਕਰਦਾ	1288	1288	62	1398	GEN 12:9
ਕਰਦਾਂ	3	3	3	0	2SA 15:31
ਕਰਦਿਆਂ	42	42	23	30	JDG 9:48
ਕਰਦੀ	124	124	38	158	GEN 25:28
ਕਰਦੀਆਂ	45	45	23	44	EXO 1:16
ਕਰਦੇ	859	859	59	883	GEN 18:19
ਕਰਨ	1588	1588	63	1854	GEN 1:14
ਕਰਨ-ਹਪੂਕ	1	1	1	1	JOB 42:14
ਕਰਨਇਮ	1	1	1	0	GEN 14:5
ਕਰਨਗੀਆਂ	17	17	12	18	DEU 15:6
ਕਰਨਗੇ	197	197	32	201	GEN 15:14
ਕਰਨਵਾਲੀਆਂ	1	1	1	0	EZR 9:14
ਕਰਨਾ	269	269	49	401	GEN 18:25
ਕਰਨੀ	119	119	37	82	GEN 20:9
ਕਰਨੀਆਂ	44	44	21	9	LEV 18:30
ਕਰਨੇ	7	7	4	2	LEV 19:26
ਕਰਨੋਂ	7	7	5	2	GEN 17:22
ਕਰਬਾਨ	1	1	1	1	1CH 9:17
ਕਰਮ	8	8	7	1	ISA 65:7
ਕਰਮਚਾਰੀ	1	1	1	8	2CH 31:13
ਕਰਮਲ	23	23	10	23	JOS 12:22
ਕਰਮਲੀ	6	6	3	6	1SA 30:5
ਕਰਮਾਂ	14	14	9	6	2SA 6:13
ਕਰਮੀ	8	8	5	8	GEN 46:9
ਕਰਮੀਆਂ	1	1	1	2	NUM 26:6
ਕਰਮੇਲਣੀ	1	1	1	1	1SA 27:3
ਕਰਵਾ	9	9	5	8	PSA 90:15
ਕਰਵਾਂਗਾ	1	1	1	0	PSA 45:17
ਕਰਵਾਇਆ	6	6	5	9	GEN 18:8
ਕਰਵਾਈ	2	2	2	13	EZK 29:18
ਕਰਵਾਉਂਦਾ	1	1	1	1	2TH 1:11
ਕਰਵਾਉਂਦੀ	1	1	1	0	1CO 7:40
ਕਰਵਾਉਂਦੇ	1	1	1	1	1CO 7:28
ਕਰਵਾਉਣ	1	1	1	3	1CO 7:28
ਕਰਵਾਉਣਾ	2	2	1	2	1CO 7:11
ਕਰਵਾਏ	12	12	3	13	LEV 18:23
ਕਰਵਾਓ	1	1	1	1	ACT 21:21
ਕਰਵਾਵਾਂਗਾ	1	1	1	0	LEV 26:32
ਕਰਸ਼ਨ	1	1	1	0	EST 1:14
ਕਰਸਾਣ	1	1	1	0	2TI 2:6
ਕਰਾ	9	9	6	19	JOS 5:2
ਕਰਾਂ	160	160	39	174	GEN 6:17
ਕਰਾਂਗਾ	511	511	39	539	GEN 6:13
ਕਰਾਂਗੀ	7	7	6	7	GEN 29:35
ਕਰਾਂਗੇ	65	65	30	70	GEN 19:9
ਕਰਾਂਗੇ-ਉਨ੍ਹਾਂ	1	1	1	0	EZR 10:5
ਕਰਾਇਆ	13	13	9	15	NUM 13:30
ਕਰਾਇਓ	1	1	1	1	DEU 14:1
ਕਰਾਈ	15	15	6	15	GEN 17:23
ਕਰਾਈਂ	2	2	2	1	GEN 40:14
ਕਰਾਉਂਣਗੇ	1	1	1	0	JER 16:6
ਕਰਾਉਂਦਾ	6	6	6	11	GEN 39:3
ਕਰਾਉਂਦੀ	3	3	3	5	NUM 5:15
ਕਰਾਉਂਦੇ	7	7	5	10	EXO 1:14
ਕਰਾਉਣ	23	23	13	33	GEN 34:17
ਕਰਾਉਣਗੇ	2	2	2	4	JER 30:8
ਕਰਾਉਣਾ	2	2	2	4	ACT 7:26
ਕਰਾਉਣੀ	1	1	1	2	HEB 6:6
ਕਰਾਏ	4	4	2	3	1KI 15:30
ਕਰਾਏਂ	1	1	1	1	JOS 7:7
ਕਰਾਓ	8	8	5	5	GEN 17:11
ਕਰਾਗਾਂ	4	4	2	0	2SA 9:7
ਕਰਾਨ	2	2	2	2	GEN 36:26
ਕਰਾਮਾਤ	4	4	3	1	2CH 32:31
ਕਰਾਮਾਤਾਂ	22	22	10	6	MAT 7:22
ਕਰਾਰ	24	24	12	5	ISA 28:15
ਕਰਾਵਾਂਗਾ	5	5	2	10	JER 15:11
ਕਰਾਵੇ	6	6	5	11	EXO 21:19
ਕਰਾਵੇਂ	1	1	1	1	1KI 17:18
ਕਰਾਵੇਗਾ	5	5	5	8	1SA 8:12
ਕਰਾਵੋ	1	1	1	1	GAL 5:2
ਕਰਾਹਣਾ	1	1	1	1	PSA 38:9
ਕਰਾਹਣੇ	1	1	1	1	PSA 102:5
ਕਰਾਹਤ	1	1	1	0	PRO 25:17
ਕਰਿਆ	6	6	6	12	1KI 1:2
ਕਰਿਓ	32	32	9	66	GEN 42:34
ਕਰਿਓ-ਰਾਜਿਆਂ	1	1	1	0	EZR 4:22
ਕਰਿਦਆਂ	1	1	1	1	JHN 5:19
ਕਰਿਸਪੁਸ	2	2	2	2	ACT 18:8
ਕਰਿਸ਼ਮਾ	6	6	1	0	JHN 2:11
ਕਰਿਸ਼ਮੇ	15	15	3	0	JHN 2:23
ਕਰਿੰਦਿਆ	1	1	1	0	EST 9:3
ਕਰਿੰਦਿਆਂ	9	9	4	7	EXO 35:35
ਕਰੀ	7	7	5	8	PSA 35:6
ਕਰੀਂ	121	121	24	136	GEN 6:16
ਕਰੀਏ	123	123	37	129	EXO 14:12
ਕਰੀਚਦਾ	1	1	1	1	PSA 37:12
ਕਰੀਚੇ	2	2	2	1	JOB 16:9
ਕਰੀਟ	2	2	1	0	TIT 1:5
ਕਰੀਥ	2	2	1	2	1KI 17:3
ਕਰੀਦਾ	4	4	4	2	JDG 9:9
ਕਰੀਦੀ	2	2	2	2	ISA 9:3
ਕਰੀਬ	3	3	2	1	JHN 13:25
ਕਰੀਯੋਥ	2	2	2	3	JOS 15:25
ਕਰੀਯੋਬ	1	1	1	0	AMO 2:2
ਕਰੀਰ	4	4	1	0	JDG 8:7
ਕਰੀਰਾਂ	1	1	1	0	JDG 8:16
ਕਰੁ	2	2	1	0	MAT 3:12
ਕਰੁਬੀਮ	1	1	1	0	1KI 6:32
ਕਰੂ	6	6	3	1	JOB 11:3
ਕਰੂਗਾ	8	8	3	0	GEN 29:32
ਕਰੂਬ	2	2	2	14	EZR 2:59
ਕਰੂਬੀ	40	40	6	27	EXO 25:18
ਕਰੂਬੀਆਂ	46	46	11	48	EXO 25:19
ਕਰੇ	694	694	57	767	GEN 1:6
ਕਰੇਂ	69	69	31	73	GEN 4:7
ਕਰੇਂਗਾ	81	81	22	82	GEN 3:14
ਕਰੇਂਗੀ	6	6	6	7	ISA 54:4
ਕਰੇਕ	4	4	2	0	LEV 6:15
ਕਰੇਗਾ	420	420	49	461	GEN 18:26
ਕਰੇਗੀ	65	65	21	56	GEN 15:13
ਕਰੇਤ	4	4	1	10	ACT 27:7
ਕਰੇਤੀ	7	7	4	6	2SA 15:18
ਕਰੇਤੀਆਂ	5	5	4	6	1SA 30:14
ਕਰੇਥੀਆਂ	1	1	1	0	ZEP 2:5
ਕਰੇਨੇ	1	1	1	0	ACT 11:20
ਕਰੇਸਕੇਸ	1	1	1	1	2TI 4:10
ਕਰੋ	876	876	54	862	GEN 1:28
ਕਰੋਂ	2	2	2	2	NEH 1:9
ਕਰੋਂਗ਼ੇ	1	1	1	0	JHN 8:24
ਕਰੋਂਗੇ	24	24	6	2	JHN 3:12
ਕਰੋਗੀਆਂ	1	1	1	2	EZK 13:18
ਕਰੋਗੇ	101	101	23	111	GEN 45:10
ਕਰੋਧ	18	18	5	0	GEN 27:44
ਕਰੋਧਵਾਨ	4	4	1	0	GEN 4:5
ਕਰੋਧੀ	1	1	1	0	1CO 13:5
ਕਰੋਪ	1	1	1	1	2KI 3:27
ਕਰੋਪੀ	1	1	1	0	PRO 14:35
ਕਰੋੜ	1	1	1	1	REV 9:16
ਕਰੋੜਾਂ	1	1	1	1	REV 5:11
ਕਰੋੜਿਆਂ	2	2	1	0	EXO 5:6
ਕਰੋੜੇ	1	1	1	0	EXO 1:11
ਕਰੜਾ	11	11	7	2	JDG 5:23
ਕਰੜਾਈ	8	8	4	1	GEN 42:7
ਕਰੜੀ	7	7	7	1	DEU 26:6
ਕਰੜੀਆਂ	1	1	1	1	MAL 3:13
ਕਰੜੇ	6	6	5	1	ISA 19:4
ਕਲ	8	8	6	0	NUM 14:25
ਕਲਕੋਲ	2	2	2	2	1KI 4:31
ਕਲਦੀਆਂ	1	1	1	0	ACT 7:4
ਕਲਨਹ	1	1	1	0	AMO 6:2
ਕਲਨੇਹ	1	1	1	2	GEN 10:10
ਕਲਨੋ	1	1	1	1	ISA 10:9
ਕਲਪਦਾ	2	2	1	0	LUK 16:24
ਕਲਪਦੇ	1	1	1	0	LUK 2:48
ਕਲਪਨਾ	3	3	3	2	DEU 28:65
ਕਲਪੇਚਕ	1	1	1	0	LEV 11:16
ਕਲਵਰੀ	1	1	1	1	LUK 23:33
ਕਲਸ	6	6	2	6	2KI 25:17
ਕਲਸਾਂ	2	2	2	1	ISA 54:12
ਕਲਹੋਜ਼ਰ	1	1	1	0	NEH 11:5
ਕਲਾ	2	2	2	0	LEV 13:37
ਕਲਾਂ	1	1	1	1	2CH 26:15
ਕਲਾਉਂਤ	1	1	1	0	1CH 15:27
ਕਲਾਲ	1	1	1	1	EZR 10:30
ਕਲਿਆਣ	1	1	1	0	ACT 15:29
ਕਲਿਉਪਸ	1	1	1	1	LUK 24:18
ਕਲੀ	3	3	3	1	JOS 18:6
ਕਲੀਆਂ	7	7	4	7	GEN 40:10
ਕਲੀਟਾ	3	3	2	3	EZR 10:23
ਕਲੀਲਾਹ	1	1	1	0	NEH 3:17
ਕਲੀਸਿਯਾ	98	98	19	159	MAT 16:18
ਕਲੀਸਿਯਾਂ	24	24	4	0	ROM 16:4
ਕਲੀਸਿਯਾਵਾਂ	6	6	3	36	1CO 7:17
ਕਲੂਟੀ	2	2	1	2	SNG 1:5
ਕਲੂਬ	2	2	1	2	1CH 4:11
ਕਲੂਬਾਈ	1	1	1	1	1CH 2:9
ਕਲੂਹੀ	1	1	1	1	EZR 10:35
ਕਲੇਜੀ	2	2	1	4	EXO 29:13
ਕਲੇਜੇ	11	11	3	9	LEV 3:4
ਕਲੇਬ	1	1	1	0	1CH 4:15
ਕਲੇਮੰਸ	1	1	1	1	PHP 4:3
ਕਲੇਸ਼	8	8	7	14	1SA 25:31
ਕਲੈ	1	1	1	0	ACT 8:39
ਕਲੋਂਤੀ	1	1	1	0	1CH 15:21
ਕਲੋਏ	1	1	1	1	1CO 1:11
ਕਲੋਦੀਆ	1	1	1	1	2TI 4:21
ਕਲੋਪਸ	1	1	1	1	JHN 19:25
ਕਲੋਲ	1	1	1	0	GEN 26:8
ਕਲੌਦਾ	1	1	1	1	ACT 27:16
ਕਲੌਦਿਯੁਸ	3	3	1	3	ACT 11:28
ਕਲ੍ਹ	1	1	1	0	1CO 15:32
ਕਲੰਕ	4	4	4	4	JDG 20:13
ਕਲੰਕਣ	1	1	1	0	MAT 1:19
ਕਲੰਕੀ	1	1	1	1	DEU 32:5
ਕਵਚ	2	2	2	1	1SA 17:6
ਕਵਾੜ	1	1	1	1	JOB 38:10
ਕਵਾੜਾਂ	2	2	1	1	JOB 38:8
ਕਵੀ	1	1	1	1	NUM 21:27
ਕਵੀਸ਼ਰ	1	1	1	1	2SA 23:1
ਕਵੀਸ਼ਰਾਂ	1	1	1	1	ACT 17:28
ਕਸਦ	1	1	1	1	GEN 22:22
ਕਸਦੀ	9	9	4	10	2KI 25:4
ਕਸਦੀਆਂ	76	76	9	79	GEN 11:28
ਕਸਦੀਮ	3	3	2	2	GEN 11:31
ਕਸਬੀ	1	1	1	1	2CH 26:15
ਕਸਰ	3	3	2	3	EXO 21:22
ਕਸਲੁਹੀਮ	1	1	1	0	1CH 1:12
ਕਸ਼ਟ	87	87	33	81	GEN 29:32
ਕਸ਼ਟਣੀ	1	1	1	0	ECC 1:13
ਕਸ਼ਟਨੀ	1	1	1	0	NUM 20:14
ਕਸ਼ਟਾਂ	7	7	3	7	PSA 31:7
ਕਸਾਲੋਨ	1	1	1	1	JOS 15:10
ਕਸਿਆਂ	1	1	1	0	NEH 4:18
ਕਸੀਆਂ	1	1	1	0	EZK 30:21
ਕਸੀਆਹ	1	1	1	1	JOB 42:14
ਕਸੀਦੇ	8	8	2	5	PSA 45:13
ਕਸੀਦੇਕਾਰ	6	6	1	7	EXO 26:36
ਕਸੀਦੇਕਾਰੀ	1	1	1	1	EXO 39:29
ਕਸੀਦੇਦਾਰ	1	1	1	0	EXO 27:16
ਕਸੀਲ	1	1	1	1	JOS 15:30
ਕਸੀਸ	1	1	1	1	JOS 18:21
ਕਸੂਰਵਾਰ	1	1	1	0	TIT 1:6
ਕਸੂਲੋਥ	1	1	1	1	JOS 19:18
ਕਹ	2	2	1	0	2SA 19:41
ਕਹਰ	1	1	1	0	LAM 2:2
ਕਹਾ	17	17	9	2	JOS 2:3
ਕਹਾਂ	4	4	3	0	RUT 1:12
ਕਹਾਂਗਾ	1	1	1	1	NUM 24:13
ਕਹਾਉਂਤਾ	1	1	1	0	PRO 10:1
ਕਹਾਉਂਦਾ	21	21	7	5	PRO 16:21
ਕਹਾਉਂਦੀ	6	6	3	7	MAT 13:55
ਕਹਾਉਂਦੀਆਂ	2	2	2	1	1CO 8:5
ਕਹਾਉਂਦੇ	3	3	3	2	ISA 48:2
ਕਹਾਉਣ	1	1	1	0	MAT 23:7
ਕਹਾਉਣਗੇ	1	1	1	0	MAT 5:9
ਕਹਾਉਤ	13	13	10	17	DEU 28:37
ਕਹਾਉਤਾਂ	11	11	5	34	1KI 4:32
ਕਹਾਓ	2	2	1	0	MAT 23:8
ਕਹਾਓਗੇ	1	1	1	1	ISA 61:6
ਕਹਾਣੀ	1	1	1	11	JHN 21:23
ਕਹਾਣੀਆਂ	7	7	5	6	LUK 24:11
ਕਹਾਥ	20	20	4	20	GEN 46:11
ਕਹਾਥੀ	1	1	1	2	NUM 4:15
ਕਹਾਥੀਆਂ	26	26	4	26	NUM 3:29
ਕਹਾਵਤ	1	1	1	5	JHN 4:37
ਕਹਾਵੇ	1	1	1	0	HEB 11:16
ਕਹਾਵੇਗਾ	8	8	4	10	1KI 8:43
ਕਹਾੜ	1	1	1	0	JER 10:3
ਕਹਿ	92	92	19	120	EXO 2:10
ਕਹਿਓ	1	1	1	0	LUK 22:11
ਕਹਿਕੇ	3	3	1	0	GEN 4:25
ਕਹਿਗਲ	1	1	1	0	EZK 13:12
ਕਹਿਣ	64	64	14	88	2KI 5:11
ਕਹਿਣਗੇ	4	4	3	6	GEN 12:12
ਕਹਿਣਾ	20	20	8	6	ISA 8:4
ਕਹਿਣੀ	2	2	2	0	JHN 19:36
ਕਹਿਰ	80	80	14	93	2CH 12:7
ਕਹਿਰਵਾਨ	2	2	2	1	2CH 19:2
ਕਹਿੰਦਾ	86	86	28	123	NUM 10:36
ਕਹਿੰਦਿਆਂ	3	3	2	3	LUK 23:2
ਕਹਿੰਦੀ	11	11	9	11	GEN 24:30
ਕਹਿੰਦੀਆਂ	1	1	1	2	MIC 4:11
ਕਹਿੰਦੇ	50	50	21	66	GEN 31:1
ਕਹਿੰਨਾ	3	3	1	0	JHN 8:33
ਕਹੀ	9	9	8	6	1SA 13:20
ਕਹੀਆਂ	12	12	7	1	MAT 13:3
ਕਹੀਏ	6	6	3	0	MAT 21:25
ਕਹੀਦਾ	1	1	1	1	PRO 15:23
ਕਹੁ	8	8	6	0	JDG 12:6
ਕਹੇ	18	18	11	17	NUM 24:13
ਕਹੇਂ	1	1	1	0	LUK 22:34
ਕਹੇਕਾਰ	1	1	1	0	DEU 21:20
ਕਹੇਗਾ	2	2	2	4	JOB 34:34
ਕਹੇਲਾਥਾਹ	2	2	1	2	NUM 33:22
ਕਹੋ	13	13	5	11	2CH 34:26
ਕਹੋਂਗੇ	1	1	1	0	JAS 2:3
ਕਹੋਗੇ	4	4	2	4	MAT 17:20
ਕਾਂ	5	5	5	9	DEU 14:14
ਕਾਂਉਂ	1	1	1	0	PRO 30:17
ਕਾਂਡ	1	1	1	1	JER 36:23
ਕਾਂਬਾ	7	7	4	5	JOB 4:14
ਕਾਂਬੇ	2	2	2	2	ISA 33:14
ਕਾਇਆਂ	1	1	1	0	COL 1:22
ਕਾਇਦੇ	1	1	1	0	2TI 2:5
ਕਾਇਨ	1	1	1	24	NUM 24:22
ਕਾਇਮ	162	162	35	158	GEN 17:19
ਕਾਇਲ	1	1	1	2	PRO 16:21
ਕਾਉਂ	2	2	2	0	GEN 8:7
ਕਾਕੀ	6	6	6	3	DEU 32:10
ਕਾਗਤ	1	1	1	0	2JN 1:12
ਕਾਗਤਾਂ	1	1	1	0	JOB 9:26
ਕਾਜ	4	4	4	3	1CH 29:6
ਕਾਜ਼ਬੀ	2	2	1	2	NUM 25:15
ਕਾਜਾਂ	1	1	1	0	1CH 26:32
ਕਾਠ	16	16	9	13	EXO 22:6
ਕਾਠੀ	10	10	5	14	LEV 15:9
ਕਾਣ	1	1	1	0	2SA 14:25
ਕਾਣਾ	2	2	2	1	MAT 18:9
ਕਾਣੀ	2	2	2	1	AMO 8:5
ਕਾਤਿਲ	1	1	1	0	1PE 4:15
ਕਾਦਮਾਹ	1	1	1	0	1CH 1:31
ਕਾਦਰ	2	2	1	0	PSA 132:2
ਕਾਦੇਸ	3	3	1	0	GEN 14:7
ਕਾਦੇਸ਼	23	23	6	28	NUM 13:26
ਕਾਦੇਸ਼-ਬਰਨੋਆ	1	1	1	0	NUM 34:4
ਕਾਨਨਯਾਹ	3	3	1	4	2CH 31:12
ਕਾਨਯਾਹ	3	3	1	3	JER 22:24
ਕਾਨਾ	25	25	7	26	1KI 14:15
ਕਾਨਾਹ	3	3	1	3	JOS 16:8
ਕਾਨਿਆ	2	2	2	0	JOB 40:21
ਕਾਨਿਆਂ	4	4	3	5	EXO 2:3
ਕਾਨੂਨ	14	14	6	0	NUM 15:16
ਕਾਨੂੰਨ	10	10	4	0	EZR 7:26
ਕਾਨੂੰਨਾਂ	4	4	2	0	EZK 11:12
ਕਾਨੇ	25	25	8	26	2KI 18:21
ਕਾਫਰਾਂ	1	1	1	0	ISA 33:14
ਕਾਫਲੇ	2	2	2	1	1KI 10:2
ਕਾਫ਼ਲੇ	2	2	1	4	JOB 6:18
ਕਾਫ਼ਿਲਾ	1	1	1	1	GEN 37:25
ਕਾਫ਼ਿਲਿਓ	1	1	1	0	ISA 21:13
ਕਾਫ਼ੀ	9	9	5	8	PSA 130:7
ਕਾਫਿਲੇ	1	1	1	0	2CH 9:1
ਕਾਫੀ	3	3	2	4	2CH 30:3
ਕਾਬਲ	1	1	1	1	2TI 3:17
ਕਾਬਿਲ	5	5	4	0	JHN 7:36
ਕਾਬੁਕਾਂ	1	1	1	0	ISA 60:8
ਕਾਬੂ	26	26	14	12	DEU 7:17
ਕਾਬੂਲ	1	1	1	2	1KI 9:13
ਕਾਮ	1	1	1	0	ISA 57:5
ਕਾਮਣਾ	1	1	1	0	PRO 6:25
ਕਾਮਨਾ	14	14	6	12	PSA 10:3
ਕਾਮਨਾਂ	10	10	7	12	ROM 1:27
ਕਾਮਨਾਵਾਂ	5	5	3	7	1CO 1:1
ਕਾਮਯਾਬੀ	1	1	1	2	JOB 6:13
ਕਾਮਾ	4	4	3	2	MAT 10:10
ਕਾਮਿਆਂ	4	4	3	1	ISA 58:3
ਕਾਮਿਲ	3	3	1	1	HEB 9:9
ਕਾਮੇ	2	2	2	1	1KI 5:9
ਕਾਮੋਨ	1	1	1	1	JDG 10:5
ਕਾਰ	27	27	6	8	1CH 15:16
ਕਾਰਜ	31	31	13	18	GEN 2:2
ਕਾਰਜਨੂੰ	1	1	1	0	GEN 2:2
ਕਾਰਜ਼	2	2	1	0	1CO 3:5
ਕਾਰਜਾਂ	8	8	4	8	1CH 16:8
ਕਾਰਜੋ	1	1	1	1	PSA 103:22
ਕਾਰਣ	54	54	10	4	MAT 9:14
ਕਾਰਣਾ	1	1	1	0	1CO 15:32
ਕਾਰਦੇ	1	1	1	0	JER 6:20
ਕਾਰਨ	879	879	56	1187	GEN 2:23
ਕਾਰਪੁਸ	1	1	1	1	2TI 4:13
ਕਾਰਵਾਈ	1	1	1	2	MAT 27:66
ਕਾਰਵਾਈਂ	1	1	1	0	LEV 25:39
ਕਾਰਹੀ	4	4	2	4	NUM 26:58
ਕਾਰਾ	11	11	4	0	JOS 6:5
ਕਾਰਾਂ	1	1	1	0	PRO 29:6
ਕਾਰਾਗਰੀ	1	1	1	0	HEB 1:10
ਕਾਰਾਗਰੀਆਂ	1	1	1	2	HEB 4:3
ਕਾਰਾਹੀਆਂ	2	2	1	3	1CH 26:1
ਕਾਰਿੰਦਿਆਂ	1	1	1	0	2CH 24:11
ਕਾਰੀ	7	7	6	0	1KI 10:5
ਕਾਰੀਆਂ	2	2	1	2	2KI 11:4
ਕਾਰੀਗਰ	24	24	11	24	EXO 26:1
ਕਾਰੀਗਰਾਂ	12	12	7	12	2KI 12:14
ਕਾਰੀਗਰੀ	28	28	8	37	EXO 28:8
ਕਾਰੀਗਰੀਆਂ	1	1	1	1	1CH 29:5
ਕਾਰੀਰਗਾਂ	1	1	1	1	NEH 4:5
ਕਾਰੇਅਰ	3	3	1	0	JER 43:2
ਕਾਰੇਅਹ	9	9	1	0	JER 40:8
ਕਾਰੇਆਹ	2	2	2	14	2KI 25:23
ਕਾਰੋ	1	1	1	0	1SA 25:2
ਕਾਰੋਬਾਰ	3	3	2	2	1TH 4:11
ਕਾਲ	137	137	28	164	GEN 12:10
ਕਾਲਕ	2	2	2	0	ISA 50:3
ਕਾਲਖ	1	1	1	1	LAM 4:8
ਕਾਲਜਾ	2	2	2	2	LAM 2:11
ਕਾਲਜੇ	1	1	1	1	EZK 21:21
ਕਾਲਹ	2	2	1	2	GEN 10:11
ਕਾਲਾ	13	13	10	13	EXO 19:16
ਕਾਲਿਆਂ	1	1	1	1	JER 14:2
ਕਾਲੀ	4	4	3	6	JOB 30:30
ਕਾਲੀਆਂ	6	6	5	6	GEN 49:12
ਕਾਲੇ	19	19	13	19	EST 1:6
ਕਾਲੇਬ	36	36	6	42	NUM 13:6
ਕਾਲੇਸ਼	1	1	1	0	PSA 9:13
ਕਾਵਾਂ	3	3	3	0	1KI 17:4
ਕਾਸ	2	2	2	0	ISA 45:10
ਕਾਸਦ	2	2	1	0	JHN 13:16
ਕਾਸਦਾਂ	1	1	1	0	LUK 19:14
ਕਾਸ਼	41	41	13	39	NUM 11:29
ਕਾਸਿਫਯਾ	1	1	1	0	EZR 8:17
ਕਾਸੀਫ਼ਯਾ	1	1	1	0	EZR 8:17
ਕਾਸੇ	13	13	10	1	GEN 14:20
ਕਾਹ	32	32	13	1	JDG 15:10
ਕਾਹਦੀ	25	25	9	9	JDG 2:10
ਕਾਹਦੇ	4	4	3	4	EXO 10:26
ਕਾਹਨੂੰ	41	41	14	7	NUM 11:20
ਕਾਹਲ	1	1	1	2	PRO 29:20
ਕਾਹਲਾ	2	2	2	0	2SA 2:18
ਕਾਹਲਿਆਂ	1	1	1	1	AMO 2:14
ਕਾਹਲੀ	20	20	10	10	JDG 20:33
ਕਾਹਲੀਆਂ	1	1	1	0	ISA 32:4
ਕਾਹਲੇ	6	6	6	3	2SA 1:23
ਕਾੜ੍ਹਨੀ	1	1	1	1	JDG 4:19
ਕਿ	4429	4429	59	6627	GEN 1:3
ਕਿਆ	2	2	2	0	SNG 7:1
ਕਿਆਮਤ	15	15	7	1	MAT 22:23
ਕਿਆਰਿਆਂ	1	1	1	0	HOS 10:4
ਕਿਆਰੀ	3	3	3	2	DEU 11:10
ਕਿਆਰੀਆਂ	2	2	2	4	SNG 6:2
ਕਿਉ	10	10	10	0	NUM 19:20
ਕਿਉਂ	2918	2918	62	3256	GEN 2:5
ਕਿਉਂਕਿ	494	494	48	685	GEN 6:3
ਕਿਉਂਜੋ	92	92	2	0	GEN 25:21
ਕਿਉਕਿ	1	1	1	0	JHN 9:22
ਕਿਉਬ	1	1	1	0	MAT 23:29
ਕਿਉਸ	1	1	1	0	ZEC 13:8
ਕਿਓ	4	4	2	0	JOS 1:6
ਕਿਓਂ	4	4	3	0	DEU 12:23
ਕਿਕੁਰ	2	2	2	0	1SA 2:22
ਕਿਕੁੰ	1	1	1	0	ACT 8:31
ਕਿਣਕਿਆਂ	1	1	1	1	NUM 23:10
ਕਿਤਨੇ	2	2	1	0	1CH 12:8
ਕਿਤਾਬ	1	1	1	4	EZR 6:1
ਕਿਤਾਬਾਂ	2	2	2	0	MAT 22:29
ਕਿਤੇ	113	113	31	177	GEN 26:9
ਕਿਥਲੀਸ਼	1	1	1	1	JOS 15:40
ਕਿਥੇ	24	24	6	0	LEV 13:12
ਕਿਥੋ	2	2	2	0	JHN 8:14
ਕਿਥੋਂ	10	10	1	0	JHN 2:9
ਕਿਦਰੋਨ	12	12	6	12	2SA 15:23
ਕਿਦਾਂ	1	1	1	0	PSA 119:9
ਕਿਧਰ	3	3	3	0	GEN 32:17
ਕਿਧਰੇ	5	5	4	1	LEV 20:4
ਕਿਧਰੋਂ	1	1	1	0	JHN 3:8
ਕਿਨ	10	10	7	1	GEN 3:11
ਕਿਨਤਾਰ	4	4	1	2	2CH 25:6
ਕਿਨਤਾਰਾਂ	1	1	1	1	2CH 25:9
ਕਿਨਾਰੀ	2	2	1	10	NUM 15:38
ਕਿਨਾਰੇ	3	3	1	18	JHN 21:4
ਕਿਨੇ	11	11	7	0	MAT 12:47
ਕਿਨ੍ਹਾਂ	5	5	2	4	MAT 6:8
ਕਿਨੱਰਥ	1	1	1	0	NUM 34:11
ਕਿਪਰਮੇਸ਼ੁਰ	1	1	1	0	1CO 2:9
ਕਿਬਰੋਥ	3	3	2	0	NUM 11:34
ਕਿਬਰੋਥ-ਹੱਤਅਵਾਹ	2	2	1	0	NUM 33:16
ਕਿਬਸੈਮ	1	1	1	1	JOS 21:22
ਕਿਬਾਰ	3	3	1	0	EZK 10:15
ਕਿਮਹਾਆਮ	1	1	1	0	2SA 19:37
ਕਿਮਹਾਮ	2	2	2	4	2SA 19:38
ਕਿਯਾਫ਼ਾ	1	1	1	0	LUK 3:2
ਕਿਰ	2	2	2	0	MAT 13:4
ਕਿਰਤ	7	7	3	3	ISA 17:8
ਕਿਰਨਾਂ	2	2	2	3	HAB 3:4
ਕਿਰਪਾ	225	225	46	272	GEN 6:8
ਕਿਰਪਾਮਈ	1	1	1	0	COL 4:6
ਕਿਰਪਾਲੂ	14	14	7	20	EXO 22:27
ਕਿਰਪਾਵਾਨ	1	1	1	1	EPH 4:32
ਕਿਰਮ	6	6	3	2	LEV 14:6
ਕਿਰਮਚ	2	2	2	2	PRO 31:21
ਕਿਰਮਚੀ	49	49	15	43	EXO 25:4
ਕਿਰਮਿਚ	1	1	1	1	ACT 16:14
ਕਿਰਯਤ	1	1	1	0	GEN 23:2
ਕਿਰਯਤ-ਹਸੋਥ	1	1	1	1	NUM 22:39
ਕਿਰਯਥ	13	13	4	1	GEN 35:27
ਕਿਰਯਥ-ਅਬਰਾ	1	1	1	0	JDG 1:10
ਕਿਰਯਥ-ਅਰਬਾ	4	4	2	9	JOS 14:15
ਕਿਰਯਥ-ਅਰੀਮ	1	1	1	0	EZR 2:25
ਕਿਰਯਥ-ਬਆਲ	1	1	1	2	JOS 15:60
ਕਿਰਯਥ-ਯਆਰੀਮ	1	1	1	0	NEH 7:29
ਕਿਰਯਥ-ਯਾਰੀਮ	6	6	2	20	JOS 9:17
ਕਿਰਯਥ-ਸੇਫ਼ਰ	2	2	1	4	JDG 1:11
ਕਿਰਯਥਯਆਰੀਮ	4	4	2	0	1CH 2:50
ਕਿਰਯਥਯਾਰੀਮ	2	2	1	0	1CH 13:5
ਕਿਰਯਥਯਿਮ	1	1	1	0	1CH 6:76
ਕਿਰਯਾਤਇਮ	1	1	1	0	GEN 14:5
ਕਿਰਯਾਤਾਇਮ	2	2	1	6	JER 48:1
ਕਿਰਯਾਥਇਮ	1	1	1	0	EZK 25:9
ਕਿਰਯਾਥਈਮ	1	1	1	0	JOS 13:19
ਕਿਰਯਾਥੈਮ	1	1	1	1	NUM 32:37
ਕਿਰਲੀ	2	2	2	2	LEV 11:30
ਕਿਰਿਆ	11	11	3	1	MAT 13:5
ਕਿਰੇ	2	2	2	1	2KI 19:29
ਕਿਰੜੇ	1	1	1	0	1KI 13:12
ਕਿਲਆਬ	1	1	1	1	2SA 3:3
ਕਿਲਓਨ	2	2	1	3	RUT 1:2
ਕਿਲਕਿਯਾ	1	1	1	8	ACT 21:39
ਕਿਲਮਦ	1	1	1	1	EZK 27:23
ਕਿਲਾ	1	1	1	0	EZK 26:9
ਕਿਲਾਤੋੜ	3	3	1	0	EZK 4:2
ਕਿਲਿਆਂ	2	2	2	2	PSA 89:40
ਕਿਲਿਕਿਯਾ	6	6	2	0	ACT 6:9
ਕਿਲੇ	7	7	2	8	PRO 18:19
ਕਿਲੋਓਨ	1	1	1	0	RUT 1:5
ਕਿਲ੍ਹਿਆਂ	2	2	2	2	2KI 8:12
ਕਿਲ੍ਹੇ	1	1	1	2	1KI 16:18
ਕਿਵਾੜ	1	1	1	0	PRO 26:14
ਕਿਵੇ	2	2	2	0	DEU 11:4
ਕਿਵੇਂ	173	173	46	259	GEN 2:19
ਕਿਸ	115	115	34	257	GEN 15:8
ਕਿਸਨੇ	3	3	1	0	JHN 9:21
ਕਿਸਮ	3	3	3	11	NEH 5:18
ਕਿਸਲਥ	1	1	1	1	JOS 19:12
ਕਿਸਲੇਵ	2	2	2	2	NEH 1:1
ਕਿਸਲੋਨ	1	1	1	1	NUM 34:21
ਕਿਸ਼ਤੀ	33	33	6	33	GEN 6:14
ਕਿਸ਼ਤੀਆਂ	1	1	1	1	JHN 6:24
ਕਿਸ਼ਮਸ਼	1	1	1	0	1CH 12:40
ਕਿਸ਼ਯੋਨ	2	2	1	2	JOS 19:20
ਕਿਸਾਨ	3	3	1	3	JAS 5:7
ਕਿਸੀ	3	3	3	0	LEV 18:19
ਕਿਸੇ	792	792	51	861	GEN 3:1
ਕਿਹ	115	115	25	16	GEN 32:17
ਕਿਹਣਾ	1	1	1	0	JON 4:2
ਕਿਹਦਾ	1	1	1	0	1SA 30:13
ਕਿਹਦੀ	3	3	1	3	GEN 24:23
ਕਿਹਦੀਆਂ	1	1	1	1	PRO 23:29
ਕਿਹਦੇ	1	1	1	0	2KI 9:5
ਕਿਹਨੂੰ	3	3	2	1	PRO 20:6
ਕਿਹਨੇ	3	3	2	0	GEN 21:26
ਕਿਹਾ	496	496	28	910	GEN 4:8
ਕਿਹਾਕੁ	1	1	1	0	LEV 11:32
ਕਿਹੀ	2	2	2	1	LEV 22:5
ਕਿਹੀਆਂ	1	1	1	0	MRK 13:1
ਕਿਹੇ	5	5	4	1	PSA 84:1
ਕਿਹੋ	22	22	15	37	JDG 8:18
ਕਿਹੜਾ	56	56	21	45	DEU 3:24
ਕਿਹੜੀ	27	27	18	27	NUM 22:19
ਕਿਹੜੀਆਂ	3	3	3	2	JON 1:8
ਕਿਹੜੇ	24	24	14	24	EXO 10:8
ਕਿੜ	3	3	3	2	1KI 22:8
ਕਿੰਗਰੇ	2	2	2	0	MAT 4:5
ਕਿੰਨਰਥ	2	2	2	7	DEU 3:17
ਕਿੰਨਰੋਥ	3	3	2	0	JOS 11:2
ਕਿੰਨਾ	35	35	20	0	DEU 31:27
ਕਿੰਨਾਂ	1	1	1	9	JOB 4:19
ਕਿੰਨਾਕੁ	4	4	4	0	1SA 28:2
ਕਿੰਨਾਰਥ	1	1	1	0	JOS 19:35
ਕਿੰਨਿਆਂ	17	17	8	7	GEN 47:8
ਕਿੰਨਿਆਂਕੁ	1	1	1	0	GEN 33:15
ਕਿੰਨੀ	28	28	16	30	1KI 22:16
ਕਿੰਨੀਆਂ	9	9	4	9	JOB 6:25
ਕਿੰਨੀਕੁ	1	1	1	0	HEB 10:29
ਕਿੰਨੇ	19	19	11	28	1SA 21:5
ਕਿੰਨੇਕੁ	4	4	4	0	PSA 119:84
ਕਿੰਨ੍ਹਾ	1	1	1	0	2TI 3:14
ਕਿੱਕਣ	1	1	1	0	2SA 2:22
ਕਿੱਕਨ	1	1	1	0	2SA 6:9
ਕਿੱਕਰ	22	22	9	0	JDG 6:15
ਕਿੱਕਾਰ	6	6	1	6	EXO 38:24
ਕਿੱਕੁਰ	58	58	16	2	GEN 27:20
ਕਿੱਕੂੰ	1	1	1	0	LUK 8:36
ਕਿੱਡਾ	3	3	3	0	GEN 28:17
ਕਿੱਡੇ	1	1	1	1	2SA 17:8
ਕਿੱਤਾ	5	5	3	0	EZR 7:23
ਕਿੱਤੀ	2	2	1	0	EZR 4:15
ਕਿੱਤੀਆਂ	1	1	1	1	DAN 11:30
ਕਿੱਤੀਮ	7	7	6	7	GEN 10:4
ਕਿੱਤੇ	3	3	3	0	NEH 9:18
ਕਿੱਥੇ	108	108	33	136	GEN 3:9
ਕਿੱਥੇਂ	1	1	1	0	NAM 3:17
ਕਿੱਥੋਂ	41	41	18	49	GEN 16:8
ਕਿੱਦਾਂ	3	3	2	1	GEN 44:16
ਕਿੱਧਰ	11	11	10	12	GEN 16:8
ਕਿੱਧਰੇ	1	1	1	1	EZK 26:21
ਕਿੱਨਾ	1	1	1	0	2SA 19:34
ਕਿੱਲ	1	1	1	1	EZR 9:8
ਕਿੱਲਾ	2	2	2	1	JOB 4:21
ਕਿੱਲਾਂ	4	4	4	8	2CH 3:9
ਕਿੱਲੀ	6	6	1	7	JDG 4:21
ਕਿੱਲੀਆਂ	2	2	2	1	EXO 38:31
ਕਿੱਲੇ	1	1	1	0	EZK 19:9
ਕਿੱਸਾਣ	1	1	1	0	AMO 5:16
ਕੀ	1551	1551	59	1825	GEN 3:11
ਕੀਟੀ	1	1	1	0	2SA 19:27
ਕੀਤ	1	1	1	0	ZEP 3:15
ਕੀਤਾ	2775	2775	62	2982	GEN 1:1
ਕੀਤਾਪਰ	1	1	1	0	1PE 3:18
ਕੀਤਿਆਂ	10	10	6	3	LEV 18:27
ਕੀਤੀ	1219	1219	62	1194	GEN 2:1
ਕੀਤੀਂ	1	1	1	0	JHN 9:32
ਕੀਤੀਆਂ	151	151	41	143	GEN 4:19
ਕੀਤੇ	385	385	50	433	GEN 9:2
ਕੀਦੋਨ	1	1	1	1	1CH 13:9
ਕੀਨਾਹ	1	1	1	1	JOS 15:22
ਕੀਨੀ	1	1	1	0	1CH 2:55
ਕੀਮਤ	8	8	5	12	2SA 12:6
ਕੀਮਤੀ	8	8	6	11	GEN 24:53
ਕੀਯੂਨ	1	1	1	1	AMO 5:26
ਕੀਰ	5	5	3	5	2KI 16:9
ਕੀਰ-ਹਰਸ	2	2	1	3	JER 48:31
ਕੀਰ-ਹਰਸਥ	1	1	1	0	ISA 16:7
ਕੀਰ-ਹਰਾਸਥ	1	1	1	2	2KI 3:25
ਕੀਰ-ਹਾਰਸ	1	1	1	0	ISA 16:11
ਕੀਰਤਨ	11	11	2	5	1CH 25:7
ਕੀਰਨੇ	1	1	1	2	EZK 7:16
ਕੀਰਾਂ	1	1	1	0	JOB 30:8
ਕੀਲ	1	1	1	1	JOB 13:27
ਕੀਲਾ	1	1	1	1	ISA 22:25
ਕੀਲਿਆਂ	1	1	1	1	ISA 54:2
ਕੀਲੀਆਂ	10	10	2	11	EXO 27:19
ਕੀਲੇ	3	3	2	3	ISA 22:23
ਕੀਸ਼	21	21	5	22	1SA 9:1
ਕੀਸ਼ੀ	1	1	1	1	1CH 6:44
ਕੀਸ਼ੋਨ	6	6	3	6	JDG 4:7
ਕੀੜਾ	13	13	8	14	EXO 16:24
ਕੀੜਿਆਂ	3	3	3	2	LEV 5:2
ਕੀੜੀ	1	1	1	1	PRO 6:6
ਕੀੜੀਆਂ	2	2	2	1	JOB 7:5
ਕੀੜੇ	9	9	5	13	EXO 16:20
ਕੁ	45	45	13	45	JOS 3:4
ਕੁਆਰਤੁਸ	1	1	1	1	ROM 16:23
ਕੁਆਰਪੁਣੇ	9	9	3	9	DEU 22:14
ਕੁਆਰੀ	35	35	19	40	GEN 24:16
ਕੁਆਰੀਆਂ	28	28	14	37	EXO 22:17
ਕੁਆਰੀਏ	6	6	3	6	ISA 23:12
ਕੁਆਰੇ	2	2	2	2	1CO 7:8
ਕੁਆਰੇਪਣੇ	1	1	1	0	LUK 2:36
ਕੁਕਰਮ	10	10	6	14	EXO 22:19
ਕੁਕਰਮਾਂ	2	2	2	1	EZK 20:44
ਕੁਕਰਮੀ	12	12	6	11	JOB 34:22
ਕੁਕਰਮੀਆ	1	1	1	0	PSA 6:8
ਕੁਕਰਮੀਆਂ	19	19	8	18	JOB 31:3
ਕੁਕਰਮੀਓ	1	1	1	1	LUK 13:27
ਕੁਖ	2	2	2	0	LUK 2:21
ਕੁਖੋਂ	1	1	1	0	LUK 1:15
ਕੁਙ	1	1	1	0	ACT 3:5
ਕੁਚਲ	1	1	1	7	DAN 2:40
ਕੁਚਲਣ	3	3	2	2	PSA 107:17
ਕੁਚਲਣੀ	1	1	1	0	1SA 20:30
ਕੁਚਲਦਾ	1	1	1	1	DAN 2:40
ਕੁਚਲਿਆ	4	4	3	6	PSA 44:19
ਕੁਚਲਿਆਂ	3	3	3	2	PSA 34:18
ਕੁਚਲੇ	1	1	1	11	ISA 53:10
ਕੁਚੈਲ	1	1	1	1	2CH 29:16
ਕੁਛ	5	5	4	0	GEN 11:6
ਕੁਜਾਤ	5	5	1	0	EZR 10:2
ਕੁਝ	1223	1223	62	1468	GEN 2:19
ਕੁਝਕੁ	4	4	2	0	EZK 6:8
ਕੁਟਵਾਂ	1	1	1	1	1KI 5:11
ਕੁਟਾਈ	1	1	1	1	DEU 17:8
ਕੁਟਿਆ	1	1	1	0	JHN 18:23
ਕੁਟੇ	1	1	1	0	2CH 9:15
ਕੁਟੰਬ	2	2	1	0	1CH 28:4
ਕੁਠਾਲੀ	3	3	2	3	PRO 17:3
ਕੁਤਰੇ	1	1	1	0	ISA 13:18
ਕੁਤੇ	1	1	1	0	JHN 19:24
ਕੁਦਰਤ	9	9	7	3	PSA 145:11
ਕੁਦਰਤਾਂ	2	2	1	2	PSA 145:4
ਕੁਦਰਤੀ	1	1	1	0	JHN 1:13
ਕੁਦਾਉਂਦਾ	1	1	1	1	PSA 29:6
ਕੁਦਾਏ	1	1	1	1	ISA 66:12
ਕੁਧਰਮ	35	35	16	41	EXO 23:1
ਕੁਧਰਮਾਂ	1	1	1	1	HEB 8:12
ਕੁਧਰਮੀ	21	21	11	22	GEN 18:23
ਕੁਧਰਮੀਆਂ	8	8	4	13	JOB 16:11
ਕੁਨਬੇ	4	4	1	0	GEN 24:4
ਕੁਨਿਆ	1	1	1	0	PRO 13:23
ਕੁਨਿਆਈ	3	3	2	0	PRO 16:8
ਕੁਨਿਆਉਂ	4	4	3	0	ROM 9:14
ਕੁਪਰਸ	1	1	1	0	ACT 27:4
ਕੁਪਰੁਸ	5	5	1	7	ACT 11:19
ਕੁਪਰੁਸੀ	2	2	1	1	ACT 4:36
ਕੁਪੱਤ	1	1	1	0	PRO 17:19
ਕੁਪੱਤੇ	2	2	2	1	EZR 4:12
ਕੁਫਰ	5	5	3	0	NEH 5:9
ਕੁਫ਼ਰ	43	43	13	31	LEV 24:11
ਕੁਮਲਾ	16	16	7	20	2SA 22:46
ਕੁਮਲਾਇਆ	2	2	2	2	ISA 28:4
ਕੁਮਲਾਉਂਦੀ	1	1	1	0	ISA 24:7
ਕੁਮਲਾਉਂਦੇ	1	1	1	1	PSA 1:3
ਕੁਮਲਾਏ	2	2	2	2	GEN 41:23
ਕੁਮਾਉਣ	2	2	2	0	1TH 4:11
ਕੁਮਾਰ	3	3	3	0	2CH 28:7
ਕੁਮਾਰਾਂ	2	2	2	0	1CH 27:32
ਕੁਮਾਵੇ	1	1	1	0	MAT 16:26
ਕੁਰਨੇਲਿਯੁਸ	8	8	1	10	ACT 10:1
ਕੁਰਬਾਨ	7	7	4	3	MRK 7:11
ਕੁਰਬਾਨੀ	3	3	3	5	2KI 16:15
ਕੁਰਲ	1	1	1	0	DEU 14:15
ਕੁਰਲਾ	1	1	1	1	EZK 30:2
ਕੁਰਲਾਉਂਦਿਆਂ	2	2	1	2	REV 18:15
ਕੁਰਲਾਉਂਦੇ	2	2	2	2	MRK 5:38
ਕੁਰਲਾਓ	2	2	2	1	JER 4:8
ਕੁਰਲਾਵਾਂਗਾ	1	1	1	1	JER 9:10
ਕੁਰਸੀ	18	18	4	16	1KI 2:19
ਕੁਰਸੀਆਂ	19	19	7	20	1KI 7:27
ਕੁਰਾਂ	1	1	1	0	HAB 3:17
ਕੁਰਾਲਾਂ	1	1	1	0	NUM 24:7
ਕੁਰਾਹ	5	5	4	2	JDG 2:19
ਕੁਰਾਹੀ	5	5	2	4	NUM 5:12
ਕੁਰਾਹੀਆਂ	1	1	1	1	PSA 40:4
ਕੁਰਾਹੇ	31	31	12	30	DEU 11:16
ਕੁਰਿੰਥੀਆਂ	9	9	3	16	ACT 18:8
ਕੁਰਿੰਥੀਓ	1	1	1	1	2CO 6:11
ਕੁਰਿੰਥੁਸ	6	6	4	25	ACT 18:1
ਕੁਰੇਨਿਯੁਸ	1	1	1	1	LUK 2:2
ਕੁਰੇਨੀ	3	3	3	3	MAT 27:32
ਕੁਰੇਨੀਆਂ	1	1	1	1	ACT 6:9
ਕੁਰੇਨੇ	1	1	1	3	ACT 2:10
ਕੁਰੈਨੇ	1	1	1	0	ACT 13:1
ਕੁਲ	39	39	12	19	GEN 5:1
ਕੁਲਚਾ	1	1	1	0	2SA 6:19
ਕੁਲਚਿਆਂ	1	1	1	0	HOS 3:1
ਕੁਲਪਤ੍ਰੀ	1	1	1	0	2CH 31:19
ਕੁਲਪ੍ਰੱਤੀ	2	2	2	0	RUT 4:18
ਕੁਲਪੱਤਰੀ	1	1	1	0	GEN 11:10
ਕੁਲਪੱਤ੍ਰੀ	11	11	4	6	GEN 11:27
ਕੁਲਪੱਤ੍ਰੀਆਂ	1	1	1	7	GEN 10:1
ਕੁਲਹਾੜੀਆਂ	1	1	1	0	2SA 12:31
ਕੁਲਾਂ	26	26	2	21	NUM 1:18
ਕੁਲੀਨਾਂ	1	1	1	1	DAN 1:3
ਕੁਲੁੱਸੀਆਂ	4	4	1	10	COL 0:0
ਕੁਲੁੱਸੈ	1	1	1	8	COL 1:2
ਕੁਲੋ	1	1	1	2	1CH 16:28
ਕੁਲੱਛਣਿਆਂ	1	1	1	0	1SA 30:22
ਕੁਵੇਲੇ	1	1	1	2	2TI 4:2
ਕੁਵੱਲੀਆਂ	1	1	1	1	PSA 106:33
ਕੁਸਤ	1	1	1	0	ROM 3:7
ਕੁਸਲੂਹੀ	1	1	1	4	GEN 10:14
ਕੁਸ਼ਾ	1	1	1	1	EXO 30:23
ਕੁਸੋਹਣੀਆਂ	7	7	1	0	GEN 41:3
ਕੁਹ	1	1	1	0	1PE 1:14
ਕੁਹਾਨਾਂ	1	1	1	1	ISA 30:6
ਕੁਹਾੜਾ	5	5	5	5	JDG 9:48
ਕੁਹਾੜਿਆਂ	4	4	4	3	1SA 13:21
ਕੁਹਾੜੀ	3	3	2	6	DEU 19:5
ਕੁਹਾੜੀਆਂ	1	1	1	3	PSA 74:6
ਕੁਹਾੜੇ	2	2	2	3	PSA 74:5
ਕੁੜ	1	1	1	0	PRO 24:19
ਕੁੜਤਾ	7	7	5	9	EXO 28:4
ਕੁੜਤਿਆਂ	1	1	1	2	LEV 10:5
ਕੁੜਤੀ	2	2	1	2	2SA 13:18
ਕੁੜਤੇ	13	13	8	15	EXO 28:40
ਕੁੜਦਾ	2	2	2	2	1SA 1:8
ਕੁੜਨਾ	1	1	1	0	PRO 27:3
ਕੁੜਮਾਈ	12	12	5	3	EXO 21:8
ਕੁੜਿੱਕੀ	2	2	2	0	JOB 18:9
ਕੁੜੀ	21	21	8	56	LEV 12:5
ਕੁੜੀਆਂ	8	8	6	8	NUM 25:1
ਕੁੜੀਏ	1	1	1	1	LUK 8:54
ਕੁੜੇ	1	1	1	0	2SA 13:11
ਕੁੜ੍ਹ	3	3	1	4	PSA 37:1
ਕੁੜ੍ਹਣ	1	1	1	0	EXO 16:2
ਕੁੜ੍ਹਣਾ	4	4	1	0	EXO 16:8
ਕੁੜ੍ਹਦੀ	1	1	1	1	EXO 17:3
ਕੁੜ੍ਹਦੇ	3	3	1	3	EXO 16:7
ਕੁੜ੍ਹਨ	2	2	2	4	MAT 20:11
ਕੁੜ੍ਹਨਾ	1	1	1	6	JOB 5:2
ਕੁੜ੍ਹੇਗਾ	1	1	1	1	PSA 112:10
ਕੁੜੱਤਣ	19	19	10	28	GEN 26:35
ਕੁੜੱਤਨ	5	5	2	0	PRO 14:10
ਕੁੰਗੀ	2	2	2	2	1KI 8:37
ਕੁੰਜੀ	6	6	4	5	JDG 3:25
ਕੁੰਜੀਆਂ	2	2	2	2	MAT 16:19
ਕੁੰਡ	16	16	7	17	PSA 88:11
ਕੁੰਡਲ	3	3	3	1	JOB 26:10
ਕੁੰਡਲਾਂ	1	1	1	0	AMO 4:2
ਕੁੰਡਲੀਦਾਰ	1	1	1	1	ISA 27:1
ਕੁੰਡਿਆਂ	1	1	1	1	EXO 36:38
ਕੁੰਡੀ	3	3	3	3	JOB 41:1
ਕੁੰਡੀਆਂ	13	13	4	15	EXO 26:6
ਕੁੰਡੇ	13	13	2	15	EXO 26:32
ਕੁੰਦਣ	1	1	1	0	2CH 9:17
ਕੁੰਦਨ	36	36	10	37	EXO 25:11
ਕੁੰਦਰਾਂ	1	1	1	0	1SA 13:6
ਕੁੰਦੇ	1	1	1	0	PSA 68:13
ਕੁੰਬਲਾਂ	1	1	1	3	JER 2:21
ਕੁੰਮਾਂ	1	1	1	0	1CH 16:9
ਕੁੱਕੜ	13	13	5	4	1KI 4:23
ਕੁੱਕੜੀ	2	2	2	0	MAT 23:37
ਕੁੱਖ	42	42	15	47	GEN 20:18
ਕੁੱਖ਼	1	1	1	0	LUK 2:23
ਕੁੱਖਾਂ	1	1	1	2	LUK 23:29
ਕੁੱਖੋਂ	17	17	7	21	GEN 25:23
ਕੁੱਛੜ	6	6	4	3	2KI 4:16
ਕੁੱਛੜਲੇ	1	1	1	0	1SA 15:3
ਕੁੱਜਾ	1	1	1	1	EXO 16:33
ਕੁੱਜੀ	3	3	1	3	1KI 17:12
ਕੁੱਝ	71	71	9	0	DEU 3:21
ਕੁੱਟ	14	14	10	8	EXO 39:3
ਕੁੱਟਣ	2	2	2	1	DEU 25:2
ਕੁੱਟਦੇ	1	1	1	1	NUM 11:8
ਕੁੱਟਮਾਂ	1	1	1	0	EXO 27:20
ਕੁੱਟਵਾਏ	1	1	1	0	DEU 25:2
ਕੁੱਟਾਂਗਾ	1	1	1	1	PSA 89:23
ਕੁੱਟਿਆ	10	10	8	10	NUM 16:39
ਕੁੱਟੀ	1	1	1	1	JER 10:9
ਕੁੱਟੀਦਾ	1	1	1	1	ISA 28:27
ਕੁੱਟੇ	4	4	4	4	LEV 16:12
ਕੁੱਠਾ	1	1	1	0	EPH 2:16
ਕੁੱਢਣੀ	1	1	1	0	ZEC 3:2
ਕੁੱਤਾ	7	7	6	7	EXO 11:7
ਕੁੱਤਿਆਂ	9	9	7	9	EXO 22:31
ਕੁੱਤੇ	21	21	11	20	DEU 23:18
ਕੁੱਦ	4	4	4	0	JDG 5:22
ਕੁੱਦਣ	1	1	1	1	JDG 5:22
ਕੁੱਦਦਾ	2	2	2	3	DEU 33:22
ਕੁੱਦਦਿਆਂ	1	1	1	0	SNG 2:8
ਕੁੱਦਦੇ	2	2	2	1	JOL 2:5
ਕੁੱਦੋਗੇ	1	1	1	1	MAL 4:2
ਕੁੱਪਾ	1	1	1	1	LEV 19:36
ਕੁੱਪੀ	5	5	3	7	1SA 10:1
ਕੁੱਪੇ	1	1	1	1	LEV 23:13
ਕੁੱਬਾ	2	2	2	3	PSA 38:6
ਕੁੱਬਾਪੁਣਾ	1	1	1	1	PSA 101:4
ਕੁੱਬੀ	1	1	1	2	LUK 13:11
ਕੁੱਬੇ	3	3	3	3	PSA 78:57
ਕੁੱਲ	5	5	5	15	GEN 46:27
ਕੁੱਲਪੱਤ੍ਰੀ	2	2	1	2	HEB 7:3
ਕੁੱਲਾ	1	1	1	0	REV 6:8
ਕੁੱਲੀ	3	3	2	0	JOB 27:18
ਕੁੱਲੋ	1	1	1	0	PSA 96:7
ਕੁੱੜਤਣ	5	5	5	3	NUM 5:18
ਕੂਕ	2	2	1	1	ISA 12:6
ਕੂਚ	118	118	12	140	GEN 20:1
ਕੂਜਾਤ	1	1	1	0	EZR 10:14
ਕੂਟ	1	1	1	0	GEN 25:6
ਕੂਟਾਂ	2	2	2	2	PSA 65:5
ਕੂਣਾ	2	2	2	0	JOB 33:3
ਕੂਥ	1	1	1	1	2KI 17:30
ਕੂਥਾਹ	1	1	1	1	2KI 17:24
ਕੂਨ	1	1	1	1	1CH 18:8
ਕੂਬ	1	1	1	1	EZK 30:5
ਕੂਮਲੀਆਂ	2	2	1	0	NUM 17:5
ਕੂਮੀ	1	1	1	1	MRK 5:41
ਕੂਲੀਆਂ	1	1	1	1	PSA 55:21
ਕੂਲੇ	2	2	1	0	DEU 32:2
ਕੂਸ਼	27	27	11	31	GEN 2:13
ਕੂਸ਼ਨ-ਰਿਸ਼ਾਤੈਮ	4	4	1	4	JDG 3:8
ਕੂਸ਼ਾਯਾਹ	1	1	1	1	1CH 15:17
ਕੂਸ਼ਿਓ	1	1	1	0	ZEP 2:12
ਕੂਸ਼ੀ	22	22	7	24	NUM 12:1
ਕੂਸ਼ੀਆਂ	6	6	3	6	2CH 14:12
ਕੂੜ	3	3	2	1	EXO 23:1
ਕੂੜਾ	3	3	3	3	LAM 3:45
ਕੂੜਾਂ	1	1	1	0	PSA 31:6
ਕੂੜੇ	8	8	3	7	NEH 2:13
ਕੂੜੱਤਣ	1	1	1	0	JOB 7:11
ਕੂੰਜ	1	1	1	1	ISA 38:14
ਕੂੰਟਾਂ	7	7	5	2	PSA 22:27
ਕੂੰਦਾ	1	1	1	0	PSA 38:13
ਕੂੰਦੇ	1	1	1	0	PSA 41:8
ਕੂੰਬਲ	1	1	1	1	ISA 53:2
ਕੂੰਬਲਾਂ	2	2	1	3	JOB 14:7
ਕੇ	5163	5163	63	6298	GEN 3:10
ਕੇਂਦਰ	1	1	1	1	EZK 5:5
ਕੇਉੜਾ	1	1	1	1	SNG 4:14
ਕੇਡਾ	14	14	7	1	PSA 8:1
ਕੇਡਾਕੁ	2	2	2	0	2SA 6:20
ਕੇਡੀ	3	3	2	1	PSA 31:19
ਕੇਡੇ	13	13	7	4	NUM 24:5
ਕੇਤਾ	1	1	1	0	2SA 22:38
ਕੇਦਮਾਹ	1	1	1	2	GEN 25:15
ਕੇਦਸ਼	3	3	1	0	JDG 4:9
ਕੇਦਾਰ	11	11	7	13	GEN 25:13
ਕੇਦਾਰੀਆਂ	1	1	1	1	ISA 21:17
ਕੇਨਾਨ	8	8	3	8	GEN 5:9
ਕੇਨੀ	7	7	3	8	GEN 15:19
ਕੇਨੀਆਂ	5	5	3	5	NUM 24:21
ਕੇਫ਼ਸ	1	1	1	0	1CO 3:22
ਕੇਫ਼ਾਸ	7	7	3	7	JHN 1:42
ਕੇਰ	7	7	3	0	MAT 18:29
ਕੇਰੀਂ	1	1	1	0	EZK 24:16
ਕੇਰੋਸ	2	2	2	2	EZR 2:44
ਕੇਲਾਯਾਹ	1	1	1	1	EZR 10:23
ਕੇਵਲ	97	97	30	98	GEN 14:24
ਕੇਸਰ	1	1	1	1	SNG 4:14
ਕੇਸ਼	1	1	1	0	2SA 21:14
ਕੇਹਾ	2	2	1	0	1SA 4:14
ਕੇਹੀ	3	3	3	0	1SA 4:6
ਕੇਹੀਆਂ	1	1	1	1	PRO 30:13
ਕੇਹੇ	3	3	3	1	JOS 4:21
ਕੇਹੋ	6	6	3	0	NUM 13:18
ਕੈ	4	4	3	3	PRO 26:11
ਕੈਂਠਾ	3	3	1	4	DAN 5:7
ਕੈਂਠਾਂ	1	1	1	0	PRO 1:9
ਕੈਦ	72	72	21	90	GEN 39:20
ਕੈਦਖ਼ਾਨਿਆਂ	1	1	1	3	LUK 21:12
ਕੈਦਖ਼ਾਨੇ	9	9	4	30	ECC 4:14
ਕੈਦਖਾਨਿਆਂ	1	1	1	0	ACT 26:10
ਕੈਦਖਾਨੇ	14	14	5	0	GEN 39:21
ਕੈਦਾਂ	1	1	1	1	2CO 11:23
ਕੈਦੀ	18	18	7	26	GEN 39:20
ਕੈਦੀਆਂ	8	8	5	12	GEN 31:26
ਕੈਦੋਂ	5	5	5	0	2KI 25:27
ਕੈਫ਼ਾਸ	1	1	1	2	1CO 1:12
ਕੈਲ	1	1	1	0	JOB 32:12
ਕੈਸਰ	28	28	6	30	MAT 22:17
ਕੈਸਰਿਯਾ	15	15	1	18	ACT 8:40
ਕੈਸਰੀ	1	1	1	1	ACT 25:10
ਕੈਸਰੀਆ	2	2	2	0	MAT 16:13
ਕੋ	4	4	4	0	EXO 10:2
ਕੋਅ	1	1	1	1	EZK 23:23
ਕੋਇਲ	1	1	1	2	LEV 11:16
ਕੋਇਲੇ	1	1	1	1	PRO 26:21
ਕੋਈ	1798	1798	65	1902	GEN 2:5
ਕੋਈ-ਕੋਈ	1	1	1	0	1CO 1:12
ਕੋਜ਼ੇਬਾ	1	1	1	1	1CH 4:22
ਕੋਟ	12	12	6	3	LEV 25:31
ਕੋਟਲਾ	1	1	1	0	ISA 10:26
ਕੋਟਲਿਆਂ	8	8	2	4	1KI 12:11
ਕੋਟਲੇ	5	5	3	1	DEU 25:3
ਕੋਟਾਂ	7	7	4	6	2SA 22:46
ਕੋਟੜਿਆਂ	1	1	1	0	2SA 7:14
ਕੋਠਰੀ	1	1	1	2	SNG 3:4
ਕੋਠਿਆਂ	7	7	5	5	ISA 15:3
ਕੋਠੀਆਂ	1	1	1	0	DEU 32:25
ਕੋਠੇ	8	8	4	3	MAT 3:12
ਕੋਠੜਿਆ	1	1	1	0	SNG 1:4
ਕੋਠੜਿਆਂ	1	1	1	0	EZR 8:29
ਕੋਠੜੀ	69	69	17	70	GEN 43:30
ਕੋਠੜੀਆਂ	65	65	13	70	GEN 6:14
ਕੋਡਾ	2	2	1	0	GEN 24:14
ਕੋਡੇ	1	1	1	0	GAL 6:11
ਕੋਣ	13	13	7	0	NUM 16:5
ਕੋਣਾ	2	2	1	0	EZK 45:7
ਕੋਣਿਆਂ	3	3	1	0	EZK 43:20
ਕੋਣੇ	2	2	2	0	2CH 26:9
ਕੋਤਵਾਲਾਂ	2	2	1	0	JOB 31:11
ਕੋਨਿਆਂ	1	1	1	6	ZEP 3:6
ਕੋਨੇ	1	1	1	6	ZEC 14:10
ਕੋਪ	19	19	9	11	PSA 2:5
ਕੋਪਵਾਨ	12	12	4	1	ECC 5:6
ਕੋਮ	2	2	2	0	NUM 14:12
ਕੋਮਲ	5	5	5	9	PRO 25:15
ਕੋਮਲਤਾ	3	3	2	2	1CO 4:21
ਕੋਮਲਤਾਈ	1	1	1	1	PSA 45:4
ਕੋਮਾਂ	6	6	4	0	JOS 23:13
ਕੋਰ	3	3	3	2	EXO 28:32
ਕੋਰਸ	4	4	2	0	2CH 36:22
ਕੋਰਸ਼	14	14	1	26	EZR 1:1
ਕੋਰਹ	27	27	4	41	GEN 36:5
ਕੋਰਾਸ਼ਾਨ	1	1	1	1	1SA 30:30
ਕੋਰਾਹ	1	1	1	0	JUD 1:11
ਕੋਰਾਹੀਆਂ	1	1	1	0	2CH 20:19
ਕੋਰੀ	1	1	1	0	MRK 2:21
ਕੋਰੀਆਂ	1	1	1	0	JDG 16:12
ਕੋਰੇ	5	5	4	4	EXO 16:14
ਕੋਰੜਾ	1	1	1	1	JOB 9:23
ਕੋਰੜਿਆਂ	2	2	2	2	PSA 89:32
ਕੋਰੜੇ	17	17	8	24	JOS 23:13
ਕੋਲ	2235	2235	61	2283	GEN 2:19
ਕੋਲਾ	1	1	1	1	ISA 6:6
ਕੋਲਾਯਾਹ	2	2	2	2	NEH 11:7
ਕੋਲਿਆਂ	6	6	4	6	LEV 16:12
ਕੋਲੀ	1	1	1	0	NUM 7:14
ਕੋਲੇ	1	1	1	1	ISA 47:14
ਕੋਲੋ	7	7	5	0	RUT 1:5
ਕੋਲੋਂ	367	367	45	448	GEN 4:1
ਕੋਸ	4	4	4	3	EXO 22:28
ਕੋਸਦੇ	1	1	1	0	MRK 14:6
ਕੋਸ਼ਿਸ਼	40	40	7	30	JHN 5:7
ਕੋਸ਼ਿਸ਼ਾਂ	1	1	1	1	JHN 5:18
ਕੋਸਾਮ	1	1	1	1	LUK 3:28
ਕੋਹ	4	4	3	0	MAT 5:41
ਕੋਹਣ	1	1	1	0	PSA 40:14
ਕੋਹਲੂ	5	5	3	5	EXO 22:29
ਕੋਹਾਂ	1	1	1	0	REV 14:20
ਕੋਹਿਆ	6	6	3	2	2KI 25:7
ਕੋਹੀਆਂ	2	2	2	2	PSA 44:22
ਕੋਹੇ	3	3	3	0	GEN 22:10
ਕੋਹੜ	30	30	1	0	LEV 13:2
ਕੋਹੜਾ	1	1	1	0	LEV 22:4
ਕੋਹੜੀ	4	4	1	0	LEV 13:44
ਕੋੜ	1	1	1	0	DEU 24:8
ਕੋੜਮੇ	1	1	1	0	ACT 7:14
ਕੋੜੇ	1	1	1	0	JHN 19:1
ਕੋੜ੍ਹ	7	7	5	50	EXO 4:6
ਕੋੜ੍ਹਨ	2	2	1	2	NUM 12:10
ਕੋੜ੍ਹਾ	1	1	1	0	2SA 3:29
ਕੋੜ੍ਹੀ	13	13	5	24	2KI 5:1
ਕੋੜ੍ਹੀਆਂ	2	2	2	4	NUM 5:2
ਕੋੜ੍ਹੇ	1	1	1	0	LUK 17:12
ਕੌਂਮਾ	1	1	1	0	LAM 4:20
ਕੌਂਸਲ	1	1	1	0	JHN 11:47
ਕੌਡੀ	5	5	3	0	JDG 20:16
ਕੌਣ	306	306	43	347	GEN 19:12
ਕੌਮ	178	178	36	174	GEN 12:2
ਕੌਮਾ	5	5	2	0	PSA 9:5
ਕੌਮਾਂ	549	549	46	623	GEN 10:5
ਕੌਮਾਂਦੇ	1	1	1	0	ZEP 2:14
ਕੌਮੋ	6	6	5	7	PSA 117:1
ਕੌਮੋਂ	3	3	2	4	DEU 32:43
ਕੌਲ	6	6	6	2	2CH 4:12
ਕੌਲਾਂ	4	4	2	4	1KI 7:41
ਕੌਲੀ	12	12	1	13	NUM 7:20
ਕੌਲੀਆਂ	10	10	5	10	NUM 4:7
ਕੌੜਾ	13	13	11	12	EXO 15:23
ਕੌੜਿਆਂ	2	2	2	0	EST 4:1
ਕੌੜੀ	12	12	10	7	EXO 12:8
ਕੌੜੀਆਂ	1	1	1	1	JOB 13:26
ਕੌੜੇ	11	11	8	8	GEN 26:20
ਕੌੜ੍ਹ	4	4	1	0	2KI 5:3
ਕੌੜ੍ਹੀ	2	2	1	0	2KI 5:11
ਕ੍ਰਿਪਾ	1	1	1	2	1PE 5:10
ਕ੍ਰੂਬੀ	1	1	1	0	2SA 22:11
ਕ੍ਰੋਧ	287	287	43	351	GEN 49:6
ਕ੍ਰੋਧਵਾਨ	27	27	10	43	NUM 16:15
ਕ੍ਰੋਧੀ	8	8	5	8	LEV 10:16
ਕੜਕ	3	3	2	1	JOB 36:33
ਕੜਕਣ	1	1	1	1	JOB 38:25
ਕੜਛਿਆਂ	1	1	1	1	1KI 7:40
ਕੜਛੇ	8	8	6	9	EXO 27:3
ਕੜਾਹੀਆਂ	1	1	1	1	2CH 35:13
ਕੜਾਹੇ	2	2	2	3	1SA 2:14
ਕੜਿਆ	1	1	1	0	JDG 15:13
ਕੜਿਆਂ	14	14	1	14	EXO 25:14
ਕੜੀ	1	1	1	4	1TH 3:5
ਕੜੀਆਂ	3	3	3	6	2CH 33:11
ਕੜੇ	40	40	4	40	GEN 24:22
ਕੰਕਰਾਂ	1	1	1	1	PRO 20:17
ਕੰਖਰਿਯਾ	2	2	2	2	ACT 18:18
ਕੰਗਣ	1	1	1	1	ISA 3:20
ਕੰਗਾਲ	78	78	21	91	GEN 45:11
ਕੰਗਾਲਾਂ	29	29	11	37	2KI 24:14
ਕੰਙਣ	1	1	1	0	2SA 1:10
ਕੰਜਰਪੁਣਾ	1	1	1	0	ISA 23:17
ਕੰਜਰੀ	23	23	9	10	GEN 34:31
ਕੰਜਰੀਆਂ	7	7	6	3	PRO 29:3
ਕੰਜਰੀਏ	1	1	1	0	ISA 23:16
ਕੰਜਰੀਬਾਜੀ	1	1	1	0	LEV 19:29
ਕੰਠ	1	1	1	0	DEU 31:19
ਕੰਠਾ	1	1	1	0	GEN 41:42
ਕੰਠੇ	1	1	1	0	JDG 8:26
ਕੰਡ	2	2	2	0	SNG 2:9
ਕੰਡਾ	3	3	3	4	EZK 28:24
ਕੰਡਿਆਂ	19	19	13	21	DEU 33:16
ਕੰਡਿਆਲਾ	1	1	1	1	EZK 38:4
ਕੰਡਿਆਲਿਆਂ	12	12	4	2	ISA 7:24
ਕੰਡਿਆਲੀ	1	1	1	5	HEB 6:8
ਕੰਡਿਆਲੀਆਂ	1	1	1	8	LUK 6:44
ਕੰਡਿਆਲੇ	12	12	5	12	GEN 3:18
ਕੰਡੇ	24	24	11	23	GEN 3:18
ਕੰਡੇਲਾ	1	1	1	0	ISA 34:11
ਕੰਡੈਲਾ	1	1	1	2	ZEP 2:14
ਕੰਡੈਲੇ	1	1	1	1	ISA 14:23
ਕੰਢਾ	4	4	3	3	2CH 4:5
ਕੰਢਿਆ	2	2	2	0	JOS 4:18
ਕੰਢਿਆਂ	16	16	9	20	NUM 24:24
ਕੰਢਿਓ	1	1	1	0	2CH 4:2
ਕੰਢਿਓਂ	2	2	1	1	LUK 5:3
ਕੰਢੇ	87	87	25	83	GEN 22:17
ਕੰਤਾਰ	9	9	1	3	1CH 19:6
ਕੰਦਾਕੇ	1	1	1	1	ACT 8:27
ਕੰਦੀਆਂ	1	1	1	0	2SA 23:6
ਕੰਧ	144	144	28	106	GEN 49:22
ਕੰਧਾ	5	5	2	0	EZR 4:12
ਕੰਧਾਂ	52	52	17	57	LEV 14:37
ਕੰਧੇ	2	2	2	2	LAM 2:18
ਕੰਨ	178	178	35	170	GEN 4:23
ਕੰਨਾ	6	6	5	0	LEV 8:24
ਕੰਨਾਂ	60	60	18	62	GEN 20:8
ਕੰਨਿਆ	2	2	2	1	NUM 30:3
ਕੰਨੀ	5	5	5	2	RUT 4:4
ਕੰਨੀਂ	18	18	9	8	GEN 23:10
ਕੰਨੇਹ	1	1	1	1	EZK 27:23
ਕੰਨੋਂ	1	1	1	1	PRO 26:17
ਕੰਬ	31	31	12	35	EXO 19:16
ਕੰਬਣ	8	8	8	9	DEU 28:65
ਕੰਬਣਗੀਆਂ	2	2	2	2	JER 33:9
ਕੰਬਣਗੇ	8	8	4	10	DEU 2:25
ਕੰਬਣੀ	10	10	8	9	EXO 15:15
ਕੰਬਦਾ	11	11	9	8	1SA 4:13
ਕੰਬਦੀ	5	5	4	4	PRO 30:21
ਕੰਬਦੀਆਂ	4	4	4	4	ISA 41:5
ਕੰਬਦੇ	19	19	11	21	GEN 27:33
ਕੰਬਿਆ	1	1	1	1	1SA 28:5
ਕੰਬੀ	2	2	2	2	PSA 77:18
ਕੰਬੀਆਂ	1	1	1	1	DAN 5:19
ਕੰਬੇ	1	1	1	1	1SA 14:15
ਕੰਬੇਗਾ	3	3	3	3	ISA 60:5
ਕੰਬੇਗੀ	2	2	1	2	JER 49:21
ਕੰਬੋ	4	4	2	5	DEU 20:3
ਕੰਬੋਗੇ	1	1	1	1	JER 5:22
ਕੰਮ	925	925	61	1060	GEN 21:26
ਕੰਮਕਾਜ	1	1	1	1	EZK 27:27
ਕੰਮਾ	10	10	7	0	DEU 23:20
ਕੰਮਾਂ	204	204	36	308	EXO 3:20
ਕੰਮੀਆਂ	2	2	1	0	JOB 40:21
ਕੱਈਆਂ	1	1	1	0	1CH 16:4
ਕੱਕਰ	3	3	3	3	EXO 16:14
ਕੱਖ	12	12	6	17	NUM 21:35
ਕੱਚ	5	5	3	5	JOB 28:17
ਕੱਚਪਚਿਆਂ	1	1	1	1	JOB 38:31
ਕੱਚਾ	8	8	4	9	EXO 12:9
ਕੱਚੀ	8	8	3	8	JOB 15:33
ਕੱਚੇ	3	3	3	3	LEV 13:15
ਕੱਛ	5	5	4	1	EXO 28:42
ਕੱਛਣ	1	1	1	0	ZEC 2:1
ਕੱਛਾਂ	1	1	1	1	EXO 39:28
ਕੱਜ	16	16	8	8	LEV 13:13
ਕੱਜਣ	10	10	6	5	EXO 28:42
ਕੱਜਣਗੇ	2	2	2	0	ISA 59:6
ਕੱਜਦਾ	4	4	3	1	DEU 22:12
ਕੱਜਦੀ	4	4	1	0	LEV 3:3
ਕੱਜਦੀਆਂ	3	3	2	0	1KI 7:41
ਕੱਜਦੇ	1	1	1	0	1KI 8:7
ਕੱਜਲ	3	3	3	1	2KI 9:30
ਕੱਜਿਆ	15	15	9	2	1KI 6:9
ਕੱਜੀਂ	1	1	1	0	EZK 24:17
ਕੱਜੀਆਂ	1	1	1	1	PSA 65:13
ਕੱਜੇ	3	3	2	1	LEV 13:12
ਕੱਜੇਗਾ	2	2	2	0	EZK 12:12
ਕੱਜੇਗੀ	1	1	1	0	MIC 7:10
ਕੱਜੋ	1	1	1	1	ISA 58:7
ਕੱਜੋਗੇ	1	1	1	0	EZK 24:22
ਕੱਟ	60	60	22	30	EXO 4:25
ਕੱਟਣ	18	18	12	19	LEV 7:2
ਕੱਟਣਗੇ	4	4	3	3	ISA 18:6
ਕੱਟਣਾ	3	3	1	1	ISA 10:7
ਕੱਟਣੀ	2	2	2	2	JOB 31:32
ਕੱਟਦਾ	2	2	2	3	ECC 6:12
ਕੱਟਦੇ	11	11	8	6	LEV 4:24
ਕੱਟਾਂ	2	2	2	2	JER 20:18
ਕੱਟਾਥ	1	1	1	1	JOS 19:15
ਕੱਟਿਆ	31	31	15	19	LEV 4:15
ਕੱਟਿਆਂ	1	1	1	1	PSA 31:22
ਕੱਟੀ	11	11	8	8	GEN 24:54
ਕੱਟੀਆਂ	3	3	2	2	2CH 29:22
ਕੱਟੀਏ	4	4	3	5	SNG 7:11
ਕੱਟੇ	26	26	14	10	EXO 12:6
ਕੱਟੇਗਾ	1	1	1	1	JOB 39:9
ਕੱਟੇਜਾਣਗੇ	1	1	1	0	AMO 3:14
ਕੱਟੋ	5	5	5	2	EXO 12:21
ਕੱਟੋਗੇ	1	1	1	1	ROM 8:13
ਕੱਡ	2	2	2	0	2SA 21:1
ਕੱਢ	342	342	35	376	GEN 2:21
ਕੱਢਕੇ	3	3	1	0	GEN 19:10
ਕੱਢਣ	31	31	15	22	EXO 12:42
ਕੱਢਣਗੇ	3	3	3	3	PRO 30:17
ਕੱਢਣਾ	1	1	1	6	DEU 12:2
ਕੱਢਣੀਆਂ	2	2	2	1	LEV 23:17
ਕੱਢਦਾ	28	28	10	25	LEV 18:24
ਕੱਢਦੀ	2	2	2	1	PRO 8:12
ਕੱਢਦੇ	13	13	10	13	JOB 24:11
ਕੱਢਨ	1	1	1	0	NUM 14:38
ਕੱਢਲੈ	1	1	1	0	HOS 12:13
ਕੱਢਾਂ	1	1	1	1	ECC 1:13
ਕੱਢਾਂਗਾ	13	13	8	12	GEN 30:32
ਕੱਢਿਆ	76	76	26	78	GEN 3:19
ਕੱਢਿਆਂ	4	4	3	3	JDG 5:30
ਕੱਢਿਓ	1	1	1	1	NUM 5:3
ਕੱਢੀ	19	19	12	15	GEN 2:22
ਕੱਢੀਂ	1	1	1	1	EXO 28:39
ਕੱਢੀਆਂ	6	6	5	5	EXO 25:15
ਕੱਢੀਏ	3	3	2	1	GEN 11:4
ਕੱਢੀਦਾ	1	1	1	1	PSA 139:15
ਕੱਢੇ	31	31	17	36	GEN 24:22
ਕੱਢੇਂ	2	2	2	2	PSA 104:14
ਕੱਢੇਂਗਾ	1	1	1	2	NUM 20:8
ਕੱਢੇਗਾ	8	8	7	6	DEU 7:22
ਕੱਢੇਗੀ	1	1	1	0	ISA 26:19
ਕੱਢੋ	6	6	5	7	NUM 33:55
ਕੱਢੋਗੇ	3	3	3	2	LEV 26:10
ਕੱਤਦੇ	2	2	2	2	MAT 6:28
ਕੱਤਰਾਂ	2	2	1	0	EXO 28:25
ਕੱਤਿਆ	2	2	1	2	EXO 35:25
ਕੱਤੀ	1	1	1	1	EXO 35:26
ਕੱਦ	11	11	6	12	1SA 17:4
ਕੱਦਾਂ	1	1	1	1	NUM 13:32
ਕੱਦੂ	1	1	1	1	2KI 4:39
ਕੱਦੇ	1	1	1	0	ISA 1:6
ਕੱਪਦੁਕਿਯਾ	1	1	1	2	ACT 2:9
ਕੱਪਦੋਕੀਆ	1	1	1	0	1PE 1:1
ਕੱਪੇਂ	1	1	1	0	OBA 1:14
ਕੱਪੜਾ	28	28	15	43	GEN 9:23
ਕੱਪੜਿਆ	1	1	1	0	JHN 20:7
ਕੱਪੜਿਆਂ	6	6	6	14	2SA 1:24
ਕੱਪੜੇ	100	100	29	202	GEN 37:29
ਕੱਬਜ਼ਾ	1	1	1	0	1KI 21:16
ਕੱਬਜ਼ੇ	1	1	1	0	EXO 21:16
ਕੱਬਾ	3	3	2	0	LEV 21:20
ਕੱਬੀ	2	2	2	2	PSA 78:8
ਕੱਬੇ	1	1	1	0	PRO 3:32
ਕੱਬੋਨ	1	1	1	1	JOS 15:40
ਕੱਲ	29	29	16	58	GEN 19:34
ਕੱਲਈ	1	1	1	1	NEH 12:20
ਕੱਲਰ	2	2	2	2	PSA 107:34
ਕੱਲਰਾਛੀ	1	1	1	0	JOB 39:6
ਕੱਲਾ	1	1	1	0	LUK 24:18
ਕੱਲੀ	1	1	1	0	LUK 10:40
ਕੱਸ	11	11	8	11	EXO 12:33
ਕੱਸਣ	1	1	1	1	EXO 39:5
ਕੱਸਣਗੇ	1	1	1	1	EZK 7:18
ਕੱਸਦਾ	2	2	1	2	PSA 18:32
ਕੱਸਦੇ	3	3	3	1	1KI 1:1
ਕੱਸਾ	5	5	2	5	JOB 12:21
ਕੱਸਾਂਗਾ	1	1	1	1	ISA 22:21
ਕੱਸਿਆ	8	8	7	3	GEN 22:3
ਕੱਸੀ	2	2	2	3	2KI 4:24
ਕੱਸੀਂ	2	2	1	2	EXO 28:14
ਕੱਸੇ	11	11	7	10	1SA 2:4
ਕੱਸੇਂਗਾ	1	1	1	1	PSA 76:10
ਕੱਸੋ	2	2	1	2	ISA 8:9
ਖਈ	1	1	1	0	LEV 26:16
ਖਚਰ	3	3	3	0	LUK 20:23
ਖਚਰਊਅਤੇ	1	1	1	0	1SA 15:23
ਖਚਰਪੁਣਾ	1	1	1	0	ISA 19:11
ਖਚਰਪੁਣੇ	1	1	1	0	PSA 81:12
ਖਚਰਾ	1	1	1	1	PSA 49:10
ਖਚਰਾਂ	1	1	1	0	EZR 2:66
ਖਜਲ	1	1	1	0	MAL 2:9
ਖਜ਼ਾਨਚਿਆ	1	1	1	0	EZR 7:21
ਖਜ਼ਾਨਚੀ	2	2	2	1	NEH 13:13
ਖਜ਼ਾਨਾ	6	6	5	7	1KI 14:26
ਖਜ਼ਾਨਿਆਂ	13	13	8	16	1KI 7:51
ਖਜ਼ਾਨੇ	22	22	11	23	DEU 33:19
ਖਜ਼ੂਰ	1	1	1	27	JHN 12:13
ਖਜਾਨਿਆਂ	6	6	4	0	1KI 15:18
ਖਜਾਨੇ	2	2	2	0	JER 17:3
ਖਜੂਰ	25	25	13	0	EXO 15:27
ਖਜੂਰਾਂ	10	10	5	0	DEU 34:3
ਖਟੀਕ	3	3	1	0	ACT 9:43
ਖਟੋਲਿਆਂ	1	1	1	0	ACT 5:15
ਖਡਾ	1	1	1	0	ACT 1:23
ਖਤ	3	3	1	0	ACT 23:25
ਖਤਮ	5	5	3	3	PSA 72:20
ਖਤਰਾ	1	1	1	0	1CO 7:2
ਖਤਰੇ	3	3	3	1	DAN 1:10
ਖਦੇੜ	1	1	1	1	JOB 18:18
ਖਪ	3	3	3	0	DEU 2:16
ਖਪਰੈਲ	1	1	1	0	EZK 4:1
ਖਪਰੈਲਾਂ	1	1	1	0	LUK 5:19
ਖਪਾਇਆ	1	1	1	1	PSA 69:10
ਖਬਰ	164	164	31	0	NUM 14:36
ਖਬਰਦਾਰ	13	13	7	0	DEU 12:13
ਖਬਰਦਾਰੀ	3	3	2	0	MAL 2:16
ਖਬਰਾਂ	2	2	2	0	DAN 11:44
ਖਬਰੀ	89	89	19	0	PSA 40:9
ਖਬਰੇ	4	4	4	2	1KI 18:12
ਖਮਿਰੀਆਂ	1	1	1	0	GAL 5:9
ਖਮੀਰ	11	11	5	0	DEU 16:3
ਖਮੀਰੇ	1	1	1	0	1CO 5:6
ਖਮੋਸ਼ੀ	1	1	1	2	PSA 115:17
ਖਰਚ	11	11	7	0	GEN 47:15
ਖਰਚਦੇ	1	1	1	1	ISA 55:2
ਖਰਚੀ	9	9	5	2	DEU 23:18
ਖਰਚੀਆਂ	1	1	1	0	MIC 1:7
ਖਰਚੇ	1	1	1	0	1CO 9:7
ਖਰਬਾਂ	1	1	1	0	LAM 1:4
ਖਰਾ	11	11	5	14	2CH 4:21
ਖਰਾਈ	1	1	1	0	PRO 11:3
ਖਰਾਜ	1	1	1	0	2CH 17:11
ਖਰਾਟਿਆਂ	1	1	1	1	JER 8:16
ਖਰਾਬ	11	11	6	0	2KI 2:19
ਖਰਾਬਾ	3	3	3	1	ISA 62:4
ਖਰਾਬੀ	4	4	3	3	PSA 74:3
ਖਰਾਬੇ	1	1	1	1	EZK 22:13
ਖਰਾਸ	4	4	4	0	MAT 18:6
ਖਰਿਆਂ	2	2	1	0	PRO 10:29
ਖਰਿਆਈ	9	9	3	18	JOB 2:3
ਖਰੀ	7	7	6	12	1SA 20:7
ਖਰੀਆਂ	4	4	4	5	PRO 8:6
ਖਰੀਦ	1	1	1	6	JHN 6:5
ਖਰੀਦਣ	2	2	1	9	JHN 4:8
ਖਰੀਦਦੇ	2	2	2	3	2CH 1:17
ਖਰੀਦਾਂਗਾ	1	1	1	1	1CH 21:24
ਖਰੀਦਿਆ	4	4	2	1	1CO 6:20
ਖਰੇ	8	8	5	11	2KI 22:7
ਖਲ	1	1	1	1	JOB 10:11
ਖਲਵਾੜਾ	1	1	1	1	EXO 22:6
ਖਲਵਾੜਿਆਂ	1	1	1	0	1SA 23:1
ਖਲਵਾੜੇ	6	6	6	2	EXO 22:29
ਖਲਾਰ	1	1	1	0	DAN 4:14
ਖਲਾਰਿਆ	2	2	2	0	GEN 35:21
ਖਲਾਰੇ	1	1	1	0	EXO 25:20
ਖਲਾਰੇਗਾ	2	2	1	0	JER 48:40
ਖਲਿਆਰੇ	1	1	1	0	PSA 31:8
ਖਲਿਹਾਰੇ	1	1	1	0	LEV 16:7
ਖਲੋ	129	129	32	28	GEN 41:3
ਖਲੋਂਦਾ	6	6	5	1	JDG 20:28
ਖਲੋਂਦੀ	1	1	1	0	PRO 8:2
ਖਲੋਂਦੇ	9	9	4	1	2SA 20:12
ਖਲੋਇਆ	1	1	1	0	JHN 13:4
ਖਲੋਇਓ	1	1	1	0	JOS 10:19
ਖਲੋਈਏ	1	1	1	0	OBA 1:1
ਖਲੋਣ	2	2	2	2	PSA 89:43
ਖਲੋਣਗੇ	3	3	2	2	EZK 27:29
ਖਲੋਣਾ	1	1	1	0	OBA 1:14
ਖਲੋਤਾ	100	100	27	12	GEN 18:22
ਖਲੋਤਿਆਂ	1	1	1	0	REV 20:12
ਖਲੋਤੀ	16	16	9	2	EXO 18:13
ਖਲੋਤੀਆਂ	5	5	5	1	JDG 15:5
ਖਲੋਤੇ	67	67	23	14	GEN 18:2
ਖਲੋਵਾਂ	1	1	1	1	JER 40:10
ਖਲੋਵਾਂਗਾ	2	2	2	1	1SA 19:3
ਖਲੋਵਾਂਗੇ	1	1	1	0	2KI 10:4
ਖਲੋਵੇ	5	5	4	3	LEV 18:23
ਖਲੋਵੇਂਗਾ	1	1	1	0	DAN 12:13
ਖਲੋਵੇਂਗੀ	1	1	1	1	JER 47:6
ਖਲੋਵੇਗਾ	6	6	3	0	PRO 22:29
ਖਲੋਵੇਗੀ	1	1	1	1	DAN 11:17
ਖਲੋਵੋ	5	5	3	2	2CH 29:11
ਖਲੋਵੋਗੇ	1	1	1	1	JER 7:10
ਖਲ੍ਹਿਆਰਨ	1	1	1	0	ROM 14:4
ਖਲ੍ਹਿਆਰਾਂਗਾ	2	2	2	0	1SA 2:35
ਖਲ੍ਹਿਆਰਿਆ	5	5	3	0	JDG 16:25
ਖਲ੍ਹਿਆਰੇ	1	1	1	1	PSA 69:29
ਖਲ੍ਹੋ	1	1	1	0	ACT 27:21
ਖਲੜੀ	1	1	1	0	2SA 3:14
ਖਲੜੀਆਂ	5	5	4	4	DEU 10:16
ਖਵਾਇਆ	2	2	1	3	DAN 4:25
ਖਵਾਈ	2	2	2	7	GEN 47:17
ਖਵਾਈਦਾ	2	2	1	2	DAN 4:25
ਖਵਾਉਣ	1	1	1	2	2SA 13:11
ਖਵਾਓ	1	1	1	0	JOS 23:7
ਖਵਾਵਾਂਗਾ	1	1	1	0	ISA 58:14
ਖਵਾਵੇਗਾ	2	2	1	0	NUM 11:4
ਖਵੜੀਆਂ	1	1	1	0	EXO 26:15
ਖਸਮ	1	1	1	0	LUK 16:18
ਖਹਿ	1	1	1	1	PSA 68:1
ਖਹਿੜੇ	3	3	2	0	GEN 19:3
ਖ਼ਚਰਾਂ	1	1	1	0	EZK 27:14
ਖ਼ਜਲ	1	1	1	0	EZK 12:15
ਖ਼ਜ਼ਾਨਚੀ	1	1	1	1	EZR 1:8
ਖ਼ਜ਼ਾਨਾ	4	4	4	5	PRO 21:20
ਖ਼ਜ਼ਾਨਿਆ	1	1	1	0	JER 49:4
ਖ਼ਜ਼ਾਨਿਆਂ	11	11	4	15	JOB 3:21
ਖ਼ਜ਼ਾਨੇ	21	21	12	20	1CH 26:20
ਖ਼ਜਾਨਿਆਂ	1	1	1	0	JER 10:13
ਖ਼ਬਰ	91	91	18	260	GEN 14:13
ਖ਼ਬਰਦਾਰ	23	23	6	18	GEN 24:6
ਖ਼ਬਰਾਂ	1	1	1	5	JER 37:5
ਖ਼ਬਰੀ	4	4	1	3	MAT 4:23
ਖ਼ਬਰੇ	1	1	1	1	JER 20:10
ਖ਼ਮੀਰ	20	20	5	32	EXO 12:15
ਖ਼ਮੀਰਾ	2	2	2	3	MAT 13:33
ਖ਼ਮੀਰੀ	6	6	2	7	EXO 12:15
ਖ਼ਮੋਸ਼ੀ	1	1	1	0	JOB 4:16
ਖ਼ਰਚ	2	2	1	13	LUK 14:28
ਖ਼ਰਬੂਜੇ	1	1	1	1	NUM 11:5
ਖ਼ਰਾਬ	2	2	2	15	SNG 2:15
ਖ਼ਰੀਦੇ	1	1	1	0	GEN 17:23
ਖ਼ਾਕ	28	28	3	11	1SA 2:8
ਖ਼ਾਤਰ	22	22	6	9	GEN 20:11
ਖ਼ਾਨਾ	2	2	1	0	JER 37:15
ਖ਼ਾਨਿਆਂ	6	6	1	6	EXO 28:14
ਖ਼ਾਨੇ	14	14	5	5	EXO 28:13
ਖ਼ਾਲਸ	16	16	5	21	EXO 28:14
ਖ਼ਾਲਿਸ	1	1	1	0	LEV 24:4
ਖ਼ਾਲੀ	3	3	2	5	JOB 34:35
ਖ਼ਾਸ	12	12	10	48	LEV 23:36
ਖ਼ਿਆਲ	13	13	6	14	ISA 55:8
ਖ਼ਿਆਲਾਂ	2	2	1	6	ISA 55:9
ਖ਼ਿਮਾ	1	1	1	0	LAM 3:42
ਖ਼ੁਆਰ	1	1	1	0	EZK 16:52
ਖ਼ੁਦ	1	1	1	0	PHM 1:12
ਖ਼ੁਰਾਜ਼ੀਨ	1	1	1	0	MAT 11:21
ਖ਼ੁਸ਼	6	6	2	0	JOB 9:27
ਖ਼ੁਸ਼ਕੀ	1	1	1	1	JOB 24:19
ਖ਼ੁਸ਼ਹਾਲੀ	2	2	1	0	JOB 30:15
ਖ਼ੁਸ਼ੀ	19	19	6	0	EXO 35:29
ਖ਼ੂਨ	28	28	8	34	DEU 19:6
ਖ਼ੂਨੀ	9	9	5	7	DEU 19:3
ਖ਼ੂਨੀਆਂ	5	5	2	7	JOS 21:13
ਖ਼ੋਜ	16	16	2	10	NUM 13:2
ਖ਼ੌਫ਼	1	1	1	0	JOB 41:33
ਖ਼ੱਜਲ	2	2	1	0	EZK 16:52
ਖਾ	180	180	38	212	GEN 14:24
ਖਾਂਦਾ	78	78	30	73	GEN 22:12
ਖਾਂਦਿਆਂ	1	1	1	1	MRK 2:16
ਖਾਂਦੀ	7	7	5	9	1SA 1:8
ਖਾਂਦੇ	94	94	38	83	GEN 3:2
ਖਾਂਦੇ-ਪੀਂਦੇ	1	1	1	13	LUK 5:33
ਖਾਂਧੀ	1	1	1	0	JOS 1:6
ਖਾਂਵੀ	1	1	1	0	JDG 13:7
ਖਾਇਆ	3	3	3	7	GEN 3:14
ਖਾਇਓ	22	22	3	28	GEN 9:4
ਖਾਈ	6	6	4	5	1KI 18:32
ਖਾਈਂ	9	9	3	4	GEN 2:16
ਖਾਈਆਂ	1	1	1	1	EZK 38:11
ਖਾਈਏ	11	11	8	10	NUM 11:13
ਖਾਈਦਾ	2	2	2	1	GEN 6:21
ਖਾਈਦੀ	1	1	1	1	JOB 6:6
ਖਾਉ	1	1	1	0	1CO 10:25
ਖਾਊ	2	2	2	0	MAT 11:19
ਖਾਊਗਾ	1	1	1	0	LUK 14:15
ਖਾਏ	3	3	2	1	LEV 22:10
ਖਾਏਂਗਾ	3	3	3	0	PSA 128:2
ਖਾਏਗਾ	4	4	3	3	PRO 12:11
ਖਾਓ	67	67	24	58	GEN 3:1
ਖਾਓਗੇ	32	32	10	26	GEN 3:5
ਖਾਕ	12	12	4	6	NEH 9:1
ਖਾਕਾ	1	1	1	0	ISA 44:13
ਖਾਕੇ	10	10	6	0	GEN 24:7
ਖਾਖਾਂ	3	3	2	0	PSA 3:7
ਖਾਜਾ	10	10	6	1	GEN 6:21
ਖਾਜੇ	2	2	2	0	GEN 6:21
ਖਾਡੀ	1	1	1	0	ISA 11:15
ਖਾਣ	220	220	45	205	GEN 1:30
ਖਾਣ-ਪੀਣ	1	1	1	17	1CO 10:7
ਖਾਣਗੀਆਂ	3	3	3	2	PSA 102:15
ਖਾਣਗੇ	56	56	16	49	GEN 40:19
ਖਾਣਾ	48	48	17	46	GEN 21:8
ਖਾਣੀ	12	12	7	7	EXO 13:6
ਖਾਣੀਆਂ	1	1	1	1	MAT 12:4
ਖਾਣੇ	8	8	6	3	EXO 21:10
ਖਾਤਰ	12	12	6	10	LEV 26:45
ਖਾਤਿਆਂ	1	1	1	0	JER 50:26
ਖਾਤਿਰ	7	7	6	0	JHN 11:15
ਖਾਤੇ	4	4	4	0	PSA 144:13
ਖਾਦ	1	1	1	3	2KI 9:37
ਖਾਦਮ	1	1	1	0	ROM 13:6
ਖਾਧ	3	3	3	2	GEN 45:23
ਖਾਧਾ	94	94	32	89	GEN 3:6
ਖਾਧੀ	184	184	34	180	GEN 19:3
ਖਾਧੀਆਂ	9	9	6	10	LEV 6:23
ਖਾਧੇ	16	16	14	15	GEN 31:38
ਖਾਨ	2	2	2	1	2CH 36:13
ਖਾਨਾ	4	4	2	0	2KI 20:13
ਖਾਨਿਆਂ	3	3	3	1	EXO 28:11
ਖਾਨੀ	4	4	3	0	NEH 9:18
ਖਾਨੇ	13	13	9	0	NUM 15:34
ਖਾਮੋਸ਼	1	1	1	1	1CO 14:34
ਖਾਮੋਸ਼ੀ	2	2	2	1	PSA 94:17
ਖਾਰ	11	11	9	11	PSA 38:19
ਖਾਰਜ	1	1	1	0	NUM 14:12
ਖਾਰਾ	3	3	3	4	GEN 14:3
ਖਾਰੀ	2	2	1	0	DEU 28:5
ਖਾਰੇ	4	4	1	8	JOS 3:16
ਖਾਲ	1	1	1	0	LUK 13:8
ਖਾਲਸ	9	9	5	0	2CH 4:20
ਖਾਲਾਂ	1	1	1	1	PRO 21:1
ਖਾਲਿਆਰਾਂਗਾ	1	1	1	0	LEV 26:11
ਖਾਲਿਤਾ	2	2	1	0	2KI 5:16
ਖਾਲੀ	21	21	12	44	GEN 42:35
ਖਾਲੀਆਂ	1	1	1	0	EZK 31:4
ਖਾਲੋਤਾ	1	1	1	0	2KI 9:17
ਖਾਵਾਂ	14	14	6	14	GEN 27:4
ਖਾਵਾਂਗਾ	12	12	8	13	GEN 21:24
ਖਾਵਾਂਗੀਆਂ	1	1	1	1	ISA 4:1
ਖਾਵਾਂਗੇ	7	7	5	8	GEN 43:25
ਖਾਵੀਂ	7	7	5	11	EXO 34:18
ਖਾਵੇ	80	80	24	66	GEN 3:22
ਖਾਵੇਂ	7	7	6	5	GEN 2:17
ਖਾਵੇਂਗਾ	10	10	7	12	GEN 3:17
ਖਾਵੇਗਾ	33	33	13	35	GEN 49:27
ਖਾਵੇਗੀ	7	7	4	7	DEU 28:51
ਖਾਵੋ	1	1	1	2	JHN 21:12
ਖਾਵੋਂਗੇ	1	1	1	0	2PE 1:10
ਖਾਵੋਗੇ	1	1	1	1	MAT 26:31
ਖਾਸ	19	19	14	1	JOS 24:2
ਖਾਸਕਰ	1	1	1	0	TIT 1:10
ਖਾਹ	27	27	14	15	GEN 21:23
ਖਾੜੀ	4	4	2	5	JOS 15:2
ਖਿਆ	1	1	1	0	1SA 13:19
ਖਿਆਲ	24	24	19	13	2CH 13:8
ਖਿਆਲਾਂ	8	8	6	4	1KI 18:21
ਖਿਆਲੀ	2	2	2	2	AMO 6:13
ਖਿਚ	1	1	1	0	JHN 21:11
ਖਿਚਣ	5	5	1	0	JHN 4:7
ਖਿਚਾਂਗਾ	1	1	1	0	JHN 12:32
ਖਿਚਿਆ	1	1	1	0	JER 31:3
ਖਿਚੋ	1	1	1	0	JHN 2:8
ਖਿਚੜੀ	1	1	1	1	PSA 13:2
ਖਿਝ	9	9	6	6	1KI 21:22
ਖਿਝਣ	1	1	1	1	MRK 10:41
ਖਿਝਣਗੇ	1	1	1	1	ISA 8:21
ਖਿਝਣਾ	4	4	2	4	2KI 19:27
ਖਿਝਦਾ	1	1	1	1	NUM 11:29
ਖਿਝਾਇਆ	2	2	1	2	1KI 21:22
ਖਿਝਾਈਏ	1	1	1	1	GAL 5:26
ਖਿਝਾਉਂਦੇ	1	1	1	1	JER 44:8
ਖਿਝਾਉਣ	1	1	1	2	JER 44:3
ਖਿਝਾਓ	1	1	1	0	COL 3:21
ਖਿਝਿਆ	1	1	1	0	PSA 7:11
ਖਿਮਾ	37	37	11	3	LEV 4:20
ਖਿਮਾਂ	2	2	2	0	LEV 4:31
ਖਿਲਰ	15	15	3	0	LEV 13:12
ਖਿਲਰਣ	1	1	1	1	JER 25:34
ਖਿਲਰਦੀ	1	1	1	0	LEV 13:8
ਖਿਲਰਨਗੀਆਂ	1	1	1	0	HOS 14:6
ਖਿਲਰਿਆ	9	9	1	0	LEV 13:5
ਖਿਲਰੀ	1	1	1	0	LEV 13:7
ਖਿਲਰੀਆਂ	1	1	1	0	ISA 18:5
ਖਿਲਰੇ	6	6	6	0	LEV 13:28
ਖਿਲਹਿਆ	1	1	1	0	LEV 13:34
ਖਿਲਾ	3	3	3	2	EXO 22:5
ਖਿਲਾਇਆ	2	2	1	2	DEU 8:3
ਖਿਲਾਈ	1	1	1	0	EXO 16:32
ਖਿਲਾਉਣ	1	1	1	1	ACT 6:2
ਖਿਲਾਓਗੇ	1	1	1	1	EZK 36:15
ਖਿਲਾਫ	1	1	1	0	JHN 8:6
ਖਿਲਾਫ਼	23	23	6	3	JHN 5:10
ਖਿਲਾਰ	33	33	12	36	EXO 32:20
ਖਿਲਾਰਦਾ	2	2	2	4	ISA 28:25
ਖਿਲਾਰਦੇ	1	1	1	0	PRO 15:7
ਖਿਲਾਰਨ	3	3	3	3	1SA 21:15
ਖਿਲਾਰਨਾ	1	1	1	0	JOB 38:24
ਖਿਲਾਰਾਂਗਾ	2	2	1	1	EZK 12:13
ਖਿਲਾਰਿਆ	3	3	3	5	DEU 30:3
ਖਿਲਾਰੇ	5	5	2	7	1KI 6:27
ਖਿਲਾਵੀ	1	1	1	0	LEV 19:14
ਖਿਸਕ	6	6	5	5	NUM 16:26
ਖਿਸਕਾ	1	1	1	1	1KI 20:42
ਖਿਸਕਾਉਣ	2	2	2	0	MAT 23:4
ਖਿਸਾ	1	1	1	0	NEH 9:17
ਖਿੜ	2	2	1	1	SNG 2:13
ਖਿੜਕੀ	1	1	1	13	GEN 8:6
ਖਿੜਕੀਆਂ	9	9	6	19	GEN 7:11
ਖਿੜਾਉਂਦੀ	1	1	1	1	ISA 55:10
ਖਿੜੀ	1	1	1	1	SNG 7:12
ਖਿੜੇ	3	3	1	4	1KI 6:29
ਖਿੜੇਗਾ	2	2	1	2	ISA 35:1
ਖਿੰਡ	26	26	15	6	GEN 10:18
ਖਿੰਡਾ	14	14	7	12	GEN 11:8
ਖਿੰਡਾਇਆ	5	5	3	2	JDG 9:45
ਖਿੰਡਾਈਆਂ	1	1	1	1	PSA 141:7
ਖਿੰਡਾਉਂਦਾ	3	3	3	1	PSA 147:16
ਖਿੰਡਾਏ	1	1	1	0	EXO 37:9
ਖਿੰਡਾਵਾਂਗਾ	1	1	1	0	LEV 26:33
ਖਿੰਡੇ	3	3	2	6	1SA 11:11
ਖਿੱਚ	38	38	22	52	GEN 19:10
ਖਿੱਚਕੇ	1	1	1	0	GEN 37:28
ਖਿੱਚਣ	1	1	1	5	ISA 10:15
ਖਿੱਚਣਗੇ	2	2	1	2	EZK 28:7
ਖਿੱਚਦਾ	4	4	2	4	JOB 20:25
ਖਿੱਚਦੇ	3	3	3	3	ISA 5:18
ਖਿੱਚਿਆ	12	12	10	12	DEU 21:3
ਖਿੱਚੀ	6	6	4	7	JOB 15:12
ਖਿੱਚੀਆਂ	2	2	1	2	EZK 23:3
ਖਿੱਚੇ	2	2	2	1	JOS 8:16
ਖਿੱਚੇਂ	2	2	1	1	ECC 7:18
ਖਿੱਚੇਗਾ	4	4	4	2	ISA 34:11
ਖਿੱਝਦਾ	1	1	1	1	JER 3:5
ਖਿੱਤਿਆਂ	1	1	1	1	JOB 9:9
ਖਿੱਤੀਆਂ	1	1	1	0	ISA 13:10
ਖਿੱਦੋ	1	1	1	1	ISA 22:18
ਖਿੱਲਰ	9	9	8	23	1SA 4:2
ਖਿੱਲਰਦਿਆਂ	1	1	1	0	PSA 37:35
ਖਿੱਲਰਿਆਂ	1	1	1	1	ISA 11:12
ਖਿੱਲਰੀ	1	1	1	1	EST 3:8
ਖੀਓਸ	1	1	1	1	ACT 20:15
ਖੀਰੇ	1	1	1	1	NUM 11:5
ਖੀਵਾ	1	1	1	0	GEN 9:21
ਖੀਵਿਆ	1	1	1	0	ZEC 9:15
ਖੀਵਿਓ	1	1	1	0	JOL 1:5
ਖੀਵੀਆਂ	1	1	1	1	JER 51:7
ਖੀਵੇ	4	4	2	3	ISA 29:9
ਖੀਵੇਂ	1	1	1	0	JER 51:57
ਖੀਵੇਪੁਣੇ	1	1	1	0	GEN 9:24
ਖੀਸੇ	1	1	1	1	ISA 3:22
ਖੁਆ	3	3	3	4	PRO 25:21
ਖੁਆਇਆ	5	5	4	5	PSA 74:14
ਖੁਆਈ	6	6	5	7	JOS 2:20
ਖੁਆਈਏ	2	2	2	1	MAT 17:27
ਖੁਆਉਂਦਾ	1	1	1	1	EZK 16:19
ਖੁਆਉਂਦੇ	2	2	2	2	ROM 16:17
ਖੁਆਉਣ	2	2	2	3	MAT 13:41
ਖੁਆਰ	1	1	1	0	EZK 22:15
ਖੁਆਰੀ	2	2	2	0	NUM 11:15
ਖੁਆਲਦਾ	1	1	1	1	PSA 81:16
ਖੁਆਵਾਂਗਾ	3	3	1	5	JER 9:15
ਖੁਆਵੇ	13	13	5	9	2SA 13:5
ਖੁਈ	1	1	1	0	JOS 2:17
ਖੁਚਿਆਂ	4	4	3	1	2KI 19:4
ਖੁਚੇ	9	9	5	1	2KI 10:17
ਖੁਜਲੀ	2	2	1	3	LEV 21:20
ਖੁਣਸ	12	12	6	9	GEN 30:1
ਖੁਣਸੀ	2	2	1	0	PSA 41:7
ਖੁਣਸੀਆਂ	1	1	1	0	PSA 44:7
ਖੁਣੋ	1	1	1	0	RUT 4:14
ਖੁਣੋਂ	5	5	4	1	JDG 7:14
ਖੁਦ	37	37	8	7	JHN 1:8
ਖੁਦਗਰਜ਼	6	6	3	0	1CO 5:10
ਖੁਦਗਰਜ਼ੀ	2	2	2	0	1TH 2:5
ਖੁਦਵਾਈ	1	1	1	1	MAT 27:60
ਖੁਮਰੀ	3	3	2	0	PSA 68:13
ਖੁਮਰੀਆਂ	1	1	1	0	LUK 2:24
ਖੁਮਾਰੀ	1	1	1	1	1SA 1:14
ਖੁਰ	11	11	7	17	EXO 10:26
ਖੁਰਕ	1	1	1	0	DEU 28:27
ਖੁਰਕੇ	1	1	1	1	JOB 2:8
ਖੁਰਗਾਹ	1	1	1	0	ISA 7:25
ਖੁਰਚ	1	1	1	1	EZK 26:4
ਖੁਰਦਰਾ	1	1	1	1	ISA 40:4
ਖੁਰਦਲੇ	1	1	1	1	LUK 3:5
ਖੁਰਨੇ	1	1	1	0	PSA 10:9
ਖੁਰਲੀ	7	7	4	7	JOB 39:9
ਖੁਰਾਂ	1	1	1	2	DEU 14:6
ਖੁਰਾਕ	3	3	3	1	GEN 45:23
ਖੁਰਾਜ਼ੀਨ	1	1	1	2	LUK 10:13
ਖੁਰਿਆਂ	3	3	2	2	JOB 18:11
ਖੁਰੇ	2	2	1	1	PSA 56:6
ਖੁਲਣਗੇ	1	1	1	0	PRO 8:6
ਖੁਲਮਖੁਲਾ	1	1	1	0	PSA 119:45
ਖੁਲਾਵਾਂਗਾ	1	1	1	0	ISA 49:26
ਖੁਲੀਆਂ	2	2	1	0	2CH 6:20
ਖੁਲੇ	2	2	2	0	SNG 7:12
ਖੁਲ੍ਹ	30	30	13	0	GEN 3:5
ਖੁਲ੍ਹਕੇ	2	2	1	0	JHN 1:20
ਖੁਲ੍ਹਣ	1	1	1	0	ISA 61:1
ਖੁਲ੍ਹਦਾ	1	1	1	0	ISA 5:27
ਖੁਲ੍ਹਦਿਆਂ	1	1	1	0	MRK 1:10
ਖੁਲ੍ਹਮਖੁਲ੍ਹਾ	1	1	1	0	MRK 1:45
ਖੁਲ੍ਹਵਾਇਆ	1	1	1	1	LEV 20:18
ਖੁਲ੍ਹਾ	11	11	9	0	EXO 23:4
ਖੁਲ੍ਹਿਆ	2	2	1	0	REV 4:1
ਖੁਲ੍ਹਿਆਂ	2	2	2	0	NEH 4:13
ਖੁਲ੍ਹੀ	7	7	6	0	GEN 34:21
ਖੁਲ੍ਹੀਆਂ	9	9	5	0	NUM 24:3
ਖੁਲ੍ਹੇ	17	17	11	8	EXO 28:28
ਖੁਲ੍ਹੇ-ਆਮ	2	2	1	0	JHN 7:26
ਖੁਲ੍ਹੇਆਮ	2	2	2	0	JHN 18:20
ਖੁਵਾਈ	4	4	3	0	1KI 2:42
ਖੁਵਾਉਣ	1	1	1	1	2SA 3:35
ਖੁਵਾਵੀਂ	1	1	1	0	LEV 25:37
ਖੁਸਰਾ	4	4	3	2	GEN 37:36
ਖੁਸਰਿਆ	1	1	1	0	JER 39:3
ਖੁਸਰਿਆਂ	21	21	6	20	GEN 40:2
ਖੁਸਰੇ	15	15	6	17	1KI 22:9
ਖੁਸ਼	194	194	38	115	DEU 21:14
ਖੁਸ਼-ਖਬਰੀ	1	1	1	0	1CO 4:15
ਖੁਸ਼ਕ	4	4	3	3	ISA 19:5
ਖੁਸ਼ਕੀ	8	8	4	3	GEN 1:9
ਖੁਸ਼ਖਬਰੀ	36	36	9	148	1CO 1:17
ਖੁਸ਼ਖ਼ਬਰੀ	1	1	1	1	1TH 3:2
ਖੁਸ਼ਬੂ	1	1	1	7	SNG 4:16
ਖੁਸ਼ਬੋ	1	1	1	1	HOS 14:6
ਖੁਸ਼ਬੋਈਆਂ	2	2	1	2	JER 34:5
ਖੁਸ਼ਹਾਲੀ	1	1	1	8	JOB 20:21
ਖੁਸ਼ੀ	184	184	40	209	GEN 31:27
ਖੁਸ਼ੀਆਂ	4	4	3	5	2KI 11:14
ਖੁਸੀ	2	2	2	0	2KI 11:20
ਖੁੰਜਿਆਂ	1	1	1	0	MAT 6:5
ਖੁੰਜਿਓਂ	1	1	1	0	2KI 11:11
ਖੁੰਝ	4	4	3	3	PRO 27:8
ਖੁੰਡ	1	1	1	0	2KI 25:5
ਖੁੰਢਾ	1	1	1	0	ECC 10:10
ਖੁੰਦਰ	1	1	1	0	AMO 3:4
ਖੁੰਦਰਾਂ	1	1	1	0	HEB 11:38
ਖੁੰਧ	1	1	1	0	ISA 1:9
ਖੁੰਧਰ	10	10	3	2	GEN 19:30
ਖੁੰਧਰਾ	1	1	1	0	NAM 2:12
ਖੁੰਧਰਾਂ	3	3	2	4	JOB 37:8
ਖੁੱਟ	1	1	1	0	ECC 12:3
ਖੁੱਡ	1	1	1	1	ISA 11:8
ਖੁੱਡਾਂ	1	1	1	5	1SA 14:11
ਖੁੱਦਿਆ	1	1	1	1	PSA 78:18
ਖੁੱਭ	7	7	6	10	1SA 17:49
ਖੁੱਭਣ	1	1	1	1	PSA 40:2
ਖੁੱਭੀ	3	3	2	0	JDG 3:22
ਖੁੱਲ	2	2	2	0	LUK 1:64
ਖੁੱਲਮ-ਖੁੱਲਾ	1	1	1	0	COL 2:15
ਖੁੱਲਾ	2	2	2	0	DEU 32:36
ਖੁੱਲੀ	2	2	2	4	NEH 6:5
ਖੁੱਲੀਆਂ	1	1	1	3	DAN 7:10
ਖੁੱਲੇ	2	2	1	0	PRO 21:9
ਖੁੱਲ੍ਹ	15	15	8	45	GEN 7:11
ਖੁੱਲ੍ਹਦਾ	1	1	1	1	JDG 3:25
ਖੁੱਲ੍ਹਾ	3	3	3	17	DEU 15:8
ਖੁੱਲ੍ਹਿਆ	1	1	1	0	EZK 16:57
ਖੁੱਲ੍ਹਿਆਂ	1	1	1	2	JER 9:22
ਖੁੱਲ੍ਹੀ	4	4	2	10	DEU 15:11
ਖੁੱਲ੍ਹੀਆਂ	5	5	5	13	LEV 14:53
ਖੁੱਲ੍ਹੇ	10	10	6	33	JOB 36:16
ਖੁੱਸ	6	6	4	2	1SA 4:17
ਖੁੱਸਦਾ	2	2	2	2	PSA 84:2
ਖੁੱਸਦੀ	1	1	1	1	PSA 119:81
ਖੂਜ਼ਾਹ	1	1	1	1	LUK 8:3
ਖੂਜੇ	2	2	1	0	1PE 2:6
ਖੂਣੋਂ	1	1	1	0	RUT 2:20
ਖੂਨ	66	66	22	74	GEN 37:22
ਖੂਨਾਂ	1	1	1	1	REV 9:21
ਖੂਨੀ	38	38	13	41	EXO 4:25
ਖੂਨੀਆਂ	6	6	5	3	JOS 21:38
ਖੂਨੀਓ	1	1	1	1	PSA 139:19
ਖੂਬ	1	1	1	1	PSA 139:14
ਖੂਬਸੂਰਤ	2	2	2	0	1CO 12:24
ਖੂਬਸੂਰਤੀ	6	6	1	0	1CO 15:40
ਖੂਬੀ	1	1	1	1	PHP 2:22
ਖੂਬੀਆਂ	1	1	1	0	2PE 1:9
ਖੂਰੇ	1	1	1	0	SNG 1:8
ਖੂਸ਼ੀ	1	1	1	0	NEH 11:2
ਖੂਹ	52	52	13	54	GEN 16:14
ਖੂਹਾਂ	3	3	2	4	GEN 26:15
ਖੂਹੁੰਦੇ	1	1	1	0	JER 41:10
ਖੂਹੰਦੇ	1	1	1	0	JER 15:9
ਖੂੰਜਿਆ	2	2	2	0	EXO 30:4
ਖੂੰਜਿਆਂ	14	14	3	14	EXO 25:26
ਖੂੰਜਿਓ	1	1	1	1	2CH 23:10
ਖੂੰਜੇ	16	16	12	19	2KI 14:13
ਖੂੰਜੇਵਾਲੇ	1	1	1	0	2CH 25:23
ਖੂੰਧ	5	5	4	0	JDG 8:2
ਖੂੰਧੇ	1	1	1	0	1KI 20:30
ਖੂੰਨ	6	6	1	0	LEV 20:9
ਖੂੰਹਦਾ	1	1	1	0	LEV 5:13
ਖੂੱਜੇ	1	1	1	0	ACT 4:11
ਖੇਂਜਾਂ	1	1	1	0	ISA 5:18
ਖੇਚਲ	14	14	9	8	JOS 7:3
ਖੇਡ	4	4	4	1	LEV 21:9
ਖੇਡਣ	1	1	1	5	PSA 104:26
ਖੇਡਣਾ	1	1	1	0	LEV 19:11
ਖੇਡਦਾ	1	1	1	1	1SA 26:20
ਖੇਡਦੀ	2	2	1	0	PRO 8:30
ਖੇਡਦੇ	1	1	1	1	ZEC 8:5
ਖੇਡਾਂ	1	1	1	0	1CO 9:25
ਖੇਡਿਆ	1	1	1	0	2KI 10:19
ਖੇਡੀ	1	1	1	0	LEV 19:13
ਖੇਡੇ	2	2	1	2	2TI 2:5
ਖੇਡੇਂਗਾ	1	1	1	1	JOB 41:5
ਖੇਡੇਗਾ	1	1	1	1	ISA 11:8
ਖੇਤ	161	161	27	202	GEN 2:5
ਖੇਤਾ	1	1	1	0	NEH 11:25
ਖੇਤਾਂ	27	27	16	44	GEN 24:63
ਖੇਤੀ	5	5	3	6	2CH 26:10
ਖੇਤੋਂ	1	1	1	1	LUK 17:7
ਖੇਰੂੰ	28	28	5	0	NUM 10:35
ਖੇਲ	3	3	1	0	JDG 16:25
ਖੇਲਣ	1	1	1	0	EXO 32:6
ਖੇਹ	8	8	8	1	GEN 18:27
ਖੇਹਿਆ	1	1	1	0	2SA 19:9
ਖੇੜੀ	1	1	1	0	EST 7:9
ਖੈਹੜੇ	1	1	1	0	GEN 33:11
ਖੋਂਹਦਾ	1	1	1	1	JHN 10:17
ਖੋਖਲਾ	2	2	1	2	EXO 27:8
ਖੋਜ	27	27	13	42	NUM 14:6
ਖੋਜਣ	1	1	1	1	JOS 2:3
ਖੋਜਦਾ	1	1	1	0	PRO 20:27
ਖੋਜਾ	3	3	1	3	ACT 8:0
ਖੋਜਾਂ	1	1	1	0	JOB 8:8
ਖੋਜਿਆ	2	2	1	0	JOB 5:27
ਖੋਜਿਆਂ	1	1	1	0	2KI 9:32
ਖੋਜੀ	8	8	2	12	GEN 42:9
ਖੋਜੀਆਂ	2	2	2	9	JDG 1:24
ਖੋਜੇ	5	5	2	4	2KI 20:18
ਖੋਜੇਂਗਾ	1	1	1	0	1CH 28:9
ਖੋਟ	19	19	8	9	LEV 18:17
ਖੋਟਾ	3	3	3	1	1SA 25:3
ਖੋਟਿਆਂ	2	2	2	1	PRO 2:14
ਖੋਟੀ	3	3	1	0	1SA 20:7
ਖੋਟੀਆਂ	2	2	1	2	PRO 2:12
ਖੋਟੇ	6	6	5	4	JOB 9:22
ਖੋਤਾ	16	16	8	0	GEN 44:13
ਖੋਤਿਆਂ	22	22	10	0	GEN 34:28
ਖੋਤੀ	3	3	3	0	GEN 49:11
ਖੋਤੀਆਂ	11	11	4	0	GEN 32:15
ਖੋਤੇ	42	42	13	0	GEN 16:12
ਖੋਦਦਾ	2	2	2	2	JOB 28:10
ਖੋਦਾਂ	1	1	1	0	LUK 13:8
ਖੋਦੀ	2	2	2	2	MRK 15:46
ਖੋਦੀਆਂ	1	1	1	1	ISA 10:10
ਖੋਪਰੀ	10	10	8	0	GEN 49:26
ਖੋਪਰੀਆਂ	1	1	1	0	PSA 110:6
ਖੋਪੜੀ	1	1	1	10	2KI 9:35
ਖੋਭਦਾ	1	1	1	1	1SA 2:14
ਖੋਭਿਆਂ	1	1	1	1	JOB 40:21
ਖੋਰ	2	2	2	0	DEU 14:12
ਖੋਰਸ	4	4	1	0	DAN 1:21
ਖੋਰੀ	1	1	1	0	JDG 3:20
ਖੋਰੁਸ	2	2	1	2	ISA 44:28
ਖੋਰੇ	2	2	2	0	JDG 3:24
ਖੋਲ	16	16	9	0	NUM 16:30
ਖੋਲਣ	1	1	1	0	EXO 13:12
ਖੋਲਣਾ	1	1	1	0	1CH 9:27
ਖੋਲਦਾ	3	3	2	3	PRO 18:17
ਖੋਲਦੀ	1	1	1	1	PRO 31:26
ਖੋਲਦੇ	1	1	1	0	ACT 27:21
ਖੋਲਾ	1	1	1	0	ISA 25:2
ਖੋਲਾਂਗਾ	2	2	1	0	PSA 49:4
ਖੋਲਿਆ	8	8	6	8	DEU 27:20
ਖੋਲਿਆਂ	3	3	2	0	PSA 74:3
ਖੋਲੇ	9	9	7	3	DEU 22:30
ਖੋਲੇਗਾ	1	1	1	0	DEU 28:12
ਖੋਲੋ	1	1	1	1	JHN 4:35
ਖੋਲ੍ਹ	80	80	24	101	GEN 8:6
ਖੋਲ੍ਹਕੇ	1	1	1	0	GEN 8:13
ਖੋਲ੍ਹਣ	19	19	9	18	EXO 13:15
ਖੋਲ੍ਹਣਾ	1	1	1	2	PSA 119:130
ਖੋਲ੍ਹਦਾ	13	13	6	13	JOB 14:3
ਖੋਲ੍ਹਦਿਆਂ	1	1	1	1	NEH 8:5
ਖੋਲ੍ਹਦੇ	8	8	5	7	EXO 13:2
ਖੋਲ੍ਹਾਂ	3	3	3	3	SNG 5:5
ਖੋਲ੍ਹਾਂਗਾ	9	9	4	11	JOB 32:20
ਖੋਲ੍ਹਿਆ	39	39	22	42	GEN 4:11
ਖੋਲ੍ਹੀ	10	10	7	8	GEN 29:31
ਖੋਲ੍ਹੀਆਂ	7	7	5	6	GEN 21:19
ਖੋਲ੍ਹੀਏ	1	1	1	1	AMO 8:5
ਖੋਲ੍ਹੇ	11	11	9	16	EXO 21:33
ਖੋਲ੍ਹੇਂ	2	2	2	2	ISA 42:7
ਖੋਲ੍ਹੇਗਾ	2	2	1	3	ISA 22:22
ਖੋਲ੍ਹੇਗਾਂ	1	1	1	0	MAT 16:19
ਖੋਲ੍ਹੋ	5	5	4	6	JOS 10:22
ਖੋਲ੍ਹੋਗੇ	1	1	1	1	MAT 18:18
ਖੋਹ	69	69	25	70	GEN 21:25
ਖੋਹਣ	1	1	1	2	LUK 16:3
ਖੋਹਵਾਂਗਾ	1	1	1	1	1KI 11:13
ਖੋਹਵੀ	1	1	1	0	LEV 19:13
ਖੋਹਾਂ	1	1	1	0	NAM 2:12
ਖੋਹਿਆ	4	4	4	2	GEN 48:22
ਖੋਹੇ	1	1	1	0	DEU 2:35
ਖੋੜਾਂ	1	1	1	0	ISA 57:5
ਖੌਫ਼	1	1	1	8	LUK 8:37
ਖੜ	2	2	1	1	EZK 26:10
ਖੜਕ	1	1	1	1	PSA 77:18
ਖੜਕਦਾ	1	1	1	1	JOB 39:23
ਖੜਕਾ	4	4	4	2	JDG 19:22
ਖੜਕਾਇਆ	1	1	1	1	ACT 12:13
ਖੜਕਾਉਂਦਾ	4	4	4	4	SNG 5:2
ਖੜਕਾਉਣ	2	2	2	1	MAT 7:8
ਖੜਕਾਓ	2	2	2	2	MAT 7:7
ਖੜਕਾਰ	1	1	1	1	LEV 26:36
ਖੜਕਾਵੇ	1	1	1	1	LUK 12:36
ਖੜਵੇਂ	1	1	1	2	EXO 36:20
ਖੜਾ	213	213	40	57	GEN 18:8
ਖੜਾਕ	4	4	3	2	JER 47:3
ਖੜਿਆ	1	1	1	0	ACT 21:30
ਖੜਿਆਂ	2	2	2	1	MAT 25:33
ਖੜਿੱਕਾ	1	1	1	0	JOB 10:2
ਖੜੀ	37	37	21	21	GEN 37:7
ਖੜੀਆਂ	3	3	3	5	EXO 40:18
ਖੜੇ	128	128	28	67	GEN 24:31
ਖੜੋ	16	16	6	0	DEU 9:2
ਖੜੋਤਾ	2	2	2	0	1CH 21:15
ਖੜੋਤੀ	1	1	1	0	EST 5:1
ਖੜੋਤੇ	2	2	2	0	PSA 3:1
ਖੜ੍ਹਦਾ	1	1	1	0	1CO 6:6
ਖੜ੍ਹਾ	2	2	2	330	JOB 37:14
ਖੜ੍ਹੀ	3	3	2	42	DAN 12:11
ਖੜ੍ਹੇ	4	4	3	175	JER 35:19
ਖੰਜਰੀ	1	1	1	1	1SA 10:5
ਖੰਜਰੀਆਂ	4	4	3	0	2SA 6:5
ਖੰਡ	2	2	1	0	EXO 21:29
ਖੰਡਣ	4	4	3	0	MAT 5:17
ਖੰਡਾ	1	1	1	0	JOS 5:13
ਖੰਡੇ	1	1	1	0	GEN 3:24
ਖੰਧਰ	1	1	1	1	EXO 33:22
ਖੰਬ	1	1	1	0	1KI 8:7
ਖੰਬਾਂ	1	1	1	0	DAN 7:4
ਖੰਭ	43	43	12	51	EXO 25:20
ਖੰਭਾ	4	4	4	3	EXO 19:4
ਖੰਭਾਂ	28	28	12	41	EXO 25:20
ਖੰਭਿਆਂ	1	1	1	0	LEV 26:30
ਖੰਮ੍ਹ	1	1	1	0	JOB 9:6
ਖੱਚ	1	1	1	0	PRO 12:16
ਖੱਚਰ	6	6	3	9	2SA 18:9
ਖੱਚਰਾਂ	9	9	8	10	2SA 13:29
ਖੱਜਲ	8	8	6	6	GEN 38:23
ਖੱਜਲਪੁਣੇ	1	1	1	0	PRO 13:5
ਖੱਟ	6	6	5	0	LEV 25:37
ਖੱਟਾ	2	2	2	2	EXO 1:14
ਖੱਟਿਆ	2	2	2	0	HAG 1:6
ਖੱਟੀ	16	16	7	2	LEV 25:15
ਖੱਟੇ	5	5	3	6	JER 31:29
ਖੱਡ	26	26	8	10	JOS 7:24
ਖੱਡਾਂ	1	1	1	0	MIC 1:4
ਖੱਡੀ	1	1	1	1	ISA 38:12
ਖੱਤਾ	2	2	1	1	GEN 23:15
ਖੱਤੇ	4	4	2	4	2KI 9:25
ਖੱਪ	1	1	1	1	ISA 27:13
ਖੱਪਾ	2	2	1	0	NEH 6:1
ਖੱਪੀ	1	1	1	0	ISA 24:10
ਖੱਪੇ	1	1	1	0	NEH 4:7
ਖੱਫਣ	1	1	1	0	2CH 16:14
ਖੱਬਾ	7	7	5	7	GEN 48:14
ਖੱਬਿਆਂ	1	1	1	0	JDG 7:20
ਖੱਬੇ	74	74	27	73	GEN 13:9
ਖੱਭੀ	1	1	1	0	JOB 41:1
ਖੱਲ	24	24	8	18	EXO 34:29
ਖੱਲਾਂ	22	22	5	23	GEN 27:16
ਖੱਲੋ	1	1	1	0	EPH 6:11
ਖੱਲੜੀ	8	8	4	7	GEN 17:11
ਖੱੜੇ	1	1	1	0	ACT 5:25
ਗ	1	1	1	0	LAM 3:23
ਗਅਤਾਮ	1	1	1	0	1CH 1:36
ਗਆਲ	9	9	1	9	JDG 9:26
ਗਆਸ਼	2	2	2	0	JOS 24:30
ਗਇਆ	1	1	1	0	EZK 20:13
ਗਇਓਨੀਆਂ	1	1	1	0	2SA 21:3
ਗਈ	671	671	55	854	GEN 2:1
ਗਈਆ	1	1	1	0	PSA 6:7
ਗਈਆਂ	191	191	36	210	GEN 3:7
ਗਊ	3	3	2	1	LEV 3:1
ਗਊਆਂ	7	7	3	7	GEN 32:15
ਗਊਏਲ	1	1	1	1	NUM 13:15
ਗਊਓ	1	1	1	1	AMO 4:1
ਗਏ	1489	1489	60	1695	GEN 1:21
ਗਗਣ	4	4	1	4	PSA 77:17
ਗਗਨ	1	1	1	1	ISA 45:8
ਗਚਕਾਰੀ	1	1	1	0	SNG 5:14
ਗਜ	1	1	1	1	JHN 21:8
ਗਜਦਾ	1	1	1	0	1PE 5:8
ਗਜਬ	3	3	2	0	PSA 7:6
ਗਜਰ	4	4	2	0	2SA 5:25
ਗਜ਼ਬ	18	18	11	6	PSA 38:3
ਗਜ਼ਰ	10	10	3	15	JOS 10:33
ਗਜ਼ਰੀਆਂ	1	1	1	1	1SA 27:8
ਗਜ਼ਾਮ	1	1	1	0	EZR 2:48
ਗਜਾ	6	6	4	6	ISA 12:6
ਗਜਾਇਆ	1	1	1	2	JOS 6:20
ਗਜਾਇਓ	1	1	1	1	JOS 6:10
ਗਜਾਈਏ	2	2	1	2	PSA 90:14
ਗਜਾਉਂਦਾ	4	4	2	6	JOB 29:13
ਗਜਾਉਂਦੇ	3	3	2	3	JOB 38:7
ਗਜਾਉਣ	5	5	3	4	JOS 6:5
ਗਜਾਉਣਗੇ	11	11	4	11	1CH 16:33
ਗਜਾਉਣਾ	1	1	1	1	JOS 6:10
ਗਜਾਓ	9	9	5	9	DEU 32:43
ਗਜਾਵਾਂਗਾ	2	2	1	2	PSA 63:7
ਗਜਾਵੇਗੀ	1	1	1	1	ISA 35:6
ਗਠੜੀ	1	1	1	1	JER 10:17
ਗਡੀਆਂ	1	1	1	0	JHN 20:25
ਗਤੀ	1	1	1	0	HEB 5:9
ਗਥ	32	32	9	33	JOS 11:22
ਗਥ-ਰਿੰਮੋਨ	2	2	1	4	JOS 21:24
ਗਥਰ	2	2	2	2	GEN 10:23
ਗਥਰਿੰਮੋਨ	1	1	1	0	1CH 6:69
ਗਥਸਮਨੀ	2	2	2	4	MAT 26:36
ਗਦਰ	5	5	3	5	JOS 12:13
ਗਦਰੀਆਂ	1	1	1	1	GEN 30:40
ਗਦਰੀਨੀਆਂ	1	1	1	1	MAT 8:28
ਗਦਰੇ	5	5	1	4	GEN 30:35
ਗਦਲਯਾਹ	30	30	4	37	2KI 25:22
ਗਦਾਲਯਾਰ	1	1	1	0	1CH 25:3
ਗਦਾਲਯਾਹ	1	1	1	0	1CH 25:9
ਗਦੀ	4	4	3	0	1SA 23:29
ਗਦੇਰਾਥੀ	1	1	1	1	1CH 12:4
ਗਦੇਰਾਹ	2	2	2	2	JOS 15:36
ਗਦੇਰੀ	1	1	1	1	1CH 27:28
ਗਦੇਰੋਥ	2	2	2	2	JOS 15:41
ਗਦੇਰੋਥਯਿਮ	1	1	1	1	JOS 15:36
ਗਦੋਰ	7	7	2	7	JOS 15:58
ਗਧਾ	8	8	5	20	DEU 5:14
ਗਧਿਆਂ	6	6	3	24	NUM 31:28
ਗਧੀ	23	23	5	36	NUM 16:15
ਗਧੀਆਂ	2	2	2	18	GEN 12:16
ਗਧੇ	26	26	12	64	GEN 12:16
ਗਨੂਬਥ	2	2	1	2	1KI 11:20
ਗਨੇਸਰਤ	2	2	2	3	MRK 6:53
ਗਬਈ	1	1	1	1	2CH 13:2
ਗਬਰ	7	7	3	2	DEU 2:8
ਗਬਲ	1	1	1	0	EZK 27:9
ਗਬਾ	11	11	8	15	JOS 21:17
ਗਬਾਲ	1	1	1	2	PSA 83:7
ਗਬਿਲੀਆਂ	1	1	1	0	1KI 5:18
ਗਭਣੀਆਂ	1	1	1	0	GEN 19:36
ਗਭਰੂ	11	11	8	0	GEN 4:23
ਗਭਰੂਆਂ	6	6	5	0	GEN 14:24
ਗਭਰੇਟਾ	1	1	1	1	JER 23:10
ਗਭਰੇਲਾ	1	1	1	1	LEV 11:22
ਗਮ	5	5	5	0	GEN 42:38
ਗਮਰਯਾਹ	5	5	1	5	JER 29:3
ਗਮਲੀਏਲ	7	7	2	7	NUM 1:10
ਗਮਾਂ	1	1	1	1	1TI 6:10
ਗਮਾਹ	1	1	1	0	EZR 2:26
ਗਮੀ	1	1	1	1	PSA 31:9
ਗਮੂਰੀਆਂ	1	1	1	0	DEU 3:14
ਗਮੱਲੀ	1	1	1	1	NUM 13:12
ਗਰਕ	2	2	2	2	EXO 15:4
ਗਰਕਣ	1	1	1	0	2CO 11:25
ਗਰਜ	9	9	6	8	EXO 9:23
ਗਰਜਣ	2	2	2	6	PSA 46:3
ਗਰਜਣਾ	3	3	1	0	EXO 9:29
ਗਰਜਦਾ	1	1	1	2	PSA 29:3
ਗਰਜਦੀ	1	1	1	1	JOB 28:26
ਗਰਜਨੇ	1	1	1	0	LUK 21:25
ਗਰਜ਼	1	1	1	1	JAS 3:14
ਗਰਜਾਂ	9	9	2	10	JOB 36:29
ਗਰਜਿਆ	2	2	2	3	2SA 22:14
ਗਰਜੇ	2	2	2	2	1CH 16:32
ਗਰਦ	2	2	1	0	DEU 9:21
ਗਰਦਨ	9	9	2	13	SNG 1:10
ਗਰਨਿਆਂ	1	1	1	0	JOS 2:6
ਗਰਬ	2	2	2	0	ROM 11:20
ਗਰਭ	22	22	13	23	GEN 3:16
ਗਰਭਣੀ	21	21	12	0	GEN 4:1
ਗਰਭਣੀਆਂ	3	3	3	1	2KI 8:12
ਗਰਭਪਾਤ	2	2	2	2	ECC 6:3
ਗਰਭਵੰਤੀ	29	29	9	0	GEN 21:2
ਗਰਭਵੰਤੀਆਂ	1	1	1	0	LUK 21:23
ਗਰਭੀ	2	2	1	2	ISA 26:18
ਗਰਮ	23	23	15	25	GEN 36:24
ਗਰਮਾਓ	1	1	1	0	JAS 2:16
ਗਰਮੀ	33	33	17	35	JOS 7:26
ਗਰਹਿਣ	1	1	1	0	PSA 119:108
ਗਰਹੁ	1	1	1	0	2KI 6:33
ਗਰਾਂ	1	1	1	0	2PE 2:4
ਗਰਾਰ	10	10	2	11	GEN 10:19
ਗਰਾਵਾਂ	3	3	2	0	MRK 6:36
ਗਰਾਹੀ	1	1	1	1	PRO 23:8
ਗਰਿੱਜ਼ੀਮ	4	4	3	4	DEU 11:29
ਗਰੀਆਂ	1	1	1	0	JOB 28:4
ਗਰੀਬ	36	36	14	42	1SA 2:8
ਗਰੀਬਨਵਾਜ	1	1	1	0	LUK 22:25
ਗਰੀਬਾਂ	25	25	11	33	EST 9:22
ਗਰੀਬੀ	7	7	3	8	PRO 6:11
ਗਰੀਮ	1	1	1	0	EZR 2:39
ਗਰੂਰ	3	3	1	3	ISA 2:17
ਗਰੰਜ	10	10	8	3	EXO 16:20
ਗਰੰਜਗੀ	1	1	1	0	GEN 31:36
ਗਲ	52	52	19	0	GEN 33:4
ਗਲਗਥਾ	3	3	3	3	MAT 27:33
ਗਲਣ	1	1	1	1	ISA 40:20
ਗਲਤ	38	38	7	21	ISA 32:6
ਗਲਤੀ	2	2	2	8	JHN 7:18
ਗਲਤੀਆਂ	1	1	1	5	JAS 3:2
ਗਲਦੇ	1	1	1	1	EZK 33:10
ਗਲਨ	1	1	1	0	ACT 2:27
ਗਲਮੁੱਛੇ	1	1	1	1	JER 25:23
ਗਲਮੇ	1	1	1	1	JOB 30:18
ਗਲ਼	1	1	1	46	PSA 6:7
ਗਲਾਂ	2	2	1	0	JDG 8:21
ਗਲਾਤਿਯਾ	6	6	5	10	ACT 16:6
ਗਲਾਤੀਆ	4	4	1	0	GAL 0:0
ਗਲਾਤੀਓ	1	1	1	1	GAL 3:1
ਗਲਿਆ	2	2	2	2	NUM 12:12
ਗਲਿਆਣ	1	1	1	0	PRO 27:7
ਗਲੀ	14	14	8	11	JOS 2:19
ਗਲੀਆਂ	36	36	13	35	2SA 1:20
ਗਲੀਚਿਆਂ	1	1	1	0	JDG 5:10
ਗਲੀਲ	62	62	8	76	JOS 20:7
ਗਲੀਲੀ	13	13	5	8	MAT 26:69
ਗਲੀਲੀਆਂ	2	2	1	2	LUK 13:1
ਗਲੀਲੋਥ	1	1	1	1	JOS 18:17
ਗਲੇ	5	5	5	8	2SA 15:5
ਗਲੇਦ	2	2	1	2	GEN 31:47
ਗਲੋਂ	1	1	1	0	COL 2:15
ਗਲ੍ਹਾਂ	1	1	1	0	SNG 1:10
ਗਵਈਏ	1	1	1	0	PSA 68:25
ਗਵਈਯਾਂ	1	1	1	0	1CH 6:31
ਗਵਾ	1	1	1	1	GEN 27:45
ਗਵਾਂਢਣ	2	2	1	0	EXO 3:22
ਗਵਾਂਢੀ	28	28	2	0	EXO 11:2
ਗਵਾਉਂਦਾ	1	1	1	0	ECC 4:8
ਗਵਾਉਣ	1	1	1	0	ECC 3:6
ਗਵਾਚਿਆਂ	1	1	1	1	1SA 9:20
ਗਵਾਚੀ	1	1	1	1	EXO 22:9
ਗਵਾਚੀਆਂ	2	2	1	2	EZK 34:4
ਗਵਾਚੇਗਾ	1	1	1	0	JHN 3:16
ਗਵਾਚੇਗੀ	1	1	1	1	JER 23:4
ਗਵਾਜ	1	1	1	0	JOB 10:17
ਗਵਾਹ	73	73	26	91	GEN 21:30
ਗਵਾਹਾਂ	19	19	11	20	NUM 35:30
ਗਵਾਹੀ	56	56	19	186	EXO 20:16
ਗਵਾਹੀਆਂ	3	3	1	2	NEH 9:34
ਗਵਿਯਾ	1	1	1	0	1CH 6:33
ਗਵੰਤਰੀ	1	1	1	1	2CH 5:13
ਗਵੱਯਾ	1	1	1	2	1CH 15:27
ਗਵੱਯਾਂ	5	5	4	0	1CH 15:16
ਗਵੱਯੇ	4	4	3	3	1CH 9:33
ਗਵੱਯੇ-ਆਸਾਫ	1	1	1	0	EZR 2:41
ਗਸ਼	2	2	2	1	LAM 2:12
ਗਸ਼ਮ	3	3	1	4	NEH 2:19
ਗਸ਼ੂਮ	1	1	1	0	NEH 6:6
ਗਸ਼ੂਰ	8	8	2	8	2SA 3:3
ਗਸ਼ੂਰੀ	1	1	1	1	JOS 13:13
ਗਸ਼ੂਰੀਆਂ	5	5	2	6	JOS 12:5
ਗਹਮ	1	1	1	1	GEN 22:24
ਗਹਰ	1	1	1	2	EZR 2:47
ਗਹਾਂ	1	1	1	0	ISA 49:9
ਗਹਾਈ	2	2	1	0	1CO 9:9
ਗਹਿਣਾ	3	3	3	2	EXO 22:7
ਗਹਿਣਿਆਂ	11	11	8	12	JDG 8:26
ਗਹਿਣੇ	31	31	10	29	GEN 38:17
ਗਹਿਰਾ	1	1	1	3	MAT 16:3
ਗਹਿਰਿਆਂ	1	1	1	1	PSA 88:6
ਗ਼	1	1	1	0	NEH 11:17
ਗ਼ਜ਼ਬ	1	1	1	1	JOB 21:30
ਗ਼ਮ	5	5	2	6	JER 8:18
ਗ਼ਰਕ	1	1	1	0	HOS 5:2
ਗ਼ਰੀਬ	3	3	3	5	JOB 34:19
ਗ਼ਰੀਬਾਂ	2	2	2	3	JOB 31:16
ਗ਼ਸ਼ੀਆਂ	1	1	1	1	EZK 31:15
ਗ਼ਾਰਾਂ	1	1	1	0	JOB 30:6
ਗ਼ਾਰੇਬ	1	1	1	0	2SA 23:38
ਗ਼ੁਲਾਮ	4	4	2	72	JOS 9:23
ਗ਼ੁਲਾਮੀ	3	3	2	92	GEN 15:13
ਗ਼ੈਰਤ	1	1	1	3	EXO 34:14
ਗ਼ੈਰਤੀ	1	1	1	1	EXO 34:14
ਗਾ	13	13	12	13	JDG 5:12
ਗਾਂ	8	8	4	7	NUM 19:2
ਗਾਂਈਆਂ	1	1	1	10	2CH 32:29
ਗਾਂਡੂ	2	2	2	0	DEU 23:17
ਗਾਂਡੂਆਂ	3	3	2	1	1KI 15:12
ਗਾਂਧਣਾਂ	1	1	1	0	1SA 8:13
ਗਾਂਧੀ	4	4	2	3	EXO 30:25
ਗਾਂਧੀਆਂ	1	1	1	0	2CH 16:14
ਗਾਅਸ਼	1	1	1	0	1CH 11:32
ਗਾਇਆ	5	5	5	7	NUM 21:17
ਗਾਈਆਂ	20	20	3	5	GEN 12:16
ਗਾਈਏ	1	1	1	1	PSA 137:4
ਗਾਉਂਦੀਆਂ	4	4	2	4	1SA 18:6
ਗਾਉਂਦੇ	13	13	9	15	EXO 15:1
ਗਾਉਣ	25	25	12	26	EXO 32:18
ਗਾਉਣਗੇ	3	3	1	3	PSA 66:4
ਗਾਉਣਾ	6	6	5	5	2SA 19:35
ਗਾਉਣੇ	1	1	1	1	2CH 23:18
ਗਾਏ	1	1	1	2	PSA 78:63
ਗਾਓ	31	31	7	31	EXO 15:21
ਗਾਗਰਾਂ	2	2	2	1	EXO 37:16
ਗਾਜਰ	1	1	1	0	JOS 21:21
ਗਾਜ਼ਾ	1	1	1	1	ACT 8:26
ਗਾਜ਼ੇਜ਼	2	2	1	2	1CH 2:46
ਗਾਤਾਮ	2	2	1	3	GEN 36:11
ਗਾਥ-ਰਿੰਮੋਨ	1	1	1	0	JOS 19:45
ਗਾਥੀ	2	2	1	2	1SA 17:4
ਗਾਦ	46	46	12	55	GEN 30:11
ਗਾਦੀ	9	9	5	9	NUM 32:29
ਗਾਦੀਆਂ	35	35	5	37	NUM 7:42
ਗਾਦੀਓ	1	1	1	1	JOS 22:25
ਗਾਫਲਾਂ	1	1	1	0	EZK 23:42
ਗਾਬਾ	3	3	3	0	JOS 18:24
ਗਾਮੂਲ	1	1	1	2	1CH 24:17
ਗਾਯੁਸ	5	5	4	10	ACT 19:29
ਗਾਰ	1	1	1	0	1TI 3:11
ਗਾਰਾ	3	3	3	2	GEN 11:3
ਗਾਰੇ	4	4	4	3	EXO 1:14
ਗਾਰੇਬ	2	2	2	3	1CH 11:40
ਗਾਰੰਜਗੀ	1	1	1	0	GEN 31:35
ਗਾਲ	2	2	2	4	MAT 5:22
ਗਾਲਲ	1	1	1	0	1CH 9:15
ਗਾਲਾਂ	7	7	6	5	LEV 19:14
ਗਾਲਾਲ	1	1	1	3	1CH 9:16
ਗਾਲੀਆਂ	1	1	1	0	HOS 4:2
ਗਾਲੀਓ	3	3	1	3	ACT 18:12
ਗਾਲੀਲ	2	2	2	0	2KI 15:29
ਗਾਵਾਂ	1	1	1	0	ISA 5:1
ਗਾਵਾਂਗਾ	27	27	5	28	EXO 15:1
ਗਾਵਾਂਗੀ	1	1	1	1	JDG 5:3
ਗਾਵੇ	2	2	1	3	PSA 30:12
ਗਾਵੇਗੀ	1	1	1	1	ZEP 2:14
ਗਾਸ਼	1	1	1	4	JDG 2:9
ਗਾਹ	11	11	7	5	LEV 26:5
ਗਾਹਕ	7	7	4	6	DEU 28:68
ਗਾਹਕਾਂ	2	2	1	2	JER 44:30
ਗਾਹਰ	1	1	1	0	NEH 7:49
ਗਾਹਿਆ	1	1	1	0	AMO 1:3
ਗਾਹੀਦੀ	1	1	1	1	ISA 28:27
ਗਾਹੁੰਦਾ	1	1	1	2	ISA 28:28
ਗਾਹੁੰਦੇ	4	4	4	6	DEU 25:4
ਗਾਹੇਂਗਾ	1	1	1	1	ISA 41:15
ਗਾੜੀ	1	1	1	0	ACT 20:9
ਗਿਆ	2436	2436	61	2645	GEN 1:3
ਗਿਆਤਾ	1	1	1	0	1CH 28:9
ਗਿਆਤਾਵੰਦ	1	1	1	0	2CH 26:5
ਗਿਆਨ	150	150	31	173	GEN 24:63
ਗਿਆਨਵਾਨ	3	3	2	6	PRO 17:27
ਗਿਆਨਵੰਤ	1	1	1	0	DAN 1:4
ਗਿਆਨਹੀਨ	1	1	1	0	JOB 38:2
ਗਿਆਨੀ	14	14	4	14	1CH 9:22
ਗਿਆਨੀਆਂ	14	14	3	5	DAN 2:12
ਗਿਆਪਰ	1	1	1	0	1PE 3:18
ਗਿਆਰਵਾਂ	2	2	1	2	1CH 24:12
ਗਿਆਰਵੇਂ	7	7	4	11	DEU 1:3
ਗਿਆਰਾਂ	22	22	13	0	GEN 32:22
ਗਿਆਰ੍ਹਵੀਂ	1	1	1	1	REV 21:20
ਗਿਆਰ੍ਹਵੇਂ	2	2	2	0	NUM 7:72
ਗਿਆਰ੍ਹਾਂ	1	1	1	24	REV 21:16
ਗਿਛ	2	2	2	0	PSA 10:13
ਗਿਜ਼ੋਨੀ	1	1	1	1	1CH 11:34
ਗਿਝਾਉਣ	1	1	1	0	2TI 3:16
ਗਿਠਥੋਨ	1	1	1	0	NEH 12:16
ਗਿਣ	32	32	18	31	GEN 13:16
ਗਿਣਤੀ	133	133	27	152	EXO 16:16
ਗਿਣਤੀਆਂ	1	1	1	1	JER 11:13
ਗਿਣਤੀਓਂ	1	1	1	0	1CH 22:4
ਗਿਣਦਾ	4	4	1	4	JOB 13:24
ਗਿਣਦੀ	1	1	1	1	NUM 23:9
ਗਿਣਦੇ	1	1	1	1	JOB 19:15
ਗਿਣਨ	3	3	3	2	PSA 90:12
ਗਿਣਨਗੇ	1	1	1	1	EZK 44:26
ਗਿਣਨਾ	1	1	1	1	NUM 4:29
ਗਿਣਨੇ	4	4	2	0	LEV 23:15
ਗਿਣਾ	1	1	1	1	PSA 139:18
ਗਿਣਿਆ	39	39	18	50	GEN 15:6
ਗਿਣਿਆਂ	6	6	3	2	EXO 30:13
ਗਿਣੀ	15	15	7	16	GEN 16:10
ਗਿਣੀਂ	2	2	1	1	NUM 1:49
ਗਿਣੀਂਦਾ	1	1	1	0	JOS 13:3
ਗਿਣੀਆਂ	2	2	2	2	2SA 4:2
ਗਿਣੀਏ	1	1	1	1	2CO 10:12
ਗਿਣੀਦਾ	2	2	2	1	1CH 5:1
ਗਿਣੀਦੀ	4	4	2	0	ACT 26:8
ਗਿਣੀਦੀਆਂ	2	2	1	0	ISA 40:15
ਗਿਣੇ	114	114	19	112	LEV 15:13
ਗਿਣੇਗਾ	1	1	1	1	ROM 4:8
ਗਿਣੋ	2	2	2	1	DEU 16:9
ਗਿਣੋਂ	1	1	1	0	1SA 14:17
ਗਿਤੀ	1	1	1	0	1CH 13:13
ਗਿਦਊਨ	6	6	1	0	JDG 6:27
ਗਿਦਓਨੀ	5	5	1	5	NUM 1:11
ਗਿਦਾਊਨ	34	34	2	52	JDG 6:11
ਗਿਦੋਮ	1	1	1	1	JDG 20:45
ਗਿਦੜਾਂ	1	1	1	0	JER 9:11
ਗਿਨਥੋਈ	1	1	1	1	NEH 12:4
ਗਿਨਥੋਨ	1	1	1	2	NEH 10:6
ਗਿਬਅਰ	1	1	1	0	1CH 11:31
ਗਿਬਅਹ੍ਵਿਚ	1	1	1	0	1SA 14:16
ਗਿਬਆ	1	1	1	0	1CH 2:49
ਗਿਬਆਥੀ	1	1	1	1	1CH 12:3
ਗਿਬਆਹ	43	43	5	47	JDG 19:12
ਗਿਬਓਨ	35	35	8	38	JOS 9:3
ਗਿਬਓਨੀ	2	2	2	2	1CH 12:4
ਗਿਬਓਨੀਆਂ	5	5	1	7	2SA 21:1
ਗਿਬਥੋਨ	6	6	2	6	JOS 19:44
ਗਿਬਬ	1	1	1	1	JOS 18:28
ਗਿਬਲੀਆਂ	1	1	1	2	JOS 13:5
ਗਿਬਾਓਨ	1	1	1	0	1CH 21:29
ਗਿਬਾਹ	1	1	1	0	JOS 15:57
ਗਿਬੋਅਨ	1	1	1	0	2SA 2:16
ਗਿਮਜ਼ੋ	1	1	1	1	2CH 28:18
ਗਿਯਹ	1	1	1	1	2SA 2:24
ਗਿਰਗਸ਼ੀਆਂ	1	1	1	0	NEH 9:8
ਗਿਰਗਾਸ਼ੀ	4	4	3	5	GEN 10:16
ਗਿਰਗਾਸੀ	1	1	1	0	JOS 24:11
ਗਿਰਗਾਸੀਆਂ	1	1	1	0	JOS 3:10
ਗਿਰਗਿਟ	1	1	1	1	LEV 11:30
ਗਿਰਝ	2	2	2	3	LEV 11:14
ਗਿਰਝਾਂ	2	2	2	3	PRO 30:17
ਗਿਰਦੇ	5	5	4	0	1CH 28:12
ਗਿਰਫਤਾਰ	1	1	1	0	JHN 8:20
ਗਿਰਫ਼ਤਾਰ	4	4	1	0	JHN 7:32
ਗਿਰਵੀ	13	13	4	15	DEU 24:6
ਗਿਰਸੇਨੀਆਂ	3	3	2	3	MRK 5:1
ਗਿਰਾ	1	1	1	3	LEV 27:25
ਗਿਰਾਏ	1	1	1	2	PSA 78:28
ਗਿਰਾਮੀ	3	3	1	0	GAL 2:2
ਗਿਰਾਹੀਆਂ	1	1	1	0	JDG 1:7
ਗਿਰਾਹੀਕੁ	1	1	1	0	JDG 19:5
ਗਿਰੀ	1	1	1	1	ACT 19:35
ਗਿਲਆਦ	113	113	20	129	GEN 31:21
ਗਿਲਆਦੀ	8	8	4	10	JDG 10:3
ਗਿਲਆਦੀਆਂ	7	7	4	6	NUM 26:29
ਗਿਲਆਬਾਦ	1	1	1	0	2SA 17:26
ਗਿਲਗਲ	2	2	1	0	1SA 13:7
ਗਿਲਗਾਲ	38	38	9	41	DEU 11:30
ਗਿਲਝਾਂ	1	1	1	0	MAT 24:28
ਗਿਲਬੋਆ	8	8	3	8	1SA 28:4
ਗਿਲਲਈ	1	1	1	1	NEH 12:36
ਗਿਲਾ	10	10	5	1	JOB 7:11
ਗਿਲਾਆਦ	2	2	2	0	2SA 2:4
ਗਿਲਾਨ	5	5	2	0	LEV 7:18
ਗਿਲੇ	2	2	1	0	JOB 7:13
ਗਿਲੋਨੀ	1	1	1	0	2SA 23:34
ਗਿਲੋਹ	2	2	2	2	JOS 15:51
ਗਿਸ਼ਪਾ	1	1	1	1	NEH 11:21
ਗਿਹੋਨ	3	3	1	0	1KI 1:33
ਗਿੱਛ	13	13	8	0	DEU 17:9
ਗਿੱਛਣ	1	1	1	0	PSA 142:4
ਗਿੱਝੀ	1	1	1	1	JER 2:24
ਗਿੱਟਿਆਂ	1	1	1	2	EZK 47:3
ਗਿੱਟੇ	1	1	1	0	ACT 3:7
ਗਿੱਠ	6	6	3	6	EXO 28:16
ਗਿੱਠਾਂ	1	1	1	1	ISA 40:12
ਗਿੱਤਾ	1	1	1	0	JOS 19:13
ਗਿੱਤਾਯਮ	1	1	1	2	2SA 4:3
ਗਿੱਤਾਯਿਮ	1	1	1	0	NEH 11:33
ਗਿੱਤੀ	7	7	2	9	2SA 6:10
ਗਿੱਤੀਆਂ	1	1	1	1	JOS 13:3
ਗਿੱਦਲਤੀ	1	1	1	0	1CH 25:29
ਗਿੱਦੇਲ	3	3	2	4	EZR 2:47
ਗਿੱਦੜ	5	5	4	5	DEU 14:18
ਗਿੱਦੜਾਂ	11	11	6	12	JOB 30:29
ਗਿੱਦੜੀਆਂ	1	1	1	1	LAM 4:3
ਗਿੱਧ	1	1	1	2	DEU 14:13
ਗਿੱਬਾਰ	1	1	1	1	EZR 2:20
ਗਿੱਲ	1	1	1	0	LUK 8:6
ਗਿੱਲਆਦ	1	1	1	0	2SA 2:9
ਗਿੱਲਾ	1	1	1	3	DAN 5:21
ਗੀਆਂ	3	3	2	0	MIC 7:10
ਗੀਤ	58	58	17	145	EXO 15:1
ਗੀਤਾਂ	5	5	4	6	NEH 12:8
ਗੀਨਥ	2	2	1	2	1KI 16:21
ਗੀਰ	1	1	1	1	DEU 14:17
ਗੀਰਹ	1	1	1	1	NUM 18:16
ਗੀਲੋਨੀ	1	1	1	2	2SA 15:12
ਗੀਹੋਨ	2	2	2	6	GEN 2:13
ਗੀਹੋਨਾ	1	1	1	0	2CH 32:30
ਗੀੱਦੇਲ	1	1	1	0	NEH 7:49
ਗੁਆ	9	9	8	8	PRO 23:8
ਗੁਆਂਡੀ	9	9	5	0	LEV 6:2
ਗੁਆਂਢਣ	1	1	1	3	JER 9:20
ਗੁਆਂਢਣਾ	1	1	1	1	LUK 15:9
ਗੁਆਂਢਣਾਂ	1	1	1	1	RUT 4:17
ਗੁਆਂਢੀ	106	106	21	144	DEU 5:20
ਗੁਆਂਢੀਆਂ	15	15	7	15	2KI 4:3
ਗੁਆਇਆ	1	1	1	1	JHN 18:9
ਗੁਆਈ	1	1	1	1	MAT 10:39
ਗੁਆਈਏ	1	1	1	1	1KI 18:5
ਗੁਆਉਂਦਾ	1	1	1	1	1PE 5:4
ਗੁਆਉਂਦੇ	1	1	1	0	1CO 8:8
ਗੁਆਉਣਾ	1	1	1	1	JHN 6:39
ਗੁਆਏ	2	2	2	1	MAT 16:25
ਗੁਆਚ	12	12	7	8	LEV 6:3
ਗੁਆਚਣ	1	1	1	0	2PE 2:1
ਗੁਆਚਿਆ	6	6	4	5	DEU 22:1
ਗੁਆਚੀ	9	9	6	11	LEV 6:4
ਗੁਆਚੀਆਂ	2	2	1	3	MAT 10:6
ਗੁਆਚੇ	4	4	3	5	MAT 18:11
ਗੁਆਢੀਆਂ	1	1	1	0	PSA 28:3
ਗੁਆਵੇ	3	3	1	4	LUK 9:24
ਗੁਆਵੇਗਾ	4	4	3	4	MAT 10:39
ਗੁਗਲ	1	1	1	0	GEN 37:25
ਗੁਜਰੇ	1	1	1	0	1TH 1:6
ਗੁਜ਼ਰ	2	2	2	0	2KI 4:7
ਗੁਜ਼ਰਿਆ	1	1	1	0	HEB 7:27
ਗੁਜ਼ਾਰਨ	1	1	1	2	2CH 6:31
ਗੁਜ਼ਾਰਨਾ	1	1	1	0	1CO 7:29
ਗੁਜ਼ਾਰੇ	1	1	1	2	PRO 27:27
ਗੁਜਾਰਨ	1	1	1	0	1KI 8:40
ਗੁਟਕਦੀਆਂ	1	1	1	1	NAM 2:7
ਗੁਣ	12	12	6	16	2CH 19:3
ਗੁਣਕਾਰ	5	5	5	5	ECC 10:10
ਗੁਣਕਾਰੀ	2	2	1	2	2CO 1:6
ਗੁਣਾ	90	90	20	42	GEN 4:15
ਗੁਣਿਆਂ	1	1	1	1	JOS 14:2
ਗੁਣੀ	4	4	4	3	2KI 24:16
ਗੁਣੀਏ	1	1	1	1	2CH 34:12
ਗੁਣੇ	25	25	11	9	NUM 26:55
ਗੁਥਲੀ	3	3	2	3	1SA 17:40
ਗੁਦਗੋਦਾਹ	2	2	1	2	DEU 10:7
ਗੁਦਾਂ	1	1	1	1	1SA 5:9
ਗੁਦਾਮ	1	1	1	0	JER 41:8
ਗੁਨਾਹ	21	21	4	1	MAT 18:15
ਗੁਨਾਹਗਾਰ	1	1	1	0	1CO 8:9
ਗੁਨਾਹਾਂ	3	3	1	0	1CO 10:8
ਗੁਨੀਆਂ	1	1	1	0	NUM 26:48
ਗੁਪਤ	53	53	18	63	DEU 29:29
ਗੁਫ਼ਾ	19	19	3	35	GEN 23:9
ਗੁਫ਼ਾਂ	1	1	1	0	HEB 11:38
ਗੁਫਾ	8	8	6	6	JDG 15:8
ਗੁਫਾਂ	3	3	3	2	JDG 6:2
ਗੁਮਰਾਹ	4	4	3	3	PRO 19:3
ਗੁਮਾਸ਼ਤਾ	1	1	1	1	1KI 22:47
ਗੁਮੱਟ	1	1	1	0	2KI 17:9
ਗੁਰ	2	2	1	2	JER 51:38
ਗੁਰਜ	1	1	1	0	PRO 25:18
ਗੁਰਦਿਆਂ	12	12	7	13	EXO 29:13
ਗੁਰਦੇ	14	14	5	10	EXO 29:22
ਗੁਰਮਤੇ	1	1	1	1	PSA 73:24
ਗੁਰੂ	60	60	9	64	1CH 25:8
ਗੁਰੂਆਂ	4	4	4	2	PSA 119:99
ਗੁਲ	6	6	4	0	EXO 25:38
ਗੁਲਆਈ	1	1	1	0	1KI 7:20
ਗੁਲਛੱਰੇ	1	1	1	1	1TI 5:6
ਗੁਲਤਰਾਸ਼	5	5	4	8	EXO 37:23
ਗੁਲਦਾਨ	3	3	2	4	EXO 25:38
ਗੁਲਰ	1	1	1	0	PSA 78:47
ਗੁਲਾਮ	53	53	19	57	GEN 39:17
ਗੁਲਾਮਾਂ	5	5	4	23	DEU 24:7
ਗੁਲਾਮੀ	35	35	13	93	EXO 2:23
ਗੁਲਾਮੋ	1	1	1	2	1PE 2:18
ਗੁਲਿਆਈ	1	1	1	0	SNG 7:1
ਗੁਵਾਉਣ	1	1	1	0	1CO 9:15
ਗੁਵਾਹੀ	1	1	1	0	2SA 1:16
ਗੁਹੀਰੀਆਂ	1	1	1	0	LAM 4:5
ਗੁਹੀਰੇ	1	1	1	0	1SA 2:8
ਗੁੜ੍ਹੀ	2	2	1	0	LEV 13:26
ਗੁੰਗਾ	6	6	4	0	EXO 4:11
ਗੁੰਗਿਆਂ	3	3	3	0	PRO 31:8
ਗੁੰਗੀ	3	3	2	0	ISA 53:7
ਗੁੰਗੇ	5	5	3	5	ISA 35:6
ਗੁੰਜ	1	1	1	0	ISA 15:8
ਗੁੰਡੇ	2	2	2	2	JDG 9:4
ਗੁੰਦ	2	2	2	0	MAT 27:29
ਗੁੰਦਕੇ	1	1	1	3	JHN 19:2
ਗੁੰਦਦੇ	1	1	1	0	PSA 55:14
ਗੁੰਦਿਆਂ	1	1	1	1	1TI 2:9
ਗੁੰਦੀਆਂ	5	5	1	5	EXO 28:14
ਗੁੰਦੇ	4	4	2	3	EXO 28:14
ਗੁੰਨਿਆ	1	1	1	0	1SA 28:24
ਗੁੰਨੇ	3	3	1	7	LEV 2:4
ਗੁੰਨ੍ਹਕੇ	1	1	1	0	GEN 18:6
ਗੁੰਨ੍ਹਣ	2	2	2	2	EXO 8:3
ਗੁੰਨ੍ਹਦੀਆਂ	1	1	1	1	JER 7:18
ਗੁੰਨ੍ਹਿਆ	3	3	3	4	EXO 12:34
ਗੁੰਨ੍ਹੀ	1	1	1	1	JOB 10:9
ਗੁੰਨ੍ਹੀਆਂ	1	1	1	0	LEV 23:17
ਗੁੰਨ੍ਹੇ	3	3	3	4	EXO 12:39
ਗੁੰਬਜ਼	3	3	1	0	EZK 16:24
ਗੁੱਗਲ	1	1	1	2	GEN 43:11
ਗੁੱਛਾ	4	4	4	3	1SA 25:18
ਗੁੱਛਿਆਂ	4	4	3	4	GEN 40:10
ਗੁੱਛੀ	1	1	1	1	EXO 12:22
ਗੁੱਛੇ	8	8	5	9	NUM 13:23
ਗੁੱਝਾ	2	2	2	0	JDG 3:19
ਗੁੱਝਿਆਂ	1	1	1	1	ISA 65:4
ਗੁੱਝੀ	5	5	5	5	LEV 4:13
ਗੁੱਝੇ	6	6	4	2	DEU 13:6
ਗੁੱਡਿਆ	1	1	1	0	ISA 5:2
ਗੁੱਥਲੀ	1	1	1	1	PRO 16:11
ਗੁੱਥੇ	1	1	1	1	PSA 17:10
ਗੁੱਦਾ	1	1	1	1	JOB 21:24
ਗੁੱਦੇ	2	2	2	2	ISA 25:6
ਗੁੱਲ	2	2	1	0	JOB 18:5
ਗੁੱਲਰ	3	3	3	7	1CH 27:28
ਗੁੱਲਰਾਂ	1	1	1	1	AMO 7:14
ਗੁੱਲੇ	1	1	1	1	LUK 21:9
ਗੁੱਲ੍ਹਰ	2	2	2	0	1KI 10:27
ਗੁੱਸਾ	55	55	15	56	DEU 9:18
ਗੁੱਸੇ	85	85	27	86	GEN 40:2
ਗੂਣ	9	9	1	0	GEN 42:25
ਗੂਣਾਂ	12	12	2	1	GEN 42:25
ਗੂਨੀ	4	4	3	4	GEN 46:24
ਗੂਰ	2	2	2	1	2KI 9:27
ਗੂਲਰ	1	1	1	0	2CH 1:15
ਗੂਹੜੀ	1	1	1	1	GEN 2:21
ਗੂੜਾ	2	2	1	0	LEV 13:6
ਗੂੜ੍ਹਾ	3	3	3	4	LEV 13:21
ਗੂੜ੍ਹੀ	2	2	2	4	GEN 15:12
ਗੂੜ੍ਹੀਆਂ	1	1	1	0	LEV 13:39
ਗੂੜ੍ਹੇ	4	4	2	5	ISA 8:22
ਗੂੰਗਾ	6	6	4	11	PSA 39:9
ਗੂੰਗੇ	3	3	3	6	PSA 38:13
ਗੂੰਜ	3	3	3	5	JOB 37:2
ਗੂੰਜਣ	1	1	1	0	1CO 13:1
ਗੂੰਜੇ	1	1	1	1	EXO 19:13
ਗੇਈ	1	1	1	0	DAN 2:35
ਗੇਬ	1	1	1	0	2KI 17:13
ਗੇਰ	1	1	1	0	1CH 9:36
ਗੇਰਸ਼ੇਮ	1	1	1	0	EXO 2:22
ਗੇਰਸ਼ੋਣੀ	1	1	1	0	1CH 26:21
ਗੇਰਸ਼ੋਨ	8	8	3	9	EXO 6:16
ਗੇਰਸ਼ੋਨੀ	2	2	1	5	1CH 26:21
ਗੇਰਸ਼ੋਨੀਆਂ	17	17	4	17	NUM 3:21
ਗੇਰਸ਼ੋਮ	12	12	4	13	EXO 18:3
ਗੇਰਸ਼ੋਮੀਆਂ	1	1	1	1	1CH 15:7
ਗੇਰਸੋਨ	1	1	1	0	GEN 46:11
ਗੇਰਾ	8	8	5	9	GEN 46:21
ਗੇਰਾਹ	2	2	2	2	NUM 3:47
ਗੇਰੂਥ	1	1	1	1	JER 41:17
ਗੇਰੋਸ਼ੋ	1	1	1	0	NUM 4:38
ਗੇਲਾ	1	1	1	0	JOB 7:2
ਗੇਲੀਆਂ	4	4	2	2	2CH 2:8
ਗੇਸ਼ਾਨ	1	1	1	1	1CH 2:47
ਗੇਹਰਾਸ਼ੀਮ	1	1	1	0	1CH 4:14
ਗੇਹਾਜੀ	12	12	1	12	2KI 4:12
ਗੇੜਾਂ	1	1	1	0	ECC 1:6
ਗੈਬ	3	3	2	2	2SA 24:11
ਗੈਬਦਾਨ	6	6	1	6	2CH 12:15
ਗੈਬਦਾਨਾਂ	1	1	1	1	2CH 33:18
ਗੈਰ	8	8	6	5	EXO 21:8
ਗੈਰ-ਯਹੂਦੀਆਂ	2	2	1	0	1TH 2:16
ਗੈਰਤ	3	3	2	1	PSA 69:9
ਗੋਂਦਾਂ	1	1	1	0	PSA 55:14
ਗੋਆਹ	1	1	1	1	JER 31:39
ਗੋਈਮ	2	2	1	2	GEN 14:1
ਗੋਕਾ	1	1	1	1	2SA 17:29
ਗੋਗ	13	13	3	17	1CH 5:4
ਗੋਚਰਾ	2	2	1	0	PSA 22:8
ਗੋਚਰੇ	3	3	3	0	1SA 17:28
ਗੋਜ਼ਾਨ	5	5	3	5	2KI 17:6
ਗੋਠਵੀਆਂ	1	1	1	1	1KI 7:17
ਗੋਡਾ	4	4	3	3	ISA 45:23
ਗੋਡਿਆ	1	1	1	2	ISA 5:6
ਗੋਡਿਆਂ	15	15	11	15	GEN 30:3
ਗੋਡੇ	29	29	15	30	GEN 41:43
ਗੋਤ	256	256	20	275	GEN 49:28
ਗੋਤਾ	1	1	1	0	JOS 21:1
ਗੋਤਾਂ	100	100	22	119	GEN 49:16
ਗੋਥ	1	1	1	0	JOB 16:15
ਗੋਦ	2	2	1	9	LUK 16:22
ਗੋਦੜੀ	4	4	2	4	1KI 19:13
ਗੋਪੀਆ	2	2	2	1	1SA 17:40
ਗੋਪੀਏ	8	8	6	3	1SA 17:49
ਗੋਫ਼ਰ	1	1	1	1	GEN 6:14
ਗੋਬ	2	2	1	2	2SA 21:18
ਗੋਬੀਮ	1	1	1	1	ISA 10:31
ਗੋਮਰ	6	6	4	7	GEN 10:2
ਗੋਯਿਮ	1	1	1	1	JOS 12:23
ਗੋਰ	18	18	4	2	PSA 16:10
ਗੋਰਾ	2	2	2	1	2SA 19:18
ਗੋਲ	7	7	3	7	1KI 7:23
ਗੋਲਨ	2	2	1	0	JOS 20:8
ਗੋਲਾ	12	12	3	8	EXO 20:10
ਗੋਲਾਨ	2	2	2	4	DEU 4:43
ਗੋਲਿਅਥ	6	6	3	8	1SA 17:4
ਗੋਲਿਆਂ	4	4	3	0	EXO 21:7
ਗੋਲੀ	43	43	11	9	GEN 16:1
ਗੋਲੀਆਂ	21	21	8	4	GEN 12:16
ਗੋਲੀਏ	1	1	1	0	GEN 16:8
ਗੋਲੇ	30	30	10	10	GEN 12:16
ਗੋਸ਼ਟ	8	8	4	4	2SA 15:12
ਗੋਸ਼ਟਾਂ	1	1	1	1	PSA 83:3
ਗੋਸ਼ਟੀ	1	1	1	0	EZK 22:25
ਗੋਸ਼ਤ	5	5	1	0	1CO 8:1
ਗੋਸ਼ਨ	14	14	3	15	GEN 45:10
ਗੋਸ਼ੋਨ	1	1	1	0	JOS 15:51
ਗੋਹ	1	1	1	0	JOB 1:8
ਗੋਹਾ	4	4	3	3	EXO 29:14
ਗੋਹੇ	2	2	2	3	LEV 16:27
ਗੋੱਲਾ	6	6	2	0	DEU 5:14
ਗੋੱਲੀ	13	13	4	0	DEU 5:14
ਗੋੱਲੀਆਂ	6	6	4	0	DEU 12:12
ਗੋੱਲੇ	4	4	2	0	DEU 5:21
ਗੌਰ	3	3	1	15	JOB 8:5
ਗੌਰਵ	3	3	1	1	1CO 10:31
ਗੌਰਵਸ਼ਾਲੀ	1	1	1	0	1CO 2:8
ਗੌਲੀ	5	5	1	0	GAL 4:22
ਗੌਹ	34	34	12	1	LEV 11:29
ਗ੍ਰਹਿਣ	2	2	1	2	PRO 3:18
ਗ੍ਰਿਸਤ	1	1	1	0	1TI 5:14
ਗ੍ਰੰਥ	1	1	1	28	2CO 3:15
ਗ੍ਰੰਥਿਓ	5	5	1	0	MAT 23:13
ਗ੍ਰੰਥੀ	30	30	5	0	EZR 7:6
ਗ੍ਰੰਥੀਆਂ	29	29	4	0	MAT 2:4
ਗ੍ਰੰਥੀਓ	1	1	1	0	MAT 23:15
ਗੜ	12	12	2	0	2CH 17:12
ਗੜਗੜਹਟ	1	1	1	0	JHN 12:29
ਗੜਬੜ	2	2	2	3	ISA 22:5
ਗੜਬੜਾਹਟ	1	1	1	1	EXO 14:24
ਗੜਬੜੀ	1	1	1	3	JAS 3:16
ਗੜਵਿਆਂ	1	1	1	1	MRK 7:4
ਗੜਵੀ	3	3	1	3	1SA 26:11
ਗੜਵੇ	1	1	1	2	EXO 25:29
ਗੜਾ	1	1	1	1	EXO 9:26
ਗੜਾਂ	10	10	5	5	NUM 32:36
ਗੜਿਆਂ	15	15	7	16	EXO 9:24
ਗੜੇ	20	20	5	19	EXO 9:18
ਗੜ੍ਹ	71	71	20	91	NUM 32:17
ਗੜ੍ਹਕ	2	2	2	2	1SA 7:10
ਗੜ੍ਹਕਦਾ	2	2	1	1	JOB 37:4
ਗੜ੍ਹਵੇ	1	1	1	1	NUM 4:7
ਗੜ੍ਹਾਂ	16	16	10	38	NUM 13:19
ਗੜ੍ਹੀਆਂ	1	1	1	0	GEN 25:16
ਗੜ੍ਹੇ	1	1	1	1	PSA 148:8
ਗੰਗਾ	1	1	1	0	ACT 8:32
ਗੰਜ	5	5	5	2	EST 3:9
ਗੰਜਾ	4	4	3	6	LEV 13:40
ਗੰਜੇ	9	9	3	9	LEV 13:42
ਗੰਡਾਸੇ	1	1	1	1	ISA 28:27
ਗੰਢ	2	2	2	1	GEN 42:35
ਗੰਢਦੇ	1	1	1	1	PSA 83:3
ਗੰਢਾਂ	1	1	1	0	GEN 42:35
ਗੰਢਿਆ	1	1	1	0	2CH 18:1
ਗੰਢੀ	1	1	1	1	PSA 83:5
ਗੰਦ	10	10	8	4	1KI 14:10
ਗੰਦਗੀ	7	7	4	5	LEV 5:3
ਗੰਦਨੇ	1	1	1	0	NUM 11:5
ਗੰਦਾ	4	4	2	4	ISA 23:9
ਗੰਦੀ	3	3	3	4	EXO 5:21
ਗੰਦੀਆਂ	4	4	3	3	ISA 30:22
ਗੰਦੇ	4	4	4	6	2KI 23:13
ਗੰਧਕ	15	15	8	15	GEN 19:24
ਗੰਧਰਸ	13	13	6	14	GEN 37:25
ਗੰਧਲੇ	1	1	1	1	PRO 25:26
ਗੰਨੇਸਰਤ	1	1	1	2	MAT 14:34
ਗੰਭੀਰ	4	4	2	4	1TI 3:8
ਗੰਭੀਰਤਾਈ	2	2	1	3	1TI 2:2
ਗੱਚ	1	1	1	0	DAN 5:5
ਗੱਜ	11	11	5	7	JOS 6:20
ਗੱਜਣ	11	11	6	11	JOB 37:2
ਗੱਜਣਾ	1	1	1	1	ISA 5:29
ਗੱਜਦਾ	2	2	2	1	ISA 16:11
ਗੱਜਦੀ	3	3	2	2	JOB 37:4
ਗੱਜਦੀਆਂ	3	3	2	3	ISA 51:15
ਗੱਜਦੇ	5	5	3	5	PSA 74:4
ਗੱਜ਼ਾਮ	1	1	1	2	NEH 7:51
ਗੱਜਾਂ	3	3	2	1	EXO 19:16
ਗੱਜਿਆ	3	3	3	3	JDG 14:5
ਗੱਜੇਗਾ	8	8	5	8	1SA 2:10
ਗੱਠ	1	1	1	0	1KI 11:2
ਗੱਠਿਆ	1	1	1	0	ACT 6:11
ਗੱਠੜੀ	1	1	1	1	1SA 25:29
ਗੱਡ	2	2	2	1	EZK 4:3
ਗੱਡਾ	2	2	2	2	NUM 7:3
ਗੱਡਿਆ	1	1	1	0	HEB 8:2
ਗੱਡਿਆਂ	1	1	1	1	GEN 46:5
ਗੱਡੀ	12	12	4	12	1SA 6:7
ਗੱਡੀਆਂ	3	3	2	3	1SA 26:5
ਗੱਡੇ	10	10	3	10	GEN 45:19
ਗੱਦਲਤੀ	1	1	1	2	1CH 25:4
ਗੱਦਾਹ	1	1	1	1	JOS 15:27
ਗੱਦਿਆਂ	1	1	1	1	AMO 3:12
ਗੱਦੀ	83	83	20	83	GEN 41:40
ਗੱਦੀਆ	1	1	1	0	1KI 22:10
ਗੱਦੀਆਂ	8	8	4	8	2CH 18:9
ਗੱਦੀਏਲ	1	1	1	1	NUM 13:10
ਗੱਨੀਮ	2	2	1	0	JOS 15:34
ਗੱਪ	1	1	1	0	EXO 23:1
ਗੱਪਾ	1	1	1	0	PSA 41:6
ਗੱਪਾਂ	7	7	6	7	JOB 11:3
ਗੱਪੀਆਂ	1	1	1	0	ISA 44:25
ਗੱਫਾ	1	1	1	0	1KI 15:19
ਗੱਬਾਹ	1	1	1	0	2SA 5:25
ਗੱਬੀ	1	1	1	1	NEH 11:8
ਗੱਭ	2	2	2	0	GEN 31:38
ਗੱਭਣ	1	1	1	1	JOB 21:10
ਗੱਭਰੂ	3	3	1	9	EZK 23:6
ਗੱਭਰੂਆਂ	3	3	2	8	PRO 7:7
ਗੱਭੇ	2	2	1	0	EXO 27:5
ਗੱਲ	955	955	53	1008	GEN 3:17
ਗੱਲਕਰ	1	1	1	0	ACT 25:5
ਗੱਲਾ	9	9	6	0	RUT 2:13
ਗੱਲਾਂ	1236	1236	59	1239	GEN 15:1
ਗੱਲੀਂ	7	7	5	2	COL 3:20
ਗੱਲੀਆਂ	2	2	2	1	DEU 18:3
ਗੱਲੀਮ	1	1	1	1	ISA 10:30
ਗੱਲੀਮੀ	1	1	1	1	1SA 25:44
ਗੱਲੇ	6	6	6	0	MAT 19:3
ਗੱਲੋਂ	9	9	6	1	DEU 2:7
ਗੱਲ੍ਹ	4	4	4	6	1KI 22:24
ਗੱਲ੍ਹਾਂ	1	1	1	2	ISA 50:6
ਗੱਵਯਾਂ	2	2	1	0	EZR 7:24
ਘਗਣਾ	2	2	1	0	ACT 2:36
ਘਗਣੇ	1	1	1	0	ACT 2:29
ਘਚੋਲ	2	2	1	2	EZK 32:2
ਘਚੋਲੇ	1	1	1	1	EZK 34:19
ਘਟ	8	8	5	0	JDG 8:3
ਘਟਣ	3	3	3	4	GEN 8:1
ਘਟਣਗੀਆਂ	1	1	1	0	1PE 1:11
ਘਟਣਗੇ	1	1	1	1	JER 30:19
ਘਟਣਾ	2	2	2	1	JHN 3:30
ਘਟਦੇ	1	1	1	1	GEN 8:5
ਘਟਨਾਵਾਂ	3	3	2	21	1CO 6:3
ਘਟਾ	3	3	2	7	PSA 89:45
ਘਟਾਂ	15	15	8	10	DEU 4:11
ਘਟਾਇਆ	4	4	4	6	PSA 102:23
ਘਟਾਇਓ	1	1	1	1	DEU 12:32
ਘਟਾਈਂ	1	1	1	1	JER 26:2
ਘਟਾਉਂਦਾ	1	1	1	1	MRK 13:20
ਘਟਾਉਣ	2	2	2	1	LEV 26:22
ਘਟਾਏ	2	2	1	2	MAT 24:22
ਘਟਾਓ	3	3	2	3	EXO 5:8
ਘਟਾਵੀਂ	2	2	1	2	LEV 2:13
ਘਟਾਵੇ	2	2	2	2	EXO 21:10
ਘਟਾਵੇਂ	1	1	1	1	JER 10:24
ਘਟਾਵੇਗਾ	1	1	1	1	REV 22:19
ਘਟਿਆ	2	2	2	3	NUM 31:49
ਘਟੀ	1	1	1	0	DEU 34:7
ਘਟੁਨਿਆਂ	1	1	1	0	DAN 3:21
ਘਟੇ	3	3	3	3	PSA 71:9
ਘਟੇਗਾ	2	2	2	2	EXO 5:11
ਘਟੇਗੀ	1	1	1	0	ISA 51:14
ਘਟੋ	1	1	1	1	JER 29:6
ਘਣਾਂ	1	1	1	0	2SA 5:20
ਘਣਾਉਣੇ	1	1	1	0	DEU 18:9
ਘਣੀਆਂ	2	2	1	0	EZK 19:11
ਘਣੇ	2	2	1	0	EZK 6:13
ਘਨੇਰੀ	3	3	3	0	GEN 41:47
ਘਨੇਰੀਆਂ	1	1	1	0	PRO 28:20
ਘਨੇੜੇ	1	1	1	0	DEU 33:12
ਘਬਰਓ	1	1	1	0	2TH 2:2
ਘਬਰਾ	30	30	16	81	DEU 7:23
ਘਬਰਾਇਆ	6	6	5	5	PSA 30:7
ਘਬਰਾਈ	1	1	1	2	LUK 1:29
ਘਬਰਾਉਂਦਾ	3	3	3	9	JOB 22:10
ਘਬਰਾਉਂਦੀ	1	1	1	1	LUK 10:41
ਘਬਰਾਉਂਦੀਆਂ	1	1	1	2	MRK 16:8
ਘਬਰਾਉਂਦੇ	2	2	2	2	LUK 24:38
ਘਬਰਾਉਣ	2	2	1	4	JER 17:18
ਘਬਰਾਉਣਗੀਆਂ	1	1	1	1	DAN 11:44
ਘਬਰਾਉਣਗੇ	1	1	1	1	JER 23:4
ਘਬਰਾਏ	1	1	1	4	JHN 14:27
ਘਬਰਾਹਟ	15	15	9	20	DEU 7:23
ਘਬਰੋ	1	1	1	0	2CH 32:7
ਘਮਸਾਣ	2	2	2	3	ISA 21:15
ਘਮਸਾਣਾ	1	1	1	0	2CO 6:5
ਘਮੰਡ	14	14	6	76	PSA 140:8
ਘਮੰਡੀ	5	5	5	14	PRO 16:18
ਘਰ	828	828	49	909	GEN 12:1
ਘਰਕਦਾ	1	1	1	0	ECC 1:5
ਘਰਕਦੇ	1	1	1	0	JER 14:6
ਘਰਜੰਮ	3	3	1	0	GEN 15:3
ਘਰਜੰਮਾਂ	1	1	1	0	GEN 14:14
ਘਰਜੰਮਿਆ	1	1	1	0	GEN 17:23
ਘਰਜੰਮੇ	1	1	1	0	GEN 17:27
ਘਰਾਂ	65	65	28	98	EXO 8:3
ਘਰਾਣਾ	74	74	17	82	GEN 45:11
ਘਰਾਣਿਆ	3	3	1	0	EZR 2:68
ਘਰਾਣਿਆਂ	148	148	15	162	GEN 10:5
ਘਰਾਣੇ	365	365	33	417	GEN 10:18
ਘਰੀਂ	13	13	8	4	GEN 34:29
ਘਰੇ	4	4	4	2	2KI 14:10
ਘਰੇਲੂ	5	5	4	9	GEN 31:19
ਘਰੋ	3	3	2	0	DEU 24:1
ਘਰੋਂ	16	16	9	21	GEN 24:40
ਘਲਾਂਗਾ	1	1	1	0	2KI 5:5
ਘਲਿਆ	4	4	2	0	1SA 16:22
ਘਲਿਆਰ	1	1	1	0	PRO 28:2
ਘਲਿਆਰਿਆ	2	2	2	0	EXO 9:16
ਘਸ	2	2	2	1	DEU 19:5
ਘਸਾ	1	1	1	1	JOB 14:19
ਘਸਾਉਂਦਾ	1	1	1	1	PRO 6:13
ਘਸੀਟ	4	4	3	4	2SA 20:12
ਘਸੋੜ	1	1	1	0	JDG 3:21
ਘਾ	1	1	1	0	ISA 5:24
ਘਾਇਲ	12	12	11	6	DEU 14:1
ਘਾਉ	13	13	7	0	PSA 38:5
ਘਾਓ	2	2	1	4	JER 30:12
ਘਾਗ	1	1	1	1	JER 50:9
ਘਾਗਾਂ	1	1	1	1	JER 50:29
ਘਾਟ	12	12	9	26	GEN 49:13
ਘਾਟਾ	23	23	16	20	GEN 31:7
ਘਾਟਾਂ	1	1	1	2	JDG 5:17
ਘਾਟੀ	2	2	2	75	ISA 10:29
ਘਾਟੇ	3	3	2	3	EST 7:4
ਘਾਣ	1	1	1	0	EZK 21:14
ਘਾਣੀ	1	1	1	1	JOB 38:38
ਘਾਤ	50	50	17	69	NUM 35:20
ਘਾਤਕ	1	1	1	5	PSA 91:3
ਘਾਤੀ	3	3	3	2	NUM 16:38
ਘਾਤੀਆਂ	6	6	2	6	PSA 5:8
ਘਾਬਰ	38	38	14	0	GEN 41:8
ਘਾਬਰਦਾ	4	4	4	0	JDG 7:3
ਘਾਬਰਦੀਆਂ	1	1	1	0	JER 10:2
ਘਾਬਰਨਗੇ	1	1	1	0	ISA 20:5
ਘਾਬਰਿਆ	1	1	1	0	GEN 32:7
ਘਾਬਰਿਓ	1	1	1	0	GEN 45:24
ਘਾਬਰੇ	4	4	2	0	1SA 17:11
ਘਾਬਰੇਗਾ	1	1	1	0	ISA 31:4
ਘਾਬਰੋ	6	6	5	0	DEU 1:21
ਘਾਵਾਂ	3	3	3	0	JOB 8:12
ਘਾਹ	57	57	20	70	GEN 1:11
ਘਾਹਫ਼ੂਸ	1	1	1	0	1CO 3:12
ਘਾੜਿਆਂ	1	1	1	0	1CH 22:2
ਘਾੜੇ	1	1	1	0	1CH 22:15
ਘਿਣ	81	81	20	60	GEN 46:34
ਘਿਣਕਰਨਗੀਆਂ	1	1	1	0	PRO 24:24
ਘਿਣਾਉਣਾ	26	26	14	27	GEN 34:30
ਘਿਣਾਉਣਿਆਂ	3	3	3	3	JER 44:22
ਘਿਣਾਉਣੀ	25	25	13	31	GEN 29:31
ਘਿਣਾਉਣੀਆਂ	22	22	9	27	EXO 8:26
ਘਿਣਾਉਣੇ	66	66	13	87	DEU 20:18
ਘਿਨਾਉਣੀ	4	4	3	0	DEU 14:3
ਘਿਨਾਉਣੀਆਂ	2	2	2	0	PRO 6:16
ਘਿਨਾਉਣੇ	6	6	4	1	DEU 12:31
ਘਿਰਣਾ	5	5	1	25	EZK 16:5
ਘਿਰਿਆ	1	1	1	2	JAS 5:13
ਘਿਰੇ	1	1	1	0	1TH 3:7
ਘਿਸਰਦਾ	4	4	1	1	LEV 11:42
ਘਿਸਰਦੇ	4	4	1	1	LEV 11:29
ਘਿਸਰਨ	13	13	5	14	LEV 11:20
ਘਿੜ	1	1	1	1	PSA 78:41
ਘਿੱਚ	1	1	1	0	ISA 33:19
ਘਿੱਸਰਦਾ	1	1	1	1	GEN 9:2
ਘਿੱਸਰਦੇ	1	1	1	1	EZK 38:20
ਘਿੱਸਰਨ	20	20	7	24	GEN 1:24
ਘੁਣ	1	1	1	1	HOS 5:12
ਘੁਮਾ	3	3	2	1	PRO 28:10
ਘੁਮਾਇਆ	1	1	1	2	GEN 20:13
ਘੁਮਾਉਂ	1	1	1	0	ISA 5:10
ਘੁਮਾਰ	2	2	1	0	ZEC 11:13
ਘੁਮਿਆਰ	18	18	8	22	1CH 4:23
ਘੁਮਿਆਰਾਂ	1	1	1	1	DAN 2:41
ਘੁਮੰਡ	33	33	13	0	EXO 18:11
ਘੁਮੰਡੀ	6	6	4	0	JOB 36:9
ਘੁਮੰਡੀਆਂ	1	1	1	0	PRO 16:19
ਘੁਮੰਣ	3	3	1	0	EZK 10:2
ਘੁਰਕਣ	3	3	2	0	EXO 17:2
ਘੁਰਕਣੇ	1	1	1	0	2SA 22:16
ਘੁਰਕਦੇ	1	1	1	1	EXO 17:2
ਘੁਰਕਾਂਗਾ	1	1	1	1	JER 30:11
ਘੁਰਕਿਆ	2	2	2	1	GEN 37:10
ਘੁਰਕੀ	3	3	1	5	ISA 30:17
ਘੁਰਨਿਆਂ	3	3	3	3	JOB 37:8
ਘੁਰਨੇ	4	4	3	7	JER 10:22
ਘੁਰੇ	12	12	3	10	JDG 6:2
ਘੁਲ	1	1	1	1	JOB 38:38
ਘੁਲਦਾ	1	1	1	1	GEN 32:24
ਘੁਲਦੇ	1	1	1	1	GEN 25:22
ਘੁਲਨ	1	1	1	0	GEN 32:25
ਘੁਲਿਆ	2	2	1	0	HOS 12:3
ਘੁਸ	2	2	2	0	EXO 19:21
ਘੁਸਣ	1	1	1	0	EXO 19:24
ਘੁਸਮੁਸੀਆ	1	1	1	0	LEV 19:16
ਘੁਸਮੁਸੇ	1	1	1	1	JER 13:16
ਘੁਸਰ	1	1	1	0	2SA 12:19
ਘੁੰਗਰੂ	7	7	2	7	EXO 28:33
ਘੁੰਗਰੂਆਂ	1	1	1	0	SNG 5:11
ਘੁੰਡ	4	4	2	6	SNG 4:1
ਘੁੰਮ	3	3	2	13	JOB 1:7
ਘੁੰਮਣ	4	4	4	11	GEN 3:24
ਘੁੰਮਣਾ	1	1	1	1	JHN 11:54
ਘੁੰਮਦਾ	2	2	2	2	PRO 26:14
ਘੁੰਮਦੇ	3	3	2	4	2CH 30:10
ਘੁੰਮੇ	2	2	2	4	NUM 34:5
ਘੁੱਗੀ	13	13	7	19	GEN 8:8
ਘੁੱਗੀਆਂ	15	15	6	14	LEV 1:14
ਘੁੱਟ	9	9	5	11	JDG 6:38
ਘੁੱਟਣ	1	1	1	1	PRO 16:30
ਘੁੱਟਦੀ	1	1	1	1	LUK 9:39
ਘੁੱਟਿਆ	2	2	2	2	1KI 21:4
ਘੁੱਟਿਆਂ	1	1	1	1	ACT 15:29
ਘੁੱਟੀ	1	1	1	0	DEU 32:5
ਘੁੱਟੇ	2	2	1	2	ACT 15:20
ਘੁੱਥ	1	1	1	0	1TI 6:10
ਘੁੱਪ	22	22	13	26	EXO 10:22
ਘੁੱਸੇ	1	1	1	0	ISA 16:2
ਘੂਕ	8	8	6	7	JDG 4:21
ਘੂਰ	4	4	3	1	2KI 19:3
ਘੂਰਦਾ	1	1	1	1	ISA 31:4
ਘੂਰਦੇ	2	2	1	0	ISA 5:29
ਘੂਰਨਗੇ	1	1	1	0	ISA 5:30
ਘੇਰ	51	51	21	57	GEN 19:4
ਘੇਰਦਾ	1	1	1	0	GEN 2:11
ਘੇਰਦੀ	3	3	3	3	GEN 2:13
ਘੇਰਦੀਆਂ	2	2	2	2	2CH 4:3
ਘੇਰਨ	2	2	2	1	1SA 23:8
ਘੇਰਨਗੇ	2	2	2	2	PSA 142:7
ਘੇਰਾ	26	26	15	28	DEU 2:1
ਘੇਰਾਂਗੇ	1	1	1	1	SNG 8:9
ਘੇਰਿਆ	14	14	7	14	DEU 20:19
ਘੇਰੀ	7	7	5	0	1KI 15:27
ਘੇਰੀਂ	1	1	1	9	PSA 5:12
ਘੇਰੇ	22	22	9	21	EXO 28:33
ਘੇਰੇਂਗਾ	1	1	1	1	PSA 32:7
ਘੇਰੇਗਾ	1	1	1	0	JHN 12:35
ਘੇਸ	3	3	3	0	NUM 15:31
ਘੇੜੇ	1	1	1	0	JER 31:40
ਘੋਗੇ	1	1	1	1	PSA 58:8
ਘੋਗੜ	1	1	1	0	JDG 3:17
ਘੋਰ	2	2	2	2	2CH 29:10
ਘੋਰਮਸੋਰੇ	1	1	1	0	2CO 12:20
ਘੋਲ	2	2	2	4	GEN 30:8
ਘੋਲਮਘੋਲੇ	1	1	1	0	HEB 10:32
ਘੋਲਾਂ	1	1	1	0	GEN 30:8
ਘੋਲੀਏ	1	1	1	0	PRO 13:4
ਘੋਸ਼ਟੀ	1	1	1	1	PSA 89:7
ਘੋੜ	28	28	12	27	EXO 14:9
ਘੋੜਚੜ੍ਹੇ	2	2	2	0	2SA 1:6
ਘੋੜਾ	21	21	10	21	EXO 15:21
ਘੋੜਾਂ	1	1	1	0	JAS 3:3
ਘੋੜਿਆਂ	79	79	24	82	GEN 47:17
ਘੋੜਿਓ	1	1	1	1	JER 46:9
ਘੋੜੀ	1	1	1	1	SNG 1:9
ਘੋੜੇ	68	68	23	70	GEN 49:17
ਘੌਲ	1	1	1	0	JOS 18:3
ਘ੍ਰਿਣਾ	2	2	1	0	EZK 35:6
ਘੜ	8	8	5	0	EXO 32:4
ਘੜਕੇ	4	4	1	0	EXO 25:18
ਘੜਣ	1	1	1	1	JOB 13:4
ਘੜਤ	7	7	7	4	NUM 31:51
ਘੜਦਾ	3	3	1	0	ISA 22:16
ਘੜਦੀ	2	2	1	2	PSA 50:19
ਘੜਦੇ	1	1	1	0	DEU 31:21
ਘੜਨ	5	5	4	7	2SA 5:11
ਘੜਮੱਸ	1	1	1	0	JOB 30:12
ਘੜਵੀਆਂ	1	1	1	0	1KI 10:17
ਘੜਵੇਂ	1	1	1	0	ISA 9:10
ਘੜਾ	12	12	6	12	GEN 24:14
ਘੜਿਆ	6	6	5	5	EXO 25:36
ਘੜਿਆਂ	4	4	3	4	EXO 20:25
ਘੜੀ	55	55	14	26	DEU 4:16
ਘੜੀਆਂ	11	11	4	0	EXO 34:4
ਘੜੀਓਂ	2	2	1	0	MAT 9:22
ਘੜੀਕੁ	1	1	1	0	LUK 22:59
ਘੜੇ	16	16	10	14	GEN 24:17
ਘੰਟਾ	1	1	1	2	MAT 20:9
ਘੰਟਾਕੁ	1	1	1	0	MAT 20:6
ਘੰਟਿਆਂ	2	2	1	3	ACT 5:7
ਘੰਟੀ	1	1	1	0	1CO 13:1
ਘੰਟੀਆਂ	1	1	1	1	ZEC 14:20
ਘੰਟੇ	6	6	2	6	JHN 11:9
ਘੱਗਰਾ	1	1	1	1	ISA 47:2
ਘੱਟ	50	50	22	65	GEN 8:8
ਘੱਟਣ	1	1	1	1	PRO 14:28
ਘੱਟਦਾ	2	2	2	2	NEH 4:10
ਘੱਟਦੇ	2	2	1	0	ISA 19:6
ਘੱਟਾ	5	5	3	2	EXO 9:9
ਘੱਟੇ	3	3	3	1	2KI 13:7
ਘੱਟੋ	1	1	1	1	NUM 11:32
ਘੱਤਣ	4	4	2	0	ACT 9:23
ਘੱਲ	83	83	23	9	GEN 24:56
ਘੱਲਕੇ	1	1	1	0	GEN 20:2
ਘੱਲਣ	17	17	10	1	EXO 8:2
ਘੱਲਣਾ	4	4	4	2	EXO 4:13
ਘੱਲਦਾ	32	32	17	8	GEN 37:13
ਘੱਲਦੇ	4	4	2	1	JOB 1:4
ਘੱਲਾਂ	10	10	6	1	1SA 20:12
ਘੱਲਾਂਗਾ	45	45	15	10	GEN 38:17
ਘੱਲਿਆ	332	332	39	0	GEN 19:13
ਘੱਲਿਆ-ਕਿ	1	1	1	0	EZR 4:17
ਘੱਲਿਆਰਿਆ	1	1	1	1	2CH 33:8
ਘੱਲੀ	24	24	15	8	GEN 33:11
ਘੱਲੀਂ	1	1	1	1	JER 37:20
ਘੱਲੀਆਂ	9	9	7	3	JDG 11:28
ਘੱਲੀਏ	3	3	3	0	DEU 1:22
ਘੱਲੇ	101	101	26	17	GEN 41:8
ਘੱਲੇਂ	3	3	3	1	GEN 38:17
ਘੱਲੇਂਗਾ	2	2	2	0	EXO 33:12
ਘੱਲੇਗਾ	13	13	8	6	GEN 24:7
ਘੱਲੋ	11	11	7	3	GEN 42:16
ਙੱਲਣਾ	1	1	1	0	ACT 3:18
ਚ	3	3	1	1	JHN 5:28
ਚਕ	2	2	1	0	ISA 5:28
ਚਕਚੂੰਧਰਾਂ	1	1	1	1	ISA 2:20
ਚਕਨਾ	3	3	2	0	2KI 11:18
ਚਕਨਾਚੂਰ	1	1	1	0	PSA 2:9
ਚਕਮਕ	5	5	4	9	DEU 32:13
ਚਕਰਾਂ	1	1	1	0	1SA 16:16
ਚਕਾਰਿਆਂ	2	2	1	2	SNG 2:7
ਚਕਾਰੇ	3	3	1	0	SNG 2:9
ਚਖ	2	2	2	0	JHN 2:9
ਚਖਮਖ	1	1	1	0	PSA 114:8
ਚਖੱਣ	1	1	1	0	JON 3:7
ਚਟਾਨ	82	82	16	0	EXO 17:6
ਚਟਾਨਾਂ	11	11	9	5	1KI 19:11
ਚਟਾਨੇ	1	1	1	0	JER 21:13
ਚਡਿਆਂ	1	1	1	0	DEU 25:11
ਚਤਰ	8	8	6	2	1SA 16:16
ਚਤਰਾ	2	2	2	0	EXO 35:10
ਚਤਰਾਂ	1	1	1	0	MAT 25:9
ਚਤਰਾਈ	11	11	7	13	EXO 31:4
ਚਤਰਾਈਆਂ	1	1	1	1	DAN 11:24
ਚਤਰਿਆਂ	2	2	2	2	ECC 9:11
ਚਤਰੀਆਂ	1	1	1	0	EXO 35:25
ਚਤਰੇ	1	1	1	0	1CH 9:13
ਚਤੁਰਾਈ	3	3	3	0	JOB 5:13
ਚਤੇਰਾ	1	1	1	0	EXO 38:23
ਚਤੇਰੇ	1	1	1	1	EXO 35:35
ਚਨਾਰ	2	2	1	2	ISA 41:19
ਚਪਾਤੀ	2	2	1	0	HOS 7:0
ਚਪੇੜ	2	2	2	2	MAT 5:39
ਚਪੇੜਾਂ	4	4	4	5	JOB 16:10
ਚਪੜਾਸ	2	2	1	0	LEV 8:8
ਚਬਾ	1	1	1	1	EZK 23:34
ਚਬੂਤਰਾ	1	1	1	1	1KI 7:6
ਚਬੂਤਰੇ	1	1	1	1	JHN 19:13
ਚਬੱਚੇ	1	1	1	0	JDG 6:11
ਚਮਕ	14	14	8	20	2KI 3:22
ਚਮਕਣ	4	4	4	7	EZK 21:15
ਚਮਕਣਗੇ	4	4	4	5	JER 31:12
ਚਮਕਦਾ	7	7	5	14	JOB 31:26
ਚਮਕਦਾਰ	1	1	1	2	HAB 3:11
ਚਮਕਦੀ	9	9	7	8	EXO 34:29
ਚਮਕਦੀਆਂ	1	1	1	2	HAB 3:4
ਚਮਕਦੇ	2	2	2	5	EZR 8:27
ਚਮਕਾ	5	5	4	5	PSA 4:6
ਚਮਕਾਈ	1	1	1	1	EZK 21:28
ਚਮਕਾਉਂਦਾ	4	4	4	5	JOB 37:15
ਚਮਕਾਰਾ	5	5	3	4	PSA 80:3
ਚਮਕਾਵਾਂਗਾ	1	1	1	1	EZK 32:10
ਚਮਕਾਵੇ	2	2	2	2	NUM 6:25
ਚਮਕਾਹਟ	2	2	2	0	EXO 24:10
ਚਮਕਿਆ	8	8	7	7	DEU 33:2
ਚਮਕੀ	2	2	1	3	ACT 9:3
ਚਮਕੀਲਾ	3	3	2	4	EXO 28:36
ਚਮਕੀਲੀ	2	2	1	1	LUK 9:29
ਚਮਕੀਲੇ	2	2	1	1	ISA 18:2
ਚਮਕੂਗੀ	1	1	1	0	JOB 18:5
ਚਮਕੇ	4	4	4	4	JOB 3:4
ਚਮਕੇਂਗੀ	1	1	1	1	ISA 60:5
ਚਮਕੇਗਾ	5	5	5	6	JOB 22:28
ਚਮਕੇਗੀ	2	2	2	3	PSA 139:12
ਚਮਗਿੱਦੜਾਂ	1	1	1	0	ISA 2:20
ਚਮਚੇ	2	2	1	2	EXO 25:29
ਚਮਨਾਂ	1	1	1	0	SNG 8:13
ਚਮੜਾ	1	1	1	3	LAM 5:10
ਚਮੜੇ	5	5	5	24	GEN 3:21
ਚਰ	1	1	1	2	EZK 34:18
ਚਰਖੜੀ	1	1	1	1	ECC 12:6
ਚਰਚਾ	21	21	7	44	DEU 6:7
ਚਰਚਾਵਾਂ	1	1	1	0	JHN 7:32
ਚਰਣਾਂ	1	1	1	0	JHN 12:3
ਚਰਦਾ	1	1	1	0	PRO 15:14
ਚਰਦੇ	2	2	1	3	1CH 27:29
ਚਰਨ	11	11	7	4	GEN 18:4
ਚਰਨਗੀਆਂ	2	2	2	2	ISA 11:7
ਚਰਨਗੇ	4	4	2	4	ISA 5:17
ਚਰਨਾਂ	16	16	10	19	2KI 4:37
ਚਰਨੀ	1	1	1	1	REV 19:10
ਚਰਬਾ	1	1	1	0	DEU 32:15
ਚਰਬੀ	89	89	15	90	GEN 4:4
ਚਰਵਾਹਿਆਂ	2	2	1	8	AMO 1:1
ਚਰਵਾਹੀ	1	1	1	3	ACT 20:28
ਚਰਾ	1	1	1	0	ZEC 11:4
ਚਰਾਂਦ	8	8	6	5	JOB 39:8
ਚਰਾਂਦਾ	1	1	1	0	JER 25:36
ਚਰਾਂਦਾਂ	9	9	3	0	JER 9:10
ਚਰਾਇਆ	2	2	2	2	PSA 78:72
ਚਰਾਈ	3	3	3	3	GEN 47:4
ਚਰਾਉਂਦਾ	4	4	4	1	1SA 16:11
ਚਰਾਉਂਦੇ	2	2	2	2	1SA 25:16
ਚਰਾਉਣ	3	3	3	3	1SA 17:15
ਚਰਾਗ	7	7	4	0	1KI 11:36
ਚਰਾਗਾਂ	1	1	1	0	2CH 13:11
ਚਰਾਨ	1	1	1	0	ISA 32:14
ਚਰਾਵਾਂਗਾ	2	2	2	2	EZK 34:14
ਚਰਾਵੇ	1	1	1	1	PSA 78:71
ਚਰਾਵੇਗਾ	4	4	4	4	ISA 40:11
ਚਰਾਵੇਗੀ	1	1	1	1	JER 22:22
ਚਰੇਗਾ	1	1	1	1	ISA 27:10
ਚਰੇਗਾਅਤੇ	1	1	1	0	MIC 5:4
ਚਰੋਕਣਾ	2	2	2	0	2SA 14:2
ਚਲ	3	3	1	2	PSA 64:2
ਚਲਗੋਜਿਆਂ	1	1	1	1	SNG 6:11
ਚਲਣ	11	11	10	2	2CH 13:22
ਚਲਣਾ	1	1	1	1	NEH 5:9
ਚਲਣੀ	1	1	1	0	LUK 15:13
ਚਲਤ	1	1	1	0	GEN 23:16
ਚਲਦਾ	7	7	3	11	GEN 5:22
ਚਲਦੀ	2	2	2	1	JHN 3:8
ਚਲਦੀਆਂ	1	1	1	2	2TI 3:6
ਚਲਦੇ	9	9	8	17	GEN 7:21
ਚਲਨ	3	3	2	1	EZK 14:22
ਚਲਵਾਈ	1	1	1	1	JDG 7:22
ਚਲਾ	40	40	13	88	GEN 17:22
ਚਲਾਂਗਾ	2	2	2	0	2SA 18:2
ਚਲਾਇਆ	5	5	4	8	1CH 11:11
ਚਲਾਈ	6	6	5	3	1SA 20:33
ਚਲਾਈਂ	1	1	1	1	DEU 23:25
ਚਲਾਈਏ	1	1	1	1	LUK 22:49
ਚਲਾਉਂਦਾ	10	10	8	9	GEN 39:22
ਚਲਾਉਂਦੇ	11	11	10	11	1KI 5:16
ਚਲਾਉਣ	12	12	10	12	1SA 24:7
ਚਲਾਉਣਾ	1	1	1	2	PRO 19:10
ਚਲਾਏ	2	2	2	2	GEN 49:23
ਚਲਾਏਗਾ	1	1	1	1	PSA 112:5
ਚਲਾਓ	3	3	3	4	JER 50:14
ਚਲਾਓਗੇ	1	1	1	0	JOB 13:8
ਚਲਾਕ	1	1	1	4	ROM 3:15
ਚਲਾਕਾਂ	1	1	1	1	JOB 5:12
ਚਲਾਕੀ	6	6	4	13	PSA 58:5
ਚਲਾਕੀਆਂ	1	1	1	2	1CO 3:19
ਚਲਾਣ	2	2	2	0	DEU 34:7
ਚਲਾਣਾ	5	5	3	1	JOS 24:29
ਚਲਾਵਾਂ	3	3	1	3	1SA 24:6
ਚਲਾਵਾਂਗਾ	8	8	6	9	LEV 26:25
ਚਲਾਵੇ	1	1	1	1	EZK 18:9
ਚਲਾਵੇਂ	1	1	1	1	EZK 38:12
ਚਲਾਵੇਗਾ	8	8	7	8	GEN 3:16
ਚਲਿਆ	18	18	12	26	GEN 13:11
ਚਲੀ	9	9	9	23	GEN 38:11
ਚਲੀਏ	1	1	1	3	MRK 1:38
ਚਲੂਗੀ	1	1	1	0	EST 3:4
ਚਲੇ	33	33	12	91	GEN 22:19
ਚਲੇਗੀ	1	1	1	0	GEN 41:40
ਚਲੋ	5	5	3	5	2SA 18:3
ਚਵੀ	1	1	1	0	NEH 9:1
ਚਸ਼ਮਾ	9	9	7	9	NEH 12:37
ਚਸ਼ਮੇ	14	14	5	14	GEN 16:7
ਚਸ਼ਮੇਂ	2	2	1	0	PSA 87:7
ਚਹਿਰੇ	1	1	1	0	LAM 4:8
ਚਹੀਦੀ	2	2	2	0	TIT 1:10
ਚਹੁੰ	2	2	2	1	PSA 65:5
ਚਹੁੰਆਂ	1	1	1	0	EZK 10:12
ਚਹੁੰਦਾ	6	6	5	0	2SA 20:19
ਚਹੁੰਵਾ	3	3	1	0	LEV 11:21
ਚਾਂਦੀ	377	377	42	380	GEN 13:2
ਚਾਉ	2	2	2	0	PRO 31:13
ਚਾਉਂਦੀ	1	1	1	0	EST 5:3
ਚਾਉੜੇ	1	1	1	0	MAT 23:5
ਚਾਕਰ	26	26	7	3	2KI 5:13
ਚਾਕਰਾਂ	26	26	5	1	1SA 16:17
ਚਾਕੂ	1	1	1	1	JER 36:23
ਚਾਚਾ	3	3	3	3	LEV 25:49
ਚਾਚਿਆਂ	1	1	1	1	JOS 17:4
ਚਾਚੀ	1	1	1	2	LEV 18:14
ਚਾਚੇ	14	14	6	13	LEV 10:4
ਚਾਟੇ	1	1	1	0	SNG 6:2
ਚਾਤਰ	6	6	6	1	GEN 3:1
ਚਾਤਰਾਂ	3	3	2	0	JOB 37:24
ਚਾਦਰ	14	14	9	18	EXO 22:9
ਚਾਨਣ	182	182	32	203	GEN 1:3
ਚਾਨਣਾ	12	12	6	6	EXO 10:23
ਚਾਨਣੀ	7	7	7	7	NUM 25:8
ਚਾਨਣੇ	7	7	4	1	EXO 27:20
ਚਾਨੇ	2	2	1	5	DEU 14:9
ਚਾਪ	15	15	9	0	EXO 28:36
ਚਾਪਲੂਸ	1	1	1	1	PRO 26:28
ਚਾਪਲੂਸੀ	2	2	2	7	PRO 29:5
ਚਾਬਕ	1	1	1	0	PRO 26:3
ਚਾਮਚਿੱਡੀ	1	1	1	0	LEV 11:19
ਚਾਰ	209	209	32	245	GEN 2:10
ਚਾਰ-ਜਾਮੇ	1	1	1	1	EZK 27:20
ਚਾਰਕੁ	5	5	2	0	1SA 4:2
ਚਾਰਗਾਹਾਂ	1	1	1	15	PSA 83:12
ਚਾਰਦਾ	5	5	4	8	GEN 37:2
ਚਾਰਦਿਆਂ	1	1	1	1	GEN 36:24
ਚਾਰਦੇ	5	5	4	5	GEN 37:13
ਚਾਰਨ	5	5	3	5	GEN 29:7
ਚਾਰਨਗੇ	4	4	3	4	ISA 61:5
ਚਾਰਨੋਂ	1	1	1	0	EZK 34:10
ਚਾਰਾ	6	6	5	8	GEN 42:27
ਚਾਰਾਂ	2	2	1	16	EZK 1:8
ਚਾਰਾਂਗਾ	3	3	1	4	EZK 34:13
ਚਾਰਾਂਵਾਂਗਾ	1	1	1	0	GEN 30:31
ਚਾਰਿਆ	1	1	1	1	EZK 34:8
ਚਾਰੀ	1	1	1	0	HEB 13:2
ਚਾਰੇ	23	23	9	43	LEV 11:23
ਚਾਰੇਗਾ	2	2	1	3	EZK 34:23
ਚਾਰੋਂ	5	5	2	11	1CH 9:24
ਚਾਲ	75	75	22	82	1SA 8:9
ਚਾਲਾ	1	1	1	0	2KI 17:4
ਚਾਲਾਂ	14	14	8	15	1KI 8:39
ਚਾਲਿਆਂ	1	1	1	0	2CO 2:11
ਚਾਲੀ	72	72	19	0	GEN 5:13
ਚਾਲੀਆਂ	17	17	10	3	GEN 8:6
ਚਾਲੀਵੇਂ	3	3	3	2	NUM 33:38
ਚਾਲੀਹਾਂ	1	1	1	0	2SA 2:10
ਚਾਲੂ	1	1	1	1	EZK 43:18
ਚਾਲੇ	2	2	1	0	HAG 1:5
ਚਾਹ	17	17	10	8	GEN 3:16
ਚਾਹਣਾ	1	1	1	0	1CH 21:3
ਚਾਹਨਾ	4	4	3	1	JHN 5:44
ਚਾਹਲੀ	2	2	1	0	ACT 7:30
ਚਾਹਲੀਆਂ	8	8	2	0	MRK 1:13
ਚਾਹਲੀਆਂਕੁ	1	1	1	0	ACT 13:18
ਚਾਹਵਾਂ	3	3	2	2	JHN 21:22
ਚਾਹਵਾਂਗਾ	1	1	1	0	1CO 4:20
ਚਾਹਵੇ	1	1	1	0	JHN 12:6
ਚਾਹਵੇਂਗਾ	1	1	1	1	JOB 14:15
ਚਾਹਵੰਦ	8	8	2	8	2CH 7:14
ਚਾਹਾਂ	3	3	3	7	HOS 10:10
ਚਾਹਿਆ	64	64	24	58	GEN 37:35
ਚਾਹੀ	6	6	6	5	DEU 23:5
ਚਾਹੀਆਂ	1	1	1	1	EXO 35:24
ਚਾਹੀਦਾ	241	241	36	131	GEN 13:8
ਚਾਹੀਦੀ	54	54	15	12	GEN 20:9
ਚਾਹੀਦੀਆਂ	5	5	4	2	1CO 10:24
ਚਾਹੀਦੇ	14	14	4	2	JHN 13:10
ਚਾਹੁਣ	5	5	5	6	NEH 9:24
ਚਾਹੁਣਗੇ	1	1	1	1	LUK 13:24
ਚਾਹੁਦੇ	2	2	2	0	JHN 18:28
ਚਾਹੁੰਣਗੇ	1	1	1	1	JER 8:3
ਚਾਹੁੰਦਾ	178	178	41	194	GEN 43:30
ਚਾਹੁੰਦੀ	13	13	9	14	RUT 4:15
ਚਾਹੁੰਦੀਆਂ	2	2	2	2	1CO 14:35
ਚਾਹੁੰਦੇ	112	112	33	122	DEU 1:26
ਚਾਹੁੰਵਾਂ	1	1	1	0	DAN 11:4
ਚਾਹੇ	38	38	17	45	GEN 24:5
ਚਾਹੇਂ	7	7	4	6	EXO 4:13
ਚਾਹੇਗਾ	4	4	3	3	DEU 29:20
ਚਾਹੋ	3	3	3	2	MAT 11:14
ਚਾਹੋਗੇ	1	1	1	1	LUK 17:22
ਚਾੜਦੇ	1	1	1	0	PSA 11:2
ਚਾੜਿਆ	1	1	1	0	ACT 2:36
ਚਾੜ੍ਹ	5	5	5	1	ISA 30:8
ਚਾੜ੍ਹਦੇ	1	1	1	3	HEB 6:6
ਚਾੜ੍ਹਨਾ	1	1	1	1	2CO 8:11
ਚਾੜ੍ਹਾਂ	1	1	1	0	2CO 2:5
ਚਾੜ੍ਹਿਆ	4	4	2	1	ROM 11:17
ਚਾੜ੍ਹੀਆਂ	1	1	1	0	ROM 11:24
ਚਾੜ੍ਹੇ	3	3	2	1	ROM 11:23
ਚਾੜ੍ਹੋ	1	1	1	1	2CO 8:11
ਚਿਕਣਾ	1	1	1	0	PRO 5:3
ਚਿਕਣੀ	1	1	1	2	GEN 49:20
ਚਿਕਣੀਆਂ	2	2	1	0	PRO 2:16
ਚਿਕਨਾ	3	3	2	4	EXO 15:6
ਚਿਕਨਾਈ	6	6	2	11	GEN 27:28
ਚਿਕਨੀ	1	1	1	0	ROM 16:18
ਚਿਕਾਰਾ	3	3	1	2	DEU 12:22
ਚਿਕਾਰੇ	3	3	3	7	DEU 12:15
ਚਿਚਲਾ	1	1	1	0	1SA 11:4
ਚਿਚਲਾਇਆ	2	2	2	0	1KI 22:32
ਚਿਚਲਾਈ	1	1	1	0	1SA 28:12
ਚਿਟਕਨੀਆਂ	5	5	1	5	NEH 3:3
ਚਿਠੀ	2	2	1	0	2TH 2:2
ਚਿਠੀਆਂ	2	2	2	0	ACT 1:26
ਚਿਣ	1	1	1	1	JOS 2:6
ਚਿਣਾਈ	1	1	1	1	REV 21:18
ਚਿਣਿਆ	1	1	1	1	1KI 18:33
ਚਿਣੀ	2	2	1	0	REV 2:27
ਚਿਤ	3	3	2	0	DEU 12:17
ਚਿਤਕਬਰੇ	2	2	1	2	GEN 31:10
ਚਿਤਮਣੀਆ	1	1	1	0	PRO 12:5
ਚਿਤਮਣੀਆਂ	3	3	2	0	JDG 5:15
ਚਿਤਲਾ	1	1	1	1	JER 12:9
ਚਿਤਲੀ	1	1	1	1	GEN 30:33
ਚਿਤਲੀਆਂ	4	4	1	4	GEN 30:32
ਚਿਤਲੇ	3	3	1	3	GEN 30:39
ਚਿਤਾ	1	1	1	1	ISA 30:33
ਚਿਤਾਇਆ	2	2	2	1	2KI 6:10
ਚਿਤਾਉਣ	1	1	1	0	ACT 20:31
ਚਿਤਾਉਣੀ	1	1	1	7	EZK 3:17
ਚਿਤਾਉਨੀ	5	5	1	0	EZK 3:18
ਚਿਤਾਰਦਾ	7	7	5	6	2KI 17:13
ਚਿਤਾਰਦੇ	3	3	2	0	EZR 4:16
ਚਿਤਾਰਾਂਗਾ	1	1	1	0	3JN 1:10
ਚਿਤਾਰਿਆ	3	3	3	0	EZR 4:14
ਚਿਤਾਵਨੀ	3	3	3	30	JHN 16:4
ਚਿਨਣ	1	1	1	0	LEV 1:7
ਚਿਨ੍ਹਾਂ	1	1	1	0	1PE 2:21
ਚਿਪਕਦਾ	1	1	1	0	PRO 18:24
ਚਿਮਟੇ	1	1	1	2	ISA 6:6
ਚਿਮੇੜ	1	1	1	0	EZK 29:4
ਚਿਮੜੀਆਂ	1	1	1	0	EZK 29:4
ਚਿਰ	185	185	40	88	GEN 28:15
ਚਿਰਕੋਣਾ	1	1	1	0	LAM 5:20
ਚਿਰਾਂ	2	2	2	1	EXO 17:4
ਚਿਰਾਗ	1	1	1	3	JER 6:8
ਚਿਰੋਕਣਾ	4	4	4	2	PSA 119:152
ਚਿਰੋਕਣੇ	1	1	1	0	LAM 3:6
ਚਿਲਕਦੇ	1	1	1	0	2CH 4:16
ਚਿਲਮਚੀ	2	2	1	2	PSA 60:8
ਚਿਲਾਉਣਾ	1	1	1	0	PSA 61:1
ਚਿਲੇ	1	1	1	0	PSA 11:2
ਚਿਹਰਾ	23	23	5	33	JOB 14:20
ਚਿਹਰਿਆਂ	7	7	4	5	JOB 9:24
ਚਿਹਰੇ	18	18	5	30	PSA 89:15
ਚਿਹਾੜਾ	3	3	3	0	NUM 14:1
ਚਿੜ	1	1	1	0	ACT 4:2
ਚਿੜਦਾ	1	1	1	1	PRO 18:1
ਚਿੜੀ	6	6	2	0	PSA 11:1
ਚਿੜੀਆਂ	5	5	3	4	PSA 104:17
ਚਿੜੀਮਾਰ	3	3	3	0	PSA 124:7
ਚਿੰਗਾੜਾ	1	1	1	1	EZK 20:47
ਚਿੰਗਿਆੜੀਆਂ	1	1	1	1	JOB 41:19
ਚਿੰਗਿਆੜੇ	1	1	1	1	JOB 5:7
ਚਿੰਤ	1	1	1	0	JOB 39:16
ਚਿੰਤਾ	43	43	14	65	1SA 9:5
ਚਿੰਤਾਂ	5	5	3	3	1SA 1:16
ਚਿੰਤਾਵਾਂ	1	1	1	3	1PE 5:7
ਚਿੰਤਿਤ	1	1	1	0	JHN 12:6
ਚਿੰਦਗੀ	1	1	1	0	2PE 1:5
ਚਿੰਨ੍ਹ	3	3	1	14	JHN 19:19
ਚਿੰਬੜ	2	2	2	2	JOB 24:8
ਚਿੰਬੜਦਾ	1	1	1	0	ACT 3:11
ਚਿੰਬੜਿਆ	7	7	4	9	2KI 3:3
ਚਿੰਬੜਿਆਂ	1	1	1	0	MAT 12:22
ਚਿੰਬੜੀ	1	1	1	1	MRK 9:17
ਚਿੰਬੜੇ	8	8	4	4	JOS 22:5
ਚਿੰਬੜੋ	1	1	1	1	JOS 23:12
ਚਿੰਮਬੜਿਆ	1	1	1	0	ACT 19:16
ਚਿੱਕੁਰ	1	1	1	0	ISA 32:15
ਚਿੱਕੜ	22	22	11	18	GEN 14:10
ਚਿੱਟਾ	17	17	9	20	LEV 13:13
ਚਿੱਟਿਆਂ	1	1	1	0	ZEC 6:6
ਚਿੱਟੀ	11	11	5	5	LEV 13:4
ਚਿੱਟੀਆਂ	3	3	3	2	GEN 40:16
ਚਿੱਟੇ	28	28	12	34	GEN 49:12
ਚਿੱਠਾ	2	2	2	0	2SA 24:9
ਚਿੱਠਿਆਂ	1	1	1	0	NEH 6:17
ਚਿੱਠੀ	26	26	7	40	2SA 11:14
ਚਿੱਠੀਆਂ	9	9	7	12	2KI 10:1
ਚਿੱਤ	26	26	13	4	JDG 19:20
ਚਿੱਤਰਕਾਰੀ	2	2	1	4	EXO 28:11
ਚਿੱਤਰੇ	1	1	1	0	DAN 7:6
ਚਿੱਤਾ	2	2	1	0	JER 5:6
ਚਿੱਤੇ	2	2	2	0	HOS 13:7
ਚਿੱਤੋਂ	1	1	1	0	DAN 2:8
ਚਿੱਤ੍ਰਕਾਰੀ	1	1	1	0	EZK 8:12
ਚਿੱਤ੍ਰਿਆਂ	1	1	1	0	SNG 4:8
ਚਿੱਤੜ	1	1	1	1	ISA 20:4
ਚਿੱਥ	2	2	2	1	JOB 6:9
ਚਿੱਥਦੀ	1	1	1	1	JOB 30:17
ਚਿੱਥਦੀਆਂ	1	1	1	0	AMO 4:1
ਚਿੱਥਿਆ	3	3	3	1	NUM 11:33
ਚਿੱਥੜਿਆਂ	1	1	1	1	JER 38:12
ਚਿੱਥੜੇ	1	1	1	1	JER 38:11
ਚਿੱਮਟਾ	1	1	1	0	2SA 6:5
ਚਿੱਮਟੇ	1	1	1	0	1KI 7:49
ਚਿੱਲਾ	10	10	8	9	JDG 10:10
ਚਿੱਲਾਈ	2	2	2	4	JDG 5:28
ਚਿੱਲਾਉਂਦਾ	4	4	3	3	ISA 15:5
ਚਿੱਲਾਉਂਦੀ	3	3	3	3	ISA 26:17
ਚਿੱਲਾਉਂਦੇ	5	5	3	7	JOB 35:9
ਚਿੱਲਾਉਣ	3	3	1	4	JER 11:11
ਚਿੱਲਾਉਣਗੇ	2	2	1	2	JER 11:12
ਚਿੱਲਾਉਣਾ	6	6	2	6	ISA 15:8
ਚਿੱਲਾਉਣੇ	1	1	1	0	PSA 142:6
ਚਿੱਲਾਉਦੇ	1	1	1	0	JOB 30:5
ਚਿੱਲਾਏਂ	1	1	1	1	ISA 57:13
ਚਿੱਲਾਓ	3	3	2	2	JDG 10:14
ਚਿੱਲਾਓਗੇ	1	1	1	1	ISA 65:14
ਚਿੱਲਾਵਾਂ	1	1	1	1	HAB 1:2
ਚਿੱਲਾਵਾਂਗਾ	1	1	1	1	JER 48:31
ਚਿੱਲਾਵੇਗਾ	1	1	1	2	ISA 42:2
ਚਿੱਲਾਹਟ	1	1	1	0	ISA 15:5
ਚਿੱਲੇ	1	1	1	2	PSA 21:12
ਚੀਂ	4	4	1	0	ISA 10:14
ਚੀਕ	11	11	10	5	NUM 14:1
ਚੀਕਣ	2	2	2	2	EZK 27:28
ਚੀਕਣਗੇ	1	1	1	1	EZK 27:30
ਚੀਕਣਾ	1	1	1	0	JAS 5:4
ਚੀਕਣੀ	4	4	4	3	EXO 2:3
ਚੀਕਣੇ	1	1	1	1	1SA 17:40
ਚੀਕਾ	1	1	1	0	2SA 13:36
ਚੀਕਾਂ	14	14	8	18	NUM 16:34
ਚੀਕੇ	1	1	1	0	JHN 18:40
ਚੀਕੋ	1	1	1	0	JAS 5:1
ਚੀਚੀ	2	2	2	2	1KI 12:10
ਚੀਜ	6	6	3	0	EXO 12:19
ਚੀਜ਼	105	105	30	105	GEN 38:17
ਚੀਜ਼ਾ	6	6	3	0	DEU 12:26
ਚੀਜ਼ਾਂ	119	119	25	110	GEN 24:2
ਚੀਜਾਂ	13	13	6	0	DEU 33:15
ਚੀਣਾ	1	1	1	1	EZK 4:9
ਚੀਤਾ	1	1	1	3	ISA 11:6
ਚੀਥੀ	2	2	2	1	EXO 38:27
ਚੀਥੀਆਂ	51	51	3	48	EXO 26:19
ਚੀਨੀ	1	1	1	0	SNG 4:14
ਚੀਰ	9	9	8	9	LEV 21:5
ਚੀਰਦਾ	2	2	2	2	JOB 16:13
ਚੀਰਨਾ	1	1	1	2	LEV 19:28
ਚੀਰਿਆ	4	4	4	3	1SA 6:14
ਚੀਰੀਆਂ	4	4	4	4	GEN 22:3
ਚੀਰੇ	2	2	2	4	1KI 7:9
ਚੀਰ੍ਹੇ	1	1	1	0	PSA 141:7
ਚੀਲ	11	11	7	14	2SA 6:5
ਚੀਲ੍ਹ	3	3	1	0	ISA 6:13
ਚੁਆ	1	1	1	1	LEV 8:12
ਚੁਆਇਆ	1	1	1	0	GEN 35:14
ਚੁਆਤੀ	1	1	1	0	AMO 4:11
ਚੁਆਤੀਆਂ	2	2	2	1	PRO 26:18
ਚੁਆਨੀ	1	1	1	1	1SA 9:8
ਚੁਆਵੇ	1	1	1	0	LEV 1:15
ਚੁਕ	1	1	1	0	1SA 30:15
ਚੁਕਣ	1	1	1	0	1CH 15:2
ਚੁਕਦਾ	1	1	1	0	PSA 25:1
ਚੁਕਵਾ	2	2	2	2	GEN 43:34
ਚੁਕਵਾਈ	1	1	1	1	ISA 8:4
ਚੁਕਵੀਆਂ	2	2	1	0	NEH 10:37
ਚੁਕਾ	4	4	3	3	GEN 22:6
ਚੁਕਾਈ	8	8	4	3	LEV 7:14
ਚੁਕਾਉਣ	1	1	1	2	LEV 22:16
ਚੁਕਾਵਾਂ	2	2	2	2	1KI 22:16
ਚੁਕਿਆ	14	14	3	0	JHN 3:19
ਚੁਕੀ	1	1	1	2	JOS 5:5
ਚੁਕੇ	1	1	1	0	LEV 5:4
ਚੁਕੰਨਾ	1	1	1	0	1SA 19:2
ਚੁਗ	10	10	9	5	EXO 18:21
ਚੁਗਣ	7	7	3	8	EXO 5:12
ਚੁਗਣਾ	2	2	1	2	ISA 24:13
ਚੁਗਦਾ	5	5	5	4	NUM 15:32
ਚੁਗਦਿਆਂ	1	1	1	1	NUM 15:33
ਚੁਗਦੀ	1	1	1	1	RUT 2:17
ਚੁਗਦੇ	2	2	2	2	JOB 24:6
ਚੁਗਲ	2	2	2	1	LEV 11:17
ਚੁਗਲੀ	7	7	3	9	2SA 19:27
ਚੁਗਲੀਆਂ	2	2	2	4	JER 6:28
ਚੁਗਵਿਆਂ	1	1	1	0	LAM 1:15
ਚੁਗਵੀਆਂ	1	1	1	0	EST 2:9
ਚੁਗਵੇਂ	10	10	3	5	EXO 14:7
ਚੁਗ਼ਲਖ਼ੋਰ	1	1	1	0	JER 9:4
ਚੁਗਾਉਣ	3	3	3	3	MAT 8:33
ਚੁਗਾਠ	8	8	5	8	EXO 21:6
ਚੁਗਾਠਾਂ	8	8	5	9	DEU 6:9
ਚੁਗਾਨ	1	1	1	0	ISA 35:7
ਚੁਗਾਵੇਂਗਾ	1	1	1	0	2SA 5:2
ਚੁਗਿਆ	3	3	1	2	RUT 2:17
ਚੁਗੀਂ	2	2	1	0	LEV 19:10
ਚੁਗੇ	2	2	2	2	EXO 34:3
ਚੁਗੇਗਾ	1	1	1	1	ISA 30:23
ਚੁਟਕੀ	1	1	1	0	1CO 5:6
ਚੁਣ	58	58	21	68	GEN 22:9
ਚੁਣਦਾ	6	6	4	4	JOB 15:5
ਚੁਣਦੀ	1	1	1	0	JOB 7:15
ਚੁਣਦੇ	1	1	1	1	ISA 56:4
ਚੁਣਨ	1	1	1	0	1PE 1:2
ਚੁਣਨਾ	3	3	2	3	PRO 16:16
ਚੁਣਨੀ	1	1	1	1	PRO 22:1
ਚੁਣਵਾਂ	1	1	1	1	ISA 42:1
ਚੁਣਵਿਆਂ	2	2	1	0	AMO 2:11
ਚੁਣਵੇਂ	12	12	7	10	NUM 16:2
ਚੁਣਾਂ	2	2	2	1	ISA 58:5
ਚੁਣਾਂਗਾ	2	2	2	3	NUM 17:5
ਚੁਣਾਉ	1	1	1	0	ACT 6:0
ਚੁਣਿਆ	88	88	25	84	GEN 13:11
ਚੁਣਿਆਂ	10	10	8	11	ISA 65:15
ਚੁਣੀ	4	4	3	5	ISA 43:20
ਚੁਣੀਆਂ	1	1	1	0	GEN 6:2
ਚੁਣੇ	33	33	15	44	DEU 12:14
ਚੁਣੇਗਾ	25	25	4	25	NUM 16:5
ਚੁਣੋ	2	2	2	2	DEU 30:19
ਚੁਣੋਂਗੇ	1	1	1	0	1CO 16:3
ਚੁਤਾਲੀ	2	2	1	5	REV 14:1
ਚੁਤਾਲੀਆਂ	2	2	1	0	REV 7:4
ਚੁਥਾਈ	2	2	2	1	LEV 23:13
ਚੁਪ	2	2	2	0	1SA 7:8
ਚੁਪਾਏ	2	2	1	0	ACT 10:12
ਚੁਪਾਤੇ	2	2	2	0	JDG 16:2
ਚੁਪੇੜਾਂ	1	1	1	0	MRK 14:65
ਚੁਫ਼ੇਰਿਓਂ	1	1	1	20	2CO 3:16
ਚੁਫ਼ੇਰੇ	8	8	3	96	LEV 1:5
ਚੁਫੇਰਿਆਂ	1	1	1	0	EZK 37:9
ਚੁਫੇਰਿਓਂ	27	27	11	0	JDG 8:34
ਚੁਫੇਰੇ	88	88	17	0	EXO 19:12
ਚੁਬਕ	1	1	1	1	EXO 15:14
ਚੁਬਾਰਾ	3	3	3	3	2KI 4:10
ਚੁਬਾਰਿਆਂ	2	2	1	1	PSA 104:3
ਚੁਬਾਰੇ	18	18	8	18	JDG 3:20
ਚੁਬੱਚਾ	7	7	7	3	LEV 8:11
ਚੁਬੱਚਿਆਂ	5	5	5	4	EXO 2:16
ਚੁਬੱਚੇ	11	11	5	7	2KI 6:27
ਚੁਰਾ	12	12	8	7	GEN 31:19
ਚੁਰਾਇਆ	6	6	3	5	GEN 31:30
ਚੁਰਾਉਂਦਾ	1	1	1	1	DEU 24:7
ਚੁਰਾਉਂਦੇ	2	2	1	2	MAT 6:19
ਚੁਰਾਉਣ	1	1	1	1	1TI 1:10
ਚੁਰਾਉਣਾ	2	2	1	0	DAN 9:7
ਚੁਰਾਣੇ	1	1	1	0	MIC 7:1
ਚੁਰਾਵੇ	2	2	2	2	EXO 22:1
ਚੁਰਾਸੀ	1	1	1	1	NEH 11:18
ਚੁਰਾਸੀਆਂ	1	1	1	1	LUK 2:37
ਚੁਰਾਹਿਆਂ	1	1	1	1	MAT 22:9
ਚੁਰਾਹੇ	1	1	1	0	OBA 1:14
ਚੁਰੰਜਾ	7	7	3	7	NUM 1:29
ਚੁਲੀਆਂ	1	1	1	1	ISA 40:12
ਚੁਲ੍ਹੇ	1	1	1	0	EZK 43:15
ਚੁਸਤ	2	2	2	2	MAL 3:5
ਚੁਸਾਇਆ	2	2	2	2	DEU 32:13
ਚੁਹੱਤਰ	4	4	3	4	NUM 1:27
ਚੁੜਾਈ	68	68	8	8	EXO 25:10
ਚੁੜਾਨ	4	4	1	0	1KI 6:2
ਚੁੰਗਣ	1	1	1	0	PSA 8:2
ਚੁੰਗੀ	3	3	2	9	EZR 4:13
ਚੁੰਘਣ	2	2	2	3	LAM 4:4
ਚੁੰਘਦਾ	3	3	3	2	1SA 7:9
ਚੁੰਘਦਿਆਂ	1	1	1	1	JOL 2:16
ਚੁੰਘਦੇ	6	6	5	6	DEU 32:25
ਚੁੰਘਾ	1	1	1	0	EXO 2:9
ਚੁੰਘਾਇਆ	3	3	2	3	EXO 2:7
ਚੁੰਘਾਉਂਦੀ	1	1	1	1	1SA 1:23
ਚੁੰਘਾਉਂਦੀਆਂ	1	1	1	1	LAM 4:3
ਚੁੰਘਾਉਣ	5	5	5	6	1KI 3:21
ਚੁੰਘਾਏਗੀ	1	1	1	1	GEN 21:7
ਚੁੰਘਾਵੀ	1	1	1	0	EXO 2:7
ਚੁੰਘਿਆ	2	2	2	0	SNG 8:1
ਚੁੰਘੇਗੀ	2	2	1	2	ISA 60:16
ਚੁੰਘੋ	1	1	1	1	ISA 66:11
ਚੁੰਘੋਗੇ	1	1	1	1	ISA 66:12
ਚੁੰਝ	2	2	2	2	GEN 8:11
ਚੁੰਨਾ	1	1	1	0	LEV 14:42
ਚੁੰਨੀਆਂ	1	1	1	0	PSA 6:7
ਚੁੰਨ੍ਹੀਆਂ	3	3	2	1	GEN 29:17
ਚੁੰਭੜ	1	1	1	0	1SA 14:43
ਚੁੰਮ	5	5	5	8	GEN 27:26
ਚੁੰਮਣ	4	4	4	4	GEN 31:28
ਚੁੰਮਦੀ	2	2	2	2	SNG 8:1
ਚੁੰਮਾ	2	2	1	0	PRO 7:13
ਚੁੰਮਾਂ	2	2	2	2	MAT 26:48
ਚੁੰਮਿਆ	22	22	11	23	GEN 27:27
ਚੁੰਮੀ	2	2	2	0	1CO 16:20
ਚੁੰਮੀਆਂ	1	1	1	0	SNG 1:2
ਚੁੰਮੇ	7	7	5	5	2SA 20:9
ਚੁੰਮੋ	1	1	1	1	PSA 2:12
ਚੁੱਕ	200	200	38	215	GEN 7:17
ਚੁੱਕਕੇ	10	10	1	0	GEN 13:14
ਚੁੱਕਣ	94	94	26	102	GEN 24:19
ਚੁੱਕਣਗੇ	12	12	6	10	NUM 11:17
ਚੁੱਕਣਾ	6	6	6	10	NUM 11:17
ਚੁੱਕਣੀ	1	1	1	0	LEV 19:12
ਚੁੱਕਦਾ	29	29	15	23	EXO 17:11
ਚੁੱਕਦੀ	2	2	2	1	JOB 27:21
ਚੁੱਕਦੇ	21	21	10	18	DEU 31:9
ਚੁੱਕਵਾ	1	1	1	1	2KI 23:12
ਚੁੱਕਾ	27	27	17	24	NUM 14:35
ਚੁੱਕਾਂ	6	6	5	4	2SA 13:36
ਚੁੱਕਾਂਗਾ	10	10	6	10	2KI 18:14
ਚੁੱਕਾਈ	1	1	1	0	1SA 20:17
ਚੁੱਕਿਆ	107	107	30	123	GEN 18:33
ਚੁੱਕਿਆਂ	1	1	1	0	NUM 10:11
ਚੁੱਕੀ	67	67	32	57	GEN 24:19
ਚੁੱਕੀਂ	1	1	1	2	JDG 6:18
ਚੁੱਕੀਆਂ	17	17	14	19	EXO 14:10
ਚੁੱਕੀਏ	1	1	1	1	LAM 3:41
ਚੁੱਕੇ	101	101	37	84	GEN 24:22
ਚੁੱਕੇਂਗਾ	3	3	2	2	JOB 11:15
ਚੁੱਕੇਂਗੀ	1	1	1	1	EZK 23:27
ਚੁੱਕੇਗਾ	13	13	7	13	NUM 9:13
ਚੁੱਕੇਗੀ	3	3	3	3	NUM 5:31
ਚੁੱਕੋ	6	6	4	5	DEU 4:19
ਚੁੱਕੋਂਗੇ	1	1	1	0	JHN 8:28
ਚੁੱਕੋਗੇ	5	5	3	3	NUM 14:34
ਚੁੱਗ	3	3	3	3	1KI 17:12
ਚੁੱਗਣ	2	2	1	2	GEN 41:2
ਚੁੱਗਦੀ	1	1	1	1	1KI 17:10
ਚੁੱਗਦੇ	1	1	1	2	JER 7:18
ਚੁੱਗੇਗਾ	1	1	1	1	JER 50:19
ਚੁੱਪ	130	130	34	114	GEN 24:21
ਚੁੱਪਕੇ	2	2	2	1	JOB 31:27
ਚੁੱਪਚਾਣ	1	1	1	0	REV 8:1
ਚੁੱਪੀਤੇ	1	1	1	0	EZK 24:17
ਚੁੱਬਚਿਆ	1	1	1	0	NEH 13:15
ਚੁੱਬਚਿਆਂ	1	1	1	0	JER 48:33
ਚੁੱਬਚੇ	1	1	1	0	LAM 1:15
ਚੁੱਭਣ	2	2	2	2	JOB 30:17
ਚੁੱਭਦੀ	1	1	1	0	PRO 26:9
ਚੁੱਭੀਆਂ	2	2	1	2	2KI 5:10
ਚੁੱਲੇ	1	1	1	0	LEV 11:35
ਚੁੱਲ੍ਹੇ	1	1	1	3	ISA 30:14
ਚੂਕ	1	1	1	0	1CH 15:28
ਚੂਨਾ	2	2	2	2	LEV 14:45
ਚੂਨੇ	5	5	4	5	GEN 11:3
ਚੂਪਣਗੇ	1	1	1	0	DEU 33:19
ਚੂਰ	50	50	14	1	EXO 15:6
ਚੂਰਨ	1	1	1	0	SNG 3:6
ਚੂਰਮਾ	1	1	1	1	1KI 14:3
ਚੂਰੇ	3	3	3	0	MAT 15:27
ਚੂਲਾਂ	6	6	1	6	EXO 26:17
ਚੂਸਣ	1	1	1	1	MRK 15:36
ਚੂਸਦੇ	1	1	1	1	JOB 39:30
ਚੂਸੇਗਾ	1	1	1	1	JOB 20:16
ਚੂਹਾ	2	2	1	2	LEV 11:5
ਚੂਹੀਆਂ	4	4	1	0	1SA 6:4
ਚੂਹੇ	1	1	1	4	ISA 66:17
ਚੂੰਗੀ	1	1	1	24	EZR 7:24
ਚੂੰਮੇ	1	1	1	0	2CO 13:12
ਚੇਟਕ	1	1	1	0	PSA 45:11
ਚੇਤਾ	22	22	16	8	GEN 40:14
ਚੇਤਾਵਨੀ	6	6	4	56	2CH 24:19
ਚੇਤੇ	221	221	50	131	GEN 9:15
ਚੇਲਾ	34	34	6	36	MAT 10:24
ਚੇਲਿਆਂ	187	187	6	225	ISA 8:16
ਚੇਲੀ	1	1	1	1	ACT 9:36
ਚੇਲੇ	93	93	8	99	1CH 25:8
ਚੈਨ	41	41	18	39	1CH 4:40
ਚੋ	6	6	4	5	JDG 5:4
ਚੋਂ	4	4	1	5	JHN 2:15
ਚੋਂਕ	2	2	2	0	2SA 21:12
ਚੋਂਕੀ	1	1	1	0	1SA 13:23
ਚੋਂਦਾ	1	1	1	1	SNG 5:13
ਚੋਂਦੀ	4	4	2	3	PSA 65:11
ਚੋਂਦੀਆਂ	1	1	1	1	JOB 28:11
ਚੋਆ	1	1	1	1	PRO 27:15
ਚੋਇਆਂ	1	1	1	1	PSA 19:10
ਚੋਏ	3	3	3	1	PSA 89:10
ਚੋਕਸ	1	1	1	0	EZR 8:29
ਚੋਕਸੀ	1	1	1	0	ACT 5:23
ਚੋਖਾ	4	4	4	1	LUK 18:7
ਚੋਖੇ	7	7	4	6	2CH 3:5
ਚੋਗਾ	20	20	10	26	EXO 28:4
ਚੋਗੀ	1	1	1	0	MIC 7:1
ਚੋਗੇ	9	9	5	9	GEN 37:32
ਚੋਟ	2	2	2	1	DEU 21:5
ਚੋਟੀ	19	19	10	26	GEN 28:12
ਚੋਟੀਆਂ	5	5	4	9	PSA 68:15
ਚੋਣ	7	7	5	7	NUM 26:9
ਚੋਣਗੇ	1	1	1	0	AMO 9:13
ਚੋਣਵਿਆਂ	1	1	1	0	NUM 11:28
ਚੋਣਵੇਂ	2	2	2	1	2CH 25:5
ਚੋਣੇ	1	1	1	1	NUM 15:3
ਚੋਥਾ	2	2	2	0	NUM 15:4
ਚੋਥਾਈ	1	1	1	0	NUM 15:5
ਚੋਥੇ	3	3	3	1	NUM 29:23
ਚੋਦਵੇਂ	1	1	1	0	EZR 6:19
ਚੋਦਾਂ	9	9	2	0	NUM 7:13
ਚੋਧਰੀ	1	1	1	0	JER 39:3
ਚੋਧਰੀਆਂ	1	1	1	0	JER 25:35
ਚੋਧਵੀਂ	2	2	2	0	LEV 23:5
ਚੋਪ	1	1	1	0	PRO 31:22
ਚੋਪੜਨ	1	1	1	0	NUM 7:88
ਚੋਪੜਿਆ	1	1	1	0	NUM 7:10
ਚੋਪੜੀ	2	2	2	1	LEV 7:12
ਚੋਪੜੀਆਂ	5	5	4	2	LEV 2:4
ਚੋਪੜੇ	4	4	3	4	EXO 29:2
ਚੋਬਾ	1	1	1	0	NUM 4:10
ਚੋਬਾਂ	39	39	5	37	EXO 25:13
ਚੋਭਿਆ	1	1	1	1	2CO 12:7
ਚੋਰ	31	31	19	31	EXO 22:2
ਚੋਰਸ	1	1	1	1	1KI 7:31
ਚੋਰਾਂ	2	2	2	3	ISA 1:23
ਚੋਰੀ	33	33	21	38	GEN 30:33
ਚੋਰੀਂ	1	1	1	0	GAL 2:4
ਚੋਰੀਆਂ	3	3	3	3	MAT 15:19
ਚੋਲਾ	8	8	3	7	GEN 37:3
ਚੋਲੀ	1	1	1	1	ISA 3:24
ਚੋਲੇ	3	3	2	3	GEN 3:21
ਚੋਵੀ	1	1	1	0	NEH 7:23
ਚੋਵੀਂ	3	3	2	2	EXO 29:7
ਚੋਵੇ	3	3	3	2	EXO 30:33
ਚੋਵੇਗੀ	1	1	1	2	JOL 3:18
ਚੋਹਲ	1	1	1	1	JER 15:17
ਚੋਹਾਂ	2	2	2	1	1KI 7:30
ਚੋਹੁਲ	2	2	1	0	AMO 6:0
ਚੋਹੁੰ	1	1	1	0	MAT 16:10
ਚੋਹੰਦਾ	1	1	1	0	AMO 9:5
ਚੋੜਾ	1	1	1	0	NEH 7:4
ਚੋੜੀ	2	2	1	0	NEH 3:8
ਚੋੱਗਾ	1	1	1	0	JOB 38:41
ਚੌਂਕ	21	21	11	29	GEN 19:2
ਚੌਂਕਾ	1	1	1	0	LAM 4:18
ਚੌਂਕਾਂ	8	8	4	10	PSA 144:14
ਚੌਂਕਿਆ	1	1	1	0	2SA 8:14
ਚੌਂਕੀ	34	34	14	42	EXO 30:18
ਚੌਂਕੀਆ	1	1	1	0	2SA 8:14
ਚੌਂਕੀਆਂ	5	5	5	10	1CH 18:13
ਚੌਂਕੜੀਆਂ	1	1	1	1	ISA 35:6
ਚੌਂਤੀ	1	1	1	2	JHN 19:39
ਚੌਂਤੀਆਂ	1	1	1	0	GEN 11:16
ਚੌਂਦਾ	1	1	1	1	1SA 14:26
ਚੌਂਹ	8	8	4	3	EXO 26:32
ਚੌਂਹਟ	1	1	1	0	NUM 26:43
ਚੌਂਹਾਂ	8	8	2	2	JOB 1:19
ਚੌਂਹੀ	1	1	1	0	DEU 22:12
ਚੌਂਹੁੰ	1	1	1	0	EZK 1:8
ਚੌਂੜੀ	1	1	1	0	EZK 42:10
ਚੌਕਸ	27	27	14	38	EXO 23:21
ਚੌਕਸੀ	10	10	6	14	PSA 39:1
ਚੌਕਾਂ	14	14	8	15	PRO 5:16
ਚੌਕਿਆਂ	1	1	1	0	MRK 11:15
ਚੌਕੀ	3	3	2	0	EXO 30:28
ਚੌਕੀਂ	1	1	1	0	LUK 5:27
ਚੌਕੀਆਂ	1	1	1	0	2SA 8:6
ਚੌਖਾ	1	1	1	0	DEU 15:8
ਚੌਗਣੀ	1	1	1	0	2SA 12:6
ਚੌਗੁਣਾ	1	1	1	0	LUK 19:8
ਚੌਣਾ	1	1	1	1	EXO 34:3
ਚੌਣਿਆਂ	4	4	3	4	EXO 9:3
ਚੌਣੇ	23	23	8	24	GEN 18:7
ਚੌਤਾਲੀ	1	1	1	0	1CH 5:18
ਚੌਤੀ	1	1	1	0	1CH 7:7
ਚੌਥਾ	22	22	6	22	GEN 1:19
ਚੌਥਾਈ	5	5	2	6	EXO 29:40
ਚੌਥੀ	14	14	8	18	GEN 2:14
ਚੌਥੇ	29	29	14	34	LEV 19:24
ਚੌਦਵਾਂ	3	3	2	1	1CH 24:13
ਚੌਦਵੀਂ	2	2	2	3	2CH 30:15
ਚੌਦਾ	1	1	1	0	2CH 1:14
ਚੌਦਾਂ	29	29	11	40	GEN 31:41
ਚੌਧ	1	1	1	0	1SA 21:7
ਚੌਧਰੀ	5	5	3	2	2CH 26:11
ਚੌਧਰੀਆਂ	1	1	1	1	JER 25:36
ਚੌਧਰੀਓ	1	1	1	0	JER 25:34
ਚੌਧਵੀਂ	12	12	6	13	EXO 12:6
ਚੌਧਵੇਂ	4	4	4	7	GEN 14:5
ਚੌਨੁਕਰੀਆਂ	1	1	1	0	1CH 22:2
ਚੌਪਟੇ	2	2	1	0	LEV 6:16
ਚੌਪਾਇਆਂ	1	1	1	1	ROM 1:23
ਚੌਪਾਏ	1	1	1	3	PSA 74:19
ਚੌਪਾਸੇ	1	1	1	0	GEN 3:24
ਚੌਫੇਰਿਓਂ	1	1	1	0	2CH 4:2
ਚੌਫੇਰੇ	2	2	2	0	1KI 6:5
ਚੌਬੀਵਾਂ	1	1	1	0	1CH 25:31
ਚੌਰਸ	9	9	4	9	EXO 27:1
ਚੌਰਾਹਿਆਂ	1	1	1	1	PRO 8:2
ਚੌਵੀ	2	2	2	32	NUM 7:88
ਚੌਵੀਮੇ	1	1	1	0	DAN 10:4
ਚੌਵੀਵਾਂ	1	1	1	0	1CH 24:18
ਚੌਹਟ	1	1	1	0	NUM 26:25
ਚੌਹਧਰੀਆਂ	1	1	1	0	1KI 9:23
ਚੌਹਾਂ	32	32	9	16	EXO 25:12
ਚੌਹੀਂ	5	5	2	3	JER 12:9
ਚੌਹੁੰ	7	7	2	0	MRK 2:3
ਚੌੜਾ	16	16	6	20	2CH 6:13
ਚੌੜਾਈ	11	11	6	76	GEN 6:15
ਚੌੜੀ	12	12	5	13	EXO 27:1
ਚੌੜੀਆਂ	2	2	2	2	ISA 33:21
ਚੌੜੇ	3	3	2	4	JOB 30:14
ਚੜ	12	12	6	1	DEU 9:23
ਚੜਤ	2	2	1	0	1CH 9:32
ਚੜਦਾ	2	2	2	0	PSA 103:12
ਚੜਦੀ	1	1	1	0	1CH 12:15
ਚੜਦੀਆਂ	1	1	1	0	ZEC 14:18
ਚੜਦੇ	12	12	5	8	DEU 3:27
ਚੜਨ	3	3	3	3	JOS 6:15
ਚੜਨਾ	1	1	1	0	PSA 19:6
ਚੜਾ	6	6	4	1	DEU 27:7
ਚੜਾਇਆ	6	6	5	9	LEV 9:15
ਚੜਾਇਓ	2	2	1	0	DEU 12:13
ਚੜਾਈ	9	9	7	14	1SA 13:9
ਚੜਾਈਂ	1	1	1	0	DEU 25:4
ਚੜਾਈਆਂ	6	6	4	0	DEU 32:17
ਚੜਾਉਂਣ	1	1	1	0	1SA 1:3
ਚੜਾਉਂਦਾ	2	2	2	0	PSA 50:23
ਚੜਾਉਂਦੇ	3	3	3	0	1CH 6:49
ਚੜਾਉਣ	8	8	6	11	1SA 1:21
ਚੜਾਉਣਗੇ	1	1	1	0	DEU 33:19
ਚੜਾਏ	2	2	2	2	1CH 15:26
ਚੜਾਓ	4	4	3	6	DEU 27:6
ਚੜਾਕੇ	1	1	1	0	JHN 6:21
ਚੜਾਵਾ	3	3	3	0	2KI 8:8
ਚੜਾਵਾਂਗਾ	3	3	1	0	PSA 27:6
ਚੜਾਵਿਆਂ	1	1	1	0	PSA 106:28
ਚੜਾਵੇ	4	4	4	6	2CH 17:5
ਚੜਾਵੋ	1	1	1	0	DEU 16:4
ਚੜਾਹੀਆਂ	1	1	1	0	1CH 29:6
ਚੜਿਆ	6	6	5	2	DEU 9:9
ਚੜਿਆਂ	1	1	1	0	1KI 20:20
ਚੜੀ	1	1	1	0	1CH 12:15
ਚੜੇ	3	3	2	2	DEU 5:5
ਚੜੇਗਾ	2	2	2	0	NUM 24:17
ਚੜ੍ਹ	198	198	28	170	GEN 24:61
ਚੜ੍ਹਉਣ	5	5	2	0	1SA 16:2
ਚੜ੍ਹਤ	7	7	6	2	LEV 22:18
ਚੜ੍ਹਦਾ	12	12	8	11	JOS 11:17
ਚੜ੍ਹਦਿਆਂ	2	2	2	3	1SA 9:11
ਚੜ੍ਹਦਿਓਂ	5	5	3	1	PSA 75:6
ਚੜ੍ਹਦੀ	20	20	8	11	GEN 25:6
ਚੜ੍ਹਦੀਆਂ	1	1	1	1	ISA 9:18
ਚੜ੍ਹਦੇ	54	54	20	31	GEN 2:14
ਚੜ੍ਹਨ	16	16	13	14	EXO 19:13
ਚੜ੍ਹਨਗੀਆਂ	1	1	1	1	ISA 65:17
ਚੜ੍ਹਨਗੇ	4	4	3	3	GEN 41:30
ਚੜ੍ਹਨਾ	2	2	2	3	DEU 1:41
ਚੜ੍ਹਵੇਂ	1	1	1	0	1SA 16:3
ਚੜ੍ਹਾ	67	67	24	70	GEN 22:2
ਚੜ੍ਹਾਂਗਾ	4	4	4	2	JDG 1:3
ਚੜ੍ਹਾਂਗੇ	3	3	3	3	1SA 14:10
ਚੜ੍ਹਾਂਵਿਆਂ	1	1	1	0	2CH 29:35
ਚੜ੍ਹਾਇਆ	76	76	22	82	GEN 22:13
ਚੜ੍ਹਾਇਓ	8	8	3	18	EXO 30:9
ਚੜ੍ਹਾਈ	112	112	25	112	GEN 31:54
ਚੜ੍ਹਾਈਂ	5	5	3	10	EXO 29:36
ਚੜ੍ਹਾਈਆਂ	29	29	14	38	GEN 8:20
ਚੜ੍ਹਾਈਏ	9	9	3	9	EXO 3:18
ਚੜ੍ਹਾਉਂਦਾ	24	24	15	25	GEN 26:10
ਚੜ੍ਹਾਉਂਦੀਆਂ	1	1	1	1	1KI 11:8
ਚੜ੍ਹਾਉਂਦੇ	39	39	16	43	LEV 7:25
ਚੜ੍ਹਾਉਣ	67	67	18	77	EXO 8:8
ਚੜ੍ਹਾਉਣਗੇ	7	7	4	9	NEH 4:2
ਚੜ੍ਹਾਉਣਾ	8	8	4	22	EXO 29:38
ਚੜ੍ਹਾਉਣੀ	14	14	4	3	LEV 6:20
ਚੜ੍ਹਾਉਣੀਆਂ	3	3	3	3	EXO 35:24
ਚੜ੍ਹਾਉਣੇ	4	4	1	0	LEV 22:22
ਚੜ੍ਹਾਏ	12	12	9	12	LEV 27:9
ਚੜ੍ਹਾਓ	39	39	10	35	GEN 32:24
ਚੜ੍ਹਾਓਗੇ	3	3	3	3	NUM 18:28
ਚੜ੍ਹਾਕੇ	1	1	1	0	LEV 16:1
ਚੜ੍ਹਾਗੇ	1	1	1	0	1SA 14:9
ਚੜ੍ਹਾਵਾ	57	57	7	56	EXO 25:2
ਚੜ੍ਹਾਵਾਂ	1	1	1	1	1SA 10:8
ਚੜ੍ਹਾਵਾਂਗਾ	8	8	8	10	JDG 11:31
ਚੜ੍ਹਾਵਾਂਗੇ	2	2	1	3	EXO 8:26
ਚੜ੍ਹਾਵਿਆਂ	2	2	2	4	LEV 2:13
ਚੜ੍ਹਾਵੀਂ	12	12	4	13	EXO 29:39
ਚੜ੍ਹਾਵੇ	85	85	17	107	EXO 22:20
ਚੜ੍ਹਾਵੇਂ	1	1	1	2	LEV 2:14
ਚੜ੍ਹਾਵੇਂਗਾ	3	3	1	3	EZK 46:13
ਚੜ੍ਹਾਵੇਗਾ	8	8	5	10	1KI 13:2
ਚੜ੍ਹਾਹੀ	1	1	1	0	1KI 20:22
ਚੜ੍ਹਿਆ	50	50	22	36	GEN 19:23
ਚੜ੍ਹਿਆਂ	10	10	4	9	EXO 14:17
ਚੜ੍ਹਿਓ	1	1	1	1	EXO 19:12
ਚੜ੍ਹੀ	7	7	3	7	JOS 15:6
ਚੜ੍ਹੀਏ	6	6	5	2	GEN 35:3
ਚੜ੍ਹੇ	42	42	19	29	EXO 14:9
ਚੜ੍ਹੇਗਾ	11	11	7	12	JDG 1:1
ਚੜ੍ਹੋ	7	7	7	6	EXO 20:26
ਚੰਗ	1	1	1	0	ROM 2:18
ਚੰਗਾ	364	364	48	456	GEN 1:4
ਚੰਗਿਆ	3	3	2	2	2KI 5:3
ਚੰਗਿਆਂ	8	8	6	6	GEN 41:24
ਚੰਗਿਆਈ	13	13	6	5	1CO 5:8
ਚੰਗਿਆਰੀ	1	1	1	0	JAS 3:5
ਚੰਗਿਆੜੇ	1	1	1	1	ISA 1:31
ਚੰਗੀ	172	172	42	194	GEN 11:3
ਚੰਗੀਆ	2	2	2	0	2SA 15:3
ਚੰਗੀਆਂ	51	51	21	36	GEN 34:18
ਚੰਗੇ	107	107	40	125	GEN 15:16
ਚੰਗੇਰੀਆਂ	3	3	3	2	ISA 22:7
ਚੰਚਲ	1	1	1	2	JAS 1:8
ਚੰਚਲਤਾਈ	1	1	1	0	2CO 1:17
ਚੰਦ	32	32	15	32	GEN 37:9
ਚੰਦਣ	1	1	1	0	2CH 2:8
ਚੰਦਨ	5	5	2	6	1KI 10:11
ਚੰਦਨਹਾਰ	1	1	1	1	ISA 3:18
ਚੰਦਰਮਾ	10	10	6	15	NUM 29:6
ਚੰਦਰਮਾਂ	4	4	1	2	PSA 72:5
ਚੰਦਾ	1	1	1	1	ROM 15:26
ਚੰਦੇ	1	1	1	1	LUK 21:1
ਚੰਨ	6	6	2	6	EZK 32:7
ਚੰਬੜ	1	1	1	1	2SA 23:10
ਚੰਬੜੇਗੀ	1	1	1	1	PSA 101:3
ਚੰਮ	57	57	9	3	EXO 29:14
ਚੰਮਾਂ	1	1	1	0	LEV 13:59
ਚੱਕ	2	2	2	1	EXO 4:25
ਚੱਕਰ	4	4	4	5	1KI 6:8
ਚੱਕਰਾਂ	1	1	1	0	EZK 1:18
ਚੱਕੀ	15	15	11	18	EXO 11:5
ਚੱਕੀਆਂ	3	3	3	1	NUM 11:8
ਚੱਖ	3	3	3	5	2SA 19:35
ਚੱਖਣਗੇ	3	3	3	3	MAT 16:28
ਚੱਖਦੇ	1	1	1	1	DAN 5:2
ਚੱਖਾ	1	1	1	0	2SA 3:35
ਚੱਖਾਂਗੇ	1	1	1	1	ACT 23:14
ਚੱਖਿਆ	5	5	2	5	1SA 14:24
ਚੱਖੀਂ	1	1	1	1	COL 2:21
ਚੱਖੇ	4	4	3	2	LEV 26:34
ਚੱਖੇਗਾ	2	2	2	0	LEV 26:43
ਚੱਖੋ	1	1	1	1	PSA 34:8
ਚੱਜ	1	1	1	0	ACT 22:3
ਚੱਟ	15	15	12	10	EXO 10:12
ਚੱਟਣਗੇ	4	4	4	3	1KI 21:19
ਚੱਟਦੇ	2	2	2	2	JOB 30:3
ਚੱਟਾਨ	4	4	3	99	JER 48:28
ਚੱਟਾਨਾਂ	2	2	1	11	JER 16:16
ਚੱਟਿਆ	2	2	1	2	1KI 21:19
ਚੱਟੀ	5	5	4	1	NUM 31:38
ਚੱਠ	12	12	6	2	NUM 7:10
ਚੱਦਰ	14	14	6	9	RUT 3:9
ਚੱਦਰਾਂ	1	1	1	1	ISA 3:22
ਚੱਪਾ	8	8	5	6	EXO 25:25
ਚੱਪੂ	1	1	1	1	EZK 27:6
ਚੱਪੂਆਂ	1	1	1	1	ISA 33:21
ਚੱਪੇ	2	2	2	1	JON 1:13
ਚੱਬ	1	1	1	1	JER 50:17
ਚੱਬਣ	1	1	1	0	MAT 12:1
ਚੱਬਦੇ	1	1	1	0	LUK 6:1
ਚੱਬੀਆਂ	1	1	1	1	REV 16:10
ਚੱਲ	59	59	26	81	GEN 17:1
ਚੱਲਣ	45	45	24	60	GEN 1:21
ਚੱਲਣਗੀਆਂ	1	1	1	1	JER 3:17
ਚੱਲਣਗੇ	8	8	6	10	ISA 35:9
ਚੱਲਣਹਾਰ	1	1	1	0	GEN 9:3
ਚੱਲਣਾ	7	7	5	23	EXO 18:20
ਚੱਲਣੇ	1	1	1	1	PSA 139:3
ਚੱਲਦਾ	81	81	25	86	GEN 13:5
ਚੱਲਦੀ	8	8	6	13	EXO 16:4
ਚੱਲਦੀਆਂ	5	5	5	4	PSA 89:14
ਚੱਲਦੇ	70	70	30	81	GEN 48:15
ਚੱਲਨਾ	2	2	2	0	LEV 18:3
ਚੱਲਾ	23	23	15	0	GEN 27:5
ਚੱਲਾਂ	3	3	2	4	2KI 6:19
ਚੱਲਾਂਗਾ	9	9	7	16	GEN 33:12
ਚੱਲਾਂਗੇ	6	6	5	6	NUM 21:22
ਚੱਲਿਆ	135	135	23	136	GEN 4:16
ਚੱਲਿਏ	1	1	1	0	SNG 7:11
ਚੱਲਿਓ	1	1	1	2	DEU 13:4
ਚੱਲਿਓਂ	1	1	1	0	JOS 3:3
ਚੱਲੀ	33	33	14	25	GEN 24:55
ਚੱਲੀਂ	1	1	1	1	JER 2:2
ਚੱਲੀਆਂ	4	4	4	2	1SA 9:11
ਚੱਲੀਏ	47	47	26	54	GEN 33:12
ਚੱਲੀਦਾ	1	1	1	0	ROM 13:13
ਚੱਲੇ	115	115	27	102	GEN 26:31
ਚੱਲੇਂ	4	4	3	5	JOS 1:8
ਚੱਲੇਂਗਾ	10	10	7	13	2SA 15:33
ਚੱਲੇਂਗੀ	1	1	1	1	JDG 4:8
ਚੱਲੇਗਾ	14	14	11	14	EXO 23:23
ਚੱਲੇਗੀ	5	5	3	8	ISA 33:21
ਚੱਲੋ	42	42	25	45	NUM 15:40
ਚੱਲੋਗੇ	3	3	2	3	DEU 8:2
ਚੱਵੀ	27	27	5	0	2SA 21:20
ਛਕਣ	8	8	2	0	EST 5:4
ਛਕਾਂਗਾ	1	1	1	0	REV 3:20
ਛਕਿਆ	1	1	1	0	JOB 42:11
ਛਕੇਗਾ	1	1	1	0	REV 3:20
ਛਕੋ	3	3	2	0	ACT 27:33
ਛਕੜਿਆਂ	1	1	1	1	EZK 23:24
ਛਛੂਦਰ	1	1	1	0	LEV 11:29
ਛਟ	1	1	1	0	JAS 4:14
ਛਟਾਂਕ	26	26	1	26	NUM 7:13
ਛਡਾਉਣ	1	1	1	0	2SA 8:3
ਛਡਾਵੇਗਾ	1	1	1	0	DAN 3:17
ਛਡਿਆ	3	3	2	0	JHN 8:29
ਛਣ	1	1	1	2	1CO 15:52
ਛਣਕਣ	1	1	1	1	PSA 150:5
ਛਣਕਾਉਂਦੀਆਂ	1	1	1	1	ISA 3:16
ਛਣਕੰਗਣ	1	1	1	1	ISA 3:19
ਛਤਰੀ	1	1	1	0	EZK 17:6
ਛਤਾਲੀ	2	2	1	0	NUM 1:21
ਛਤ੍ਰ	2	2	2	1	1CH 29:27
ਛਤ੍ਰਾ	1	1	1	0	EXO 29:15
ਛਤ੍ਰਿਆਂ	1	1	1	0	2CH 29:22
ਛਤ੍ਰੇ	4	4	4	0	GEN 22:13
ਛਨਾਲਾ	1	1	1	0	NUM 15:39
ਛਨਾਲੇ	1	1	1	0	NUM 14:33
ਛਮ	2	2	2	0	JER 9:18
ਛਮਾ	2	2	2	0	JER 9:18
ਛਲ	54	54	23	44	EXO 21:8
ਛਲਕਣਗੇ	1	1	1	1	PRO 3:10
ਛਲਕਦੇ	1	1	1	2	PSA 73:7
ਛਲਕਾਵੇਗਾ	1	1	1	0	1TH 3:12
ਛਲਣ	1	1	1	1	PSA 24:4
ਛਲਦਾ	1	1	1	1	ISA 21:2
ਛਲਦੇ	1	1	1	0	JOB 6:15
ਛਲਾਂ	1	1	1	1	NUM 25:18
ਛਲਿਆ	1	1	1	0	NUM 25:18
ਛਲੀਂ	1	1	1	0	2KI 4:28
ਛਲੀਆ	4	4	4	2	PSA 101:7
ਛਲੀਆਂ	6	6	5	2	JOB 15:5
ਛਲੀਏ	12	12	8	8	PSA 52:2
ਛਲੇਡਾ	1	1	1	1	2JN 1:7
ਛਲੇਡੀ	1	1	1	1	PSA 120:2
ਛਲੇਡੀਏ	1	1	1	1	PSA 120:3
ਛਹਿ	28	28	8	4	JDG 9:25
ਛਾ	14	14	9	21	GEN 15:12
ਛਾਂ	11	11	8	21	JOB 7:2
ਛਾਂਉਂ	2	2	2	0	EZK 31:17
ਛਾਂਗ	2	2	2	2	JER 5:10
ਛਾਂਗਣ	1	1	1	0	AMO 7:14
ਛਾਂਗਦਾ	1	1	1	1	JHN 15:2
ਛਾਂਗਿਆ	1	1	1	1	ISA 5:6
ਛਾਂਗੇਗਾ	1	1	1	1	ISA 10:33
ਛਾਂਟੇ	1	1	1	1	LEV 27:33
ਛਾਂਦਾ	4	4	3	0	NEH 8:10
ਛਾਂਦੇ	1	1	1	0	NEH 8:12
ਛਾਂਭ	3	3	3	0	MAT 3:5
ਛਾਂਭੇ	1	1	1	1	PSA 77:17
ਛਾਇਆ	13	13	7	12	EXO 24:16
ਛਾਉਂ	3	3	3	0	1CH 29:15
ਛਾਉਣੀ	2	2	2	40	1CH 11:15
ਛਾਉਣੀਆਂ	2	2	2	5	NUM 31:10
ਛਾਏ	1	1	1	0	GEN 19:8
ਛਾਣ	1	1	1	1	AMO 9:9
ਛਾਣੀਆਂ	1	1	1	1	ISA 25:6
ਛਾਣੀਦਾ	1	1	1	1	AMO 9:9
ਛਾਤੀ	20	20	12	28	LEV 7:30
ਛਾਤੀਆਂ	20	20	9	21	GEN 49:25
ਛਾਨਣੀ	1	1	1	1	AMO 9:9
ਛਾਨਬੀਨ	1	1	1	0	PSA 139:3
ਛਾਪ	7	7	3	6	EXO 28:11
ਛਾਪਾਂ	2	2	2	2	EXO 35:22
ਛਾਪਿਆਂ	1	1	1	1	PSA 58:9
ਛਾਬਾ	1	1	1	0	NUM 6:15
ਛਾਬਿਆਂ	2	2	1	0	ISA 40:12
ਛਾਬੇ	6	6	2	5	EXO 29:3
ਛਾਲ	2	2	2	2	JHN 21:7
ਛਾਲਾਂ	2	2	2	2	SNG 2:8
ਛਾਲੇ	2	2	1	2	EXO 9:9
ਛਾਵੇਂ	1	1	1	0	JON 4:5
ਛਾੜ	6	6	2	0	DEU 2:9
ਛਿਆਂ	3	3	3	0	JDG 12:7
ਛਿਆਨਵੇਂ	2	2	2	2	EZR 8:35
ਛਿਆਸੀ	1	1	1	2	NUM 2:9
ਛਿਆਸੀਆਂ	1	1	1	0	GEN 16:16
ਛਿਆਹਟ	1	1	1	0	EZR 2:13
ਛਿਆਹਠ	2	2	2	4	GEN 46:26
ਛਿਆਹਠਵੇਂ	1	1	1	1	LEV 12:5
ਛਿਟੀ	7	7	3	0	JDG 6:21
ਛਿਟੀਆਂ	5	5	1	6	GEN 30:37
ਛਿਣਕਿਆ	6	6	1	0	LEV 8:11
ਛਿਣਕੇ	15	15	1	0	LEV 4:6
ਛਿਤਾੜ	1	1	1	0	DAN 8:7
ਛਿਤਾੜਿਆ	1	1	1	0	DAN 8:10
ਛਿਤਾੜੇ	1	1	1	0	DAN 8:13
ਛਿਦ	1	1	1	0	ACT 2:37
ਛਿਦ੍ਰਾਂ	1	1	1	0	EPH 6:11
ਛਿਨ	1	1	1	0	PRO 12:19
ਛਿਨੰ	1	1	1	0	2SA 22:15
ਛਿਪਾ	3	3	3	1	1SA 19:2
ਛਿਪਾਇਆ	7	7	2	4	JOB 3:10
ਛਿਪਾਈ	4	4	3	3	JOB 31:33
ਛਿਪਾਏ	1	1	1	0	JOB 3:16
ਛਿਪਾਵੇਂਗਾ	1	1	1	1	PSA 31:20
ਛਿਪਾਵੇਗਾ	2	2	1	2	PSA 27:5
ਛਿਪਿਆ	1	1	1	1	PSA 38:9
ਛਿਪੀ	4	4	2	2	JOB 28:11
ਛਿਪੀਆਂ	2	2	2	2	PRO 11:13
ਛਿਲਕੇ	5	5	3	3	LEV 11:9
ਛਿਲਵਾ	1	1	1	1	LEV 14:41
ਛਿਵੰਜਾ	3	3	2	0	1CH 9:9
ਛਿਹੱਤਰ	2	2	2	2	NUM 26:22
ਛਿੜ	1	1	1	1	1SA 14:15
ਛਿੜਕ	4	4	3	4	EXO 29:16
ਛਿੜਕਣ	9	9	4	10	LEV 1:5
ਛਿੜਕਾਂਗਾ	1	1	1	1	EZK 36:25
ਛਿੜਕਾਉ	1	1	1	0	HEB 10:22
ਛਿੜਕਿਆ	17	17	9	23	EXO 24:6
ਛਿੜਕੀ	1	1	1	2	PRO 7:17
ਛਿੜਕੀਂ	2	2	2	2	EXO 29:21
ਛਿੜਕੇ	5	5	3	18	NUM 19:4
ਛਿੜਦਾ	1	1	1	0	ISA 33:15
ਛਿੜਨ	1	1	1	1	PRO 17:14
ਛਿੜੀ	1	1	1	1	DAN 10:7
ਛਿੰਨ	8	8	4	3	PSA 18:14
ਛਿੰਵਜਾ	1	1	1	0	EZR 2:14
ਛਿੱਕਲੀ	1	1	1	3	1TI 5:18
ਛਿੱਕਾਂ	1	1	1	1	JOB 41:18
ਛਿੱਕਿਆ	1	1	1	1	2KI 4:35
ਛਿੱਕੁਲੀ	1	1	1	0	DEU 25:4
ਛਿੱਟ	2	2	1	0	LEV 6:27
ਛਿੱਟੇ	1	1	1	2	2KI 9:33
ਛਿੱਤ੍ਰ	2	2	1	0	JOS 9:5
ਛਿੱਥਾ	1	1	1	0	DAN 6:14
ਛਿੱਦ੍ਰ	1	1	1	1	EPH 4:14
ਛਿੱਪ	3	3	2	0	EZK 24:7
ਛਿੱਬੀਆਂ	1	1	1	0	JOB 16:10
ਛਿੱਲ	2	2	2	1	NUM 6:4
ਛਿੱਲਣ	1	1	1	1	LEV 14:43
ਛਿੱਲਾਂਗਾ	1	1	1	1	JDG 8:7
ਛਿੱਲਿਆ	1	1	1	1	EZK 29:18
ਛਿੱਲੀ	1	1	1	1	LEV 14:41
ਛਿੱਲੜਾਂ	1	1	1	0	LUK 15:16
ਛੀ	3	3	2	0	LEV 24:6
ਛੀਂਬਾ	1	1	1	0	MRK 9:3
ਛੀਆਂ	1	1	1	0	PRO 6:16
ਛੀਵਾਂ	1	1	1	0	2SA 3:5
ਛੀਹ	1	1	1	0	HOS 6:9
ਛੁਆ	1	1	1	1	ACT 19:12
ਛੁਛਕਾਰੇਗੀ	1	1	1	0	JOB 27:23
ਛੁਟ	2	2	1	0	NEH 2:12
ਛੁਟਕਾਰਾ	67	67	25	126	EXO 5:23
ਛੁਟਕਾਰੇ	10	10	6	37	GEN 49:18
ਛੁਟਿਆਈ	1	1	1	0	GEN 43:33
ਛੁਟੀ	1	1	1	0	NEH 13:6
ਛੁਟੇਂਗਾ	1	1	1	1	PRO 6:3
ਛੁਟੇਗਾ	1	1	1	0	PRO 19:5
ਛੁਟੇਰੇ	1	1	1	0	JOB 30:1
ਛੁਟੇਲ	1	1	1	0	GEN 49:21
ਛੁਡਵਾਂਗਾ	2	2	2	0	JER 15:21
ਛੁਡਾ	95	95	22	96	GEN 32:11
ਛੁਡਾਇਆ	70	70	22	78	GEN 21:8
ਛੁਡਾਇਆਂ	1	1	1	1	ISA 63:4
ਛੁਡਾਈ	7	7	6	7	1SA 30:22
ਛੁਡਾਉ	1	1	1	0	DAN 6:16
ਛੁਡਾਉਂਦਾ	11	11	5	14	JDG 2:18
ਛੁਡਾਉਂਦੀ	1	1	1	2	HEB 9:15
ਛੁਡਾਉਂਦੇ	1	1	1	1	EXO 5:4
ਛੁਡਾਉਣ	56	56	17	73	GEN 21:8
ਛੁਡਾਉਣਗੇ	2	2	2	1	EZK 14:14
ਛੁਡਾਉਣਾ	5	5	4	11	EXO 13:13
ਛੁਡਾਏ	16	16	6	20	NUM 3:49
ਛੁਡਾਓ	5	5	4	5	JOB 6:23
ਛੁਡਾਓਗੇ	1	1	1	0	JOS 2:13
ਛੁਡਾਵਾਂ	3	3	3	4	EXO 3:8
ਛੁਡਾਵਾਂਗਾ	14	14	8	15	EXO 6:6
ਛੁਡਾਵੀਂ	1	1	1	1	EXO 34:20
ਛੁਡਾਵੇ	16	16	10	15	DEU 23:14
ਛੁਡਾਵੇਂ	4	4	3	4	EXO 34:20
ਛੁਡਾਵੇਂਗਾ	1	1	1	1	EZK 33:12
ਛੁਡਾਵੇਗਾ	17	17	10	21	1SA 17:37
ਛੁਡਾਵੇਗੀ	2	2	2	2	ECC 8:8
ਛੁਪਾਉਂਦਾ	1	1	1	0	JAS 3:14
ਛੁਪਾਉਣ	1	1	1	0	1TH 2:5
ਛੁਪਾਉਣਾ	1	1	1	0	JHN 7:4
ਛੁਰੀ	4	4	3	4	GEN 22:6
ਛੁਰੀਆਂ	5	5	4	5	JOS 5:2
ਛੁਹਿਆ	4	4	2	0	JER 1:9
ਛੁੜਾਉਣ	4	4	3	0	JOB 5:4
ਛੁੜਾਏ	1	1	1	0	ISA 62:12
ਛੁੱਟ	58	58	21	49	GEN 24:8
ਛੁੱਟਕਾਰਾ	2	2	2	0	JER 50:34
ਛੁੱਟਣ	3	3	2	3	ISA 61:1
ਛੁੱਟਿਆ	1	1	1	2	2KI 17:18
ਛੁੱਟੀ	6	6	3	7	1SA 20:6
ਛੁੱਟੇਂਗਾ	3	3	3	3	GEN 24:41
ਛੁੱਟੇਗਾ	10	10	4	4	PRO 6:29
ਛੁੱਟੋਗੇ	2	2	1	2	JER 25:29
ਛੁੱਟੜ	5	5	4	1	NUM 30:9
ਛੁੱਟੜਾਂ	1	1	1	0	ISA 11:12
ਛੁੱਡਾ	1	1	1	0	JDG 2:16
ਛੁੱਪੀ	1	1	1	2	JER 16:17
ਛੂਓ	1	1	1	0	1CH 16:22
ਛੂਛਕ	2	2	1	0	PRO 10:13
ਛੂਟਕਰਾ	1	1	1	0	EZR 9:14
ਛੂਡਾਏ	1	1	1	0	EZR 9:15
ਛੂਹ	2	2	2	17	LAM 4:14
ਛੂਹਿਓ	1	1	1	1	EXO 19:12
ਛੂਹੇ	4	4	2	37	EXO 19:12
ਛੂਹੋ	3	3	3	4	PSA 105:15
ਛੇ	149	149	25	154	GEN 7:6
ਛੇਂਵੇ	1	1	1	0	EZR 6:15
ਛੇਆਂ	11	11	7	10	EXO 20:11
ਛੇਓ	1	1	1	0	ACT 11:12
ਛੇਕ	19	19	13	13	EXO 28:32
ਛੇਕਾਂ	3	3	3	3	ISA 2:21
ਛੇਕਿਆ	27	27	10	23	GEN 17:14
ਛੇਕੀ	3	3	2	2	PSA 37:28
ਛੇਕੁ	4	4	2	0	EXO 12:37
ਛੇਕੇ	4	4	2	2	LEV 18:29
ਛੇਕੜ	12	12	7	4	EXO 23:16
ਛੇਕੜਲਾ	1	1	1	0	2SA 23:1
ਛੇਕੜਲੀ	1	1	1	0	HOS 6:3
ਛੇਕੜਲੀਆਂ	2	2	1	0	REV 15:1
ਛੇਕੜਲੇ	3	3	3	0	EZR 8:13
ਛੇਕੜੇ	1	1	1	0	JOS 10:26
ਛੇਜ	2	2	2	0	GEN 49:4
ਛੇਤੀ	165	165	43	175	GEN 18:6
ਛੇਦ	1	1	1	1	JHN 20:25
ਛੇਦਿਆ	1	1	1	1	PSA 73:21
ਛੇਲਾ	3	3	1	0	GEN 38:17
ਛੇਵਾਂ	17	17	7	16	GEN 1:31
ਛੇਵੀਂ	2	2	1	6	REV 6:12
ਛੇਵੇਂ	16	16	9	17	EXO 16:5
ਛੇਹ	1	1	1	0	2SA 14:10
ਛੇੜ	11	11	5	2	NUM 21:1
ਛੇੜਣ	1	1	1	0	JDG 16:19
ਛੇੜਦਾ	7	7	3	7	2KI 3:15
ਛੇੜਦੀ	2	2	1	1	1SA 1:6
ਛੇੜਦੇ	3	3	3	3	JDG 19:25
ਛੇੜਨ	5	5	4	6	RUT 2:9
ਛੇੜਿਆ	1	1	1	1	PSA 78:58
ਛੇੜਿਓ	1	1	1	1	DEU 2:5
ਛੇੜੀਏ	1	1	1	0	ISA 7:6
ਛੇੜੇ	1	1	1	1	2KI 23:18
ਛੇੜੇਂ	2	2	2	2	2KI 14:10
ਛੇੜੇਗਾ	3	3	3	2	GEN 49:9
ਛੇੜੋ	4	4	3	4	EXO 23:21
ਛੈਣਾ	1	1	1	1	1CO 13:1
ਛੈਣਿਆਂ	6	6	3	5	1CH 15:19
ਛੈਣੇ	4	4	3	5	2SA 6:5
ਛੈਹ	5	5	3	1	GEN 4:7
ਛੋਕਰਾ	4	4	3	0	JDG 8:20
ਛੋਕਰਿਆਂ	4	4	3	0	RUT 2:22
ਛੋਕਰੀ	37	37	6	0	GEN 24:14
ਛੋਕਰੀਆਂ	7	7	5	0	GEN 24:61
ਛੋਕਰੇ	1	1	1	0	1KI 12:10
ਛੋਟ	5	5	2	1	LEV 16:10
ਛੋਟਾ	48	48	23	70	GEN 19:11
ਛੋਟਿਆਂ	14	14	6	14	SNG 2:15
ਛੋਟੀ	23	23	11	43	GEN 19:31
ਛੋਟੀਆਂ	6	6	6	8	EXO 18:22
ਛੋਟੇ	50	50	21	70	GEN 9:24
ਛੋਟੋ	1	1	1	0	JER 42:8
ਛੋਲੇ	1	1	1	1	2SA 17:28
ਛੋਹ	9	9	6	0	JOB 1:11
ਛੋਹਣ	6	6	6	1	GEN 20:6
ਛੋਹਣਾ	4	4	4	0	LEV 11:8
ਛੋਹਨ	1	1	1	0	NUM 19:21
ਛੋਹਲਾ	2	2	2	1	JER 46:6
ਛੋਹਲਾਪਣ	1	1	1	0	JOB 20:2
ਛੋਹਵੀਂ	1	1	1	1	COL 2:21
ਛੋਹਾਂ	1	1	1	0	MRK 5:28
ਛੋਹਿਆ	28	28	11	0	NUM 19:18
ਛੋਹੀ	1	1	1	0	MRK 7:33
ਛੋਹੇ	34	34	4	0	LEV 5:2
ਛੋਹੇਗੀ	1	1	1	0	JOB 5:19
ਛੋਹੰਦਾਂ	2	2	1	0	ZEC 2:8
ਛੋਹੰਦੀ	1	1	1	0	LUK 7:39
ਛੋਹੰਦੇ	2	2	2	0	JER 12:14
ਛੌਣੀ	12	12	4	0	DEU 23:9
ਛੌਣੀਆਂ	2	2	2	0	EZK 25:4
ਛੜ	3	3	2	0	1CH 20:5
ਛੰਡ	1	1	1	1	EXO 14:27
ਛੰਨ	1	1	1	1	PSA 73:10
ਛੰਨਿਆਂ	2	2	1	2	1CH 28:17
ਛੰਨੇ	2	2	1	2	1CH 28:17
ਛੰਭ	3	3	2	1	GEN 41:2
ਛੰਮਕਾਂ	3	3	1	3	JDG 16:7
ਛੱਕ	1	1	1	0	ACT 9:18
ਛੱਕਦੇ	1	1	1	0	ACT 2:46
ਛੱਜ	2	2	1	2	ISA 30:24
ਛੱਜਾਂ	1	1	1	1	JER 15:7
ਛੱਜੇ	1	1	1	1	1KI 7:9
ਛੱਟ	1	1	1	1	JDG 6:11
ਛੱਟਾ	1	1	1	1	ISA 28:25
ਛੱਟਿਆ	1	1	1	1	JER 15:7
ਛੱਟੇ	1	1	1	2	ISA 30:28
ਛੱਟੇਂਗਾ	1	1	1	2	ISA 41:16
ਛੱਟੇਗਾ	1	1	1	0	RUT 3:2
ਛੱਡ	298	298	48	327	GEN 6:17
ਛੱਡਕੇ	12	12	4	0	GEN 2:24
ਛੱਡਣ	12	12	11	16	EXO 18:2
ਛੱਡਣਗੇ	5	5	5	6	2KI 4:43
ਛੱਡਣਾ	6	6	6	5	EXO 12:6
ਛੱਡਣੀ	1	1	1	0	1CO 5:10
ਛੱਡਦਾ	21	21	12	17	EXO 34:7
ਛੱਡਦਿਆਂ	1	1	1	0	JHN 11:31
ਛੱਡਦੀ	3	3	2	3	PSA 75:8
ਛੱਡਦੇ	8	8	7	10	JDG 8:19
ਛੱਡਾ	1	1	1	0	RUT 1:16
ਛੱਡਾਂ	4	4	4	3	GEN 33:15
ਛੱਡਾਂਗਾ	19	19	11	19	GEN 49:7
ਛੱਡਾਂਗੀ	1	1	1	1	2KI 4:30
ਛੱਡਾਗਾ	1	1	1	0	JOS 1:5
ਛੱਡਿਆ	169	169	40	147	GEN 8:7
ਛੱਡੀ	28	28	19	20	GEN 8:8
ਛੱਡੀਂ	8	8	6	5	GEN 42:37
ਛੱਡੀਆ	1	1	1	0	EZR 9:11
ਛੱਡੀਆਂ	8	8	6	9	JOS 23:4
ਛੱਡੀਏ	4	4	4	2	JDG 13:15
ਛੱਡੇ	30	30	15	21	GEN 44:22
ਛੱਡੇਂ	5	5	5	4	EXO 9:2
ਛੱਡੇਂਗਾ	7	7	5	7	JOB 7:19
ਛੱਡੇਂਗਾਂ	1	1	1	0	PSA 16:10
ਛੱਡੇਗਾ	19	19	12	13	GEN 40:19
ਛੱਡੇਗੀ	1	1	1	1	DEU 28:51
ਛੱਡੋ	20	20	13	9	GEN 42:33
ਛੱਡੋਂਗੇ	1	1	1	0	JAS 5:9
ਛੱਡੋਗੇ	5	5	3	4	2KI 3:19
ਛੱਤ	28	28	17	34	GEN 8:13
ਛੱਤਣ	1	1	1	1	1KI 6:31
ਛੱਤਰਾ	4	4	2	6	LEV 5:15
ਛੱਤਰਿਆਂ	7	7	4	0	1SA 15:22
ਛੱਤਰੇ	2	2	2	22	LEV 5:16
ਛੱਤਾਂ	6	6	4	6	PSA 129:6
ਛੱਤਿਆ	2	2	2	2	2KI 16:18
ਛੱਤੀ	4	4	4	6	NUM 31:44
ਛੱਤੀਆਂ	1	1	1	0	EZK 41:6
ਛੱਤੀਕੁ	1	1	1	0	JOS 7:5
ਛੱਤੀਵੇਂ	1	1	1	1	2CH 16:1
ਛੱਤੇ	5	5	5	3	NUM 7:3
ਛੱਤ੍ਰਾ	22	22	5	0	GEN 15:9
ਛੱਤ੍ਰਾਂ	12	12	1	0	NUM 7:21
ਛੱਤ੍ਰਿਆਂ	17	17	4	10	EXO 25:5
ਛੱਤ੍ਰੇ	62	62	6	0	EXO 29:15
ਛੱਨੇ	1	1	1	0	LUK 11:39
ਛੱਪਰ	3	3	2	4	GEN 33:17
ਛੱਪਰੀਆਂ	3	3	1	0	LEV 23:42
ਛੱਪੀ	1	1	1	0	JOB 4:12
ਛੱਪੇ	1	1	1	0	2SA 19:3
ਛੱਬੀ	2	2	2	2	JDG 20:15
ਛੱਬੀਵੇਂ	1	1	1	1	1KI 16:8
ਛੱਲ	3	3	2	3	LEV 19:13
ਛੱਲਿਆਂ	1	1	1	1	EST 1:6
ਛੱਲੀ	1	1	1	0	PRO 16:24
ਛੱਲੀਏ	2	2	1	0	PSA 5:6
ਛੱੜਿਆ	1	1	1	0	ACT 2:31
ਜਇਆ	1	1	1	0	PSA 8:4
ਜਕਰਯਾਹ	6	6	3	0	1CH 15:18
ਜਕੜ	5	5	5	6	2KI 25:7
ਜਕੜਦੀ	1	1	1	1	JOB 30:18
ਜਕੜਿਆ	8	8	6	5	PSA 105:18
ਜਕੜੇ	3	3	3	13	PSA 107:10
ਜਖਮ	1	1	1	0	ZEC 13:6
ਜਖਮੀ	2	2	2	0	DEU 32:39
ਜਗ	3	3	3	1	PSA 118:27
ਜਗਤ	83	83	22	57	2SA 7:9
ਜਗਦਾ	1	1	1	3	EXO 27:20
ਜਗਦਿਆਂ	1	1	1	1	DAN 10:6
ਜਗਦੀਆਂ	1	1	1	1	ISA 50:11
ਜਗਦੇਵੀ	2	2	2	0	2SA 24:25
ਜਗਵੇਦੀ	372	372	29	376	GEN 8:20
ਜਗਵੇਦੀਆਂ	54	54	14	54	EXO 34:13
ਜਗਹ	1	1	1	0	GEN 29:3
ਜਗ਼੍ਹਾ	10	10	4	0	JHN 12:36
ਜਗਾ	4	4	2	6	PSA 57:8
ਜਗਾਇਆ	6	6	6	6	LEV 10:6
ਜਗਾਈ	1	1	1	1	ISA 50:11
ਜਗਾਉਂਦਾ	3	3	1	2	ISA 14:9
ਜਗਾਉਣ	1	1	1	2	LEV 24:2
ਜਗਾਉਣਾ	1	1	1	1	1KI 18:27
ਜਗਾਏ	2	2	2	2	EXO 40:25
ਜਗਾਓ	3	3	1	3	SNG 2:7
ਜਗਾਵੀਂ	1	1	1	1	EXO 40:4
ਜਗਾਵੇ	1	1	1	2	EXO 30:8
ਜਗੀਰ	2	2	1	2	JOS 21:12
ਜਗ੍ਹਾ	11	11	4	30	ISA 49:20
ਜਗ੍ਹਾਂ	1	1	1	1	EZK 47:11
ਜਚ	1	1	1	0	JDG 14:7
ਜਚਦਾ	2	2	1	0	PSA 7:9
ਜਚਦੀ	1	1	1	0	JDG 14:3
ਜਜ਼ੀਯਾ	3	3	3	0	MAT 22:17
ਜਜ਼ੀਯੇ	1	1	1	0	MAT 22:19
ਜਜਾਂ	1	1	1	0	1CO 6:1
ਜਟਾ	1	1	1	0	SNG 1:12
ਜਟਾਂ	2	2	1	0	SNG 4:13
ਜਟਾਮਾਸੀ	1	1	1	0	MRK 14:3
ਜਣ	5	5	5	1	EXO 1:19
ਜਣਦੀ	7	7	6	5	GEN 30:1
ਜਣਦੀਆਂ	1	1	1	1	JOB 39:3
ਜਣਦੇ	2	2	2	0	ISA 59:4
ਜਣਨ	40	40	14	34	GEN 16:2
ਜਣਨੀ	4	4	2	2	SNG 3:4
ਜਣਨੇ	1	1	1	0	LUK 2:6
ਜਣਾ	36	36	18	22	EXO 1:1
ਜਣਾਂਗੀ	1	1	1	0	GEN 18:13
ਜਣਾਇਆ	2	2	2	0	1SA 24:18
ਜਣਾਉਣ	2	2	2	1	EXO 1:16
ਜਣਿਆ	31	31	9	14	GEN 21:3
ਜਣਿਆਂ	6	6	6	7	1SA 22:18
ਜਣੀ	86	86	17	16	GEN 4:1
ਜਣੀਆਂ	1	1	1	0	NUM 31:35
ਜਣੁਗੀ	1	1	1	0	GEN 30:3
ਜਣੇ	80	80	21	34	GEN 6:4
ਜਣੇਂਗੀ	3	3	2	3	GEN 3:16
ਜਣੇਗੀ	15	15	8	8	GEN 17:17
ਜਣੋਗੇ	2	2	2	1	DEU 28:41
ਜਤਨ	51	51	23	34	EXO 2:15
ਜਤਾ	4	4	3	1	EXO 18:16
ਜਤਾਉਂਦਾ	1	1	1	0	2CO 10:18
ਜਤਾਉਂਦੇ	1	1	1	0	2CO 10:12
ਜਤਾਉਲਾ	1	1	1	0	GEN 27:11
ਜਤਾਉਲੇ	1	1	1	1	GEN 27:23
ਜਤਾਵਾਂ	1	1	1	1	JER 6:10
ਜਤਾਵਾਂਗਾ	1	1	1	1	JER 16:21
ਜਤੇ	1	1	1	0	1CH 9:39
ਜਥਾ	1	1	1	0	JHN 18:3
ਜਥਾਰਥ	9	9	5	1	ROM 2:2
ਜਥਿਆਂ	3	3	2	0	JDG 5:15
ਜਥੇ	4	4	4	0	2SA 22:30
ਜਥੇਬੰਦ	1	1	1	0	2CH 26:11
ਜਦ	1728	1728	55	2105	GEN 2:4
ਜਦਕਿ	2	2	1	0	1CO 7:4
ਜਦੋ	6	6	5	0	NUM 33:4
ਜਦੋਂ	505	505	39	943	GEN 14:17
ਜਨ	59	59	15	58	GEN 17:17
ਜਨਣ	1	1	1	0	1SA 4:19
ਜਨਤਾ	1	1	1	0	GEN 13:7
ਜਨਮ	48	48	18	221	GEN 11:11
ਜਨਮਦਾ	3	3	1	0	JHN 3:3
ਜਨਮਿਆ	2	2	2	0	JHN 16:21
ਜਨਮਿਆਂ	3	3	1	0	JHN 3:5
ਜਨਮੀ	1	1	1	0	NUM 26:59
ਜਨਮੇ	7	7	3	5	JHN 1:13
ਜਨਾਂ	3	3	3	3	DEU 33:2
ਜਨਾਉਰ	5	5	2	0	DAN 2:38
ਜਨਾਉਰਾਂ	1	1	1	0	MRK 1:13
ਜਨਾਜ਼ੇ	1	1	1	0	JHN 12:7
ਜਨਾਨ	5	5	1	0	EST 2:3
ਜਨਾਨਕਾਰੀਆਂ	1	1	1	0	MAT 15:19
ਜਨਾਨੀ	12	12	7	0	DEU 22:5
ਜਨਾਨੀਆਂ	10	10	3	0	EZR 10:2
ਜਨਾਬ	2	2	1	0	JHN 12:21
ਜਨਾਹ	3	3	2	0	LEV 17:7
ਜਨਾਹਕਾਰਾਂ	1	1	1	1	JER 23:10
ਜਨੇਤੀਆਂ	3	3	3	0	MAT 9:15
ਜਨੌਰ	2	2	2	0	2KI 14:9
ਜਬਤ	1	1	1	0	DEU 22:9
ਜਬਦਯਾਹ	2	2	1	0	1CH 8:15
ਜਬਰ	5	5	2	1	EXO 14:8
ਜਬਰਜਦ	1	1	1	0	EXO 39:10
ਜਬਰਦਸਤਾਂ	1	1	1	0	PRO 18:18
ਜਬਰਨ	1	1	1	2	JER 34:11
ਜਬਰਾਈਲ	1	1	1	0	DAN 9:21
ਜਬਰਾਏਲ	1	1	1	0	DAN 8:16
ਜਬਰੀ	3	3	1	0	HEB 11:25
ਜਬਾਨੀ	6	6	4	0	DEU 17:6
ਜਬਾਨੋ	1	1	1	0	PRO 16:1
ਜਬਾੜਿਆਂ	5	5	4	6	JOB 41:13
ਜਬਾੜੇ	5	5	2	6	JDG 15:15
ਜਬੁਲੂਨ	5	5	2	0	GEN 30:20
ਜਬੂਲਨ	1	1	1	0	PSA 68:27
ਜਬੂਲੁਨ	2	2	2	0	DEU 33:18
ਜਬੂਲੁਨੀਆਂ	1	1	1	0	JOS 19:10
ਜਮਨ	1	1	1	0	JER 22:10
ਜਮਾ	21	21	12	0	GEN 41:49
ਜਮਾਂਦਰੂ	4	4	2	4	NUM 12:12
ਜਮਾਇਆ	1	1	1	1	JOB 10:10
ਜਮਾਈਆਂ	1	1	1	1	JOB 15:27
ਜਮਾਉਂਦਾ	1	1	1	0	ISA 66:9
ਜਮਾਉਂਦੀ	1	1	1	1	ISA 55:10
ਜਮਾਉਂਦੇ	1	1	1	1	MAT 20:25
ਜਮਾਉਣ	1	1	1	0	PRO 17:21
ਜਮਾਉਣਗੇ	1	1	1	0	ISA 65:23
ਜਮਾਓ	1	1	1	1	JOB 38:30
ਜਮਾਤ	3	3	2	0	LUK 13:14
ਜਮਾਵਾਂ	1	1	1	0	ISA 66:9
ਜਮੀਨ	28	28	8	0	DEU 21:1
ਜਮੀਨਾਂ	3	3	2	0	MRK 10:29
ਜਮ੍ਹਾਂ	1	1	1	1	2PE 2:17
ਜਰਕਨ	1	1	1	0	EXO 39:12
ਜਰਦਾ	1	1	1	0	LUK 18:7
ਜਰਵਾਣਾ	1	1	1	0	PRO 30:30
ਜਰਵਾਣੇ	1	1	1	0	JER 46:15
ਜਰਸ਼	3	3	1	3	EST 5:10
ਜਰਹ	1	1	1	0	JOS 7:1
ਜਰਾ	3	3	3	0	2SA 18:22
ਜਰੀਬ	13	13	9	1	2SA 8:2
ਜਰੀਬਾਂ	1	1	1	0	2SA 8:2
ਜਰੁੱਬਾਬਲ	1	1	1	0	NEH 12:1
ਜਰੂਰ	54	54	12	0	LEV 10:18
ਜਰੂਰੀ	7	7	5	0	1CH 16:37
ਜਲ	68	68	21	67	GEN 1:21
ਜਲਕਾਊਂ	1	1	1	1	LEV 11:17
ਜਲਕੇ	1	1	1	0	1CO 3:15
ਜਲਜੰਤੂ	1	1	1	0	EZK 47:9
ਜਲਣ	2	2	2	19	JOB 5:2
ਜਲਣਾ	1	1	1	1	2CH 29:28
ਜਲਦਾ	1	1	1	1	2CO 11:29
ਜਲਦੀ	7	7	3	22	HAB 1:8
ਜਲਦੀਆਂ	1	1	1	1	JOB 30:30
ਜਲਨ	16	16	3	0	LEV 13:24
ਜਲਾਂ	2	2	2	0	2SA 22:12
ਜਲਾਇਆ	1	1	1	3	2CH 28:3
ਜਲਾਈ	1	1	1	2	EXO 40:27
ਜਲਾਉਂਦੇ	2	2	2	2	JER 34:5
ਜਲਾਉਣਗੇ	2	2	2	2	JER 34:5
ਜਲਾਦਾਂ	29	29	3	0	GEN 37:36
ਜਲਾਲ	8	8	2	9	PSA 24:7
ਜਲਾਵਾਂਗਾ	1	1	1	1	JER 49:27
ਜਲੂਨ	1	1	1	0	2TI 4:3
ਜਲੂਸ	4	4	2	3	PSA 42:4
ਜਲੇ	3	3	3	6	1SA 22:2
ਜਲੋਧਰੀ	1	1	1	1	LUK 14:2
ਜਲੌ	2	2	2	0	1KI 8:11
ਜਵਾਂ	9	9	6	1	EXO 9:31
ਜਵਾਈ	9	9	3	10	JDG 15:6
ਜਵਾਈਆਂ	3	3	1	3	GEN 19:12
ਜਵਾਨ	8	8	6	20	GEN 37:2
ਜਵਾਨਾਂ	1	1	1	9	ACT 5:10
ਜਵਾਨੀ	2	2	1	14	GEN 8:21
ਜਵਾਬ	47	47	12	20	GEN 24:50
ਜਵਾਲੇਂਗਾ	1	1	1	1	PSA 85:6
ਜਵਾਹਰ	4	4	2	4	ZEC 9:16
ਜਵਾਹਰਾਂ	2	2	1	2	REV 17:4
ਜਵਾਹਰਾਤ	1	1	1	1	ISA 54:12
ਜਵੇਗਾ	1	1	1	0	MAT 7:7
ਜਸ	16	16	8	9	PSA 18:49
ਜਹਦਯਾਹ	1	1	1	1	1CH 24:20
ਜਹਾਜ	2	2	2	0	PSA 104:26
ਜਹਾਜ਼	63	63	10	68	1KI 22:48
ਜਹਾਜ਼ਾ	2	2	2	0	1KI 9:26
ਜਹਾਜ਼ਾਂ	7	7	5	12	JDG 5:17
ਜਹਾਜਾਂ	1	1	1	0	PSA 48:7
ਜਹਾਨ	1	1	1	0	HEB 1:2
ਜਹਿਰ	1	1	1	0	JAS 3:8
ਜਹੀ	10	10	7	0	DEU 1:41
ਜਹੀਆਂ	5	5	3	0	MRK 6:2
ਜ਼ਅਵਾਨ	1	1	1	0	1CH 1:42
ਜ਼ਏਬ	6	6	2	6	JDG 7:25
ਜ਼ਕਰਨ	2	2	2	3	EXO 28:19
ਜ਼ਕਰਯਾਹ	53	53	10	67	2KI 14:29
ਜ਼ਕਾਰ	1	1	1	0	1CH 8:31
ਜ਼ਕੂਰ	5	5	3	0	NUM 13:4
ਜ਼ਖਮ	2	2	2	11	1KI 22:35
ਜ਼ਖਮਾਂ	1	1	1	5	1PE 2:24
ਜ਼ਖ਼ਮ	1	1	1	3	JOB 34:6
ਜ਼ਖ਼ੀਰਿਆਂ	1	1	1	0	EXO 7:19
ਜ਼ਖੀਰਾ	2	2	2	0	GEN 41:36
ਜ਼ਖੀਰੇ	2	2	1	0	1CH 27:27
ਜ਼ਨਾਕਾਰ	3	3	2	0	JDG 8:27
ਜ਼ਨਾਕਾਰਾਂ	1	1	1	0	EZK 23:45
ਜ਼ਨਾਕਾਰੀ	9	9	2	0	EXO 34:15
ਜ਼ਨਾਕਾਰੀਆਂ	2	2	2	0	2KI 9:22
ਜ਼ਨਾਹ	61	61	13	0	EXO 20:14
ਜ਼ਨਾਹਕਾਰ	6	6	5	0	PSA 73:27
ਜ਼ਨਾਹਕਾਰੀ	3	3	2	1	JER 3:8
ਜ਼ਨਾਹਕਾਰੀਆਂ	1	1	1	1	NAM 3:4
ਜ਼ਨਾਹੀਆਂ	1	1	1	0	EZK 23:45
ਜ਼ਨੋਅਹ	1	1	1	0	1CH 4:18
ਜ਼ਬਈਗ਼	1	1	1	0	NEH 11:17
ਜ਼ਬਤ	1	1	1	0	EZR 10:8
ਜ਼ਬਤੀ	1	1	1	1	EZR 7:26
ਜ਼ਬਦਯਾਹ	7	7	3	9	1CH 12:7
ਜ਼ਬਦੀ	16	16	6	18	JOS 7:1
ਜ਼ਬਦੀਏਲ	2	2	2	2	1CH 27:2
ਜ਼ਬਰ	1	1	1	0	SNG 5:14
ਜ਼ਬਰਜਦ	3	3	3	4	EXO 28:17
ਜ਼ਬਰਦਸਤ	1	1	1	0	NUM 20:20
ਜ਼ਬਰਦਸਤੀ	7	7	3	23	NUM 15:30
ਜ਼ਬਹ	1	1	1	0	PSA 83:11
ਜ਼ਬਾਨ	17	17	10	9	JOB 15:5
ਜ਼ਬਾਨੀ	15	15	5	4	DEU 17:6
ਜ਼ਬਾਨੇ	1	1	1	1	1TI 3:8
ਜ਼ਬਾਰ	1	1	1	0	JDG 8:21
ਜ਼ਬਾਹ	10	10	1	12	JDG 8:5
ਜ਼ਬੀਨਾ	1	1	1	1	EZR 10:43
ਜ਼ਬੁਲੂਨ	6	6	2	0	1CH 2:1
ਜ਼ਬੂਦਾਹ	1	1	1	1	2KI 23:36
ਜ਼ਬੂਰ	10	10	4	19	PSA 0:0
ਜ਼ਬੂਰਾਂ	2	2	2	5	LUK 24:44
ਜ਼ਬੂਲ	6	6	1	6	JDG 9:28
ਜ਼ਬੂਲੁਨ	23	23	8	44	NUM 1:9
ਜ਼ਬੂਲੁਨੀ	1	1	1	2	JDG 12:11
ਜ਼ਬੂਲੁਨੀਆਂ	5	5	3	6	NUM 7:24
ਜ਼ਬੂਲੂਨ	6	6	2	0	JDG 1:30
ਜ਼ਮ	1	1	1	1	DEU 2:20
ਜ਼ਮਾਨਤ	2	2	2	6	JOB 17:3
ਜ਼ਮੀਨ	107	107	23	195	GEN 1:25
ਜ਼ਮੀਰਾਹ	1	1	1	1	1CH 7:8
ਜ਼ਰਦ	1	1	1	3	NUM 21:12
ਜ਼ਰਸ਼	1	1	1	1	EST 6:13
ਜ਼ਰਹ	17	17	6	21	GEN 36:13
ਜ਼ਰਹਯਾਹ	4	4	2	5	1CH 6:6
ਜ਼ਰਹੀਆਂ	4	4	2	5	NUM 26:13
ਜ਼ਰਾ	27	27	8	23	1KI 14:2
ਜ਼ਰਾਕੁ	2	2	2	0	GEN 26:10
ਜ਼ਰਾਹੀ	1	1	1	0	JOS 7:17
ਜ਼ਰਾਹੀਆਂ	1	1	1	0	JOS 7:17
ਜ਼ਰੁੱਬਾਬਲ	16	16	6	5	1CH 3:19
ਜ਼ਰੂਰ	138	138	30	215	GEN 2:17
ਜ਼ਰੂਰਤ	6	6	3	15	JHN 4:15
ਜ਼ਰੂਰੀ	15	15	12	54	JOB 23:12
ਜ਼ਰੂੱਬਾਬਲ	6	6	1	24	EZR 2:2
ਜ਼ਹਾਜਾਂ	1	1	1	1	PSA 107:23
ਜ਼ਹਿਰ	5	5	4	10	DEU 32:24
ਜ਼ਹਿਰੀ	1	1	1	0	ROM 3:13
ਜ਼ਾਇਆ	1	1	1	0	1CO 15:10
ਜ਼ਾਜ਼ਾ	1	1	1	1	1CH 2:33
ਜ਼ਾਤ	1	1	1	0	HEB 1:3
ਜ਼ਾਨੀ	4	4	3	0	EZK 16:30
ਜ਼ਾਨੋਅਹ	2	2	2	5	JOS 15:56
ਜ਼ਾਨੋਆਹ	1	1	1	0	NEH 3:13
ਜ਼ਾਬਾ	1	1	1	0	EZR 10:43
ਜ਼ਾਬਾਦ	7	7	3	8	1CH 2:36
ਜ਼ਾਬੂਦ	1	1	1	1	1KI 4:5
ਜ਼ਾਮਨ	8	8	3	1	JOB 17:3
ਜ਼ਾਰਦ	3	3	1	1	DEU 2:13
ਜ਼ਾਰਹ	2	2	1	0	GEN 38:30
ਜ਼ਾਲਮ	11	11	6	17	DEU 19:16
ਜ਼ਾਲਮਾਂ	7	7	4	9	2SA 22:49
ਜ਼ਾਲਿਮ	2	2	2	2	JOB 15:20
ਜ਼ਾਹਰ	2	2	2	0	EZK 20:5
ਜ਼ਿਆਦਾ	1	1	1	43	JAS 2:1
ਜ਼ਿਆਫਤਾਂ	1	1	1	0	LUK 20:46
ਜ਼ਿਆਫ਼ਤ	2	2	1	0	LUK 14:12
ਜ਼ਿਆਫ਼ਤਾਂ	2	2	2	0	ISA 5:12
ਜ਼ਿਕਰ	7	7	6	8	PSA 71:16
ਜ਼ਿਕਰੀ	11	11	3	12	1CH 8:19
ਜ਼ਿਦ	1	1	1	0	ECC 8:3
ਜ਼ਿਫਰੋਨ	1	1	1	1	NUM 34:9
ਜ਼ਿਮਰੀ	15	15	5	16	NUM 25:14
ਜ਼ਿਮਾ	1	1	1	0	2CH 29:12
ਜ਼ਿਮੀਂਦਾਰੀ	1	1	1	0	GEN 9:20
ਜ਼ਿਲਪਾਹ	2	2	1	0	GEN 35:26
ਜ਼ਿਲੇ	1	1	1	0	DAN 11:24
ਜ਼ਿਵ	2	2	1	2	1KI 6:1
ਜ਼ਿੰਦਗੀ	11	11	5	15	JHN 10:17
ਜ਼ਿੰਦਗੀਆਂ	4	4	4	1	1CO 12:2
ਜ਼ਿੰਮਾਹ	2	2	1	3	1CH 6:20
ਜ਼ਿੱਦੀ	3	3	2	6	JER 5:23
ਜ਼ਿੱਲਾਹ	3	3	1	3	GEN 4:19
ਜ਼ੀ	1	1	1	0	PSA 25:1
ਜ਼ੀਂਫ	1	1	1	0	JOS 15:55
ਜ਼ੀਆ	1	1	1	1	1CH 5:13
ਜ਼ੀਜ਼ਾ	1	1	1	2	1CH 4:37
ਜ਼ੀਜ਼ਾਹ	1	1	1	1	1CH 23:11
ਜ਼ੀਜਾ	1	1	1	0	2CH 11:20
ਜ਼ੀਨਾ	1	1	1	1	1CH 23:10
ਜ਼ੀਫ	5	5	2	8	1SA 23:14
ਜ਼ੀਫ਼	2	2	2	1	JOS 15:24
ਜ਼ੀਫਾਹ	1	1	1	1	1CH 4:16
ਜ਼ੀਫੀ	1	1	1	2	1SA 23:19
ਜ਼ੀੱਫੀ	1	1	1	0	1SA 26:1
ਜ਼ੁਬਾਨ	5	5	2	3	PRO 12:18
ਜ਼ੁਬਾਨੀ	1	1	1	8	1CO 14:9
ਜ਼ੁਮੇਵਾਰੀ	4	4	3	0	JOS 22:3
ਜ਼ੁਲਮ	52	52	17	63	GEN 6:11
ਜ਼ੁੰਮਾ	1	1	1	0	1SA 23:20
ਜ਼ੁੰਮੀ	1	1	1	1	DEU 2:20
ਜ਼ੁੰਮੇਵਾਰੀ	3	3	1	0	1CH 23:32
ਜ਼ੁੰਮੇਵਾਰੀਆਂ	1	1	1	0	2CH 8:14
ਜ਼ੁੱਧ	1	1	1	0	2SA 3:1
ਜ਼ੂਜ਼ੀਆਂ	1	1	1	1	GEN 14:5
ਜ਼ੂਫ਼ੇ	2	2	2	0	PSA 51:7
ਜ਼ੂਫੇ	2	2	2	2	EXO 12:22
ਜ਼ੇਤੂਨ	1	1	1	0	JOB 15:33
ਜ਼ੇਥਰ	1	1	1	1	EST 1:10
ਜ਼ੇਥਾਮ	1	1	1	2	1CH 23:8
ਜ਼ੇਨਸ	1	1	1	1	TIT 3:13
ਜ਼ੇਲੋਤੇਸ	1	1	1	2	ACT 1:13
ਜ਼ੈਤੂਨ	39	39	18	57	GEN 8:11
ਜ਼ੋਗਵਰੀ	1	1	1	0	ACT 7:24
ਜ਼ੋਰ	93	93	26	109	GEN 6:3
ਜ਼ੋਰਦਾਰ	1	1	1	1	1CO 16:12
ਜ਼ੋਰਾਵਰ	4	4	3	12	2CH 14:11
ਜ਼ੋਰਾਵਰਾਂ	5	5	2	8	JOB 12:21
ਜ਼ੋਰਾਵਰੀ	1	1	1	1	2SA 3:39
ਜ਼ੋਹਲਥ	1	1	1	1	1KI 1:9
ਜ਼ੋਹੇਥ	1	1	1	1	1CH 4:20
ਜ਼ੱਕਈ	1	1	1	2	EZR 2:9
ਜ਼ੱਕਾਈ	1	1	1	0	NEH 7:14
ਜ਼ੱਕੀ	3	3	1	4	LUK 19:2
ਜ਼ੱਕੂਰ	4	4	2	10	1CH 4:26
ਜ਼ੱਤੂ	4	4	2	4	EZR 2:8
ਜ਼ੱਬਈ	1	1	1	2	NEH 3:20
ਜ਼ੱਬੂਦ	1	1	1	0	EZR 8:14
ਜ਼ੱਰੁਬਾਬਲ	1	1	1	0	NEH 12:47
ਜ਼ੱਰੇ	1	1	1	1	JOB 28:6
ਜਾ	656	656	52	1078	GEN 4:16
ਜਾਂ	846	846	41	906	GEN 3:6
ਜਾਂਘ	3	3	1	1	NUM 5:21
ਜਾਂਚ	2	2	2	22	ACT 24:7
ਜਾਂਚੇਂ	1	1	1	1	JOB 7:18
ਜਾਂਞੀ	1	1	1	0	JDG 14:11
ਜਾਂਦਾ	530	530	51	608	GEN 8:7
ਜਾਂਦਿਆ	1	1	1	0	JON 1:11
ਜਾਂਦਿਆਂ	11	11	10	13	GEN 25:18
ਜਾਂਦੀ	182	182	48	180	GEN 2:14
ਜਾਂਦੀਆ	1	1	1	0	JON 1:13
ਜਾਂਦੀਆਂ	62	62	27	67	GEN 49:22
ਜਾਂਦੇ	404	404	50	428	GEN 8:3
ਜਾਂਵੇ	1	1	1	0	PRO 22:21
ਜਾਇਆ	16	16	13	15	NUM 23:19
ਜਾਇਆਂ	2	2	2	0	1SA 26:19
ਜਾਇਓ	10	10	7	18	GEN 18:5
ਜਾਇਜ਼	1	1	1	0	JHN 8:17
ਜਾਈ	1	1	1	0	NAM 2:7
ਜਾਈਂ	16	16	12	11	GEN 6:18
ਜਾਈਆਂ	1	1	1	1	JER 38:22
ਜਾਈਏ	52	52	23	60	GEN 11:4
ਜਾਈਦਾ	1	1	1	1	PRO 19:27
ਜਾਉ	1	1	1	0	1CO 7:5
ਜਾਉਂਗੇ	1	1	1	0	JHN 5:20
ਜਾਉਗਾ	1	1	1	0	JOB 15:32
ਜਾਊ	4	4	2	0	MAT 8:8
ਜਾਊਗਾ	8	8	2	0	GEN 44:22
ਜਾਊਗੀ	5	5	1	0	JOB 18:4
ਜਾਏ	121	121	19	39	GEN 34:15
ਜਾਏਂ	2	2	2	1	EXO 8:2
ਜਾਏਂਗਾ	15	15	10	10	2KI 20:5
ਜਾਏਗਾ	28	28	6	0	LEV 26:20
ਜਾਏਗੀ	12	12	7	7	LEV 25:28
ਜਾਏਦਾਦ	2	2	1	0	ECC 2:0
ਜਾਓ	293	293	40	321	GEN 3:3
ਜਾਓਗੀਆਂ	4	4	3	4	ISA 32:10
ਜਾਓਗੇ	86	86	23	95	GEN 3:5
ਜਾਕੇ	69	69	13	0	GEN 9:23
ਜਾਗ	40	40	15	40	GEN 41:4
ਜਾਗਣ	3	3	3	3	PSA 73:20
ਜਾਗਣਗੇ	3	3	3	3	JOB 14:12
ਜਾਗਣਾ	1	1	1	1	PSA 127:1
ਜਾਗਦਾ	10	10	9	11	PSA 102:7
ਜਾਗਦਿਆਂ	3	3	2	1	DEU 31:27
ਜਾਗਦੇ	14	14	8	23	ISA 29:20
ਜਾਗਾਂਗਾ	1	1	1	2	PSA 17:15
ਜਾਗਿਆ	14	14	7	6	GEN 9:24
ਜਾਗੀਰ	1	1	1	0	JOS 22:19
ਜਾਗੇ	6	6	6	2	GEN 30:11
ਜਾਗੇਗਾ	2	2	1	2	DAN 11:11
ਜਾਗੋ	5	5	4	5	PSA 57:8
ਜਾਚ	18	18	10	8	GEN 31:32
ਜਾਚਣ	2	2	2	3	ROM 8:27
ਜਾਚਦਾ	5	5	2	6	PSA 119:100
ਜਾਚਦੀਆਂ	1	1	1	0	PSA 11:4
ਜਾਚਿਆ	4	4	4	0	1SA 17:39
ਜਾਚੇ	2	2	2	0	JOB 13:9
ਜਾਜਕ	326	326	31	700	GEN 14:18
ਜਾਜਕ-ਯਦਅਯਾਹ	1	1	1	0	EZR 2:36
ਜਾਜਕਦੇ	1	1	1	0	1CH 9:30
ਜਾਜਕਪੁਣਾ	1	1	1	1	EXO 29:9
ਜਾਜਕਪੁਣੇ	1	1	1	0	ROM 15:16
ਜਾਜਕਾਂ	244	244	28	278	EXO 19:6
ਜਾਜਕਾਈ	30	30	11	36	EXO 28:1
ਜਾਜਕੋ	4	4	3	4	HOS 5:1
ਜਾਜ਼ਕ	307	307	5	0	LEV 1:5
ਜਾਜ਼ਕਾ	1	1	1	0	2KI 12:8
ਜਾਜ਼ਕਾਂ	3	3	2	0	1KI 8:3
ਜਾਜ਼ਕਾਈ	2	2	1	0	NUM 16:10
ਜਾਣ	844	844	60	957	GEN 1:9
ਜਾਣਕਾਰੀ	4	4	2	14	1CO 2:11
ਜਾਣਕੇ	3	3	3	0	MAT 16:8
ਜਾਣਗੀਆਂ	73	73	24	79	GEN 3:5
ਜਾਣਗੇ	392	392	46	418	GEN 33:13
ਜਾਣਦਾ	375	375	45	417	GEN 3:5
ਜਾਣਦੀ	29	29	14	26	JOS 2:9
ਜਾਣਦੀਆਂ	6	6	5	6	GEN 31:6
ਜਾਣਦੇ	282	282	48	299	GEN 29:5
ਜਾਣਨ	38	38	21	40	GEN 24:21
ਜਾਣਨਗੀਆਂ	5	5	1	5	EZK 36:23
ਜਾਣਨਗੇ	41	41	6	40	EXO 7:5
ਜਾਣਨਵਾਲੇ	1	1	1	0	2CH 30:22
ਜਾਣਨਾ	2	2	2	5	JOB 21:14
ਜਾਣਨੀ	1	1	1	0	LEV 11:11
ਜਾਣਸੋ	1	1	1	0	1SA 5:8
ਜਾਣਾ	85	85	32	189	GEN 15:8
ਜਾਣਾਂ	11	11	8	8	EXO 33:5
ਜਾਣਾਂਗਾ	8	8	5	6	GEN 18:21
ਜਾਣਾਂਗੀ	1	1	1	1	ISA 47:8
ਜਾਣਾਂਗੇ	3	3	3	3	1SA 6:9
ਜਾਣਾਗੇ	1	1	1	0	JHN 5:29
ਜਾਣਿਆ	96	96	34	127	GEN 9:24
ਜਾਣਿਆਂ	1	1	1	0	JON 4:11
ਜਾਣੀ	9	9	9	10	GEN 29:33
ਜਾਣੀਆਂ	1	1	1	0	LUK 18:34
ਜਾਣੀਏ	33	33	20	28	GEN 19:5
ਜਾਣੀਦਾ	14	14	9	1	1SA 20:20
ਜਾਣੂ	16	16	10	9	1SA 10:11
ਜਾਣੂਆਂ	1	1	1	1	PSA 87:4
ਜਾਣੇ	37	37	19	43	EXO 2:4
ਜਾਣੇਂ	5	5	4	0	EXO 8:22
ਜਾਣੇਂਗਾ	9	9	4	8	EXO 7:17
ਜਾਣੇਂਗੀ	4	4	2	4	ISA 47:11
ਜਾਣੇਗਾ	12	12	9	13	JOS 22:22
ਜਾਣੇਗੀ	6	6	4	4	DEU 28:57
ਜਾਣੋ	68	68	28	76	GEN 33:10
ਜਾਣੋਂ	2	2	2	0	1SA 23:13
ਜਾਣੋਂਗੇ	2	2	1	0	JHN 10:38
ਜਾਣੋਗੀਆਂ	3	3	1	3	EZK 13:21
ਜਾਣੋਗੇ	28	28	7	30	EXO 6:7
ਜਾਤ	12	12	2	0	LEV 11:14
ਜਾਤਾ	57	57	23	0	GEN 28:16
ਜਾਤਾਂ	3	3	2	0	LEV 18:24
ਜਾਤੀ	8	8	5	29	GEN 8:19
ਜਾਤੀਆਂ	4	4	4	9	GEN 25:23
ਜਾਦਾਂ	1	1	1	0	2SA 16:5
ਜਾਦੀਆਂ	1	1	1	0	ECC 9:16
ਜਾਦੂ	9	9	7	8	LEV 19:26
ਜਾਦੂਗਰ	11	11	8	9	GEN 41:8
ਜਾਦੂਗਰਨੀ	2	2	2	3	EXO 22:18
ਜਾਦੂਗਰਾਂ	18	18	9	17	GEN 41:24
ਜਾਦੂਗਰੀ	5	5	5	4	1SA 15:23
ਜਾਦੂਗਰੀਆਂ	5	5	4	5	2KI 9:22
ਜਾਦੇਂ	1	1	1	0	2SA 15:11
ਜਾਨ	394	394	41	431	GEN 2:7
ਜਾਨ-ਲੇਵਾ	2	2	1	0	PSA 35:4
ਜਾਨਣ	6	6	4	4	JHN 7:4
ਜਾਨਣਗੇ	2	2	2	4	NEH 4:11
ਜਾਨਣਾ	4	4	3	1	JHN 17:3
ਜਾਨਦਾਰ	1	1	1	0	GEN 6:19
ਜਾਨਵਰ	26	26	8	46	GEN 1:30
ਜਾਨਵਰਾ	1	1	1	0	1CO 9:9
ਜਾਨਵਰਾਂ	14	14	9	27	GEN 1:24
ਜਾਨਾਂ	50	50	16	54	GEN 7:4
ਜਾਨੀ	6	6	4	4	DEU 13:6
ਜਾਨੋ	1	1	1	0	PSA 37:14
ਜਾਨੋਂ	31	31	16	35	GEN 37:21
ਜਾਨੋਅਹ	1	1	1	0	JOS 15:34
ਜਾਪਦਾ	9	9	4	10	2KI 4:9
ਜਾਪਦੀ	1	1	1	2	1CO 1:23
ਜਾਪਦੀਆਂ	1	1	1	1	EZK 16:52
ਜਾਪਦੇ	2	2	2	2	1KI 20:27
ਜਾਪਿਆ	2	2	2	1	GEN 19:14
ਜਾਪੀ	1	1	1	1	EZK 34:18
ਜਾਪੇ	2	2	1	0	EST 3:11
ਜਾਮ	3	3	1	0	ISA 51:17
ਜਾਮਨ	5	5	3	1	GEN 43:9
ਜਾਮਨੀ	1	1	1	0	PRO 11:15
ਜਾਮਾ	1	1	1	0	REV 1:13
ਜਾਰੀ	9	9	7	11	2CH 30:5
ਜਾਲ	46	46	15	1	JOS 23:13
ਜਾਲਮ	6	6	2	0	PSA 54:3
ਜਾਲਮਾਂ	1	1	1	0	PSA 17:4
ਜਾਲਸਾਜ਼ੀ	1	1	1	1	MIC 7:3
ਜਾਲਾ	3	3	3	2	JOB 8:14
ਜਾਲਾਂ	7	7	5	0	PSA 141:10
ਜਾਲਿਆ	1	1	1	0	EZK 43:21
ਜਾਲੀ	11	11	5	10	EXO 27:4
ਜਾਲੀਆਂ	6	6	3	6	1KI 7:17
ਜਾਲੀਦਾਰ	3	3	2	4	EXO 27:4
ਜਾਲੇ	2	2	1	1	ISA 33:12
ਜਾਵਾ	1	1	1	0	1CO 9:27
ਜਾਵਾਂ	83	83	29	1	GEN 16:2
ਜਾਵਾਂਗਾ	105	105	32	0	GEN 4:14
ਜਾਵਾਂਗੀ	12	12	8	0	GEN 24:58
ਜਾਵਾਂਗੇ	33	33	14	0	GEN 22:5
ਜਾਵਾਨ	1	1	1	2	GEN 36:27
ਜਾਵੀਂ	15	15	8	23	GEN 24:6
ਜਾਵੇ	846	846	55	991	GEN 17:10
ਜਾਵੇਂ	45	45	20	43	GEN 13:9
ਜਾਵੇਂਗਾ	55	55	15	68	GEN 3:19
ਜਾਵੇਂਗੀ	12	12	6	15	GEN 24:58
ਜਾਵੇਗ਼ਾ	3	3	2	0	LUK 7:7
ਜਾਵੇਗਾ	619	619	52	685	GEN 4:15
ਜਾਵੇਗਾਂ	2	2	2	0	DEU 4:21
ਜਾਵੇਗੀ	199	199	39	206	GEN 16:10
ਜਾਵੋ	8	8	5	13	1KI 9:6
ਜਾਵੋਂ	1	1	1	0	JHN 15:16
ਜਾਵੋਂਗ਼ੇ	1	1	1	0	JHN 8:28
ਜਾਵੋਂਗੇ	12	12	3	0	JHN 8:21
ਜਾਵੋਗੇ	2	2	2	3	DEU 28:38
ਜਾਸਤੀ	2	2	2	0	EZK 22:7
ਜਾਹ	307	307	33	0	GEN 8:16
ਜਾਹਮ	1	1	1	0	2CH 11:19
ਜਾਹਲ	1	1	1	1	PSA 73:22
ਜਿਉ	1	1	1	0	ROM 1:23
ਜਿਉਂ	19	19	12	0	1KI 14:10
ਜਿਉਂਏ	1	1	1	0	JAS 5:5
ਜਿਉਂਗੇ	1	1	1	0	JHN 14:19
ਜਿਉਂਣਾ	1	1	1	0	1TH 5:6
ਜਿਉਂਦਾ	17	17	10	110	DEU 19:5
ਜਿਉਂਦਿਆ	1	1	1	1	PSA 119:93
ਜਿਉਂਦਿਆਂ	11	11	9	16	LEV 18:18
ਜਿਉਂਦੀ	5	5	4	11	DEU 4:33
ਜਿਉਂਦੀਆਂ	2	2	1	0	NUM 31:15
ਜਿਉਂਦੇ	45	45	20	90	LEV 14:4
ਜਿਉਂਵਾਂਗਾ	1	1	1	0	JHN 6:57
ਜਿਉਂਵੇਗਾ	1	1	1	0	JHN 6:57
ਜਿਉਣ	20	20	10	5	PSA 16:11
ਜਿਉਣਾ	8	8	6	3	PSA 23:6
ਜਿਉਣੀ	1	1	1	0	1PE 1:17
ਜਿਉਣੇ	1	1	1	0	JON 4:3
ਜਿਉਵਾਂਗੇ	1	1	1	0	1PE 2:24
ਜਿਕਰ	1	1	1	4	JER 20:9
ਜਿਕਰੀ	1	1	1	0	EXO 6:21
ਜਿਕੁਰ	1	1	1	0	LEV 16:15
ਜਿਗ	1	1	1	0	ACT 22:25
ਜਿਗਰਾ	1	1	1	0	PSA 40:1
ਜਿਠਾਣੀ	2	2	1	0	RUT 1:15
ਜਿਤਨੇ	1	1	1	0	LEV 25:27
ਜਿਥੇ	39	39	8	0	JOS 1:3
ਜਿਥੋਂ	5	5	5	0	LEV 18:19
ਜਿਦ	1	1	1	0	1SA 4:13
ਜਿਦਾਂ	7	7	4	0	2CH 21:13
ਜਿਧਰ	3	3	3	0	JER 40:4
ਜਿਨ	19	19	10	0	NEH 9:7
ਜਿਨਸ	20	20	2	0	GEN 1:11
ਜਿਨਸਾਂ	2	2	1	2	EZK 27:33
ਜਿਨਸੀ	14	14	2	1	1CO 5:1
ਜਿਨਾਂ	66	66	6	0	DEU 1:3
ਜਿਨੀਆਂ	1	1	1	0	PRO 3:15
ਜਿਨ੍ਹ	2	2	2	0	MRK 5:26
ਜਿਨ੍ਹਾ	12	12	5	0	NUM 31:39
ਜਿਨ੍ਹਾਂ	665	665	47	805	GEN 1:12
ਜਿਨ੍ਹੀਂ	2	2	2	0	EZK 22:14
ਜਿਨ੍ਹੇ	1	1	1	0	PSA 25:3
ਜਿਬਰਾਏਲ	2	2	1	2	LUK 1:19
ਜਿਮਰਾਨ	2	2	2	2	GEN 25:2
ਜਿਮੇਂ	1	1	1	1	1CH 9:27
ਜਿਲਣ	1	1	1	1	EZK 47:11
ਜਿਲਦਾਂ	1	1	1	0	DAN 2:15
ਜਿਲਫਾਹ	5	5	1	7	GEN 29:24
ਜਿਲਾਇਆ	1	1	1	0	1TH 4:17
ਜਿਲਾਦਾਂ	1	1	1	0	DAN 2:14
ਜਿਲਾਵੇ	1	1	1	0	LUK 20:37
ਜਿਵਾ	1	1	1	2	1CO 15:4
ਜਿਵਾਇਆ	1	1	1	2	JHN 12:9
ਜਿਵਾਉਂਦਾ	1	1	1	3	1SA 2:6
ਜਿਵਾਉਣਾ	1	1	1	1	ACT 9:0
ਜਿਵਾਏ	1	1	1	1	MAT 11:5
ਜਿਵਾਏਂਗਾ	1	1	1	1	PSA 71:20
ਜਿਵਾਏਗਾ	1	1	1	1	ROM 8:11
ਜਿਵਾਲ	3	3	2	4	PSA 119:37
ਜਿਵਾਲਦਾ	1	1	1	1	ROM 4:17
ਜਿਵਾਲਿਆ	21	21	6	10	PSA 119:50
ਜਿਵਾਲੇ	3	3	3	4	MRK 12:26
ਜਿਵਾਲੋ	1	1	1	0	MAT 10:8
ਜਿਵਾਵਾਂ	2	2	1	0	ISA 57:15
ਜਿਵਾਵੇਗਾ	1	1	1	1	HOS 6:2
ਜਿਵੇ	9	9	6	0	NUM 8:22
ਜਿਵੇਂ	942	942	62	1052	GEN 6:22
ਜਿਸ	986	986	60	2062	GEN 2:4
ਜਿਸਤੇ	2	2	2	0	JHN 19:19
ਜਿਸਦਾ	9	9	4	5	JHN 1:6
ਜਿਸਦੀ	7	7	4	0	1CO 12:24
ਜਿਸਦੇ	3	3	3	0	LEV 13:31
ਜਿਸਨੀ	1	1	1	0	1CO 5:11
ਜਿਸਨੂੰ	23	23	5	0	JHN 1:26
ਜਿਸਨੇ	59	59	8	6	DAN 2:34
ਜਿਹ	1141	1141	54	350	GEN 1:29
ਜਿਹਜ	1	1	1	0	2KI 21:7
ਜਿਹਦਾ	4	4	3	0	GEN 25:1
ਜਿਹਦੀ	2	2	2	0	DEU 34:4
ਜਿਹਦੀਆਂ	1	1	1	0	JER 32:19
ਜਿਹਦੇ	15	15	11	0	GEN 31:32
ਜਿਹਨਾ	2	2	1	0	JER 19:4
ਜਿਹਨਾਂ	173	173	6	219	DEU 28:60
ਜਿਹਨੂੰ	5	5	4	0	EZR 9:11
ਜਿਹਨੇ	5	5	3	5	EST 7:5
ਜਿਹਰਾ	1	1	1	0	PSA 25:12
ਜਿਹਾ	266	266	45	223	GEN 16:12
ਜਿਹਾਕੁ	1	1	1	0	DAN 2:45
ਜਿਹਾੜੇ	2	2	2	0	1TH 4:5
ਜਿਹਿਆਂ	3	3	3	7	MAT 19:14
ਜਿਹੀ	95	95	29	86	GEN 18:5
ਜਿਹੀਆਂ	11	11	8	16	DEU 6:8
ਜਿਹੇ	70	70	31	108	GEN 34:30
ਜਿਹੇਨ	1	1	1	0	ACT 7:48
ਜਿਹੋ	12	12	8	15	PSA 83:9
ਜਿਹੜਾ	2222	2222	61	2088	GEN 1:29
ਜਿਹੜਾਂ	1	1	1	0	PSA 37:7
ਜਿਹੜਿਆ	2	2	2	0	2SA 15:16
ਜਿਹੜੀ	738	738	56	651	GEN 1:16
ਜਿਹੜੀਆ	1	1	1	0	NUM 18:9
ਜਿਹੜੀਆਂ	324	324	50	294	GEN 19:15
ਜਿਹੜੇ	1742	1742	60	1664	GEN 1:11
ਜਿੰਦ	56	56	17	19	GEN 32:30
ਜਿੰਦਗੀ	3	3	2	2	EZR 9:8
ਜਿੰਦਗੀਆਂ	1	1	1	0	1TH 2:8
ਜਿੰਦਾ	1	1	1	0	2SA 19:5
ਜਿੰਦਾਂ	1	1	1	0	LEV 27:2
ਜਿੰਦੇ	1	1	1	0	MAT 23:16
ਜਿੰਦੋ	1	1	1	0	2SA 21:4
ਜਿੰਦੋਂ	8	8	3	0	1SA 17:35
ਜਿੰਨਾ	85	85	31	1	GEN 34:12
ਜਿੰਨਾਂ	8	8	5	67	GEN 28:15
ਜਿੰਨਾਕੁ	2	2	1	0	HEB 1:4
ਜਿੰਨਿਆਂ	9	9	6	11	EXO 35:24
ਜਿੰਨੀ	12	12	9	13	EXO 38:18
ਜਿੰਨੀਆਂ	8	8	7	5	GEN 30:35
ਜਿੰਨੇ	66	66	30	51	EXO 19:16
ਜਿੰਨੇਕੁ	2	2	1	0	HEB 11:12
ਜਿੰਨ੍ਹਾ	57	57	9	10	LEV 11:9
ਜਿੰਨ੍ਹਾਂ	5	5	2	5	LEV 15:4
ਜਿੰਨ੍ਹੀਂ	1	1	1	2	GEN 22:17
ਜਿੰਨ੍ਹੀਆਂ	1	1	1	4	ROM 13:1
ਜਿੰਨ੍ਹੇ	3	3	2	13	JOS 1:14
ਜਿੰਮੇ	1	1	1	1	2CH 34:16
ਜਿੱਕਰ	19	19	6	0	LEV 14:13
ਜਿੱਕੁਰ	14	14	8	0	LEV 18:28
ਜਿੱਕੂੰ	2	2	1	0	ACT 23:15
ਜਿੱਚ	6	6	5	1	GEN 47:20
ਜਿੱਤ	48	48	20	131	GEN 30:8
ਜਿੱਤਣ	12	12	4	16	JDG 18:9
ਜਿੱਤਦਾ	3	3	2	4	EXO 17:11
ਜਿੱਤਦੇ	1	1	1	1	PRO 28:12
ਜਿੱਤਾਂ	1	1	1	3	PSA 44:4
ਜਿੱਤਾਂਗੇ	1	1	1	1	PSA 12:4
ਜਿੱਤਿਆ	4	4	4	5	DEU 20:20
ਜਿੱਤੀਆਂ	1	1	1	0	2SA 8:11
ਜਿੱਤੇ	1	1	1	3	2CH 14:11
ਜਿੱਤੇਂਗਾ	1	1	1	2	1KI 22:22
ਜਿੱਤੇਗਾ	2	2	2	1	2CH 18:21
ਜਿੱਤੋਗੇ	1	1	1	1	JER 32:5
ਜਿੱਥੇ	372	372	38	388	GEN 2:11
ਜਿੱਥੋ	1	1	1	0	ACT 1:13
ਜਿੱਥੋਂ	35	35	18	38	GEN 12:8
ਜਿੱਦ	1	1	1	2	DEU 29:19
ਜਿੱਦਾਂ	21	21	4	0	EXO 9:18
ਜਿੱਦੀ	1	1	1	0	ISA 1:23
ਜਿੱਧਰ	7	7	5	8	DEU 4:27
ਜਿੱਨਾ	1	1	1	0	2KI 20:11
ਜਿੱਨੀ	2	2	2	0	2SA 17:11
ਜੀ	327	327	37	328	GEN 7:21
ਜੀਂਉਦਾ	2	2	1	1	PSA 119:77
ਜੀਅ	17	17	6	38	DEU 11:6
ਜੀਆਂ	8	8	7	5	GEN 1:28
ਜੀਆਂਗਾ	1	1	1	1	PSA 118:17
ਜੀਉ	21	21	4	0	GEN 9:12
ਜੀਉਂਦਾ	188	188	33	141	GEN 3:22
ਜੀਉਂਦਿਆ	4	4	2	2	RUT 2:20
ਜੀਉਂਦਿਆਂ	37	37	17	28	GEN 3:20
ਜੀਉਂਦੀ	21	21	11	11	GEN 2:7
ਜੀਉਂਦੀਆਂ	4	4	2	5	ISA 7:21
ਜੀਉਂਦੇ	121	121	29	104	GEN 1:20
ਜੀਉਣ	87	87	20	25	EXO 1:14
ਜੀਉਣਗੇ	3	3	2	3	ISA 26:14
ਜੀਉਣਾ	3	3	3	2	2SA 19:34
ਜੀਉਣੇ	1	1	1	0	JON 4:8
ਜੀਏਂਗਾ	1	1	1	0	LUK 10:28
ਜੀਓ	6	6	4	0	GEN 42:18
ਜੀਓਂਦੇ	1	1	1	0	NUM 16:30
ਜੀਓਗੇ	1	1	1	0	AMO 5:4
ਜੀਫ਼	1	1	1	0	1CH 2:42
ਜੀਬ	1	1	1	0	PSA 10:7
ਜੀਭ	60	60	20	66	EXO 4:10
ਜੀਭਾਂ	10	10	6	11	PSA 5:9
ਜੀਭੀਆਂ	1	1	1	1	2CH 4:21
ਜੀਭੇ	1	1	1	1	PSA 120:3
ਜੀਰਾ	1	1	1	1	ISA 28:27
ਜੀਰੇ	4	4	3	4	EXO 30:13
ਜੀਵ	13	13	8	31	GEN 27:4
ਜੀਵਣ	16	16	2	0	GEN 1:30
ਜੀਵਤ	1	1	1	3	ROM 8:10
ਜੀਵਨ	221	221	35	374	GEN 25:17
ਜੀਵਨਾਂ	2	2	2	5	2SA 1:23
ਜੀਵਾਂ	6	6	4	18	GEN 12:5
ਜੀਵਾਂਗੇ	6	6	6	5	2KI 7:4
ਜੀਵਾਇਆ	1	1	1	0	MAT 20:19
ਜੀਵਾਏ	1	1	1	0	COL 3:1
ਜੀਵਾਲ	2	2	1	0	PSA 80:18
ਜੀਵਿਆ	1	1	1	0	GEN 47:28
ਜੀਵੀਏ	7	7	5	3	GEN 43:8
ਜੀਵੇ	5	5	4	1	DEU 19:4
ਜੀਵੇਂਗਾ	2	2	2	3	GEN 27:40
ਜੀਵੇਗਾ	12	12	7	9	JOB 14:14
ਜੀਵੋ	5	5	3	1	JER 27:12
ਜੀਵੋਗੇ	1	1	1	1	ROM 8:13
ਜੀਸਤ	1	1	1	0	NUM 31:22
ਜੁ	7	7	2	0	JHN 12:6
ਜੁਆਂਨਾ	1	1	1	0	2SA 2:21
ਜੁਆਈ	2	2	2	1	JDG 19:5
ਜੁਆਣ	2	2	1	0	GEN 22:3
ਜੁਆਣਾਂ	3	3	2	0	GEN 22:5
ਜੁਆਨ	142	142	33	140	GEN 18:7
ਜੁਆਨਪੁਣੇ	1	1	1	0	2SA 19:7
ਜੁਆਨਵਰਗੇ	1	1	1	0	2SA 18:32
ਜੁਆਨਾ	2	2	1	0	2SA 13:28
ਜੁਆਨਾਂ	62	62	21	68	DEU 28:50
ਜੁਆਨੀ	53	53	17	43	NUM 30:16
ਜੁਆਨੀਂ	1	1	1	0	EZK 16:22
ਜੁਆਨੋ	2	2	1	2	1JN 2:13
ਜੁਆਲਦਾ	2	2	1	0	2CO 1:9
ਜੁਆਲਿਆ	6	6	3	1	2KI 8:1
ਜੁਆਲੇਗਾ	1	1	1	0	2CO 4:14
ਜੁਆਵਾਂ	1	1	1	0	2KI 5:7
ਜੁਗ	12	12	3	0	MAT 12:32
ਜੁਗਤ	10	10	9	2	2SA 21:5
ਜੁਗਤਾ	3	3	1	0	PSA 10:2
ਜੁਗਤਾਂ	16	16	4	17	PSA 31:20
ਜੁਗਤੀ	9	9	7	7	PSA 14:6
ਜੁਗਤੀਆਂ	4	4	2	2	JOB 5:12
ਜੁਗਨੀ	1	1	1	0	SNG 4:9
ਜੁਗਨੀਆਂ	1	1	1	1	EXO 35:22
ਜੁਗਾਂ	1	1	1	0	1TI 1:17
ਜੁਟ	1	1	1	0	JHN 17:21
ਜੁਦਾ	2	2	2	0	JOB 41:17
ਜੁਦਾਈ	4	4	3	3	ISA 59:2
ਜੁਦੇ	1	1	1	0	LUK 9:33
ਜੁਧ	1	1	1	0	2CH 28:12
ਜੁਮੇ	1	1	1	0	MAT 12:10
ਜੁਰਮਾਨਾ	3	3	2	3	NUM 35:31
ਜੁਰਮਾਨੇ	1	1	1	1	AMO 2:8
ਜੁਰਵਾਣਿਆਂ	2	2	1	0	JOB 34:24
ਜੁਰਵਾਣੇ	2	2	1	0	JOB 34:17
ਜੁਲ	1	1	1	0	PSA 133:1
ਜੁਲਫਾਂ	1	1	1	0	SNG 7:5
ਜੁਲਮ	2	2	2	0	GEN 49:5
ਜੁਲਾਹੇ	7	7	6	7	EXO 35:35
ਜੁਲੀ	2	2	2	0	EXO 12:38
ਜੁਲੇ	1	1	1	0	NAM 1:13
ਜੁਵਾਈ	1	1	1	1	NEH 6:18
ਜੁੜ	9	9	8	10	EXO 39:4
ਜੁੜਤਾਂ	1	1	1	0	PRO 6:18
ਜੁੜਦੇ	1	1	1	1	2SA 15:12
ਜੁੜਾਇਆ	1	1	1	1	EXO 14:6
ਜੁੜਿਆ	1	1	1	3	2CH 3:12
ਜੁੜੀ	1	1	1	5	2SA 18:6
ਜੁੜੇ	8	8	5	8	EXO 26:3
ਜੁੰਡੀ	1	1	1	0	PSA 1:1
ਜੁੰਮਾ	1	1	1	0	LEV 24:15
ਜੁੰਮੇ	25	25	7	17	LEV 17:4
ਜੁੰਮੇਵਾਰ	3	3	2	0	NUM 3:28
ਜੁੰਮੇਵਾਰੀ	27	27	7	0	NUM 3:25
ਜੁੰਮੇਵਾਰੀਆਂ	4	4	3	0	NUM 8:26
ਜੁੱਗ	52	52	14	16	NEH 2:3
ਜੁੱਗਾਂ	6	6	5	6	DAN 7:18
ਜੁੱਗੋ	45	45	14	0	NEH 2:3
ਜੁੱਟ	2	2	2	3	1KI 20:29
ਜੁੱਤੀ	26	26	15	25	GEN 14:23
ਜੁੱਤੀਆਂ	7	7	7	8	DEU 29:5
ਜੁੱਤੋ	1	1	1	1	2CO 6:14
ਜੁੱਧ	131	131	24	0	GEN 14:2
ਜੁੱਧਦਾ	1	1	1	0	1CH 20:4
ਜੁੱਧਾਂ	1	1	1	0	PSA 27:3
ਜੁੱਪੋ	1	1	1	0	GAL 5:1
ਜੁੱਬਾ	1	1	1	0	JON 3:6
ਜੁੱਲ	1	1	1	0	LAM 1:19
ਜੁੱਸਿਆਂ	1	1	1	0	EZK 1:23
ਜੂਆ	3	3	1	0	2CH 10:4
ਜੂਏ	4	4	1	0	2CH 10:4
ਜੂਫ਼ਾ	6	6	2	6	LEV 14:4
ਜੂਫ਼ੇ	2	2	2	4	LEV 14:52
ਜੂਬਲ	1	1	1	0	GEN 4:21
ਜੂਲਾ	22	22	9	25	GEN 27:40
ਜੂਲੇ	21	21	7	29	LEV 26:13
ਜੂਹ	22	22	7	17	EXO 9:3
ਜੂਹਾਂ	7	7	4	4	1CH 5:16
ਜੂੰਆਂ	7	7	2	8	EXO 8:16
ਜੇ	1387	1387	63	1088	GEN 4:7
ਜੇਕਰ	139	139	19	488	GEN 23:13
ਜੇਠਾ	15	15	10	0	GEN 25:25
ਜੇਠਿਆਂ	2	2	1	0	PSA 135:8
ਜੇਠੇ	12	12	8	0	GEN 25:31
ਜੇਥਨ	1	1	1	0	1CH 26:22
ਜੇਥਾਨ	1	1	1	0	1CH 7:10
ਜੇਰੀ	1	1	1	0	ECC 3:19
ਜੇਵਗਾ	1	1	1	0	LAM 4:22
ਜੇਹ	1	1	1	0	EXO 37:6
ਜੇਹਾ	23	23	10	2	LEV 8:17
ਜੇਹਿਆਂ	2	2	2	0	PHP 2:29
ਜੇਹੀ	20	20	12	0	NUM 9:15
ਜੇਹੀਆਂ	10	10	9	0	LEV 10:19
ਜੇਹੀਕੁ	1	1	1	0	ECC 2:15
ਜੇਹੇ	63	63	22	0	GEN 44:18
ਜੇਹੇਕੁ	1	1	1	0	LEV 14:22
ਜੇਹੜੇ	2	2	2	0	GEN 46:27
ਜੈ	47	47	8	15	DEU 32:43
ਜੈਂਤੂਨ	1	1	1	0	HAB 3:17
ਜੈਕਰ	1	1	1	0	ZEC 2:10
ਜੈਕਾਰਾ	30	30	8	43	1SA 4:5
ਜੈਕਾਰਿਆਂ	10	10	3	10	PSA 63:5
ਜੈਕਾਰੇ	19	19	7	20	1SA 4:6
ਜੈਤੁਨ	5	5	1	0	ROM 11:17
ਜੈਤੁਨੀ	1	1	1	0	JOS 24:13
ਜੈਤੂਨ	12	12	7	6	2SA 15:30
ਜੈਦਾਦ	1	1	1	0	1CH 7:28
ਜੈਰੁਸ	1	1	1	3	MRK 5:22
ਜੈਰੂਸ	1	1	1	0	LUK 8:41
ਜੋ	8731	8731	66	9346	GEN 2:3
ਜੋਂ	3	3	2	0	2SA 8:10
ਜੋਂਦੇ	1	1	1	0	JDG 14:18
ਜੋਇਆ	1	1	1	0	1SA 6:10
ਜੋਕ	1	1	1	1	PRO 30:15
ਜੋਕਿ	1	1	1	0	2TH 2:2
ਜੋਖੋਂ	2	2	2	0	ECC 10:9
ਜੋਗ	177	177	38	44	EXO 8:26
ਜੋਗਤਾ	3	3	2	0	ECC 8:5
ਜੋਗਾ	17	17	10	6	EXO 16:16
ਜੋਗਿਬਆਹ	1	1	1	0	1SA 13:3
ਜੋਗੀ	3	3	3	0	LEV 12:8
ਜੋਗੇ	3	3	3	0	LEV 25:31
ਜੋਤ	24	24	12	17	GEN 1:16
ਜੋਤਮਾਨ	1	1	1	0	MAT 17:5
ਜੋਤਸ਼ੀ	3	3	1	4	DAN 2:10
ਜੋਤਸ਼ੀਆਂ	9	9	3	5	1SA 6:2
ਜੋਤਾਂ	7	7	5	5	GEN 1:14
ਜੋਤਾਂਗਾ	1	1	1	1	HOS 10:11
ਜੋਧਾ	10	10	8	0	EXO 15:3
ਜੋਧਿਆਂ	20	20	10	0	NUM 31:21
ਜੋਧੇ	34	34	12	0	DEU 2:14
ਜੋਬਨ	1	1	1	1	EZK 16:7
ਜੋਰ	13	13	6	5	GEN 21:25
ਜੋਰਾਵਰ	7	7	3	1	DAN 11:2
ਜੋਰਾਵਰਾਂ	1	1	1	0	DAN 8:24
ਜੋਰਾਵਰੀ	1	1	1	1	LEV 26:19
ਜੋਲ	1	1	1	0	2CH 33:6
ਜੋਵੋ	1	1	1	1	JER 46:4
ਜੋਸ਼	10	10	5	11	2KI 10:16
ਜੋਸ਼ਵਾਲੀਆਂ	1	1	1	0	JOB 6:3
ਜੋਹਿਆ	1	1	1	0	PSA 17:3
ਜੋਹੰਦਾ	1	1	1	0	JER 17:10
ਜੋੜ	37	37	19	34	GEN 32:25
ਜੋੜਦਾ	4	4	3	5	JOB 34:37
ਜੋੜਦੀ	1	1	1	1	PRO 6:8
ਜੋੜਦੇ	4	4	2	4	PSA 69:12
ਜੋੜਨ	6	6	3	3	EXO 26:17
ਜੋੜਨਾ	2	2	2	1	1CO 6:15
ਜੋੜਾ	10	10	4	6	GEN 6:19
ਜੋੜਾਂ	2	2	2	2	1KI 7:29
ਜੋੜਿਆ	6	6	5	13	GEN 46:29
ਜੋੜਿਆਂ	1	1	1	3	JOB 41:15
ਜੋੜੀ	5	5	3	5	NEH 4:6
ਜੋੜੀਂ	3	3	1	3	EXO 26:6
ਜੋੜੀਆਂ	3	3	3	5	EXO 39:4
ਜੋੜੀਦਾ	1	1	1	0	PRO 13:22
ਜੋੜੇ	20	20	8	16	GEN 25:24
ਜੋੜੋ	9	9	3	2	ISA 29:1
ਜੋੜੋਂ	1	1	1	1	HEB 12:13
ਜੌ	3	3	3	0	2CH 2:15
ਜੌਂ	18	18	12	28	EXO 9:31
ਜੌਂਵਾਂ	1	1	1	6	EZK 13:19
ਜੌਵਾਂ	1	1	1	0	ISA 28:25
ਜ੍ਰਾਹਦਾ	1	1	1	0	1CH 1:44
ਜੜ	3	3	3	1	NEH 7:1
ਜੜਤ	1	1	1	0	1CH 29:2
ਜੜਨ	5	5	2	7	EXO 25:7
ਜੜਵੀਆਂ	1	1	1	1	1KI 6:4
ਜੜਾਂ	1	1	1	0	DAN 11:7
ਜੜਿਆ	1	1	1	1	1CH 20:2
ਜੜੀ	1	1	1	1	2CH 3:5
ਜੜੀਂ	2	2	1	2	EXO 28:11
ਜੜੀਆਂ	1	1	1	1	REV 21:19
ਜੜੀਦੀਆਂ	1	1	1	0	EZR 5:8
ਜੜੇ	2	2	2	2	EXO 28:20
ਜੜ੍ਹ	37	37	18	40	DEU 29:18
ਜੜ੍ਹਾਂ	16	16	6	17	JOB 8:17
ਜੜ੍ਹੋਂ	4	4	4	4	ISA 14:29
ਜੰਗ	10	10	6	7	EXO 13:17
ਜੰਗਲ	24	24	10	64	GEN 2:19
ਜੰਗਲਾਂ	4	4	3	9	2CH 27:4
ਜੰਗਲੀ	67	67	23	92	GEN 3:1
ਜੰਗਾਲ	7	7	2	9	EZK 24:6
ਜੰਗੀ	11	11	7	11	2CH 13:3
ਜੰਜੀਰ	1	1	1	0	PSA 73:6
ਜੰਜੀਰਾਂ	1	1	1	0	ISA 40:19
ਜੰਜੀਰੀ	2	2	1	0	EXO 28:22
ਜੰਜੀਰੀਆਂ	9	9	2	0	EXO 28:14
ਜੰਤ	4	4	3	0	GEN 9:12
ਜੰਤਰ	1	1	1	0	ISA 47:11
ਜੰਤਾਂ	1	1	1	0	DEU 11:6
ਜੰਤੂ	22	22	4	6	GEN 7:21
ਜੰਤੂਆਂ	18	18	4	4	GEN 1:21
ਜੰਤੂਓ	1	1	1	2	PSA 148:7
ਜੰਤ੍ਰਾਂ	7	7	2	0	EXO 7:11
ਜੰਤ੍ਰੇ	1	1	1	0	EZK 4:2
ਜੰਦਰਾ	1	1	1	0	JDG 3:23
ਜੰਮ	10	10	7	6	EXO 15:8
ਜੰਮਣ	23	23	10	19	GEN 5:4
ਜੰਮਣਗੇ	3	3	3	3	GEN 17:20
ਜੰਮਦਾ	5	5	4	5	JOB 5:7
ਜੰਮਦਿਆ	1	1	1	0	PSA 22:10
ਜੰਮਦੀ	1	1	1	1	JOB 15:35
ਜੰਮਦੇ	2	2	2	1	PSA 58:3
ਜੰਮਿਆ	195	195	26	175	GEN 4:18
ਜੰਮਿਆਂ	6	6	4	4	NUM 26:58
ਜੰਮੀ	7	7	4	5	GEN 22:23
ਜੰਮੀਆ	1	1	1	0	RUT 4:19
ਜੰਮੀਆਂ	7	7	4	6	GEN 6:1
ਜੰਮੇ	95	95	21	83	GEN 5:4
ਜੰਮੇਂ	1	1	1	0	DEU 15:19
ਜੰਮੇਗਾ	6	6	6	5	JDG 13:8
ਜੰਮੇਗੀ	2	2	2	2	GEN 48:6
ਜੱਗ	2	2	1	2	1SA 25:36
ਜੱਚਾ	1	1	1	1	PSA 48:6
ਜੱਜ਼ਈ	1	1	1	0	EZR 10:28
ਜੱਤ	2	2	2	2	GEN 25:25
ਜੱਥਾ	6	6	5	5	2KI 9:17
ਜੱਥਿਆਂ	5	5	3	5	2CH 28:5
ਜੱਥੇ	24	24	10	23	GEN 14:15
ਜੱਦ	2	2	2	0	ISA 41:14
ਜੱਦੀ	1	1	1	1	EZK 46:16
ਜੱਦੀਆਂ	1	1	1	0	EZK 11:15
ਜੱਫੀ	3	3	2	0	GEN 29:13
ਜੱਫੀਆਂ	1	1	1	0	LAM 4:5
ਜੱਫੇ	1	1	1	1	ACT 20:10
ਜੱਬਾਰ	2	2	1	1	JOB 9:9
ਜੱਲਾਦਾਂ	1	1	1	25	JER 40:1
ਜੱਸ	2	2	2	0	2SA 22:50
ਝਕਿਆ	1	1	1	0	ACT 20:27
ਝਕੀ	1	1	1	0	ISA 57:11
ਝਗਲੇ	2	2	1	0	JDG 14:12
ਝਗੜ	1	1	1	0	NEH 13:11
ਝਗੜਦਾ	2	2	2	2	JOB 33:13
ਝਗੜਦੇ	7	7	7	6	GEN 26:20
ਝਗੜਨ	5	5	4	7	GEN 31:36
ਝਗੜਾ	46	46	19	53	GEN 13:7
ਝਗੜਾਂਗਾ	4	4	2	4	ISA 49:25
ਝਗੜਾਲੂ	9	9	4	14	JOB 40:2
ਝਗੜਾਲੂਓ	1	1	1	0	NUM 20:10
ਝਗੜਿਆ	2	2	2	0	2SA 22:44
ਝਗੜਿਆਂ	5	5	4	7	2CH 19:8
ਝਗੜੇ	42	42	17	44	EXO 23:2
ਝਗੜੇਗਾ	2	2	2	2	ISA 50:8
ਝਗੜੋਗੇ	1	1	1	1	JER 2:29
ਝਟ	3	3	2	0	EZR 7:21
ਝਟਕ	1	1	1	1	ACT 28:5
ਝਪੱਟਾ	1	1	1	3	ISA 11:14
ਝਬਦੇ	5	5	4	0	EZR 6:8
ਝਰਨੇ	3	3	3	3	EZK 22:30
ਝਰੋਖਿਆਂ	2	2	2	2	SNG 2:9
ਝਰੋਖੇ	5	5	3	4	JDG 5:28
ਝਲਕ	2	2	2	7	JOB 37:22
ਝਲਿਆ	1	1	1	0	1PE 2:21
ਝਲਿਆਅਤੇ	1	1	1	0	1PE 3:18
ਝਾਂਜ	2	2	1	2	PSA 150:5
ਝਾਂਸਾ	1	1	1	1	EXO 22:16
ਝਾਊ	3	3	3	4	GEN 21:33
ਝਾਕ	4	4	3	0	JDG 5:28
ਝਾਕਣ	1	1	1	0	2KI 9:30
ਝਾਕਣਗੀਆਂ	1	1	1	0	ISA 33:17
ਝਾਕਦਾ	3	3	3	3	JOB 30:20
ਝਾਕਦੀ	1	1	1	1	JER 6:1
ਝਾਕਾਂਗਾ	1	1	1	1	ISA 18:4
ਝਾਕਿਆ	3	3	3	0	2KI 9:32
ਝਾਕੀਆਂ	1	1	1	0	PRO 25:23
ਝਾਕੇਗੀ	1	1	1	0	JOB 20:9
ਝਾਗੜੁ	1	1	1	0	1TI 3:3
ਝਾਗੜੂ	1	1	1	0	PRO 26:21
ਝਾਤ	1	1	1	0	1CH 15:29
ਝਾਤੀ	4	4	4	4	GEN 26:8
ਝਾਬੂ	1	1	1	0	JOB 40:24
ਝਾਲ	1	1	1	0	ACT 13:18
ਝਾਲਰ	4	4	2	5	NUM 15:38
ਝਾਲਰਾਂ	1	1	1	1	MAT 23:5
ਝਾੜ	19	19	12	19	EXO 8:8
ਝਾੜਵੀ	1	1	1	0	2CH 2:10
ਝਾੜਾ	3	3	2	0	DEU 18:11
ਝਾੜਿਆ	4	4	4	4	NEH 5:13
ਝਾੜੀ	14	14	7	18	GEN 21:15
ਝਾੜੀਆਂ	8	8	6	27	DEU 32:2
ਝਾੜੀਓਂ	1	1	1	0	LUK 6:44
ਝਾੜੂ	2	2	2	2	1KI 14:10
ਝਾੜੇ	2	2	2	1	NEH 5:13
ਝਾੜੇਂ	1	1	1	1	DEU 24:20
ਝਿਜਕਣਗੇ	1	1	1	1	DEU 33:29
ਝਿੜਕ	9	9	7	17	DEU 28:20
ਝਿੜਕਣ	4	4	3	6	DEU 21:18
ਝਿੜਕਣਾ	3	3	1	4	JOB 6:25
ਝਿੜਕਦਾ	2	2	2	2	JOB 22:4
ਝਿੜਕਨ	1	1	1	0	MRK 8:32
ਝਿੜਕਾਂਗਾ	5	5	3	5	PSA 50:8
ਝਿੜਕਿਆ	16	16	7	24	GEN 31:42
ਝਿੜਕੀ	6	6	4	2	JOB 20:3
ਝਿੜਕੇ	7	7	6	11	RUT 2:16
ਝਿੜਕੇਗਾ	4	4	3	4	JOB 13:10
ਝਿੜਕੇਗੀ	1	1	1	1	JER 2:19
ਝਿੱਲੀ	11	11	2	11	EXO 29:13
ਝੀਟੇ	1	1	1	0	JOS 9:5
ਝੀਲ	52	52	7	54	NUM 34:11
ਝੁਕ	14	14	6	0	JOB 9:13
ਝੁਕਕੇ	1	1	1	0	1CO 14:25
ਝੁਕਣਗੇ	1	1	1	1	PSA 22:29
ਝੁਕਦਾ	1	1	1	1	JER 15:1
ਝੁਕਾ	15	15	6	19	2SA 22:35
ਝੁਕਾਂ	1	1	1	1	MIC 6:6
ਝੁਕਾਇਆ	12	12	6	16	GEN 19:1
ਝੁਕਾਈ	2	2	2	2	ISA 21:15
ਝੁਕਾਉਂਦਾ	1	1	1	1	ISA 26:5
ਝੁਕਾਉਂਦੀਆਂ	1	1	1	1	LUK 24:5
ਝੁਕਾਉਂਦੇ	2	2	2	2	PSA 11:2
ਝੁਕਾਕੇ	1	1	1	0	GEN 24:48
ਝੁਕਾਵੇ	1	1	1	0	ISA 58:5
ਝੁਕਿਆ	13	13	5	14	GEN 18:2
ਝੁਕਿਆਂ	1	1	1	1	PSA 145:14
ਝੁਕੀ	1	1	1	3	PSA 62:3
ਝੁਕੀਆਂ	1	1	1	1	EZK 17:6
ਝੁਕੂਗੀ	1	1	1	0	JOB 15:29
ਝੁਕੇ	2	2	2	2	GEN 42:6
ਝੁਗੀ	1	1	1	0	LAM 2:6
ਝੁਣਝੁਣਾ	1	1	1	1	JER 19:3
ਝੁਮਕੇ	1	1	1	0	ISA 3:19
ਝੁਰੇ	1	1	1	1	JER 5:3
ਝੁਰੇਵਾਂ	2	2	1	0	NEH 8:10
ਝੁਲਸ	2	2	2	1	EZR 9:7
ਝੁਲਸਣ	1	1	1	1	PRO 6:28
ਝੁਲਸਾ	1	1	1	2	LAM 5:10
ਝੁਲਸਿਆਂ	1	1	1	1	ISA 58:11
ਝੁਲਸੇ	6	6	4	6	GEN 41:6
ਝੁਲਾਇਆ	1	1	1	0	GEN 33:7
ਝੁਲਾਏ	1	1	1	1	NAM 2:3
ਝੁੰਝ	1	1	1	0	SNG 1:7
ਝੁੰਡ	8	8	4	19	EXO 8:21
ਝੁੰਡਾਂ	4	4	1	5	EXO 8:21
ਝੁੱਕ	4	4	3	34	ISA 46:2
ਝੁੱਕਣ	3	3	2	2	GEN 27:29
ਝੁੱਕਦੇ	1	1	1	0	GAL 1:6
ਝੁੱਕਿਆ	2	2	2	6	EZR 9:5
ਝੁੱਲ	1	1	1	0	ACT 27:14
ਝੁੱਲਦਾ	3	3	2	3	JDG 9:9
ਝੁੱਲਦੀ	1	1	1	1	JDG 9:13
ਝੁੱਲੇ	1	1	1	1	ISA 28:18
ਝੁੱਲੇਗਾ	1	1	1	1	ISA 28:15
ਝੂਠ	101	101	35	105	LEV 6:2
ਝੂਠਾ	35	35	15	38	DEU 19:18
ਝੂਠਾਂ	3	3	3	2	JER 23:32
ਝੂਠਿਆਂ	1	1	1	1	REV 21:8
ਝੂਠੀ	40	40	16	40	EXO 20:16
ਝੂਠੀਆਂ	10	10	7	17	EXO 5:9
ਝੂਠੇ	60	60	19	74	EXO 2:13
ਝੂਮੇ	1	1	1	1	PSA 72:16
ਝੂਲਦੀ	1	1	1	1	JOB 39:19
ਝੂਲਦੇ	5	5	4	4	JOB 28:4
ਝੋਕੀ	2	2	2	1	MAT 6:30
ਝੋਕੇ	3	3	3	3	2SA 22:16
ਝੋਰਾ	2	2	1	2	JER 14:2
ਝੋਲਾ	6	6	4	6	JOB 21:18
ਝੋਲੀ	8	8	6	5	2SA 12:3
ਝੋਲੇ	7	7	7	2	1SA 17:40
ਝੜ	8	8	6	8	DEU 28:40
ਝੜਾਉਣ	1	1	1	0	DAN 9:21
ਝੜਾਵਿਆਂ	1	1	1	0	LUK 21:5
ਝੜੀ	3	3	3	3	PRO 27:15
ਝੜੀਆਂ	1	1	1	0	PSA 72:6
ਝੜੇ	1	1	1	0	ROM 1:7
ਝੰਗੀ	2	2	2	1	PSA 74:5
ਝੰਗੀਆਂ	2	2	1	0	ISA 9:18
ਝੰਜਰੀ	6	6	2	6	EXO 35:16
ਝੰਝਰੀ	1	1	1	0	EXO 27:4
ਝੰਡਾ	16	16	5	18	NUM 2:10
ਝੰਡਿਆਂ	3	3	1	3	NUM 2:17
ਝੰਡੇ	14	14	4	14	NUM 1:52
ਝੰਬ	1	1	1	0	PSA 39:11
ਝੱਖੜ	7	7	5	0	JOB 21:18
ਝੱਗ	6	6	4	6	PSA 46:3
ਝੱਗਾ	2	2	2	0	1SA 2:19
ਝੱਗਿਆਂ	2	2	1	1	DAN 3:21
ਝੱਗੜ	1	1	1	0	NEH 13:17
ਝੱਟ	60	60	14	32	GEN 18:6
ਝੱਟੇ	1	1	1	0	PRO 29:1
ਝੱਪਟਾ	2	2	1	0	JOB 9:12
ਝੱਫ	1	1	1	0	ISA 19:3
ਝੱਫ਼	2	2	1	0	ISA 25:7
ਝੱਬਦੇ	2	2	2	0	PRO 28:18
ਝੱਲ	11	11	9	15	EXO 18:23
ਝੱਲਣ	10	10	6	11	MAT 10:15
ਝੱਲਣਗੇ	1	1	1	0	2PE 2:13
ਝੱਲਣਾ	4	4	2	2	ACT 9:16
ਝੱਲਦਾ	3	3	3	2	NEH 9:30
ਝੱਲਦੇ	6	6	4	2	1CO 4:11
ਝੱਲਾਂ	3	3	3	3	NUM 14:27
ਝੱਲਾਂਗਾ	2	2	2	2	PSA 101:5
ਝੱਲਿਆ	7	7	4	11	GEN 13:6
ਝੱਲੀ	8	8	8	3	DEU 1:12
ਝੱਲੀਆਂ	1	1	1	0	JOB 2:10
ਝੱਲੀਏ	1	1	1	1	ROM 8:17
ਝੱਲੇ	6	6	5	5	MRK 8:31
ਝੱਲੇਂਗਾ	1	1	1	2	EZK 4:5
ਝੱਲੇਗਾ	4	4	4	2	PRO 18:14
ਝੱਲੋ	1	1	1	2	PHP 1:29
ਝੱਲੋਂਗੇ	1	1	1	0	JHN 16:33
ਝੱਸਿਆ	1	1	1	1	PSA 23:5
ਟਕਰਨ	1	1	1	0	ACT 17:18
ਟਕਰਾ	1	1	1	1	JER 13:14
ਟਕਰਾਉਣ	1	1	1	1	DAN 5:6
ਟਕੇ	4	4	2	0	GEN 20:16
ਟਕੋਰ	2	2	1	0	LUK 10:34
ਟਕੱਰੋਗੇ	1	1	1	0	JOS 2:5
ਟਗਵਾਈ	1	1	1	0	JHN 19:19
ਟਟੀਹਰੀ	1	1	1	1	LEV 11:19
ਟਪਕਦਾ	1	1	1	1	PRO 5:3
ਟਪਕਦੀਆਂ	2	2	1	0	JOB 29:22
ਟਪਕਾ	1	1	1	1	PRO 24:13
ਟਪਾਇਆ	1	1	1	0	JOB 39:20
ਟਪੂਸੀ	2	2	1	3	JOL 1:4
ਟਪੂਸੀਆਂ	1	1	1	0	2SA 6:16
ਟਬਰ	1	1	1	0	EST 2:10
ਟਬਰਿੰਮੋਨ	1	1	1	1	1KI 15:18
ਟਬਲਯਾਹ	1	1	1	1	1CH 26:11
ਟਰਪਲਾਯਾਈ	1	1	1	0	EZR 4:9
ਟਲ	20	20	11	21	NUM 25:4
ਟਲਣਗੇ	3	3	3	3	MAT 24:35
ਟਲਮ	1	1	1	0	EZR 10:24
ਟਲਮੋਨ	5	5	3	0	1CH 9:17
ਟਲਿਆ	1	1	1	0	ACT 20:31
ਟਲੇਂਗਾ	1	1	1	1	ACT 13:10
ਟਲੇਗਾ	1	1	1	1	DAN 7:14
ਟਲੇਗੀ	1	1	1	1	MAT 5:18
ਟਹਿਕ	2	2	2	1	EXO 23:12
ਟਹਿਕਦਾ	1	1	1	1	PSA 103:15
ਟਹਿਕਾਂ	1	1	1	1	PSA 39:13
ਟਹਿਣਾ	1	1	1	0	ISA 11:1
ਟਹਿਣਿਆਂ	1	1	1	1	ISA 17:6
ਟਹਿਣੀ	20	20	9	20	EXO 25:33
ਟਹਿਣੀਆਂ	71	71	18	88	GEN 40:10
ਟਹਿਣੇ	2	2	1	2	ISA 17:6
ਟਹਿਲ	151	151	26	103	GEN 25:23
ਟਹਿਲਣ	30	30	9	1	EXO 2:5
ਟਹਿਲਣਾ	2	2	1	0	2SA 6:20
ਟਹਿਲਣਾਂ	5	5	5	1	RUT 2:13
ਟਹਿਲਨ	1	1	1	0	LEV 19:20
ਟਹਿਲਿਆ	1	1	1	1	2KI 4:35
ਟਹਿਲੀਆ	2	2	2	0	GEN 9:25
ਟਹਿਲੀਆਂ	1	1	1	0	ECC 10:7
ਟਹਿਲੀਏ	10	10	3	0	LEV 25:6
ਟਹਿਲੁਏ	2	2	2	0	2KI 4:43
ਟਹਿਲੁਣ	1	1	1	0	1KI 1:13
ਟਹਿਲੂਆ	25	25	11	3	EXO 12:44
ਟਹਿਲੂਆਂ	171	171	20	34	GEN 9:25
ਟਹਿਲੂਏ	101	101	18	19	GEN 50:7
ਟਾਂਕੇ	1	1	1	1	ISA 41:7
ਟਾਂਡੇ	1	1	1	1	ISA 5:24
ਟਾਕਰਾ	5	5	1	5	2CH 13:8
ਟਾਕਰੇ	13	13	3	11	2CH 13:3
ਟਾਕੀ	7	7	4	6	PRO 7:6
ਟਾਟ	11	11	4	6	2KI 6:30
ਟਾਪ	2	2	2	3	JOB 39:21
ਟਾਪਾਂ	1	1	1	0	JDG 5:22
ਟਾਪੂ	24	24	8	25	GEN 10:5
ਟਾਪੂਆਂ	17	17	6	18	EST 10:1
ਟਾਪੂਓ	2	2	1	2	ISA 41:1
ਟਾਫਥ	1	1	1	1	1KI 4:11
ਟਾਬਏਲ	1	1	1	0	EZR 4:7
ਟਾਬਲ	1	1	1	2	ISA 7:6
ਟਾਲ	8	8	7	9	NUM 25:11
ਟਾਲਣਾ	1	1	1	1	DAN 2:8
ਟਾਲਨਾ	1	1	1	0	HEB 10:28
ਟਾਹਣਾ	1	1	1	1	2KI 6:5
ਟਾਹਣੀ	2	2	1	3	JDG 9:48
ਟਾਹਣੀਆ	1	1	1	0	2SA 5:24
ਟਾਹਣੀਆਂ	7	7	3	5	LEV 23:40
ਟਾਹਣੇ	1	1	1	1	2SA 18:9
ਟਿਕ	11	11	8	0	GEN 20:1
ਟਿਕਣ	15	15	6	10	GEN 25:27
ਟਿਕਣਗੇ	2	2	2	1	LAM 4:15
ਟਿਕਦਾ	7	7	6	2	NUM 15:29
ਟਿਕਦੀ	1	1	1	0	NAM 3:17
ਟਿਕਦੇ	3	3	3	2	NEH 13:21
ਟਿਕਾ	6	6	6	6	2SA 3:10
ਟਿਕਾਇਆ	7	7	5	5	JDG 18:30
ਟਿਕਾਈਆਂ	1	1	1	1	2CH 4:8
ਟਿਕਾਉਂਦਾ	1	1	1	1	REV 13:12
ਟਿਕਾਉਣ	1	1	1	0	JDG 19:15
ਟਿਕਾਓ	1	1	1	1	PRO 16:12
ਟਿਕਾਣਾ	11	11	9	13	GEN 8:9
ਟਿਕਾਣਿਆਂ	6	6	5	8	EXO 10:23
ਟਿਕਾਣਿਓਂ	1	1	1	1	PRO 27:8
ਟਿਕਾਣੇ	4	4	4	3	1CH 15:12
ਟਿਕਾਨਾ	1	1	1	0	OBA 1:3
ਟਿਕਾਨੇ	1	1	1	0	ISA 35:7
ਟਿਕਾਵਾਂਗਾ	1	1	1	1	1CH 17:9
ਟਿਕਿਆ	38	38	18	22	GEN 22:19
ਟਿਕੀ	3	3	3	2	2KI 8:11
ਟਿਕੀਆਂ	2	2	2	1	JOS 4:18
ਟਿਕੀਏ	1	1	1	1	2SA 21:5
ਟਿਕੇ	19	19	16	10	GEN 25:18
ਟਿਕੇਗਾ	7	7	3	7	PSA 15:1
ਟਿਕੇਗੀ	1	1	1	0	ISA 34:14
ਟਿਕੋ	9	9	7	1	NUM 22:8
ਟਿਬਹਥ	1	1	1	1	1CH 18:8
ਟਿਲੇ	1	1	1	0	REV 17:9
ਟਿਹਣੀਆਂ	4	4	1	0	DAN 4:12
ਟਿੱਕ	8	8	4	3	GEN 8:4
ਟਿੱਕਦਾ	1	1	1	0	JOB 41:22
ਟਿੱਕਦੇ	1	1	1	0	2KI 6:1
ਟਿੱਕਾ	1	1	1	0	1KI 1:35
ਟਿੱਕਿਆ	1	1	1	0	1CH 29:22
ਟਿੱਕੀਂ	1	1	1	1	GEN 26:3
ਟਿੱਕੀਆਂ	1	1	1	2	JER 44:19
ਟਿੱਡਾ	1	1	1	0	DEU 28:42
ਟਿੱਡਿਆਂ	2	2	2	2	ISA 40:22
ਟਿੱਡੀ	9	9	6	17	LEV 11:22
ਟਿੱਡੀਆਂ	6	6	6	22	NUM 13:33
ਟਿੱਡੇ	2	2	2	2	ISA 33:4
ਟਿੱਪਣੀ	4	4	2	0	JHN 16:25
ਟਿੱਬਾ	3	3	2	3	ISA 32:14
ਟਿੱਬਿਆਂ	9	9	3	8	ISA 2:14
ਟਿੱਬੇ	13	13	6	12	JOS 5:3
ਟਿੱਲਾ	2	2	2	1	2SA 22:3
ਟਿੱਲਿਆ	1	1	1	0	EZK 35:8
ਟਿੱਲਿਆਂ	11	11	8	15	DEU 12:2
ਟਿੱਲੇ	19	19	13	20	EXO 17:9
ਟੀਕ	1	1	1	0	NEH 2:7
ਟੀਚਾ	2	2	1	1	1PE 1:9
ਟੀਨ	3	3	1	3	EZK 22:18
ਟੀਨੂੰ	1	1	1	0	JOB 8:18
ਟੀਸੀ	37	37	16	32	GEN 11:4
ਟੀਸੀਆਂ	9	9	6	7	GEN 8:5
ਟੁਕੜਾ	9	9	8	0	1SA 2:36
ਟੁਕੜਿਆ	1	1	1	0	1KI 11:30
ਟੁਕੜਿਆਂ	12	12	6	0	ISA 30:14
ਟੁਕੜੇ	20	20	10	0	EXO 37:22
ਟੁੰਡ	23	23	8	12	DEU 16:21
ਟੁੰਡਦੇਵੀ	1	1	1	1	2KI 23:6
ਟੁੰਡਾ	7	7	4	3	DEU 12:3
ਟੁੰਡਾਂ	12	12	7	14	EXO 34:13
ਟੁੰਡਿਆਂ	3	3	2	3	MAT 15:30
ਟੁੰਡੇ	1	1	1	1	MAT 15:31
ਟੁੰਬ	2	2	1	2	1KI 19:5
ਟੁੰਬਦਾ	1	1	1	1	PSA 104:32
ਟੁੱਕ	1	1	1	1	PSA 59:15
ਟੁੱਕਣ	1	1	1	1	HOS 5:2
ਟੁੱਕਰ	1	1	1	1	PSA 109:10
ਟੁੱਕੜ	1	1	1	0	PSA 35:16
ਟੁੱਕੜਾ	1	1	1	18	1CH 11:13
ਟੁੱਕੜੇ	12	12	6	18	EXO 25:36
ਟੁੱਟ	36	36	15	39	NUM 30:8
ਟੁੱਟਣ	5	5	5	5	ISA 30:14
ਟੁੱਟਣਾ	2	2	1	3	ISA 30:13
ਟੁੱਟਦਾ	1	1	1	1	ISA 5:27
ਟੁੱਟਦੀ	2	2	2	3	PSA 119:20
ਟੁੱਟਦੇ	1	1	1	0	JOB 38:36
ਟੁੱਟਾ	4	4	4	2	LEV 22:22
ਟੁੱਟਾਂ	1	1	1	0	2KI 12:5
ਟੁੱਟਿਆ	1	1	1	3	REV 8:10
ਟੁੱਟੀ	4	4	4	6	1KI 18:30
ਟੁੱਟੀਆਂ	2	2	2	4	NEH 2:13
ਟੁੱਟੇ	11	11	6	12	2CH 20:37
ਟੁੱਟੇਗੀ	2	2	1	2	PRO 23:18
ਟੂਣੇ	2	2	2	0	2KI 21:6
ਟੂੰਬਾਂ	1	1	1	0	GEN 24:53
ਟੇਕ	23	23	12	21	EXO 20:5
ਟੇਕਕੇ	1	1	1	0	GEN 22:5
ਟੇਕਣ	16	16	10	16	1SA 1:3
ਟੇਕਣਗੀਆਂ	1	1	1	2	PSA 86:9
ਟੇਕਣਗੇ	13	13	4	12	PSA 22:27
ਟੇਕਦਾ	3	3	2	4	EST 3:2
ਟੇਕਦੀ	2	2	2	2	NEH 9:6
ਟੇਕਦੇ	11	11	7	12	DEU 30:17
ਟੇਕਰੇ	1	1	1	1	1SA 24:2
ਟੇਕਾਂ	3	3	3	4	1SA 15:30
ਟੇਕਾਂਗਾ	2	2	1	2	PSA 5:7
ਟੇਕਾਂਗੇ	2	2	2	2	GEN 37:10
ਟੇਕਿਆ	79	79	27	80	GEN 24:26
ਟੇਕਿਓ	1	1	1	1	2KI 17:35
ਟੇਕੀਂ	2	2	2	3	EXO 34:14
ਟੇਕੀਏ	2	2	1	2	PSA 95:6
ਟੇਕੇ	5	5	3	6	JDG 2:19
ਟੇਕੇਂ	2	2	2	2	MAT 4:9
ਟੇਕੇਂਗਾ	1	1	1	1	MIC 5:13
ਟੇਕੇਗਾ	2	2	2	2	1SA 2:36
ਟੇਕੋ	19	19	11	21	EXO 23:24
ਟੇਕੋਗੇ	1	1	1	1	JOS 23:16
ਟੇਡ	1	1	1	0	PRO 11:3
ਟੇਡਾ	3	3	3	3	PSA 82:2
ਟੇਡੇ	2	2	1	4	PRO 11:20
ਟੇਢਾ	3	3	2	8	JOB 9:20
ਟੇਢਿਆਂ	3	3	2	5	PRO 22:5
ਟੇਢੀ	5	5	5	9	DEU 32:5
ਟੇਢੇ	3	3	2	6	PRO 4:24
ਟੇਬੇਥ	1	1	1	1	EST 2:16
ਟੇਲੀਆਂ	1	1	1	0	JOB 1:17
ਟੇਵੇ	1	1	1	2	ISA 47:13
ਟੋਆ	16	16	8	14	GEN 37:24
ਟੋਇਆਂ	7	7	6	7	1SA 13:6
ਟੋਏ	40	40	13	38	GEN 14:10
ਟੋਕ	2	2	2	0	ISA 14:6
ਟੋਕਰਾ	2	2	1	0	EXO 2:3
ਟੋਕਰਿਆਂ	1	1	1	1	2KI 10:7
ਟੋਕਰੀ	12	12	7	21	GEN 40:17
ਟੋਕਰੀਆਂ	9	9	6	10	GEN 40:16
ਟੋਕਰੇ	7	7	5	11	LEV 8:2
ਟੋਕਾ	4	4	4	3	1KI 8:37
ਟੋਕੇ	1	1	1	0	JOL 1:4
ਟੋਟਕੇ	2	2	2	0	2KI 21:6
ਟੋਟਾ	6	6	3	0	LEV 27:16
ਟੋਟਿਆਂ	7	7	5	4	GEN 15:17
ਟੋਟੇ	91	91	22	7	GEN 15:10
ਟੋਪ	11	11	7	11	1SA 17:5
ਟੋਪਾ	2	2	2	2	LEV 19:36
ਟੋਪਾਂ	1	1	1	1	JER 46:4
ਟੋਪਿਆਂ	1	1	1	1	ISA 5:10
ਟੋਪੇ	7	7	6	5	RUT 3:15
ਟੋਬ	4	4	3	0	1SA 22:11
ਟੋਬੀਯਾਹ	18	18	4	2	2CH 17:8
ਟੋਲ	3	3	2	0	JDG 8:26
ਟੋਲਦਾ	1	1	1	1	ACT 13:11
ਟੋਲਾ	4	4	3	1	RUT 4:3
ਟੋਲੀ	33	33	11	33	GEN 32:8
ਟੋਲੀਆ	1	1	1	0	NEH 12:31
ਟੋਲੀਆਂ	16	16	8	20	GEN 32:7
ਟੋਹ	2	2	2	0	LUK 20:19
ਟੋਹਕੇ	1	1	1	0	GEN 27:22
ਟੋਹਾਂ	1	1	1	0	GEN 27:21
ਟੋਹਿਆ	5	5	3	1	GEN 31:34
ਟੋਹੇ	1	1	1	1	GEN 27:12
ਟੋਹੋ	1	1	1	0	LUK 24:39
ਟੋਹੰਦਾ	1	1	1	1	DEU 28:29
ਟੋਹੰਦੇ	5	5	3	4	DEU 28:29
ਟ੍ਰੇਨ	1	1	1	0	MIC 6:13
ਟੰਗ	11	11	7	7	GEN 40:19
ਟੰਗਣ	1	1	1	0	EST 6:4
ਟੰਗਿਆ	2	2	2	3	DEU 21:23
ਟੰਗੀ	1	1	1	1	DEU 21:23
ਟੰਗੇ	6	6	5	3	JOS 10:26
ਟੰਟੇ	1	1	1	0	1TI 6:5
ਟੱਕ	1	1	1	1	DEU 19:5
ਟੱਕਰ	4	4	4	4	1SA 24:19
ਟੱਕਰਾਂਗੇ	1	1	1	1	2SA 17:12
ਟੱਕਰਿਆ	1	1	1	0	LUK 8:27
ਟੱਕਰੀ	1	1	1	1	EXO 14:9
ਟੱਕਰੀਆਂ	1	1	1	0	1SA 9:4
ਟੱਕਰੇ	3	3	3	1	EXO 5:20
ਟੱਕਾਂ	1	1	1	0	DEU 20:19
ਟੱਡ	2	2	1	1	PSA 35:21
ਟੱਡਦਾ	1	1	1	0	PRO 13:3
ਟੱਡਦੇ	1	1	1	0	PSA 22:13
ਟੱਡੀਆਂ	3	3	2	0	JOB 15:12
ਟੱਡੇ	1	1	1	0	JOB 16:10
ਟੱਪ	2	2	2	2	2SA 22:30
ਟੱਪਕਦੇ	1	1	1	0	ZEP 1:9
ਟੱਪਣ	1	1	1	2	LEV 11:21
ਟੱਪਣਗੇ	1	1	1	0	ISA 33:4
ਟੱਪਦਾ	1	1	1	0	LAM 5:10
ਟੱਪਦੇ	7	7	5	5	GEN 31:10
ਟੱਬਓਥ	1	1	1	0	EZR 2:43
ਟੱਬਰ	193	193	20	128	GEN 7:1
ਟੱਬਰਾਂ	63	63	10	56	GEN 36:40
ਟੱਬਰੋ	1	1	1	1	JER 2:4
ਟੱਬਾਓਥ	1	1	1	2	NEH 7:46
ਟੱਬਾਥ	1	1	1	1	JDG 7:22
ਠਠਿਆਰ	1	1	1	1	1KI 7:14
ਠਠੇਰਿਆਂ	1	1	1	1	2CH 24:12
ਠਠੇਰੇ	1	1	1	1	2TI 4:14
ਠਰ	1	1	1	1	PSA 76:8
ਠਰਲੀ	1	1	1	0	HAB 2:7
ਠਲ੍ਹਿਆ	2	2	1	0	EZR 4:24
ਠਹਿਰ	27	27	17	40	EXO 12:39
ਠਹਿਰਕੇ	2	2	1	0	GEN 8:10
ਠਹਿਰਣ	1	1	1	4	JHN 4:40
ਠਹਿਰਣਾ	2	2	2	2	NUM 22:19
ਠਹਿਰਦਾ	8	8	5	16	NUM 9:17
ਠਹਿਰਦਿਆਂ	1	1	1	1	JHN 1:33
ਠਹਿਰਦੀਆਂ	3	3	3	3	RUT 1:13
ਠਹਿਰਦੇ	3	3	3	6	ISA 5:11
ਠਹਿਰਨ	7	7	6	5	LEV 11:35
ਠਹਿਰਨਗੇ	3	3	3	5	PSA 34:21
ਠਹਿਰਾ	39	39	16	42	GEN 17:5
ਠਹਿਰਾਂ	2	2	2	4	JOB 32:16
ਠਹਿਰਾਂਗਾ	12	12	9	9	GEN 43:9
ਠਹਿਰਾਂਗੇ	2	2	2	1	1KI 1:21
ਠਹਿਰਾਇਆ	134	134	37	172	GEN 2:3
ਠਹਿਰਾਇਆਂ	5	5	5	0	1KI 15:15
ਠਹਿਰਾਇਓ	1	1	1	1	EXO 12:4
ਠਹਿਰਾਈ	18	18	16	22	NUM 28:6
ਠਹਿਰਾਈਂ	1	1	1	1	NUM 3:10
ਠਹਿਰਾਈਆਂ	13	13	10	15	LEV 26:46
ਠਹਿਰਾਈਏ	2	2	2	0	1SA 11:14
ਠਹਿਰਾਉਂਦਾ	18	18	9	25	LEV 21:15
ਠਹਿਰਾਉਂਦੀ	2	2	2	2	JHN 7:51
ਠਹਿਰਾਉਂਦੇ	6	6	5	8	NUM 20:12
ਠਹਿਰਾਉਣ	12	12	9	16	EXO 22:9
ਠਹਿਰਾਉਣਗੇ	4	4	4	4	HOS 1:11
ਠਹਿਰਾਉਣਾ	1	1	1	1	JOB 33:32
ਠਹਿਰਾਊ	1	1	1	0	JOB 34:29
ਠਹਿਰਾਏ	66	66	28	110	EXO 1:11
ਠਹਿਰਾਓ	12	12	7	10	NUM 4:27
ਠਹਿਰਾਓਗੇ	2	2	2	2	DEU 28:36
ਠਹਿਰਾਵਾਂ	3	3	3	4	DEU 1:13
ਠਹਿਰਾਵਾਂਗਾ	19	19	10	18	EXO 21:13
ਠਹਿਰਾਵੀਂ	2	2	2	0	LEV 5:15
ਠਹਿਰਾਵੇ	16	16	9	40	GEN 41:33
ਠਹਿਰਾਵੇਂ	7	7	4	6	LEV 27:12
ਠਹਿਰਾਵੇਂਗਾ	3	3	2	4	JOB 34:17
ਠਹਿਰਾਵੇਂਗੀ	1	1	1	1	ISA 54:17
ਠਹਿਰਾਵੇਗਾ	17	17	13	18	EXO 20:7
ਠਹਿਰਾਵੇਗੀ	2	2	2	2	MAT 12:42
ਠਹਿਰਿਆ	23	23	15	29	EXO 2:10
ਠਹਿਰੀ	9	9	6	6	LEV 12:4
ਠਹਿਰੀਂ	1	1	1	2	GEN 19:17
ਠਹਿਰੂ	1	1	1	0	JOB 25:4
ਠਹਿਰੇ	39	39	16	67	EXO 21:19
ਠਹਿਰੇਂ	3	3	3	4	PSA 51:4
ਠਹਿਰੇਂਗਾ	1	1	1	1	JER 12:1
ਠਹਿਰੇਗਾ	12	12	6	23	LEV 5:1
ਠਹਿਰੇਗੀ	2	2	2	2	ISA 45:25
ਠਹਿਰੋ	9	9	8	12	GEN 19:2
ਠਹਿਰੋਗੇ	3	3	3	3	GEN 44:10
ਠਾਕ	1	1	1	0	2SA 23:5
ਠਾਕਰ	11	11	3	0	JDG 9:27
ਠਾਕਰਾਂ	2	2	2	0	1CH 14:12
ਠਾਕਿਆ	1	1	1	0	GEN 16:2
ਠਾਕੁਰ	1	1	1	0	LEV 26:1
ਠਾਕੁਰਾਂ	2	2	1	0	LEV 19:4
ਠਾਠ	2	2	2	1	EST 5:11
ਠਾਠਾਂ	13	13	7	11	JOB 9:8
ਠਾਣ	9	9	7	12	2KI 19:25
ਠਾਣਿਆ	11	11	5	10	2CH 25:16
ਠਾਣੀ	1	1	1	1	PSA 21:11
ਠਾਨ	1	1	1	0	LAM 2:8
ਠਾਪ	1	1	1	0	EST 3:12
ਠਾਹਿਰਾਵਾਂਗਾ	1	1	1	0	LEV 26:16
ਠਿਆਈਆਂ	1	1	1	0	2SA 7:11
ਠਿਕਾਣਾ	2	2	2	3	1CH 29:15
ਠਿਕਾਣਿਓਂ	1	1	1	0	REV 6:14
ਠਿਕਾਣੇ	3	3	3	5	ISA 4:5
ਠਿਠ	1	1	1	0	JHN 19:3
ਠਿਹਰਾ	1	1	1	0	JON 1:17
ਠਿਹਰਾਇਆ	3	3	2	0	EZR 10:12
ਠਿਹਰਾਈ	2	2	1	0	DAN 6:7
ਠਿਹਰਾਏ	5	5	1	0	DAN 6:1
ਠਿਹਰਾਵੇ	1	1	1	0	DAN 6:15
ਠਿਹਰੇਗਾ	1	1	1	0	DAN 11:25
ਠਿੱਠ	1	1	1	0	1KI 9:7
ਠਿੱਲਾਂ	1	1	1	1	JER 51:55
ਠੀਕ	134	134	32	141	GEN 27:36
ਠੀਕਰਾ	3	3	2	3	JOB 2:8
ਠੀਕਰੀਆਂ	4	4	4	2	JOB 41:30
ਠੀਕਰੇ	1	1	1	1	PSA 22:15
ਠੁਕਰਾਏ	2	2	1	2	JER 6:15
ਠੁਕਾਵੀਂ	1	1	1	0	LEV 19:28
ਠੁਮਕ	2	2	1	0	ISA 3:16
ਠੁੱਕ	1	1	1	0	EPH 3:17
ਠੁੱਡਾ	1	1	1	0	1CH 13:9
ਠੂਹੇਂ	1	1	1	1	PRO 23:32
ਠੂੰਹਿਆਂ	1	1	1	0	LUK 10:19
ਠੇਕਾ	1	1	1	1	JOB 15:8
ਠੇਡਾ	20	20	6	20	PSA 9:3
ਠੇਡੇ	9	9	7	6	1SA 2:4
ਠੇੜੇ	1	1	1	0	ISA 34:1
ਠੋਕ	2	2	2	3	ACT 16:24
ਠੋਕਦਾ	1	1	1	1	JOB 13:27
ਠੋਕਰ	71	71	19	81	LEV 19:14
ਠੋਕਰਾਂ	4	4	3	5	ZEP 1:3
ਠੋਕਾਂਗਾ	1	1	1	1	ISA 22:23
ਠੋਕਿਆ	3	3	2	3	JDG 4:21
ਠੋਡੀ	3	3	1	0	LEV 13:29
ਠੋਸ	2	2	1	0	1CO 3:2
ਠੌਰ	1	1	1	0	PSA 37:10
ਠੰਡ	2	2	2	6	GEN 3:8
ਠੰਡਾ	13	13	8	14	2KI 22:17
ਠੰਡਿਆਂ	2	2	2	1	PRO 16:14
ਠੰਡੀ	2	2	2	3	PSA 12:5
ਠੰਡੀਆਂ	1	1	1	0	GEN 32:20
ਠੰਡੇ	2	2	2	4	JER 18:14
ਠੰਢੀ	2	2	2	0	MAT 24:12
ਠੰਢੇ	1	1	1	0	MAT 10:42
ਠੱਗ	5	5	4	5	PSA 109:11
ਠੱਗਣਗੇ	1	1	1	1	ISA 33:1
ਠੱਗਦੇ	2	2	2	2	MAL 3:9
ਠੱਗਾ	1	1	1	1	ISA 33:1
ਠੱਗਾਂ	1	1	1	2	ISA 24:16
ਠੱਗਿਆ	2	2	2	3	GEN 31:27
ਠੱਗੀ	6	6	4	8	LEV 6:2
ਠੱਗੇਗਾ	1	1	1	1	MAL 3:8
ਠੱਠਾ	30	30	14	37	2KI 2:23
ਠੱਠਿਆਂ	5	5	5	5	JOB 34:7
ਠੱਠੇ	15	15	10	10	GEN 39:14
ਠੱਡਿਆਂ	1	1	1	0	PRO 23:10
ਠੱਡੇ	1	1	1	0	PRO 22:28
ਠੱਪ	1	1	1	0	ISA 8:16
ਠੱਪਿਆ	1	1	1	0	ISA 28:18
ਡਕ	1	1	1	0	NEH 4:11
ਡਕਾਰਦੇ	2	2	1	2	PSA 59:7
ਡਗਮਗਾ	1	1	1	2	ISA 19:14
ਡਗਮਗਾਉਂਦਾ	1	1	1	1	ISA 19:14
ਡਗਮਗਾਉਂਦੀ	1	1	1	1	ISA 24:20
ਡਗਮਗਾਉਂਦੇ	4	4	2	4	JOB 4:4
ਡਗਮਗਾਉਣ	3	3	2	2	PSA 105:37
ਡਡਿਆ	2	2	2	0	MAT 14:26
ਡਬੋ	2	2	2	1	EXO 12:22
ਡਬੋਇਆ	1	1	1	0	JHN 13:26
ਡਬੋਏ	1	1	1	1	DEU 33:24
ਡਬੋਵਾਂਗਾ	1	1	1	1	JHN 13:26
ਡਬੋਵੇ	1	1	1	1	NUM 19:18
ਡਰ	164	164	45	243	GEN 3:10
ਡਰਦਾ	42	42	22	48	GEN 19:30
ਡਰਦੀਆਂ	2	2	2	2	EXO 1:17
ਡਰਦੇ	45	45	22	44	EXO 18:21
ਡਰਨ	23	23	11	24	DEU 31:12
ਡਰਨਗੀਆਂ	1	1	1	2	JER 33:9
ਡਰਨਗੇ	12	12	7	12	DEU 2:4
ਡਰਨਾ	10	10	7	10	LEV 19:3
ਡਰਾਂ	2	2	1	2	PSA 27:1
ਡਰਾਂਗਾ	8	8	4	7	JOB 9:35
ਡਰਾਂਗੇ	2	2	2	1	1SA 23:3
ਡਰਾਇਆ	4	4	3	5	2SA 14:15
ਡਰਾਉਂਦੀ	2	2	1	2	JOB 13:11
ਡਰਾਉਂਦੇ	2	2	1	3	JOB 15:24
ਡਰਾਉਣ	5	5	5	8	NEH 6:19
ਡਰਾਉਣਾ	9	9	6	9	GEN 15:12
ਡਰਾਉਣਿਆਂ	2	2	1	1	ISA 25:4
ਡਰਾਉਣੀ	4	4	4	2	EXO 34:10
ਡਰਾਉਣੀਆਂ	2	2	2	2	2SA 7:23
ਡਰਾਉਣੇ	4	4	4	6	1CH 17:21
ਡਰਾਊ	1	1	1	0	PSA 31:11
ਡਰਾਏਗਾ	2	2	2	0	JOB 11:19
ਡਰਾਕਲਾਂ	1	1	1	1	REV 21:8
ਡਰਾਵਾ	1	1	1	1	ISA 19:17
ਡਰਾਵਾਂ	1	1	1	1	EZK 20:26
ਡਰਾਵਿਆਂ	2	2	1	2	DEU 4:34
ਡਰਾਵੇ	3	3	1	2	JOB 3:5
ਡਰਾਵੇਂਗਾ	1	1	1	1	JOB 13:25
ਡਰਾਵੇਗਾ	7	7	4	10	ISA 17:2
ਡਰਾਵੇਗੀ	1	1	1	0	HAB 2:17
ਡਰਿਆ	17	17	11	11	GEN 31:31
ਡਰਿਓ	2	2	1	6	DEU 1:17
ਡਰੀ	4	4	3	3	LEV 19:14
ਡਰੀਂ	13	13	9	10	LEV 25:17
ਡਰੀਆਂ	2	2	2	2	EXO 1:21
ਡਰੀਏ	2	2	2	3	DEU 6:24
ਡਰੂ	1	1	1	0	JOB 23:16
ਡਰੇ	22	22	14	25	EXO 14:10
ਡਰੇਂ	1	1	1	1	ISA 51:12
ਡਰੇਂਗਾ	3	3	2	4	JOB 5:21
ਡਰੇਗਾ	6	6	5	7	PSA 27:3
ਡਰੇਗੀ	1	1	1	1	DEU 17:13
ਡਰੋ	62	62	24	61	GEN 43:23
ਡਰੋਂ	1	1	1	0	ZEC 8:15
ਡਰੋਗੇ	1	1	1	1	EXO 9:30
ਡਰੌਣ	1	1	1	0	2CH 32:18
ਡਲੇ	2	2	1	2	JOB 21:33
ਡਸਦਾ	1	1	1	0	NUM 21:9
ਡਸਿਆ	2	2	1	0	NUM 21:6
ਡਹਾਈ	1	1	1	0	1KI 2:19
ਡਹਿ	1	1	1	0	ACT 13:45
ਡਹਿਲ	3	3	2	0	1SA 12:18
ਡਾਂਗ	3	3	2	2	EXO 21:20
ਡਾਂਗਾਂ	6	6	4	6	MAT 26:47
ਡਾਂਟਣ	1	1	1	1	PRO 9:7
ਡਾਉਣੀ	2	2	1	0	EST 5:6
ਡਾਕੀਆਂ	2	2	1	0	EST 3:13
ਡਾਕੀਏ	2	2	1	0	EST 3:15
ਡਾਕੂ	8	8	5	12	OBA 1:5
ਡਾਕੂਆਂ	10	10	6	10	HOS 6:9
ਡਾਟਾਂ	1	1	1	1	EZK 40:21
ਡਾਡਾਂ	1	1	1	0	JDG 7:21
ਡਾਢਾ	48	48	21	19	GEN 47:4
ਡਾਢੀ	34	34	19	16	EXO 9:24
ਡਾਢੀਆਂ	1	1	1	1	REV 19:6
ਡਾਢੇ	39	39	16	23	LEV 26:28
ਡਾਲ	2	2	1	0	GEN 49:22
ਡਾਲਿਆਂ	1	1	1	0	JOB 5:2
ਡਾਲੀ	1	1	1	0	EZK 8:17
ਡਾਲੀਆਂ	15	15	6	10	JOB 8:16
ਡਾਲੇਗਾ	1	1	1	0	PSA 21:7
ਡਾਵਾਂ	1	1	1	1	MAT 9:36
ਡਾਹ	2	2	2	1	PSA 10:14
ਡਾਹੇਗਾ	1	1	1	1	DAN 11:23
ਡਾਹੋ	2	2	1	0	HOS 2:2
ਡਿਉਢੀ	1	1	1	1	JHN 10:23
ਡਿਉੜੀ	3	3	2	13	2CH 3:4
ਡਿਉੜ੍ਹੀ	12	12	6	39	JOS 20:4
ਡਿਉੜ੍ਹੀਆਂ	1	1	1	0	2SA 18:24
ਡਿਓੜ੍ਹੀ	1	1	1	0	2CH 15:8
ਡਿਗ	5	5	3	0	2SA 2:23
ਡਿਗਣਗੇ	1	1	1	0	JER 51:4
ਡਿਗਦਾ	2	2	2	0	LAM 1:16
ਡਿਠਾ	3	3	3	0	EXO 14:24
ਡਿਪਟੀ	5	5	1	1	ACT 13:7
ਡਿਪਟੀਆਂ	1	1	1	0	ISA 41:25
ਡਿੱਗ	207	207	39	223	GEN 14:10
ਡਿੱਗਣ	17	17	10	14	1SA 3:19
ਡਿੱਗਣਗੀਆਂ	4	4	4	4	NUM 14:29
ਡਿੱਗਣਗੇ	19	19	9	21	LEV 26:7
ਡਿੱਗਣਾ	1	1	1	3	PRO 29:16
ਡਿੱਗਦਾ	7	7	4	7	JOB 14:18
ਡਿੱਗਦੀ	4	4	4	4	2SA 17:12
ਡਿੱਗਦੀਆਂ	1	1	1	1	PSA 45:5
ਡਿੱਗਦੇ	12	12	9	11	1SA 14:13
ਡਿੱਗਾ	10	10	5	7	1SA 5:3
ਡਿੱਗਿਆ	22	22	15	32	GEN 17:3
ਡਿੱਗਿਆਂ	2	2	1	2	JER 6:15
ਡਿੱਗੀ	7	7	3	8	2SA 14:4
ਡਿੱਗੀਏ	1	1	1	1	NUM 14:3
ਡਿੱਗੇ	18	18	16	25	EXO 32:28
ਡਿੱਗੇਂ	2	2	2	2	2KI 14:10
ਡਿੱਗੇਂਗਾ	2	2	2	1	EST 6:13
ਡਿੱਗੇਗਾ	22	22	12	19	EXO 23:26
ਡਿੱਗੇਗੀ	3	3	2	3	ISA 47:11
ਡਿੱਗੋਂਗੇ	1	1	1	0	2PE 1:10
ਡਿੱਠਾ	321	321	33	25	GEN 1:4
ਡਿੱਠਾਭਾਈ	1	1	1	0	1CH 19:19
ਡਿੱਠੀ	16	16	10	2	GEN 42:27
ਡਿੱਠੀਆ	1	1	1	0	DAN 4:10
ਡਿੱਠੀਆਂ	4	4	3	1	2KI 23:16
ਡਿੱਠੇ	6	6	5	0	GEN 24:30
ਡੀ	2	2	1	0	ACT 2:38
ਡੀਲ	1	1	1	3	EPH 4:13
ਡੁਘਿਆਈ	3	3	1	0	PRO 8:27
ਡੁਘਿਆਈਆਂ	2	2	1	0	PRO 8:24
ਡੁਲ੍ਹਦਾ	1	1	1	1	LUK 6:38
ਡੁੰਘਾਈ	1	1	1	1	EPH 3:18
ਡੁੰਘਿਆਈ	15	15	8	12	GEN 1:2
ਡੁੰਘਿਆਈਆਂ	2	2	2	12	PRO 3:20
ਡੁੱਬ	18	18	13	21	GEN 28:11
ਡੁੱਬਣ	8	8	7	13	GEN 15:12
ਡੁੱਬਦਾ	1	1	1	1	DEU 11:30
ਡੁੱਬੇ	3	3	3	3	DEU 24:15
ਡੁੱਲੇ	2	2	1	2	PRO 21:9
ਡੁੱਲ੍ਹਦੀ	1	1	1	1	JOB 30:16
ਡੂਢ	16	16	9	0	GEN 8:3
ਡੂਢਕੁ	1	1	1	0	REV 14:20
ਡੂੰਘਾ	14	14	9	20	LEV 13:3
ਡੂੰਘਾਈ	2	2	2	0	1PE 4:8
ਡੂੰਘਾਣ	2	2	2	1	PSA 107:26
ਡੂੰਘਿਆ	1	1	1	0	PSA 33:7
ਡੂੰਘਿਆਈ	16	16	7	18	NEH 9:11
ਡੂੰਘਿਆਈਆਂ	10	10	5	0	GEN 49:25
ਡੂੰਘਿਆਈਓ	1	1	1	0	PSA 148:7
ਡੂੰਘੀ	11	11	5	7	LEV 13:4
ਡੂੰਘੀਆਂ	4	4	4	5	LEV 14:37
ਡੂੰਘੇ	9	9	5	13	PSA 69:2
ਡੇਉਢੀ	1	1	1	0	GEN 28:17
ਡੇਉੜੀ	2	2	1	0	2CH 29:7
ਡੇਉੜ੍ਹੀ	43	43	9	0	GEN 19:1
ਡੇਓਢੀ	1	1	1	0	MRK 14:68
ਡੇਗ	26	26	14	16	JDG 9:53
ਡੇਗਣ	3	3	3	1	PSA 118:13
ਡੇਗਦਾ	2	2	2	0	1SA 2:7
ਡੇਗਾਂਗਾ	1	1	1	1	JER 42:10
ਡੇਗਿਆ	4	4	4	3	JER 31:40
ਡੇਗੀ	3	3	3	2	RUT 2:16
ਡੇਗੀਆਂ	1	1	1	1	EZK 38:20
ਡੇਗੇ	10	10	5	10	2SA 21:22
ਡੇਗੇਗਾ	1	1	1	1	DAN 11:12
ਡੇਢ	11	11	5	25	GEN 7:24
ਡੇਮੂ	1	1	1	0	EXO 23:28
ਡੇਰਾ	28	28	9	47	GEN 33:18
ਡੇਰਿਆਂ	33	33	13	41	LEV 4:12
ਡੇਰਿਓਂ	4	4	3	1	LEV 4:21
ਡੇਰੇ	270	270	25	390	EXO 14:19
ਡੇਲੀਆਂ	2	2	1	0	MIC 4:11
ਡੇਹਮੂ	2	2	2	2	DEU 7:20
ਡੇਹਰਾ	17	17	9	0	EXO 26:6
ਡੇਹਰਿਆਂ	3	3	1	0	PSA 43:3
ਡੇਹਰੇ	111	111	11	0	EXO 25:9
ਡੈਂਬਰ	5	5	4	0	JOB 18:20
ਡੈਂਬਰੇਗਾ	1	1	1	0	ISA 31:4
ਡੋਂਗੀ	1	1	1	0	MRK 3:9
ਡੋਂਡੀ	1	1	1	0	1KI 21:9
ਡੋਗ	1	1	1	0	2SA 13:11
ਡੋਡੀ	3	3	3	0	2SA 23:9
ਡੋਡੀਆਂ	1	1	1	1	EZK 7:10
ਡੋਬ	9	9	4	9	LEV 4:6
ਡੋਬਣਗੀਆਂ	1	1	1	1	ISA 43:2
ਡੋਬਦਾ	1	1	1	1	MRK 14:20
ਡੋਬਿਆ	2	2	2	2	GEN 37:31
ਡੋਬੇ	1	1	1	1	LEV 14:51
ਡੋਬੇਂ	1	1	1	1	PSA 68:23
ਡੋਰ	3	3	2	2	EXO 28:37
ਡੋਰੀ	4	4	3	10	JOS 2:18
ਡੋਰੀਆਂ	5	5	3	7	2SA 22:6
ਡੋਰੇ	2	2	2	0	LEV 19:14
ਡੋਲ	8	8	4	8	2SA 23:5
ਡੋਲਣ	4	4	1	6	PSA 55:22
ਡੋਲਦਾ	2	2	1	2	PSA 94:18
ਡੋਲਦੀ	1	1	1	2	MAT 14:24
ਡੋਲਦੇ	1	1	1	1	EPH 4:14
ਡੋਲਾਂਗਾ	7	7	2	7	PSA 10:6
ਡੋਲਿਆਂ	1	1	1	0	JOB 5:2
ਡੋਲੇਗਾ	4	4	1	4	PSA 15:5
ਡੋਲ੍ਹ	1	1	1	37	1SA 7:6
ਡੋਲ੍ਹਦਾ	1	1	1	1	PSA 107:40
ਡੋਲ੍ਹਿਆ	2	2	2	10	2SA 14:14
ਡੋਹਲ	30	30	15	4	GEN 24:20
ਡੋਹਲਕੇ	1	1	1	0	LEV 8:15
ਡੋਹਲਣ	2	2	1	0	EXO 25:29
ਡੋਹਲਣਗੇ	1	1	1	0	HOS 9:4
ਡੋਹਲਣੀਆਂ	1	1	1	0	JER 44:18
ਡੋਹਲਦੀ	1	1	1	0	PSA 60:2
ਡੋਹਲਦੀਆਂ	2	2	1	0	JER 44:19
ਡੋਹਲਦੇ	1	1	1	0	JOB 36:28
ਡੋਹਲਾਂਗਾ	3	3	3	0	PSA 16:4
ਡੋਹਲਾਂਗੇ	2	2	1	0	JER 44:17
ਡੋਹਲਿਆ	7	7	7	0	GEN 28:18
ਡੋਹਲਿਓ	1	1	1	0	EXO 30:9
ਡੋਹਲੀ	3	3	3	0	GEN 35:14
ਡੋਹਲੀਂ	1	1	1	0	EXO 4:9
ਡੋਹਲੀਆਂ	3	3	2	0	JER 19:13
ਡੋਹਲੇ	1	1	1	0	NUM 5:15
ਡੋਹਲੇਂ	1	1	1	0	ISA 58:10
ਡੋਹੁਲ	1	1	1	0	MRK 14:3
ਡੌਂਡੀ	18	18	10	12	GEN 41:43
ਡੌਡੀ	1	1	1	0	2CH 24:9
ਡੌਲ	13	13	5	5	JDG 8:18
ਡੰਗ	9	9	7	10	GEN 3:15
ਡੰਗਰ	78	78	22	55	GEN 6:7
ਡੰਗਰਾਂ	54	54	16	29	GEN 1:24
ਡੰਗਰੋ	1	1	1	0	JOL 2:22
ਡੰਗਿਆ	1	1	1	1	JON 4:7
ਡੰਗੋਰੀ	1	1	1	1	ZEC 8:4
ਡੰਝ	1	1	1	1	PSA 65:10
ਡੰਡ	20	20	11	6	GEN 4:13
ਡੰਡਾ	18	18	11	14	GEN 49:10
ਡੰਡੀ	2	2	2	2	AMO 8:5
ਡੰਡੇ	19	19	8	19	NUM 8:4
ਡੰਡੌਤ	3	3	3	0	1SA 20:41
ਡੰਨ	20	20	7	0	EXO 21:22
ਡੰਨਾਂ	1	1	1	0	JOB 19:29
ਡੰਨੋਂ	2	2	2	0	PRO 17:5
ਡੱਕ	6	6	4	3	EXO 9:2
ਡੱਕਦਾ	2	2	1	0	PRO 27:16
ਡੱਕਿਆ	1	1	1	0	ROM 1:13
ਡੱਕੋ	1	1	1	0	GEN 24:56
ਡੱਡੂ	8	8	2	8	EXO 8:4
ਡੱਡੂਆਂ	6	6	2	7	EXO 8:2
ਡੱਨ	1	1	1	0	2KI 23:33
ਡੱਫ	4	4	4	0	EXO 15:20
ਡੱਫਣਾ	1	1	1	0	ECC 5:12
ਡੱਫ਼	1	1	1	5	ISA 5:12
ਡੱਫ਼ਾਂ	3	3	2	3	1SA 18:6
ਡੱਫਾਂ	3	3	3	3	GEN 31:27
ਡੱਫਿਆ	1	1	1	1	PSA 73:10
ਡੱਬਾ	1	1	1	1	HEB 9:4
ਡੱਬੀ	2	2	2	2	GEN 30:33
ਡੱਬੀਆਂ	3	3	1	3	GEN 30:32
ਡੱਬੇ	5	5	3	4	GEN 30:35
ਡੱਸ	1	1	1	1	AMO 5:19
ਡੱਸਦੀ	1	1	1	0	PRO 23:32
ਢਕ	8	8	8	0	JOS 24:7
ਢਕਕੇ	1	1	1	0	1CO 11:4
ਢਕਣ	1	1	1	0	1PE 2:16
ਢਕਣਾ	5	5	2	0	EXO 40:19
ਢਕਦੀ	1	1	1	0	1CO 11:6
ਢਕਿਆ	7	7	4	0	GEN 38:15
ਢਕੀ	1	1	1	0	JHN 20:1
ਢਕੇ	2	2	2	0	JHN 5:2
ਢਗੇ	1	1	1	1	2CH 18:2
ਢਬ	1	1	1	0	ROM 9:20
ਢਲ	20	20	10	1	EXO 15:15
ਢਲਣ	1	1	1	0	LUK 9:12
ਢਲਦਾ	1	1	1	2	JER 6:4
ਢਲਦੀ	1	1	1	1	PSA 109:23
ਢਲਦੇ	3	3	2	2	JDG 19:8
ਢਲਵੀਆਂ	2	2	1	2	1KI 7:30
ਢਲਾਣ	1	1	1	5	SNG 2:14
ਢਲਾਨਾਂ	1	1	1	1	EZK 38:20
ਢਲੀ	3	3	3	1	JDG 18:14
ਢਲੀਆਂ	1	1	1	1	1KI 7:33
ਢਲੇ	4	4	4	2	JOS 2:9
ਢਹਿ	19	19	11	8	JOS 6:5
ਢਹੀ	1	1	1	0	PRO 11:11
ਢਾ	2	2	2	0	EXO 15:7
ਢਾਂਗਾ	27	27	4	14	EXO 4:2
ਢਾਂਗਿਆਂ	3	3	2	4	EXO 7:12
ਢਾਂਗੇ	12	12	2	7	EXO 7:12
ਢਾਂਚੇ	1	1	1	1	JOB 41:12
ਢਾਇਆ	2	2	2	2	2CH 32:12
ਢਾਈ	13	13	5	15	EXO 25:10
ਢਾਈਆਂ	1	1	1	0	JOS 14:3
ਢਾਉਂਦਾ	1	1	1	1	ECC 10:8
ਢਾਉਣ	6	6	5	6	2SA 20:15
ਢਾਉਣਾ	1	1	1	0	EXO 34:13
ਢਾਓ	1	1	1	1	EXO 23:24
ਢਾਕਾਂ	1	1	1	1	JER 30:6
ਢਾਡੇ	1	1	1	0	PSA 78:31
ਢਾਬ	1	1	1	0	NUM 21:20
ਢਾਬਾਂ	1	1	1	1	ISA 14:23
ਢਾਲ	72	72	20	0	GEN 15:1
ਢਾਲਣ	1	1	1	1	JDG 17:4
ਢਾਲਦਾ	1	1	1	1	ISA 40:19
ਢਾਲਵੀਂ	1	1	1	0	JDG 17:3
ਢਾਲਵੀਆਂ	1	1	1	0	LEV 19:4
ਢਾਲਾ	1	1	1	0	NEH 4:16
ਢਾਲਾਂ	32	32	12	34	JOS 10:40
ਢਾਲਿਆ	5	5	4	5	1KI 7:46
ਢਾਲੀ	6	6	3	9	DEU 9:12
ਢਾਲੀਂ	1	1	1	1	EXO 26:37
ਢਾਲੀਆਂ	8	8	6	8	EXO 36:36
ਢਾਲੂ	1	1	1	1	ISA 7:19
ਢਾਲੇ	9	9	9	0	EXO 34:17
ਢਾਵਾਂਗਾ	2	2	2	0	GEN 19:21
ਢਾਵੇ	1	1	1	0	EZR 6:12
ਢਾਵੇਂ	1	1	1	1	JER 1:10
ਢਾਵੇਗਾ	1	1	1	1	2CH 25:8
ਢਾਸਣਾ	12	12	5	10	LEV 26:26
ਢਾਸਣਿਆਂ	3	3	2	3	1KI 7:36
ਢਾਸਣੇ	3	3	2	3	1KI 7:35
ਢਾਹ	80	80	29	89	LEV 14:45
ਢਾਹਵਾਂ	1	1	1	1	JER 31:28
ਢਾਹਵਾਂਗਾ	2	2	2	1	JDG 8:9
ਢਾਹਾ	1	1	1	0	LAM 1:2
ਢਾਹਾਂ	3	3	3	0	PRO 29:2
ਢਾਹਿਆ	7	7	5	7	2KI 14:4
ਢਾਹਿੰਦੇ	1	1	1	0	PSA 107:27
ਢਾਹੀ	4	4	2	3	JDG 6:30
ਢਾਹੀਆ	1	1	1	0	PSA 11:3
ਢਾਹੀਆਂ	1	1	1	2	DEU 28:52
ਢਾਹੁਣ	2	2	1	0	2CO 10:8
ਢਾਹੁਣਾ	1	1	1	1	LAM 2:8
ਢਾਹੇ	10	10	8	11	1KI 15:14
ਢਾਹੇਗਾ	1	1	1	1	PSA 28:5
ਢਿਗਾਂ	1	1	1	0	PSA 104:18
ਢਿਲ	3	3	3	0	EZR 4:22
ਢਿਲਕ	2	2	1	2	1KI 13:3
ਢਿਲਕਦੇ	1	1	1	1	JER 46:9
ਢਿਲੇ	1	1	1	0	2CH 15:7
ਢਿੱਗ	7	7	3	1	NUM 20:8
ਢਿੱਗਾਂ	2	2	1	2	ISA 2:21
ਢਿੱਡ	42	42	21	44	GEN 3:14
ਢਿੱਡੋਂ	3	3	1	1	ISA 46:3
ਢਿੱਲ	24	24	15	17	GEN 19:16
ਢਿੱਲਾ	13	13	9	8	DEU 20:3
ਢਿੱਲਿਆਂ	1	1	1	1	HEB 12:12
ਢਿੱਲਿਓ	1	1	1	0	LUK 24:25
ਢਿੱਲੀ	2	2	2	1	EXO 4:10
ਢਿੱਲੇ	22	22	14	24	EXO 5:17
ਢੀਂਗ	1	1	1	0	DEU 14:18
ਢੀਠ	4	4	4	13	2KI 17:14
ਢੀਠਪੁਣੇ	3	3	3	5	GEN 49:6
ਢੀਠਾਂ	1	1	1	1	1TI 1:9
ਢੀਮ	1	1	1	0	LUK 22:41
ਢੀਮਾ	1	1	1	1	HOS 10:11
ਢੀਮਾਂ	1	1	1	0	JOL 1:17
ਢੁਕਵੀਂ	2	2	1	0	1CO 14:40
ਢੁਕਿਆ	1	1	1	0	ACT 7:31
ਢੁੰਡੇਂਗਾ	1	1	1	0	JOB 7:21
ਢੁੱਕ	2	2	2	0	LEV 9:5
ਢੁੱਕਦਾ	3	3	3	2	2SA 18:25
ਢੁੱਕਦੇ	1	1	1	0	LEV 10:3
ਢੁੱਕਾ	4	4	4	1	EXO 20:21
ਢੁੱਕਿਆ	1	1	1	0	ACT 9:3
ਢੁੱਕਿਓ	1	1	1	0	JOS 3:4
ਢੁੱਕੀ	8	8	3	3	JOS 19:11
ਢੁੱਕੇ	4	4	3	0	GEN 19:9
ਢੁੱਚਰ	4	4	3	1	GEN 43:18
ਢੂੰਘੇ	1	1	1	0	DEU 8:7
ਢੂੰਡ	2	2	2	0	DEU 4:29
ਢੂੰਡਣ	1	1	1	0	1CH 14:8
ਢੂੰਡਦਾ	4	4	4	0	JDG 18:1
ਢੂੰਡਦੀ	1	1	1	0	MAT 26:59
ਢੂੰਡਦੇ	2	2	2	0	ISA 65:1
ਢੂੰਡਿਆ	6	6	4	0	2CH 22:9
ਢੂੰਡਿਆਂ	1	1	1	0	LEV 10:16
ਢੂੰਡੀ	1	1	1	0	MRK 14:55
ਢੂੰਡੇ	1	1	1	0	LUK 15:8
ਢੂੰਡੋ	1	1	1	0	LUK 11:9
ਢੂੰਢ	1	1	1	0	1CH 28:8
ਢੂੰਢਣ	1	1	1	0	MAT 7:8
ਢੂੰਢਦਾ	1	1	1	0	LUK 11:24
ਢੂੰਢੋ	1	1	1	0	MAT 7:7
ਢੇਰ	114	114	30	88	GEN 1:20
ਢੇਰਾਂ	10	10	8	11	EXO 8:14
ਢੇਰੀ	1	1	1	3	HAG 2:16
ਢੇਰੀਆਂ	3	3	2	2	JER 50:26
ਢੇਲਿਆਂ	1	1	1	2	JOB 7:5
ਢੈਹ	1	1	1	0	JOS 6:20
ਢੋ	1	1	1	0	ECC 5:14
ਢੋਂਗੀ	3	3	1	3	ACT 27:16
ਢੋਈ	2	2	1	0	EPH 2:18
ਢੋਏ	1	1	1	0	EZK 16:33
ਢੋਣ	3	3	2	3	2CH 2:2
ਢੋਲ	1	1	1	1	HOS 5:8
ਢੋਲਕ	1	1	1	1	1CH 13:8
ਢੋਹ	1	1	1	0	PRO 18:16
ਢੰਗ	40	40	10	11	2CH 13:9
ਢੰਗਾਂ	1	1	1	0	1PE 4:10
ਢੰਡੋਰਾ	2	2	2	1	DEU 15:2
ਢੰਡੋਰੀਏ	1	1	1	1	DAN 3:4
ਢੰਢੋਰਾ	1	1	1	0	JDG 7:3
ਢੱਕ	55	55	18	80	GEN 24:65
ਢੱਕਣ	23	23	5	25	EXO 26:13
ਢੱਕਣਜਿਹੜਾ	1	1	1	0	NUM 4:25
ਢੱਕਣਾ	1	1	1	2	ZEC 5:7
ਢੱਕਣੇ	1	1	1	0	2KI 12:9
ਢੱਕਦਾ	6	6	5	6	NUM 9:16
ਢੱਕਦਾਂ	1	1	1	0	PSA 5:11
ਢੱਕਦੀ	4	4	2	8	EXO 29:13
ਢੱਕਦੇ	2	2	1	4	EXO 25:20
ਢੱਕਾਂਗਾ	3	3	2	3	EXO 33:22
ਢੱਕਿਆ	12	12	8	28	GEN 9:23
ਢੱਕੀਆਂ	2	2	2	1	PSA 65:13
ਢੱਕੇ	7	7	5	7	GEN 7:19
ਢੱਕੇਗੀ	1	1	1	1	ISA 26:21
ਢੱਗਿਆਂ	1	1	1	0	1SA 11:7
ਢੱਗੇ	1	1	1	0	GEN 49:6
ਢੱਠਣਾ	1	1	1	1	ISA 22:5
ਢੱਠਾ	1	1	1	0	LUK 13:4
ਢੱਠਿਆਂ	1	1	1	0	EZK 36:36
ਢੱਠੀ	2	2	2	1	JDG 6:28
ਢੱਠੀਆਂ	1	1	1	0	NEH 1:3
ਢੱਠੇ	2	2	2	1	PRO 25:28
ਣ	1	1	1	0	ACT 27:7
ਣਾ	1	1	1	0	2SA 19:6
ਤ	1	1	1	0	1CH 15:11
ਤਅਨਥ	1	1	1	1	JOS 16:6
ਤਅਨਾਕ	1	1	1	0	1CH 7:29
ਤਅਰੇਆ	1	1	1	1	1CH 8:35
ਤਆਨਾਕ	2	2	2	7	JOS 17:11
ਤਉੜੀਆਂ	1	1	1	1	2CH 35:13
ਤਕ	25	25	12	0	GEN 19:22
ਤਕਦਾ	1	1	1	0	PSA 25:5
ਤਕਦੇ	1	1	1	0	PSA 25:3
ਤਕਰਾਰ	2	2	2	1	DAN 11:23
ਤਕਰੀਬਨ	3	3	1	6	JHN 7:14
ਤਕਲੀਫ਼	1	1	1	3	JOB 6:2
ਤਕਲੀਫ਼ਾਂ	4	4	2	0	1TH 3:7
ਤਕਾਉਣ	1	1	1	0	2SA 11:16
ਤਕਾਲਾਂ	4	4	3	1	1SA 14:24
ਤਕਾਲੀਂ	2	2	1	0	2KI 7:5
ਤਕਿਆ	2	2	1	0	JHN 17:1
ਤਕੀਦ	6	6	5	0	GEN 43:3
ਤਕੇਲ	2	2	1	2	DAN 5:25
ਤਕੋਅ	1	1	1	0	2CH 20:20
ਤਕੋਆ	4	4	3	0	1CH 2:24
ਤਕੋਆਹ	3	3	1	10	2SA 14:2
ਤਕੋਈ	4	4	3	3	2SA 23:26
ਤਕੋਈਆਂ	2	2	1	2	NEH 3:5
ਤਕੜਾ	80	80	22	75	GEN 48:2
ਤਕੜਾਈ	16	16	11	9	EZR 6:3
ਤਕੜਿਆਂ	11	11	9	10	2SA 3:6
ਤਕੜੀ	14	14	12	8	LEV 19:36
ਤਕੜੀਆਂ	7	7	7	5	GEN 30:41
ਤਕੜੇ	71	71	31	71	GEN 30:42
ਤਖਤ	1	1	1	0	NEH 8:4
ਤਖਤਾ	1	1	1	0	1KI 6:20
ਤਖਤੀਆਂ	1	1	1	1	2CH 5:10
ਤਖਸ	1	1	1	0	EZK 16:10
ਤਖ਼ਤ	1	1	1	0	LUK 1:32
ਤਖ਼ਤਪੋਸ਼	2	2	2	2	MAT 21:12
ਤਖ਼ਤੀ	3	3	2	5	PRO 3:3
ਤਖ਼ਤੋਂ	1	1	1	0	LUK 1:52
ਤਖਾਣ	1	1	1	0	2SA 5:11
ਤਖਿਕੁਸ	1	1	1	0	COL 4:7
ਤਗੀਦ	35	35	14	10	EXO 5:13
ਤਗੜਿਆਂ	1	1	1	1	PRO 31:17
ਤਜ	1	1	1	0	1SA 10:19
ਤਜਾਰਤ	1	1	1	0	1KI 10:15
ਤਜਿਆ	2	2	1	0	2KI 13:2
ਤਣਦੇ	1	1	1	0	ISA 59:5
ਤਣਿਆ	1	1	1	0	EZK 1:22
ਤਤਨਈ	4	4	1	4	EZR 5:3
ਤਤੇ	1	1	1	0	TIT 3:9
ਤਥ	1	1	1	0	JHN 3:19
ਤਦ	1593	1593	47	3103	GEN 3:7
ਤਦਮੋਰ	2	2	2	1	1KI 9:18
ਤਦਿੱਤਾ	1	1	1	0	1SA 9:8
ਤਦੇ	12	12	9	2	JOS 1:14
ਤਦੋਂ	42	42	14	11	1SA 10:12
ਤਨ	6	6	4	3	2KI 6:30
ਤਨਖਾਹ	1	1	1	2	JHN 10:13
ਤਨਖਾਹਾਂ	2	2	2	0	1CO 16:2
ਤਨਹੁਮਥ	2	2	2	2	2KI 25:23
ਤਨੋ	1	1	1	1	PSA 119:2
ਤਨੋਂ	2	2	2	4	PSA 78:34
ਤਪ	1	1	1	3	PSA 39:3
ਤਪਤ	1	1	1	0	REV 16:9
ਤਪਦਿੱਕ	1	1	1	1	DEU 28:22
ਤਪਦੀ	1	1	1	0	ISA 35:7
ਤਪਨ	1	1	1	0	JOB 6:17
ਤਪਸ਼	1	1	1	5	PSA 38:7
ਤਪਾਵਾਂਗਾ	1	1	1	1	EZK 22:21
ਤਪਿਆ	1	1	1	0	PSA 78:59
ਤਪੂਅਹ	1	1	1	0	JOS 15:53
ਤਪੜ	1	1	1	0	REV 11:3
ਤਪੱੜ	1	1	1	0	JER 48:37
ਤਪੱੜਾ	1	1	1	0	JON 3:8
ਤਬਏਰਾਹ	2	2	2	2	NUM 11:3
ਤਬਦੀਲ	2	2	2	1	JHN 4:46
ਤਬਲਾ	1	1	1	1	PSA 149:3
ਤਬਲੇ	1	1	1	1	PSA 150:4
ਤਬਹ	1	1	1	1	GEN 22:24
ਤਬਾਹ	20	20	8	13	2SA 11:1
ਤਬਾਹੀ	30	30	15	32	2CH 22:4
ਤਬਾਹੀਆਂ	1	1	1	1	PSA 46:8
ਤਬਿਥਾ	3	3	1	2	ACT 9:0
ਤਬੀਅਤ	3	3	3	2	JOB 41:10
ਤਬੀਬ	1	1	1	1	JER 8:22
ਤਬੇਲੇ	1	1	1	2	1KI 4:26
ਤਬੋਰ	3	3	2	0	JDG 4:6
ਤਮਾਮ	2	2	2	0	LUK 7:17
ਤਮਾਰ	15	15	2	0	2SA 13:1
ਤਮਾਸ਼ਾ	3	3	3	7	NAM 3:6
ਤਮਾਸ਼ੇ	3	3	2	2	ACT 19:29
ਤਮੰਨਾ	2	2	1	1	1CO 4:8
ਤਰ	8	8	5	6	GEN 13:10
ਤਰਕਸ਼	7	7	6	7	GEN 27:3
ਤਰਕਾਲਾਂ	6	6	4	0	1SA 30:17
ਤਰਖਾਣ	7	7	5	9	1CH 14:1
ਤਰਖਾਣਾ	1	1	1	0	2CH 34:11
ਤਰਖਾਣਾਂ	4	4	3	5	2KI 12:11
ਤਰਖਾਨ	1	1	1	0	1CH 22:15
ਤਰਜੁਮਾ	1	1	1	1	GEN 42:23
ਤਰਤਾਤ	1	1	1	0	2KI 17:31
ਤਰਤਾਨ	1	1	1	2	2KI 18:17
ਤਰਤਾਲੀ	2	2	2	2	EZR 2:25
ਤਰਤਿਯੁਸ	1	1	1	1	ROM 16:22
ਤਰਤੀਬ	2	2	2	3	JOB 10:22
ਤਰਤੀਬਾਂ	1	1	1	0	1CH 24:19
ਤਰਤੁਮਸ	1	1	1	1	ACT 24:9
ਤਰਤੁੱਲੁਸ	2	2	1	2	ACT 24:1
ਤਰਦਾ	1	1	1	0	EZK 32:6
ਤਰਦੀ	1	1	1	1	GEN 7:18
ਤਰਨ	3	3	3	0	2KI 6:6
ਤਰਨਾ	1	1	1	0	ACT 27:43
ਤਰਫਦਾਰ	1	1	1	1	1KI 16:22
ਤਰਫਦਾਰਾਂ	1	1	1	1	1KI 16:22
ਤਰਫ਼ਾ	1	1	1	0	JOB 34:5
ਤਰਬੀਰ	1	1	1	0	EZK 11:2
ਤਰਲਾ	4	4	3	3	JOS 24:7
ਤਰਲਾਹ	1	1	1	1	JOS 18:27
ਤਰਲਿਆਂ	2	2	2	2	2CH 33:13
ਤਰਲੇ	26	26	13	18	GEN 42:21
ਤਰਵਿੰਜਾ	1	1	1	1	JHN 21:11
ਤਰਵੰਜਾ	1	1	1	0	NUM 1:43
ਤਰਵੰਜਾਂ	1	1	1	0	2CH 2:17
ਤਰਸ	80	80	27	77	EXO 2:6
ਤਰਸਦਾ	6	6	4	7	PSA 42:1
ਤਰਸਦੀ	3	3	2	3	PSA 42:1
ਤਰਸਦੀਆਂ	1	1	1	0	2SA 23:15
ਤਰਸਦੇ	1	1	1	1	2CO 5:2
ਤਰਸਵਾਨ	3	3	3	3	LAM 4:10
ਤਰਸ਼	2	2	1	2	EST 2:21
ਤਰਸ਼ਿਸ਼	1	1	1	0	1CH 7:10
ਤਰਸ਼ੀਸ	1	1	1	0	PSA 48:7
ਤਰਸ਼ੀਸ਼	23	23	9	25	GEN 10:4
ਤਰਸ਼ੀਸ਼ੀ	3	3	1	3	1KI 10:22
ਤਰਸਾਂ	1	1	1	0	NEH 1:11
ਤਰਸਿਆ	1	1	1	0	1CH 11:17
ਤਰਸੁਸ	5	5	1	5	ACT 9:11
ਤਰਹ	1	1	1	0	JOS 24:2
ਤਰਾਂ	313	313	40	0	GEN 15:8
ਤਰਾਈ	1	1	1	2	2CH 4:17
ਤਰਾਣ	1	1	1	1	PSA 44:16
ਤਰਾਤਰੀ	2	2	2	0	1TI 6:17
ਤਰਾਫ਼ੀਮ	5	5	2	7	JDG 18:14
ਤਰਾਫੀਮ	2	2	2	0	EZK 21:21
ਤਰਾਸ਼	2	2	2	0	EXO 25:38
ਤਰਾਸ਼ਾਂ	1	1	1	0	1KI 7:50
ਤਰਾਹਿਆ	1	1	1	0	HAB 3:6
ਤਰਿਆ	1	1	1	0	ACT 14:8
ਤਰਿਪਤ	2	2	2	0	GEN 18:5
ਤਰਿਸ਼ਨਾ	1	1	1	0	ECC 6:9
ਤਰੀ	3	3	3	4	DEU 29:19
ਤਰੀਕ	28	28	7	0	EXO 12:18
ਤਰੀਕਾ	1	1	1	8	1CO 9:24
ਤਰੀਕੇ	6	6	2	11	JHN 1:13
ਤਰੀਖ	10	10	4	0	2CH 7:10
ਤਰੀਰ	2	2	1	0	JDG 6:19
ਤਰੁਫੈਨਾ	1	1	1	1	ROM 16:12
ਤਰੁਫੋਸਾ	1	1	1	1	ROM 16:12
ਤਰੇਲ	5	5	3	0	GEN 27:28
ਤਰੇਹ	2	2	2	0	JER 2:25
ਤਰ੍ਹਾ	1	1	1	0	JHN 3:14
ਤਰ੍ਹਾਂ	126	126	16	1851	GEN 6:15
ਤਰੰਗ	1	1	1	0	JON 2:3
ਤਰੱਕੀ	6	6	4	12	PSA 140:8
ਤਰੱਦਦ	3	3	2	0	ROM 12:8
ਤਲ	1	1	1	2	NUM 11:8
ਤਲਬ	8	8	3	0	GEN 29:15
ਤਲਮ	1	1	1	2	JOS 15:24
ਤਲਮਈ	3	3	3	6	NUM 13:22
ਤਲਮੀ	1	1	1	0	2SA 13:37
ਤਲਮੈ	2	2	2	0	JOS 15:14
ਤਲਵਾਰ	370	370	37	435	EXO 5:3
ਤਲਵਾਰਾਂ	24	24	13	27	1SA 13:19
ਤਲਵਾਰੀਏ	1	1	1	0	1CH 21:5
ਤਲਹ	1	1	1	1	1CH 7:25
ਤਲਾ	18	18	5	1	2SA 2:13
ਤਲਾਇਮ	1	1	1	1	1SA 15:4
ਤਲਾਉ	1	1	1	0	ECC 12:6
ਤਲਾਓ	4	4	3	0	1KI 22:38
ਤਲਾਕ	3	3	1	9	1CO 7:11
ਤਲਾਬਾਂ	2	2	1	2	EXO 7:19
ਤਲਾਸ਼	5	5	4	1	JOB 6:19
ਤਲਾਸ਼ੀ	3	3	3	3	GEN 44:12
ਤਲਾੱਸਾਰ	1	1	1	2	ISA 37:12
ਤਲੀ	17	17	11	17	LEV 14:15
ਤਲੀਆਂ	14	14	10	12	LEV 7:12
ਤਲੀਥਾ	1	1	1	1	MRK 5:41
ਤਲੇ	5	5	3	5	DEU 11:24
ਤਵਾ	1	1	1	1	EZK 4:3
ਤਵਿਆਂ	1	1	1	1	1CH 9:31
ਤਵੀ	3	3	1	0	LEV 2:7
ਤਵੀਆਂ	1	1	1	1	NUM 11:8
ਤਵੀਤ	4	4	3	0	EXO 13:16
ਤਵੇ	3	3	2	4	LEV 2:5
ਤਸ	1	1	1	0	ACT 4:24
ਤਸਦੀਕ	1	1	1	0	JAS 5:12
ਤਸਮਾ	3	3	3	4	ISA 5:27
ਤਸਮਿਆਂ	1	1	1	1	ACT 22:25
ਤਸਮੇ	1	1	1	1	JHN 1:27
ਤਸਲੀ	1	1	1	0	ACT 16:40
ਤਸਲੇ	6	6	4	7	EXO 27:3
ਤਸਵੀਰ	1	1	1	4	EZK 4:1
ਤਸੀਹਿਆਂ	3	3	1	0	1PE 4:12
ਤਸੀਹੇ	10	10	3	2	JHN 15:20
ਤਸੱਲਾ	2	2	1	0	COL 2:2
ਤਸੱਲੀ	16	16	13	66	GEN 27:42
ਤਸੱਲੀਆਂ	3	3	2	4	JOB 15:11
ਤਹ	1	1	1	0	JON 2:3
ਤਹਕੀਕਾਤ	1	1	1	0	ACT 25:26
ਤਹਤੀਮ	1	1	1	1	2SA 24:6
ਤਹਥ	4	4	1	6	1CH 6:24
ਤਹਨ	1	1	1	2	1CH 7:25
ਤਹਪਨਹੇਸ	5	5	1	7	JER 43:7
ਤਹਪਨੇਸ	3	3	1	3	1KI 11:19
ਤਹਫਨਹੇਸ	1	1	1	0	EZK 30:18
ਤਹਫਨੇਸ	1	1	1	0	JER 2:16
ਤਹਰੇਆ	1	1	1	1	1CH 9:41
ਤਹਸ਼	1	1	1	1	GEN 22:24
ਤਹਾਨੂੰ	6	6	5	6	DEU 30:1
ਤਹਿ	8	8	6	9	EXO 15:5
ਤਹਿਆਂ	2	2	1	1	JOB 15:27
ਤਹਿਕਣਾ	1	1	1	1	EXO 15:16
ਤਹਿਕਦੇ	1	1	1	1	JER 42:16
ਤਹਿਮਦ	1	1	1	0	GEN 3:7
ਤਹਿੰਨਾਹ	1	1	1	1	1CH 4:12
ਤਹੀ	1	1	1	0	JOS 2:12
ਤਾ	38	38	13	0	EXO 18:14
ਤਾਂ	8055	8055	66	7132	GEN 1:3
ਤਾਂਈ	3	3	2	0	PRO 4:18
ਤਾਂਕਿ	2	2	2	0	ZEP 3:9
ਤਾਂਘ	10	10	5	7	1SA 7:2
ਤਾਂਜੋ	59	59	1	0	GEN 1:9
ਤਾਂਬਾ	3	3	3	3	DEU 8:9
ਤਾਂਮੇਰੇ	1	1	1	0	PSA 119:111
ਤਾਇਆ	10	10	6	11	2SA 22:31
ਤਾਇਆਂ	1	1	1	1	JOS 17:4
ਤਾਈ	8	8	6	2	DEU 28:47
ਤਾਈਂ	153	153	24	2	GEN 8:7
ਤਾਉ	1	1	1	0	HEB 11:34
ਤਾਉਂਦੇ	1	1	1	1	EZK 22:20
ਤਾਉਣ	2	2	2	2	PSA 66:10
ਤਾਉੜੀ	4	4	2	0	JOB 27:23
ਤਾਉੜੀਆਂ	1	1	1	0	EZK 25:6
ਤਾਊਸ	4	4	1	0	DAN 3:5
ਤਾਏ	2	2	2	2	NUM 36:11
ਤਾਓ	4	4	2	0	DEU 32:24
ਤਾਕ	4	4	2	4	PSA 10:8
ਤਾਕਤ	4	4	4	5	2CH 20:12
ਤਾਕਤਵਰ	2	2	2	1	1CO 1:25
ਤਾਕਹਥ	1	1	1	1	2CH 34:22
ਤਾਕਾਂ	1	1	1	0	1CH 22:3
ਤਾਕਿ	1	1	1	0	JHN 5:23
ਤਾਕੀ	6	6	4	1	GEN 26:8
ਤਾਕੀਆਂ	5	5	3	3	2KI 7:2
ਤਾਕੀਦ	2	2	2	0	2CH 36:23
ਤਾਕੇ	1	1	1	1	ISA 1:25
ਤਾਜ	17	17	11	13	EXO 29:6
ਤਾਜਗੀ	1	1	1	0	1SA 16:23
ਤਾਜ਼ਾ	14	14	11	11	NUM 6:3
ਤਾਜ਼ਿਆਂ	1	1	1	0	ISA 59:10
ਤਾਜ਼ੀ	2	2	1	0	EZR 9:8
ਤਾਜ਼ੀਆਂ	1	1	1	1	EZK 47:11
ਤਾਜ਼ੇ	2	2	2	0	ISA 10:16
ਤਾਜਾ	1	1	1	0	JAS 5:5
ਤਾਣ	4	4	3	4	1SA 19:13
ਤਾਣਦਾ	4	4	3	4	PSA 104:2
ਤਾਣਨ	4	4	1	4	ISA 42:5
ਤਾਣਿਆ	5	5	4	6	EXO 40:19
ਤਾਣੀ	9	9	1	9	LEV 13:48
ਤਾਣੇ	3	3	2	3	JDG 16:13
ਤਾਣੇਗਾ	2	2	2	1	JER 43:10
ਤਾਤ	1	1	1	1	PSA 119:160
ਤਾਤਪਰਜ	3	3	2	0	ROM 1:12
ਤਾਨ	2	2	1	0	PSA 33:3
ਤਾਨਾ	1	1	1	0	EZK 5:14
ਤਾਨਾਕ	3	3	3	0	JOS 21:25
ਤਾਨਿਆਂ	1	1	1	1	PSA 109:25
ਤਾਨੇ	4	4	3	3	PSA 89:51
ਤਾਪ	11	11	8	3	LEV 26:16
ਤਾਬਿਆ	1	1	1	0	GEN 14:4
ਤਾਬਿਆਦਾਰੀ	1	1	1	1	2CH 26:13
ਤਾਬਿਲੋ	1	1	1	0	ISA 51:1
ਤਾਬੇ	1	1	1	0	GEN 16:9
ਤਾਬੋਰ	9	9	6	12	JOS 19:12
ਤਾਬੜਤੋੜ	3	3	2	0	ECC 8:11
ਤਾਮਰ	2	2	2	0	GEN 14:7
ਤਾਮਾਰ	11	11	7	29	GEN 38:6
ਤਾਰ	5	5	3	11	PSA 19:4
ਤਾਰਕੇ	1	1	1	0	1CO 6:20
ਤਾਰਹ	11	11	3	14	GEN 11:24
ਤਾਰਾ	10	10	5	10	NUM 24:17
ਤਾਰਾਂ	3	3	3	3	EXO 39:3
ਤਾਰਿਆ	1	1	1	0	PSA 8:3
ਤਾਰਿਆਂ	29	29	16	32	GEN 22:17
ਤਾਰਿਓ	1	1	1	1	PSA 148:3
ਤਾਰੀਖ	13	13	3	0	NEH 6:15
ਤਾਰੀਦ	1	1	1	0	EST 4:8
ਤਾਰੂ	1	1	1	0	ISA 25:11
ਤਾਰੇ	29	29	16	30	GEN 1:16
ਤਾਲ	4	4	3	6	NEH 3:15
ਤਾਲਬ	1	1	1	0	EZR 8:22
ਤਾਲਿਆਂ	1	1	1	0	PSA 47:1
ਤਾਲਿਬ	20	20	9	5	2CH 17:3
ਤਾਲਿਬਾ	1	1	1	0	PSA 24:6
ਤਾਲਿਬਾਂ	4	4	3	1	1CH 16:10
ਤਾਲਿਬੋ	1	1	1	1	PSA 69:32
ਤਾਲੀਆਂ	2	2	2	0	ISA 55:12
ਤਾਲੀਬਾਂ	1	1	1	0	PSA 105:3
ਤਾਲੀਮ	7	7	1	0	PRO 1:8
ਤਾਲੂ	12	12	7	8	JOB 6:30
ਤਾਵਾਂਗਾ	2	2	2	2	JER 9:7
ਤਾਵੇਗਾ	1	1	1	1	MAL 3:3
ਤਾਹ	3	3	1	0	LUK 1:53
ਤਾਹਕਮੋਨੀ	1	1	1	1	2SA 23:8
ਤਾਹਥ	2	2	1	0	NUM 33:26
ਤਾਹਨਾ	2	2	2	1	JER 38:19
ਤਾਹਨੇ	2	2	1	2	JER 49:13
ਤਾਹੀਂ	1	1	1	0	EZR 5:16
ਤਾਹੀਏਂ	2	2	2	1	PRO 7:15
ਤਾੜ	47	47	12	27	EXO 32:2
ਤਾੜਦਾ	11	11	6	8	DEU 8:5
ਤਾੜਦੇ	1	1	1	1	PRO 24:25
ਤਾੜਨ	5	5	4	5	JOB 37:13
ਤਾੜਨਾ	14	14	8	46	1CH 12:17
ਤਾੜਾਂ	1	1	1	0	PRO 28:23
ਤਾੜਾਂਗਾ	2	2	1	2	HOS 7:12
ਤਾੜਿਆ	2	2	2	2	PSA 118:18
ਤਾੜੀ	1	1	1	3	LEV 19:17
ਤਾੜੇ	4	4	4	2	LEV 26:23
ਤਿਆਗ	85	85	24	96	GEN 25:8
ਤਿਆਗਕੇ	1	1	1	0	GEN 25:17
ਤਿਆਗਣ	6	6	4	8	PRO 28:4
ਤਿਆਗਣਾ	2	2	2	1	NUM 14:34
ਤਿਆਗਦਾ	2	2	1	3	PSA 37:28
ਤਿਆਗਦੇ	2	2	2	2	PSA 104:29
ਤਿਆਗਨਣ	1	1	1	0	1TI 4:4
ਤਿਆਗਾਂਗਾ	3	3	2	5	ISA 41:17
ਤਿਆਗਾਂਗੇ	1	1	1	1	NEH 10:39
ਤਿਆਗਾਗਾ	1	1	1	0	JOS 1:5
ਤਿਆਗਿਆ	12	12	6	15	NEH 9:19
ਤਿਆਗੀ	7	7	5	11	JOB 18:4
ਤਿਆਗੂਗਾ	1	1	1	0	JOB 8:20
ਤਿਆਗੇ	8	8	6	12	NUM 20:3
ਤਿਆਗੇਗਾ	5	5	3	6	DEU 4:31
ਤਿਆਗੋ	2	2	2	2	JER 48:28
ਤਿਆਨਾਕ	1	1	1	0	JOS 12:21
ਤਿਆਰ	237	237	44	256	GEN 18:7
ਤਿਆਰੀ	32	32	16	46	1SA 23:22
ਤਿਆਰੀਆਂ	1	1	1	1	1CH 22:5
ਤਿਉਂ	5	5	3	0	HOS 4:7
ਤਿਉਹਾਰ	39	39	7	54	MAT 26:2
ਤਿਉਹਾਰਾਂ	1	1	1	3	2CH 8:13
ਤਿਓਹਾਰ	1	1	1	0	JHN 2:23
ਤਿਕਊ	1	1	1	0	JER 6:1
ਤਿਕਵਾਹ	2	2	2	2	2KI 22:14
ਤਿਕਾਲਾਂ	2	2	1	0	JDG 19:9
ਤਿਕੁਰ	1	1	1	0	LEV 23:31
ਤਿਖਣੇ	2	2	1	0	JOB 41:28
ਤਿਖੀ	2	2	2	0	NEH 7:3
ਤਿਗਲਥ	4	4	2	3	2KI 15:29
ਤਿਣ	1	1	1	0	NUM 33:55
ਤਿਥੀ	1	1	1	0	1TH 5:1
ਤਿਦਾਲ	2	2	1	2	GEN 14:1
ਤਿਨ	6	6	4	0	2KI 17:18
ਤਿਨਕੇ	1	1	1	0	1CO 3:12
ਤਿਨਾਂ	1	1	1	0	2SA 23:19
ਤਿਨ੍ਹਾਂ	1	1	1	0	2SA 2:7
ਤਿਫਸਹ	1	1	1	2	2KI 15:16
ਤਿਫਸਾਹ	1	1	1	0	1KI 4:24
ਤਿਬਨੀ	3	3	1	3	1KI 16:21
ਤਿਬਿਰਿਯਾਸ	3	3	1	5	JHN 6:1
ਤਿਬਿਰਿਯੁਸ	1	1	1	0	LUK 3:1
ਤਿਮਈ	1	1	1	1	MRK 10:46
ਤਿਮਨਥ-ਸਰਹ	1	1	1	2	JOS 19:50
ਤਿਮਨਥ-ਹਰਸ	1	1	1	1	JDG 2:9
ਤਿਮਨਹ	1	1	1	0	JOS 24:30
ਤਿਮਨਾ	5	5	2	6	GEN 36:12
ਤਿਮਨਾਥ	8	8	2	1	GEN 38:12
ਤਿਮਨਾਥਾਹ	1	1	1	0	JOS 19:43
ਤਿਮਨਾਥੀ	1	1	1	0	JDG 15:6
ਤਿਮਨਾਹ	3	3	2	13	JOS 15:10
ਤਿਮੋਥਿਉਸ	38	38	12	58	ACT 16:1
ਤਿਮੰਜਲੇ	1	1	1	0	ACT 20:9
ਤਿਰਜਾਹ	1	1	1	0	1KI 14:17
ਤਿਰਤਾਲੀ	1	1	1	1	NUM 26:7
ਤਿਰਵੰਜਾ	2	2	1	4	NUM 2:30
ਤਿਰਸਾਹ	17	17	5	18	NUM 26:33
ਤਿਰਹਨਾਹ	1	1	1	1	1CH 2:48
ਤਿਰਹਾਕਾਹ	2	2	2	2	2KI 19:9
ਤਿਰਾਫ਼ੀਮ	1	1	1	1	JDG 17:5
ਤਿਰਾਸੀਆਂ	1	1	1	0	EXO 7:7
ਤਿਲਕਣ	4	4	2	3	JOB 12:5
ਤਿਲਕਣਗੇ	1	1	1	1	PSA 37:31
ਤਿਲਕਣਾ	1	1	1	1	PSA 35:6
ਤਿਲਕਣਿਆਂ	1	1	1	1	PSA 73:18
ਤਿਲਕਣੀਆਂ	1	1	1	1	JER 23:12
ਤਿਲਕਾਂਗਾ	1	1	1	0	PSA 26:1
ਤਿਲਕੇ	4	4	3	4	DEU 32:35
ਤਿਲਗਥ	2	2	1	3	1CH 5:6
ਤਿਵੇ	1	1	1	0	JOS 1:5
ਤਿਵੇਂ	194	194	38	112	GEN 6:22
ਤਿਵੈ	1	1	1	0	PSA 10:9
ਤਿਸ	1	1	1	0	DAN 5:19
ਤਿਸ਼ਬੀ	6	6	2	6	1KI 17:1
ਤਿਹ	1	1	1	0	DEU 28:48
ਤਿਹਤੱਰ	1	1	1	0	NEH 7:39
ਤਿਹਾ	42	42	17	5	LEV 8:4
ਤਿਹਾਇਆ	14	14	8	11	EXO 17:3
ਤਿਹਾਈ	37	37	11	37	EXO 17:3
ਤਿਹਾਈਆਂ	1	1	1	1	ISA 50:2
ਤਿਹਾਏ	10	10	6	8	2SA 17:29
ਤਿਹਾਦੇ	1	1	1	0	JOB 13:17
ਤਿਹਾਸਮੀਂ	1	1	1	0	GEN 6:16
ਤਿਹੀ	5	5	5	1	LEV 7:7
ਤਿਹੁੰ	1	1	1	0	HEB 10:28
ਤਿਹੋ	4	4	2	0	MRK 14:16
ਤਿਹੱਤਰ	1	1	1	4	EZR 2:36
ਤਿਹੱਤ੍ਰ	1	1	1	0	NUM 3:43
ਤਿਹੱਤ੍ਰਾਂ	1	1	1	0	NUM 3:46
ਤਿੜਕ	2	2	2	2	JER 14:4
ਤਿੰਘੜਦੇ	1	1	1	0	NUM 26:9
ਤਿੰਨ	315	315	35	374	GEN 5:22
ਤਿੰਨਕੁ	2	2	2	0	GEN 38:24
ਤਿੰਨਕੂ	1	1	1	0	ACT 2:41
ਤਿੰਨਾ	19	19	10	0	DEU 17:6
ਤਿੰਨਾਂ	90	90	27	81	GEN 15:9
ਤਿੰਨੀਂ	3	3	3	1	DEU 19:3
ਤਿੰਨੇ	13	13	8	15	GEN 7:13
ਤਿੰਨੋਂ	1	1	1	4	NUM 12:4
ਤਿੱਕੁਰ	5	5	5	0	JOB 38:11
ਤਿੱਖਾ	9	9	6	6	GEN 4:22
ਤਿੱਖਿਆਂ	2	2	2	2	1SA 13:21
ਤਿੱਖੀ	18	18	8	23	EXO 16:21
ਤਿੱਖੇ	7	7	4	7	1SA 13:20
ਤਿੱਜੇ	1	1	1	0	EST 5:1
ਤਿੱਤਰ	6	6	3	2	1SA 26:20
ਤੀਂਘੜਦੇ	1	1	1	0	PSA 56:6
ਤੀਂਵੀ	3	3	2	0	RUT 2:10
ਤੀਆ	3	3	3	0	MAT 22:26
ਤੀਏ	19	19	5	0	MAT 16:21
ਤੀਏਕੁ	2	2	2	0	MAT 27:46
ਤੀਕ	1123	1123	51	0	GEN 3:19
ਤੀਕਰ	200	200	21	0	GEN 6:3
ਤੀਕੁ	2	2	1	0	ACT 1:3
ਤੀਕੁਰ	96	96	19	0	LEV 6:18
ਤੀਜਾ	29	29	10	28	GEN 1:13
ਤੀਜੀ	29	29	15	30	GEN 2:14
ਤੀਜੇ	71	71	25	93	GEN 22:4
ਤੀਤੁਸ	19	19	5	28	ACT 18:7
ਤੀਮਾਨ	1	1	1	0	EZK 25:13
ਤੀਰ	41	41	15	54	GEN 21:16
ਤੀਰ-ਬਾਜ਼ਾਂ	1	1	1	0	JDG 5:11
ਤੀਰਆਥੀ	1	1	1	1	1CH 2:55
ਤੀਰਕ	1	1	1	0	EZK 29:1
ਤੀਰਥੀਆਂ	1	1	1	0	PSA 42:4
ਤੀਰਯਾ	1	1	1	1	1CH 4:16
ਤੀਰਾਂ	11	11	8	18	NUM 24:8
ਤੀਰਾਸ	2	2	2	2	GEN 10:2
ਤੀਰੰਦਾਜ਼	5	5	2	0	1CH 5:18
ਤੀਰੰਦਾਜ਼ਾਂ	4	4	2	0	1SA 31:3
ਤੀਲੋਨ	1	1	1	1	1CH 4:20
ਤੀਵੀ	1	1	1	0	ACT 5:1
ਤੀਵੀਂ	455	455	31	0	GEN 2:24
ਤੀਵੀਂਆਂ	4	4	2	0	DEU 21:15
ਤੀਵੀਂਓ	3	3	2	0	GEN 4:23
ਤੀਵੀਆਂ	172	172	38	9	GEN 4:19
ਤੀਵੀਓ	1	1	1	0	JER 9:20
ਤੀਸਰੀ	4	4	2	11	1CO 12:28
ਤੀਸਰੇ	4	4	3	8	2KI 1:13
ਤੀਸੀ	1	1	1	1	1CH 11:45
ਤੀਹ	81	81	22	94	GEN 5:5
ਤੀਹਕੁ	1	1	1	0	1SA 9:22
ਤੀਹਵੇਂ	1	1	1	1	EZK 1:1
ਤੀਹਾਂ	24	24	8	10	GEN 5:3
ਤੀਹੇ	1	1	1	0	JDG 12:9
ਤੁ	1	1	1	0	PSA 10:14
ਤੁਆਨੂੰ	1	1	1	0	1CO 6:1
ਤੁਈ	1	1	1	0	2SA 19:10
ਤੁਕਾ	4	4	3	1	NUM 16:32
ਤੁਕਾਂ	1	1	1	1	DEU 31:30
ਤੁਕੇ	3	3	2	0	GEN 45:20
ਤੁਖਮ	3	3	2	0	GEN 35:11
ਤੁਖਮੋਂ	2	2	2	0	2SA 16:11
ਤੁਖ਼ਮ	1	1	1	0	GEN 15:4
ਤੁਖਿਕੁਸ	4	4	4	6	ACT 20:4
ਤੁਛ	6	6	3	14	2CH 30:10
ਤੁਪਕੇ	1	1	1	1	ISA 40:15
ਤੁਫ਼ਾਨ	2	2	1	3	ISA 29:6
ਤੁਫਾਨ	8	8	6	0	JOB 9:17
ਤੁਬਲ	1	1	1	0	1CH 1:5
ਤੁਰ	178	178	27	152	GEN 12:1
ਤੁਰਕੇ	1	1	1	0	GEN 31:55
ਤੁਰਤ	5	5	4	0	DEU 16:3
ਤੁਰਦਾ	21	21	14	21	EXO 13:21
ਤੁਰਦਿਆਂ	13	13	9	7	DEU 6:7
ਤੁਰਦੀ	1	1	1	2	PRO 8:20
ਤੁਰਦੀਆਂ	4	4	3	1	RUT 1:11
ਤੁਰਦੇ	39	39	16	31	GEN 14:12
ਤੁਰਨ	32	32	17	21	EXO 14:15
ਤੁਰਨਗੇ	2	2	2	2	ISA 34:3
ਤੁਰਨਾ	6	6	6	3	LEV 20:23
ਤੁਰਨੋਂ	2	2	1	1	2KI 17:21
ਤੁਰਹੀ	8	8	4	0	LEV 25:9
ਤੁਰਾਂਗਾ	4	4	2	2	LEV 26:12
ਤੁਰਾਂਗੀ	1	1	1	0	JDG 4:9
ਤੁਰਾਂਗੇ	2	2	2	2	2KI 23:3
ਤੁਰਾਉਂਦਾ	2	2	1	1	JOB 12:17
ਤੁਰਿ	2	2	1	0	LUK 9:59
ਤੁਰਿਆ	77	77	25	62	GEN 12:5
ਤੁਰੀ	12	12	8	5	RUT 2:9
ਤੁਰੀਂ	2	2	1	2	PRO 1:15
ਤੁਰੀਆਂ	11	11	3	2	1SA 6:12
ਤੁਰੀਏ	1	1	1	0	JDG 19:28
ਤੁਰੇ	80	80	22	52	GEN 22:6
ਤੁਰੇਂ	2	2	2	0	1KI 6:12
ਤੁਰੇਂਗਾ	3	3	2	2	GEN 3:14
ਤੁਰੇਗਾ	3	3	3	3	EXO 32:34
ਤੁਰੇਤ	14	14	3	0	MAT 5:17
ਤੁਰੋ	18	18	11	11	LEV 26:21
ਤੁਰੋਗੇ	4	4	4	2	LEV 26:23
ਤੁਰ੍ਹਿਆਂ	1	1	1	0	2SA 6:15
ਤੁਰ੍ਹੀ	55	55	19	70	EXO 19:13
ਤੁਰ੍ਹੀਆਂ	34	34	7	48	NUM 10:2
ਤੁਰੰਤ	1	1	1	15	JHN 5:9
ਤੁਰੰਨੁਸ	1	1	1	1	ACT 19:9
ਤੁਲ	1	1	1	0	EST 7:4
ਤੁਲਮਾਇਸ	1	1	1	1	ACT 21:7
ਤੁਲਾ	1	1	1	1	JOB 31:6
ਤੁਸਾ	2	2	1	0	LEV 18:30
ਤੁਸਾਂ	621	621	44	0	GEN 19:19
ਤੁਸੀ	4	4	3	0	LEV 11:24
ਤੁਸੀਂ	3405	3405	59	3993	GEN 3:1
ਤੁਸੀਮ	1	1	1	0	2TH 1:10
ਤੁਹਡਾ	3	3	3	0	DEU 17:15
ਤੁਹਡੇ	3	3	3	0	NUM 32:31
ਤੁਹਨੂੰ	4	4	4	0	2CH 10:11
ਤੁਹਮਤਾਂ	1	1	1	0	ACT 25:7
ਤੁਹਾਡਾ	509	509	45	520	GEN 9:2
ਤੁਹਾਡਿਆਂ	32	32	17	21	EXO 12:19
ਤੁਹਾਡੀ	382	382	47	338	GEN 9:9
ਤੁਹਾਡੀਆਂ	172	172	34	159	GEN 3:5
ਤੁਹਾਡੇ	2231	2231	61	2330	GEN 1:29
ਤੁਹਾਥੋਂ	70	70	27	8	GEN 23:6
ਤੁਹਾਦੇ	1	1	1	0	1TH 2:10
ਤੁਹਾਨੂ	3	3	2	0	DEU 13:6
ਤੁਹਾਨੂੰ	1549	1549	58	1420	GEN 1:29
ਤੁਹਾਨੂੰਮਿਲਖ	1	1	1	0	DEU 26:1
ਤੁੰਗਲੀ	2	2	2	1	ISA 30:24
ਤੁੰਦ	3	3	3	2	GEN 49:7
ਤੁੰਦੀ	3	3	3	0	JOB 39:24
ਤੁੰਮੀਮ	2	2	2	3	EXO 28:30
ਤੁੱਕਾ	1	1	1	0	NEH 13:8
ਤੁੱਛ	101	101	29	106	GEN 12:3
ਤੁੱਰ	1	1	1	0	LUK 5:23
ਤੁੱਲ	31	31	12	25	GEN 18:25
ਤੂ	2	2	1	0	PSA 6:3
ਤੂਤ	2	2	2	2	1CH 14:15
ਤੂਤਾਂ	3	3	2	3	2SA 5:23
ਤੂਫ਼ਾਨ	4	4	4	22	ISA 40:24
ਤੂਫ਼ਾਨੀ	1	1	1	1	JOB 8:2
ਤੂਫਾਨ	6	6	2	14	PSA 55:8
ਤੂਫਾਨੀ	1	1	1	2	PSA 148:8
ਤੂਬਲ	9	9	3	10	GEN 4:22
ਤੂਮਰੇ	1	1	1	0	EZK 28:13
ਤੂਰ੍ਹੀ	4	4	2	0	1CO 14:7
ਤੂਸੀਂ	1	1	1	0	GAL 4:12
ਤੂਹਾਨੂੰ	1	1	1	0	JUD 1:3
ਤੂੜੀ	18	18	11	18	EXO 5:7
ਤੂੰ	3772	3772	56	4615	GEN 2:17
ਤੂੰਏਂ	2	2	2	0	LUK 24:18
ਤੂੰਓਹਨਾਂ	1	1	1	0	MIC 7:19
ਤੇ	2958	2958	52	2280	GEN 1:1
ਤੇਂ	2	2	2	0	NUM 27:19
ਤੇਈ	12	12	6	14	NUM 26:62
ਤੇਈਆਂ	2	2	2	2	2KI 23:31
ਤੇਈਵਾਂ	2	2	1	0	1CH 24:18
ਤੇਈਵੀਂ	1	1	1	4	EST 8:9
ਤੇਈਵੇਂ	3	3	2	3	2KI 12:6
ਤੇਗ	48	48	10	0	GEN 27:40
ਤੇਗਾਂ	3	3	2	0	GEN 34:25
ਤੇਜ	102	102	25	99	EXO 10:19
ਤੇਜਵਾਨ	13	13	6	14	EXO 15:6
ਤੇਜਵੰਤ	1	1	1	0	PSA 45:13
ਤੇਜਸਵੀ	1	1	1	0	2PE 1:17
ਤੇਜ਼	23	23	12	23	EST 8:10
ਤੇਜ਼ੀ	5	5	3	9	PSA 69:24
ਤੇਜੀ	1	1	1	4	1TH 5:3
ਤੇਜੋ	1	1	1	0	PSA 96:9
ਤੇਤੀ	7	7	6	4	GEN 46:15
ਤੇਨੂੰ	6	6	5	0	NUM 6:24
ਤੇਬੇਸ	2	2	1	3	JDG 9:50
ਤੇਬੇਸ਼	1	1	1	0	2SA 11:21
ਤੇਮਨੀ	1	1	1	1	1CH 4:6
ਤੇਮਾ	6	6	5	6	GEN 25:15
ਤੇਮਾਨ	10	10	6	11	GEN 36:11
ਤੇਮਾਨੀ	6	6	1	7	JOB 2:11
ਤੇਮਾਨੀਆਂ	2	2	2	2	GEN 36:34
ਤੇਰ	10	10	5	0	GEN 30:26
ਤੇਰਵਾਂ	2	2	1	0	1CH 24:13
ਤੇਰਵੀਂ	3	3	1	0	EST 3:12
ਤੇਰਾ	775	775	47	755	GEN 4:6
ਤੇਰਾਂ	12	12	6	0	GEN 17:25
ਤੇਰਿਆਂ	28	28	13	20	LEV 10:14
ਤੇਰੀ	882	882	53	874	GEN 3:10
ਤੇਰੀਆਂ	219	219	32	213	GEN 6:18
ਤੇਰੇ	2711	2711	55	2799	GEN 3:15
ਤੇਰ੍ਹਵੀਂ	3	3	1	8	EST 9:1
ਤੇਰ੍ਹਵੇਂ	3	3	2	3	GEN 14:4
ਤੇਲ	233	233	36	232	GEN 28:18
ਤੇਲ-ਆਬੀਬ	1	1	1	1	EZK 3:15
ਤੇਲ-ਮੇਲਹ	1	1	1	2	EZR 2:59
ਤੇਲ-ਹਰਸਾ	1	1	1	2	EZR 2:59
ਤੇਲਮਲਹ	1	1	1	0	NEH 7:61
ਤੇਲਹਰਸ਼ਾ	1	1	1	0	NEH 7:61
ਤੇਲਾਂ	1	1	1	0	SNG 4:10
ਤੇਵੀਆਂ	1	1	1	0	LAM 4:10
ਤੇਵੇ	1	1	1	0	ACT 16:16
ਤੇਸੀ	3	3	3	2	EXO 20:25
ਤੇਹ	8	8	5	3	GEN 37:3
ਤੇਹਰੀ	1	1	1	1	ECC 4:12
ਤੇਹਾ	14	14	7	3	LEV 4:20
ਤੇਹਾਂ	2	2	2	0	JOS 15:14
ਤੇਹੀ	7	7	7	4	JDG 15:11
ਤੇਹੀਆਂ	1	1	1	0	PSA 119:168
ਤੇਹੇ	5	5	3	0	1KI 22:4
ਤੇੜ	8	8	5	5	JDG 21:15
ਤੇੜਾਂ	13	13	7	9	1KI 11:27
ਤੇੜੇ	5	5	5	0	GEN 41:48
ਤੈ	165	165	12	0	LEV 17:8
ਤੈਂ	598	598	40	0	GEN 3:13
ਤੈਂਥੋ	1	1	1	0	PSA 9:2
ਤੈਂਥੋਂ	5	5	2	0	PSA 5:10
ਤੈਂਨੂੰ	17	17	2	0	NUM 22:29
ਤੈਆਪਣੀ	1	1	1	0	1CH 17:22
ਤੈਥੋਂ	105	105	31	34	GEN 17:6
ਤੈਨੂ	1	1	1	0	ACT 9:6
ਤੈਨੂੰ	1231	1231	53	1264	GEN 3:11
ਤੈਸ਼	1	1	1	0	DEU 29:28
ਤੋ	36	36	17	0	LEV 8:11
ਤੋਂ	5266	5266	64	6116	GEN 1:4
ਤੋਂ-ਹੱਬਯਾਹ	1	1	1	0	EZR 2:61
ਤੋਂਦ	2	2	1	0	JDG 3:21
ਤੋਆਹ	1	1	1	1	1CH 6:34
ਤੋਈ	3	3	1	3	2SA 8:9
ਤੋਊ	2	2	1	2	1CH 18:9
ਤੋਕਨ	1	1	1	1	1CH 4:32
ਤੋਗਰਮਾਹ	3	3	3	4	GEN 10:3
ਤੋਗ਼ਰਮਾ	1	1	1	0	EZK 38:6
ਤੋਨ	1	1	1	0	NUM 15:20
ਤੋਪੇ	1	1	1	0	LEV 27:16
ਤੋਫਤ	1	1	1	0	JER 19:14
ਤੋਫਥ	7	7	1	9	JER 7:31
ਤੋਫਲ	1	1	1	1	DEU 1:1
ਤੋਫ਼ਥ	1	1	1	0	2KI 23:10
ਤੋਬ	2	2	1	5	JDG 11:3
ਤੋਬਾ	55	55	10	83	ISA 1:27
ਤੋਰ	24	24	13	20	GEN 12:20
ਤੋਰਦਾ	1	1	1	1	HAB 3:19
ਤੋਰਾਂ	1	1	1	0	1SA 9:26
ਤੋਰਾਂਗਾ	1	1	1	1	ISA 42:16
ਤੋਰਿਆ	2	2	2	0	LEV 26:13
ਤੋਰੇ	1	1	1	2	ISA 55:12
ਤੋਰੇਗਾ	1	1	1	1	ISA 40:11
ਤੋਰੋ	1	1	1	0	DAN 6:8
ਤੋਲ	52	52	17	59	GEN 23:16
ਤੋਲਣ	1	1	1	1	LEV 19:35
ਤੋਲਣਾ	1	1	1	1	JOB 37:16
ਤੋਲਦਾ	1	1	1	1	2SA 14:26
ਤੋਲਦੇ	1	1	1	1	ISA 46:6
ਤੋਲਾ	6	6	5	8	GEN 46:13
ਤੋਲਾਦ	1	1	1	1	1CH 4:29
ਤੋਲਿਆ	3	3	3	3	2KI 12:11
ਤੋਲੀ	2	2	2	2	JOB 6:2
ਤੋਲੀਆਂ	2	2	2	1	NUM 26:23
ਤੋਲੀਦੀ	1	1	1	1	JOB 28:15
ਤੋਲੇ	19	19	6	19	GEN 24:22
ਤੋਲੋਂ	2	2	2	0	2KI 25:16
ਤੋਸ਼ਾ	2	2	2	0	2KI 20:13
ਤੋਸ਼ੇ	3	3	2	0	2KI 10:22
ਤੋਹਫ਼ਾ	1	1	1	0	1CO 12:7
ਤੋਹੁ	1	1	1	1	1SA 1:1
ਤੋੜ	72	72	24	100	EXO 13:13
ਤੋੜਦੀ	2	2	2	2	PSA 29:5
ਤੋੜਦੇ	9	9	7	7	NUM 32:7
ਤੋੜਨ	17	17	15	19	EXO 32:24
ਤੋੜਨਾ	2	2	2	2	LEV 26:5
ਤੋੜਨੀਆਂ	1	1	1	0	LEV 25:11
ਤੋੜਾ	8	8	5	10	2SA 12:30
ਤੋੜਾਂਗਾ	2	2	2	2	LEV 26:19
ਤੋੜਿਆ	23	23	13	22	NUM 13:24
ਤੋੜਿਓ	1	1	1	1	EXO 12:46
ਤੋੜੀ	341	341	26	31	LEV 6:9
ਤੋੜੀਂ	6	6	4	3	DEU 23:25
ਤੋੜੀਆਂ	11	11	5	11	JER 11:16
ਤੋੜੀਏ	1	1	1	1	EZR 9:14
ਤੋੜੇ	36	36	10	32	NUM 30:2
ਤੋੜੇਗਾ	2	2	2	3	JER 16:7
ਤੋੜੋ	1	1	1	1	ISA 58:6
ਤੋੱਲਾ	1	1	1	0	ISA 33:18
ਤੌਂ	1	1	1	0	EPH 1:1
ਤੌਂਣ	1	1	1	0	ROM 11:16
ਤੌਣ	4	4	3	0	NEH 10:37
ਤੌਨ	1	1	1	0	NUM 15:21
ਤੌਬਾ	1	1	1	0	MAT 12:41
ਤੌਰ	27	27	12	66	NUM 3:9
ਤੌਲੀਆ	2	2	1	2	JHN 13:4
ਤੌਲੇ	3	3	1	3	1KI 17:12
ਤੌੜ	1	1	1	0	JUD 1:11
ਤੌੜੀ	26	26	5	0	LEV 7:17
ਤੌੜੀਆਂ	1	1	1	1	EXO 16:3
ਤ੍ਰਾਟਾਂ	1	1	1	0	ISA 13:8
ਤ੍ਰਿਕਾਲਾਂ	1	1	1	1	DAN 9:21
ਤ੍ਰਿਪਤ	18	18	5	23	DEU 33:23
ਤ੍ਰਿਸੁਲੀਆਂ	1	1	1	0	NUM 4:14
ਤ੍ਰਿਸੂਲ	2	2	1	3	1SA 2:13
ਤ੍ਰਿਸੂਲਾਂ	1	1	1	1	JOB 41:7
ਤ੍ਰਿਸੂਲੀਆਂ	4	4	3	3	EXO 27:3
ਤ੍ਰਿੱਥੇ	1	1	1	0	1CH 12:8
ਤ੍ਰੀਮਤ	4	4	2	0	1SA 27:9
ਤ੍ਰੀਮਤਾਂ	1	1	1	0	PSA 45:9
ਤ੍ਰੇਆਸ	1	1	1	0	ACT 16:8
ਤ੍ਰੇਲ	30	30	14	36	DEU 32:2
ਤ੍ਰੇਹ	1	1	1	0	HAG 1:6
ਤ੍ਰੈ	2	2	2	1	DAN 11:2
ਤ੍ਰੋਆਸ	5	5	3	10	ACT 16:11
ਤ੍ਰੋਫ਼ਿਮੁਸ	3	3	2	3	ACT 20:4
ਤੜਕ	2	2	1	0	2KI 3:22
ਤੜਕਸਾਰ	1	1	1	0	ISA 37:36
ਤੜਕਾਈ	1	1	1	0	NEH 5:16
ਤੜਕੇ	24	24	11	20	GEN 19:2
ਤੜਫ	2	2	2	0	DEU 2:25
ਤੜਫਣ	2	2	2	0	JOB 6:10
ਤੜਫਣਗੇ	2	2	2	0	ISA 23:5
ਤੜਫਦੀ	2	2	2	0	ISA 26:17
ਤੜਫ਼ਦਾ	1	1	1	2	JOB 15:20
ਤੜਫ਼ਦੇ	1	1	1	1	ISA 5:13
ਤੜਫਾਟ	1	1	1	0	ISA 21:3
ਤੜਫੇ	1	1	1	0	ISA 26:18
ਤੜਿੰਗ	1	1	1	0	LUK 3:5
ਤੜੀ	1	1	1	0	ECC 6:2
ਤੰਗ	24	24	12	23	GEN 19:9
ਤੰਗਲੀਆਂ	1	1	1	0	1SA 13:21
ਤੰਗੀ	14	14	8	12	DEU 8:9
ਤੰਗੀਆਂ	2	2	1	2	2CO 6:4
ਤੰਗੁਲੀ	1	1	1	2	MAT 3:12
ਤੰਦਰ	1	1	1	0	MAT 6:30
ਤੰਦਰੁਸਤ	1	1	1	2	JHN 4:47
ਤੰਦਰੁਸਤੀ	9	9	6	7	PSA 38:3
ਤੰਦੂਰ	12	12	7	11	GEN 15:17
ਤੰਦੂਰਾ	2	2	1	0	NEH 3:11
ਤੰਦੂਰਾਂ	1	1	1	3	EXO 8:3
ਤੰਬੁਰਾ	1	1	1	0	1CH 13:8
ਤੰਬੂ	287	287	24	298	GEN 9:21
ਤੰਬੂਆਂ	47	47	19	47	GEN 4:20
ਤੰਬੂਰੇ	1	1	1	1	1CH 15:16
ਤੰਮੀਮ	1	1	1	0	DEU 33:8
ਤੰਮੂਜ	1	1	1	1	EZK 8:14
ਤੱਕ	87	87	24	2150	LEV 25:29
ਤੱਕਣ	3	3	2	0	2CH 22:6
ਤੱਕਣਗੇ	5	5	3	5	JOB 11:19
ਤੱਕਣਾ	2	2	1	1	OBA 1:12
ਤੱਕਦਾ	9	9	7	10	NUM 24:17
ਤੱਕਦਿਆਂ	1	1	1	0	ACT 27:33
ਤੱਕਦੀ	1	1	1	0	1KI 10:24
ਤੱਕਦੀਆ	1	1	1	0	PSA 11:4
ਤੱਕਦੀਆਂ	2	2	2	3	PRO 15:3
ਤੱਕਦੇ	5	5	4	5	JOB 6:19
ਤੱਕਲੇ	1	1	1	1	PRO 31:19
ਤੱਕਾਂ	1	1	1	1	PSA 27:4
ਤੱਕਾਂਗਾ	5	5	4	3	ISA 38:11
ਤੱਕਿਆ	8	8	7	6	2SA 24:20
ਤੱਕਿਓ	1	1	1	0	NUM 16:26
ਤੱਕੇ	1	1	1	1	ISA 5:30
ਤੱਕੇਂ	1	1	1	0	HAB 2:15
ਤੱਕੜਵਿੱਚ	1	1	1	0	PSA 62:9
ਤੱਕੜਾ	1	1	1	0	2CH 12:13
ਤੱਕੜੀ	8	8	6	12	JOB 6:2
ਤੱਕੜੀਆਂ	1	1	1	0	ISA 40:12
ਤੱਕੜੇ	1	1	1	0	NEH 1:10
ਤੱਛ	1	1	1	0	DEU 10:1
ਤੱਛੀਆਂ	1	1	1	0	DEU 10:3
ਤੱਜ	4	4	4	2	EXO 30:24
ਤੱਜਿਆ	1	1	1	0	2KI 17:22
ਤੱਤ	2	2	2	1	NUM 25:4
ਤੱਤਾ	6	6	3	0	GEN 31:36
ਤੱਤੀ	4	4	4	2	1SA 21:6
ਤੱਤੀਆਂ	2	2	2	2	2SA 19:43
ਤੱਤੇ	6	6	6	2	DEU 32:24
ਤੱਦ	8	8	4	0	RUT 3:4
ਤੱਪਸਿਆ	1	1	1	0	COL 2:23
ਤੱਪੁਅਹ	1	1	1	0	JOS 15:34
ਤੱਪੁਆਹ	1	1	1	0	1CH 2:43
ਤੱਪੂਆਹ	5	5	1	7	JOS 12:17
ਤੱਪੜ	32	32	17	42	GEN 37:34
ਤੱਰਕੀ	1	1	1	0	PRO 3:35
ਤੱਲਾਸਾਰ	1	1	1	0	2KI 19:12
ਤੱਸਲੀ	21	21	11	0	1CH 7:22
ਤੱਸਲੀਆਂ	1	1	1	0	ISA 57:18
ਥਕਾ	3	3	3	3	JOB 16:7
ਥਕਾਇਆ	1	1	1	1	JER 12:13
ਥਕਾਉਂਦਾ	1	1	1	1	ECC 12:12
ਥਕਾਉਂਦੀ	1	1	1	1	ECC 10:15
ਥਕਾਉਣਾ	1	1	1	0	ECC 1:8
ਥਕਾਵਟ	1	1	1	1	JDG 4:21
ਥਕੇਵਾਂ	1	1	1	0	DEU 1:12
ਥਥਲਾ	1	1	1	1	MRK 7:32
ਥਥਲਿਆਂ	1	1	1	1	ISA 32:4
ਥਥਲੀ	1	1	1	0	ISA 33:19
ਥਥਲੇ	1	1	1	0	ISA 28:11
ਥਮ	1	1	1	1	PSA 119:116
ਥਮ੍ਹ	1	1	1	0	PSA 46:10
ਥਮ੍ਹਾ	1	1	1	0	PSA 65:7
ਥਮ੍ਹਾਂ	1	1	1	1	2KI 18:16
ਥਮ੍ਹੀਆਂ	2	2	1	0	NUM 3:37
ਥਰ	17	17	8	0	GEN 27:33
ਥਰਥਰਾਈਆਂ	1	1	1	0	HAB 3:16
ਥਰਥਰਾਉਂਦੇ	1	1	1	0	PSA 18:45
ਥਰਥਰਾਏ	1	1	1	0	HAB 3:7
ਥਰਥਰਾਹਟ	1	1	1	0	PSA 55:5
ਥਰਾਈ	2	2	2	0	2SA 22:8
ਥਰਾਉਂਦੇ	2	2	2	0	2SA 22:46
ਥਰਾਉਣ	1	1	1	0	PSA 46:3
ਥਲ	21	21	7	14	NUM 21:20
ਥਲਾਂ	3	3	2	2	JOB 6:15
ਥਲਿਉਂ	1	1	1	0	JHN 8:23
ਥਲੇ	2	2	2	0	GEN 35:8
ਥਸਲੁਨੀਕੀਆਂ	2	2	2	0	1TH 1:1
ਥਸਲੁਨੀਕੇ	4	4	2	6	ACT 17:1
ਥਹੁ	2	2	2	0	JDG 8:14
ਥਾ	3	3	2	0	LEV 4:33
ਥਾਂ	677	677	49	513	GEN 1:9
ਥਾਂ-ਥਾਂ	1	1	1	4	ACT 18:23
ਥਾਂਓਂ	3	3	1	0	1SA 9:25
ਥਾਂਵਾ	1	1	1	0	ISA 45:3
ਥਾਂਵਾਂ	4	4	2	3	LEV 13:38
ਥਾਈਂ	10	10	7	2	EXO 27:18
ਥਾਉਂ	1	1	1	0	2SA 5:20
ਥਾਓਂ	2	2	2	1	JER 13:7
ਥਾਣੀ	37	37	14	11	EXO 14:16
ਥਾਣੀਂ	5	5	4	0	2CH 18:23
ਥਾਣੇ	1	1	1	0	2CH 6:34
ਥਾਨ	1	1	1	0	2CH 9:25
ਥਾਪ	5	5	5	3	JDG 8:33
ਥਾਪਣ	9	9	5	6	LEV 8:22
ਥਾਪਨਾ	6	6	1	6	EXO 29:22
ਥਾਪਾਂਗਾ	1	1	1	1	EZK 44:14
ਥਾਪਿਆ	38	38	17	12	EXO 31:6
ਥਾਪੀ	4	4	4	1	EZR 7:25
ਥਾਪੀਂ	2	2	1	2	EXO 28:41
ਥਾਪੀਆ	1	1	1	0	EZR 8:20
ਥਾਪੇ	9	9	4	5	EXO 29:29
ਥਾਪੇਗਾ	1	1	1	1	LEV 8:33
ਥਾਮਰ	1	1	1	0	EZR 2:53
ਥਾਮਹ	1	1	1	2	NEH 7:55
ਥਾਰਹ	2	2	1	0	NUM 33:27
ਥਾਲ	23	23	6	22	GEN 43:34
ਥਾਲਾਂ	1	1	1	1	GEN 43:34
ਥਾਲੀ	5	5	5	6	2SA 13:9
ਥਾਲੀਆਂ	3	3	2	4	EXO 25:29
ਥਾਲੀਨੂੰ	1	1	1	0	MAT 23:25
ਥਾਵਾ	1	1	1	0	PSA 10:8
ਥਾਵਾਂ	107	107	25	112	EXO 26:29
ਥਾਵੇਂ	1	1	1	0	JHN 18:2
ਥਾਹ	2	2	1	0	ACT 27:28
ਥਿਉਫ਼ਿਲੁਸ	2	2	2	8	LUK 1:3
ਥਿਤਾਂ	1	1	1	1	PSA 104:19
ਥਿਯਾਸ	1	1	1	0	ACT 1:26
ਥਿੰਦੀ	1	1	1	0	LEV 8:26
ਥਿੰਧਾ	1	1	1	0	HAB 1:16
ਥਿੰਧਿਆਈ	8	8	4	1	NUM 18:29
ਥੀਂ	13	13	6	0	PRO 30:33
ਥੁਆਤੀਰਾ	1	1	1	1	ACT 16:14
ਥੁਕਿਆ	1	1	1	0	JHN 9:6
ਥੁੜ	27	27	14	31	DEU 8:9
ਥੁੜਨਾ	1	1	1	1	PHP 4:12
ਥੁੜਾਂ	2	2	1	0	2CO 6:4
ਥੁੜਿਆ	1	1	1	2	PRO 30:9
ਥੁੜੋਂ	10	10	8	0	DEU 28:57
ਥੁੰਮੀਮ	2	2	2	2	EZR 2:63
ਥੁੱਕ	4	4	3	4	JOB 7:19
ਥੁੱਕਣ	2	2	2	2	JOB 30:10
ਥੁੱਕਣਗੇ	1	1	1	1	MRK 10:34
ਥੁੱਕਦੇ	2	2	2	2	JOB 17:6
ਥੁੱਕਿਆ	4	4	3	5	NUM 12:14
ਥੁੱਕੇ	2	2	2	2	LEV 15:8
ਥੂਆਤੀਰੇ	3	3	1	4	REV 1:11
ਥੇਉਦਾਸ	1	1	1	1	ACT 5:36
ਥੇਮ੍ਹ	1	1	1	0	NEH 9:12
ਥੇਹ	17	17	7	8	2KI 19:25
ਥੇਹਾ	1	1	1	0	PSA 9:6
ਥੇਹਾਂ	5	5	4	1	JOS 11:13
ਥੈਲੀ	5	5	5	7	JOB 14:17
ਥੈਲੀਆਂ	3	3	2	4	2KI 5:23
ਥੈਲੇ	1	1	1	2	DEU 25:13
ਥੋਂ	28	28	3	0	DEU 4:10
ਥੋਕ	1	1	1	0	JOB 33:11
ਥੋਥਾ	3	3	2	0	JOB 21:10
ਥੋਬੇ	1	1	1	0	JOB 33:6
ਥੋਮਾ	10	10	4	16	MAT 10:3
ਥੋਮਾਂ	4	4	1	0	JHN 20:24
ਥੋਮਾਸ	1	1	1	0	ACT 1:13
ਥੋਹਰਾਂ	1	1	1	0	ISA 34:13
ਥੋਹੜਾ	1	1	1	0	GEN 18:4
ਥੋਹੜੀ	1	1	1	0	GEN 18:5
ਥੋੜ	2	2	2	1	PSA 34:9
ਥੋੜਾ	58	58	25	17	GEN 24:17
ਥੋੜਿਆਂ	9	9	5	0	NUM 26:54
ਥੋੜੀ	21	21	13	16	GEN 22:5
ਥੋੜੀਆਂ	5	5	5	4	1SA 17:28
ਥੋੜੇ	86	86	34	16	GEN 24:55
ਥੋੜ੍ਹਾ	1	1	1	45	1TI 4:8
ਥ੍ਹਿਲ	2	2	1	0	NEH 10:36
ਥੜਾ	2	2	2	2	2CH 6:13
ਥੜੇ	3	3	2	3	EXO 27:5
ਥੰਧਿਆਈ	1	1	1	0	NEH 8:10
ਥੰਧੀਆਂ	1	1	1	0	REV 18:14
ਥੰਮ	20	20	11	0	GEN 8:2
ਥੰਮਣ	1	1	1	0	1CH 13:9
ਥੰਮਦਾ	1	1	1	0	PSA 37:24
ਥੰਮਾ	2	2	2	1	EST 1:6
ਥੰਮਾਂ	24	24	3	38	DEU 7:5
ਥੰਮਿਆ	1	1	1	3	2CH 18:34
ਥੰਮੂਗਾ	1	1	1	0	JOB 8:20
ਥੰਮ੍ਹ	66	66	21	98	GEN 28:18
ਥੰਮ੍ਹਣਗੀਆਂ	1	1	1	0	JER 14:17
ਥੰਮ੍ਹਾ	3	3	3	0	1KI 7:22
ਥੰਮ੍ਹਾਂ	31	31	11	25	EXO 23:24
ਥੰਮ੍ਹਿਆ	2	2	2	0	1KI 22:35
ਥੰਮ੍ਹੀ	1	1	1	0	JER 47:6
ਥੰਮ੍ਹੀਆਂ	35	35	3	37	EXO 26:32
ਥੱਕ	27	27	13	30	GEN 19:11
ਥੱਕਣਗੇ	2	2	2	2	ISA 40:31
ਥੱਕਦਾ	2	2	1	2	ISA 5:27
ਥੱਕਿਆ	4	4	3	4	GEN 25:29
ਥੱਕਿਆਂ	1	1	1	0	JDG 8:15
ਥੱਕੀ	2	2	2	2	JOB 10:1
ਥੱਕੇ	12	12	9	14	DEU 25:18
ਥੱਕੋ	1	1	1	1	2TH 3:13
ਥੱਦਈ	2	2	2	2	MAT 10:3
ਥੱਪ	1	1	1	1	PSA 119:69
ਥੱਮ੍ਹੀ	1	1	1	0	NEH 4:21
ਥੱਲਿਓਂ	4	4	2	2	1KI 6:15
ਥੱਲੀ	1	1	1	0	2SA 21:1
ਥੱਲੇ	23	23	8	27	1KI 6:15
ਥੱਸਲੁਨੀਕਿਯਾ	1	1	1	0	2TI 4:10
ਥੱਸਲੁਨੀਕੀਆ	6	6	2	5	1TH 0:0
ਥੱਸਲੁਨੀਕੀਆਂ	3	3	3	17	ACT 20:4
ਥੱਸਲੁਨੀਕੇ	1	1	1	1	ACT 27:2
ਦ	9	9	8	0	GEN 3:15
ਦਇਆ	6	6	4	1	GEN 24:12
ਦਊਏਲ	6	6	1	4	NUM 1:14
ਦਊਦ	1	1	1	0	2SA 10:3
ਦਖਲ	2	2	2	0	PSA 131:1
ਦਗ	6	6	2	0	2SA 22:9
ਦਗਾ	1	1	1	0	JER 5:11
ਦਜਲੇ	1	1	1	0	DAN 10:4
ਦਜ਼	1	1	1	0	1CH 24:9
ਦਦਾਨ	10	10	4	10	GEN 10:7
ਦਦਾਨੀ	1	1	1	1	EZK 27:15
ਦਦਾਨੀਆਂ	1	1	1	1	ISA 21:13
ਦਦਿਮੁਸ	2	2	1	0	JHN 11:16
ਦਨਾਈ	4	4	2	0	JOB 12:16
ਦਫਨ	1	1	1	0	HOS 9:6
ਦਫਨਾ	2	2	2	0	GEN 35:29
ਦਫਨਾਇਆ	1	1	1	0	JER 20:6
ਦਫਨਾਈ	2	2	1	0	GEN 35:8
ਦਫਨਾਉਣ	2	2	1	0	JER 19:11
ਦਫਨਾਉਣਗੇ	1	1	1	0	JER 19:11
ਦਫਨਾਉਣਾ	1	1	1	0	JER 22:19
ਦਫ਼ਨ	1	1	1	2	ISA 14:20
ਦਫ਼ਨਾ	3	3	2	10	JOS 24:32
ਦਫ਼ਨਾਇਆ	3	3	3	14	GEN 15:16
ਦਫ਼ਨਾਉਣ	3	3	3	8	MAT 26:12
ਦਫ਼ਾ	3	3	3	4	2SA 20:20
ਦਫਾ	3	3	3	0	1SA 5:10
ਦਬ	3	3	2	1	2CH 28:27
ਦਬਕਾ	10	10	8	7	DEU 11:25
ਦਬਕਾਈਏ	1	1	1	1	ACT 4:17
ਦਬਕਾਉਂਦਾ	1	1	1	2	JOB 5:17
ਦਬਕਾਉਣ	1	1	1	0	ACT 9:1
ਦਬਕਾਵੇ	1	1	1	1	PSA 141:5
ਦਬਕੇ	4	4	2	6	JOB 38:40
ਦਬਾ	16	16	9	17	NUM 22:25
ਦਬਾਇਆ	4	4	4	5	NUM 22:25
ਦਬਾਈ	6	6	6	6	2CH 28:10
ਦਬਾਈਏ	1	1	1	0	PSA 74:8
ਦਬਾਉਂਦਾ	4	4	4	3	PSA 38:2
ਦਬਾਉਂਦੀ	1	1	1	0	2CO 11:28
ਦਬਾਉਂਦੇ	2	2	2	1	ISA 3:15
ਦਬਾਉਣ	5	5	3	5	PSA 119:121
ਦਬਾਉਣਗੇ	1	1	1	1	EZK 39:13
ਦਬਾਏ	3	3	2	3	PSA 103:6
ਦਬਾਓ	3	3	1	4	PSA 44:24
ਦਬਾਵਾਂਗਾ	2	2	2	2	1CH 17:10
ਦਬਿਰ	8	8	1	0	JOS 11:21
ਦਬੀਰ	5	5	3	15	JOS 10:3
ਦਬੀਰੀਆਂ	1	1	1	1	JDG 1:11
ਦਬੈਲਾਂ	1	1	1	0	ISA 58:6
ਦਬੋਰਾਹ	10	10	2	13	GEN 35:8
ਦਮ	16	16	9	9	2SA 20:15
ਦਮਕ	2	2	2	0	2SA 22:13
ਦਮਦਮਾ	8	8	5	7	ISA 29:3
ਦਮਦਮਿਆ	1	1	1	0	JER 33:4
ਦਮਦਮੇ	3	3	3	1	ECC 9:14
ਦਮਾ	3	3	2	0	2SA 20:15
ਦਮਿਸਕ	1	1	1	0	GEN 14:15
ਦਮਿਸ਼ਕ	1	1	1	0	2CH 24:23
ਦਮਿਸ਼ਕੀ	1	1	1	0	GEN 15:2
ਦਮੜੀਆਂ	2	2	2	2	MRK 12:42
ਦਯਾ	310	310	42	348	GEN 19:19
ਦਯਾਲੂ	8	8	3	6	PSA 86:5
ਦਯਾਵਾਨ	13	13	6	12	DEU 7:9
ਦਰ	14	14	10	5	DEU 34:10
ਦਰਕੋਨ	2	2	2	2	EZR 2:56
ਦਰਖਤਾਂ	2	2	1	0	2CH 1:15
ਦਰਖ਼ਤ	1	1	1	3	EZK 15:6
ਦਰਖ਼ਤਾਂ	1	1	1	4	EZK 15:6
ਦਰਗਾਹ	3	3	2	1	1CH 21:8
ਦਰਗਾਹਾਂ	3	3	1	3	PSA 84:2
ਦਰਗਾਹੇ	7	7	5	0	DAN 1:5
ਦਰਜ	2	2	2	13	2CH 20:34
ਦਰਜੇ	25	25	12	25	GEN 41:43
ਦਰਦ	4	4	3	7	JOB 33:19
ਦਰਦਮੰਦੀ	1	1	1	1	PHP 2:1
ਦਰਦਾ	1	1	1	1	1KI 4:31
ਦਰਦੀ	5	5	3	7	ECC 1:18
ਦਰਦੀਆਂ	1	1	1	0	ISA 57:18
ਦਰਪਣਾਂ	1	1	1	1	EXO 38:8
ਦਰਬਾਨ	24	24	5	30	1CH 9:18
ਦਰਬਾਨਾ	2	2	2	0	EZR 7:24
ਦਰਬਾਨਾਂ	14	14	7	17	2KI 23:4
ਦਰਬਾਰ	26	26	9	16	1SA 22:14
ਦਰਬਾਰਾਂ	2	2	2	1	2KI 7:11
ਦਰਬਾਰੀ	3	3	3	6	2KI 25:19
ਦਰਬਾਰੀਆਂ	4	4	2	3	2KI 24:12
ਦਰਬੇ	4	4	1	6	ACT 14:6
ਦਰਮ	3	3	1	3	NEH 7:70
ਦਰਮਿਆਨ	4	4	2	0	1TH 2:9
ਦਰਵਾਜ਼ੇ	7	7	2	171	PSA 78:23
ਦਰਵਾਜੇ	1	1	1	0	JHN 20:19
ਦਰਵੱਜ਼ੇ	1	1	1	0	NEH 3:20
ਦਰਵੱਜਾ	11	11	5	0	2CH 4:22
ਦਰਵੱਜਿਆਂ	16	16	10	0	NUM 16:27
ਦਰਵੱਜਿਓ	2	2	1	0	PSA 24:7
ਦਰਵੱਜੇ	98	98	19	0	GEN 43:19
ਦਰਸ਼ਣ	107	107	28	213	EXO 3:2
ਦਰਸ਼ਣਾ	2	2	2	0	JOB 7:14
ਦਰਸ਼ਣਾਂ	3	3	2	6	EZK 8:3
ਦਰਸ਼ਨ	27	27	10	1	GEN 12:7
ਦਰਸ਼ਨੀ	1	1	1	0	2SA 23:21
ਦਰਸ਼ਾ	4	4	2	0	JHN 14:8
ਦਰਸ਼ਾਇਆ	4	4	4	0	JHN 21:1
ਦਰਸ਼ਾਈ	2	2	1	0	1PE 4:10
ਦਰਸ਼ਾਉਂਦਾ	5	5	5	0	JHN 14:22
ਦਰਸ਼ਾਉਂਦੇ	1	1	1	0	2TH 3:17
ਦਰਸ਼ਾਉਣ	2	2	2	0	JHN 14:22
ਦਰਸ਼ਾਉਣਾ	1	1	1	0	JAS 2:20
ਦਰਸ਼ਾਉਣੀ	1	1	1	0	JAS 2:13
ਦਰਸ਼ਾਓ	1	1	1	0	JAS 1:4
ਦਰਸ਼ਾਵੇਗਾ	1	1	1	0	JAS 2:13
ਦਰਸ਼ਾਵੋਂਗੇ	1	1	1	0	JAS 2:13
ਦਰਸ਼ੀ	7	7	3	7	1SA 9:9
ਦਰਸ਼ੀਆਂ	2	2	1	2	ISA 29:10
ਦਰਸਾਇਆ	1	1	1	5	JHN 8:38
ਦਰਾਂ	1	1	1	0	JOB 3:10
ਦਰਿਆ	99	99	23	88	GEN 2:10
ਦਰਿਆਂ	1	1	1	0	DEU 11:24
ਦਰਿਆਈ	1	1	1	1	JOB 40:15
ਦਰਿਆਉ	1	1	1	0	1CH 5:9
ਦਰਿਆਓਂ	14	14	1	0	EZR 4:11
ਦਰਿਆਵਾਂ	12	12	5	12	EXO 7:19
ਦਰਿਸਟਾਂ	1	1	1	0	GEN 46:2
ਦਰਿਸ਼ਟ	5	5	4	1	EXO 19:11
ਦਰਿਸ਼ਟਾਂ	6	6	3	1	2CH 9:29
ਦਰਿਸ਼ਟਾਂਤ	1	1	1	0	PSA 49:4
ਦਰਿਸ਼ਟੀ	6	6	4	0	EZR 7:28
ਦਰਿਸ਼ਟੀਆਂ	4	4	1	0	DAN 4:5
ਦਰਿੰਦ	1	1	1	0	ZEP 2:14
ਦਰਿੰਦਾ	16	16	3	17	ISA 35:9
ਦਰਿੰਦਿਆ	1	1	1	0	PSA 79:2
ਦਰਿੰਦਿਆਂ	28	28	12	19	EXO 22:31
ਦਰਿੰਦਿਓ	2	2	1	0	ISA 56:9
ਦਰਿੰਦੇ	57	57	10	51	EXO 23:11
ਦਰੀਂ	1	1	1	0	JOB 10:10
ਦਰੀਆਂ	1	1	1	1	ISA 21:5
ਦਰੂਸਿੱਲਾ	1	1	1	2	ACT 24:24
ਦਰੇ	2	2	1	0	1SA 13:23
ਦਰੋਗਾ	3	3	3	2	GEN 39:23
ਦਰੋਗੇ	8	8	5	6	GEN 39:21
ਦਰੜ	1	1	1	1	ISA 28:28
ਦਰੜੀਦਾ	1	1	1	1	ISA 28:28
ਦਰੜੇ	3	3	2	0	2KI 18:21
ਦਲ	61	61	17	81	GEN 28:3
ਦਲਮਨੂਥਾ	1	1	1	1	MRK 8:10
ਦਲਮਾਤਿਯਾ	1	1	1	1	2TI 4:10
ਦਲਯਾਹ	1	1	1	0	NEH 7:62
ਦਲਾਂ	12	12	4	18	EXO 1:7
ਦਲਾਨ	12	12	3	11	1KI 6:3
ਦਲਾਨਾਂ	1	1	1	1	1CH 28:11
ਦਲਾਯਾਰ	1	1	1	0	1CH 24:18
ਦਲਾਯਾਹ	5	5	4	7	1CH 3:24
ਦਲਿਆਂ	1	1	1	0	LEV 2:16
ਦਲੀ	1	1	1	1	2SA 17:19
ਦਲੀਜ	1	1	1	0	1KI 14:17
ਦਲੀਲ	15	15	6	3	JOB 13:6
ਦਲੀਲਬਾਜ਼ੀ	2	2	1	0	TIT 2:9
ਦਲੀਲਾਂ	3	3	1	4	JOB 9:14
ਦਲੀਲਾਹ	6	6	1	9	JDG 16:4
ਦਲੇ	1	1	1	0	LEV 2:14
ਦਲੇਰ	1	1	1	11	1TH 2:2
ਦਲੇਰੀ	7	7	3	29	GEN 18:31
ਦਵਾ	6	6	4	1	2KI 8:29
ਦਵਾਇਆ	1	1	1	0	EZR 8:21
ਦਵਾਈ	2	2	1	2	EZK 30:21
ਦਵਾਈਆਂ	1	1	1	1	JER 46:11
ਦਵਾਤ	3	3	1	3	EZK 9:2
ਦਵਾਰਾ	1	1	1	0	GEN 48:20
ਦਵਾਲੇ	1	1	1	0	2KI 6:17
ਦਵੇ	1	1	1	0	LEV 14:25
ਦਸ	187	187	29	219	GEN 18:32
ਦਸਕੁ	2	2	2	0	GEN 24:55
ਦਸਤ	1	1	1	0	DEU 19:5
ਦਸਤਕਾਰੀ	13	13	4	10	PSA 8:3
ਦਸਤਖਤ	3	3	1	0	JER 32:10
ਦਸਤੀ	1	1	1	0	EXO 14:8
ਦਸਤੂਰ	16	16	11	7	GEN 19:31
ਦਸਤੇ	1	1	1	1	SNG 5:5
ਦਸਦੇ	2	2	1	0	NEH 6:19
ਦਸਵਾਂ	13	13	6	14	LEV 5:11
ਦਸਵੀਂ	10	10	6	7	EXO 12:3
ਦਸਵੇਂ	19	19	9	23	GEN 8:5
ਦਸਵੰਦ	6	6	2	0	LEV 14:10
ਦਸਵੰਧ	51	51	9	65	GEN 14:20
ਦਸਵੰਧਾ	3	3	2	0	NUM 18:21
ਦਸਵੰਧਾਂ	3	3	2	5	LEV 23:17
ਦਸ਼	1	1	1	0	JOS 15:57
ਦਸ਼ਾ	4	4	2	2	1CH 22:14
ਦਸਾਂ	30	30	20	18	GEN 5:14
ਦਸਿਆ	25	25	5	0	JHN 1:15
ਦਸੀ	1	1	1	0	2PE 3:15
ਦਸੀਆਂ	10	10	5	0	JHN 6:63
ਦਸੇ	8	8	4	7	GEN 42:3
ਦਸੇਂ	1	1	1	0	DAN 5:16
ਦਸੇਗਾ	1	1	1	0	JOB 21:31
ਦਸੌਂਧ	12	12	5	0	GEN 28:22
ਦਸੰਤਰਾਂ	1	1	1	1	PSA 107:3
ਦਹਾਵੀ	1	1	1	1	EZR 4:9
ਦਹੀ	2	2	2	0	GEN 18:8
ਦਹੀਂ	5	5	2	8	JOB 20:17
ਦਾ	10959	10959	66	12652	GEN 1:2
ਦਾਅਵਤ	1	1	1	2	JHN 2:9
ਦਾਅਵਤਾਂ	3	3	3	0	JHN 2:8
ਦਾਇਕ	16	16	10	9	EXO 15:11
ਦਾਇਕਾਂ	1	1	1	0	MAT 18:34
ਦਾਈ	10	10	7	10	GEN 24:59
ਦਾਈਆ	2	2	1	0	GEN 50:20
ਦਾਈਆਂ	8	8	2	8	EXO 1:15
ਦਾਉ	10	10	6	0	PRO 1:11
ਦਾਉਂ	1	1	1	0	PRO 7:12
ਦਾਉਣੇ	1	1	1	0	PRO 5:4
ਦਾਉਤ	29	29	12	0	GEN 26:30
ਦਾਉਤ-ਖ਼ਾਨੇ	1	1	1	0	SNG 2:4
ਦਾਉਤਾਂ	1	1	1	0	PRO 15:15
ਦਾਉਦ	28	28	5	0	1SA 16:13
ਦਾਊਦ	1028	1028	26	1249	RUT 4:17
ਦਾਖ	64	64	19	24	GEN 40:9
ਦਾਖਰਸ	7	7	4	14	GEN 27:28
ਦਾਖਲ	3	3	2	6	EZK 3:24
ਦਾਖਾਂ	21	21	8	21	GEN 40:11
ਦਾਖਿਲ	2	2	1	4	MAT 25:21
ਦਾਗ	12	12	5	30	LEV 13:29
ਦਾਗ਼	1	1	1	1	JOB 31:7
ਦਾਗਾਂ	3	3	3	2	JER 13:23
ਦਾਗਿਆ	1	1	1	1	1TI 4:2
ਦਾਗੋਨ	13	13	4	13	JOS 15:41
ਦਾਜ	3	3	2	2	GEN 30:20
ਦਾਣਾ	8	8	6	6	GEN 14:11
ਦਾਣਿਆ	1	1	1	0	PSA 139:18
ਦਾਣਿਆਂ	5	5	4	5	LEV 2:14
ਦਾਣੇ	20	20	14	20	GEN 45:23
ਦਾਤ	34	34	12	20	NUM 18:6
ਦਾਤਾ	12	12	11	10	GEN 49:10
ਦਾਤਾਂ	21	21	9	13	ISA 18:5
ਦਾਤਾਰ	1	1	1	0	ROM 10:12
ਦਾਤਿਆਂ	1	1	1	0	1SA 13:21
ਦਾਤੀ	13	13	6	13	DEU 16:9
ਦਾਤੇ	5	5	5	0	PSA 38:22
ਦਾਥਾਨ	10	10	3	11	NUM 16:1
ਦਾਦ	3	3	2	16	GEN 20:16
ਦਾਦਾ	2	2	1	4	JOS 17:3
ਦਾਦਿਆ	5	5	4	0	1SA 12:6
ਦਾਦਿਆਂ	344	344	27	16	GEN 15:15
ਦਾਦੀ	4	4	2	3	1KI 15:10
ਦਾਦੀਆਂ	2	2	2	0	NEH 2:5
ਦਾਦੇ	36	36	17	4	GEN 46:34
ਦਾਨ	111	111	32	125	GEN 14:14
ਦਾਨਾ	2	2	2	0	PRO 10:19
ਦਾਨਾਂ	1	1	1	1	NUM 18:29
ਦਾਨਿਏਲ	1	1	1	0	1CH 3:1
ਦਾਨੀ	2	2	1	4	JDG 18:16
ਦਾਨੀਆਂ	16	16	4	17	NUM 7:66
ਦਾਨੀਏਲ	85	85	5	108	EZR 8:2
ਦਾਫ਼ਕਾਹ	2	2	1	2	NUM 33:12
ਦਾਬ	1	1	1	1	ISA 17:10
ਦਾਬਰਥ	3	3	2	3	JOS 19:12
ਦਾਬਾ	1	1	1	1	PSA 10:10
ਦਾਬਾਂ	1	1	1	1	ISA 5:2
ਦਾਬਿਆਂ	1	1	1	0	JOB 35:9
ਦਾਬੇ	1	1	1	0	PSA 38:14
ਦਾਮਰਿਸ	1	1	1	1	ACT 17:34
ਦਾਮੁੰਡਾ	1	1	1	0	1SA 2:21
ਦਾਯਾ	3	3	1	0	ACT 12:4
ਦਾਰ	5	5	5	0	EXO 4:10
ਦਾਰਕ	1	1	1	0	EZR 2:69
ਦਾਰਕਾਂ	1	1	1	0	EZR 8:27
ਦਾਰਚੀਨੀ	2	2	2	0	EXO 30:23
ਦਾਰਨੀਆਂ	1	1	1	0	EXO 38:8
ਦਾਰਾ	26	26	6	27	1CH 2:6
ਦਾਰਾਂ	1	1	1	0	EZR 4:5
ਦਾਰੀ	1	1	1	0	1TI 6:2
ਦਾਰੀਆਂ	1	1	1	0	1CH 28:13
ਦਾਰੂ	5	5	3	0	2KI 8:29
ਦਾਲ	8	8	5	5	GEN 25:29
ਦਾਲਚੀਨੀ	1	1	1	4	REV 18:13
ਦਾਵਾ	11	11	8	6	DEU 17:8
ਦਾਵਿਆਂ	1	1	1	0	JOB 13:6
ਦਾਵੇ	1	1	1	0	ACT 25:16
ਦਾਸ	293	293	37	388	GEN 9:26
ਦਾਸ਼ਾਂ	1	1	1	0	ACT 4:29
ਦਾਸਾਂ	73	73	20	84	GEN 41:10
ਦਾਸੀ	1	1	1	92	JOB 31:13
ਦਾਸੀਆਂ	5	5	4	34	LEV 25:44
ਦਾਸੋ	1	1	1	1	REV 19:5
ਦਾਹੜੀ	4	4	3	0	1SA 21:13
ਦਾੜਾਂ	1	1	1	1	PRO 30:14
ਦਾੜੀ	3	3	2	0	LEV 21:5
ਦਾੜੀਆਂ	2	2	1	0	1CH 19:4
ਦਾੜ੍ਹਾਂ	1	1	1	2	JOL 1:6
ਦਾੜ੍ਹੀ	8	8	5	18	LEV 19:27
ਦਾੜ੍ਹੀਆਂ	4	4	3	5	2SA 10:5
ਦਾੱਬਾ	1	1	1	0	PRO 29:13
ਦਿਆ	7	7	7	8	GEN 48:20
ਦਿਆਂ	518	518	47	122	GEN 1:26
ਦਿਆਂਗਾ	499	499	39	518	GEN 6:7
ਦਿਆਂਗੀ	3	3	3	4	1SA 1:11
ਦਿਆਂਗੇ	7	7	4	13	GEN 34:16
ਦਿਆਂਲਾਡਲਿਆਂ	1	1	1	0	HOS 9:16
ਦਿਆਗਾ	1	1	1	0	DEU 18:18
ਦਿਆਗਾਂ	1	1	1	0	1SA 9:8
ਦਿਆਨਤਦਾਰ	4	4	1	0	LUK 16:10
ਦਿਆਨਤਦਾਰੀ	3	3	2	1	2KI 12:15
ਦਿਆਰ	64	64	16	66	LEV 14:4
ਦਿਆਰਾਂ	9	9	6	9	JDG 9:15
ਦਿਆਲ	4	4	2	0	EXO 33:19
ਦਿਆਲਗੀ	8	8	6	8	ROM 11:22
ਦਿਆਲਗੀਆਂ	6	6	4	0	GEN 32:10
ਦਿਆਲਤਾ	4	4	1	5	NEH 9:19
ਦਿਆਲ਼ਗੀਆ	1	1	1	0	PSA 25:6
ਦਿਆਲੂ	19	19	15	25	EXO 34:6
ਦਿਉ	38	38	8	49	JHN 2:8
ਦਿਉਂ	1	1	1	0	JAS 2:11
ਦਿਉਂਗੇ	2	2	1	0	JHN 2:20
ਦਿਉਗਾ	1	1	1	0	JOB 15:33
ਦਿਉਤਾ	1	1	1	0	ACT 28:6
ਦਿਉਤੇ	2	2	2	0	PSA 97:7
ਦਿਉਦਾਰ	1	1	1	0	EZK 17:3
ਦਿਓ	329	329	47	282	GEN 1:22
ਦਿਓ-ਯਾਰਾਂ	2	2	1	3	ISA 8:19
ਦਿਓਆਂ	1	1	1	0	DEU 18:11
ਦਿਓਗੇ	24	24	15	23	GEN 34:12
ਦਿਓਤਾ	15	15	5	0	JDG 6:31
ਦਿਓਤਿਆਂ	81	81	11	0	JDG 2:12
ਦਿਓਤੇ	50	50	11	1	JDG 2:3
ਦਿਓਯਾਰਾਂ	2	2	1	2	1SA 28:3
ਦਿਔਸ	2	2	1	0	ACT 14:12
ਦਿਕਲਾਹ	2	2	2	2	GEN 10:27
ਦਿਕਾਪੁਲਿਸ	3	3	2	3	MAT 4:25
ਦਿਖਾ	1	1	1	0	JAS 2:18
ਦਿਖਾਈ	2	2	2	35	1CO 13:12
ਦਿਖਾਉਂਦਾ	1	1	1	1	1CO 12:31
ਦਿਖਾਵਾਂਗਾ	2	2	2	1	JER 32:39
ਦਿਤਾ	5	5	4	0	1KI 22:37
ਦਿਤੀ	1	1	1	0	LEV 24:23
ਦਿਤੇ	1	1	1	0	PSA 135:12
ਦਿਨ	1731	1731	61	1896	GEN 1:5
ਦਿਨਹਾਬਾਹ	1	1	1	1	GEN 36:32
ਦਿਨਾ	5	5	3	0	DEU 16:4
ਦਿਨਾਂ	401	401	48	465	GEN 1:14
ਦਿਨੀ	3	3	2	0	PSA 72:7
ਦਿਨੀਂ	51	51	21	14	GEN 6:4
ਦਿਨੇ	11	11	7	7	GEN 31:40
ਦਿਨੋ	6	6	3	6	PSA 96:2
ਦਿਨੋਂ	7	7	5	0	JDG 16:16
ਦਿਨੱਡ	1	1	1	0	ECC 8:8
ਦਿਬਰੀ	1	1	1	1	LEV 24:11
ਦਿਬਲਾਇਮ	1	1	1	1	HOS 1:3
ਦਿਬਲਾਹ	1	1	1	1	EZK 6:14
ਦਿਬੋਨ	1	1	1	0	JER 48:18
ਦਿਮਨਾਹ	1	1	1	1	JOS 21:35
ਦਿਮਾਗ	1	1	1	1	JHN 12:40
ਦਿਯਾਨੀਸਿਯੁਸ	1	1	1	1	ACT 17:34
ਦਿਯੁਤ੍ਰਿਫੇਸ	1	1	1	3	3JN 1:9
ਦਿਲ	332	332	42	334	GEN 20:5
ਦਿਲਗੀਰ	2	2	2	0	MAT 26:37
ਦਿਲਫੋਨ	1	1	1	1	EST 9:7
ਦਿਲਮੇਰੇ	1	1	1	0	HOS 11:8
ਦਿਲਾ	1	1	1	1	2CO 10:1
ਦਿਲਾਂ	39	39	23	52	DEU 11:18
ਦਿਲਾਇਆ	2	2	2	2	2CH 28:25
ਦਿਲਾਨ	1	1	1	1	JOS 15:38
ਦਿਲਾਵਰ	1	1	1	0	AMO 2:16
ਦਿਲਾਸਾ	39	39	12	47	GEN 50:21
ਦਿਲਾਸੇ	11	11	3	10	ZEC 1:13
ਦਿਲੀ	13	13	8	9	PSA 12:2
ਦਿਲੇ	1	1	1	1	HOS 10:2
ਦਿਲੇਰ	9	9	3	2	PSA 27:14
ਦਿਲੇਰੀ	20	20	11	2	GEN 18:27
ਦਿਲੋ	1	1	1	0	PSA 32:11
ਦਿਲੋਂ	6	6	5	9	2CH 30:22
ਦਿਵਾਇਆ	1	1	1	1	EZK 8:17
ਦਿਵਾਉਂਦੇ	1	1	1	1	EZK 13:6
ਦਿਵਾਉਣ	1	1	1	2	EZK 20:28
ਦਿਵਾਉਣਾ	1	1	1	0	DAN 1:12
ਦਿਵਾਨ	1	1	1	0	LUK 8:3
ਦਿਵਾਨਖ਼ਾਨੇ	1	1	1	0	MAT 27:27
ਦਿਵਾਨਾ	1	1	1	0	2KI 9:11
ਦਿਸ	5	5	4	0	GEN 8:5
ਦਿਸਦਾ	4	4	4	12	1SA 4:15
ਦਿਸਦੀ	3	3	3	1	EZK 19:11
ਦਿਸਦੀਆਂ	1	1	1	1	MAT 23:27
ਦਿਸ਼ਾ	8	8	2	20	1CH 26:14
ਦਿਸ਼ੋਨ	2	2	1	0	GEN 36:21
ਦਿਸੇ	4	4	3	7	LEV 13:3
ਦਿਹ	58	58	9	2	GEN 14:21
ਦਿਹਾੜਾ	3	3	2	0	EZK 7:7
ਦਿਹਾੜਿਆਂ	3	3	2	0	EZK 38:16
ਦਿਹਾੜੀ	8	8	5	4	JOS 10:13
ਦਿਹਾੜੀਆਂ	1	1	1	0	1CH 29:15
ਦਿਹਾੜੇ	68	68	16	7	GEN 17:23
ਦਿੰਦਾ	533	533	48	636	GEN 9:3
ਦਿੰਦਾਂ	1	1	1	0	DEU 30:2
ਦਿੰਦਿਆਂ	4	4	3	0	GEN 28:6
ਦਿੰਦੀ	71	71	25	79	GEN 4:10
ਦਿੰਦੀਆਂ	13	13	8	16	JOB 24:19
ਦਿੰਦੇ	176	176	47	195	GEN 12:3
ਦਿੰਨਾਂ	3	3	2	0	LEV 12:2
ਦਿੱਕ	1	1	1	0	ZEC 11:8
ਦਿੱਡੋਂ	4	4	1	0	2SA 3:2
ਦਿੱਢ	1	1	1	0	JON 2:2
ਦਿੱਤਾ	2530	2530	63	2939	GEN 1:29
ਦਿੱਤਿਆ	2	2	2	0	2SA 19:5
ਦਿੱਤਿਆਂ	1	1	1	0	PRO 25:14
ਦਿੱਤੀ	754	754	55	719	GEN 1:22
ਦਿੱਤੀ-ਅਜ਼ਰਾ	1	1	1	0	EZR 7:11
ਦਿੱਤੀਆ	2	2	2	0	1KI 15:12
ਦਿੱਤੀਆਂ	111	111	35	112	GEN 22:6
ਦਿੱਤੇ	233	233	42	269	GEN 2:20
ਦਿੱਦਾ	1	1	1	0	ISA 50:2
ਦਿੱਲ	1	1	1	0	PSA 34:18
ਦਿੱਸ	6	6	6	5	GEN 1:9
ਦਿੱਸਣ	8	8	6	6	EXO 34:20
ਦਿੱਸਦਾ	12	12	8	0	NUM 11:6
ਦਿੱਸਦੀ	5	5	3	6	NUM 9:15
ਦਿੱਸਦੇ	10	10	8	3	JDG 9:36
ਦਿੱਸਿਆ	7	7	6	1	1SA 29:6
ਦਿੱਸੀ	4	4	3	2	JDG 5:8
ਦਿੱਸੇ	11	11	6	6	EXO 34:3
ਦਿੱਸੇਗਾ	2	2	2	1	EXO 33:23
ਦਿੱਸੇਗੀ	2	2	2	1	GEN 9:14
ਦੀ	11649	11649	66	12915	GEN 1:12
ਦੀਆ	18	18	5	0	EZR 6:3
ਦੀਆਂ	2753	2753	63	2773	GEN 1:26
ਦੀਆਂਗੇ	1	1	1	0	NEH 5:12
ਦੀਆਗਿਆ	1	1	1	0	2SA 24:19
ਦੀਏ	41	41	9	33	GEN 16:8
ਦੀਓ	19	19	11	16	GEN 4:23
ਦੀਜ਼ਾਹਾਬ	1	1	1	1	DEU 1:1
ਦੀਣ	7	7	1	0	PRO 18:23
ਦੀਣਾਂ	2	2	1	0	PRO 22:7
ਦੀਦਾਰ	5	5	1	0	1CO 15:5
ਦੀਦੁਮਸ	1	1	1	0	JHN 20:24
ਦੀਨ	1	1	1	16	PRO 17:5
ਦੀਨਤਾ	1	1	1	1	PHP 3:21
ਦੀਨਾਂ	1	1	1	0	PRO 11:2
ਦੀਨਾਈ	1	1	1	1	EZR 4:9
ਦੀਨਾਹ	8	8	1	10	GEN 30:21
ਦੀਨੀ	1	1	1	0	ACT 26:3
ਦੀਪਕ	1	1	1	2	PSA 119:105
ਦੀਬੋਨ	8	8	5	11	NUM 21:30
ਦੀਬੋਨ-ਗਾਦ	2	2	1	0	NUM 33:45
ਦੀਮੋਨ	2	2	1	2	ISA 15:9
ਦੀਮੋਨਾਹ	1	1	1	1	JOS 15:22
ਦੀਵਟ	8	8	4	11	1CH 28:15
ਦੀਵਟਾਂ	1	1	1	1	1CH 28:15
ਦੀਵਾ	24	24	8	28	1SA 3:3
ਦੀਵਾਨ	5	5	4	3	2SA 8:18
ਦੀਵਾਨਾਂ	3	3	1	3	DAN 3:2
ਦੀਵਾਰ	1	1	1	2	2CH 26:9
ਦੀਵਿਆਂ	11	11	6	13	EXO 30:7
ਦੀਵੀਂ	1	1	1	0	AMO 8:9
ਦੀਵੇ	27	27	12	28	EXO 25:6
ਦੀਸ਼ਾਨ	5	5	2	5	GEN 36:21
ਦੀਸ਼ੋਨ	5	5	2	7	GEN 36:30
ਦੁਆ	9	9	3	1	NUM 22:11
ਦੁਆਇਆ	5	5	4	2	DEU 32:16
ਦੁਆਈ	2	2	2	2	PSA 119:49
ਦੁਆਉਂਦਾ	1	1	1	2	ACT 19:24
ਦੁਆਊਗਾ	1	1	1	0	JOB 34:11
ਦੁਆਰ	3	3	2	0	EXO 38:31
ਦੁਆਰਪਾਲ	1	1	1	1	JHN 18:16
ਦੁਆਰਾ	60	60	17	294	JDG 17:5
ਦੁਆਰਾਮੈਂ	1	1	1	0	1CO 14:21
ਦੁਆਰੇ	5	5	3	0	1CH 4:39
ਦੁਆਲਾ	2	2	2	0	JER 50:32
ਦੁਆਲਿਓ	1	1	1	0	2CH 20:30
ਦੁਆਲਿਓਂ	14	14	10	7	NUM 16:24
ਦੁਆਲੇ	215	215	34	48	GEN 37:7
ਦੁਆਵਾਂ	2	2	2	2	JER 29:11
ਦੁਆਵਾਂਗਾ	1	1	1	3	ISA 56:7
ਦੁਆਵੇਂਗਾ	2	2	2	0	DEU 31:7
ਦੁਆਵੇਗਾ	2	2	1	2	DEU 1:38
ਦੁਖ	173	173	39	0	GEN 34:25
ਦੁਖਣ	1	1	1	0	JER 31:29
ਦੁਖਣਗੇ	1	1	1	0	JER 31:30
ਦੁਖਦਾਈ	2	2	2	0	JDG 2:18
ਦੁਖਦਾਈਆਂ	1	1	1	0	ROM 12:14
ਦੁਖਾ	1	1	1	0	PSA 34:6
ਦੁਖਾਂ	28	28	17	0	1SA 1:16
ਦੁਖਾਉਣ	1	1	1	0	EZK 28:24
ਦੁਖਾਏ	1	1	1	0	ACT 5:16
ਦੁਖਾਵਾਂਗਾ	1	1	1	1	1SA 26:21
ਦੁਖਾਵੇਗਾ	1	1	1	0	DAN 7:25
ਦੁਖਿਆ	1	1	1	0	PSA 88:15
ਦੁਖਿਆਰਾਂ	1	1	1	2	PRO 31:5
ਦੁਖਿਆਰਿਆਂ	1	1	1	1	ISA 49:13
ਦੁਖਿਆਰੀਏ	2	2	1	3	ISA 23:12
ਦੁਖਿਆਰੇ	4	4	2	3	JOB 3:20
ਦੁਖੀ	49	49	21	35	GEN 6:6
ਦੁਖੀਆ	1	1	1	2	ISA 53:3
ਦੁਖੀਆਂ	1	1	1	0	1TI 5:10
ਦੁਖੀਏ	4	4	4	3	1SA 22:2
ਦੁਗਣਾ	5	5	4	7	EXO 16:5
ਦੁਗਣੀ	4	4	3	0	GEN 43:12
ਦੁਗਣੇ	1	1	1	2	ISA 61:7
ਦੁਚਿਤੇ	1	1	1	0	1CH 12:33
ਦੁਚਿੱਤਾ	1	1	1	1	JAS 1:8
ਦੁਚਿੱਤਿਆ	1	1	1	0	PSA 119:113
ਦੁਧ	5	5	4	0	LEV 20:24
ਦੁਧਾਰੀ	4	4	3	0	JDG 3:16
ਦੁਧੀਯਾ	1	1	1	3	EXO 39:11
ਦੁਨਿਆਵੀ	8	8	2	0	1CO 1:17
ਦੁਨੀਆ	7	7	6	1	2CH 9:22
ਦੁਨੀਆਂ	109	109	8	30	LUK 4:5
ਦੁਪਹਿਰ	22	22	12	31	DEU 28:29
ਦੁਪਹਿਰਕੁ	2	2	1	0	ACT 10:9
ਦੁਪਹਿਰਾਂ	2	2	2	0	2KI 4:20
ਦੁਪਹਿਰੇ	1	1	1	0	ZEP 2:4
ਦੁਪਿਹਰ	3	3	2	0	2SA 4:5
ਦੁਪੱਟਾ	2	2	1	0	MRK 14:51
ਦੁਪੱਟੇ	1	1	1	1	ISA 3:22
ਦੁਬਧਾ	9	9	6	8	1CH 21:13
ਦੁਬਧੇ	1	1	1	0	MRK 6:20
ਦੁਬਾਰਾ	3	3	2	28	JHN 9:17
ਦੁਬਿਧਾ	2	2	2	0	DEU 28:66
ਦੁਮਾਹ	1	1	1	0	JOS 15:52
ਦੁਰ	2	2	1	0	1KI 21:10
ਦੁਰਕਾਰ	1	1	1	1	GEN 4:14
ਦੁਰਗੰਧਤ	1	1	1	1	ECC 10:1
ਦੁਰਦਸ਼ਾ	1	1	1	6	HEB 10:33
ਦੁਰਦਿਸ਼ਾ	2	2	1	0	GEN 42:9
ਦੁਰਬਚਨ	7	7	4	7	LEV 24:11
ਦੁਰਬਚਨਾਂ	1	1	1	1	ISA 51:7
ਦੁਰਬਲਤਾਈ	3	3	2	1	ROM 6:19
ਦੁਰਬਲਤਾਈਆਂ	1	1	1	0	HEB 4:15
ਦੁਰਲੱਭ	5	5	2	4	1SA 3:1
ਦੁਰਸੀਸਾਂ	1	1	1	0	1CO 4:12
ਦੁਰਾਭੀ	1	1	1	0	JOL 3:8
ਦੁਰਾਹੇ	1	1	1	0	EZK 21:21
ਦੁਰੇਡਾ	1	1	1	0	DEU 14:24
ਦੁਰੇਡਿਓਂ	2	2	1	1	EZK 38:15
ਦੁਰੇਡੀਆਂ	1	1	1	0	MIC 4:3
ਦੁਰੇਡੇ	5	5	4	2	DEU 12:21
ਦੁਰੰਗੀ	2	2	1	0	GAL 2:13
ਦੁਲੱਤੀ	1	1	1	1	DEU 32:15
ਦੁਵਾਇਆ	1	1	1	1	PSA 106:46
ਦੁਵਾਖੀ	1	1	1	0	2KI 4:10
ਦੁਵਾਰੇ	1	1	1	0	JDG 9:27
ਦੁਸਟਾਂ	1	1	1	0	EZK 7:21
ਦੁਸ਼ਟ	200	200	32	231	EXO 9:27
ਦੁਸ਼ਟਤਾ	9	9	4	32	PRO 18:3
ਦੁਸ਼ਟਤਾਈ	4	4	3	4	PSA 5:4
ਦੁਸ਼ਟਪੁਣਾ	7	7	6	6	JOB 34:10
ਦੁਸ਼ਟਪੁਣੇ	5	5	5	4	PSA 125:3
ਦੁਸ਼ਟਪੁਨਾ	1	1	1	0	NEH 9:33
ਦੁਸ਼ਟਾ	4	4	3	1	PSA 11:6
ਦੁਸ਼ਟਾਂ	95	95	15	104	EXO 23:1
ਦੁਸ਼ਟੀ	2	2	2	0	EZK 18:20
ਦੁਸ਼ਮਣ	11	11	7	10	NEH 5:9
ਦੁਸ਼ਮਣਾ	3	3	3	1	1KI 21:20
ਦੁਸ਼ਮਣਾਂ	4	4	2	9	PSA 17:9
ਦੁਸ਼ਮਣੀ	2	2	1	6	NUM 35:21
ਦੁਸ਼ਮਨ	3	3	1	0	PSA 102:8
ਦੁਸ਼ਮਨਾਂ	3	3	2	0	PSA 118:7
ਦੁਸ਼ਮਨੀ	2	2	1	0	HOS 9:7
ਦੁਸ਼ਾਲੇ	1	1	1	1	EZK 27:24
ਦੁਸ਼ੁਤ	1	1	1	0	PSA 10:2
ਦੁਸਾਰ	3	3	2	0	EXO 26:28
ਦੁਸੁੰਬਾ	1	1	1	0	LEV 11:7
ਦੁਸੁੰਬੇ	1	1	1	0	LEV 11:26
ਦੁਹਰਾਉਂਦਾ	1	1	1	1	PRO 26:11
ਦੁਹਾਂ	2	2	2	0	RUT 1:4
ਦੁਹਾਈ	134	134	27	143	GEN 4:10
ਦੁਹਾਈਆਂ	2	2	2	3	1SA 8:18
ਦੁਹਾਸਮੀਂ	1	1	1	0	GEN 6:16
ਦੁੰਬਾ	5	5	1	1	EZK 43:23
ਦੁੰਬਿਆਂ	2	2	1	2	EZK 34:17
ਦੁੰਬੇ	5	5	1	0	EZK 45:23
ਦੁੱਖ	65	65	17	315	GEN 3:17
ਦੁੱਖਣ	2	2	2	0	PSA 89:12
ਦੁੱਖ਼	1	1	1	0	ACT 12:1
ਦੁੱਖਾਂ	5	5	4	50	EXO 3:7
ਦੁੱਖੀ	4	4	2	43	PSA 18:27
ਦੁੱਗਣਾ	1	1	1	9	JOB 42:10
ਦੁੱਗਣੀ	1	1	1	6	JER 17:18
ਦੁੱਜੇ	1	1	1	0	DAN 5:6
ਦੁੱਧ	77	77	23	84	GEN 18:8
ਦੁੱਧੀਆਂ	10	10	6	9	JOB 3:12
ਦੁੱਧੋਂ	1	1	1	1	ISA 11:8
ਦੂ	1	1	1	0	JOS 18:20
ਦੂਆ	8	8	3	0	MAT 22:26
ਦੂਈ	18	18	8	0	GEN 4:19
ਦੂਏ	91	91	16	11	1SA 14:4
ਦੂਜਾ	85	85	27	97	GEN 1:8
ਦੂਜਿਆ	1	1	1	0	JHN 12:17
ਦੂਜਿਆਂ	16	16	13	26	NUM 10:21
ਦੂਜੀ	99	99	38	119	GEN 2:13
ਦੂਜੀਆਂ	5	5	4	5	GEN 28:9
ਦੂਜੇ	365	365	44	483	GEN 7:11
ਦੂਣ	63	63	16	4	GEN 14:3
ਦੂਣਾ	11	11	7	2	EXO 22:4
ਦੂਣਾਂ	6	6	4	0	DEU 8:7
ਦੂਣੀ	1	1	1	0	EZK 21:14
ਦੂਣੇ	1	1	1	0	1TI 5:17
ਦੂਤ	238	238	35	278	GEN 16:7
ਦੂਤਾ	1	1	1	0	1CO 4:9
ਦੂਤਾਂ	74	74	23	89	GEN 3:24
ਦੂਤੀ	3	3	1	0	EST 8:1
ਦੂਤੋ	3	3	2	3	PSA 103:20
ਦੂਦੀਆਂ	5	5	1	1	GEN 30:14
ਦੂਧਿਯਾ	1	1	1	1	EZK 28:13
ਦੂਧੀਯਾ	2	2	2	0	EXO 28:18
ਦੂਨ	1	1	1	0	ZEC 12:11
ਦੂਮਾਹ	3	3	3	5	GEN 25:14
ਦੂਰ	266	266	47	310	GEN 18:25
ਦੂਰਦਫਾ	1	1	1	0	2CH 30:14
ਦੂਰਦਸ਼ਾ	2	2	1	0	NEH 1:3
ਦੂਰਾ	1	1	1	1	DAN 3:1
ਦੂਰੀ	2	2	1	14	JHN 11:18
ਦੂਰੋਂ	31	31	15	32	GEN 22:4
ਦੂਸਰਾ	8	8	3	18	JHN 5:43
ਦੂਸਰਿਆਂ	10	10	4	9	1CO 10:24
ਦੂਸਰੀ	6	6	4	30	NEH 12:38
ਦੂਸਰੀਆਂ	1	1	1	1	2PE 3:16
ਦੂਸਰੇ	49	49	9	34	NEH 4:19
ਦੂਸ਼ਨਾ	1	1	1	0	JOS 5:9
ਦੂਸੁੰਬਾ	1	1	1	0	LEV 11:3
ਦੂਹ	1	1	1	1	JER 32:4
ਦੂਹਰੀ	1	1	1	0	1SA 1:5
ਦੇ	31866	31866	66	35117	GEN 1:2
ਦੇਇਓ	6	6	2	2	NUM 32:29
ਦੇਈ	2	2	2	0	LEV 19:10
ਦੇਈਂ	25	25	11	16	EXO 29:12
ਦੇਈਏ	31	31	15	45	GEN 11:7
ਦੇਈਓ	1	1	1	1	DEU 13:5
ਦੇਈਦਾ	2	2	2	0	JOB 28:15
ਦੇਉ	4	4	2	0	LEV 19:31
ਦੇਉਤਿਆਂ	1	1	1	0	DAN 3:12
ਦੇਉਸਕੂਰੀ	1	1	1	1	ACT 28:11
ਦੇਊ	2	2	2	0	MAT 3:11
ਦੇਊਗਾ	7	7	4	0	GEN 22:8
ਦੇਓ	1	1	1	0	1SA 4:8
ਦੇਓਗੇ	2	2	2	1	DEU 28:44
ਦੇਓਯਾਰਾਂ	1	1	1	0	2CH 33:6
ਦੇਕਚੇ	1	1	1	1	1SA 2:14
ਦੇਕੇ	27	27	8	0	GEN 12:7
ਦੇਖ	13	13	10	14	NUM 3:32
ਦੇਖਣ	1	1	1	9	1CO 16:12
ਦੇਖਣਗੇ	1	1	1	0	1PE 2:12
ਦੇਖਣਾ	3	3	2	2	1CO 4:20
ਦੇਖਦਾ	5	5	4	15	1SA 14:52
ਦੇਖਦੇ	1	1	1	0	JAS 2:24
ਦੇਖਭਾਲ	1	1	1	28	1PE 5:3
ਦੇਖਾਂ	1	1	1	0	GEN 21:16
ਦੇਖਾਂਗਾ	1	1	1	0	1CO 4:19
ਦੇਖਿਆ	4	4	3	107	JHN 1:29
ਦੇਖੀ	2	2	1	4	JHN 1:14
ਦੇਖੀਆਂ	1	1	1	5	JHN 3:32
ਦੇਖੇ	1	1	1	3	LUK 19:4
ਦੇਖੇਂਗਾ	1	1	1	1	JHN 1:50
ਦੇਖੋ	5	5	2	14	JHN 1:29
ਦੇਗ	15	15	6	9	2KI 4:38
ਦੇਗਚੇ	1	1	1	0	JDG 6:19
ਦੇਗਾ	1	1	1	0	JOB 20:18
ਦੇਗਾਂ	2	2	2	3	2CH 35:13
ਦੇਗਾਂਓਹਨਾਂਕਟੋਰਿਆਂ	1	1	1	0	ZEC 14:20
ਦੇਣ	408	408	56	485	GEN 1:11
ਦੇਣਗੀਆਂ	5	5	5	4	LEV 26:26
ਦੇਣਗੇ	83	83	27	88	GEN 15:13
ਦੇਣਦਾਰ	1	1	1	1	HAB 2:7
ਦੇਣਾ	77	77	31	112	GEN 29:19
ਦੇਣੀ	17	17	11	8	EXO 12:32
ਦੇਣੀਆਂ	3	3	3	3	JDG 21:7
ਦੇਣੇ	5	5	4	2	NUM 35:8
ਦੇਬਾਰੇ	1	1	1	0	EST 9:26
ਦੇਮਾਸ	3	3	3	3	COL 4:14
ਦੇਮੁੰਹ	1	1	1	0	NAM 3:12
ਦੇਮੇਤ੍ਰਿਯੁਸ	3	3	2	2	ACT 19:24
ਦੇਰ	7	7	2	27	ECC 1:9
ਦੇਰੀ	1	1	1	9	GEN 34:19
ਦੇਲੋਤੇਸ	1	1	1	0	LUK 6:15
ਦੇਵ	28	28	13	4	LEV 18:21
ਦੇਵਤਾ	5	5	4	39	EXO 32:4
ਦੇਵਤਿਆ	1	1	1	0	DEU 20:18
ਦੇਵਤਿਆਂ	92	92	14	192	GEN 31:30
ਦੇਵਤੀਆਂ	1	1	1	0	2SA 7:23
ਦੇਵਤੇ	33	33	15	107	GEN 31:53
ਦੇਵਦਾਸੀ	1	1	1	1	DEU 23:17
ਦੇਵਪੂਜਾ	1	1	1	1	ACT 25:19
ਦੇਵਾਂ	39	39	19	59	GEN 23:8
ਦੇਵਾਂਗਾ	39	39	15	57	GEN 45:18
ਦੇਵਾਂਗੀ	2	2	2	2	EXO 2:9
ਦੇਵਾਂਗੇ	3	3	3	3	NUM 20:19
ਦੇਵੀ	16	16	9	17	JDG 3:7
ਦੇਵੀਂ	29	29	11	43	EXO 26:11
ਦੇਵੀਆਂ	1	1	1	4	2CH 33:3
ਦੇਵੀਏ	3	3	3	0	JDG 15:12
ਦੇਵੇ	344	344	44	392	GEN 18:19
ਦੇਵੇਂ	39	39	22	42	GEN 32:26
ਦੇਵੇਂਗਾ	44	44	18	48	GEN 15:2
ਦੇਵੇਂਗੀ	2	2	2	5	JOS 2:20
ਦੇਵੇਗਾ	305	305	44	327	GEN 5:29
ਦੇਵੇਗੀ	35	35	19	46	GEN 4:12
ਦੇਵੋ	3	3	2	18	JHN 11:39
ਦੇਵੋਂਗੇ	1	1	1	0	JHN 16:32
ਦੇਵੋਗੇ	1	1	1	4	EZK 36:8
ਦੇਸ	1246	1246	42	1101	GEN 2:11
ਦੇਸ਼	100	100	12	567	LEV 14:34
ਦੇਸ਼ਾਂ	6	6	5	0	LEV 26:36
ਦੇਸ਼ੋਂ	7	7	1	0	LEV 11:45
ਦੇਸਾਂ	67	67	14	81	GEN 10:5
ਦੇਸੀ	5	5	3	5	EXO 12:49
ਦੇਸੋਂ	20	20	12	7	EXO 11:10
ਦੇਹ	351	351	36	27	GEN 16:9
ਦੇਹਧਾਰੀ	2	2	2	4	1JN 4:2
ਦੇਹਧਾਰੀਆਂ	1	1	1	1	DAN 2:11
ਦੇਹੀ	30	30	11	20	DAN 4:33
ਦੇਹੀਆਂ	2	2	1	0	ROM 8:11
ਦੇਹੋ	1	1	1	0	1SA 20:29
ਦੈਂਤ	5	5	3	7	GEN 6:4
ਦੈਤ	1	1	1	0	2SA 21:16
ਦੈਵੀ	1	1	1	0	2PE 1:20
ਦੋ	536	536	41	581	GEN 1:16
ਦੋਂਹ	20	20	8	1	JDG 7:25
ਦੋਂਹੁ	3	3	1	0	JER 28:3
ਦੋਏਗ	5	5	1	6	1SA 21:7
ਦੋਕੁ	3	3	3	0	MRK 5:13
ਦੋਖੀਆਂ	1	1	1	0	ISA 60:14
ਦੋਗਲੇ	1	1	1	1	ZEC 9:6
ਦੋਜ਼ਖ	1	1	1	1	2PE 2:4
ਦੋਥਾਨ	3	3	2	3	GEN 37:17
ਦੋਦਈ	1	1	1	1	1CH 27:4
ਦੋਦਾਨੀਮ	2	2	2	2	GEN 10:4
ਦੋਦਾਵਾਹ	1	1	1	1	2CH 20:37
ਦੋਦੀਆਂ	1	1	1	0	SNG 7:13
ਦੋਦੋ	3	3	2	5	JDG 10:1
ਦੋਨਾਂ	2	2	1	6	EZK 30:22
ਦੋਨੋ	3	3	2	2	DEU 15:22
ਦੋਨੋਂ	17	17	6	11	EXO 28:12
ਦੋਪਹਰ	2	2	1	0	GEN 43:16
ਦੋਬਾਰਾ	6	6	4	1	NUM 32:15
ਦੋਰ	9	9	4	8	JOS 11:2
ਦੋਰਕਸ	1	1	1	2	ACT 9:39
ਦੋਵਾਂ	4	4	1	24	EZK 1:23
ਦੋਵੀਂ	1	1	1	0	2SA 14:6
ਦੋਵੇ	1	1	1	3	NUM 7:19
ਦੋਵੇਂ	113	113	32	161	GEN 2:25
ਦੋਵੋਂ	2	2	2	0	DEU 23:18
ਦੋਸਤ	5	5	5	2	DEU 13:6
ਦੋਸਤੀ	1	1	1	1	PRO 3:32
ਦੋਸ਼	147	147	33	254	GEN 31:36
ਦੋਸ਼ਣਾ	1	1	1	0	1TI 5:12
ਦੋਸ਼ਣਾਂ	1	1	1	1	EZK 16:52
ਦੋਸ਼ਾਂ	3	3	2	2	EZR 9:13
ਦੋਸ਼ਿਆਂ	1	1	1	0	JOB 9:23
ਦੋਸ਼ੀ	96	96	30	110	GEN 40:1
ਦੋਸ਼ੀਆਂ	1	1	1	0	2TH 2:12
ਦੋਸੀ	1	1	1	0	JOB 40:8
ਦੋਹਤਰੇ	1	1	1	1	1TI 5:4
ਦੋਹਤੀ	3	3	1	4	GEN 36:2
ਦੋਹਤ੍ਰੇ	1	1	1	0	PSA 128:6
ਦੋਹਨੀਆਂ	1	1	1	1	JOB 21:24
ਦੋਹਰਾ	4	4	2	3	EXO 28:16
ਦੋਹਰੀ	1	1	1	0	GEN 41:32
ਦੋਹਰੀਆਂ	1	1	1	1	EXO 26:24
ਦੋਹਰੇ	1	1	1	1	EXO 36:29
ਦੋਹਾਂ	204	204	33	180	GEN 3:7
ਦੋਹੀਂ	12	12	6	9	GEN 34:21
ਦੋਹੁੰ	7	7	7	0	EXO 16:29
ਦੋੜ	1	1	1	0	2SA 18:21
ਦੋੜਦਾ	1	1	1	0	JOB 15:26
ਦੋੜਨ	2	2	2	0	2SA 18:19
ਦੋੜੋ	1	1	1	0	2SA 23:24
ਦੌਂਹ	1	1	1	0	ZEC 6:1
ਦੌਂਹੁ	1	1	1	0	JER 28:11
ਦੌਣਾ	1	1	1	0	JER 23:15
ਦੌਣੇ	1	1	1	0	LAM 3:15
ਦੌਨੇ	2	2	2	0	SNG 7:3
ਦੌਰ	1	1	1	1	PSA 19:6
ਦੌਰਾ	5	5	2	3	GEN 41:46
ਦੌਰੇ	1	1	1	0	ZEC 1:10
ਦੌਲਤ	11	11	7	11	2CH 1:11
ਦੌੜ	29	29	18	31	1SA 17:22
ਦੌੜਕੇ	1	1	1	0	GEN 24:29
ਦੌੜਦਾ	4	4	4	4	JOB 16:14
ਦੌੜਦਿਆਂ	1	1	1	1	REV 9:9
ਦੌੜਦੇ	8	8	6	9	1CH 12:8
ਦੌੜਨ	3	3	3	8	2SA 15:1
ਦੌੜਨਗੇ	1	1	1	1	ISA 40:31
ਦੌੜਨਾ	3	3	2	2	EZK 1:14
ਦੌੜਾਂ	1	1	1	1	JDG 5:20
ਦੌੜਾਂਗੀਆਂ	1	1	1	1	SNG 1:4
ਦੌੜਾਕ	2	2	1	0	1CO 9:24
ਦੌੜਿਆ	5	5	5	7	JOB 31:5
ਦੌੜੀ	1	1	1	1	JDG 7:21
ਦੌੜੀਆਂ	1	1	1	1	MAT 28:8
ਦੌੜੀਏ	1	1	1	1	HEB 12:1
ਦੌੜੇ	6	6	4	6	JER 23:21
ਦੌੜੋ	1	1	1	2	JER 49:3
ਦ੍ਰਿਸ਼ਟ	7	7	5	2	2SA 14:22
ਦ੍ਰਿਸ਼ਟਾਂ	1	1	1	0	2CH 26:5
ਦ੍ਰਿਸ਼ਟਾਂਤ	40	40	8	82	JOB 27:1
ਦ੍ਰਿਸ਼ਟਾਂਤਾਂ	13	13	5	20	PSA 78:2
ਦ੍ਰਿਸ਼ਟਾਤਾਂ	3	3	1	0	MAT 13:13
ਦ੍ਰਿਸ਼ਟੀ	9	9	6	5	1CH 17:17
ਦ੍ਰਿਸ਼ਟੀਆਂ	1	1	1	0	JOB 4:13
ਦ੍ਰਿਸ਼ਤਾਂਤ	1	1	1	0	JHN 10:6
ਦ੍ਰਿੜ	26	26	13	0	1CH 17:14
ਦ੍ਰਿੜਤਾ	4	4	3	0	ROM 5:4
ਦ੍ਰਿੜ੍ਹ	4	4	4	29	1CH 11:10
ਦ੍ਰਿੜ੍ਹਤਾ	2	2	1	5	1CO 1:6
ਦ੍ਵ	1	1	1	0	NUM 19:13
ਦੰਗ	10	10	5	4	PSA 48:5
ਦੰਗਾ	3	3	2	3	EZR 4:19
ਦੰਗੀਆਂ	1	1	1	0	JAS 3:18
ਦੰਗੇ	1	1	1	1	EZR 4:15
ਦੰਡ	12	12	5	10	LEV 26:18
ਦੰਦ	52	52	22	52	GEN 49:12
ਦੰਦਾ	2	2	2	0	PSA 58:6
ਦੰਦਾਂ	9	9	7	15	NUM 11:33
ਦੰਦੀਆਂ	1	1	1	0	MIC 3:5
ਦੰਨਾਹ	1	1	1	1	JOS 15:49
ਦੰਨਿਆ	6	6	5	0	1CH 11:20
ਦੰਨੀ	1	1	1	0	2KI 4:8
ਦੰਨੇ	3	3	2	0	DEU 1:13
ਦੰਭ	1	1	1	0	EZK 23:10
ਦੰਮਿਸਕ	44	44	14	0	2SA 8:5
ਦੰਮਿਸਕੀ	2	2	1	0	2SA 8:5
ਦੰਮਿਸਕੀਆਂ	1	1	1	0	2CO 11:32
ਦੰਮਿਸ਼ਕ	10	10	4	62	1KI 11:24
ਦੰਮਿਸ਼ਕੋਂ	2	2	1	0	2KI 16:11
ਦੱਖਣ	139	139	25	141	GEN 12:9
ਦੱਖਣੀ	20	20	7	31	JOS 15:2
ਦੱਖਣੋਂ	1	1	1	0	PSA 107:3
ਦੱਡ	1	1	1	0	JOB 8:11
ਦੱਥਾ	2	2	1	0	GEN 24:25
ਦੱਦਰੀ	1	1	1	1	DEU 28:27
ਦੱਬ	46	46	17	43	GEN 23:4
ਦੱਬਕਾ	2	2	2	1	PSA 38:1
ਦੱਬਣ	15	15	8	14	GEN 23:6
ਦੱਬਣਗੇ	3	3	3	4	1KI 14:13
ਦੱਬਣਾ	1	1	1	1	1KI 13:31
ਦੱਬਾਂ	4	4	3	3	GEN 23:13
ਦੱਬਾਸਥ	1	1	1	1	JOS 19:11
ਦੱਬਿਆ	60	60	17	57	GEN 49:31
ਦੱਬਿਆਂ	1	1	1	0	JOB 3:21
ਦੱਬਿਓ	1	1	1	1	GEN 49:29
ਦੱਬੀ	2	2	2	0	RUT 1:17
ਦੱਬੀਂ	3	3	1	4	GEN 47:30
ਦੱਬੀਆਂ	1	1	1	1	JER 8:2
ਦੱਬੀਦਿਆਂ	1	1	1	0	ECC 8:10
ਦੱਬੇ	12	12	8	16	GEN 25:10
ਦੱਬੇਂ	1	1	1	1	ISA 17:10
ਦੱਸ	120	120	31	129	GEN 16:3
ਦੱਸਕੇ	1	1	1	0	2PE 2:3
ਦੱਸਣ	44	44	22	56	GEN 32:5
ਦੱਸਣਗੇ	13	13	9	13	NUM 14:14
ਦੱਸਣਾ	5	5	4	10	MRK 9:9
ਦੱਸਣੀਆਂ	1	1	1	1	JER 36:16
ਦੱਸਦਾ	65	65	23	72	EXO 34:34
ਦੱਸਦੀ	5	5	5	24	PSA 19:2
ਦੱਸਦੀਆਂ	1	1	1	2	1CO 15:4
ਦੱਸਦੇ	19	19	11	22	1KI 22:13
ਦੱਸਵਾਂ	1	1	1	2	EXO 16:36
ਦੱਸਵੇਂ	1	1	1	1	JER 39:1
ਦੱਸਾ	2	2	2	0	DEU 5:5
ਦੱਸਾਂ	25	25	13	21	GEN 49:1
ਦੱਸਾਂਗ਼ਾ	1	1	1	0	JHN 16:25
ਦੱਸਾਂਗਾ	28	28	13	30	GEN 22:2
ਦੱਸਾਂਗੇ	4	4	3	4	1SA 14:12
ਦੱਸਿਆ	131	131	28	165	GEN 3:11
ਦੱਸਿਓ	6	6	4	4	GEN 45:13
ਦੱਸੀ	19	19	9	11	GEN 21:2
ਦੱਸੀਂ	7	7	5	8	GEN 24:23
ਦੱਸੀਆਂ	30	30	15	40	GEN 24:28
ਦੱਸੀਏ	1	1	1	2	MRK 4:30
ਦੱਸੂਗਾ	2	2	2	0	JOB 33:3
ਦੱਸੇ	25	25	13	30	EXO 24:3
ਦੱਸੇਂ	1	1	1	2	1KI 22:16
ਦੱਸੇਂਗਾ	4	4	3	4	EXO 19:6
ਦੱਸੇਗਾ	16	16	13	18	NUM 16:5
ਦੱਸੇਗੀ	1	1	1	1	PSA 30:9
ਦੱਸੋ	51	51	19	49	GEN 24:49
ਦੱਸੋਗੀਆਂ	1	1	1	0	SNG 5:8
ਦੱਸੋਗੇ	5	5	3	5	2KI 6:11
ਧਉਲੇ	1	1	1	0	LEV 19:32
ਧਖਾਓ	1	1	1	0	2CH 32:12
ਧਗਾਣੇ	3	3	2	1	JOB 2:3
ਧਗੜਿਆਂ	5	5	1	0	HOS 2:5
ਧਗੜੇ	1	1	1	0	JER 4:30
ਧਣ	1	1	1	0	PRO 14:24
ਧਣੁਕ	3	3	1	0	GEN 9:13
ਧਣੁਖ	52	52	15	0	GEN 27:3
ਧਣੁਖਧਾਰੀ	1	1	1	0	AMO 2:15
ਧਣੁਖਾਂ	2	2	2	0	ISA 7:24
ਧਣੁੱਖ	2	2	2	56	GEN 48:22
ਧਣੱਖ	1	1	1	0	PSA 18:34
ਧਨ	140	140	37	151	GEN 12:5
ਧਨਵਾਦ	2	2	1	0	PSA 52:9
ਧਨਵਾਨ	31	31	8	50	LEV 25:47
ਧਨਵਾਨਾਂ	3	3	3	6	MRK 12:41
ਧਨੀ	41	41	22	46	GEN 14:23
ਧਨੀਆਂ	3	3	3	1	JDG 5:25
ਧਨੀਏ	2	2	2	2	EXO 16:31
ਧਨੁਖ	1	1	1	0	1KI 22:34
ਧਬਿਆਂ	1	1	1	0	2PE 2:13
ਧਮਕਾਉਂਦੇ	1	1	1	0	1PE 3:14
ਧਮਕੀ	2	2	2	5	PRO 13:8
ਧਮਕੀਆਂ	2	2	2	2	ACT 4:29
ਧਰ	38	38	18	2	GEN 48:18
ਧਰਕੇ	2	2	1	0	LEV 4:24
ਧਰਤ	1	1	1	0	GEN 11:1
ਧਰਤੀ	1352	1352	56	1229	GEN 1:1
ਧਰਤੀਓਂ	3	3	3	2	GEN 2:6
ਧਰਦਾ	4	4	4	2	2SA 24:12
ਧਰਦੇ	2	2	2	1	1SA 5:5
ਧਰਨ	11	11	7	6	LEV 1:7
ਧਰਮ	355	355	35	284	GEN 15:6
ਧਰਮਾਂ	1	1	1	1	DAN 9:18
ਧਰਮਾਤਮਾ	1	1	1	0	EZR 9:15
ਧਰਮੀ	296	296	43	305	GEN 6:9
ਧਰਮੀਆ	2	2	2	0	PSA 34:15
ਧਰਮੀਆਂ	41	41	13	46	GEN 18:24
ਧਰਮੀਓ	3	3	1	3	PSA 32:11
ਧਰਵਾਸ	1	1	1	0	EZK 16:54
ਧਰਾਂਗਾ	3	3	2	1	1SA 11:2
ਧਰਾਤਲ	1	1	1	0	JHN 8:8
ਧਰਿਆ	47	47	17	14	GEN 48:14
ਧਰੀ	18	18	11	7	LEV 2:8
ਧਰੀਂ	3	3	2	0	LEV 2:15
ਧਰੀਆ	1	1	1	0	RUT 4:17
ਧਰੀਆਂ	5	5	4	1	JOS 3:13
ਧਰੀਏ	1	1	1	0	HEB 6:1
ਧਰੇ	15	15	9	1	GEN 48:14
ਧਰੇਂ	1	1	1	1	2KI 18:14
ਧਰੇਗਾ	2	2	2	1	GEN 46:4
ਧਰੇਲ	1	1	1	0	GEN 22:24
ਧਰੇਲਾਂ	1	1	1	0	GEN 25:6
ਧਰੋ	1	1	1	1	PSA 78:1
ਧਸ	2	2	2	0	JDG 3:22
ਧਸਾ	2	2	1	2	2SA 2:16
ਧਸੀ	2	2	2	0	1KI 22:11
ਧਸੇ	1	1	1	0	PSA 38:2
ਧਸੇਗੀ	1	1	1	0	PSA 37:15
ਧਾਂਤ	1	1	1	1	NUM 5:2
ਧਾਂਦਲ	1	1	1	0	NEH 4:8
ਧਾਗਾ	2	2	1	2	GEN 38:28
ਧਾਗੇ	2	2	2	2	GEN 14:23
ਧਾਨੀ	1	1	1	0	EST 3:15
ਧਾਨੀਓ	1	1	1	0	PSA 68:32
ਧਾਮ	6	6	5	5	DEU 33:27
ਧਾਰ	52	52	22	49	GEN 34:26
ਧਾਰਣ	2	2	1	4	1CO 15:54
ਧਾਰਣਗੇ	1	1	1	0	2TI 4:3
ਧਾਰਨਾ	3	3	3	1	2CO 5:9
ਧਾਰਮਕ	1	1	1	0	DEU 4:8
ਧਾਰਮਿਕ	1	1	1	8	JHN 3:25
ਧਾਰਮਿਕਤਾ	3	3	2	86	JHN 16:8
ਧਾਰਾਂ	9	9	4	10	JOB 29:6
ਧਾਰਿਆ	6	6	6	4	EXO 7:23
ਧਾਰੀ	36	36	17	25	NUM 31:3
ਧਾਰੀਆਂ	4	4	3	5	GEN 30:37
ਧਾਰੋ	1	1	1	0	EPH 6:11
ਧਾਵਾ	5	5	3	2	2KI 3:26
ਧਾਵੜੀ	1	1	1	0	GEN 49:19
ਧਾਹ	1	1	1	1	PSA 79:11
ਧਾਹਾ	1	1	1	0	PSA 6:6
ਧਾਹਾਂ	22	22	8	22	EXO 2:23
ਧਾੜ	2	2	1	0	JER 49:32
ਧਾੜਵੀ	4	4	2	1	PRO 6:11
ਧਾੜਵੀਆਂ	1	1	1	1	JER 7:11
ਧਾੜਾਂ	1	1	1	0	PSA 3:6
ਧਿਆਂ	1	1	1	0	1SA 1:4
ਧਿਆਨ	181	181	43	211	GEN 24:21
ਧਿਗਾਣੇ	8	8	3	2	DEU 1:43
ਧਿਗਾਨੇ	1	1	1	0	JOB 22:6
ਧਿਜਾ	1	1	1	0	JOB 39:12
ਧਿਤਕਾਰ	1	1	1	1	2CH 29:8
ਧਿਤਕਾਰਨ	1	1	1	0	JOB 3:8
ਧਿਤਕਾਰਿਆ	1	1	1	0	JOB 5:3
ਧਿਰਕਾਰ	1	1	1	0	EZK 6:9
ਧਿੱਕ	1	1	1	0	EXO 23:31
ਧਿੱਕਾਰ	1	1	1	0	NUM 23:7
ਧਿੱਕਾਰਾਂ	1	1	1	0	NUM 23:8
ਧਿੱਕਾਰਿਆ	1	1	1	0	NUM 23:8
ਧਿੱਤਕਾਰ	1	1	1	1	1KI 9:8
ਧੀ	256	256	32	248	GEN 11:29
ਧੀਆ	1	1	1	0	EZR 9:2
ਧੀਆਂ	224	224	30	225	GEN 5:4
ਧੀਏ	37	37	9	39	JDG 11:35
ਧੀਓ	13	13	5	14	RUT 1:11
ਧੀਮਾ	4	4	2	6	PRO 15:18
ਧੀਮੇ	1	1	1	0	ZEC 14:6
ਧੀਰਜ	43	43	21	51	GEN 50:21
ਧੀਰਜਵਾਨ	3	3	3	6	NEH 9:17
ਧੀਰਜੀ	7	7	6	4	EXO 34:6
ਧੁਆਵੇ	1	1	1	0	2SA 19:24
ਧੁਈ	1	1	1	0	ACT 16:27
ਧੁਖਦਿਆਂ	1	1	1	1	JOB 41:20
ਧੁਖਦੀ	1	1	1	0	MAT 12:20
ਧੁਖਾ	1	1	1	2	JER 19:4
ਧੁਖਾਇਆ	2	2	2	2	LEV 10:1
ਧੁਖਾਈ	17	17	5	17	2KI 17:11
ਧੁਖਾਉਂਦਾ	7	7	6	7	1KI 3:3
ਧੁਖਾਉਂਦੀਆਂ	2	2	2	2	1KI 11:8
ਧੁਖਾਉਂਦੇ	16	16	8	14	NUM 16:35
ਧੁਖਾਉਣ	16	16	10	17	EXO 30:1
ਧੁਖਾਉਣਗੇ	2	2	2	2	DEU 33:10
ਧੁਖਾਉਣਾ	1	1	1	1	2CH 26:18
ਧੁਖਾਉਣੀ	1	1	1	1	JER 44:18
ਧੁਖਾਏ	1	1	1	0	2CH 2:6
ਧੁਖਾਓ	3	3	3	3	2CH 29:11
ਧੁਖਾਓਗੇ	1	1	1	1	JER 7:9
ਧੁਖਾਵਾਂ	1	1	1	1	2CH 2:4
ਧੁਖਾਵਾਂਗੇ	2	2	1	2	JER 44:17
ਧੁਖਾਵੇ	7	7	5	7	EXO 30:7
ਧੁਣਖ	1	1	1	0	1CH 12:2
ਧੁਨ	1	1	1	0	1CO 14:7
ਧੁਰਾਂ	1	1	1	1	1KI 7:30
ਧੁਰੇ	2	2	1	2	1KI 7:32
ਧੁਲਾ	1	1	1	0	ACT 9:37
ਧੁੰਏਂ	2	2	2	1	NAM 2:13
ਧੁੰਣੀ	1	1	1	0	SNG 7:2
ਧੁੰਦ	9	9	7	7	GEN 2:6
ਧੁੰਦਲਾ	1	1	1	3	GEN 27:1
ਧੁੰਦਲੀ	2	2	2	0	DEU 34:7
ਧੁੰਧਲੀਆਂ	2	2	2	0	GEN 48:10
ਧੁੰਨੀ	1	1	1	2	EZK 38:12
ਧੁੰਮ	14	14	10	9	JOS 6:27
ਧੁੱਕਾ	1	1	1	0	JER 51:46
ਧੁੱਪ	19	19	12	22	GEN 8:22
ਧੂ	11	11	8	4	1SA 31:4
ਧੂਆਂ	1	1	1	0	PRO 10:26
ਧੂਈ	2	2	2	1	JDG 8:20
ਧੂਕੇ	1	1	1	0	1CH 10:4
ਧੂਤੂ	1	1	1	0	2SA 20:1
ਧੂਪ	133	133	22	125	EXO 25:6
ਧੂਪਦਾਨ	10	10	3	13	NUM 16:6
ਧੂਪਦਾਨਾਂ	2	2	1	3	NUM 16:37
ਧੂਪਦਾਨੀ	4	4	2	4	LEV 10:1
ਧੂਮ-ਧਾਮ	1	1	1	1	ACT 25:23
ਧੂਹ	4	4	4	1	JDG 9:54
ਧੂਹੀ	2	2	2	3	1CH 21:16
ਧੂੜ	41	41	21	45	GEN 13:16
ਧੂੜਕੋਟ	10	10	6	0	JOS 2:15
ਧੂੜੀ	1	1	1	0	HEB 9:13
ਧੂੜ੍ਹ	1	1	1	2	2SA 22:43
ਧੂੰਆ	4	4	2	0	EXO 19:18
ਧੂੰਆਂ	23	23	9	27	GEN 19:28
ਧੂੰਏਂ	18	18	8	22	GEN 15:17
ਧੇਲਾ	1	1	1	0	MRK 12:42
ਧੋ	31	31	13	25	LEV 1:9
ਧੋਂਦੇ	4	4	4	4	EXO 40:31
ਧੋਕੇ	4	4	4	0	GEN 18:4
ਧੋਖ	1	1	1	0	JOB 13:9
ਧੋਖਾ	61	61	27	92	GEN 21:23
ਧੋਖੇ	16	16	8	29	GEN 27:12
ਧੋਖੇਬਾਜ਼	2	2	2	9	PRO 14:25
ਧੋਖੇਬਾਜ਼ਾਂ	1	1	1	3	PSA 49:5
ਧੋਣ	14	14	7	14	GEN 24:32
ਧੋਣਾ	2	2	2	2	LEV 6:28
ਧੋਣਾਂ	3	3	2	0	NEH 3:5
ਧੋਣੇ	2	2	1	2	JHN 13:5
ਧੋਣੋਂ	1	1	1	0	JOB 16:12
ਧੋਤਾ	9	9	6	4	GEN 43:31
ਧੋਤੀ	2	2	2	3	PRO 30:12
ਧੋਤੀਆਂ	3	3	2	3	2CH 4:6
ਧੋਤੇ	14	14	12	19	GEN 43:24
ਧੋਬੀ	3	3	2	4	ISA 7:3
ਧੋਬੀਆਂ	1	1	1	1	2KI 18:17
ਧੋਲ	1	1	1	0	NEH 6:17
ਧੋਲਾ	2	2	1	0	1KI 2:6
ਧੋਵਾਂ	2	2	2	2	JOB 9:30
ਧੋਵਾਂਗਾ	1	1	1	1	PSA 26:6
ਧੋਵੇ	21	21	2	27	LEV 1:13
ਧੋਵੇਂ	2	2	2	1	LEV 13:58
ਧੋਵੇਂਗਾ	1	1	1	1	JHN 13:8
ਧੋਵੇਗਾ	1	1	1	1	PSA 58:10
ਧੋਵੋ	2	2	2	3	GEN 19:2
ਧੋਵੋਂਗੇ	1	1	1	0	JHN 13:6
ਧੋਹ	1	1	1	0	GEN 34:13
ਧੋੜਾ	2	2	1	2	JER 6:6
ਧੋੜੇ	1	1	1	0	JOB 40:23
ਧੌਂਕਦਾ	1	1	1	1	ISA 54:16
ਧੌਂਸ	1	1	1	0	MAT 20:25
ਧੌਕਣੀ	1	1	1	1	JER 6:29
ਧੌਣ	28	28	13	26	GEN 27:16
ਧੌਣਾ	1	1	1	0	JER 27:12
ਧੌਣਾਂ	9	9	7	5	JOS 10:24
ਧੌਲਾ	2	2	2	3	PRO 16:31
ਧੌਲਿਆਂ	7	7	5	5	GEN 42:38
ਧੌਲੇ	3	3	3	3	JOB 41:32
ਧ੍ਰਿਕਾਰਾਂ	1	1	1	0	JDG 17:2
ਧ੍ਰਿਗ	3	3	1	0	ACT 23:12
ਧ੍ਰੋਹ	1	1	1	0	1CO 11:23
ਧੜ	1	1	1	2	2CH 1:9
ਧੜਕ	2	2	2	2	2SA 22:8
ਧੜਕਣ	1	1	1	1	JER 30:5
ਧੜਕਦਾ	3	3	3	2	PSA 38:10
ਧੜਕਦੇ	1	1	1	0	ISA 35:4
ਧੜਕਾ	1	1	1	0	1JN 4:18
ਧੜਕਿਓ	1	1	1	0	DEU 1:29
ਧੜਕੇ	3	3	2	0	2CO 7:5
ਧੜਾਕਾ	1	1	1	1	ZEP 1:10
ਧੜੇ	2	2	1	1	PHP 1:17
ਧੜੇਬਾਜ਼	1	1	1	1	JUD 1:19
ਧੜੇਬਾਜ਼ੀਆਂ	2	2	2	2	2CO 12:20
ਧੜੋ	1	1	1	0	1CH 19:4
ਧੜੰਗਾ	3	3	2	1	ISA 20:2
ਧੜੰਗੀ	3	3	1	3	EZK 16:7
ਧੜੰਗੇ	1	1	1	0	ISA 20:4
ਧੜੱਲੇ	1	1	1	0	EXO 4:10
ਧੰਦਾ	26	26	9	0	EXO 20:9
ਧੰਦਿਆਂ	1	1	1	0	ECC 9:9
ਧੰਦੇ	11	11	2	5	1KI 11:28
ਧੰਧਾ	1	1	1	0	JDG 19:16
ਧੰਧੇ	1	1	1	0	PSA 104:23
ਧੰਨ	120	120	26	139	GEN 9:26
ਧੰਨਵਾਦ	157	157	27	209	GEN 29:35
ਧੰਨਵਾਦਾਂ	5	5	2	1	LEV 7:12
ਧੰਨਵਾਨ	1	1	1	0	PRO 14:20
ਧੱਕ	25	25	15	21	EXO 6:1
ਧੱਕਣਗੇ	1	1	1	0	GEN 49:19
ਧੱਕਦਾ	1	1	1	1	JOL 2:8
ਧੱਕਦੇ	1	1	1	1	ACT 19:33
ਧੱਕਾ	16	16	9	16	EXO 21:22
ਧੱਕਾਂਗਾ	4	4	2	4	EXO 23:29
ਧੱਕਾਂਗੇ	1	1	1	1	PSA 44:5
ਧੱਕਿਆ	4	4	2	3	EZK 31:18
ਧੱਕਿਆਂ	1	1	1	0	NEH 1:9
ਧੱਕੀ	7	7	7	1	EXO 21:14
ਧੱਕੇ	22	22	13	15	EXO 2:17
ਧੱਕੇਖੋਰਾ	1	1	1	1	1TI 1:13
ਧੱਕੇਗਾ	2	2	2	2	GEN 49:19
ਧੱਕੇਸ਼ਾਹੀ	1	1	1	1	JOB 10:3
ਧੱਕੋ	4	4	4	0	EXO 21:14
ਧੱਬਲਾ	1	1	1	0	JOL 1:13
ਧੱਬਲੀ	1	1	1	0	JOL 1:8
ਧੱਬਾ	2	2	1	1	PRO 9:7
ਧੱਸ	1	1	1	3	LAM 2:9
ਨ	2	2	2	0	1CH 4:42
ਨਅਮ	1	1	1	1	1CH 4:15
ਨਅਮਾਤੀ	3	3	1	5	JOB 2:11
ਨਅਮਾਥੀ	1	1	1	0	JOB 11:1
ਨਅਮਾਨ	13	13	2	17	2KI 5:1
ਨਅਮਾਹ	2	2	2	1	JOS 15:41
ਨਅਰਈ	1	1	1	1	1CH 11:37
ਨਅਰਯਾਹ	2	2	1	3	1CH 3:22
ਨਅਰਾਨ	1	1	1	1	1CH 7:28
ਨਅਰਾਹ	3	3	1	3	1CH 4:5
ਨਆਮਾਨ	2	2	1	1	NUM 26:40
ਨਆਮਾਨੀਆਂ	1	1	1	1	NUM 26:40
ਨਆਮਾਹ	2	2	1	3	1KI 14:21
ਨਆਰਾਥ	1	1	1	1	JOS 16:7
ਨਈ	2	2	1	0	RUT 4:4
ਨਈਏਲ	1	1	1	1	JOS 19:27
ਨਏ	1	1	1	0	DEU 4:12
ਨਕਦੀ	1	1	1	0	MRK 6:8
ਨਕਬ	1	1	1	1	JOS 19:33
ਨਕਲ	11	11	6	12	DEU 17:18
ਨਕਲੀ	1	1	1	2	HOS 7:16
ਨਕਸ਼	1	1	1	1	HEB 1:3
ਨਕਸ਼ਾ	4	4	2	4	1CH 28:11
ਨਕਸ਼ੇ	2	2	2	2	1CH 28:19
ਨਕੇਲ	2	2	2	2	2KI 19:28
ਨਕੋ	4	4	2	0	2CH 35:20
ਨਕੋ-ਨਕ	1	1	1	0	JHN 2:7
ਨਕੋਦਾ	4	4	2	4	EZR 2:48
ਨਕੋਹ	4	4	1	8	2KI 23:29
ਨਕੜ	1	1	1	1	JOS 17:3
ਨਖਾਲਸ	3	3	1	0	REV 14:10
ਨਖਿੱਧ	7	7	5	4	DEU 13:13
ਨਖਿੱਧਤਾਈ	1	1	1	1	PSA 12:8
ਨਖੁੱਟ	3	3	2	1	ISA 14:4
ਨਖੇੜਾ	1	1	1	0	EXO 8:23
ਨਗ	3	3	1	3	EXO 25:7
ਨਗਰ	216	216	27	311	GEN 4:17
ਨਗਰਾਂ	40	40	15	51	GEN 13:12
ਨਗਰੀ	41	41	7	44	ISA 1:21
ਨਗਰੀਂ	1	1	1	0	EZR 3:1
ਨਗਰੋ	1	1	1	0	LUK 8:1
ਨਗਰੋਂ	5	5	3	3	MIC 4:10
ਨਗਾਰਾ	1	1	1	0	2TI 4:6
ਨਚਾਰ	1	1	1	1	PSA 87:7
ਨਚਿੰਤ	1	1	1	0	JDG 8:11
ਨਚੋੜ	1	1	1	0	PSA 75:8
ਨਜਰ	2	2	2	2	EZK 36:34
ਨਜਰਾਂ	1	1	1	0	EZK 5:14
ਨਜਰਾਨੇ	1	1	1	0	PSA 72:10
ਨਜ਼ਦੀਕ	1	1	1	21	1PE 3:18
ਨਜ਼ਰ	37	37	16	56	GEN 21:1
ਨਜ਼ਰਬੰਦ	1	1	1	3	ACT 25:21
ਨਜ਼ਰਾਂ	9	9	5	11	NUM 7:2
ਨਜ਼ਰਾਨਾ	15	15	10	21	GEN 32:18
ਨਜ਼ਰਾਨਿਆਂ	1	1	1	0	DEU 16:10
ਨਜ਼ਰਾਨੇ	8	8	5	14	GEN 32:13
ਨਜ਼ਰੋਂ	1	1	1	1	ACT 1:9
ਨਜ਼ਾਕਤ	1	1	1	1	DEU 28:56
ਨਜ਼ਾਰੇ	1	1	1	1	EXO 3:3
ਨਜ਼ੀਰ	8	8	3	11	NUM 6:2
ਨਜ਼ੀਰਾਂ	1	1	1	2	AMO 2:12
ਨਜਾਇਜ਼	1	1	1	0	2PE 2:3
ਨਜਿੱਠਾਂਗਾ	1	1	1	1	ZEP 3:19
ਨਜੂਮੀਆਂ	2	2	1	2	JER 39:3
ਨਟਾਈਮ	1	1	1	1	1CH 4:23
ਨਟੂਫਾਥੀ	1	1	1	0	1CH 2:54
ਨਟੋਆ	1	1	1	0	SNG 2:5
ਨਟੋਫਥੀ	1	1	1	0	2KI 25:23
ਨਟੋਫਾਥੀ	7	7	3	9	2SA 23:28
ਨਟੋਫਾਥੀਆਂ	2	2	2	2	1CH 9:16
ਨਟੋਫਾਹ	2	2	2	2	EZR 2:22
ਨਠ	3	3	1	0	JHN 10:5
ਨਠਾ	5	5	4	2	DEU 1:44
ਨਠਾਉਂਦੇ	1	1	1	0	JOB 18:11
ਨਠਾਉਣ	1	1	1	0	DEU 32:30
ਨਢਾਲ	6	6	3	5	PSA 61:2
ਨਢਾਲਹੋ	1	1	1	0	AMO 8:13
ਨਤਾਣਾ	1	1	1	0	HEB 7:18
ਨਤਾਣਿਆਂ	1	1	1	0	ACT 20:35
ਨਤਾਣੇ	1	1	1	0	PRO 30:26
ਨਤੀਜਾ	2	2	1	5	JHN 9:3
ਨਥਨਏਲ	4	4	3	7	1CH 15:24
ਨਥਨਯਾਹ	18	18	4	19	2KI 25:23
ਨਥਨਿਏਲ	6	6	2	5	NUM 1:8
ਨਥਨੇਲ	2	2	2	1	1CH 2:14
ਨਥਾਂ	1	1	1	1	EXO 35:22
ਨਥਾਨਏਲ	1	1	1	1	2CH 17:7
ਨਥਾਨਯਾਹ	1	1	1	0	1CH 25:2
ਨਥਾਨਿਏਲ	8	8	2	8	1CH 26:4
ਨਥੀਨੀਮ	10	10	2	12	1CH 9:2
ਨਥੀਨੀਮ-ਸੀਹਾ	1	1	1	0	EZR 2:43
ਨਥੀਨੀਮਾਂ	1	1	1	1	EZR 7:24
ਨਥੀਨੀਮੀਆਂ	4	4	1	4	EZR 7:7
ਨਥੀਨੇਮ	1	1	1	0	EZR 2:58
ਨਦਬਯਾਹ	1	1	1	1	1CH 3:18
ਨਦਾਨ	2	2	2	0	LUK 12:20
ਨਦਾਨਾਂ	2	2	2	3	ROM 2:20
ਨਦਿਆਂ	1	1	1	0	SNG 5:12
ਨਦੀ	64	64	25	121	GEN 2:13
ਨਦੀਆਂ	62	62	20	62	EXO 8:5
ਨਦੀਓਂ	2	2	2	1	2SA 17:20
ਨਨੂੰ	3	3	3	0	NUM 23:4
ਨਪਾਕ	2	2	1	0	DAN 1:8
ਨਪਿੱਤੇ	1	1	1	0	ISA 1:6
ਨਪਿੱਤੋ	1	1	1	0	ISA 66:11
ਨਪੀੜ	1	1	1	2	JDG 9:27
ਨਪੀੜਿਆ	1	1	1	0	JDG 6:38
ਨਫਗ	2	2	1	0	1CH 3:7
ਨਫਤਾਲੀ	18	18	8	0	GEN 35:25
ਨਫਤਾਲੀਆਂ	1	1	1	0	JOS 19:39
ਨਫਤੁਹੀਮ	1	1	1	0	1CH 1:11
ਨਫਤੂਹੀ	1	1	1	0	GEN 10:13
ਨਫਤੋਆਹ	1	1	1	0	JOS 18:15
ਨਫਰਤ	3	3	2	1	PSA 31:18
ਨਫ਼ਗ	1	1	1	4	EXO 6:21
ਨਫ਼ਤਾਲੀ	28	28	10	49	GEN 30:8
ਨਫ਼ਤਾਲੀਆਂ	5	5	3	6	NUM 7:78
ਨਫ਼ਤੋਆ	1	1	1	0	JOS 15:9
ਨਫ਼ਥਾਲੀ	2	2	1	2	MAT 4:13
ਨਫ਼ਰਤ	21	21	7	31	DEU 7:26
ਨਫ਼ਸ	1	1	1	0	EZK 23:20
ਨਫ਼ਾ	1	1	1	1	PRO 10:16
ਨਫ਼ੀਲੀਮ	1	1	1	1	NUM 13:33
ਨਫ਼ੀਸ	1	1	1	0	JDG 5:10
ਨਫ਼ੀਸ਼ਸੀਮ	1	1	1	0	NEH 7:52
ਨਫ਼ੇ	3	3	2	5	PRO 1:19
ਨਫੁਸੀਮ	1	1	1	2	EZR 2:50
ਨਫੇ	1	1	1	0	PRO 15:27
ਨਬਾਟ	22	22	3	25	1KI 11:26
ਨਬਾਯੋਤ	2	2	2	5	GEN 25:13
ਨਬਾਯੋਥ	3	3	2	0	GEN 28:9
ਨਬੀ	294	294	38	360	GEN 20:7
ਨਬੀਅਮ	1	1	1	0	JER 26:16
ਨਬੀਆ	7	7	7	10	EXO 15:20
ਨਬੀਆਂ	182	182	31	187	1SA 10:5
ਨਬੀਆਹ	1	1	1	0	NEH 6:14
ਨਬੀਓ	1	1	1	1	REV 18:20
ਨਬੁਕਦਨੱਸਰ	1	1	1	0	1CH 6:15
ਨਬੁੱਵਤ	3	3	1	0	1CH 25:1
ਨਬੂਕਦ-ਨੱਸਰ	5	5	1	0	2KI 24:10
ਨਬੂਕਦਨਸਰ	1	1	1	0	DAN 3:3
ਨਬੂਕਦਨੱਸਰ	40	40	5	96	2CH 36:6
ਨਬੂਕਦਰੱਸਰ	40	40	2	0	JER 21:2
ਨਬੂਕਦੱਨਸਰ	1	1	1	1	EZR 5:14
ਨਬੂਜਰਦਾਨ	1	1	1	0	JER 40:1
ਨਬੂਜ਼ਰਦਾਨ	14	14	2	15	2KI 25:8
ਨਬੂਸ਼ਜ਼ਬਾਜ	1	1	1	1	JER 39:13
ਨਬੇੜ	1	1	1	2	EXO 18:26
ਨਬੇੜਦੇ	1	1	1	0	EZR 5:3
ਨਬੇੜਨ	1	1	1	1	EXO 18:22
ਨਬੇੜਾ	3	3	3	4	1KI 20:40
ਨਬੇੜਿਆ	2	2	2	1	1KI 20:40
ਨਬੇੜੇ	2	2	1	3	JOL 3:14
ਨਬੋ	12	12	7	13	NUM 32:38
ਨਬੋਥ	3	3	1	0	2KI 9:21
ਨਮਕੀਨ	1	1	1	1	JOB 30:4
ਨਮਸਕਾਰ	3	3	3	62	MAT 27:29
ਨਮਿਤ	6	6	4	0	1CH 5:20
ਨਮਿੱਤ	55	55	18	32	2KI 4:13
ਨਮੀ	1	1	1	1	JOB 37:11
ਨਮੁਏਲੀਆਂ	1	1	1	0	NUM 26:12
ਨਮੂਏਲ	3	3	2	3	NUM 26:9
ਨਮੂਨਾ	9	9	7	14	DEU 28:25
ਨਮੂਨੇ	11	11	7	14	EXO 25:9
ਨਮੇਸ਼ੀ	1	1	1	0	LAM 5:1
ਨਮੋਸ਼ੀ	26	26	8	20	PSA 22:6
ਨਰ	73	73	18	33	GEN 1:27
ਨਰਕ	16	16	7	15	JOB 26:6
ਨਰਕਿੱਸੁਸ	1	1	1	1	ROM 16:11
ਨਰਗਸ	2	2	2	1	SNG 2:1
ਨਰਦ	1	1	1	0	JHN 12:3
ਨਰਮ	9	9	9	13	GEN 18:7
ਨਰਮਯਾਹ	2	2	2	0	EZR 2:2
ਨਰਮਾਈ	12	12	9	17	2SA 22:36
ਨਰਮੀ	2	2	2	2	JOB 15:11
ਨਰਲਾਲ	1	1	1	0	JOS 19:15
ਨਰਸਿੰਗਾ	3	3	3	4	1CH 25:5
ਨਰਸਿੰਗਿਆਂ	4	4	2	4	2CH 15:14
ਨਰਸਿੰਗੀਆਂ	1	1	1	0	NEH 12:35
ਨਰਸਿੰਗੇ	13	13	5	14	1CH 15:28
ਨਰਾਂ	9	9	5	1	GEN 34:25
ਨਰਾਜ	1	1	1	0	2CH 6:36
ਨਰਾਜ਼	4	4	4	5	2CH 28:9
ਨਰੋਆ	5	5	5	3	PSA 103:3
ਨਰੋਇਆਂ	4	4	4	5	RUT 4:15
ਨਰੋਈ	2	2	2	1	NUM 19:2
ਨਰੋਏ	1	1	1	1	ISA 53:5
ਨਰੋਲ	2	2	1	0	LEV 24:2
ਨਰੜਦਾ	1	1	1	0	JOB 36:13
ਨਰੜੇ	1	1	1	0	JOB 36:8
ਨਲ	7	7	6	3	LEV 21:20
ਨਲਹਾਈਂ	1	1	1	0	EXO 40:12
ਨਲਾਇਕ	1	1	1	0	MAT 22:8
ਨਲ੍ਹਾਈ	1	1	1	0	HEB 10:22
ਨਵਾ	1	1	1	0	PSA 33:3
ਨਵਾਂ	50	50	23	62	EXO 1:8
ਨਵਾਕੇ	1	1	1	0	GEN 43:28
ਨਵਿਆਂ	1	1	1	0	JDG 15:13
ਨਵੀ	1	1	1	0	DEU 33:28
ਨਵੀਂ	75	75	35	81	LEV 23:16
ਨਵੀਆਂ	14	14	9	13	JOS 9:13
ਨਵੇਂ	48	48	27	65	LEV 26:10
ਨਸਤਾਰੇ	1	1	1	0	EXO 30:12
ਨਸਲ	34	34	11	20	DEU 23:2
ਨਸ਼ਈ	2	2	1	2	JER 48:26
ਨਸ਼ਟ	58	58	20	51	GEN 18:28
ਨਸ਼ਾ	7	7	4	8	LEV 10:9
ਨਸ਼ਾਨਾ	1	1	1	0	JDG 20:16
ਨਸ਼ਾਸ਼ਤੇ	1	1	1	0	DEU 32:14
ਨਸ਼ਿਆਂ	1	1	1	1	ROM 13:13
ਨਸ਼ੇ	6	6	5	13	PSA 78:65
ਨਸਾ	1	1	1	0	1CH 12:15
ਨਸੀਅਰ	1	1	1	0	NEH 7:56
ਨਸੀਬ	1	1	1	1	JOS 15:43
ਨਸੀਬਾਂ	1	1	1	0	JOB 42:10
ਨਸੀਹ	1	1	1	2	EZR 2:54
ਨਹਥ	5	5	3	5	GEN 36:13
ਨਹਬੀ	1	1	1	1	NUM 13:14
ਨਹਮ	1	1	1	1	1CH 4:19
ਨਹਮਯਾਹ	10	10	1	26	NEH 0:0
ਨਹਮਾਨੀ	1	1	1	1	NEH 7:7
ਨਹਰਈ	2	2	2	2	2SA 23:37
ਨਹਲਾਮ	1	1	1	1	JER 29:31
ਨਹਲਾਮੀ	2	2	1	2	JER 29:24
ਨਹਲਾਲ	1	1	1	2	JOS 21:35
ਨਹਲੀਏਲ	2	2	1	2	NUM 21:19
ਨਹਲੋਲ	1	1	1	1	JDG 1:30
ਨਹਸ਼ੋਨ	10	10	4	12	NUM 1:7
ਨਹਸੋਨ	1	1	1	0	EXO 6:23
ਨਹਾ	4	4	2	7	2KI 5:12
ਨਹਾਂ	1	1	1	0	SNG 4:2
ਨਹਾਉਂਦੀ	1	1	1	0	2SA 11:2
ਨਹਾਉਂਦੀਆਂ	1	1	1	1	1KI 22:38
ਨਹਾਉਣ	2	2	2	4	EXO 40:30
ਨਹਾਓ	1	1	1	1	ISA 1:16
ਨਹਾਤਾ	1	1	1	0	2SA 12:20
ਨਹਾਵੇ	1	1	1	19	DEU 23:11
ਨਹਿਣ	1	1	1	1	JER 27:2
ਨਹਿਰ	10	10	3	10	NUM 24:6
ਨਹਿਰਾਂ	9	9	4	9	EXO 7:19
ਨਹਿਰੀਆਂ	2	2	2	1	JER 3:12
ਨਹਿਸ਼ੋਨ	2	2	1	1	RUT 4:20
ਨਹੀ	75	75	18	1	LEV 4:27
ਨਹੀਂ	4480	4480	66	4712	GEN 2:5
ਨਹੁਸ਼ਤਾ	1	1	1	1	2KI 24:8
ਨਹੁਸ਼ਤਾਨ	1	1	1	1	2KI 18:4
ਨਹੁੰ	1	1	1	2	DAN 7:19
ਨਹੂਮ	7	7	3	13	NEH 7:7
ਨਹੋਰ	1	1	1	1	LUK 3:34
ਨਹੱਕ	3	3	2	1	PSA 35:19
ਨਹੱਕੀ	1	1	1	0	PRO 24:28
ਨਹੱਕੇ	1	1	1	1	JER 22:17
ਨਾ	6331	6331	66	6394	GEN 2:5
ਨਾਂ	34	34	12	9	JOS 17:3
ਨਾਂਹ	14	14	9	19	2SA 13:13
ਨਾਇਨ	1	1	1	0	LUK 7:11
ਨਾਈ	1	1	1	1	EZK 5:1
ਨਾਉ	13	13	8	0	DEU 9:14
ਨਾਉਂ	491	491	40	0	GEN 2:11
ਨਾਓ	1	1	1	0	EPH 1:21
ਨਾਓਂ	13	13	3	0	NUM 11:26
ਨਾਓਮੀ	21	21	1	37	RUT 1:2
ਨਾਕ	1	1	1	0	LEV 26:16
ਨਾਕਿ	1	1	1	0	1CO 14:22
ਨਾਕੋਨ	1	1	1	1	2SA 6:6
ਨਾਗ	16	16	8	9	NEH 2:13
ਨਾਗਦਉਣਾ	1	1	1	0	REV 8:11
ਨਾਗਦਉਣੇ	1	1	1	0	REV 8:11
ਨਾਗਦਾਉਨੇ	2	2	1	0	AMO 5:7
ਨਾਗਾਂ	3	3	3	3	DEU 32:33
ਨਾਚ	3	3	3	3	SNG 6:13
ਨਾਚੀਜ਼	1	1	1	0	EZK 22:8
ਨਾਜ਼ਕ	2	2	1	0	DEU 28:54
ਨਾਜ਼ਰ	1	1	1	0	ACT 12:20
ਨਾਜ਼ੀਰ	2	2	1	0	JDG 13:5
ਨਾਜ਼ੁਕ	1	1	1	2	JER 6:2
ਨਾਢਾਲ	1	1	1	0	PSA 107:5
ਨਾਣ	1	1	1	0	1CH 16:3
ਨਾਤਾ	1	1	1	0	GEN 34:9
ਨਾਤੇ	1	1	1	0	ACT 4:6
ਨਾਥ	2	2	1	0	DAN 4:19
ਨਾਥਾਨ	42	42	7	47	2SA 5:14
ਨਾਥਾਨ-ਮਲਕ	1	1	1	1	2KI 23:11
ਨਾਦਾਬ	18	18	5	22	EXO 6:23
ਨਾਨਕੇ	1	1	1	1	JDG 9:1
ਨਾਨਾ	10	10	7	4	GEN 40:17
ਨਾਨੀ	1	1	1	1	2TI 1:5
ਨਾਨੇ	1	1	1	1	GEN 28:2
ਨਾਪ	15	15	9	23	EXO 26:2
ਨਾਪਣ	3	3	3	5	LEV 19:35
ਨਾਪਾਂ	1	1	1	1	EZK 40:24
ਨਾਪਾਕ	1	1	1	0	EZR 9:11
ਨਾਪਾਕੀ	1	1	1	1	EZK 28:16
ਨਾਫੀਸ	1	1	1	0	GEN 25:15
ਨਾਫੀਸ਼	2	2	1	0	1CH 1:31
ਨਾਬਾਟ	3	3	2	0	1KI 12:2
ਨਾਬਾਦ	2	2	1	0	1CH 6:3
ਨਾਬਾਲ	22	22	2	22	1SA 25:3
ਨਾਬੂਕਦਰੱਸਰ	1	1	1	0	JER 32:1
ਨਾਬੋਥ	19	19	1	23	1KI 21:1
ਨਾਭਾਂ	1	1	1	1	1KI 7:33
ਨਾਭੀ	1	1	1	0	PRO 3:8
ਨਾਮ	546	546	48	1215	GEN 4:26
ਨਾਮਨਾ	1	1	1	0	EZK 39:13
ਨਾਮਨੇ	1	1	1	0	EZK 34:29
ਨਾਮਾ	4	4	4	3	2KI 11:12
ਨਾਮਾਂ	30	30	5	16	GEN 25:13
ਨਾਮਾਨ	2	2	2	1	GEN 46:21
ਨਾਮਾਹ	1	1	1	1	GEN 4:22
ਨਾਮੀ	33	33	15	12	GEN 6:4
ਨਾਮੀਂ	2	2	2	0	JHN 9:11
ਨਾਮੇ	60	60	12	5	NUM 21:14
ਨਾਮੇਂ	1	1	1	0	JHN 19:17
ਨਾਮੰਜ਼ੂਰ	1	1	1	0	1CO 9:27
ਨਾਯੋਥ	6	6	1	6	1SA 19:18
ਨਾਰਾ	6	6	4	5	PSA 60:8
ਨਾਰਾਂ	1	1	1	0	ROM 1:26
ਨਾਰਾਜ਼	4	4	4	0	2CH 16:10
ਨਾਰੀ	14	14	7	7	GEN 1:27
ਨਾਰੀਆਂ	6	6	4	1	GEN 7:2
ਨਾਰੇ	5	5	5	3	JOB 38:7
ਨਾਲ	7230	7230	66	7600	GEN 1:20
ਨਾਲਸ਼	11	11	3	0	MAT 5:40
ਨਾਲਾ	5	5	4	5	1KI 17:7
ਨਾਲਿਆਂ	3	3	3	4	1KI 18:5
ਨਾਲੀ	3	3	3	4	2KI 20:20
ਨਾਲੀਆਂ	8	8	6	7	GEN 30:38
ਨਾਲੇ	589	589	55	342	GEN 1:11
ਨਾਲੋ	19	19	9	0	RUT 3:10
ਨਾਲੋਂ	480	480	49	518	GEN 3:1
ਨਾਵਾਂ	7	7	5	7	GEN 26:18
ਨਾਵਾਕਿਫ਼	1	1	1	1	JOB 29:16
ਨਾਵੇਂ	1	1	1	0	EZK 24:1
ਨਾਸ	377	377	46	513	GEN 6:13
ਨਾਸਤਕ	2	2	1	0	JOB 27:8
ਨਾਸਰਤ	14	14	4	19	MAT 2:23
ਨਾਸਰੀ	16	16	4	18	MAT 2:23
ਨਾਸਰੀਆਂ	1	1	1	1	ACT 24:5
ਨਾਸਵਾਨ	1	1	1	9	ROM 1:23
ਨਾਸਹੋਣ	1	1	1	0	ZEC 11:16
ਨਾਸ਼	48	48	15	2	GEN 13:10
ਨਾਸ਼ਮਾਨ	3	3	1	0	1CO 15:50
ਨਾਸ਼ਾਂ	1	1	1	0	JOB 15:25
ਨਾਸ਼ੁਕਰਿਆਂ	1	1	1	1	LUK 6:35
ਨਾਸ਼ੁਕਰੇ	1	1	1	1	2TI 3:2
ਨਾਸਾਂ	13	13	9	12	GEN 2:7
ਨਾਹ	4	4	3	0	2SA 13:9
ਨਾਹਨ	1	1	1	0	2SA 23:17
ਨਾਹਸ਼	2	2	1	0	2SA 17:25
ਨਾਹਾਸ਼	7	7	3	8	1SA 11:1
ਨਾਹੀ	3	3	3	0	JHN 10:28
ਨਾਹੋਰ	18	18	3	19	GEN 11:22
ਨਾਹੱਕ	1	1	1	1	EZK 22:29
ਨਾੜ	2	2	1	0	GEN 41:5
ਨਾੜਾਂ	3	3	2	6	JOB 40:17
ਨਾੜੀ	2	2	1	2	GEN 32:32
ਨਾੜੀਆਂ	1	1	1	0	1CH 18:4
ਨਾੜੂ	1	1	1	1	EZK 16:4
ਨਿਆਂ	5	5	3	519	JHN 12:31
ਨਿਆਂਈ	1	1	1	10	JAS 3:17
ਨਿਆਂਈਆਂ	4	4	1	43	JDG 0:0
ਨਿਆਂਉ	4	4	2	0	MIC 3:8
ਨਿਆਂਉਂ	1	1	1	0	PRO 19:28
ਨਿਆਂਕਾਰ	1	1	1	2	JHN 19:13
ਨਿਆਇਆਂ	1	1	1	0	1CH 17:6
ਨਿਆਈ	44	44	21	0	GEN 18:26
ਨਿਆਈਂ	44	44	12	69	DEU 21:2
ਨਿਆਈਂਆਂ	1	1	1	0	PSA 82:1
ਨਿਆਈਂਓ	1	1	1	0	PSA 2:10
ਨਿਆਈਆਂ	20	20	10	0	EXO 21:6
ਨਿਆਉ	5	5	4	0	PSA 10:5
ਨਿਆਉਂ	373	373	41	0	GEN 15:14
ਨਿਆਉਂਕਾਰ	4	4	4	0	DEU 17:12
ਨਿਆਉਂਕਾਰਾਂ	7	7	5	0	NUM 25:5
ਨਿਆਉਕਾਰ	2	2	1	0	DAN 3:3
ਨਿਆਉਕਾਰਾਂ	1	1	1	0	DAN 3:2
ਨਿਆਓ	6	6	1	0	PSA 9:4
ਨਿਆਣਪੁਣੇ	2	2	1	1	1SA 12:2
ਨਿਆਣਾ	2	2	2	3	1SA 1:24
ਨਿਆਣਿਆਂ	20	20	11	7	GEN 34:29
ਨਿਆਣੀਆਂ	1	1	1	0	EZR 8:21
ਨਿਆਣੇ	24	24	12	15	GEN 43:8
ਨਿਆਦਰ	2	2	2	0	MAT 13:57
ਨਿਆਦਰੀ	4	4	4	2	PRO 18:3
ਨਿਆਯਿਆਂ	1	1	1	0	EZR 7:25
ਨਿਆਰਾ	2	2	2	1	JDG 16:17
ਨਿਆਰੇ	1	1	1	0	EPH 2:12
ਨਿਆਵਾਂ	49	49	13	0	EXO 6:6
ਨਿਉ	1	1	1	0	ISA 10:4
ਨਿਉਂ	21	21	14	0	GEN 47:31
ਨਿਉਂਦਾ	2	2	1	1	1SA 9:24
ਨਿਉਂਦੇ	4	4	4	1	PSA 107:39
ਨਿਉਣ	1	1	1	0	LEV 26:1
ਨਿਉਣਗੇ	1	1	1	0	GEN 49:8
ਨਿਉਤਾ	7	7	2	0	LUK 14:8
ਨਿਕਲ	9	9	4	0	JOB 14:4
ਨਿਕਲਣ	4	4	4	2	LEV 15:32
ਨਿਕਲਣਗੀਆਂ	1	1	1	0	PRO 23:16
ਨਿਕਲਦੀ	1	1	1	0	MAT 17:21
ਨਿਕਲਦੀਆਂ	2	2	2	0	ZEC 6:5
ਨਿਕਲਦੇ	1	1	1	0	NUM 1:3
ਨਿਕਲਾਉਸ	1	1	1	1	ACT 6:5
ਨਿਕਲਿਆ	7	7	3	0	LEV 13:20
ਨਿਕਲੀ	2	2	2	0	JER 37:7
ਨਿਕਲੇ	6	6	6	1	EXO 1:5
ਨਿਕਲੇਂਗੀ	1	1	1	0	JER 31:4
ਨਿਕਲੇਗਾ	1	1	1	0	JER 30:21
ਨਿਕਲੇਗੀ	2	2	1	0	JER 2:37
ਨਿਕਲੋ	3	3	3	0	DEU 20:1
ਨਿਕਾਲਦਾ	1	1	1	0	PSA 68:6
ਨਿਕਾਲਾ	2	2	2	2	EZR 7:26
ਨਿਕਾਲੇ	5	5	1	5	EZK 12:3
ਨਿਕੀ	1	1	1	0	JAS 3:5
ਨਿਕੁਦੇਮੁਸ	2	2	1	0	JHN 19:39
ਨਿਕੁਪੁਲਿਸ	1	1	1	1	TIT 3:12
ਨਿਕੁਲਾਈਆਂ	2	2	1	2	REV 2:6
ਨਿਕੋਦਿਮੁਸ	1	1	1	8	JHN 7:50
ਨਿਕੋਦੇਮੁਸ	4	4	1	0	JHN 3:1
ਨਿਕੰਮਾ	6	6	3	8	JOB 40:4
ਨਿਕੰਮਿਆ	1	1	1	1	PSA 26:4
ਨਿਕੰਮਿਆਂ	1	1	1	2	2KI 17:15
ਨਿਕੰਮੀ	5	5	5	4	NUM 21:5
ਨਿਕੰਮੀਆਂ	5	5	4	7	1SA 15:9
ਨਿਕੰਮੇ	10	10	8	14	2KI 17:15
ਨਿਕੱਲਣਗੇ	1	1	1	0	2KI 19:31
ਨਿਕੱਲਵੇਂ	1	1	1	0	NEH 3:26
ਨਿਕੱਲਿਆ	1	1	1	0	1CH 14:8
ਨਿਕੱਲੀ	2	2	2	0	JOS 18:11
ਨਿਖਿੱਧ	1	1	1	0	1CH 11:19
ਨਿਖੇੜ	1	1	1	0	1CH 23:3
ਨਿਖੇੜਾ	1	1	1	0	EZR 3:13
ਨਿਗਮਾ	1	1	1	0	NUM 1:17
ਨਿਗਰਾਨੀ	2	2	2	2	TIT 1:7
ਨਿਗਲ	22	22	14	37	GEN 41:4
ਨਿਗਲਦਾ	1	1	1	1	DAN 7:19
ਨਿਗਲਦੇ	1	1	1	1	JER 30:16
ਨਿਗਲਨ	1	1	1	0	2SA 20:20
ਨਿਗਲਿਆ	2	2	2	1	2SA 20:19
ਨਿਗਲੀ	1	1	1	1	DAN 7:7
ਨਿਗਲੇ	5	5	4	5	2SA 17:16
ਨਿਗਲੇਗਾ	1	1	1	1	JOB 20:18
ਨਿਗਾ	1	1	1	0	PSA 10:14
ਨਿਗਾਹ	277	277	35	235	GEN 6:8
ਨਿਗਾਹਬਾਨ	7	7	5	9	1KI 14:28
ਨਿਗਾਹਬਾਨਾਂ	5	5	3	5	1KI 14:27
ਨਿਗਾਹਬਾਨੀ	2	2	1	2	JOB 10:12
ਨਿਗੂਣੀਆਂ	1	1	1	0	1CO 6:2
ਨਿਗ੍ਹਾ	1	1	1	0	PSA 9:13
ਨਿਘਾ	2	2	2	0	JHN 18:25
ਨਿਚ	1	1	1	0	1SA 3:13
ਨਿਚਿੰਤ	16	16	8	0	JDG 18:7
ਨਿਚਿੰਤਣੀਓ	1	1	1	0	ISA 32:11
ਨਿਚੋੜਿਆ	1	1	1	2	GEN 40:11
ਨਿਚੋੜੇਂਗੀ	1	1	1	1	EZK 23:34
ਨਿਜ	5	5	4	0	1CH 19:10
ਨਿਜੀ	1	1	1	0	EXO 19:5
ਨਿਡਰ	4	4	3	12	GEN 34:25
ਨਿਤ	10	10	4	2	1CH 16:40
ਨਿਤਰਨ	1	1	1	0	1CH 12:33
ਨਿਤਾ	4	4	3	0	2CH 21:15
ਨਿਤਾਣਾ	1	1	1	2	PSA 38:8
ਨਿਤਾਣੀ	1	1	1	0	ROM 8:3
ਨਿਤਾਣੇ	5	5	4	2	PSA 82:3
ਨਿਤਾਨੇਮ	1	1	1	0	2CH 8:14
ਨਿਤਾਰਾ	1	1	1	1	1SA 24:15
ਨਿਤਾਰਾਂ	2	2	1	1	1SA 12:7
ਨਿਧਾਨ	1	1	1	0	JON 4:2
ਨਿਧੜਕ	2	2	2	1	2CO 3:12
ਨਿਪੁੰਨ	1	1	1	10	SNG 6:9
ਨਿਬਸ਼ਾਨ	1	1	1	1	JOS 15:62
ਨਿਬਹਜ਼	1	1	1	1	2KI 17:31
ਨਿਬਾਹੋ	1	1	1	0	PHP 2:12
ਨਿਬੇੜ	1	1	1	0	EZR 6:14
ਨਿਬੇੜਾ	3	3	2	3	ACT 19:39
ਨਿਬੇੜੇ	1	1	1	0	1SA 24:15
ਨਿਭਾ	1	1	1	0	1CO 9:17
ਨਿਭਾਵਾਂਗਾ	1	1	1	1	ISA 46:11
ਨਿਮਕ	1	1	1	0	2TI 3:4
ਨਿਮਕਹਰਾਮ	1	1	1	0	LUK 16:8
ਨਿਮਰ	1	1	1	6	ISA 66:2
ਨਿਮਰਾਹ	3	3	2	3	NUM 32:3
ਨਿਮਰੀਮ	2	2	2	2	ISA 15:6
ਨਿਮਰੋਦ	2	2	2	4	1CH 1:10
ਨਿਮਸ਼ੀ	5	5	3	5	1KI 19:16
ਨਿਮਾਣਾ	1	1	1	1	DAN 5:22
ਨਿਮਾਣੇ	3	3	2	1	JAS 1:21
ਨਿਮਿੱਤ	1	1	1	0	HEB 11:26
ਨਿਮੂਝਾਣਾ	2	2	1	0	EZR 9:3
ਨਿਮੂਝਾਣੇ	1	1	1	1	PSA 86:17
ਨਿਮੋਝੂੰਣਾ	1	1	1	0	1CH 13:11
ਨਿਮ੍ਰ	5	5	3	0	1TH 5:14
ਨਿਮ੍ਰਤਾ	2	2	2	0	1CO 4:13
ਨਿਮ੍ਹੀ	1	1	1	1	1KI 19:12
ਨਿਮ੍ਹੇ	1	1	1	0	ISA 61:3
ਨਿਯਤ	5	5	1	0	EZK 43:21
ਨਿਯਤਰਣ	1	1	1	0	TIT 3:1
ਨਿਯਮ	2	2	2	49	JER 23:6
ਨਿਯਾਪੁਲਿਸ	1	1	1	1	ACT 16:11
ਨਿਯੁਕਤ	2	2	2	80	1CO 7:17
ਨਿਰਅਪਰਾਧ	2	2	1	1	JOB 33:9
ਨਿਰਜੀਵ	2	2	2	0	1CO 14:7
ਨਿਰਣ	2	2	1	0	1PE 2:4
ਨਿਰਣਾ	53	53	6	4	NUM 13:27
ਨਿਰਣੇ	12	12	5	0	JHN 5:29
ਨਿਰਤਕਾਰੀ	2	2	1	0	PSA 149:3
ਨਿਰਦਈ	7	7	5	13	PSA 43:1
ਨਿਰਦਈਆਂ	2	2	2	1	PRO 5:9
ਨਿਰਦੋਖ	1	1	1	0	LUK 1:6
ਨਿਰਦੋਸ਼	21	21	14	56	DEU 19:13
ਨਿਰਦੋਸ਼ਾ	2	2	2	0	PSA 10:8
ਨਿਰਦੋਸ਼ਾਂ	2	2	2	4	2KI 21:16
ਨਿਰਦੋਸ਼ੀ	3	3	3	3	PSA 94:21
ਨਿਰਦੋਸ਼ੀਆਂ	1	1	1	1	MAT 12:7
ਨਿਰਦੋਸੀ	1	1	1	0	GEN 44:10
ਨਿਰਧਨ	5	5	4	0	JDG 6:6
ਨਿਰਧਨਤਾਈ	1	1	1	0	2CO 8:9
ਨਿਰਧਨਾਂ	1	1	1	0	2CO 6:10
ਨਿਰਧਾਰਿਤ	1	1	1	1	2PE 2:3
ਨਿਰਨਾ	7	7	5	0	DEU 1:5
ਨਿਰਪਖ	1	1	1	0	2PE 1:1
ਨਿਰਬਲ	26	26	13	30	JDG 16:7
ਨਿਰਬਲਤਾਈ	4	4	2	1	2CO 11:30
ਨਿਰਬਲਤਾਈਆਂ	4	4	2	1	ROM 15:1
ਨਿਰਬੁੱਧ	11	11	4	13	PRO 6:32
ਨਿਰਬੁੱਧਾਂ	2	2	2	2	ROM 1:14
ਨਿਰਬੰਧ	1	1	1	1	2KI 14:26
ਨਿਰਭਰ	2	2	2	1	JHN 5:34
ਨਿਰਭੈ	1	1	1	1	PRO 1:33
ਨਿਰਮਲ	18	18	12	20	JOB 25:4
ਨਿਰਮਲਤਾਈ	4	4	3	2	GEN 20:5
ਨਿਰਮਾਣ	2	2	1	19	JHN 2:19
ਨਿਰਮਾਤਾ	1	1	1	0	1CO 3:10
ਨਿਰਮੋਦ	2	2	1	0	GEN 10:8
ਨਿਰਮੋਹ	2	2	2	2	ROM 1:31
ਨਿਰਲੱਜ	2	2	2	3	MIC 1:11
ਨਿਰਵਾਹ	1	1	1	0	LUK 2:36
ਨਿਰਾ	69	69	23	17	EXO 10:17
ਨਿਰਾਦਰ	5	5	4	34	LEV 22:2
ਨਿਰਾਦਰੀ	15	15	10	16	NUM 14:11
ਨਿਰਾਰਥਕ	4	4	3	0	1CO 1:19
ਨਿਰਾਲੇ	9	9	5	1	2CH 26:15
ਨਿਰਾਸ	4	4	4	0	1SA 27:1
ਨਿਰਾਸਾ	1	1	1	0	ROM 4:18
ਨਿਰਾਸੇ	1	1	1	0	JOB 6:26
ਨਿਰੀ	18	18	13	4	LEV 13:6
ਨਿਰੀਆਂ	5	5	4	1	PRO 21:5
ਨਿਰੇ	24	24	16	6	1SA 1:13
ਨਿਰੋਇਆ	1	1	1	0	EXO 15:26
ਨਿਰੋਏ	1	1	1	0	1SA 6:3
ਨਿਰੋਗ	1	1	1	1	PRO 3:8
ਨਿਰੋਲ	3	3	1	3	EXO 27:20
ਨਿਰੰਤਰ	1	1	1	2	1TH 2:13
ਨਿਲੱਜ	1	1	1	0	2SA 6:20
ਨਿਵਾ	15	15	10	13	EXO 4:31
ਨਿਵਾਂਵਾ	2	2	1	2	2KI 5:18
ਨਿਵਾਇਆ	14	14	10	7	GEN 48:12
ਨਿਵਾਈਆਂ	1	1	1	0	NEH 3:5
ਨਿਵਾਈਏ	1	1	1	1	PSA 95:6
ਨਿਵਾਉਂਦਾ	3	3	2	4	EST 3:2
ਨਿਵਾਉਂਦੇ	1	1	1	0	EST 3:2
ਨਿਵਾਉਣਗੇ	1	1	1	1	PSA 72:9
ਨਿਵਾਏ	5	5	5	5	JDG 7:6
ਨਿਵਾਓ	1	1	1	1	GEN 41:43
ਨਿਵਾਣ	1	1	1	0	1SA 6:13
ਨਿਵਾਣਾਂ	2	2	1	2	1CH 27:28
ਨਿਵਾਨ	1	1	1	1	1KI 4:12
ਨਿਵਾਸ	15	15	10	36	EXO 15:13
ਨਿਵਾਸਾਂ	1	1	1	1	PSA 74:20
ਨਿਵਾਸੀ	4	4	4	5	2KI 19:26
ਨਿਵਿਆ	3	3	3	1	GEN 49:9
ਨਿਵੀਂ	2	2	2	0	1SA 4:19
ਨਿਵੇ	1	1	1	0	1KI 19:18
ਨਿਵੇਗਾ	2	2	2	1	ISA 45:23
ਨਿਵੇਦਨ	1	1	1	0	1PE 5:1
ਨਿਸਚੇ	16	16	1	0	EZK 3:21
ਨਿਸਤਾਰਾ	31	31	13	6	NUM 18:15
ਨਿਸਤਾਰੇ	11	11	7	7	EXO 21:30
ਨਿਸਫਲ	4	4	4	2	JOB 15:34
ਨਿਸਰੋਕ	2	2	2	2	2KI 19:37
ਨਿਸ਼ਕਪਟ	6	6	6	7	PSA 17:1
ਨਿਸ਼ਕਪਟਤਾ	3	3	2	3	2CO 1:12
ਨਿਸ਼ਚਾ	3	3	1	0	1CO 2:5
ਨਿਸ਼ਚਿਤ	4	4	2	5	JHN 3:4
ਨਿਸ਼ਚਿਤਤਾ	1	1	1	0	1TH 1:5
ਨਿਸ਼ਚੇ	1	1	1	0	EZK 3:18
ਨਿਸ਼ਟ	2	2	2	0	DAN 7:26
ਨਿਸ਼ਾ	4	4	3	2	PSA 90:14
ਨਿਸ਼ਾਨ	118	118	22	128	GEN 4:15
ਨਿਸ਼ਾਨਾ	7	7	6	6	1SA 20:20
ਨਿਸ਼ਾਨਾਂ	14	14	7	13	GEN 1:14
ਨਿਸ਼ਾਨਿਆਂ	1	1	1	0	MRK 16:20
ਨਿਸ਼ਾਨੀ	14	14	6	13	JOS 4:6
ਨਿਸ਼ਾਨੀਆਂ	16	16	10	19	LEV 19:28
ਨਿਸ਼ਾਨੇ	6	6	5	10	JOB 16:12
ਨਿਸ਼ਿਚਤ	1	1	1	0	TIT 3:8
ਨਿਸ਼ੰਗ	4	4	2	0	1SA 30:8
ਨਿਸੰਗ	24	24	14	9	GEN 2:16
ਨਿਹਚਾ	327	327	33	7	DEU 28:52
ਨਿਹਚਾਵਾਨ	14	14	7	1	ACT 5:14
ਨਿਹਚਾਵਾਨਾਂ	6	6	4	0	1CO 14:22
ਨਿਹਾਲ	18	18	13	12	2SA 6:12
ਨਿਹਾਲਤਾ	1	1	1	1	PSA 122:7
ਨਿੰਕਮਾ	1	1	1	0	JOB 34:18
ਨਿੰਦਕ	1	1	1	1	ROM 1:30
ਨਿੰਦਕਾਂ	2	2	2	2	PSA 69:9
ਨਿੰਦਾ	1	1	1	8	PSA 69:7
ਨਿੰਦਿਆ	43	43	19	88	1SA 2:30
ਨਿੰਦਿਆਂ	5	5	5	1	EST 1:18
ਨਿੰਦੇ	2	2	2	0	ISA 49:7
ਨਿੰਬਲ	1	1	1	0	MAT 16:2
ਨਿੰਮ੍ਹਾ	1	1	1	0	ISA 42:4
ਨਿੰਮ੍ਹੀ	1	1	1	2	ISA 42:3
ਨਿੱਕ	4	4	3	1	JOS 7:11
ਨਿੱਕਲ	276	276	39	281	GEN 8:16
ਨਿੱਕਲਕੇ	1	1	1	0	GEN 14:17
ਨਿੱਕਲਣ	25	25	15	30	EXO 16:1
ਨਿੱਕਲਣਗੀਆਂ	3	3	3	7	JOB 14:9
ਨਿੱਕਲਣਗੇ	14	14	8	13	GEN 17:6
ਨਿੱਕਲਣਾ	2	2	2	8	2KI 10:25
ਨਿੱਕਲਦਾ	30	30	15	28	EXO 19:18
ਨਿੱਕਲਦਿਆਂ	7	7	6	6	JDG 1:24
ਨਿੱਕਲਦੀ	18	18	10	18	NUM 21:13
ਨਿੱਕਲਦੀਆਂ	17	17	11	18	GEN 24:11
ਨਿੱਕਲਦੇ	30	30	13	24	EXO 14:8
ਨਿੱਕਲਨ	1	1	1	0	GEN 35:18
ਨਿੱਕਲਨਾ	2	2	1	0	LEV 8:33
ਨਿੱਕਲਵਾਂ	1	1	1	0	NEH 3:27
ਨਿੱਕਲਾਂਗਾ	1	1	1	1	JOB 23:10
ਨਿੱਕਲਾਂਗੇ	1	1	1	0	HEB 2:3
ਨਿੱਕਲਿਆ	148	148	29	138	GEN 2:10
ਨਿੱਕਲਿਆਂ	1	1	1	0	2SA 1:3
ਨਿੱਕਲੀ	35	35	16	56	GEN 24:15
ਨਿੱਕਲੀਆਂ	20	20	14	21	GEN 40:10
ਨਿੱਕਲੂਗਾ	1	1	1	0	JOB 15:30
ਨਿੱਕਲੇ	148	148	32	138	GEN 7:11
ਨਿੱਕਲੇਂ	2	2	2	2	PSA 51:4
ਨਿੱਕਲੇਂਗਾ	1	1	1	2	GEN 28:14
ਨਿੱਕਲੇਗਾ	23	23	16	23	GEN 15:4
ਨਿੱਕਲੇਗੀ	6	6	4	7	ISA 2:3
ਨਿੱਕਲੋ	7	7	6	6	GEN 19:14
ਨਿੱਕਲੋਗੇ	2	2	2	2	ISA 55:12
ਨਿੱਕਾ	35	35	16	11	GEN 19:20
ਨਿੱਕਾਜਿਹਾ	1	1	1	0	AMO 7:5
ਨਿੱਕਿਆਂ	3	3	3	1	GEN 46:5
ਨਿੱਕੀ	16	16	5	9	GEN 1:16
ਨਿੱਕੀਆਂ	2	2	2	2	PRO 30:24
ਨਿੱਕੇ	25	25	11	8	GEN 27:15
ਨਿੱਕੜ	1	1	1	1	JOS 6:23
ਨਿੱਗਰ	1	1	1	1	JOB 37:18
ਨਿੱਘਰ	1	1	1	0	GEN 19:15
ਨਿੱਘਾ	1	1	1	1	2KI 4:34
ਨਿੱਜ	5	5	4	15	MAT 26:24
ਨਿੱਜੀ	2	2	2	6	DEU 7:6
ਨਿੱਤ	54	54	24	22	GEN 39:10
ਨਿੱਤਾ	2	2	2	0	1CH 23:31
ਨਿੱਬੜ	1	1	1	0	EZR 4:13
ਨਿੱਸਲ	2	2	2	0	JOB 14:10
ਨਿੱਸੀ	1	1	1	1	EXO 17:15
ਨੀ	4	4	4	0	LEV 10:17
ਨੀਂਗਰ	2	2	2	0	GEN 50:23
ਨੀਂਗਰਾਂ	4	4	3	0	GEN 50:21
ਨੀਂਦ	28	28	13	46	GEN 2:21
ਨੀਂਦਰ	14	14	11	3	GEN 15:12
ਨੀਂਦ੍ਰ	1	1	1	0	DAN 10:9
ਨੀਂਹ	27	27	13	62	PSA 87:1
ਨੀਂਹਾਂ	5	5	4	6	JOB 4:19
ਨੀਂਹੋ	1	1	1	1	MIC 6:2
ਨੀਆਂ	2	2	2	0	DEU 32:22
ਨੀਆਂਉਂ	1	1	1	0	2KI 23:22
ਨੀਉਂ	13	13	5	0	EZR 3:6
ਨੀਗਰ	1	1	1	1	ACT 13:1
ਨੀਗਾਹ	1	1	1	0	RUT 2:2
ਨੀਚ	6	6	5	9	2SA 6:22
ਨੀਚਾ	1	1	1	0	JOB 22:29
ਨੀਚਾਂ	1	1	1	0	JOB 5:11
ਨੀਝ	1	1	1	0	SNG 1:6
ਨੀਤ	10	10	4	5	1SA 20:7
ਨੀਤੀ	2	2	1	1	EST 1:13
ਨੀਦਰ	1	1	1	0	PRO 23:21
ਨੀਨਵਾਹ	21	21	8	29	GEN 10:11
ਨੀਲ	12	12	5	18	ISA 19:7
ਨੀਲਮ	12	12	6	12	EXO 24:10
ਨੀਲਮਾਂ	1	1	1	1	ISA 54:11
ਨੀਲਾ	10	10	2	11	EXO 25:4
ਨੀਲੀ	4	4	3	3	EXO 28:37
ਨੀਲੇ	32	32	4	32	EXO 26:1
ਨੀਵਾ	1	1	1	0	EXO 17:11
ਨੀਵਾਂ	20	20	14	38	GEN 4:6
ਨੀਵਿਆ	5	5	2	0	JDG 5:27
ਨੀਵਿਆਂ	3	3	3	7	PSA 113:6
ਨੀਵੀਂ	2	2	1	1	LUK 14:9
ਨੀਵੀਆਂ	7	7	7	4	2SA 22:28
ਨੀਵੇਂ	6	6	6	15	LEV 26:41
ਨੀਸਾਨ	2	2	2	2	NEH 2:1
ਨੀਹ	1	1	1	0	PSA 24:2
ਨੀਹਾ	1	1	1	0	PSA 11:3
ਨੀਹਾਂ	18	18	12	21	2SA 22:8
ਨੁਉ	1	1	1	0	PSA 89:5
ਨੁਕਰਾ	2	2	1	0	REV 6:2
ਨੁਕਰਾਂ	1	1	1	0	1KI 7:34
ਨੁਕਰਿਆਂ	1	1	1	0	REV 19:14
ਨੁਕਸ	1	1	1	0	HEB 8:7
ਨੁਕਸਾਨ	18	18	13	30	PSA 35:26
ਨੁਬੋ	1	1	1	0	NUM 32:3
ਨੁਮਫ਼ਾਸ	1	1	1	1	COL 4:15
ਨੁਲਹਾਈਂ	1	1	1	0	EXO 29:4
ਨੁਲ੍ਹਾ	1	1	1	0	ACT 9:37
ਨੁਸਰ	1	1	1	0	NEH 5:13
ਨੁਹਾ	1	1	1	0	EZK 16:4
ਨੁਹਾਉਣ	1	1	1	0	2PE 2:22
ਨੁਹਾਲਿਆ	1	1	1	0	EZK 16:9
ਨੁੱਕਰ	9	9	4	10	2SA 3:27
ਨੁੱਕਰਾਂ	9	9	4	6	EXO 37:3
ਨੁੱਕਰੀ	1	1	1	1	EZK 41:21
ਨੂ	19	19	10	0	DEU 31:29
ਨੂਨ	30	30	8	32	EXO 33:11
ਨੂਹ	54	54	9	61	GEN 5:29
ਨੂਹਾਂ	5	5	1	0	GEN 6:18
ਨੂੰ	22997	22997	66	24499	GEN 1:1
ਨੂੰਉੱਤਰਦਿੱਤ	1	1	1	0	2SA 19:42
ਨੂੰਹ	17	17	9	17	GEN 11:31
ਨੂੰਹਾਂ	5	5	3	10	GEN 46:26
ਨੇ	12955	12955	65	13999	GEN 1:1
ਨੇਆਹ	1	1	1	1	JOS 19:13
ਨੇਉਤਾ	1	1	1	0	LUK 7:39
ਨੇਕ	34	34	14	25	1KI 19:4
ਨੇਕਨਾਮ	4	4	2	5	ACT 10:22
ਨੇਕਨਾਮੀ	2	2	2	7	ECC 7:1
ਨੇਕਨੀਅਤੀ	1	1	1	0	ACT 23:1
ਨੇਕੀ	28	28	14	29	1KI 3:6
ਨੇਕੀਆਂ	2	2	1	1	NEH 6:19
ਨੇਜ਼ਾ	1	1	1	1	NUM 25:7
ਨੇਜ਼ਿਆਂ	2	2	2	2	JER 46:4
ਨੇਜੇ	1	1	1	2	1CH 20:5
ਨੇਤਕੀ	2	2	2	0	2KI 25:30
ਨੇਤਰ	4	4	1	0	LUK 11:34
ਨੇਤਰਾਂ	3	3	3	4	JDG 6:21
ਨੇਤ੍ਰਾਂ	3	3	2	0	EXO 13:9
ਨੇਬਾਈ	1	1	1	1	NEH 10:19
ਨੇਮ	354	354	40	391	GEN 6:18
ਨੇਮਾਂ	4	4	2	0	EPH 2:12
ਨੇਯਹੋਵਾ	1	1	1	0	JOB 1:9
ਨੇਰ	15	15	4	16	1SA 14:50
ਨੇਰਗਲ	1	1	1	0	JER 39:13
ਨੇਰਗਲ-ਸ਼ਰਾਸਰ	2	2	1	3	JER 39:3
ਨੇਰਗਾਲ	1	1	1	1	2KI 17:30
ਨੇਰਿਯੁਸ	1	1	1	1	ROM 16:15
ਨੇਰੀ	1	1	1	1	LUK 3:27
ਨੇਰੀਯਾਹ	10	10	1	10	JER 32:12
ਨੇਸ	1	1	1	0	ACT 7:17
ਨੇਸਤ	2	2	2	0	EZK 28:19
ਨੇਸਤੀ	4	4	1	0	ISA 30:28
ਨੇੜ	2	2	1	0	2KI 4:16
ਨੇੜਦਾਰ	1	1	1	0	NUM 5:8
ਨੇੜਦਾਰਾਂ	2	2	2	0	NUM 27:11
ਨੇੜਿਓਂ	1	1	1	3	NUM 24:17
ਨੇੜੇ	362	362	43	353	GEN 12:11
ਨੇੜੇਦਾਰ	2	2	2	0	RUT 2:20
ਨੇੜ੍ਹੇ	1	1	1	5	ACT 27:27
ਨੈਨ	1	1	1	0	ECC 2:23
ਨੈਬ	1	1	1	0	EST 3:12
ਨੈਬ-ਮਨਸਬਦਾਰਾਂ	2	2	1	0	EST 8:9
ਨੋ	13	13	6	4	2SA 24:8
ਨੋਂ	1	1	1	0	NUM 29:26
ਨੋਅਦਯਾਹ	1	1	1	1	EZR 8:33
ਨੋਆਦਯਾਹ	1	1	1	1	NEH 6:14
ਨੋਆਹ	4	4	2	4	NUM 26:33
ਨੋਕ	3	3	3	4	EST 5:2
ਨੋਕਦਾਰ	1	1	1	1	JOB 15:26
ਨੋਕਰ	1	1	1	0	JOB 19:16
ਨੋਕਰਾਂ	3	3	3	0	2SA 6:20
ਨੋਗਹ	2	2	1	2	1CH 3:7
ਨੋਚ	2	2	2	1	EZK 16:39
ਨੋਚਦੇ	1	1	1	1	MIC 3:2
ਨੋਦ	1	1	1	1	GEN 4:16
ਨੋਦਾਬ	1	1	1	1	1CH 5:19
ਨੋਫ	4	4	3	0	ISA 19:13
ਨੋਫ਼	3	3	1	7	JER 44:1
ਨੋਫ਼ਾਹ	1	1	1	1	NUM 21:30
ਨੋਬ	4	4	3	5	1SA 21:1
ਨੋਬਹ	3	3	2	3	NUM 32:42
ਨੋਵੇਂ	2	2	2	0	NUM 7:60
ਨੋਹਾਹ	1	1	1	1	1CH 8:2
ਨੌ	12	12	5	20	GEN 5:5
ਨੌਂ	8	8	7	9	NUM 34:13
ਨੌਂਹ	2	2	2	1	DEU 21:12
ਨੌਂਹਾਂ	1	1	1	1	DAN 4:33
ਨੌਆਂ	1	1	1	0	JOS 13:7
ਨੌਕਰ	65	65	12	85	GEN 24:2
ਨੌਕਰਾਂ	26	26	10	46	GEN 21:25
ਨੌਕਰਾਨੀ	2	2	1	2	JHN 18:16
ਨੌਕਰੀ	2	2	2	3	EPH 6:6
ਨੌਕਰੋ	2	2	2	3	EPH 6:5
ਨੌਜਵਾਨ	1	1	1	4	TIT 2:7
ਨੌਜੁਆਨ	1	1	1	0	ZEC 9:17
ਨੌਵਾਂ	7	7	4	4	JOS 14:2
ਨੌਵੀਂ	3	3	3	3	LEV 23:32
ਨੌਵੇਂ	11	11	6	18	LEV 25:22
ਨ੍ਹਾ	1	1	1	0	MRK 7:4
ਨ੍ਹਾਉਣ	1	1	1	0	LEV 15:18
ਨ੍ਹਾਕੇ	2	2	1	0	LEV 16:26
ਨ੍ਹਾਤੀ	1	1	1	0	EZK 23:40
ਨ੍ਹਾਵੇ	13	13	1	0	LEV 14:8
ਨੜਿੰਨਵਿਆਂ	2	2	1	4	LUK 15:4
ਨੜਿੰਨਵੇਂ	2	2	1	2	GEN 17:1
ਨੜਿੱਨਵੀਆਂ	2	2	1	0	MAT 18:12
ਨੜੇ	1	1	1	0	JOS 10:1
ਨੰ	2	2	2	0	JAS 1:21
ਨੰਗ	1	1	1	1	ROM 8:35
ਨੰਗਾ	32	32	18	29	GEN 3:10
ਨੰਗਿਆਂ	6	6	5	4	JOB 22:6
ਨੰਗੀ	16	16	7	16	1CH 21:16
ਨੰਗੀਆਂ	8	8	5	5	JOB 12:22
ਨੰਗੇ	24	24	12	24	GEN 2:25
ਨੰਗੇਜ	43	43	8	0	GEN 9:22
ਨੰਗੇਜ਼	5	5	5	48	DEU 22:30
ਨੰਗੇਪਣ	1	1	1	1	DEU 28:48
ਨੰਗੇਹ	1	1	1	0	LEV 18:18
ਨੰਨਾ	1	1	1	0	PRO 27:25
ਨੱਕ	24	24	12	24	GEN 24:47
ਨੱਕੇ	3	3	3	3	MAT 19:24
ਨੱਗਈ	1	1	1	1	LUK 3:25
ਨੱਚ	1	1	1	1	MAT 14:6
ਨੱਚਣ	7	7	6	7	EXO 32:19
ਨੱਚਣਗੇ	1	1	1	1	ISA 13:21
ਨੱਚਦਾ	2	2	2	3	1CH 15:29
ਨੱਚਦੀ	1	1	1	1	JDG 11:34
ਨੱਚਦੀਆਂ	4	4	2	4	EXO 15:20
ਨੱਚਦੇ	2	2	2	4	1SA 30:16
ਨੱਚਾਂਗਾ	1	1	1	1	2SA 6:21
ਨੱਚੀ	1	1	1	1	MRK 6:22
ਨੱਚੇ	2	2	2	2	MAT 11:17
ਨੱਠ	69	69	18	34	GEN 29:12
ਨੱਠਕੇ	3	3	1	0	GEN 24:17
ਨੱਠਣ	5	5	3	5	JOB 11:20
ਨੱਠਣਗੇ	1	1	1	1	DEU 28:7
ਨੱਠਣਾ	2	2	2	1	2SA 18:3
ਨੱਠਦਾ	2	2	2	1	PSA 114:5
ਨੱਠਦੇ	3	3	2	1	PRO 1:16
ਨੱਠਨ	1	1	1	0	JER 50:28
ਨੱਠਾ	19	19	9	10	GEN 29:13
ਨੱਠਾਂ	1	1	1	1	PSA 139:7
ਨੱਠਾਂਗੇ	1	1	1	1	ISA 30:16
ਨੱਠਿਆ	1	1	1	0	2SA 18:24
ਨੱਠੀ	1	1	1	0	ISA 55:5
ਨੱਠੀਆਂ	1	1	1	1	ZEC 4:10
ਨੱਠੇ	20	20	13	11	EXO 14:27
ਨੱਠੇਗਾ	8	8	4	5	JOB 20:24
ਨੱਠੋ	8	8	2	8	ISA 48:20
ਨੱਠੋਗੇ	5	5	3	3	DEU 28:25
ਨੱਥ	6	6	4	6	GEN 24:22
ਨੱਥਾਂ	1	1	1	1	ISA 3:21
ਨੱਬਲਾਟ	1	1	1	0	NEH 11:34
ਨੱਬੁਵਤ	2	2	1	0	ROM 12:6
ਨੱਵੇ	6	6	4	0	GEN 5:9
ਨੱਵੇਂ	1	1	1	0	GEN 17:17
ਨੱਸ	16	16	11	5	NUM 11:27
ਨੱਸਕੇ	1	1	1	0	GEN 18:7
ਨੱਸਣ	2	2	2	1	2KI 9:15
ਨੱਸਦਾ	1	1	1	1	PRO 28:17
ਨੱਸਦੇ	2	2	2	1	JOS 8:6
ਨੱਸਾ	1	1	1	0	2KI 5:21
ਨੱਸਾਂ	1	1	1	0	JOB 10:11
ਨੱਸਾਂਗਾ	1	1	1	0	2KI 5:20
ਨੱਸਾਂਗੇ	2	2	1	0	JOS 8:5
ਨੱਸਿਆ	4	4	3	2	GEN 18:2
ਨੱਸੀਂ	1	1	1	0	2KI 9:3
ਨੱਸੀਆਂ	1	1	1	1	MRK 16:8
ਨੱਸੇ	1	1	1	0	ISA 20:6
ਨੱਸੋ	2	2	2	2	JER 5:1
ਪ	2	2	1	0	PSA 22:16
ਪਅਰਈ	1	1	1	1	2SA 23:35
ਪਇਆਂ	2	2	2	0	RUT 1:19
ਪਈ	126	126	33	111	GEN 8:14
ਪਈਂ	1	1	1	0	NUM 22:20
ਪਈਆਂ	36	36	17	36	GEN 8:5
ਪਈਏ	6	6	4	7	1SA 14:4
ਪਉ	2	2	2	1	MRK 11:23
ਪਉਲਥਈ	1	1	1	1	1CH 26:5
ਪਉੜੀ	1	1	1	0	ACT 8:32
ਪਊ	2	2	1	0	MAT 23:16
ਪਊਗਾ	3	3	2	0	EXO 5:18
ਪਏ	239	239	37	218	GEN 6:1
ਪਏਂਗਾ	1	1	1	0	JOB 11:19
ਪਏਗਾ	5	5	4	3	1KI 14:13
ਪਏਗੀ	3	3	2	3	1SA 20:8
ਪਓ	19	19	12	13	DEU 17:14
ਪਓਗੇ	6	6	6	5	LEV 26:6
ਪਓਰ	12	12	5	13	NUM 25:3
ਪਕਹ	9	9	1	12	2KI 15:25
ਪਕਹਯਾਹ	3	3	1	4	2KI 15:22
ਪਕਾ	6	6	6	5	GEN 18:6
ਪਕਾਇਆ	35	35	14	17	GEN 37:18
ਪਕਾਈ	7	7	3	4	GEN 19:3
ਪਕਾਈਂ	1	1	1	1	1KI 17:13
ਪਕਾਈਆਂ	5	5	5	5	EXO 12:39
ਪਕਾਈਏ	2	2	2	2	GEN 11:3
ਪਕਾਉਂਦਾ	3	3	2	2	PSA 37:12
ਪਕਾਉਂਦੀ	1	1	1	1	SNG 2:13
ਪਕਾਉਂਦੇ	2	2	2	3	NEH 6:6
ਪਕਾਉਣ	4	4	4	6	2CH 24:26
ਪਕਾਉਣਗੀਆਂ	1	1	1	1	LEV 26:26
ਪਕਾਉਣਗੇ	2	2	2	2	EZK 46:20
ਪਕਾਉਣਾ	1	1	1	1	EXO 16:23
ਪਕਾਏ	3	3	3	5	EXO 16:31
ਪਕਾਵਾਂ	2	2	2	2	1KI 17:12
ਪਕਾਵੀ	1	1	1	0	EZK 4:12
ਪਕਾਵੀਂ	2	2	2	3	LEV 24:5
ਪਕਾਵੇ	2	2	2	1	2SA 13:5
ਪਕਿਆਈ	2	2	2	0	JOS 6:1
ਪਕਿਹੜੇ	1	1	1	0	MAT 24:42
ਪਕੋਦ	1	1	1	2	JER 50:21
ਪਖ	4	4	2	0	EST 2:17
ਪਖਪਾਤ	1	1	1	0	1PE 1:17
ਪਖੋਂ	2	2	1	0	1CO 6:16
ਪਖੰਡੀ	1	1	1	2	DAN 11:21
ਪਗਲੇ	1	1	1	0	ISA 19:13
ਪਗੀਏਲ	5	5	1	5	NUM 1:13
ਪਗੜੀ	3	3	2	11	1KI 20:38
ਪਘਰਾਉਣ	1	1	1	0	EZK 21:15
ਪਚਵੰਜਾ	3	3	3	3	2KI 21:1
ਪਚਾਨਵੇਂ	4	4	3	4	GEN 5:17
ਪਚਾਸੀ	2	2	2	3	2KI 19:35
ਪਚਾਸੀਆਂ	2	2	2	1	JOS 14:10
ਪਚਿਆ	1	1	1	1	AMO 5:8
ਪਛਤਾ	1	1	1	0	MAT 21:29
ਪਛਤਾਇਆ	4	4	4	11	1CH 21:15
ਪਛਤਾਉਂਦਾ	7	7	5	9	1SA 15:29
ਪਛਤਾਉਣ	2	2	2	3	EXO 13:17
ਪਛਤਾਏ	3	3	2	2	JDG 21:6
ਪਛਤਾਵੇ	6	6	5	5	NUM 23:19
ਪਛਤਾਵੇਗਾ	1	1	1	1	JER 26:13
ਪਛਵਾੜੇ	1	1	1	0	1KI 7:8
ਪਛਾਣ	24	24	13	30	GEN 38:26
ਪਛਾਣਦਾ	3	3	3	3	JOB 9:11
ਪਛਾਣਦੀਆਂ	2	2	1	3	JHN 10:4
ਪਛਾਣਦੇ	3	3	3	4	MRK 1:34
ਪਛਾਣਾਂ	6	6	3	2	2KI 10:11
ਪਛਾਣਿਆ	10	10	8	11	GEN 42:8
ਪਛਾਣੀ	1	1	1	0	JDG 18:3
ਪਛਾਣੂ	2	2	2	0	PSA 55:13
ਪਛਾਣੂਆਂ	1	1	1	0	1SA 10:11
ਪਛਾਣੇ	2	2	2	1	LAM 4:8
ਪਛਾਣੇਗਾ	1	1	1	1	JOB 7:10
ਪਛਾਣੋ	1	1	1	1	DAN 2:30
ਪਛਾਣੋਗੇ	2	2	1	2	MAT 7:16
ਪਛਾਤਾ	2	2	2	0	GEN 27:23
ਪਛਾਨਣ	1	1	1	0	JHN 13:38
ਪਛਾੜਨ	1	1	1	0	ZEC 1:21
ਪਛਾੜੀ	4	4	3	0	NUM 10:25
ਪਛਾੜੀਆਂ	1	1	1	0	1KI 7:25
ਪਛੜੇ	1	1	1	0	PSA 129:5
ਪਜਾ	1	1	1	0	NEH 8:3
ਪਜਾਮੇ	1	1	1	1	EZK 44:18
ਪਜੇਬਾਂ	2	2	2	2	NUM 31:50
ਪਜੱਹਤਰ	1	1	1	0	EZR 2:5
ਪਝੱਤਰ	3	3	3	0	GEN 25:7
ਪਝੱਤਰਾਂ	1	1	1	0	GEN 12:4
ਪਝੱਤ੍ਰ	2	2	1	0	EXO 38:25
ਪਟ	3	3	3	0	DEU 7:22
ਪਟਊਆ	1	1	1	0	ZEC 7:5
ਪਟਕ	6	6	5	7	PSA 137:9
ਪਟਕਾ	15	15	9	13	EXO 28:8
ਪਟਕਾਈ	1	1	1	1	HOS 10:14
ਪਟਕਾਉਂਦੇ	1	1	1	0	AMO 5:7
ਪਟਕਾਏ	1	1	1	1	ISA 13:16
ਪਟਕਿਆਂ	2	2	2	1	LEV 8:13
ਪਟਕੇ	9	9	6	13	EXO 39:20
ਪਟਾਕਾ	1	1	1	1	ECC 7:6
ਪਟੜੀਆਂ	8	8	2	8	1KI 7:28
ਪਠਾ	1	1	1	0	ISA 48:4
ਪਠੋਰਾ	7	7	4	0	LEV 4:23
ਪਠੋਰਿਆਂ	1	1	1	1	1KI 20:27
ਪਠੋਰੇ	5	5	4	2	EXO 23:19
ਪਣ	1	1	1	0	GEN 43:33
ਪਤ	48	48	22	11	GEN 12:12
ਪਤਝੜ	1	1	1	0	JUD 1:12
ਪਤਣਾਂ	2	2	1	0	JDG 12:5
ਪਤਨੀ	108	108	21	293	GEN 11:29
ਪਤਨੀਆਂ	21	21	7	48	1SA 25:43
ਪਤਨੀਉ	1	1	1	0	1CO 7:16
ਪਤਨੀਓ	3	3	3	4	EPH 5:22
ਪਤਰਸ	177	177	9	228	MAT 4:18
ਪਤਰੀ	2	2	1	0	NEH 7:5
ਪਤਰੁਸੀਮ	1	1	1	0	1CH 1:12
ਪਤਰੂਸੀ	1	1	1	2	GEN 10:14
ਪਤਲਾ	4	4	3	4	EXO 30:23
ਪਤਲਿਆਂ	1	1	1	1	GEN 41:24
ਪਤਲੀ	1	1	1	0	ISA 17:4
ਪਤਲੇ	7	7	3	5	GEN 41:6
ਪਤਵਾਰ	2	2	1	1	JAS 3:4
ਪਤਵਾਰਾਂ	1	1	1	1	ACT 27:40
ਪਤਵਾਲਾ	2	2	1	0	2SA 23:19
ਪਤਵੰਤ	15	15	8	12	GEN 34:19
ਪਤਵੰਤਾ	4	4	3	4	1CH 11:21
ਪਤਵੰਤਾਂ	10	10	7	9	NUM 21:18
ਪਤਵੰਤਿਆਂ	3	3	1	3	PSA 83:11
ਪਤਵੰਤੀ	2	2	1	3	PRO 12:4
ਪਤਵੰਤੀਆਂ	1	1	1	1	ACT 13:50
ਪਤਵੰਤੇ	6	6	5	5	NUM 22:15
ਪਤਵੰਨਤਾਂ	1	1	1	0	JOB 12:21
ਪਤਸ਼ਾਹ	3	3	3	0	2SA 18:13
ਪਤਹੀਣ	1	1	1	0	PRO 12:9
ਪਤਾ	90	90	29	125	GEN 21:26
ਪਤਾਲ	75	75	21	72	GEN 37:35
ਪਤਾਲੋਂ	2	2	2	1	PSA 30:3
ਪਤਿਯੁਲੇ	1	1	1	1	ACT 28:13
ਪਤੀ	89	89	24	123	GEN 3:6
ਪਤੀਆਂ	18	18	11	13	RUT 1:9
ਪਤੀਓ	4	4	4	3	1CO 7:16
ਪਤੀਜਦਾ	2	2	1	0	PSA 84:12
ਪਤੀਰਾ	1	1	1	0	NUM 6:19
ਪਤੀਰਿਆਂ	1	1	1	1	1CH 23:29
ਪਤੀਰੀ	42	42	13	38	GEN 19:3
ਪਤੀਰੀਆਂ	9	9	4	9	EXO 12:39
ਪਤੀਰੇ	3	3	2	3	EXO 29:2
ਪਤੁਰਬਾਸ	1	1	1	1	ROM 16:14
ਪਤੂ	1	1	1	0	EZK 38:5
ਪਤੇ	1	1	1	0	NEH 4:15
ਪਤ੍ਰੀ	2	2	2	0	NUM 3:1
ਪਤੰਗੇ	1	1	1	2	PSA 39:11
ਪਥਯਾਹ	2	2	2	0	EZR 10:23
ਪਥਰ	10	10	1	0	1PE 2:4
ਪਥਰਾਂ	1	1	1	0	EZR 6:4
ਪਥਰਾਉ	10	10	5	14	MAT 21:35
ਪਥਰਾਓ	10	10	5	8	EXO 8:26
ਪਥਰਾਹ	2	2	1	4	ACT 5:26
ਪਥਰੇਲਿਆਂ	1	1	1	0	MRK 4:16
ਪਥਰੇਲੀ	3	3	2	0	MAT 13:5
ਪਥਰੈਲੀ	1	1	1	0	DEU 8:15
ਪਥਰੋਸ	3	3	2	5	ISA 11:11
ਪਥਹਯਾਹ	2	2	2	4	1CH 24:16
ਪਥੂਏਲ	1	1	1	2	JOL 1:1
ਪਥੋਰ	1	1	1	2	NUM 22:5
ਪਥੱਰ	1	1	1	0	NEH 9:11
ਪਥੱਰਾਂ	1	1	1	0	EZR 5:8
ਪਦ	2	2	2	2	DAN 5:26
ਪਦਨ	11	11	1	11	GEN 25:20
ਪਦਯਾਹ	1	1	1	0	NEH 8:4
ਪਦਵੀ	29	29	13	32	GEN 49:4
ਪਦਹੇਲ	1	1	1	1	NUM 34:28
ਪਦਾਇਸ਼	1	1	1	0	GEN 2:4
ਪਦਾਨ	1	1	1	0	1CO 12:9
ਪਦਾਯਾਹ	4	4	3	8	2KI 23:36
ਪਦਾਰਥ	22	22	15	21	GEN 43:23
ਪਦਾਰਥਾਂ	22	22	13	22	GEN 45:23
ਪਦਾਹਸੂਰ	5	5	1	5	NUM 1:10
ਪਨਗ	1	1	1	1	EZK 27:17
ਪਨਤਾਲੀ	1	1	1	0	NEH 7:36
ਪਨਾਹ	60	60	12	74	NUM 35:6
ਪਨਾਹਗਾਰ	1	1	1	5	PSA 91:9
ਪਨਾਹਗਾਹ	3	3	2	0	PSA 59:16
ਪਨਿੰਨਾਹ	3	3	1	3	1SA 1:2
ਪਨੀਏਲ	1	1	1	1	GEN 32:30
ਪਨੀਰ	2	2	2	2	1SA 17:18
ਪਨੂਏਲ	6	6	3	6	GEN 32:31
ਪਨੇ	1	1	1	0	1SA 12:22
ਪਪੜੀ	4	4	1	4	LEV 13:2
ਪਭੂ	1	1	1	0	2TH 2:8
ਪਮਫ਼ੁਲਿਯਾ	2	2	1	5	ACT 13:13
ਪਮੇਸ਼ੁਰ	1	1	1	0	JAS 5:15
ਪਰ	3930	3930	66	4074	GEN 2:6
ਪਰਆਥੋਨੀ	1	1	1	0	1CH 11:31
ਪਰਉਪਕਾਰ	4	4	3	4	2CH 24:22
ਪਰਉਪਕਾਰੀ	1	1	1	2	1TI 6:18
ਪਰਓਸ਼	1	1	1	0	NEH 10:14
ਪਰਕਾਰ	102	102	28	48	GEN 1:30
ਪਰਕਾਸ਼	31	31	12	29	1CH 12:18
ਪਰਕਾਸ਼ਤ	3	3	3	0	EST 8:13
ਪਰਖ	24	24	12	12	EXO 15:25
ਪਰਖਣ	5	5	5	15	1KI 10:1
ਪਰਖਣੇ	1	1	1	0	LUK 14:19
ਪਰਖਦਾ	6	6	4	5	DEU 13:3
ਪਰਖਦੇ	1	1	1	2	JOB 34:3
ਪਰਖਾਂ	1	1	1	1	EXO 16:4
ਪਰਖਾਂਗਾ	2	2	2	2	JER 9:7
ਪਰਖਿਆ	10	10	7	12	DEU 33:8
ਪਰਖੀ	1	1	1	0	JAS 1:12
ਪਰਖੀਆਂ	2	2	1	2	GEN 42:16
ਪਰਖੀਏ	1	1	1	1	LAM 3:40
ਪਰਖੀਦਾ	1	1	1	1	ZEC 13:9
ਪਰਖੇ	4	4	3	8	GEN 42:15
ਪਰਖੇਂ	1	1	1	1	JER 6:27
ਪਰਖੇਗਾ	1	1	1	1	1CO 11:31
ਪਰਖੋ	2	2	2	5	2CO 13:5
ਪਰਗਟ	167	167	38	174	GEN 30:37
ਪਰਗਮੁਮ	2	2	1	3	REV 1:11
ਪਰਗਾ	3	3	1	3	ACT 13:13
ਪਰਚਲਤ	1	1	1	0	EST 1:20
ਪਰਚਾਉਣੀ	1	1	1	0	1CH 19:3
ਪਰਚਾਰ	91	91	26	81	EXO 33:19
ਪਰਚਾਰਕ	9	9	7	7	MIC 2:11
ਪਰਚਾਵੇ	2	2	1	3	ECC 2:24
ਪਰਚੀ	1	1	1	21	JHN 19:24
ਪਰਚੀਆਂ	1	1	1	32	JHN 19:24
ਪਰਛਾਂਵੇ	2	2	1	1	JDG 9:15
ਪਰਛਾਵਾਂ	5	5	4	9	JOB 34:22
ਪਰਛਾਵੇਂ	6	6	4	14	ECC 6:12
ਪਰਜ	1	1	1	1	PSA 119:160
ਪਰਜਾ	634	634	38	674	EXO 3:7
ਪਰਤ	18	18	11	13	GEN 8:13
ਪਰਤਦਾ	1	1	1	0	2PE 2:22
ਪਰਤਾ	7	7	7	2	PSA 26:2
ਪਰਤਾਂਉਂਦਾ	1	1	1	0	LUK 4:2
ਪਰਤਾਇਆ	11	11	7	17	GEN 22:1
ਪਰਤਾਈਏ	1	1	1	1	LAM 3:40
ਪਰਤਾਉਂਦਾ	2	2	2	3	JER 17:10
ਪਰਤਾਉਂਦੇ	4	4	4	3	EXO 17:2
ਪਰਤਾਉਣ	12	12	6	5	2CH 32:31
ਪਰਤਾਏ	5	5	4	3	DAN 11:35
ਪਰਤਾਓ	3	3	3	0	DEU 6:16
ਪਰਤਾਪ	124	124	26	110	GEN 45:13
ਪਰਤਾਪਵਾਨ	11	11	5	7	2SA 6:20
ਪਰਤਾਪਵਾਲੀ	1	1	1	0	EST 1:4
ਪਰਤਾਪੀ	1	1	1	3	PSA 136:18
ਪਰਤਾਵਾ	11	11	7	10	JDG 2:22
ਪਰਤਾਵਾਂਗਾ	1	1	1	1	ISA 7:12
ਪਰਤਾਵਿਆਂ	3	3	3	8	DEU 4:34
ਪਰਤਾਵੇ	17	17	10	25	EXO 17:7
ਪਰਤਿ	1	1	1	0	EZK 45:24
ਪਰਤਿਆ	3	3	2	0	JHN 6:17
ਪਰਤਿਆਇਆ	1	1	1	0	JAS 1:13
ਪਰਤਿਆਉਂਦਾ	2	2	2	0	1TH 3:5
ਪਰਤਿਆਉਂਦੀਆਂ	1	1	1	0	JAS 1:14
ਪਰਤਿਆਵਿਆਂ	1	1	1	0	1TH 3:5
ਪਰਤਿੱਗਿਆ	1	1	1	0	2KI 8:19
ਪਰਤੀ	8	8	6	0	GEN 45:22
ਪਰਤੀਤ	93	93	29	19	GEN 15:6
ਪਰਤੀਤਵਾਨ	1	1	1	0	2CO 6:15
ਪਰਤੀਤੀ	3	3	1	0	MRK 6:6
ਪਰਤੇਗਾ	1	1	1	0	EZK 7:13
ਪਰਤੱਖ	6	6	4	0	LUK 1:22
ਪਰਤੱਖ਼	1	1	1	1	PSA 44:15
ਪਰਤੱਗਿਆਂ	1	1	1	0	2CO 1:20
ਪਰਦਿਆਂ	3	3	1	9	EXO 38:31
ਪਰਦੇਸ	13	13	8	11	EXO 2:22
ਪਰਦੇਸਾਂ	1	1	1	1	2KI 19:24
ਪਰਦੇਸੀ	83	83	20	121	GEN 15:13
ਪਰਦੇਸੀਆਂ	22	22	13	33	GEN 17:27
ਪਰਦੇਸੋਂ	1	1	1	0	JDG 12:9
ਪਰਦੱਖਣਾ	1	1	1	1	PSA 48:12
ਪਰਧਾਨ	177	177	24	9	EXO 18:25
ਪਰਧਾਨਾਂ	30	30	5	6	NUM 1:44
ਪਰਨ	3	3	2	0	GEN 14:22
ਪਰਨਾਕ	1	1	1	1	NUM 34:25
ਪਰਨਾਮ	13	13	5	7	2KI 4:29
ਪਰਨਾਲੇ	1	1	1	1	2SA 5:8
ਪਰਨੇ	40	40	12	11	LEV 9:24
ਪਰਫੁਲਤ	1	1	1	0	EZK 17:9
ਪਰਫੁੱਲਤ	1	1	1	0	PSA 44:8
ਪਰਬ	74	74	16	104	EXO 5:1
ਪਰਬਤ	99	99	18	434	GEN 22:14
ਪਰਬਤਾਂ	34	34	8	9	GEN 49:26
ਪਰਬਤੋ	3	3	1	1	EZK 6:3
ਪਰਬਲ	23	23	16	25	GEN 4:7
ਪਰਬਾ	2	2	2	0	LEV 23:44
ਪਰਬਾਂ	22	22	12	26	NUM 15:3
ਪਰਬਾਰ	2	2	1	2	1CH 26:18
ਪਰਬੰਧ	7	7	3	0	EXO 36:6
ਪਰਭ	1	1	1	0	NEH 8:18
ਪਰਭਾਤ	15	15	3	4	JDG 6:38
ਪਰਭਾਤੇ	3	3	2	0	JDG 9:33
ਪਰਮ	5	5	4	4	PSA 51:12
ਪਰਮਧਾਮ	2	2	1	0	LUK 2:14
ਪਰਮਧੰਨ	2	2	2	0	MRK 14:61
ਪਰਮਨਾਸ	1	1	1	1	ACT 6:5
ਪਰਮਸ਼ਤਾ	1	1	1	1	EST 9:9
ਪਰਮਾਣ	11	11	5	6	ISA 41:21
ਪਰਮੁਖ	6	6	3	0	JDG 10:18
ਪਰਮੁਸ਼ੇਰ	1	1	1	0	HAB 3:3
ਪਰਮੇਸ਼ਰ	5	5	4	0	1SA 13:13
ਪਰਮੇਸ਼ਵਰ	1	1	1	0	JON 1:9
ਪਰਮੇਸ਼ੁਰ	4237	4237	63	4691	GEN 1:1
ਪਰਮੇਸ਼ੁਰਤਾਈ	1	1	1	2	COL 2:9
ਪਰਮੇਸ਼ੁਰਾ	1	1	1	0	EZR 9:6
ਪਰਮੇਸ਼ੁਰਾਂ	1	1	1	2	DEU 10:17
ਪਰਮੇਸ਼ੁਰੀ	2	2	2	0	1CH 9:11
ਪਰਮੇਸੁਰ	5	5	4	0	JOB 19:21
ਪਰਮੰਨਿਆ	2	2	1	1	1SA 2:26
ਪਰਲੇ	9	9	6	6	GEN 35:21
ਪਰਲੋ	18	18	5	21	GEN 6:17
ਪਰਵਰਿਸ਼	1	1	1	0	JAS 1:27
ਪਰਵਾ	1	1	1	0	PSA 94:7
ਪਰਵਾਇਮ	1	1	1	1	2CH 3:6
ਪਰਵਾਨ	17	17	8	13	1CH 5:20
ਪਰਵਾਨਗੀ	21	21	9	8	RUT 2:2
ਪਰਵਾਨਾ	1	1	1	0	NEH 2:8
ਪਰਵਾਨਿਆਂ	2	2	1	2	1KI 21:9
ਪਰਵਾਨੇ	7	7	5	2	1KI 21:8
ਪਰਵਾਰ	12	12	5	0	LEV 17:2
ਪਰਵਾਲੇ	1	1	1	0	EZK 17:23
ਪਰਵਾਹ	15	15	9	19	JOB 33:14
ਪਰਵਾਹੀ	1	1	1	0	HEB 2:3
ਪਰਵੇਸ਼	1	1	1	1	HEB 6:20
ਪਰਸ	7	7	3	14	NUM 26:20
ਪਰਸ-ਊਜ਼ਾਹ	1	1	1	2	2SA 6:8
ਪਰਸਉੱਜ਼ਾ	1	1	1	0	1CH 13:11
ਪਰਸ਼ਨਦਾਥਾ	1	1	1	1	EST 9:7
ਪਰਸ਼ਾਦ	16	16	8	3	GEN 49:20
ਪਰਸ਼ਾਦਾਂ	1	1	1	1	PSA 107:18
ਪਰਸ਼ਾਦੀ	1	1	1	0	GEN 28:20
ਪਰਸਿਸ	1	1	1	1	ROM 16:12
ਪਰਸਿੰਨ	9	9	5	0	GEN 34:19
ਪਰਸਿੱਧ	8	8	4	0	1CH 12:30
ਪਰਸੀਆਂ	1	1	1	1	NUM 26:20
ਪਰਸੋਂ	3	3	3	3	EXO 5:14
ਪਰਸੰਨ	53	53	19	37	GEN 33:10
ਪਰਸੰਨਤਾ	4	4	3	0	DEU 33:16
ਪਰਸੱਨ	1	1	1	0	EST 5:9
ਪਰਹੇਜ਼	2	2	2	1	JOB 30:10
ਪਰਹੇਜ਼ਕਾਰ	1	1	1	0	1TI 3:2
ਪਰਾਂ	11	11	7	6	LEV 1:16
ਪਰਾਇਆ	1	1	1	5	PRO 14:10
ਪਰਾਇਆਂ	5	5	4	5	2KI 17:35
ਪਰਾਇਓ	1	1	1	0	ROM 15:10
ਪਰਾਇਣ	2	2	2	0	JDG 3:31
ਪਰਾਈ	14	14	8	26	PRO 2:16
ਪਰਾਈਆ	1	1	1	0	PSA 9:5
ਪਰਾਈਆਂ	102	102	17	127	DEU 12:2
ਪਰਾਉਠਾ	1	1	1	0	EXO 29:23
ਪਰਾਉਠੇ	1	1	1	0	EXO 29:2
ਪਰਾਏ	22	22	14	45	GEN 35:2
ਪਰਾਕਰਮ	2	2	2	6	EPH 6:10
ਪਰਾਕ੍ਰਮ	1	1	1	0	JUD 1:25
ਪਰਾਚੀਣ	1	1	1	0	MIC 7:20
ਪਰਾਚੀਨ	23	23	9	0	JOB 29:2
ਪਰਾਜਿਤ	1	1	1	0	1CO 15:54
ਪਰਾਣਾਂ	3	3	1	0	EXO 30:12
ਪਰਾਣੀ	4	4	1	0	EXO 12:15
ਪਰਾਣੀਆਂ	3	3	2	0	EXO 12:4
ਪਰਾਤੜਾ	2	2	1	0	DEU 28:5
ਪਰਾਤੜਿਆਂ	2	2	1	1	EXO 8:3
ਪਰਾਥਨਾ	2	2	2	0	LAM 3:8
ਪਰਾਨ	1	1	1	0	HAB 3:3
ਪਰਾਪਤ	51	51	20	5	GEN 12:5
ਪਰਾਮੀਸ	1	1	1	0	2SA 5:20
ਪਰਾਲਭਦ	2	2	1	0	ISA 65:11
ਪਰਾਸਚਿਤ	51	51	11	0	EXO 25:17
ਪਰਾਸਚਿੱਤ	3	3	2	0	JOB 36:18
ਪਰਾਸੀਮ	2	2	2	0	2SA 5:20
ਪਰਾਹਚਿਤ	1	1	1	0	1CH 28:11
ਪਰਾਹੁਣ	1	1	1	0	HEB 13:2
ਪਰਾਹੁਣਚਾਰ	1	1	1	1	1TI 3:2
ਪਰਾਹੁਣਚਾਰੀ	2	2	1	4	ROM 12:13
ਪਰਾਹੁਣਾ	2	2	2	0	GEN 23:4
ਪਰਾਹੁਣਿਆਂ	3	3	3	2	1SA 9:22
ਪਰਾਹੁਣੇ	9	9	6	4	LEV 25:23
ਪਰਿਥਵੀ	3	3	1	0	DAN 4:19
ਪਰਿਵਾਰ	8	8	3	76	JHN 7:42
ਪਰਿਵਾਰਾਂ	2	2	2	9	1CO 1:26
ਪਰਿਸਕਾ	3	3	3	3	ROM 16:3
ਪਰਿਸਥਿਤੀ	1	1	1	0	TIT 3:2
ਪਰਿਹਾ	3	3	3	1	RUT 3:11
ਪਰਿੱਜ਼ੀ	1	1	1	0	GEN 15:20
ਪਰਿੱਜੀ	1	1	1	0	GEN 13:7
ਪਰਿੱਜੀਆਂ	1	1	1	0	GEN 34:30
ਪਰੀ	1	1	1	0	1CH 29:28
ਪਰੀਖਿਆ	1	1	1	2	1CH 29:17
ਪਰੀਛਾ	1	1	1	0	1CH 28:9
ਪਰੀਤ	4	4	3	0	EXO 20:6
ਪਰੀਤਮਾ	2	2	1	0	DEU 13:6
ਪਰੀਦਾ	1	1	1	1	NEH 7:57
ਪਰੀਪੂਰਣ	1	1	1	0	JAS 1:25
ਪਰੀਹ	2	2	1	0	2KI 4:40
ਪਰੂਦਾ	1	1	1	1	EZR 2:55
ਪਰੂੰ	2	2	1	0	2CO 8:10
ਪਰੇ	35	35	23	21	EXO 33:6
ਪਰੇਡੇ	1	1	1	0	2CO 10:16
ਪਰੇਮ	1	1	1	0	EXO 21:5
ਪਰੇਮੀਓ	1	1	1	0	ISA 66:10
ਪਰੇਰ	4	4	4	2	JDG 4:6
ਪਰੇਰਦੇ	1	1	1	0	JOB 17:8
ਪਰੇਰਾਂਗਾ	2	2	2	1	ISA 19:2
ਪਰੇਰਿਆ	16	16	7	14	EXO 35:21
ਪਰੇਰੇ	3	3	3	2	EXO 25:2
ਪਰੇਰੇਗਾ	1	1	1	1	ISA 9:11
ਪਰੇਰੋ	1	1	1	1	JOL 3:9
ਪਰੇਸ	1	1	1	1	DAN 5:28
ਪਰੇਸ਼ਾਨ	8	8	6	13	MRK 14:33
ਪਰੇਸ਼ਾਨੀਆਂ	2	2	2	0	1CO 9:12
ਪਰੇਸ਼ੁਰ	1	1	1	0	1TH 1:8
ਪਰੋਖੇ	11	11	6	0	NUM 15:24
ਪਰੋਜਨ	17	17	9	5	GEN 33:8
ਪਰੋਸ	2	2	1	2	GEN 18:8
ਪਰੋਸ਼	1	1	1	6	EZR 10:25
ਪਰੋਸ਼ੀ	1	1	1	0	NEH 7:8
ਪਰੋਸਿਆ	1	1	1	0	ACT 16:34
ਪਰੋਸੀ	1	1	1	0	2SA 12:20
ਪਰੋਹਤ	15	15	1	0	JDG 17:5
ਪਰ੍ਹੇ	2	2	2	3	EZR 6:6
ਪਰੰਤੁ	2	2	1	0	ACT 1:21
ਪਰੰਤੂ	82	82	25	73	GEN 18:15
ਪਰੱਖਣ	4	4	3	0	JHN 6:6
ਪਰੱਖਣਾ	1	1	1	0	1CO 10:9
ਪਰੱਤਗਿਆ	1	1	1	0	ROM 9:4
ਪਰੱਦਖਣਾ	1	1	1	0	PSA 26:6
ਪਲ	13	13	10	16	EXO 33:5
ਪਲ-ਪਲ	1	1	1	1	JAS 1:11
ਪਲਕ	1	1	1	0	JOB 20:5
ਪਲਕਾਂ	10	10	4	10	JOB 3:9
ਪਲਕੁ	2	2	1	0	ISA 54:7
ਪਲਗ	8	8	3	1	GEN 10:25
ਪਲਟ	4	4	4	5	DEU 30:3
ਪਲਟਣ	2	2	1	2	ACT 10:1
ਪਲਟਨ	1	1	1	0	PHP 1:13
ਪਲਟਯਾਹ	3	3	2	5	1CH 3:21
ਪਲਟਾ	3	3	3	2	DEU 29:23
ਪਲਟਾਉਂਦੇ	1	1	1	1	PSA 56:5
ਪਲਟਾਓ	1	1	1	0	DEU 29:23
ਪਲਟੀ	2	2	2	2	NUM 13:9
ਪਲਟੀਏਲ	1	1	1	1	NUM 34:26
ਪਲਤ	1	1	1	1	NUM 16:1
ਪਲਥ	1	1	1	1	1CH 2:33
ਪਲਦਾ	1	1	1	1	ACT 7:20
ਪਲਦੀ	1	1	1	0	EST 2:20
ਪਲਦੇ	2	2	2	2	JOB 39:4
ਪਲਮੀ	2	2	1	0	NUM 21:20
ਪਲਲਯਾਹ	1	1	1	1	NEH 11:12
ਪਲਾ	1	1	1	0	JHN 12:35
ਪਲਾਣਾ	2	2	2	0	GEN 22:3
ਪਲਾਯਾਹ	2	2	1	3	NEH 8:7
ਪਲਾਲ	2	2	2	1	NEH 3:25
ਪਲਿਆ	7	7	3	7	JOB 31:18
ਪਲੀਆਂ	1	1	1	1	NEH 5:18
ਪਲੀਤ	52	52	13	31	LEV 20:21
ਪਲੀਤਗੀਆਂ	1	1	1	1	ACT 15:20
ਪਲੀਤਾਂ	1	1	1	1	1TI 1:9
ਪਲੀਤੀ	7	7	6	3	PRO 30:12
ਪਲੀਤੀਆਂ	2	2	2	1	EZR 6:21
ਪਲੇ	5	5	5	5	PRO 15:17
ਪਲੇਤੀ	1	1	1	0	1KI 1:44
ਪਲੋਠਾ	9	9	3	0	NUM 3:2
ਪਲੋਠਿਆਂ	13	13	2	2	NUM 3:12
ਪਲੋਠੇ	15	15	6	0	NUM 1:20
ਪਲੋਤੀ	1	1	1	0	1KI 1:38
ਪਲੋਨੀ	3	3	1	3	1CH 11:27
ਪਲੋਸਦਾ	1	1	1	2	EPH 5:29
ਪਲੌਠਾ	25	25	3	0	GEN 10:15
ਪਲੌਠਾਪਣ	1	1	1	0	1CH 5:1
ਪਲੌਠਿਆਂ	3	3	3	0	GEN 4:4
ਪਲੌਠੀ	8	8	1	0	GEN 19:31
ਪਲੌਠੇ	34	34	8	0	GEN 36:15
ਪਲੌਨੇ	1	1	1	0	MIC 6:7
ਪਲੰਗ	2	2	2	2	EST 7:8
ਪਲੰਘ	14	14	7	11	DEU 3:11
ਪਲੰਘਾਂ	2	2	1	2	AMO 3:12
ਪਵਾਂ	7	7	6	5	JDG 15:18
ਪਵਾਂਗਾ	2	2	2	1	2SA 17:2
ਪਵਾਂਗੇ	3	3	3	1	2SA 17:12
ਪਵਾਈ	1	1	1	1	EZK 16:10
ਪਵਾਈਂ	1	1	1	1	EXO 28:41
ਪਵਾਈਆਂ	2	2	2	2	1CH 15:1
ਪਵਾਏ	8	8	5	6	GEN 3:21
ਪਵਾਵੇ	1	1	1	1	EZK 18:16
ਪਵਿਤਰ	6	6	2	0	LEV 11:44
ਪਵਿਤਰਤਾਈ	1	1	1	0	ROM 1:4
ਪਵਿਤ੍ਰ	9	9	3	0	LAM 4:1
ਪਵਿਤੱਰ	1	1	1	0	EZR 2:63
ਪਵਿੱਤ	3	3	2	0	LEV 12:4
ਪਵਿੱਤਰ	657	657	50	1083	GEN 35:2
ਪਵਿੱਤਰਤਾ	1	1	1	10	EZK 38:23
ਪਵਿੱਤਰਤਾਈ	20	20	11	33	NUM 8:21
ਪਵਿੱਤਰਾਂ	1	1	1	2	PSA 89:7
ਪਵਿੱਤ੍ਰ	301	301	21	0	GEN 2:3
ਪਵਿੱਤ੍ਰਤਾ	1	1	1	0	2CH 31:18
ਪਵਿੱਤ੍ਰਤਾਈ	6	6	3	0	EXO 15:11
ਪਵਿੱਤ੍ਰਾਂ	1	1	1	0	JOB 5:1
ਪਵੇ	89	89	32	86	GEN 1:9
ਪਵੇਂ	2	2	2	1	2SA 18:3
ਪਵੇਂਗਾ	5	5	3	5	2CH 20:17
ਪਵੇਗਾ	58	58	28	58	GEN 41:36
ਪਵੇਗੀ	32	32	19	35	EXO 12:13
ਪਵੋ	3	3	3	5	DEU 19:1
ਪਵੋਗੀਆਂ	1	1	1	1	EZK 37:6
ਪਵੋਗੇ	1	1	1	2	EXO 23:27
ਪਸਰ	4	4	3	2	1SA 5:9
ਪਸਰਿਆ	1	1	1	0	2SA 24:16
ਪਸਰੀਆ	1	1	1	0	RUT 1:13
ਪਸਰੇ	1	1	1	0	LEV 19:29
ਪਸਲੀ	5	5	2	3	GEN 2:22
ਪਸਲੀਆਂ	3	3	3	3	GEN 2:21
ਪਸਹ	31	31	6	3	NUM 33:3
ਪਸ਼ਮ	6	6	1	6	EXO 25:4
ਪਸ਼ਮੀਨੇ	1	1	1	0	NUM 31:20
ਪਸ਼ਰੂਰ	1	1	1	0	EZR 10:22
ਪਸ਼ਹੂਰ	13	13	4	15	1CH 9:12
ਪਸ਼ੂ	37	37	8	118	GEN 4:20
ਪਸ਼ੂਆਂ	26	26	13	116	GEN 7:2
ਪਸਾਦ	7	7	3	0	MRK 15:7
ਪਸਾਦੀਆਂ	1	1	1	0	MRK 15:7
ਪਸਾਰ	6	6	5	4	EXO 10:12
ਪਸਾਰਦੀ	1	1	1	0	PRO 31:20
ਪਸਾਰਦੇ	1	1	1	1	PSA 22:7
ਪਸਾਰਾਂਗਾ	6	6	4	5	EXO 3:20
ਪਸਾਰਿਆ	10	10	6	10	EXO 8:6
ਪਸਾਰੀ	9	9	6	11	DEU 4:34
ਪਸਾਰੀਆਂ	1	1	1	1	PSA 80:11
ਪਸਾਰੇ	4	4	3	4	EXO 7:19
ਪਸਾਰੇਗਾ	1	1	1	1	PSA 68:31
ਪਸਾਹ	52	52	11	98	EXO 12:11
ਪਸਿੰਦ	5	5	2	0	MAT 6:5
ਪਸੁ	1	1	1	0	HEB 12:20
ਪਸੂ	47	47	20	0	GEN 20:14
ਪਸੂਆਂ	35	35	19	0	GEN 29:7
ਪਸੇ	1	1	1	0	1SA 14:47
ਪਸੰਦ	52	52	23	51	GEN 4:4
ਪਹਥ-ਮੋਆਬ	3	3	2	6	EZR 10:30
ਪਹਥਮੋਆਬ	1	1	1	0	NEH 10:14
ਪਹਰਾਏ	1	1	1	0	LEV 8:13
ਪਹਲੋਂ	1	1	1	0	LEV 14:36
ਪਹਾੜ	361	361	38	48	GEN 7:19
ਪਹਾੜਾ	5	5	3	0	PSA 76:4
ਪਹਾੜਾਂ	89	89	31	122	GEN 8:5
ਪਹਾੜੀ	54	54	16	67	GEN 8:7
ਪਹਾੜੀਆਂ	10	10	7	9	DEU 8:9
ਪਹਾੜੀਓ	1	1	1	1	PSA 114:6
ਪਹਾੜੋ	5	5	4	1	2SA 1:21
ਪਹਾੜੋਂ	10	10	7	3	JOS 2:23
ਪਹਿ	2	2	2	0	JOB 7:4
ਪਹਿਆਂ	8	8	5	2	JOB 38:20
ਪਹਿਨ	20	20	13	32	LEV 6:10
ਪਹਿਨਣ	2	2	1	3	PSA 35:26
ਪਹਿਨਣਗੇ	4	4	2	4	JOB 8:22
ਪਹਿਨਣਾ	1	1	1	1	1TH 5:8
ਪਹਿਨਦਾ	3	3	2	3	EST 6:8
ਪਹਿਨਦੀਆਂ	1	1	1	1	2SA 13:18
ਪਹਿਨਦੇ	5	5	3	7	EZK 23:6
ਪਹਿਨਾ	2	2	2	5	MRK 15:20
ਪਹਿਨਾਂਗੇ	3	3	2	3	MAT 6:25
ਪਹਿਨਾਇਆ	7	7	5	12	JOB 10:11
ਪਹਿਨਾਈ	2	2	2	1	1SA 17:38
ਪਹਿਨਾਈਂ	2	2	1	2	EXO 29:5
ਪਹਿਨਾਉਂਦਾ	3	3	3	3	ISA 50:3
ਪਹਿਨਾਉਂਦੀ	1	1	1	1	PRO 23:21
ਪਹਿਨਾਏ	4	4	4	12	1SA 17:38
ਪਹਿਨਾਓ	1	1	1	1	LUK 15:22
ਪਹਿਨਾਵੇ	1	1	1	0	2CH 9:4
ਪਹਿਨਾਵੇਗਾ	2	2	2	2	MAT 6:30
ਪਹਿਨਿਆ	8	8	5	9	1CH 15:27
ਪਹਿਨੀ	14	14	9	15	1SA 17:5
ਪਹਿਨੀਂ	4	4	3	0	MRK 12:38
ਪਹਿਨੀਆਂ	1	1	1	0	2SA 6:14
ਪਹਿਨੇ	27	27	14	33	EXO 29:30
ਪਹਿਨੇਂਗੀ	1	1	1	1	ISA 49:18
ਪਹਿਨੇਗਾ	1	1	1	1	EZK 7:27
ਪਹਿਨੋ	2	2	2	1	JER 46:4
ਪਹਿਰ	22	22	8	26	EXO 14:24
ਪਹਿਰਕੁ	1	1	1	0	MAT 20:3
ਪਹਿਰਵਾਲੇ	1	1	1	0	NEH 7:3
ਪਹਿਰਾ	14	14	9	15	2KI 11:5
ਪਹਿਰਾਂ	2	2	1	3	PSA 63:6
ਪਹਿਰਾਇਆ	1	1	1	0	LEV 8:7
ਪਹਿਰਾਵਾ	2	2	2	10	1KI 10:5
ਪਹਿਰਾਵੇ	1	1	1	2	PSA 45:14
ਪਹਿਰਿਆਂ	3	3	3	1	1CH 9:23
ਪਹਿਰੇ	31	31	14	18	LEV 16:4
ਪਹਿਰੇਦਾਰ	4	4	4	11	2KI 11:11
ਪਹਿਰੇਦਾਰਾਂ	23	23	3	26	2KI 10:25
ਪਹਿਲ	6	6	5	4	DEU 13:9
ਪਹਿਲਵਾਨਾਂ	1	1	1	1	DAN 3:20
ਪਹਿਲਾ	60	60	29	83	GEN 1:5
ਪਹਿਲਾਂ	319	319	52	465	GEN 13:3
ਪਹਿਲਿਆਂ	11	11	8	11	LEV 2:14
ਪਹਿਲੀ	72	72	32	96	GEN 43:18
ਪਹਿਲੀਆਂ	17	17	11	16	GEN 41:20
ਪਹਿਲੇ	191	191	35	206	GEN 8:5
ਪਹਿਲੋ	1	1	1	0	2SA 19:43
ਪਹਿਲੋਂ	6	6	5	2	LEV 9:15
ਪਹਿਲੋਠਾ	1	1	1	0	1CH 26:10
ਪਹਿਲੌਠਾ	9	9	1	64	1CH 2:25
ਪਹਿਲੌਠੇ	3	3	1	67	1CH 5:1
ਪਹਿੰਟਾਂ	3	3	1	0	GEN 5:15
ਪਹੀਆ	7	7	3	8	PRO 20:26
ਪਹੀਆਂ	12	12	2	13	1KI 7:30
ਪਹੀਏ	22	22	7	25	EXO 14:25
ਪਹੁ	5	5	4	5	JDG 19:25
ਪਹੁਚਿਆ	1	1	1	0	JHN 20:8
ਪਹੁੰਚ	16	16	7	82	NEH 2:7
ਪਹੁੰਚਣ	5	5	3	13	ISA 30:4
ਪਹੁੰਚਦਾ	5	5	4	9	ISA 1:23
ਪਹੁੰਚਦੀ	1	1	1	3	PSA 19:4
ਪਹੁੰਚਾ	12	12	9	39	NUM 14:16
ਪਹੁੰਚਾਂ	1	1	1	2	GEN 33:14
ਪਹੁੰਚਾਇਆ	1	1	1	14	1CH 10:12
ਪਹੁੰਚਾਈ	3	3	2	7	GEN 12:15
ਪਹੁੰਚਾਉਣ	2	2	2	7	2SA 19:31
ਪਹੁੰਚਾਉਣਗੇ	1	1	1	2	PSA 72:10
ਪਹੁੰਚਾਏ	1	1	1	7	EZR 6:5
ਪਹੁੰਚਾਓ	1	1	1	1	NUM 27:8
ਪਹੁੰਚਾਵਾਂਗਾ	1	1	1	3	EZK 5:11
ਪਹੁੰਚਾਵੇਂ	1	1	1	1	PSA 104:27
ਪਹੁੰਚਾਵੇਗਾ	1	1	1	2	1PE 3:13
ਪਹੁੰਚਿਆ	22	22	8	75	RUT 1:22
ਪਹੁੰਚੀ	6	6	4	34	JDG 20:34
ਪਹੁੰਚੀਏ	1	1	1	0	EPH 4:13
ਪਹੁੰਚੇ	38	38	10	83	NUM 34:4
ਪਹੁੰਚੇਗਾ	1	1	1	6	JER 30:21
ਪਹੂੰਚਆਉਣ	1	1	1	0	EZR 8:30
ਪਹੇ	14	14	8	3	1SA 24:3
ਪਹੇਲੀ	1	1	1	0	ECC 6:0
ਪਹੜਾਂ	1	1	1	0	PRO 8:25
ਪਾ	267	267	46	279	GEN 24:47
ਪਾਂਉਦੇ	1	1	1	0	HAG 1:6
ਪਾਂਡੀ	1	1	1	1	1KI 5:15
ਪਾਇਆ	155	155	40	140	GEN 24:27
ਪਾਈ	80	80	34	76	GEN 33:4
ਪਾਈਂ	4	4	3	3	EXO 25:26
ਪਾਈਆਂ	18	18	8	29	GEN 12:17
ਪਾਈਏ	4	4	4	3	1CH 16:35
ਪਾਈਦਾ	2	2	2	0	ROM 3:22
ਪਾਉ	6	6	2	5	LEV 14:10
ਪਾਉਂਦਾ	50	50	25	39	GEN 25:28
ਪਾਉਂਦਿਆਂ	5	5	4	4	2SA 6:16
ਪਾਉਂਦੀ	5	5	4	4	MAT 9:23
ਪਾਉਂਦੀਆਂ	3	3	3	3	JOB 30:27
ਪਾਉਂਦੇ	38	38	20	36	EXO 32:17
ਪਾਉਣ	59	59	25	60	GEN 18:16
ਪਾਉਣਗੀਆਂ	6	6	2	8	GEN 18:18
ਪਾਉਣਗੇ	28	28	13	31	GEN 28:14
ਪਾਉਣਾ	10	10	7	6	LEV 26:5
ਪਾਉਣੀ	1	1	1	2	MRK 7:27
ਪਾਊ	1	1	1	2	GEN 36:39
ਪਾਊਗਾ	1	1	1	0	JOB 1:11
ਪਾਏ	60	60	30	49	EXO 33:4
ਪਾਏਂਗਾ	4	4	3	3	PRO 3:4
ਪਾਏਗਾ	3	3	1	3	DAN 11:5
ਪਾਏਦਾਨ	3	3	2	3	EXO 25:31
ਪਾਓ	24	24	15	25	NUM 16:7
ਪਾਓਗੇ	14	14	10	12	EXO 3:22
ਪਾਕ	27	27	13	12	JOS 22:17
ਪਾਕੇ	29	29	11	0	GEN 23:10
ਪਾਖਣ	1	1	1	0	EST 2:7
ਪਾਗਲ	4	4	4	9	JOB 41:25
ਪਾਗਲਪੁਣਾ	2	2	2	2	1SA 21:15
ਪਾਗਲਾਂ	2	2	1	2	1SA 21:14
ਪਾਜ	1	1	1	0	EZK 16:57
ਪਾਟ	15	15	12	10	NUM 16:31
ਪਾਟਣ	1	1	1	1	JOB 32:19
ਪਾਟਦਾ	1	1	1	0	JOB 26:8
ਪਾਟਦੀ	1	1	1	0	PSA 29:7
ਪਾਟਾ	6	6	1	0	LEV 11:3
ਪਾਟਿਆ	1	1	1	0	JHN 21:11
ਪਾਟੀਆਂ	1	1	1	1	JOS 9:4
ਪਾਟੇ	8	8	4	13	EXO 28:32
ਪਾਠ	1	1	1	4	NEH 8:8
ਪਾਠਸ਼ਾਲਾ	2	2	2	2	JHN 7:15
ਪਾਣੀ	540	540	45	542	GEN 1:9
ਪਾਣੀਆ	4	4	2	0	LEV 11:10
ਪਾਣੀਆਂ	105	105	20	99	GEN 1:2
ਪਾਣੀਓ	3	3	1	1	JOS 2:11
ਪਾਣੀਓਂ	1	1	1	0	JOS 14:8
ਪਾਤ	13	13	10	1	DEU 1:17
ਪਾਤਮੁਸ	1	1	1	1	REV 1:9
ਪਾਤਰਾ	1	1	1	0	ACT 21:1
ਪਾਤਸ਼ਹ	1	1	1	0	2SA 7:3
ਪਾਤਸ਼ਾ	1	1	1	0	JER 26:22
ਪਾਤਸ਼ਾਹ	1931	1931	37	580	NUM 16:13
ਪਾਤਸ਼ਾਹਦੇ	1	1	1	0	2SA 18:32
ਪਾਤਸ਼ਾਹਾਂ	125	125	19	40	1SA 27:6
ਪਾਤਸ਼ਾਹੀ	94	94	26	39	GEN 49:20
ਪਾਤਸ਼ਾਹੀਆਂ	38	38	15	21	DEU 3:21
ਪਾਤਸ਼ਾਹੋ	2	2	1	2	JER 17:20
ਪਾਤਸਾਹ	1	1	1	0	2SA 14:13
ਪਾਤਾਲ	4	4	2	0	PSA 6:5
ਪਾਦੋਨ	2	2	2	2	EZR 2:44
ਪਾਨੇ	1	1	1	0	LAM 3:40
ਪਾਨੇਆਹ	1	1	1	1	GEN 41:45
ਪਾਪ	596	596	48	656	GEN 4:7
ਪਾਪਣ	2	2	1	1	LUK 7:37
ਪਾਪਬਲੀ	2	2	2	0	EZR 8:35
ਪਾਪਬਲੀਆਂ	1	1	1	0	HEB 10:8
ਪਾਪਾ	1	1	1	0	PSA 25:7
ਪਾਪਾਂ	136	136	37	166	LEV 16:16
ਪਾਪੀ	71	71	27	66	GEN 13:13
ਪਾਪੀਆਂ	30	30	13	30	NUM 16:38
ਪਾਪੜੀ	7	7	2	0	EXO 29:20
ਪਾਪੜੀਆਂ	1	1	1	0	EXO 29:20
ਪਾਫ਼ੁਸ	2	2	1	2	ACT 13:6
ਪਾਬੰਦੀ	1	1	1	0	1PE 4:3
ਪਾਰ	218	218	27	249	GEN 31:21
ਪਾਰਖੂ	1	1	1	0	ECC 11:4
ਪਾਰਥੀ	1	1	1	1	ACT 2:9
ਪਾਰਲੀ	1	1	1	0	DEU 1:1
ਪਾਰਸ	3	3	2	0	GEN 38:29
ਪਾਰਾਨ	8	8	4	11	GEN 21:21
ਪਾਰਾਵਾਰ	1	1	1	1	PSA 147:5
ਪਾਰਾਹ	1	1	1	1	JOS 18:23
ਪਾਰੂਆਹ	1	1	1	1	1KI 4:17
ਪਾਰੋਂ	4	4	4	4	JOS 24:3
ਪਾਲ	32	32	11	15	EXO 28:17
ਪਾਲਕ	1	1	1	0	JAS 4:11
ਪਾਲਕਾ	1	1	1	0	PSA 11:4
ਪਾਲਕੀ	2	2	1	2	SNG 3:7
ਪਾਲਕੀਆਂ	1	1	1	1	ISA 66:20
ਪਾਲਟ	1	1	1	0	JOS 15:27
ਪਾਲਣ	12	12	9	16	GEN 29:9
ਪਾਲਣਹਾਰਾ	1	1	1	1	RUT 4:15
ਪਾਲਣਾ	37	37	13	122	GEN 17:9
ਪਾਲਤੂ	1	1	1	1	ISA 11:6
ਪਾਲਦਾ	3	3	3	3	DEU 33:3
ਪਾਲਦੇ	5	5	5	4	GEN 4:20
ਪਾਲਨ	1	1	1	0	2KI 10:5
ਪਾਲਨਾ	141	141	25	74	GEN 18:19
ਪਾਲਾ	3	3	3	1	GEN 8:22
ਪਾਲਾਂ	35	35	13	20	GEN 14:8
ਪਾਲਿਆ	11	11	7	13	2SA 12:3
ਪਾਲੀ	5	5	3	1	GEN 4:2
ਪਾਲੀਆਂ	4	4	1	0	GEN 13:7
ਪਾਲੇ	9	9	8	3	GEN 31:40
ਪਾਲੇਗਾ	1	1	1	2	HOS 9:2
ਪਾਲੋਗੇ	2	2	2	0	DEU 28:39
ਪਾਵਾਂ	10	10	10	14	NUM 22:6
ਪਾਵਾਂਗਾ	51	51	17	53	GEN 3:15
ਪਾਵਾਂਗੀਆਂ	1	1	1	1	ISA 4:1
ਪਾਵਾਂਗੇ	2	2	2	4	JOB 17:16
ਪਾਵਿਆਂ	3	3	1	3	EXO 25:12
ਪਾਵੀਂ	11	11	2	13	EXO 25:14
ਪਾਵੇ	42	42	16	35	LEV 2:1
ਪਾਵੇਂ	4	4	2	3	JER 4:30
ਪਾਵੇਂਗਾ	5	5	4	8	GEN 31:32
ਪਾਵੇਗਾ	24	24	12	30	DEU 7:15
ਪਾਵੇਗੀ	3	3	2	2	ISA 34:14
ਪਾਵੋਂਗੇ	1	1	1	0	JHN 7:34
ਪਾਵੋਗੇ	1	1	1	1	DEU 28:65
ਪਾਸ	4	4	2	0	LEV 25:14
ਪਾਸਕ	1	1	1	1	1CH 7:33
ਪਾਸਬਾਨ	1	1	1	2	EPH 4:11
ਪਾਸਾ	14	14	8	16	EXO 12:23
ਪਾਸਿਆਂ	15	15	3	16	EXO 25:14
ਪਾਸਿਓਂ	37	37	15	41	GEN 19:4
ਪਾਸੀ	2	2	2	0	HOS 7:0
ਪਾਸੀਂ	18	18	10	13	GEN 34:21
ਪਾਸੇ	319	319	33	325	GEN 2:14
ਪਾਸੇਅਹ	1	1	1	0	EZR 2:49
ਪਾਸੇਆਰ	1	1	1	0	NEH 3:6
ਪਾਸੇਆਹ	1	1	1	2	1CH 4:12
ਪਾਸੇਹ	1	1	1	2	NEH 7:51
ਪਾਸੋਂ	23	23	8	7	2CH 13:19
ਪਾਹਰੂ	1	1	1	0	1SA 17:22
ਪਾਹਰੂਆਂ	2	2	1	0	1SA 13:3
ਪਾਹੜੇ	1	1	1	1	1KI 4:23
ਪਾੜ	44	44	20	46	GEN 38:29
ਪਾੜਦਾ	4	4	4	3	GEN 38:29
ਪਾੜਦੀਆਂ	2	2	1	2	ISA 18:2
ਪਾੜਦੇ	3	3	3	1	JDG 14:6
ਪਾੜਨ	10	10	7	11	GEN 49:27
ਪਾੜਨਾ	2	2	2	2	PSA 17:12
ਪਾੜਾਂਗਾ	2	2	2	2	EZK 13:21
ਪਾੜਿਆ	17	17	12	15	GEN 37:33
ਪਾੜੀ	2	2	2	1	LEV 7:24
ਪਾੜੇ	28	28	14	27	GEN 37:29
ਪਾੜੇਂ	1	1	1	0	ISA 64:1
ਪਾੜੋ	2	2	2	2	LEV 10:6
ਪਿਆ	375	375	45	318	GEN 5:29
ਪਿਆਂ	1	1	1	0	JHN 11:17
ਪਿਆਂਗਾ	2	2	2	0	MRK 14:25
ਪਿਆਇਆ	3	3	2	4	PSA 69:21
ਪਿਆਈ	3	3	3	2	JDG 4:19
ਪਿਆਏ	1	1	1	0	PSA 80:5
ਪਿਆਓ	1	1	1	0	PRO 31:6
ਪਿਆਕਲ	2	2	2	0	JOL 1:5
ਪਿਆਕੜ	1	1	1	1	1TI 3:3
ਪਿਆਜ਼	1	1	1	2	NUM 11:5
ਪਿਆਦਾ	1	1	1	1	1KI 20:29
ਪਿਆਦਿਆਂ	3	3	2	2	2KI 13:7
ਪਿਆਦੇ	9	9	7	7	EXO 12:37
ਪਿਆਰ	178	178	35	361	GEN 22:2
ਪਿਆਰਾ	27	27	18	34	1SA 18:3
ਪਿਆਰਿਆ	3	3	1	3	3JN 1:2
ਪਿਆਰਿਆਂ	1	1	1	4	EPH 5:1
ਪਿਆਰਿਓ	16	16	7	25	SNG 5:1
ਪਿਆਰੀ	19	19	10	21	DEU 21:15
ਪਿਆਰੇ	40	40	20	43	2SA 1:23
ਪਿਆਲਾ	31	31	9	37	GEN 40:11
ਪਿਆਲੇ	8	8	5	7	GEN 40:11
ਪਿਆਵਾਂਗਾ	1	1	1	1	REV 21:6
ਪਿਆਵੇ	1	1	1	2	MAT 10:42
ਪਿਆਸ	1	1	1	17	LAM 4:4
ਪਿਆਸਾ	5	5	1	9	JHN 4:13
ਪਿਆਸੀ	1	1	1	1	JHN 4:15
ਪਿਉ	579	579	37	53	GEN 15:15
ਪਿਉ-ਦਾਦਿਆਂ	1	1	1	30	JHN 7:22
ਪਿਉ-ਦਾਦੇ	1	1	1	24	JHN 4:20
ਪਿਉਂ	2	2	1	0	1KI 8:53
ਪਿਉਏ	1	1	1	0	JDG 19:2
ਪਿਉਕੇ	1	1	1	0	JDG 19:3
ਪਿਉਦਾਦਿਆਂ	8	8	2	0	MAT 23:30
ਪਿਓ	53	53	16	18	GEN 46:34
ਪਿਘਲ	4	4	3	11	ISA 14:31
ਪਿਘਲਾ	2	2	2	2	PSA 147:18
ਪਿਛਲਖੁਰੀ	1	1	1	0	GEN 9:23
ਪਿਛਲਾ	6	6	4	4	JER 5:24
ਪਿਛਲਿਆਂ	2	2	1	0	MAT 20:8
ਪਿਛਲੀ	3	3	3	7	EXO 3:1
ਪਿਛਲੀਆਂ	1	1	1	2	PHP 3:13
ਪਿਛਲੇ	20	20	12	22	GEN 9:23
ਪਿਛਵਾੜੇ	7	7	2	5	EXO 26:22
ਪਿਛਾ	6	6	2	0	2SA 20:2
ਪਿਛਾਂਹ	11	11	4	8	1SA 24:8
ਪਿਛਾਹਾਂ	23	23	10	11	GEN 19:9
ਪਿਛਾੜੀ	1	1	1	0	SNG 2:9
ਪਿਛੇ	3	3	2	10	JHN 21:20
ਪਿਛੋ	1	1	1	0	JOS 1:1
ਪਿਛੋਂ	10	10	7	4	LEV 12:4
ਪਿਛੱਲੇ	1	1	1	0	1SA 9:9
ਪਿਟਵਾਈ	6	6	4	4	2CH 20:3
ਪਿਟਾਈ	5	5	4	0	GEN 41:43
ਪਿਠ	1	1	1	0	JER 32:33
ਪਿਤ	1	1	1	0	JOB 16:13
ਪਿਤਰ	2	2	2	0	1CH 9:19
ਪਿਤਰਪਾਲ	2	2	2	0	MAT 6:26
ਪਿਤਰਾਂ	44	44	6	0	EXO 6:14
ਪਿਤਰੋ	2	2	1	0	ACT 7:2
ਪਿਤਾ	829	829	49	1007	GEN 4:20
ਪਿਤਾਓ	4	4	3	4	EPH 6:4
ਪਿਤ੍ਰਾਂ	58	58	5	0	NUM 1:2
ਪਿਥੋਨਤੇ	1	1	1	0	1CH 8:35
ਪਿਰਤਪਾਲ	3	3	2	1	ACT 12:20
ਪਿਰਤਬਿੰਬ	1	1	1	0	HEB 1:3
ਪਿਰਥਵੀ	7	7	3	0	GEN 28:14
ਪਿਰਥੋਨੀ	1	1	1	0	2SA 23:30
ਪਿਲਛੀ	3	3	2	2	EXO 2:3
ਪਿਲਟਾਈ	1	1	1	1	NEH 12:17
ਪਿਲਦਾਸ	1	1	1	1	GEN 22:22
ਪਿਲਨਅਸਰ	1	1	1	3	1CH 5:6
ਪਿਲਨਾਸਰ	1	1	1	0	2CH 28:20
ਪਿਲਸਰ	3	3	1	3	2KI 15:29
ਪਿਲਹਾ	1	1	1	1	NEH 10:24
ਪਿਲਾ	7	7	3	13	GEN 24:19
ਪਿਲਾਇਆ	10	10	6	12	GEN 21:19
ਪਿਲਾਈ	3	3	2	3	GEN 19:33
ਪਿਲਾਈਂ	3	3	1	2	GEN 24:17
ਪਿਲਾਈਏ	2	2	1	2	GEN 19:32
ਪਿਲਾਉਂਦਾ	1	1	1	1	HAB 2:15
ਪਿਲਾਉਂਦੀ	1	1	1	1	SNG 8:2
ਪਿਲਾਉਂਦੇ	2	2	1	2	GEN 29:2
ਪਿਲਾਉਣ	3	3	3	5	EXO 2:16
ਪਿਲਾਏਂਗਾ	1	1	1	1	PSA 36:8
ਪਿਲਾਤੁਸ	58	58	6	64	MAT 27:2
ਪਿਲਾਵਾਂਗਾ	2	2	1	2	JER 9:15
ਪਿਲਾਵਾਂਗੀ	2	2	1	2	GEN 24:14
ਪਿਲਾਵਾਂਗੇ	1	1	1	0	GEN 29:8
ਪਿਲਾਵੇ	4	4	3	3	NUM 5:24
ਪਿਲਾਵੇਂਗਾ	1	1	1	1	NUM 20:8
ਪਿਲੱਤਨ	1	1	1	0	DAN 10:8
ਪਿਵਾ	1	1	1	0	JDG 4:19
ਪਿਸਗਾਹ	8	8	3	8	NUM 21:20
ਪਿਸਤਾ	1	1	1	1	GEN 43:11
ਪਿਸਪਾ	1	1	1	1	1CH 7:38
ਪਿਸਿਦਿਯਾ	2	2	1	3	ACT 13:14
ਪਿਸੂ	1	1	1	0	1SA 24:14
ਪਿਹਨਇਆ	1	1	1	0	DAN 5:7
ਪਿਹਨਾਇਆ	2	2	1	0	DAN 5:16
ਪਿਹਲਾ	1	1	1	0	1CH 24:21
ਪਿਹਲੇ	1	1	1	0	EZR 10:17
ਪਿੜ	38	38	15	39	GEN 50:10
ਪਿੰਛੋਂ	1	1	1	0	ACT 1:5
ਪਿੰਜਰਾ	1	1	1	1	JER 5:27
ਪਿੰਜਰੇ	1	1	1	1	EZK 19:9
ਪਿੰਡ	61	61	11	65	DEU 3:5
ਪਿੰਡਾ	8	8	6	0	2SA 2:3
ਪਿੰਡਾਂ	48	48	15	54	GEN 25:16
ਪਿੰਡੇ	4	4	4	2	EXO 30:32
ਪਿੰਡੋ	2	2	1	0	LUK 8:1
ਪਿੰਡੋਂ	3	3	2	4	MRK 8:23
ਪਿੰਨੀ	3	3	2	2	1SA 25:18
ਪਿੰਨੀਆਂ	2	2	2	2	1CH 12:40
ਪਿੰਸਲ	1	1	1	0	ISA 44:13
ਪਿੱਛਲਾ	2	2	2	1	MRK 9:35
ਪਿੱਛਲਿਆਂ	4	4	3	2	DEU 2:20
ਪਿੱਛਲੀ	2	2	2	2	JOL 2:23
ਪਿੱਛਲੀਆਂ	1	1	1	1	EZK 16:61
ਪਿੱਛਲੇ	11	11	10	10	EXO 26:12
ਪਿੱਛਾ	115	115	23	134	GEN 14:14
ਪਿੱਛਿਓਂ	2	2	2	2	1KI 10:19
ਪਿੱਛੇ	307	307	39	345	GEN 18:10
ਪਿੱਛੋ	7	7	6	0	GEN 45:15
ਪਿੱਛੋਂ	297	297	32	145	GEN 5:4
ਪਿੱਛੋਤੁਹਾਡੇ	1	1	1	0	DEU 12:28
ਪਿੱਟ	3	3	3	1	EZK 6:11
ਪਿੱਟਣ	6	6	5	0	1SA 4:13
ਪਿੱਟਣਗੀਆਂ	3	3	3	2	ISA 32:12
ਪਿੱਟਣਗੇ	1	1	1	1	REV 18:9
ਪਿੱਟਣਾ	3	3	3	0	JER 48:38
ਪਿੱਟਦਾ	3	3	3	3	2SA 19:1
ਪਿੱਟਦੀਆਂ	2	2	2	2	NAM 2:7
ਪਿੱਟਦੇ	3	3	2	4	PRO 20:6
ਪਿੱਟਨ	1	1	1	0	EST 9:22
ਪਿੱਟਵਾ	1	1	1	1	JER 11:6
ਪਿੱਟੀ	3	3	2	2	JDG 11:38
ਪਿੱਟੇ	3	3	3	1	2SA 1:12
ਪਿੱਠ	31	31	16	31	GEN 49:19
ਪਿੱਠਾਂ	1	1	1	1	ZEC 7:11
ਪਿੱਤ	4	4	4	4	DEU 32:32
ਪਿੱਤਲ	159	159	24	167	GEN 4:22
ਪਿੱਤੇ	1	1	1	1	JOB 20:25
ਪਿੱਤ੍ਰਾਂ	2	2	2	0	EXO 12:3
ਪਿੱਪਲ	1	1	1	1	HOS 4:13
ਪਿੱਸੂ	1	1	1	2	1SA 26:20
ਪੀ	49	49	21	49	GEN 24:19
ਪੀ-ਹਹੀਰੋਥ	3	3	2	4	EXO 14:2
ਪੀਂਦਾ	17	17	10	17	GEN 44:5
ਪੀਂਦੀ	2	2	2	1	DEU 11:11
ਪੀਂਦੀਆਂ	1	1	1	3	GEN 30:38
ਪੀਂਦੇ	27	27	18	17	NUM 11:12
ਪੀਂਹਦਾ	2	2	2	1	JDG 16:21
ਪੀਂਹਦੇ	1	1	1	2	LAM 2:16
ਪੀਆ	2	2	2	2	PRO 5:15
ਪੀਆਂ	1	1	1	0	MRK 14:25
ਪੀਈਏ	2	2	2	1	EXO 15:24
ਪੀਏ	1	1	1	1	MAT 24:49
ਪੀਏਂਗਾ	1	1	1	0	MIC 6:15
ਪੀਓ	13	13	10	13	GEN 24:14
ਪੀਓਗੇ	8	8	7	6	DEU 28:39
ਪੀਝਦੇ	1	1	1	0	NEH 13:15
ਪੀਣ	117	117	33	103	GEN 30:38
ਪੀਣਗੀਆਂ	2	2	1	2	OBA 1:16
ਪੀਣਗੇ	11	11	7	11	PSA 75:8
ਪੀਣਾ	12	12	10	14	LEV 10:9
ਪੀਣੀ	3	3	3	2	PRO 31:4
ਪੀਣੇ	1	1	1	0	DAN 1:10
ਪੀਤਾ	45	45	23	47	GEN 24:46
ਪੀਤੀ	9	9	5	9	GEN 9:21
ਪੀਥੋਨ	1	1	1	2	1CH 9:41
ਪੀਨੋਨ	1	1	1	2	1CH 1:52
ਪੀਪਾ	3	3	2	1	EXO 32:20
ਪੀਪੂੰ	2	2	1	2	2KI 23:6
ਪੀਪੇ	1	1	1	1	HAG 2:16
ਪੀਲ	2	2	2	1	SNG 5:15
ਪੀਲਾ	8	8	4	7	EXO 32:20
ਪੀਲੇ	7	7	6	7	LEV 13:36
ਪੀਵਾਂ	5	5	5	5	DEU 2:28
ਪੀਵਾਂਗਾ	4	4	3	6	GEN 24:14
ਪੀਵਾਂਗੇ	8	8	5	7	NUM 20:17
ਪੀਵੀਂ	6	6	3	6	JDG 13:4
ਪੀਵੀਏ	4	4	3	4	ISA 22:13
ਪੀਵੇ	15	15	9	11	EXO 17:6
ਪੀਵੇਂ	4	4	2	4	JER 2:18
ਪੀਵੇਂਗਾ	3	3	3	4	1KI 17:4
ਪੀਵੇਂਗੀ	3	3	2	3	ISA 51:22
ਪੀਵੇਗਾ	7	7	7	7	2KI 18:31
ਪੀਵੋ	1	1	1	2	EZK 34:18
ਪੀਸਿਆ	1	1	1	1	PSA 38:8
ਪੀਸੋਨ	1	1	1	1	GEN 2:11
ਪੀਹ	12	12	8	13	EXO 30:36
ਪੀਹਣ	1	1	1	2	ACT 7:54
ਪੀਹਣਵਾਲੀਆਂ	1	1	1	0	ECC 12:3
ਪੀਹਦੀਆਂ	1	1	1	0	MAT 24:41
ਪੀਹੇ	2	2	1	3	JOB 4:19
ਪੀਹੜੀ	21	21	6	2	PRO 27:24
ਪੀਹੜੀਆਂ	4	4	2	0	MAT 1:17
ਪੀਹੜੀਓਂ	2	2	2	0	PRO 27:24
ਪੀਹੰਦੀਆਂ	1	1	1	0	LUK 17:35
ਪੀੜ	26	26	12	23	GEN 3:16
ਪੀੜਦੇ	1	1	1	2	JOB 24:11
ਪੀੜਾਂ	32	32	13	31	JOB 39:3
ਪੀੜਿਆ	1	1	1	0	LEV 24:2
ਪੀੜੀ	13	13	4	4	DEU 1:35
ਪੀੜੀਆਂ	11	11	2	0	DEU 7:9
ਪੀੜੀਓ	2	2	1	0	PSA 33:11
ਪੀੜੀਓਂ	2	2	2	0	LAM 5:19
ਪੀੜ੍ਹੀ	87	87	19	136	GEN 6:9
ਪੀੜ੍ਹੀਆਂ	44	44	11	59	GEN 10:32
ਪੀੜ੍ਹੀਓ	14	14	1	0	PSA 10:6
ਪੀੜ੍ਹੀਓਂ	23	23	9	45	GEN 9:12
ਪੀੜ੍ਹੇ	1	1	1	1	EXO 1:16
ਪੁਆ	4	4	4	4	NUM 20:26
ਪੁਆਇਆ	2	2	2	1	MAT 27:28
ਪੁਆਈ	2	2	2	1	JOB 39:19
ਪੁਆਈਂ	2	2	1	2	EXO 40:13
ਪੁਆਉਂਦਾ	2	2	2	0	ISA 50:3
ਪੁਆਉਣ	1	1	1	1	2KI 17:17
ਪੁਆਏ	4	4	4	2	GEN 27:15
ਪੁਆਵਾਂਗਾ	3	3	2	2	PSA 132:16
ਪੁਆਵੇ	1	1	1	0	EST 6:9
ਪੁਆਹ	1	1	1	1	JDG 10:1
ਪੁਆੜੇ	1	1	1	0	2SA 24:14
ਪੁਕਾਰ	38	38	16	55	EXO 3:4
ਪੁਕਾਰਕੇ	1	1	1	0	GEN 3:9
ਪੁਕਾਰਦਾ	15	15	8	17	JOB 9:16
ਪੁਕਾਰਦਿਆਂ	1	1	1	0	1CH 15:28
ਪੁਕਾਰਦੀ	6	6	4	7	PSA 42:7
ਪੁਕਾਰਦੀਆਂ	1	1	1	1	PSA 79:6
ਪੁਕਾਰਦੇ	11	11	7	12	1KI 18:26
ਪੁਕਾਰਨ	5	5	4	7	PSA 86:5
ਪੁਕਾਰਨਗੇ	7	7	4	6	JDG 21:22
ਪੁਕਾਰਾਂ	6	6	2	6	JOB 17:14
ਪੁਕਾਰਾਂਗਾ	12	12	4	12	1SA 12:17
ਪੁਕਾਰਾਂਗੇ	1	1	1	1	PSA 80:18
ਪੁਕਾਰਿਆ	46	46	17	50	GEN 22:11
ਪੁਕਾਰਿਆਂ	1	1	1	0	ZEC 7:7
ਪੁਕਾਰੀ	4	4	3	4	GEN 21:12
ਪੁਕਾਰੀਆ	1	1	1	0	JON 1:14
ਪੁਕਾਰੀਆਂ	1	1	1	1	AMO 9:12
ਪੁਕਾਰੇ	2	2	2	3	DEU 28:10
ਪੁਕਾਰੇਂ	1	1	1	1	PRO 2:3
ਪੁਕਾਰੇਂਗਾ	2	2	2	2	JOB 14:15
ਪੁਕਾਰੇਂਗੀ	1	1	1	1	JER 3:4
ਪੁਕਾਰੇਗਾ	4	4	4	6	JOB 27:10
ਪੁਕਾਰੋ	9	9	6	8	1KI 18:24
ਪੁਕਾਰੋਗੇ	1	1	1	1	JER 29:12
ਪੁਖਰਾਜ	2	2	1	5	REV 4:3
ਪੁਘਾਟ	1	1	1	0	JOB 31:40
ਪੁਚਾ	16	16	10	0	GEN 19:16
ਪੁਚਾਇਆ	7	7	7	1	DEU 31:21
ਪੁਚਾਈ	4	4	4	1	EST 2:16
ਪੁਚਾਈਆਂ	1	1	1	0	PSA 45:15
ਪੁਚਾਉਂਦਾ	1	1	1	0	ACT 12:10
ਪੁਚਾਉਂਦੇ	1	1	1	1	JER 23:32
ਪੁਚਾਉਣ	4	4	3	2	PSA 43:3
ਪੁਚਾਉਣਗੇ	3	3	3	1	ISA 57:12
ਪੁਚਾਏ	5	5	5	2	NUM 31:5
ਪੁਚਾਓ	1	1	1	0	REV 18:7
ਪੁਚਾਵਾਂ	1	1	1	0	ISA 66:9
ਪੁਚਾਵਾਂਗਾ	1	1	1	0	ISA 66:12
ਪੁਚਾਵੇ	3	3	3	0	GEN 37:22
ਪੁਚਾਵੇਂ	1	1	1	0	JOB 38:20
ਪੁਚਾਵੇਗਾ	1	1	1	0	DEU 28:36
ਪੁਛ	8	8	3	0	JHN 8:6
ਪੁਛਣ	3	3	1	0	JHN 13:12
ਪੁਛਣਾ	1	1	1	0	JHN 16:19
ਪੁਛਣੀ	1	1	1	0	1CO 14:35
ਪੁਛਦਾ	1	1	1	0	JHN 16:5
ਪੁਛਦੇ	2	2	2	0	PSA 35:11
ਪੁਛਿਆ	1	1	1	0	2SA 18:32
ਪੁਛੋ	1	1	1	1	JHN 9:21
ਪੁਜਕੋਂ	1	1	1	0	NUM 21:29
ਪੁਜਾਰੀ	13	13	8	8	GEN 41:45
ਪੁਜਾਰੀਆਂ	8	8	4	7	GEN 47:22
ਪੁਜਾੜ	4	4	3	0	2KI 19:25
ਪੁਟਵਾਈ	1	1	1	1	2CH 16:14
ਪੁਟਵਾਏ	1	1	1	1	2CH 26:10
ਪੁਟਿਆ	1	1	1	0	MAT 15:13
ਪੁਟੇਂਗੀ	1	1	1	0	EZK 23:34
ਪੁਣ	1	1	1	1	MAT 23:24
ਪੁਣਾ	2	2	2	1	EXO 1:16
ਪੁਣੇ	5	5	4	0	LEV 5:4
ਪੁਤ੍ਰ	6	6	5	0	2SA 9:4
ਪੁਤ੍ਰਰ	1	1	1	0	LUK 5:24
ਪੁਤ੍ਰਾਂ	6	6	4	0	GEN 42:1
ਪੁਦਾਲੇ	1	1	1	0	GEN 35:5
ਪੁਨ	1	1	1	0	EXO 28:38
ਪੁਨਰ	3	3	3	12	JHN 11:25
ਪੁਨਰ-ਉਥਾਨ	2	2	1	1	JHN 2:22
ਪੁਬਲਿਯੁਸ	2	2	1	2	ACT 28:7
ਪੁਮਫ਼ੁਲਿਯਾ	1	1	1	0	ACT 2:10
ਪੁਰ	16	16	7	0	GEN 1:26
ਪੁਰਕਿਯੁਸ	1	1	1	1	ACT 24:27
ਪੁਰਖ	98	98	25	186	LEV 6:29
ਪੁਰਖਾਂ	5	5	2	20	ACT 17:5
ਪੁਰਖਿਆ	1	1	1	0	JHN 6:58
ਪੁਰਖਿਆਂ	3	3	3	385	1CO 10:1
ਪੁਰਖੋ	6	6	1	6	ACT 1:11
ਪੁਰਖੋਂ	1	1	1	0	ACT 27:21
ਪੁਰਬ	2	2	2	0	NUM 23:7
ਪੁਰਸ਼	54	54	18	30	GEN 43:17
ਪੁਰਸ਼ਾਂ	12	12	7	12	EXO 24:11
ਪੁਰਸ਼ਾਰਥ	1	1	1	1	JOB 30:2
ਪੁਰਾਣਾ	9	9	6	7	LEV 13:11
ਪੁਰਾਣਿਆਂ	13	13	9	9	LEV 26:10
ਪੁਰਾਣੀ	10	10	8	12	GEN 18:12
ਪੁਰਾਣੀਆਂ	11	11	8	13	JOS 9:4
ਪੁਰਾਣੇ	35	35	19	57	GEN 24:2
ਪੁਰਾਨੀ	1	1	1	0	EPH 4:22
ਪੁਰੇ	13	13	7	9	GEN 41:6
ਪੁਰੱਖ	1	1	1	0	JOB 3:23
ਪੁਲਟ	3	3	2	1	GEN 11:7
ਪੁਲਰ	4	4	1	0	EZK 34:5
ਪੁਲਾਰ	1	1	1	0	EZK 30:26
ਪੁਲੱਦ	1	1	1	0	ISA 29:16
ਪੁਵਾਈ	1	1	1	0	EST 6:11
ਪੁਸਤਕ	26	26	12	295	EXO 17:14
ਪੁਸਤਕਾਂ	7	7	4	13	MRK 12:24
ਪੁਸ਼ਟ	2	2	1	2	PRO 3:8
ਪੁਸ਼ਾਕ	20	20	6	13	EST 5:1
ਪੁਸ਼ਾਕਾਂ	5	5	3	4	1CH 19:4
ਪੁਸ਼ਾਕੀ	1	1	1	0	1TI 2:9
ਪੁਹਾਰ	1	1	1	0	JER 3:3
ਪੁੜ	7	7	7	7	DEU 24:6
ਪੁੜਪੁੜੀ	3	3	1	3	JDG 4:21
ਪੁੜੀ	1	1	1	1	SNG 1:13
ਪੁੰਗਰ	1	1	1	1	ISA 61:11
ਪੁੰਗਰਦਾ	1	1	1	1	PSA 90:5
ਪੁੰਗਰਨ	1	1	1	1	PSA 65:10
ਪੁੰਗਰਾਵੇਗਾ	1	1	1	1	ISA 61:11
ਪੁੰਝਾਂਗਾ	1	1	1	1	2KI 21:13
ਪੁੰਝੇਗਾ	1	1	1	0	REV 7:17
ਪੁੰਡ	3	3	3	1	JOB 4:11
ਪੁੰਤਿਯੁਸ	3	3	3	3	LUK 3:1
ਪੁੰਤੁਸ	2	2	1	3	ACT 2:9
ਪੁੰਨ	6	6	2	8	ACT 9:36
ਪੁੱਛ	37	37	17	25	GEN 32:29
ਪੁੱਛਣ	29	29	14	44	GEN 25:22
ਪੁੱਛਣਗੇ	5	5	4	5	1SA 10:4
ਪੁੱਛਣਾ	9	9	8	3	DEU 12:30
ਪੁੱਛਦਾ	16	16	14	27	GEN 32:29
ਪੁੱਛਦੀ	1	1	1	1	HOS 4:12
ਪੁੱਛਦੀਆਂ	1	1	1	2	ROM 16:16
ਪੁੱਛਦੇ	17	17	11	25	GEN 24:57
ਪੁੱਛਵਾ	1	1	1	0	2KI 3:7
ਪੁੱਛਾਂ	4	4	4	7	DEU 18:11
ਪੁੱਛਿਆ	160	160	25	229	GEN 24:47
ਪੁੱਛੀ	16	16	8	12	GEN 43:27
ਪੁੱਛੀਂ	1	1	1	1	JER 21:2
ਪੁੱਛੀਆਂ	1	1	1	1	LUK 23:9
ਪੁੱਛੀਏ	5	5	3	5	1KI 22:7
ਪੁੱਛੀਦਾ	2	2	2	0	ISA 8:19
ਪੁੱਛੇ	10	10	9	15	GEN 32:17
ਪੁੱਛੇਗਾ	1	1	1	1	EZK 36:37
ਪੁੱਛੋ	14	14	9	19	DEU 4:32
ਪੁੱਛੋਂ	1	1	1	1	PHP 3:6
ਪੁੱਛੋਗੇ	1	1	1	1	ISA 45:11
ਪੁੱਜ	19	19	12	9	DEU 1:24
ਪੁੱਜਣ	2	2	2	0	EZR 3:8
ਪੁੱਜਣਗੀਆਂ	1	1	1	0	DAN 12:6
ਪੁੱਜਣਗੇ	1	1	1	0	EZK 47:9
ਪੁੱਜਣਾ	2	2	2	0	DEU 1:22
ਪੁੱਜਦੀਆਂ	2	2	2	0	ISA 15:8
ਪੁੱਜਾ	14	14	8	4	GEN 33:3
ਪੁੱਜਾਂ	1	1	1	0	JDG 7:17
ਪੁੱਜਿਆ	18	18	9	7	2KI 6:33
ਪੁੱਜੀ	6	6	6	0	1SA 5:12
ਪੁੱਜੇ	9	9	7	2	GEN 22:9
ਪੁੱਜੜ	3	3	1	0	EZK 6:4
ਪੁੱਜੜੇ	1	1	1	0	JER 33:10
ਪੁੱਟ	25	25	15	25	DEU 7:1
ਪੁੱਟਕੇ	1	1	1	0	EXO 21:33
ਪੁੱਟਣ	5	5	5	4	EXO 7:24
ਪੁੱਟਦਾ	4	4	3	3	PRO 16:27
ਪੁੱਟਾਂ	1	1	1	1	JER 31:28
ਪੁੱਟਾਂਗਾ	3	3	2	3	JER 24:6
ਪੁੱਟਿਆ	28	28	10	26	GEN 13:18
ਪੁੱਟੀ	8	8	6	7	1KI 18:32
ਪੁੱਟੀਆਂ	2	2	1	2	EZK 23:3
ਪੁੱਟੀਦੇ	1	1	1	0	ISA 7:25
ਪੁੱਟੇ	17	17	11	17	GEN 26:15
ਪੁੱਟੋ	1	1	1	0	DEU 23:13
ਪੁੱਠਾ	2	2	1	1	PRO 4:24
ਪੁੱਠੀ	1	1	1	2	PRO 28:6
ਪੁੱਠੀਆਂ	1	1	1	8	1KI 7:33
ਪੁੱਠੇ	7	7	4	4	2SA 2:23
ਪੁੱਤ	4	4	3	0	NEH 11:7
ਪੁੱਤਰ	373	373	21	2903	DEU 13:6
ਪੁੱਤਰਾਂ	53	53	6	536	ISA 1:2
ਪੁੱਤਰੋ	3	3	2	13	JER 3:14
ਪੁੱਤਾਂ	1	1	1	0	ACT 7:16
ਪੁੱਤੋ	1	1	1	0	1SA 2:24
ਪੁੱਤ੍ਰ	2398	2398	48	1	GEN 4:17
ਪੁੱਤ੍ਰਾਂ	465	465	36	0	GEN 6:2
ਪੁੱਤ੍ਰੀ	4	4	2	0	GEN 24:23
ਪੁੱਤ੍ਰੀਆਂ	1	1	1	0	1KI 11:3
ਪੁੱਤ੍ਰੇਲਾਪਣ	1	1	1	0	ROM 9:4
ਪੁੱਤ੍ਰੋ	10	10	8	0	GEN 49:2
ਪੁੱਤ੍ਰੋਂ	2	2	1	0	2SA 16:10
ਪੁੱਰਸ	1	1	1	1	ACT 20:4
ਪੁੱਵਾਹ	2	2	2	2	GEN 46:13
ਪੁੱੜ	1	1	1	0	JDG 9:53
ਪੂਛ	13	13	6	14	LEV 3:9
ਪੂਛਾਂ	5	5	2	1	JDG 15:4
ਪੂਛੋਂ	1	1	1	0	EXO 4:4
ਪੂਜਕ	2	2	2	6	2KI 23:5
ਪੂਜਕਾਂ	1	1	1	3	REV 21:8
ਪੂਜਣ	3	3	1	3	ACT 7:42
ਪੂਜਦੀ	1	1	1	0	ACT 19:27
ਪੂਜਦੇ	1	1	1	1	ACT 17:23
ਪੂਜਾ	82	82	18	107	EXO 20:5
ਪੂਟ	3	3	3	6	GEN 10:6
ਪੂਥੀ	1	1	1	1	1CH 2:53
ਪੂਦਨੇ	1	1	1	0	LUK 11:42
ਪੂਦੀਨੇ	1	1	1	2	MAT 23:23
ਪੂਦੇਸ	1	1	1	1	2TI 4:21
ਪੂਨੀਆਂ	1	1	1	1	NUM 26:23
ਪੂਰ	4	4	3	6	2KI 3:19
ਪੂਰਣ	1	1	1	1	JHN 16:4
ਪੂਰਣਤਾ	1	1	1	0	1CO 13:10
ਪੂਰਨ	13	13	10	7	1CH 29:28
ਪੂਰਨ-ਪੁਰਖਾਂ	1	1	1	0	PSA 37:18
ਪੂਰਨਤਾਈ	3	3	3	1	DEU 17:10
ਪੂਰਨਮਾਸੀ	2	2	2	2	PSA 81:3
ਪੂਰਬ	83	83	18	132	GEN 2:8
ਪੂਰਬੀ	37	37	8	47	NUM 34:10
ਪੂਰਬੀਆਂ	3	3	3	3	GEN 29:1
ਪੂਰਬੋਂ	1	1	1	1	ISA 46:11
ਪੂਰਵਕ	1	1	1	0	1PE 5:2
ਪੂਰਵਜ	1	1	1	0	JHN 4:12
ਪੂਰਵਜਾਂ	2	2	1	0	JHN 6:31
ਪੂਰਾ	270	270	49	324	GEN 18:19
ਪੂਰਿਆ	3	3	1	0	PSA 37:4
ਪੂਰਿਆਂ	28	28	13	8	LEV 22:31
ਪੂਰੀ	123	123	44	207	GEN 4:12
ਪੂਰੀਆਂ	36	36	16	42	LEV 25:18
ਪੂਰੀਮ	5	5	1	9	EST 9:26
ਪੂਰੇ	106	106	33	110	GEN 25:24
ਪੂਲ	4	4	3	4	2KI 15:19
ਪੂਲਾ	2	2	1	4	LEV 23:10
ਪੂਲਿਆਂ	1	1	1	9	JDG 15:5
ਪੂਲੀਆਂ	1	1	1	1	MAT 13:30
ਪੂਲੇ	3	3	2	5	LEV 23:11
ਪੂਲ੍ਹੀਆਂ	1	1	1	0	ZEC 12:6
ਪੂੜਾ	1	1	1	1	EXO 29:23
ਪੂੜੀਆਂ	3	3	2	2	LEV 7:12
ਪੂੜੇ	2	2	1	2	EXO 16:31
ਪੂੰਜੀ	6	6	3	5	GEN 36:6
ਪੂੰਝ	4	4	4	4	2KI 21:13
ਪੂੰਝਦਾ	1	1	1	1	2KI 21:13
ਪੂੰਝੇ	4	4	2	1	LUK 7:44
ਪੂੰਝੇਗਾ	1	1	1	2	REV 21:4
ਪੇਉਂਦ	6	6	1	7	ROM 11:17
ਪੇਓਰ	1	1	1	1	NUM 23:28
ਪੇਚ	1	1	1	0	PRO 5:6
ਪੇਟ	7	7	2	15	JOB 1:21
ਪੇਟੀ	17	17	12	16	EXO 28:4
ਪੇਟੀਆਂ	3	3	2	3	EXO 28:40
ਪੇਟੂ	4	4	2	7	DEU 21:20
ਪੇਟੂਆਂ	1	1	1	1	PRO 28:7
ਪੇਟੋਂ	2	2	1	0	JOB 3:11
ਪੇਮੇਸ਼ੁਰ	1	1	1	0	2SA 22:31
ਪੇਰੀਂ	1	1	1	0	LUK 17:16
ਪੇਲ	2	2	1	0	PSA 51:1
ਪੇਵਾਂ	14	14	12	0	EXO 34:7
ਪੇਸ਼	19	19	15	40	JDG 5:9
ਪੇਸ਼ੀ	1	1	1	1	2TI 4:16
ਪੇਸ਼ੇ	1	1	1	1	REV 18:22
ਪੇੜ	1	1	1	0	JAS 3:12
ਪੇੜਾ	3	3	3	2	NUM 15:21
ਪੇੜੇ	2	2	2	2	NUM 15:20
ਪੈ	186	186	43	171	GEN 9:21
ਪੈਂਡਾ	20	20	12	0	GEN 24:56
ਪੈਂਡਿਆਂ	1	1	1	0	2CO 11:26
ਪੈਂਡੇ	9	9	6	2	EXO 3:18
ਪੈਂਤਾਲੀ	3	3	3	2	GEN 18:28
ਪੈਂਤੀ	6	6	4	5	NUM 1:37
ਪੈਂਤੀਆਂ	4	4	4	4	GEN 11:12
ਪੈਂਤੀਵੇਂ	1	1	1	1	2CH 15:19
ਪੈਂਦਾ	46	46	24	48	GEN 49:17
ਪੈਂਦਿਆਂ	2	2	2	3	JOB 6:17
ਪੈਂਦੀ	24	24	15	28	EXO 5:16
ਪੈਂਦੀਆਂ	4	4	3	3	PSA 34:19
ਪੈਂਦੇ	22	22	16	24	JOB 27:20
ਪੈਂਰਾਂ	1	1	1	0	PRO 19:2
ਪੈਂਹਟ	1	1	1	0	NUM 3:50
ਪੈਂਹਟਾਂ	1	1	1	0	ISA 7:8
ਪੈਕੇ	3	3	2	0	MAT 2:11
ਪੈਛੜ	2	2	2	1	1KI 14:6
ਪੈਣ	31	31	15	26	GEN 19:4
ਪੈਣਗੀਆਂ	8	8	7	8	NUM 14:32
ਪੈਣਗੇ	43	43	18	41	EXO 9:19
ਪੈਣਾ	3	3	2	5	PRO 6:10
ਪੈਣੀ	1	1	1	0	ISA 53:8
ਪੈਦਲ	10	10	8	11	GEN 29:1
ਪੈਦਾ	31	31	15	70	DEU 32:18
ਪੈਦਾਵਰ	2	2	2	0	JER 2:3
ਪੈਦਾਵਾਰ	26	26	16	31	GEN 43:11
ਪੈਦਾਵਾਰੀ	1	1	1	1	1CH 27:27
ਪੈਮਾਨਿਆਂ	1	1	1	1	HAG 2:16
ਪੈਮਾਨੇ	1	1	1	1	HAG 2:16
ਪੈਰ	161	161	35	151	GEN 8:9
ਪੈਰਵਈ	1	1	1	1	DEU 11:6
ਪੈਰਵੀ	1	1	1	1	EXO 11:8
ਪੈਰਾ	1	1	1	0	LAM 3:34
ਪੈਰਾਂ	143	143	36	153	GEN 49:10
ਪੈਰਾਓ	1	1	1	0	ISA 51:1
ਪੈਰੀ	2	2	1	0	JOB 12:17
ਪੈਰੀਂ	27	27	13	23	EXO 12:11
ਪੈਰੇਦਾਰਾਂ	1	1	1	0	JHN 18:12
ਪੈਰੋਂ	4	4	3	4	JOS 5:15
ਪੈਲਈ	1	1	1	0	1SA 14:14
ਪੈਲੀ	71	71	15	35	GEN 3:18
ਪੈਲੀਆਂ	18	18	14	7	LEV 14:53
ਪੈਸਾ	6	6	6	6	PRO 17:16
ਪੈਸਿਆਂ	3	3	3	3	LUK 12:6
ਪੈਸੇ	7	7	7	8	EZR 7:17
ਪੈਹਿਆਂ	1	1	1	1	JDG 5:6
ਪੈੜ	1	1	1	1	LAM 4:18
ਪੋਕਰਥ	1	1	1	0	EZR 2:57
ਪੋਟਾ	2	2	2	1	2KI 22:14
ਪੋਟੀ-ਫਰਾ	1	1	1	0	GEN 41:45
ਪੋਟੀ-ਫ਼ਰਾ	1	1	1	3	GEN 41:50
ਪੋਟੀਫਰਾ	1	1	1	0	GEN 46:20
ਪੋਟੀਫ਼ਰ	2	2	1	3	GEN 37:36
ਪੋਣ	6	6	2	0	2SA 21:10
ਪੋਣੇ	3	3	2	1	2SA 21:16
ਪੋਤਰਾ	2	2	2	8	2SA 9:6
ਪੋਤਰਿਆਂ	1	1	1	2	PRO 13:22
ਪੋਤਰੇ	9	9	5	17	GEN 46:7
ਪੋਤਾ	11	11	6	21	NUM 27:1
ਪੋਤਿਆਂ	2	2	2	3	GEN 21:23
ਪੋਤੀ	1	1	1	0	1CH 1:50
ਪੋਤੀਆਂ	1	1	1	0	GEN 46:7
ਪੋਤੇ	23	23	8	28	GEN 11:31
ਪੋਤ੍ਰਾ	12	12	8	0	EXO 31:2
ਪੋਤ੍ਰਿਆਂ	2	2	2	1	DEU 4:9
ਪੋਤ੍ਰੇ	13	13	7	0	EXO 35:30
ਪੋਤੜਾ	1	1	1	0	JOB 38:9
ਪੋਤੜਿਆਂ	1	1	1	1	EZK 16:4
ਪੋਥੀ	184	184	31	155	GEN 5:1
ਪੋਥੀਆਂ	35	35	10	13	ECC 12:12
ਪੋਨੇ	1	1	1	1	ISA 43:24
ਪੋਰਾਥਾ	1	1	1	1	EST 9:8
ਪੋਲਾ	1	1	1	1	JER 52:21
ਪੋਲੀਆਂ	1	1	1	0	LEV 14:37
ਪੋਸ਼	2	2	2	1	NEH 8:4
ਪੋਸ਼ਾਕ	1	1	1	0	JHN 20:12
ਪੋਸਿਆ	3	3	2	4	ISA 1:2
ਪੋਹਰਿਆਂ	1	1	1	0	2CO 11:27
ਪੋਹਲੀਆਂ	1	1	1	0	JOB 31:40
ਪੋਹੰਦਾ	2	2	2	0	2CO 4:12
ਪੋੜੀ	1	1	1	1	1KI 10:19
ਪੋੜੀਆਂ	1	1	1	0	NEH 3:15
ਪੌ	1	1	1	0	ACT 27:7
ਪੌਂਡ	2	2	1	0	2CH 1:17
ਪੌਖੜ	1	1	1	0	2SA 6:7
ਪੌਡਿਆਂ	2	2	1	2	2CH 9:18
ਪੌਡੇ	1	1	1	0	1KI 10:19
ਪੌਣ	35	35	14	25	JOS 13:22
ਪੌਣਾਂ	5	5	3	4	DAN 7:2
ਪੌਣੇ	1	1	1	3	2CH 9:16
ਪੌਥੀ	6	6	1	0	2CH 16:11
ਪੌਦੇ	1	1	1	0	JAS 1:11
ਪੌਧੇ	1	1	1	0	JHN 19:29
ਪੌਲਾ	2	2	1	2	PSA 60:8
ਪੌਲੁਸ	164	164	15	318	ACT 13:0
ਪੌਹ	3	3	3	0	EXO 14:27
ਪੌੜ	1	1	1	0	ISA 9:5
ਪੌੜੀ	5	5	3	6	GEN 28:12
ਪੌੜੀਆਂ	14	14	7	16	EXO 20:26
ਪ੍ਰ	4	4	2	0	PSA 119:143
ਪ੍ਰਕਾਰ	18	18	8	108	GEN 6:21
ਪ੍ਰਕਾਸ਼	2	2	2	10	DAN 9:17
ਪ੍ਰਕਾਸ਼ਮਾਨ	1	1	1	2	1CO 4:5
ਪ੍ਰਕਾਸ਼ਿਤ	1	1	1	1	JHN 16:14
ਪ੍ਰਗਟ	18	18	9	97	EZR 5:17
ਪ੍ਰਗਟਾਈ	1	1	1	1	JHN 2:11
ਪ੍ਰਗਟਾਉਂਦਾ	1	1	1	0	JHN 8:44
ਪ੍ਰਗਟਿਆ	1	1	1	0	1CO 15:6
ਪ੍ਰਚਾਰ	32	32	8	46	EST 3:14
ਪ੍ਰਚਾਰਕ	7	7	2	6	JHN 8:3
ਪ੍ਰਚਾਰਕਾਂ	2	2	1	1	2PE 2:11
ਪ੍ਰਤਾਪ	5	5	4	18	1CH 22:5
ਪ੍ਰਤਾਪੀ	1	1	1	4	2PE 2:10
ਪ੍ਰਤਿਸ਼ਠਾ	1	1	1	1	JHN 10:22
ਪ੍ਰਤੀ	3	3	2	39	NEH 9:22
ਪ੍ਰਤੀਬਿੰਬ	1	1	1	1	2CO 3:18
ਪ੍ਰਦਰਸ਼ਿਤ	1	1	1	2	1CO 14:24
ਪ੍ਰਦਾਨ	7	7	4	9	1CO 12:10
ਪ੍ਰਦੇਸੀ	2	2	2	0	NUM 19:10
ਪ੍ਰਧਾਨ	12	12	6	312	2SA 6:21
ਪ੍ਰਪੱਕ	1	1	1	0	2PE 1:19
ਪ੍ਰਬਲ	2	2	2	0	2SA 24:4
ਪ੍ਰਬੁ	1	1	1	0	ACT 2:36
ਪ੍ਰਬੰਧ	1	1	1	22	JOB 36:19
ਪ੍ਰਬੰਧਕ	1	1	1	10	EZK 9:1
ਪ੍ਰਭਾਵ	2	2	2	5	1CO 1:26
ਪ੍ਰਭਾਵਾਂ	1	1	1	0	2PE 1:4
ਪ੍ਰਭਾਵਿਤ	1	1	1	3	1TH 2:5
ਪ੍ਰਭੁ	844	844	40	0	GEN 15:2
ਪ੍ਰਭੁਆਂ	4	4	3	0	PSA 136:3
ਪ੍ਰਭੁਓ	2	2	1	0	GEN 19:2
ਪ੍ਰਭੂ	257	257	18	1213	PSA 2:4
ਪ੍ਰਮਾਣ	7	7	3	5	ACT 2:22
ਪ੍ਰਮਾਣਕਤਾ	1	1	1	0	JHN 21:24
ਪ੍ਰਮਾਣਾਂ	1	1	1	1	ACT 1:3
ਪ੍ਰਮੇਸ਼ੁਰ	1	1	1	0	1TH 2:13
ਪ੍ਰਮੇਹ	24	24	1	22	LEV 15:2
ਪ੍ਰਰਾਥਨਾ	1	1	1	0	2CH 6:35
ਪ੍ਰਵਾਨ	4	4	4	2	1CO 11:16
ਪ੍ਰਵਾਹ	3	3	3	0	JOB 9:21
ਪ੍ਰਵੇਸ	1	1	1	0	LUK 24:26
ਪ੍ਰਵੇਸ਼	6	6	2	20	EXO 38:31
ਪ੍ਰਸਤ	1	1	1	0	1PE 4:3
ਪ੍ਰਸ਼ਨ	8	8	5	18	JDG 20:28
ਪ੍ਰਸ਼ਨਾਂ	1	1	1	1	2TI 2:23
ਪ੍ਰਸ਼ੰਸਾ	3	3	1	7	1CO 11:2
ਪ੍ਰਸਾਦ	2	2	1	0	LEV 3:11
ਪ੍ਰਸਿੰਨਤਾ	1	1	1	0	LEV 7:16
ਪ੍ਰਸੰਨ	17	17	6	43	JHN 3:29
ਪ੍ਰਸੰਨਤਾ	4	4	3	4	JHN 15:11
ਪ੍ਰਾਂਤ	1	1	1	2	JHN 7:1
ਪ੍ਰਾਕਰਮ	2	2	1	0	REV 1:6
ਪ੍ਰਾਚੀਨ	3	3	3	37	EZR 4:15
ਪ੍ਰਾਣ	46	46	18	51	GEN 6:17
ਪ੍ਰਾਣਾ	2	2	2	0	2SA 11:11
ਪ੍ਰਾਣਾਂ	25	25	14	24	GEN 44:30
ਪ੍ਰਾਣੀ	65	65	9	59	GEN 2:19
ਪ੍ਰਾਣੀਆਂ	17	17	4	40	GEN 1:20
ਪ੍ਰਾਣੀਓ	1	1	1	1	PSA 150:6
ਪ੍ਰਾਨ	1	1	1	0	DEU 33:2
ਪ੍ਰਾਪਤ	101	101	16	226	GEN 4:1
ਪ੍ਰਾਪਤੀ	7	7	2	6	PRO 3:14
ਪ੍ਰਾਰਥਨਾ	235	235	33	417	1KI 8:28
ਪ੍ਰਾਰਥਨਾਂ	17	17	11	6	PSA 39:12
ਪ੍ਰਾਰਥਨਾਵਾਂ	1	1	1	11	1PE 4:7
ਪ੍ਰਾਸਚਿਤ	73	73	5	128	LEV 1:4
ਪ੍ਰਾਸਚਿੱਤ	2	2	2	9	JOB 33:24
ਪ੍ਰਿਥਵੀ	7	7	5	5	NUM 12:3
ਪ੍ਰਿਯਾ	3	3	1	0	SNG 1:7
ਪ੍ਰਿਯੇ	4	4	1	0	SNG 3:1
ਪ੍ਰਿਸਕਿੱਲਾ	3	3	1	4	ACT 18:2
ਪ੍ਰੀਤ	58	58	16	50	GEN 29:32
ਪ੍ਰੀਤਮ	3	3	1	2	PSA 60:5
ਪ੍ਰੀਤਮਾ	13	13	3	13	SNG 1:9
ਪ੍ਰੀਤਮਾਂ	1	1	1	0	DAN 9:4
ਪ੍ਰੁਭੁ	3	3	1	0	DEU 3:24
ਪ੍ਰੁਭੁਆਂ	2	2	2	0	DEU 10:17
ਪ੍ਰੇਮ	228	228	36	98	GEN 29:20
ਪ੍ਰੇਮੀ	19	19	8	24	DEU 33:12
ਪ੍ਰੇਮੀਆਂ	8	8	5	14	NEH 1:5
ਪ੍ਰੇਮੀਓ	1	1	1	2	PSA 97:10
ਪ੍ਰੇਰਣਾ	2	2	2	1	1CO 16:12
ਪ੍ਰੇਰਨਾ	1	1	1	5	ROM 7:5
ਪ੍ਰੇਰਿਆ	2	2	2	0	1CH 21:1
ਪ੍ਰੇਰਿਤ	2	2	2	3	JHN 13:2
ਪ੍ਰੈਣ	1	1	1	0	ACT 26:14
ਪ੍ਰੋਜਨ	1	1	1	0	DEU 31:21
ਪ੍ਰੋਸ਼	1	1	1	0	NEH 3:25
ਪ੍ਰੌਢ	1	1	1	0	1CO 14:20
ਪ੍ਰੰਤੂ	1	1	1	6	GEN 14:22
ਪ੍ਰੱਤੀ	1	1	1	0	EZR 6:2
ਪ੍ਰੱਭੂ	1	1	1	0	PSA 57:9
ਪੜ	4	4	3	1	JOS 8:34
ਪੜਕੇ	1	1	1	0	1TH 5:27
ਪੜਛਾਵਾਂ	3	3	2	0	2KI 20:9
ਪੜਛਾਵੇਂ	3	3	2	0	2KI 20:10
ਪੜਤਾਲ	7	7	3	5	EZR 4:15
ਪੜਦਾ	31	31	14	14	GEN 20:16
ਪੜਦਾਦਾ	1	1	1	1	JOS 17:3
ਪੜਦਾਦਿਆਂ	1	1	1	1	DAN 11:24
ਪੜਦਿਆਂ	8	8	5	0	EXO 26:2
ਪੜਦੇ	73	73	10	21	EXO 26:1
ਪੜਪੋਤਾ	2	2	2	7	JOS 7:18
ਪੜਪੋਤੇ	1	1	1	3	JOS 7:1
ਪੜਾਉ	6	6	2	1	GEN 42:27
ਪੜਾਉਣ	1	1	1	0	TIT 3:13
ਪੜਾਓ	5	5	4	0	EXO 4:24
ਪੜਿਆ	2	2	2	0	2CH 34:18
ਪੜੀ	2	2	2	0	2CH 34:24
ਪੜੇ	1	1	1	0	DEU 31:11
ਪੜੋ	1	1	1	1	JOL 2:13
ਪੜੋਤਾ	3	3	3	1	NUM 27:1
ਪੜੋਤੇ	1	1	1	0	JER 36:14
ਪੜ੍ਹ	16	16	7	27	2KI 23:2
ਪੜ੍ਹਕੇ	1	1	1	0	EXO 24:7
ਪੜ੍ਹਦਾ	5	5	4	3	NEH 8:3
ਪੜ੍ਹਦੇ	2	2	2	6	JHN 5:39
ਪੜ੍ਹਨ	5	5	5	10	DAN 5:15
ਪੜ੍ਹਨਾ	1	1	1	2	ECC 12:12
ਪੜ੍ਹਾਂਗਾ	1	1	1	1	DAN 5:17
ਪੜ੍ਹਾਈ	1	1	1	1	1TI 4:13
ਪੜ੍ਹਾਉਣ	3	3	3	1	LUK 5:17
ਪੜ੍ਹਿਆ	16	16	7	19	2KI 19:14
ਪੜ੍ਹੀ	8	8	5	9	2KI 5:7
ਪੜ੍ਹੀਆਂ	2	2	1	2	JER 36:8
ਪੜ੍ਹੇ	5	5	4	6	DEU 17:19
ਪੜ੍ਹੇਂ	1	1	1	1	JER 51:61
ਪੜ੍ਹੋ	6	6	4	6	ISA 29:11
ਪੰਖ	3	3	3	1	GEN 1:21
ਪੰਖੇਰੂ	9	9	4	5	GEN 7:14
ਪੰਖੇਰੂਆਂ	1	1	1	1	PSA 50:11
ਪੰਗਤ	4	4	3	1	1SA 20:29
ਪੰਗਤਾਂ	1	1	1	0	MRK 6:39
ਪੰਘਰ	10	10	5	5	PSA 22:14
ਪੰਘਰਦੇ	1	1	1	0	EZK 24:23
ਪੰਘਰਾ	1	1	1	0	EZK 22:20
ਪੰਘਰਾਵਾਂਗਾ	1	1	1	0	EZK 22:20
ਪੰਘਰੋਗੇ	1	1	1	0	EZK 22:21
ਪੰਘਾਰੀ	1	1	1	0	EZK 22:22
ਪੰਘਾਰੇ	1	1	1	0	EZK 22:22
ਪੰਚਾਇਤ	3	3	2	3	LUK 22:66
ਪੰਛੀ	74	74	19	79	GEN 1:20
ਪੰਛੀਆਂ	48	48	20	51	GEN 1:21
ਪੰਜ	224	224	26	241	GEN 5:11
ਪੰਜਕੁ	2	2	2	0	MAT 14:21
ਪੰਜਤਾਲੀ	1	1	1	0	JER 52:30
ਪੰਜਵਾਂ	25	25	6	24	GEN 1:23
ਪੰਜਵੀ	5	5	2	0	2SA 2:23
ਪੰਜਵੀਂ	6	6	2	6	EZK 1:1
ਪੰਜਵੇ	3	3	2	4	2SA 3:4
ਪੰਜਵੇਂ	22	22	12	22	LEV 19:25
ਪੰਜਾਂ	26	26	14	15	GEN 11:32
ਪੰਜਾਲੀ	2	2	2	2	1KI 19:21
ਪੰਜਾਹ	98	98	19	92	GEN 6:15
ਪੰਜਾਹਕੁ	1	1	1	0	MAT 18:28
ਪੰਜਾਹਵਾਂ	1	1	1	1	LEV 25:11
ਪੰਜਾਹਵੇ	1	1	1	0	LEV 25:10
ਪੰਜਾਹਵੇਂ	1	1	1	2	2KI 15:23
ਪੰਜਾਹਾਂ	24	24	10	17	GEN 5:6
ਪੰਜਿਆਂ	2	2	2	2	LEV 11:27
ਪੰਜਿਓਂ	1	1	1	1	PSA 71:4
ਪੰਜੀ	26	26	1	0	EZK 8:16
ਪੰਜੀਵੇਂ	2	2	2	0	JER 52:31
ਪੰਜੇ	6	6	4	6	GEN 8:9
ਪੰਝਤੱਰ	1	1	1	0	EST 9:16
ਪੰਝੀ	6	6	5	0	JDG 20:35
ਪੰਝੀਆਂ	9	9	3	0	NUM 8:24
ਪੰਝੱਤਰ	5	5	3	15	NUM 31:32
ਪੰਡ	1	1	1	1	PSA 38:4
ਪੰਡਤਾਂ	1	1	1	0	ACT 17:18
ਪੰਤਾਲੀ	5	5	3	11	NUM 1:25
ਪੰਤਾਲੀਆਂ	1	1	1	1	1KI 7:3
ਪੰਤੁਸ	1	1	1	0	1PE 1:1
ਪੰਤੇਕੁਸਤ	3	3	2	5	ACT 2:1
ਪੰਥ	11	11	2	12	MAT 23:15
ਪੰਦਰਵਾਂ	2	2	1	0	1CH 24:14
ਪੰਦਰਵੀਂ	5	5	3	5	1KI 12:32
ਪੰਦਰਵੇਂ	8	8	6	12	EXO 16:1
ਪੰਦਰਾ	2	2	2	1	2SA 9:10
ਪੰਦਰਾਂ	21	21	11	20	GEN 5:10
ਪੰਦ੍ਰਾਂ	1	1	1	0	LEV 27:7
ਪੰਧ	1	1	1	0	1KI 19:7
ਪੰਧ੍ਰਵੀ	4	4	1	0	LEV 23:6
ਪੰਨਤਾਲੀ	1	1	1	0	NEH 7:13
ਪੰਨਾ	2	2	2	3	EXO 39:11
ਪੰਨੇ	3	3	2	3	EZK 27:16
ਪੰਫ਼ਲਿਯਾ	1	1	1	0	ACT 14:24
ਪੰਮਫ਼ੁਲਿਯਾ	1	1	1	0	ACT 27:5
ਪੰਵਾ	1	1	1	0	2SA 19:26
ਪੱਕ	18	18	12	8	GEN 40:10
ਪੱਕਣ	1	1	1	0	PSA 129:6
ਪੱਕਦੀਆਂ	1	1	1	1	NAM 3:12
ਪੱਕਾ	71	71	26	79	NUM 21:27
ਪੱਕਿਆ	2	2	2	0	LEV 13:23
ਪੱਕਿਆਂ	10	10	8	7	1SA 23:14
ਪੱਕੀ	27	27	16	28	GEN 41:32
ਪੱਕੀਆਂ	12	12	6	13	LEV 26:22
ਪੱਕੇ	29	29	14	28	LEV 25:29
ਪੱਖ	20	20	17	20	EXO 23:3
ਪੱਖਪਾਤ	3	3	2	29	DEU 16:19
ਪੱਖਵਾਦੀ	2	2	2	1	2CH 19:7
ਪੱਗ	1	1	1	0	EZK 24:17
ਪੱਗਾਂ	4	4	3	0	LEV 8:13
ਪੱਚੀ	1	1	1	36	1KI 4:22
ਪੱਚੀਆਂ	1	1	1	6	2CH 27:8
ਪੱਚੂ	2	2	2	2	1KI 22:34
ਪੱਛਤਾਇਆ	2	2	2	0	JER 31:19
ਪੱਛਤਾਉਂਦਾ	2	2	1	0	JER 15:6
ਪੱਛਤਾਵਾਂਗਾ	3	3	2	0	JER 18:8
ਪੱਛਮ	21	21	8	68	GEN 13:14
ਪੱਛਮੀ	17	17	1	20	EZK 45:7
ਪੱਛੋਂ	1	1	1	0	EXO 10:19
ਪੱਜ	1	1	1	0	JDG 14:4
ਪੱਝਤਰ	1	1	1	0	EZR 7:22
ਪੱਟ	22	22	12	31	GEN 24:2
ਪੱਟਕਾ	1	1	1	1	2SA 20:8
ਪੱਟਕੇ	4	4	2	0	EXO 28:27
ਪੱਟਾਂ	5	5	4	5	EXO 28:42
ਪੱਟਿਆ	1	1	1	0	PSA 9:15
ਪੱਟੀ	11	11	7	11	JOB 5:18
ਪੱਟੀਆਂ	23	23	7	6	EXO 24:12
ਪੱਠ	5	5	1	0	LEV 4:28
ਪੱਠਾ	15	15	3	7	GEN 24:25
ਪੱਠਿਆਂ	3	3	2	3	JOB 6:5
ਪੱਠੇ	7	7	5	7	GEN 30:42
ਪੱਤ	27	27	12	26	GEN 1:11
ਪੱਤਣ	7	7	4	4	GEN 32:22
ਪੱਤਣਾਂ	2	2	2	1	JDG 3:28
ਪੱਤਨੀ	1	1	1	0	RUT 4:10
ਪੱਤਰ	17	17	9	32	2KI 19:14
ਪੱਤਰਾਂ	4	4	3	1	EST 9:25
ਪੱਤਰੀ	7	7	3	17	GEN 5:1
ਪੱਤਰੀਆਂ	1	1	1	2	JER 29:25
ਪੱਤਾ	1	1	1	1	GEN 8:11
ਪੱਤਾਂ	1	1	1	0	MAT 21:19
ਪੱਤਿਆਂ	2	2	1	3	MRK 11:13
ਪੱਤੀ	32	32	4	0	LEV 14:34
ਪੱਤੀਆਂ	2	2	2	1	GEN 34:10
ਪੱਤੀਦਾਰ	3	3	3	0	JDG 11:23
ਪੱਤੇ	17	17	11	20	GEN 3:7
ਪੱਤੋ	9	9	4	0	JOB 32:21
ਪੱਤ੍ਰ	9	9	6	2	EXO 39:3
ਪੱਤ੍ਰਾ	1	1	1	0	EXO 28:36
ਪੱਤ੍ਰੀ	72	72	26	188	GEN 25:12
ਪੱਤ੍ਰੀਆਂ	9	9	2	11	1CH 4:33
ਪੱਤ੍ਰੇ	1	1	1	1	2TI 4:13
ਪੱਥਰ	262	262	35	271	GEN 2:12
ਪੱਥਰਾ	2	2	2	0	DEU 27:4
ਪੱਥਰਾਂ	90	90	28	104	GEN 11:3
ਪੱਥਰਾਓ	1	1	1	0	DEU 17:5
ਪੱਥਰਾਵ	3	3	2	0	JHN 10:32
ਪੱਥਰੇਲੀ	1	1	1	0	NUM 20:8
ਪੱਥੜ	1	1	1	0	EZK 16:6
ਪੱਦਵੀ	1	1	1	0	1CH 17:17
ਪੱਧਰ	1	1	1	2	1CH 19:9
ਪੱਧਰਾ	7	7	3	8	PRO 4:26
ਪੱਧਰਿਆਂ	1	1	1	0	ISA 45:2
ਪੱਧਰੀਆਂ	1	1	1	1	PSA 65:10
ਪੱਧਰੇ	9	9	5	7	DEU 3:5
ਪੱਨਾ	1	1	1	0	EXO 28:18
ਪੱਪੜੀ	1	1	1	1	LEV 14:56
ਪੱਬ	1	1	1	0	DEU 28:56
ਪੱਬਾਂ	1	1	1	1	1CH 28:2
ਪੱਲ	2	2	1	1	LUK 4:5
ਪੱਲਾ	13	13	8	14	RUT 3:9
ਪੱਲਿਆਂ	3	3	2	3	EXO 37:27
ਪੱਲਿਓਂ	1	1	1	0	2CO 6:10
ਪੱਲੀ	1	1	1	0	RUT 1:21
ਪੱਲੂ	2	2	1	5	NUM 26:5
ਪੱਲੂਆਂ	1	1	1	1	NUM 26:5
ਪੱਲੇ	17	17	10	19	EXO 28:33
ਫਕਹ	2	2	2	0	2CH 28:6
ਫਖਰ	3	3	2	0	PSA 105:3
ਫਗੂੜੀ	1	1	1	0	GEN 3:7
ਫਜਰ	7	7	5	0	2KI 10:8
ਫਜਰੇ	1	1	1	0	2KI 10:9
ਫਜ਼ਰ	2	2	2	5	2KI 7:9
ਫਟਕ	2	2	1	1	PRO 20:8
ਫਟਕੇ	1	1	1	0	LUK 22:31
ਫਟਣ	1	1	1	1	EXO 14:27
ਫਟਦਿਆਂ	1	1	1	0	2SA 2:32
ਫਟਦੀਆਂ	1	1	1	0	2SA 17:22
ਫਟੇ	1	1	1	2	JOB 7:4
ਫਟੇਗੀ	1	1	1	1	ISA 8:20
ਫਣੀਅਰ	1	1	1	0	ISA 14:29
ਫਤਰੋਸ	2	2	1	0	EZK 29:14
ਫਤਵਾ	1	1	1	0	JOB 36:17
ਫਤਵੇ	1	1	1	0	PSA 149:9
ਫਤਹ	33	33	18	11	EXO 32:18
ਫਤਹਮੰਦ	1	1	1	0	ISA 41:10
ਫਤਿਹ	3	3	1	0	PSA 98:1
ਫਦਾਯਾਹ	2	2	1	0	1CH 3:18
ਫਨੀਅਰ	2	2	2	3	GEN 49:17
ਫਨੀਹਾਸ	6	6	2	0	1SA 2:34
ਫਨੂਏਲ	2	2	1	2	1CH 4:4
ਫਫਰਮਾਉਂਦਾ	1	1	1	0	2CH 34:26
ਫਬਦਾ	1	1	1	0	1TI 2:10
ਫਰ	2	2	1	0	2KI 5:12
ਫਰਕ	2	2	1	0	EZK 22:26
ਫਰਜ	1	1	1	0	NEH 10:32
ਫਰਜ਼	6	6	3	6	2CH 8:13
ਫਰਜ਼ਾਂ	2	2	2	1	GEN 26:5
ਫਰਮਾਇਆ	3	3	2	0	NUM 14:40
ਫਰਮਾਉਂਦਾ	24	24	9	9	2SA 7:4
ਫਰਮਾਉਦਾ	2	2	1	0	JER 26:4
ਫਰਮਾਨ	7	7	2	0	PSA 2:7
ਫਰਮਾਨਾ	1	1	1	0	PSA 119:15
ਫਰਮਾਨਾਂ	6	6	1	0	PSA 103:18
ਫਰਸ	3	3	2	1	GEN 46:12
ਫਰਸ਼	8	8	4	9	EXO 24:10
ਫਰਸ਼ੀਆਂ	4	4	1	4	1KI 7:30
ਫਰਾਤ	19	19	9	0	GEN 2:14
ਫਰਾਸੀਮ	1	1	1	1	ISA 28:21
ਫਰਿਆਦ	5	5	2	0	DEU 15:9
ਫਰਿਆਦੀ	2	2	1	0	2SA 15:2
ਫਰਿੱਜ਼ੀਆਂ	7	7	4	0	DEU 20:17
ਫਰਿੱਜੀ	1	1	1	0	DEU 7:1
ਫਰਿੱਜੀਆਂ	5	5	3	0	EXO 3:8
ਫਰੀ	2	2	1	1	PSA 35:2
ਫਰੀਆਂ	1	1	1	1	2CH 23:9
ਫਰੀਸੀਆਂ	3	3	2	0	LUK 16:14
ਫਰੇਬ	2	2	2	2	PSA 24:4
ਫਰੇਬੀ	1	1	1	0	ZEP 3:13
ਫਰੋਸ਼	2	2	1	0	EZR 2:3
ਫਲ	249	249	43	325	GEN 1:11
ਫਲ-ਦਾਤਾ	1	1	1	0	HEB 11:6
ਫਲਟ	1	1	1	1	1CH 12:3
ਫਲਟਯਾਹ	2	2	1	0	EZK 11:1
ਫਲਟੀ	1	1	1	1	1SA 25:44
ਫਲਟੀਏਲ	1	1	1	0	2SA 3:15
ਫਲਣ	1	1	1	2	GEN 8:17
ਫਲਣਗੇ	3	3	3	4	ISA 37:31
ਫਲਦਾ	1	1	1	0	MAT 13:23
ਫਲਦਾਇਕ	3	3	2	4	GEN 49:22
ਫਲਦਾਰ	18	18	5	25	GEN 1:11
ਫਲਦੀ	3	3	2	1	PRO 12:12
ਫਲਦੇ	2	2	2	2	PSA 92:7
ਫਲਵੰਤ	7	7	3	9	GEN 17:6
ਫਲਸਤੀਆਂ	1	1	1	0	2SA 1:20
ਫਲਾਂ	21	21	11	30	EXO 23:19
ਫਲਾਂਗੇ	1	1	1	1	GEN 26:22
ਫਲਾਣਿਆ	1	1	1	0	RUT 4:1
ਫਲਾਣੇ	2	2	2	1	2SA 15:2
ਫਲਾਨੀ	2	2	1	0	2KI 6:8
ਫਲਾਯਾਹ	1	1	1	0	1CH 3:24
ਫਲਾਵਾਂਗਾ	1	1	1	1	LEV 26:9
ਫਲਿਆ	6	6	4	3	PSA 92:12
ਫਲਿਸਤ	1	1	1	0	JOL 3:4
ਫਲਿਸਤੀ	71	71	5	0	GEN 10:14
ਫਲਿਸਤੀਆਂ	149	149	12	0	GEN 21:32
ਫਲਿਸਤੀਓ	1	1	1	0	1SA 4:9
ਫਲਿਸਤੀਨ	2	2	2	0	EXO 15:14
ਫਲਿਸਤੀਭੱਜ	1	1	1	0	1SA 14:22
ਫਲੀਆਂ	2	2	2	2	2SA 17:28
ਫਲੀਸਤੀਆਂ	2	2	1	0	2SA 5:17
ਫਲੇ	3	3	3	2	GEN 47:27
ਫਲੇਗਾ	2	2	2	4	EZK 17:23
ਫਲੇਗੋਨ	1	1	1	1	ROM 16:14
ਫਲੇਤੀ	2	2	1	4	2SA 15:18
ਫਲੇਤੀਆਂ	3	3	2	3	2SA 8:18
ਫਲੋ	5	5	2	5	GEN 1:22
ਫਲੋਂ	2	2	2	0	GEN 3:2
ਫਲ੍ਹਾ	1	1	1	1	JOB 41:30
ਫਲ੍ਹਿਆਂ	1	1	1	0	AMO 1:3
ਫਲ੍ਹੇ	1	1	1	1	ISA 41:15
ਫਸ	17	17	10	23	EXO 14:3
ਫਸਣ	1	1	1	2	PRO 3:26
ਫਸਦੰਮੀਮ	1	1	1	1	1CH 11:13
ਫਸਲ	7	7	4	8	DEU 16:9
ਫਸਲਾਂ	1	1	1	0	GEN 47:24
ਫਸਾ	5	5	3	6	PSA 9:16
ਫਸਾਇਆ	1	1	1	1	JOB 19:6
ਫਸਾਈਏ	1	1	1	1	MAT 22:15
ਫਸਾਉਂਦਾ	3	3	3	4	1SA 28:9
ਫਸਾਉਣ	1	1	1	2	MRK 12:13
ਫਸਾਦ	1	1	1	7	EZR 4:19
ਫਸਾਦੀ	2	2	2	2	JER 15:10
ਫਸਾਦੀਆਂ	2	2	2	2	NUM 24:17
ਫਸਿਆ	3	3	2	5	2SA 16:8
ਫਸੀ	1	1	1	1	ISA 32:12
ਫਸੀਲ	2	2	2	0	1KI 4:13
ਫਸੀਲਾਂ	1	1	1	0	PSA 51:18
ਫਸੇ	4	4	4	7	GEN 22:13
ਫਹਥ-ਮੋਆਬ	1	1	1	0	EZR 2:6
ਫ਼ਖ਼ਰ	1	1	1	0	1CH 16:10
ਫ਼ਜਰ	5	5	4	0	JOB 41:18
ਫ਼ਜ਼ਰ	1	1	1	1	JOB 11:17
ਫ਼ਤਵਾ	1	1	1	0	PRO 19:29
ਫ਼ਤਵੇ	1	1	1	1	JOB 36:17
ਫ਼ਤਹ	3	3	2	11	2CO 2:14
ਫ਼ਤੋਰ	1	1	1	0	DEU 23:4
ਫ਼ਨਾ	1	1	1	0	JOB 34:15
ਫ਼ਨੂਏਲ	1	1	1	1	LUK 2:36
ਫ਼ਰਕ	5	5	4	10	DAN 3:27
ਫ਼ਰਜ	1	1	1	1	1TI 6:14
ਫ਼ਰਜ਼	8	8	3	4	NUM 3:7
ਫ਼ਰਤੂਨਾਤੁਸ	1	1	1	0	1CO 16:17
ਫ਼ਰਮਾ	5	5	2	1	EXO 7:16
ਫ਼ਰਮਾਂਉਂਦਾ	1	1	1	0	JER 6:16
ਫ਼ਰਮਾਇਆ	35	35	6	16	EXO 7:22
ਫ਼ਰਮਾਉਂਦਾ	290	290	11	55	EXO 4:22
ਫ਼ਰਮਾਏਗਾ	2	2	2	2	1KI 22:14
ਫ਼ਰਮਾਓ	1	1	1	0	LUK 7:40
ਫ਼ਰਮਾਨ	7	7	6	10	2CH 33:4
ਫ਼ਰਮਾਨਾਂ	12	12	2	18	PSA 119:40
ਫ਼ਰਯਾਦ	2	2	1	0	2CH 14:11
ਫ਼ਰਸ	2	2	1	3	MAT 1:3
ਫ਼ਰਸ਼	5	5	5	3	NUM 5:17
ਫ਼ਰਾਤ	2	2	2	24	DEU 1:7
ਫ਼ਰਿਯਾਦ	1	1	1	0	ROM 11:2
ਫ਼ਰਿੱਜ਼ੀ	1	1	1	7	JOS 24:11
ਫ਼ਰਿੱਜ਼ੀਆਂ	3	3	1	16	JDG 1:4
ਫ਼ਰਿੱਜੀ	3	3	2	0	EXO 33:2
ਫ਼ਰੀਸੀ	34	34	6	41	MAT 9:14
ਫ਼ਰੀਸੀਆਂ	59	59	5	64	MAT 3:7
ਫ਼ਰੀਸੀਓ	6	6	1	9	MAT 23:13
ਫ਼ਰੁਗਿਯਾ	2	2	1	0	ACT 16:6
ਫ਼ਰੂਗਿਯਾ	1	1	1	3	ACT 2:10
ਫ਼ਰੇਬ	2	2	2	2	PSA 119:118
ਫ਼ਲ	14	14	5	5	NUM 13:20
ਫ਼ਲਦਾਇਕ	2	2	2	0	1CO 16:9
ਫ਼ਲਦਾਰ	1	1	1	1	NUM 13:20
ਫ਼ਲਸਫ਼ੀ	1	1	1	0	1CO 1:20
ਫ਼ਲਹੀਣ	1	1	1	0	TIT 3:14
ਫ਼ਲਾਂ	8	8	3	6	LEV 2:12
ਫ਼ਲਾਨੇ	2	2	1	0	1SA 21:2
ਫ਼ਲਿਸਤ	5	5	2	7	PSA 60:8
ਫ਼ਲਿਸਤੀ	11	11	3	83	JDG 14:4
ਫ਼ਲਿਸਤੀਆਂ	32	32	6	210	EXO 13:17
ਫ਼ਲਿਸਤੀਓ	1	1	1	2	ISA 14:29
ਫ਼ਲਿਸਤੀਨ	1	1	1	3	1KI 4:21
ਫ਼ਲੀਸਤੀਆਂ	2	2	1	0	JOS 13:2
ਫ਼ਸਲ	39	39	17	47	GEN 4:12
ਫ਼ਸਲਾਂ	1	1	1	4	JAS 5:18
ਫ਼ਸਾਉਂਦੇ	1	1	1	0	2PE 2:14
ਫ਼ਸਾਉਣ	1	1	1	1	JHN 8:6
ਫ਼ਸਾਵੇ	1	1	1	1	JOB 34:30
ਫ਼ਸੀਲ	3	3	2	0	PSA 122:7
ਫ਼ਸੀਲਦਾਰ	2	2	1	0	PSA 60:9
ਫ਼ਸੀਲਾਂ	1	1	1	0	2KI 10:2
ਫ਼ਾਇਦਾ	4	4	4	1	1CO 8:8
ਫ਼ਾਇਦੇ	1	1	1	0	1CO 11:17
ਫ਼ਾਕਾ	1	1	1	0	ACT 27:33
ਫ਼ਾਟਕ	4	4	3	1	PRO 31:23
ਫ਼ਾਰਤ	1	1	1	0	DEU 11:24
ਫ਼ਾਰਸੀ	1	1	1	6	DAN 6:27
ਫ਼ਾਲ	2	2	2	9	JOS 13:22
ਫ਼ਿਕਰ	3	3	2	5	MRK 4:38
ਫ਼ਿਜ਼ੂਲ	2	2	2	0	TIT 1:10
ਫ਼ਿਰ	29	29	4	25	JHN 1:41
ਫ਼ਿਰਉਨ	1	1	1	0	2KI 23:29
ਫ਼ਿਰਊਨ	249	249	14	284	GEN 37:36
ਫ਼ਿਰਦਾ	2	2	2	2	MAT 12:43
ਫ਼ਿਰਦਿਆਂ	1	1	1	1	ACT 15:41
ਫ਼ਿਰਦੌਸ	2	2	2	1	2CO 12:4
ਫ਼ਿਰਾਊਨ	7	7	2	0	GEN 12:15
ਫ਼ਿਲਦਲਫ਼ੀਏ	2	2	1	3	REV 1:11
ਫ਼ਿਲਿਪੁੱਸ	24	24	2	37	JHN 1:43
ਫ਼ਿਲਿਸਤੀਆਂ	2	2	1	0	GEN 26:1
ਫ਼ਿਲਿੱਪੀ	2	2	2	4	MAT 16:13
ਫ਼ਿਲਿੱਪੁਸ	6	6	4	0	MAT 10:3
ਫ਼ਿਲਿੱਪੈ	4	4	3	8	ACT 16:12
ਫ਼ਿਲੇਤੁਸ	1	1	1	1	2TI 2:17
ਫ਼ਿਹ	1	1	1	0	PSA 74:14
ਫ਼ਿੱਕੀ	1	1	1	0	1PE 3:4
ਫ਼ੀਨਹਾਸ	5	5	4	26	EXO 6:25
ਫ਼ੀਬੀ	1	1	1	1	ROM 16:1
ਫ਼ੁਕਾਰੇ	1	1	1	0	PSA 10:5
ਫ਼ੁਗਿਲੁਸ	1	1	1	1	2TI 1:15
ਫ਼ੁਨੋਨ	2	2	1	0	NUM 33:42
ਫ਼ੁਰਮਾਇਆ	1	1	1	0	MAT 15:4
ਫ਼ੁਸਲਾ	1	1	1	1	PRO 7:21
ਫ਼ੁਸਲਾਉਂਦੇ	1	1	1	0	GAL 4:17
ਫ਼ੁਸਲਾਉਣ	1	1	1	1	PRO 1:10
ਫ਼ੁੱਟਦਾ	1	1	1	0	JAS 3:11
ਫ਼ੁੱਲ	4	4	2	0	JAS 1:10
ਫ਼ੁੱਲਾਂ	1	1	1	0	1PE 1:24
ਫ਼ੂਕ	1	1	1	0	JHN 20:22
ਫ਼ੂਕੀ	1	1	1	1	MAT 13:40
ਫ਼ੇਰ	118	118	14	32	LEV 7:21
ਫ਼ੇਰੀ	1	1	1	0	1TH 2:1
ਫ਼ੇਲਿਕਸ	8	8	1	12	ACT 23:24
ਫ਼ੇਲਿਕੁਸ	1	1	1	0	ACT 24:22
ਫ਼ੇਸਤੁਸ	13	13	1	13	ACT 24:27
ਫ਼ੈਦਾ	2	2	1	0	JOB 15:3
ਫ਼ੈਨੀਕੇ	2	2	1	3	ACT 15:3
ਫ਼ੈਲ	2	2	2	1	JHN 21:23
ਫ਼ੈਲਣੇ	1	1	1	0	2TH 3:1
ਫ਼ੈਲਸੂਫ਼ੀ	1	1	1	0	COL 2:8
ਫ਼ੈਲਾ	2	2	2	0	1TH 3:1
ਫ਼ੈਲਾਉਣ	2	2	1	0	1CO 1:17
ਫ਼ੈਲਾਵੇਂਗਾ	1	1	1	0	JHN 21:18
ਫ਼ੈਲੇ	1	1	1	2	1PE 1:1
ਫ਼ੈਸਲਾ	22	22	11	19	NUM 27:21
ਫ਼ੈਸਲੇ	4	4	4	4	NUM 36:13
ਫ਼ੌਜ	17	17	7	32	DEU 11:4
ਫ਼ੌਜਾਂ	8	8	6	10	2CH 16:4
ਫ਼ੜ	4	4	3	2	JHN 20:17
ਫ਼ੜਕੇ	2	2	1	1	JHN 18:12
ਫ਼ੜਦਾ	1	1	1	0	1CO 3:19
ਫ਼ੜਦੇ	1	1	1	0	JHN 21:7
ਫ਼ੜਨ	3	3	1	3	JHN 7:30
ਫ਼ੜਵਾਇਆ	3	3	1	2	JHN 18:2
ਫ਼ੜਵਾਏਗਾ	3	3	1	3	JHN 13:25
ਫ਼ੜਿਆ	2	2	1	0	2PE 2:15
ਫ਼ੜੀ	5	5	2	2	JHN 8:3
ਫ਼ੜੇ	1	1	1	0	2PE 2:12
ਫਾਂਧੀ	1	1	1	1	PSA 91:3
ਫਾਂਧੀਆਂ	1	1	1	1	JER 5:26
ਫਾਂਸੀ	5	5	3	11	GEN 40:22
ਫਾਕਿਆਂ	3	3	2	0	ACT 27:21
ਫਾਟਕ	263	263	30	279	GEN 22:17
ਫਾਟਕਾ	1	1	1	0	PSA 9:14
ਫਾਟਕਾਂ	89	89	21	96	EXO 20:10
ਫਾਟਕੋ	2	2	1	2	PSA 24:7
ਫਾਟਕੋਂ	1	1	1	1	HEB 13:12
ਫਾਡੀ	1	1	1	0	JER 50:12
ਫਾਥਾ	1	1	1	0	2SA 24:14
ਫਾਥੇ	1	1	1	0	1SA 13:6
ਫਾਨੀਆ	2	2	1	0	PSA 17:14
ਫਾਰਸ	31	31	6	0	RUT 4:12
ਫਾਰਸਿਆਂ	1	1	1	0	EST 1:19
ਫਾਰਸੀ	3	3	3	0	NEH 12:22
ਫਾਰਸੀਆਂ	4	4	1	0	DAN 5:28
ਫਾਰਾਨ	1	1	1	0	DEU 1:1
ਫਾਲ	19	19	9	0	GEN 44:5
ਫਾਲਾਂ	1	1	1	0	1SA 13:21
ਫਾਲਿਆਂ	1	1	1	0	JOL 3:10
ਫਾਲਿਸਤੀ	1	1	1	0	1CH 11:13
ਫਾਲੇ	3	3	3	3	1SA 13:20
ਫਾਸਲਾ	1	1	1	0	GEN 32:16
ਫਾਹ	5	5	3	4	JOB 18:9
ਫਾਹਾ	1	1	1	1	MAT 27:5
ਫਾਹੀ	40	40	17	33	EXO 10:7
ਫਾਹੀਆਂ	3	3	3	3	PSA 11:6
ਫਾਹੇ	5	5	3	3	2SA 17:23
ਫਾੜਦਿਆਂ	1	1	1	0	EZK 22:25
ਫਾੜਨ	1	1	1	0	EZK 22:27
ਫਾੜਿਆ	1	1	1	1	EZK 44:31
ਫਾੜੀਆਂ	1	1	1	1	2KI 4:39
ਫਿਆਰਾਇਆ	1	1	1	0	EST 6:9
ਫਿਕਰ	3	3	3	0	2SA 13:20
ਫਿਟਕਾਰ	15	15	9	13	EXO 22:28
ਫਿਟਕਾਰਣ	1	1	1	2	JOB 3:8
ਫਿਟਕਾਰਦਾ	2	2	2	2	PSA 10:3
ਫਿਟਕਾਰਦਿਆਂ	1	1	1	0	ECC 7:21
ਫਿਟਕਾਰਦੇ	2	2	2	3	PRO 30:11
ਫਿਟਕਾਰਨਗੇ	2	2	2	2	PRO 24:24
ਫਿਟਕਾਰਾਂ	4	4	3	3	NUM 23:8
ਫਿਟਕਾਰਿਆ	5	5	5	5	LEV 20:9
ਫਿਟਕਾਰੀ	1	1	1	0	GEN 9:25
ਫਿਟਕਾਰੂਗਾ	1	1	1	0	JOB 2:5
ਫਿਟਕਾਰੇ	2	2	2	2	EXO 21:17
ਫਿਟਕਾਰੋ	1	1	1	0	ROM 12:14
ਫਿਟੜੀਆਂ	1	1	1	0	PRO 24:8
ਫਿਤੋਮ	1	1	1	1	EXO 1:11
ਫਿਦੋਕ	1	1	1	0	EZK 23:23
ਫਿਰ	190	190	28	747	GEN 8:12
ਫਿਰਊਨ	23	23	7	0	GEN 40:2
ਫਿਰਤ	1	1	1	1	JER 8:5
ਫਿਰਤਾਂ	1	1	1	1	JER 5:6
ਫਿਰਤੂ	5	5	2	5	PSA 95:10
ਫਿਰਤੂਆਂ	3	3	3	1	PSA 101:3
ਫਿਰਦਾ	53	53	21	49	GEN 3:8
ਫਿਰਦਿਆਂ	5	5	3	5	MAT 4:18
ਫਿਰਦੀ	4	4	4	4	GEN 21:14
ਫਿਰਦੀਆਂ	3	3	3	3	EXO 2:5
ਫਿਰਦੇ	49	49	21	51	JOS 5:6
ਫਿਰਨ	19	19	11	20	JOS 18:4
ਫਿਰਨਗੀਆਂ	2	2	2	2	PSA 22:27
ਫਿਰਨਗੇ	11	11	8	9	ISA 40:31
ਫਿਰਨਾ	2	2	2	2	DEU 2:7
ਫਿਰਾ	2	2	2	2	NUM 8:7
ਫਿਰਾਂ	6	6	3	6	JDG 9:9
ਫਿਰਾਂਗਾ	5	5	4	5	1KI 14:10
ਫਿਰਾਇਆ	6	6	6	4	EXO 36:6
ਫਿਰਾਈ	1	1	1	1	1KI 21:12
ਫਿਰਾਓ	1	1	1	1	1KI 21:9
ਫਿਰਾਤੋਨ	1	1	1	1	JDG 12:15
ਫਿਰਾਤੋਨੀ	2	2	1	0	JDG 12:13
ਫਿਰਾਥੋਨੀ	1	1	1	0	1CH 27:14
ਫਿਰਾਮ	1	1	1	0	JOS 10:3
ਫਿਰਾਵਾਂਗਾ	2	2	1	1	EZK 12:15
ਫਿਰਿਆ	15	15	12	12	GEN 41:45
ਫਿਰਿਓ	1	1	1	0	JOS 6:4
ਫਿਰੀ	1	1	1	0	LEV 19:16
ਫਿਰੀਂ	1	1	1	2	PRO 7:25
ਫਿਰੀਏ	1	1	1	1	LAM 3:40
ਫਿਰੇ	17	17	11	11	EXO 21:19
ਫਿਰੇਂ	1	1	1	1	JER 4:1
ਫਿਰੇਂਗਾ	2	2	2	2	GEN 27:40
ਫਿਰੇਂਗੀ	1	1	1	1	JER 31:22
ਫਿਰੇਗਾ	7	7	6	7	1SA 1:11
ਫਿਰੇਗੀ	2	2	2	1	ISA 60:5
ਫਿਰੋ	8	8	7	7	DEU 30:17
ਫਿਰੋਗੇ	1	1	1	1	DEU 28:29
ਫਿਲਸਤੀ	1	1	1	0	1SA 17:49
ਫਿਲਿਪੁੱਸ	5	5	1	3	JHN 6:5
ਫਿਲਿਸਤੀਆਂ	2	2	1	0	GEN 26:8
ਫਿਲਿੱਪੀਆਂ	4	4	1	4	PHP 0:0
ਫਿਲਿੱਪੀਓ	1	1	1	1	PHP 4:15
ਫਿਲਿੱਪੁਸ	1	1	1	0	LUK 3:1
ਫਿਲੁਲੁਗੁਸ	1	1	1	1	ROM 16:15
ਫਿਲੇਮੋਨ	5	5	1	18	PHM 0:0
ਫਿਸਲਣ	1	1	1	1	PSA 73:2
ਫਿੱਕੀ	1	1	1	1	JOB 6:6
ਫਿੱਟ	1	1	1	1	JER 5:28
ਫਿੱਟੀ	1	1	1	0	ISA 34:5
ਫਿੱਸਿਆ	2	2	1	0	LEV 21:20
ਫੀ-ਬਸਥ	1	1	1	0	EZK 30:17
ਫੀਕੋਲ	3	3	1	0	GEN 21:22
ਫੀਤਾ	2	2	2	2	NUM 15:38
ਫੀਨਹਾਸ	13	13	6	0	NUM 31:6
ਫੀਨਾ	1	1	1	1	LEV 21:18
ਫੀਨਿਹਾਸ	1	1	1	0	JDG 20:28
ਫੀਨੋਨ	1	1	1	0	GEN 36:41
ਫੁਟਵਾ	1	1	1	1	ISA 17:11
ਫੁਟਾਵਾਂਗਾ	1	1	1	1	PSA 132:17
ਫੁਰਤ	3	3	2	0	DEU 16:3
ਫੁਰਤੀ	3	3	2	9	PRO 1:16
ਫੁਰਨਾ	1	1	1	0	PSA 49:11
ਫੁਰਨਿਆਂ	2	2	1	0	1CH 28:9
ਫੁਰਮਾਉਂਦਾ	1	1	1	0	1KI 11:31
ਫੁਰਾਟੇ	1	1	1	1	JOB 39:20
ਫੁਲਕਾ	3	3	2	1	NUM 6:19
ਫੁਲਕਿਆਂ	2	2	2	1	LEV 2:4
ਫੁਲਕੇ	5	5	4	4	GEN 18:6
ਫੁਲਾਂ	1	1	1	0	NUM 8:4
ਫੁਲਾਹੁਣੀਆਂ	2	2	1	0	JDG 14:15
ਫੁਲਿਆ	1	1	1	0	HAB 2:4
ਫੁਲੇਲ	2	2	2	0	PRO 27:9
ਫੁਸ	5	5	3	0	PSA 41:7
ਫੁਸਲਾ	2	2	2	4	PRO 16:29
ਫੁਸਲਾਉਂਦਾ	1	1	1	1	PSA 36:2
ਫੁਸਲਾਉਣ	1	1	1	0	GAL 4:18
ਫੁਸਲਾਓ	1	1	1	0	GAL 4:17
ਫੁਸਲਾਵੇ	1	1	1	1	DEU 13:6
ਫੁਸੀਆਂ	1	1	1	0	PRO 26:20
ਫੁਹਾਰ	1	1	1	2	JER 14:22
ਫੁਹਾਰਾ	1	1	1	0	DEU 32:2
ਫੁਹਾਰਾਂ	3	3	2	3	JOB 37:6
ਫੁੰਕੀਆਂ	1	1	1	0	ISA 47:12
ਫੁੰਡਦਾ	1	1	1	0	1SA 20:20
ਫੁੰਡਦੇ	1	1	1	0	JDG 20:16
ਫੁੰਡਿਆ	1	1	1	0	2SA 11:24
ਫੁੱਟ	51	51	20	45	GEN 7:11
ਫੁੱਟਣ	2	2	2	2	PSA 119:147
ਫੁੱਟਦਿਆਂ	1	1	1	0	1SA 29:10
ਫੁੱਟਦੀਆਂ	1	1	1	1	MRK 4:32
ਫੁੱਟਦੇ	4	4	4	4	GEN 26:19
ਫੁੱਟਨ	1	1	1	0	NEH 8:3
ਫੁੱਟਾਂ	4	4	3	1	2KI 12:5
ਫੁੱਟੀ	1	1	1	0	JDG 19:25
ਫੁੱਟੇਗਾ	2	2	2	2	JOB 14:7
ਫੁੱਫੀ	1	1	1	1	EXO 6:20
ਫੁੱਲ	32	32	13	39	GEN 40:10
ਫੁੱਲਦਾ	2	2	1	2	PSA 52:1
ਫੁੱਲਦੇ	3	3	1	4	PSA 49:6
ਫੁੱਲਾਂ	15	15	6	17	EXO 25:33
ਫੁੱਲਿਆ	1	1	1	3	2CO 7:4
ਫੁੱਲੀ	1	1	1	1	EXO 9:31
ਫੁੱਲੀਆਂ	1	1	1	1	PSA 73:7
ਫੁੱਲੇ	3	3	3	2	PSA 12:8
ਫੁੱਲੇਗਾ	1	1	1	1	ISA 27:6
ਫੂਆਹ	2	2	2	2	EXO 1:15
ਫੂਕ	24	24	12	22	EXO 15:10
ਫੂਕਣ	9	9	5	10	NUM 10:3
ਫੂਕਣਗੇ	1	1	1	1	EZK 39:10
ਫੂਕਦਿਆਂ	1	1	1	2	1CH 25:5
ਫੂਕਦੇ	5	5	3	3	1CH 15:28
ਫੂਕਾਂ	1	1	1	1	PSA 27:12
ਫੂਕਿਆ	2	2	2	2	GEN 2:7
ਫੂਕੀ	4	4	3	4	DEU 18:11
ਫੂਕੇ	3	3	2	3	2CH 13:14
ਫੂਕੇਗਾ	1	1	1	1	ZEC 9:14
ਫੂਕੋ	11	11	4	11	NUM 10:7
ਫੂਟ	2	2	1	0	EZK 27:10
ਫੂਟੀ	1	1	1	0	JER 46:9
ਫੂਟੀਏਲ	1	1	1	1	EXO 6:25
ਫੂਰਾਹ	2	2	1	2	JDG 7:10
ਫੂਸ	1	1	1	0	OBA 1:18
ਫੂੰ	4	4	1	0	PSA 10:3
ਫੂੰਕ	1	1	1	0	ACT 19:13
ਫੂੰਕਵਾ	1	1	1	0	1SA 13:3
ਫੂੰਕੀ	1	1	1	0	ISA 47:9
ਫੇਟ	1	1	1	0	PRO 24:8
ਫੇਰ	1503	1503	51	1303	GEN 1:6
ਫੇਰਦਾ	3	3	2	3	JOB 36:7
ਫੇਰਨ	3	3	3	0	1SA 31:9
ਫੇਰਾ	1	1	1	1	1SA 7:16
ਫੇਰਾਂਗਾ	1	1	1	1	ISA 1:25
ਫੇਰਿਆ	5	5	5	2	JOS 7:26
ਫੇਰੀ	4	4	3	4	PSA 55:11
ਫੇਰੀਆਂ	2	2	2	0	JER 14:7
ਫੇਰੀਦਾ	1	1	1	1	ISA 28:27
ਫੇਰੇ	4	4	4	3	NUM 6:26
ਫੇਰੇਗਾ	3	3	3	3	2KI 5:11
ਫੇਰੋ	1	1	1	0	2SA 1:20
ਫੇਵੇਗਾ	1	1	1	0	GEN 3:15
ਫੇਹ	1	1	1	0	JDG 9:53
ਫੇਹਵੇਗਾ	1	1	1	0	PSA 72:4
ਫੈਨੀਕੁਸ	1	1	1	1	ACT 27:12
ਫੈਨੀਕੇ	1	1	1	0	ACT 11:19
ਫੈਲ	2	2	2	30	LUK 5:15
ਫੈਲਣ	1	1	1	5	GEN 8:17
ਫੈਲਦਾ	3	3	1	3	ACT 6:7
ਫੈਲਦੀਆਂ	1	1	1	1	JOB 29:19
ਫੈਲਦੇ	1	1	1	1	EXO 1:12
ਫੈਲਰ	3	3	3	0	ISA 16:8
ਫੈਲਾ	2	2	2	5	DEU 32:11
ਫੈਲਾਇਆ	4	4	3	4	2CH 5:8
ਫੈਲਾਉਂਦਾ	8	8	4	8	JOB 12:23
ਫੈਲਾਉਣ	2	2	2	3	ISA 42:5
ਫੈਲਾਏ	1	1	1	3	LAM 1:17
ਫੈਲਾਓ	20	20	4	19	NUM 34:4
ਫੈਲਿਆ	2	2	2	12	NUM 21:30
ਫੈਲੀ	3	3	3	7	NUM 21:15
ਫੈਲੀਆ	1	1	1	0	NEH 4:19
ਫੈਲੇ	3	3	3	6	NUM 24:6
ਫੈਲੇਂਗੀ	1	1	1	1	ISA 54:3
ਫੈਲੇਗੀ	1	1	1	1	DAN 11:10
ਫੈਲੋ	1	1	1	0	GEN 9:7
ਫੈਸਲਾ	10	10	5	16	DEU 17:9
ਫੈਸਲੇ	3	3	2	3	DEU 17:10
ਫੋਕਟ	7	7	2	6	JOB 11:11
ਫੋਕਟਾਂ	1	1	1	1	JER 14:22
ਫੋਕਰਥ	1	1	1	0	NEH 7:59
ਫੋਕਾ	3	3	2	0	EZK 12:24
ਫੋਕਿਆਂ	1	1	1	0	PSA 31:6
ਫੋਕੀ	4	4	4	2	DEU 32:47
ਫੋਕੀਆਂ	15	15	8	9	DEU 32:21
ਫੋਕੇ	5	5	3	5	JER 2:5
ਫੋਗ	3	3	3	2	PSA 75:8
ਫੋਜ	2	2	2	0	EST 8:11
ਫੋਜੀ	1	1	1	0	2SA 20:8
ਫੋਡਿਆਂ	1	1	1	0	JOB 2:7
ਫੋਰ	1	1	1	0	NUM 16:45
ਫੋਲਦਾ	1	1	1	0	PSA 142:2
ਫੋੜ	1	1	1	0	DEU 12:3
ਫੋੜਾ	3	3	1	2	LEV 13:18
ਫੋੜਾਂਗਾ	1	1	1	0	EZK 6:9
ਫੋੜਿਆਂ	4	4	2	6	DEU 28:27
ਫੋੜੇ	6	6	4	7	LEV 13:19
ਫੌਜ	81	81	16	77	EXO 14:4
ਫੌਜਾਂ	15	15	7	14	1KI 15:20
ਫੌਜੀ	6	6	5	0	2CH 32:6
ਫੜ	172	172	30	64	GEN 8:9
ਫੜਕੇ	1	1	1	0	GEN 19:16
ਫੜਦਾ	5	5	4	3	PRO 27:16
ਫੜਦੀ	3	3	3	1	RUT 3:15
ਫੜਦੇ	9	9	6	0	NEH 4:17
ਫੜਨ	20	20	11	19	DEU 20:19
ਫੜਨਗੀਆਂ	1	1	1	0	ISA 4:1
ਫੜਨਗੇ	4	4	3	0	DEU 28:15
ਫੜਨਾ	3	3	2	4	EZK 19:3
ਫੜਫੜਾਉਂਦੇ	1	1	1	0	ISA 31:5
ਫੜਵਾ	10	10	3	10	MAT 10:4
ਫੜਵਾਇਆ	17	17	4	16	MAT 17:22
ਫੜਵਾਉਂਦਾ	1	1	1	0	LUK 22:48
ਫੜਵਾਉਣ	10	10	4	10	MAT 10:19
ਫੜਵਾਉਣਗੇ	1	1	1	1	LUK 21:16
ਫੜਵਾਏ	3	3	3	3	MRK 1:14
ਫੜਵਾਏਗਾ	6	6	2	5	MAT 10:21
ਫੜਾ	5	5	4	3	DEU 32:30
ਫੜਾਂ	1	1	1	0	EZK 14:5
ਫੜਾਈ	4	4	4	2	2KI 22:10
ਫੜਾਈਆਂ	1	1	1	1	REV 8:2
ਫੜਾਉਂਦਾ	1	1	1	0	DEU 32:11
ਫੜਾਉਣ	1	1	1	0	1CH 12:17
ਫੜਾਉਣਾ	1	1	1	2	OBA 1:14
ਫੜਾਏ	1	1	1	1	REV 15:7
ਫੜਾਗਾਂ	1	1	1	0	SNG 7:8
ਫੜਿਆ	79	79	26	59	GEN 14:14
ਫੜੀ	37	37	19	22	GEN 22:10
ਫੜੀਆਂ	2	2	2	0	JER 46:9
ਫੜੇ	23	23	14	12	DEU 22:28
ਫੜੇਗਾ	6	6	3	0	JOS 7:14
ਫੜੇਗੀ	2	2	2	0	JER 42:16
ਫੜੋ	2	2	2	2	SNG 2:15
ਫੜ੍ਹ	3	3	3	123	JOB 21:6
ਫੜ੍ਹਨ	1	1	1	8	PSA 10:9
ਫੰਡ	1	1	1	0	ISA 14:25
ਫੰਡਾਂਗਾ	4	4	2	4	1KI 12:11
ਫੰਡਿਆ	3	3	2	4	2CH 10:11
ਫੰਡਿਆਂ	2	2	1	0	1KI 12:11
ਫੰਦਾ	4	4	4	10	PSA 69:22
ਫੰਦੇ	8	8	3	12	DEU 7:25
ਫੰਧਾ	4	4	4	1	ISA 24:17
ਫੰਧਿਆਂ	1	1	1	1	PSA 141:9
ਫੰਧੇ	4	4	4	1	2SA 22:6
ਫੰਬਾ	3	3	1	3	JDG 6:37
ਫੰਬੇ	4	4	1	3	JDG 6:37
ਫੱਕਣਾ	8	8	1	8	ECC 1:14
ਫੱਕਦਾ	1	1	1	1	PSA 102:9
ਫੱਟ	15	15	9	15	EXO 21:25
ਫੱਟਾ	1	1	1	1	EZK 43:13
ਫੱਟਾਂ	12	12	6	9	1KI 6:9
ਫੱਟਿਆ	3	3	3	0	LEV 22:24
ਫੱਟਿਆਂ	7	7	2	13	EXO 36:24
ਫੱਟੀ	10	10	2	1	EXO 26:16
ਫੱਟੀਆਂ	34	34	3	41	EXO 26:15
ਫੱਟੇ	25	25	5	40	EXO 36:20
ਫੱਟੜ	19	19	11	15	GEN 4:23
ਫੱਟੜਾਂ	3	3	3	2	GEN 31:39
ਫੱਬਣਗੇ	1	1	1	1	PRO 17:7
ਫੱਬਦਾ	3	3	2	4	PRO 17:7
ਫੱਬਦੀ	2	2	1	1	PSA 33:1
ਫੱਬਦੇ	1	1	1	1	ISA 52:7
ਫੱਬੇ	1	1	1	1	PRO 19:10
ਫੱਲ	1	1	1	0	SNG 6:11
ਫੱਲਾਂ	1	1	1	0	2CH 4:5
ਫੱਲੂ	3	3	3	0	GEN 46:9
ਫੱਸ	2	2	2	1	ISA 28:13
ਫੱਸਿਆ	1	1	1	0	1KI 20:40
ਫੱਸੀਏ	1	1	1	0	ACT 27:17
ਫੱਸੇ	1	1	1	0	ISA 42:22
ਫੱਸੇਗਾ	1	1	1	0	ISA 24:18
ਬਅਨਾਹ	2	2	2	0	1CH 11:30
ਬਅਰਾ	1	1	1	1	1CH 8:8
ਬਅਲ	3	3	1	0	1CH 4:33
ਬਅਲਪਰਾਸੀਮ	1	1	1	0	1CH 14:11
ਬਅਲਯਾਦਾ	1	1	1	1	1CH 14:7
ਬਅਲਯਾਹ	1	1	1	1	1CH 12:5
ਬਅਲਹਰਮੋਨ	1	1	1	0	1CH 5:23
ਬਅਲਹਾਨਾਨ	2	2	1	0	1CH 1:49
ਬਅਲੀਸ	1	1	1	1	JER 40:14
ਬਅਸ਼ਤਰਾਹ	1	1	1	1	JOS 21:27
ਬਅਸੇਯਾਹ	1	1	1	1	1CH 6:40
ਬਆਨਾ	2	2	1	2	1KI 4:12
ਬਆਨਾਹ	6	6	3	10	2SA 4:2
ਬਆਲ	81	81	15	84	NUM 22:41
ਬਆਲ-ਗਾਦ	2	2	1	0	JOS 11:17
ਬਆਲ-ਜਬੂਬ	4	4	1	0	2KI 1:2
ਬਆਲ-ਜ਼ਬੂਲ	1	1	1	0	MRK 3:22
ਬਆਲ-ਸਫ਼ੋਨ	2	2	1	3	EXO 14:2
ਬਆਲ-ਸ਼ਲੀਸ਼ਾਹ	1	1	1	1	2KI 4:42
ਬਆਲ-ਹਰਮੋਨ	1	1	1	2	JDG 3:3
ਬਆਲ-ਹਸੋਰ	1	1	1	1	2SA 13:23
ਬਆਲਜ਼ਬੂਲ	6	6	2	2	MAT 10:25
ਬਆਲਥ-ਬਏਰ	1	1	1	1	JOS 19:8
ਬਆਲਸਫ਼ੋਨ	1	1	1	0	NUM 33:7
ਬਆਲਹ	1	1	1	0	1CH 13:6
ਬਆਲਹਾਨਾਨ	2	2	1	5	GEN 36:38
ਬਆਲਾਂ	13	13	4	11	JDG 2:11
ਬਆਲਾਥ	3	3	3	3	JOS 19:44
ਬਆਲਾਹ	4	4	1	5	JOS 15:9
ਬਆਲੀਮ	4	4	3	3	1SA 7:4
ਬਆਲੇ	1	1	1	1	2SA 6:2
ਬਆਲੋਥ	1	1	1	1	JOS 15:24
ਬਆਸ਼ਾ	28	28	4	29	1KI 15:16
ਬਈ	1	1	1	0	ACT 27:27
ਬਏਰ	5	5	5	2	NUM 21:16
ਬਏਰ-ਏਲੀਮ	1	1	1	1	ISA 15:8
ਬਏਰ-ਲਹਈ-ਰੋਈ	1	1	1	3	GEN 16:14
ਬਏਰ-ਲਹੀ-ਰੋਈ	2	2	1	0	GEN 24:62
ਬਏਰ-ਸ਼ਬਾ	3	3	2	0	JOS 15:28
ਬਏਰਸਥਾ	1	1	1	0	2SA 24:15
ਬਏਰਸਬਾ	14	14	4	0	GEN 21:14
ਬਏਰਸ਼ਥਾ	1	1	1	0	2SA 17:11
ਬਏਰਸ਼ਬਾ	11	11	6	34	1SA 3:20
ਬਏਰਾ	1	1	1	1	1CH 7:37
ਬਏਰਾਹ	1	1	1	1	1CH 5:6
ਬਏਰੀ	1	1	1	0	HOS 1:1
ਬਏਰੋਥ	4	4	3	5	DEU 10:6
ਬਏਰੋਥੀ	1	1	1	0	2SA 23:37
ਬਓਨ	1	1	1	1	NUM 32:3
ਬਓਰ	10	10	6	10	GEN 36:32
ਬਕ	2	2	1	0	MAT 6:7
ਬਕਕੁਬਯਾਹ	1	1	1	0	NEH 12:9
ਬਕਣ	9	9	5	6	PSA 44:16
ਬਕਣਗੇ	1	1	1	0	MRK 3:28
ਬਕਦਾ	6	6	6	4	NUM 15:30
ਬਕਦਿਆਂ	1	1	1	1	LUK 22:65
ਬਕਦੀ	1	1	1	2	ISA 59:3
ਬਕਦੇ	2	2	2	1	ACT 6:11
ਬਕਨ	1	1	1	0	2CH 32:17
ਬਕਬੁਕਯਾਹ	2	2	1	3	NEH 11:17
ਬਕਬੂਕ	1	1	1	2	NEH 7:53
ਬਕਬੂਬ	1	1	1	0	EZR 2:51
ਬਕਬੱਕਰ	1	1	1	1	1CH 9:15
ਬਕਰ	6	6	3	4	GEN 46:21
ਬਕਰਯਾਹ	1	1	1	1	MAT 23:35
ਬਕਰਿਆਂ	2	2	1	0	EXO 26:14
ਬਕਰੀ	1	1	1	0	GEN 27:9
ਬਕਰੀਆਂ	2	2	2	0	NUM 26:35
ਬਕਰੇ	2	2	2	0	GEN 31:12
ਬਕਵਾਉਣ	1	1	1	0	ACT 26:11
ਬਕਵਾਦੀ	2	2	2	2	PSA 140:11
ਬਕਵਾਸ	3	3	3	1	JOB 15:3
ਬਕਵਾਸੀ	4	4	2	3	JOB 11:2
ਬਕਿਆ	15	15	8	9	LEV 24:11
ਬਕੀਆ	36	36	16	12	GEN 45:7
ਬਕੀਏ	42	42	18	19	EXO 10:5
ਬਕੇ	5	5	5	3	JOB 15:3
ਬਕੇਗਾ	1	1	1	1	PSA 74:10
ਬਕੋਰਥ	1	1	1	1	1SA 9:1
ਬਖਸ਼	14	14	7	9	2SA 9:9
ਬਖਸ਼ਣਹਾਰ	1	1	1	0	NUM 14:18
ਬਖਸ਼ਦਾ	6	6	3	3	2SA 8:6
ਬਖਸ਼ਾਂਗਾ	1	1	1	0	LEV 26:6
ਬਖਸ਼ਿਆ	7	7	7	4	NUM 14:19
ਬਖਸ਼ੀ	4	4	2	1	1KI 20:31
ਬਖਸ਼ੀਸ਼	3	3	2	2	RUT 4:13
ਬਖਸ਼ੇ	7	7	6	1	EZR 9:8
ਬਖਸ਼ੇਂ	1	1	1	0	1CH 29:12
ਬਖਸ਼ੇਗਾ	2	2	1	0	PSA 29:11
ਬਖਸ਼ੋਂਗੇ	1	1	1	0	JHN 20:23
ਬਖ਼ਸ਼	10	10	9	9	JDG 21:22
ਬਖ਼ਸ਼ਣ	1	1	1	0	EXO 34:7
ਬਖ਼ਸ਼ਣਗੇ	1	1	1	1	EZK 47:9
ਬਖ਼ਸ਼ਦਾ	1	1	1	5	JOB 35:10
ਬਖ਼ਸ਼ਾਂਗਾ	9	9	3	10	1CH 22:9
ਬਖ਼ਸ਼ਿਆ	10	10	9	10	JDG 15:18
ਬਖ਼ਸ਼ਿਆਂ	1	1	1	0	2CH 20:30
ਬਖ਼ਸ਼ੀ	11	11	9	12	GEN 39:5
ਬਖ਼ਸ਼ੀਆਂ	1	1	1	1	NEH 9:22
ਬਖ਼ਸ਼ੀਸ਼	6	6	2	0	ROM 5:15
ਬਖ਼ਸ਼ੇ	6	6	5	11	GEN 33:5
ਬਖ਼ਸ਼ੇਗਾ	2	2	2	3	EXO 23:21
ਬਖ਼ੂਰ	1	1	1	0	EZK 8:11
ਬਖਾਨ	1	1	1	0	PRO 15:2
ਬਖੇਰਾਂਗਾ	1	1	1	1	EZK 20:23
ਬਖੇੜਾ	2	2	1	0	PRO 3:30
ਬਗਲ	1	1	1	1	PSA 74:11
ਬਗਲਾ	3	3	3	2	LEV 11:19
ਬਗਲਾਂ	2	2	2	3	PSA 94:3
ਬਗ਼ੀਚਿਆਂ	1	1	1	1	SNG 1:14
ਬਗਾਨਾ	1	1	1	0	PSA 69:8
ਬਗਾਰ	4	4	1	2	JDG 1:28
ਬਗਾਵਤ	7	7	4	7	1SA 15:23
ਬਗਿਆਈ	1	1	1	0	GEN 30:37
ਬਗੀ	2	2	1	0	LEV 13:2
ਬਗੀਚੇ	1	1	1	2	ECC 2:5
ਬਗੈਰ	4	4	2	1	JHN 15:5
ਬਘਿਆੜ	10	10	8	10	GEN 49:27
ਬਘਿਆੜਾਂ	2	2	2	3	MAT 10:16
ਬਚ	98	98	34	118	GEN 7:23
ਬਚਣ	4	4	4	8	PRO 20:3
ਬਚਣਗੇ	2	2	2	2	EZK 14:16
ਬਚਣਾ	1	1	1	2	1PE 4:18
ਬਚਤ	1	1	1	2	EXO 29:34
ਬਚਦਾ	3	3	3	5	JOL 2:3
ਬਚਦੇ	1	1	1	0	1CO 15:2
ਬਚਨ	640	640	49	769	GEN 4:23
ਬਚਨਾ	1	1	1	0	JOB 22:22
ਬਚਨਾਂ	33	33	15	51	JOS 21:45
ਬਚਪਣੇ	1	1	1	0	PRO 29:21
ਬਚਪਨੇ	1	1	1	0	1CO 13:11
ਬਚਾ	106	106	34	124	GEN 37:22
ਬਚਾਂਗਾ	1	1	1	1	JER 17:14
ਬਚਾਂਗੇ	3	3	3	4	2SA 15:14
ਬਚਾਂਵਾ	1	1	1	1	ROM 11:14
ਬਚਾਇਆ	63	63	23	64	GEN 37:21
ਬਚਾਈ	9	9	7	10	DEU 33:29
ਬਚਾਈਆਂ	1	1	1	2	GEN 47:25
ਬਚਾਉ	12	12	11	10	GEN 45:7
ਬਚਾਉਂਦਾ	17	17	11	18	1SA 17:47
ਬਚਾਉਣ	50	50	24	53	GEN 45:5
ਬਚਾਉਣਾ	1	1	1	4	JDG 6:31
ਬਚਾਉਣੀ	5	5	3	5	MAT 16:25
ਬਚਾਉਦਾ	1	1	1	0	PSA 36:6
ਬਚਾਊ	1	1	1	0	PSA 140:7
ਬਚਾਏ	15	15	10	22	NUM 10:9
ਬਚਾਏਗਾ	1	1	1	0	JOB 20:20
ਬਚਾਓ	73	73	14	73	JOS 10:6
ਬਚਾਓਗੀਆਂ	1	1	1	1	EZK 13:18
ਬਚਾਕੇ	1	1	1	0	JAS 5:3
ਬਚਾਵਾਂ	5	5	4	4	JDG 6:15
ਬਚਾਵਾਂਗਾ	14	14	8	14	JDG 7:7
ਬਚਾਵੇ	11	11	8	12	1SA 7:8
ਬਚਾਵੇਂ	2	2	2	2	1SA 19:11
ਬਚਾਵੇਂਗਾ	6	6	5	6	2SA 22:28
ਬਚਾਵੇਗਾ	28	28	14	27	1SA 4:8
ਬਚਾਵੇਗੀ	1	1	1	1	PSA 44:6
ਬਚਿਆ	21	21	14	25	GEN 45:7
ਬਚਿਆਂ	27	27	14	11	NUM 24:19
ਬਚਿਓ	1	1	1	0	JHN 13:33
ਬਚੀ	3	3	2	4	NUM 5:19
ਬਚੀਆਂ	4	4	4	4	JDG 21:14
ਬਚੀਏ	1	1	1	0	ISA 20:6
ਬਚੁਨ	1	1	1	0	2SA 22:42
ਬਚੇ	35	35	16	82	EXO 16:23
ਬਚੇਂਗਾ	2	2	2	2	2KI 20:1
ਬਚੇਗਾ	12	12	6	16	2SA 1:10
ਬਚੱਤ	1	1	1	0	ZEP 2:9
ਬਜਵਾ	1	1	1	0	MAT 6:2
ਬਜ਼ਕ	6	6	2	8	JDG 1:4
ਬਜ਼ਾਰ	6	6	4	5	JOB 18:17
ਬਜ਼ਾਰਾਂ	7	7	6	9	PSA 55:11
ਬਜ਼ੁਗਾਂ	1	1	1	0	ACT 20:17
ਬਜ਼ੁਰਗ	71	71	27	108	GEN 50:7
ਬਜ਼ੁਰਗਾ	3	3	3	0	DEU 27:1
ਬਜ਼ੁਰਗਾਂ	104	104	28	155	EXO 3:16
ਬਜ਼ੁਰਗੀ	9	9	4	8	2SA 22:47
ਬਜਾਇ	2	2	2	1	JHN 12:5
ਬਜਾਇਆ	1	1	1	0	1CO 14:7
ਬਜਾਈ	1	1	1	0	LUK 7:32
ਬਜਾਉਂਦੇ	1	1	1	0	GEN 4:21
ਬਜਾਉਣ	4	4	4	0	2CH 34:12
ਬਜਾਏ	2	2	1	7	JHN 10:1
ਬਜਾਰ	1	1	1	2	MAT 20:3
ਬਜਾਰਾਂ	2	2	2	0	MAT 11:16
ਬਜਾਰੋਂ	1	1	1	1	MRK 7:4
ਬਜੁਰਗ	6	6	3	0	DEU 21:2
ਬਜੁਰਗਾਂ	16	16	8	0	JOS 23:2
ਬਜੁਰਗੋ	1	1	1	0	ACT 4:8
ਬਝੇ	2	2	2	1	JER 13:11
ਬਟ	1	1	1	0	ISA 9:5
ਬਟਨ	1	1	1	1	JOS 19:25
ਬਟਰ	2	2	2	0	2SA 8:8
ਬਟਵਾਰਾ	1	1	1	4	1CO 1:10
ਬਟਵਾਰੇ	3	3	2	0	1CO 11:18
ਬਟੂਆ	2	2	1	4	LUK 10:4
ਬਟੂਏ	2	2	1	2	LUK 12:33
ਬਟੇਰਿਆਂ	1	1	1	1	NUM 11:32
ਬਟੇਰੇ	2	2	2	4	EXO 16:13
ਬਟੋਨੀਮ	1	1	1	1	JOS 13:26
ਬਠਾਲਣ	1	1	1	0	1CH 12:31
ਬਡੀ	1	1	1	0	2SA 20:6
ਬਣ	215	215	42	203	GEN 19:9
ਬਣਇਆ	1	1	1	0	JAS 2:25
ਬਣਕੇ	2	2	1	0	LEV 19:16
ਬਣਚਰ	1	1	1	0	PSA 104:20
ਬਣਜ	3	3	3	1	GEN 34:10
ਬਣਤ	11	11	4	8	EXO 28:15
ਬਣਦਾ	7	7	6	6	JOB 41:26
ਬਣਦੀ	3	3	3	2	ACT 9:31
ਬਣਦੀਆਂ	1	1	1	0	1CO 11:17
ਬਣਦੇ	4	4	4	5	JOS 24:22
ਬਣਨ	28	28	14	25	GEN 16:3
ਬਣਨਗੀਆਂ	1	1	1	1	EZK 34:22
ਬਣਨਗੇ	7	7	5	7	2KI 20:18
ਬਣਨਾ	9	9	8	14	LEV 11:44
ਬਣਵਾ	1	1	1	3	ACT 19:24
ਬਣਵਾਇਆ	5	5	4	11	LEV 21:9
ਬਣਵਾਈ	6	6	4	6	JDG 3:16
ਬਣਵਾਈਆਂ	6	6	2	7	1KI 14:26
ਬਣਵਾਏ	2	2	1	3	2CH 14:6
ਬਣਵਾਓ	1	1	1	1	EXO 5:8
ਬਣਵਾਕੇ	1	1	1	0	2CH 6:13
ਬਣਾ	214	214	41	268	GEN 6:14
ਬਣਾਂ	6	6	3	5	1SA 12:23
ਬਣਾਂਗਾ	10	10	6	9	LEV 17:10
ਬਣਾਂਗੇ	3	3	3	2	GEN 34:16
ਬਣਾਂਵਾ	1	1	1	1	ROM 11:14
ਬਣਾਇਆ	395	395	43	404	GEN 1:7
ਬਣਾਇਆਂ	2	2	2	0	2KI 17:29
ਬਣਾਇਓ	4	4	1	7	EXO 25:9
ਬਣਾਈ	80	80	26	108	GEN 2:22
ਬਣਾਈਂ	85	85	2	87	GEN 6:14
ਬਣਾਈਆਂ	70	70	17	73	GEN 1:16
ਬਣਾਈਏ	16	16	10	15	GEN 1:26
ਬਣਾਈਦਾ	1	1	1	1	PRO 24:3
ਬਣਾਉ	3	3	3	0	1CO 3:18
ਬਣਾਉਂਦਾ	59	59	23	62	EXO 4:11
ਬਣਾਉਂਦਿਆਂ	1	1	1	0	LUK 6:48
ਬਣਾਉਂਦੀ	10	10	6	10	1KI 14:6
ਬਣਾਉਂਦੀਆਂ	5	5	5	3	PSA 104:17
ਬਣਾਉਂਦੇ	34	34	19	35	EXO 5:8
ਬਣਾਉਟ	2	2	2	0	NUM 8:4
ਬਣਾਉਣ	93	93	23	107	GEN 6:6
ਬਣਾਉਣਗੇ	12	12	6	11	ISA 2:4
ਬਣਾਉਣਾ	9	9	5	23	LEV 11:43
ਬਣਾਉਣੀਆਂ	1	1	1	1	LEV 19:4
ਬਣਾਉਣੇ	1	1	1	0	1KI 9:19
ਬਣਾਏ	151	151	27	157	GEN 1:16
ਬਣਾਏਂਗਾ	1	1	1	1	ISA 41:15
ਬਣਾਏਗਾ	2	2	2	2	2SA 7:11
ਬਣਾਓ	41	41	21	33	GEN 34:10
ਬਣਾਓਗੇ	6	6	3	4	DEU 16:21
ਬਣਾਕੇ	7	7	6	0	GEN 3:21
ਬਣਾਗਾਂ	1	1	1	0	1KI 1:5
ਬਣਾਵਾਂ	21	21	14	19	GEN 12:19
ਬਣਾਵਾਂਗਾ	82	82	27	77	GEN 2:18
ਬਣਾਵਾਂਗੇ	5	5	4	6	NUM 32:16
ਬਣਾਵਾਵੇਗਾ	1	1	1	0	1SA 8:12
ਬਣਾਵੀ	1	1	1	0	DEU 22:8
ਬਣਾਵੀਂ	1	1	1	2	HEB 8:5
ਬਣਾਵੇ	28	28	16	34	GEN 28:3
ਬਣਾਵੇਂ	6	6	5	5	DEU 21:11
ਬਣਾਵੇਂਗਾ	8	8	6	10	EXO 30:37
ਬਣਾਵੇਗਾ	26	26	16	24	DEU 28:59
ਬਣਾਵੇਗੀ	1	1	1	1	1KI 14:5
ਬਣਾਵੋ	2	2	2	1	EXO 20:25
ਬਣਿਆ	105	105	37	127	GEN 21:20
ਬਣੀ	31	31	20	39	LEV 13:48
ਬਣੀਂ	1	1	1	1	PRO 22:24
ਬਣੀਆ	1	1	1	0	RUT 1:21
ਬਣੀਆਂ	9	9	3	10	EZK 23:3
ਬਣੀਏ	3	3	3	5	2CO 5:21
ਬਣੇ	63	63	26	74	LEV 15:27
ਬਣੇਂ	6	6	5	4	JDG 11:8
ਬਣੇਂਗਾ	6	6	4	6	1SA 24:20
ਬਣੇਗਾ	17	17	10	14	GEN 37:20
ਬਣੇਗੀ	2	2	2	0	LEV 24:9
ਬਣੋ	33	33	17	40	DEU 10:16
ਬਣੋਗੇ	3	3	3	3	LEV 26:12
ਬਤ	1	1	1	1	2CH 4:5
ਬਤਾਲੀ	9	9	5	8	NUM 35:6
ਬਤਾਲੀਆਂ	2	2	1	2	REV 11:2
ਬਤੀਤ	2	2	2	6	1CO 7:35
ਬਤੀਵੇਂ	1	1	1	0	NEH 13:6
ਬਤੌਰੀ	1	1	1	2	DEU 14:15
ਬਥ	7	7	1	7	EZK 45:10
ਬਥ-ਰੱਬੀਮ	1	1	1	1	SNG 7:4
ਬਥ-ਸਬਾ	1	1	1	0	1KI 1:31
ਬਥ-ਸ਼ਬਾ	9	9	2	12	2SA 11:3
ਬਥਰ	1	1	1	1	SNG 2:17
ਬਥਸ਼ੂਆ	1	1	1	1	1CH 3:5
ਬਥੂਏਲ	10	10	2	10	GEN 22:22
ਬਥੂਲ	1	1	1	1	JOS 19:4
ਬਥੇਰਾ	4	4	4	6	GEN 24:25
ਬਥੇਰਿਆਂ	2	2	1	1	MAT 15:30
ਬਥੇਰੀ	2	2	1	1	2CO 2:6
ਬਥੇਰੀਆਂ	8	8	6	3	PRO 31:29
ਬਥੇਰੇ	23	23	10	13	1SA 25:10
ਬਦ	19	19	11	1	GEN 38:7
ਬਦਕਾਰ	5	5	2	4	PSA 36:12
ਬਦਕਾਰਾਂ	6	6	2	7	PSA 5:5
ਬਦਕਾਰੀ	11	11	8	5	NUM 5:13
ਬਦਕਾਰੀਆਂ	2	2	2	0	EZR 9:6
ਬਦਕਾਰੋ	1	1	1	1	PSA 119:115
ਬਦਗੁਮਾਨੀਆਂ	1	1	1	0	1TI 6:4
ਬਦਦ	2	2	2	2	GEN 36:35
ਬਦਨ	5	5	1	1	GEN 17:11
ਬਦਨਾਮ	5	5	2	8	LEV 18:21
ਬਦਨਾਮੀ	11	11	9	14	GEN 30:23
ਬਦਨੀਤੀ	1	1	1	1	ROM 1:29
ਬਦਪਰਹੇਜ਼ੀ	1	1	1	0	MAT 23:25
ਬਦਬੂਦਾਰ	1	1	1	1	ISA 19:6
ਬਦਮਸਤ	1	1	1	1	1TH 5:7
ਬਦਮਸਤੀਆਂ	2	2	2	1	ROM 13:13
ਬਦਮਾਸ਼	1	1	1	0	NAM 1:15
ਬਦਮਾਸ਼ੀ	1	1	1	0	ACT 18:14
ਬਦਰਾਹੀ	1	1	1	0	1JN 4:6
ਬਦਲ	52	52	26	60	GEN 35:2
ਬਦਲਣ	4	4	4	5	EZR 6:12
ਬਦਲਣਾ	1	1	1	2	HEB 7:12
ਬਦਲਣੇ	1	1	1	1	1SA 21:6
ਬਦਲਦਾ	3	3	2	4	DAN 2:21
ਬਦਲਦੀ	1	1	1	1	JOB 30:18
ਬਦਲਦੇ	4	4	4	6	DAN 6:12
ਬਦਲਾ	141	141	27	188	GEN 4:15
ਬਦਲਾਂ	3	3	3	0	1SA 24:12
ਬਦਲਾਂਗਾ	2	2	2	1	JOB 9:27
ਬਦਲਿਆ	2	2	2	5	GEN 31:41
ਬਦਲੀ	6	6	5	4	GEN 31:7
ਬਦਲੇ	75	75	30	103	GEN 29:27
ਬਦਲੇਗਾ	1	1	1	1	HEB 7:22
ਬਦਲੇਗੀ	1	1	1	0	JHN 16:20
ਬਦਾਨ	2	2	2	3	1SA 12:11
ਬਦਾਮ	11	11	5	11	GEN 30:37
ਬਦੀ	279	279	40	229	LEV 18:25
ਬਦੀਆਂ	39	39	13	40	LEV 16:21
ਬਦੂਹ	1	1	1	1	JER 32:4
ਬਦੇਸ਼ੀਆਂ	1	1	1	0	EZK 28:7
ਬਦੋ	4	4	4	0	EST 1:8
ਬਦੋ-ਬਦੀ	1	1	1	2	JHN 6:15
ਬਦੋਬਦੀ	2	2	2	0	EZR 4:23
ਬਦੱਲਾਂ	1	1	1	0	EZK 1:28
ਬਧੇਜ	1	1	1	0	LAM 3:49
ਬਨ	10	10	6	3	JOS 15:8
ਬਨ-ਓਨੀ	1	1	1	1	GEN 35:18
ਬਨ-ਦਕਰ	1	1	1	1	1KI 4:9
ਬਨ-ਹਦਦ	22	22	3	25	1KI 15:18
ਬਨ-ਹਸਦ	1	1	1	1	1KI 4:10
ਬਨ-ਹਿੰਨੋਮ	5	5	1	6	JER 7:31
ਬਨਜ਼ੋਹੇਥ	1	1	1	0	1CH 4:20
ਬਨਣਾ	1	1	1	0	1CO 16:13
ਬਨਦੇ	1	1	1	0	1CO 8:12
ਬਨਰੀ	6	6	1	0	SNG 4:8
ਬਨਹਯਿਲ	1	1	1	1	2CH 17:7
ਬਨਹਾਨਾਨ	1	1	1	0	1CH 4:20
ਬਨਹੂਰ	1	1	1	1	1KI 4:8
ਬਨਾਉਂਦਾ	3	3	1	0	1CO 9:19
ਬਨਾਉਟ	3	3	1	0	EZK 1:16
ਬਨਾਉਣ	10	10	5	0	EXO 38:31
ਬਨਾਉਣਗੀਆਂ	1	1	1	0	2PE 1:8
ਬਨਾਉਣਾ	3	3	3	0	JHN 6:15
ਬਨਾਉਣੀ	2	2	1	0	1CO 9:14
ਬਨਾਓ	2	2	2	0	LUK 16:9
ਬਨਾਯਾਹ	41	41	6	42	2SA 8:18
ਬਨਾਵਟ	2	2	1	0	PSA 115:4
ਬਨੀ	2	2	2	1	2KI 23:10
ਬਨੀਆ	1	1	1	0	HOS 12:7
ਬਨੀਨੂ	1	1	1	1	NEH 10:13
ਬਨੇ-ਬਰਕ	1	1	1	1	JOS 19:45
ਬਨੇ-ਯਆਕਾਨ	2	2	1	2	NUM 33:31
ਬਨੇਥ	1	1	1	0	2SA 21:16
ਬਨੇਰਾ	1	1	1	1	DEU 22:8
ਬਨੇਰੀ	10	10	1	10	EXO 25:11
ਬਨੋ	2	2	1	2	1CH 24:26
ਬਨੋਥ	1	1	1	1	2KI 17:30
ਬਨ੍ਹ	1	1	1	0	1KI 18:46
ਬਨ੍ਹਿਆ	1	1	1	0	NEH 9:8
ਬਪਤਿਸਮਾ	102	102	10	108	MAT 3:1
ਬਪਤਿਸਮੇ	3	3	2	9	MRK 1:4
ਬਪਾਰੀਆਂ	3	3	2	0	GEN 23:16
ਬਬਰ	69	69	21	2	JDG 14:5
ਬਬਰਾਂ	1	1	1	0	JOB 4:10
ਬਬਲਾਈ	1	1	1	1	EZR 4:9
ਬਰ-ਯੋਨਾਹ	1	1	1	0	MAT 16:17
ਬਰਕਏਲ	2	2	1	2	JOB 32:2
ਬਰਕਤ	177	177	28	207	GEN 12:2
ਬਰਕਤਾਂ	19	19	8	25	GEN 22:17
ਬਰਕਯਾਹ	11	11	4	12	1CH 3:20
ਬਰਕੋਸ	2	2	2	2	EZR 2:53
ਬਰਖਾ	3	3	2	0	EXO 9:33
ਬਰਛਾ	9	9	6	14	JOS 8:26
ਬਰਛਿਆਂ	3	3	3	2	JOB 41:7
ਬਰਛੀ	25	25	7	20	JDG 5:8
ਬਰਛੀਆਂ	9	9	6	9	2CH 23:9
ਬਰਛੇ	14	14	8	15	JOS 8:18
ਬਰਜ਼ਿੱਲਈ	6	6	3	13	2SA 17:27
ਬਰਜ਼ਿੱਲੀ	4	4	1	0	2SA 19:32
ਬਰਤਨ	1	1	1	3	EZK 15:3
ਬਰਤਿਮਈ	1	1	1	2	MRK 10:46
ਬਰਥੁਲਮਈ	4	4	4	4	MAT 10:3
ਬਰਦ	2	2	2	2	GEN 16:14
ਬਰਦਾਸ਼ਤ	4	4	2	0	1CO 10:13
ਬਰਦੇ	1	1	1	0	2KI 4:1
ਬਰਨਬਾਸ	28	28	3	31	ACT 4:36
ਬਰਨਾਬਾਸ	1	1	1	2	COL 4:10
ਬਰਨੀਕੇ	3	3	1	3	ACT 25:13
ਬਰਨੇਆ	9	9	3	0	NUM 32:8
ਬਰਫ	4	4	4	0	2KI 5:27
ਬਰਫ਼	22	22	11	26	EXO 4:6
ਬਰਫ਼ਾਨੀ	1	1	1	1	JOB 24:19
ਬਰਬ	1	1	1	0	NUM 7:87
ਬਰਬਤ	26	26	7	28	GEN 4:21
ਬਰਬਤਾਂ	14	14	8	14	GEN 31:27
ਬਰਬਾਦ	68	68	23	66	GEN 38:9
ਬਰਬਾਦੀ	45	45	12	47	GEN 19:29
ਬਰਬਾਦੀਆਂ	1	1	1	1	ISA 61:4
ਬਰਯੇਸੂਸ	1	1	1	1	ACT 13:6
ਬਰਸ	1	1	1	0	ACT 18:11
ਬਰਸਬਾਸ	1	1	1	1	ACT 15:22
ਬਰਸਾਈ	1	1	1	1	GEN 19:24
ਬਰਸਾਤ	2	2	2	2	PRO 16:15
ਬਰਸੀ	1	1	1	1	LUK 17:29
ਬਰਸੱਬਾਮ	1	1	1	0	ACT 1:23
ਬਰਹੁਮੀ	1	1	1	0	2SA 23:31
ਬਰਾ	2	2	2	1	GEN 14:2
ਬਰਾਂਡਿਆਂ	3	3	2	3	EZK 41:16
ਬਰਾਂਡੇ	3	3	3	3	1KI 7:21
ਬਰਾਕਾਹ	3	3	2	3	1CH 12:3
ਬਰਾਛੋਂ	1	1	1	0	1SA 17:35
ਬਰਾਜਮਾਨ	3	3	2	0	2SA 6:2
ਬਰਾਦਰੀ	2	2	2	0	1CH 12:29
ਬਰਾਬਰ	17	17	10	31	GEN 29:20
ਬਰਾਬਰੀ	3	3	2	4	JER 12:5
ਬਰਾਯਾਹ	1	1	1	1	1CH 8:21
ਬਰਿਆਈ	1	1	1	0	JOB 22:5
ਬਰਿਯਾ	3	3	1	4	ACT 17:10
ਬਰੀ	8	8	4	5	GEN 24:41
ਬਰੀਆ	1	1	1	0	1CH 23:10
ਬਰੀਆਹ	8	8	2	11	GEN 46:17
ਬਰੀਈਆਂ	1	1	1	1	NUM 26:44
ਬਰੀਕ	3	3	3	3	EXO 39:3
ਬਰੀਤ	1	1	1	2	JDG 8:33
ਬਰੀਥ	1	1	1	0	JDG 9:4
ਬਰੀਯਾਹ	2	2	1	0	NUM 26:44
ਬਰੇਤੀ	1	1	1	0	ACT 27:17
ਬਰੇਤੇ	1	1	1	0	REV 12:18
ਬਰੋਦਕ-ਬਲਦਾਨ	1	1	1	0	2KI 20:12
ਬਰੋਬਰ	1	1	1	0	PSA 55:13
ਬਰੰਗਾ	1	1	1	0	JDG 5:30
ਬਰੰਗੀ	1	1	1	0	2SA 13:18
ਬਰੰਗੀਆਂ	1	1	1	1	HEB 13:9
ਬਰੰਗੇ	3	3	2	0	JDG 5:30
ਬਰੱਬਰ	1	1	1	0	ISA 30:26
ਬਰੱਬਾ	5	5	1	11	MAT 27:16
ਬਰੱਬਾਸ	6	6	3	0	MRK 15:7
ਬਲ	171	171	36	186	GEN 31:6
ਬਲਆ	1	1	1	0	1CH 5:8
ਬਲਕਣ	5	5	2	0	MAT 7:21
ਬਲਕਿ	2	2	1	3	JHN 6:37
ਬਲਣ	2	2	2	0	NUM 11:1
ਬਲਦ	183	183	22	1	GEN 12:16
ਬਲਦਾ	4	4	3	3	DEU 4:11
ਬਲਦਾਂ	41	41	17	5	GEN 26:14
ਬਲਦਾਨ	2	2	2	2	2KI 20:12
ਬਲਦੀ	23	23	8	24	GEN 15:17
ਬਲਦੀਆਂ	2	2	2	2	JOB 41:19
ਬਲਦੇ	8	8	7	6	2CH 4:20
ਬਲਮਾਂ	2	2	1	2	SNG 5:9
ਬਲਵ	1	1	1	0	ACT 24:12
ਬਲਵਾ	2	2	2	0	MAT 26:5
ਬਲਵਾਨ	37	37	16	39	NUM 13:28
ਬਲਵਾਨਾਂ	4	4	3	5	JDG 5:13
ਬਲਵੰਤ	66	66	26	75	GEN 10:9
ਬਲਵੰਤਾਂ	4	4	4	5	PSA 78:25
ਬਲਸਾਨ	6	6	3	6	SNG 5:13
ਬਲਹੀਣ	2	2	2	3	JOB 26:2
ਬਲਹੀਣਾਂ	1	1	1	0	ROM 15:1
ਬਲਹੀਨ	1	1	1	1	ACT 4:9
ਬਲਾ	22	22	9	16	GEN 14:2
ਬਲਾਈਆਂ	1	1	1	0	LUK 7:21
ਬਲਾਉਂਦਾ	1	1	1	0	PSA 147:4
ਬਲਾਕ	1	1	1	0	ISA 9:6
ਬਲਾਵਾਂ	1	1	1	1	EZK 14:22
ਬਲਾਸਤੁਸ	1	1	1	1	ACT 12:20
ਬਲਿਆ	3	3	3	1	JER 51:25
ਬਲਿਆਲ	3	3	2	2	JDG 19:22
ਬਲਿਕ	1	1	1	0	1CO 10:20
ਬਲੀ	288	288	28	408	GEN 22:2
ਬਲੀਆਂ	173	173	26	179	GEN 8:20
ਬਲੀਦਾਨ	51	51	18	74	EXO 12:27
ਬਲੀਦਾਨਾਂ	9	9	5	10	1CH 29:21
ਬਲੂਤ	24	24	10	23	GEN 12:6
ਬਲੂਤਾਂ	9	9	5	9	GEN 13:18
ਬਲੂਤੋ	1	1	1	1	ZEC 11:2
ਬਲੇ	1	1	1	1	JER 21:12
ਬਲੇਗੀ	2	2	1	2	ISA 10:16
ਬਲੋਰ	1	1	1	0	REV 4:6
ਬਲੌਰ	4	4	3	5	JOB 28:18
ਬਲੌਰੀ	1	1	1	1	1CH 29:2
ਬਵਾ	64	64	16	47	EXO 11:1
ਬਵਾਂ	25	25	9	14	GEN 12:17
ਬਵਾਸੀਰ	1	1	1	1	DEU 28:27
ਬਵੰਜਵੇਂ	2	2	2	1	2KI 15:27
ਬਵੰਜਾ	9	9	5	10	NUM 26:34
ਬਸ	1	1	1	12	1PE 1:6
ਬਸਤਰ	65	65	18	171	GEN 25:25
ਬਸਤਰਾਂ	10	10	8	20	JOS 22:8
ਬਸਤਰੋਂ	1	1	1	0	JOB 24:10
ਬਸਤੀ	2	2	2	2	2KI 23:11
ਬਸਤੀਆਂ	14	14	4	24	GEN 36:43
ਬਸਤ੍ਰ	74	74	16	7	GEN 24:53
ਬਸਤ੍ਰਾਂ	5	5	4	3	EXO 29:21
ਬਸਰ	5	5	3	6	DEU 4:43
ਬਸਰਾਹ	1	1	1	0	1CH 1:44
ਬਸਰੇ	1	1	1	0	GEN 36:33
ਬਸਲਏਲ	6	6	1	8	EXO 31:2
ਬਸਲਿਏਲ	1	1	1	0	2CH 1:5
ਬਸਲੀਬ	1	1	1	1	NEH 7:54
ਬਸਲੂਥ	1	1	1	1	EZR 2:52
ਬਸਲੇਲ	2	2	2	1	1CH 2:20
ਬਸ਼ਰ	19	19	7	7	JOB 12:10
ਬਸ਼ਰਾਂ	3	3	3	1	ISA 66:24
ਬਸ਼ਰੋ	1	1	1	0	ZEC 2:13
ਬਸਾਲ	1	1	1	0	ZEC 14:16
ਬਸੂਲੀ	1	1	1	1	1KI 6:7
ਬਸੇਰਾ	1	1	1	0	GEN 45:10
ਬਸੋਦਯਾਹ	1	1	1	1	NEH 3:6
ਬਸੋਰ	3	3	1	3	1SA 30:9
ਬਸੰਤ	2	2	1	3	2KI 4:16
ਬਹ	1	1	1	0	EST 4:3
ਬਹਨ	1	1	1	0	NUM 26:35
ਬਹਨੀਆਂ	1	1	1	0	NUM 26:35
ਬਹਰੂਮੀ	1	1	1	2	1CH 11:33
ਬਹਾ	1	1	1	1	PSA 2:6
ਬਹਾਇਆ	2	2	2	2	LEV 17:4
ਬਹਾਉ	1	1	1	0	MRK 5:29
ਬਹਾਉਂਦਾ	1	1	1	0	JOB 36:7
ਬਹਾਉਣ	1	1	1	0	ISA 59:7
ਬਹਾਏ	1	1	1	3	EXO 14:7
ਬਹਾਦਰੀ	3	3	3	0	1SA 14:48
ਬਹਾਦੁਰ	4	4	2	3	JHN 7:13
ਬਹਾਨਾ	1	1	1	3	JHN 15:22
ਬਹਾਨੇ	2	2	2	5	ACT 27:30
ਬਹਾਰ	2	2	2	2	GEN 18:10
ਬਹਾਲ	15	15	9	20	2SA 8:6
ਬਹਾਲਾਂਗਾ	1	1	1	0	ACT 2:30
ਬਹਾਲਿਆ	3	3	2	0	2CO 11:32
ਬਹਾਲੀ	1	1	1	11	AMO 9:0
ਬਹਿ	9	9	4	4	PSA 50:20
ਬਹਿਕ	1	1	1	0	EZK 25:5
ਬਹਿਕਾ	1	1	1	1	ACT 19:26
ਬਹਿਕਾਇਆ	1	1	1	1	2KI 21:9
ਬਹਿਣ	2	2	2	0	JDG 20:36
ਬਹਿਣਗੇ	2	2	2	0	ISA 7:19
ਬਹਿਮ	7	7	2	0	JOB 9:3
ਬਹਿਲਾਈਏ	1	1	1	1	PRO 7:18
ਬਹਿਸ	11	11	7	17	JOB 16:21
ਬਹਿੰਦਾ	11	11	7	3	GEN 49:14
ਬਹਿੰਦਿਆਂ	1	1	1	1	1KI 16:11
ਬਹਿੰਦੀ	5	5	3	2	LEV 15:20
ਬਹਿੰਦੇ	11	11	9	10	PSA 81:15
ਬਹੀ	2	2	1	0	LUK 16:6
ਬਹੀਏ	1	1	1	2	PSA 106:47
ਬਹੁ	14	14	6	0	1KI 5:17
ਬਹੁ-ਮੁੱਲੀਆਂ	1	1	1	0	JER 20:5
ਬਹੁਤ	742	742	60	1028	GEN 1:31
ਬਹੁਤਾ	29	29	17	32	EXO 18:18
ਬਹੁਤਾਇਤ	11	11	7	21	GEN 27:28
ਬਹੁਤਿਆਂ	102	102	33	111	GEN 21:34
ਬਹੁਤੀ	18	18	11	11	2KI 10:18
ਬਹੁਤੀਆਂ	45	45	18	40	GEN 17:4
ਬਹੁਤੇ	69	69	25	81	NUM 9:19
ਬਹੁਮੁੱਲਾ	2	2	2	7	PSA 72:14
ਬਹੁਮੁੱਲੀ	3	3	2	4	JOB 28:10
ਬਹੁਮੁੱਲੀਆਂ	2	2	2	5	2CH 32:23
ਬਹੁਮੁੱਲੇ	13	13	7	23	2SA 12:30
ਬਹੁਰੀਮ	5	5	2	5	2SA 3:16
ਬਹੁੜੋ	1	1	1	0	ACT 21:28
ਬਹੂਣੀ	1	1	1	0	HOS 4:6
ਬਹੂਤ	2	2	1	0	JON 4:6
ਬਹੇ	1	1	1	0	LEV 15:4
ਬਹੱਤਰ	6	6	3	7	NUM 31:33
ਬਾਂਗ	12	12	4	12	MAT 26:34
ਬਾਂਝ	11	11	6	16	GEN 11:30
ਬਾਂਝਾਂ	1	1	1	0	LUK 23:29
ਬਾਂਦਰ	2	2	2	2	1KI 10:22
ਬਾਂਦੀ	2	2	1	0	LUK 1:38
ਬਾਂਸ	1	1	1	1	ISA 30:17
ਬਾਂਸਰੀ	4	4	1	0	DAN 3:5
ਬਾਂਹ	50	50	17	54	EXO 6:6
ਬਾਂਹਵਾਂ	1	1	1	0	PSA 89:10
ਬਾਂਹਾਂ	5	5	2	6	EZK 30:22
ਬਾਅਦ	2	2	2	434	1PE 1:11
ਬਾਈ	22	22	9	24	NUM 3:39
ਬਾਈਆਂ	1	1	1	2	2CH 33:21
ਬਾਈਵਾਂ	2	2	1	0	1CH 24:17
ਬਾਉਲੀ	1	1	1	1	LEV 11:36
ਬਾਉਲੀਆਂ	1	1	1	1	JDG 5:11
ਬਾਓਲੀ	1	1	1	0	2SA 4:12
ਬਾਕਾ	1	1	1	1	PSA 84:6
ਬਾਕੀ	196	196	35	232	GEN 7:4
ਬਾਕੀਆ	1	1	1	0	NEH 11:20
ਬਾਕੀਆਂ	5	5	4	2	1CH 6:70
ਬਾਕੂਥ	1	1	1	0	GEN 35:8
ਬਾਗ	164	164	30	5	GEN 2:8
ਬਾਗਬਾਨ	3	3	3	2	2KI 25:12
ਬਾਗਬਾਨੋ	1	1	1	1	JOL 1:11
ਬਾਗਵਾਨ	1	1	1	2	JHN 15:1
ਬਾਗਵਾਨੀ	2	2	1	0	LEV 25:3
ਬਾਗ਼	29	29	4	137	JOB 8:16
ਬਾਗ਼ਾਂ	3	3	2	41	JOB 24:18
ਬਾਗਾਂ	36	36	13	0	LEV 19:10
ਬਾਗੋ	1	1	1	0	1SA 2:1
ਬਾਗੋਂ	4	4	4	0	GEN 3:23
ਬਾਜ	3	3	3	0	GEN 27:12
ਬਾਜਰਾ	1	1	1	1	EZK 4:9
ਬਾਜ਼	9	9	5	8	DEU 14:15
ਬਾਜ਼ਾਂ	3	3	3	0	JOB 36:14
ਬਾਜ਼ਾਰ	2	2	2	1	JHN 12:5
ਬਾਜ਼ੀ	5	5	3	6	2KI 4:26
ਬਾਜ਼ੀਆਂ	1	1	1	0	PHP 2:3
ਬਾਜ਼ੂ	1	1	1	0	EZK 17:3
ਬਾਜ਼ੇ	1	1	1	0	LUK 21:5
ਬਾਜਾਂ	1	1	1	0	JOB 5:13
ਬਾਜਾਰ	1	1	1	0	1KI 20:34
ਬਾਜਿਆਂ	1	1	1	0	2CH 34:12
ਬਾਜੂਬੰਦ	1	1	1	0	NUM 31:50
ਬਾਝ	7	7	5	0	JDG 20:17
ਬਾਝੋਂ	16	16	6	1	1CH 11:2
ਬਾਟਾਂ	2	2	2	0	2KI 12:13
ਬਾਟੀਆਂ	3	3	2	4	NUM 4:14
ਬਾਟੇ	8	8	7	8	EXO 27:3
ਬਾਠ	1	1	1	0	EST 5:11
ਬਾਣ	23	23	8	1	2KI 13:15
ਬਾਣਾਂ	8	8	8	2	2KI 13:18
ਬਾਣਾਇਆ	1	1	1	0	JAS 2:24
ਬਾਣੀ	48	48	27	29	NUM 15:31
ਬਾਣੀਆਂ	13	13	8	6	NUM 24:4
ਬਾਣੀਦੇ	1	1	1	0	1CH 15:15
ਬਾਤ	7	7	5	0	2KI 22:14
ਬਾਤਾਂ	4	4	4	2	JDG 6:13
ਬਾਦ	52	52	4	4	JHN 1:15
ਬਾਦਬਾਨ	1	1	1	0	ISA 33:23
ਬਾਦਸ਼ਾਹ	9	9	3	4	2CH 36:1
ਬਾਦਸ਼ਾਹੀ	4	4	2	1	GEN 10:10
ਬਾਦੀ	1	1	1	0	1KI 1:47
ਬਾਨ	1	1	1	0	LAM 1:6
ਬਾਨਈ	1	1	1	1	NEH 9:4
ਬਾਨਵੇਂ	2	2	2	2	EZR 2:58
ਬਾਨੀ	14	14	4	14	2SA 23:36
ਬਾਪ	1	1	1	3	2SA 18:1
ਬਾਬਤ	3	3	3	0	2KI 10:10
ਬਾਬਲ	278	278	14	324	GEN 10:10
ਬਾਬਲੀਆਂ	2	2	1	1	EZK 23:15
ਬਾਬਲੀਏ	1	1	1	0	EZK 23:17
ਬਾਬਾ	1	1	1	0	RUT 4:17
ਬਾਬੁਲ	13	13	5	26	PSA 137:1
ਬਾਬੇ	1	1	1	0	2SA 9:7
ਬਾਮਾਹ	1	1	1	1	EZK 20:29
ਬਾਮੋਥ	2	2	1	3	NUM 21:19
ਬਾਮੋਥ-ਬਆਲ	1	1	1	1	JOS 13:17
ਬਾਰ	4	4	3	3	NUM 11:4
ਬਾਰ-ਬਾਰ	1	1	1	5	JHN 19:3
ਬਾਰਕ	1	1	1	1	HEB 11:32
ਬਾਰਗਾਹਾਂ	1	1	1	1	PSA 135:2
ਬਾਰਮ	1	1	1	0	NUM 11:4
ਬਾਰਵਾਂ	3	3	1	1	1CH 24:12
ਬਾਰਵੇਂ	13	13	4	12	1CH 27:15
ਬਾਰਸ਼	1	1	1	0	JOL 2:23
ਬਾਰਾਂ	178	178	25	191	GEN 5:8
ਬਾਰਾਂਕੁ	1	1	1	0	ACT 19:7
ਬਾਰਾਂਦਰੀ	1	1	1	0	2KI 9:27
ਬਾਰਾਕ	13	13	1	14	JDG 4:6
ਬਾਰਾਹ	2	2	1	2	JDG 7:24
ਬਾਰੀ	7	7	6	4	JOS 2:18
ਬਾਰੀਆਂ	10	10	3	2	1KI 6:31
ਬਾਰੀਆਹ	1	1	1	1	1CH 3:22
ਬਾਰੂਕ	26	26	2	30	NEH 3:20
ਬਾਰੇ	178	178	12	416	EXO 8:12
ਬਾਰ੍ਹਵੀਂ	2	2	2	1	1KI 19:19
ਬਾਰ੍ਹਵੇਂ	5	5	3	6	NUM 7:78
ਬਾਰ੍ਹਾਂ	6	6	2	9	JHN 6:67
ਬਾਰੰਬਾਰ	1	1	1	0	PRO 17:9
ਬਾਲ	58	58	26	38	GEN 33:5
ਬਾਲਕ	72	72	23	86	NUM 22:15
ਬਾਲਕਟਾਰੇ	1	1	1	1	PSA 84:3
ਬਾਲਕਪੁਣਾ	1	1	1	0	ECC 11:10
ਬਾਲਕਪੁਣੇ	2	2	2	0	MRK 10:20
ਬਾਲਕਾ	1	1	1	0	2KI 5:25
ਬਾਲਕਾਂ	46	46	19	22	JOS 4:22
ਬਾਲਕਿਓ	1	1	1	0	MRK 10:24
ਬਾਲਕੇ	8	8	3	3	1KI 18:43
ਬਾਲਕੋ	4	4	3	4	EPH 6:1
ਬਾਲਣ	17	17	8	18	LEV 6:12
ਬਾਲਣੀ	1	1	1	1	EXO 35:3
ਬਾਲਦਾ	1	1	1	2	PSA 18:28
ਬਾਲਦੇ	3	3	2	3	2CH 13:11
ਬਾਲਮ	34	34	3	26	DEU 28:56
ਬਾਲਾ	2	2	1	0	JOS 1:7
ਬਾਲਾਂ	11	11	5	1	GEN 33:1
ਬਾਲਾਂਗਾ	2	2	2	1	JER 50:32
ਬਾਲਾਕ	43	43	5	46	NUM 22:2
ਬਾਲਾਹ	1	1	1	1	JOS 19:3
ਬਾਲਿਆਂ	1	1	1	1	1KI 7:3
ਬਾਲੀ	4	4	3	4	2CH 16:14
ਬਾਲੀਆਂ	3	3	3	0	NUM 31:50
ਬਾਲੇ	8	8	5	7	EXO 25:37
ਬਾਲੇਂ	1	1	1	1	NUM 8:2
ਬਾਵਜ਼ੂਦ	1	1	1	0	1PE 1:7
ਬਾਸਕਥ	1	1	1	1	JOS 15:39
ਬਾਸਕਥੀ	1	1	1	1	2KI 22:1
ਬਾਸਮਥ	7	7	2	7	GEN 26:34
ਬਾਸਰਾਹ	7	7	4	9	ISA 34:6
ਬਾਸ਼ਨ	1	1	1	0	NUM 32:33
ਬਾਸ਼ਨਾ	4	4	2	4	GEN 27:27
ਬਾਸ਼ਾਨ	59	59	15	62	NUM 21:33
ਬਾਹ	1	1	1	0	PSA 10:15
ਬਾਹਟ	2	2	1	0	NUM 1:39
ਬਾਹਟਾਂ	2	2	1	0	GEN 5:18
ਬਾਹਠ	2	2	2	7	1CH 26:8
ਬਾਹਠਾਂ	2	2	1	1	DAN 5:31
ਬਾਹਰ	513	513	43	547	GEN 4:13
ਬਾਹਰਲਾ	2	2	2	2	NUM 23:13
ਬਾਹਰਲਿਆਂ	2	2	2	4	1CO 5:13
ਬਾਹਰਲੀ	7	7	5	7	1KI 6:29
ਬਾਹਰਲੇ	25	25	8	26	EXO 26:4
ਬਾਹਰਵੇਂ	1	1	1	1	EZR 8:31
ਬਾਹਰਾ	2	2	2	0	2KI 18:25
ਬਾਹਰੀ	1	1	1	6	JHN 7:24
ਬਾਹਰੋ	1	1	1	0	LEV 13:55
ਬਾਹਰੋਂ	15	15	9	16	GEN 6:14
ਬਾਹਲਾ	18	18	11	5	GEN 17:2
ਬਾਹਲਿਆਂ	10	10	8	3	2KI 19:23
ਬਾਹਲੀ	7	7	4	2	DEU 1:17
ਬਾਹਲੀਆਂ	6	6	4	2	2CH 2:9
ਬਾਹਲੇ	21	21	11	7	2KI 6:16
ਬਾਹਾਂ	16	16	10	18	GEN 33:4
ਬਾਹਾਰ	1	1	1	0	JON 4:5
ਬਾਹੀਂ	1	1	1	1	EXO 12:7
ਬਾਹੀਆਂ	5	5	3	2	EXO 12:22
ਬਾੜ	3	3	3	1	PRO 15:19
ਬਾੜਾਂ	1	1	1	1	NAM 3:17
ਬਾੜੀ	7	7	5	2	GEN 9:20
ਬਾੜੇ	2	2	2	2	MIC 7:4
ਬਿਅਰਥ	3	3	2	0	LEV 26:16
ਬਿਅੰਤ	2	2	1	0	1CH 22:8
ਬਿਆਕਲ	3	3	1	0	PSA 6:2
ਬਿਆਕੁਲ	2	2	2	0	NUM 22:3
ਬਿਆਜ	17	17	8	10	EXO 22:25
ਬਿਆਜੜੀਆ	1	1	1	1	EXO 22:25
ਬਿਆਨ	8	8	5	6	JOB 13:17
ਬਿਆਲੀਆਂ	2	2	2	0	2KI 10:14
ਬਿਆਸੀ	2	2	1	2	GEN 5:26
ਬਿਆਹੀਂ	1	1	1	0	GEN 24:3
ਬਿਓਰ	1	1	1	1	2PE 2:15
ਬਿਓੜਕ	1	1	1	0	1CH 29:21
ਬਿਓੜਕਾ	1	1	1	0	1CH 22:14
ਬਿਕਰੀ	6	6	1	8	2SA 20:2
ਬਿਕ੍ਰੀ	1	1	1	0	2SA 20:1
ਬਿਖਰੇ	1	1	1	0	ISA 40:4
ਬਿਖੜਾ	1	1	1	0	PRO 13:15
ਬਿਗਥਾ	1	1	1	1	EST 1:10
ਬਿਗਥਾਨ	1	1	1	2	EST 2:21
ਬਿਗਥਾਨਾ	1	1	1	0	EST 6:2
ਬਿਗਵਈ	4	4	2	6	EZR 2:2
ਬਿਗਵਾਈ	2	2	2	0	EZR 2:14
ਬਿਗਾੜ	1	1	1	0	GEN 6:12
ਬਿਗੜੀ	2	2	1	0	GEN 6:11
ਬਿਘਾ	1	1	1	1	1SA 14:14
ਬਿਛਿਆ	1	1	1	0	MRK 14:15
ਬਿਛੂਆਂ	2	2	1	4	1KI 12:11
ਬਿਛੌਣਾ	1	1	1	0	JOB 7:13
ਬਿਜਲੀ	23	23	10	23	JOB 28:26
ਬਿਜਲੀਆਂ	8	8	5	9	2SA 22:15
ਬਿਜ਼ਥਾ	1	1	1	1	EST 1:10
ਬਿਜ਼ਯੋਥਯਾਹ	1	1	1	1	JOS 15:28
ਬਿਠਾ	13	13	8	19	GEN 24:11
ਬਿਠਾਇਆ	11	11	8	14	GEN 41:13
ਬਿਠਾਈ	2	2	2	1	EZR 10:14
ਬਿਠਾਈਆਂ	3	3	2	3	2SA 8:14
ਬਿਠਾਉਂਦਾ	3	3	3	5	JOB 7:12
ਬਿਠਾਉਣਗੇ	2	2	2	2	ISA 13:20
ਬਿਠਾਉਦਾ	1	1	1	0	PSA 23:2
ਬਿਠਾਏ	2	2	2	1	JDG 9:25
ਬਿਠਾਓ	3	3	2	3	1KI 21:9
ਬਿਠਾਲ	2	2	2	0	EXO 19:4
ਬਿਠਾਲਨਾ	2	2	2	0	MAT 20:23
ਬਿਠਾਲਿਆ	3	3	3	1	GEN 41:43
ਬਿਠਾਵਾਂ	1	1	1	1	GEN 43:9
ਬਿਠਾਵਾਂਗਾ	4	4	4	5	1KI 5:5
ਬਿਠਾਵੇ	2	2	2	2	1SA 2:8
ਬਿਠਾਵੇਗਾ	1	1	1	1	LUK 12:37
ਬਿਤਣਗੇ	1	1	1	0	DAN 4:32
ਬਿਤਰੋਨ	1	1	1	0	2SA 2:29
ਬਿਤਾ	1	1	1	0	1PE 1:18
ਬਿਤਾਉਣ	1	1	1	5	TIT 3:12
ਬਿਤਾਉਣਾ	1	1	1	1	1PE 3:10
ਬਿਤਾਓ	1	1	1	0	1PE 2:12
ਬਿਥਯਾਹ	1	1	1	1	1CH 4:18
ਬਿਥੁਨਿਯਾ	1	1	1	1	ACT 16:7
ਬਿਥੁਨੀਯਾ	1	1	1	1	1PE 1:1
ਬਿਦਕਰ	1	1	1	1	2KI 9:25
ਬਿਦਤਾਂ	1	1	1	1	GAL 5:20
ਬਿਦੋਸ਼ਾ	3	3	2	0	2SA 3:28
ਬਿਦੋਸ਼ਾਂ	1	1	1	0	PRO 1:11
ਬਿਧ	20	20	7	8	JOB 28:26
ਬਿਧਾ	1	1	1	0	LUK 1:6
ਬਿਧਾਂ	12	12	1	0	LEV 10:11
ਬਿਧੀ	63	63	14	76	EXO 12:14
ਬਿਧੀਆ	1	1	1	0	JER 32:11
ਬਿਧੀਆਂ	135	135	24	157	GEN 26:5
ਬਿਨ	11	11	7	2	EST 5:12
ਬਿਨ-ਅੰਮੀ	1	1	1	1	GEN 19:38
ਬਿਨਆ	2	2	1	2	1CH 8:37
ਬਿਨਤੀ	2	2	1	0	PSA 118:25
ਬਿਨਯਮੀਨ	1	1	1	0	NEH 11:31
ਬਿਨਯਾਮੀਨ	114	114	22	140	GEN 35:18
ਬਿਨਯਾਮੀਨੀ	17	17	6	18	JDG 3:15
ਬਿਨਯਾਮੀਨੀਆਂ	30	30	6	34	NUM 7:60
ਬਿਨਯਾਮੀਨੀਓ	2	2	2	2	1SA 22:7
ਬਿਨਯਾਮੀਨੋਂ	1	1	1	0	JDG 20:17
ਬਿਨਾ	237	237	45	0	GEN 26:1
ਬਿਨਾਂ	31	31	13	27	GEN 31:50
ਬਿਨਾਯਾਹ	1	1	1	0	1CH 18:17
ਬਿਨਾਸ	3	3	3	2	ROM 8:21
ਬਿਨੁੰਈ	1	1	1	0	EZR 8:33
ਬਿਨੂੰਈ	2	2	2	0	EZR 10:30
ਬਿਨ੍ਯਾਮਿਨੀਆਂ	1	1	1	0	1CH 12:29
ਬਿਨ੍ਯਾਮੀਨ	11	11	4	0	1SA 9:16
ਬਿਨ੍ਯਾਮੀਨੀ	2	2	2	0	1SA 9:21
ਬਿਨ੍ਹਾਂ	1	1	1	293	MAT 17:21
ਬਿਪਤ	1	1	1	0	PSA 18:18
ਬਿਪਤਾ	143	143	33	164	GEN 35:3
ਬਿਪਤਾਂ	11	11	8	1	DEU 31:17
ਬਿਬੇਕ	5	5	4	3	JOB 12:20
ਬਿਬੇਕਹੀਨ	1	1	1	0	PRO 11:22
ਬਿਬੇਕੀ	2	2	2	0	PRO 16:21
ਬਿਮਾਰ	22	22	10	48	GEN 48:1
ਬਿਮਾਰੀ	12	12	10	30	EXO 23:25
ਬਿਮਾਰੀਆਂ	4	4	3	7	EXO 15:26
ਬਿਯਾਮੀਨ	1	1	1	0	2SA 2:31
ਬਿਰਛ	107	107	30	20	GEN 1:11
ਬਿਰਛਾ	2	2	2	0	DEU 20:19
ਬਿਰਛਾਂ	43	43	20	5	GEN 3:2
ਬਿਰਜ਼ਾਵਿਥ	1	1	1	1	1CH 7:31
ਬਿਰਧ	9	9	2	3	GEN 24:1
ਬਿਰਧਪੁਣੇ	3	3	1	2	GEN 15:16
ਬਿਰਸਾ	1	1	1	1	GEN 14:2
ਬਿਰਾਜਮਾਨ	32	32	11	41	2KI 11:19
ਬਿਰਾਜਮਾਨਾਂ	1	1	1	0	ISA 10:13
ਬਿਰਾਦਰੀ	1	1	1	0	EST 10:3
ਬਿਰੰਗੀ	1	1	1	0	2SA 13:19
ਬਿਲ	1	1	1	2	DEU 14:15
ਬਿਲਆਮ	67	67	9	70	NUM 22:5
ਬਿਲਕੁਲ	7	7	4	13	JOB 13:5
ਬਿਲਗਈ	1	1	1	1	NEH 10:8
ਬਿਲਗਾਰ	1	1	1	0	NEH 12:18
ਬਿਲਗਾਹ	2	2	2	3	1CH 24:14
ਬਿਲਦਦ	5	5	1	10	JOB 2:11
ਬਿਲਸ਼ਾਨ	2	2	2	2	EZR 2:2
ਬਿਲਹਾਨ	4	4	2	4	GEN 36:27
ਬਿਲਹਾਹ	11	11	2	11	GEN 29:29
ਬਿਲਾਸ	8	8	5	9	1KI 21:7
ਬਿਲਾਸਾਂ	1	1	1	2	PSA 36:8
ਬਿਲੋਰ	1	1	1	0	EXO 28:18
ਬਿਲੌਰ	2	2	2	3	EXO 39:11
ਬਿਵਸਥਾ	210	210	27	469	EXO 12:49
ਬਿਵਸਥਾਂ	1	1	1	0	GEN 26:5
ਬਿਵਸਥਾਵਾਂ	1	1	1	1	EXO 18:20
ਬਿਸਤਰ	2	2	2	7	PSA 69:11
ਬਿਸਤਰਾ	9	9	4	8	JOB 17:13
ਬਿਸਤਰਿਆਂ	4	4	4	4	JOB 33:15
ਬਿਸਤਰੇ	3	3	3	6	2CH 24:25
ਬਿਸਵਾਸ	2	2	1	0	JOB 15:15
ਬਿਸਹਾਲ	1	1	1	0	1CH 7:33
ਬਿਸ਼ਟਾ	4	4	4	3	JDG 3:22
ਬਿਸ਼ਟੇ	2	2	2	1	JOB 20:7
ਬਿਸ਼ਰਮ	1	1	1	0	PRO 7:13
ਬਿਸ਼ਲਾਮ	1	1	1	1	EZR 4:7
ਬਿਸ਼ਵਾਸ	2	2	1	0	JOB 8:14
ਬਿਹਤਰ	4	4	2	0	1CO 4:7
ਬਿਹਾਗ	2	2	2	1	JOB 35:10
ਬਿੰਦ	5	5	2	0	LEV 15:16
ਬਿੰਦੀ	2	2	2	2	MAT 5:18
ਬਿੰਦੇ	1	1	1	0	PRO 29:1
ਬਿੰਨੂਈ	4	4	2	8	EZR 10:38
ਬਿੰਨ੍ਹੀ	1	1	1	0	JDG 20:16
ਬਿੱਕਰੀ	1	1	1	0	DEU 18:8
ਬਿੱਛੂ	6	6	6	5	DEU 8:15
ਬਿੱਛੂਆ	1	1	1	0	2CH 10:14
ਬਿੱਛੂਆਂ	1	1	1	5	EZK 2:6
ਬਿੱਜ	3	3	2	0	JDG 20:34
ਬਿੱਜੂ	1	1	1	2	ISA 13:22
ਬਿੱਜੂਆਂ	1	1	1	1	ISA 34:14
ਬਿੱਤਰ	4	4	1	0	EZK 12:15
ਬਿੱਧ	2	2	2	0	LUK 22:4
ਬਿੱਲੀ	1	1	1	0	SNG 5:5
ਬਿੱਸਮ	1	1	1	0	JOB 3:18
ਬੀ	54	54	20	12	GEN 1:11
ਬੀਆਂ	3	3	3	0	ISA 61:11
ਬੀਜ	14	14	9	68	EXO 23:10
ਬੀਜਣ	20	20	11	26	GEN 8:22
ਬੀਜਣਾ	2	2	1	1	LEV 25:11
ਬੀਜਣੀ	1	1	1	0	LEV 25:3
ਬੀਜਦਾ	15	15	8	14	PRO 11:18
ਬੀਜਦਿਆਂ	2	2	2	1	MAT 13:4
ਬੀਜਦੀਆਂ	1	1	1	0	LUK 8:5
ਬੀਜਦੇ	12	12	10	13	DEU 11:10
ਬੀਜ਼	4	4	1	0	1CO 3:6
ਬੀਜ਼ਦੇ	1	1	1	0	1CO 15:36
ਬੀਜਾਂ	1	1	1	5	JOB 31:8
ਬੀਜਾਂਗਾ	2	2	2	2	JER 31:27
ਬੀਜਾਂਗੇ	1	1	1	1	LEV 25:20
ਬੀਜਿਆ	32	32	11	26	GEN 26:12
ਬੀਜੀ	3	3	2	3	DEU 21:4
ਬੀਜੀਂ	3	3	2	4	LEV 19:19
ਬੀਜੇ	7	7	5	10	EXO 23:16
ਬੀਜੇਂਗਾ	2	2	2	1	ISA 30:23
ਬੀਜੋ	6	6	5	6	GEN 47:24
ਬੀਜੋਗੇ	1	1	1	3	LEV 26:16
ਬੀਤ	23	23	13	23	GEN 47:18
ਬੀਤਣ	2	2	1	3	DAN 4:23
ਬੀਤਣਗੀਆਂ	2	2	1	1	ISA 44:7
ਬੀਤਣਾ	1	1	1	1	MRK 10:32
ਬੀਤਦਾ	5	5	1	3	ECC 3:19
ਬੀਤਦੀ	8	8	4	5	EXO 2:4
ਬੀਤਦੇ	2	2	2	2	JOB 7:6
ਬੀਤਿਆ	9	9	8	12	GEN 42:29
ਬੀਤੀ	3	3	3	2	RUT 3:16
ਬੀਤੀਆ	1	1	1	0	EST 6:13
ਬੀਤੀਆਂ	4	4	3	3	LUK 24:14
ਬੀਤੇ	8	8	8	5	LEV 25:27
ਬੀਤੇਗਾ	5	5	5	4	GEN 49:1
ਬੀਤੇਗੀ	2	2	2	2	ECC 2:15
ਬੀਧੀਆਂ	1	1	1	0	EZR 7:11
ਬੀਨ	9	9	6	8	GEN 4:21
ਬੀਨਾ	1	1	1	0	ISA 31:2
ਬੀਨਾਂ	2	2	2	5	2KI 17:13
ਬੀਬਾ	1	1	1	0	2SA 18:22
ਬੀਬੀ	9	9	6	1	GEN 16:4
ਬੀਮਾਰ	17	17	8	1	2SA 13:2
ਬੀਮਾਰਾਂ	1	1	1	0	EZK 34:4
ਬੀਮਾਰੀ	4	4	2	0	1KI 17:17
ਬੀਮਾਰੀਆਂ	2	2	1	0	2CH 21:19
ਬੀਰ	11	11	9	0	DEU 3:18
ਬੀਰਾਂ	2	2	2	0	2KI 24:16
ਬੀਹ	8	8	1	0	EXO 36:23
ਬੀਹਵੀਂ	1	1	1	0	EZR 10:9
ਬੀਹਾਂ	1	1	1	0	EXO 36:24
ਬੀੜ	1	1	1	0	MRK 6:45
ਬੀੜਦਾ	1	1	1	1	PSA 104:3
ਬੀੜਿਆਂ	1	1	1	1	EXO 26:11
ਬੀੜੇ	13	13	2	12	EXO 26:4
ਬੁਕਦ-ਨੱਸਰ	1	1	1	0	2KI 24:1
ਬੁਖਾਰ	1	1	1	1	JHN 4:52
ਬੁਚਿਆਰ	1	1	1	0	2SA 3:39
ਬੁਛਾੜ	1	1	1	1	PSA 105:32
ਬੁਜ਼ਰਗ	1	1	1	0	LAM 2:10
ਬੁਜ਼ਰਗਾਂ	2	2	2	0	EZR 10:8
ਬੁਜ਼ੁਰਗਾਂ	2	2	1	0	ACT 4:23
ਬੁਝ	6	6	6	4	JDG 14:14
ਬੁਝਣ	4	4	2	1	MRK 4:12
ਬੁਝਦੀ	2	2	1	5	MRK 9:46
ਬੁਝਦੀਆਂ	1	1	1	1	MAT 25:8
ਬੁਝਾ	4	4	4	4	2CH 29:7
ਬੁਝਾਇਆ	2	2	1	2	PRO 13:9
ਬੁਝਾਈ	1	1	1	1	LEV 6:12
ਬੁਝਾਉਂਦੇ	1	1	1	1	PSA 104:11
ਬੁਝਾਉਣ	3	3	3	5	ISA 1:31
ਬੁਝਾਉਣਾ	1	1	1	1	2SA 14:7
ਬੁਝਾਰਤ	8	8	2	10	JDG 14:12
ਬੁਝਾਰਤਾਂ	5	5	5	7	NUM 12:8
ਬੁਝਾਵੇ	1	1	1	0	JDG 14:15
ਬੁਝਾਵੇਗਾ	2	2	2	2	ISA 42:3
ਬੁਝੇ	1	1	1	1	LEV 6:13
ਬੁਝੇਗਾ	2	2	2	3	2CH 34:25
ਬੁਝੇਗੀ	3	3	2	4	ISA 34:10
ਬੁਝੋਗੇ	2	2	2	2	MAT 13:14
ਬੁਢਾ	3	3	2	0	2CH 36:17
ਬੁਢਾਪੇ	2	2	1	12	1KI 11:4
ਬੁਢਿਆਂ	1	1	1	0	PRO 20:29
ਬੁਢੇਪੇ	10	10	7	7	GEN 21:2
ਬੁਣਤ	1	1	1	2	EXO 39:27
ਬੁਣਦੀਆਂ	1	1	1	1	2KI 23:7
ਬੁਣਨ	1	1	1	2	ISA 19:9
ਬੁਧ	2	2	2	0	1CO 1:30
ਬੁਧਿਮਾਨ	1	1	1	0	1CO 10:15
ਬੁਧੀਵਾਨ	2	2	2	0	1CH 26:14
ਬੁਧੂ	1	1	1	0	JOB 12:17
ਬੁਨਣ	1	1	1	0	1CH 4:21
ਬੁਨਿਆਦ	8	8	2	2	2CH 23:5
ਬੁਪਾਰ	10	10	5	1	GEN 34:10
ਬੁਪਾਰੀ	9	9	6	0	1KI 10:28
ਬੁਪਾਰੀਆਂ	4	4	4	0	1KI 10:15
ਬੁਰਕਾ	4	4	2	3	GEN 24:65
ਬੁਰਕਿਆਂ	1	1	1	1	EZK 13:21
ਬੁਰਕੀ	4	4	4	4	NUM 14:9
ਬੁਰਕੀਆਂ	2	2	1	2	PRO 18:8
ਬੁਰਕੇ	2	2	2	2	ISA 3:23
ਬੁਰਜ	50	50	19	50	GEN 11:4
ਬੁਰਜ਼	3	3	2	4	NEH 3:11
ਬੁਰਜਾਂ	10	10	6	0	2CH 26:15
ਬੁਰਜੀਆਂ	1	1	1	0	SNG 5:13
ਬੁਰਾ	93	93	31	109	GEN 24:50
ਬੁਰਾਈ	2	2	2	18	DEU 17:2
ਬੁਰਾਈਆਂ	2	2	2	3	JOB 13:23
ਬੁਰਿਆਂ	15	15	8	18	1SA 24:13
ਬੁਰਿਆਈ	349	349	36	376	GEN 6:5
ਬੁਰਿਆਈਆਂ	21	21	10	22	DEU 31:17
ਬੁਰਿਆਈਓਂ	1	1	1	0	1SA 25:39
ਬੁਰਿਆਰ	15	15	9	14	GEN 13:13
ਬੁਰਿਆਰਾਂ	14	14	9	10	JOB 8:20
ਬੁਰਿਆਰੋ	1	1	1	0	MAT 7:23
ਬੁਰੀ	43	43	18	49	GEN 6:5
ਬੁਰੀਆਂ	24	24	13	27	GEN 28:8
ਬੁਰੇ	77	77	28	121	GEN 2:9
ਬੁਲਕੁਲ	1	1	1	0	1CO 5:3
ਬੁਲਵਾ	6	6	2	7	EXO 12:21
ਬੁਲਵਾਕੇ	3	3	2	1	GEN 12:18
ਬੁਲਾ	28	28	17	57	GEN 27:42
ਬੁਲਾਇਆ	40	40	17	81	GEN 28:1
ਬੁਲਾਇਆਂ	1	1	1	0	1PE 4:15
ਬੁਲਾਈ	3	3	3	2	EST 4:11
ਬੁਲਾਉਂਦਾ	7	7	6	11	JOB 19:16
ਬੁਲਾਉਂਦੇ	3	3	3	3	GEN 24:57
ਬੁਲਾਉਣ	4	4	3	6	MAT 9:13
ਬੁਲਾਉਣਾ	1	1	1	9	JAS 5:14
ਬੁਲਾਏ	3	3	3	13	GEN 46:33
ਬੁਲਾਓ	6	6	5	7	JDG 7:18
ਬੁਲਾਕੇ	4	4	2	0	GEN 20:8
ਬੁਲਾਵਾ	1	1	1	2	1CO 7:20
ਬੁਲਾਵਾਂਗਾ	3	3	3	3	ISA 22:20
ਬੁਲਾਵੇ	7	7	4	6	JOB 11:10
ਬੁਲਾਵੇਗਾ	2	2	2	4	ISA 65:15
ਬੁਲ੍ਹ	3	3	3	0	JOB 15:6
ਬੁਲ੍ਹਾਂ	6	6	6	2	JOB 13:6
ਬੁਲੰਦ	2	2	1	2	ISA 30:25
ਬੁਸ	3	3	2	1	ISA 50:2
ਬੁਹਤਾਇਤ	1	1	1	0	PSA 49:6
ਬੁੜ	29	29	10	4	EXO 15:24
ਬੁੜ-ਬੁੜਾ	1	1	1	0	JHN 6:61
ਬੁੜ-ਬੁੜਾਉਣ	1	1	1	10	JHN 6:41
ਬੁੜ-ਬੁੜਾਉਨਾ	1	1	1	0	JHN 6:43
ਬੁੜਬੁੜਾ	2	2	1	2	LUK 5:30
ਬੁੜਬੁੜਾਉਂਦੀ	1	1	1	0	NUM 14:27
ਬੁੜਬੁੜਾਉਣ	1	1	1	0	ACT 6:1
ਬੁੜਾਉਂਦੇ	2	2	1	0	NUM 16:11
ਬੁੜਾਉਣ	7	7	5	0	EXO 15:24
ਬੁੜਾਏ	2	2	1	0	NUM 14:2
ਬੁੜਾਟ	1	1	1	0	2TI 2:16
ਬੁੜਾਹਟ	3	3	1	4	NUM 14:27
ਬੁੰਨੀ	2	2	1	2	NEH 9:4
ਬੁੱਕਣਗੇ	1	1	1	1	JER 51:38
ਬੁੱਕਲ	6	6	3	5	2SA 12:8
ਬੁੱਕੀ	5	5	3	5	NUM 34:22
ਬੁੱਕੀਯਾਹ	2	2	1	2	1CH 25:4
ਬੁੱਝ	12	12	8	17	GEN 48:14
ਬੁੱਝਣ	6	6	5	5	JDG 14:19
ਬੁੱਝਦਾ	1	1	1	1	PRO 31:18
ਬੁੱਝਦੀ	1	1	1	1	HAG 1:6
ਬੁੱਝਦੇ	1	1	1	1	JDG 14:18
ਬੁੱਝਿਆ	2	2	2	1	1SA 3:3
ਬੁੱਝੇ	2	2	2	2	PRO 20:24
ਬੁੱਝੇਗਾ	1	1	1	0	JER 7:20
ਬੁੱਝੇਗੀ	1	1	1	0	JER 17:27
ਬੁੱਝੋ	1	1	1	1	ISA 6:9
ਬੁੱਟੇ	1	1	1	0	JON 4:10
ਬੁੱਡਾ	1	1	1	0	2SA 19:32
ਬੁੱਢਾ	39	39	16	26	GEN 18:12
ਬੁੱਢਿਆਂ	7	7	6	0	EXO 10:9
ਬੁੱਢਿਓ	1	1	1	0	JOL 1:2
ਬੁੱਢੀ	7	7	5	5	GEN 18:13
ਬੁੱਢੀਆਂ	3	3	2	3	ZEC 8:4
ਬੁੱਢੇ	21	21	12	11	GEN 18:11
ਬੁੱਤ	34	34	14	34	GEN 31:35
ਬੁੱਤਾਂ	34	34	13	37	GEN 31:19
ਬੁੱਧ	163	163	25	190	GEN 3:6
ਬੁੱਧਵਾਨ	117	117	18	137	EXO 36:1
ਬੁੱਧਵਾਨਾਂ	22	22	10	32	EXO 28:3
ਬੁੱਧਵਾਨੋ	2	2	1	2	JOB 34:2
ਬੁੱਧਹੀਣ	5	5	3	6	JOB 26:3
ਬੁੱਧਾਂ	1	1	1	0	2CO 4:4
ਬੁੱਧੀ	43	43	13	47	DEU 4:6
ਬੁੱਧੀਮਾਨ	5	5	2	4	GEN 41:33
ਬੁੱਧੀਮਾਨਾਂ	1	1	1	0	JOB 15:18
ਬੁੱਧੀਵਾਨ	3	3	2	0	2CH 2:12
ਬੁੱਧੀਵਾਨਾਂ	4	4	3	0	ISA 29:14
ਬੁੱਲ	16	16	4	10	1SA 1:13
ਬੁੱਲਾ	5	5	3	0	PSA 12:2
ਬੁੱਲਾਂ	22	22	6	0	DEU 23:23
ਬੁੱਲੇ	4	4	3	3	JOB 4:9
ਬੁੱਲ੍ਹ	19	19	5	16	JOB 11:5
ਬੁੱਲ੍ਹਾ	2	2	2	0	EXO 6:30
ਬੁੱਲ੍ਹਾਂ	44	44	11	57	EXO 6:12
ਬੂਜ਼	3	3	3	3	GEN 22:21
ਬੂਜ਼ੀ	3	3	2	5	JOB 32:2
ਬੂਟਾ	6	6	6	5	GEN 2:5
ਬੂਟਿਆਂ	7	7	4	6	LEV 19:23
ਬੂਟੀ	11	11	3	11	HOS 9:6
ਬੂਟੀਆਂ	3	3	2	3	ISA 26:19
ਬੂਟੇ	13	13	8	14	GEN 49:11
ਬੂਨਾਹ	1	1	1	1	1CH 2:25
ਬੂਰਾ	1	1	1	0	NEH 13:8
ਬੂਰੇ	1	1	1	0	EZR 9:13
ਬੂਲ	1	1	1	1	1KI 6:38
ਬੂਹਾ	35	35	14	16	GEN 19:6
ਬੂਹਿਆਂ	12	12	10	10	JDG 16:3
ਬੂਹਿਓਂ	1	1	1	0	GEN 18:2
ਬੂਹੇ	90	90	23	35	GEN 4:7
ਬੂੰਦਾ	2	2	2	0	JOB 36:27
ਬੂੰਦਾਂ	2	2	2	4	JOB 38:28
ਬੂੰਨੀ	1	1	1	1	NEH 11:15
ਬੇ	38	38	17	10	EXO 32:25
ਬੇ-ਇਨਸਾਫ਼ੀ	2	2	1	0	JOB 6:29
ਬੇ-ਔਲਾਦ	3	3	1	20	EZK 36:12
ਬੇ-ਪੜਦਗੀ	1	1	1	0	EZK 22:10
ਬੇ-ਪੜਦਾ	1	1	1	0	EZK 23:10
ਬੇ-ਸੁੰਨਤਿਆਂ	7	7	1	0	EZK 31:18
ਬੇ-ਸੁੰਨਤੇ	4	4	1	0	EZK 32:24
ਬੇ-ਸੰਨਤੇ	1	1	1	0	EZK 32:24
ਬੇਅਕਲ	1	1	1	2	JER 5:4
ਬੇਅਦਬੀ	1	1	1	1	PSA 31:18
ਬੇਅਰਥ	1	1	1	0	1PE 1:18
ਬੇਅੰਤ	5	5	3	8	EZR 7:22
ਬੇਆਬ	1	1	1	0	LAM 4:1
ਬੇਆਬਾਦ	2	2	1	0	JER 17:6
ਬੇਆਬਾਨ	1	1	1	0	ISA 40:3
ਬੇਇਨਸਾਫ਼	1	1	1	2	LUK 18:6
ਬੇਇਨਸਾਫ਼ੀ	3	3	2	7	MAT 20:13
ਬੇਇਨਸਾਫ਼ੀਆਂ	1	1	1	0	ECC 4:0
ਬੇਇਨਸਾਫੀ	2	2	1	4	EZK 28:15
ਬੇਇਲਜ਼ਾਮ	1	1	1	1	COL 1:22
ਬੇਇਲਾਜਾ	2	2	2	0	JOB 34:6
ਬੇਇੱਜ਼ਤੀ	5	5	4	9	PRO 6:33
ਬੇਈਮਾਨ	6	6	5	7	NUM 5:6
ਬੇਈਮਾਨਾਂ	3	3	3	2	PRO 23:28
ਬੇਈਮਾਨੀ	33	33	11	24	LEV 26:40
ਬੇਈਮਾਨੀਆਂ	1	1	1	0	2CH 36:14
ਬੇਉਲਾਦਾ	2	2	2	0	PSA 113:9
ਬੇਓੜਕ	2	2	2	1	PSA 69:16
ਬੇਕਜ	14	14	1	0	EZK 43:22
ਬੇਕਲ	2	2	2	0	2KI 19:26
ਬੇਕਾਰ	7	7	6	5	PSA 33:17
ਬੇਖਟਕੇ	2	2	1	0	PRO 3:23
ਬੇਖ਼ਮੀਰੀ	1	1	1	0	EZK 45:21
ਬੇਖੋਜ	1	1	1	0	ROM 11:33
ਬੇਖੌਫ਼	1	1	1	0	JOB 40:23
ਬੇਗ	1	1	1	1	GEN 31:10
ਬੇਗਾਨੇ	1	1	1	1	JOB 19:13
ਬੇਗਾਰ	14	14	4	3	EXO 3:7
ਬੇਗਾਰੀ	7	7	5	11	GEN 49:15
ਬੇਗਾਰੀਆਂ	6	6	4	0	EXO 1:11
ਬੇਗੁਨਾਹ	2	2	1	2	ACT 13:39
ਬੇਚ	2	2	1	0	GEN 25:31
ਬੇਚੈਨ	2	2	1	13	JER 2:36
ਬੇਚੈਨੀ	2	2	2	4	JOB 3:26
ਬੇਟ	13	13	5	11	GEN 26:17
ਬੇਟੀ	5	5	4	10	MAT 9:18
ਬੇਟੀਓ	1	1	1	0	ISA 32:9
ਬੇਠਿਕਾਣੇ	1	1	1	0	1TI 6:17
ਬੇਡੌਲ	4	4	4	3	GEN 1:2
ਬੇਤ	1	1	1	0	HOS 4:15
ਬੇਤ-ਏਲ	1	1	1	0	JOS 7:2
ਬੇਤਰਸ	2	2	1	2	JER 15:21
ਬੇਤਰਸੀ	1	1	1	1	EZK 18:18
ਬੇਥਜ਼ਥਾ	1	1	1	1	JHN 5:2
ਬੇਦ	4	4	4	1	LEV 23:40
ਬੇਦ-ਮਜਨੂੰਆਂ	1	1	1	1	PSA 137:2
ਬੇਦਖ਼ਲ	1	1	1	1	EZK 46:18
ਬੇਦਯਾਹ	1	1	1	1	EZR 10:35
ਬੇਦਰਦ	3	3	1	3	JER 10:8
ਬੇਦਾਗ	1	1	1	4	HEB 13:4
ਬੇਦਾਗ਼	1	1	1	1	JOB 11:15
ਬੇਦਿਲ	1	1	1	0	JOB 29:24
ਬੇਦੀ	1	1	1	0	JOB 9:26
ਬੇਦੀਨੀ	1	1	1	0	ROM 1:18
ਬੇਦੋਸ਼	10	10	5	13	EXO 20:7
ਬੇਦੋਸ਼ਾ	7	7	5	6	EXO 21:28
ਬੇਦੋਸ਼ਾਂ	1	1	1	2	JER 19:4
ਬੇਦੋਸ਼ਿਆਂ	4	4	3	4	1KI 2:31
ਬੇਦੋਸ਼ੀ	4	4	4	2	EXO 23:7
ਬੇਦੋਸ਼ੀਆਂ	1	1	1	0	EZK 28:10
ਬੇਦੋਸ਼ੇ	9	9	6	5	NUM 32:22
ਬੇਧਰਮ	3	3	2	1	2SA 23:6
ਬੇਧਰਮੀ	2	2	2	1	2SA 22:5
ਬੇਧੜਕ	11	11	4	3	MRK 15:43
ਬੇਨ	1	1	1	1	1CH 15:18
ਬੇਨਤੀ	181	181	38	271	GEN 20:7
ਬੇਨਤੀਆਂ	9	9	6	12	2SA 21:14
ਬੇਪਤ	11	11	9	8	EST 1:17
ਬੇਪਤੀ	14	14	11	6	GEN 34:2
ਬੇਪਰਤਿਤੀ	1	1	1	0	MAL 2:14
ਬੇਪਰਤੀਤ	3	3	3	0	MAT 17:17
ਬੇਪਰਤੀਤਾ	1	1	1	0	HEB 3:12
ਬੇਪਰਤੀਤਿਆਂ	4	4	3	0	2CO 4:4
ਬੇਪਰਤੀਤੀ	8	8	5	1	MAL 2:11
ਬੇਪਰਤੀਤੇ	4	4	4	1	MAL 2:10
ਬੇਪਰਵਾਹ	1	1	1	1	2PE 2:10
ਬੇਪਰਵਾਹੀ	2	2	2	1	MAT 22:5
ਬੇਪੜਦ	1	1	1	0	NAM 2:7
ਬੇਪੜਦਾ	2	2	2	4	JOB 26:6
ਬੇਫਿਕਰੀ	1	1	1	0	EZK 38:11
ਬੇਬਈ	1	1	1	0	NEH 7:16
ਬੇਬਾਈ	4	4	2	6	EZR 2:11
ਬੇਬੱਜ	1	1	1	0	1TI 6:14
ਬੇਮੁਖ	15	15	11	0	JDG 2:19
ਬੇਮੁਖਾਂ	1	1	1	0	LUK 1:17
ਬੇਮੁਹਾਰਾ	1	1	1	1	PRO 29:15
ਬੇਮੁਹਾਰੇ	1	1	1	1	PRO 29:18
ਬੇਮੁੱਖ	8	8	4	21	2CH 7:19
ਬੇਰਹਮ	1	1	1	1	JER 6:23
ਬੇਰਾਹ	1	1	1	1	PSA 107:40
ਬੇਰੀ	3	3	3	4	GEN 26:34
ਬੇਰੂਜ਼	1	1	1	0	DAN 10:6
ਬੇਰੋਤਈ	1	1	1	1	2SA 8:8
ਬੇਰੋਥਾਹ	1	1	1	1	EZK 47:16
ਬੇਰੋਥੀ	6	6	2	7	2SA 4:2
ਬੇਰੋਯ	1	1	1	0	NEH 7:29
ਬੇਲ	24	24	13	15	GEN 49:11
ਬੇਲਟਸ਼ਸਰ	1	1	1	0	DAN 10:1
ਬੇਲਟਸ਼ਸੱਰ	7	7	1	0	DAN 4:8
ਬੇਲਟਸ਼ੱਸਰ	2	2	1	11	DAN 1:7
ਬੇਲਸ਼ਸੱਰ	5	5	1	0	DAN 5:2
ਬੇਲਸ਼ੱਸਰ	3	3	1	8	DAN 5:1
ਬੇਲਾਂ	3	3	3	0	PSA 78:47
ਬੇਲਿਆ	1	1	1	0	MAT 26:50
ਬੇਲੀਆਂ	1	1	1	0	LUK 15:29
ਬੇਲੱਜ	1	1	1	0	EZK 16:30
ਬੇਵਕਤ	1	1	1	0	ECC 7:17
ਬੇਵਕੂਫ਼ੀ	1	1	1	2	2TI 2:23
ਬੇਵਕੂਫੀ	1	1	1	0	ISA 44:25
ਬੇਵਫ਼ਾ	1	1	1	3	ROM 3:3
ਬੇਵਿਸਾਹੇ	1	1	1	0	PRO 25:19
ਬੇਸਈ	1	1	1	2	NEH 7:52
ਬੇਸਫੀਲਿਆਂ	1	1	1	0	EZK 38:11
ਬੇਸਬਰ	1	1	1	1	MIC 2:7
ਬੇਸਮਝ	6	6	5	5	PSA 32:9
ਬੇਸਮਝੀ	2	2	2	3	PRO 10:21
ਬੇਸਮਝੋ	1	1	1	1	LUK 24:25
ਬੇਸਵਾ	10	10	6	0	JOS 2:1
ਬੇਸਵਾਂ	1	1	1	0	1KI 3:16
ਬੇਸ਼ਕ	2	2	2	2	DEU 4:6
ਬੇਸ਼ਰਮੀ	6	6	3	5	DEU 22:14
ਬੇਸ਼ੁਮਾਰ	1	1	1	0	ZEC 9:17
ਬੇਸ਼ੱਕ	1	1	1	1	JOB 12:2
ਬੇਸਾਈ	5	5	2	3	EZR 2:17
ਬੇਸੁਆਦ	1	1	1	4	LUK 14:34
ਬੇਸੁਆਦਾ	1	1	1	0	MAT 5:13
ਬੇਸੁਧ	2	2	1	2	ACT 10:10
ਬੇਸੁਧੀ	1	1	1	0	ACT 11:5
ਬੇਸੁਰਤ	1	1	1	5	2CO 5:13
ਬੇਸੁਰੇ	1	1	1	1	AMO 6:5
ਬੇਸੁੰਨਤ	1	1	1	2	HAB 2:16
ਬੇਸੁੰਨਤਾ	3	3	2	3	GEN 17:14
ਬੇਸੁੰਨਤੀਆਂ	1	1	1	1	ACT 11:3
ਬੇਸੁੰਨਤੇ	5	5	3	9	GEN 34:14
ਬੇਸੁੱਧ	1	1	1	1	2CO 11:23
ਬੇਸੋਚੇ	1	1	1	0	PRO 12:18
ਬੇਹਤਰ	3	3	2	0	1CO 6:7
ਬੇਹੋਸ਼	4	4	2	3	ISA 28:1
ਬੇਹੱਦ	2	2	2	3	PSA 106:45
ਬੇੜ	1	1	1	0	1KI 9:26
ਬੇੜਾ	4	4	1	5	1KI 5:9
ਬੇੜਿਆਂ	2	2	2	2	GEN 49:13
ਬੇੜਿਓ	2	2	1	2	ISA 23:1
ਬੇੜੀ	53	53	8	55	JDG 16:21
ਬੇੜੀਆਂ	25	25	14	26	2SA 3:34
ਬੇੜੀਓਂ	1	1	1	1	MAT 14:29
ਬੇੜੇ	4	4	3	3	NUM 24:24
ਬੇੱਲਾ	1	1	1	0	EZK 34:29
ਬੈ	2	2	2	0	1SA 13:12
ਬੈ-ਨਾਮਾ	1	1	1	1	JER 32:14
ਬੈ-ਨਾਮਿਆਂ	1	1	1	1	JER 32:44
ਬੈ-ਨਾਮੇ	5	5	1	5	JER 32:10
ਬੈਂਗਣੀ	40	40	9	49	EXO 25:4
ਬੈਂਗਨੀ	5	5	2	0	JHN 19:2
ਬੈਂਤ	3	3	2	3	2SA 7:14
ਬੈਂਤਾ	1	1	1	0	ISA 44:4
ਬੈਂਤਾਂ	3	3	3	4	JOB 40:22
ਬੈਚੈਨ	1	1	1	0	PSA 55:2
ਬੈਟ	1	1	1	0	ZEC 7:7
ਬੈਠ	94	94	31	117	GEN 22:5
ਬੈਠਕ	3	3	3	1	PSA 107:32
ਬੈਠਕੇ	2	2	2	0	GEN 21:16
ਬੈਠਣ	24	24	14	27	EXO 12:29
ਬੈਠਣਗੇ	10	10	6	11	2KI 10:30
ਬੈਠਣਾ	6	6	6	6	1SA 16:11
ਬੈਠਦਾ	9	9	7	17	EXO 18:14
ਬੈਠਦੀ	2	2	2	2	LEV 15:22
ਬੈਠਦੇ	6	6	5	9	EXO 16:3
ਬੈਠਾ	119	119	31	102	GEN 4:7
ਬੈਠਾਂ	4	4	4	3	GEN 27:45
ਬੈਠਾਂਗਾ	4	4	4	4	PSA 26:5
ਬੈਠਾਂਗੀ	1	1	1	1	ISA 47:8
ਬੈਠਿਆ	2	2	2	9	JER 15:17
ਬੈਠਿਆਂ	8	8	8	6	DEU 6:7
ਬੈਠੀ	19	19	14	27	GEN 21:16
ਬੈਠੀਆਂ	8	8	5	5	EZR 10:17
ਬੈਠੀਏ	2	2	2	2	PRO 1:11
ਬੈਠੇ	97	97	32	95	GEN 29:2
ਬੈਠੇਂ	3	3	2	1	PRO 23:1
ਬੈਠੇਗਾ	16	16	7	15	1KI 1:13
ਬੈਠੇਗੀ	3	3	3	3	PSA 132:12
ਬੈਠੋ	9	9	8	6	GEN 27:19
ਬੈਠੋਗੇ	2	2	2	2	DEU 28:66
ਬੈਤ	53	53	10	81	NUM 32:36
ਬੈਤ-ਅਨਾਥ	2	2	1	1	JDG 1:33
ਬੈਤ-ਆਵਨ	1	1	1	7	JOS 7:2
ਬੈਤ-ਏਲ	16	16	4	0	GEN 12:8
ਬੈਤ-ਗਾਮੂਲ	1	1	1	0	JER 48:23
ਬੈਤ-ਗਿਲਗਾਲ	1	1	1	0	NEH 12:29
ਬੈਤ-ਦਿਬਲਾਤਇਮ	1	1	1	1	JER 48:22
ਬੈਤ-ਪਾਲਟ	1	1	1	2	NEH 11:26
ਬੈਤ-ਪੱਸੇਸ	1	1	1	1	JOS 19:21
ਬੈਤ-ਬਆਲ	1	1	1	0	JOS 13:17
ਬੈਤ-ਮਆਕਾਹ	1	1	1	0	2SA 20:15
ਬੈਤ-ਮਾਓਨ	1	1	1	0	JER 48:23
ਬੈਤ-ਯਸ਼ਿਮੋਥ	2	2	2	0	NUM 33:49
ਬੈਤ-ਯਸ਼ਿਮੋਨ	1	1	1	0	JOS 12:3
ਬੈਤ-ਯਸ਼ੀਮੋਥ	1	1	1	0	EZK 25:9
ਬੈਤ-ਰਹੋਬ	1	1	1	1	2SA 10:6
ਬੈਤ-ਸਮਸ਼	1	1	1	0	JOS 15:10
ਬੈਤ-ਸ਼ਮਸ਼	6	6	4	1	JDG 1:33
ਬੈਤ-ਸ਼ਾਨ	3	3	2	0	2SA 21:12
ਬੈਤ-ਹੋਰੋਨ	3	3	1	14	JOS 10:10
ਬੈਤ-ਹੱਕਰਮ	1	1	1	0	JER 6:1
ਬੈਤ-ਹੱਕਾਰਮ	1	1	1	0	NEH 3:14
ਬੈਤਅਨਿਯਾ	3	3	1	4	JHN 11:1
ਬੈਤਅਨੀਆ	8	8	3	12	MAT 21:17
ਬੈਤਅਨੀਆਂ	1	1	1	0	JHN 1:28
ਬੈਤਅਨੋਥ	1	1	1	0	JOS 15:59
ਬੈਤਆਨਿਯਾ	2	2	1	1	JHN 12:1
ਬੈਤਆਵਨ	1	1	1	0	1SA 14:23
ਬੈਤਏਲ	40	40	7	78	GEN 28:19
ਬੈਤਏਲੀ	1	1	1	1	1KI 16:34
ਬੈਤਕਰ	1	1	1	0	1SA 7:11
ਬੈਤਗਾਦੇਰ	1	1	1	1	1CH 2:51
ਬੈਤਪਓਰ	1	1	1	0	DEU 4:46
ਬੈਤਪਓਰਾ	1	1	1	0	DEU 34:6
ਬੈਤਫ਼ਗਾ	3	3	3	3	MAT 21:1
ਬੈਤਬਿਰਈ	1	1	1	0	1CH 4:31
ਬੈਤਮਰਕਾਬੋਥ	1	1	1	0	1CH 4:31
ਬੈਤਰਹੋਬ	1	1	1	0	JDG 18:28
ਬੈਤਰਾਫਾ	1	1	1	1	1CH 4:12
ਬੈਤਲਹ	1	1	1	0	1SA 16:18
ਬੈਤਲਹਮ	26	26	11	56	GEN 35:19
ਬੈਤਲਹਮ-ਯਹੂਦਾਹ	7	7	1	0	JDG 17:7
ਬੈਤਲਹਮੀ	5	5	4	2	JDG 12:8
ਬੈਤਸ਼ਮਸ਼	8	8	2	1	1SA 6:9
ਬੈਤਸ਼ਮਸ਼ੀ	1	1	1	2	1SA 6:14
ਬੈਤਸ਼ਾਨ	1	1	1	0	JDG 1:27
ਬੈਤਸ਼ਿਆਨ	1	1	1	0	1CH 7:29
ਬੈਤਸੂਰ	2	2	2	0	1CH 2:45
ਬੈਤਸੈਦਾ	6	6	4	6	MAT 11:21
ਬੈਤਸੈਦੇ	1	1	1	1	JHN 1:44
ਬੈਤਹਲਮ	14	14	4	0	RUT 1:1
ਬੈਤਹਲਮ-ਯਹੂਦਾਹ	1	1	1	0	RUT 1:2
ਬੈਤਹੋਰੋਨ	2	2	1	0	1CH 6:68
ਬੈਤਾਂ	1	1	1	1	LEV 19:20
ਬੈਤਾਲੀ	1	1	1	0	EZR 2:64
ਬੈਤੇਲ	13	13	3	0	JDG 1:22
ਬੈਤੇਲੋਂ	1	1	1	0	JDG 21:19
ਬੈਥੇਲ	1	1	1	0	EZR 2:28
ਬੈਰੂਜ	2	2	2	2	EZK 28:13
ਬੈਰੂਜ਼	3	3	2	3	EXO 28:20
ਬੈਲ	2	2	2	5	MAT 22:4
ਬੋ	4	4	3	2	DAN 3:27
ਬੋਅਜ਼	24	24	5	39	RUT 2:1
ਬੋਆਜ਼	3	3	2	0	RUT 2:23
ਬੋਕਰ	1	1	1	0	1CH 8:38
ਬੋਕੀਮ	2	2	1	3	JDG 2:1
ਬੋਕੂਰ	1	1	1	0	1CH 9:44
ਬੋਜਾ	1	1	1	0	LEV 11:17
ਬੋਝ	7	7	5	10	NEH 5:15
ਬੋਝਲ	1	1	1	1	PRO 27:3
ਬੋਟ	1	1	1	1	ISA 16:2
ਬੋਟਾਂ	3	3	2	1	DEU 22:6
ਬੋਟੀ	4	4	3	0	2SA 5:1
ਬੋਤੀਆਂ	1	1	1	0	GEN 32:15
ਬੋਥ	2	2	1	0	NUM 33:43
ਬੋਬਈ	1	1	1	0	EZR 10:28
ਬੋਲ	131	131	31	105	GEN 22:18
ਬੋਲਣ	88	88	26	89	EXO 4:14
ਬੋਲਣਗੇ	6	6	6	6	JOB 33:3
ਬੋਲਣਾ	16	16	8	14	EXO 4:12
ਬੋਲਣੀ	1	1	1	1	MAT 10:19
ਬੋਲਣੇ	3	3	3	1	OBA 1:12
ਬੋਲਦਾ	92	92	31	91	GEN 16:13
ਬੋਲਦਿਆਂ	1	1	1	2	DAN 8:13
ਬੋਲਦੀ	9	9	7	6	DEU 4:33
ਬੋਲਦੀਆਂ	2	2	2	2	NUM 27:7
ਬੋਲਦੇ	51	51	21	50	NUM 7:89
ਬੋਲਨਾ	1	1	1	0	JOB 32:15
ਬੋਲਨਾਂ	1	1	1	0	LEV 19:11
ਬੋਲਾ	2	2	2	0	EXO 4:11
ਬੋਲਾਂ	16	16	11	18	NUM 22:35
ਬੋਲਾਂਗਾ	22	22	9	20	NUM 12:6
ਬੋਲਾਂਗੀ	1	1	1	0	1KI 2:18
ਬੋਲਿਆ	443	443	36	314	GEN 8:15
ਬੋਲਿਆਂ	5	5	4	0	1SA 10:27
ਬੋਲਿਓ	1	1	1	0	ISA 42:18
ਬੋਲੀ	107	107	29	70	GEN 10:5
ਬੋਲੀਂ	6	6	3	2	EXO 28:3
ਬੋਲੀਆ	1	1	1	0	RUT 1:19
ਬੋਲੀਆਂ	24	24	10	14	GEN 10:20
ਬੋਲੀਏ	3	3	3	3	GEN 44:16
ਬੋਲੂ	1	1	1	0	MRK 11:31
ਬੋਲੇ	155	155	29	135	GEN 26:20
ਬੋਲੇਂ	2	2	2	2	EZK 33:8
ਬੋਲੇਂਗਾ	3	3	3	4	EXO 4:15
ਬੋਲੇਗਾ	11	11	10	10	EXO 4:16
ਬੋਲੋ	14	14	9	13	GEN 32:19
ਬੋਲੋਂਗੇ	1	1	1	0	1CO 14:8
ਬੋਲੋਗੇ	1	1	1	1	JOB 13:7
ਬੋਲ੍ਹਿਆ	1	1	1	1	1SA 14:29
ਬੋਸੇਸ	1	1	1	1	1SA 14:4
ਬੋਹਨ	2	2	1	2	JOS 15:6
ਬੋਹਲ	1	1	1	0	RUT 3:7
ਬੌਂਦੀ	1	1	1	0	ECC 1:6
ਬੌਂਸਰੀ	3	3	2	0	MAT 9:23
ਬ੍ਰਿਛ	1	1	1	0	EZK 6:13
ਬੜ	1	1	1	0	JER 50:36
ਬੜਬੋਲੀ	2	2	1	2	PRO 7:11
ਬੜਾ	13	13	5	8	1CH 29:9
ਬੜਾਈ	1	1	1	0	JOB 36:18
ਬੜੀ	6	6	5	5	2CH 17:12
ਬੜੀਆਂ	3	3	3	3	2CH 15:5
ਬੜੇ	10	10	8	5	LEV 10:16
ਬੰਜਰ	3	3	3	5	NUM 13:20
ਬੰਜਰਪਣ	1	1	1	1	2KI 2:21
ਬੰਝ	1	1	1	0	GEN 29:31
ਬੰਦ	171	171	42	200	GEN 7:16
ਬੰਦਗੀ	10	10	6	34	EXO 4:23
ਬੰਦਨਾਂ	1	1	1	0	JOB 38:31
ਬੰਦਸ਼	1	1	1	0	EZK 3:25
ਬੰਦਾ	24	24	10	19	JDG 13:6
ਬੰਦਾਂ	2	2	2	0	ISA 58:6
ਬੰਦਿਆ	1	1	1	0	1TI 6:11
ਬੰਦਿਆਂ	15	15	5	7	2KI 4:40
ਬੰਦਿਓ	1	1	1	1	DAN 3:26
ਬੰਦੀ	6	6	5	29	NUM 15:34
ਬੰਦੀਖ਼ਾਨੇ	3	3	1	2	ACT 5:19
ਬੰਦੇ	35	35	10	25	JOS 14:6
ਬੰਧ	2	2	2	2	EPH 4:3
ਬੰਧਕ	2	2	2	0	2KI 14:14
ਬੰਧਣ	4	4	4	1	NUM 21:29
ਬੰਧਣਾ	1	1	1	0	PRO 5:22
ਬੰਧਣਾਂ	1	1	1	0	JER 5:5
ਬੰਧਨ	19	19	11	22	JDG 15:14
ਬੰਧਨਾ	1	1	1	0	PSA 2:3
ਬੰਧਨਾਂ	13	13	11	20	1SA 30:5
ਬੰਧੁਆਂ	1	1	1	0	NUM 31:12
ਬੰਧੂਆ	10	10	7	5	DEU 21:10
ਬੰਧੂਆਂ	17	17	11	6	DEU 21:11
ਬੰਧੂਇਆਂ	1	1	1	0	EZR 1:11
ਬੰਧੂਏ	24	24	12	0	EXO 12:29
ਬੰਨ	18	18	9	13	LEV 13:11
ਬੰਨਣ	7	7	4	0	NUM 30:14
ਬੰਨਣਾ	2	2	2	0	DEU 11:18
ਬੰਨਦਾ	3	3	3	0	DEU 29:12
ਬੰਨਦੀ	1	1	1	0	PRO 31:17
ਬੰਨਾ	4	4	3	0	GEN 49:13
ਬੰਨਾਂ	1	1	1	1	PSA 119:61
ਬੰਨਾਂਗਾ	1	1	1	0	EZK 16:62
ਬੰਨਾਈਆਂ	1	1	1	0	LEV 8:13
ਬੰਨਿਆ	26	26	12	22	GEN 42:24
ਬੰਨਿਆਂ	12	12	7	8	GEN 23:17
ਬੰਨਿਓਂ	1	1	1	0	JDG 18:2
ਬੰਨੀ	7	7	5	4	EXO 39:23
ਬੰਨੀਆਂ	5	5	3	0	DEU 19:14
ਬੰਨੀਏ	1	1	1	0	EZR 10:3
ਬੰਨੇ	32	32	14	17	GEN 23:9
ਬੰਨੇਗੀ	1	1	1	0	PRO 4:9
ਬੰਨੋ	2	2	1	2	DEU 6:8
ਬੰਨ੍ਹ	74	74	24	84	GEN 38:28
ਬੰਨ੍ਹਕੇ	4	4	2	0	GEN 22:9
ਬੰਨ੍ਹਣ	19	19	9	20	EXO 28:28
ਬੰਨ੍ਹਣਗੇ	4	4	4	5	JER 50:9
ਬੰਨ੍ਹਦਾ	5	5	3	9	EXO 34:10
ਬੰਨ੍ਹਦੀ	1	1	1	1	JOL 1:8
ਬੰਨ੍ਹਦੇ	6	6	5	6	GEN 37:7
ਬੰਨ੍ਹਵਾ	1	1	1	0	DAN 3:24
ਬੰਨ੍ਹਾ	1	1	1	0	2CH 29:10
ਬੰਨ੍ਹਾਂ	1	1	1	1	ISA 61:1
ਬੰਨ੍ਹਾਂਗਾ	17	17	6	17	GEN 6:18
ਬੰਨ੍ਹਾਂਗੇ	1	1	1	1	JDG 15:13
ਬੰਨ੍ਹਾਗਾ	1	1	1	0	JER 31:31
ਬੰਨ੍ਹਿਆ	62	62	22	92	GEN 9:17
ਬੰਨ੍ਹਿਆਂ	6	6	4	3	JDG 2:20
ਬੰਨ੍ਹੀ	15	15	10	31	JOS 2:18
ਬੰਨ੍ਹੀਂ	8	8	6	6	EXO 29:5
ਬੰਨ੍ਹੀਆਂ	6	6	5	9	GEN 14:8
ਬੰਨ੍ਹੀਏ	3	3	2	4	GEN 26:28
ਬੰਨ੍ਹੇ	16	16	14	31	NUM 19:15
ਬੰਨ੍ਹੇਂ	3	3	2	3	EXO 34:12
ਬੰਨ੍ਹੇਗਾ	10	10	8	9	GEN 49:11
ਬੰਨ੍ਹੇਗੀ	1	1	1	2	ISA 49:18
ਬੰਨ੍ਹੋ	10	10	8	7	EXO 23:32
ਬੰਨ੍ਹੋਗੇ	1	1	1	1	MAT 18:18
ਬੰਨ੍ਹ੍ਵਾ	1	1	1	0	1KI 5:9
ਬੰਸਰੀ	6	6	5	12	1SA 10:5
ਬੰਸਰੀਆਂ	3	3	3	4	PSA 150:4
ਬੱਕ	1	1	1	0	JER 50:2
ਬੱਕਦਾ	3	3	2	0	PSA 144:8
ਬੱਕਦੇ	1	1	1	1	HOS 7:13
ਬੱਕਰਾ	27	27	7	32	GEN 37:31
ਬੱਕਰਾਂ	1	1	1	0	ISA 34:14
ਬੱਕਰਿਆਂ	33	33	10	22	EXO 25:5
ਬੱਕਰੀ	8	8	5	23	GEN 15:9
ਬੱਕਰੀਆਂ	26	26	8	27	GEN 26:14
ਬੱਕਰੇ	40	40	11	45	GEN 30:35
ਬੱਕਾ	8	8	3	0	JER 31:19
ਬੱਕੀਏ	2	2	1	0	JER 23:3
ਬੱਕੇ	3	3	3	0	ISA 13:8
ਬੱਗਾ	1	1	1	1	EXO 16:31
ਬੱਗਿਆਂ	1	1	1	0	JDG 5:10
ਬੱਗੀ	7	7	1	0	LEV 13:19
ਬੱਗੀਆਂ	3	3	1	0	LEV 13:38
ਬੱਚ	2	2	2	0	2SA 20:6
ਬੱਚਤ	1	1	1	0	JER 48:36
ਬੱਚਪਣ	1	1	1	0	1KI 18:12
ਬੱਚਾ	43	43	17	72	GEN 11:30
ਬੱਚਿਆ	10	10	4	0	DEU 5:9
ਬੱਚਿਆਂ	82	82	26	187	GEN 32:15
ਬੱਚਿਓ	13	13	5	16	PSA 34:11
ਬੱਚੇ	118	118	36	203	GEN 3:16
ਬੱਛਾ	4	4	1	0	EXO 32:4
ਬੱਛੇ	2	2	1	0	EXO 32:19
ਬੱਜ	51	51	5	4	EXO 12:5
ਬੱਜਾਂ	1	1	1	0	LEV 22:25
ਬੱਝ	1	1	1	0	RUT 1:18
ਬੱਝਾ	1	1	1	1	JER 13:11
ਬੱਝੇ	1	1	1	1	2CH 32:10
ਬੱਤੀ	12	12	5	17	NUM 1:35
ਬੱਤੀਆਂ	6	6	5	3	GEN 11:20
ਬੱਦਲ	126	126	29	131	GEN 9:13
ਬੱਦਲਾਂ	30	30	13	40	DEU 33:26
ਬੱਦਲੀ	2	2	2	1	PRO 16:15
ਬੱਦੀ	1	1	1	0	PSA 10:15
ਬੱਧਾ	15	15	9	2	2KI 17:15
ਬੱਧੀ	4	4	3	1	2KI 1:8
ਬੱਧੀਏ	1	1	1	1	ISA 52:2
ਬੱਧੇ	11	11	8	5	GEN 44:30
ਬੱਧੋਗੀਰੀ	1	1	1	0	2CO 9:5
ਬੱਬਰ	10	10	5	74	1KI 20:36
ਬੱਲਮ	1	1	1	0	JOB 41:26
ਬੱਲੀ	1	1	1	1	2KI 6:2
ਬੱਸ	26	26	15	0	GEN 45:28
ਬੱਸਤ੍ਰ	2	2	2	0	DEU 8:4
ਭਇ	1	1	1	0	ACT 21:14
ਭਇਆ	1	1	1	0	2SA 13:12
ਭਈ	2864	2864	58	328	GEN 1:4
ਭਈਆਂ	1	1	1	0	PSA 22:22
ਭਖ	2	2	2	0	EXO 22:6
ਭਖਦਾ	1	1	1	0	ISA 6:6
ਭਖਦੇ	3	3	2	0	ISA 13:8
ਭਖਿਆ	2	2	1	0	ISA 30:27
ਭਗ	6	6	5	0	EXO 25:39
ਭਗਤ	15	15	6	16	1CH 23:14
ਭਗਤਣ	1	1	1	1	ACT 16:14
ਭਗਤਣਾਂ	1	1	1	1	ACT 13:50
ਭਗਤਾਂ	2	2	2	3	PSA 37:28
ਭਗਤੀ	21	21	10	29	JDG 10:6
ਭਗਵਾ	1	1	1	0	2SA 14:2
ਭਗਵਾਨ	4	4	2	0	ECC 4:3
ਭਗਵਾਨੀ	2	2	2	0	JOB 21:16
ਭਗੌੜਾ	2	2	1	3	GEN 4:12
ਭਗੌੜਿਆਂ	4	4	3	4	NUM 21:29
ਭਗੌੜੇ	11	11	6	10	GEN 14:13
ਭਜ	3	3	2	0	2CH 10:2
ਭਜਨ	37	37	12	123	EXO 15:2
ਭਜਨਾਂ	2	2	2	2	PSA 95:2
ਭਜਾ	5	5	4	9	EXO 9:19
ਭਜਾਈ	1	1	1	1	LUK 8:29
ਭਜਾਉਣਗੇ	2	2	1	1	LEV 26:8
ਭਜਾਏ	1	1	1	1	ISA 17:13
ਭਜਾਓਗੇ	1	1	1	1	LEV 26:7
ਭਟਕ	6	6	4	18	PSA 58:3
ਭਟਕਣ	3	3	3	11	2KI 21:8
ਭਟਕਦਾ	3	3	1	5	PRO 7:25
ਭਟਕਦੀਆਂ	1	1	1	1	EZK 34:6
ਭਟਕਦੇ	1	1	1	5	ZEC 10:2
ਭਟਕਾਉਂਦਾ	2	2	1	2	JOB 12:24
ਭਟਕਾਉਂਦੇ	1	1	1	1	2PE 2:18
ਭਟਕਾਉਣ	1	1	1	3	2PE 3:17
ਭਟਕਿਆਂ	1	1	1	1	ZEC 11:16
ਭਟਕੀ	1	1	1	1	JER 50:17
ਭਟਕੀਆਂ	1	1	1	0	1PE 2:25
ਭਠਿਆਰਾ	1	1	1	1	HOS 7:4
ਭਠਿਆਰੇ	1	1	1	0	LUK 10:35
ਭਣੇਵਾਂ	1	1	1	1	ACT 23:16
ਭਤੀਜੇ	2	2	1	3	GEN 12:5
ਭਬਕ	1	1	1	0	JON 4:1
ਭਬੂਕਾ	2	2	2	1	NUM 21:28
ਭਰ	217	217	39	233	GEN 1:20
ਭਰਜਾਈ	1	1	1	0	GEN 38:8
ਭਰਤਾ	16	16	6	0	LEV 21:3
ਭਰਤੀ	9	9	6	9	JDG 5:2
ਭਰਤੇ	6	6	4	0	LEV 19:20
ਭਰਥਾ	2	2	2	0	MRK 10:12
ਭਰਦਾ	15	15	12	15	JOB 23:4
ਭਰਦੀ	4	4	3	5	LAM 1:8
ਭਰਦੀਆਂ	1	1	1	2	PRO 24:4
ਭਰਦੇ	16	16	11	15	PSA 115:7
ਭਰਨ	19	19	11	22	GEN 24:11
ਭਰਨਗੇ	1	1	1	2	EZK 7:19
ਭਰਨਾ	4	4	3	3	JOB 33:27
ਭਰਨੀ	3	3	3	2	PRO 12:14
ਭਰਪੁਰ	1	1	1	0	ACT 4:8
ਭਰਪੂਰ	52	52	25	49	EXO 31:3
ਭਰਪੂਰੀ	25	25	13	38	NUM 18:27
ਭਰਮ	9	9	7	9	DAN 5:16
ਭਰਮਾ	3	3	3	11	1KI 22:22
ਭਰਮਾਂ	1	1	1	1	ROM 14:1
ਭਰਮਾਇਆ	8	8	6	9	GEN 3:13
ਭਰਮਾਈਆਂ	1	1	1	1	REV 18:23
ਭਰਮਾਉਂਦਾ	2	2	1	3	REV 12:9
ਭਰਮਾਉਂਦਿਆਂ	1	1	1	1	LUK 23:2
ਭਰਮਾਉਂਦੀ	1	1	1	1	REV 2:20
ਭਰਮਾਉਂਦੇ	1	1	1	1	GAL 5:12
ਭਰਮਾਉਣ	4	4	4	9	LAM 2:14
ਭਰਮਾਏ	1	1	1	1	HEB 13:9
ਭਰਮਾਏਗਾ	2	2	2	0	1KI 22:20
ਭਰਮਾਵਾਂਗਾ	2	2	2	2	1KI 22:21
ਭਰਮਾਵੇ	3	3	3	4	ISA 36:18
ਭਰਮਾਵੇਗਾ	1	1	1	3	2KI 18:32
ਭਰਵੱਟਿਆਂ	2	2	2	2	LEV 14:9
ਭਰਾ	479	479	51	525	GEN 4:2
ਭਰਾਂਗਾ	2	2	2	2	ISA 42:14
ਭਰਾਂਗੀ	2	2	1	2	GEN 24:19
ਭਰਾਉ	1	1	1	0	JOB 22:6
ਭਰਾਓ	2	2	2	1	JDG 19:23
ਭਰਾਵਾ	3	3	3	2	1KI 13:30
ਭਰਾਵਾਂ	256	256	42	292	GEN 9:22
ਭਰਾਵਾਂਗਾ	1	1	1	0	2SA 17:2
ਭਰਾਵੋ	97	97	13	107	GEN 19:7
ਭਰਿਆ	68	68	28	71	GEN 24:20
ਭਰਿਆਂ	1	1	1	0	GEN 41:7
ਭਰਿਸਟ	1	1	1	0	JER 19:13
ਭਰਿਸ਼ਟ	110	110	21	141	GEN 34:5
ਭਰਿਸ਼ਟੀ	1	1	1	1	ISA 64:6
ਭਰੀ	45	45	20	49	GEN 6:11
ਭਰੀਂ	2	2	2	2	EXO 30:18
ਭਰੀਆਂ	27	27	16	22	GEN 37:7
ਭਰੀਦਾ	1	1	1	0	ECC 1:7
ਭਰੂਗਾ	1	1	1	0	JOB 8:21
ਭਰੇ	80	80	26	87	GEN 41:22
ਭਰੇਗਾ	2	2	2	3	ISA 35:6
ਭਰੋ	4	4	4	3	EXO 9:8
ਭਰੋਗੇ	1	1	1	1	ISA 12:3
ਭਰੋਸ	3	3	2	0	PSA 52:7
ਭਰੋਸਾ	129	129	23	165	2KI 18:5
ਭਰੋਸੇ	13	13	8	14	PSA 118:8
ਭਰੋਸੇਮੰਦ	1	1	1	1	TIT 2:10
ਭਰੱਪਣ	2	2	2	1	ROM 12:10
ਭਲਕ	33	33	8	1	LEV 19:6
ਭਲਕੇ	32	32	10	6	EXO 8:10
ਭਲਮਣਸਊ	3	3	2	0	JDG 9:16
ਭਲਮਾਣਸੀ	1	1	1	1	1SA 26:23
ਭਲਵਾਨ	2	2	1	0	1SA 17:23
ਭਲਾ	490	490	42	412	GEN 3:1
ਭਲਾਈ	1	1	1	9	PSA 25:7
ਭਲਾਮਾਣਸ	1	1	1	1	ECC 9:2
ਭਲਿਆਂ	5	5	3	5	PSA 125:4
ਭਲਿਆਈ	150	150	30	167	GEN 12:16
ਭਲਿਆਈਆਂ	4	4	3	4	JDG 8:35
ਭਲੀ	12	12	7	14	2SA 18:27
ਭਲੀਆਂ	1	1	1	4	MAT 12:35
ਭਲੀਏ	1	1	1	0	SNG 6:1
ਭਲੇ	30	30	20	50	GEN 2:9
ਭਲੇਮਾਣਸ	1	1	1	1	ECC 9:2
ਭਵਨ	603	603	22	646	2SA 5:8
ਭਵਨਦੀਆਂ	1	1	1	0	ZEC 14:20
ਭਵਨਾਂ	2	2	2	2	1KI 13:32
ਭਵਿਆਂ	1	1	1	0	2SA 2:19
ਭਵਿਖ	3	3	2	0	JHN 6:66
ਭਵਿਖਬਾਣੀ	5	5	2	0	JHN 11:51
ਭਵਿਖਬਾਣੀਆਂ	1	1	1	0	1CO 13:9
ਭਵਿੰਆ	2	2	1	0	REV 1:12
ਭਵਿੱਖਤ	1	1	1	2	JER 31:17
ਭਵਿੱਖਬਾਣੀ	1	1	1	150	1CO 14:4
ਭਵੀਆਂ	1	1	1	0	1SA 6:12
ਭਵੱਕੜ	1	1	1	0	JOB 4:19
ਭਸਮ	80	80	20	89	GEN 19:17
ਭਾ	2	2	2	0	1KI 10:28
ਭਾਂਜ	2	2	2	0	NUM 14:42
ਭਾਂਡਾ	17	17	8	18	LEV 11:32
ਭਾਂਡਿਆ	9	9	2	8	1CH 28:13
ਭਾਂਡਿਆਂ	43	43	20	44	EXO 7:19
ਭਾਂਡੇ	106	106	23	107	EXO 12:22
ਭਾਂਤ	22	22	10	2	LEV 19:23
ਭਾਂਬੜ	2	2	2	2	DAN 7:11
ਭਾਂਬੜਾਂ	1	1	1	1	PSA 57:4
ਭਾਂਵੇ	11	11	2	0	2SA 15:21
ਭਾਇਆ	3	3	3	3	1CH 17:27
ਭਾਈ	113	113	21	27	LEV 10:6
ਭਾਈਆਂ	42	42	8	9	LEV 10:4
ਭਾਈਓ	12	12	2	4	1CH 28:2
ਭਾਈਚਾਰੇ	3	3	2	7	AMO 1:9
ਭਾਈਵਾਲ	2	2	2	2	ACT 2:44
ਭਾਈਵਾਲੋ	1	1	1	0	HEB 3:1
ਭਾਉ	10	10	5	1	JDG 4:9
ਭਾਉਂਦਾ	18	18	12	20	GEN 3:6
ਭਾਉਂਦੀ	4	4	3	3	1CH 29:17
ਭਾਉਂਦੀਆਂ	4	4	4	4	DEU 12:11
ਭਾਉਂਦੇ	17	17	9	1	2SA 1:23
ਭਾਉਣਾ	3	3	3	2	PSA 147:1
ਭਾਉਣੀ	19	19	9	5	GEN 23:8
ਭਾਉਣੀਆਂ	2	2	2	1	1CH 4:10
ਭਾਓ	2	2	2	0	ACT 28:30
ਭਾਖਿਆ	13	13	2	0	ACT 1:19
ਭਾਖਿਆਂ	7	7	2	6	DAN 3:7
ਭਾਖਿਓ	1	1	1	1	DAN 3:4
ਭਾਗ	72	72	16	115	GEN 30:11
ਭਾਗਤ	3	3	3	0	ACT 21:17
ਭਾਗਵਾਨ	8	8	4	3	GEN 39:2
ਭਾਗਵਾਨੀ	5	5	4	2	JOB 15:21
ਭਾਗਾਂ	3	3	1	8	EZK 45:7
ਭਾਗੀ	10	10	7	7	DEU 24:1
ਭਾਗੀਦਾਰ	1	1	1	0	1CO 10:20
ਭਾਜ	3	3	3	0	1SA 4:17
ਭਾਜੀ	5	5	3	4	EXO 12:8
ਭਾਢਾ	1	1	1	0	JON 1:16
ਭਾਣਜੇ	1	1	1	1	GEN 29:13
ਭਾਣਾ	2	2	2	0	NUM 16:29
ਭਾਣੇ	4	4	3	7	ROM 2:13
ਭਾਫ	3	3	2	0	PSA 135:7
ਭਾਫ਼	1	1	1	5	JOB 36:27
ਭਾਰ	87	87	29	126	GEN 3:14
ਭਾਰਾ	15	15	9	14	GEN 41:31
ਭਾਰਾਂ	5	5	3	2	EXO 1:11
ਭਾਰੀ	44	44	14	50	GEN 12:10
ਭਾਰੀਆਂ	5	5	5	5	LAM 3:7
ਭਾਰੂ	7	7	2	0	2SA 13:25
ਭਾਰੇ	9	9	6	10	2SA 14:26
ਭਾਲ	89	89	25	62	EXO 18:15
ਭਾਲਣ	22	22	15	16	1SA 10:2
ਭਾਲਣਗੀਆਂ	1	1	1	1	ISA 11:10
ਭਾਲਣਗੇ	6	6	5	6	PRO 1:28
ਭਾਲਣਾ	1	1	1	2	2CH 14:4
ਭਾਲਦਾ	23	23	14	18	GEN 37:15
ਭਾਲਦੀ	1	1	1	4	PSA 24:6
ਭਾਲਦੀਆਂ	5	5	3	0	MAT 28:5
ਭਾਲਦੇ	28	28	15	23	2SA 17:3
ਭਾਲਾ	2	2	2	8	GEN 25:27
ਭਾਲਾਂ	2	2	2	1	ECC 7:25
ਭਾਲਾਗਾਂ	1	1	1	0	PSA 27:4
ਭਾਲਿਆ	26	26	16	18	DEU 33:21
ਭਾਲੀ	5	5	4	2	1KI 1:2
ਭਾਲੀਆਂ	2	2	2	1	EST 2:2
ਭਾਲੀਏ	1	1	1	2	ZEC 8:21
ਭਾਲੀਓ	1	1	1	0	EZR 9:12
ਭਾਲੇ	4	4	4	3	DEU 22:2
ਭਾਲੇਂਗਾ	2	2	2	1	ISA 41:12
ਭਾਲੇਗਾ	2	2	2	3	ZEC 11:16
ਭਾਲੇਗੀ	1	1	1	1	HOS 2:7
ਭਾਲੇਬਰਦਾਰ	1	1	1	0	ACT 23:23
ਭਾਲੋ	18	18	8	13	DEU 23:6
ਭਾਲੋਗੇ	3	3	2	4	PSA 4:2
ਭਾਵ	19	19	6	8	2CH 32:1
ਭਾਵਨਾ	2	2	1	2	GEN 6:5
ਭਾਵਨੀ	1	1	1	0	GEN 11:6
ਭਾਵੀ	1	1	1	0	ECC 9:0
ਭਾਵੇ	20	20	15	14	EXO 21:8
ਭਾਵੇਂ	442	442	51	504	GEN 8:21
ਭਾਵੇਗਾ	1	1	1	1	PSA 69:31
ਭਾਸ	1	1	1	0	JOB 8:17
ਭਾਸਦੀਆਂ	1	1	1	0	COL 2:23
ਭਾਸ਼ਣ	1	1	1	2	2TH 2:15
ਭਾਸ਼ਾ	17	17	3	73	GEN 11:1
ਭਾਸ਼ਾਵਾਂ	20	20	1	9	1CO 12:10
ਭਾਸ਼ੀਆ	1	1	1	0	1CO 14:5
ਭਾਸਿਆ	1	1	1	0	JOB 15:17
ਭਾੜ	1	1	1	0	JDG 4:7
ਭਾੜਾ	3	3	3	5	GEN 30:18
ਭਾੜੇ	17	17	12	11	GEN 30:16
ਭਿਆਣਕ	34	34	13	0	GEN 28:17
ਭਿਆਨਕ	17	17	11	56	DEU 10:21
ਭਿਆਲ	1	1	1	0	HEB 2:14
ਭਿਉਂ	1	1	1	2	2KI 8:15
ਭਿਉਦਾ	1	1	1	0	PSA 6:6
ਭਿਗੋਇਆ	1	1	1	0	JHN 19:29
ਭਿਣਕ	1	1	1	0	JOB 4:12
ਭਿੜਦਿਆਂ	2	2	2	0	JOB 4:4
ਭਿੜਦੇ	2	2	2	2	PSA 109:24
ਭਿੰਨ	13	13	7	5	EXO 11:7
ਭਿੰਨ-ਭਿੰਨ	5	5	1	2	1CO 12:10
ਭਿੱਛਿਆ	4	4	2	0	LUK 16:3
ਭਿੱਜ	1	1	1	2	JOB 24:8
ਭਿੱਟ	1	1	1	0	GEN 43:32
ਭਿੱਟਿਆ	3	3	1	0	NUM 6:7
ਭਿੱਟੀ	11	11	4	2	NUM 5:13
ਭਿੱਟੜ	2	2	1	0	LEV 21:7
ਭੀ	432	432	31	0	GEN 8:8
ਭੀਂ	2	2	1	1	ISA 18:1
ਭੀਖ	4	4	3	9	PSA 109:10
ਭੀਤ	2	2	2	0	EZK 3:9
ਭੀੜ	128	128	19	143	GEN 50:9
ਭੀੜਾ	4	4	4	5	JOS 17:15
ਭੀੜਾਂ	5	5	3	4	JOL 3:14
ਭੀੜੀ	1	1	1	2	ISA 49:19
ਭੀੜੇ	2	2	2	3	MAT 7:13
ਭੁਆ	6	6	5	0	EXO 13:18
ਭੁਆਂ	3	3	3	3	JOS 7:8
ਭੁਆਇਆ	1	1	1	0	NUM 32:13
ਭੁਆਈ	2	2	2	0	JOS 7:12
ਭੁਆਉਂਦਾ	1	1	1	2	PRO 30:30
ਭੁਆਵਾਂ	1	1	1	0	2SA 15:20
ਭੁਆਵਾਂਗਾ	1	1	1	0	EZK 39:2
ਭੁਖਾ	2	2	2	0	JHN 6:35
ਭੁਗਤਣਗੇ	1	1	1	1	EZK 14:10
ਭੁਗਤਨਾ	1	1	1	0	1CO 3:15
ਭੁਗਤਾਉਂਦਾ	1	1	1	1	2CO 1:23
ਭੁਚਲਾ	1	1	1	0	COL 2:4
ਭੁਚਾਲ	17	17	7	5	1KI 19:11
ਭੁਜ	1	1	1	0	NEH 4:7
ਭੁਜਾ	16	16	5	9	JOB 35:9
ਭੁਜਾਂ	2	2	2	2	DEU 33:27
ਭੁਞੇਂ	4	4	2	0	AMO 3:14
ਭੁਠਾ	1	1	1	0	MAL 4:1
ਭੁਤਣਿਆਂ	1	1	1	0	DEU 18:11
ਭੁਬੋ	1	1	1	0	LUK 16:24
ਭੁਲ	2	2	2	0	DEU 31:21
ਭੁਲਦਾ	1	1	1	0	PSA 9:12
ਭੁਲਾ	15	15	10	12	GEN 41:51
ਭੁਲਾਇਆ	1	1	1	0	HOS 4:12
ਭੁਲਾਇਆਂ	1	1	1	0	JAS 1:25
ਭੁਲਾਈਂ	1	1	1	1	PRO 4:5
ਭੁਲਾਉਂਦੇ	2	2	1	1	ISA 3:12
ਭੁਲਾਉਣ	1	1	1	1	EPH 4:14
ਭੁਲਾਏ	1	1	1	2	ISA 65:16
ਭੁਲਾਵੇ	9	9	4	4	2CH 32:15
ਭੁਲਾਵੇਂ	1	1	1	1	1SA 1:11
ਭੁਲਿਓ	1	1	1	0	2PE 3:8
ਭੁਲੇਖਾ	2	2	2	2	DEU 11:16
ਭੁਲੇਖੇ	2	2	2	3	2CH 21:11
ਭੁਲੇਗਾ	1	1	1	0	PSA 10:4
ਭੁਵੇਂ	4	4	3	0	ISA 47:1
ਭੁੜਕਣ	1	1	1	1	PSA 104:25
ਭੁੜਕਦੇ	1	1	1	1	1KI 18:26
ਭੁੰਆਇਆ	1	1	1	0	JER 50:6
ਭੁੰਏਂ	1	1	1	0	ISA 21:9
ਭੁੰਚਲ	1	1	1	0	1SA 14:15
ਭੁੰਚਾਲ	2	2	2	0	ISA 29:6
ਭੁੰਜੇ	1	1	1	1	JHN 18:6
ਭੁੰਞੇ	2	2	2	0	JDG 13:20
ਭੁੰਞੇਂ	2	2	2	0	MAT 15:35
ਭੁੰਨ	5	5	4	5	EXO 12:8
ਭੁੰਨਣ	1	1	1	1	1SA 2:15
ਭੁੰਨਦਾ	1	1	1	1	PRO 12:27
ਭੁੰਨਿਆ	2	2	2	3	EXO 12:9
ਭੁੰਨੀ	1	1	1	1	LUK 24:42
ਭੁੰਨੇ	7	7	4	6	LEV 2:14
ਭੁੱਖ	19	19	15	31	EXO 16:3
ਭੁੱਖਾ	16	16	9	19	GEN 41:55
ਭੁੱਖਿਆ	2	2	2	0	MAT 15:32
ਭੁੱਖਿਆਂ	5	5	4	7	PSA 107:36
ਭੁੱਖੀ	1	1	1	1	PSA 107:9
ਭੁੱਖੇ	25	25	13	28	DEU 8:3
ਭੁੱਜਣ	1	1	1	0	DEU 1:12
ਭੁੱਜੇ	1	1	1	1	JOS 5:11
ਭੁੱਠਾ	1	1	1	1	EXO 5:12
ਭੁੱਠੇ	1	1	1	0	EXO 15:7
ਭੁੱਬਾਂ	8	8	7	13	GEN 27:34
ਭੁੱਭਾਂ	3	3	3	0	GEN 27:38
ਭੁੱਲ	76	76	22	85	GEN 27:45
ਭੁੱਲਣ	2	2	2	3	JOB 8:13
ਭੁੱਲਣਹਾਰੇ	1	1	1	1	PSA 88:12
ਭੁੱਲਣਾ	1	1	1	1	2KI 17:38
ਭੁੱਲਦਾ	2	2	1	4	PSA 119:109
ਭੁੱਲਾ	2	2	2	3	GEN 37:15
ਭੁੱਲਾਂ	2	2	2	2	2CH 28:13
ਭੁੱਲਾਂਗਾ	3	3	3	3	PSA 119:93
ਭੁੱਲਿਆ	7	7	4	5	DEU 26:13
ਭੁੱਲਿਆਂ	1	1	1	2	HEB 5:2
ਭੁੱਲਿਓ	1	1	1	2	HEB 13:16
ਭੁੱਲੀ	2	2	2	3	ISA 13:14
ਭੁੱਲੇ	3	3	2	3	PSA 119:21
ਭੁੱਲੇਗਾ	2	2	2	2	DEU 4:31
ਭੁੱਲੇਗੀ	2	2	1	3	JER 20:11
ਭੁੱਲੋ	2	2	2	2	NUM 15:22
ਭੂਆਂ	1	1	1	0	EZK 38:4
ਭੂਆਂਉਂਦਾ	1	1	1	0	PSA 107:40
ਭੂਚਾਲ	2	2	2	18	EZK 38:19
ਭੂਤ	52	52	10	45	LEV 17:7
ਭੂਤ-ਮਿੱਤ੍ਰਾਂ	2	2	1	1	ISA 8:19
ਭੂਤਨਾ	2	2	2	0	MAT 14:26
ਭੂਤਨਿਆ	1	1	1	0	PSA 106:37
ਭੂਤਨਿਆਂ	4	4	2	2	PRO 2:18
ਭੂਤਨੀ	1	1	1	0	ISA 34:14
ਭੂਤਨੇ	4	4	3	0	JOB 26:5
ਭੂਤਾਂ	34	34	7	39	MAT 8:31
ਭੂਮ	1	1	1	0	ACT 2:8
ਭੂਮਕਾ	1	1	1	0	1CH 12:33
ਭੂਮੀ	95	95	22	128	GEN 11:28
ਭੂਮੀਂ	1	1	1	0	1KI 9:7
ਭੂਮੀਆਂ	1	1	1	1	PSA 49:11
ਭੂਰੇ	5	5	5	1	JDG 4:18
ਭੂੰਮੀ	3	3	1	0	2CH 6:25
ਭੇਂਟ	15	15	9	22	1SA 2:13
ਭੇਂਟਾ	4	4	3	0	EZR 7:17
ਭੇਂਵਿਆ	2	2	2	1	MAT 27:48
ਭੇਉਂ	1	1	1	0	ISA 16:9
ਭੇਉਣ	1	1	1	0	LUK 7:38
ਭੇਜ	21	21	12	114	LEV 16:21
ਭੇਜਣ	8	8	4	20	MRK 6:7
ਭੇਜਣਗੇ	1	1	1	1	REV 11:10
ਭੇਜਣੀ	1	1	1	0	1SA 6:3
ਭੇਜਦਾ	5	5	3	30	MAT 10:16
ਭੇਜਦੀ	2	2	2	0	1CO 16:19
ਭੇਜਦੀਆਂ	1	1	1	0	1CO 16:19
ਭੇਜਦੇ	4	4	3	5	1SA 6:3
ਭੇਜਨ	1	1	1	0	JHN 13:16
ਭੇਜਾਂ	2	2	2	11	ACT 25:21
ਭੇਜਾਂਗਾ	3	3	2	39	JHN 15:26
ਭੇਜਿਆ	91	91	18	430	GEN 27:42
ਭੇਜੀ	3	3	3	20	GEN 2:21
ਭੇਜੀਏ	3	3	3	5	1SA 6:4
ਭੇਜੇ	16	16	10	100	JDG 19:29
ਭੇਜੇਗਾ	4	4	4	13	DAN 11:20
ਭੇਜੋ	1	1	1	10	1SA 5:11
ਭੇਟ	477	477	31	501	GEN 4:3
ਭੇਟਾ	23	23	5	0	EXO 29:28
ਭੇਟਾਂ	180	180	22	230	EXO 10:25
ਭੇਡ	35	35	16	103	EXO 22:1
ਭੇਡਾਂ	174	174	30	174	GEN 21:27
ਭੇਡੂ	1	1	1	73	EZR 6:9
ਭੇਡੋ	3	3	1	3	EZK 34:17
ਭੇਤ	44	44	21	77	JOS 2:1
ਭੇਤਾਂ	9	9	6	6	2SA 24:25
ਭੇਤੀ	1	1	1	1	2SA 15:10
ਭੇਤੀਆਂ	1	1	1	5	LUK 20:20
ਭੇਦ	8	8	5	7	EXO 11:7
ਭੇਰੇ	1	1	1	0	NEH 6:8
ਭੇਵਿਆ	1	1	1	0	LEV 11:38
ਭੇਵੀਂ	1	1	1	1	JER 13:1
ਭੇਵੇ	1	1	1	0	LUK 7:44
ਭੇਸ	13	13	7	11	DEU 22:5
ਭੇੜ	13	13	8	0	GEN 19:6
ਭੇੜਾਂ	1	1	1	0	SNG 2:14
ਭੇੜਿਆ	1	1	1	0	JDG 3:23
ਭੈ	205	205	31	1	GEN 9:2
ਭੈਂ	1	1	1	0	DEU 10:12
ਭੈਂਗਾ	1	1	1	1	LEV 21:20
ਭੈਜਲ	12	12	5	4	2CH 30:7
ਭੈਜਲਾ	1	1	1	0	PSA 34:4
ਭੈਜਲਾਂ	3	3	2	0	JOB 24:17
ਭੈਣ	101	101	25	109	GEN 4:22
ਭੈਣਤਿਮਨਾ	1	1	1	0	1CH 1:39
ਭੈਣਾ	2	2	2	0	EZK 16:51
ਭੈਣਾਂ	28	28	13	20	JOS 2:13
ਭੈਣੋ	57	57	5	0	1CO 1:10
ਭੈਦਾਇਕ	1	1	1	0	NEH 9:32
ਭੈਭੀਤ	1	1	1	0	1PE 3:6
ਭੈਮਾਨ	6	6	6	2	GEN 32:7
ਭੈੜਾ	26	26	10	23	2KI 3:2
ਭੈੜਿਆ	1	1	1	0	2KI 17:13
ਭੈੜਿਆਂ	1	1	1	2	EZK 5:11
ਭੈੜੀ	9	9	5	8	DEU 15:21
ਭੈੜੀਆਂ	4	4	3	3	2CH 21:19
ਭੈੜੇ	25	25	17	18	GEN 40:7
ਭੋ	3	3	2	0	2SA 23:3
ਭੋਂ	29	29	13	11	EXO 4:9
ਭੋਏਂ	1	1	1	0	1SA 14:25
ਭੋਗ	21	21	13	21	2SA 16:21
ਭੋਗਣ	6	6	5	7	ECC 6:2
ਭੋਗਣਗੇ	5	5	4	5	PRO 1:31
ਭੋਗਣਾ	3	3	3	4	ACT 17:3
ਭੋਗਣੇ	2	2	2	0	1PE 1:11
ਭੋਗਦਾ	7	7	6	4	JDG 3:30
ਭੋਗਦੇ	9	9	6	10	PSA 107:17
ਭੋਗਿਆ	2	2	2	4	ROM 1:27
ਭੋਗੀ	1	1	1	0	ISA 8:21
ਭੋਗੀਏ	1	1	1	0	1TI 2:2
ਭੋਗੇ	8	8	6	8	2CH 36:21
ਭੋਗੇਗਾ	3	3	3	2	PRO 14:14
ਭੋਜਨ	114	114	27	188	GEN 1:29
ਭੋਜਨਾਂ	3	3	3	4	1TI 4:3
ਭੋਜਿਆ	1	1	1	0	ACT 5:21
ਭੋਟਣੀਆਂ	1	1	1	0	COL 2:4
ਭੋਰੇ	4	4	3	9	GEN 40:15
ਭੋਲਾ	6	6	2	5	GEN 25:27
ਭੋਲਿਆਂ	3	3	2	6	PRO 1:4
ਭੋਲਿਓ	2	2	1	2	PRO 1:22
ਭੋਲੀ	2	2	2	2	PRO 9:13
ਭੋਲੀਆਂ	2	2	2	0	PSA 116:6
ਭੋਲੇ	11	11	6	5	NUM 35:11
ਭੋਲੇਪਣ	2	2	1	1	PRO 1:22
ਭੋਹ	12	12	4	1	JOB 41:27
ਭੋਹਨ	1	1	1	0	LAM 4:10
ਭੋਹਰਾ	4	4	3	3	ISA 24:17
ਭੋਹਰੇ	17	17	4	7	ISA 24:18
ਭੌ	11	11	5	0	JER 48:43
ਭੌਂ	8	8	5	1	JDG 11:18
ਭੌਂਕ	1	1	1	1	ISA 56:10
ਭੌਂਕਣ	2	2	2	1	PSA 59:14
ਭੌਂਕਦੇ	1	1	1	1	PSA 59:6
ਭੌਂਕੇਗਾ	1	1	1	1	EXO 11:7
ਭੌਂਣ	2	2	2	0	2SA 7:10
ਭੌਂਦਲ	1	1	1	0	PSA 35:26
ਭੌਂਦੀ	2	2	2	0	GEN 21:14
ਭੌਂਦੂ	2	2	1	0	GEN 4:12
ਭੌਂਦੇ	5	5	5	2	1SA 30:31
ਭੌਜਲ	1	1	1	0	ROM 8:35
ਭੌਜਲਾਂ	8	8	1	0	2CO 11:26
ਭੌਤਿਕ	6	6	1	0	1CO 9:11
ਭੌਦਲ	1	1	1	0	PSA 35:4
ਭੌਰ	2	2	2	0	MAT 16:3
ਭੌਰੇ	1	1	1	0	LUK 11:33
ਭ੍ਰਸ਼ਟਾਚਾਰ	1	1	1	0	2PE 2:19
ਭ੍ਰਿਸ਼ਟ	51	51	16	1	LEV 11:43
ਭ੍ਰਿਸ਼ਟਤਾਈਆਂ	1	1	1	0	REV 17:4
ਭ੍ਰਿਸ਼ਟਾਂ	1	1	1	0	HEB 9:13
ਭ੍ਰਿਸ਼ਟੇ	1	1	1	0	LAM 4:15
ਭੜਕ	29	29	14	31	GEN 39:19
ਭੜਕਣ	1	1	1	2	EXO 32:12
ਭੜਕਦਾ	1	1	1	2	EZK 20:47
ਭੜਕਦੀ	1	1	1	2	LAM 2:3
ਭੜਕਾ	1	1	1	1	EZK 24:10
ਭੜਕਾਇਆ	13	13	10	15	JOS 7:1
ਭੜਕਾਈ	2	2	2	2	JER 17:4
ਭੜਕਾਉਂਦਾ	1	1	1	2	PRO 15:1
ਭੜਕਾਉਂਦੀ	1	1	1	1	EZK 8:3
ਭੜਕਾਉਣ	10	10	5	11	1KI 15:30
ਭੜਕਾਓ	1	1	1	1	EPH 6:4
ਭੜਕਾਵਾਂਗਾ	4	4	3	4	JER 43:12
ਭੜਕਿਆ	26	26	13	42	GEN 30:2
ਭੜਕੀ	1	1	1	1	PSA 78:21
ਭੜਕੀਲੀ	2	2	1	1	LUK 7:25
ਭੜਕੀਲੀਆਂ	1	1	1	1	REV 18:14
ਭੜਕੀਲੇ	2	2	2	0	ACT 10:30
ਭੜਕੇ	6	6	4	10	GEN 44:18
ਭੜਕੇਗਾ	2	2	2	3	2KI 22:17
ਭੜੋਲਾ	1	1	1	0	LUK 12:24
ਭੜੋਲਿਆਂ	1	1	1	1	MAT 6:26
ਭੰਗ	5	5	4	4	DEU 31:16
ਭੰਡ	1	1	1	0	EZR 3:13
ਭੰਡਾਰ	13	13	9	26	EXO 1:11
ਭੰਡਾਰਾ	1	1	1	0	PSA 33:7
ਭੰਡਾਰਾਂ	8	8	3	12	1CH 27:25
ਭੰਡਾਰੀ	3	3	2	13	1KI 4:7
ਭੰਡਾਰੀਆਂ	2	2	2	5	1KI 4:5
ਭੰਡਾਰੇ	1	1	1	0	PSA 17:14
ਭੰਡੀ	2	2	2	0	PRO 30:9
ਭੰਨ	85	85	22	73	GEN 27:40
ਭੰਨਣ	4	4	4	5	GEN 19:9
ਭੰਨਾਂ	1	1	1	0	HOS 5:10
ਭੰਨਾਂਗਾ	5	5	3	4	JDG 2:1
ਭੰਨਿਆ	16	16	9	10	GEN 17:14
ਭੰਨੀ	4	4	4	2	LEV 6:28
ਭੰਨੀਆ	1	1	1	0	PSA 37:17
ਭੰਨੀਆਂ	2	2	2	3	JOB 22:9
ਭੰਨੇ	12	12	8	7	LEV 11:35
ਭੰਨੇਗਾ	2	2	2	1	ISA 42:3
ਭੱਖ	33	33	13	16	EXO 15:7
ਭੱਖਦਾ	1	1	1	2	PSA 89:46
ਭੱਖਦੇ	1	1	1	2	EZK 1:13
ਭੱਖੜਿਆਂ	1	1	1	1	PRO 24:31
ਭੱਖੜੇ	1	1	1	1	HEB 6:8
ਭੱਛ	4	4	3	0	GEN 37:20
ਭੱਜ	109	109	33	171	GEN 16:6
ਭੱਜਣ	8	8	4	14	GEN 19:20
ਭੱਜਣਗੇ	4	4	4	5	LEV 26:36
ਭੱਜਣਾ	5	5	4	4	2SA 18:27
ਭੱਜਦਾ	1	1	1	4	EZK 33:31
ਭੱਜਦੇ	4	4	4	7	LEV 26:36
ਭੱਜਾ	10	10	8	7	GEN 31:27
ਭੱਜਾਂ	1	1	1	0	2SA 18:22
ਭੱਜਿਆ	8	8	7	18	GEN 31:21
ਭੱਜੀਆਂ	1	1	1	1	ISA 21:9
ਭੱਜੀਏ	1	1	1	1	JDG 20:32
ਭੱਜੇ	18	18	13	22	GEN 14:10
ਭੱਜੇਂ	1	1	1	2	PRO 4:12
ਭੱਜੇਗਾ	1	1	1	2	ISA 13:14
ਭੱਜੋਗੇ	2	2	2	3	LEV 26:17
ਭੱਠੀ	25	25	11	28	GEN 19:28
ਭੱਠੇ	5	5	3	6	NAM 1:10
ਭੱਦਣ	2	2	2	2	DEU 14:1
ਭੱਦੇ	1	1	1	0	2PE 2:13
ਭੱਲਾਂ	1	1	1	0	PSA 19:12
ਭੱਲਿਓ	1	1	1	0	DEU 12:19
ਮਅਕਾਥੀ	2	2	2	0	2KI 25:23
ਮਅਕਾਹ	9	9	3	21	2SA 20:14
ਮਅਕਾਹਕ	1	1	1	0	1CH 2:48
ਮਅਜ਼ਯਾਹ	2	2	2	2	1CH 24:18
ਮਅਦਈ	1	1	1	1	EZR 10:34
ਮਅਰਾਥ	1	1	1	1	JOS 15:59
ਮਅਸ	1	1	1	1	1CH 2:27
ਮਅਸ਼ੇਯਾਹ	1	1	1	4	EZR 10:22
ਮਅਸੇਆਹ	1	1	1	0	EZR 10:30
ਮਅਸੇਯਾਰ	1	1	1	0	NEH 11:7
ਮਅਸੇਯਾਹ	12	12	5	15	1CH 15:18
ਮਆਕਾਤੀਆਂ	2	2	2	0	DEU 3:14
ਮਆਕਾਥੀ	3	3	3	5	JOS 13:13
ਮਆਕਾਥੀਆਂ	2	2	1	4	JOS 13:11
ਮਆਕਾਹ	10	10	4	4	2SA 3:3
ਮਆਦਯਾਹ	1	1	1	1	NEH 12:5
ਮਆਰਾਹ	1	1	1	1	JOS 13:4
ਮਆਸਯਾਹ	1	1	1	1	JER 29:21
ਮਆਸ਼ੇਯਾਹ	1	1	1	0	NEH 3:23
ਮਆਸੀਯਾਹ	1	1	1	0	2CH 28:7
ਮਆਸੇਯਾਹ	4	4	2	3	NEH 8:4
ਮਈ	2	2	2	0	JHN 12:27
ਮਈਹ	1	1	1	0	2PE 3:18
ਮਊਨੀਮ	4	4	4	4	1CH 4:41
ਮਏਲ	1	1	1	0	ZEC 2:11
ਮਓਨ	3	3	3	1	NUM 32:38
ਮਓਨੋਥਈ	1	1	1	1	1CH 4:14
ਮਕ	3	3	2	0	EXO 4:25
ਮਕਤੇਸ਼	1	1	1	1	ZEP 1:11
ਮਕਦਨਬਈ	1	1	1	1	EZR 10:40
ਮਕਦੁਨਿਯਾ	1	1	1	0	ROM 15:26
ਮਕਦੂਨਿਯਾ	24	24	6	28	ACT 16:9
ਮਕਦੂਨੀ	2	2	1	2	ACT 16:9
ਮਕਫੀਲਾਹ	1	1	1	0	GEN 49:30
ਮਕਫੇਲਾ	1	1	1	0	GEN 23:19
ਮਕਫੇਲਾਹ	4	4	1	0	GEN 23:9
ਮਕਬਰੇ	3	3	2	1	JDG 8:32
ਮਕਬੇਨਾ	1	1	1	1	1CH 2:49
ਮਕਬੰਨਈ	1	1	1	1	1CH 12:13
ਮਕਮਾਸ਼	1	1	1	0	ISA 10:28
ਮਕਰ	7	7	4	0	JOB 27:4
ਮਕਸਦ	3	3	2	8	1CO 1:10
ਮਕਹੇਲੋਥ	2	2	1	2	NUM 33:25
ਮਕਾਨ	8	8	4	5	2SA 5:9
ਮਕੀਰ	2	2	2	0	NUM 27:1
ਮਕੇਰਾਥੀ	1	1	1	1	1CH 11:36
ਮਕੋਨਾਹ	1	1	1	1	NEH 11:28
ਮਕੜੀ	1	1	1	0	ISA 59:5
ਮਖ਼ੌਲ	1	1	1	42	EXO 32:25
ਮਖੀਰ	4	4	3	0	PRO 16:24
ਮਖੀਲ	1	1	1	1	PSA 19:10
ਮਖੋਲ	3	3	3	0	NUM 22:29
ਮਖੋਲਾਂ	1	1	1	0	PRO 1:22
ਮਖੋਲੀਆਂ	1	1	1	0	PSA 1:1
ਮਖੋਲੀਏ	1	1	1	0	PRO 1:22
ਮਖੌਲ	22	22	14	1	DEU 28:37
ਮਖੌਲਾ	1	1	1	0	PSA 2:4
ਮਖੌਲਿਆਂ	1	1	1	0	PRO 19:29
ਮਖੌਲੀਆ	6	6	2	0	GEN 19:14
ਮਖੌਲੀਆਂ	2	2	2	0	PRO 15:12
ਮਖੌਲੀਏ	7	7	2	0	PRO 9:7
ਮਖੌਲੀਓ	1	1	1	0	ISA 28:14
ਮਖੱਣ	1	1	1	0	2SA 17:29
ਮਗਤਬਾ	1	1	1	0	ACT 22:28
ਮਗਦਲੀਨੀ	12	12	4	14	MAT 27:56
ਮਗਦਾਨ	1	1	1	1	MAT 15:39
ਮਗਦੀਏਲ	2	2	2	2	GEN 36:43
ਮਗਨ	21	21	9	27	2CH 17:6
ਮਗਪੀਸ਼ਾਹ	1	1	1	0	NEH 10:20
ਮਗਬੀਸ਼	1	1	1	1	EZR 2:30
ਮਗਰ	226	226	34	127	GEN 37:17
ਮਗਰੂਰ	3	3	3	0	JOB 28:8
ਮਗਰੂਰਾਂ	1	1	1	0	JOB 41:34
ਮਗਰੂਰੀ	1	1	1	1	EZK 32:12
ਮਗਰੇ	1	1	1	1	1SA 26:3
ਮਗਰੋ	3	3	3	0	2SA 13:17
ਮਗਰੋਂ	147	147	34	60	GEN 4:3
ਮਗਿੱਦੋ	11	11	7	12	JOS 12:21
ਮਗੋਗ	1	1	1	1	REV 20:8
ਮਚ	2	2	2	0	EST 4:3
ਮਚਾ	1	1	1	0	ISA 15:5
ਮਚਾਇਆ	4	4	2	4	PSA 46:6
ਮਚਾਈਆਂ	1	1	1	1	PSA 46:8
ਮਚਾਉਂਦੇ	2	2	2	0	PSA 93:3
ਮਚਾਉਣ	1	1	1	1	ACT 22:23
ਮਛੀ	8	8	3	0	NEH 3:3
ਮਛੀਆਂ	13	13	3	0	JHN 6:9
ਮਜਦੂਰ	1	1	1	0	ISA 16:14
ਮਜਦੂਰੀ	3	3	3	0	EXO 2:9
ਮਜਨੂੰ	1	1	1	0	LEV 23:40
ਮਜਬੂਤ	6	6	4	0	PSA 112:7
ਮਜਬੂਰ	4	4	3	0	JHN 8:3
ਮਜਲਸ	1	1	1	0	ACT 19:39
ਮਜਲਿਸਾਂ	2	2	2	0	MAT 10:17
ਮਜਲੀ	1	1	1	0	GEN 6:16
ਮਜ਼ਦੂਰ	5	5	3	28	DEU 15:18
ਮਜ਼ਦੂਰੀ	3	3	3	46	DEU 24:15
ਮਜ਼ਬੂਤ	10	10	7	34	JOB 4:4
ਮਜ਼ਬੂਤੀ	2	2	2	7	1CO 15:1
ਮਜ਼ਬੂਰ	2	2	2	9	2KI 4:8
ਮਜ਼ਾ	1	1	1	0	GEN 18:12
ਮਜਾਜ	4	4	1	0	NUM 5:14
ਮਜਾਲ	3	3	3	0	1SA 6:20
ਮਜੀਠ	1	1	1	0	ISA 1:18
ਮਜੀਰਿਆਂ	1	1	1	1	1CH 15:28
ਮਜੀਰੇ	1	1	1	1	1CH 15:16
ਮਜੂਦ	2	2	2	0	2CH 30:21
ਮਜੂਰ	17	17	10	0	EXO 12:45
ਮਜੂਰਾਂ	2	2	1	0	MAT 20:2
ਮਜੂਰੀ	19	19	14	0	GEN 31:8
ਮਟ	3	3	1	0	JHN 2:6
ਮਟਕਾ	1	1	1	1	ISA 3:16
ਮਟਕਾਉਂਦਾ	1	1	1	1	PRO 10:10
ਮਟਕਾਉਣ	2	2	2	2	PSA 35:19
ਮਟਕਾਵਾਂ	1	1	1	1	JOB 31:1
ਮਟਕੇ	2	2	1	4	JER 13:12
ਮਟਰੀ	1	1	1	0	1SA 10:21
ਮਟਰੇਦ	2	2	2	0	GEN 36:39
ਮਟਾਂ	2	2	1	0	JHN 2:7
ਮਟੀ	1	1	1	0	2SA 18:18
ਮਣ	28	28	9	23	EXO 25:39
ਮਣਸੀ	7	7	2	0	JOS 7:1
ਮਣਸੀਆਂ	3	3	1	0	JOS 6:18
ਮਣੀ	1	1	1	0	GEN 38:9
ਮਤ	3	3	2	2	ACT 13:8
ਮਤਣੀ	1	1	1	0	PRO 7:11
ਮਤਨਈ	1	1	1	3	NEH 12:19
ਮਤਨਯਾਹ	4	4	3	0	1CH 25:4
ਮਤਭੇਦ	2	2	1	2	JHN 7:43
ਮਤਲਬ	18	18	11	14	GEN 21:29
ਮਤਵਾਲਾ	2	2	2	7	HAB 2:15
ਮਤਵਾਲੇ	2	2	2	6	1KI 20:16
ਮਤਹਤ	1	1	1	0	2CH 31:15
ਮਤਹਿਤ	7	7	2	0	GAL 3:25
ਮਤਾ	55	55	16	20	GEN 37:18
ਮਤਾਇਆ	1	1	1	0	ISA 14:24
ਮਤਾਉਂਦੇ	3	3	1	1	PSA 62:4
ਮਤਾਹ	3	3	2	0	EZK 27:19
ਮਤਿਆ	1	1	1	0	PSA 5:10
ਮਤਿਆਂ	1	1	1	1	PSA 81:12
ਮਤਿਥਯਾਹ	1	1	1	0	1CH 9:31
ਮਤੇ	115	115	32	21	GEN 19:19
ਮਥ	1	1	1	0	1CO 14:25
ਮਥਥ	1	1	1	0	1CH 6:35
ਮਥਾ	3	3	3	0	DEU 4:19
ਮਥੂਸਲਹ	6	6	2	7	GEN 5:21
ਮਥੂਸ਼ਲਹ	1	1	1	0	1CH 1:3
ਮਥੂਸ਼ਾਏਲ	2	2	1	2	GEN 4:18
ਮਥੇ	2	2	2	1	EXO 29:2
ਮਦਦ	11	11	8	23	2CH 18:31
ਮਦਦਗਾਰ	3	3	2	2	1CO 10:23
ਮਦਨ	3	3	3	0	DEU 34:8
ਮਦਮੇਨ	1	1	1	1	JER 48:2
ਮਦਮੇਨਾਹ	1	1	1	1	ISA 10:31
ਮਦਮੰਨਾਹ	2	2	2	2	JOS 15:31
ਮਦਾਨ	72	72	18	2	GEN 11:2
ਮਦਾਨਾਂ	1	1	1	0	JOS 13:32
ਮਦਾਨੀ	1	1	1	0	JER 32:44
ਮਦੀਖਾਨਿਆਂ	1	1	1	0	NEH 12:25
ਮਦੀਨ	1	1	1	0	LEV 3:6
ਮਧ	63	63	15	113	GEN 9:21
ਮਧਮ	1	1	1	0	EZK 5:13
ਮਧਰਾ	2	2	2	2	LEV 21:20
ਮਧਾਂ	2	2	1	2	ISA 25:6
ਮਧੋਲੋ	1	1	1	0	MIC 1:10
ਮਨ	607	607	50	723	GEN 6:5
ਮਨਏਨ	1	1	1	1	ACT 13:1
ਮਨਜ਼ੂਰ	1	1	1	0	JOB 34:33
ਮਨਜ਼ੂਰੀ	1	1	1	3	LUK 4:19
ਮਨਜੂਰੀ	1	1	1	0	EXO 28:38
ਮਨਣ	1	1	1	0	1TI 3:9
ਮਨਮੁੱਖ	2	2	2	1	PRO 14:14
ਮਨਮੋਹਣੀ	1	1	1	2	EST 2:15
ਮਨਮੋਹਣੀਆਂ	1	1	1	1	ECC 2:8
ਮਨਸਬਦਰਾਂ	1	1	1	0	EST 3:12
ਮਨਸਬਦਾਰ	3	3	1	0	DAN 6:1
ਮਨਸਬਦਾਰਾਂ	6	6	2	0	EST 3:12
ਮਨਸ਼ਾ	27	27	14	5	1KI 8:17
ਮਨਸ਼ੱਹ	1	1	1	1	1CH 27:20
ਮਨਹ	1	1	1	1	EZR 2:69
ਮਨਹਥੀਆਂ	1	1	1	1	1CH 2:54
ਮਨਹੇਮ	8	8	1	9	2KI 15:14
ਮਨਾ	20	20	15	18	EXO 23:14
ਮਨਾਂ	55	55	24	71	GEN 18:5
ਮਨਾਇਆ	25	25	11	36	EXO 12:17
ਮਨਾਇਓ	3	3	2	6	EXO 12:14
ਮਨਾਈ	17	17	8	16	1SA 11:15
ਮਨਾਈਂ	2	2	1	2	EXO 34:18
ਮਨਾਈਆਂ	1	1	1	1	MIC 6:16
ਮਨਾਈਏ	2	2	2	4	2CH 30:23
ਮਨਾਉਂਦਾ	4	4	4	3	HAB 1:15
ਮਨਾਉਂਦੇ	9	9	7	10	2KI 11:14
ਮਨਾਉਣ	17	17	10	21	EXO 12:42
ਮਨਾਉਣਗੇ	3	3	2	5	EST 9:27
ਮਨਾਉਣਾ	4	4	3	14	LEV 19:30
ਮਨਾਉਣੀ	1	1	1	1	NUM 9:14
ਮਨਾਉਤਾ	1	1	1	1	EXO 16:23
ਮਨਾਏ	1	1	1	1	EST 9:28
ਮਨਾਏਗਾ	1	1	1	1	JOB 20:18
ਮਨਾਓ	12	12	7	13	NUM 9:4
ਮਨਾਦੀ	5	5	5	4	MRK 1:39
ਮਨਾਵਾਂਗਾ	1	1	1	4	PSA 108:7
ਮਨਾਵਾਗਾਂ	1	1	1	0	HAB 3:18
ਮਨਾਵੇ	7	7	5	7	EXO 5:1
ਮਨਾਵੇਗਾ	1	1	1	1	PSA 13:5
ਮਨਾਸੋਨ	1	1	1	1	ACT 21:16
ਮਨਾਹੀ	4	4	2	7	DAN 6:7
ਮਨੁਖ	5	5	4	0	DEU 19:5
ਮਨੁਖਾਂ	1	1	1	0	ACT 4:12
ਮਨੁਹੋਥ	1	1	1	1	1CH 2:52
ਮਨੁੱਖ	1500	1500	57	1892	GEN 4:1
ਮਨੁੱਖਤਾਈ	1	1	1	0	ROM 6:6
ਮਨੁੱਖਨੂੰ	1	1	1	0	2SA 18:26
ਮਨੁੱਖਾ	4	4	3	3	RUT 4:2
ਮਨੁੱਖਾਂ	372	372	41	454	GEN 14:24
ਮਨੁੱਖੀ	2	2	1	5	1CO 4:3
ਮਨੁੱਖੋ	4	4	4	6	PRO 8:4
ਮਨੇ	4	4	3	3	DAN 5:25
ਮਨੋ	1	1	1	1	PSA 119:2
ਮਨੋਂ	14	14	9	14	EZR 7:16
ਮਨੋਰਥ	9	9	6	4	1CH 17:2
ਮਨੋਰਥਾਂ	3	3	2	3	PSA 20:4
ਮਨੋਹਰ	1	1	1	1	PRO 8:11
ਮਨੋਹਰਤਾ	3	3	2	3	PSA 27:4
ਮਨੌਤ	5	5	2	4	EXO 19:5
ਮਨੰਸ਼ੀਆਂ	1	1	1	0	1CH 5:23
ਮਨੱਸਹ	2	2	1	0	MAT 1:10
ਮਨੱਸ਼ਹ	123	123	13	146	GEN 41:51
ਮਨੱਸ਼ਾਹ	1	1	1	0	1CH 12:37
ਮਨੱਸ਼ੀ	2	2	2	3	DEU 3:14
ਮਨੱਸ਼ੀਆਂ	12	12	5	15	NUM 7:54
ਮਫ਼ੀਬੋਸ਼ਥ	7	7	1	13	2SA 9:6
ਮਫੀਬੋਸ਼ਥ	5	5	1	4	2SA 4:4
ਮਬੁੰਨਈ	1	1	1	1	2SA 23:27
ਮਮਤਾ	1	1	1	1	1KI 3:26
ਮਮਰਨ	1	1	1	0	ACT 21:13
ਮਮਰੇ	10	10	1	10	GEN 13:18
ਮਮੂਕਾਨ	3	3	1	3	EST 1:14
ਮਮੂਲੀ	1	1	1	0	1SA 21:5
ਮਯਾ	1	1	1	0	PRO 18:11
ਮਯਿਮ	1	1	1	0	JOS 13:6
ਮਰ	375	375	39	432	GEN 3:3
ਮਰਕਾਬੋਥ	1	1	1	2	JOS 19:5
ਮਰਕਾਹ	1	1	1	0	2SA 15:17
ਮਰਕੁਸ	12	12	6	27	MRK 0:0
ਮਰਜ਼ੀ	25	25	12	75	LEV 22:18
ਮਰਜਾਦਾ	7	7	7	2	LEV 5:10
ਮਰਜੀ	10	10	4	0	EZR 7:18
ਮਰਣ	1	1	1	0	2CH 32:24
ਮਰਤਬਾਨ	2	2	2	2	1KI 14:3
ਮਰਦ	62	62	22	19	GEN 2:24
ਮਰਦਊਪੁਣੇ	1	1	1	0	EPH 4:13
ਮਰਦਾ	14	14	9	15	NUM 23:9
ਮਰਦਾਂ	6	6	4	8	2CH 31:19
ਮਰਦੁਮਸ਼ੁਮਾਰੀ	3	3	2	1	LUK 2:1
ਮਰਦੇ	8	8	7	6	JOB 31:19
ਮਰਦੋ	2	2	1	1	ACT 19:35
ਮਰਨ	92	92	32	92	GEN 20:3
ਮਰਨਗੀਆਂ	1	1	1	1	JHN 10:28
ਮਰਨਗੇ	9	9	6	10	GEN 20:7
ਮਰਨਸ਼ੀਲ	1	1	1	0	1CO 15:54
ਮਰਨਹਰ	1	1	1	0	ROM 6:12
ਮਰਨਹਾਰ	4	4	3	7	ISA 51:12
ਮਰਨਾ	16	16	12	18	DEU 4:22
ਮਰਨਾਊ	6	6	5	1	PSA 88:15
ਮਰਨਾਊਂ	1	1	1	0	2KI 20:1
ਮਰਨਾਊਆਂ	1	1	1	0	2CO 6:9
ਮਰਮਰ	4	4	3	0	EST 1:6
ਮਰਯੋਥ	1	1	1	0	EZR 7:3
ਮਰਵਾ	10	10	7	16	DEU 28:7
ਮਰਵਾਉਣ	1	1	1	1	MRK 13:12
ਮਰਸ	1	1	1	1	EST 1:14
ਮਰਸਨਾ	1	1	1	1	EST 1:14
ਮਰਾਂ	1	1	1	2	1KI 13:31
ਮਰਾਂਗਾ	10	10	8	5	EXO 3:20
ਮਰਾਂਗੀ	1	1	1	1	RUT 1:17
ਮਰਾਂਗੇ	8	8	7	6	JDG 15:13
ਮਰਾਤਬੇ	1	1	1	0	1TI 2:2
ਮਰਾਥਇਮ	1	1	1	1	JER 50:21
ਮਰਾਯੋਥ	6	6	2	7	1CH 6:6
ਮਰਾਰੀ	23	23	5	24	GEN 46:11
ਮਰਾਰੀਆਂ	17	17	5	17	NUM 3:36
ਮਰਾਲਾਹ	1	1	1	1	JOS 19:11
ਮਰਾੜ	1	1	1	1	MRK 9:26
ਮਰਿਆ	14	14	8	37	EXO 9:6
ਮਰਿਆਂ	1	1	1	8	JHN 11:39
ਮਰਿਯਮ	68	68	6	75	MAT 1:16
ਮਰੀ	20	20	11	35	EXO 5:3
ਮਰੀਆਂ	1	1	1	1	LUK 21:11
ਮਰੀਏ	9	9	6	7	GEN 47:15
ਮਰੀਥੋਥ-ਕਾਦੇਸ਼	1	1	1	0	EZK 47:19
ਮਰੀਬਬਅਲ	4	4	1	0	1CH 8:34
ਮਰੀਬਾਹ	8	8	4	9	EXO 17:7
ਮਰੀਬੋਥ	1	1	1	0	EZK 48:28
ਮਰੂ	1	1	1	0	PSA 41:5
ਮਰੇ	23	23	15	40	EXO 21:18
ਮਰੇਂ	1	1	1	1	ECC 7:17
ਮਰੇਂਗਾ	22	22	10	19	GEN 2:17
ਮਰੇਂਗੀ	1	1	1	1	RUT 1:17
ਮਰੇਂਮੋਥ	1	1	1	0	NEH 10:5
ਮਰੇਗਾ	47	47	9	50	EXO 9:4
ਮਰੇਗੀ	2	2	1	2	EZK 18:4
ਮਰੇਮੋਥ	5	5	2	6	EZR 8:33
ਮਰੋ	3	3	2	2	GEN 42:20
ਮਰੋਂਗੇ	1	1	1	0	JHN 8:24
ਮਰੋਗੇ	6	6	4	8	GEN 3:4
ਮਰੋਦਕ	1	1	1	0	2KI 25:27
ਮਰੋਦਕ-ਬਲਦਾਨ	1	1	1	2	ISA 39:1
ਮਰੋਦਾਕ	1	1	1	1	JER 50:2
ਮਰੋਨ	1	1	1	1	JOS 12:20
ਮਰੋੜ	6	6	4	6	LEV 1:15
ਮਰੋੜਦੇ	1	1	1	2	MIC 3:9
ਮਰੋੜਨ	1	1	1	1	PRO 30:33
ਮਰੋੜਾਂ	1	1	1	1	ACT 28:8
ਮਰੋੜਿਆ	3	3	3	2	ZEP 3:4
ਮਰੋੜੇ	1	1	1	0	LAM 1:20
ਮਰੰਮਤ	2	2	1	0	ISA 58:12
ਮਲ	8	8	5	6	EXO 21:21
ਮਲਕ	4	4	3	3	1CH 8:35
ਮਲਕਮ	1	1	1	1	1CH 8:9
ਮਲਕਾ	32	32	3	3	NEH 2:6
ਮਲਕਾਮ	3	3	2	3	JER 49:1
ਮਲਕਿ-ਸਿਦਕ	2	2	2	0	GEN 14:18
ਮਲਕਿਸ਼ੂਆ	1	1	1	0	1SA 31:2
ਮਲਕਿਸਿਦਕ	7	7	1	13	HEB 5:6
ਮਲਕਿਸਿਸਕ	1	1	1	0	HEB 6:20
ਮਲਕੀ	2	2	1	2	LUK 3:24
ਮਲਕੀਅਤ	2	2	2	2	1CH 9:2
ਮਲਕੀਅਤਾਂ	1	1	1	1	2CH 11:14
ਮਲਕੀਏਲ	3	3	3	3	GEN 46:17
ਮਲਕੀਏਲੀਆਂ	1	1	1	1	NUM 26:45
ਮਲਕੀਯਾਰ	1	1	1	0	NEH 10:3
ਮਲਕੀਯਾਹ	13	13	4	16	1CH 6:40
ਮਲਕੀਰਾਮ	1	1	1	1	1CH 3:18
ਮਲਕੀਸ਼ੂਆ	3	3	1	5	1CH 8:33
ਮਲਕੜੇ	4	4	4	1	JDG 4:21
ਮਲਖੁਸ	1	1	1	1	JHN 18:10
ਮਲਟਯਾਹ	1	1	1	1	NEH 3:7
ਮਲਣ	9	9	4	8	EXO 30:25
ਮਲਦੇ	2	2	2	2	EZK 23:21
ਮਲਨ	2	2	2	0	MRK 16:1
ਮਲਬਾ	1	1	1	2	NEH 4:10
ਮਲਬੇ	1	1	1	4	PSA 139:16
ਮਲਮਲ	2	2	2	3	PRO 31:24
ਮਲਯੇ	1	1	1	1	LUK 3:31
ਮਲਾਉਟ	1	1	1	0	EXO 30:33
ਮਲਾਕੀ	5	5	1	10	MAL 0:0
ਮਲਾਮਤ	3	3	2	0	EZK 5:15
ਮਲਾਹ	10	10	5	10	1KI 9:27
ਮਲਾਹਾਂ	5	5	3	6	EZK 27:28
ਮਲਿਆ	9	9	6	10	GEN 31:13
ਮਲਿਕਾ	1	1	1	0	NAM 3:4
ਮਲਿਹਾਂ	2	2	1	0	JDG 8:7
ਮਲੀਂ	4	4	1	4	EXO 30:26
ਮਲੀਆ	6	6	2	0	ISA 10:7
ਮਲੀਆਮੇਟ	1	1	1	2	2CH 15:6
ਮਲੀਕਯਾਹ	1	1	1	0	EZR 10:25
ਮਲੀਨ	2	2	2	0	LEV 22:8
ਮਲੀਨਤਾਈ	1	1	1	0	2CO 7:1
ਮਲੀਹ	1	1	1	1	JER 9:22
ਮਲੂਕੀ	1	1	1	1	NEH 12:14
ਮਲੂਮ	65	65	20	14	GEN 41:21
ਮਲੇਂਗਾ	1	1	1	1	MIC 6:15
ਮਲੋ	1	1	1	1	ISA 21:5
ਮਲੋਗੇ	1	1	1	0	DEU 28:40
ਮਲ੍ਹੇ	1	1	1	0	ISA 55:13
ਮਵੇਸ਼ੀਆਂ	6	6	1	0	1SA 5:9
ਮਵੇਸੀਆਂ	1	1	1	0	1SA 5:6
ਮਸਕ	1	1	1	0	GEN 10:2
ਮਸਕੀਨ	32	32	9	22	JOB 24:4
ਮਸਕੀਨਾ	3	3	1	0	PSA 10:12
ਮਸਕੀਨਾਂ	30	30	6	24	JOB 34:28
ਮਸਕੀਨੀ	1	1	1	0	ZEP 2:3
ਮਸਕੀਨੋ	1	1	1	0	ZEP 2:3
ਮਸਤ	14	14	9	11	2SA 11:13
ਮਸਤਕ	4	4	3	2	EXO 28:38
ਮਸਤਕੀ	1	1	1	1	EXO 30:34
ਮਸਤਾਨੇ	3	3	2	2	DEU 32:42
ਮਸਤੀ	4	4	3	3	JER 2:24
ਮਸਤੂਲ	2	2	2	3	PRO 23:34
ਮਸਰ	3	3	2	3	EXO 9:32
ਮਸਰਾਂ	1	1	1	1	ISA 28:25
ਮਸਰੇਕਾਹ	2	2	2	2	GEN 36:36
ਮਸਲਾਹ	1	1	1	0	GEN 36:37
ਮਸਲਿਆਂ	3	3	2	0	SNG 8:14
ਮਸਲੇ	2	2	2	3	JOB 13:12
ਮਸਹ	112	112	21	100	EXO 25:6
ਮਸ਼	1	1	1	0	GEN 10:23
ਮਸ਼ਕ	16	16	6	0	GEN 21:14
ਮਸ਼ਕਾਂ	17	17	6	17	JOS 9:4
ਮਸ਼ਕੀਨ	1	1	1	0	PSA 10:9
ਮਸ਼ਲਮਯਾਹ	4	4	1	4	1CH 9:21
ਮਸ਼ਵਰਾ	1	1	1	0	1CH 10:13
ਮਸ਼ਹੂਰ	3	3	2	1	JHN 7:18
ਮਸ਼ਹੂਰੀ	2	2	2	2	NUM 14:15
ਮਸ਼ਾ	1	1	1	0	GEN 25:14
ਮਸ਼ਾਲ	1	1	1	5	JDG 7:16
ਮਸ਼ਾਲਾਂ	6	6	4	13	JDG 7:20
ਮਸ਼ਿੱਲੇਮੀਥ	1	1	1	1	1CH 9:12
ਮਸ਼ਿੱਲੇਮੋਥ	1	1	1	0	NEH 11:13
ਮਸ਼ੀਲੇਮੋਥ	1	1	1	2	2CH 28:12
ਮਸ਼ੁੱਲਮਥ	1	1	1	1	2KI 21:19
ਮਸ਼ੁੱਲਾਮ	17	17	4	25	2KI 22:3
ਮਸ਼ੂਲਾਮ	1	1	1	0	2CH 34:12
ਮਸ਼ੂੱਲਾਮ	1	1	1	0	1CH 5:13
ਮਸ਼ੇਜ਼ਬਏਲ	1	1	1	0	NEH 11:24
ਮਸ਼ੇਜ਼ਬੇਲ	2	2	1	3	NEH 3:4
ਮਸ਼ੋਬਾਬ	1	1	1	1	1CH 4:34
ਮਸਾਂ	9	9	2	0	LUK 9:39
ਮਸਾਲ	3	3	3	0	GEN 15:17
ਮਸਾਲਾ	14	14	5	14	EXO 25:6
ਮਸਾਲਾਂ	8	8	3	0	ISA 50:11
ਮਸਾਲਾਹ	2	2	1	0	GEN 37:25
ਮਸਾਲਿਆਂ	4	4	3	5	1CH 9:30
ਮਸਾਲੇ	7	7	6	11	1KI 10:2
ਮਸੀਹ	592	592	29	665	1SA 2:10
ਮਸੀਹਾ	3	3	1	4	JHN 1:41
ਮਸੀਹੀ	5	5	3	21	ACT 9:0
ਮਸੂਲ	8	8	6	5	2CH 24:6
ਮਸੂਲਿਆਂ	1	1	1	0	LUK 19:2
ਮਸੂਲੀਆ	2	2	2	0	MAT 10:3
ਮਸੂਲੀਆਂ	9	9	3	2	MAT 9:11
ਮਸੂਲੀਏ	10	10	3	0	MAT 5:46
ਮਸੋਪੋਤਾਮਿਯਾ	2	2	1	0	ACT 2:9
ਮਸੋਪੋਤਾਮੀਆ	1	1	1	4	GEN 24:10
ਮਸੋਪੋਤਾਮੀਆਂ	2	2	2	0	DEU 23:4
ਮਸੋਬਾਯਾਥੀ	1	1	1	1	1CH 11:47
ਮਹਜ਼ੀਓਥ	2	2	1	2	1CH 25:4
ਮਹਤਵਪੂਰਣ	1	1	1	0	1CO 3:5
ਮਹਥ	2	2	1	3	2CH 29:12
ਮਹਨ	1	1	1	0	PSA 47:2
ਮਹਨਇਮ	9	9	4	14	JOS 13:26
ਮਹਨਯਿਮ	1	1	1	0	1CH 6:80
ਮਹਨਾਇਮ	3	3	1	0	2SA 2:8
ਮਹਨਾਯਿਮ	1	1	1	0	GEN 32:2
ਮਹਨੇਹ-ਦਾਨ	1	1	1	1	JDG 13:25
ਮਹਰਈ	2	2	1	3	1CH 11:30
ਮਹਰਦੀ	1	1	1	0	2SA 23:28
ਮਹਲਥ	2	2	2	3	GEN 28:9
ਮਹਲਲਏਲ	1	1	1	0	1CH 1:2
ਮਹਲਲੇਲ	7	7	3	8	GEN 5:12
ਮਹਲਾਹ	5	5	3	5	NUM 26:33
ਮਹਲੀ	13	13	4	13	EXO 6:19
ਮਹਲੀਆਂ	1	1	1	1	NUM 3:33
ਮਹਵੀ	1	1	1	1	1CH 11:46
ਮਹਸੂਲ	1	1	1	0	MAT 17:25
ਮਹਸੇਯਾਹ	2	2	1	2	JER 32:12
ਮਹਾ	21	21	11	0	EXO 15:10
ਮਹਾਂ	52	52	19	77	GEN 13:13
ਮਹਾਇਣ	10	10	3	0	EZK 7:12
ਮਹਾਇਣਾਂ	1	1	1	0	LUK 3:7
ਮਹਾਤਮ	1	1	1	0	2CO 4:7
ਮਹਾਤਮਾ	1	1	1	0	HEB 7:4
ਮਹਾਨ	120	120	31	134	EXO 11:3
ਮਹਾਨਤਾ	11	11	6	16	DEU 9:26
ਮਹਾਨੇਹ-ਦਾਨ	1	1	1	0	JDG 18:12
ਮਹਾਰਜੇ	1	1	1	0	DAN 4:30
ਮਹਾਰਾਜ	62	62	12	77	JDG 3:19
ਮਹਾਰਾਜਾ	9	9	6	8	2KI 18:19
ਮਹਾਰਾਜਿਆਂ	1	1	1	1	EPH 6:12
ਮਹਾਰਾਜੇ	5	5	1	3	DAN 1:10
ਮਹਾਰਾਣੀ	1	1	1	5	DAN 5:10
ਮਹਾਸਭਾ	2	2	2	0	MAT 26:59
ਮਹਿਮਾ	111	111	25	152	DEU 5:24
ਮਹਿਮਾਂ	2	2	2	1	JHN 11:40
ਮਹਿਮਾਨ	1	1	1	6	JHN 2:10
ਮਹਿਮਾਨਾਂ	1	1	1	4	JAS 2:25
ਮਹਿਮਾਮਈ	12	12	3	4	JHN 11:4
ਮਹਿਰ	1	1	1	0	EXO 22:17
ਮਹਿਰਮ	4	4	4	0	ACT 26:3
ਮਹਿਲ	168	168	18	177	EXO 8:3
ਮਹਿਲਾਂ	15	15	9	21	2CH 28:21
ਮਹਿਲੀਂ	1	1	1	0	EXO 7:23
ਮਹਿਲੋਨ	4	4	1	4	RUT 1:2
ਮਹਿਸੂਸ	10	10	4	9	JHN 11:15
ਮਹਿੰਗ	5	5	5	1	EZR 8:27
ਮਹਿੰਗਾ	1	1	1	2	PSA 49:8
ਮਹਿੰਗੇ	1	1	1	4	JHN 12:3
ਮਹਿੰਦੀ	7	7	3	8	SNG 1:14
ਮਹਿੰਮਾ	1	1	1	0	JOS 7:19
ਮਹੀਦਾ	2	2	2	2	EZR 2:52
ਮਹੀਨ	54	54	11	56	EXO 16:14
ਮਹੀਨਾ	22	22	12	18	EXO 12:2
ਮਹੀਨਾਕੁ	1	1	1	0	GEN 29:14
ਮਹੀਨਿਆਂ	27	27	15	29	EXO 12:2
ਮਹੀਨੇ	217	217	27	216	GEN 7:11
ਮਹੀਰ	1	1	1	1	1CH 4:11
ਮਹੂਮਾਨ	1	1	1	1	EST 1:10
ਮਹੂਯਾਏਲ	2	2	1	2	GEN 4:18
ਮਹੂਰਤ	5	5	4	5	LEV 19:26
ਮਹੇਟਬਏਲ	1	1	1	1	GEN 36:39
ਮਹੇਟਬੇਲ	1	1	1	0	1CH 1:50
ਮਹੇਰ-ਸ਼ਲਾਲ-ਹਾਸ਼-ਬਜ਼	2	2	1	2	ISA 8:1
ਮਹੈਣ	5	5	3	2	DEU 33:2
ਮਹੈਣਨੂੰ	1	1	1	0	DEU 32:30
ਮਹੋਲਾਥੀ	2	2	2	2	1SA 18:19
ਮਹੋਲਾਹ	3	3	2	3	JDG 7:22
ਮਹੱਤਵ	5	5	2	2	1CO 1:28
ਮਹੱਤਵਪੂਰਣ	19	19	4	6	JHN 3:10
ਮਹੱਤਵਹੀਣ	1	1	1	0	1TH 5:20
ਮਹੱਲਾਂ	1	1	1	0	ISA 13:22
ਮਹੱਲੇ	3	3	3	0	2KI 22:14
ਮਾਂ	115	115	26	112	EXO 2:8
ਮਾਂ-ਬਾਪ	3	3	1	3	JHN 9:2
ਮਾਂਜਣਾ	1	1	1	0	LEV 6:28
ਮਾਂਜਦੇ	1	1	1	0	LUK 11:39
ਮਾਂਜੇ	2	2	2	3	1KI 7:45
ਮਾਂਝੀ	1	1	1	2	EZK 27:29
ਮਾਂਦਗੀ	7	7	4	3	PSA 41:3
ਮਾਂਦਗੀਆਂ	3	3	3	2	MAT 8:17
ਮਾਂਦਾ	10	10	8	1	1SA 19:14
ਮਾਂਦਿਆਂ	1	1	1	0	MRK 6:56
ਮਾਂਦੀਆਂ	2	2	1	0	DAN 6:8
ਮਾਂਦੇ	4	4	4	1	DEU 25:18
ਮਾਆਕਾਹ	1	1	1	0	2SA 10:6
ਮਾਇਆ	10	10	7	7	PSA 39:6
ਮਾਇਮ	1	1	1	0	2CH 16:4
ਮਾਈ	1	1	1	1	NEH 12:36
ਮਾਓਕ	1	1	1	1	1SA 27:2
ਮਾਓਨ	7	7	3	9	JOS 15:55
ਮਾਓਨਾਨੀਮ	1	1	1	1	JDG 9:37
ਮਾਓਨੀਆਂ	1	1	1	1	JDG 10:12
ਮਾਕਲਾਂ	1	1	1	0	JER 27:4
ਮਾਕਸ	1	1	1	1	1KI 4:9
ਮਾਕਾਹ	2	2	2	1	GEN 22:24
ਮਾਕੀ	1	1	1	1	NUM 13:15
ਮਾਕੀਰ	20	20	6	22	GEN 50:23
ਮਾਕੀਰੀਆਂ	1	1	1	1	NUM 26:29
ਮਾਗੋਗ	4	4	3	4	GEN 10:2
ਮਾਛੀ	5	5	5	4	ISA 19:8
ਮਾਛੀਆਂ	1	1	1	2	JER 16:16
ਮਾਜਰੇ	1	1	1	0	LUK 24:21
ਮਾਣ	40	40	21	67	EXO 11:3
ਮਾਣਦੇ	1	1	1	1	2PE 2:13
ਮਾਣਸ	1	1	1	1	2SA 20:19
ਮਾਣਿਆ	1	1	1	0	2TH 2:12
ਮਾਣੀ	1	1	1	0	LUK 16:7
ਮਾਤ	2	2	2	1	ECC 10:1
ਮਾਤਬਰ	24	24	10	0	PRO 11:13
ਮਾਤਮ	5	5	3	5	2CH 21:20
ਮਾਤਰ	2	2	1	5	ROM 2:28
ਮਾਤਾ	162	162	31	161	GEN 3:20
ਮਾਤ੍ਰ	5	5	3	0	1KI 8:39
ਮਾਦਈ	4	4	4	4	GEN 10:2
ਮਾਦਾ	5	5	3	12	EST 1:3
ਮਾਦੀ	7	7	3	8	EST 10:2
ਮਾਦੀਆਂ	6	6	4	7	2KI 17:6
ਮਾਦੋਨ	2	2	1	2	JOS 11:1
ਮਾਨ	9	9	5	6	MRK 12:6
ਮਾਨਣਗੇ	1	1	1	0	ISA 61:7
ਮਾਨਣਾ	1	1	1	0	PRO 19:10
ਮਾਨਣੀਆਂ	1	1	1	0	TIT 3:3
ਮਾਨਦਾ	1	1	1	0	PSA 28:7
ਮਾਨਵ	12	12	2	0	1CO 15:45
ਮਾਨਵਾਂਗਾ	1	1	1	0	PSA 60:6
ਮਾਨਵੀ	1	1	1	0	JHN 8:15
ਮਾਨਸ	4	4	3	0	1KI 1:52
ਮਾਨਹ	1	1	1	1	EZK 45:12
ਮਾਨਹਥ	2	2	2	3	GEN 36:23
ਮਾਨਾਹਥ	1	1	1	0	1CH 8:6
ਮਾਨੇਹ	1	1	1	2	NEH 7:72
ਮਾਨੋ	10	10	7	0	1CH 17:17
ਮਾਨੋਆਹ	18	18	1	18	JDG 13:2
ਮਾਪ	5	5	5	14	GEN 18:6
ਮਾਪਿਆ	3	3	2	2	EXO 16:18
ਮਾਪਿਆਂ	21	21	14	19	JDG 14:9
ਮਾਪੇ	14	14	10	5	GEN 2:24
ਮਾਫ਼	83	83	22	127	GEN 50:17
ਮਾਫ਼ੀ	22	22	10	34	NUM 15:28
ਮਾਮਲਾ	4	4	4	2	EZR 4:20
ਮਾਮਲਿਆਂ	2	2	2	4	1CO 11:34
ਮਾਮਲੇ	3	3	3	1	EZR 4:13
ਮਾਮਿਆਂ	2	2	1	2	JDG 9:1
ਮਾਮੇ	4	4	1	3	GEN 28:2
ਮਾਯਾ	8	8	5	1	1CH 29:12
ਮਾਰ	484	484	44	504	GEN 4:8
ਮਾਰਕੇ	5	5	1	0	GEN 14:17
ਮਾਰਗ	52	52	15	65	GEN 6:12
ਮਾਰਗਾ	1	1	1	0	PSA 23:3
ਮਾਰਗਾਂ	27	27	11	29	DEU 26:17
ਮਾਰਥਾ	19	19	2	19	LUK 10:38
ਮਾਰਦਕਈ	57	57	3	73	EZR 2:2
ਮਾਰਦਕਾਈ	1	1	1	0	EST 4:7
ਮਾਰਦਾ	62	62	23	60	GEN 49:17
ਮਾਰਦਿਆਂ	3	3	3	1	2SA 6:16
ਮਾਰਦੀ	12	12	8	12	JDG 7:21
ਮਾਰਦੀਆਂ	3	3	2	5	PSA 65:13
ਮਾਰਦੇ	40	40	25	35	NUM 16:10
ਮਾਰਨ	71	71	23	88	EXO 2:15
ਮਾਰਨਗੀਆਂ	1	1	1	0	OBA 1:16
ਮਾਰਨਗੇ	13	13	10	11	GEN 34:30
ਮਾਰਨਾ	16	16	11	27	GEN 18:25
ਮਾਰਨੀ	4	4	4	1	2CH 29:11
ਮਾਰਾਂ	4	4	2	4	1SA 23:2
ਮਾਰਾਂਗਾ	14	14	10	17	GEN 8:21
ਮਾਰਾਂਗੀ	1	1	1	0	PRO 1:26
ਮਾਰਾਗਾ	1	1	1	0	NUM 14:12
ਮਾਰਾਹ	5	5	2	5	EXO 15:23
ਮਾਰਿਆ	318	318	35	329	GEN 14:6
ਮਾਰਿਆਂ	1	1	1	0	REV 16:10
ਮਾਰੀ	30	30	18	25	GEN 4:23
ਮਾਰੀਂ	3	3	3	3	EXO 17:6
ਮਾਰੀਆ	3	3	1	0	2SA 2:23
ਮਾਰੀਆਂ	14	14	8	12	GEN 27:38
ਮਾਰੀਏ	9	9	8	8	GEN 37:21
ਮਾਰੂ	1	1	1	0	JOB 4:10
ਮਾਰੇ	150	150	31	159	EXO 8:16
ਮਾਰੇਂ	4	4	4	4	EXO 17:3
ਮਾਰੇਂਗਾ	5	5	5	5	GEN 3:15
ਮਾਰੇਗਾ	30	30	11	30	GEN 6:3
ਮਾਰੇਗੀ	1	1	1	1	ISA 49:10
ਮਾਰੇਸ਼ਾਹ	8	8	4	8	JOS 15:44
ਮਾਰੋ	25	25	14	21	NUM 10:5
ਮਾਰੋਗੇ	4	4	4	3	PSA 82:7
ਮਾਰੋਥ	1	1	1	1	MIC 1:12
ਮਾਲ	159	159	35	140	GEN 13:2
ਮਾਲਕ	168	168	36	168	GEN 14:19
ਮਾਲਕਣ	1	1	1	7	PRO 30:23
ਮਾਲਕਾਂ	24	24	15	21	NUM 21:28
ਮਾਲਕਿਸ਼ੂਆ	1	1	1	0	1SA 14:49
ਮਾਲਕੋ	2	2	2	2	EPH 6:9
ਮਾਲਟਾ	1	1	1	4	ACT 28:1
ਮਾਲਦਾਰ	2	2	2	0	MAT 19:22
ਮਾਲਾ	2	2	1	3	SNG 1:10
ਮਾਲਾਂ	1	1	1	1	1KI 7:17
ਮਾਲਿਕ	4	4	4	0	GEN 45:9
ਮਾਲੀ	4	4	4	3	2CH 26:10
ਮਾਲੀਆਂ	16	16	3	17	MAT 21:33
ਮਾਲੂਮ	5	5	4	1	GEN 30:27
ਮਾਵਾਂ	7	7	4	7	GEN 32:11
ਮਾਸ	185	185	37	185	GEN 2:21
ਮਾਸ਼ਾਲ	1	1	1	1	1CH 6:74
ਮਾਸੀ	5	5	3	1	PSA 74:15
ਮਾਸੂਮ	1	1	1	1	1CH 29:1
ਮਾਹਥ	1	1	1	1	LUK 3:26
ਮਾਹਰ	1	1	1	0	1CO 3:10
ਮਾਹਰਾਜ	30	30	2	0	2SA 13:32
ਮਾਹਿਰਾਂ	1	1	1	0	AMO 5:16
ਮਾਹੀ	1	1	1	1	DEU 14:17
ਮਾਹੋਲ	1	1	1	1	1KI 4:31
ਮਾੜਾ	21	21	13	15	GEN 30:42
ਮਾੜੀ	10	10	6	5	LEV 11:11
ਮਾੜੀਆਂ	26	26	9	3	GEN 41:19
ਮਾੜੇ	25	25	8	8	GEN 30:42
ਮਾੱਕੇਦਾਹ	1	1	1	0	JOS 10:10
ਮਿਆਂਕਣੇ	1	1	1	0	JDG 5:16
ਮਿਆਦ	1	1	1	1	GAL 4:2
ਮਿਆਨ	9	9	6	10	2SA 20:8
ਮਿਆਨੋਂ	1	1	1	1	1SA 17:51
ਮਿਕਨੇਯਾਹ	2	2	1	2	1CH 15:18
ਮਿਕਮਥਾਥ	2	2	1	2	JOS 16:6
ਮਿਕਮਸ਼	1	1	1	0	NEH 11:31
ਮਿਕਮਾਸ	2	2	2	0	EZR 2:27
ਮਿਕਮਾਸ਼	7	7	1	11	1SA 13:2
ਮਿਕਰੀ	1	1	1	1	1CH 9:8
ਮਿਕਲੋਥ	4	4	1	4	1CH 8:32
ਮਿਕਾਏਲ	1	1	1	2	REV 12:7
ਮਿਗਦਲ	1	1	1	1	JOS 15:37
ਮਿਗਦਲ-ਏਲ	1	1	1	1	JOS 19:38
ਮਿਗਦੋਲ	6	6	4	6	EXO 14:2
ਮਿਗਰੋਨ	2	2	2	2	1SA 14:2
ਮਿਚਾ	2	2	1	0	2CO 10:12
ਮਿਚਾਉਣ	1	1	1	0	ROM 8:18
ਮਿਟ	43	43	15	47	GEN 7:23
ਮਿਟਦੀ	1	1	1	1	ECC 6:7
ਮਿਟਾ	62	62	17	68	GEN 6:7
ਮਿਟਾਇਆ	8	8	6	7	NUM 27:4
ਮਿਟਾਈਂ	1	1	1	0	ISA 4:1
ਮਿਟਾਉਂਦਾ	3	3	3	3	PRO 15:18
ਮਿਟਾਉਣ	4	4	3	4	DEU 28:63
ਮਿਟਾਏ	5	5	5	7	EST 7:4
ਮਿਟਾਵਾਂਗਾ	1	1	1	2	1SA 24:21
ਮਿਟਿਆ	1	1	1	1	LAM 3:54
ਮਿਟੂ	1	1	1	0	PSA 41:5
ਮਿਟੇ	3	3	2	2	1SA 3:14
ਮਿਟੇਗਾ	2	2	2	3	ISA 55:13
ਮਿਟੇਗੀ	2	2	2	2	PRO 6:33
ਮਿਠਯਾਮੀਨ	1	1	1	0	NEH 12:17
ਮਿਠਾ	4	4	3	0	NEH 8:10
ਮਿਠਾਸ	3	3	2	3	JDG 9:11
ਮਿਣ	10	10	5	7	PSA 78:55
ਮਿਣਤੀ	22	22	7	23	JOS 3:4
ਮਿਣਦੇ	3	3	3	3	MAT 7:2
ਮਿਣਨ	5	5	3	5	LEV 19:35
ਮਿਣਨਾ	1	1	1	1	EZK 47:18
ਮਿਣਾਂਗਾ	2	2	1	2	PSA 60:6
ਮਿਣਿਆ	32	32	10	30	2SA 8:2
ਮਿਣੀ	10	10	3	10	JER 33:22
ਮਿਣੇ	6	6	2	8	RUT 3:15
ਮਿਣੇਗਾ	1	1	1	1	EZK 45:3
ਮਿਣੋ	1	1	1	1	NUM 35:5
ਮਿਤੀ	9	9	1	0	LEV 16:29
ਮਿਤੁਲੇਨੇ	1	1	1	1	ACT 20:14
ਮਿਤ੍ਰ	1	1	1	0	2SA 13:3
ਮਿਤ੍ਰਾਂ	1	1	1	0	2SA 19:6
ਮਿਤੱਰ	1	1	1	1	PRO 19:4
ਮਿਥਕਾਹ	2	2	1	2	NUM 33:28
ਮਿਥਨੀ	1	1	1	1	1CH 11:43
ਮਿਥਮਾਹ	1	1	1	0	1CH 11:46
ਮਿਥਰਦਾਥ	2	2	1	2	EZR 1:8
ਮਿਥਸਾਮ	1	1	1	0	1CH 1:29
ਮਿਥਿਆ	3	3	3	1	PSA 62:9
ਮਿਥੀ	1	1	1	0	1CH 9:22
ਮਿਥੇ	11	11	9	3	GEN 18:14
ਮਿਦਯਾਨ	30	30	9	31	GEN 25:2
ਮਿਦਯਾਨਣ	1	1	1	0	NUM 25:6
ਮਿਦਯਾਨੀ	13	13	4	12	GEN 37:28
ਮਿਦਯਾਨੀਆਂ	22	22	3	30	GEN 36:35
ਮਿਦਿਆਨ	1	1	1	0	1KI 11:18
ਮਿਦ੍ਯਾਨ	1	1	1	0	HAB 3:7
ਮਿਧ	1	1	1	0	PSA 7:5
ਮਿਧਦਾ	1	1	1	0	DEU 33:29
ਮਿਧੇਂਗਾ	1	1	1	0	PSA 91:13
ਮਿਨਯਾਮੀਨ	2	2	2	3	2CH 31:15
ਮਿਫ਼ਕਾਦ	1	1	1	1	NEH 3:31
ਮਿਬਸਰ-ਸੋਰ	1	1	1	1	JOS 19:29
ਮਿਬਸਾਮ	2	2	2	3	GEN 25:13
ਮਿਬਸਾਰ	2	2	2	2	GEN 36:42
ਮਿਬਹਾਰ	1	1	1	1	1CH 11:38
ਮਿਯਾਮੀਨ	1	1	1	0	NEH 12:5
ਮਿਰਗੀ	2	2	1	2	MAT 4:24
ਮਿਰਤਕਾਂ	1	1	1	0	RUT 1:8
ਮਿਰਮਾਹ	1	1	1	1	1CH 8:10
ਮਿਰਯਮ	14	14	5	16	EXO 15:20
ਮਿਰਯਾਹ	1	1	1	1	NEH 12:12
ਮਿਰਾਸ	51	51	9	53	EXO 6:8
ਮਿਲ	82	82	33	104	GEN 43:23
ਮਿਲਕਾਹ	11	11	3	12	GEN 11:29
ਮਿਲਕੀਅਤ	1	1	1	0	NEH 11:3
ਮਿਲਕੇ	2	2	2	0	1CH 23:11
ਮਿਲਕੋਮ	3	3	2	3	1KI 11:5
ਮਿਲਕੱਯਤ	1	1	1	0	NUM 27:7
ਮਿਲਖ	213	213	21	0	GEN 15:7
ਮਿਲਖਾਂ	5	5	3	3	NUM 36:9
ਮਿਲਣ	79	79	23	100	GEN 14:17
ਮਿਲਣਗੀਆਂ	2	2	2	2	DEU 28:2
ਮਿਲਣਗੇ	5	5	4	8	1SA 10:2
ਮਿਲਣਾ	5	5	5	19	1SA 18:8
ਮਿਲਦਾ	19	19	15	38	NUM 17:4
ਮਿਲਦਿਆਂ	1	1	1	1	EZK 47:8
ਮਿਲਦੀ	14	14	10	39	GEN 47:22
ਮਿਲਦੀਆਂ	5	5	3	2	PRO 10:6
ਮਿਲਦੇ	7	7	4	7	NEH 4:7
ਮਿਲਨ	13	13	4	0	GEN 24:65
ਮਿਲਨਗੇ	1	1	1	0	PRO 1:13
ਮਿਲਨਾ	1	1	1	0	LUK 8:20
ਮਿਲਲਈ	1	1	1	1	NEH 12:36
ਮਿਲਵੇਂ	1	1	1	1	EZK 30:5
ਮਿਲਾ	12	12	7	16	EXO 23:1
ਮਿਲਾਂ	3	3	3	4	NUM 23:15
ਮਿਲਾਂਗਾ	5	5	1	5	EXO 25:22
ਮਿਲਾਇਆ	6	6	6	6	2CH 23:1
ਮਿਲਾਈ	1	1	1	1	MAT 27:34
ਮਿਲਾਈਆਂ	1	1	1	1	JER 36:32
ਮਿਲਾਉਂਦਾ	2	2	2	3	PSA 102:9
ਮਿਲਾਉਟ	3	3	3	1	PSA 75:8
ਮਿਲਾਉਣ	1	1	1	1	EZK 46:14
ਮਿਲਾਏ	5	5	3	4	NUM 18:4
ਮਿਲਾਪ	17	17	8	25	ZEC 11:7
ਮਿਲਾਵਾਂਗਾ	1	1	1	1	2CH 34:28
ਮਿਲਾਵੀਂ	1	1	1	1	LEV 19:19
ਮਿਲਾਵੇ	3	3	3	2	PSA 7:5
ਮਿਲਾਵੇਂਗੀ	1	1	1	1	EZK 16:61
ਮਿਲਿਆ	115	115	39	176	GEN 2:24
ਮਿਲਿਆਂ	4	4	3	0	EZR 2:62
ਮਿਲਿਏ	1	1	1	0	NEH 6:2
ਮਿਲੀ	40	40	26	47	GEN 2:20
ਮਿਲੀਆਂ	9	9	9	14	EXO 30:25
ਮਿਲੀਏ	1	1	1	2	NEH 6:10
ਮਿਲੂ	1	1	1	0	MAT 20:10
ਮਿਲੇ	71	71	27	86	GEN 32:1
ਮਿਲੇਗਾ	30	30	17	49	NUM 34:2
ਮਿਲੇਗੀ	11	11	8	16	1SA 10:5
ਮਿਲੇਤੁਸ	3	3	2	4	ACT 20:15
ਮਿਲੋ	4	4	3	4	GEN 32:19
ਮਿਲੋਂ	1	1	1	0	1PE 5:14
ਮਿਲੋਗੇ	1	1	1	1	1SA 9:13
ਮਿਸਕਾਲ	1	1	1	1	2KI 5:5
ਮਿਸਤਰੀ	2	2	2	6	PRO 8:30
ਮਿਸਤਰੀਆਂ	1	1	1	11	2KI 22:6
ਮਿਸਪਥਰ	1	1	1	0	NEH 7:7
ਮਿਸਪਹ	5	5	2	0	JOS 13:26
ਮਿਸਪਾਟ	1	1	1	1	GEN 14:7
ਮਿਸਪਾਰ	1	1	1	1	EZR 2:2
ਮਿਸਪਾਹ	19	19	4	40	GEN 31:49
ਮਿਸਪੇਹ	2	2	1	7	JDG 11:29
ਮਿਸਫਾਹ	20	20	5	0	JOS 11:3
ਮਿਸਫੇਹ	1	1	1	0	1SA 22:3
ਮਿਸਮਾ	1	1	1	0	GEN 25:14
ਮਿਸਰ	578	578	32	645	GEN 12:10
ਮਿਸਰਇਮ	2	2	1	0	GEN 10:6
ਮਿਸਰਨ	1	1	1	0	GEN 21:9
ਮਿਸਰਫੋਥ	1	1	1	0	JOS 13:6
ਮਿਸਰਫੋਥ-ਮਇਮ	1	1	1	0	JOS 11:8
ਮਿਸਰਯਿਮ	2	2	1	0	1CH 1:8
ਮਿਸਰਾਈਮ	1	1	1	1	GEN 50:11
ਮਿਸਰੀ	60	60	12	63	GEN 12:12
ਮਿਸਰੀਆਂ	75	75	13	76	GEN 12:14
ਮਿਸਰੋ	1	1	1	0	2CH 5:10
ਮਿਸਰੋਂ	23	23	12	11	EXO 12:39
ਮਿਸਲ	1	1	1	0	JOB 31:35
ਮਿਸ਼ਨਹ	1	1	1	1	2KI 22:14
ਮਿਸ਼ਮਾ	3	3	1	4	1CH 1:30
ਮਿਸ਼ਮੰਨਾਹ	1	1	1	1	1CH 12:10
ਮਿਸ਼ਰਾਈ	1	1	1	1	1CH 2:53
ਮਿਸ਼ਾਮ	1	1	1	1	1CH 8:12
ਮਿਸ਼ਾਲ	2	2	1	2	JOS 19:26
ਮਿਸ਼੍ਰਿਤ	1	1	1	0	JHN 19:39
ਮਿਸਾਰ	1	1	1	1	PSA 42:6
ਮਿਸਾਲ	13	13	8	1	ISA 46:5
ਮਿਸਾਲਾਂ	1	1	1	0	1CO 10:6
ਮਿਹਣਾ	3	3	3	7	MRK 15:29
ਮਿਹਣਿਆਂ	2	2	2	2	EZK 21:28
ਮਿਹਦਾ	1	1	1	0	1CO 6:13
ਮਿਹਦੇ	1	1	1	0	1CO 6:13
ਮਿਹਨਤ	69	69	30	77	GEN 5:29
ਮਿਹਨਤਾਂ	4	4	2	3	2CO 6:5
ਮਿਹਨਤੀ	2	2	2	3	1KI 11:28
ਮਿਹਮਾਨੀ	1	1	1	0	GEN 19:3
ਮਿਹਮਾਨੀਆਂ	1	1	1	0	MAT 23:6
ਮਿਹਰ	6	6	3	0	TIT 1:4
ਮਿਹਰਬਾਨ	2	2	2	1	1CO 7:25
ਮਿਹਰਬਾਨੀ	7	7	6	2	JOB 39:13
ਮਿਹਰਬਾਨੀਆਂ	3	3	3	3	2CH 32:32
ਮਿਹਰਵਾਨ	2	2	2	0	2CH 10:7
ਮਿੰ	1	1	1	0	2SA 22:44
ਮਿੰਨਤ	37	37	13	41	NUM 12:13
ਮਿੰਨਤਾਂ	6	6	5	6	MAT 8:31
ਮਿੰਨੀ	1	1	1	1	JER 51:27
ਮਿੰਨੀਥ	2	2	2	2	JDG 11:33
ਮਿੱਕੋ	1	1	1	0	EZR 6:20
ਮਿੱਚ	1	1	1	0	ISA 33:19
ਮਿੱਜ਼ਾਹ	3	3	2	3	GEN 36:13
ਮਿੱਟ	6	6	6	3	EXO 9:15
ਮਿੱਟਾ	1	1	1	0	DEU 7:24
ਮਿੱਟੀ	78	78	26	117	GEN 2:7
ਮਿੱਟੇ	1	1	1	0	1CH 10:6
ਮਿੱਠਾ	8	8	5	13	EXO 15:25
ਮਿੱਠੀ	12	12	9	11	JOB 20:12
ਮਿੱਠੀਆਂ	11	11	6	3	JDG 19:3
ਮਿੱਠੇ	12	12	6	11	GEN 34:3
ਮਿੱਤਰ	22	22	9	73	1SA 18:1
ਮਿੱਤਰਤਾ	1	1	1	5	JHN 4:9
ਮਿੱਤਰਾਂ	8	8	4	30	EST 5:10
ਮਿੱਤਰੋ	8	8	5	2	JOB 19:21
ਮਿੱਤ੍ਰ	34	34	14	0	GEN 26:26
ਮਿੱਤ੍ਰਾ	2	2	1	0	LUK 11:5
ਮਿੱਤ੍ਰਾਂ	10	10	8	0	1SA 30:26
ਮਿੱਥ	1	1	1	1	2SA 13:32
ਮਿੱਥਿਆ	4	4	3	2	1KI 12:33
ਮਿੱਥੇ	2	2	2	1	JOS 8:14
ਮਿੱਦੀਨ	1	1	1	1	JOS 15:61
ਮਿੱਧ	9	9	5	7	2KI 13:7
ਮਿੱਧਣ	3	3	3	3	PSA 57:3
ਮਿੱਧਣਗੇ	4	4	3	3	DEU 11:24
ਮਿੱਧਣਾ	1	1	1	1	LAM 3:34
ਮਿੱਧਦੇ	6	6	3	4	PSA 56:1
ਮਿੱਧਾਂਗੇ	1	1	1	1	PSA 44:5
ਮਿੱਧਿਆ	9	9	7	10	2SA 22:43
ਮਿੱਧਿਆਂ	1	1	1	0	2KI 7:20
ਮਿੱਧੀ	2	2	2	2	ISA 14:19
ਮਿੱਧੇ	4	4	4	6	DEU 23:1
ਮਿੱਧੇਂਗਾ	1	1	1	2	MIC 6:15
ਮਿੱਧੇਗਾ	1	1	1	1	ROM 16:20
ਮਿੱਧੋ	2	2	2	2	ISA 1:12
ਮਿੱਧੋਗੇ	1	1	1	1	MAL 4:3
ਮਿੱਲੋ	10	10	6	9	JDG 9:6
ਮਿੱਸੀ	1	1	1	1	PRO 17:1
ਮੀ	1	1	1	0	1SA 16:18
ਮੀਂਹ	62	62	22	73	GEN 2:5
ਮੀਕਯਾਹ	1	1	1	0	NEH 12:35
ਮੀਕਲ	18	18	3	19	1SA 14:49
ਮੀਕਾ	5	5	3	6	2SA 9:12
ਮੀਕਾਏਲ	14	14	6	13	NUM 13:13
ਮੀਕਾਯਾਹ	24	24	5	27	1KI 22:8
ਮੀਕਾਹ	36	36	5	52	JDG 17:1
ਮੀਚ	1	1	1	0	ISA 1:15
ਮੀਟ	4	4	4	2	PSA 69:15
ਮੀਟਣ	1	1	1	0	LEV 20:4
ਮੀਢਿਆਂ	1	1	1	0	JER 51:40
ਮੀਢੀਆਂ	1	1	1	1	ISA 3:24
ਮੀਯਾਮੀਨ	3	3	3	4	1CH 24:9
ਮੀਰਬਾਹ	1	1	1	0	DEU 33:8
ਮੀਰਾਸ	8	8	5	1	1KI 21:3
ਮੀਰੀ	1	1	1	0	2CO 8:10
ਮੀਲ	2	2	1	9	JHN 6:19
ਮੀਸ਼ਾਏਲ	8	8	4	8	EXO 6:22
ਮੁਆਫ਼	1	1	1	4	DAN 1:8
ਮੁਆਫ਼ੀ	1	1	1	1	JAS 5:20
ਮੁਆਫੀ	1	1	1	0	DEU 21:8
ਮੁਆਫੀਆਂ	1	1	1	0	EST 2:18
ਮੁਕ	6	6	3	0	2CH 18:10
ਮੁਕਟ	56	56	17	64	LEV 21:12
ਮੁਕਟਦੇ	1	1	1	0	ZEC 9:16
ਮੁਕਟਾਂ	6	6	2	6	1KI 7:17
ਮੁਕਣ	1	1	1	0	EST 9:28
ਮੁਕਣਗੇ	1	1	1	0	PSA 102:27
ਮੁਕਤ	10	10	3	2	JHN 5:24
ਮੁਕਤੀ	109	109	26	125	DEU 32:15
ਮੁਕਤੀਦਾਤਾ	13	13	9	25	PSA 68:19
ਮੁਕਤੀਦਾਤੇ	8	8	5	12	PSA 24:5
ਮੁਕਦੀ	4	4	3	3	2CO 13:11
ਮੁਕਰ	1	1	1	0	ACT 4:16
ਮੁਕਰਰ	3	3	2	0	2CH 8:8
ਮੁਕਰਾ	1	1	1	0	JOS 22:25
ਮੁਕਰੇਗਾ	1	1	1	0	PSA 110:4
ਮੁਕਰੱਰ	3	3	1	0	GEN 41:34
ਮੁਕਲਾਵੇ	1	1	1	0	JDG 14:8
ਮੁਕਾ	62	62	24	49	GEN 41:30
ਮੁਕਾਇਆ	4	4	2	3	1SA 17:35
ਮੁਕਾਈ	1	1	1	1	PSA 109:13
ਮੁਕਾਉਂਦੇ	4	4	4	3	2SA 20:18
ਮੁਕਾਉਣਾ	1	1	1	1	JHN 12:11
ਮੁਕਾਏ	5	5	5	3	JOS 7:5
ਮੁਕਾਣ	4	4	3	0	GEN 23:2
ਮੁਕਾਬਲਾ	1	1	1	1	DEU 33:8
ਮੁਕਾਮ	1	1	1	0	1CO 4:9
ਮੁਕਾਲਕ	1	1	1	0	ROM 1:27
ਮੁਕਾਵਾਂਗਾ	4	4	2	4	JER 4:27
ਮੁਕਾਵੇਗਾ	1	1	1	0	ISA 11:4
ਮੁਕੁਟ	1	1	1	0	PSA 8:5
ਮੁਕੱਦਮਾ	11	11	3	32	JOB 5:8
ਮੁਕੱਦਮੇ	4	4	2	6	PRO 18:17
ਮੁਕੱਰਰ	18	18	5	3	EXO 5:14
ਮੁਕੱਰਰਾਂ	1	1	1	0	2CH 8:13
ਮੁਖ	21	21	12	6	2KI 1:1
ਮੁਖ-ਵਾਕਾਂ	1	1	1	1	PSA 78:1
ਮੁਖਤ	9	9	6	0	GEN 29:15
ਮੁਖਤਿਆਰ	5	5	1	0	2KI 10:5
ਮੁਖਤਿਆਰਾਂ	1	1	1	0	GAL 4:2
ਮੁਖਲ੍ਹਾ	1	1	1	0	2SA 12:12
ਮੁਖਵਾਕਾਂ	1	1	1	0	PSA 17:4
ਮੁਖ਼	5	5	1	0	2CO 3:7
ਮੁਖ਼ਤ	2	2	2	3	NUM 11:5
ਮੁਖ਼ਤਿਆਰ	18	18	4	5	GEN 24:2
ਮੁਖ਼ਤਿਆਰੀ	5	5	4	2	LUK 16:2
ਮੁਖ਼ਤਿਆਰੀਓਂ	1	1	1	0	LUK 16:4
ਮੁਖ਼ਾਲਫ਼	1	1	1	0	JOB 31:35
ਮੁਖਾਲਿਫਾਂ	1	1	1	0	PSA 74:23
ਮੁਖਿਆ	3	3	2	0	2SA 23:18
ਮੁਖਿਆਂ	2	2	2	0	1KI 8:1
ਮੁਖਿਓ	1	1	1	0	MIC 3:9
ਮੁਖੀ	8	8	3	6	1CH 5:7
ਮੁਖੀਆ	28	28	7	33	NUM 1:4
ਮੁਖੀਆਂ	26	26	10	24	NUM 25:4
ਮੁਖੀਏ	58	58	9	66	NUM 7:2
ਮੁਖੀਓ	1	1	1	2	MIC 3:1
ਮੁਖੋਂ	1	1	1	0	MAT 4:4
ਮੁਖੜਾ	4	4	3	2	NUM 6:26
ਮੁਖੜੇ	13	13	4	0	NUM 6:25
ਮੁਚ	2	2	2	0	NUM 21:2
ਮੁਚੱਲਕਾ	1	1	1	0	ACT 17:9
ਮੁਟਿਆਈ	2	2	2	0	2CH 4:5
ਮੁਟਿਆਰ	8	8	5	8	1KI 1:2
ਮੁਟਿਆਰਾਂ	1	1	1	1	1TI 5:2
ਮੁਠ	1	1	1	0	JHN 17:11
ਮੁਢ	1	1	1	0	JHN 15:27
ਮੁਢੋ	1	1	1	0	2SA 19:7
ਮੁਢੋਂ	4	4	3	1	JOS 2:10
ਮੁਤਾਜ	4	4	3	0	EXO 23:6
ਮੁਤਾਬਕ	1	1	1	1	JHN 19:40
ਮੁਤੀਹ	3	3	1	1	1CH 25:2
ਮੁਦਈ	5	5	3	0	ISA 50:8
ਮੁਦਈਆਂ	2	2	1	0	ACT 23:30
ਮੁਦਾਅਲੈ	1	1	1	0	ACT 25:16
ਮੁਦੱਈ	1	1	1	0	LUK 12:58
ਮੁਦੱਪਾ	5	5	1	1	PSA 35:1
ਮੁਦੱਪੇ	1	1	1	0	PSA 35:23
ਮੁਨਵਾ	2	2	2	2	2SA 10:4
ਮੁਨਸਫ	1	1	1	0	JHN 8:50
ਮੁਨਸਫ਼	5	5	3	0	JHN 12:48
ਮੁਨਸ਼ੀ	1	1	1	2	1CH 18:16
ਮੁਨਾ	10	10	7	9	LEV 14:8
ਮੁਨਾਉਂਦੇ	1	1	1	1	JER 49:32
ਮੁਨਾਉਣ	4	4	3	4	LEV 21:5
ਮੁਨਾਉਣਗੇ	2	2	1	2	EZK 27:31
ਮੁਨਾਉਣਾ	2	2	2	1	ISA 22:12
ਮੁਨਾਫ਼ਾ	1	1	1	1	1CO 14:6
ਮੁਨਾਰੇ	1	1	1	1	JER 31:21
ਮੁਨਾਵੇ	3	3	1	4	NUM 6:9
ਮੁਨਾਸਬ	1	1	1	0	EST 8:5
ਮੁਨਿਆ	1	1	1	1	JDG 16:17
ਮੁਨੀਮ	7	7	2	7	2KI 18:18
ਮੁਨੇ	1	1	1	0	1CO 11:5
ਮੁਨ੍ਹੇਰੇ	4	4	3	0	JDG 19:9
ਮੁਨੱਖਾਂ	1	1	1	0	JER 44:15
ਮੁਫ਼ਤ	3	3	2	11	MAT 10:8
ਮੁਬਾਰਕ	135	135	30	126	GEN 12:3
ਮੁਬਾਰਕਬਾਦ	1	1	1	0	LUK 2:28
ਮੁਰ	6	6	4	6	EXO 30:23
ਮੁਰਖਤਾਈ	1	1	1	0	2SA 15:31
ਮੁਰਗ	1	1	1	0	DEU 14:15
ਮੁਰਗ਼	1	1	1	0	JOB 30:29
ਮੁਰਗਾਂ	2	2	2	0	ISA 34:13
ਮੁਰਗੀ	1	1	1	2	JOB 39:13
ਮੁਰਗੀਆਂ	1	1	1	1	NEH 5:18
ਮੁਰਛਾਗਤ	1	1	1	0	JON 4:8
ਮੁਰਝਾ	2	2	2	4	PSA 37:2
ਮੁਰਝਾਉਂਦਾ	1	1	1	1	JOL 1:12
ਮੁਰਦਾ	13	13	10	9	GEN 23:4
ਮੁਰਦਾਰ	2	2	2	0	DEU 14:21
ਮੁਰਦਿਆਂ	81	81	20	112	DEU 14:1
ਮੁਰਦੇ	43	43	18	38	GEN 23:3
ਮੁਰਮੰਤ	36	36	1	0	NEH 3:4
ਮੁਰਹੈਲ	3	3	2	0	ISA 3:6
ਮੁਰਾਦ	1	1	1	0	ACT 27:13
ਮੁਰਾਬਕ	1	1	1	0	1CH 16:36
ਮੁਰਾਰੀ	1	1	1	0	LEV 11:13
ਮੁਰੀਦ	1	1	1	0	ACT 2:10
ਮੁਰੰਮਤ	20	20	5	62	1KI 11:27
ਮੁਲ	4	4	2	0	JHN 12:5
ਮੁਲਕ	1	1	1	0	GEN 14:7
ਮੁਲਾਕਾਤ	1	1	1	2	JHN 7:50
ਮੁਲਾਕਾਤਾਂ	1	1	1	0	1CO 11:17
ਮੁਲੈਮ	2	2	2	0	2KI 22:19
ਮੁਸਕੁਰਾਉਂਦਾ	1	1	1	0	JOB 29:24
ਮੁਸਰ	1	1	1	0	2SA 12:19
ਮੁਸ਼ਕ	5	5	4	0	LEV 26:31
ਮੁਸ਼ਕਿਲ	3	3	2	12	JHN 6:60
ਮੁਸ਼ਕਿਲਾਂ	12	12	5	2	1CO 7:26
ਮੁਸ਼ਕੀ	1	1	1	0	REV 6:5
ਮੁਸ਼ੀ	3	3	2	0	NUM 26:58
ਮੁਸਾ	4	4	4	0	LEV 23:26
ਮੁਸਾਫਰ	3	3	3	0	GEN 36:7
ਮੁਸਾਫਰਾਂ	1	1	1	0	EZK 39:14
ਮੁਸਾਫਰੀ	5	5	2	0	GEN 28:4
ਮੁਸਾਫ਼ਰ	1	1	1	5	ACT 2:10
ਮੁਸਾਫ਼ਰੀ	1	1	1	6	PSA 119:54
ਮੁਸਾਫ਼ਿਰਾਂ	2	2	1	0	1PE 1:17
ਮੁਸਿਯਾ	2	2	1	2	ACT 16:7
ਮੁਸੀਬਤ	6	6	4	19	EXO 3:7
ਮੁਸੀਬਤਾ	1	1	1	0	PSA 34:19
ਮੁਸੀਬਤਾਂ	3	3	2	7	JOB 36:21
ਮੁਹਕੇ	1	1	1	1	LEV 22:22
ਮੁਹਤਾਜ	1	1	1	3	LUK 15:14
ਮੁਹਰੇ	5	5	3	0	LEV 4:17
ਮੁਹਲੇ	1	1	1	0	ISA 30:30
ਮੁਹਾਣਾ	7	7	7	3	EXO 16:10
ਮੁਹੇਯਟਬੇਲ	1	1	1	0	NEH 6:10
ਮੁਹੱਰਰ	1	1	1	0	ACT 19:35
ਮੁਹੱਸਲਾਂ	2	2	2	0	GEN 41:34
ਮੁੜ	453	453	44	447	GEN 3:19
ਮੁੜਕੇ	9	9	5	0	GEN 14:7
ਮੁੜਣ	1	1	1	0	LUK 2:43
ਮੁੜਦਾ	7	7	2	7	JOB 7:10
ਮੁੜਦਿਆਂ	1	1	1	0	2KI 16:11
ਮੁੜਦੀ	3	3	2	3	NUM 22:33
ਮੁੜਦੇ	16	16	9	12	JDG 2:19
ਮੁੜਨ	21	21	14	27	EXO 4:18
ਮੁੜਨਗੇ	18	18	8	18	GEN 15:16
ਮੁੜਨਾ	3	3	3	8	2SA 14:20
ਮੁੜਾ	1	1	1	0	LEV 25:49
ਮੁੜਾਂ	4	4	3	3	GEN 24:49
ਮੁੜਾਂਗਾ	22	22	11	19	DEU 2:27
ਮੁੜਾਂਗੀ	1	1	1	1	HOS 2:7
ਮੁੜਾਂਗੇ	3	3	2	2	NUM 20:17
ਮੁੜਾਉਣ	4	4	1	0	LEV 25:25
ਮੁੜਾਉਣਾ	1	1	1	0	LEV 25:24
ਮੁੜਿਆ	53	53	20	51	GEN 38:1
ਮੁੜਿਆਂ	1	1	1	0	EZR 8:35
ਮੁੜਿਓ	3	3	2	4	DEU 5:32
ਮੁੜੀ	20	20	10	19	GEN 43:18
ਮੁੜੀਂ	3	3	3	4	DEU 24:19
ਮੁੜੀਏ	2	2	2	3	HOS 6:1
ਮੁੜੇ	84	84	25	80	EXO 14:28
ਮੁੜੇਂ	4	4	4	2	GEN 3:19
ਮੁੜੇਂਗਾ	3	3	3	3	JDG 6:18
ਮੁੜੇਂਗੀ	1	1	1	1	JER 3:1
ਮੁੜੇਗਾ	22	22	6	21	JDG 20:8
ਮੁੜੇਗੀ	5	5	4	4	LEV 27:24
ਮੁੜੋ	41	41	19	38	GEN 19:2
ਮੁੜੋਗੇ	4	4	2	4	DEU 4:30
ਮੁੜ੍ਹ	1	1	1	4	PSA 9:17
ਮੁੜ੍ਹਕਾ	1	1	1	0	LUK 22:44
ਮੁੜ੍ਹਕੇ	2	2	2	0	GEN 3:19
ਮੁੰਗਲੀ	2	2	1	0	JDG 4:21
ਮੁੰਡ	1	1	1	0	MAL 4:1
ਮੁੰਡਾ	58	58	16	35	GEN 21:8
ਮੁੰਡਿਆਂ	6	6	5	6	GEN 48:16
ਮੁੰਡੇ	53	53	12	49	GEN 21:12
ਮੁੰਡੇਬਾਜਾਂ	1	1	1	0	1TI 1:10
ਮੁੰਦ	2	2	2	1	PSA 58:4
ਮੁੰਦਰੀ	1	1	1	0	JAS 2:2
ਮੁੰਦਰੀਆਂ	1	1	1	1	ISA 3:21
ਮੁੰਦਰੇ	1	1	1	0	GEN 35:4
ਮੁੰਦੀਆਂ	1	1	1	0	DAN 12:9
ਮੁੰਨ	2	2	2	3	LEV 13:33
ਮੁੰਨਣ	1	1	1	2	NUM 6:19
ਮੁੰਨਦਾ	3	3	1	0	2SA 14:26
ਮੁੰਨਾਵਣੀਆਂ	1	1	1	0	LEV 19:27
ਮੁੰਨਿਆ	2	2	2	4	LEV 13:33
ਮੁੰਨੀ	1	1	1	1	ISA 15:2
ਮੁੰਹ	11	11	6	0	1SA 2:1
ਮੁੱਕ	51	51	17	62	GEN 21:15
ਮੁੱਕਕਰ	1	1	1	0	RUT 2:5
ਮੁੱਕਟ	1	1	1	0	JER 13:18
ਮੁੱਕਣਗੀਆਂ	3	3	2	2	JOB 14:7
ਮੁੱਕਣਗੇ	3	3	3	3	GEN 8:22
ਮੁੱਕਤੀ	1	1	1	0	1SA 2:1
ਮੁੱਕਦਮਾ	9	9	4	0	JOB 35:14
ਮੁੱਕਦਮੇ	1	1	1	0	JOB 29:16
ਮੁੱਕਦਾ	1	1	1	1	ISA 58:11
ਮੁੱਕਦੀ	1	1	1	2	MIC 2:6
ਮੁੱਕਦੀਆਂ	1	1	1	0	JOB 31:40
ਮੁੱਕਦੇ	1	1	1	1	NUM 14:2
ਮੁੱਕਰ	17	17	9	17	GEN 18:15
ਮੁੱਕਰਦਾ	3	3	3	3	DEU 25:7
ਮੁੱਕਰਦੀ	1	1	1	1	JER 13:10
ਮੁੱਕਰਦੇ	4	4	4	2	JOS 22:18
ਮੁੱਕਰਰ	9	9	6	0	NUM 1:50
ਮੁੱਕਰੀਂ	1	1	1	1	PRO 30:7
ਮੁੱਕਲਾ	1	1	1	0	DAN 10:8
ਮੁੱਕਾ	6	6	6	0	1SA 17:51
ਮੁੱਕੇ	4	4	4	5	MAL 3:6
ਮੁੱਕੇਗਾ	1	1	1	1	1KI 17:14
ਮੁੱਖ	7	7	6	113	GEN 33:10
ਮੁੱਖਤਿਆਰ	1	1	1	0	DAN 6:3
ਮੁੱਖੀਆ	1	1	1	0	2CH 11:22
ਮੁੱਖੀਏ	2	2	1	0	DEU 33:5
ਮੁੱਚ	137	137	27	0	GEN 3:1
ਮੁੱਚੀ	13	13	8	8	GEN 18:13
ਮੁੱਚੀਂ	5	5	4	3	PRO 3:34
ਮੁੱਠ	14	14	9	12	LEV 2:2
ਮੁੱਠਣ	3	3	2	0	ISA 17:14
ਮੁੱਠਣਗੇ	1	1	1	0	EZK 39:10
ਮੁੱਠਾਂ	1	1	1	1	EXO 9:8
ਮੁੱਠੀ	4	4	3	3	PSA 104:28
ਮੁੱਠੇ	1	1	1	1	ISA 42:22
ਮੁੱਢ	37	37	19	33	GEN 49:3
ਮੁੱਢਾਂ	1	1	1	1	JON 2:6
ਮੁੱਢੋ	1	1	1	0	DEU 7:2
ਮੁੱਢੋਂ	37	37	16	27	GEN 6:4
ਮੁੱਨਖ	1	1	1	0	JER 44:7
ਮੁੱਫੀਮ	1	1	1	1	GEN 46:21
ਮੁੱਲ	171	171	32	199	GEN 23:9
ਮੁੱਲਵਾਨ	4	4	3	0	JAS 5:7
ਮੁੱਲਾ	3	3	3	0	ISA 43:4
ਮੁੱਲੀ	1	1	1	0	2KI 1:14
ਮੁੱਲੀਆਂ	4	4	3	0	2KI 1:13
ਮੁੱਲੇ	10	10	6	1	1KI 5:17
ਮੁੱਸਦੀ	1	1	1	0	2KI 12:10
ਮੂਜਬ	13	13	6	0	MAT 16:27
ਮੂਠ	2	2	2	0	MAT 5:11
ਮੂਤ	2	2	2	0	2KI 18:27
ਮੂਤ੍ਰੇ	1	1	1	1	1SA 25:22
ਮੂਧਾ	2	2	2	2	JDG 7:13
ਮੂਰਖ	131	131	22	135	DEU 32:21
ਮੂਰਖਣੀ	1	1	1	0	PRO 14:1
ਮੂਰਖਣੀਆਂ	1	1	1	0	MAT 25:3
ਮੂਰਖਤਾ	10	10	3	16	1CO 1:18
ਮੂਰਖਤਾਈ	56	56	16	53	GEN 34:7
ਮੂਰਖਪੁਣਾ	3	3	3	3	GEN 31:28
ਮੂਰਖਪੁਣੇ	3	3	3	3	PSA 38:5
ਮੂਰਖਮਈ	1	1	1	0	1CO 2:14
ਮੂਰਖਾ	1	1	1	0	MAT 5:22
ਮੂਰਖਾਂ	17	17	5	21	PSA 39:8
ਮੂਰਖੋ	4	4	4	4	PSA 94:8
ਮੂਰਛਾ	1	1	1	1	DAN 8:27
ਮੂਰਤ	54	54	18	45	EXO 20:4
ਮੂਰਤਾਂ	60	60	16	68	LEV 19:4
ਮੂਰਤੀ	18	18	7	67	1SA 15:23
ਮੂਰਤੀਆਂ	61	61	12	59	2CH 14:5
ਮੂਰਤੀਪੂਜਕ	1	1	1	0	REV 22:15
ਮੂਰਾ	1	1	1	1	ACT 27:5
ਮੂਲ	8	8	6	18	PSA 111:10
ਮੂਲੋਂ	38	38	17	19	LEV 13:44
ਮੂਸ਼ੀ	6	6	3	9	EXO 6:19
ਮੂਸ਼ੀਆਂ	1	1	1	1	NUM 3:33
ਮੂਸਾ	842	842	32	927	EXO 2:10
ਮੂਹ	2	2	1	0	PSA 10:7
ਮੂਹਰੇ	11	11	1	0	EZK 3:20
ਮੂਹੋਂ	1	1	1	0	2CH 35:22
ਮੂੜ	1	1	1	0	DEU 32:6
ਮੂੜੇ	1	1	1	0	PRO 9:14
ਮੂੜ੍ਹ	1	1	1	0	EPH 5:4
ਮੂੰਗਾ	1	1	1	1	EZK 27:16
ਮੂੰਗੇ	2	2	2	2	JOB 28:18
ਮੂੰਦ	1	1	1	0	DAN 12:4
ਮੂੰਧੇ	2	2	2	0	MAT 17:6
ਮੂੰਹ	687	687	54	657	GEN 3:19
ਮੂੰਹਾਂ	22	22	13	17	NUM 14:5
ਮੂੰਹੀ	3	3	1	1	JOS 7:14
ਮੂੰਹੀਆਂ	8	8	2	5	EXO 6:14
ਮੂੰਹੋ	5	5	4	0	2CH 36:22
ਮੂੰਹੋਂ	59	59	29	61	GEN 4:14
ਮੇ	1	1	1	0	1KI 2:16
ਮੇ-ਯਰਕੋਨ	1	1	1	1	JOS 19:46
ਮੇਂ	5	5	2	0	1CH 29:2
ਮੇਂਢੇ	2	2	1	20	GEN 31:38
ਮੇਉਂਦਾ	1	1	1	0	2CO 7:4
ਮੇਖ	1	1	1	1	JOB 41:2
ਮੇਖਾਂ	4	4	3	1	1CH 22:3
ਮੇਘ	3	3	2	1	EZK 1:28
ਮੇਚ	1	1	1	0	JHN 13:28
ਮੇਚਾ	1	1	1	0	2CO 10:13
ਮੇਚਿਆਂ	5	5	1	5	EZK 40:28
ਮੇਚਿਓਂ	2	2	1	0	2CO 10:13
ਮੇਚੇ	5	5	2	0	EZK 40:21
ਮੇਜ	3	3	3	0	EXO 30:27
ਮੇਜ਼	49	49	21	65	EXO 25:23
ਮੇਜ਼ਾਂ	9	9	3	13	1CH 28:16
ਮੇਜ਼ਾਹਾਬ	1	1	1	2	1CH 1:50
ਮੇਜਾਂ	4	4	3	0	2CH 4:8
ਮੇਜਾਹਾਬ	1	1	1	0	GEN 36:39
ਮੇਟ	14	14	7	2	GEN 7:4
ਮੇਟਣ	2	2	2	0	2CH 22:7
ਮੇਟਣਾ	1	1	1	0	2CH 21:7
ਮੇਟਾਂਗਾ	1	1	1	0	REV 3:5
ਮੇਟੇ	2	2	2	0	GEN 44:29
ਮੇਢਾ	2	2	1	0	DAN 8:3
ਮੇਢਿਆਂ	1	1	1	1	1SA 15:9
ਮੇਢੇ	16	16	6	4	DEU 32:14
ਮੇਦਬਾ	5	5	4	5	NUM 21:30
ਮੇਦਾਦ	2	2	1	2	NUM 11:26
ਮੇਦੀ	1	1	1	1	ACT 2:9
ਮੇਨਾਨ	1	1	1	1	LUK 3:31
ਮੇਨੂੰ	1	1	1	0	LEV 8:35
ਮੇਪ	4	4	3	0	MAT 7:2
ਮੇਪਅਥ	1	1	1	0	JOS 21:37
ਮੇਫਅਥ	1	1	1	0	1CH 6:79
ਮੇਫ਼ਾਅਥ	1	1	1	4	JER 48:21
ਮੇਫਾਅਥ	1	1	1	0	JOS 13:18
ਮੇਮਣਿਆਂ	1	1	1	2	GEN 27:16
ਮੇਮਣੀਆਂ	1	1	1	1	SNG 1:8
ਮੇਮਣੇ	2	2	2	6	GEN 27:9
ਮੇਮਨੇ	2	2	2	0	NUM 15:11
ਮੇਰ	1	1	1	0	PHP 1:26
ਮੇਰਬ	3	3	1	3	1SA 14:49
ਮੇਰਾ	980	980	53	980	GEN 4:13
ਮੇਰਿਆ	9	9	7	2	RUT 2:8
ਮੇਰਿਆਂ	30	30	15	16	LEV 18:4
ਮੇਰਿਓ	3	3	2	0	1SA 2:24
ਮੇਰੀ	1244	1244	53	1227	GEN 4:23
ਮੇਰੀਂ	1	1	1	0	1SA 16:22
ਮੇਰੀਆ	4	4	1	0	PSA 6:2
ਮੇਰੀਆਂ	236	236	35	242	GEN 2:23
ਮੇਰੀਏ	8	8	3	9	JDG 11:35
ਮੇਰੀਓ	3	3	2	2	RUT 1:12
ਮੇਰੀਖਾਸ	1	1	1	0	MAL 3:17
ਮੇਰੇ	3368	3368	62	3539	GEN 2:23
ਮੇਰੇਬ	1	1	1	0	2SA 19:13
ਮੇਰੇਲਈ	1	1	1	0	1CO 10:33
ਮੇਰੋਜ਼	1	1	1	1	JDG 5:23
ਮੇਰੋਨੀ	1	1	1	0	1CH 27:30
ਮੇਰੋਨੋਥੀ	1	1	1	2	NEH 3:7
ਮੇਰੋਮ	2	2	1	2	JOS 11:5
ਮੇਲ	39	39	21	37	NUM 20:18
ਮੇਲਾ	8	8	2	0	LEV 23:3
ਮੇਲਿਆਂ	2	2	2	0	LEV 23:37
ਮੇਲੀ	8	8	5	3	GEN 34:21
ਮੇਲੀਆਂ	3	3	2	1	PSA 55:20
ਮੇਲੇ	6	6	3	1	LEV 23:2
ਮੇਵਾ	1	1	1	0	EZK 34:27
ਮੇਵਿਆਂ	1	1	1	1	JER 48:32
ਮੇਵੇ	9	9	2	9	JER 2:7
ਮੇਵੇਦਾਰ	1	1	1	1	JER 4:26
ਮੇਸ	1	1	1	0	COL 2:14
ਮੇਸ਼ਕ	15	15	1	16	DAN 1:7
ਮੇਸ਼ਾ	4	4	3	4	GEN 10:30
ਮੇਸਿਆ	1	1	1	0	JDG 21:17
ਮੇਸੇ	1	1	1	0	NUM 5:23
ਮੇਸੋਪੋਤਾਮੀਆ	1	1	1	0	JDG 3:8
ਮੇਹਟ	1	1	1	0	EXO 5:15
ਮੇਹਟਾਂ	2	2	1	0	EXO 5:14
ਮੇਹਣਾ	4	4	3	0	PRO 27:11
ਮੇਹਣੇ	1	1	1	0	EZK 36:15
ਮੈ	208	208	40	29	LEV 11:44
ਮੈਂ	8037	8037	66	8061	GEN 1:29
ਮੈਂਥੋ	1	1	1	0	ECC 2:7
ਮੈਂਨੂੰ	3	3	3	3	JOB 10:11
ਮੈਂਬਰ	1	1	1	1	HAB 3:16
ਮੈਅ	7	7	3	50	ZEC 9:17
ਮੈਥੋ	5	5	4	0	2SA 19:38
ਮੈਥੋਂ	183	183	35	76	GEN 13:9
ਮੈਦਾ	13	13	8	16	GEN 18:6
ਮੈਦਾਨ	10	10	5	133	GEN 13:10
ਮੈਦੇ	177	177	17	177	EXO 29:2
ਮੈਨੁਉ	1	1	1	0	2SA 22:5
ਮੈਨੂ	5	5	3	0	2SA 22:3
ਮੈਨੂੰ	1961	1961	59	2010	GEN 3:12
ਮੈਨੰ	1	1	1	0	1CO 1:11
ਮੈਲ	7	7	3	2	2CH 29:5
ਮੈਲਾ	1	1	1	0	ISA 4:4
ਮੈਲੇ	3	3	2	1	SNG 5:3
ਮੈੱਥੋਂ	1	1	1	0	2SA 20:20
ਮੋਅਦਯਾਹ	1	1	1	1	NEH 12:17
ਮੋਆਬ	169	169	21	186	GEN 19:37
ਮੋਆਬਣ	7	7	2	7	RUT 1:22
ਮੋਆਬਣਾਂ	1	1	1	1	1KI 11:1
ਮੋਆਬੀ	10	10	6	11	DEU 2:11
ਮੋਆਬੀਆਂ	11	11	6	12	GEN 19:37
ਮੋਇਆ	34	34	13	4	LEV 11:31
ਮੋਇਆਂ	6	6	5	2	NUM 16:48
ਮੋਇਓਂ	1	1	1	0	2SA 3:33
ਮੋਈ	3	3	3	0	LUK 8:53
ਮੋਈਆਂ	2	2	2	0	ECC 10:1
ਮੋਏ	26	26	15	2	RUT 4:5
ਮੋਕਲਾ	3	3	3	0	1CH 4:40
ਮੋਕਲੀ	3	3	3	0	GEN 26:22
ਮੋਕਲੇ	4	4	3	0	JDG 18:10
ਮੋਕੇ	1	1	1	0	ECC 9:11
ਮੋਘ	5	5	5	3	GEN 6:16
ਮੋਘੇ	1	1	1	0	2SA 5:20
ਮੋਚੇ	1	1	1	0	PRO 25:19
ਮੋਟਾ	14	14	12	10	DEU 32:15
ਮੋਟਿਆਂ	4	4	3	2	PSA 78:31
ਮੋਟੀ	11	11	9	8	EXO 4:10
ਮੋਟੀਆਂ	9	9	3	8	GEN 41:2
ਮੋਟੇ	28	28	15	12	GEN 41:5
ਮੋਡਿਆ	1	1	1	0	NEH 9:29
ਮੋਢਾ	5	5	5	4	GEN 49:15
ਮੋਢਿਆਂ	22	22	10	24	GEN 9:23
ਮੋਢਿਓਂ	2	2	1	0	1SA 9:2
ਮੋਢੇ	18	18	7	20	GEN 24:45
ਮੋਤ	9	9	4	0	NUM 35:25
ਮੋਤੀ	6	6	4	8	GEN 2:12
ਮੋਤੀਆਂ	8	8	6	11	1CH 20:2
ਮੋਦੀ	4	4	4	2	DEU 28:8
ਮੋਦੀਖਾਨੇ	1	1	1	0	GEN 41:56
ਮੋਨੀ	3	3	2	0	DEU 18:4
ਮੋਫ਼	1	1	1	1	HOS 9:6
ਮੋਮ	4	4	2	4	PSA 22:14
ਮੋਰ	3	3	3	2	1KI 10:22
ਮੋਰਚਾ	3	3	3	4	ISA 29:3
ਮੋਰਚੇ	3	3	3	3	1SA 17:20
ਮੋਰਸਥ	1	1	1	0	MIC 1:14
ਮੋਰਸ਼ਤੀ	2	2	2	2	JER 26:18
ਮੋਰਹ	2	2	2	3	GEN 12:6
ਮੋਰੀ	4	4	2	1	2KI 12:9
ਮੋਰੀਆਂ	1	1	1	1	EZK 27:27
ਮੋਰੀਆਹ	1	1	1	2	GEN 22:2
ਮੋਰੀਯਾਹ	1	1	1	0	2CH 3:1
ਮੋਰੀਹ	1	1	1	0	JDG 7:1
ਮੋਲਕ	8	8	4	8	LEV 18:21
ਮੋਲਾਦਾਹ	4	4	3	4	JOS 15:26
ਮੋਲੀਦ	1	1	1	1	1CH 2:29
ਮੋਲੋਕ	1	1	1	1	ACT 7:43
ਮੋਸਮ	1	1	1	0	EZR 10:13
ਮੋਸਾ	5	5	1	5	1CH 2:46
ਮੋਸਾਹ	1	1	1	1	JOS 18:26
ਮੋਸੇਰਾਹ	1	1	1	1	DEU 10:6
ਮੋਸੇਰੋਥ	2	2	1	2	NUM 33:30
ਮੋਹ	8	8	6	8	2SA 15:6
ਮੋਹਣੀ	1	1	1	0	PRO 7:10
ਮੋਹਣੇ	2	2	2	0	EZK 24:25
ਮੋਹਤ	8	8	2	0	JOB 31:9
ਮੋਹਨੋ	1	1	1	0	HOS 9:10
ਮੋਹਰ	58	58	20	56	GEN 38:18
ਮੋਹਰਕਾਤਪ	1	1	1	0	DEU 28:22
ਮੋਹਰਾਂ	7	7	3	9	JER 32:44
ਮੋਹਰੀ	2	2	1	2	EXO 6:14
ਮੋਹਰੇ	8	8	4	0	LEV 4:6
ਮੋਹਲੇ	2	2	2	1	PRO 27:22
ਮੋਹਲੇਧਾਰ	2	2	2	4	JOB 37:6
ਮੋਹਿਤ	3	3	2	11	1CH 10:14
ਮੋਹੁਲ	2	2	1	0	AMO 6:0
ਮੋੜ	211	211	39	190	GEN 14:16
ਮੋੜਦਾ	4	4	4	3	JOB 39:22
ਮੋੜਦੇ	2	2	2	1	NUM 18:9
ਮੋੜਨ	7	7	4	3	LEV 25:26
ਮੋੜਨਗੇ	1	1	1	1	JOB 20:10
ਮੋੜਨਾ	5	5	4	3	LEV 25:48
ਮੋੜਾ	1	1	1	1	PSA 80:14
ਮੋੜਾਂਗਾ	3	3	3	3	1KI 2:20
ਮੋੜਾਉਣ	1	1	1	0	LEV 25:49
ਮੋੜਿਆ	24	24	10	18	GEN 24:27
ਮੋੜੀ	6	6	5	3	EXO 10:19
ਮੋੜੀਂ	3	3	3	3	DEU 23:15
ਮੋੜੀਆਂ	2	2	2	2	2KI 9:23
ਮੋੜੀਦਾ	1	1	1	0	2SA 19:14
ਮੋੜੇ	13	13	11	8	GEN 8:3
ਮੋੜੇਂ	1	1	1	2	GEN 20:7
ਮੋੜੇਂਗਾ	2	2	2	2	2SA 2:26
ਮੋੜੇਗਾ	7	7	6	6	1KI 2:17
ਮੋੜੋ	3	3	3	1	1SA 6:3
ਮੌਕਾ	15	15	11	29	DEU 4:26
ਮੌਕੇ	2	2	2	4	JER 8:15
ਮੌਜ	12	12	8	9	JOB 14:6
ਮੌਜਣੇ	1	1	1	1	ISA 47:8
ਮੌਜਾਂ	2	2	2	4	EXO 15:8
ਮੌਜੂਦ	1	1	1	7	JHN 1:30
ਮੌਤ	237	237	41	338	GEN 21:16
ਮੌਤਾਂ	1	1	1	1	2CO 11:23
ਮੌਤੇ	2	2	2	0	NUM 16:29
ਮੌਰ	1	1	1	1	JOB 31:22
ਮੌਸਮ	2	2	2	5	NUM 13:20
ਮੌਹਰੀ	1	1	1	0	2TI 2:17
ਮ੍ਰਿਤੂ	2	2	1	0	1CO 2:2
ਮੜਨਾ	1	1	1	0	JHN 8:6
ਮੜਵਾਇਆ	1	1	1	0	2CH 9:17
ਮੜਿਆ	7	7	2	0	2CH 3:4
ਮੜੀਆਂ	1	1	1	0	2CH 3:9
ਮੜੋ	1	1	1	0	1SA 22:17
ਮੜ੍ਹ	2	2	1	2	EXO 38:17
ਮੜ੍ਹਦਾ	1	1	1	1	ISA 40:19
ਮੜ੍ਹਨ	1	1	1	1	1CH 29:4
ਮੜ੍ਹਵਾਇਆ	1	1	1	3	2KI 18:16
ਮੜ੍ਹਿਆ	15	15	3	22	EXO 36:34
ਮੜ੍ਹੀ	1	1	1	0	JOB 21:32
ਮੜ੍ਹੀਂ	12	12	1	12	EXO 25:11
ਮੜ੍ਹੀਆਂ	3	3	2	5	EXO 26:32
ਮੜ੍ਹੇ	2	2	2	2	PSA 68:13
ਮੜੱਪਣ	3	3	3	0	JOB 16:8
ਮੰਗ	27	27	13	38	EXO 11:2
ਮੰਗਣ	12	12	8	15	1SA 12:17
ਮੰਗਣਗੇ	3	3	2	2	JOB 20:10
ਮੰਗਣਾ	1	1	1	5	GEN 43:9
ਮੰਗਣੀ	1	1	1	10	JAS 1:5
ਮੰਗਤਾ	1	1	1	0	MRK 10:46
ਮੰਗਦਾ	11	11	9	9	JOS 19:50
ਮੰਗਦਿਆਂ	2	2	2	2	PSA 37:25
ਮੰਗਦੀ	6	6	4	9	JOS 15:18
ਮੰਗਦੀਆਂ	1	1	1	1	ECC 2:10
ਮੰਗਦੇ	18	18	12	18	JDG 16:16
ਮੰਗਨਾ	1	1	1	0	JDG 8:24
ਮੰਗਵਾ	3	3	3	2	GEN 20:2
ਮੰਗਵੀਂ	1	1	1	0	2KI 6:5
ਮੰਗਾ	4	4	3	1	EZR 7:6
ਮੰਗਾਂ	6	6	5	6	RUT 3:1
ਮੰਗਾਂਗਾ	5	5	3	6	ISA 7:12
ਮੰਗਾਵਾਂ	1	1	1	0	1SA 28:11
ਮੰਗਾਵਾਂਗਾ	1	1	1	1	EZK 36:29
ਮੰਗਿਆ	24	24	16	22	GEN 31:39
ਮੰਗੀ	20	20	13	22	LEV 19:20
ਮੰਗੀਆਂ	5	5	4	5	2CH 11:23
ਮੰਗੀਏ	2	2	2	2	EZR 8:21
ਮੰਗੇ	19	19	11	20	JOS 15:18
ਮੰਗੇਂ	1	1	1	1	MRK 6:23
ਮੰਗੇਗਾ	1	1	1	1	2SA 19:38
ਮੰਗੇਗੀ	1	1	1	1	EXO 3:22
ਮੰਗੇਤਰ	4	4	1	1	HOS 2:0
ਮੰਗੋ	12	12	8	13	1KI 2:20
ਮੰਗੋਂ	1	1	1	1	JHN 15:16
ਮੰਗੋਂਗੇ	3	3	1	0	JHN 11:22
ਮੰਗੋਗੇ	2	2	1	5	JHN 14:13
ਮੰਜਲਾਂ	2	2	1	0	NUM 33:2
ਮੰਜ਼ਲ	3	3	2	3	EZK 42:5
ਮੰਜ਼ਲੀਆਂ	1	1	1	1	EZK 42:6
ਮੰਜਾ	2	2	2	2	2KI 4:10
ਮੰਜੀ	9	9	4	12	JOB 7:13
ਮੰਜੀਆਂ	3	3	3	3	AMO 3:12
ਮੰਜੇ	30	30	11	27	GEN 47:31
ਮੰਡਪ	8	8	5	7	2SA 22:12
ਮੰਡਲ	5	5	4	6	JOB 22:14
ਮੰਡਲੀ	283	283	20	279	EXO 12:3
ਮੰਡਲੀਆਂ	1	1	1	1	1CH 28:1
ਮੰਡੀ	3	3	3	3	ISA 23:3
ਮੰਡੀਆਂ	1	1	1	1	EZK 27:24
ਮੰਤਰ	1	1	1	4	ISA 47:11
ਮੰਤਰਾਂ	1	1	1	0	HEB 5:12
ਮੰਤਰੀ	5	5	4	8	DEU 18:10
ਮੰਤਰੀਆਂ	5	5	2	6	EZR 7:14
ਮੰਤਰੇ	2	2	2	1	ECC 10:11
ਮੰਤਵ	1	1	1	0	1CO 3:10
ਮੰਤ੍ਰਾਂ	4	4	1	0	EXO 7:11
ਮੰਤ੍ਰੀ	3	3	3	0	2SA 15:12
ਮੰਤ੍ਰੀਆਂ	2	2	2	1	EXO 7:11
ਮੰਦ	6	6	5	0	ROM 1:24
ਮੰਦਭਾਗੀ	2	2	2	1	ROM 7:24
ਮੰਦਰ	59	59	16	57	JDG 9:46
ਮੰਦਰਾਂ	8	8	5	10	1SA 31:9
ਮੰਦਰੋਂ	1	1	1	0	EZR 5:14
ਮੰਦਾ	12	12	8	3	2SA 13:22
ਮੰਦੀ	3	3	3	2	DEU 15:9
ਮੰਦੀਆਂ	11	11	7	1	LUK 16:25
ਮੰਦੇ	11	11	7	4	PSA 136:23
ਮੰਨ	129	129	35	113	GEN 19:21
ਮੰਨਕੇ	1	1	1	0	LEV 20:22
ਮੰਨਣ	49	49	21	62	EXO 4:8
ਮੰਨਣਗੀਆਂ	1	1	1	1	PSA 67:7
ਮੰਨਣਗੇ	4	4	4	5	GEN 34:22
ਮੰਨਣਾ	12	12	8	38	LEV 18:30
ਮੰਨਣੀ	1	1	1	1	LEV 8:35
ਮੰਨਣੋਂ	1	1	1	0	TIT 1:14
ਮੰਨਤ	2	2	1	2	ACT 18:18
ਮੰਨਤਾ	2	2	1	0	PRO 13:15
ਮੰਨਦਾ	41	41	17	49	1KI 18:12
ਮੰਨਦੀ	2	2	2	3	EST 2:20
ਮੰਨਦੀਆਂ	2	2	2	2	2KI 17:41
ਮੰਨਦੇ	44	44	26	59	EXO 20:6
ਮੰਨਾ	2	2	2	14	NUM 23:12
ਮੰਨਾਂ	4	4	4	1	LEV 26:36
ਮੰਨਾਂਗਾ	2	2	2	2	JOB 42:8
ਮੰਨਾਂਗੇ	4	4	4	6	GEN 34:15
ਮੰਨਾਇਆ	1	1	1	0	1KI 12:32
ਮੰਨਾਗਾ	1	1	1	0	PSA 119:69
ਮੰਨਿਆ	82	82	27	86	GEN 39:8
ਮੰਨਿਆਂ	4	4	3	1	JOS 22:2
ਮੰਨਿਓ	6	6	3	6	DEU 24:8
ਮੰਨੀ	21	21	14	26	GEN 39:10
ਮੰਨੀਆ	1	1	1	0	PSA 66:14
ਮੰਨੀਆਂ	1	1	1	3	2TI 3:14
ਮੰਨੀਏ	3	3	3	3	GEN 34:23
ਮੰਨੀਦਾ	1	1	1	0	LUK 22:24
ਮੰਨੇ	11	11	9	10	LEV 22:25
ਮੰਨੇਗਾ	5	5	4	6	PSA 107:43
ਮੰਨੇਗੀ	1	1	1	1	MIC 6:9
ਮੰਨੋ	43	43	18	47	EXO 34:11
ਮੰਨੋਂਗੇ	1	1	1	0	JHN 8:31
ਮੰਨੋਗੇ	7	7	5	7	EXO 15:26
ਮੱਕੇਦਾਹ	8	8	1	9	JOS 10:16
ਮੱਕੜੀ	4	4	2	5	LEV 11:22
ਮੱਖ	1	1	1	1	JER 46:20
ਮੱਖਣ	2	2	2	4	DEU 32:14
ਮੱਖਣਨਾਲੋਂ	1	1	1	0	PSA 55:21
ਮੱਖਾਂ	9	9	2	10	EXO 8:21
ਮੱਖੀ	1	1	1	1	ISA 7:18
ਮੱਖੀਆਂ	4	4	4	5	DEU 1:44
ਮੱਗਿਦੋ	1	1	1	0	JOS 17:11
ਮੱਚ	2	2	2	5	NEH 5:1
ਮੱਚੀ	2	2	2	1	JDG 20:34
ਮੱਚੇਗੀ	1	1	1	1	JER 15:14
ਮੱਛ	3	3	3	0	DEU 4:18
ਮੱਛਰ	1	1	1	1	MAT 23:24
ਮੱਛਰਾਂ	1	1	1	0	ISA 51:6
ਮੱਛਲੀ	1	1	1	0	2CH 33:14
ਮੱਛੀ	13	13	7	22	LEV 11:13
ਮੱਛੀਆ	1	1	1	0	PSA 8:8
ਮੱਛੀਆਂ	36	36	16	52	GEN 1:26
ਮੱਜ਼ਰੋਥ	1	1	1	0	JOB 38:32
ਮੱਟਾਂ	1	1	1	3	JER 48:12
ਮੱਟੀ	1	1	1	0	JOL 3:13
ਮੱਠਾ	1	1	1	0	ISA 14:31
ਮੱਠੀ	3	3	2	3	LEV 7:12
ਮੱਠੀਆਂ	3	3	2	2	LEV 2:4
ਮੱਤ	41	41	21	28	EXO 18:19
ਮੱਤਤਾਹ	1	1	1	0	EZR 10:33
ਮੱਤਥੇ	1	1	1	1	LUK 3:31
ਮੱਤਨਈ	1	1	1	0	EZR 10:37
ਮੱਤਨਯਾਹ	11	11	4	16	2KI 24:17
ਮੱਤਨਾਯਹ	1	1	1	0	EZR 10:27
ਮੱਤਾਂ	2	2	2	2	PRO 1:25
ਮੱਤਾਥ	1	1	1	0	LUK 3:29
ਮੱਤਾਨ	3	3	3	3	2KI 11:18
ਮੱਤਾਨਾਹ	2	2	1	2	NUM 21:19
ਮੱਤਿਆਂ	2	2	2	1	JER 7:24
ਮੱਤਿਥਯਾਹ	8	8	3	9	1CH 15:18
ਮੱਤੀ	9	9	4	23	MAT 0:0
ਮੱਤੀਥਯਾਹ	1	1	1	1	NEH 8:4
ਮੱਤੇ	1	1	1	0	PSA 20:4
ਮੱਥਾ	184	184	31	193	GEN 22:5
ਮੱਥਾਤ	1	1	1	2	LUK 3:24
ਮੱਥਾਨ	2	2	1	2	MAT 1:15
ਮੱਥਿਆਂ	2	2	2	2	EZK 3:8
ਮੱਥਿਯਾਸ	1	1	1	3	ACT 1:23
ਮੱਥੇ	23	23	9	24	EXO 11:8
ਮੱਦਤ	5	5	3	0	LUK 5:7
ਮੱਧ	1	1	1	1	GEN 14:18
ਮੱਧਮ	1	1	1	2	2SA 6:5
ਮੱਨਸ਼ਹ	8	8	4	2	JOS 12:6
ਮੱਨਸ਼ਾਹ	1	1	1	1	1CH 12:19
ਮੱਨਸ਼ੀ	1	1	1	0	NUM 36:1
ਮੱਨਸੀਆਂ	1	1	1	0	2KI 10:33
ਮੱਨੀ	1	1	1	1	1KI 17:13
ਮੱਨੁਖ	11	11	3	0	RUT 1:2
ਮੱਨੁਖਾਂ	3	3	2	0	2SA 5:6
ਮੱਲ	10	10	4	0	GEN 47:22
ਮੱਲੀ	3	3	3	0	PSA 25:3
ਮੱਲੀਆ	1	1	1	0	2CH 8:8
ਮੱਲੂਕ	6	6	3	6	1CH 6:44
ਮੱਲੋ	3	3	3	0	PSA 25:3
ਮੱਲੋਥੀ	2	2	1	2	1CH 25:4
ਮੱਲ੍ਹਮ	1	1	1	1	JOB 41:31
ਮੱਸ਼ੁਲਾਮ	1	1	1	0	NEH 3:6
ਮੱਸਾ	1	1	1	2	1CH 1:30
ਮੱਸਾਹ	5	5	3	5	EXO 17:7
ਮੱਸਿਆ	1	1	1	0	NUM 8:8
ਮੱਸੁਲਾਮ	2	2	2	0	1CH 3:19
ਯਅਕਾਨ	2	2	1	1	1CH 1:42
ਯਅਕੋਬਾਹ	1	1	1	1	1CH 4:36
ਯਅਜ਼ਨਯਾਹ	4	4	3	4	2KI 25:23
ਯਅਜ਼ੀਯਾਹ	2	2	1	2	1CH 24:26
ਯਅਜ਼ੇਰ	3	3	2	1	1CH 26:31
ਯਅਜੀਏਲ	1	1	1	0	1CH 15:18
ਯਅਥਰਈ	1	1	1	1	1CH 6:21
ਯਅਨਈ	1	1	1	1	1CH 5:12
ਯਅਬੇਨ	1	1	1	0	1CH 2:55
ਯਅਬੇਸ	3	3	1	1	1CH 4:9
ਯਅਰਸ਼ਯਾਹ	1	1	1	1	1CH 8:27
ਯਅਲਾਮ	1	1	1	0	1CH 1:35
ਯਅਲਾਹ	2	2	2	2	EZR 2:56
ਯਅਸਾਈ	1	1	1	1	EZR 10:37
ਯਅਸੀਏਲ	2	2	1	2	1CH 11:47
ਯਆਕਾਨੀਆਂ	1	1	1	1	DEU 10:6
ਯਆਜ਼ੇਰ	1	1	1	0	JOS 21:39
ਯਆਰੀਮ	1	1	1	0	2CH 1:4
ਯਆਰੋ	1	1	1	0	2SA 21:19
ਯਈਏਲ	7	7	3	12	1CH 5:7
ਯਉ	1	1	1	0	2CH 11:19
ਯਊਏਲ	1	1	1	1	1CH 9:6
ਯਊਸ	4	4	2	1	GEN 36:5
ਯਊਸ਼	3	3	1	9	1CH 1:35
ਯਕਬਸੇਲ	1	1	1	0	NEH 11:25
ਯਕਮਆਮ	1	1	1	0	1CH 24:23
ਯਕਮਯਾਹ	3	3	1	3	1CH 2:41
ਯਕਾਨਯਾਹ	9	9	4	10	1CH 3:16
ਯਕਾਲਯਾਹ	2	2	2	2	2KI 15:2
ਯਕੀਨ	6	6	4	5	JER 40:14
ਯਕੀਨੀ	3	3	3	3	HOS 6:3
ਯਕੂਥੀਏਲ	1	1	1	1	1CH 4:18
ਯਗਰ	1	1	1	1	GEN 31:47
ਯਜਨਯਾਹ	1	1	1	0	JER 42:1
ਯਜ਼ਨਯਾਹ	1	1	1	2	JER 40:8
ਯਜ਼ਰਯਾਹ	1	1	1	1	NEH 12:42
ਯਜ਼ਰਾਏਲ	1	1	1	0	JDG 6:33
ਯਜ਼ੇਰ	1	1	1	0	JOS 13:25
ਯਟੂਰ	3	3	2	1	GEN 25:15
ਯਤਨ	1	1	1	32	JER 25:4
ਯਤੀਮ	28	28	9	28	EXO 22:22
ਯਤੀਮਾਂ	13	13	7	12	JOB 6:27
ਯਤੇਤ	1	1	1	0	1CH 1:51
ਯਥਨੀਏਲ	1	1	1	1	1CH 26:2
ਯਥਰ	8	8	3	8	JDG 8:20
ਯਥੇਥ	1	1	1	2	GEN 36:40
ਯਦਅਯਾਹ	4	4	3	0	1CH 9:10
ਯਦਆਯਾਹ	4	4	1	0	NEH 12:6
ਯਦਯਾਹ	2	2	1	0	NEH 3:10
ਯਦਾਯਾਹ	1	1	1	13	1CH 4:37
ਯਦਿਏਲ	1	1	1	0	1CH 12:20
ਯਦੀਅਏਲ	3	3	1	0	1CH 7:10
ਯਦੀਏਲ	1	1	1	6	1CH 7:11
ਯਦੀਥੂਨ	1	1	1	0	1CH 16:38
ਯਦੀਦਯਾਹ	1	1	1	1	2SA 12:25
ਯਦੀਦਾਹ	1	1	1	1	2KI 22:1
ਯਦੂਥੁਨ	1	1	1	0	2CH 35:15
ਯਦੂਥੂਨ	10	10	3	15	1CH 9:16
ਯਦੂਥੂਨੀਆਂ	1	1	1	1	2CH 29:14
ਯਦੂਬੂਨ	1	1	1	0	1CH 25:1
ਯਫਲੇਟ	3	3	1	3	1CH 7:32
ਯਫਲੇਤੀਆਂ	1	1	1	1	JOS 16:3
ਯਫ਼ੁੰਨਹ	3	3	2	16	NUM 26:65
ਯਫ਼ੁੰਨਾਹ	2	2	1	0	JOS 15:13
ਯਫੁਨੰਹ	1	1	1	0	NUM 13:6
ਯਫੁੰਨਹ	5	5	2	0	NUM 14:6
ਯਫੁੰਨਾਹ	4	4	2	0	JOS 14:6
ਯਫੂੰਨਹ	1	1	1	0	NUM 32:12
ਯਬਨਏਲ	1	1	1	0	JOS 19:33
ਯਬਨਹ	1	1	1	1	2CH 26:6
ਯਬਨੇਲ	1	1	1	2	JOS 15:11
ਯਬਰਕਯਾਹ	1	1	1	1	ISA 8:2
ਯਬੀਨ	1	1	1	0	JOS 11:1
ਯਬੁਸੀ	1	1	1	0	NUM 13:29
ਯਬੂਲੁਸ	1	1	1	1	2TI 4:21
ਯਬੂਸ	4	4	2	4	JDG 19:10
ਯਬੂਸਿਆਂ	1	1	1	0	JDG 19:11
ਯਬੂਸੀ	17	17	7	18	GEN 10:16
ਯਬੂਸੀਆਂ	21	21	10	23	EXO 3:8
ਯਬੋਕ	3	3	2	7	JOS 12:2
ਯਮਲੋਕ	1	1	1	0	1CH 4:34
ਯਮੀਨ	1	1	1	0	NUM 26:12
ਯਮੀਨੀਆਂ	1	1	1	1	NUM 26:12
ਯਮੀਮਾਹ	1	1	1	1	JOB 42:14
ਯਮੂਏਲ	2	2	2	2	GEN 46:10
ਯਰਦ	8	8	3	8	GEN 5:15
ਯਰਦਨ	177	177	19	200	GEN 13:10
ਯਰਦਨੋ	2	2	2	0	1SA 31:7
ਯਰਦਨੋਂ	16	16	6	10	NUM 32:5
ਯਰਦਨੌਂ	1	1	1	0	2SA 24:5
ਯਰਮੂਥ	7	7	2	7	JOS 10:3
ਯਰਮੇਈ	1	1	1	0	EZR 10:33
ਯਰਰੂਸ਼ਲਮ	2	2	2	0	EZR 6:3
ਯਰਹਮਏਲ	8	8	2	9	1CH 2:9
ਯਰਹਮਿਏਲੀਆਂ	1	1	1	2	1SA 30:29
ਯਰਹਾ	2	2	1	2	1CH 2:34
ਯਰਾਹਮਿਏਲੀਆਂ	1	1	1	0	1SA 27:10
ਯਰੀਏਲ	1	1	1	1	1CH 7:2
ਯਰੀਓਥ	1	1	1	1	1CH 2:18
ਯਰੀਬ	2	2	2	0	1CH 4:24
ਯਰੀਮੋਥ	4	4	2	7	1CH 25:4
ਯਰੀਯਾਹ	3	3	1	3	1CH 23:19
ਯਰੀਹੋ	63	63	14	67	NUM 22:1
ਯਰੁਬਆਲ	1	1	1	0	1SA 12:11
ਯਰੁਸ਼ਲਮ	5	5	2	1	JOS 10:23
ਯਰੁੱਬਆਲ	13	13	1	14	JDG 6:32
ਯਰੂਏਲ	1	1	1	1	2CH 20:16
ਯਰੂਬਸ਼ਥ	1	1	1	1	2SA 11:21
ਯਰੂਸ਼ਲਮ	794	794	36	944	JOS 10:1
ਯਰੂਸ਼ਲਮੋਂ	1	1	1	1	2KI 23:4
ਯਰੂਸ਼ਲੀਮ	1	1	1	0	1CH 21:16
ਯਰੂਸ਼ਾ	1	1	1	2	2KI 15:33
ਯਰੂਸ਼ਾਹ	1	1	1	0	2CH 27:1
ਯਰੇਮੋਥ	1	1	1	0	1CH 25:22
ਯਰੇਹੇ	1	1	1	0	EZR 2:34
ਯਰੋਮੋਥ	1	1	1	0	EZR 10:26
ਯਰੋਹਾਮ	9	9	3	10	1SA 1:1
ਯਸਰ	1	1	1	0	1CH 7:13
ਯਸਰੀ	1	1	1	1	1CH 25:11
ਯਸਹਏਲ	1	1	1	0	NUM 26:48
ਯਸਹਏਲੀਆਂ	1	1	1	0	NUM 26:48
ਯਸ਼ਅਯਾਹ	1	1	1	0	1CH 26:25
ਯਸ਼ਆਯਾਹ	2	2	1	1	1CH 25:3
ਯਸ਼ਈ	1	1	1	0	1CH 4:42
ਯਸ਼ਬ	4	4	3	5	EXO 39:13
ਯਸ਼ਬਆਬ	1	1	1	1	1CH 24:13
ਯਸ਼ਯਾਹ	1	1	1	0	EZR 8:7
ਯਸ਼ਰੇਲਾਹ	1	1	1	1	1CH 25:14
ਯਸ਼ਾਨਾਹ	1	1	1	1	2CH 13:19
ਯਸ਼ਾਬਆਮ	1	1	1	0	1CH 27:2
ਯਸ਼ਾਯਾਹ	1	1	1	0	2CH 26:22
ਯਸ਼ੀਮੋਨ	4	4	1	4	1SA 23:19
ਯਸ਼ੀਸ਼ਈ	1	1	1	1	1CH 5:14
ਯਸ਼ੁਬ	1	1	1	0	EXO 28:20
ਯਸ਼ੁਰੂਨ	3	3	1	4	DEU 32:15
ਯਸ਼ੋਹਾਯਾਹ	1	1	1	1	1CH 4:36
ਯਸਾਦਾਕ	1	1	1	0	EZR 5:2
ਯਸਾਯਾਹ	58	58	10	78	2KI 19:2
ਯਸਿਫਯਾਹ	1	1	1	1	EZR 8:10
ਯਸੋਨ	1	1	1	1	ROM 16:21
ਯਹਜ਼ਕੇਲ	1	1	1	1	1CH 24:16
ਯਹਜ਼ਯਾਹ	1	1	1	1	EZR 10:15
ਯਹਜ਼ੀਏਲ	4	4	2	6	1CH 12:4
ਯਹਜੀਏਲ	1	1	1	0	1CH 24:23
ਯਹਤ	1	1	1	0	2CH 34:12
ਯਹਥ	7	7	1	7	1CH 4:2
ਯਹਦੀਏਲ	1	1	1	1	1CH 5:24
ਯਹਦੇਯਾਹ	1	1	1	1	1CH 27:30
ਯਹਦੋ	1	1	1	1	1CH 5:14
ਯਹਮਈ	1	1	1	1	1CH 7:2
ਯਹਲਏਲ	2	2	2	2	GEN 46:14
ਯਹਲਏਲੀਆਂ	1	1	1	1	NUM 26:26
ਯਹਲਲਏਲ	1	1	1	1	2CH 29:12
ਯਹਸ	3	3	3	4	NUM 21:23
ਯਹਸਏਲ	1	1	1	2	GEN 46:24
ਯਹਸਾਹ	3	3	3	0	JOS 13:18
ਯਹਸੀਏਲ	1	1	1	1	1CH 7:13
ਯਹਾਵਾਹ	6	6	1	0	PSA 6:2
ਯਹਾਸ	1	1	1	5	JDG 11:20
ਯਹੀਏਲ	13	13	3	15	1CH 15:18
ਯਹੀਏਲੀ	2	2	1	2	1CH 26:21
ਯਹੀਕੇਲ	1	1	1	0	EZR 8:9
ਯਹੀਜਕਏਲ	1	1	1	0	EZR 8:5
ਯਹੁਦਾਹ	1	1	1	0	2KI 18:5
ਯਹੁਦਿਯਾ	1	1	1	0	GAL 1:22
ਯਹੂਕਲ	1	1	1	1	JER 37:3
ਯਹੂਦਣ	3	3	2	3	1CH 4:18
ਯਹੂਦਾ	41	41	7	50	LAM 1:3
ਯਹੂਦਾਹ	787	787	38	918	GEN 29:35
ਯਹੂਦਾਹਦੇ	1	1	1	0	2SA 19:42
ਯਹੂਦਾਹੇ	1	1	1	0	2SA 5:5
ਯਹੂਦਿਆ	1	1	1	2	ROM 15:31
ਯਹੂਦਿਆਂ	1	1	1	0	1TH 2:14
ਯਹੂਦਿਥ	1	1	1	1	GEN 26:34
ਯਹੂਦਿਯਾ	43	43	7	46	MAT 2:1
ਯਹੂਦੀ	141	141	21	191	JOS 14:6
ਯਹੂਦੀ-ਮੁਰੀਦ	1	1	1	0	ACT 6:5
ਯਹੂਦੀ-ਮੁਰੀਦਾਂ	1	1	1	0	ACT 13:43
ਯਹੂਦੀਂ	1	1	1	0	JHN 7:1
ਯਹੂਦੀਆ	1	1	1	4	JHN 19:21
ਯਹੂਦੀਆਂ	238	238	24	273	JOS 15:1
ਯਹੂਦੀਓ	2	2	1	2	ACT 2:14
ਯਹੂੰਨਾ	1	1	1	11	ACT 1:22
ਯਹੋਅਹਾਜ਼	1	1	1	1	2KI 10:35
ਯਹੋਅੱਦਾਨ	1	1	1	2	2CH 25:1
ਯਹੋਅੱਦਾਹ	2	2	1	2	1CH 8:36
ਯਹੋਅੱਦੀਨ	1	1	1	0	2KI 14:2
ਯਹੋਆਸ਼	22	22	2	23	2KI 11:21
ਯਹੋਆਹਾਜ	3	3	1	0	2CH 36:1
ਯਹੋਆਹਾਜ਼	18	18	2	27	2KI 13:1
ਯਹੋਜ਼ਾਬਾਦ	4	4	3	4	2KI 12:21
ਯਹੋਨਾਥਾਨ	6	6	4	0	1CH 27:25
ਯਹੋਨਾਦਾਬ	3	3	1	3	2KI 10:15
ਯਹੋਨਾਨ	5	5	2	0	1CH 6:9
ਯਹੋਯਕੀਮ	1	1	1	0	1CH 3:16
ਯਹੋਯਾਕੀਨ	12	12	4	15	2KI 24:6
ਯਹੋਯਾਕੀਮ	35	35	5	41	2KI 23:34
ਯਹੋਯਾਦਾ	51	51	6	54	2SA 8:18
ਯਹੋਯਾਰੀਬ	2	2	1	2	1CH 9:10
ਯਹੋਰਾਮ	23	23	3	24	1KI 22:50
ਯਹੋਵ	1	1	1	0	1KI 13:32
ਯਹੋਵਹ	1	1	1	0	EZR 7:11
ਯਹੋਵਾ	10	10	1	0	JOB 1:6
ਯਹੋਵਾਹ	6769	6769	36	6899	GEN 2:4
ਯਹੋਵਾਹਦੇ	1	1	1	0	ZEC 14:20
ਯਹੋਵਾਹਲਈ	1	1	1	0	ZEC 14:20
ਯਹੋਵ੍ਹ	1	1	1	0	1SA 6:20
ਯਹੋਸ਼ਫਟ	1	1	1	0	1CH 18:15
ਯਹੋਸ਼ਬਥ	2	2	1	2	2CH 22:11
ਯਹੋਸ਼ਬਾ	1	1	1	1	2KI 11:2
ਯਹੋਸ਼ਾਫਟ	1	1	1	0	1KI 4:17
ਯਹੋਸ਼ਾਫ਼ਾਟ	44	44	3	0	2SA 20:24
ਯਹੋਸ਼ਾਫਾਟ	38	38	4	0	1KI 4:3
ਯਹੋਸ਼ੁਆ	225	225	13	252	EXO 17:9
ਯਹੋਸਾਦਾਕ	8	8	3	8	1CH 6:14
ਯਹੋਸਾਫਾਟ	1	1	1	0	2SA 8:16
ਯਹੋਹਾਨਾਨ	7	7	4	9	1CH 26:3
ਯਹੱਲਲੇਲ	1	1	1	0	1CH 4:16
ਯਾ	679	679	43	0	GEN 31:39
ਯਾਂ	1	1	1	0	LEV 5:1
ਯਾਅਰ	1	1	1	1	PSA 132:6
ਯਾਇਰੀ	1	1	1	1	2SA 20:26
ਯਾਈਰ	12	12	7	13	NUM 32:41
ਯਾਏਲ	6	6	1	6	JDG 4:17
ਯਾਕਟਾਨ	6	6	2	0	GEN 10:25
ਯਾਕਤੇਲ	1	1	1	0	2KI 14:7
ਯਾਕਥਏਲ	1	1	1	2	JOS 15:38
ਯਾਕਦਾਮ	1	1	1	1	JOS 15:56
ਯਾਕਨਆਮ	2	2	1	0	JOS 12:22
ਯਾਕਨੁਆਮ	1	1	1	3	JOS 19:11
ਯਾਕਮਆਮ	2	2	2	2	1KI 4:12
ਯਾਕਸਾਨ	4	4	2	4	GEN 25:2
ਯਾਕਹ	1	1	1	1	PRO 30:1
ਯਾਕੀਨ	9	9	7	10	GEN 46:10
ਯਾਕੀਨੀਆਂ	1	1	1	1	NUM 26:12
ਯਾਕੀਮ	2	2	1	2	1CH 8:19
ਯਾਕੂਬ	420	420	32	475	GEN 25:26
ਯਾਗਬਹਾਹ	2	2	2	2	NUM 32:35
ਯਾਗਲੀ	1	1	1	1	NUM 34:22
ਯਾਗੂਰ	1	1	1	1	JOS 15:21
ਯਾਛੁਟਕਾਰਾ	1	1	1	0	1SA 12:21
ਯਾਜਕ	2	2	1	0	HAG 1:1
ਯਾਜ਼ੀਜ਼	1	1	1	1	1CH 27:31
ਯਾਜ਼ੇਰ	8	8	4	12	NUM 21:32
ਯਾਟਬਾਤਾਹ	1	1	1	0	DEU 10:7
ਯਾਟਬਾਥਾਹ	2	2	1	3	NUM 33:33
ਯਾਟਬਾਹੀ	1	1	1	1	2KI 21:19
ਯਾਤਰਾ	5	5	2	34	JHN 4:6
ਯਾਦ	58	58	23	179	GEN 8:1
ਯਾਦਗਾਰ	8	8	6	6	EXO 12:14
ਯਾਦਗਾਰੀ	13	13	6	13	EXO 3:15
ਯਾਦਗੀਰੀ	10	10	7	10	EXO 28:12
ਯਾਦਾ	2	2	1	2	1CH 2:28
ਯਾਦਾਂ	1	1	1	0	1TH 3:6
ਯਾਦੇਨ	1	1	1	0	NEH 3:7
ਯਾਨ	1	1	1	1	2SA 24:6
ਯਾਨੀ	1	1	1	0	1PE 1:11
ਯਾਨੀਮ	1	1	1	1	JOS 15:53
ਯਾਨੋਆਹ	1	1	1	0	2KI 15:29
ਯਾਨੋਹਾਹ	2	2	1	3	JOS 16:6
ਯਾਫ਼ਤ	1	1	1	0	GEN 5:32
ਯਾਫ਼ਥ	10	10	2	11	GEN 6:10
ਯਾਫ਼ੀਆ	1	1	1	5	JOS 10:3
ਯਾਫਾ	3	3	3	0	2CH 2:16
ਯਾਫੀਆ	4	4	3	0	JOS 19:12
ਯਾਫੋ	1	1	1	0	JOS 19:46
ਯਾਬਲ	1	1	1	1	GEN 4:20
ਯਾਬੀਨ	7	7	2	9	JDG 4:2
ਯਾਬੂਸੀਆਂ	1	1	1	0	DEU 20:17
ਯਾਬੇਸ਼	18	18	4	24	1SA 11:1
ਯਾਬੇਸ਼-ਗਿਲਆਦ	5	5	1	0	JDG 21:8
ਯਾਬੇਸ਼ਗਿਲਆਦ	1	1	1	0	1CH 10:11
ਯਾਬੋਕ	2	2	1	0	DEU 2:37
ਯਾਮੀਨ	5	5	4	6	GEN 46:10
ਯਾਰ	16	16	10	8	LEV 19:31
ਯਾਰਕਆਮ	1	1	1	1	1CH 2:44
ਯਾਰਨੀ	1	1	1	0	LEV 20:10
ਯਾਰਵਾਂ	2	2	1	0	1CH 12:13
ਯਾਰਵੇਂ	2	2	2	0	1CH 27:14
ਯਾਰਹ	2	2	2	2	GEN 10:26
ਯਾਰਾਂ	14	14	6	6	JDG 17:2
ਯਾਰਾਬੁਅਮ	1	1	1	0	1KI 15:34
ਯਾਰਾਬੁਆਮ	103	103	6	111	1KI 11:26
ਯਾਰਾਹ	2	2	1	2	1CH 9:42
ਯਾਰੀ	6	6	2	0	GEN 38:24
ਯਾਰੀਬ	1	1	1	3	EZR 8:16
ਯਾਰੀਮ	5	5	2	1	JOS 15:9
ਯਾਰੋਆਹ	1	1	1	0	1CH 5:14
ਯਾਲਾਮ	3	3	1	4	GEN 36:5
ਯਾਲੋਨ	1	1	1	1	1CH 4:17
ਯਾਵਨ	1	1	1	0	ISA 66:19
ਯਾਵਾਨ	7	7	4	8	GEN 10:2
ਯਾਸਬਕਾਸ਼	1	1	1	0	1CH 25:24
ਯਾਸ਼ਬਕਾਸ਼ਾਹ	1	1	1	2	1CH 25:4
ਯਾਸ਼ਰ	2	2	2	2	JOS 10:13
ਯਾਸ਼ਾਬਆਮ	2	2	1	3	1CH 11:11
ਯਾਸ਼ੂਬ	4	4	4	4	NUM 26:24
ਯਾਸ਼ੂਬੀਆਂ	1	1	1	1	NUM 26:24
ਯਾਸ਼ੂਬੀਲਹਮ	1	1	1	0	1CH 4:22
ਯਾਸੇਨ	1	1	1	1	2SA 23:32
ਯਾਸੋਨ	4	4	1	4	ACT 17:5
ਯਾਹ	5	5	3	2	2KI 11:1
ਯਾਹਜ਼ਕੀਯਾਹ	1	1	1	1	2CH 28:12
ਯਾਹਦਈ	1	1	1	1	1CH 2:47
ਯਾਹਸ	1	1	1	0	DEU 2:32
ਯਾਹਸਾਹ	1	1	1	0	JOS 21:36
ਯਾਹੋਦਾਹ	1	1	1	0	JER 42:15
ਯਾਹੋਵਆਹ	1	1	1	0	1SA 6:21
ਯਾਹੋਵਾਹ	42	42	2	0	EXO 3:16
ਯਾੱਧਾ	1	1	1	0	ACT 9:36
ਯਾੱਪਾ	9	9	1	0	ACT 9:38
ਯਿਈਏਲ	3	3	1	0	1CH 15:18
ਯਿਊਸ਼	2	2	1	0	1CH 23:10
ਯਿਏਲ	1	1	1	1	2CH 29:13
ਯਿਕਮਆਮ	1	1	1	2	1CH 23:19
ਯਿਗਦਲਯਾਹ	1	1	1	1	JER 35:4
ਯਿਗਾਲ	3	3	3	3	NUM 13:7
ਯਿਜ਼ਯਾਹ	1	1	1	1	EZR 10:25
ਯਿਜ਼ਰਏਲ	26	26	7	37	JOS 15:56
ਯਿਜ਼ਰਏਲੀ	9	9	3	8	1KI 21:1
ਯਿਜ਼ਰਹਯਾਹ	2	2	1	2	1CH 7:3
ਯਿਜ਼ਰਾਏਲ	8	8	6	1	JOS 19:18
ਯਿਜ਼ਰਾਏਲਣ	1	1	1	1	1SA 27:3
ਯਿਜ਼ਰਾਏਲੀ	1	1	1	1	1SA 30:5
ਯਿਜ਼ਰੇਲਣ	2	2	1	2	2SA 2:2
ਯਿਜ਼ਲੀਆਹ	1	1	1	1	1CH 8:18
ਯਿਜ਼ੀਏਲ	1	1	1	1	1CH 12:3
ਯਿਤਰਾਨ	1	1	1	0	GEN 36:26
ਯਿਥਨਾਨ	1	1	1	1	JOS 15:23
ਯਿਥਰਆਮ	2	2	2	2	2SA 3:5
ਯਿਥਰਾ	1	1	1	1	2SA 17:25
ਯਿਥਰਾਨ	2	2	1	3	1CH 1:41
ਯਿਥਰੀ	5	5	2	5	2SA 23:38
ਯਿਥਰੋ	10	10	1	11	EXO 3:1
ਯਿਥਲਾਹ	1	1	1	1	JOS 19:42
ਯਿਦਅਯਾਹ	1	1	1	0	1CH 24:7
ਯਿਦਬਾਸ਼	1	1	1	1	1CH 4:3
ਯਿਦਲਾਫ	1	1	1	1	GEN 22:22
ਯਿਦਲਾਹ	1	1	1	1	JOS 19:15
ਯਿਦੀਅਏਲ	1	1	1	0	1CH 7:6
ਯਿਫਤਾ	1	1	1	1	HEB 11:32
ਯਿਫਤਾਹ	2	2	2	0	JOS 15:43
ਯਿਫਦਯਾਹ	1	1	1	1	1CH 8:25
ਯਿਫ਼ਤਾਹ	28	28	1	33	JDG 11:1
ਯਿਬਨਯਾਹ	1	1	1	1	1CH 9:8
ਯਿਬਨੀਯਾਹ	1	1	1	1	1CH 9:8
ਯਿਬਲਆਮ	1	1	1	0	JOS 17:11
ਯਿਬਲਾਮ	2	2	2	3	JDG 1:27
ਯਿਬਸਾਮ	1	1	1	1	1CH 7:2
ਯਿਬਹਾਰ	2	2	2	3	2SA 5:15
ਯਿਮਨਾ	1	1	1	1	1CH 7:35
ਯਿਮਨਾਹ	4	4	4	4	GEN 46:17
ਯਿਮਨਾਹੀਆਂ	1	1	1	1	NUM 26:44
ਯਿਮਰਾਹ	1	1	1	1	1CH 7:36
ਯਿਮਲਾਹ	4	4	2	4	1KI 22:8
ਯਿਰਪਏਲ	1	1	1	1	JOS 18:27
ਯਿਰਮਯਾਹ	2	2	1	0	2KI 23:31
ਯਿਰਮਿਆਹ	1	1	1	0	EZR 1:1
ਯਿਰਮਿਯਾਹ	149	149	6	212	1CH 5:24
ਯਿਰਮੀਯਾਹ	2	2	1	0	JER 14:1
ਯਿਰਮੋਥ	1	1	1	0	1CH 7:7
ਯਿਰਹ	1	1	1	1	GEN 22:14
ਯਿਰੀਬਈ	1	1	1	1	1CH 11:46
ਯਿਰੀਮੋਥ	2	2	1	0	1CH 12:5
ਯਿਰੀਯਾਹ	2	2	1	2	JER 37:13
ਯਿਰੇਮੋਥ	3	3	1	6	1CH 7:8
ਯਿਰੋਨ	1	1	1	1	JOS 19:38
ਯਿਸਕਾਹ	1	1	1	1	GEN 11:29
ਯਿਸਬਾਕ	1	1	1	0	GEN 25:2
ਯਿਸਮਕਯਾਹ	1	1	1	1	2CH 31:13
ਯਿਸਹਰ	1	1	1	1	1CH 4:7
ਯਿਸਹਾਰ	9	9	3	9	EXO 6:18
ਯਿਸਹਾਰੀਆਂ	2	2	2	4	NUM 3:27
ਯਿਸ਼ਅਯਾਹ	1	1	1	4	1CH 3:21
ਯਿਸ਼ਈ	4	4	1	5	1CH 2:31
ਯਿਸ਼ਪਾਨ	1	1	1	1	1CH 8:22
ਯਿਸ਼ਪਾਹ	1	1	1	1	1CH 8:16
ਯਿਸ਼ਬਹ	1	1	1	1	1CH 4:17
ਯਿਸ਼ਬਾਕ	1	1	1	2	1CH 1:32
ਯਿਸ਼ਮਅਯਾਹ	2	2	1	2	1CH 12:4
ਯਿਸ਼ਮਰੇ	1	1	1	1	1CH 8:18
ਯਿਸ਼ਮਾ	1	1	1	1	1CH 4:3
ਯਿਸ਼ਵਾਨ	1	1	1	0	1CH 7:30
ਯਿਸ਼ਵਾਹ	1	1	1	2	GEN 46:17
ਯਿਸ਼ਵੀ	4	4	4	4	GEN 46:17
ਯਿਸ਼ਵੀਆਂ	1	1	1	1	NUM 26:44
ਯਿਸ਼ਹਾਰ	1	1	1	0	1CH 14:5
ਯਿਸ਼ਹਾਰੀਆਂ	1	1	1	0	1CH 26:29
ਯਿਸ਼ੁ	1	1	1	0	ACT 1:1
ਯਿਸ਼ੁਰੂਨ	1	1	1	0	ISA 44:2
ਯਿਸ਼ੂ	115	115	9	0	LUK 1:31
ਯਿਸਾਕਾਰ	1	1	1	0	2CH 30:18
ਯਿਸੀਮਿਏਲ	1	1	1	1	1CH 4:36
ਯਿਸੂ	1050	1050	24	1550	MAT 1:1
ਯਿਹਯਾਹ	1	1	1	1	1CH 15:24
ਯਿਹੀਏਲ	1	1	1	0	1CH 16:5
ਯਿਹੁਦ	1	1	1	1	JOS 19:45
ਯਿੱਦੋ	1	1	1	1	1CH 27:21
ਯਿੱਫਤਹ-ਏਲ	1	1	1	0	JOS 19:14
ਯਿੱਫਤਾਏਲ	1	1	1	2	JOS 19:27
ਯਿੱਸਹਾਰੀਆਂ	1	1	1	0	1CH 24:22
ਯਿੱਸ਼ਾਕਾਰ	1	1	1	0	GEN 35:23
ਯਿੱਸ਼ਿਯਾਹ	2	2	1	0	1CH 7:3
ਯਿੱਸ਼ੀਯਾਹ	4	4	2	7	1CH 12:6
ਯਿੱਸਾਕਰ	5	5	2	0	DEU 33:18
ਯਿੱਸਾਕਾਰ	31	31	10	43	GEN 30:18
ਯਿੱਸਾਕਾਰੀਆਂ	4	4	3	4	NUM 34:26
ਯਿੱਸੀ	1	1	1	0	1CH 10:14
ਯਿੱਸੀਯਾਹ	1	1	1	0	1CH 23:20
ਯੀਏਲ	1	1	1	0	2CH 20:14
ਯੁਧ	1	1	1	0	PSA 24:8
ਯੁਸ਼ਬਹਸਦ	1	1	1	0	1CH 3:20
ਯੁੱਤਾਹ	1	1	1	2	JOS 21:16
ਯੂਓਦਿਆ	1	1	1	1	PHP 4:2
ਯੂਕਲ	1	1	1	1	JER 38:1
ਯੂਟਾਹ	1	1	1	0	JOS 15:55
ਯੂਤਖੁਸ	1	1	1	2	ACT 20:9
ਯੂਦਯਾਹ	2	2	1	0	EZR 7:14
ਯੂਦਾਹ	1	1	1	0	NEH 6:17
ਯੂਨਾਨ	4	4	2	6	DAN 8:21
ਯੂਨਾਨਣ	1	1	1	0	MRK 7:26
ਯੂਨਾਨੀ	21	21	7	26	JHN 7:35
ਯੂਨਾਨੀ-ਯਹੂਦੀ	1	1	1	0	ACT 6:1
ਯੂਨਾਨੀਆਂ	12	12	5	13	JOL 3:6
ਯੂਨਾਹ	26	26	4	53	2KI 14:25
ਯੂਨਿਆਸ	1	1	1	1	ROM 16:7
ਯੂਨੀਕਾ	1	1	1	1	2TI 1:5
ਯੂਰਕੂਲੇਨ	1	1	1	1	ACT 27:14
ਯੂਲਿਉਸ	2	2	1	2	ACT 27:1
ਯੂਲੀਆ	1	1	1	1	ROM 16:15
ਯੂਸਤੁਸ	3	3	2	3	ACT 1:23
ਯੂਸਫ	1	1	1	0	PSA 78:67
ਯੂਸਫ਼	1	1	1	1	PSA 77:15
ਯੂਸੁਫ	4	4	3	0	1CH 25:2
ਯੂਸੁਫ਼	245	245	22	274	GEN 30:24
ਯੂਹੰਨਾ	170	170	10	231	MAT 3:1
ਯੂੰ	1	1	1	0	JOB 11:13
ਯੇਥਾਨ	1	1	1	0	1CH 15:17
ਯੇਰੋਮੋਥ	1	1	1	0	EZR 10:27
ਯੇਸਰ	2	2	2	3	GEN 46:24
ਯੇਸਰੀਆਂ	1	1	1	1	NUM 26:49
ਯੇਸ਼ਰ	1	1	1	1	1CH 2:18
ਯੇਸ਼ੁਆ	2	2	2	0	EZR 2:6
ਯੇਸ਼ੂਆ	23	23	4	31	1CH 24:11
ਯੇਸ਼ੋਬ-ਬਸ਼ਬਥ	1	1	1	0	2SA 23:8
ਯੇਸਾਦਕ	1	1	1	0	EZR 3:2
ਯੇਹੂ	58	58	5	60	1KI 16:1
ਯੋਂ	1	1	1	0	2SA 18:31
ਯੋਅਜ਼ਰ	1	1	1	1	1CH 12:6
ਯੋਆਨਾ	2	2	1	2	LUK 8:3
ਯੋਆਬ	143	143	6	148	1SA 26:6
ਯੋਆਸ਼	44	44	7	49	JDG 6:11
ਯੋਆਹ	10	10	4	11	2KI 18:18
ਯੋਆਹਾਜ	1	1	1	0	2CH 34:8
ਯੋਏਲ	24	24	7	32	1SA 8:2
ਯੋਏਲਾਹ	1	1	1	1	1CH 12:7
ਯੋਕਬਦ	2	2	2	2	EXO 6:20
ਯੋਕੀਮ	1	1	1	1	1CH 4:22
ਯੋਗ	31	31	9	189	PSA 18:3
ਯੋਗਤਾ	3	3	2	5	1CO 12:10
ਯੋਜਨਾ	4	4	3	85	JHN 12:19
ਯੋਜ਼ਾਬਾਦ	9	9	4	10	1CH 12:4
ਯੋਜਾਕਾਰ	1	1	1	1	2KI 12:21
ਯੋਥਾਮ	26	26	8	30	JDG 9:5
ਯੋਨਾਥਨ	14	14	1	2	2SA 1:4
ਯੋਨਾਥਨਨੇ	1	1	1	0	2SA 21:21
ਯੋਨਾਥਾਨ	101	101	8	122	JDG 18:30
ਯੋਨਾਦਾਬ	10	10	2	12	2SA 13:5
ਯੋਨਾਨ	1	1	1	1	LUK 3:30
ਯੋਬ	1	1	1	1	GEN 46:13
ਯੋਬਾਬ	9	9	3	9	GEN 10:29
ਯੋਯਰੀਬ	1	1	1	0	NEH 12:6
ਯੋਯਾਕੀਮ	4	4	1	4	NEH 12:10
ਯੋਯਾਦਾ	3	3	1	5	NEH 3:6
ਯੋਯਾਦਾਅ	1	1	1	0	NEH 13:28
ਯੋਯਾਰੀਬ	4	4	2	5	EZR 8:16
ਯੋਰਈ	1	1	1	1	1CH 5:13
ਯੋਰਾਮ	30	30	5	33	2SA 8:10
ਯੋਰਾਹ	1	1	1	1	EZR 2:18
ਯੋਸ਼ਵਯਾਹ	1	1	1	1	1CH 11:46
ਯੋਸ਼ਾਫਾਟ	2	2	1	0	1CH 11:43
ਯੋਸ਼ਾਹ	1	1	1	1	1CH 4:34
ਯੋਸ਼ਿਬਯਾਹ	1	1	1	1	1CH 4:35
ਯੋਸ਼ੀਯਾਹ	22	22	4	65	JER 1:2
ਯੋਸਾਦਾਕ	2	2	1	5	EZR 3:8
ਯੋਸੀਯਾਹ	33	33	4	0	1KI 13:2
ਯੋਸੇ	1	1	1	1	LUK 3:29
ਯੋਸੇਕ	1	1	1	1	LUK 3:26
ਯੋਸੇਸ	4	4	2	4	MAT 27:56
ਯੋਹਾ	2	2	1	2	1CH 8:16
ਯੋਹਾਨਾਨ	22	22	6	25	2KI 25:23
ਯੰਨਾਈ	1	1	1	1	LUK 3:24
ਯੰਨੇਸ	1	1	1	1	2TI 3:8
ਯੰਬਰੇਸ	1	1	1	1	2TI 3:8
ਯੱਤਿਰ	2	2	2	0	JOS 21:14
ਯੱਤੀਰ	2	2	2	4	JOS 15:48
ਯੱਦਈ	1	1	1	1	EZR 10:43
ਯੱਦੂਆ	2	2	1	3	NEH 12:11
ਯੱਦੂਹਾ	1	1	1	0	NEH 10:21
ਯੱਦੇ	1	1	1	1	2CH 9:29
ਯੱਬੋਕ	2	2	2	0	GEN 32:22
ਯੱਸ਼ਾਕਾਰ	1	1	1	0	GEN 49:14
ਯੱਸੀ	47	47	12	48	RUT 4:17
ਰ	3	3	2	0	2SA 21:14
ਰਅਈਤ	1	1	1	0	NEH 9:10
ਰਅਮਯਾਹ	1	1	1	1	NEH 7:7
ਰਅਮਾਹ	3	3	2	0	1CH 1:9
ਰਅਯਾਰ	1	1	1	0	NEH 7:50
ਰਅਯਾਹ	1	1	1	0	1CH 5:5
ਰਆਯਾਹ	2	2	2	4	1CH 4:2
ਰਈ	6	6	5	0	LEV 19:15
ਰਈਅਤ	22	22	6	1	GEN 41:40
ਰਈਯਤ	1	1	1	1	JER 25:19
ਰਈਯਤਾਂ	1	1	1	1	PSA 105:20
ਰਈਸ	3	3	3	2	NEH 12:40
ਰਈਸਾਂ	10	10	3	3	NEH 2:16
ਰਉਬੇਨ	1	1	1	0	NUM 1:5
ਰਊ	6	6	3	6	GEN 11:18
ਰਊਏਲ	9	9	4	11	GEN 36:4
ਰਊਏਲਦੇ	1	1	1	0	1CH 1:37
ਰਊਬੇਨ	43	43	9	46	GEN 29:32
ਰਊਬੇਨੀ	8	8	4	8	NUM 16:1
ਰਊਬੇਨੀਆਂ	36	36	5	38	NUM 7:30
ਰਊਬੇਨੀਓ	1	1	1	1	JOS 22:25
ਰਏਲਾਯਾਹ	1	1	1	1	EZR 2:2
ਰਕਤ	1	1	1	0	LEV 15:18
ਰਕਮ	6	6	4	7	NUM 31:8
ਰਕਾਬ	4	4	2	2	2SA 4:2
ਰਖ	10	10	5	0	PSA 25:7
ਰਖਦਾ	19	19	4	0	2SA 13:22
ਰਖਦਿਆਂ	1	1	1	0	ACT 9:12
ਰਖਦੀ	1	1	1	0	1TH 2:7
ਰਖਦੇ	13	13	5	0	JHN 5:44
ਰਖਵਾ	3	3	2	3	2CH 11:12
ਰਖਵਾਲੀ	6	6	4	14	PSA 25:20
ਰਖਵਾਲੇ	1	1	1	5	ECC 12:3
ਰਖਾ	1	1	1	1	LUK 5:34
ਰਖਾਂਗਾ	2	2	2	0	1KI 9:5
ਰਖਾਇਆ	2	2	2	1	ISA 15:7
ਰਖਿਆ	4	4	4	0	1CH 7:16
ਰਖਿਓ	1	1	1	0	JAS 5:20
ਰਖੀ	4	4	3	0	PSA 140:4
ਰਖੀਂ	2	2	2	0	LEV 25:35
ਰਖੇ	5	5	5	0	2SA 18:27
ਰਖੇਂਗਾ	3	3	2	0	PSA 32:7
ਰਖੇਗਾ	4	4	2	0	DAN 11:37
ਰਖੇਲਾਂ	2	2	1	0	DAN 5:2
ਰਖੇਲੀਆਂ	1	1	1	1	DAN 5:23
ਰਖੋ	13	13	8	0	JHN 16:33
ਰਖੱਦੇ	1	1	1	0	NEH 4:21
ਰਗਮ	2	2	2	1	1CH 2:47
ਰਗੜਦਾ	1	1	1	2	ISA 44:17
ਰਗੜਦੇ	3	3	1	2	ISA 3:15
ਰਗੜਨਗੇ	1	1	1	1	EXO 11:8
ਰਗੜਾਂ	1	1	1	1	ISA 44:19
ਰਗੜੇ	2	2	2	0	PRO 19:13
ਰਚ	3	3	3	1	PSA 78:19
ਰਚਣ	2	2	2	2	ECC 12:12
ਰਚਦਾ	2	2	2	2	PSA 33:15
ਰਚਨਾ	4	4	4	11	1CH 22:2
ਰਚਨਾਂ	1	1	1	2	PSA 104:24
ਰਚਿਆ	18	18	10	26	GEN 2:7
ਰਚੀ	1	1	1	2	PSA 94:9
ਰਚੀਆਂ	4	4	3	5	1KI 4:32
ਰਚੇ	3	3	3	2	PSA 139:13
ਰਚੇਗਾ	1	1	1	1	ISA 4:5
ਰਜਵਾੜਿਆਂ	2	2	2	2	1SA 10:18
ਰਜਵਾੜੇ	2	2	2	2	1KI 4:27
ਰਜ਼ਾ	3	3	3	0	1CO 4:19
ਰਜ਼ਾਮੰਦ	1	1	1	0	1CO 7:5
ਰਜ਼ਾਮੰਦੀ	1	1	1	1	PRO 14:9
ਰਜ਼ੋਨ	1	1	1	1	1KI 11:23
ਰਜਾ	5	5	4	3	JOB 38:39
ਰਜਾਇਆ	3	3	3	3	PSA 105:40
ਰਜਾਈਏ	1	1	1	1	MAT 15:33
ਰਜਾਉਂਦਾ	4	4	2	5	PSA 103:5
ਰਜਾਉਂਦੀ	1	1	1	1	ISA 55:2
ਰਜਾਉਂਦੇ	1	1	1	1	PRO 10:21
ਰਜਾਏ	3	3	3	3	JER 44:17
ਰਜਾਮੰਦੀ	1	1	1	0	PHM 1:14
ਰਜਾਵਾਂਗਾ	3	3	3	3	PSA 132:15
ਰਜਾਵੇ	1	1	1	1	JOB 38:27
ਰਜਾਵੇਂ	1	1	1	0	ISA 58:10
ਰਜੇਵਾ	1	1	1	0	EZK 16:49
ਰਟਿਆ	1	1	1	1	ISA 29:13
ਰਟੇ	1	1	1	0	1KI 1:41
ਰਣ	4	4	3	4	1CH 12:33
ਰਤਨ	2	2	1	2	PRO 17:8
ਰਤਮੇ	3	3	2	3	1KI 19:4
ਰਤਾ	4	4	4	0	1SA 25:21
ਰਤਾਕੁ	2	2	2	0	RUT 2:7
ਰਤੀ	6	6	3	0	PRO 6:10
ਰਤੀਕੁ	9	9	6	0	LEV 13:21
ਰਥ	89	89	18	50	GEN 41:43
ਰਥਮੇ	1	1	1	0	PSA 120:4
ਰਥਾਂ	71	71	21	44	EXO 14:17
ਰਥੋ	1	1	1	1	JER 46:9
ਰਥੋਂ	1	1	1	0	JDG 4:15
ਰਦਦਅਜ਼ਰ	1	1	1	0	2SA 8:5
ਰਦਾ	2	2	2	0	1KI 6:36
ਰਦਿਆ	1	1	1	0	1PE 2:7
ਰਦੇ	3	3	2	0	1KI 6:36
ਰਪਟ	1	1	1	0	EZK 36:3
ਰਫਯਾਹ	1	1	1	0	NEH 3:9
ਰਫਹ	1	1	1	1	1CH 7:25
ਰਫ਼	1	1	1	0	1CH 20:6
ਰਫ਼ਾ	2	2	1	3	1CH 20:4
ਰਫ਼ਾਈ	2	2	1	1	DEU 2:11
ਰਫ਼ਾਈਆਂ	6	6	3	9	DEU 2:20
ਰਫ਼ਾਈਮ	2	2	1	8	JOS 15:8
ਰਫ਼ੀਦਿਮ	2	2	1	0	NUM 33:14
ਰਫ਼ੀਦੀਮ	3	3	1	5	EXO 17:1
ਰਫਾਈਆਂ	3	3	2	0	GEN 14:5
ਰਫਾਈਮ	5	5	4	0	GEN 15:20
ਰਫਾਏਲ	1	1	1	1	1CH 26:7
ਰਫਾਯਾਹ	4	4	1	0	1CH 3:21
ਰਬਰੋਨ	1	1	1	0	1CH 29:27
ਰਬਸ਼ਾਕੇਹ	16	16	2	16	2KI 18:17
ਰਬਸਾਰੀਸ	1	1	1	1	2KI 18:17
ਰਬਾ	1	1	1	2	JOS 13:21
ਰਬਾਬ	9	9	6	9	1SA 10:5
ਰਬਾਬਾਂ	1	1	1	1	AMO 5:23
ਰਬਾਬੀਆਂ	1	1	1	1	REV 18:22
ਰਬਾਹ	2	2	2	0	1CH 20:1
ਰਬਾੱਹ	1	1	1	0	2SA 11:1
ਰਮਥ	1	1	1	1	JOS 19:21
ਰਮਲਯਾਹ	13	13	3	13	2KI 15:25
ਰਮਲੀਆਂ	1	1	1	1	JER 27:9
ਰਲ	50	50	21	44	GEN 49:6
ਰਲਕਾਰੇ	1	1	1	0	2SA 2:5
ਰਲਣ	2	2	1	3	EXO 30:13
ਰਲਦਾ	1	1	1	1	DAN 2:43
ਰਲਦੀ	1	1	1	1	HEB 7:6
ਰਲਦੇ	3	3	3	3	EXO 38:26
ਰਲਨ	2	2	1	0	GEN 30:40
ਰਲਵੀਂ	1	1	1	1	ISA 65:11
ਰਲਹ	1	1	1	0	1CH 5:26
ਰਲਾ	15	15	13	13	GEN 28:9
ਰਲਾਇਆ	3	3	3	0	LEV 14:21
ਰਲਾਈ	2	2	2	1	PRO 9:5
ਰਲਾਉਂਦਾ	2	2	2	1	HOS 7:8
ਰਲਾਉਂਦੇ	1	1	1	1	ISA 5:8
ਰਲਾਉਣ	2	2	2	2	2KI 22:20
ਰਲਾਏ	1	1	1	1	LEV 14:10
ਰਲਾਕੇ	1	1	1	0	LEV 22:14
ਰਲਾਵਾਂ	1	1	1	1	JER 3:19
ਰਲਾਵੀਂ	1	1	1	1	LEV 2:13
ਰਲਿਆ	5	5	5	4	GEN 49:33
ਰਲਿਆਂ	2	2	1	0	JER 25:20
ਰਲੀ	4	4	4	5	EXO 9:24
ਰਲੀਆਂ	2	2	2	2	LEV 7:10
ਰਲੇ	8	8	6	7	LEV 23:13
ਰਲੇਂਗਾ	2	2	2	1	NUM 31:2
ਰਲੇਗਾ	4	4	2	2	NUM 20:24
ਰਵਾ	1	1	1	0	JER 22:22
ਰਵਾਂਹ	1	1	1	1	2SA 17:28
ਰਵਾਜਾਂ	1	1	1	0	2CH 28:3
ਰਸ	30	30	17	22	EXO 22:29
ਰਸਤ	20	20	9	10	GEN 42:25
ਰਸਤਾ	10	10	7	8	JOB 36:23
ਰਸਤਾਂ	1	1	1	0	DAN 11:26
ਰਸਤਿਆਂ	7	7	6	6	JOB 19:8
ਰਸਤਿਓਂ	1	1	1	0	LUK 19:4
ਰਸਤੇ	49	49	15	62	GEN 24:48
ਰਸਦ	3	3	2	2	2CH 11:11
ਰਸਨ	1	1	1	1	GEN 10:12
ਰਸਨਾ	13	13	2	3	PSA 35:28
ਰਸਨਾਂ	1	1	1	0	PSA 55:9
ਰਸਨੂਆਰ	1	1	1	0	NEH 11:9
ਰਸਫ	1	1	1	0	ISA 37:12
ਰਸਮਾਂ	1	1	1	0	ACT 28:17
ਰਸ਼ਫ਼	2	2	2	3	2KI 19:12
ਰਸਿਆ	1	1	1	0	ISA 27:2
ਰਸੀ	1	1	1	0	GEN 20:16
ਰਸੀਆਂ	1	1	1	0	JHN 2:15
ਰਸੀਦਾ	1	1	1	1	PSA 139:15
ਰਸੀਨ	11	11	4	11	2KI 15:37
ਰਸੀਲਾ	1	1	1	1	2SA 23:1
ਰਸੀਲੀ	2	2	2	2	SNG 2:14
ਰਸੀਲੀਆਂ	1	1	1	0	2SA 1:24
ਰਸੀਲੇ	2	2	2	2	PSA 98:5
ਰਸੂਲ	36	36	17	75	MRK 6:30
ਰਸੂਲਪੁਣੇ	1	1	1	0	ACT 1:25
ਰਸੂਲਾਂ	52	52	12	68	MAT 10:2
ਰਸੂਲੋ	1	1	1	1	REV 18:20
ਰਸੋਇਣਾਂ	1	1	1	0	1SA 8:13
ਰਸੋਈਆ	1	1	1	1	GEN 40:1
ਰਸੋਈਆਂ	2	2	1	5	GEN 40:2
ਰਸੋਈਏ	5	5	1	1	GEN 40:5
ਰਹ	1	1	1	0	JOS 10:12
ਰਹਬ	5	5	3	4	JOB 9:13
ਰਹਬਯਾਹ	4	4	1	0	1CH 23:17
ਰਹਬੁਆਮ	52	52	4	57	1KI 11:43
ਰਹਮ	63	63	21	32	GEN 43:14
ਰਹਮਤਾਂ	7	7	3	4	PSA 51:1
ਰਹਾਂ	12	12	9	12	JDG 17:9
ਰਹਾਂਗਾ	36	36	16	42	EXO 17:9
ਰਹਾਂਗੀ	5	5	5	6	GEN 27:46
ਰਹਾਂਗੇ	6	6	5	9	1SA 14:9
ਰਹਾਬ	3	3	2	2	HEB 11:31
ਰਹਾਬਯਾਹ	1	1	1	5	1CH 23:17
ਰਹਿ	142	142	37	239	GEN 13:6
ਰਹਿਆ	1	1	1	0	LEV 13:5
ਰਹਿਓ	4	4	3	4	DEU 6:12
ਰਹਿਣ	203	203	46	300	GEN 6:20
ਰਹਿਣਗੀਆਂ	9	9	8	11	LEV 26:22
ਰਹਿਣਗੇ	57	57	17	59	EXO 8:11
ਰਹਿਣਾ	46	46	21	36	GEN 27:39
ਰਹਿਤ	52	52	11	66	EXO 12:5
ਰਹਿਨ	1	1	1	0	2CH 11:5
ਰਹਿਮ	1	1	1	17	COL 3:12
ਰਹਿੰਗਾ	1	1	1	0	ECC 11:3
ਰਹਿੰਦ	6	6	4	0	JDG 8:2
ਰਹਿੰਦਾ	211	211	43	252	GEN 14:13
ਰਹਿੰਦਿਆਂ	10	10	9	10	LEV 27:18
ਰਹਿੰਦੀ	43	43	24	51	GEN 6:5
ਰਹਿੰਦੀਆਂ	13	13	10	17	JOS 18:2
ਰਹਿੰਦੇ	155	155	42	186	EXO 5:8
ਰਹੀ	129	129	37	143	GEN 7:12
ਰਹੀਂ	6	6	4	8	EXO 18:19
ਰਹੀਆਂ	26	26	19	22	GEN 31:15
ਰਹੀਏ	21	21	13	22	GEN 42:2
ਰਹੀਮ	2	2	1	1	PSA 78:38
ਰਹੁ	74	74	27	0	GEN 29:20
ਰਹੁਮ	1	1	1	0	NEH 12:3
ਰਹੂਗਾ	7	7	2	0	GEN 29:34
ਰਹੂਗੀ	2	2	2	0	GEN 19:20
ਰਹੂਮ	6	6	2	8	EZR 4:8
ਰਹੇ	671	671	59	709	GEN 2:18
ਰਹੇਂ	4	4	4	3	NUM 32:6
ਰਹੇਂਗਾ	25	25	12	26	GEN 20:7
ਰਹੇਂਗੀ	4	4	3	4	1SA 1:14
ਰਹੇਗਾ	160	160	39	176	GEN 2:24
ਰਹੇਗਾਂ	1	1	1	0	1SA 16:1
ਰਹੇਗੀ	54	54	26	57	EXO 23:26
ਰਹੋ	185	185	44	206	GEN 22:5
ਰਹੋਂਗੇ	3	3	2	0	JHN 15:4
ਰਹੋਗੇ	23	23	11	32	GEN 45:10
ਰਹੋਬ	10	10	6	11	NUM 13:21
ਰਹੋਬੋਥ	3	3	2	3	GEN 26:22
ਰਹੋਬੋਥ-ਈਰ	1	1	1	1	GEN 10:11
ਰਹੱਸਾ	1	1	1	0	1CO 2:10
ਰਹੱਸਾਂ	1	1	1	0	1CO 13:2
ਰਾ	2	2	2	0	1CH 19:17
ਰਾਇ	1	1	1	0	1CO 7:25
ਰਾਈ	6	6	3	7	MAT 13:31
ਰਾਏ	1	1	1	0	1CO 7:40
ਰਾਕਮ	1	1	1	1	1CH 7:16
ਰਾਕਾਲ	1	1	1	1	1SA 30:29
ਰਾਖ	3	3	3	0	JOB 30:19
ਰਾਖਲੇ	1	1	1	0	JER 31:15
ਰਾਖਵੇਂ	3	3	3	2	GEN 27:15
ਰਾਖ਼ੇਲ	1	1	1	51	MAT 2:18
ਰਾਖਾ	25	25	11	0	GEN 4:9
ਰਾਖਿਆਂ	6	6	5	8	SNG 8:11
ਰਾਖੀ	81	81	32	80	GEN 2:15
ਰਾਖੇ	26	26	13	26	1SA 17:20
ਰਾਖੇਲ	46	46	3	0	GEN 29:6
ਰਾਗ	10	10	7	25	GEN 31:27
ਰਾਗਣਾ	1	1	1	0	NEH 7:67
ਰਾਗਣਾਂ	2	2	2	3	2CH 35:25
ਰਾਗਾਂ	1	1	1	1	1CH 13:8
ਰਾਗੀ	11	11	4	5	2CH 35:25
ਰਾਗੀਆਂ	9	9	3	2	1KI 10:12
ਰਾਜ	792	792	50	971	GEN 1:16
ਰਾਜ-ਕੁਮਾਰ	1	1	1	0	MIC 5:5
ਰਾਜ-ਗੱਦੀ	1	1	1	0	ISA 9:7
ਰਾਜ-ਡੰਡਾ	1	1	1	0	ISA 14:5
ਰਾਜ-ਪੁੱਤ੍ਰ	2	2	1	0	2SA 13:33
ਰਾਜ-ਪੁੱਤ੍ਰਾਂ	1	1	1	0	2SA 13:30
ਰਾਜਅਤੇ	1	1	1	0	1CH 14:1
ਰਾਜਕੁਮਾਰ	34	34	3	39	2CH 23:3
ਰਾਜਕੁਮਾਰਾਂ	4	4	2	7	EZR 6:10
ਰਾਜਕੁਮਾਰੀ	2	2	2	2	PSA 45:13
ਰਾਜਕੁਮਾਰੀਆਂ	1	1	1	1	PSA 45:9
ਰਾਜਕੁਮਾਰੋ	1	1	1	1	EZK 45:9
ਰਾਜਗੱਦੀ	2	2	1	1	1KI 2:33
ਰਾਜਦੂਤਾਂ	1	1	1	1	JER 27:3
ਰਾਜਧਾਨੀ	4	4	3	11	JOS 11:10
ਰਾਜਧਾਨੀਆਂ	1	1	1	1	1CH 29:30
ਰਾਜਨ	13	13	3	0	2SA 24:23
ਰਾਜਪਾਲ	1	1	1	10	JHN 18:28
ਰਾਜਬੰਸੀ	1	1	1	0	2KI 25:25
ਰਾਜਮੰਤਰੀ	1	1	1	1	EZR 4:17
ਰਾਜਹੰਸ	1	1	1	1	LEV 11:18
ਰਾਜ਼ੀ	24	24	11	14	JDG 2:22
ਰਾਜਾ	307	307	31	1684	GEN 14:1
ਰਾਜਾਂ	20	20	12	28	1KI 5:18
ਰਾਜਿਆਂ	115	115	26	218	GEN 14:17
ਰਾਜਿਓ	2	2	2	2	JDG 5:3
ਰਾਜੀ	20	20	11	6	GEN 43:27
ਰਾਜੇ	286	286	33	477	GEN 14:5
ਰਾਣ	10	10	2	0	LEV 7:32
ਰਾਣੀ	39	39	11	72	1KI 9:16
ਰਾਣੀਆਂ	16	16	8	21	2SA 12:8
ਰਾਤ	329	329	46	311	GEN 1:5
ਰਾਤਾਂ	15	15	8	13	EXO 24:18
ਰਾਤੀ	1	1	1	0	2SA 21:10
ਰਾਤੀਂ	15	15	11	8	GEN 31:40
ਰਾਤੋ	4	4	3	3	2KI 6:14
ਰਾਤੋਂ	1	1	1	1	JER 52:7
ਰਾਫ਼ੂ	1	1	1	1	NUM 13:9
ਰਾਫਾ	1	1	1	1	1CH 8:2
ਰਾਫਾਹ	1	1	1	1	1CH 8:37
ਰਾਮ	9	9	4	9	RUT 4:19
ਰਾਮਥ	2	2	1	2	JOS 13:26
ਰਾਮਥ-ਲਹੀ	1	1	1	1	JDG 15:17
ਰਾਮਸੇਸ	5	5	3	5	GEN 47:11
ਰਾਮਹ	1	1	1	1	JDG 4:5
ਰਾਮਾਤੈਮ	1	1	1	1	1SA 1:1
ਰਾਮਾਥੀ	1	1	1	1	1CH 27:27
ਰਾਮਾਹ	38	38	12	42	GEN 10:7
ਰਾਮੋਥ	22	22	7	28	DEU 4:43
ਰਾਮੋਥ-ਗਿਲਆਦ	5	5	2	0	1KI 22:15
ਰਾਰਾਨ	1	1	1	0	AMO 3:12
ਰਾਰਿਮ	1	1	1	0	NEH 10:5
ਰਾਲ	4	4	3	4	GEN 6:14
ਰਾਸ	1	1	1	0	ZEP 2:9
ਰਾਸਤ	1	1	1	0	ROM 8:4
ਰਾਸਤੀ	1	1	1	0	ISA 11:4
ਰਾਸ਼ਨ	5	5	3	5	1KI 20:27
ਰਾਹ	575	575	48	556	GEN 3:24
ਰਾਹਤ	1	1	1	0	1CO 16:18
ਰਾਹਬ	1	1	1	1	JOB 26:12
ਰਾਹਾਂ	86	86	26	98	DEU 8:6
ਰਾਹਾਬ	6	6	2	6	JOS 2:1
ਰਾਹੀ	12	12	10	7	JDG 5:6
ਰਾਹੀਂ	288	288	52	265	GEN 9:11
ਰਾਹੀਂਅਤੇ	1	1	1	0	1CO 14:21
ਰਾਹੀਆਂ	2	2	2	2	PRO 9:15
ਰਾਹੇ	3	3	3	3	GEN 18:16
ਰਾਹੋਂ	6	6	6	4	JDG 2:17
ਰਿਆਇਤ	1	1	1	0	ACT 25:3
ਰਿਆਸਤ	1	1	1	2	EPH 1:21
ਰਿਆਸਤਾਂ	1	1	1	1	COL 1:16
ਰਿਕਾਈ	1	1	1	0	2SA 7:13
ਰਿਚਾ	1	1	1	0	ECC 12:10
ਰਿਛਣੀ	1	1	1	0	2SA 17:8
ਰਿਜਕ	1	1	1	0	PSA 132:15
ਰਿਜ਼ਪਾਹ	1	1	1	4	2SA 3:7
ਰਿਝਾਇਆ	3	3	3	0	MAT 14:6
ਰਿਝਾਈਏ	1	1	1	0	ROM 15:1
ਰਿਝਾਉਂਣਾ	1	1	1	0	GAL 1:10
ਰਿਝਾਉਂਦਾ	1	1	1	0	GAL 1:10
ਰਿਝਾਉਂਦੀ	1	1	1	0	PRO 8:30
ਰਿਝਾਉਣ	2	2	2	0	EPH 6:6
ਰਿਝਾਏ	1	1	1	0	ROM 15:2
ਰਿਣ	1	1	1	0	ECC 12:13
ਰਿਤਵੰਤੀ	2	2	1	0	EZK 18:6
ਰਿਤੂ	3	3	1	0	LEV 15:24
ਰਿਥਮਾਹ	2	2	1	2	NUM 33:18
ਰਿਦਿਆਂ	1	1	1	0	LEV 26:16
ਰਿਦੇ	3	3	3	0	LEV 26:41
ਰਿਫ਼ਾਨ	1	1	1	1	ACT 7:43
ਰਿਬਕਾਹ	31	31	2	34	GEN 22:23
ਰਿਬਲਾਹ	11	11	3	11	NUM 34:11
ਰਿਵਾਜ਼	2	2	1	2	JHN 18:39
ਰਿਸਫਾਹ	2	2	1	0	2SA 21:8
ਰਿਸਯਾ	1	1	1	1	1CH 7:39
ਰਿਸ਼ਤਾ	1	1	1	4	2CH 18:1
ਰਿਹਣ	1	1	1	0	1SA 6:7
ਰਿਹਾ	766	766	55	751	GEN 5:7
ਰਿਹਾਂ	3	3	3	0	JOS 14:9
ਰਿਹਾਇਸ਼	1	1	1	0	1CO 16:10
ਰਿਹਾਈ	5	5	5	7	1SA 23:28
ਰਿਹੰਦਾ	3	3	1	0	PSA 10:1
ਰਿਹੰਦੇ	3	3	1	0	EZR 4:11
ਰਿੜਕਣ	1	1	1	1	PRO 30:33
ਰਿੜ੍ਹਿਆ	2	2	2	1	MRK 16:4
ਰਿੰਨਾਹ	1	1	1	1	1CH 4:20
ਰਿੰਨੀਆ	1	1	1	0	LAM 4:10
ਰਿੰਨੀਆਂ	1	1	1	0	1SA 25:18
ਰਿੰਨ੍ਹ	2	2	2	1	EXO 23:19
ਰਿੰਨ੍ਹਣ	1	1	1	0	1SA 2:13
ਰਿੰਨ੍ਹਿਆ	3	3	2	1	EXO 12:9
ਰਿੰਨ੍ਹੋ	1	1	1	0	LEV 8:31
ਰਿੰਮੀਨ	1	1	1	0	ZEC 14:10
ਰਿੰਮੋਨ	14	14	5	15	JOS 15:32
ਰਿੰਮੋਨ-ਪਾਰਸ	2	2	1	2	NUM 33:19
ਰਿੰਮੋਨੋ	1	1	1	0	1CH 6:77
ਰਿੱਛ	8	8	6	8	1SA 17:34
ਰਿੱਛਣੀ	2	2	2	4	PRO 17:12
ਰਿੱਛਣੀਆਂ	1	1	1	1	2KI 2:24
ਰਿੱਛਨੀ	1	1	1	0	ISA 11:7
ਰਿੱਛਾਂ	1	1	1	1	ISA 59:11
ਰਿੱਝਣ	1	1	1	0	DEU 1:12
ਰਿੱਝਿਆ	1	1	1	0	1SA 2:15
ਰਿੱਧਾ	1	1	1	1	1KI 17:12
ਰਿੱਸਾਹ	2	2	1	2	NUM 33:21
ਰੀ	1	1	1	0	1SA 21:7
ਰੀਝ	1	1	1	2	EXO 15:26
ਰੀਝਦਾ	3	3	2	2	PSA 147:10
ਰੀਝਵਾਨ	2	2	2	1	1KI 10:9
ਰੀਝਾਂ	1	1	1	1	ISA 44:9
ਰੀਝੇਗਾ	1	1	1	0	ISA 62:5
ਰੀਤ	29	29	13	42	NUM 29:6
ਰੀਤਾਂ	15	15	8	20	LEV 18:3
ਰੀਤੀ	17	17	9	22	EXO 12:25
ਰੀਤੀਆਂ	2	2	2	0	NEH 13:14
ਰੀਫਤ	1	1	1	0	GEN 10:3
ਰੀਫਥ	1	1	1	0	1CH 1:6
ਰੀਬਈ	2	2	2	2	2SA 23:29
ਰੀਸ	7	7	5	11	PRO 3:31
ਰੀਸਫਾਹ	1	1	1	0	2SA 21:10
ਰੀੜ	1	1	1	1	LEV 3:9
ਰੁਆਇਆ	1	1	1	0	LAM 2:8
ਰੁਕ	17	17	12	15	NUM 16:48
ਰੁਕਦਾ	2	2	2	0	PRO 21:26
ਰੁਕਦੀ	1	1	1	0	LAM 3:49
ਰੁਕਦੇ	1	1	1	0	JOL 2:8
ਰੁਕਾਵਟ	1	1	1	11	ISA 57:14
ਰੁਕਿਆ	3	3	2	7	2CH 18:14
ਰੁਕੀਂ	1	1	1	1	PRO 3:27
ਰੁਕੇ	3	3	3	4	NUM 9:7
ਰੁਕੇਗਾ	2	2	2	2	JER 17:8
ਰੁਕੋ	2	2	2	4	NUM 22:16
ਰੁਖ	1	1	1	0	JDG 8:11
ਰੁਖਸਤ	1	1	1	0	2CH 23:8
ਰੁਖਾਂ	1	1	1	0	JHN 18:1
ਰੁਝ	1	1	1	0	1CO 7:34
ਰੁਝਾਈ	1	1	1	1	2TH 3:11
ਰੁਝਿਆ	2	2	1	0	1CO 7:32
ਰੁਝੀ	1	1	1	0	1CO 7:34
ਰੁਝੇ	1	1	1	0	1CH 9:33
ਰੁਤ	1	1	1	0	PSA 1:3
ਰੁਤੇ	1	1	1	0	GEN 21:2
ਰੁਦਨ	1	1	1	0	PHP 3:18
ਰੁਪਇਆ	1	1	1	0	GEN 23:16
ਰੁਪਇਆਂ	3	3	2	0	GEN 37:28
ਰੁਪਇਏ	1	1	1	0	GEN 23:15
ਰੁਪਈਏ	3	3	2	0	EXO 21:32
ਰੁਪਏ	55	55	18	35	LEV 27:3
ਰੁਪਹਿਰੀ	2	2	1	0	1CH 29:2
ਰੁਪਹਿਲੇ	1	1	1	0	ACT 19:24
ਰੁਪਿਆ	18	18	6	16	JDG 16:5
ਰੁਪਿਆਂ	4	4	3	3	PRO 7:20
ਰੁਮਾਲ	3	3	3	3	LUK 19:20
ਰੁਲ	1	1	1	0	ACT 19:27
ਰੁਲਦੇ	1	1	1	1	PSA 109:10
ਰੁਸ	1	1	1	0	2TI 1:16
ਰੁਹਾਮਾਹ	4	4	1	0	HOS 1:6
ਰੁੜ੍ਹ	4	4	2	4	JDG 7:13
ਰੁੜ੍ਹਦੇ	3	3	1	3	ACT 27:15
ਰੁੜ੍ਹਾ	3	3	3	0	ISA 28:17
ਰੁੰਨਾ	1	1	1	0	REV 5:4
ਰੁੰਨੇ	1	1	1	0	ACT 20:37
ਰੁੱਕ	4	4	3	14	JOB 38:11
ਰੁੱਖ	89	89	23	179	GEN 18:4
ਰੁੱਖਾਂ	26	26	11	67	JOS 10:26
ਰੁੱਖੀ	1	1	1	1	PRO 17:1
ਰੁੱਖੀਆਂ	1	1	1	1	LEV 7:10
ਰੁੱਗ	1	1	1	1	JER 9:22
ਰੁੱਗਾਂ	1	1	1	0	RUT 2:16
ਰੁੱਝ	1	1	1	1	ACT 18:5
ਰੁੱਝੀ	1	1	1	1	ACT 9:36
ਰੁੱਝੇ	2	2	2	2	ECC 3:10
ਰੁੱਤ	21	21	12	23	1CH 11:22
ਰੁੱਤਾਂ	2	2	2	3	GEN 1:14
ਰੁੱਤੇ	6	6	4	3	GEN 17:21
ਰੁੱਪਾ	3	3	1	0	1CH 28:14
ਰੁੱਸ	1	1	1	0	JOB 4:5
ਰੁੱਸਣ	1	1	1	0	JOB 6:14
ਰੁੱਸੇ	1	1	1	1	PRO 18:19
ਰੂਥ	17	17	2	40	RUT 0:0
ਰੂਪ	57	57	23	131	GEN 41:19
ਰੂਪਏ	1	1	1	0	1KI 10:29
ਰੂਪਵੰਤ	18	18	7	18	GEN 29:17
ਰੂਪਵੰਤੀ	3	3	2	3	GEN 12:11
ਰੂਪਵੰਤੀਏ	1	1	1	1	SNG 1:8
ਰੂਪੀ	5	5	4	7	DEU 28:12
ਰੂਫ਼ੁਸ	1	1	1	1	MRK 15:21
ਰੂਫੁਸ	1	1	1	1	ROM 16:13
ਰੂਮਾਹ	2	2	2	2	GEN 22:24
ਰੂਹ	33	33	17	17	1KI 21:5
ਰੂਹਮ	1	1	1	0	EZR 2:2
ਰੂਹਾਂ	9	9	7	3	2KI 23:24
ਰੂਹਾਨੀ	1	1	1	2	ROM 12:1
ਰੂੜੀ	9	9	6	6	EZR 6:11
ਰੇ	1	1	1	0	2SA 19:13
ਰੇਈ	1	1	1	1	1KI 1:8
ਰੇਕਾਬ	9	9	4	12	2SA 4:6
ਰੇਕਾਬੀਆਂ	4	4	1	4	JER 35:2
ਰੇਕਾਹ	1	1	1	1	1CH 4:12
ਰੇਗਿਯੁਨ	1	1	1	1	ACT 28:13
ਰੇਗਿਸਤਾਨ	1	1	1	0	1CO 10:5
ਰੇਟ	2	2	1	0	PSA 78:27
ਰੇਤ	25	25	17	28	GEN 22:17
ਰੇਤਾਂ	1	1	1	0	DEU 33:19
ਰੇਤੀਆਂ	1	1	1	1	1SA 13:21
ਰੇਫਰ	1	1	1	0	1CH 11:36
ਰੇਰੇ	1	1	1	0	ZEP 3:11
ਰੇਲ	2	2	1	0	PSA 51:1
ਰੇਸਹ	1	1	1	1	LUK 3:27
ਰੇਸ਼ਮ	1	1	1	1	EZK 16:10
ਰੇਸ਼ਮੀ	3	3	3	3	EZK 16:13
ਰੇਹੜ	2	2	2	0	PSA 119:22
ਰੇਹੜਨ	1	1	1	0	JER 47:2
ਰੇੜਦਾ	1	1	1	0	PRO 26:27
ਰੇੜ੍ਹ	8	8	6	8	JOS 5:9
ਰੇੜ੍ਹਦੇ	1	1	1	1	GEN 29:3
ਰੇੜ੍ਹਨ	1	1	1	2	GEN 29:8
ਰੇੜ੍ਹਿਆ	1	1	1	1	GEN 29:10
ਰੈਈਯਤਾਂ	1	1	1	0	EZR 6:12
ਰੋ	28	28	18	15	GEN 50:17
ਰੋਂਦਾ	15	15	7	9	GEN 37:35
ਰੋਂਦਿਆਂ	3	3	2	2	PSA 126:6
ਰੋਂਦੀ	12	12	11	12	NUM 14:1
ਰੋਂਦੀ-ਰੋਂਦੀ	1	1	1	2	JHN 20:11
ਰੋਂਦੀਆਂ	2	2	2	3	LUK 23:27
ਰੋਂਦੇ	22	22	12	24	GEN 50:3
ਰੋਇਆ	36	36	13	25	GEN 27:38
ਰੋਇਆਂ	1	1	1	0	RUT 1:9
ਰੋਈ	3	3	3	1	GEN 21:16
ਰੋਈਂ	2	2	1	2	EZK 24:16
ਰੋਏ	17	17	9	12	GEN 33:4
ਰੋਕ	41	41	17	49	GEN 39:9
ਰੋਕਣ	5	5	5	5	NUM 22:32
ਰੋਕਣਗੇ	2	2	2	1	2SA 5:6
ਰੋਕਣਾ	2	2	1	1	1PE 3:10
ਰੋਕਦਾ	5	5	5	6	JOB 37:4
ਰੋਕਦੀ	1	1	1	1	ACT 8:36
ਰੋਕਾਂਗਾ	1	1	1	1	PSA 40:9
ਰੋਕਿਆ	19	19	14	21	GEN 20:6
ਰੋਕੀ	3	3	3	4	JOB 33:18
ਰੋਕੀਂ	1	1	1	0	PRO 1:15
ਰੋਕੀਏ	1	1	1	0	1CO 9:12
ਰੋਕੇ	3	3	2	4	JOB 18:7
ਰੋਕੇਂ	1	1	1	1	ISA 58:13
ਰੋਕੇਗਾ	5	5	4	6	GEN 23:6
ਰੋਕੋ	5	5	4	7	DEU 15:7
ਰੋਕੜ	9	9	5	1	LEV 25:37
ਰੋਕੜੀ	2	2	1	0	2CH 24:11
ਰੋਗ	75	75	11	86	LEV 13:2
ਰੋਗਣ	2	2	1	2	SNG 2:5
ਰੋਗਨ	1	1	1	1	JER 8:22
ਰੋਗਲੀਮ	2	2	1	2	2SA 17:27
ਰੋਗ਼ੀ	1	1	1	0	JHN 11:1
ਰੋਗਾਂ	7	7	3	8	PSA 103:3
ਰੋਗਿਜ਼	1	1	1	0	MRK 3:17
ਰੋਗੀ	12	12	7	17	2SA 13:5
ਰੋਗੀਆਂ	18	18	4	23	MAT 4:24
ਰੋਗੇਲ	2	2	1	0	JOS 15:7
ਰੋਜ	14	14	8	0	EXO 5:13
ਰੋਜ਼	15	15	8	66	2SA 13:37
ਰੋਜ਼ੀ	4	4	3	1	EZK 16:27
ਰੋਜੀ	1	1	1	0	REV 18:17
ਰੋਟਿਆ	1	1	1	0	EZK 4:13
ਰੋਟੀ	382	382	38	386	GEN 3:19
ਰੋਟੀਆਂ	70	70	19	73	GEN 40:16
ਰੋਟੀਓਂ	1	1	1	1	PRO 12:9
ਰੋਡਾ	1	1	1	2	ISA 15:2
ਰੋਣ	30	30	19	30	GEN 23:2
ਰੋਣਗੀਆਂ	2	2	2	2	JOB 27:15
ਰੋਣਗੇ	7	7	4	7	ISA 19:8
ਰੋਣਾ	16	16	9	12	GEN 43:30
ਰੋਦਾਂ	1	1	1	0	EZR 10:6
ਰੋਦੁਸ	1	1	1	1	ACT 21:1
ਰੋਦੇ	1	1	1	1	ACT 12:13
ਰੋਬਰੂ	3	3	3	0	ACT 25:16
ਰੋਮ	11	11	5	37	GEN 27:11
ਰੋਮਮਤੀ	2	2	1	0	1CH 25:4
ਰੋਮੀ	10	10	2	17	JHN 11:48
ਰੋਮੀਆਂ	7	7	2	14	ACT 16:12
ਰੋਲਾ	1	1	1	0	2KI 11:13
ਰੋਲੇ	1	1	1	0	1KI 1:41
ਰੋਵਾਂ	1	1	1	0	ZEC 7:3
ਰੋਵਾਂਗਾ	5	5	2	5	ISA 16:9
ਰੋਵੇਂ	1	1	1	1	PRO 5:11
ਰੋਵੇਗੀ	1	1	1	1	JER 13:17
ਰੋਵੋ	15	15	8	16	2SA 1:24
ਰੋਵੋਂਗੇ	1	1	1	0	JHN 16:20
ਰੋਵੋਗੇ	3	3	2	4	ISA 16:7
ਰੋਸ਼	4	4	2	4	GEN 46:21
ਰੋਸ਼ਨ	2	2	2	0	EZR 9:8
ਰੋਸ਼ਨੀ	5	5	4	14	EST 8:16
ਰੋਸ਼ਨੀਆਂ	2	2	1	0	JAS 1:17
ਰੋਸਾ	1	1	1	1	PSA 78:49
ਰੋਹ	6	6	4	4	GEN 34:7
ਰੋਹਗਾਹ	1	1	1	1	1CH 7:34
ਰੋਹੀ	1	1	1	0	PSA 74:14
ਰੋੜ	1	1	1	0	2SA 5:20
ਰੋੜਾ	2	2	2	1	LEV 11:22
ਰੋੜਿਆਂ	1	1	1	1	LAM 3:16
ਰੋੜ੍ਹ	3	3	3	6	JDG 5:21
ਰੋੜ੍ਹਦਾ	1	1	1	0	ISA 59:19
ਰੋੜ੍ਹਦੇ	1	1	1	0	JOB 30:14
ਰੌਂ	1	1	1	0	EZK 10:11
ਰੌਕੜ	1	1	1	0	LEV 22:11
ਰੌਣ	1	1	1	0	PSA 6:8
ਰੌਣਕ	2	2	1	0	HAG 2:3
ਰੌਲਾ	45	45	21	0	GEN 18:20
ਰੌਲੀ	1	1	1	0	JDG 20:40
ਰੌਲੇ	21	21	9	0	GEN 18:21
ਰੌਸ਼ਨੀ	1	1	1	2	JHN 12:35
ਰੜ	34	34	14	13	GEN 25:27
ਰੜਕਣ	1	1	1	1	1SA 18:9
ਰੜਾ	1	1	1	1	ISA 35:1
ਰੜਿਆਂ	1	1	1	0	1SA 25:15
ਰੜੇ	28	28	8	4	GEN 31:4
ਰੜ੍ਹ	5	5	2	0	PSA 8:7
ਰੰਗ	46	46	16	42	GEN 31:27
ਰੰਗਦਾ	1	1	1	1	JER 22:14
ਰੰਗਦਾਰ	2	2	2	2	PRO 7:16
ਰੰਗਾਂ	2	2	2	3	EZK 16:16
ਰੰਗੀਆਂ	6	6	1	6	EXO 25:5
ਰੰਗੀਲੇ	1	1	1	1	1CH 29:2
ਰੰਗੇਲੀਆਂ	1	1	1	0	SNG 7:6
ਰੰਜ	11	11	6	5	GEN 6:6
ਰੰਜ਼	1	1	1	0	2CH 6:29
ਰੰਡੀ	5	5	4	0	GEN 38:11
ਰੰਡੇਪਾ	1	1	1	1	ISA 47:9
ਰੰਡੇਪੇ	4	4	3	2	GEN 38:14
ਰੰਦਿਆਂ	1	1	1	1	ISA 44:13
ਰੰਬੀ	1	1	1	1	DEU 23:13
ਰੰਬੀਥ	1	1	1	1	JOS 19:20
ਰੱਕਥ	1	1	1	1	JOS 19:35
ਰੱਕੋਨ	1	1	1	1	JOS 19:46
ਰੱਖ	280	280	51	317	GEN 6:19
ਰੱਖਕੇ	3	3	3	0	GEN 24:9
ਰੱਖਣ	87	87	29	106	GEN 19:19
ਰੱਖਣਗੀਆਂ	3	3	2	4	MAT 12:21
ਰੱਖਣਗੇ	23	23	12	25	DEU 28:48
ਰੱਖਣਵਾਲੇ	1	1	1	0	1CH 12:34
ਰੱਖਣਾ	37	37	16	24	LEV 11:44
ਰੱਖਣੀ	3	3	3	1	LEV 26:1
ਰੱਖਣੀਆਂ	1	1	1	1	1KI 13:31
ਰੱਖਦਾ	175	175	40	191	EXO 11:7
ਰੱਖਦਾਂ	1	1	1	0	PSA 5:5
ਰੱਖਦਿਆਂ	2	2	2	2	1KI 14:12
ਰੱਖਦੀ	12	12	8	16	1KI 1:4
ਰੱਖਦੀਆਂ	3	3	2	4	EXO 1:17
ਰੱਖਦੇ	90	90	27	114	EXO 6:5
ਰੱਖਵਾਲਾ	2	2	2	0	2KI 22:14
ਰੱਖਵਾਲੀ	1	1	1	0	2KI 12:9
ਰੱਖਵਾਲੇ	1	1	1	0	2CH 34:22
ਰੱਖਸ਼ਕਾ	1	1	1	0	1CH 11:25
ਰੱਖਾਂ	16	16	11	20	GEN 38:18
ਰੱਖਾਂਗਾ	59	59	16	61	EXO 8:22
ਰੱਖਾਂਗੀ	1	1	1	1	EST 4:16
ਰੱਖਾਂਗੀਆਂ	2	2	1	0	GEN 19:32
ਰੱਖਾਂਗੇ	1	1	1	1	ISA 26:13
ਰੱਖਾਗਾਂ	1	1	1	0	HAG 2:23
ਰੱਖਿਆ	392	392	46	491	GEN 1:17
ਰੱਖਿਆਂ	1	1	1	0	SNG 5:15
ਰੱਖਿਓ	5	5	4	16	EXO 12:10
ਰੱਖੀ	70	70	26	78	GEN 9:13
ਰੱਖੀਂ	40	40	13	50	GEN 6:16
ਰੱਖੀਆਂ	27	27	14	34	GEN 30:41
ਰੱਖੀਏ	17	17	9	19	2KI 4:10
ਰੱਖੀਦਾ	1	1	1	1	PSA 32:9
ਰੱਖੇ	113	113	35	147	GEN 26:18
ਰੱਖੇਂ	8	8	6	8	GEN 31:50
ਰੱਖੇਂਗਾ	11	11	6	15	EXO 21:1
ਰੱਖੇਗਾ	29	29	15	31	GEN 50:24
ਰੱਖੇਗੀ	5	5	4	4	PSA 32:10
ਰੱਖੋ	116	116	35	134	GEN 32:16
ਰੱਖੋਗੇ	5	5	5	5	LEV 20:24
ਰੱਗਦੋਲਮੀ	1	1	1	0	NEH 11:14
ਰੱਚਿਆ	1	1	1	0	2CH 2:12
ਰੱਛਪਾਲ	1	1	1	0	1CH 12:29
ਰੱਛਿਆ	30	30	8	0	NUM 14:9
ਰੱਜ	49	49	21	49	EXO 16:3
ਰੱਜਣ	1	1	1	1	DEU 14:29
ਰੱਜਣਗੇ	2	2	2	2	PRO 1:31
ਰੱਜਣਾ	2	2	2	2	ISA 56:11
ਰੱਜਦਾ	2	2	2	3	PRO 18:20
ਰੱਜਦੀ	4	4	3	4	PSA 104:13
ਰੱਜਦੀਆਂ	1	1	1	1	PRO 30:15
ਰੱਜਦੇ	2	2	2	1	ISA 9:20
ਰੱਜਵੀ	1	1	1	0	EXO 16:8
ਰੱਜਵੀਂ	1	1	1	3	PSA 78:25
ਰੱਜਿਆ	2	2	2	1	JOB 31:31
ਰੱਜੀ	2	2	1	2	EZK 16:28
ਰੱਜੇ	5	5	5	7	1SA 2:5
ਰੱਜੇਂਗਾ	2	2	2	2	MIC 6:14
ਰੱਜੇਗਾ	4	4	2	4	PRO 28:19
ਰੱਜੇਗੀ	2	2	2	2	JOB 27:14
ਰੱਜੋਗੇ	3	3	3	3	LEV 26:26
ਰੱਤ	1	1	1	1	PSA 50:13
ਰੱਤਾ	1	1	1	2	SNG 1:16
ਰੱਤੇ	2	2	2	2	PSA 84:1
ਰੱਥ	4	4	3	44	2CH 1:17
ਰੱਥਾਂ	3	3	1	31	1KI 22:31
ਰੱਦ	35	35	12	32	2CH 29:19
ਰੱਦਈ	1	1	1	1	1CH 2:14
ਰੱਦਣਾ	3	3	2	3	ISA 7:15
ਰੱਦਾਂਗਾ	2	2	2	1	LEV 26:44
ਰੱਦਿਆ	21	21	10	17	NUM 14:31
ਰੱਦੀ	4	4	3	4	PRO 20:14
ਰੱਬ	2	2	2	0	LUK 20:16
ਰੱਬਾ	1	1	1	0	NUM 31:8
ਰੱਬਾਹ	10	10	7	17	DEU 3:11
ਰੱਬੀ	3	3	1	2	JHN 1:38
ਰੱਬੋਨੀ	1	1	1	1	JHN 20:16
ਰੱਲਵੇਂ	1	1	1	0	1CH 24:5
ਰੱਸਾ	1	1	1	1	JOB 41:2
ਰੱਸਿਆਂ	10	10	6	10	EXO 28:14
ਰੱਸੀ	13	13	8	14	GEN 38:18
ਰੱਸੀਆਂ	10	10	5	21	2SA 17:13
ਰੱਸੇ	5	5	4	5	JOS 2:15
ਰੱਹਾਬ	1	1	1	0	2SA 12:27
ਰੱੜ	1	1	1	0	NUM 23:14
ਲ	2	2	2	0	LAM 5:21
ਲਅਦਾਨ	7	7	1	7	1CH 7:26
ਲਅਦਾਹ	1	1	1	1	1CH 4:21
ਲਇਆ	1	1	1	0	PSA 24:4
ਲਈ	7138	7138	65	7921	GEN 1:14
ਲਈਂ	21	21	8	22	GEN 6:19
ਲਈਆਂ	50	50	20	43	GEN 21:28
ਲਈਏ	24	24	14	27	NUM 32:17
ਲਈਦਾ	1	1	1	0	EPH 1:21
ਲਉੱਮਿਮ	1	1	1	1	GEN 25:3
ਲਊਗਾ	2	2	1	0	JOB 8:15
ਲਏ	128	128	31	131	GEN 17:13
ਲਏਂਗਾ	2	2	2	2	1KI 22:22
ਲਏਅਤੇ	1	1	1	0	JHN 19:24
ਲਏਗਾ	1	1	1	0	JOB 20:15
ਲਏਗੀ	1	1	1	0	JOB 20:26
ਲਓ	143	143	34	119	GEN 24:44
ਲਓਗੇ	12	12	9	7	EXO 3:22
ਲਕਾ	4	4	3	1	NUM 16:32
ਲਕੀਰਾਂ	1	1	1	3	EXO 27:17
ਲਕੀਸ਼	3	3	2	0	2KI 14:19
ਲਕੇ	3	3	2	0	GEN 45:20
ਲਕੋਈ	1	1	1	0	1CO 2:7
ਲਕੜੀ	2	2	2	0	1KI 6:10
ਲਕੜੀਆਂ	1	1	1	0	ACT 28:3
ਲਖ	5	5	2	0	1CH 5:21
ਲਗ	7	7	6	0	EXO 25:39
ਲਗਣ	1	1	1	0	ECC 3:5
ਲਗਦਾ	3	3	2	2	GEN 27:4
ਲਗਦੀ	1	1	1	0	PSA 34:10
ਲਗਦੀਆਂ	1	1	1	0	PRO 6:16
ਲਗਨ	2	2	2	5	1KI 3:3
ਲਗਭਗ	5	5	4	70	MAT 20:5
ਲਗਮ	1	1	1	0	HOS 11:4
ਲਗਰ	2	2	1	0	ISA 11:1
ਲਗਰਾਂ	1	1	1	0	HEB 9:4
ਲਗਵਾਂ	2	2	1	2	1KI 21:1
ਲਗਵਾਈਆਂ	1	1	1	1	2CH 26:15
ਲਗਵੀਂ	2	2	2	2	1KI 7:20
ਲਗਵੇਂ	2	2	2	1	1KI 6:27
ਲਗਾ	13	13	10	21	GEN 33:1
ਲਗਾਇਆ	3	3	3	12	2CH 24:9
ਲਗਾਈਆਂ	1	1	1	4	2CH 26:15
ਲਗਾਉਂਦੇ	2	2	2	6	EZK 8:17
ਲਗਾਉਣ	1	1	1	6	EZK 41:26
ਲਗਾਤਾਰ	10	10	8	17	2CH 24:14
ਲਗਾਮ	9	9	6	9	EXO 32:25
ਲਗਾਮਾਂ	3	3	2	2	JAS 3:3
ਲਗਾਵਾਂਗਾ	1	1	1	0	2SA 7:10
ਲਗਾਵੇਂਗਾ	1	1	1	1	EXO 15:17
ਲਗਿਆ	1	1	1	0	1CO 7:33
ਲਗਿਆਂ	1	1	1	0	JHN 4:4
ਲਗੀ	3	3	2	0	GEN 29:6
ਲਗੇ	2	2	2	0	2CH 31:15
ਲਗੇਗਾ	1	1	1	0	DAN 4:26
ਲਗੜ	1	1	1	1	DEU 14:13
ਲਗੜਾ	1	1	1	0	JOB 22:4
ਲਚਾਰ	2	2	2	1	JOB 32:18
ਲਚਾਰੀ	2	2	2	2	2CO 9:7
ਲਛਮੀ	1	1	1	0	ISA 65:11
ਲਟ	1	1	1	0	JDG 16:9
ਲਟਕਦਾ	1	1	1	2	ISA 25:7
ਲਟਕਦੇ	1	1	1	1	JOB 28:4
ਲਟਕਵੇਂ	1	1	1	1	1KI 7:29
ਲਟਕਾਇਆ	1	1	1	0	SNG 4:4
ਲਟਕਾਈਆਂ	1	1	1	2	EZK 27:11
ਲਟਕਾਉਂਦਾ	1	1	1	1	JOB 26:7
ਲਟਕਾਉਂਦੇ	1	1	1	1	EZK 27:10
ਲਟਕਾਉਣ	1	1	1	1	EZK 15:3
ਲਟਕਾਉਣਾ	1	1	1	0	1CO 2:8
ਲਟਾਂ	4	4	3	4	NUM 6:5
ਲਟਾਵਾਂਗਾ	1	1	1	0	EZK 34:15
ਲਟੂਸਿਮ	1	1	1	1	GEN 25:3
ਲਤਾਂ	2	2	1	0	JHN 19:32
ਲਤਾੜ	4	4	3	5	2KI 9:33
ਲਤਾੜਦਾ	2	2	2	3	DAN 7:7
ਲਤਾੜਨ	4	4	1	5	ISA 16:10
ਲਤਾੜਨਗੀਆਂ	1	1	1	1	REV 11:2
ਲਤਾੜਨਾ	1	1	1	0	ISA 22:5
ਲਤਾੜਾਂਗਾ	1	1	1	1	ISA 14:25
ਲਤਾੜਿਆ	7	7	5	8	ISA 63:3
ਲਤਾੜੀ	1	1	1	1	ISA 5:5
ਲਤਾੜੂਆਂ	1	1	1	1	ISA 16:10
ਲਤਾੜੇਂਗਾ	2	2	2	1	PSA 91:13
ਲਤਾੜੇਗਾ	2	2	2	4	ISA 16:10
ਲਥ	1	1	1	0	JHN 4:52
ਲਥੜ	1	1	1	0	EZK 16:6
ਲਦੇ	1	1	1	0	2SA 21:15
ਲਪੇਟ	7	7	6	10	GEN 38:14
ਲਪੇਟਣ	2	2	2	2	NUM 4:5
ਲਪੇਟਦਾ	1	1	1	1	JER 43:12
ਲਪੇਟਵੀ	6	6	2	0	EZK 2:9
ਲਪੇਟਵੀਂ	2	2	1	9	JER 36:2
ਲਪੇਟਿਆ	11	11	4	16	PSA 89:45
ਲਪੇਟੀ	1	1	1	2	EZK 16:4
ਲਪੇਟੀਂ	1	1	1	1	EXO 26:9
ਲਪੇਟੀਆਂ	1	1	1	1	GEN 27:16
ਲਪੇਟੇ	6	6	2	5	ISA 34:4
ਲਫੰਗੇ	1	1	1	1	2CH 13:7
ਲਬਨੋਂਨ	1	1	1	0	HAB 2:17
ਲਬਾਓਥ	2	2	1	2	JOS 15:32
ਲਬਾਨਾਹ	2	2	2	2	EZR 2:45
ਲਬਾਨੋਨ	65	65	15	69	DEU 1:7
ਲਬਾਨੋਨੀ	4	4	2	4	1KI 10:17
ਲਬਾਹੀ	1	1	1	0	GEN 10:13
ਲਬੇੜ	1	1	1	1	ISA 17:6
ਲਬੇੜਿਆ	1	1	1	1	ISA 63:3
ਲਬੋਨਾਹ	1	1	1	1	JDG 21:19
ਲਭ	11	11	2	0	SNG 3:4
ਲਭਣ	2	2	1	0	JHN 6:24
ਲਭਣਗੇ	1	1	1	0	EZK 7:25
ਲਭਣਾ	1	1	1	0	JHN 11:56
ਲਭਣੀ	1	1	1	0	1PE 3:11
ਲਭਦੇ	2	2	2	0	PSA 41:7
ਲਭਿਆ	9	9	2	0	1CH 28:9
ਲਭੋ	1	1	1	0	PSA 10:15
ਲਭੋਂਗੇ	4	4	1	0	JHN 7:34
ਲਮ	1	1	1	0	DEU 14:18
ਲਮਕਦਾ	2	2	2	1	EXO 26:12
ਲਮਕਦੀ	1	1	1	1	EZK 9:2
ਲਮਕਦੀਆਂ	1	1	1	1	PRO 26:7
ਲਮਕਾ	5	5	4	3	2SA 4:12
ਲਮਕਾਇਆ	3	3	2	3	EXO 40:21
ਲਮਕਾਈ	3	3	2	1	EXO 40:28
ਲਮਕਾਈਂ	2	2	1	2	EXO 40:5
ਲਮਕਾਊ	1	1	1	0	EXO 26:13
ਲਮਕਾਵੀਂ	2	2	1	2	EXO 26:32
ਲਮਕਿਆ	1	1	1	1	ACT 28:4
ਲਮਢੀਂਗ	1	1	1	5	ZEC 5:9
ਲਮਾ	2	2	2	2	MAT 27:46
ਲਮਾਈ	1	1	1	0	1KI 7:27
ਲਮਾਨ	7	7	2	0	DEU 30:20
ਲਮੂਏਲ	2	2	1	4	PRO 31:1
ਲਮੂੜੀ	1	1	1	0	NEH 4:3
ਲਮੇਰੇ	1	1	1	0	1CO 16:7
ਲਲਕਾਰ	11	11	7	15	NUM 23:21
ਲਲਕਾਰਦੇ	2	2	2	3	EZR 3:13
ਲਲਕਾਰਨ	2	2	2	2	PSA 67:4
ਲਲਕਾਰਨਗੇ	1	1	1	1	ISA 24:14
ਲਲਕਾਰਾ	1	1	1	1	PSA 98:4
ਲਲਕਾਰਿਆ	3	3	2	7	2CH 13:15
ਲਲਕਾਰਿਆਂ	1	1	1	0	PSA 32:7
ਲਲਕਾਰੇ	4	4	3	5	EZR 3:12
ਲਲਕਾਰੇਗਾ	1	1	1	1	JER 25:30
ਲਲਕਾਰੋ	8	8	3	8	PSA 47:1
ਲਲਚਾਉਂਦਾ	1	1	1	0	JAS 1:13
ਲਵਾਂ	43	43	21	37	GEN 24:33
ਲਵਾਂਗਾ	112	112	28	109	GEN 9:5
ਲਵਾਂਗੇ	13	13	10	10	GEN 34:16
ਲਵਾਗੀਆਂ	1	1	1	0	2KI 6:28
ਲਵੀਂ	14	14	7	19	GEN 32:11
ਲਵੇ	159	159	35	171	GEN 23:9
ਲਵੇਂ	23	23	17	29	GEN 44:4
ਲਵੇਂਗਾ	11	11	7	12	GEN 29:15
ਲਵੇਂਗੀ	2	2	2	4	GEN 30:15
ਲਵੇਗਾ	75	75	27	77	GEN 50:15
ਲਵੇਗੀ	19	19	7	16	DEU 28:38
ਲਵੇਰੀਆਂ	3	3	2	3	GEN 33:13
ਲਵੋ	33	33	18	46	EXO 12:21
ਲਵੋਂ	1	1	1	0	JAS 1:3
ਲਵੋਂਗੇ	2	2	2	1	JHN 5:43
ਲਵੋਗੇ	6	6	4	7	DEU 11:23
ਲਸਣ	1	1	1	0	NUM 11:5
ਲਸ਼ਕ	3	3	3	1	GEN 3:24
ਲਸ਼ਕਦੀ	1	1	1	1	NAM 3:3
ਲਸ਼ਕਰ	18	18	8	15	GEN 32:2
ਲਸ਼ਕਰਾਂ	1	1	1	1	2CH 32:21
ਲਸ਼ਕਾ	1	1	1	0	HAB 3:5
ਲਸ਼ਕਾਂ	4	4	2	4	EXO 20:18
ਲਸ਼ਕਾਓ	1	1	1	1	JER 46:4
ਲਸ਼ਮ	2	2	1	2	JOS 19:47
ਲਸਾਯਾ	1	1	1	1	ACT 27:8
ਲਹਦ	1	1	1	1	1CH 4:2
ਲਹਮਾਸ	1	1	1	1	JOS 15:40
ਲਹਮੀ	1	1	1	1	1CH 20:5
ਲਹਾ	1	1	1	1	2KI 18:16
ਲਹਾਂ	1	1	1	0	1SA 14:37
ਲਹਾਇਆ	1	1	1	1	PSA 81:6
ਲਹਾਉਣ	1	1	1	1	PSA 72:16
ਲਹਾਉਣਗੇ	2	2	1	0	PSA 72:7
ਲਹਾਓ	1	1	1	1	JER 4:4
ਲਹਾਬੀਮ	1	1	1	0	1CH 1:11
ਲਹਾਵੇ	1	1	1	0	DEU 21:12
ਲਹਿ	66	66	16	10	GEN 8:3
ਲਹਿਆਂ	1	1	1	0	EZK 32:30
ਲਹਿਣ	9	9	6	3	EXO 32:1
ਲਹਿਣਗੇ	1	1	1	0	EZK 26:16
ਲਹਿਰ	2	2	1	3	JAS 1:6
ਲਹਿਰਾ	1	1	1	0	2SA 22:5
ਲਹਿਰਾਂ	17	17	10	27	PSA 42:7
ਲਹਿਲਹਾਉਣਗੇ	1	1	1	3	PRO 11:28
ਲਹਿੰਗਾ	3	3	2	3	JER 13:22
ਲਹਿੰਦਾ	4	4	4	2	JOS 18:14
ਲਹਿੰਦਿਓਂ	4	4	3	0	PSA 75:6
ਲਹਿੰਦੀ	14	14	5	0	JOS 8:12
ਲਹਿੰਦੇ	44	44	18	21	GEN 12:8
ਲਹੀ	4	4	1	4	JDG 15:9
ਲਹੁੰਣ	1	1	1	0	1SA 31:8
ਲਹੂ	357	357	38	359	GEN 4:10
ਲਹੇ	1	1	1	0	ECC 3:21
ਲਾ	183	183	41	168	GEN 16:5
ਲਾਂਗਰਨਾਂ	1	1	1	0	1SA 8:13
ਲਾਂਗਰੀ	2	2	1	2	1SA 9:23
ਲਾਂਗਰੀਆਂ	1	1	1	1	JER 37:21
ਲਾਂਗਾ	1	1	1	0	DEU 24:19
ਲਾਂਘਾ	2	2	2	2	ISA 23:1
ਲਾਂਘਿਆਂ	2	2	2	3	PRO 1:21
ਲਾਂਘੇ	30	30	10	13	JDG 3:3
ਲਾਂਬੂ	1	1	1	2	PRO 29:8
ਲਾਂਭ	4	4	4	0	MAT 3:5
ਲਾਂਭੇ	32	32	16	5	NUM 34:3
ਲਾਇਆ	104	104	30	115	GEN 2:8
ਲਾਇਕ	24	24	6	19	2KI 10:3
ਲਾਇਸ਼	4	4	1	4	JDG 18:7
ਲਾਈ	45	45	21	35	GEN 9:20
ਲਾਈਂ	3	3	1	3	EXO 25:12
ਲਾਈਆਂ	3	3	3	3	DEU 22:17
ਲਾਈਏ	8	8	8	7	NUM 10:31
ਲਾਈਦਾ	4	4	3	1	EXO 30:32
ਲਾਉਂਦਾ	40	40	15	41	EXO 22:2
ਲਾਉਂਦਿਆਂ	2	2	2	2	EXO 14:9
ਲਾਉਂਦੀ	7	7	3	6	DEU 32:22
ਲਾਉਂਦੇ	29	29	16	35	GEN 43:10
ਲਾਉਣ	59	59	24	72	GEN 39:7
ਲਾਉਣਗੀਆਂ	1	1	1	1	ISA 27:11
ਲਾਉਣਗੇ	14	14	6	10	ISA 11:9
ਲਾਉਣਾ	7	7	7	10	NUM 1:51
ਲਾਉਣੀ	1	1	1	0	2PE 1:5
ਲਾਉਣੇ	2	2	2	1	2CH 31:7
ਲਾਉਦਿਕੀਆ	5	5	1	5	COL 2:1
ਲਾਉਦਿਕੀਏ	2	2	1	3	REV 1:11
ਲਾਊਗਾ	1	1	1	0	JOB 8:15
ਲਾਏ	116	116	23	110	EXO 15:27
ਲਾਏਗਾ	1	1	1	1	PSA 10:17
ਲਾਏਲ	1	1	1	1	NUM 3:24
ਲਾਓ	54	54	25	46	GEN 3:3
ਲਾਓਗੇ	4	4	3	4	EXO 15:26
ਲਾਕਿਸ੍ਹਨ	1	1	1	0	MIC 1:13
ਲਾਕੀਸ਼	19	19	6	24	JOS 10:3
ਲਾਕੇ	3	3	2	0	LUK 10:34
ਲਾਗ	2	2	2	0	DEU 9:28
ਲਾਗਬਾਜ਼ੀ	1	1	1	0	HEB 12:3
ਲਾਗਰਾਂ	1	1	1	0	ISA 18:5
ਲਾਗਿਉਂ	1	1	1	0	PRO 24:30
ਲਾਗਿਓਂ	3	3	2	2	2KI 23:11
ਲਾਗੂ	2	2	2	2	EXO 4:19
ਲਾਗੇ	28	28	14	12	DEU 13:4
ਲਾਘਿਆਂ	1	1	1	0	PRO 8:3
ਲਾਚਾਰ	2	2	2	1	PSA 102:17
ਲਾਜ	25	25	9	15	NUM 12:14
ਲਾਜ਼ਰ	29	29	2	36	LUK 16:20
ਲਾਟ	13	13	7	15	EXO 3:2
ਲਾਟਾਂ	8	8	6	9	EZR 8:36
ਲਾਠੀ	29	29	13	46	GEN 32:10
ਲਾਠੀਆਂ	3	3	3	5	NUM 21:18
ਲਾਡ	1	1	1	0	PRO 7:18
ਲਾਡਪੁਣੇ	1	1	1	0	DEU 28:56
ਲਾਡਲਾ	3	3	3	2	DEU 28:54
ਲਾਡਲੀ	2	2	2	1	DEU 28:56
ਲਾਡਲੇ	3	3	2	3	LAM 2:20
ਲਾਡਾਂ	1	1	1	1	PRO 29:21
ਲਾਣ	1	1	1	0	EZK 3:20
ਲਾਤੀਨੀ	1	1	1	1	JHN 19:20
ਲਾਪਰਵਾਹ	1	1	1	1	ISA 32:9
ਲਾਪਰਵਾਹੋ	1	1	1	1	ISA 32:11
ਲਾਬਾਨ	56	56	2	64	GEN 24:29
ਲਾਬਾਨੋਨ	1	1	1	0	ISA 60:13
ਲਾਭ	70	70	26	100	GEN 37:26
ਲਾਭਦਾਇਕ	6	6	3	8	JOB 22:2
ਲਾਭਵੰਤ	6	6	5	2	EST 3:8
ਲਾਭੇਂ	1	1	1	0	1SA 4:13
ਲਾਮਕ	12	12	3	12	GEN 4:18
ਲਾਲ	73	73	24	79	GEN 25:25
ਲਾਲਚ	3	3	2	13	AMO 2:7
ਲਾਲਚੀ	1	1	1	4	ISA 1:23
ਲਾਲਸਾ	4	4	3	16	EXO 20:17
ਲਾਲਾਂ	5	5	3	1	1SA 21:13
ਲਾਲੀ	1	1	1	1	PRO 23:29
ਲਾਵਾਂ	3	3	3	2	JDG 16:26
ਲਾਵਾਂਗਾ	22	22	9	22	DEU 32:23
ਲਾਵਿਸ਼	1	1	1	0	2SA 3:15
ਲਾਵੀਂ	4	4	4	4	EXO 22:25
ਲਾਵੇ	20	20	13	18	DEU 19:6
ਲਾਵੇਂ	8	8	5	7	2SA 3:8
ਲਾਵੇਂਗਾ	4	4	3	4	2KI 8:12
ਲਾਵੇਂਗੀ	1	1	1	1	JER 31:5
ਲਾਵੇਗਾ	15	15	9	14	GEN 26:11
ਲਾਸ਼ਾ	1	1	1	1	GEN 10:19
ਲਾਸਾਂ	9	9	4	3	EXO 35:18
ਲਾਹ	100	100	34	81	GEN 37:23
ਲਾਹਕੇ	1	1	1	0	GEN 24:46
ਲਾਹਪਰਵਾਹੀ	1	1	1	0	PRO 1:32
ਲਾਹਮੇਂ	1	1	1	0	1CH 13:13
ਲਾਹਵਾਂਗਾ	6	6	5	3	PSA 116:14
ਲਾਹਵਾਂਗੀ	1	1	1	1	2SA 13:13
ਲਾਹਵੇ	1	1	1	0	2SA 19:36
ਲਾਹਾ	4	4	2	0	2CO 7:2
ਲਾਹਿਆ	8	8	7	3	NUM 10:17
ਲਾਹੀ	4	4	4	1	RUT 4:8
ਲਾਹੀਂ	1	1	1	0	1KI 2:9
ਲਾਹੀਆਂ	1	1	1	1	2CH 35:11
ਲਾਹੁਣ	8	8	7	2	NUM 1:51
ਲਾਹੁਣਗੇ	1	1	1	1	1KI 5:9
ਲਾਹੁਣਾ	1	1	1	0	1PE 3:21
ਲਾਹੁੰਦਾ	2	2	2	1	1SA 2:6
ਲਾਹੁੰਦੇ	1	1	1	2	MIC 3:3
ਲਾਹੇ	5	5	4	1	NEH 4:23
ਲਾਹੇਗਾ	1	1	1	1	OBA 1:3
ਲਾਹੋ	1	1	1	0	ISA 32:11
ਲਾੜਾ	12	12	5	13	ISA 61:10
ਲਾੜੀ	15	15	5	19	ISA 49:18
ਲਾੜੇ	15	15	5	15	PSA 19:5
ਲਿਆ	997	997	59	1080	GEN 3:6
ਲਿਆਂਦਾ	76	76	26	60	GEN 31:39
ਲਿਆਂਦੀ	16	16	11	16	GEN 38:6
ਲਿਆਂਦੀਆਂ	1	1	1	2	JER 11:8
ਲਿਆਂਦੇ	10	10	7	8	GEN 43:18
ਲਿਆਂਵਾਂਗਾ	1	1	1	0	JER 33:6
ਲਿਆਇਆ	210	210	32	221	GEN 18:4
ਲਿਆਇਓ	1	1	1	0	NUM 13:20
ਲਿਆਈ	11	11	9	13	EXO 2:8
ਲਿਆਈਂ	5	5	1	5	EXO 18:19
ਲਿਆਈਆਂ	1	1	1	1	PSA 45:14
ਲਿਆਈਏ	4	4	4	6	JDG 20:32
ਲਿਆਉਂਦਾ	42	42	20	40	GEN 18:5
ਲਿਆਉਂਦਿਆਂ	1	1	1	0	HEB 2:10
ਲਿਆਉਂਦੀ	6	6	5	5	1SA 2:19
ਲਿਆਉਂਦੇ	32	32	16	29	EXO 18:26
ਲਿਆਉਣ	75	75	26	81	GEN 45:27
ਲਿਆਉਣਗੇ	16	16	11	14	EXO 16:5
ਲਿਆਉਣਾ	3	3	3	8	LEV 23:10
ਲਿਆਉਣੀ	2	2	1	0	LEV 1:2
ਲਿਆਏ	151	151	23	146	GEN 39:1
ਲਿਆਓ	44	44	20	42	GEN 38:24
ਲਿਆਓਗੇ	2	2	1	2	JER 17:24
ਲਿਆਓਣੀਆਂ	1	1	1	0	2CH 31:10
ਲਿਆਕੇ	3	3	1	0	LEV 8:6
ਲਿਆਵਾਂ	18	18	10	26	GEN 42:37
ਲਿਆਵਾਂਗਾ	114	114	19	115	GEN 9:14
ਲਿਆਵਾਂਗੇ	2	2	2	2	2CH 2:16
ਲਿਆਵਾਗਾਂ	1	1	1	0	ZEP 1:17
ਲਿਆਵੀਂ	13	13	5	15	GEN 24:37
ਲਿਆਵੇ	79	79	20	82	GEN 38:20
ਲਿਆਵੇਂ	4	4	4	4	EXO 3:10
ਲਿਆਵੇਂਗਾ	4	4	3	3	EXO 3:12
ਲਿਆਵੇਗਾ	18	18	13	15	EXO 13:5
ਲਿਆਵੋ	1	1	1	1	ACT 23:20
ਲਿਆਵੋਂਗੇ	1	1	1	0	1CO 11:34
ਲਿਆਹ	1	1	1	0	RUT 4:11
ਲਿਉਂਦੇ	1	1	1	0	PRO 23:30
ਲਿਓ	18	18	6	22	EXO 12:5
ਲਿਕਹੀ	1	1	1	1	1CH 7:19
ਲਿਖ	70	70	27	78	EXO 17:14
ਲਿਖਣ	18	18	14	103	1SA 21:13
ਲਿਖਣਾ	3	3	3	3	1TH 5:1
ਲਿਖਤ	49	49	18	56	EXO 32:16
ਲਿਖਤਾਂ	15	15	10	23	EZR 2:62
ਲਿਖਤੁਮ	13	13	13	0	ROM 1:1
ਲਿਖਦਾ	18	18	11	25	JOB 13:26
ਲਿਖਦੇ	2	2	2	4	2CO 1:13
ਲਿਖਵਾ	1	1	1	2	JHN 19:19
ਲਿਖ਼ਿਆ	1	1	1	0	EST 8:10
ਲਿਖਾਂ	4	4	4	4	LUK 1:3
ਲਿਖਾਂਗਾ	6	6	5	6	EXO 34:1
ਲਿਖਾਉਣ	1	1	1	1	LUK 2:3
ਲਿਖਾਰੀ	51	51	11	43	2SA 8:16
ਲਿਖਾਰੀਆਂ	2	2	2	3	1CH 2:55
ਲਿਖਾਵਾਂਗਾ	1	1	1	0	REV 3:12
ਲਿਖਾਵੇ	1	1	1	1	LUK 2:5
ਲਿਖਿਆ	213	213	36	250	NUM 21:14
ਲਿਖਿਆਂ	3	3	3	0	NUM 11:26
ਲਿਖਿਓ	1	1	1	4	DEU 11:20
ਲਿਖਿਤ	1	1	1	0	EZR 1:1
ਲਿਖੀ	31	31	21	211	EXO 32:32
ਲਿਖੀਂ	2	2	1	1	NUM 17:2
ਲਿਖੀਆਂ	46	46	19	56	EXO 24:4
ਲਿਖੇ	48	48	22	70	EXO 24:12
ਲਿਖੇਗਾ	2	2	2	2	PSA 87:6
ਲਿਖੋ	3	3	2	2	DEU 6:9
ਲਿਜਾ	1	1	1	1	EZR 4:10
ਲਿਜਾਂਦਾ	1	1	1	0	LEV 20:22
ਲਿਜਾਈਆਂ	1	1	1	1	2CH 20:25
ਲਿਜਾਓ	1	1	1	0	LEV 10:4
ਲਿਟਣ	1	1	1	0	2PE 2:22
ਲਿਟਾ	5	5	3	4	1KI 3:20
ਲਿਟਾਇਆ	1	1	1	1	LAM 3:16
ਲਿਟਾਵਾਂਗਾ	1	1	1	0	HOS 2:18
ਲਿਤਾੜ	2	2	2	0	JDG 20:43
ਲਿਤਾੜਦਾ	2	2	2	2	DAN 7:19
ਲਿਤਾੜਨ	1	1	1	0	LUK 10:19
ਲਿਤਾੜੇ	1	1	1	0	MAT 12:20
ਲਿਤਾੜੇਗਾ	1	1	1	0	DAN 7:23
ਲਿਤੀ	1	1	1	0	JHN 13:27
ਲਿਤੜਦਾ	1	1	1	0	ISA 41:25
ਲਿਥੜੀ	1	1	1	0	ISA 34:6
ਲਿਥੜੇ	1	1	1	0	ISA 28:18
ਲਿਨਨ	5	5	1	0	JHN 11:44
ਲਿਪਟੀਆਂ	1	1	1	1	JOB 8:17
ਲਿਪਾਈ	7	7	2	8	DEU 27:2
ਲਿਫ	2	2	2	1	ECC 10:18
ਲਿਫਾਉਂਦੇ	1	1	1	1	JER 9:3
ਲਿਬਨਾਥ	1	1	1	1	JOS 19:26
ਲਿਬਨਾਹ	18	18	7	18	NUM 33:20
ਲਿਬਨੀ	6	6	3	6	EXO 6:17
ਲਿਬਨੀਆਂ	1	1	1	1	NUM 3:21
ਲਿਬਰਤੀਨੀਆਂ	1	1	1	1	ACT 6:9
ਲਿਬਾਜ਼	1	1	1	0	JOB 8:22
ਲਿਬਾਸ	16	16	4	17	JOB 29:14
ਲਿਬਿਯਾ	1	1	1	0	ACT 2:10
ਲਿਵਯਾਥਾਨ	4	4	2	6	PSA 74:14
ਲਿਵਲੀਨ	1	1	1	0	ISA 26:3
ਲਿਵ੍ਯਾਥਾਨ	1	1	1	0	JOB 3:8
ਲਿਸ਼ਕ	1	1	1	0	LAM 4:7
ਲਿਸ਼ਕਦੀ	1	1	1	1	LUK 17:24
ਲਿਸ਼ਕਦੇ	1	1	1	1	DAN 10:6
ਲਿਸ਼ਕਾ	2	2	1	3	PSA 18:14
ਲਿਸ਼ਕਾਂ	5	5	2	5	EXO 19:16
ਲਿਸ਼ਕਾਈ	4	4	1	4	EZK 21:9
ਲਿਸ਼ਕਾਉਂਦਾ	1	1	1	0	AMO 5:9
ਲਿਸ਼ਕਾਉਂਦੀਆਂ	1	1	1	1	PSA 97:4
ਲਿਸ਼ਕਾਣ	1	1	1	0	EZK 21:11
ਲਿਸ਼ਕੇ	1	1	1	1	EZK 21:10
ਲਿਹ	1	1	1	0	JOL 2:26
ਲਿਹਰਾਂ	1	1	1	0	JON 2:3
ਲਿਹਾਜ	2	2	2	0	LEV 19:15
ਲਿਹਾਜ਼	8	8	3	4	2KI 3:14
ਲਿੰਗ	2	2	2	0	GAL 5:12
ਲਿੰਬਣ	2	2	1	0	LEV 14:43
ਲਿੰਬੇ	1	1	1	0	LEV 14:42
ਲਿੱਖ	2	2	2	0	2CH 30:1
ਲਿੱਖਣ	3	3	3	0	PSA 45:1
ਲਿੱਖਦਾ	1	1	1	0	JER 36:18
ਲਿੱਖਿਆ	1	1	1	0	LUK 18:31
ਲਿੱਖੀ	2	2	2	0	EZR 4:8
ਲਿੱਖੀਆਂ	2	2	2	0	JER 36:17
ਲਿੱਖੇ	5	5	1	0	2CH 9:29
ਲਿੱਖੋ	2	2	2	0	DEU 27:3
ਲਿੱਪਿਆ	1	1	1	1	EXO 2:3
ਲਿੱਪੀਂ	1	1	1	1	GEN 6:14
ਲਿੱਬੜਿਆ	1	1	1	1	EZK 16:6
ਲਿੱਬੜੀ	3	3	2	3	EZK 16:6
ਲਿੱਬੜੇ	1	1	1	1	ISA 59:3
ਲਿੱਸਾ	4	4	3	3	2SA 13:4
ਲਿੱਸਿਆਂ	1	1	1	1	PSA 106:15
ਲਿੱਸੀ	1	1	1	0	1SA 2:5
ਲਿੱਸੀਆਂ	10	10	3	10	GEN 41:3
ਲਿੱਸੇ	7	7	6	5	LEV 26:39
ਲੀ	1	1	1	0	SNG 5:7
ਲੀਕਾਂ	2	2	2	0	LEV 14:37
ਲੀਟਰ	3	3	1	9	JHN 2:6
ਲੀਤਾ	4	4	3	0	JDG 2:14
ਲੀਤੀ	2	2	2	0	EXO 4:31
ਲੀਨ	8	8	2	8	PSA 119:15
ਲੀਨੁਸ	1	1	1	1	2TI 4:21
ਲੀਰਾਂ	1	1	1	1	PRO 23:21
ਲੀਹ	1	1	1	0	2CO 12:18
ਲੀਹਾਂ	2	2	1	1	PSA 17:5
ਲੀੜਾ	11	11	7	1	GEN 49:11
ਲੀੜਿਆਂ	12	12	6	3	EXO 12:34
ਲੀੜੇ	102	102	21	11	EXO 12:35
ਲੁਆਇਆ	2	2	1	2	REV 19:20
ਲੁਆਉਂਦਾ	1	1	1	1	REV 14:9
ਲੁਆਉਂਦੇ	1	1	1	1	REV 14:11
ਲੁਕ	18	18	10	0	GEN 4:14
ਲੁਕਣ	1	1	1	0	PSA 32:7
ਲੁਕਦੀ	1	1	1	0	MAT 8:24
ਲੁਕਮਾ	1	1	1	1	PSA 68:23
ਲੁਕਮੀ	1	1	1	1	PRO 9:17
ਲੁਕਵਾਂਗਾ	1	1	1	0	EZK 39:29
ਲੁਕਾ	59	59	18	62	GEN 35:4
ਲੁਕਾਂਗਾ	1	1	1	1	JOB 13:20
ਲੁਕਾਂਵੇ	1	1	1	0	1SA 3:17
ਲੁਕਾਇਆ	22	22	11	19	GEN 3:8
ਲੁਕਾਈ	5	5	4	5	JOB 18:10
ਲੁਕਾਈਂ	1	1	1	1	JER 38:14
ਲੁਕਾਈਏ	1	1	1	1	GEN 37:26
ਲੁਕਾਉਂਦਾ	9	9	5	5	1CH 12:1
ਲੁਕਾਉਂਦੇ	3	3	1	2	ISA 3:9
ਲੁਕਾਉਣ	3	3	3	4	PSA 64:5
ਲੁਕਾਉਣਗੇ	1	1	1	1	DEU 7:20
ਲੁਕਾਉਣਿਯਾ	1	1	1	0	ACT 14:11
ਲੁਕਾਉਨਿਯਾ	1	1	1	2	ACT 14:6
ਲੁਕਾਏ	2	2	2	2	ISA 65:16
ਲੁਕਾਓ	3	3	3	3	DEU 13:8
ਲੁਕਾਵਾਂ	1	1	1	1	GEN 18:17
ਲੁਕਾਵਾਂਗਾ	2	2	2	3	JOB 27:11
ਲੁਕਾਵਾਂਗੇ	1	1	1	1	PSA 78:4
ਲੁਕਾਵੀਂ	2	2	2	2	1SA 3:17
ਲੁਕਾਵੇ	3	3	2	2	JDG 6:11
ਲੁਕਾਵੇਂਗਾ	1	1	1	1	PSA 13:1
ਲੁਕਾਵੇਗਾ	3	3	3	3	1SA 20:2
ਲੁਕਿਆ	16	16	9	15	1SA 20:5
ਲੁਕਿਯਾ	1	1	1	1	ACT 27:5
ਲੁਕੀ	8	8	7	6	NUM 5:13
ਲੁਕੀਆਂ	2	2	2	0	LUK 19:42
ਲੁਕੇ	10	10	8	16	DEU 33:19
ਲੁਕੋ	4	4	3	6	PRO 11:13
ਲੁਕੋਂ	1	1	1	0	LAM 3:10
ਲੁਟੇਰਾ	4	4	3	6	ISA 21:2
ਲੁਟੇਰਿਆ	1	1	1	1	ISA 33:1
ਲੁਟੇਰਿਆਂ	8	8	6	9	JDG 2:14
ਲੁਟੇਰੇ	8	8	7	9	1SA 13:17
ਲੁਤਰੇ	1	1	1	0	ROM 1:29
ਲੁਦਿਯਾ	2	2	1	4	ACT 16:14
ਲੁਪਰੀ	1	1	1	1	2KI 20:7
ਲੁਬਾਣ	3	3	3	2	JER 17:26
ਲੁਬਾਨ	15	15	6	20	LEV 2:1
ਲੁਸਤਰਾ	1	1	1	0	2TI 3:11
ਲੁਸਤਾ	1	1	1	0	ACT 14:0
ਲੁਸਤ੍ਰਾ	5	5	1	8	ACT 14:6
ਲੁਸਾਨਿਯੁਸ	1	1	1	1	LUK 3:1
ਲੁਸਿਯਸ	2	2	1	2	ACT 23:26
ਲੁਹਾਣ	1	1	1	2	ISA 9:5
ਲੁਹਾਨ	1	1	1	0	1KI 18:28
ਲੁਹਾਰ	2	2	2	5	1SA 13:19
ਲੁਹੀਥ	1	1	1	0	JER 48:5
ਲੁੜਕਣ	1	1	1	1	ZEC 12:2
ਲੁੱਕ	4	4	4	27	JDG 9:5
ਲੁੱਕਣ	4	4	4	5	1KI 22:25
ਲੁੱਕਦਾ	1	1	1	2	PSA 143:9
ਲੁੱਕਦੇ	1	1	1	2	HEB 11:38
ਲੁੱਕਾ	2	2	1	0	JER 13:5
ਲੁੱਕਿਆ	4	4	3	4	2SA 17:9
ਲੁੱਕੀ	2	2	2	5	JER 20:9
ਲੁੱਕੀਆਂ	1	1	1	2	PSA 139:15
ਲੁੱਕੇ	5	5	4	2	1SA 13:6
ਲੁੱਚ	1	1	1	0	GAL 5:19
ਲੁੱਚਪੁਣਾ	6	6	3	7	JDG 20:6
ਲੁੱਚਪੁਣਿਆਂ	1	1	1	2	ROM 13:13
ਲੁੱਚਪੁਣੇ	10	10	3	14	EZK 16:27
ਲੁੱਚਪੁੱਣੇ	1	1	1	0	JUD 1:4
ਲੁੱਚਾ	2	2	2	1	2SA 6:20
ਲੁੱਚਿਆਂ	1	1	1	0	ACT 17:5
ਲੁੱਚੇ	3	3	2	2	JDG 9:4
ਲੁੱਚੜ	1	1	1	1	EZK 23:44
ਲੁੱਟ	148	148	34	153	GEN 34:27
ਲੁੱਟਕੇ	2	2	1	0	GEN 14:11
ਲੁੱਟਣ	12	12	7	13	2SA 23:10
ਲੁੱਟਣਗੇ	5	5	4	6	ISA 33:23
ਲੁੱਟਣੀ	1	1	1	0	OBA 1:13
ਲੁੱਟਦਾ	2	2	2	2	ISA 21:2
ਲੁੱਟਦੇ	5	5	5	7	1SA 23:1
ਲੁੱਟਮਾਰ	1	1	1	0	EZK 22:29
ਲੁੱਟਿਆ	20	20	11	17	NUM 31:32
ਲੁੱਟਿਆਂ	1	1	1	1	JER 22:3
ਲੁੱਟੀ	5	5	4	4	JDG 5:19
ਲੁੱਟੀਆਂ	1	1	1	0	AMO 3:11
ਲੁੱਟੀਏ	1	1	1	1	1SA 14:36
ਲੁੱਟੇ	12	12	6	15	JDG 5:30
ਲੁੱਟੇਂ	1	1	1	1	EZK 38:13
ਲੁੱਟੇਗਾ	3	3	3	2	PRO 22:23
ਲੁੱਟੋ	3	3	2	3	ISA 29:9
ਲੁੱਡੀ	2	2	1	0	2SA 6:14
ਲੁੱਦਾ	3	3	1	4	ACT 9:32
ਲੁੱਪਰੀ	1	1	1	1	ISA 38:21
ਲੂ	5	5	4	6	PSA 11:6
ਲੂਕਾ	7	7	4	23	LUK 0:0
ਲੂਕਿਯੁਸ	2	2	2	2	ACT 13:1
ਲੂਜ਼	8	8	3	8	GEN 28:19
ਲੂਟੇਰਾ	1	1	1	0	JOB 15:21
ਲੂਣ	29	29	17	34	GEN 19:26
ਲੂਣਾ	1	1	1	0	JAS 3:11
ਲੂਣੇ	1	1	1	0	JAS 3:12
ਲੂਤ	38	38	5	41	GEN 11:27
ਲੂਦ	5	5	4	5	GEN 10:22
ਲੂਦੀ	2	2	2	3	GEN 10:13
ਲੂਦੀਮ	1	1	1	0	1CH 1:11
ਲੂਬੀ	2	2	2	2	2CH 12:3
ਲੂਬੀਆਂ	1	1	1	1	2CH 16:8
ਲੂਬੀਮ	1	1	1	1	NAM 3:9
ਲੂਬੰੜੀਆਂ	2	2	1	0	SNG 2:15
ਲੂਮੜੀਆਂ	1	1	1	0	EZK 13:4
ਲੂਲਾ	1	1	1	0	LEV 22:22
ਲੂਹੀਥ	1	1	1	2	ISA 15:5
ਲੂੰਬੜੀ	1	1	1	2	LUK 13:32
ਲੂੰਬੜੀਆਂ	4	4	3	8	JDG 15:4
ਲੇਂਬੀ	1	1	1	0	EZK 22:28
ਲੇਆਹ	33	33	1	36	GEN 29:16
ਲੇਕਾਹ	1	1	1	1	1CH 4:21
ਲੇਕੇ	1	1	1	0	LEV 27:6
ਲੇਖਾ	36	36	20	38	GEN 41:49
ਲੇਖਿਓਂ	2	2	2	2	GEN 41:49
ਲੇਖੇ	25	25	12	17	EXO 12:4
ਲੇਟ	15	15	9	16	GEN 19:34
ਲੇਟਣ	5	5	4	5	GEN 19:33
ਲੇਟਣਗੀਆਂ	1	1	1	1	EZK 34:14
ਲੇਟਣਗੇ	4	4	3	4	ISA 14:30
ਲੇਟਣੀਆਂ	1	1	1	1	2SA 20:12
ਲੇਟਣੇ	1	1	1	1	PSA 139:3
ਲੇਟਦਾ	3	3	2	3	GEN 26:10
ਲੇਟਦਿਆਂ	2	2	2	3	DEU 6:7
ਲੇਟਦੀ	1	1	1	1	MIC 7:5
ਲੇਟਦੇ	3	3	2	3	ISA 14:18
ਲੇਟਾਂਗਾ	1	1	1	1	PSA 57:4
ਲੇਟਿਆ	9	9	5	10	GEN 30:16
ਲੇਟੀ	4	4	2	7	GEN 19:33
ਲੇਟੀਏ	1	1	1	1	GEN 19:32
ਲੇਟੇ	9	9	7	9	GEN 39:10
ਲੇਟੇਂਗਾ	1	1	1	1	JOB 11:18
ਲੇਟੇਗਾ	4	4	4	4	GEN 30:15
ਲੇਟੇਗੀ	2	2	2	1	NUM 23:24
ਲੇਟੋ	1	1	1	2	JER 25:34
ਲੇਤੜੇਗਾ	1	1	1	0	MIC 7:19
ਲੇਪ	1	1	1	1	ISA 38:21
ਲੇਪਾਲਕ	3	3	3	3	ROM 8:15
ਲੇਪਿਆ	1	1	1	0	JHN 9:6
ਲੇਬ-ਕਾਮਾਈ	1	1	1	1	JER 51:1
ਲੇਲਇਆ	1	1	1	0	LEV 12:8
ਲੇਲਾ	50	50	12	45	GEN 22:7
ਲੇਲਿਆਂ	27	27	10	18	EXO 12:21
ਲੇਲੀ	7	7	3	6	LEV 4:32
ਲੇਲੀਆਂ	4	4	2	3	GEN 21:28
ਲੇਲੇ	93	93	15	59	GEN 30:40
ਲੇਵਿਆਂ	8	8	4	0	NUM 8:18
ਲੇਵਿਓ	2	2	1	0	NUM 16:7
ਲੇਵੀ	180	180	24	199	GEN 29:34
ਲੇਵੀ-ਯੇਸ਼ੂਆ	1	1	1	0	EZR 2:40
ਲੇਵੀਆ	1	1	1	0	EZK 45:5
ਲੇਵੀਆਂ	179	179	14	206	EXO 6:25
ਲੇਵੀਓ	1	1	1	3	2CH 29:5
ਲੇਹ	1	1	1	0	HOS 5:12
ਲੇਹਾ	1	1	1	1	ISA 51:8
ਲੇਹੇ	1	1	1	0	JOB 13:28
ਲੈ	1576	1576	59	1854	GEN 2:19
ਲੈ-ਲੈਕੇ	1	1	1	0	JHN 10:3
ਲੈਂਦਾ	147	147	36	143	GEN 39:23
ਲੈਂਦੀ	17	17	12	16	1KI 17:11
ਲੈਂਦੀਆਂ	7	7	5	7	EXO 1:19
ਲੈਂਦੇ	108	108	36	113	GEN 43:7
ਲੈਈ	1	1	1	0	LUK 23:32
ਲੈਕੇ	189	189	16	1	GEN 2:15
ਲੈਣ	240	240	43	313	GEN 4:11
ਲੈਣ-ਦੇਣ	2	2	1	8	JHN 2:14
ਲੈਣਗੀਆਂ	6	6	5	5	1KI 11:2
ਲੈਣਗੇ	52	52	20	56	GEN 12:12
ਲੈਣਦਾਰ	3	3	3	3	DEU 15:2
ਲੈਣਾ	31	31	15	44	LEV 9:3
ਲੈਣੀ	6	6	6	5	RUT 4:5
ਲੈਣੀਆਂ	1	1	1	0	NEH 13:25
ਲੈਣੇ	1	1	1	1	MAT 18:28
ਲੈਣੋਂ	2	2	2	1	1SA 25:26
ਲੈਦਾ	1	1	1	0	PRO 10:2
ਲੈਦੀ	1	1	1	0	PRO 31:16
ਲੈਦੇ	1	1	1	0	JHN 19:24
ਲੈਸ	1	1	1	0	1PE 4:1
ਲੈਸ਼	1	1	1	2	1SA 25:44
ਲੈਸ਼ਾਹ	1	1	1	1	ISA 10:30
ਲੋ	16	16	11	6	GEN 44:3
ਲੋ-ਦੇਬਰ	1	1	1	0	2SA 17:27
ਲੋਆਲੇ	1	1	1	0	JDG 16:2
ਲੋਇਸ	1	1	1	1	2TI 1:5
ਲੋਕ	797	797	55	919	GEN 4:26
ਲੋਕਾ	5	5	2	0	LEV 19:8
ਲੋਕਾਂ	1444	1444	55	1485	GEN 14:16
ਲੋਕੀ	23	23	7	11	2CH 11:16
ਲੋਕੀਂ	13	13	4	0	EZK 27:10
ਲੋਕੋ	24	24	12	29	JDG 9:7
ਲੋਕੋਂ	1	1	1	0	LAM 1:18
ਲੋਗ	5	5	4	0	1CH 16:31
ਲੋਚ	8	8	4	3	DEU 28:32
ਲੋਚਣ	1	1	1	1	EZK 23:21
ਲੋਚਣਗੇ	1	1	1	0	REV 9:6
ਲੋਚਦਾ	22	22	15	19	GEN 4:7
ਲੋਚਦਿਆਂ	1	1	1	1	1TI 6:10
ਲੋਚਦੇ	8	8	8	8	1SA 25:26
ਲੋਚਨਾ	1	1	1	1	NUM 15:39
ਲੋਚਾਂ	1	1	1	1	JOB 17:11
ਲੋਚਿਆ	2	2	1	2	PSA 119:40
ਲੋਚੇ	1	1	1	1	DEU 14:26
ਲੋਚੇਂ	1	1	1	0	DEU 21:11
ਲੋਚੋ	2	2	2	2	1CH 16:11
ਲੋਟ	1	1	1	0	ACT 27:40
ਲੋਟਾਨ	7	7	2	0	GEN 36:20
ਲੋਥ	75	75	20	46	EXO 21:34
ਲੋਥਾਂ	50	50	18	27	GEN 15:11
ਲੋਦ	3	3	3	4	1CH 8:12
ਲੋਦਬਾਰ	2	2	1	0	2SA 9:4
ਲੋਬਾਨ	4	4	4	0	EXO 30:34
ਲੋਭ	29	29	17	30	EXO 18:21
ਲੋਭੀ	13	13	8	12	PSA 10:3
ਲੋਭੀਆਂ	1	1	1	2	PRO 1:19
ਲੋਹਰ	1	1	1	0	JER 29:2
ਲੋਹਾ	21	21	11	22	NUM 31:22
ਲੋਹਾਰ	2	2	1	0	ISA 44:12
ਲੋਹਾਰਾਂ	4	4	3	0	2KI 24:14
ਲੋਹਿਆ	1	1	1	0	1CH 22:14
ਲੋਹੀ	1	1	1	0	GEN 30:33
ਲੋਹੀਆਂ	3	3	1	0	GEN 30:32
ਲੋਹੇ	76	76	22	79	GEN 4:22
ਲੋਹ੍ਹ	1	1	1	0	JER 1:18
ਲੋੜ	75	75	34	76	GEN 33:15
ਲੋੜਕੂ	1	1	1	0	PRO 28:3
ਲੋੜਦਾ	1	1	1	0	JAS 1:5
ਲੋੜਦੇ	1	1	1	0	EXO 10:11
ਲੋੜਵੰਦ	4	4	4	4	DEU 15:11
ਲੋੜਾਂ	4	4	4	9	ACT 20:34
ਲੋੜੀਂਦਾ	6	6	6	1	1KI 2:9
ਲੋੜੀਂਦੀ	3	3	3	1	2CH 2:16
ਲੋੜੀਂਦੀਆਂ	1	1	1	0	JAS 2:16
ਲੋੜੀਂਦੇ	2	2	1	0	1CO 4:11
ਲੋੜੀਦਾ	13	13	7	0	GEN 3:6
ਲੋੜੀਦੀ	1	1	1	0	JDG 13:16
ਲੌਨ	1	1	1	1	EXO 30:34
ਲੜ	18	18	12	19	EXO 2:13
ਲੜਕੀ	1	1	1	3	MRK 7:30
ਲੜਕੇ	1	1	1	1	LUK 11:7
ਲੜਣ	2	2	2	0	1KI 20:18
ਲੜਦਾ	13	13	13	17	EXO 14:25
ਲੜਦਿਆਂ	2	2	1	1	2KI 8:29
ਲੜਦੀ	2	2	1	2	JER 34:7
ਲੜਦੀਆਂ	6	6	5	5	ISA 29:7
ਲੜਦੇ	15	15	10	14	JOS 10:25
ਲੜਨ	53	53	16	60	GEN 14:8
ਲੜਨਗੇ	6	6	4	6	ISA 19:2
ਲੜਨਾ	4	4	3	4	2CH 11:4
ਲੜਨੀ	1	1	1	1	2CH 14:6
ਲੜਾਂ	1	1	1	1	EZK 23:15
ਲੜਾਂਗਾ	3	3	2	3	JER 21:5
ਲੜਾਂਗੇ	2	2	2	2	DEU 1:41
ਲੜਾਈ	196	196	28	193	EXO 1:10
ਲੜਾਈਆਂ	16	16	11	17	JDG 3:1
ਲੜਾਈਓਂ	2	2	2	0	JDG 8:13
ਲੜਾਕਾ	1	1	1	1	JER 15:10
ਲੜਾਕੂ	1	1	1	0	1CO 9:26
ਲੜਿਆ	26	26	13	29	EXO 17:10
ਲੜਿਓ	2	2	2	2	1KI 22:31
ਲੜੀ	1	1	1	2	PRO 14:24
ਲੜੀਏ	3	3	3	6	JDG 11:6
ਲੜੇ	23	23	12	20	EXO 17:8
ਲੜੇਗਾ	10	10	9	10	DEU 1:30
ਲੜੋ	7	7	7	7	DEU 1:42
ਲੰਗਰ	17	17	7	8	2SA 9:7
ਲੰਗਾਰ	3	3	3	1	EZK 39:20
ਲੰਗੋਟੀਆਂ	1	1	1	0	JOB 12:18
ਲੰਗੋਟੀਏ	5	5	2	4	1KI 12:8
ਲੰਗੜਾ	1	1	1	14	1KI 18:21
ਲੰਗੜਾਉਣ	1	1	1	1	PSA 35:15
ਲੰਗੜਿਆਂ	1	1	1	7	JOB 29:15
ਲੰਗੜੇ	2	2	2	18	1CH 18:4
ਲੰਘ	163	163	35	158	GEN 15:17
ਲੰਘਣ	48	48	17	44	GEN 23:10
ਲੰਘਣਗੀਆਂ	1	1	1	1	JER 22:8
ਲੰਘਣਗੇ	8	8	6	7	NUM 32:27
ਲੰਘਣਾ	11	11	6	8	NUM 20:20
ਲੰਘਣੋਂ	1	1	1	1	ISA 24:10
ਲੰਘਦਾ	18	18	11	17	JOS 3:11
ਲੰਘਦਿਆਂ	6	6	5	5	2SA 19:18
ਲੰਘਦੀ	1	1	1	1	LUK 18:36
ਲੰਘਦੇ	9	9	7	8	GEN 23:18
ਲੰਘਵਾਇਆ	1	1	1	1	2KI 16:3
ਲੰਘਾ	5	5	4	6	GEN 32:23
ਲੰਘਾਂ	2	2	2	1	GEN 31:52
ਲੰਘਾਂਗਾ	4	4	2	3	EXO 12:12
ਲੰਘਾਇਆ	11	11	6	10	GEN 32:23
ਲੰਘਾਇਓ	1	1	1	1	NUM 32:5
ਲੰਘਾਉਣ	4	4	3	3	NEH 2:7
ਲੰਘਾਓ	2	2	1	2	NUM 31:23
ਲੰਘਾਗੇ	1	1	1	0	NUM 20:17
ਲੰਘਾਵਾਂਗਾ	2	2	2	2	EXO 33:19
ਲੰਘਾਵੀ	1	1	1	0	LEV 18:21
ਲੰਘਾਵੇ	2	2	2	2	DEU 18:10
ਲੰਘਾਵੇਗਾ	1	1	1	0	ISA 11:15
ਲੰਘਿਆ	32	32	17	29	GEN 12:6
ਲੰਘੀ	11	11	5	11	JOS 15:6
ਲੰਘੀਂ	1	1	1	1	PRO 4:15
ਲੰਘੀਏ	2	2	2	1	1SA 14:1
ਲੰਘੇ	30	30	11	25	GEN 37:28
ਲੰਘੇਂ	1	1	1	1	GEN 31:52
ਲੰਘੇਂਗਾ	4	4	3	3	DEU 3:27
ਲੰਘੇਗਾ	21	21	10	21	EXO 12:23
ਲੰਘੇਗੀ	3	3	3	1	LEV 26:6
ਲੰਘੋ	20	20	9	12	NUM 33:51
ਲੰਘੋਗੇ	2	2	2	2	NUM 20:18
ਲੰਙ	1	1	1	0	ACT 3:0
ਲੰਙਾ	10	10	6	0	GEN 32:31
ਲੰਙਾਂ	1	1	1	0	MRK 9:45
ਲੰਙਿਆ	1	1	1	0	2SA 5:8
ਲੰਙਿਆਂ	6	6	4	0	2SA 5:8
ਲੰਙੇ	11	11	8	0	2SA 5:6
ਲੰਝਾ	1	1	1	0	ACT 14:8
ਲੰਝੇ	1	1	1	0	ACT 8:7
ਲੰਡਿਆਂ	1	1	1	0	ACT 17:5
ਲੰਬ	9	9	5	8	PSA 106:18
ਲੰਬਾ	1	1	1	0	SNG 8:6
ਲੰਬਾਂ	1	1	1	1	PSA 105:32
ਲੰਬਾਈ	35	35	9	69	GEN 6:15
ਲੰਬੀਆਂ	1	1	1	0	ISA 54:2
ਲੰਬੇ	3	3	2	4	JHN 14:9
ਲੰਮਕਾ	2	2	1	0	EZK 1:24
ਲੰਮਢੀਂਗ	5	5	4	3	PSA 102:6
ਲੰਮਾ	83	83	22	60	GEN 37:3
ਲੰਮਾਂ	1	1	1	0	1CH 13:9
ਲੰਮਾਈ	29	29	4	0	DEU 3:11
ਲੰਮਾਣ	1	1	1	0	1SA 16:7
ਲੰਮੀ	28	28	14	37	EXO 6:6
ਲੰਮੀਆਂ	6	6	4	7	EXO 27:11
ਲੰਮੇ	45	45	20	37	GEN 19:4
ਲੰਮੇਂ	1	1	1	0	DEU 22:7
ਲੱਕ	79	79	23	75	EXO 12:11
ਲੱਕਾ	1	1	1	0	NEH 13:8
ਲੱਕਾਂ	7	7	6	7	1KI 20:31
ਲੱਕੂਮ	1	1	1	1	JOS 19:33
ਲੱਕੜ	45	45	17	52	LEV 1:12
ਲੱਕੜਾਂ	11	11	6	14	LEV 1:7
ਲੱਕੜੀ	91	91	24	93	GEN 6:14
ਲੱਕੜੀਆਂ	20	20	11	22	GEN 22:3
ਲੱਖ	58	58	14	62	EXO 12:37
ਲੱਖਾਂ	12	12	9	14	GEN 24:60
ਲੱਗ	127	127	38	136	GEN 6:1
ਲੱਗਣ	25	25	12	19	GEN 30:38
ਲੱਗਣਗੀਆਂ	6	6	3	5	JER 13:21
ਲੱਗਣਗੇ	6	6	6	3	PSA 94:15
ਲੱਗਣਾ	4	4	2	4	MAT 18:7
ਲੱਗਣੋਂ	3	3	3	1	1SA 23:28
ਲੱਗਦਾ	19	19	12	42	GEN 27:9
ਲੱਗਦਿਆ	1	1	1	0	EZK 17:10
ਲੱਗਦਿਆਂ	2	2	1	2	ROM 1:15
ਲੱਗਦੀ	17	17	8	22	NUM 21:15
ਲੱਗਦੀਆਂ	2	2	2	4	JER 13:21
ਲੱਗਦੇ	11	11	8	20	DEU 25:16
ਲੱਗਵੀਂ	5	5	1	5	EZK 48:24
ਲੱਗਵੀਆਂ	1	1	1	1	1KI 6:10
ਲੱਗਾ	382	382	42	389	GEN 9:20
ਲੱਗਾਂ	1	1	1	0	EST 8:5
ਲੱਗਾਂਗਾ	1	1	1	0	LUK 9:61
ਲੱਗਿਆ	13	13	12	43	GEN 30:39
ਲੱਗਿਆਂ	3	3	3	3	ECC 12:11
ਲੱਗੀ	91	91	33	111	GEN 35:16
ਲੱਗੀਆ	1	1	1	0	PSA 10:8
ਲੱਗੀਆਂ	32	32	17	41	GEN 34:18
ਲੱਗੀਏ	1	1	1	1	HOS 6:3
ਲੱਗੂ	1	1	1	1	LUK 10:35
ਲੱਗੇ	313	313	44	366	GEN 4:26
ਲੱਗੇਂ	2	2	2	1	PRO 2:1
ਲੱਗੇਗਾ	10	10	6	12	JDG 13:5
ਲੱਗੇਗੀ	4	4	4	3	PSA 45:11
ਲੱਗੋ	5	5	4	7	LEV 19:31
ਲੱਗੋਗੇ	3	3	2	2	LEV 26:30
ਲੱਛਣ	4	4	4	1	1KI 20:33
ਲੱਛਪੁਣਾ	1	1	1	0	HOS 2:10
ਲੱਜ	2	2	1	2	1SA 20:30
ਲੱਜਾ	1	1	1	0	REV 3:18
ਲੱਜਾਂ	2	2	1	0	JDG 16:11
ਲੱਜਿਅਵਾਨ	1	1	1	0	JER 6:15
ਲੱਜਿਆ	1	1	1	0	ROM 6:21
ਲੱਜਿਆਵਾਨ	60	60	20	47	JDG 3:25
ਲੱਟੂ	2	2	2	1	2SA 13:2
ਲੱਠ	1	1	1	0	HOS 4:12
ਲੱਡੂ	1	1	1	0	NEH 6:8
ਲੱਤ	6	6	6	7	LEV 21:18
ਲੱਤਾ	2	2	1	0	LEV 8:21
ਲੱਤਾਂ	16	16	11	20	EXO 29:17
ਲੱਥਾ	1	1	1	0	JDG 4:14
ਲੱਥੇ	3	3	3	1	DEU 25:10
ਲੱਥੇਗਾ	1	1	1	1	ISA 60:20
ਲੱਦ	8	8	8	9	GEN 42:26
ਲੱਦਦਾ	2	2	2	2	JOB 37:11
ਲੱਦਦੇ	1	1	1	0	PSA 55:3
ਲੱਦਿਆ	3	3	3	2	GEN 44:13
ਲੱਦੀ	3	3	3	3	GEN 37:25
ਲੱਦੀਆਂ	3	3	3	3	GEN 45:23
ਲੱਦੇ	4	4	4	6	GEN 45:23
ਲੱਦੋ	1	1	1	1	GEN 45:17
ਲੱਪੀਦੋਥ	1	1	1	1	JDG 4:4
ਲੱਫਾਂ	1	1	1	0	JOB 38:11
ਲੱਬਣ	1	1	1	0	ACT 3:5
ਲੱਭ	58	58	26	73	GEN 4:15
ਲੱਭਣ	24	24	9	35	GEN 18:26
ਲੱਭਣਗੀਆਂ	1	1	1	1	REV 18:14
ਲੱਭਣਗੇ	3	3	3	4	ISA 35:9
ਲੱਭਦਾ	21	21	10	21	JDG 14:4
ਲੱਭਦੀ	6	6	4	9	JOB 28:13
ਲੱਭਦੇ	8	8	5	18	GEN 19:11
ਲੱਭਪਈਆਂ	1	1	1	0	1SA 10:16
ਲੱਭਾ	53	53	23	19	GEN 8:9
ਲੱਭਾਂ	3	3	3	4	JOB 23:3
ਲੱਭਾਂਗਾ	2	2	2	2	JER 29:14
ਲੱਭਾਂਗੀ	1	1	1	1	PRO 1:28
ਲੱਭਾਂਗੇ	1	1	1	1	DAN 6:5
ਲੱਭਿਆ	15	15	12	52	GEN 16:7
ਲੱਭਿਓ	1	1	1	0	DEU 12:5
ਲੱਭੀ	36	36	18	35	GEN 38:20
ਲੱਭੀਆਂ	4	4	4	5	EXO 35:23
ਲੱਭੂ	2	2	2	0	2SA 17:13
ਲੱਭੂਗਾ	1	1	1	0	GEN 41:38
ਲੱਭੇ	36	36	20	34	GEN 31:35
ਲੱਭੇਂਗਾ	1	1	1	2	EZK 26:21
ਲੱਭੇਗਾ	12	12	10	14	GEN 4:14
ਲੱਭੇਗੀ	1	1	1	1	REV 9:6
ਲੱਭੋ	3	3	2	5	DEU 13:14
ਲੱਭੋਗੇ	1	1	1	4	JER 29:13
ਲੱਲੋ	9	9	4	0	JOB 32:21
ਲੱਸ਼ਾਰੋਨ	1	1	1	1	JOS 12:18
ਵਕਤ	13	13	4	3	DAN 2:9
ਵਕਤਾਂ	1	1	1	0	1CO 2:1
ਵਕੀਲ	2	2	2	1	LUK 14:32
ਵਖ	2	2	1	0	1PE 4:10
ਵਖਰਾ	4	4	4	0	DEU 29:1
ਵਖਰੀ	2	2	2	0	2SA 7:15
ਵਖਰੇ	2	2	2	0	1CH 23:6
ਵਖਾਣ	1	1	1	0	JOB 13:17
ਵਖਾਧ	1	1	1	0	HAB 1:3
ਵਖਾਨ	1	1	1	0	ACT 2:11
ਵਖਿਆਣ	1	1	1	0	2TI 2:15
ਵਖੀ	4	4	1	0	JHN 19:34
ਵਗ	17	17	9	16	JOB 6:15
ਵਗਣ	6	6	5	10	NUM 5:2
ਵਗਣਗੀਆਂ	2	2	2	2	ISA 2:2
ਵਗਦਾ	20	20	9	25	EXO 3:17
ਵਗਦੀ	10	10	6	15	2CH 32:4
ਵਗਦੀਆਂ	3	3	3	4	PSA 119:136
ਵਗਦੇ	16	16	8	17	LEV 14:5
ਵਗਾ	7	7	5	6	EXO 14:21
ਵਗਾਇਆ	9	9	8	6	DEU 11:4
ਵਗਾਈ	3	3	3	5	GEN 8:1
ਵਗਾਈਆਂ	2	2	2	1	1SA 21:13
ਵਗਾਉਂਦਾ	3	3	2	4	PSA 104:10
ਵਗਾਉਂਦੀ	1	1	1	1	JOB 29:6
ਵਗਾਉਂਦੇ	1	1	1	1	EZK 33:25
ਵਗਾਉਣ	1	1	1	1	EZK 22:6
ਵਗਾਉਣਗੀਆਂ	1	1	1	1	JER 13:17
ਵਗਾਉਣੋਂ	2	2	1	2	1SA 25:26
ਵਗਾਏ	2	2	2	2	PSA 79:10
ਵਗਾਰ	1	1	1	1	JOS 17:13
ਵਗਾਵਾਂਗਾ	1	1	1	1	ISA 44:3
ਵਗਾਵੇਗਾ	1	1	1	1	1SA 8:12
ਵਗਾਹ	1	1	1	1	ISA 22:17
ਵਗਾਹੁਣ	1	1	1	1	2CH 26:15
ਵਗਿਆ	1	1	1	1	REV 14:20
ਵਗੀ	5	5	5	5	NUM 11:31
ਵਗੀਆਂ	3	3	2	3	DAN 7:2
ਵਗੇ	6	6	5	3	LEV 15:3
ਵਗੇਗਾ	6	6	5	7	NUM 24:7
ਵਗੇਗੀ	1	1	1	2	MAT 16:3
ਵਗੈਰਾ	7	7	1	0	EZR 4:10
ਵਛਾਇਆ	1	1	1	0	EZK 16:8
ਵਛੇ	1	1	1	0	PSA 29:6
ਵਜਨ	1	1	1	0	EXO 30:34
ਵਜ਼ਨ	1	1	1	2	JOB 28:25
ਵਜ਼ਾ	1	1	1	0	1KI 1:34
ਵਜ਼ੀਰ	2	2	2	4	1CH 27:32
ਵਜਾ	13	13	7	15	1SA 19:9
ਵਜਾਇਆ	1	1	1	2	1SA 18:10
ਵਜਾਈ	16	16	7	16	JDG 3:27
ਵਜਾਈਆਂ	8	8	4	8	JOS 6:8
ਵਜਾਈਏ	1	1	1	1	JDG 7:18
ਵਜਾਉਂਦਾ	2	2	2	2	1SA 16:23
ਵਜਾਉਂਦਿਆਂ	4	4	2	1	1SA 18:7
ਵਜਾਉਂਦੀ	1	1	1	1	JDG 11:34
ਵਜਾਉਂਦੀਆਂ	3	3	3	3	EXO 15:20
ਵਜਾਉਂਦੇ	19	19	11	22	JOS 6:9
ਵਜਾਉਣ	19	19	12	81	LEV 23:24
ਵਜਾਉਣਗੇ	2	2	2	3	PSA 94:3
ਵਜਾਉਣੀ	1	1	1	1	REV 8:13
ਵਜਾਉਣੀਆਂ	1	1	1	0	JDG 7:18
ਵਜਾਏਗੀ	1	1	1	0	JOB 27:23
ਵਜਾਓ	5	5	2	5	PSA 33:3
ਵਜਾਵਾਂਗਾ	2	2	2	2	EZK 21:17
ਵਜਾਵਾਂਗੇ	1	1	1	0	ISA 38:20
ਵਜਾਵੇਗਾ	2	2	2	3	1SA 16:16
ਵਜਾਵੋਂਗੇ	1	1	1	0	1CO 14:7
ਵਜੇ	3	3	1	4	JHN 1:39
ਵਜੇਗੀ	1	1	1	0	1CO 15:52
ਵਜੋਂ	3	3	1	16	1CO 1:22
ਵਜੰਤਰ	1	1	1	1	1CH 15:16
ਵਜੰਤਰੀ	4	4	3	2	2KI 3:15
ਵਜੰਤ੍ਰਾਂ	1	1	1	1	1CH 23:5
ਵਟਣੇ	3	3	1	0	EST 2:3
ਵਟਾ	10	10	6	2	1SA 21:13
ਵਟਾਂਦਰਾ	3	3	2	2	LEV 27:10
ਵਟਾਂਦਰੇ	2	2	1	2	ISA 43:3
ਵਟਾਂਰਦਾ	1	1	1	0	2SA 19:36
ਵਟਾਇਆ	1	1	1	1	1KI 20:38
ਵਟਾਉਂਦਾ	1	1	1	0	2CO 11:14
ਵਟਾਉਂਦੇ	2	2	1	0	2CO 11:13
ਵਟਾਉਣ	2	2	2	2	RUT 4:7
ਵਟਾਕੇ	2	2	1	4	2CH 18:29
ਵਟਾਵੇ	3	3	1	3	LEV 27:10
ਵਟਿਆਂ	1	1	1	0	LEV 20:27
ਵਡ	1	1	1	1	2TI 1:3
ਵਡਿਆਇਆ	6	6	4	6	2SA 22:36
ਵਡਿਆਈ	112	112	33	175	GEN 12:15
ਵਡਿਆਈਆਂ	3	3	2	3	1CH 17:19
ਵਡਿਆਉਂਦੇ	1	1	1	1	JOB 19:5
ਵਡਿਆਉਣ	1	1	1	2	PSA 107:32
ਵਡਿਆਉਣਗੀਆਂ	1	1	1	1	PSA 86:9
ਵਡਿਆਉਣਗੇ	1	1	1	1	HOS 11:7
ਵਡਿਆਏ	1	1	1	1	ROM 8:17
ਵਡਿਆਓ	1	1	1	1	JER 20:13
ਵਡਿਆਵਾਂਗਾ	1	1	1	1	ISA 25:1
ਵਡਿਆਵੇ	1	1	1	1	ISA 42:21
ਵਡਿਆਵੇਂ	1	1	1	1	JOB 7:17
ਵਡੀਆ	1	1	1	0	2SA 21:9
ਵਡੀਆਂ	1	1	1	0	1CH 21:13
ਵਡੇ	1	1	1	0	1CH 12:30
ਵਡੇਰਿਆ	1	1	1	0	1CH 29:15
ਵਡੇਰਿਆਂ	6	6	2	0	1CH 5:25
ਵਡੇਰੀ	5	5	4	0	2CH 1:11
ਵਡੇਰੀਆਂ	1	1	1	1	JHN 6:18
ਵਡੇਰੇ	2	2	2	1	2KI 3:21
ਵਡੋ	1	1	1	0	LUK 10:8
ਵਢ	2	2	2	0	JHN 18:10
ਵਢਣ	1	1	1	0	1SA 12:17
ਵਢਦਾ	1	1	1	0	JHN 4:36
ਵਢਵਾ	1	1	1	1	MAT 14:10
ਵਢਵਾਇਆ	1	1	1	1	MRK 6:16
ਵਢਾ	3	3	2	2	JOS 11:6
ਵਢਾਂਗਾ	2	2	2	1	1KI 20:21
ਵਢਾਂਗੇ	1	1	1	0	ISA 30:25
ਵਢਿਆ	1	1	1	0	JHN 18:26
ਵਢਿਆਂ	1	1	1	0	RUT 2:6
ਵਢਿਆਇਆ	1	1	1	0	PSA 18:35
ਵਢੀਆਂ	2	2	2	0	RUT 2:21
ਵਢੇ	1	1	1	0	ZEC 10:8
ਵਢੇਂਗਾ	1	1	1	0	JOS 11:6
ਵਢੱਦੀ	1	1	1	0	2SA 11:25
ਵਢੱਦੇ	1	1	1	0	RUT 2:9
ਵਣਜ	1	1	1	0	MAT 22:5
ਵਤਨ	3	3	2	1	AMO 7:11
ਵਤਨੀ	2	2	2	1	EPH 2:19
ਵਤਰ	1	1	1	0	JON 3:5
ਵਤੀਤ	4	4	4	0	1TH 2:10
ਵਤੀਵੇਂ	1	1	1	0	NEH 5:14
ਵਦਾਣ	1	1	1	1	JER 23:29
ਵਦਾਨ	1	1	1	0	EZK 27:19
ਵਦੀਕ	1	1	1	0	2SA 19:7
ਵਧ	80	80	22	34	GEN 6:5
ਵਧ-ਫ਼ੁੱਲ	2	2	1	0	2TH 1:3
ਵਧਕੇ	1	1	1	0	ISA 56:12
ਵਧਣ	17	17	11	20	GEN 1:22
ਵਧਣਗੀਆਂ	1	1	1	0	ISA 66:14
ਵਧਣਗੇ	3	3	3	3	JER 23:3
ਵਧਣਾ	3	3	2	2	JHN 3:30
ਵਧਦਾ	18	18	10	8	GEN 21:8
ਵਧਦਿਆਂ	1	1	1	0	MRK 4:8
ਵਧਦੀ	5	5	2	6	ACT 6:7
ਵਧਦੀਆਂ	3	3	2	2	JON 1:11
ਵਧਦੇ	10	10	8	15	EXO 1:12
ਵਧਨ	1	1	1	0	LUK 24:28
ਵਧਾ	29	29	15	51	EXO 4:4
ਵਧਾਇਆ	27	27	15	40	GEN 19:19
ਵਧਾਇਆਂ	1	1	1	0	EST 8:4
ਵਧਾਇਓ	1	1	1	1	DEU 12:32
ਵਧਾਇਓਂ	1	1	1	0	LUK 1:28
ਵਧਾਈ	12	12	11	14	2SA 8:10
ਵਧਾਈਆ	1	1	1	0	EZR 10:10
ਵਧਾਈਆਂ	5	5	4	4	EZK 17:7
ਵਧਾਉਂਦਾ	18	18	7	16	LEV 11:42
ਵਧਾਉਂਦੀ	2	2	2	3	PRO 23:28
ਵਧਾਉਂਦੇ	4	4	4	7	JOB 30:13
ਵਧਾਉਣ	7	7	7	14	DEU 17:16
ਵਧਾਉਣਗੇ	2	2	2	1	PRO 3:2
ਵਧਾਏ	2	2	2	2	JER 21:5
ਵਧਾਓ	2	2	2	4	DEU 4:2
ਵਧਾਓਗੇ	1	1	1	1	NUM 32:14
ਵਧਾਕੇ	3	3	2	0	GEN 3:22
ਵਧਾਵਾਂਗਾ	24	24	10	25	GEN 3:16
ਵਧਾਵੀਂ	1	1	1	1	LEV 25:16
ਵਧਾਵੇ	13	13	6	15	GEN 9:27
ਵਧਾਵੇਂਗਾ	3	3	1	3	PSA 61:6
ਵਧਾਵੇਗਾ	8	8	6	7	DEU 28:11
ਵਧਾਵੇਗੀ	1	1	1	1	PRO 4:8
ਵਧਿਆ	9	9	7	11	JDG 13:24
ਵਧੀ	2	2	2	2	2SA 12:3
ਵਧੀਂ	1	1	1	1	JOB 38:11
ਵਧੀਆ	14	14	7	19	EXO 30:23
ਵਧੀਆਂ	3	3	3	2	2KI 9:22
ਵਧੀਕ	127	127	30	22	GEN 41:49
ਵਧੁਗੀ	1	1	1	0	JOB 8:11
ਵਧੇ	13	13	12	14	GEN 47:27
ਵਧੇਗੀ	2	2	2	1	PRO 9:11
ਵਧੇਰੀ	3	3	3	4	PRO 26:12
ਵਧੇਰੇ	32	32	11	44	PRO 25:16
ਵਧੋ	9	9	3	9	GEN 1:22
ਵਨਯਾਹ	1	1	1	1	EZR 10:36
ਵਪਾਰ	23	23	3	33	PRO 31:18
ਵਪਾਰਕ	2	2	1	2	EZK 27:33
ਵਪਾਰਕ-ਜਿਨਸਾਂ	1	1	1	1	EZK 27:27
ਵਪਾਰੀ	14	14	4	26	2CH 9:14
ਵਪਾਰੀਆਂ	6	6	4	16	PRO 31:14
ਵਫਦਾਰੀ	1	1	1	0	PSA 89:33
ਵਫ਼ਾ	1	1	1	0	2TI 2:13
ਵਫ਼ਾਈ	1	1	1	0	ROM 3:3
ਵਫ਼ਾਦਾਰ	21	21	17	50	JOB 12:20
ਵਫ਼ਾਦਾਰੀ	21	21	11	60	PSA 57:10
ਵਫਾਦਾਰ	1	1	1	1	2TI 2:13
ਵਫਾਦਾਰੀ	25	25	4	1	2KI 20:3
ਵਰ	2	2	2	10	LEV 25:21
ਵਰਖਾ	33	33	16	34	GEN 7:12
ਵਰਗਲਾਉਣਗੀਆਂ	1	1	1	0	JAS 1:14
ਵਰਗਾ	265	265	46	293	GEN 1:26
ਵਰਗਾਂ	1	1	1	0	1CO 1:13
ਵਰਗਾਕਾਰ	4	4	1	4	EZK 40:47
ਵਰਗੀ	45	45	25	63	GEN 2:20
ਵਰਗੀਆਂ	15	15	9	18	GEN 41:21
ਵਰਗੇ	111	111	41	139	GEN 27:23
ਵਰਜ	5	5	4	0	NUM 11:28
ਵਰਜਦਾ	1	1	1	0	3JN 1:10
ਵਰਜਦੇ	1	1	1	0	1TI 4:3
ਵਰਜਿਆ	11	11	8	2	LEV 10:1
ਵਰਜੇ	2	2	1	0	NUM 30:5
ਵਰਜੋ	5	5	3	0	MAT 19:14
ਵਰਣਨ	16	16	4	42	2CH 32:19
ਵਰਤ	76	76	24	85	JDG 20:26
ਵਰਤਣ	10	10	10	8	EXO 38:24
ਵਰਤਣਗੇ	2	2	1	2	EZK 12:23
ਵਰਤਣਾ	2	2	2	1	ZEC 1:6
ਵਰਤਦਾ	7	7	4	4	ECC 1:13
ਵਰਤਦੀ	1	1	1	1	JER 46:11
ਵਰਤਦੇ	6	6	5	4	JDG 5:14
ਵਰਤਨੀ	1	1	1	0	1CO 3:10
ਵਰਤਮਾਨ	8	8	6	13	1CH 29:30
ਵਰਤਾਂ	2	2	2	1	PSA 109:24
ਵਰਤਾਂਗਾ	4	4	4	2	ISA 65:8
ਵਰਤਾਂਗੇ	2	2	2	0	JOS 2:14
ਵਰਤਾਇਆ	1	1	1	1	JHN 12:2
ਵਰਤਾਉ	4	4	4	15	JDG 9:16
ਵਰਤਾਓ	15	15	11	16	GEN 34:31
ਵਰਤਾਰਾ	6	6	3	3	1CH 20:3
ਵਰਤਾਰੇ	1	1	1	0	ISA 59:8
ਵਰਤਾਵਾ	6	6	6	9	JOS 9:25
ਵਰਤਿਆ	11	11	9	11	DEU 20:6
ਵਰਤੀ	4	4	3	3	LEV 7:24
ਵਰਤੀਂ	2	2	2	1	GEN 47:29
ਵਰਤੀਆ	1	1	1	0	2SA 17:23
ਵਰਤੀਏ	1	1	1	0	EXO 1:10
ਵਰਤੇ	12	12	11	8	EXO 38:27
ਵਰਤੇਗਾ	2	2	2	2	EZK 31:11
ਵਰਤੋ	8	8	8	2	EZR 10:11
ਵਰਤੋਂ	15	15	5	9	EXO 38:31
ਵਰਦੀ	1	1	1	1	NAM 2:3
ਵਰਨਣ	7	7	5	14	1CH 16:24
ਵਰਨਨ	6	6	2	0	1CH 4:38
ਵਰਮੀ	1	1	1	1	ISA 11:8
ਵਰਲ	1	1	1	0	LEV 11:30
ਵਰਲਾਪ	1	1	1	0	1KI 13:30
ਵਰਵੱਜੇ	1	1	1	0	EXO 38:14
ਵਰਸਾਉਂਦਾ	2	2	2	3	MAT 5:45
ਵਰਸਾਏ	1	1	1	1	EXO 9:23
ਵਰਸਾਵਾਂਗਾ	1	1	1	1	EXO 9:18
ਵਰਸਾਵੇਂ	1	1	1	0	1KI 8:36
ਵਰਸੇ	1	1	1	0	LUK 9:54
ਵਰਹ	1	1	1	0	JER 52:12
ਵਰਹਾ	12	12	7	0	GEN 47:18
ਵਰਹਾਇਆ	3	3	2	0	GEN 2:5
ਵਰਹਾਈ	1	1	1	0	JOL 2:23
ਵਰਹਾਈਂ	1	1	1	0	2CH 6:27
ਵਰਹਾਵੇ	1	1	1	0	HOS 10:12
ਵਰਹਿਆਂ	1	1	1	0	GEN 25:26
ਵਰਹੀਂ	2	2	2	1	1KI 10:22
ਵਰਹੀਆਂ	1	1	1	0	2SA 21:10
ਵਰਹੇ	349	349	26	0	GEN 7:11
ਵਰਹੇਗਾ	1	1	1	0	DEU 32:2
ਵਰਾਉਣ	1	1	1	1	GEN 7:4
ਵਰਾਵਾਂਗਾ	2	2	2	0	EXO 16:4
ਵਰਾਵੇਗਾ	1	1	1	0	PSA 11:6
ਵਰਿਆਂ	4	4	3	2	1CH 23:24
ਵਰਿਆਮ	1	1	1	0	2SA 13:28
ਵਰਿਆਮਗੀ	3	3	2	0	2SA 2:7
ਵਰਿਹਾ	1	1	1	0	2SA 19:32
ਵਰਿਹਾਂ	302	302	29	7	GEN 1:14
ਵਰੀ	1	1	1	0	1SA 18:25
ਵਰੀਹਾਂ	1	1	1	0	EZR 3:8
ਵਰੇ	3	3	2	0	2CH 3:2
ਵਰ੍ਰੇ	1	1	1	0	EZK 24:1
ਵਰ੍ਹ	3	3	2	3	EXO 19:22
ਵਰ੍ਹਦਿਆਂ	1	1	1	0	JOB 36:27
ਵਰ੍ਹਨ	1	1	1	1	ECC 12:2
ਵਰ੍ਹਾ	13	13	7	3	LEV 25:5
ਵਰ੍ਹਾਇਆ	4	4	2	7	PSA 77:17
ਵਰ੍ਹਾਈ	1	1	1	2	PSA 68:9
ਵਰ੍ਹਾਉਣ	2	2	1	1	ISA 5:6
ਵਰ੍ਹਾਏ	1	1	1	1	PSA 78:27
ਵਰ੍ਹਾਓ	2	2	1	3	EZK 23:20
ਵਰ੍ਹਾਵਾਂ	1	1	1	1	MAL 3:10
ਵਰ੍ਹਾਵਾਂਗਾ	2	2	1	5	EZK 34:26
ਵਰ੍ਹਾਵੇ	1	1	1	3	JOB 38:26
ਵਰ੍ਹਾਵੇਗਾ	1	1	1	0	JOB 20:23
ਵਰ੍ਹਿਆ	3	3	2	4	1KI 18:45
ਵਰ੍ਹਿਆਂ	18	18	9	6	2CH 36:2
ਵਰ੍ਹੀਆਂ	1	1	1	1	JDG 5:4
ਵਰ੍ਹੇ	114	114	24	12	GEN 16:3
ਵਰ੍ਹੇਗੀ	2	2	1	2	EZK 13:13
ਵਲ	15	15	10	5	LEV 19:4
ਵਲਗਣ	2	2	1	2	2CH 4:9
ਵਲਗਣਾਂ	2	2	2	0	2SA 7:8
ਵਲਟੋਹੀਆਂ	1	1	1	1	1KI 7:45
ਵਲਟੋਹੇ	2	2	2	1	JER 52:19
ਵਲਾ	1	1	1	0	2KI 5:7
ਵਲਿਆ	2	2	2	0	SNG 7:2
ਵਲੇ	2	2	1	0	1CH 22:4
ਵਲੇਟ	2	2	1	0	1KI 20:31
ਵਲੇਟਿਆ	2	2	2	1	JON 2:5
ਵਲੇਟੀ	1	1	1	0	1SA 21:9
ਵਲੇਵਾ	2	2	2	1	2SA 24:22
ਵਲੇਵਾਂ	1	1	1	0	1SA 8:12
ਵਲੇਵੇ	2	2	2	1	2SA 24:22
ਵਲੇਵੇਂ	1	1	1	0	LEV 8:11
ਵਲੋਂ	6	6	3	17	LEV 20:4
ਵਲ੍ਹੇਟ	5	5	4	3	2KI 2:8
ਵਲ੍ਹੇਟਵੀਂ	1	1	1	0	REV 6:14
ਵਲ੍ਹੇਟਿਆ	5	5	5	2	2KI 19:1
ਵਲ੍ਹੇਟੇਗਾਂ	1	1	1	0	HEB 1:12
ਵਲੱਕੇ	1	1	1	0	HOS 12:7
ਵਵਿਅਰਥ	1	1	1	0	ECC 4:8
ਵਸ	2	2	2	0	1SA 13:12
ਵਸਣ	1	1	1	0	ACT 7:2
ਵਸਣੀਕਾਂ	1	1	1	0	NUM 32:17
ਵਸਤ	74	74	17	10	EXO 12:20
ਵਸਤਰ	2	2	1	0	JHN 19:23
ਵਸਤਾਂ	128	128	33	127	EXO 28:38
ਵਸਤੀਆਂ	7	7	3	0	JDG 10:4
ਵਸਤੁ	2	2	1	2	MRK 4:22
ਵਸਤੂ	15	15	8	72	LEV 5:2
ਵਸਤੂਆਂ	25	25	6	66	2KI 12:4
ਵਸਤ੍ਰ	2	2	1	0	LEV 6:10
ਵਸਦਾ	2	2	2	0	PSA 9:11
ਵਸਦੇ	3	3	3	0	LEV 18:3
ਵਸਨੀਕ	17	17	10	16	JOS 2:9
ਵਸਨੀਕਾਂ	30	30	12	30	GEN 19:25
ਵਸਨੀਕੋ	2	2	1	2	2CH 20:15
ਵਸ਼ਠੀ	1	1	1	0	1CH 6:28
ਵਸ਼ਤੀ	10	10	1	11	EST 1:9
ਵਸਾ	5	5	4	4	GEN 47:6
ਵਸਾਂਗਾ	1	1	1	1	PSA 23:6
ਵਸਾਇਆ	19	19	15	20	GEN 47:11
ਵਸਾਈ	2	2	2	3	PRO 8:31
ਵਸਾਉਂਦਾ	3	3	1	3	PSA 4:8
ਵਸਾਉਣ	7	7	2	10	DEU 14:23
ਵਸਾਏ	2	2	2	2	EXO 1:21
ਵਸਾਵਾਂਗਾ	11	11	5	11	NUM 14:30
ਵਸਾਵੇਗਾ	1	1	1	1	ISA 14:1
ਵਸਾਵੇਗੀ	1	1	1	1	ISA 54:3
ਵਸਾਹ	1	1	1	1	JER 12:6
ਵਸੀ	1	1	1	0	AMO 8:8
ਵਸੀਅਤ	4	4	2	3	GAL 3:15
ਵਸੀਲਾ	2	2	2	2	ACT 9:15
ਵਸੀਲੇ	26	26	7	22	JOB 36:15
ਵਸੂਗਾ	1	1	1	0	JOB 18:15
ਵਸੇ	1	1	1	1	LEV 13:46
ਵਸੇਗਾ	1	1	1	0	DEU 33:1
ਵਸੇਗੀ	1	1	1	0	2PE 3:13
ਵਸੇਬਾ	8	8	6	4	LEV 13:46
ਵਸੇਬਿਆਂ	18	18	7	10	LEV 3:17
ਵਸੇਬੇ	12	12	5	13	EXO 12:40
ਵਸੇਰਾ	8	8	6	9	JOS 4:3
ਵਸੇਰੇ	1	1	1	0	2CO 5:2
ਵਸੋਂ	4	4	4	0	JOB 38:19
ਵਹਦੇ	1	1	1	0	LEV 6:2
ਵਹਰੇ	2	2	1	0	1SA 1:7
ਵਹਾ	14	14	7	16	JOB 14:19
ਵਹਾਇਆ	28	28	19	35	GEN 9:6
ਵਹਾਈ	1	1	1	0	ACT 10:45
ਵਹਾਉਂਦਾ	1	1	1	1	AMO 5:8
ਵਹਾਉਂਦੇ	2	2	1	2	EZK 22:9
ਵਹਾਉਣ	4	4	3	9	JER 22:17
ਵਹਾਉਣਗੀਆਂ	1	1	1	1	JER 14:17
ਵਹਾਏ	3	3	2	2	EZK 22:3
ਵਹਾਓ	2	2	1	2	JER 7:6
ਵਹਾਵਾਂਗਾ	8	8	5	8	ISA 44:3
ਵਹਾਵੇਗਾ	1	1	1	1	GEN 9:6
ਵਹਿ	3	3	3	2	PSA 58:7
ਵਹਿਣ	1	1	1	3	LEV 12:7
ਵਹਿਣਗੇ	1	1	1	0	JHN 7:38
ਵਹਿਮਾਂ	2	2	2	2	DAN 5:12
ਵਹਿਸ਼ੀ	2	2	2	2	JER 51:17
ਵਹਿੜ	3	3	3	1	GEN 15:9
ਵਹਿੜਕਿਆਂ	3	3	2	1	HOS 14:2
ਵਹਿੜਕੇ	2	2	2	2	HOS 12:11
ਵਹਿੜਾ	22	22	3	0	EXO 29:1
ਵਹਿੜਿਆਂ	9	9	2	10	NUM 8:12
ਵਹਿੜੀਆਂ	2	2	2	0	NUM 29:14
ਵਹਿੜੇ	34	34	5	28	EXO 29:3
ਵਹਿੰਦੇ	1	1	1	1	JOS 3:16
ਵਹੀ	1	1	1	0	PSA 56:8
ਵਹੁਟੀ	37	37	9	7	GEN 29:21
ਵਹੁਟੀਆ	1	1	1	0	RUT 1:4
ਵਹੁਟੀਆਂ	7	7	4	4	JDG 21:7
ਵਹੇ	1	1	1	1	1SA 26:20
ਵਹੇਗਾ	1	1	1	0	PRO 12:11
ਵਾ	4	4	2	0	JDG 3:20
ਵਾਂਗ	52	52	8	0	DAN 10:16
ਵਾਂਗਰ	61	61	16	5	GEN 19:28
ਵਾਂਗੁ	43	43	10	0	LEV 9:15
ਵਾਂਗੂ	4	4	2	0	NAM 1:6
ਵਾਂਘ	3	3	1	0	JER 26:9
ਵਾਂਙ	2	2	2	0	2SA 23:6
ਵਾਂਙੁ	837	837	41	0	GEN 2:18
ਵਾਂਙੂ	11	11	4	0	EZR 8:27
ਵਾਂਜੇ	1	1	1	1	EZK 46:18
ਵਾਂਝੁ	3	3	2	0	JOB 6:15
ਵਾਂਢੀ	1	1	1	0	PSA 21:3
ਵਾਂਢੇ	1	1	1	0	LEV 18:9
ਵਾਅਦਾ	8	8	2	23	JAS 1:12
ਵਾਇਦਾ	6	6	4	37	2CH 21:7
ਵਾਇਦਿਆਂ	3	3	1	4	HEB 6:12
ਵਾਇਦੇ	15	15	5	45	NEH 5:12
ਵਾਉ	5	5	4	0	GEN 8:1
ਵਾਕ	486	486	39	469	GEN 22:16
ਵਾਕਫ	2	2	2	0	2CH 8:18
ਵਾਕਫ਼	4	4	2	6	JHN 18:2
ਵਾਕਰ	4	4	3	0	LEV 22:13
ਵਾਕਾਂ	8	8	6	7	2CH 9:29
ਵਾਗ	2	2	2	1	PSA 32:9
ਵਾਗਾਂ	1	1	1	2	2KI 9:23
ਵਾਗੀਆਂ	1	1	1	0	1SA 21:7
ਵਾਙੁ	5	5	2	0	PSA 35:16
ਵਾਚ	43	43	7	5	1SA 10:13
ਵਾਚਣ	8	8	4	1	NUM 11:25
ਵਾਚਣਗੇ	1	1	1	0	1SA 10:5
ਵਾਚਦਾ	5	5	3	5	1KI 22:8
ਵਾਚਦਿਆਂ	1	1	1	0	1SA 10:11
ਵਾਚਦੀਆਂ	1	1	1	0	EZK 13:17
ਵਾਚਦੇ	19	19	6	13	NUM 11:27
ਵਾਚਾ	1	1	1	0	JER 26:12
ਵਾਚਿਆ	14	14	4	11	1SA 10:10
ਵਾਚੀ	2	2	2	0	1SA 19:23
ਵਾਚੀਂ	2	2	2	1	JER 25:30
ਵਾਚੇਂਗਾ	1	1	1	0	1SA 10:6
ਵਾਚੇਗਾ	6	6	4	5	1KI 22:18
ਵਾਚੋ	1	1	1	0	AMO 2:12
ਵਾਛੜ	8	8	4	6	EZR 10:9
ਵਾਜ਼ੀਰ	1	1	1	0	1CH 18:17
ਵਾਜਿਆਂ	11	11	4	21	2CH 23:13
ਵਾਜੇ	4	4	4	3	2SA 6:5
ਵਾਟ	4	4	3	1	PSA 55:7
ਵਾਢ	9	9	3	2	JDG 11:33
ਵਾਢਾ	2	2	2	2	PSA 129:7
ਵਾਢਿਆਂ	7	7	3	9	RUT 2:3
ਵਾਢੀ	27	27	13	32	GEN 30:14
ਵਾਢੀਆਂ	4	4	4	6	JDG 15:1
ਵਾਢੂ	1	1	1	1	PSA 69:4
ਵਾਢੇ	5	5	3	0	AMO 9:13
ਵਾਦ	2	2	1	0	ACT 15:2
ਵਾਦ-ਵਿਵਾਦ	1	1	1	12	1CO 11:16
ਵਾਦੀ	72	72	19	83	NUM 21:12
ਵਾਦੀਆਂ	14	14	6	15	NUM 21:14
ਵਾਦੇ	1	1	1	0	EPH 3:6
ਵਾਧਾ	38	38	17	40	EXO 26:13
ਵਾਧੂ	6	6	3	3	LEV 2:3
ਵਾਧੇ	20	20	13	23	GEN 16:10
ਵਾਪਰ	2	2	2	2	JHN 5:14
ਵਾਪਰਦਾ	1	1	1	2	1PE 3:14
ਵਾਪਰਦਿਆਂ	1	1	1	0	JHN 1:32
ਵਾਪਰਦੀ	1	1	1	2	1CO 7:15
ਵਾਪਰਦੀਆਂ	1	1	1	0	JAS 5:16
ਵਾਪਰਨ	8	8	6	2	EZK 33:33
ਵਾਪਰਨਗੀਆਂ	1	1	1	0	2TH 2:5
ਵਾਪਰਿਆ	10	10	4	7	JHN 2:17
ਵਾਪਰੀ	2	2	1	1	JHN 3:24
ਵਾਪਰੀਆਂ	3	3	2	1	1CO 10:6
ਵਾਪਰੇ	1	1	1	0	JHN 14:29
ਵਾਪਰੇਗਾ	8	8	5	0	JHN 12:32
ਵਾਪਸ	30	30	6	105	JHN 5:15
ਵਾਪਸੀ	1	1	1	18	1CO 16:11
ਵਾਪਿਸ	2	2	2	41	JHN 14:3
ਵਾਫਰ	7	7	4	0	EXO 36:3
ਵਾਫਰੀ	10	10	5	0	NUM 18:30
ਵਾਫ਼ਰ	10	10	7	5	DEU 28:47
ਵਾਫ਼ਰੀ	13	13	5	10	DEU 33:19
ਵਾਫ਼ਸੀ	1	1	1	1	NUM 13:14
ਵਾਰ	150	150	37	146	GEN 18:32
ਵਾਰਤਾ	37	37	10	7	1KI 11:41
ਵਾਰਤਾਂ	2	2	1	0	LUK 24:18
ਵਾਰਤਾਵਾ	1	1	1	0	2KI 10:30
ਵਾਰਦਾਤਾਂ	1	1	1	0	ISA 41:23
ਵਾਰਸ	21	21	10	0	GEN 21:10
ਵਾਰਿਸ	6	6	3	44	GEN 15:2
ਵਾਰੀ	111	111	32	147	GEN 18:29
ਵਾਰੀਂ	2	2	1	0	1SA 18:11
ਵਾਰੀਆਂ	7	7	3	7	NUM 22:28
ਵਾਰੀਦਾਰਾਂ	1	1	1	0	1CH 23:6
ਵਾਰੀਵਾਲਿਆਂ	1	1	1	0	2CH 23:8
ਵਾਰੋ	3	3	3	0	1SA 18:7
ਵਾਰੋਂ	2	2	1	0	2CH 3:4
ਵਾਰੋਵਾਰੀ	1	1	1	0	1CH 28:1
ਵਾਲ	50	50	17	0	LEV 13:3
ਵਾਲਾ	610	610	53	717	GEN 1:11
ਵਾਲਾਂ	17	17	11	20	RUT 3:12
ਵਾਲਿਆ	17	17	8	11	1KI 18:17
ਵਾਲਿਆਂ	345	345	52	405	GEN 1:24
ਵਾਲਿਓ	23	23	9	31	JDG 5:10
ਵਾਲਿਓਂ	1	1	1	0	LAM 1:12
ਵਾਲੀ	160	160	40	188	GEN 16:2
ਵਾਲੀਆ	1	1	1	0	PRO 30:25
ਵਾਲੀਆਂ	78	78	35	113	EXO 1:19
ਵਾਲੀਏ	1	1	1	2	JER 51:13
ਵਾਲੇ	748	748	63	1015	GEN 1:21
ਵਾਵਰੋਲਾ	2	2	2	2	PRO 10:25
ਵਾਵਰੋਲੇ	22	22	11	23	2KI 2:1
ਵਾਸ	21	21	16	21	GEN 10:30
ਵਾਸਣ	2	2	1	2	MIC 1:11
ਵਾਸਣੇ	5	5	3	5	ISA 12:6
ਵਾਸਤਵ	1	1	1	0	JHN 8:55
ਵਾਸਤਵਿਕ	1	1	1	1	JHN 12:45
ਵਾਸਤਾ	9	9	8	8	2KI 3:13
ਵਾਸਤੇ	50	50	14	19	GEN 24:48
ਵਾਸਨਾ	1	1	1	2	2CO 2:14
ਵਾਸਨਾਂ	1	1	1	0	ROM 1:26
ਵਾਸ਼ਨਾ	2	2	2	2	PSA 45:8
ਵਾਸਾ	1	1	1	0	JOS 19:47
ਵਾਸਾਂ	7	7	5	5	EXO 35:3
ਵਾਸੀ	69	69	24	83	EXO 15:15
ਵਾਸੀਆਂ	123	123	26	133	EXO 15:14
ਵਾਸੀਓ	16	16	5	18	PSA 49:1
ਵਾਸੇ	1	1	1	0	ZEP 2:6
ਵਾਹ	13	13	6	9	2SA 9:10
ਵਾਹਗੁਰੂ	2	2	1	0	HEB 1:3
ਵਾਹਣ	3	3	3	0	2KI 7:12
ਵਾਹਰਾ	1	1	1	0	2CH 18:6
ਵਾਹਵਾ	1	1	1	0	1KI 22:7
ਵਾਹਿਆ	3	3	3	3	PSA 129:3
ਵਾਹਿਯਾਤ	1	1	1	0	2SA 20:1
ਵਾਹੀ	9	9	7	11	GEN 2:15
ਵਾਹੀਂ	1	1	1	1	DEU 22:10
ਵਾਹੁਣ	4	4	4	4	GEN 2:5
ਵਾਹੁੰਦਾ	3	3	2	4	PRO 20:4
ਵਾਹੁੰਦਿਆਂ	1	1	1	1	1KI 19:19
ਵਾਹੁੰਦੇ	2	2	2	3	1CH 27:26
ਵਾਹੇ	3	3	3	3	GEN 3:23
ਵਾਹੇਗਾ	1	1	1	1	HOS 10:11
ਵਾਹੇਬ	1	1	1	1	NUM 21:14
ਵਾਹੋ	1	1	1	1	JER 4:3
ਵਾੜ	7	7	5	9	GEN 6:19
ਵਾੜਾ	1	1	1	1	ISA 65:10
ਵਾੜਾਂ	3	3	2	2	GEN 49:14
ਵਾੜਿਆ	2	2	2	1	1SA 14:27
ਵਾੜਿਆਂ	6	6	6	8	NUM 32:34
ਵਾੜੀ	8	8	6	6	EXO 23:11
ਵਾੜੀਆਂ	1	1	1	1	ECC 2:4
ਵਾੜੇ	9	9	7	11	NUM 32:16
ਵਿਅਕਤੀ	216	216	8	48	JHN 3:4
ਵਿਅਕਤੀਆਂ	2	2	1	1	1CO 7:29
ਵਿਅਰਥ	86	86	18	151	EXO 20:7
ਵਿਅਰਥਾਂ	4	4	2	0	ECC 1:2
ਵਿਅਸਥਾ	2	2	1	0	EZR 3:2
ਵਿਆਂਧੜ	1	1	1	0	JER 31:32
ਵਿਆਕਲ	1	1	1	0	1SA 24:5
ਵਿਆਕੁਲ	6	6	1	4	PSA 42:5
ਵਿਆਖਿਆ	10	10	4	10	JHN 4:25
ਵਿਆਗ	1	1	1	0	MRK 10:12
ਵਿਆਜ	8	8	2	11	LEV 25:36
ਵਿਆਪ	1	1	1	0	2CH 2:6
ਵਿਆਰਥ	1	1	1	0	MAL 1:10
ਵਿਆਹ	104	104	27	192	GEN 26:34
ਵਿਆਹਵਾਂਗਾ	1	1	1	1	1SA 18:21
ਵਿਆਹਵੀ	1	1	1	0	LEV 18:18
ਵਿਆਹਵੇ	4	4	1	0	LEV 20:14
ਵਿਆਹਿਆ	2	2	2	1	DEU 24:3
ਵਿਆਹੀ	13	13	9	14	GEN 20:3
ਵਿਆਹੀਆਂ	7	7	5	5	GEN 19:14
ਵਿਆਹੁਣ	4	4	3	5	GEN 34:4
ਵਿਆਹੁਣਾ	1	1	1	1	MAT 22:11
ਵਿਆਹੁਣੇ	1	1	1	0	MAT 22:12
ਵਿਆਹੇ	12	12	5	7	DEU 24:1
ਵਿਆਹੋ	2	2	1	2	JER 29:6
ਵਿਉਂਤ	3	3	1	0	JHN 1:13
ਵਿਉਂਤਾ	2	2	2	0	1CO 13:11
ਵਿਉਂਤਿਆ	1	1	1	0	1PE 2:8
ਵਿਉਂਤੀ	1	1	1	0	1CO 2:7
ਵਿਉਪਾਰੀ	1	1	1	0	2CH 1:17
ਵਿਉਹਾਰ	3	3	1	0	JDG 18:3
ਵਿਕ	3	3	2	0	LEV 25:39
ਵਿਕਣ	1	1	1	3	2KI 6:25
ਵਿਕਦਾ	3	3	3	2	MAT 26:9
ਵਿਕਦੀਆਂ	2	2	2	2	MAT 10:29
ਵਿਕਿਆ	1	1	1	1	ROM 7:14
ਵਿਕੀ	1	1	1	1	EZK 7:13
ਵਿਕੀਆ	1	1	1	0	ACT 4:34
ਵਿਖਦਾ	1	1	1	0	JHN 9:7
ਵਿਖਲਾਈ	3	3	1	0	EXO 16:10
ਵਿਖਲਾਓ	1	1	1	1	ISA 49:9
ਵਿਖਲਾਵੇ	1	1	1	0	MAT 23:5
ਵਿਖਾ	22	22	12	30	JDG 6:17
ਵਿਖਾਂਵਾ	1	1	1	0	REV 4:1
ਵਿਖਾਇਆ	38	38	18	40	GEN 41:32
ਵਿਖਾਈ	45	45	25	51	NUM 14:14
ਵਿਖਾਈਂ	2	2	2	1	EXO 33:18
ਵਿਖਾਈਆਂ	12	12	7	6	PSA 71:20
ਵਿਖਾਉਂਦਾ	10	10	9	14	EXO 25:9
ਵਿਖਾਉਂਦੇ	1	1	1	1	LUK 20:20
ਵਿਖਾਉਣ	9	9	6	10	2SA 2:14
ਵਿਖਾਉਣਗੇ	1	1	1	2	MAT 24:24
ਵਿਖਾਉਣਾ	4	4	3	4	JHN 7:4
ਵਿਖਾਏ	14	14	9	18	EXO 4:30
ਵਿਖਾਏਂਗਾ	4	4	1	0	PSA 18:25
ਵਿਖਾਓ	5	5	4	4	EXO 7:9
ਵਿਖਾਲ	4	4	3	2	GEN 48:11
ਵਿਖਾਲਣ	3	3	3	2	DEU 34:11
ਵਿਖਾਲਣਗੇ	1	1	1	0	MRK 13:22
ਵਿਖਾਲਦਾ	2	2	2	2	PSA 19:1
ਵਿਖਾਲਦੀਆਂ	2	2	2	1	ACT 9:39
ਵਿਖਾਲਿਆ	4	4	3	2	GEN 41:28
ਵਿਖਾਲੀ	7	7	4	0	GEN 35:1
ਵਿਖਾਲੀਆਂ	1	1	1	0	ACT 2:22
ਵਿਖਾਲੇ	4	4	4	1	DEU 6:22
ਵਿਖਾਲੇਗਾ	3	3	2	1	JOS 3:5
ਵਿਖਾਵਾ	1	1	1	1	GAL 6:12
ਵਿਖਾਵਾਂ	6	6	4	6	EXO 10:1
ਵਿਖਾਵਾਂਗਾ	16	16	13	19	GEN 12:1
ਵਿਖਾਵਾਂਗੀ	1	1	1	1	JDG 4:22
ਵਿਖਾਵੇ	16	16	15	18	GEN 46:28
ਵਿਖਾਵੇਂਗਾ	6	6	3	12	EXO 4:17
ਵਿਖਾਵੇਗਾ	9	9	6	8	NUM 23:3
ਵਿਖਿਆ	1	1	1	0	ACT 5:7
ਵਿਖੇ	332	332	44	235	GEN 3:17
ਵਿਗਾਰੇ	3	3	2	0	MAT 5:41
ਵਿਗਾੜ	29	29	15	27	LEV 19:27
ਵਿਗਾੜਦਾ	3	3	2	4	JOB 8:3
ਵਿਗਾੜਦੀ	1	1	1	0	ECC 7:7
ਵਿਗਾੜਦੀਆਂ	1	1	1	1	1SA 6:5
ਵਿਗਾੜਦੇ	2	2	2	3	MAT 6:16
ਵਿਗਾੜਨ	1	1	1	1	DAN 11:31
ਵਿਗਾੜਨਾ	1	1	1	2	GAL 1:7
ਵਿਗਾੜਿਆ	5	5	5	7	ZEP 3:7
ਵਿਗਾੜਿਓ	1	1	1	1	DEU 16:19
ਵਿਗਾੜੇ	2	2	2	2	DEU 27:19
ਵਿਗਾੜੋ	1	1	1	1	2JN 1:8
ਵਿਗੜ	10	10	6	10	DEU 4:16
ਵਿਗੜਦਾ	2	2	1	0	MAT 6:19
ਵਿਗੜਦੀ	1	1	1	1	EPH 4:22
ਵਿਗੜਨਾ	1	1	1	0	LAM 3:36
ਵਿਗੜਿਆ	2	2	2	2	ISA 52:14
ਵਿਗੜੀ	3	3	3	4	DEU 24:17
ਵਿਗੜੀਆਂ	2	2	2	2	PRO 2:15
ਵਿਗੜੇਗਾ	1	1	1	1	DAN 11:32
ਵਿਚ	23	23	15	11	EXO 30:10
ਵਿਚਕਰ	1	1	1	0	DAN 7:15
ਵਿਚਕਾਰ	200	200	34	333	GEN 1:6
ਵਿਚਕਾਰਲੀ	1	1	1	1	EZK 42:6
ਵਿਚਕਾਰਲੀਆਂ	1	1	1	1	EZK 41:7
ਵਿਚਕਾਰਲੇ	1	1	1	5	EZK 15:4
ਵਿਚਕਾਰੋ	1	1	1	0	JER 51:6
ਵਿਚਕਾਰੋਂ	15	15	8	16	EXO 15:19
ਵਿਚਲ	1	1	1	0	PSA 35:12
ਵਿਚਲਾ	2	2	2	2	EXO 26:28
ਵਿਚਲੀ	9	9	5	7	GEN 23:20
ਵਿਚਲੀਆਂ	2	2	2	1	HEB 9:23
ਵਿਚਲੇ	8	8	5	5	DEU 1:16
ਵਿਚਲੇਗਾ	1	1	1	0	MRK 16:18
ਵਿਚਾਰ	53	53	21	87	EXO 31:4
ਵਿਚਾਰਦੇ	1	1	1	0	ROM 3:28
ਵਿਚਾਰਨ	1	1	1	1	PSA 105:45
ਵਿਚਾਰਾ	1	1	1	1	NUM 16:11
ਵਿਚਾਰਾਂ	12	12	7	13	GEN 6:5
ਵਿਚਾਰਿਆ	1	1	1	1	1SA 20:26
ਵਿਚਾਰੀ	1	1	1	0	ECC 2:3
ਵਿਚਾਰੇ	1	1	1	3	PRO 20:25
ਵਿਚਾਰੋ	3	3	3	2	JDG 18:14
ਵਿਚਾਲਿਓਂ	3	3	1	3	EZK 1:4
ਵਿਚਾਲੇ	33	33	14	22	DEU 1:1
ਵਿਚੋ	6	6	3	0	DEU 23:13
ਵਿਚੋਂ	249	249	17	0	LEV 6:18
ਵਿਚੋਲਾ	6	6	4	7	ISA 59:16
ਵਿਚੋਲੇ	2	2	2	2	ISA 57:9
ਵਿਚੱਕਾਰ	1	1	1	0	RUT 2:7
ਵਿਛ	1	1	1	0	JDG 7:13
ਵਿਛਾ	6	6	6	6	DEU 22:17
ਵਿਛਾਇਆ	6	6	5	5	PSA 31:4
ਵਿਛਾਉਂਦਾ	2	2	2	2	JOB 26:9
ਵਿਛਾਉਂਦੇ	3	3	2	4	ISA 19:8
ਵਿਛਾਉਣ	7	7	2	7	NUM 4:6
ਵਿਛਾਉਣਾ	3	3	3	4	PRO 1:17
ਵਿਛਾਉਣਿਆਂ	3	3	3	3	PSA 149:5
ਵਿਛਾਉਣੇ	5	5	2	13	PSA 6:6
ਵਿਛਾਉਦਾ	1	1	1	0	PSA 23:5
ਵਿਛਾਏ	5	5	5	6	2KI 9:13
ਵਿਛਾਵਾਂ	2	2	2	2	JOB 17:13
ਵਿਛਾਵਾਂਗਾ	3	3	2	2	EZK 17:20
ਵਿਛਾਵੇ	1	1	1	0	ISA 58:5
ਵਿਛਾਵੇਂਗਾ	1	1	1	1	PSA 41:3
ਵਿਛੁਉਣੇ	1	1	1	0	PRO 7:16
ਵਿਛੋੜ	1	1	1	0	1CH 12:8
ਵਿਛੌਣੇ	1	1	1	1	REV 2:22
ਵਿਛੜੇ	1	1	1	2	2CO 5:6
ਵਿਤ	4	4	3	0	NEH 5:8
ਵਿਤੋਂ	2	2	1	0	2CO 1:8
ਵਿਥਿਆ	6	6	5	1	MAT 8:33
ਵਿਦਵਾਨ	2	2	2	14	ACT 4:13
ਵਿਦਾ	7	7	3	34	JDG 19:10
ਵਿਦਾਏਗੀ	1	1	1	0	MIC 1:14
ਵਿਦਿਆ	61	61	17	29	GEN 24:59
ਵਿਦਿਆਵਾਨ	1	1	1	0	DAN 1:4
ਵਿਦ੍ਰੋਹ	1	1	1	0	2TH 2:3
ਵਿਧਵਾ	45	45	15	74	EXO 22:22
ਵਿਧਵਾਂ	17	17	8	11	JOB 22:9
ਵਿਧਵਾਵਾਂ	2	2	2	12	1CO 7:8
ਵਿਧੀਆਂ	4	4	3	2	2SA 22:23
ਵਿਨਾਸ	5	5	1	0	PRO 10:14
ਵਿਭਚਾਰ	24	24	3	114	JER 13:27
ਵਿਭਚਾਰਣ	2	2	1	4	HOS 3:0
ਵਿਭਚਾਰਨ	6	6	3	6	PRO 30:20
ਵਿਭਚਾਰਨਾਂ	1	1	1	2	EZK 23:3
ਵਿਭਚਾਰਾਂ	2	2	1	1	EZK 16:22
ਵਿਭਚਾਰੀ	4	4	3	16	2CH 21:11
ਵਿਭਚਾਰੀਆਂ	3	3	3	5	PSA 50:18
ਵਿਰ	1	1	1	0	HAB 3:2
ਵਿਰਤਾਂਤ	3	3	3	3	1KI 11:41
ਵਿਰਥਾ	2	2	2	0	MAT 15:9
ਵਿਰਥਾਪੁਣੇ	1	1	1	0	EPH 4:17
ਵਿਰਥੀ	1	1	1	1	PSA 101:3
ਵਿਰਥੀਆਂ	1	1	1	0	ACT 14:15
ਵਿਰਲਾਪ	24	24	12	76	GEN 50:10
ਵਿਰਲੇ	2	2	2	0	MAT 7:14
ਵਿਰਸਾ	13	13	8	6	NUM 18:20
ਵਿਰਸੇ	19	19	11	15	GEN 28:4
ਵਿਰਹਾਂ	1	1	1	0	ACT 7:36
ਵਿਰਾਜਣ	2	2	2	0	2KI 19:15
ਵਿਰਾਨ	78	78	11	102	PSA 79:7
ਵਿਰਾਨਾ	7	7	3	1	ISA 64:10
ਵਿਰਾਨਾਂ	1	1	1	1	EZK 36:36
ਵਿਰਾਨਿਆਂ	5	5	2	3	EZR 9:9
ਵਿਰਾਨਿਓ	1	1	1	0	ISA 52:9
ਵਿਰਾਨੀ	10	10	6	7	2CH 36:21
ਵਿਰਾਨੀਆਂ	2	2	1	2	EZK 26:20
ਵਿਰਾਨੇ	2	2	2	1	PSA 102:6
ਵਿਰਾਸਤ	3	3	2	71	JOS 1:15
ਵਿਰੁਧ	5	5	3	0	PSA 31:18
ਵਿਰੁੱਦ	1	1	1	0	LAM 3:3
ਵਿਰੁੱਧ	628	628	53	775	GEN 4:8
ਵਿਰੋਧ	17	17	11	62	LEV 26:23
ਵਿਰੋਧਤਾ	5	5	2	5	EZK 16:37
ਵਿਰੋਧਤਾਈਆਂ	1	1	1	0	1TI 6:20
ਵਿਰੋਧਿਆਂ	1	1	1	0	2SA 22:40
ਵਿਰੋਧੀ	68	68	19	83	EXO 23:22
ਵਿਰੋਧੀਆ	2	2	1	0	PSA 8:2
ਵਿਰੋਧੀਆਂ	51	51	14	51	EXO 15:7
ਵਿਰੱਧ	1	1	1	0	ZEP 2:5
ਵਿਲਕ	2	2	1	0	ISA 22:4
ਵਿਲਕਣਗੇ	1	1	1	0	ZEC 12:10
ਵਿਲਕਣਾ	1	1	1	1	JER 25:36
ਵਿਲਕਦਾ	1	1	1	0	ZEC 12:10
ਵਿਲਕਦੇ	1	1	1	1	ISA 33:7
ਵਿਲਕੋ	1	1	1	1	JER 25:34
ਵਿਲਾਸ	1	1	1	0	2PE 2:14
ਵਿਵਸਥਾ	7	7	1	0	LEV 6:9
ਵਿਵਾਦ	3	3	3	16	ROM 9:20
ਵਿਵਾਦਾਂ	2	2	2	1	1CO 6:1
ਵਿਸ	2	2	2	1	JOB 6:4
ਵਿਸਤਾਰ	1	1	1	2	JOB 38:18
ਵਿਸਮ	2	2	1	0	JOB 14:5
ਵਿਸਮਤ	1	1	1	0	JHN 4:9
ਵਿਸਰਦਾ	1	1	1	0	PSA 44:24
ਵਿਸਰਾਂਗਾ	1	1	1	1	PSA 119:16
ਵਿਸਰਾਮ	24	24	12	0	GEN 49:15
ਵਿਸਰੀ	1	1	1	1	LUK 12:6
ਵਿਸਰੀਏ	1	1	1	0	ISA 23:16
ਵਿਸਰੇ	1	1	1	1	PSA 9:18
ਵਿਸਵਾਸ	1	1	1	0	JOB 19:10
ਵਿਸ਼	1	1	1	0	GAL 3:9
ਵਿਸ਼ਟੇ	3	3	2	1	ISA 28:8
ਵਿਸ਼ਰਾਮ	7	7	2	29	LEV 16:31
ਵਿਸ਼ਵਾਸ	136	136	13	571	2CH 20:20
ਵਿਸ਼ਵਾਸੀ	3	3	3	17	PSA 32:10
ਵਿਸ਼ਿਆਂ	7	7	4	8	ROM 1:24
ਵਿਸ਼ੇ	1	1	1	8	2CH 36:22
ਵਿਸ਼ੇਸ਼	2	2	2	6	JHN 5:1
ਵਿਸਾਧ	1	1	1	0	HAB 3:16
ਵਿਸਾਰ	15	15	9	15	DEU 32:18
ਵਿਸਾਰਦੇ	1	1	1	1	PSA 50:22
ਵਿਸਾਰਾਂਗਾ	1	1	1	1	GEN 28:15
ਵਿਸਾਰਿਆ	11	11	6	6	JOS 22:3
ਵਿਸਾਰੇ	1	1	1	0	ECC 8:10
ਵਿਸਾਹ	1	1	1	0	PRO 25:19
ਵਿਹਕੁ	1	1	1	0	ACT 1:15
ਵਿਹਲ	5	5	5	2	JDG 11:38
ਵਿਹਲਿਆਂ	2	2	1	2	HEB 4:4
ਵਿਹਲੇ	1	1	1	4	EXO 21:19
ਵਿਹਾਜ	3	3	1	0	GEN 42:2
ਵਿਹਾਜਣ	10	10	1	0	GEN 41:57
ਵਿਹਾਝੀ	1	1	1	1	EXO 15:16
ਵਿਹਾਰ	11	11	8	18	1KI 12:16
ਵਿਹਾਰਾਂ	2	2	2	2	DAN 2:49
ਵਿਹੁ	3	3	2	2	JER 8:14
ਵਿਹੜਾ	1	1	1	7	2CH 4:9
ਵਿਹੜਿਆਂ	2	2	1	7	1CH 23:28
ਵਿਹੜੇ	15	15	9	67	EXO 38:31
ਵਿੰਗ	1	1	1	0	LUK 3:5
ਵਿੰਗਾ	8	8	6	4	PSA 146:9
ਵਿੰਗਿਆਂ	1	1	1	1	ISA 42:16
ਵਿੰਗੀ	3	3	2	1	PRO 10:9
ਵਿੰਗੇ	4	4	4	1	PSA 78:57
ਵਿੰਨ	3	3	3	0	NUM 24:8
ਵਿੰਨਣ	2	2	2	0	1SA 31:4
ਵਿੰਨਾਂ	2	2	1	0	1SA 19:10
ਵਿੰਨਾਂਗਾ	1	1	1	0	1SA 18:11
ਵਿੰਨਿਆਂ	1	1	1	0	HAB 3:14
ਵਿੰਨੇ	1	1	1	2	PRO 7:23
ਵਿੰਨ੍ਹ	15	15	10	20	NUM 25:8
ਵਿੰਨ੍ਹਦੀਆਂ	1	1	1	1	PRO 12:18
ਵਿੰਨ੍ਹਿਆ	7	7	6	7	EXO 19:13
ਵਿੰਨ੍ਹੇ	3	3	3	3	EXO 21:6
ਵਿੰਨ੍ਹੇਗਾ	1	1	1	0	NUM 24:17
ਵਿੱਕ	1	1	1	1	2KI 17:17
ਵਿੱਖੇ	2	2	1	0	2CH 6:20
ਵਿੱਚ	12176	12176	66	13015	GEN 1:1
ਵਿੱਚਆਪਣੇ	1	1	1	0	1CH 13:2
ਵਿੱਚਕਰ	1	1	1	0	JOS 4:10
ਵਿੱਚਕਾਰ	42	42	10	21	DEU 11:18
ਵਿੱਚਕਾਰਲੀ	2	2	2	2	1KI 6:6
ਵਿੱਚਕਾਰਲੇ	2	2	2	0	JDG 16:29
ਵਿੱਚਕਾਰੋਂ	4	4	4	3	JOS 4:3
ਵਿੱਚਮੈਂ	1	1	1	0	HOS 6:10
ਵਿੱਚਲਾ	2	2	2	0	EXO 36:33
ਵਿੱਚਲਿਆਂ	1	1	1	0	ACT 16:4
ਵਿੱਚਲੀ	14	14	2	13	1KI 6:8
ਵਿੱਚਲੀਆਂ	1	1	1	0	GEN 30:40
ਵਿੱਚਾਲੇ	1	1	1	0	NEH 3:32
ਵਿੱਚੀ	5	5	3	2	ROM 1:24
ਵਿੱਚੀਂ	3	3	3	1	LUK 8:25
ਵਿੱਚੇ	5	5	4	2	JDG 20:42
ਵਿੱਚੋ	30	30	12	0	LEV 11:2
ਵਿੱਚੋਂ	2240	2240	62	2745	GEN 2:21
ਵਿੱਚੋਂ-ਅਦਨਾ	1	1	1	0	EZR 10:30
ਵਿੱਚੋਂ-ਅਲਯੋਏਨਈ	1	1	1	0	EZR 10:27
ਵਿੱਚੋਂ-ਅਲੀਅਜ਼ਰ	1	1	1	0	EZR 10:31
ਵਿੱਚੋਂ-ਮਅਸ਼ੇਯਾਹ	1	1	1	0	EZR 10:21
ਵਿੱਚੋਂ-ਮਤਨਈ	1	1	1	0	EZR 10:33
ਵਿੱਚੋਂ-ਮੱਸ਼ੁਮਾਲ	1	1	1	0	EZR 10:29
ਵਿੱਚੋਂ-ਯੋਜ਼ਾਬਾਦ	1	1	1	0	EZR 10:23
ਵਿੱਚੋਂ-ਰਮਯਾਹ	1	1	1	0	EZR 10:25
ਵਿੱਚੋਂ-ਸ਼ੁੱਮਲ	1	1	1	0	EZR 10:24
ਵਿੱਛਿਆ	1	1	1	0	LUK 22:12
ਵਿੱਛੜ	1	1	1	1	PSA 88:5
ਵਿੱਠ	1	1	1	1	2KI 6:25
ਵਿੱਤ	3	3	3	3	DEU 16:17
ਵਿੱਥ	11	11	7	2	JOS 3:4
ਵਿੱਦਿਆ	14	14	9	11	EXO 31:3
ਵਿੱਧਵਾ	11	11	5	0	1KI 11:26
ਵਿੱਧਵਾਂ	1	1	1	0	JER 15:8
ਵਿੱਰੁਧ	3	3	3	0	JOB 6:4
ਵਿੱਸ	5	5	3	4	DEU 32:33
ਵਿੱਸਰ	12	12	5	0	NUM 35:11
ਵੀ	2541	2541	66	3473	GEN 1:16
ਵੀਜ਼ਾਥਾ	1	1	1	1	EST 9:9
ਵੀਰ	3	3	3	1	JDG 5:30
ਵੀਰਾਨ	10	10	6	0	JER 51:55
ਵੀਰਾਨੀ	1	1	1	0	LAM 5:18
ਵੀਵਾਂ	2	2	1	0	1CH 24:16
ਵੀਹ	115	115	23	136	GEN 6:3
ਵੀਹਕੁ	1	1	1	0	1SA 14:14
ਵੀਹਵੇਂ	6	6	4	6	NUM 10:11
ਵੀਹਾਂ	17	17	10	7	GEN 18:31
ਵੇ	7	7	7	3	1SA 16:18
ਵੇਂਹਦਾ	1	1	1	0	JOB 41:34
ਵੇਖ	761	761	45	744	GEN 4:14
ਵੇਖਕੇ	5	5	3	0	GEN 9:16
ਵੇਖਣ	167	167	35	155	GEN 2:9
ਵੇਖਣਗੀਆਂ	16	16	10	17	2KI 22:20
ਵੇਖਣਗੇ	41	41	20	44	GEN 12:12
ਵੇਖਣਹਾਰ	1	1	1	1	GEN 16:13
ਵੇਖਣਾ	12	12	9	12	GEN 33:10
ਵੇਖਣੀ	1	1	1	1	MAT 12:38
ਵੇਖਣੇ	1	1	1	1	LEV 19:26
ਵੇਖਣੋਂ	1	1	1	1	JOB 7:19
ਵੇਖਦਾ	123	123	25	114	GEN 13:15
ਵੇਖਦਾਂ	1	1	1	0	EZK 40:24
ਵੇਖਦਿਆਂ	50	50	17	51	EXO 4:30
ਵੇਖਦੀ	8	8	4	7	GEN 16:13
ਵੇਖਦੀਆਂ	6	6	6	9	GEN 45:12
ਵੇਖਦੇ	80	80	24	85	GEN 18:2
ਵੇਖਾ	1	1	1	0	PSA 132:6
ਵੇਖਾਂ	18	18	14	20	GEN 44:21
ਵੇਖਾਂਗਾ	16	16	9	16	GEN 18:21
ਵੇਖਾਂਗੀ	1	1	1	2	REV 18:7
ਵੇਖਾਂਗੇ	4	4	3	6	PSA 36:9
ਵੇਖਾਵੇਂਗਾ	1	1	1	0	MIC 7:20
ਵੇਖਿਆ	447	447	44	686	GEN 3:6
ਵੇਖੀ	42	42	20	38	GEN 31:42
ਵੇਖੀਂ	5	5	5	5	GEN 19:17
ਵੇਖੀਆਂ	19	19	11	18	GEN 41:19
ਵੇਖੀਏ	20	20	13	14	GEN 37:20
ਵੇਖੂ	1	1	1	0	JOB 34:29
ਵੇਖੂਗਾ	2	2	2	0	JOB 33:26
ਵੇਖੂਗੀ	2	2	1	0	JOB 24:15
ਵੇਖੇ	107	107	27	94	GEN 2:19
ਵੇਖੇਂ	11	11	7	12	EXO 23:4
ਵੇਖੇਂਗਾ	22	22	12	21	EXO 6:1
ਵੇਖੇਂਗੀ	2	2	2	2	ISA 60:5
ਵੇਖੇਗਾ	29	29	13	30	GEN 44:31
ਵੇਖੇਗੀ	5	5	3	5	JOB 7:7
ਵੇਖੋ	899	899	50	870	GEN 1:29
ਵੇਖੋਂਗੇ	11	11	1	0	JHN 1:51
ਵੇਖੋਗੀਆਂ	1	1	1	1	EZK 13:23
ਵੇਖੋਗੇ	28	28	11	40	GEN 43:3
ਵੇਗ	1	1	1	1	JER 2:24
ਵੇਗਾਰ	1	1	1	0	JOS 16:10
ਵੇਚ	45	45	20	41	GEN 31:15
ਵੇਚਕੇ	1	1	1	0	JHN 12:5
ਵੇਚਣ	17	17	8	15	LEV 25:27
ਵੇਚਣਗੇ	1	1	1	1	JOL 3:8
ਵੇਚਦਾ	3	3	3	4	GEN 42:6
ਵੇਚਦੀ	3	3	3	2	RUT 4:3
ਵੇਚਦੇ	7	7	6	7	NEH 13:16
ਵੇਚਾਂਗਾ	2	2	2	2	EZK 30:12
ਵੇਚਿਆ	12	12	8	14	GEN 41:56
ਵੇਚੀ	9	9	5	8	GEN 47:22
ਵੇਚੀਂ	3	3	2	3	DEU 2:28
ਵੇਚੀਏ	2	2	1	2	AMO 8:5
ਵੇਚੇ	8	8	5	13	EXO 21:7
ਵੇਚੇਂ	1	1	1	0	LEV 25:14
ਵੇਚੋਗੇ	1	1	1	2	DEU 28:68
ਵੇਦੀ	2	2	2	14	LUK 1:11
ਵੇਰ	10	10	3	0	JOS 6:3
ਵੇਰਵਾ	2	2	2	2	EXO 9:4
ਵੇਰਾਂ	1	1	1	0	PHP 4:16
ਵੇਰੀ	13	13	4	0	LEV 8:11
ਵੇਰੇ	1	1	1	0	DEU 33:29
ਵੇਰ੍ਹੇ	1	1	1	0	LEV 25:21
ਵੇਲ	13	13	9	25	GEN 40:9
ਵੇਲਣੇ	2	2	2	0	JDG 7:25
ਵੇਲਾ	88	88	29	58	GEN 29:7
ਵੇਲਾਂ	3	3	3	7	ISA 7:23
ਵੇਲਿਆਂ	3	3	3	2	LEV 23:4
ਵੇਲਿਓਂ	3	3	1	0	MAT 4:17
ਵੇਲੇ	615	615	51	532	GEN 3:8
ਵੇਸਵਾਂ	1	1	1	2	HOS 4:14
ਵੇਸ਼ਵਾ	3	3	2	4	1CO 6:15
ਵੇਹਲ	2	2	1	0	1SA 11:3
ਵੇਹਲਾ	9	9	4	0	GEN 2:2
ਵੇਹਲਿਆਂ	1	1	1	0	LEV 25:5
ਵੇਹਲੀ	1	1	1	0	EXO 23:11
ਵੇਹਲੀਆਂ	2	2	2	0	LEV 26:22
ਵੇਹਲੇ	5	5	4	0	EXO 5:8
ਵੇਹੜਾ	4	4	2	8	ISA 34:13
ਵੇਹੜਿਆਂ	6	6	5	6	EXO 8:13
ਵੇਹੜੇ	74	74	9	57	2CH 20:5
ਵੈਣ	21	21	5	16	2SA 1:17
ਵੈਣਾਂ	1	1	1	0	AMO 8:10
ਵੈਦ	3	3	3	5	JOB 13:4
ਵੈਦਾਂ	3	3	2	3	GEN 50:2
ਵੈਰ	93	93	24	101	GEN 3:15
ਵੈਰਨ	1	1	1	1	MIC 7:10
ਵੈਰਨਾਂ	1	1	1	0	EZK 16:27
ਵੈਰਿਆਂ	1	1	1	0	2CH 25:8
ਵੈਰੀ	152	152	32	167	EXO 15:6
ਵੈਰੀਆ	2	2	1	0	PSA 9:13
ਵੈਰੀਆਂ	206	206	33	237	GEN 14:20
ਵੈਲੀ	1	1	1	0	PSA 6:10
ਵੈਸੀ	1	1	1	0	EZK 18:4
ਵੜ	58	58	20	44	EXO 33:8
ਵੜਦਾ	3	3	3	5	MRK 6:56
ਵੜਦਿਆਂ	2	2	2	2	MAT 10:12
ਵੜਦੇ	12	12	9	10	JDG 19:12
ਵੜਨ	24	24	16	21	GEN 12:11
ਵੜਨਗੀਆਂ	1	1	1	1	PSA 45:15
ਵੜਨਗੇ	17	17	9	16	DEU 1:39
ਵੜਨਾ	18	18	6	14	OBA 1:13
ਵੜਾਂ	1	1	1	1	JER 14:18
ਵੜਾਂਗੇ	2	2	1	1	NUM 21:22
ਵੜਿਆ	25	25	16	15	GEN 19:23
ਵੜਿਆਂ	2	2	1	0	PSA 50:9
ਵੜੀ	2	2	2	2	RUT 2:3
ਵੜੀਂ	2	2	2	2	DEU 24:10
ਵੜੀਆਂ	3	3	3	3	RUT 1:19
ਵੜੀਏ	3	3	3	2	2KI 7:4
ਵੜੇ	55	55	21	39	GEN 7:13
ਵੜੇਂ	1	1	1	0	1SA 10:5
ਵੜੇਂਗਾ	6	6	4	3	DEU 1:37
ਵੜੇਗਾ	16	16	11	14	NUM 20:24
ਵੜੋ	10	10	8	7	GEN 45:17
ਵੜੋਗੇ	6	6	5	2	NUM 14:30
ਵੰਗ	1	1	1	0	2TH 3:15
ਵੰਗਾਰ	1	1	1	0	1SA 17:52
ਵੰਗਾਰਦਾ	1	1	1	0	1SA 17:20
ਵੰਗਾਰਿਆ	3	3	2	0	JDG 18:23
ਵੰਜਲੀ	1	1	1	2	REV 18:22
ਵੰਜਿਆ	1	1	1	0	HEB 12:15
ਵੰਝ	1	1	1	0	JON 1:13
ਵੰਝਲੀਆਂ	1	1	1	1	1KI 1:40
ਵੰਡ	62	62	27	73	GEN 33:1
ਵੰਡਣ	13	13	10	14	LEV 7:10
ਵੰਡਣਗੇ	2	2	2	2	JOB 41:6
ਵੰਡਣਾ	1	1	1	3	NEH 13:13
ਵੰਡਦਾ	3	3	3	3	JOB 21:17
ਵੰਡਦੀ	1	1	1	1	PSA 68:12
ਵੰਡਦੇ	1	1	1	1	JDG 5:30
ਵੰਡਾਂ	5	5	4	0	1SA 17:44
ਵੰਡਾਂਗਾ	2	2	2	1	EXO 15:9
ਵੰਡਾਉਣ	1	1	1	1	JOB 2:11
ਵੰਡਿਆ	9	9	7	15	GEN 2:10
ਵੰਡੀ	11	11	9	10	GEN 10:25
ਵੰਡੀਆਂ	3	3	2	6	JOS 13:32
ਵੰਡੇ	7	7	6	9	GEN 10:5
ਵੰਡੇਂ	1	1	1	1	ISA 49:8
ਵੰਡੇਗਾ	4	4	3	4	GEN 49:27
ਵੰਡੋ	1	1	1	1	EZK 45:1
ਵੰਡੋਗੇ	2	2	1	2	EZK 47:13
ਵੰਤਿਆਂ	1	1	1	0	NEH 3:5
ਵੰਤੀ	1	1	1	0	DEU 21:11
ਵੰਤੀਆਂ	1	1	1	0	AMO 1:13
ਵੰਦ	1	1	1	0	EZK 16:49
ਵੰਸ	193	193	26	0	GEN 4:25
ਵੰਸ਼	3	3	2	181	LEV 20:2
ਵੰਸਾਉਲੀ	12	12	1	0	NUM 1:20
ਵੰਸਾਓਲੀਆਂ	1	1	1	0	EZR 2:62
ਵੰਸਾਓਲੀਵਾਲੀਆਂ	1	1	1	0	NEH 7:64
ਵੰਸਿਓ	1	1	1	0	PSA 105:6
ਵੰਸੀ	6	6	4	0	JDG 19:22
ਵੰਸੀਆ	1	1	1	0	PSA 33:13
ਵੰਸੀਆਂ	18	18	6	0	JDG 20:13
ਵੰਸੀਓ	1	1	1	0	PSA 90:3
ਵੱਖ	16	16	10	11	LEV 1:17
ਵੱਖ-ਵੱਖ	5	5	1	11	1CO 1:13
ਵੱਖਰਾ	39	39	23	48	GEN 1:4
ਵੱਖਰਿਆਂ	2	2	1	1	GEN 1:6
ਵੱਖਰੀ	34	34	8	28	GEN 43:32
ਵੱਖਰੀਆਂ	12	12	7	6	GEN 21:28
ਵੱਖਰੇ	26	26	12	20	GEN 32:16
ਵੱਖੀ	4	4	3	9	2SA 2:16
ਵੱਖੀਆਂ	7	7	3	2	LEV 3:4
ਵੱਖੋ	15	15	10	0	LEV 1:17
ਵੱਖੋ-ਵੱਖਰੀਆਂ	6	6	1	2	1CO 14:5
ਵੱਗ	30	30	14	16	GEN 32:16
ਵੱਗਣ	1	1	1	0	ACT 27:13
ਵੱਗਣਗੀਆਂ	1	1	1	1	JER 51:44
ਵੱਗਦਾ	3	3	3	2	EXO 3:8
ਵੱਗਦੀ	2	2	2	0	EZR 8:15
ਵੱਗਦੇ	2	2	2	3	LEV 14:6
ਵੱਗਾਂ	18	18	11	15	GEN 32:16
ਵੱਗਿਆ	1	1	1	1	1KI 18:35
ਵੱਗੇਗਾ	1	1	1	0	JOL 3:18
ਵੱਗੇਗੀ	3	3	2	2	JER 4:11
ਵੱਛਾ	24	24	12	31	GEN 18:7
ਵੱਛਿਆਂ	8	8	7	12	1SA 15:9
ਵੱਛੀ	8	8	5	13	DEU 21:3
ਵੱਛੀਆਂ	3	3	2	3	1SA 6:7
ਵੱਛੇ	23	23	12	26	LEV 9:8
ਵੱਜ	2	2	2	1	1SA 10:12
ਵੱਜਣ	2	2	2	2	2CH 26:15
ਵੱਜਦੀ	1	1	1	1	JOB 39:25
ਵੱਜਿਆ	1	1	1	0	LUK 11:7
ਵੱਜੀ	1	1	1	1	REV 13:14
ਵੱਜੇ	1	1	1	1	JDG 3:24
ਵੱਟ	12	12	8	14	NUM 30:14
ਵੱਟਣਾ	7	7	2	5	MAT 8:12
ਵੱਟਾ	64	64	23	21	EXO 21:8
ਵੱਟਾਂ	1	1	1	1	PSA 65:10
ਵੱਟਿਆ	4	4	3	1	LEV 13:55
ਵੱਟਿਆਂ	8	8	4	4	EXO 19:13
ਵੱਟੀ	2	2	2	0	DEU 32:5
ਵੱਟੇ	55	55	16	29	EXO 17:4
ਵੱਡ	15	15	8	3	DEU 13:15
ਵੱਡਣ	4	4	3	0	LEV 23:22
ਵੱਡਣਗੇ	1	1	1	0	PSA 126:5
ਵੱਡਦੇ	1	1	1	0	NUM 14:45
ਵੱਡਮੁੱਲਾ	1	1	1	1	EZK 28:13
ਵੱਡਮੁੱਲੇ	1	1	1	1	EZK 27:22
ਵੱਡਾ	375	375	51	360	GEN 10:12
ਵੱਡਾਪਣ	1	1	1	0	EPH 1:19
ਵੱਡਿਆ	3	3	2	2	JON 3:5
ਵੱਡਿਆਂ	27	27	19	17	EXO 7:4
ਵੱਡਿਆਈ	6	6	2	0	1CH 16:35
ਵੱਡੀ	360	360	46	405	GEN 1:16
ਵੱਡੀਆਂ	47	47	23	35	GEN 1:16
ਵੱਡੇ	357	357	46	274	GEN 1:21
ਵੱਢ	231	231	34	204	GEN 4:14
ਵੱਢਕੇ	1	1	1	0	EST 9:12
ਵੱਢਣ	38	38	21	37	GEN 4:22
ਵੱਢਣਗੇ	2	2	2	4	JER 22:7
ਵੱਢਣਾ	2	2	2	4	LEV 25:11
ਵੱਢਦਾ	7	7	7	5	JDG 8:19
ਵੱਢਦਿਆਂ	1	1	1	1	2KI 6:5
ਵੱਢਦੀ	1	1	1	2	1KI 18:4
ਵੱਢਦੇ	8	8	5	14	JOB 4:8
ਵੱਢਵਾਇਆ	1	1	1	0	2SA 12:9
ਵੱਢਾ	2	2	2	0	2SA 12:9
ਵੱਢਾਂਗਾ	4	4	4	3	LEV 26:30
ਵੱਢਾਂਗੇ	2	2	2	2	2CH 2:16
ਵੱਢਾਗਾਂ	3	3	1	0	LEV 20:3
ਵੱਢਿਆ	56	56	17	46	LEV 20:2
ਵੱਢਿਆਂ	9	9	5	10	DEU 32:42
ਵੱਢੀ	35	35	19	10	EXO 23:8
ਵੱਢੀਂ	3	3	1	2	LEV 22:28
ਵੱਢੀਆ	1	1	1	0	PSA 26:10
ਵੱਢੀਆਂ	5	5	4	6	1SA 5:4
ਵੱਢੇ	87	87	20	93	GEN 4:15
ਵੱਢੇਂਗਾ	1	1	1	2	MIC 6:15
ਵੱਢੇਗਾ	8	8	4	8	PRO 22:8
ਵੱਢੇਗੀ	2	2	2	2	AMO 9:4
ਵੱਢੋ	4	4	4	8	LEV 23:22
ਵੱਢੋਗੇ	2	2	2	1	LEV 23:10
ਵੱਤ	3	3	2	1	PSA 92:6
ਵੱਧ	124	124	33	265	GEN 29:30
ਵੱਧਣ	3	3	1	0	LEV 13:51
ਵੱਧਦਾ	4	4	3	16	2SA 5:10
ਵੱਧਦੀ	2	2	2	5	2SA 15:12
ਵੱਧਦੇ	4	4	3	9	DAN 7:7
ਵੱਧਿਆ	1	1	1	0	2SA 16:1
ਵੱਧੀ	1	1	1	0	EZK 16:7
ਵੱਧੇ	1	1	1	0	EZR 4:22
ਵੱਲ	1127	1127	61	1200	GEN 2:8
ਵੱਲਟੋਹੀ	1	1	1	0	1SA 2:14
ਵੱਲੇ	3	3	1	0	REV 21:13
ਵੱਲੋ	14	14	7	0	DEU 33:13
ਵੱਲੋਂ	447	447	56	475	GEN 4:10
ਵੱਸ	105	105	34	139	GEN 1:28
ਵੱਸਣ	53	53	18	57	GEN 17:8
ਵੱਸਣਅਤੇ	1	1	1	0	1CH 17:9
ਵੱਸਣਗੇ	38	38	12	37	GEN 34:23
ਵੱਸਣਾ	3	3	3	2	LEV 23:42
ਵੱਸਦਾ	76	76	26	74	GEN 14:12
ਵੱਸਦਿਆਂ	1	1	1	1	GEN 16:3
ਵੱਸਦੀ	19	19	13	17	GEN 13:7
ਵੱਸਦੀਆਂ	2	2	2	2	EZK 31:6
ਵੱਸਦੇ	130	130	24	128	GEN 4:20
ਵੱਸਾ	1	1	1	0	NEH 13:27
ਵੱਸਾਂ	6	6	4	5	EXO 25:8
ਵੱਸਾਂਗਾ	8	8	5	10	EXO 29:45
ਵੱਸਾਂਗੇ	3	3	2	3	GEN 34:16
ਵੱਸਿਆ	33	33	16	24	GEN 4:16
ਵੱਸੀ	6	6	5	5	JDG 1:16
ਵੱਸੀਂ	1	1	1	0	GEN 26:2
ਵੱਸੀਏ	1	1	1	2	2CO 5:8
ਵੱਸੇ	43	43	20	42	GEN 9:27
ਵੱਸੇਂਗੀ	1	1	1	2	HOS 3:3
ਵੱਸੇਗਾ	32	32	10	34	GEN 16:12
ਵੱਸੇਗੀ	2	2	2	3	ISA 32:18
ਵੱਸੇਬਿਆਂ	1	1	1	0	EZK 37:23
ਵੱਸੇਬੇ	1	1	1	0	1CH 6:54
ਵੱਸੋ	13	13	4	14	GEN 34:9
ਵੱਸੋਂ	10	10	6	16	GEN 2:1
ਵੱਸੋਗੇ	6	6	5	6	DEU 11:31
ਸ	1	1	1	0	JUD 1:4
ਸਅਤੇ	1	1	1	0	2CH 10:8
ਸਅਨਇਮ	1	1	1	2	JDG 4:11
ਸਅਨਾਨ	1	1	1	1	MIC 1:11
ਸਆਨੰਨੀਮ	1	1	1	0	JOS 19:33
ਸਆਰੈਮ	1	1	1	0	1SA 17:52
ਸਆਲਬੀਮ	1	1	1	0	1KI 4:9
ਸਈਂ	1	1	1	0	2KI 9:12
ਸਈਰ	5	5	3	0	JOS 24:4
ਸਈਰਾਹ	1	1	1	1	JDG 3:26
ਸਈਵੀ	1	1	1	0	TIT 3:7
ਸਊਲ	1	1	1	0	GEN 36:38
ਸਓਰੀਮ	1	1	1	1	1CH 24:8
ਸਕਣ	20	20	6	19	JER 2:28
ਸਕਣਗੇ	4	4	2	22	JER 1:19
ਸਕਦਾ	113	113	17	441	GEN 19:19
ਸਕਦੀ	30	30	11	41	DEU 24:2
ਸਕਦੀਆਂ	7	7	5	13	LEV 14:32
ਸਕਦੇ	68	68	15	165	GEN 13:6
ਸਕਨਯਾਹ	1	1	1	0	NEH 3:29
ਸਕਾਂ	14	14	5	11	JHN 9:36
ਸਕਾਕਾਹ	1	1	1	1	JOS 15:61
ਸਕਿਆ	7	7	4	49	1CH 21:30
ਸਕੀ	2	2	2	7	2CH 4:18
ਸਕੀਏ	11	11	5	12	JHN 1:22
ਸਕੂਥੀ	1	1	1	1	COL 3:11
ਸਕੂਨ	1	1	1	0	1TH 2:12
ਸਕੇ	55	55	18	166	GEN 13:16
ਸਕੇਂ	3	3	3	12	2KI 1:16
ਸਕੇਂਗਾ	1	1	1	6	ISA 36:9
ਸਕੇਗਾ	7	7	6	43	GEN 13:16
ਸਕੇਵਾ	1	1	1	1	ACT 19:14
ਸਕੋ	6	6	5	30	PSA 48:13
ਸਕੋਂ	11	11	5	0	JHN 5:34
ਸਕੋਂਗ਼ੇ	1	1	1	0	JHN 7:36
ਸਕੋਂਗੇ	3	3	2	0	JHN 7:34
ਸਖਤ	17	17	11	0	1KI 17:17
ਸਖਤੀ	7	7	6	10	DEU 13:17
ਸਖ਼ਤ	17	17	8	36	GEN 5:29
ਸਖ਼ਤੀ	11	11	8	14	GEN 16:6
ਸਖ਼ਤੀਆਂ	1	1	1	0	ECC 4:1
ਸਖ਼ੀ	1	1	1	0	1TI 6:18
ਸਖਾਉਤ	2	2	1	0	EST 1:7
ਸਖਾਵਤ	3	3	2	1	1KI 10:13
ਸਖੀ	2	2	2	0	PRO 11:25
ਸਖੱਣਾ	1	1	1	0	2SA 15:7
ਸਖੱਣੀ	1	1	1	0	RUT 1:21
ਸਗਲੇ	1	1	1	1	1SA 2:14
ਸਗਵਾਂ	1	1	1	0	1KI 2:22
ਸਗੂਬ	3	3	2	3	1KI 16:34
ਸਗੋ	7	7	5	0	2SA 6:22
ਸਗੋਂ	744	744	55	903	GEN 1:26
ਸਚ	2	2	2	0	NUM 21:2
ਸਚਮੁੱਚ	1	1	1	0	1TH 2:13
ਸਚਾ	1	1	1	0	PSA 7:11
ਸਚਾਈ	1	1	1	0	PSA 25:5
ਸਚਿਆਈ	134	134	38	161	GEN 24:27
ਸਚਿਆਰ	9	9	4	6	DEU 32:4
ਸਚਿਆਰਾਂ	12	12	2	13	PSA 101:6
ਸਚੇਤ	1	1	1	0	1PE 5:8
ਸਜ	1	1	1	0	JOB 33:5
ਸਜਣ	1	1	1	0	EXO 33:11
ਸਜਦੇ	1	1	1	0	DAN 8:11
ਸਜਨਤਾ	1	1	1	0	TIT 3:2
ਸਜ਼ਾ	112	112	32	221	NUM 14:33
ਸਜ਼ਾਦਾ	2	2	1	0	1CH 2:10
ਸਜ਼ਾਦਿਆਂ	1	1	1	0	1CH 7:40
ਸਜ਼ਾਦੇ	2	2	2	1	JOS 13:21
ਸਜ਼ਾਵਾਂ	1	1	1	0	AMO 4:0
ਸਜਾ	5	5	5	6	JOB 40:10
ਸਜਾਇਆ	8	8	5	6	2SA 1:24
ਸਜਾਈਆਂ	1	1	1	1	EXO 27:17
ਸਜਾਉਂਦੇ	1	1	1	1	JER 10:4
ਸਜਾਉਣ	1	1	1	1	ISA 60:13
ਸਜਾਦਾ	1	1	1	0	1KI 11:34
ਸਜਾਦੇ	2	2	1	0	GEN 23:6
ਸਜਾਵਟ	10	10	4	10	1CH 16:29
ਸਜਾਵਾਂਗਾ	1	1	1	0	ISA 60:7
ਸਜਾਵੇਂ	1	1	1	1	JER 4:30
ਸਜੇ	1	1	1	0	EZK 23:41
ਸਟੀਆਂ	1	1	1	1	JOB 41:23
ਸਟੇ	1	1	1	0	HAG 2:4
ਸਟੋਈ	1	1	1	0	NEH 7:57
ਸਠ	1	1	1	0	EZK 40:14
ਸਡਿਆਂ	2	2	1	0	NEH 9:37
ਸਣ	5	5	5	4	JOS 2:6
ਸਣਾਇਆ	1	1	1	0	ISA 45:21
ਸਣੇ	362	362	43	170	GEN 9:4
ਸਣੋ	1	1	1	0	2SA 19:17
ਸਤ	120	120	24	2	EXO 9:27
ਸਤਕਾਰ	1	1	1	0	2CH 32:33
ਸਤਫ਼ਨਾਸ	3	3	1	3	1CO 1:16
ਸਤਰਾਂ	2	2	1	1	1KI 7:4
ਸਤਵਾਂ	1	1	1	0	1KI 8:2
ਸਤਵਾਦੀ	1	1	1	0	EXO 18:21
ਸਤਵੇਂ	2	2	2	0	2KI 11:4
ਸਤਵੰਜਾ	3	3	1	3	NUM 1:31
ਸਤਵੰਤੀ	3	3	2	1	RUT 3:11
ਸਤਾ	1	1	1	1	EXO 23:9
ਸਤਾਇਆ	13	13	11	14	GEN 49:23
ਸਤਾਇਆਂ	1	1	1	1	ECC 4:1
ਸਤਾਈ	4	4	2	5	1KI 20:30
ਸਤਾਈਂ	2	2	1	1	DEU 2:9
ਸਤਾਈਆਂ	1	1	1	0	GEN 23:1
ਸਤਾਈਵੇਂ	6	6	4	6	GEN 8:14
ਸਤਾਉਂਦਾ	13	13	5	13	2KI 13:22
ਸਤਾਉਂਦੀਆਂ	1	1	1	1	AMO 4:1
ਸਤਾਉਂਦੇ	6	6	5	8	NUM 10:9
ਸਤਾਉਣ	13	13	7	14	PSA 31:15
ਸਤਾਉਣਗੇ	4	4	3	4	AMO 6:14
ਸਤਾਏ	11	11	7	11	PSA 9:9
ਸਤਾਓ	3	3	3	3	EXO 22:21
ਸਤਾਓਗੇ	1	1	1	1	JOB 19:2
ਸਤਾਖੁਸ	1	1	1	1	ROM 16:9
ਸਤਾਰ	3	3	1	0	PSA 57:8
ਸਤਾਰਵਾਂ	2	2	1	0	1CH 24:15
ਸਤਾਰਵੇਂ	4	4	3	4	GEN 7:11
ਸਤਾਰਾਂ	13	13	8	11	GEN 37:2
ਸਤਾਸੀ	1	1	1	2	1CH 7:5
ਸਤਾਸੀਆਂ	1	1	1	0	GEN 5:25
ਸਤਾਹਟ	1	1	1	0	NEH 7:72
ਸਤਾਹਠ	2	2	1	3	NEH 7:18
ਸਤਿਆ	2	2	2	0	EZK 7:13
ਸਤਿਕਾਰ	12	12	3	4	JHN 4:44
ਸਤਿਕਾਰਦਾ	2	2	1	0	JHN 8:54
ਸਤਿਕਾਰਯੋਗ	1	1	1	0	1TH 4:4
ਸਤੋਇਕੀ	1	1	1	1	ACT 17:18
ਸਤ੍ਰੋਤ	2	2	1	0	JHN 5:26
ਸਤੱਤਰ	2	2	2	3	GEN 4:24
ਸਤੱਤਰਾਂ	1	1	1	0	GEN 5:31
ਸਤੱਤ੍ਰਾਂ	1	1	1	0	JDG 8:14
ਸਤੱਵਾਂ	1	1	1	0	EZR 3:1
ਸਥਰ-ਬੋਜ਼ਨਈ	2	2	1	4	EZR 5:3
ਸਥਾਨ	5	5	3	573	2CH 6:41
ਸਥਾਨਾਂ	2	2	1	50	JHN 12:42
ਸਥਿਰ	13	13	5	49	PSA 51:10
ਸਥੂਰ	1	1	1	1	NUM 13:13
ਸਦ	1	1	1	0	2CH 18:8
ਸਦਕ	2	2	1	2	JOS 10:1
ਸਦਕਾ	3	3	3	0	JHN 17:20
ਸਦਕੇ	2	2	1	2	PSA 31:3
ਸਦਵਾ	4	4	4	2	2CH 34:29
ਸਦਵਾਇਆ	4	4	3	1	JDG 1:17
ਸਦਵਾਵੇਂਗਾ	1	1	1	0	JHN 1:42
ਸਦਾ	475	475	53	486	GEN 3:22
ਸਦਾਇਆ	1	1	1	0	2SA 11:27
ਸਦਾਈ	1	1	1	0	2SA 14:2
ਸਦਾਈਏ	2	2	2	1	ISA 4:1
ਸਦਾਉਂਦਾ	13	13	8	5	1SA 9:9
ਸਦਾਉਂਦੀ	3	3	3	1	2SA 18:18
ਸਦਾਉਂਦੇ	4	4	3	2	ISA 48:1
ਸਦਾਉਣਗੇ	1	1	1	1	ISA 61:3
ਸਦਾਏਂਗੀ	2	2	1	1	ISA 62:4
ਸਦਾਦ	2	2	2	2	NUM 34:8
ਸਦਾਵਾਂ	2	2	1	2	LUK 15:19
ਸਦਾਵੇਂਗੀ	4	4	1	3	ISA 1:26
ਸਦਾਵੇਗਾ	6	6	4	3	ISA 44:5
ਸਦਾਵੇਗੀ	1	1	1	0	ROM 7:3
ਸਦਿਆ	14	14	7	0	MAT 2:15
ਸਦੀ	1	1	1	1	JOB 13:28
ਸਦੀਆਂ	3	3	2	0	LAM 4:17
ਸਦੀਦਾ	1	1	1	0	ACT 1:12
ਸਦੀਪ	12	12	7	0	EXO 3:15
ਸਦੀਪਕ	85	85	26	151	GEN 9:16
ਸਦੀਪਕਕਾਲ	1	1	1	0	PSA 115:18
ਸਦੀਪਕਲ	1	1	1	0	1CH 29:10
ਸਦੀਪਕਾਲ	7	7	6	16	1CH 28:9
ਸਦੀਵ	4	4	1	0	1CH 17:12
ਸਦੀਵਕਾਲ	1	1	1	0	LUK 16:9
ਸਦੀਵੀ	24	24	6	1	JHN 3:15
ਸਦੂਕੀ	6	6	3	7	MAT 22:23
ਸਦੂਕੀਆਂ	8	8	3	9	MAT 3:7
ਸਦੂਮ	47	47	13	53	GEN 10:19
ਸਦੇਕ	1	1	1	0	EZK 43:19
ਸਦੋਕ	5	5	3	0	1CH 16:39
ਸਦੋਮ	1	1	1	0	ZEP 2:9
ਸਨ	3254	3254	57	3451	GEN 2:25
ਸਨ-ਯਸ਼ੂਆ	1	1	1	0	EZR 8:33
ਸਨਬਲਟ	2	2	1	0	NEH 2:10
ਸਨਬੱਲਟ	8	8	1	10	NEH 4:1
ਸਨਮਾਨ	1	1	1	13	JHN 8:49
ਸਨਮੁਖ	174	174	35	183	GEN 17:1
ਸਨਮੁੱਖ	20	20	9	0	1CH 16:30
ਸਨਸੰਨਾਹ	1	1	1	1	JOS 15:31
ਸਨਹ	1	1	1	1	1SA 14:4
ਸਨਹੇਰੀਬ	13	13	3	13	2KI 18:13
ਸਨਾਆਰ	1	1	1	0	EZR 2:35
ਸਨਾਤਨ	8	8	7	7	DEU 33:15
ਸਨਾਤਨੀ	2	2	2	1	ISA 44:7
ਸਨਾਨ	1	1	1	1	JOS 15:37
ਸਨਾਹ	1	1	1	0	NEH 7:38
ਸਨੀਰ	3	3	3	4	DEU 3:9
ਸਨੇਹ	1	1	1	0	1SA 19:1
ਸਨੇਹੀਆ	1	1	1	0	PRO 25:13
ਸਨੋਬਰ	1	1	1	0	EZK 27:6
ਸਪਤ੍ਰਿਖ	3	3	2	2	JOB 9:9
ਸਪਸ਼ਟ	12	12	5	0	PSA 150:5
ਸਪਸ਼ਟਤਾ	2	2	1	0	1CO 14:7
ਸਪਾਂ	1	1	1	0	JAS 3:7
ਸਪਾਰਸ਼	1	1	1	0	GEN 23:8
ਸਪੁਰਦ	2	2	2	1	JOB 5:8
ਸਪੇਰਿਆਂ	1	1	1	1	PSA 58:5
ਸਪੰਜ	4	4	3	3	MAT 27:48
ਸਫ	1	1	1	1	2SA 21:18
ਸਫਟਯਾਹ	3	3	3	0	2SA 3:4
ਸਫਨਯਾਹ	5	5	4	1	2KI 25:18
ਸਫਰ	1	1	1	0	2SA 23:23
ਸਫਰਇਮ	1	1	1	0	2KI 17:24
ਸਫਰਵਇਮ	1	1	1	0	2KI 17:31
ਸਫਰਵਾਇਮ	2	2	1	0	ISA 36:19
ਸਫਰਾਂ	1	1	1	0	NUM 33:2
ਸਫਲ	23	23	11	0	2SA 23:5
ਸਫ਼ਨਯਾਹ	9	9	2	22	JER 21:1
ਸਫ਼ਰ	22	22	9	48	GEN 12:9
ਸਫ਼ਰਵਇਮ	2	2	1	6	2KI 18:34
ਸਫ਼ਰਵੀਆਂ	1	1	1	1	2KI 17:31
ਸਫ਼ਰਾਂ	2	2	2	3	EXO 17:1
ਸਫ਼ਲ	13	13	7	59	JDG 18:5
ਸਫ਼ਲਤਾ	3	3	2	3	1SA 18:15
ਸਫ਼ਾਈ	8	8	7	16	EXO 21:5
ਸਫ਼ਾਥ	1	1	1	1	JDG 1:17
ਸਫ਼ਾਰਦ	1	1	1	1	OBA 1:20
ਸਫ਼ਾਰਸ਼	8	8	3	0	EXO 8:28
ਸਫ਼ੀਰਾ	2	2	1	2	ACT 5:0
ਸਫ਼ੀਲ	15	15	7	0	ISA 22:10
ਸਫ਼ੀਲਾਂ	1	1	1	1	ISA 26:1
ਸਫ਼ੇਦ	1	1	1	7	JHN 20:12
ਸਫ਼ੇਦੀ	2	2	2	4	JOB 6:6
ਸਫ਼ੋਨ	1	1	1	1	NUM 26:15
ਸਫ਼ੋਨੀਆਂ	1	1	1	1	NUM 26:15
ਸਫਾ	1	1	1	0	DAN 11:35
ਸਫਾਈ	5	5	5	0	GEN 26:28
ਸਫਾਥਾਹ	1	1	1	1	2CH 14:10
ਸਫਾਰ	1	1	1	0	GEN 10:30
ਸਫਾਰਸ਼	4	4	2	0	1SA 2:25
ਸਫੀਲ	12	12	7	4	1KI 3:1
ਸਫੀਲਾਂ	1	1	1	0	2CH 32:1
ਸਫੀਲੇ	1	1	1	0	EST 9:19
ਸਫੇਦੀ	1	1	1	0	GEN 30:35
ਸਫੇਦੇ	1	1	1	0	GEN 30:37
ਸਫੋ	2	2	1	3	GEN 36:11
ਸਬ	2	2	2	0	JOB 13:1
ਸਬਕਤਨੀ	2	2	2	2	MAT 27:46
ਸਬਜ਼ੀ	1	1	1	1	1KI 21:2
ਸਬਜ਼ੀਆਂ	2	2	2	0	MAT 13:32
ਸਬਤ	145	145	20	149	EXO 16:23
ਸਬਤਕਾ	2	2	2	2	GEN 10:7
ਸਬਤਾ	1	1	1	0	1CH 1:9
ਸਬਤਾਂ	28	28	9	27	EXO 31:13
ਸਬਤਾਹ	1	1	1	2	GEN 10:7
ਸਬਦ	1	1	1	0	JHN 12:50
ਸਬਨਯਾਹ	1	1	1	0	NEH 10:4
ਸਬਨਾ	1	1	1	0	2KI 18:37
ਸਬਨਾਂ	1	1	1	0	2SA 10:4
ਸਬਨਾਹ	1	1	1	0	2KI 18:18
ਸਬਰ	28	28	9	17	JOB 6:11
ਸਬਾ	9	9	6	4	GEN 10:7
ਸਬਾਈਮ	1	1	1	0	NEH 7:59
ਸਬਾਰੀਮ	1	1	1	1	JOS 7:5
ਸਬਿਹਤਾ	3	3	2	0	EXO 8:15
ਸਬੂਤ	4	4	4	13	RUT 4:7
ਸਬੂਤੀ	2	2	1	0	HEB 6:16
ਸਬੋਈਮ	7	7	5	7	GEN 10:19
ਸਬੱਬ	4	4	3	1	MAL 2:14
ਸਬੱਬੋਂ	2	2	1	1	DAN 4:5
ਸਭ	627	627	55	777	GEN 3:1
ਸਭਨਾ	16	16	9	0	LEV 10:3
ਸਭਨਾਂ	415	415	38	280	GEN 6:20
ਸਭਨੀ	3	3	3	0	PRO 15:3
ਸਭਨੀਂ	10	10	8	4	EXO 27:18
ਸਭਨੇ	1	1	1	0	1CO 10:4
ਸਭਾ	158	158	29	185	GEN 49:6
ਸਭਾਲਿਆ	1	1	1	0	PSA 119:56
ਸਭਾਵਾਂ	1	1	1	2	1PE 4:3
ਸਭੇ	4	4	2	1	1SA 7:6
ਸਭੋ	1	1	1	1	EZK 16:63
ਸਭੱਨਾਂ	1	1	1	0	EZR 3:5
ਸਮਆਯਾਹ	3	3	1	0	NEH 3:29
ਸਮਊਨ	1	1	1	0	JHN 6:8
ਸਮਕਯਾਹ	1	1	1	1	1CH 26:7
ਸਮਗਰ-ਨੂਬ	1	1	1	1	JER 39:3
ਸਮਗਰੀ	1	1	1	0	JHN 19:40
ਸਮਝ	174	174	33	220	EXO 31:3
ਸਮਝਕੇ	2	2	2	0	1CO 4:14
ਸਮਝਣ	24	24	18	23	GEN 11:7
ਸਮਝਣਗੇ	4	4	4	5	ISA 52:15
ਸਮਝਣਾ	4	4	4	4	LEV 19:23
ਸਮਝਣੇ	1	1	1	0	LEV 11:13
ਸਮਝਦਾ	41	41	14	45	GEN 42:23
ਸਮਝਦਾਰ	3	3	3	15	DEU 4:6
ਸਮਝਦੀ	1	1	1	0	1CO 1:28
ਸਮਝਦੇ	41	41	20	39	2KI 18:26
ਸਮਝਨ	1	1	1	0	1CO 13:2
ਸਮਝਹੀਣ	1	1	1	2	PRO 28:16
ਸਮਝਾ	12	12	7	14	2SA 11:19
ਸਮਝਾਂ	2	2	2	2	1KI 3:9
ਸਮਝਾਇਆ	7	7	6	7	ISA 40:13
ਸਮਝਾਇਓ	1	1	1	1	JOS 4:22
ਸਮਝਾਈ	1	1	1	1	NEH 8:7
ਸਮਝਾਈਆਂ	1	1	1	0	1CO 2:10
ਸਮਝਾਈਦਾ	1	1	1	0	HEB 12:5
ਸਮਝਾਉਂਦਾ	2	2	2	6	ACT 27:22
ਸਮਝਾਉਂਦਿਆਂ	1	1	1	0	ACT 19:8
ਸਮਝਾਉਣ	1	1	1	3	LEV 14:57
ਸਮਝਾਉਣੀ	1	1	1	0	2CH 19:10
ਸਮਝਾਏ	2	2	1	2	JHN 6:45
ਸਮਝਾਓ	1	1	1	2	JOB 6:24
ਸਮਝਾਵਾਂਗਾ	2	2	2	2	PSA 89:1
ਸਮਝਾਵਾਂਗੀ	1	1	1	1	PRO 1:23
ਸਮਝਾਵੀਂ	2	2	1	2	1TI 5:1
ਸਮਝਿਆ	34	34	19	45	GEN 38:15
ਸਮਝੀ	7	7	6	9	DEU 19:15
ਸਮਝੀਂ	1	1	1	1	EZK 44:6
ਸਮਝੀਆਂ	2	2	2	1	HOS 8:12
ਸਮਝੀਏ	2	2	2	2	ACT 17:29
ਸਮਝੀਦਾ	2	2	1	0	PRO 17:28
ਸਮਝੂ	1	1	1	0	ACT 19:26
ਸਮਝੇ	19	19	16	27	LEV 25:31
ਸਮਝੇਂ	2	2	2	1	JOB 38:20
ਸਮਝੇਂਗਾ	4	4	2	4	PRO 2:5
ਸਮਝੇਂਗੀ	1	1	1	1	EZK 22:16
ਸਮਝੇਗਾ	5	5	5	5	LEV 26:11
ਸਮਝੋ	14	14	9	20	1SA 25:17
ਸਮਝੋਂਗੇ	2	2	2	1	JHN 10:38
ਸਮਝੋਗੇ	6	6	5	6	DEU 28:49
ਸਮਝੌਤੀ	1	1	1	0	PRO 15:10
ਸਮਤਾ	1	1	1	0	1CH 22:9
ਸਮਰਥ	16	16	12	0	JOS 22:22
ਸਮਰਥਾ	2	2	2	0	DAN 11:5
ਸਮਰਥੀ	5	5	3	0	PSA 24:8
ਸਮਰਪਿਤ	1	1	1	3	1PE 2:23
ਸਮਰਯਾਹ	1	1	1	0	NEH 12:34
ਸਮਰਿਯਾ	2	2	2	0	2KI 17:24
ਸਮਰੱਥ	6	6	5	23	JOB 12:13
ਸਮਰੱਥਾ	71	71	20	121	LEV 27:8
ਸਮਰੱਥਾਂ	1	1	1	0	HAB 3:4
ਸਮਰੱਥੀ	1	1	1	10	LEV 19:15
ਸਮਲਾਹ	3	3	2	4	GEN 36:36
ਸਮਸਿਆ	1	1	1	0	1CO 1:23
ਸਮਸੂਨ	40	40	2	54	JDG 13:24
ਸਮਾ	36	36	20	6	GEN 30:41
ਸਮਾਂ	45	45	13	151	PSA 81:15
ਸਮਾਇਆ	2	2	2	1	LUK 22:3
ਸਮਾਈ	4	4	3	2	1KI 7:26
ਸਮਾਚਾਰ	10	10	7	4	2KI 7:9
ਸਮਾਜ	38	38	4	9	MAT 12:9
ਸਮਾਜਾਂ	22	22	5	0	PSA 74:8
ਸਮਾਧ	4	4	3	1	1SA 10:2
ਸਮਾਧਾਂ	1	1	1	1	MAT 23:29
ਸਮਾਨ	64	64	24	90	EXO 25:9
ਸਮਾਨਤਾ	3	3	2	4	2KI 16:10
ਸਮਾਪਤ	7	7	6	5	1CH 27:24
ਸਮਾਪੂਰ	3	3	2	0	GEN 25:8
ਸਮਾਰਯਿਮ	1	1	1	2	JOS 18:22
ਸਮਾਰੀ	2	2	2	2	GEN 10:18
ਸਮਾਰੀਮ	1	1	1	0	2CH 13:4
ਸਮਾਲੂਆਂ	1	1	1	0	PSA 54:4
ਸਮਾਲ੍ਹਣ	2	2	1	0	NUM 3:8
ਸਮਿਆਂ	43	43	23	46	DEU 2:10
ਸਮਿਆਨ	1	1	1	0	1CH 12:33
ਸਮਿਗ੍ਰੀ	1	1	1	0	1CH 21:23
ਸਮੁਤ੍ਰਾਕੇ	1	1	1	1	ACT 16:11
ਸਮੁਰਨੇ	2	2	1	3	REV 1:11
ਸਮੁੰਦਰ	303	303	43	313	GEN 1:10
ਸਮੁੰਦਰਾ	2	2	2	0	DEU 33:19
ਸਮੁੰਦਰਾਂ	8	8	5	12	GEN 1:22
ਸਮੁੰਦਰੀ	5	5	4	16	DEU 14:12
ਸਮੁੰਦਰੋਂ	10	10	6	8	NUM 11:31
ਸਮੁੱਚਾ	2	2	1	0	LEV 6:22
ਸਮੁੱਚੀ	2	2	1	1	1CO 14:3
ਸਮੂਏਲ	146	146	8	178	1SA 0:0
ਸਮੂਹ	17	17	6	10	1CO 1:2
ਸਮੂੰਦਰ	1	1	1	0	JON 1:9
ਸਮੇ	28	28	10	0	EXO 13:10
ਸਮੇਂ	186	186	48	496	GEN 21:22
ਸਮੇਟ	3	3	3	1	PRO 30:25
ਸਮੇਟਦਾ	1	1	1	1	ISA 10:14
ਸਮੇਟਿਆ	1	1	1	1	PRO 30:4
ਸਮੇਟੇ	1	1	1	1	JOB 24:24
ਸਮੇਤ	5	5	4	132	JOS 7:15
ਸਮੇਬਰ	1	1	1	1	GEN 14:2
ਸਮ੍ਹਾਲ	5	5	5	0	GEN 43:31
ਸਮ੍ਹਾਲਦਾ	1	1	1	0	ROM 11:18
ਸਮ੍ਹਾਲਦੀ	2	2	2	0	PSA 94:18
ਸਮ੍ਹਾਲਨੀ	1	1	1	0	LUK 17:33
ਸਮ੍ਹਾਲੀ	2	2	2	1	MRK 5:15
ਸਮ੍ਹਾਲੀਆਂ	1	1	1	0	2KI 17:15
ਸਮ੍ਹਾਲੇ	1	1	1	0	PSA 20:2
ਸਮੱਗਰੀ	2	2	1	9	EXO 30:32
ਸਰ	4	4	3	0	NUM 32:22
ਸਰਕ	4	4	4	4	JOB 14:18
ਸਰਕਾ	4	4	2	4	JOB 24:2
ਸਰਕਾਇਆ	1	1	1	1	ISA 10:13
ਸਰਕਾਓ	1	1	1	0	DEU 19:14
ਸਰਕਾਵੇ	1	1	1	1	DEU 27:17
ਸਰਗਰਮ	2	2	2	1	ACT 18:25
ਸਰਗੀਉਸ	1	1	1	1	ACT 13:7
ਸਰਗੋਨ	1	1	1	1	ISA 20:1
ਸਰਜਣਹਾਰ	1	1	1	0	JOB 9:9
ਸਰਜਨਹਰ	1	1	1	0	JER 33:2
ਸਰਥ	1	1	1	1	1CH 4:7
ਸਰਦ	2	2	2	2	GEN 46:14
ਸਰਦਰ	1	1	1	0	LAM 5:12
ਸਰਦਲ	17	17	6	8	JDG 19:27
ਸਰਦਲਾਂ	2	2	1	2	EZK 41:16
ਸਰਦਾਰ	403	403	36	190	GEN 21:22
ਸਰਦਾਰਨੀਆਂ	3	3	3	0	JDG 5:29
ਸਰਦਾਰਾਂ	232	232	29	163	GEN 12:15
ਸਰਦਾਰੀ	13	13	6	1	GEN 36:30
ਸਰਦਾਰੋ	2	2	2	1	ISA 21:5
ਸਰਦੀ	4	4	3	6	ISA 18:6
ਸਰਦੀਆਂ	3	3	3	2	NUM 26:26
ਸਰਪ	1	1	1	0	ISA 14:29
ਸਰਪਟ	1	1	1	0	JER 8:6
ਸਰਪੋਸ਼	25	25	3	24	EXO 25:17
ਸਰਪੱਟ	1	1	1	2	NAM 3:2
ਸਰਫ਼ਾ	3	3	3	10	JER 51:3
ਸਰਫ਼ਾਂ	1	1	1	0	MAT 25:27
ਸਰਫਾ	9	9	6	0	GEN 22:12
ਸਰਬ	53	53	13	73	GEN 28:3
ਸਰਬ-ਸ਼ਹਰ	1	1	1	1	JOS 13:19
ਸਰਬਰਾਹਾਂ	1	1	1	0	GAL 4:2
ਸਰਬਸ਼ਕਤੀਮਾਨ	6	6	3	0	GEN 17:1
ਸਰਬੋਤਮ	1	1	1	0	1CO 12:31
ਸਰਬੰਧ	6	6	3	0	ROM 1:3
ਸਰਬੰਧੀ	1	1	1	0	HEB 7:16
ਸਰਬੰਧੋ	1	1	1	0	ROM 7:4
ਸਰਬੰਸ	1	1	1	0	JOS 7:15
ਸਰਬੱਤ	15	15	7	2	GEN 1:31
ਸਰਭ	1	1	1	0	JOB 15:25
ਸਰਮਿੰਦਾ	1	1	1	0	PSA 25:2
ਸਰਮੁੱਖ	1	1	1	0	PRO 14:14
ਸਰਯਾਹ	1	1	1	0	NEH 12:12
ਸਰਸਕੀਮ	1	1	1	1	JER 39:3
ਸਰਹ	3	3	3	3	GEN 46:17
ਸਰਹਦ	1	1	1	0	2CH 11:13
ਸਰਹਾਣੇ	3	3	1	0	GEN 28:11
ਸਰਹੱਦ	7	7	3	7	NUM 20:16
ਸਰਹੱਦਾਂ	1	1	1	2	NUM 22:41
ਸਰਾਂ	3	3	2	3	GEN 43:21
ਸਰਾਣੇ	1	1	1	0	1KI 19:6
ਸਰਾਪ	96	96	25	118	GEN 5:29
ਸਰਾਪਣ	1	1	1	1	NUM 5:27
ਸਰਾਪਤ	4	4	2	5	GEN 3:17
ਸਰਾਪਾਂ	1	1	1	1	DEU 29:21
ਸਰਾਪਿਆ	4	4	3	3	GEN 27:29
ਸਰਾਪੀ	38	38	14	41	GEN 3:14
ਸਰਾਪੀਆਂ	1	1	1	1	MAL 3:9
ਸਰਾਪੇ	4	4	4	3	JOS 7:12
ਸਰਾਫ	1	1	1	0	JER 51:17
ਸਰਾਫ਼	5	5	4	4	NEH 3:31
ਸਰਾਫ਼ਾਂ	2	2	2	2	MAT 21:12
ਸਰਾਫ਼ੀਮ	2	2	1	2	ISA 6:2
ਸਰਾਫਾਂ	2	2	1	0	NEH 3:8
ਸਰਾਯਾਹ	17	17	6	21	2SA 8:17
ਸਰਾਲ	5	5	3	3	EXO 7:9
ਸਰਾਲਾਂ	1	1	1	1	EXO 7:12
ਸਰਾਵਾਂ	1	1	1	1	ACT 28:15
ਸਰਾਸਰ	2	2	2	1	JER 2:21
ਸਰਿਸ਼ਟ	11	11	7	4	PSA 103:14
ਸਰਿਸ਼ਟੀ	16	16	7	11	GEN 12:3
ਸਰੀ	1	1	1	1	1CH 25:3
ਸਰੀਆਂ	1	1	1	0	EST 4:1
ਸਰੀਦ	1	1	1	0	JOS 19:10
ਸਰੀਰ	189	189	32	285	GEN 2:24
ਸਰੀਰਕ	17	17	6	29	ROM 4:1
ਸਰੀਰਾਂ	24	24	8	19	GEN 6:12
ਸਰੀਰੋਂ	1	1	1	1	GAL 6:8
ਸਰੀਹਣ	1	1	1	0	GAL 3:1
ਸਰੀਹਨ	1	1	1	0	HEB 6:6
ਸਰੂ	12	12	7	12	GEN 30:37
ਸਰੂਆਹ	1	1	1	1	1KI 11:26
ਸਰੂਗ	6	6	3	6	GEN 11:20
ਸਰੂਪ	18	18	10	23	GEN 1:26
ਸਰੂਮਗਤੀ	1	1	1	0	RUT 4:11
ਸਰੂਯਾਹ	14	14	4	26	1SA 26:6
ਸਰੂਰ	1	1	1	1	1SA 9:1
ਸਰੇ	1	1	1	0	EST 8:17
ਸਰੇਦਾਥਾਹ	1	1	1	0	2CH 4:17
ਸਰੇਦਾਹ	1	1	1	2	1KI 11:26
ਸਰੇਰਹ	1	1	1	1	JDG 7:22
ਸਰੇਵ	1	1	1	0	NEH 6:9
ਸਰੇਸ਼ਟ	2	2	2	6	ECC 2:13
ਸਰੋਕਾਰ	1	1	1	0	JHN 2:4
ਸਰੋਤਾ	1	1	1	1	1SA 15:22
ਸਰੋਤੇ	2	2	2	1	EXO 19:5
ਸਰੋਪਾ	1	1	1	1	ISA 61:3
ਸਰੋਵਰ	1	1	1	1	SNG 7:4
ਸਰੋਸਰ	1	1	1	0	PSA 45:13
ਸਰੰਗੀ	3	3	1	0	DAN 3:7
ਸਲਕ	2	2	2	2	2SA 23:37
ਸਲਕਾਹ	4	4	3	4	DEU 3:10
ਸਲਦ	1	1	1	2	1CH 2:30
ਸਲਮਯਾਹ	1	1	1	0	NEH 3:30
ਸਲਮਾ	2	2	1	2	1CH 2:11
ਸਲਮਾਈ	1	1	1	0	NEH 7:48
ਸਲਮੀਸ	1	1	1	1	ACT 13:5
ਸਲਮੁੰਨਾ	12	12	2	12	JDG 8:5
ਸਲਮੋਨ	8	8	6	8	JDG 9:48
ਸਲਮੋਨਾਹ	2	2	1	2	NUM 33:41
ਸਲਮੋਨੇ	1	1	1	1	ACT 27:7
ਸਲਸਾਹ	1	1	1	0	1SA 10:2
ਸਲਹ	70	70	2	72	PSA 3:2
ਸਲਾ	29	29	13	14	EXO 10:4
ਸਲਾਂ	2	2	2	0	PSA 78:46
ਸਲਾਫਹਾਦ	3	3	2	1	JOS 17:3
ਸਲਾਫ਼	1	1	1	0	NEH 3:30
ਸਲਾਫ਼ਹਾਦ	8	8	1	12	NUM 26:33
ਸਲਾਮ	5	5	4	7	EZR 4:17
ਸਲਾਮਤ	6	6	4	3	GEN 43:28
ਸਲਾਮਤੀ	21	21	10	21	GEN 43:23
ਸਲਾਹ	128	128	31	144	LEV 24:12
ਸਲਾਹਕਾਰ	7	7	7	12	1CH 26:14
ਸਲਾਹਕਾਰਾਂ	8	8	4	11	EZR 4:5
ਸਲਾਹਤ	1	1	1	1	PSA 76:10
ਸਲਾਹਾਂ	4	4	3	3	PSA 106:43
ਸਲਾਹਾਂਗਾ	2	2	2	1	PSA 145:1
ਸਲਾਹਿਆ	3	3	3	3	PSA 66:17
ਸਲਾਹੀ	4	4	3	0	PRO 31:30
ਸਲਾਹੀਏ	1	1	1	0	PSA 34:3
ਸਲਾਹੁਣ	5	5	1	5	PSA 67:3
ਸਲਾਹੁਣਗੀਆਂ	1	1	1	1	PSA 88:10
ਸਲਾਹੁਣਗੇ	3	3	2	2	GEN 49:8
ਸਲਾਹੁਤ	2	2	1	0	PRO 27:2
ਸਲਾਹੁਤਾਂ	1	1	1	1	2CH 7:6
ਸਲਾਹੂ	1	1	1	0	ISA 9:6
ਸਲਾਹੂਆ	1	1	1	0	PRO 12:20
ਸਲਾਹੂਆਂ	3	3	2	1	PRO 11:14
ਸਲਾਹੋਗੇ	1	1	1	0	JOL 2:26
ਸਲੀਬ	79	79	15	94	MAT 10:38
ਸਲੀਬਾਂ	1	1	1	1	JHN 19:31
ਸਲੀਬੋਂ	3	3	2	2	MAT 27:42
ਸਲੁਮੀਥ	1	1	1	0	LEV 24:11
ਸਲੁੱਮ	1	1	1	0	NEH 7:45
ਸਲੂਕ	6	6	5	2	GEN 24:49
ਸਲੂਣਾ	2	2	2	4	MAT 5:13
ਸਲੂਣੀ	2	2	2	2	EXO 30:35
ਸਲੂਣੇ	3	3	2	1	NUM 34:3
ਸਲੇਮਾਨ	4	4	1	0	SNG 0:0
ਸਲੋਮੀ	2	2	1	2	MRK 15:40
ਸਵਰਗ	27	27	8	268	MRK 11:26
ਸਵਰਗੀ	4	4	3	54	JHN 3:12
ਸਵਰਗੋਂ	1	1	1	8	JHN 6:42
ਸਵਰੂਪ	1	1	1	0	JHN 8:44
ਸਵਰੇਗਾ	1	1	1	0	ECC 11:6
ਸਵਾਏ	1	1	1	0	EST 2:15
ਸਵਾਕੁ	1	1	1	0	NUM 31:52
ਸਵਾਗਤ	6	6	6	7	2CH 28:9
ਸਵਾਦ	3	3	3	1	LEV 26:43
ਸਵਾਮੀ	73	73	3	2	GEN 18:12
ਸਵਾਰ	37	37	20	78	NUM 22:22
ਸਵਾਰਨ	1	1	1	0	EXO 27:21
ਸਵਾਰਾਂ	9	9	7	20	JOS 24:6
ਸਵਾਰਾਂਗਾ	1	1	1	0	2SA 7:14
ਸਵਾਰਿਆ	1	1	1	1	1CH 11:8
ਸਵਾਰੇ	1	1	1	1	EZR 7:27
ਸਵਾਲ	18	18	8	11	2KI 2:10
ਸਵਾਲਾਂ	3	3	3	5	2CH 9:2
ਸਵਾਸ	2	2	2	1	PSA 33:6
ਸਵੀਕਾਰ	3	3	2	46	JHN 6:37
ਸਵੀਕਾਰਿਆ	1	1	1	0	1PE 3:5
ਸਵੇਨੇਹ	2	2	1	2	EZK 29:10
ਸਵੇਰ	137	137	35	168	GEN 1:5
ਸਵੇਰ-ਸਾਰ	1	1	1	2	JHN 8:2
ਸਵੇਰਸਾਰ	1	1	1	0	ECC 10:16
ਸਵੇਰਾ	4	4	3	4	GEN 29:25
ਸਵੇਰੇ	47	47	16	57	GEN 19:27
ਸਵੈ	1	1	1	1	1PE 4:7
ਸਵੈ-ਕਾਬੂ	1	1	1	0	1TH 5:6
ਸਵੈਂ	4	4	3	0	TIT 2:2
ਸਸਤਾਉਣ	1	1	1	0	EXO 23:12
ਸਸਤਾਓ	1	1	1	0	MRK 6:31
ਸਸਤੀ	1	1	1	0	JHN 2:10
ਸਸ਼ੇਰ	1	1	1	0	JDG 14:18
ਸਹ	1	1	1	0	ACT 19:33
ਸਹਨ	1	1	1	0	EST 8:10
ਸਹਮ	1	1	1	0	HEB 11:7
ਸਹਮਣਿਓਂ	1	1	1	0	PSA 9:3
ਸਹਾਂਗਾ	3	3	3	3	MAT 17:17
ਸਹਾਇਕ	42	42	15	48	EXO 18:4
ਸਹਾਇਕਣ	2	2	1	1	GEN 2:18
ਸਹਾਇਕਾਂ	5	5	4	6	1CH 12:18
ਸਹਾਇਤਾ	173	173	38	184	GEN 49:25
ਸਹਾਈ	3	3	3	0	2KI 14:26
ਸਹਾਈਤਾ	1	1	1	0	EZR 8:22
ਸਹਾਰ	4	4	3	6	MAL 3:2
ਸਹਾਰ-ਲਈਏ	1	1	1	0	2TI 2:12
ਸਹਾਰਨਾ	1	1	1	1	ECC 4:13
ਸਹਾਰਾ	17	17	11	16	EZR 8:36
ਸਹਾਰਿਆ	1	1	1	1	ROM 9:22
ਸਹਾਰੀਏ	1	1	1	0	ROM 15:1
ਸਹਾਰੀਦੀਆਂ	1	1	1	0	PRO 30:21
ਸਹਾਰੇ	11	11	9	6	LEV 23:29
ਸਹਾਰੋ	2	2	1	0	2CO 11:1
ਸਹਿ	12	12	10	21	JOB 21:3
ਸਹਿਆ	3	3	2	0	LEV 11:6
ਸਹਿਆਂ	1	1	1	0	PSA 104:18
ਸਹਿਜ	8	8	6	4	2SA 15:11
ਸਹਿਜਤਾ	1	1	1	0	1CO 4:12
ਸਹਿਣ	3	3	3	18	GEN 4:13
ਸਹਿਣਗੇ	2	2	2	2	EZK 34:29
ਸਹਿਣੀਆਂ	1	1	1	0	1TH 5:3
ਸਹਿਤ	10	10	8	9	2KI 13:12
ਸਹਿਨ	2	2	2	0	JAS 1:3
ਸਹਿਮਤ	4	4	4	14	AMO 3:3
ਸਹਿਮਤੀ	2	2	2	1	1CO 1:10
ਸਹਿਮਦੇ	1	1	1	0	EZK 12:18
ਸਹਿਮੇ	1	1	1	0	JHN 7:13
ਸਹਿਯੋਗੀ	1	1	1	2	1CO 16:16
ਸਹਿਰਾਂ	1	1	1	0	DAN 11:15
ਸਹਿੰਦਾ	3	3	2	5	JER 6:11
ਸਹਿੰਦੇ	3	3	3	3	1CO 4:12
ਸਹੀ	58	58	18	30	1SA 2:30
ਸਹੁਰਾ	3	3	3	3	JDG 19:7
ਸਹੁਰੇ	8	8	3	9	NUM 10:29
ਸਹੁੰ	9	9	2	358	PSA 63:11
ਸਹੁੱਪਣ	2	2	2	1	2SA 14:25
ਸਹੇ	1	1	1	0	LUK 13:2
ਸਹੇਗਾ	3	3	2	2	MAT 10:22
ਸਹੇਲੀਆਂ	10	10	6	16	EXO 2:5
ਸਹੱਤਰ	1	1	1	0	EZR 2:3
ਸ਼ਅਅਯਾਹ	1	1	1	0	NEH 12:35
ਸ਼ਅਫ	1	1	1	1	1CH 2:49
ਸ਼ਅਯਾਹ	1	1	1	0	JER 29:24
ਸ਼ਅਰਇਮ	1	1	1	1	1CH 4:31
ਸ਼ਅਰਯਾਹ	2	2	1	2	1CH 8:38
ਸ਼ਅਰਯਿਮ	1	1	1	2	JOS 15:36
ਸ਼ਅਰਾਹ	1	1	1	1	1CH 7:24
ਸ਼ਅਲਤੀਏਲ	13	13	6	13	1CH 3:17
ਸ਼ਅਲਬੋਨੀ	2	2	2	2	2SA 23:32
ਸ਼ਅਸ਼ਗਜ	1	1	1	1	EST 2:14
ਸ਼ਆਨ	1	1	1	0	JOS 17:16
ਸ਼ਆਨਹ	1	1	1	0	2SA 4:9
ਸ਼ਆਰ	1	1	1	1	ISA 7:3
ਸ਼ਆਲ	1	1	1	1	EZR 10:29
ਸ਼ਆਲੱਬੀਨ	1	1	1	1	JOS 19:42
ਸ਼ਇਤ	1	1	1	0	JOS 22:25
ਸ਼ਈਰ	4	4	1	0	EZK 35:2
ਸ਼ਕਤ	1	1	1	0	PRO 30:25
ਸ਼ਕਤਹੀਣ	1	1	1	0	LUK 1:37
ਸ਼ਕਤੀ	150	150	37	118	GEN 31:29
ਸ਼ਕਤੀਆਂ	13	13	11	11	1SA 6:6
ਸ਼ਕਤੀਮਾਨ	70	70	17	84	GEN 28:3
ਸ਼ਕਤੀਵਾਨ	1	1	1	0	2CH 6:32
ਸ਼ਕਤੀਸ਼ਾਲੀ	3	3	3	4	2TH 1:7
ਸ਼ਕਨਯਾਹ	9	9	4	10	1CH 3:21
ਸ਼ਕਮ	66	66	10	72	GEN 12:6
ਸ਼ਕਮੀਆਂ	1	1	1	1	NUM 26:31
ਸ਼ਕਲ	60	60	10	32	EXO 30:13
ਸ਼ਕਲਾਂ	1	1	1	0	LEV 5:15
ਸ਼ਕਾਇਤ	1	1	1	0	PSA 55:17
ਸ਼ਕੀਨ	1	1	1	0	NEH 11:10
ਸ਼ਖਸ਼ਾ	1	1	1	0	ROM 9:20
ਸ਼ਖ਼ਸਾ	2	2	1	0	LUK 22:58
ਸ਼ਜ਼ਾਦਾ	4	4	3	0	JER 30:21
ਸ਼ਜ਼ਾਦਿਆਂ	4	4	3	0	2CH 5:2
ਸ਼ਜ਼ਾਦੇ	3	3	3	0	GEN 17:20
ਸ਼ਜਾ	1	1	1	0	NUM 33:4
ਸ਼ਜਾਦਿਆਂ	4	4	2	0	2CH 1:2
ਸ਼ਜਾਦੇ	2	2	2	0	EZR 1:8
ਸ਼ਟੋਨ	1	1	1	0	ACT 9:35
ਸ਼ਤਾਨ	79	79	19	0	1SA 1:16
ਸ਼ਤਾਨੀ	10	10	4	5	1SA 2:12
ਸ਼ਤਾਨੀਆਂ	1	1	1	0	JUD 1:15
ਸ਼ਤਾਬੀ	16	16	10	2	GEN 24:18
ਸ਼ਤੀਕ	1	1	1	0	NEH 3:3
ਸ਼ਤੀਰ	11	11	7	13	1KI 7:2
ਸ਼ਤੀਰਾਂ	5	5	4	5	1KI 6:9
ਸ਼ਤੀਰੀ	1	1	1	1	EZR 6:11
ਸ਼ਥਰ-ਬੋਜ਼ਨਈ	2	2	1	0	EZR 6:6
ਸ਼ਥਾਯਾਰ	1	1	1	0	NEH 11:7
ਸ਼ਦਰਕ	15	15	1	16	DAN 1:7
ਸ਼ਦੇਊਰ	5	5	1	5	NUM 1:5
ਸ਼ਨੀਰ	1	1	1	0	SNG 4:8
ਸ਼ਨੱਸ਼ਰ	1	1	1	0	1CH 3:18
ਸ਼ਫਟਯਾਹ	9	9	4	8	1CH 3:3
ਸ਼ਫ਼ਟਯਾਹ	1	1	1	4	NEH 7:59
ਸ਼ਫਾਟ	1	1	1	0	1CH 27:29
ਸ਼ਫਾਮ	2	2	1	3	NUM 34:10
ਸ਼ਫੀ	2	2	1	0	1CH 1:36
ਸ਼ਫੀਲ	1	1	1	0	SNG 5:7
ਸ਼ਫੂਫ਼ਾਮੀਆਂ	1	1	1	1	NUM 26:39
ਸ਼ਫੂਫਾਨ	1	1	1	0	1CH 8:5
ਸ਼ਫੂਫਾਮ	1	1	1	0	NUM 26:39
ਸ਼ਫੋ	1	1	1	2	GEN 36:23
ਸ਼ਬਥਈ	2	2	1	3	NEH 8:7
ਸ਼ਬਦ	49	49	16	55	GEN 49:21
ਸ਼ਬਦਾਂ	26	26	9	21	PSA 22:1
ਸ਼ਬਨਯਾਹ	6	6	2	7	1CH 15:24
ਸ਼ਬਨਾ	7	7	2	11	2KI 18:26
ਸ਼ਬਰ	1	1	1	1	1CH 2:48
ਸ਼ਬਾ	31	31	11	39	GEN 10:28
ਸ਼ਬਾਈਆਂ	1	1	1	1	JOL 3:8
ਸ਼ਬਾਟ	1	1	1	1	ZEC 1:7
ਸ਼ਬੂਏਲ	3	3	1	3	1CH 23:16
ਸ਼ਮਅਯਾਹ	22	22	5	41	1CH 3:22
ਸ਼ਮਆ	2	2	2	2	1CH 5:8
ਸ਼ਮਆਯਾਹ	9	9	4	2	1CH 24:6
ਸ਼ਮਈ	4	4	3	4	EXO 6:17
ਸ਼ਮਊਣ	1	1	1	0	LUK 6:15
ਸ਼ਮਊਨ	76	76	6	83	MAT 4:18
ਸ਼ਮਗਰ	2	2	1	3	JDG 3:31
ਸ਼ਮਯਾਹ	1	1	1	0	EZR 8:16
ਸ਼ਮਰ	3	3	2	2	1KI 16:24
ਸ਼ਮਰਯਾਹ	3	3	3	4	1CH 12:5
ਸ਼ਮਲਈ	1	1	1	0	EZR 2:46
ਸ਼ਮਸ਼	8	8	2	19	JOS 18:17
ਸ਼ਮਸ਼ਰਈ	1	1	1	1	1CH 8:26
ਸ਼ਮਹੂਥ	1	1	1	1	1CH 27:8
ਸ਼ਮਾ	4	4	2	4	JOS 15:26
ਸ਼ਮਾਆਹ	1	1	1	1	1CH 12:3
ਸ਼ਮਾਦਾਨ	41	41	10	43	EXO 25:31
ਸ਼ਮਾਦਾਨਾ	1	1	1	0	REV 1:13
ਸ਼ਮਾਦਾਨਾਂ	2	2	1	3	REV 1:20
ਸ਼ਮਾਯਾਹ	2	2	2	1	1KI 12:22
ਸ਼ਮੀ	1	1	1	0	2CH 29:14
ਸ਼ਮੀਦਾ	2	2	2	3	NUM 26:32
ਸ਼ਮੀਦਾਈਆਂ	1	1	1	1	NUM 26:32
ਸ਼ਮੀਨੀਥ	1	1	1	1	1CH 15:21
ਸ਼ਮੀਰਮੋਥ	1	1	1	0	2CH 17:8
ਸ਼ਮੀਰਾਮੋਥ	3	3	1	4	1CH 15:18
ਸ਼ਮੂਆ	1	1	1	0	NEH 11:17
ਸ਼ਮੂਆਹ	1	1	1	4	2SA 5:14
ਸ਼ਮੂਏਲ	4	4	2	2	NUM 34:20
ਸ਼ਰਈਰ	1	1	1	0	1CO 6:9
ਸ਼ਰਣ	1	1	1	0	PSA 11:1
ਸ਼ਰਤ	2	2	2	0	2KI 18:23
ਸ਼ਰਤਾਂ	2	2	2	5	DAN 11:17
ਸ਼ਰਧਾ	3	3	3	3	2KI 18:19
ਸ਼ਰਧਾਲੂ	9	9	5	3	2CH 15:13
ਸ਼ਰਧਾਲੂਆਂ	1	1	1	0	1TH 1:7
ਸ਼ਰਧਾਲੂਓ	1	1	1	0	1TH 2:10
ਸ਼ਰਨ	13	13	3	16	PSA 5:11
ਸ਼ਰਨਾਰਥੀ	1	1	1	1	PSA 141:8
ਸ਼ਰਨਾਰਥੀਆਂ	5	5	3	4	2SA 22:31
ਸ਼ਰਨੀ	2	2	2	0	2SA 22:3
ਸ਼ਰਬ	1	1	1	0	PSA 91:1
ਸ਼ਰਬਤ	1	1	1	1	HOS 2:5
ਸ਼ਰਬਤੀ	1	1	1	0	EZR 10:15
ਸ਼ਰਮ	37	37	17	35	LEV 20:17
ਸ਼ਰਮਯਾਹ	1	1	1	0	EZR 10:41
ਸ਼ਰਮਸਾਰ	6	6	3	0	1CO 4:14
ਸ਼ਰਮਸਾਰੀ	2	2	1	0	1CO 11:4
ਸ਼ਰਮਾਇਆ	2	2	2	2	JER 48:13
ਸ਼ਰਮਾਉਂਦਾ	4	4	3	3	ROM 1:16
ਸ਼ਰਮਾਏਗਾ	2	2	1	4	LUK 9:26
ਸ਼ਰਮਾਵੀਂ	1	1	1	1	2TI 1:8
ਸ਼ਰਮਾਵੇਗਾ	3	3	2	1	JER 48:13
ਸ਼ਰਮਿੰਦਗੀ	16	16	9	29	2SA 19:5
ਸ਼ਰਮਿੰਦਾ	29	29	14	43	1SA 17:10
ਸ਼ਰਮਿੰਦਿਆਂ	5	5	5	4	2CH 30:15
ਸ਼ਰਮਿੰਦੀ	7	7	4	7	ISA 54:4
ਸ਼ਰਮਿੰਦੇ	30	30	6	50	1CH 19:5
ਸ਼ਰਯਾਹ	1	1	1	0	NEH 12:1
ਸ਼ਰਸਰ	2	2	2	2	2KI 19:37
ਸ਼ਰਸ਼	1	1	1	1	1CH 7:16
ਸ਼ਰਾ	143	143	10	0	SNG 8:5
ਸ਼ਰਾਂ	1	1	1	0	EPH 2:15
ਸ਼ਰਾਪ	2	2	2	0	JHN 7:49
ਸ਼ਰਾਬ	26	26	10	30	NUM 6:3
ਸ਼ਰਾਬੀ	19	19	12	16	DEU 21:20
ਸ਼ਰਾਬੀਆਂ	6	6	4	7	PRO 23:20
ਸ਼ਰਾਰ	1	1	1	0	2SA 23:33
ਸ਼ਰਾਰਤ	15	15	6	8	NUM 23:21
ਸ਼ਰਾਰਤਾਂ	1	1	1	1	PSA 64:6
ਸ਼ਰਾਰਤੀ	1	1	1	0	PRO 17:4
ਸ਼ਰਾਸਰ	2	2	2	1	JER 39:13
ਸ਼ਰਾਹੀਨਾਂ	1	1	1	0	1TI 1:9
ਸ਼ਰੀਕ	3	3	3	1	EXO 20:23
ਸ਼ਰੀਕਾ	2	2	2	2	1KI 12:16
ਸ਼ਰੀਫ	6	6	5	5	ECC 10:17
ਸ਼ਰੀਫ਼	1	1	1	0	NEH 5:17
ਸ਼ਰੀਫਾ	1	1	1	0	NEH 5:7
ਸ਼ਰੀਫਾਂ	9	9	4	5	2CH 23:20
ਸ਼ਰੀਰ	105	105	8	0	LAM 4:7
ਸ਼ਰੀਰਕ	2	2	2	0	JHN 1:13
ਸ਼ਰੀਰਾਂ	7	7	4	0	1CO 6:20
ਸ਼ਰ੍ਹਾ	37	37	5	0	LUK 2:23
ਸ਼ਲਮਨ	1	1	1	1	HOS 10:14
ਸ਼ਲਮਨਸਰ	2	2	1	2	2KI 17:3
ਸ਼ਲਮਯਾਹ	8	8	3	10	EZR 10:39
ਸ਼ਲਮ੍ਯਾਹ	1	1	1	0	1CH 26:14
ਸ਼ਲਹ	5	5	2	1	GEN 11:12
ਸ਼ਲੀਸ਼ਾਹ	1	1	1	1	1SA 9:4
ਸ਼ਲੁਮੀਏਲ	5	5	1	5	NUM 1:6
ਸ਼ਲੁੱਮ	1	1	1	0	2KI 22:14
ਸ਼ਲੂਮ	1	1	1	0	2CH 28:12
ਸ਼ਲੋਮ	1	1	1	0	JDG 6:24
ਸ਼ਲੋਮੀ	1	1	1	1	NUM 34:27
ਸ਼ਲੋਮੀਥ	5	5	3	5	1CH 3:19
ਸ਼ਲੋਮੋਥ	4	4	1	4	1CH 24:22
ਸ਼ਵਾ	1	1	1	2	1CH 2:49
ਸ਼ਸਤਰ	18	18	9	65	JOS 1:14
ਸ਼ਸਤਰ-ਖਾਨੇ	1	1	1	0	SNG 4:4
ਸ਼ਸਤਰਾਂ	4	4	3	10	ISA 22:8
ਸ਼ਸਤਾਂ	1	1	1	0	ECC 9:18
ਸ਼ਸਤ੍ਰ	48	48	14	0	GEN 27:3
ਸ਼ਸਤ੍ਰਧਾਰੀ	1	1	1	0	DEU 3:18
ਸ਼ਸਤ੍ਰਾਂ	5	5	3	0	1SA 17:54
ਸ਼ਸ਼ਤਰ	2	2	2	0	2KI 3:21
ਸ਼ਸ਼ਤ੍ਰ	2	2	2	0	1SA 14:1
ਸ਼ਸ਼ਤ੍ਰਾਂ	1	1	1	0	EZK 23:24
ਸ਼ਸ਼ਾਮਲਾਤਾਂ	1	1	1	0	1CH 6:68
ਸ਼ਹਰਯਾਹ	1	1	1	1	1CH 8:26
ਸ਼ਹਰਯਿਮ	1	1	1	1	1CH 8:8
ਸ਼ਹਿ	1	1	1	0	2SA 21:17
ਸ਼ਹਿਜਾਦਿਆਂ	1	1	1	1	EST 1:3
ਸ਼ਹਿਤ	55	55	20	0	GEN 43:11
ਸ਼ਹਿਦ	7	7	2	65	2CH 31:5
ਸ਼ਹਿਰ	808	808	44	902	GEN 10:12
ਸ਼ਹਿਰਾ	1	1	1	0	DEU 3:19
ਸ਼ਹਿਰਾਂ	194	194	26	200	LEV 25:32
ਸ਼ਹਿਰੀ	1	1	1	1	1KI 21:8
ਸ਼ਹਿਰੀਆਂ	1	1	1	0	JDG 8:17
ਸ਼ਹਿਰੋਂ	27	27	12	15	LEV 14:45
ਸ਼ਹੀਦ	1	1	1	2	ACT 22:20
ਸ਼ਹੀਦਾਂ	1	1	1	1	REV 17:6
ਸ਼ਾ	2	2	2	0	1SA 15:35
ਸ਼ਾਂਤ	32	32	19	31	GEN 5:29
ਸ਼ਾਂਤਮਈ	3	3	2	0	1CO 16:11
ਸ਼ਾਂਤੀ	166	166	44	220	GEN 15:15
ਸ਼ਾਂਤੀ-ਦਾਇਕ	1	1	1	1	HEB 12:11
ਸ਼ਾਅਫ	1	1	1	1	1CH 2:47
ਸ਼ਾਇਤ	35	35	14	0	GEN 16:2
ਸ਼ਾਇਦ	22	22	7	73	JER 51:8
ਸ਼ਾਉਲ	1	1	1	0	NUM 26:13
ਸ਼ਾਉਲੀਆਂ	1	1	1	0	NUM 26:13
ਸ਼ਾਊਲ	390	390	6	428	EXO 6:15
ਸ਼ਾਊਲੀ	1	1	1	0	1SA 15:34
ਸ਼ਾਕਯਾਹ	1	1	1	1	1CH 8:10
ਸ਼ਾਖ	5	5	3	5	ISA 4:2
ਸ਼ਾਖਾਂ	3	3	3	4	PSA 80:11
ਸ਼ਾਗੇ	1	1	1	1	1CH 11:34
ਸ਼ਾਤੀ	5	5	2	0	PRO 3:2
ਸ਼ਾਦੀ	1	1	1	1	JOS 23:12
ਸ਼ਾਨ	32	32	12	38	DEU 33:17
ਸ਼ਾਨਦਾਰ	21	21	5	22	JOB 36:22
ਸ਼ਾਫ਼ਨ	1	1	1	0	EZK 8:11
ਸ਼ਾਫ਼ਰ	2	2	1	2	NUM 33:23
ਸ਼ਾਫ਼ਾਨ	8	8	1	0	JER 36:10
ਸ਼ਾਫਾਟ	5	5	3	8	NUM 13:5
ਸ਼ਾਫਾਤ	2	2	1	0	2KI 3:11
ਸ਼ਾਫਾਨ	22	22	4	30	2KI 22:3
ਸ਼ਾਫੀਰ	1	1	1	1	MIC 1:11
ਸ਼ਾਬਾਸ਼ੇ	3	3	2	0	MAT 25:21
ਸ਼ਾਮ	17	17	8	142	GEN 8:11
ਸ਼ਾਮਤ	1	1	1	1	EZK 7:10
ਸ਼ਾਮਰ	2	2	1	2	1CH 6:46
ਸ਼ਾਮਲ	1	1	1	7	2CH 15:12
ਸ਼ਾਮਲਾਤ	58	58	5	0	LEV 25:34
ਸ਼ਾਮਲਾਤਾਂ	49	49	3	0	NUM 35:5
ਸ਼ਾਮਲਾਥ	1	1	1	0	JOS 21:31
ਸ਼ਾਮਾ	2	2	2	2	1CH 11:44
ਸ਼ਾਮਾਂ	25	25	10	16	GEN 24:11
ਸ਼ਾਮਾਲਤ	2	2	1	0	JOS 21:25
ਸ਼ਾਮਿਆਨੇ	2	2	1	2	1KI 20:12
ਸ਼ਾਮਿਲ	3	3	3	23	1CO 15:27
ਸ਼ਾਮੀਰ	4	4	3	4	JOS 15:48
ਸ਼ਾਮੂਏਲ	1	1	1	0	1CH 7:2
ਸ਼ਾਰਈ	1	1	1	1	EZR 10:40
ਸ਼ਾਰੋਨ	6	6	3	6	1CH 5:16
ਸ਼ਾਰੋਨੀ	1	1	1	1	1CH 27:29
ਸ਼ਾਲਫ	1	1	1	2	1CH 1:20
ਸ਼ਾਲਹ	4	4	2	9	GEN 10:24
ਸ਼ਾਲੀ	1	1	1	0	2TH 2:11
ਸ਼ਾਲੀਮ	1	1	1	1	1SA 9:4
ਸ਼ਾਲੇਮ	2	2	2	2	GEN 14:18
ਸ਼ਾਵੇਹ	1	1	1	1	GEN 14:17
ਸ਼ਾਸਕਾਂ	1	1	1	0	1CO 15:24
ਸ਼ਾਸਨ	4	4	1	25	1CO 9:20
ਸ਼ਾਸ਼ਈ	1	1	1	1	EZR 10:40
ਸ਼ਾਸ਼ਕ	2	2	1	3	1CH 8:14
ਸ਼ਾਸ਼ਤਰ	1	1	1	1	PSA 78:9
ਸ਼ਾਹ	5	5	3	1	PSA 109:11
ਸ਼ਾਹੀ	59	59	17	95	GEN 39:20
ਸ਼ਾਹੂਕਾਰ	1	1	1	2	LUK 7:41
ਸ਼ਿਕਵੇ	2	2	2	0	JOB 3:24
ਸ਼ਿਕਾਇਤ	4	4	3	18	1CO 6:1
ਸ਼ਿਕਾਇਤਾਂ	4	4	2	3	1CO 6:1
ਸ਼ਿਕਾਰ	51	51	16	57	GEN 25:28
ਸ਼ਿਕਾਰੀ	17	17	9	13	GEN 10:9
ਸ਼ਿਕਾਰੀਆਂ	1	1	1	1	JER 16:16
ਸ਼ਿਕਾਰੋਂ	1	1	1	0	GEN 27:30
ਸ਼ਿਖਸ਼ਾ	1	1	1	0	NEH 9:20
ਸ਼ਿਗਯੋਨੋਥ	1	1	1	1	HAB 3:1
ਸ਼ਿਘਾਸਣ	1	1	1	0	DAN 7:9
ਸ਼ਿਟਰਈ	1	1	1	1	1CH 27:29
ਸ਼ਿਤਾਬੀ	1	1	1	1	PSA 68:31
ਸ਼ਿਨਆਰ	3	3	3	0	JOS 7:21
ਸ਼ਿਨਾਰ	2	2	2	8	GEN 10:10
ਸ਼ਿਨਾਸ	1	1	1	0	DAN 1:20
ਸ਼ਿਫਟਾਨ	1	1	1	0	NUM 34:24
ਸ਼ਿਫਮੀ	1	1	1	1	1CH 27:27
ਸ਼ਿਫ਼ਈ	1	1	1	1	1CH 4:37
ਸ਼ਿਫਾ	1	1	1	0	MAL 4:2
ਸ਼ਿਬਆਹ	1	1	1	1	GEN 26:33
ਸ਼ਿਬਮਾਹ	1	1	1	0	NUM 32:38
ਸ਼ਿਮਅਈ	1	1	1	0	2SA 21:21
ਸ਼ਿਮਆ	4	4	1	2	1CH 2:13
ਸ਼ਿਮਆਥ	1	1	1	2	2CH 24:26
ਸ਼ਿਮਆਥੀ	1	1	1	1	1CH 2:55
ਸ਼ਿਮਆਮ	1	1	1	1	1CH 9:38
ਸ਼ਿਮਆਹ	2	2	2	6	2SA 13:32
ਸ਼ਿਮਈ	40	40	8	43	NUM 3:18
ਸ਼ਿਮਈਆਂ	1	1	1	1	NUM 3:21
ਸ਼ਿਮਓਨ	35	35	12	38	GEN 29:33
ਸ਼ਿਮਓਨੀਆਂ	10	10	3	13	NUM 7:36
ਸ਼ਿਮਰਾਥ	1	1	1	1	1CH 8:21
ਸ਼ਿਮਰੀ	3	3	2	4	1CH 4:37
ਸ਼ਿਮਰੀਥ	1	1	1	1	2CH 24:26
ਸ਼ਿਮਰੋਨ	5	5	3	6	NUM 26:24
ਸ਼ਿਮਰੋਨੀਆਂ	1	1	1	1	NUM 26:24
ਸ਼ਿਮਸ਼ਈ	2	2	1	4	EZR 4:17
ਸ਼ਿਮਾਈ	2	2	1	0	1KI 1:8
ਸ਼ਿਮਾਓਨ	1	1	1	0	1CH 4:42
ਸ਼ਿਮੀਦਾ	1	1	1	0	1CH 7:19
ਸ਼ਿਮੋਓਨੀਆਂ	2	2	2	0	NUM 26:14
ਸ਼ਿਮੋਨੀਆਂ	1	1	1	0	1CH 27:16
ਸ਼ਿਰੋਮਣੀ	1	1	1	0	NEH 8:18
ਸ਼ਿਰੋਮਨੀ	2	2	1	0	JOL 1:14
ਸ਼ਿਲਰੀ	1	1	1	0	2CH 20:31
ਸ਼ਿਲਸ਼ਾਹ	1	1	1	1	1CH 7:37
ਸ਼ਿਲਹੀ	1	1	1	2	1KI 22:42
ਸ਼ਿਲੋਨੀ	1	1	1	1	NEH 11:5
ਸ਼ਿਲੋਹ	3	3	1	0	1SA 1:3
ਸ਼ਿਵਾ	1	1	1	0	2SA 20:25
ਸ਼ਿਹੋਰ	1	1	1	1	ISA 23:3
ਸ਼ਿੰਗਰਫ	1	1	1	1	EZK 23:14
ਸ਼ਿੰਗਾਰ	2	2	2	7	PSA 45:9
ਸ਼ਿੰਗਾਰਿਆ	1	1	1	1	EZK 23:40
ਸ਼ਿੱਟਾਹ	2	2	2	1	JDG 7:22
ਸ਼ਿੱਟੀਮ	32	32	6	31	EXO 25:5
ਸ਼ਿੱਬੋਲਥ	1	1	1	1	JDG 12:6
ਸ਼ਿੱਲੇਮ	1	1	1	2	NUM 26:49
ਸ਼ਿੱਲੇਮੀਆਂ	1	1	1	1	NUM 26:49
ਸ਼ੀਂਹ	9	9	5	0	2KI 17:25
ਸ਼ੀਓਨ	1	1	1	1	JOS 19:19
ਸ਼ੀਜ਼ਾ	1	1	1	1	1CH 11:42
ਸ਼ੀਮੋਨ	1	1	1	1	1CH 4:20
ਸ਼ੀਲ	1	1	1	1	PRO 17:27
ਸ਼ੀਲਹੀਮ	1	1	1	0	JOS 15:32
ਸ਼ੀਲੋਆਹ	1	1	1	1	ISA 8:6
ਸ਼ੀਲੋਨੀ	5	5	2	5	1KI 11:29
ਸ਼ੀਲੋਨੀਆਂ	1	1	1	1	1CH 9:5
ਸ਼ੀਲੋਹ	30	30	6	35	JOS 16:6
ਸ਼ੀਸ਼ਕ	6	6	2	7	1KI 11:40
ਸ਼ੀਸ਼ਾ	1	1	1	1	1KI 4:3
ਸ਼ੀਸ਼ੀ	4	4	3	3	MAT 26:7
ਸ਼ੀਸ਼ੇ	6	6	5	6	JOB 37:18
ਸ਼ੀਹ	2	2	2	0	2SA 23:20
ਸ਼ੀਹਣੀ	3	3	2	0	JER 51:38
ਸ਼ੀਹੋਰ	2	2	2	1	JOS 19:26
ਸ਼ੁਆਹ	1	1	1	2	1CH 1:32
ਸ਼ੁਕਰ	15	15	7	6	DAN 2:23
ਸ਼ੁਕਰਗੁਜ਼ਾਰ	1	1	1	0	1CO 15:57
ਸ਼ੁਕਰਦੀਆਂ	1	1	1	0	JUD 1:13
ਸ਼ੁਕਰਾਨਾ	13	13	3	0	1CO 1:14
ਸ਼ੁਕਰਾਨੇ	1	1	1	0	1CO 14:16
ਸ਼ੁਗਲ	1	1	1	0	DAN 6:18
ਸ਼ੁਤਰ	5	5	4	0	DEU 14:15
ਸ਼ੁਤਰ-ਮੁਰਗ	3	3	2	0	ISA 13:21
ਸ਼ੁਤਰ-ਮੁਰਗਾਂ	1	1	1	0	LAM 4:3
ਸ਼ੁਤਰਮੁਰਗ	1	1	1	8	LEV 11:16
ਸ਼ੁਥਲਹ	2	2	1	4	NUM 26:35
ਸ਼ੁਥਲਹੀਆਂ	1	1	1	1	NUM 26:35
ਸ਼ੁਦ	1	1	1	0	2PE 3:14
ਸ਼ੁਦਾ	1	1	1	0	DEU 28:28
ਸ਼ੁਦਾਈ	1	1	1	1	DEU 28:34
ਸ਼ੁਧ	19	19	6	0	1CH 23:28
ਸ਼ੁਧਤਾ	3	3	2	0	JHN 3:25
ਸ਼ੁਧੀਕਰਨ	1	1	1	0	JHN 2:6
ਸ਼ੁਬਕਾਮਨਾਵਾਂ	1	1	1	0	1CO 16:19
ਸ਼ੁਭ	23	23	14	7	EST 8:17
ਸ਼ੁਭਕਾਮਨਾ	2	2	2	0	1CO 16:20
ਸ਼ੁਭਕਾਮਨਾਵਾਂ	14	14	7	1	1CO 1:1
ਸ਼ੁਭਕਾਮਾਨਾਵਾਂ	2	2	2	0	1TH 1:1
ਸ਼ੁਮਾਥੀ	1	1	1	1	1CH 2:53
ਸ਼ੁਮਾਰ	1	1	1	1	EXO 30:12
ਸ਼ੁਰੂ	32	32	13	66	DEU 2:25
ਸ਼ੁਲ	1	1	1	0	1SA 14:19
ਸ਼ੁਸ਼ਨਕਾਈ	1	1	1	1	EZR 4:9
ਸ਼ੁੱਧ	170	170	28	218	GEN 7:2
ਸ਼ੁੱਧਤਾਈ	3	3	3	5	LEV 14:32
ਸ਼ੁੱਧਮਨ	1	1	1	0	MAT 5:8
ਸ਼ੁੱਪੀਮ	1	1	1	2	1CH 7:12
ਸ਼ੁੱਭ	1	1	1	0	DEU 6:18
ਸ਼ੂਆ	4	4	2	4	GEN 38:2
ਸ਼ੂਆਲ	2	2	2	2	1SA 13:17
ਸ਼ੂਕਰਨਗੇ	1	1	1	0	EZK 27:36
ਸ਼ੂਕਰੇਗਾ	1	1	1	0	ZEP 2:15
ਸ਼ੂਥਾਲਹ	2	2	1	0	1CH 7:20
ਸ਼ੂਨੇਮ	3	3	3	4	JOS 19:18
ਸ਼ੂਬਾਏਲ	3	3	1	3	1CH 24:20
ਸ਼ੂਰ	4	4	3	6	GEN 20:1
ਸ਼ੂਰੀਸ਼ਦਾਈ	1	1	1	0	NUM 1:6
ਸ਼ੂਲ	1	1	1	0	2SA 21:12
ਸ਼ੂਸ਼ਨ	20	20	3	21	NEH 1:1
ਸ਼ੂਹਾਮ	1	1	1	1	NUM 26:42
ਸ਼ੂਹਾਮੀਆਂ	2	2	1	2	NUM 26:42
ਸ਼ੂਹਾਹ	1	1	1	1	1CH 4:11
ਸ਼ੂਹੀ	5	5	1	6	JOB 2:11
ਸ਼ੂੰਨਮੀ	8	8	2	0	1KI 1:3
ਸ਼ੇਈਰ	9	9	2	1	GEN 32:3
ਸ਼ੇਖੀ	8	8	5	4	PRO 20:14
ਸ਼ੇਖੀਬਾਜ	2	2	2	2	ROM 1:30
ਸ਼ੇਥਾਰ	1	1	1	1	EST 1:14
ਸ਼ੇਨ	1	1	1	1	1SA 7:12
ਸ਼ੇਬਾ	1	1	1	0	JOB 6:19
ਸ਼ੇਮ	18	18	3	20	GEN 5:32
ਸ਼ੇਰ	97	97	25	114	DEU 33:22
ਸ਼ੇਰਨੀ	9	9	6	16	DEU 33:20
ਸ਼ੇਰਨੀਆਂ	2	2	1	2	NAM 2:11
ਸ਼ੇਰਬਯਾਹ	1	1	1	0	EZR 8:24
ਸ਼ੇਰਾ	2	2	1	0	PSA 57:4
ਸ਼ੇਰਾਂ	24	24	10	30	1KI 7:29
ਸ਼ੇਰੇਬਯਾਹ	6	6	2	9	EZR 8:18
ਸ਼ੇਲਸ਼	1	1	1	1	1CH 7:35
ਸ਼ੇਲਾਹ	8	8	3	9	GEN 38:5
ਸ਼ੇਲਾਹੀਆਂ	1	1	1	1	NUM 26:20
ਸ਼ੇਸ਼ਈ	2	2	2	3	NUM 13:22
ਸ਼ੇਸ਼ਕ	2	2	1	2	JER 25:26
ਸ਼ੇਸ਼ਬੱਸਰ	4	4	1	4	EZR 1:8
ਸ਼ੇਸ਼ਾਨ	5	5	1	5	1CH 2:31
ਸ਼ੈ	3	3	2	0	NUM 16:26
ਸ਼ੈਅ	4	4	3	0	1CO 10:26
ਸ਼ੈਤਾਨ	16	16	8	108	2SA 16:7
ਸ਼ੈਤਾਨੀ	1	1	1	1	JAS 3:15
ਸ਼ੋਆ	1	1	1	1	EZK 23:23
ਸ਼ੋਆਲ	1	1	1	0	1CH 2:52
ਸ਼ੋਕ	3	3	1	0	PHP 2:27
ਸ਼ੋਖੀ	1	1	1	0	HOS 7:16
ਸ਼ੋਫਕ	2	2	1	2	1CH 19:16
ਸ਼ੋਫਾਨ	1	1	1	0	NUM 32:35
ਸ਼ੋਬਕ	1	1	1	0	2SA 10:18
ਸ਼ੋਬਾਈ	1	1	1	0	NEH 7:45
ਸ਼ੋਬਾਬ	3	3	2	3	2SA 5:14
ਸ਼ੋਬਾਲ	5	5	1	9	1CH 1:38
ਸ਼ੋਬਾਹ	3	3	1	0	1CH 18:3
ਸ਼ੋਬੇਕ	1	1	1	1	NEH 10:24
ਸ਼ੋਭਾ	2	2	1	19	ROM 2:29
ਸ਼ੋਮਰ	1	1	1	1	1CH 7:32
ਸ਼ੋਮੇਰ	1	1	1	1	2KI 12:21
ਸ਼ੋਰ	19	19	7	19	2CH 25:11
ਸ਼ੋਰਾ	1	1	1	1	ISA 65:4
ਸ਼ੋਸ਼ਨ	1	1	1	0	SNG 5:13
ਸ਼ੋਹਮ	1	1	1	1	1CH 24:27
ਸ਼ੋਹਰ	1	1	1	0	GEN 25:9
ਸ਼ੋਹਲੇ	1	1	1	0	JOB 41:21
ਸ਼ੌਕ	1	1	1	0	ECC 5:9
ਸ਼ੌਰ	1	1	1	0	ISA 9:5
ਸ਼ੌਵਸ਼ਾ	1	1	1	1	1CH 18:16
ਸ਼੍ਰੀ	4	4	1	6	JHN 4:11
ਸ਼੍ਰੀਮਾਨ	2	2	1	0	JHN 5:7
ਸ਼੍ਰੋਮਣੀ	1	1	1	0	2CH 7:9
ਸ਼ੰਕਾ	2	2	1	0	JAS 1:6
ਸ਼ੰਕਾਲੂ	2	2	1	0	JAS 1:6
ਸ਼ੰਮਈ	6	6	1	6	1CH 2:28
ਸ਼ੰਮਾ	1	1	1	1	1CH 7:37
ਸ਼ੰਮਾਹ	6	6	3	8	GEN 36:13
ਸ਼ੰਮੂਆ	2	2	2	2	NUM 13:4
ਸ਼ੰਮੂਆਤੇ	1	1	1	0	1CH 14:4
ਸ਼ੰਮੋਥ	1	1	1	1	1CH 11:27
ਸ਼ੱਕ	2	2	2	10	JHN 20:27
ਸ਼ੱਕਤੀ	1	1	1	0	2KI 19:3
ਸ਼ੱਪ	1	1	1	0	EXO 23:1
ਸ਼ੱਪੀਮ	1	1	1	1	1CH 26:16
ਸ਼ੱਮਾਹ	1	1	1	0	1CH 1:37
ਸ਼ੱਲਕਥ	1	1	1	1	1CH 26:16
ਸ਼ੱਲੁਮ	8	8	4	0	2KI 15:10
ਸ਼ੱਲੂਨ	1	1	1	1	NEH 3:15
ਸ਼ੱਲੂਮ	15	15	4	28	1CH 2:40
ਸ਼ੱਸਤ੍ਰ	7	7	2	0	1CH 10:4
ਸ਼ੱਸਤ੍ਰਾਂ	1	1	1	0	1CH 10:10
ਸਾਂ	245	245	41	0	GEN 24:27
ਸਾਂਗ	8	8	3	2	1SA 18:10
ਸਾਂਝ	9	9	8	11	EZR 3:3
ਸਾਂਝਾ	2	2	1	2	1CO 10:17
ਸਾਂਝੀ	32	32	19	39	1KI 2:26
ਸਾਂਝੀਆਂ	5	5	4	0	OBA 1:7
ਸਾਂਝੀਵਾਨ	3	3	1	0	1CO 10:16
ਸਾਂਝੀਵਾਲ	1	1	1	0	1CO 1:9
ਸਾਂਝੇ	3	3	3	3	ROM 8:17
ਸਾਂਢ	1	1	1	0	PSA 92:10
ਸਾਂਤੀ	1	1	1	0	MIC 5:5
ਸਾਂਦ	172	172	31	0	GEN 37:14
ਸਾਂਨੂੰ	1	1	1	0	DEU 1:27
ਸਾਂਨ੍ਹ	1	1	1	0	JER 52:20
ਸਾਂਬਰ	1	1	1	1	DEU 14:5
ਸਾਂਭ	20	20	10	13	GEN 21:18
ਸਾਂਭਣ	7	7	4	4	EXO 22:10
ਸਾਂਭਾਂਗਾ	1	1	1	2	PSA 89:29
ਸਾਂਭਿਆ	7	7	4	5	EXO 16:33
ਸਾਂਭੀ	5	5	3	1	LEV 19:9
ਸਾਂਭੇ	1	1	1	1	HOS 12:13
ਸਾਂਭੇਗਾ	2	2	1	1	PSA 27:10
ਸਾਂਭੋ	3	3	2	0	NUM 18:5
ਸਾਈ	3	3	2	3	2CO 1:22
ਸਾਈਂ	1	1	1	0	ISA 1:3
ਸਾਉਣੀ	1	1	1	1	GEN 8:22
ਸਾਊਲ	2	2	1	1	GEN 36:37
ਸਾਏ	3	3	3	4	LAM 4:20
ਸਾਓ	80	80	24	0	GEN 44:15
ਸਾਕ	26	26	13	1	GEN 29:12
ਸਾਕਾਂ	19	19	10	3	GEN 12:1
ਸਾਕਾਦਾਰੀ	1	1	1	0	1KI 3:1
ਸਾਕਾਰ	2	2	1	2	1CH 11:35
ਸਾਕੀ	9	9	4	5	GEN 40:1
ਸਾਕੀਆਂ	3	3	1	6	GEN 40:2
ਸਾਖ਼ੀ	1	1	1	0	JHN 5:37
ਸਾਖੀ	167	167	30	58	GEN 31:44
ਸਾਖੀਆਂ	34	34	7	36	DEU 4:45
ਸਾਗ	28	28	13	31	GEN 1:11
ਸਾਗਰ	30	30	7	33	2CH 2:16
ਸਾਗਰਾਂ	5	5	1	6	EZK 26:17
ਸਾਗਰੀ	16	16	5	17	1KI 7:23
ਸਾਜ	1	1	1	2	ISA 45:16
ਸਾਜਣ	2	2	2	0	AMO 4:13
ਸਾਜਣਹਾਰ	4	4	2	0	ISA 44:24
ਸਾਜਨਾ	1	1	1	0	1PE 4:19
ਸਾਜ਼	3	3	3	4	2CH 7:6
ਸਾਜ਼ਾ	1	1	1	0	2CH 5:13
ਸਾਜ਼ਾਂ	1	1	1	2	1CH 23:5
ਸਾਜਿਆ	24	24	9	7	JOB 10:8
ਸਾਜੀਆਂ	2	2	2	0	1CO 8:6
ਸਾਝਰੇ	1	1	1	0	JOB 38:12
ਸਾਡਾ	238	238	44	249	GEN 19:31
ਸਾਡਿਆਂ	22	22	11	13	JDG 19:19
ਸਾਡੀ	199	199	43	198	GEN 5:29
ਸਾਡੀਆਂ	67	67	27	59	GEN 23:6
ਸਾਡੇ	1198	1198	58	1254	GEN 3:22
ਸਾਢਿਆਂ	1	1	1	0	JOS 14:2
ਸਾਢੇ	13	13	8	16	1SA 17:7
ਸਾਤਾ	3	3	2	0	GEN 29:27
ਸਾਤਿਆਂ	2	2	1	1	DAN 9:26
ਸਾਤੇ	7	7	2	5	DAN 9:24
ਸਾਥ	2	2	2	2	PHP 4:15
ਸਾਥਣ	1	1	1	2	MAL 2:14
ਸਾਥਿਆਂ	1	1	1	0	EZR 4:7
ਸਾਥੀ	34	34	22	50	EXO 2:13
ਸਾਥੀਆ	1	1	1	0	PSA 25:10
ਸਾਥੀਆਂ	28	28	14	43	GEN 24:32
ਸਾਥੀਓ	2	2	2	1	EZR 6:6
ਸਾਥੋਂ	34	34	23	10	GEN 50:15
ਸਾਦਗੀ	1	1	1	1	2CO 11:3
ਸਾਦੋਕ	47	47	8	55	2SA 8:17
ਸਾਧ	4	4	4	1	DEU 27:9
ਸਾਧਣ	2	2	1	0	EZK 4:16
ਸਾਧਨਾ	2	2	1	1	1TI 4:7
ਸਾਧਾਰਨ	1	1	1	0	EZK 42:20
ਸਾਧੀਆਂ	1	1	1	0	HEB 5:14
ਸਾਧੇ	2	2	2	2	PSA 119:130
ਸਾਨ	1	1	1	0	DEU 14:5
ਸਾਨੂੰ	654	654	52	658	GEN 5:29
ਸਾਨ੍ਹ	8	8	5	12	NUM 23:22
ਸਾਨ੍ਹਾਂ	3	3	2	0	PSA 50:13
ਸਾਫ	18	18	8	0	2CH 29:15
ਸਾਫਨਥ	1	1	1	1	GEN 41:45
ਸਾਫ਼	68	68	29	80	NUM 5:28
ਸਾਫ਼-ਸਾਫ਼	4	4	2	8	JHN 1:20
ਸਾਫ਼ੇ	3	3	2	2	EXO 28:40
ਸਾਫੋਨ	1	1	1	0	JOS 13:27
ਸਾਬਣ	2	2	2	2	JER 2:22
ਸਾਬਤ	31	31	14	33	EXO 36:29
ਸਾਬਤਾ	1	1	1	1	PRO 1:12
ਸਾਬਿਤ	4	4	4	1	EXO 26:24
ਸਾਭਾਂਗਾ	1	1	1	0	PSA 119:34
ਸਾਭਾਂਗੇ	1	1	1	0	LEV 25:20
ਸਾਮਗਰੀ	1	1	1	0	HEB 9:21
ਸਾਮਣੇ	1	1	1	0	2SA 13:6
ਸਾਮਰਥ	5	5	1	7	2KI 10:34
ਸਾਮਰਥਾ	1	1	1	0	2KI 20:20
ਸਾਮਰਿਆ	1	1	1	0	2CH 22:9
ਸਾਮਰਿਯਾ	119	119	15	138	1KI 13:32
ਸਾਮਰੀ	7	7	2	9	LUK 10:33
ਸਾਮਰੀਆਂ	2	2	2	1	MAT 10:5
ਸਾਮਹਣੇ	1	1	1	0	1SA 2:1
ਸਾਮਾਨ	14	14	3	0	NUM 3:8
ਸਾਮੁਸ	1	1	1	1	ACT 20:15
ਸਾਮ੍ਹਣਾ	2	2	2	0	1TH 3:4
ਸਾਮ੍ਹਣੇ	12	12	3	0	JHN 5:45
ਸਾਯਾ	10	10	7	7	JOB 3:5
ਸਾਯੇ	29	29	8	19	JOB 10:21
ਸਾਰ	33	33	14	34	NUM 30:12
ਸਾਰਆਥੀ	1	1	1	1	1CH 2:53
ਸਾਰਆਥੀਆਂ	1	1	1	1	1CH 4:2
ਸਾਰਆਹ	2	2	2	0	2CH 11:10
ਸਾਰਈ	18	18	2	18	GEN 11:29
ਸਾਰਥਾਨ	2	2	2	3	JOS 3:16
ਸਾਰਥਾਨਾਹ	1	1	1	0	1KI 4:12
ਸਾਰਥੀ	5	5	4	5	1KI 22:34
ਸਾਰਦੀਸ	3	3	1	4	REV 1:11
ਸਾਰਫਥ	3	3	2	4	1KI 17:9
ਸਾਰਸ	1	1	1	1	JER 8:7
ਸਾਰਹ	1	1	1	0	NUM 26:46
ਸਾਰਾ	378	378	45	372	GEN 6:5
ਸਾਰਾਫ	1	1	1	1	1CH 4:22
ਸਾਰਾਹ	51	51	7	52	GEN 17:15
ਸਾਰਿਆ	9	9	6	0	DEU 25:18
ਸਾਰਿਆਂ	404	404	52	429	GEN 4:21
ਸਾਰਿਓ	3	3	3	1	JER 7:2
ਸਾਰਿਪਥ	1	1	1	0	LUK 4:26
ਸਾਰੀ	737	737	50	735	GEN 1:26
ਸਾਰੀਆ	4	4	1	0	PSA 9:17
ਸਾਰੀਆਂ	616	616	58	632	GEN 6:2
ਸਾਰੀਓ	6	6	2	8	PSA 103:21
ਸਾਰੀਦ	1	1	1	2	JOS 19:12
ਸਾਰੂਹਨ	1	1	1	1	JOS 19:6
ਸਾਰੇ	2416	2416	59	2760	GEN 1:20
ਸਾਰੇਕੁ	1	1	1	0	ACT 19:26
ਸਾਰੰਗੀ	1	1	1	4	DAN 3:5
ਸਾਲ	37	37	14	674	GEN 26:12
ਸਾਲਫ	1	1	1	0	GEN 10:26
ਸਾਲਬੀਮ	1	1	1	2	JDG 1:35
ਸਾਲਮਾ	2	2	1	2	1CH 2:51
ਸਾਲਸ	1	1	1	0	JOB 9:33
ਸਾਲਹ	1	1	1	0	1CH 1:24
ਸਾਲਾ	13	13	1	0	NUM 7:15
ਸਾਲਾਂ	4	4	4	230	NUM 29:13
ਸਾਲਿਮ	1	1	1	0	JHN 3:23
ਸਾਲੀ	1	1	1	1	1KI 11:19
ਸਾਲੂ	1	1	1	1	NUM 25:14
ਸਾਲੇ	17	17	2	0	NUM 7:17
ਸਾਲੇਮ	2	2	1	3	HEB 7:1
ਸਾਵਧਾਨ	1	1	1	15	1CO 16:13
ਸਾਵਧਾਨੀ	1	1	1	2	1CO 3:10
ਸਾਵੇਹ	1	1	1	1	GEN 14:5
ਸਾਹ	62	62	22	66	GEN 1:30
ਸਾਹਜਰੇ	1	1	1	0	2CH 20:20
ਸਾਹਦੂਥਾ	1	1	1	1	GEN 31:47
ਸਾਹਨ	1	1	1	0	GEN 32:15
ਸਾਹਨਾਂ	3	3	2	0	1KI 4:28
ਸਾਹਮਣ	1	1	1	0	1CH 22:18
ਸਾਹਮਣਾ	48	48	19	62	DEU 1:44
ਸਾਹਮਣਿਓਂ	15	15	9	20	GEN 3:8
ਸਾਹਮਣੀ	4	4	4	2	1KI 6:17
ਸਾਹਮਣੇ	450	450	43	536	GEN 6:13
ਸਾਹਲ	8	8	4	9	2KI 21:13
ਸਾਹਸੀਮਾਹ	1	1	1	1	JOS 19:22
ਸਾਹਿਬ	1	1	1	1	GEN 37:19
ਸਾੜ	81	81	27	81	GEN 38:24
ਸਾੜਦਾ	1	1	1	0	AMO 6:10
ਸਾੜਦੀ	3	3	3	3	PSA 83:14
ਸਾੜਦੇ	1	1	1	1	2KI 17:31
ਸਾੜਨ	14	14	8	13	EXO 21:25
ਸਾੜਨਗੇ	1	1	1	1	OBA 1:18
ਸਾੜਨਾ	2	2	1	0	LEV 2:11
ਸਾੜਾ	1	1	1	1	PRO 12:4
ਸਾੜਿਆ	23	23	5	25	LEV 2:12
ਸਾੜੀ	5	5	2	4	LEV 9:10
ਸਾੜੀਆਂ	7	7	7	6	LEV 6:23
ਸਾੜੇ	35	35	6	36	LEV 1:13
ਸਾੜੇਂਗਾ	1	1	1	1	JOS 11:6
ਸਾੜੇਗਾ	1	1	1	2	MAT 3:12
ਸਾੜੇਗੀ	2	2	1	2	ISA 43:2
ਸਾੜੋ	3	3	3	1	LEV 1:9
ਸਿਆਣ	14	14	11	3	GEN 2:9
ਸਿਆਣਕੇ	1	1	1	0	GEN 37:33
ਸਿਆਣਦਾ	4	4	3	0	ECC 8:5
ਸਿਆਣਦੇ	2	2	2	0	JOB 21:29
ਸਿਆਣਨ	3	3	3	0	LEV 11:47
ਸਿਆਣਨਗੇ	1	1	1	0	ISA 61:9
ਸਿਆਣਪ	30	30	8	9	2CH 11:23
ਸਿਆਣਪਤਾ	1	1	1	0	1CO 1:25
ਸਿਆਣਪੁਣੇ	1	1	1	2	HEB 6:1
ਸਿਆਣਵਾਲੇ	1	1	1	0	GEN 3:5
ਸਿਆਣਾ	28	28	13	24	GEN 25:27
ਸਿਆਣਿਆ	4	4	3	0	DEU 11:2
ਸਿਆਣਿਆਂ	6	6	4	8	EXO 7:11
ਸਿਆਣੀ	5	5	4	2	1SA 25:3
ਸਿਆਣੀਆਂ	4	4	4	3	JDG 5:29
ਸਿਆਣੀਦਾ	1	1	1	0	PRO 20:11
ਸਿਆਣੁ	1	1	1	0	1KI 9:27
ਸਿਆਣੂ	1	1	1	1	PSA 142:4
ਸਿਆਣੇ	33	33	15	28	GEN 41:8
ਸਿਆਣੇਂ	1	1	1	1	PSA 144:3
ਸਿਆਣੋ	1	1	1	0	GEN 37:32
ਸਿਆਤਾ	5	5	3	0	1SA 2:12
ਸਿਆਨਣ	1	1	1	0	ISA 58:2
ਸਿਆਨਣਗੇ	1	1	1	0	NUM 14:31
ਸਿਆਨਦੇ	1	1	1	0	DAN 11:32
ਸਿਆਪਾ	29	29	14	15	EXO 11:6
ਸਿਆਪੇ	8	8	7	3	DEU 34:8
ਸਿਆਲ	10	10	8	12	PSA 74:17
ਸਿਆਲੂ	1	1	1	0	AMO 3:15
ਸਿਆਹੀ	4	4	4	4	JER 36:18
ਸਿਆੜ	2	2	2	2	JOB 31:38
ਸਿਆੜਾਂ	3	3	3	3	PSA 65:10
ਸਿਉਂ	1	1	1	1	JOB 16:15
ਸਿਕਰੋਨ	1	1	1	1	JOS 15:11
ਸਿਕਲ	5	5	2	0	ISA 49:2
ਸਿਕਲਗ	11	11	3	15	1SA 27:6
ਸਿਕਲਾਗ	2	2	1	0	JOS 15:31
ਸਿਕਾ	1	1	1	0	EZK 27:12
ਸਿਕਿਆਂ	1	1	1	0	JHN 12:5
ਸਿਕੁੰਦੁਸ	1	1	1	1	ACT 20:4
ਸਿਕੰਦਰ	6	6	4	6	MRK 15:21
ਸਿਕੰਦਰਿਯਾ	3	3	1	4	ACT 18:24
ਸਿਕੰਦਰੀਆਂ	1	1	1	0	ACT 6:9
ਸਿਖ	2	2	2	0	1TH 4:4
ਸਿਖਣ	2	2	1	0	DEU 31:12
ਸਿਖਣਾ	2	2	2	0	1CO 10:6
ਸਿਖਣੀ	1	1	1	0	TIT 3:14
ਸਿਖਦਾ	1	1	1	0	JHN 6:45
ਸਿਖਲ	2	2	1	0	PSA 25:4
ਸਿਖਲਾ	14	14	2	14	PSA 27:11
ਸਿਖਲਾਇਆ	1	1	1	0	PSA 71:17
ਸਿਖਲਾਈ	1	1	1	0	1CO 9:25
ਸਿਖਲਾਉਂਦਾ	4	4	3	0	PSA 119:171
ਸਿਖਲਾਉਂਦੇ	1	1	1	0	PSA 16:7
ਸਿਖਲਾਉਣ	2	2	2	0	MAT 22:35
ਸਿਖਲਾਉਣਗੇ	2	2	2	0	DEU 33:10
ਸਿਖਲਾਏ	1	1	1	0	MAT 28:15
ਸਿਖਲਾਏਗਾ	2	2	2	2	PSA 25:8
ਸਿਖਲਾਓ	1	1	1	0	DEU 6:7
ਸਿਖਲਾਵੇ	2	2	1	0	MAT 5:19
ਸਿਖਲਾਵੇਂ	1	1	1	0	1KI 8:36
ਸਿਖਲਾਵੇਗਾ	1	1	1	1	PSA 45:4
ਸਿਖਸ਼ਾ	1	1	1	0	JOB 36:10
ਸਿਖ਼ਸ਼ਾ	1	1	1	0	EXO 24:12
ਸਿਖਾ	7	7	6	12	DEU 31:19
ਸਿਖਾਇਆ	18	18	11	18	DEU 31:22
ਸਿਖਾਈ	3	3	3	5	ISA 40:14
ਸਿਖਾਉਂਦਾ	9	9	8	22	DEU 4:1
ਸਿਖਾਉਂਦੀ	6	6	5	5	JOB 15:5
ਸਿਖਾਉਂਦੇ	4	4	4	4	NEH 8:9
ਸਿਖਾਉਣ	19	19	12	24	EXO 35:34
ਸਿਖਾਉਣਗੇ	3	3	3	5	JOB 12:7
ਸਿਖਾਉਣਾ	1	1	1	4	JHN 12:49
ਸਿਖਾਉਣੀਆਂ	1	1	1	0	TIT 2:1
ਸਿਖਾਏ	10	10	8	11	GEN 14:14
ਸਿਖਾਓ	6	6	6	4	LEV 10:11
ਸਿਖਾਲ	2	2	2	0	EXO 18:20
ਸਿਖਾਲਣ	3	3	3	0	DEU 6:1
ਸਿਖਾਲਣੇ	1	1	1	0	DEU 5:31
ਸਿਖਾਲਦਾ	5	5	3	0	MRK 9:31
ਸਿਖਾਲਦੇ	1	1	1	0	ACT 15:35
ਸਿਖਾਲਿਆ	1	1	1	1	JER 9:5
ਸਿਖਾਲੀ	1	1	1	0	LUK 11:1
ਸਿਖਾਲੇਗਾ	3	3	2	2	PSA 25:9
ਸਿਖਾਵਾਂ	2	2	2	3	DEU 4:14
ਸਿਖਾਵਾਂਗਾ	8	8	3	8	EXO 4:12
ਸਿਖਾਵੇ	6	6	5	9	DEU 8:3
ਸਿਖਾਵੇਂਗਾ	1	1	1	1	PSA 51:6
ਸਿਖਾਵੇਗਾ	3	3	3	4	ISA 28:9
ਸਿਖਾਵੇਗੀ	1	1	1	1	JOB 12:8
ਸਿਖਿ	1	1	1	0	ACT 7:22
ਸਿਖਿਆ	10	10	5	0	PSA 94:12
ਸਿਖਿਆਵਾਂ	6	6	1	4	JHN 7:17
ਸਿਖੇ	2	2	2	0	1CO 4:6
ਸਿਘਾਸਣ	1	1	1	0	PSA 11:4
ਸਿਘਾਸਨ	1	1	1	0	PSA 9:7
ਸਿਟਨਾ	1	1	1	1	GEN 26:21
ਸਿਤਰੀ	1	1	1	1	EXO 6:22
ਸਿਤਾਰ	8	8	3	12	1CH 13:8
ਸਿਤਾਰਾਂ	6	6	2	6	1CH 15:20
ਸਿਦਕਿਯਾਹ	1	1	1	0	1CH 3:15
ਸਿਦਕੀਯਾਹ	62	62	6	69	1KI 22:11
ਸਿਦੋਨ	2	2	1	0	JOS 11:8
ਸਿਦੋਨਣਾਂ	1	1	1	1	1KI 11:1
ਸਿਦੋਨੀ	2	2	2	0	JOS 13:6
ਸਿਦੋਨੀਆਂ	2	2	2	0	JOS 13:4
ਸਿਧ	4	4	1	0	1CO 4:4
ਸਿਧਾ	3	3	2	0	JHN 1:23
ਸਿਧਾਇਆ	1	1	1	0	JAS 3:7
ਸਿਧਾਏ	1	1	1	0	HEB 12:11
ਸਿਧਿਆਈ	13	13	9	17	GEN 20:5
ਸਿਧਿਆਈਨੂੰ	1	1	1	0	MIC 3:9
ਸਿਧੇ	2	2	1	0	PSA 11:2
ਸਿਨਾਬ	1	1	1	1	GEN 14:2
ਸਿਨਾਰ	3	3	1	0	GEN 11:2
ਸਿਨੀਮ	1	1	1	0	ISA 49:12
ਸਿਪਰ	1	1	1	1	JER 46:3
ਸਿਪਾਹਗਰੀ	1	1	1	1	2TI 2:4
ਸਿਪਾਹੀ	19	19	9	27	1SA 13:4
ਸਿਪਾਹੀਆਂ	31	31	10	48	JDG 7:11
ਸਿਫਮੋਥ	1	1	1	1	1SA 30:28
ਸਿਫਯੋਨ	1	1	1	1	GEN 46:16
ਸਿਫਰਾਹ	1	1	1	1	EXO 1:15
ਸਿਫ਼ੋਰ	1	1	1	0	JOS 24:9
ਸਿਫਾਰਸ਼	1	1	1	0	JER 27:18
ਸਿਬਓਨ	7	7	2	8	GEN 36:2
ਸਿਬਕਈ	1	1	1	0	1CH 27:11
ਸਿਬਕਾਈ	1	1	1	0	1CH 20:4
ਸਿਬਕੀ	1	1	1	4	2SA 21:18
ਸਿਬਮਾਹ	4	4	3	5	JOS 13:19
ਸਿਬਯਾ	1	1	1	1	1CH 8:9
ਸਿਬਯਾਹ	1	1	1	1	2KI 12:1
ਸਿਬਰਈਮ	1	1	1	1	EZK 47:16
ਸਿਬਾਓਨ	1	1	1	0	GEN 36:14
ਸਿਮਆਹ	1	1	1	0	2SA 13:3
ਸਿਮਓਨ	3	3	1	0	LUK 2:25
ਸਿਮਰਨ	11	11	2	5	LEV 2:2
ਸਿਮਰਨਾ	2	2	2	0	LEV 23:24
ਸਿਮਰੀ	1	1	1	0	1CH 26:10
ਸਿਮਰੋਨ	1	1	1	0	GEN 46:13
ਸਿਮਾਥ	1	1	1	0	2KI 12:21
ਸਿਮੋਓਨ	1	1	1	0	1CH 2:1
ਸਿਯੋਨ	12	12	7	8	PSA 9:11
ਸਿਰ	449	449	51	451	GEN 3:15
ਸਿਰਕ	1	1	1	0	JOB 18:4
ਸਿਰਕਰਦਾ	2	2	2	1	1CH 19:16
ਸਿਰਕਰਦੇ	2	2	2	0	1CH 19:18
ਸਿਰਕਾ	6	6	4	6	NUM 6:3
ਸਿਰਕੇ	5	5	4	5	RUT 2:14
ਸਿਰਜਣਹਾਰ	5	5	2	28	PSA 95:6
ਸਿਰਜਣਾ	2	2	1	8	JHN 17:5
ਸਿਰਜਨਹਾਰ	1	1	1	0	JER 51:19
ਸਿਰਤੋੜ	2	2	2	0	MRK 5:13
ਸਿਰਨ੍ਹਾਉਣੀ	2	2	1	0	LEV 12:2
ਸਿਰਫ	5	5	1	0	JHN 8:13
ਸਿਰਫ਼	46	46	7	118	ZEC 9:17
ਸਿਰਯੋਨ	2	2	2	2	DEU 3:9
ਸਿਰਲਾਗ	1	1	1	0	NEH 11:28
ਸਿਰਹਾਂਦੀ	3	3	1	0	1SA 19:13
ਸਿਰਹਾਂਦੀਓਂ	1	1	1	0	1SA 26:12
ਸਿਰਹਾਣਾ	2	2	1	2	1SA 19:13
ਸਿਰਹਾਣੇ	1	1	1	9	1SA 26:16
ਸਿਰਾ	6	6	6	6	DAN 5:24
ਸਿਰਾਂ	52	52	18	49	LEV 10:6
ਸਿਰਾਹ	1	1	1	1	2SA 3:26
ਸਿਰਾਹਣਾ	1	1	1	1	MRK 4:38
ਸਿਰਿਆਂ	22	22	6	25	EXO 25:18
ਸਿਰਿਉਂ	2	2	1	0	JHN 3:3
ਸਿਰਿਓਂ	5	5	4	8	2KI 21:16
ਸਿਰੀ	1	1	1	0	EXO 12:9
ਸਿਰੇ	64	64	22	79	EXO 25:19
ਸਿਰੋਂ	2	2	2	1	2SA 2:16
ਸਿਲ	2	2	1	0	1CH 19:3
ਸਿਲਵਾਨੁਸ	4	4	4	4	2CO 1:19
ਸਿਲਾ	11	11	3	1	LEV 19:9
ਸਿਲੂਕਿਯਾ	1	1	1	1	ACT 13:4
ਸਿਲੋਆਮ	3	3	2	5	LUK 13:4
ਸਿਲੋਮਾਨ	2	2	1	0	JHN 9:11
ਸਿਵਾ	2	2	2	1	ISA 30:33
ਸਿਵਾਏ	1	1	1	0	NUM 11:6
ਸਿਸਮਾਈ	2	2	1	2	1CH 2:40
ਸਿਹਤ	2	2	1	3	PRO 15:4
ਸਿਹਰਾ	3	3	2	2	PRO 1:9
ਸਿਹਰੇ	2	2	1	1	ISA 23:8
ਸਿੜ੍ਹੀ	1	1	1	0	LUK 7:14
ਸਿੰਗ	6	6	3	44	EXO 21:31
ਸਿੰਗਰਫ਼ੀ	1	1	1	1	JER 22:14
ਸਿੰਗਾਂ	11	11	3	27	LEV 4:7
ਸਿੰਗਾਰ	3	3	3	1	2KI 9:30
ਸਿੰਗਾਰਦੀ	1	1	1	0	ISA 61:10
ਸਿੰਗਾਰਨ	1	1	1	0	PRO 1:9
ਸਿੰਗਾਰੀ	3	3	1	0	REV 17:4
ਸਿੰਗਾਰੇਗਾ	1	1	1	1	PSA 149:4
ਸਿੰਘ	6	6	4	0	GEN 49:9
ਸਿੰਘਣੀ	3	3	2	0	GEN 49:9
ਸਿੰਘਾ	2	2	1	0	JOS 6:6
ਸਿੰਘਾਂ	5	5	2	0	JOS 6:4
ਸਿੰਘਾਸਣ	100	100	21	123	EXO 11:5
ਸਿੰਘਾਸਣਾਂ	6	6	6	8	2KI 25:28
ਸਿੰਘਾਸਨ	3	3	2	0	PSA 9:4
ਸਿੰਘਾਸ਼ਣ	1	1	1	0	JER 3:17
ਸਿੰਙ	65	65	17	28	GEN 22:13
ਸਿੰਙਾਂ	10	10	5	0	EXO 29:12
ਸਿੰਜ	1	1	1	1	ISA 55:10
ਸਿੰਜਣ	2	2	2	4	GEN 2:10
ਸਿੰਜਦਾ	5	5	4	3	PSA 104:13
ਸਿੰਜਦੀ	2	2	2	2	GEN 2:6
ਸਿੰਜਦੀਆਂ	1	1	1	1	PSA 72:6
ਸਿੰਜਾਂਗਾ	1	1	1	1	EZK 32:6
ਸਿੰਜਿਆ	2	2	2	2	PRO 11:25
ਸਿੰਜੇ	3	3	3	3	ISA 58:11
ਸਿੰਜੇਗਾ	1	1	1	1	JOL 3:18
ਸਿੱਕਾ	6	6	5	14	NUM 31:22
ਸਿੱਕਾਂ	1	1	1	0	PSA 119:72
ਸਿੱਕੂਥ	1	1	1	0	AMO 5:26
ਸਿੱਕੇ	6	6	5	22	EXO 15:10
ਸਿੱਖ	6	6	5	6	PSA 106:35
ਸਿੱਖਣ	2	2	2	6	DEU 4:10
ਸਿੱਖਣਗੇ	2	2	2	2	ISA 2:4
ਸਿੱਖਦੀਆਂ	2	2	2	2	1TI 5:13
ਸਿੱਖਦੇ	1	1	1	1	ISA 26:9
ਸਿੱਖਾਂ	2	2	1	2	PSA 119:71
ਸਿੱਖਿਆ	107	107	26	155	DEU 4:36
ਸਿੱਖਿਆਂ	1	1	1	0	HEB 13:9
ਸਿੱਖੀ	3	3	3	4	JER 13:23
ਸਿੱਖੀਆਂ	2	2	1	3	2TI 3:14
ਸਿੱਖੇ	4	4	3	4	DEU 17:19
ਸਿੱਖੇਗਾ	1	1	1	1	ISA 26:10
ਸਿੱਖੋ	9	9	6	10	DEU 5:1
ਸਿੱਟਦਾ	1	1	1	0	JOB 5:2
ਸਿੱਟਦੀ	1	1	1	0	JOB 5:2
ਸਿੱਟਾ	4	4	3	5	EZK 12:23
ਸਿੱਟਿਆਂ	5	5	3	6	GEN 41:7
ਸਿੱਟੀ	1	1	1	0	JOB 18:15
ਸਿੱਟੂਗਾ	1	1	1	0	JOB 15:33
ਸਿੱਟੇ	19	19	9	25	GEN 41:5
ਸਿੱਟੇਗਾ	2	2	1	0	JOB 20:16
ਸਿੱਠਾਂ	1	1	1	1	PSA 69:12
ਸਿੱਦੀਮ	4	4	2	4	GEN 14:3
ਸਿੱਧ	12	12	8	28	PSA 7:10
ਸਿੱਧਾ	34	34	13	34	JOS 6:5
ਸਿੱਧਿਆ	1	1	1	0	HEB 12:12
ਸਿੱਧਿਆਂ	4	4	3	4	PSA 111:1
ਸਿੱਧਿਆਈ	6	6	2	0	PSA 17:2
ਸਿੱਧੀ	19	19	11	19	1KI 11:33
ਸਿੱਧੀਆਂ	6	6	5	7	1SA 6:12
ਸਿੱਧੇ	42	42	17	51	LEV 26:13
ਸਿੱਪਈ	1	1	1	1	1CH 20:4
ਸਿੱਪੋਰ	5	5	1	7	NUM 22:2
ਸਿੱਪੋਰਾ	2	2	1	0	EXO 2:21
ਸਿੱਪੋਰਾਹ	1	1	1	3	EXO 18:2
ਸਿੱਫੋਰ	1	1	1	0	JDG 11:25
ਸਿੱਬਕਈ	1	1	1	0	1CH 11:29
ਸਿੱਬੋਲਥ	1	1	1	1	JDG 12:6
ਸਿੱਲਥਈ	2	2	1	2	1CH 8:20
ਸਿੱਲਾ	1	1	1	1	2KI 12:20
ਸਿੱਲੇਮ	1	1	1	0	GEN 46:24
ਸੀ	5791	5791	66	6464	GEN 1:2
ਸੀ-ਉਹ	1	1	1	0	EZR 7:11
ਸੀਅਹਾ	1	1	1	2	EZR 2:44
ਸੀਆ	1	1	1	0	NEH 7:47
ਸੀਉਂਕੇ	2	2	2	2	GEN 3:7
ਸੀਉਂਦੀਆਂ	1	1	1	1	EZK 13:18
ਸੀਉਣ	1	1	1	1	ECC 3:7
ਸੀਓਰ	1	1	1	1	JOS 15:54
ਸੀਕਲਗ	1	1	1	1	1CH 12:1
ਸੀਗਾ	1	1	1	0	JOB 8:7
ਸੀਟੀ	1	1	1	3	ZEC 10:8
ਸੀਣ	2	2	1	2	EXO 28:27
ਸੀਤਲ	1	1	1	0	PHP 2:19
ਸੀਤਿਵੇਂ	1	1	1	0	NUM 1:54
ਸੀਦੋਨ	13	13	9	23	GEN 10:15
ਸੀਦੋਨੀ	3	3	3	5	DEU 3:9
ਸੀਦੋਨੀਆਂ	6	6	4	10	JDG 10:12
ਸੀਧਾ	1	1	1	0	EXO 16:4
ਸੀਧੇ	1	1	1	0	JOS 9:12
ਸੀਨ	15	15	5	15	EXO 16:1
ਸੀਨਈ	32	32	7	52	EXO 16:1
ਸੀਨਾ	17	17	6	8	EXO 28:15
ਸੀਨਾਈ	1	1	1	0	PSA 68:17
ਸੀਨੀ	2	2	2	2	GEN 10:17
ਸੀਨੇ	24	24	4	24	EXO 25:7
ਸੀਬਯਾਹ	1	1	1	1	2CH 24:1
ਸੀਬਾ	16	16	1	17	2SA 9:2
ਸੀਮਾ	1	1	1	1	1CO 7:35
ਸੀਮਿਤ	1	1	1	0	1CO 15:19
ਸੀਯੋਨ	149	149	19	163	2SA 5:7
ਸੀਯੋਨਾ	1	1	1	1	ZEC 2:7
ਸੀਲ	1	1	1	2	1TI 3:3
ਸੀਲਗਰਮ	1	1	1	0	REV 3:16
ਸੀਲਾਸ	13	13	1	19	ACT 15:22
ਸੀਵਾਨ	1	1	1	1	EST 8:9
ਸੀਸ	12	12	5	7	GEN 24:26
ਸੀਸਰਾ	21	21	5	27	JDG 4:2
ਸੀਸ਼ਕ	1	1	1	0	1KI 14:25
ਸੀਹਾ	2	2	1	3	NEH 7:46
ਸੀਹੋਨ	38	38	8	40	NUM 21:21
ਸੀਹੋਰ	1	1	1	2	JOS 13:3
ਸੁਆਉਂਦਾ	1	1	1	0	ACT 8:12
ਸੁਆਗਤ	2	2	2	1	ISA 14:9
ਸੁਆਣੀ	1	1	1	0	2JN 1:1
ਸੁਆਣੀਏ	1	1	1	0	2JN 1:5
ਸੁਆਦ	18	18	11	17	EXO 16:31
ਸੁਆਦਲਾ	10	10	3	10	GEN 27:4
ਸੁਆਦਲੀ	2	2	2	2	PRO 9:17
ਸੁਆਦਲੀਆਂ	2	2	1	2	PRO 18:8
ਸੁਆਦਲੇ	6	6	4	7	JOB 33:20
ਸੁਆਦੀ	2	2	2	0	MRK 9:50
ਸੁਆਮੀ	114	114	19	189	NUM 11:28
ਸੁਆਮੀਆਂ	2	2	2	2	NEH 3:5
ਸੁਆਮੀਓ	1	1	1	0	PSA 58:1
ਸੁਆਰ	10	10	6	4	EXO 40:4
ਸੁਆਰਥੀ	1	1	1	2	2TI 3:2
ਸੁਆਰਦਾ	1	1	1	1	ISA 61:10
ਸੁਆਰਦੀ	1	1	1	1	JER 2:33
ਸੁਆਰਦੇ	2	2	2	2	ISA 65:11
ਸੁਆਰਨ	1	1	1	2	1TI 2:9
ਸੁਆਰਨਾ	1	1	1	1	EXO 39:37
ਸੁਆਰਾ	1	1	1	0	ACT 18:24
ਸੁਆਰਿਆ	3	3	3	1	MAT 12:44
ਸੁਆਰੀ	1	1	1	1	LUK 21:5
ਸੁਆਰੇ	3	3	3	1	EXO 30:7
ਸੁਆਰੇਗਾ	1	1	1	0	MRK 9:12
ਸੁਆਲ	1	1	1	1	PSA 137:3
ਸੁਆਸ	8	8	4	6	2SA 22:16
ਸੁਆਹ	40	40	18	41	EXO 9:8
ਸੁਕਾ	19	19	10	24	EXO 14:21
ਸੁਕਾਉਂਦਾ	1	1	1	1	PRO 17:22
ਸੁਕਾਲ	6	6	1	0	GEN 41:29
ਸੁਕੇ	1	1	1	0	2PE 2:17
ਸੁਕੋਥ	1	1	1	0	2CH 4:17
ਸੁਖ	207	207	35	0	GEN 37:14
ਸੁਖਦਾਇਕ	2	2	2	3	2SA 14:17
ਸੁਖਨਾ	2	2	1	0	DEU 23:18
ਸੁਖਸਾਂਦ	3	3	2	0	1SA 13:10
ਸੁਖਾਰ	1	1	1	1	JHN 4:5
ਸੁਖਾਲ	1	1	1	0	LAM 3:17
ਸੁਖਾਲਾ	5	5	5	3	PSA 55:18
ਸੁਖਾਲੀ	3	3	3	0	MAT 9:5
ਸੁਖਾਲੇ	1	1	1	2	NUM 11:18
ਸੁਖੀ	18	18	12	13	GEN 30:13
ਸੁਖੀਆਂ	1	1	1	0	PSA 123:4
ਸੁਖੀਏ	1	1	1	0	JOB 12:5
ਸੁਖੱਣਾ	1	1	1	0	2SA 15:8
ਸੁਗਾਤ	12	12	6	0	GEN 33:11
ਸੁਗਾਤਾਂ	8	8	3	3	EZK 16:33
ਸੁਗੰਦ	4	4	2	0	2CH 15:14
ਸੁਗੰਧ	22	22	9	21	GEN 8:21
ਸੁਗੰਧਤਾ	37	37	4	38	EXO 29:18
ਸੁਗੰਧਤਾਈਆਂ	1	1	1	0	LEV 26:31
ਸੁਗੰਧਾਂ	7	7	6	8	EXO 30:25
ਸੁਗੰਧੀ	19	19	7	19	EXO 25:6
ਸੁਗੰਧੀਆਂ	5	5	2	5	GEN 50:2
ਸੁਘੜ	1	1	1	0	PRO 19:14
ਸੁਚੇਤ	14	14	10	26	EXO 23:13
ਸੁਚੇਤੇ	4	4	3	0	DEU 23:12
ਸੁਜਾਖਾ	13	13	5	12	EXO 4:11
ਸੁਜਾਖੀਆਂ	1	1	1	1	ISA 35:5
ਸੁਜਾਖੇ	3	3	2	2	MAT 11:5
ਸੁਜਾਵੇ	2	2	1	2	NUM 5:21
ਸੁਜੋਗ	1	1	1	0	REV 3:4
ਸੁਟਵਾ	2	2	2	0	NEH 13:8
ਸੁਟਿਆ	2	2	1	0	JHN 12:31
ਸੁਟੇਗਾ	1	1	1	0	PSA 12:3
ਸੁਟੇਗੀ	1	1	1	0	PSA 34:21
ਸੁਣ	248	248	32	281	GEN 3:10
ਸੁਣਕੇ	3	3	3	0	JOB 15:18
ਸੁਣਦਾ	80	80	24	75	GEN 23:13
ਸੁਣਦਿਆਂ	15	15	12	14	GEN 34:7
ਸੁਣਦੀ	7	7	7	5	GEN 27:5
ਸੁਣਦੀਆਂ	5	5	4	4	DEU 18:14
ਸੁਣਦੇ	59	59	23	64	GEN 23:13
ਸੁਣਨ	108	108	37	110	EXO 4:9
ਸੁਣਨਗੀਆਂ	4	4	3	4	EST 1:17
ਸੁਣਨਗੇ	17	17	11	16	EXO 3:18
ਸੁਣਨਵਾਲੇ	1	1	1	0	GEN 21:6
ਸੁਣਨਾ	8	8	6	15	2KI 10:6
ਸੁਣਨੀ	5	5	5	4	DEU 23:5
ਸੁਣਵਾਈ	1	1	1	1	2KI 7:6
ਸੁਣਾ	25	25	12	25	EXO 17:14
ਸੁਣਾਂ	3	3	3	4	EXO 5:2
ਸੁਣਾਂਗਾ	15	15	9	14	EXO 22:23
ਸੁਣਾਂਗੀ	1	1	1	1	JER 22:21
ਸੁਣਾਂਗੇ	6	6	4	7	EXO 20:19
ਸੁਣਾਇਆ	30	30	13	34	JOS 8:35
ਸੁਣਾਈ	47	47	22	60	EXO 24:7
ਸੁਣਾਈਆਂ	14	14	9	12	NUM 11:24
ਸੁਣਾਈਏ	2	2	2	2	ACT 16:10
ਸੁਣਾਉ	1	1	1	0	ACT 5:20
ਸੁਣਾਉਂਦਾ	18	18	7	25	JDG 7:13
ਸੁਣਾਉਂਦਿਆਂ	1	1	1	0	ACT 19:8
ਸੁਣਾਉਂਦੀ	1	1	1	1	JER 4:15
ਸੁਣਾਉਂਦੇ	14	14	7	17	JDG 6:13
ਸੁਣਾਉਣ	17	17	9	19	ISA 40:9
ਸੁਣਾਉਣਗੇ	1	1	1	1	JDG 5:11
ਸੁਣਾਉਣੀ	1	1	1	1	LEV 25:9
ਸੁਣਾਉਦਾ	1	1	1	0	ACT 8:40
ਸੁਣਾਏ	1	1	1	1	JOS 8:34
ਸੁਣਾਏਗੀ	1	1	1	1	PSA 145:4
ਸੁਣਾਓ	15	15	5	16	PSA 66:8
ਸੁਣਾਓਗੇ	1	1	1	0	ISA 58:4
ਸੁਣਾਗੇ	2	2	2	0	DEU 5:27
ਸੁਣਾਵਾਂ	9	9	7	10	1SA 9:27
ਸੁਣਾਵਾਂਗਾ	5	5	4	5	DEU 4:10
ਸੁਣਾਵੀਂ	1	1	1	0	LEV 25:9
ਸੁਣਾਵੇ	10	10	8	9	DEU 30:12
ਸੁਣਾਵੇਂ	1	1	1	1	PSA 50:16
ਸੁਣਾਵੇਗਾ	4	4	3	6	PSA 51:15
ਸੁਣਿਆ	309	309	43	305	GEN 14:14
ਸੁਣਿਆਂ	7	7	5	0	JOS 22:12
ਸੁਣਿਓ	12	12	5	9	DEU 1:17
ਸੁਣੀ	217	217	37	218	GEN 3:8
ਸੁਣੀਂ	3	3	3	1	2CH 6:39
ਸੁਣੀਆ	1	1	1	0	JHN 6:60
ਸੁਣੀਆਂ	67	67	23	68	GEN 24:30
ਸੁਣੀਏ	10	10	7	10	DEU 5:25
ਸੁਣੀਦਾ	1	1	1	0	EZR 3:13
ਸੁਣੀਦੀ	1	1	1	1	PSA 19:3
ਸੁਣੂਗਾ	1	1	1	0	JOB 22:27
ਸੁਣੇ	64	64	22	62	EXO 19:9
ਸੁਣੇਂ	6	6	5	6	1KI 8:52
ਸੁਣੇਂਗਾ	2	2	2	3	JER 38:15
ਸੁਣੇਗਾ	21	21	10	24	EXO 6:12
ਸੁਣੇਗੀ	1	1	1	2	DEU 17:13
ਸੁਣੋ	171	171	33	168	GEN 4:23
ਸੁਣੋਂ	1	1	1	0	2TH 2:2
ਸੁਣੋਗੇ	22	22	10	22	GEN 34:17
ਸੁਣੱਖੀਆਂ	2	2	1	0	EST 2:2
ਸੁਤੇ	1	1	1	0	2SA 20:1
ਸੁਤੰਤਰ	4	4	1	0	1CO 7:15
ਸੁਥਰੀ	5	5	3	1	LEV 4:12
ਸੁਥਰੇ	4	4	2	2	JER 12:10
ਸੁਦਾ	4	4	2	0	ECC 1:17
ਸੁਦਾਈ	2	2	2	0	PRO 26:18
ਸੁਦਾਗਰ	1	1	1	0	2CH 9:14
ਸੁਦਾਗਰਾਂ	1	1	1	0	1KI 10:15
ਸੁਦਾਗਰੀ	1	1	1	0	JOB 41:6
ਸੁਦਾਗਾਰ	1	1	1	0	NEH 13:20
ਸੁਦਾਪੁਣਾ	1	1	1	0	ECC 9:3
ਸੁਦਾਪੁਣੇ	1	1	1	0	LUK 6:11
ਸੁਧ	1	1	1	0	ACT 6:1
ਸੁਧਰ	1	1	1	1	ECC 7:3
ਸੁਧਰਿਆ	1	1	1	0	AMO 4:0
ਸੁਧਾਰ	10	10	7	24	LEV 1:8
ਸੁਧਾਰਕ	1	1	1	1	ISA 58:12
ਸੁਧਾਰਦਾ	1	1	1	1	PSA 50:23
ਸੁਧਾਰਦੇ	2	2	2	0	MAT 4:21
ਸੁਧਾਰਨ	3	3	3	2	HAB 1:12
ਸੁਧਾਰਿਆ	2	2	1	1	JDG 8:16
ਸੁਧਾਰੀ	1	1	1	0	LUK 1:17
ਸੁਧਾਰੇ	4	4	2	1	LEV 24:3
ਸੁਧਾਰੇਂ	1	1	1	1	JOB 11:13
ਸੁਧਾਰੋ	2	2	2	3	1SA 7:3
ਸੁਨ	1	1	1	0	PSA 6:8
ਸੁਨਣ	4	4	1	3	JHN 1:40
ਸੁਨਣਗੇ	1	1	1	1	JHN 5:25
ਸੁਨਹਿਰਾ	1	1	1	1	ISA 14:4
ਸੁਨਹਿਰੀ	13	13	6	7	1SA 6:4
ਸੁਨਹਿਰੇ	1	1	1	2	EZK 10:9
ਸੁਨਹਿਲਾ	5	5	4	4	EXO 28:17
ਸੁਨਹਿਲੇ	3	3	2	2	2CH 13:8
ਸੁਨਿਆਰ	4	4	2	4	ISA 40:19
ਸੁਨਿਆਰੇ	1	1	1	2	MAL 3:2
ਸੁਨਿਹਰੀ	2	2	2	2	1CH 29:2
ਸੁਨੇਹਾ	27	27	9	54	JDG 21:13
ਸੁਨੇਹੇ	5	5	4	4	2KI 9:11
ਸੁਨੱਖੇ	1	1	1	0	EZK 23:6
ਸੁਪਨਾ	1	1	1	1	ECC 5:3
ਸੁਪਨਿਆਂ	1	1	1	0	ECC 5:7
ਸੁਫਨਾ	23	23	3	0	GEN 28:12
ਸੁਫਨਿਆ	1	1	1	0	DEU 13:5
ਸੁਫਨਿਆਂ	8	8	4	4	GEN 37:19
ਸੁਫਨੇ	25	25	6	0	GEN 20:3
ਸੁਫਲ	13	13	5	0	GEN 24:12
ਸੁਫਲਤਾ	1	1	1	0	EZR 5:8
ਸੁਫ਼ਨਾ	26	26	4	56	DEU 13:1
ਸੁਫ਼ਨਿਆਂ	3	3	2	12	JOB 7:14
ਸੁਫ਼ਨੇ	15	15	7	43	NUM 12:6
ਸੁਫ਼ਲ	1	1	1	0	NUM 14:41
ਸੁਫ਼ਾਹ	1	1	1	0	NUM 21:14
ਸੁਫੇ	1	1	1	0	JDG 3:23
ਸੁਬਹ	1	1	1	0	JOB 7:18
ਸੁਬਿਹਤਾ	1	1	1	0	NAM 3:19
ਸੁਬਿਹਤੇ	1	1	1	0	ROM 14:16
ਸੁਬੇ	1	1	1	0	NEH 7:6
ਸੁਭਾ	3	3	3	0	2SA 15:11
ਸੁਭਾਉ	3	3	2	0	PRO 17:27
ਸੁਭਾਓ	11	11	6	12	2SA 20:19
ਸੁਭਾਗੇ	1	1	1	0	1CO 1:5
ਸੁਭਾਵ	1	1	1	0	1CH 12:17
ਸੁਭਾਵਕ	2	2	1	2	ROM 1:26
ਸੁਮੰਦਰ	2	2	1	0	PSA 8:8
ਸੁਰ	16	16	6	12	1CH 15:20
ਸੁਰਖਿਅਤ	6	6	4	1	JHN 17:12
ਸੁਰਖਿਆ	1	1	1	0	1TH 5:8
ਸੁਰਗ	136	136	21	0	JOS 2:11
ਸੁਰਗਾਂ	5	5	4	0	1KI 8:27
ਸੁਰਗੀ	47	47	15	0	1KI 8:39
ਸੁਰਗੋਂ	9	9	5	0	1KI 8:34
ਸੁਰਜੀਤ	2	2	2	1	JER 30:24
ਸੁਰਤ	10	10	9	9	GEN 39:23
ਸੁਰਮਾ	2	2	2	3	JER 4:30
ਸੁਰਾਂ	1	1	1	2	1CH 15:16
ਸੁਰਾਹੀ	3	3	2	4	1KI 19:6
ਸੁਰਿਯਾ	6	6	2	0	ACT 15:23
ਸੁਰਿਯਾਨੀ	1	1	1	0	LUK 4:27
ਸੁਰੀਆ	1	1	1	0	MAT 4:24
ਸੁਰੀਤ	18	18	3	0	JDG 8:31
ਸੁਰੀਤਾ	1	1	1	0	ECC 2:8
ਸੁਰੀਤਾਂ	11	11	6	0	2SA 5:13
ਸੁਰੀਸ਼ੱਦਾਈ	1	1	1	0	NUM 10:19
ਸੁਰੁੰਗ	1	1	1	0	JOB 28:4
ਸੁਰੇਤ	2	2	1	0	GEN 35:22
ਸੁਲਗਦੇ	1	1	1	1	ISA 7:4
ਸੁਲਗਾ	1	1	1	1	JOB 41:21
ਸੁਲਗਾਉਣ	1	1	1	0	PRO 26:21
ਸੁਲਗਾਵੇਗਾ	1	1	1	1	ISA 30:33
ਸੁਲਗੇਗੀ	1	1	1	0	DEU 29:20
ਸੁਲਾ	1	1	1	1	JDG 16:19
ਸੁਲਾਹ	29	29	12	23	DEU 20:10
ਸੁਲੇਮਾਨ	302	302	14	361	2SA 5:14
ਸੁਲੇਮਾਨੀ	11	11	5	11	GEN 2:12
ਸੁਲ੍ਹਾ	3	3	1	0	PSA 120:6
ਸੁਲੱਖਨੀ	1	1	1	0	EZK 16:13
ਸੁਲੱਖਪੁਣਾ	1	1	1	1	PSA 73:3
ਸੁਵਾਰਾਂ	1	1	1	0	1KI 9:19
ਸੁਵਾਰੀ	2	2	2	0	2SA 19:24
ਸੁਵੇ	1	1	1	0	JOB 12:24
ਸੁਸ	1	1	1	0	LEV 27:10
ਸੁਸਕਾਰ	1	1	1	0	MIC 6:16
ਸੁਸਕਾਰਦੇ	1	1	1	0	LAM 2:16
ਸੁਸਕਾਰੇਗਾ	2	2	2	0	ISA 7:18
ਸੁਸਤ	3	3	3	3	PRO 19:15
ਸੁਸਤੀ	1	1	1	0	LUK 18:1
ਸੁਸੰਨਾ	1	1	1	1	LUK 8:3
ਸੁਹਣੀ	1	1	1	0	ZEC 9:17
ਸੁਹਾਉਣੀ	1	1	1	1	1TI 2:9
ਸੁਹਾਉਣੀਆਂ	1	1	1	1	PHP 4:8
ਸੁਹਾਓਣਾ	1	1	1	0	GEN 49:15
ਸੁਹਾਗ	1	1	1	1	PSA 78:63
ਸੁਹਾਗਣ	4	4	3	4	ISA 54:1
ਸੁਹਾਗਾ	2	2	2	2	JOB 39:10
ਸੁਹਾਰੀਆਂ	1	1	1	0	2SA 12:31
ਸੁਹੱਪਣ	25	25	11	24	EXO 28:2
ਸੁੰਗਧ	1	1	1	1	SNG 1:12
ਸੁੰਗਧਤਾ	1	1	1	0	LEV 8:28
ਸੁੰਗਧੀ	1	1	1	0	SNG 3:6
ਸੁੰਗੜ	1	1	1	2	JOB 19:20
ਸੁੰਘ	2	2	2	1	JOB 39:25
ਸੁੰਘਣ	1	1	1	1	EXO 30:38
ਸੁੰਘਦੀ	1	1	1	1	JER 2:24
ਸੁੰਘਦੇ	2	2	2	2	DEU 4:28
ਸੁੰਘੀ	2	2	1	1	GEN 8:21
ਸੁੰਘੜ	1	1	1	0	LAM 4:8
ਸੁੰਞੀ	6	6	4	0	GEN 1:2
ਸੁੰਞੇ	1	1	1	0	JOB 38:27
ਸੁੰਡੀ	2	2	2	2	1KI 8:37
ਸੁੰਤੁਖੇ	1	1	1	1	PHP 4:2
ਸੁੰਦਰ	24	24	13	24	GEN 2:9
ਸੁੰਦਰਤਾ	20	20	5	20	PRO 31:30
ਸੁੰਦਿਆਂ	3	3	3	0	MRK 8:18
ਸੁੰਦੇ	2	2	2	0	MRK 8:18
ਸੁੰਨ	5	5	4	5	JOB 37:17
ਸੁੰਨਤ	67	67	15	70	GEN 17:10
ਸੁੰਨਤਾ	1	1	1	0	EXO 12:48
ਸੁੰਨਤਾਂ	3	3	2	0	GEN 17:26
ਸੁੰਨਤੀ	10	10	6	9	EXO 6:12
ਸੁੰਨਤੀਆਂ	11	11	5	10	JER 9:25
ਸੁੰਨਸਾਨ	1	1	1	3	DEU 32:10
ਸੁੰਬ	18	18	7	8	GEN 26:19
ਸੁੰਬਾਂ	3	3	1	0	REV 8:10
ਸੁੰਭ	3	3	1	0	JDG 1:15
ਸੁੰਮਾਂ	3	3	3	1	GEN 49:17
ਸੁੱਕ	65	65	24	59	GEN 8:7
ਸੁੱਕਣਗੇ	1	1	1	1	EZK 47:12
ਸੁੱਕਦਾ	1	1	1	1	MRK 9:18
ਸੁੱਕਦੀ	1	1	1	1	JOL 1:12
ਸੁੱਕਾ	8	8	6	6	JOS 5:1
ਸੁੱਕਿਆ	2	2	2	2	MRK 3:1
ਸੁੱਕਿਆਂ	2	2	2	2	MAT 12:43
ਸੁੱਕੀ	31	31	15	35	GEN 8:14
ਸੁੱਕੀਂ	1	1	1	0	PSA 66:6
ਸੁੱਕੀਆਂ	3	3	3	5	JDG 16:8
ਸੁੱਕੇ	12	12	9	19	JOB 13:25
ਸੁੱਕੋਥ	15	15	8	16	GEN 33:16
ਸੁੱਕੋਥੀਆਂ	3	3	1	3	JDG 8:8
ਸੁੱਕੜ	1	1	1	1	JOS 6:23
ਸੁੱਖ	57	57	17	86	LEV 3:1
ਸੁੱਖਣਗੇ	1	1	1	1	ISA 19:21
ਸੁੱਖਣਾ	40	40	11	60	GEN 28:20
ਸੁੱਖਣਾਂ	18	18	7	12	LEV 22:18
ਸੁੱਖਦਾ	2	2	1	1	MAL 1:14
ਸੁੱਖਨਾ	5	5	2	0	DEU 12:6
ਸੁੱਖਨਾਂ	2	2	1	0	PSA 66:13
ਸੁੱਖਾਂ	1	1	1	0	PRO 7:14
ਸੁੱਖੀ	14	14	9	12	GEN 28:20
ਸੁੱਖੀਆਂ	4	4	4	4	LEV 27:28
ਸੁੱਖੇ	8	8	3	7	LEV 27:28
ਸੁੱਖੇਂ	1	1	1	3	ECC 5:4
ਸੁੱਖੋ	1	1	1	1	PSA 76:11
ਸੁੱਚਮਤਾਈ	3	3	2	2	2SA 22:21
ਸੁੱਚਾ	2	2	2	2	DAN 8:14
ਸੁੱਜ	2	2	2	2	NUM 5:27
ਸੁੱਜੇ	2	2	2	2	DEU 8:4
ਸੁੱਝਦੀ	1	1	1	0	HEB 12:11
ਸੁੱਟ	134	134	30	139	GEN 21:15
ਸੁੱਟਣ	47	47	17	36	GEN 26:7
ਸੁੱਟਣਗੇ	28	28	13	28	GEN 12:12
ਸੁੱਟਣਾ	10	10	7	9	EXO 34:13
ਸੁੱਟਣੀ	1	1	1	0	MAT 15:26
ਸੁੱਟਦਾ	31	31	13	29	EXO 15:6
ਸੁੱਟਦੀ	4	4	3	5	PSA 29:9
ਸੁੱਟਦੇ	10	10	8	12	DEU 12:31
ਸੁੱਟਵਾ	1	1	1	4	1KI 5:9
ਸੁੱਟਵਾਇਆ	1	1	1	1	DAN 3:24
ਸੁੱਟਾਂ	16	16	11	12	EXO 32:10
ਸੁੱਟਾਂਗਾ	72	72	18	71	GEN 27:41
ਸੁੱਟਾਂਗਾਂ	1	1	1	0	NAM 2:13
ਸੁੱਟਾਂਗੇ	3	3	2	0	JDG 12:1
ਸੁੱਟਿਆ	327	327	38	303	GEN 4:8
ਸੁੱਟਿਆਂ	1	1	1	0	HOS 6:5
ਸੁੱਟਿਓ	6	6	1	16	DEU 7:2
ਸੁੱਟੀ	10	10	7	8	EXO 4:25
ਸੁੱਟੀਂ	15	15	7	11	EXO 29:11
ਸੁੱਟੀਆਂ	13	13	12	8	JOS 11:9
ਸੁੱਟੀਏ	16	16	12	14	GEN 37:20
ਸੁੱਟੀਦਾ	2	2	2	1	EPH 5:13
ਸੁੱਟੇ	117	117	24	74	GEN 4:15
ਸੁੱਟੇਂ	2	2	2	2	NUM 14:15
ਸੁੱਟੇਂਗਾ	10	10	7	9	GEN 20:4
ਸੁੱਟੇਗਾ	38	38	15	42	GEN 4:14
ਸੁੱਟੇਗਾਂ	1	1	1	0	GEN 27:40
ਸੁੱਟੇਗੀ	1	1	1	1	JOB 27:22
ਸੁੱਟੋ	43	43	21	32	EXO 1:16
ਸੁੱਟੋਗੇ	4	4	3	5	DEU 7:16
ਸੁੱਤਾ	13	13	11	15	JDG 4:21
ਸੁੱਤਿਆ	1	1	1	0	JER 51:3
ਸੁੱਤਿਆਂ	1	1	1	2	LUK 22:45
ਸੁੱਤਿਓਂ	1	1	1	0	MAT 1:24
ਸੁੱਤੀ	6	6	6	5	JDG 6:31
ਸੁੱਤੇ	14	14	7	17	1SA 26:12
ਸੁੱਧ	16	16	3	14	LEV 13:28
ਸੁੱਧਾ	2	2	2	0	MAT 25:27
ਸੁੱਪੀਮ	1	1	1	0	1CH 7:15
ਸੁੱਹਪਣ	2	2	2	0	2SA 1:19
ਸੂਅਹ	1	1	1	1	GEN 25:2
ਸੂਆਰ	4	4	1	5	NUM 1:8
ਸੂਆਲ	1	1	1	0	JOS 19:3
ਸੂਆਹ	1	1	1	0	1CH 7:36
ਸੂਈ	3	3	3	3	MAT 19:24
ਸੂਈਆਂ	1	1	1	1	GEN 32:15
ਸੂਏ	1	1	1	1	ISA 7:3
ਸੂਕਰ	1	1	1	1	EXO 15:8
ਸੂਕਾਥੀ	1	1	1	1	1CH 2:55
ਸੂਕੀ	1	1	1	1	2CH 12:3
ਸੂਗ	16	16	9	7	PSA 107:40
ਸੂਗਦੀ	1	1	1	0	JOB 33:20
ਸੂਗਦੇ	1	1	1	0	JOB 19:19
ਸੂਚਿਤ	3	3	2	2	JHN 12:33
ਸੂਝ	9	9	2	0	1CO 1:17
ਸੂਝਵਾਨ	2	2	1	1	1CO 1:17
ਸੂਝਵਾਨਾਂ	1	1	1	1	1CO 1:19
ਸੂਣ	1	1	1	1	JOB 39:1
ਸੂਤ	8	8	5	8	EXO 35:23
ਸੂਤਰ	2	2	2	9	LEV 19:19
ਸੂਤਾਂਗਾ	1	1	1	1	EXO 15:9
ਸੂਤੀ	5	5	4	2	NUM 22:23
ਸੂਤ੍ਰ	9	9	1	0	ISA 28:10
ਸੂਨ	2	2	2	0	NUM 23:18
ਸੂਨੀ	2	2	2	2	GEN 46:16
ਸੂਨੀਆਂ	1	1	1	1	NUM 26:15
ਸੂਫ	3	3	3	1	DEU 1:1
ਸੂਫ਼	1	1	1	3	1SA 1:1
ਸੂਬਾ	1	1	1	1	EST 9:28
ਸੂਬਾਮ	1	1	1	0	NUM 32:3
ਸੂਬਿਆਂ	12	12	6	35	1KI 20:14
ਸੂਬੀਆਂ	20	20	2	0	EZR 4:15
ਸੂਬੇ	28	28	6	23	EZR 2:1
ਸੂਬੇਦਾਰ	24	24	7	27	1SA 17:18
ਸੂਬੇਦਾਰਾਂ	9	9	5	9	1KI 20:24
ਸੂਰ	89	89	26	82	GEN 16:7
ਸੂਰਜ	163	163	36	163	GEN 15:12
ਸੂਰਤ	4	4	4	4	EXO 20:4
ਸੂਰਬੀਰ	21	21	12	36	GEN 6:4
ਸੂਰਬੀਰਤਾ	1	1	1	1	NUM 24:18
ਸੂਰਬੀਰਾਂ	12	12	9	18	JOS 6:2
ਸੂਰਮਗਤੀ	6	6	3	5	PSA 60:12
ਸੂਰਮਤਾਈ	2	2	2	1	1CH 11:22
ਸੂਰਮਾ	20	20	11	22	JDG 11:1
ਸੂਰਮਿਆਂ	37	37	13	47	EXO 15:15
ਸੂਰਮੀ	1	1	1	1	JER 5:15
ਸੂਰਮੇ	70	70	16	66	JOS 10:2
ਸੂਰਯਾਹ	10	10	1	0	2SA 2:18
ਸੂਰਾਂ	11	11	3	12	MAT 7:6
ਸੂਰੀ	1	1	1	1	1KI 7:14
ਸੂਰੀਆ	1	1	1	0	LUK 2:2
ਸੂਰੀਆਂ	1	1	1	1	EZR 3:7
ਸੂਰੀਏਲ	1	1	1	1	NUM 3:35
ਸੂਰੀਤਾਂ	1	1	1	0	SNG 6:9
ਸੂਰੀਸ਼ਦਾਈ	3	3	1	5	NUM 2:12
ਸੂਰੁਫੈਨੀਕਣ	1	1	1	0	MRK 7:26
ਸੂਰ੍ਯਾਹ	1	1	1	0	2SA 23:37
ਸੂਲ	1	1	1	0	PRO 26:9
ਸੂਲੀ	9	9	2	1	EZR 6:11
ਸੂਲੰਮੀਥ	2	2	1	2	SNG 6:13
ਸੂਸਾਹ	1	1	1	1	JOS 19:5
ਸੂਸੀ	1	1	1	1	NUM 13:11
ਸੂਹ	3	3	2	1	JDG 18:2
ਸੂਹਾ	1	1	1	0	JER 4:30
ਸੂਹੀਆਂ	1	1	1	0	JAS 2:25
ਸੂਹੇ	1	1	1	1	2SA 15:13
ਸੂੰ	2	2	1	0	JER 51:37
ਸੂੰਦੀ	1	1	1	0	JOB 21:10
ਸੂੰਦੀਆਂ	1	1	1	2	JOB 39:2
ਸੂੱਟਿਆ	1	1	1	0	1KI 11:30
ਸੇ	3	3	3	0	DEU 23:20
ਸੇਆਂ	1	1	1	0	SNG 2:5
ਸੇਈਰ	20	20	8	39	GEN 14:6
ਸੇਈਰੀਆਂ	1	1	1	1	2CH 25:14
ਸੇਉ	4	4	3	1	SNG 2:3
ਸੇਉਂਦਾ	1	1	1	0	GEN 1:2
ਸੇਉਂਦੇ	1	1	1	1	ISA 59:5
ਸੇਕ	3	3	2	4	JHN 18:18
ਸੇਕਣ	2	2	2	2	ISA 47:14
ਸੇਕਦਾ	3	3	2	3	ISA 44:15
ਸੇਕੂ	1	1	1	1	1SA 19:22
ਸੇਜ	9	9	4	0	LEV 15:5
ਸੇਜਾ	1	1	1	0	1CH 5:1
ਸੇਜਾਂ	2	2	1	0	LEV 15:4
ਸੇਣੂਆ	9	9	1	0	LEV 13:30
ਸੇਣੂਏ	5	5	1	0	LEV 13:31
ਸੇਥ	9	9	3	10	GEN 4:25
ਸੇਦਖ਼ਾਨੇ	1	1	1	0	MAT 15:17
ਸੇਦਖਾਨੇ	1	1	1	0	MRK 7:19
ਸੇਧ	4	4	2	3	ISA 3:12
ਸੇਧਖਾਨਾ	1	1	1	0	2KI 10:27
ਸੇਧੇ	1	1	1	0	PRO 4:25
ਸੇਫਰ	2	2	1	0	JOS 15:15
ਸੇਬਾਂ	1	1	1	3	PRO 25:11
ਸੇਰ	39	39	14	35	NUM 7:13
ਸੇਰੂ	3	3	1	3	EXO 12:7
ਸੇਰੇਬਯਾਹ	1	1	1	0	NEH 8:7
ਸੇਲਾ	2	2	2	5	JOS 18:28
ਸੇਲੂਆਂ	1	1	1	0	1SA 26:4
ਸੇਵ	1	1	1	0	LAM 1:3
ਸੇਵਕ	100	100	26	194	EXO 24:13
ਸੇਵਕਣੀ	1	1	1	0	1SA 25:41
ਸੇਵਕਾ	1	1	1	0	ROM 16:1
ਸੇਵਕਾਂ	15	15	13	140	JDG 19:19
ਸੇਵਕਾਈ	18	18	7	50	2CO 3:7
ਸੇਵਕੋ	5	5	2	5	PSA 113:1
ਸੇਵਾ	249	249	41	349	GEN 27:37
ਸੇਵਾਦਾਰ	11	11	6	14	EXO 33:11
ਸੇਵਾਦਾਰਨੀ	1	1	1	1	1KI 1:4
ਸੇਵੇਦਾਰਾਂ	1	1	1	0	EZR 8:17
ਸੇਸੈ	1	1	1	0	JOS 15:14
ਸੈ	2	2	1	0	PSA 119:132
ਸੈਂ	52	52	18	0	DEU 5:15
ਸੈਂਕੜਿਆ	1	1	1	0	2SA 18:1
ਸੈਂਕੜਿਆਂ	17	17	6	17	EXO 18:21
ਸੈਂਤਾਲੀ	1	1	1	0	EZR 2:38
ਸੈਂਤੀ	8	8	6	9	GEN 25:17
ਸੈਂਤੀਵੇਂ	3	3	2	3	2KI 13:10
ਸੈਤਾਨ	1	1	1	0	1CO 7:5
ਸੈਦਾ	18	18	7	12	JDG 10:6
ਸੈਦੋਨ	1	1	1	0	JDG 18:28
ਸੈਦੋਨੀਆਂ	2	2	1	0	JDG 18:7
ਸੈਨਕ	1	1	1	0	JHN 19:3
ਸੈਨਕਾਂ	4	4	2	0	JHN 18:3
ਸੈਨਤ	9	9	3	0	ISA 13:2
ਸੈਨਤਾਂ	2	2	2	0	PRO 6:13
ਸੈਨਾ	128	128	20	0	GEN 21:22
ਸੈਨਾਂ	281	281	22	397	EXO 6:26
ਸੈਨਾਪਤੀ	32	32	10	56	NUM 31:48
ਸੈਨਾਪਤੀਆਂ	5	5	4	7	NUM 31:14
ਸੈਨਾਪੱਤੀ	1	1	1	0	1CH 12:14
ਸੈਨਾਵੋ	2	2	1	2	PSA 103:21
ਸੈਰ	1	1	1	0	2SA 21:16
ਸੈਰਾਕੁਸ	1	1	1	1	ACT 28:12
ਸੈਲ	3	3	2	1	JOB 1:7
ਸੈਹੇ	1	1	1	0	PRO 30:26
ਸੋ	2115	2115	57	1224	GEN 1:5
ਸੋਂ	2	2	2	0	1KI 2:10
ਸੋਂਪ	7	7	2	0	2SA 3:14
ਸੋਂਹ	23	23	6	0	LEV 19:12
ਸੋਅਨ	2	2	1	0	PSA 78:12
ਸੋਅਰ	2	2	2	0	DEU 34:3
ਸੋਆ	1	1	1	0	2SA 23:8
ਸੋਆਨ	5	5	3	7	NUM 13:22
ਸੋਆਰ	8	8	2	10	GEN 13:10
ਸੋਆਹ	1	1	1	0	1CH 6:21
ਸੋਇਓ	1	1	1	0	GAL 6:7
ਸੋਈ	27	27	13	9	GEN 31:16
ਸੋਕਾ	1	1	1	4	ROM 4:19
ਸੋਕੋ	3	3	2	0	1CH 4:18
ਸੋਕੋਹ	5	5	3	8	JOS 15:35
ਸੋਕੜੇ	2	2	2	0	DEU 28:22
ਸੋਗ	109	109	32	114	GEN 27:41
ਸੋਗਣ	1	1	1	1	ISA 54:6
ਸੋਗਾਂ	2	2	2	1	PSA 147:3
ਸੋਗੀ	2	2	2	2	2SA 14:2
ਸੋਗੀਆਂ	3	3	2	3	JOB 29:25
ਸੋਗੀਓ	1	1	1	0	ISA 66:10
ਸੋਘੀ	1	1	1	0	ROM 15:28
ਸੋਚ	32	32	16	36	1KI 18:27
ਸੋਚਕੇ	1	1	1	0	JHN 5:39
ਸੋਚਣ	4	4	4	5	ISA 22:11
ਸੋਚਣਗੇ	1	1	1	0	JHN 16:2
ਸੋਚਣਾ	4	4	2	0	1CO 4:1
ਸੋਚਦਾ	23	23	12	15	EXO 2:14
ਸੋਚਦਿਆਂ	2	2	1	0	PSA 39:3
ਸੋਚਦੀ	1	1	1	2	ISA 1:3
ਸੋਚਦੇ	23	23	10	15	PSA 35:4
ਸੋਚਾ	1	1	1	0	PSA 33:11
ਸੋਚਾਂ	14	14	9	11	PSA 2:1
ਸੋਚਿਆ	12	12	7	19	NEH 5:7
ਸੋਚੀ	6	6	3	5	PSA 21:11
ਸੋਚੀਆਂ	1	1	1	2	PSA 10:2
ਸੋਚੇ	5	5	4	8	NUM 30:6
ਸੋਚੇਂਗਾ	1	1	1	1	EZK 38:10
ਸੋਚੇਗਾ	2	2	1	2	ISA 32:6
ਸੋਚੋ	15	15	11	9	2KI 5:7
ਸੋਜ	8	8	2	9	LEV 13:2
ਸੋਝੀ	4	4	2	1	PRO 3:21
ਸੋਟਈ	1	1	1	2	EZR 2:55
ਸੋਟਾ	1	1	1	1	GEN 49:10
ਸੋਟੀ	5	5	4	20	1SA 14:27
ਸੋਟੇ	1	1	1	1	LEV 27:32
ਸੋਡੇ	1	1	1	0	JOB 9:30
ਸੋਣ	2	2	2	0	SNG 7:9
ਸੋਤਾ	12	12	6	14	LEV 11:36
ਸੋਤਿਆਂ	7	7	6	11	1KI 18:5
ਸੋਤੇ	26	26	14	39	GEN 7:11
ਸੋਦੀ	1	1	1	1	NUM 13:10
ਸੋਧ	1	1	1	0	JOL 2:1
ਸੋਨਾ	139	139	31	139	GEN 2:11
ਸੋਨੇ	319	319	38	327	GEN 13:2
ਸੋਪਤਰੁਸ	1	1	1	1	ACT 20:4
ਸੋਫਰਥ	1	1	1	2	NEH 7:57
ਸੋਫ਼ਈ	1	1	1	1	1CH 6:26
ਸੋਫ਼ਰ	4	4	1	9	JOB 2:11
ਸੋਫ਼ੀਮ	2	2	2	2	NUM 23:14
ਸੋਫਾਹ	2	2	1	2	1CH 7:35
ਸੋਬਈ	1	1	1	0	EZR 2:42
ਸੋਬਕ	1	1	1	2	2SA 10:16
ਸੋਬਰ	1	1	1	0	2SA 8:12
ਸੋਬਾ	2	2	1	2	2SA 10:6
ਸੋਬਾਬ	1	1	1	1	1CH 2:18
ਸੋਬਾਲ	3	3	1	0	GEN 36:20
ਸੋਬਾਹ	7	7	5	12	1SA 14:47
ਸੋਬੇਬਾਹ	1	1	1	1	1CH 4:8
ਸੋਭਾ	7	7	5	4	EXO 15:2
ਸੋਮਿਆਂ	2	2	1	2	2CH 32:3
ਸੋਰ	2	2	1	0	2SA 5:11
ਸੋਰੇਕ	1	1	1	1	JDG 16:4
ਸੋਲਵਾਂ	2	2	1	0	1CH 24:14
ਸੋਲਵੀਂ	1	1	1	0	2CH 29:17
ਸੋਲਾ	1	1	1	0	1CH 4:27
ਸੋਲਾਂ	19	19	7	6	GEN 46:18
ਸੋਲੀ	1	1	1	0	EST 6:4
ਸੋਸਥਨੇਸ	1	1	1	2	1CO 1:1
ਸੋਸਨ	6	6	4	8	2CH 4:5
ਸੋਸਨਥੇਜ਼	1	1	1	0	ACT 18:17
ਸੋਸਨਾਂ	5	5	2	4	SNG 2:16
ਸੋਸਨੀ	3	3	1	2	1KI 7:19
ਸੋਸੀਪਤਰੁਸ	1	1	1	1	ROM 16:21
ਸੋਹਣਾ	19	19	9	20	GEN 39:6
ਸੋਹਣਿਆਂ	1	1	1	1	MIC 2:9
ਸੋਹਣੀ	23	23	12	26	GEN 12:14
ਸੋਹਣੀਆਂ	6	6	3	10	GEN 6:2
ਸੋਹਣੇ	19	19	12	20	LEV 8:7
ਸੋਹਰ	3	3	2	4	GEN 23:8
ਸੋਹਰੇ	1	1	1	0	EXO 4:18
ਸੋਹਲ	2	2	2	2	GEN 33:13
ਸੋਹੁਣੀਆਂ	1	1	1	0	MAT 23:27
ਸੋੱਟਾ	1	1	1	0	1CH 11:23
ਸੌ	526	526	32	519	GEN 5:3
ਸੌਂ	54	54	13	28	GEN 2:21
ਸੌਂਕਣ	1	1	1	1	1SA 1:6
ਸੌਂਣ	3	3	3	1	2CH 22:11
ਸੌਂਦਾ	2	2	2	3	ISA 5:27
ਸੌਂਦੀ	1	1	1	0	2SA 12:3
ਸੌਂਦੇ	4	4	3	5	JOB 33:15
ਸੌਂਪ	22	22	9	49	JDG 11:30
ਸੌਂਪਦਾ	2	2	2	4	PSA 31:5
ਸੌਂਪਾਂਗਾ	1	1	1	1	EZK 23:24
ਸੌਂਪਾਗਾ	1	1	1	0	2SA 5:19
ਸੌਂਪਿਆ	12	12	9	15	2SA 3:8
ਸੌਂਪੀ	1	1	1	6	LAM 5:2
ਸੌਂਪੀਆਂ	2	2	2	1	ACT 6:14
ਸੌਂਪੇ	2	2	2	6	EZR 7:19
ਸੌਂਪੇਗਾ	5	5	4	4	1SA 14:37
ਸੌਂਫ	3	3	1	3	ISA 28:25
ਸੌਂਫ਼	1	1	1	1	MAT 23:23
ਸੌਂਵੇ	2	2	2	1	DEU 24:13
ਸੌਂਹ	301	301	39	0	GEN 21:23
ਸੌਂਹਾਂ	2	2	2	0	HAB 3:9
ਸੌਆਂ	1	1	1	0	JDG 7:8
ਸੌਕੁ	1	1	1	0	ROM 4:19
ਸੌਖ	1	1	1	0	2CO 8:13
ਸੌਖਾ	1	1	1	4	EXO 18:22
ਸੌਖੇ	1	1	1	0	LAM 1:5
ਸੌਗੀ	5	5	4	4	1SA 25:18
ਸੌਣ	3	3	3	6	EXO 8:3
ਸੌਣਗੇ	1	1	1	1	EZK 34:25
ਸੌਦਾ	6	6	2	4	NEH 13:16
ਸੌਦਾਗਰ	2	2	2	2	GEN 37:28
ਸੌਦਾਗੀਰੀ	1	1	1	0	JOB 6:27
ਸੌਪਾਂਗਾ	1	1	1	1	EZK 21:31
ਸੌਪਿਆ	1	1	1	0	GAL 2:7
ਸੌਪੀ	2	2	2	0	1TI 1:11
ਸੌਪੀਆਂ	1	1	1	0	ROM 3:2
ਸੌਪੇਂਗਾ	1	1	1	1	1SA 30:15
ਸੌਪੋ	1	1	1	0	ROM 6:13
ਸੌਰਦਾ	1	1	1	0	PRO 29:19
ਸੌਰਦੇ	1	1	1	0	ACT 24:2
ਸੌਰੇ	1	1	1	0	JER 2:30
ਸੌਲੁਸ	24	24	1	26	ACT 7:58
ਸੌਵਾਂ	1	1	1	1	NEH 5:11
ਸੌਵੇਂ	1	1	1	1	GEN 7:11
ਸੌਵੇਂਗਾ	1	1	1	1	PSA 121:4
ਸੌਹ	2	2	2	0	PSA 24:4
ਸੌਹਰਾ	4	4	2	4	GEN 38:13
ਸੌਹਰੇ	12	12	2	13	GEN 38:25
ਸੌਹਾਂ	1	1	1	1	HOS 10:4
ਸੌਹੰ	1	1	1	0	ACT 2:30
ਸੌੜਾ	1	1	1	0	MAT 7:14
ਸ੍ਰੀ	1	1	1	0	HEB 1:3
ਸ੍ਵਾਦ	2	2	1	0	LEV 26:34
ਸੜ	25	25	13	22	EXO 22:6
ਸੜਕ	16	16	10	20	NUM 20:17
ਸੜਕਾਂ	10	10	7	11	LEV 26:22
ਸੜਕੇ	4	4	2	0	NUM 20:17
ਸੜਕੋਂ	1	1	1	0	1SA 4:13
ਸੜਦੀ	3	3	2	1	EXO 3:3
ਸੜਦੇ	2	2	2	2	ISA 57:5
ਸੜਨ	10	10	8	12	GEN 26:14
ਸੜਨਗੇ	1	1	1	1	ISA 1:31
ਸੜਾਂ	1	1	1	1	GEN 49:6
ਸੜਾਂਧ	1	1	1	0	JHN 11:39
ਸੜਿਆ	7	7	5	6	LEV 10:16
ਸੜਿਆਂਧ	1	1	1	8	PSA 38:5
ਸੜਿਆਹਣ	5	5	1	0	EXO 7:18
ਸੜੀ	4	4	2	5	PSA 68:6
ਸੜੀਆਂ	1	1	1	1	JER 29:17
ਸੜੀਹਾਣ	1	1	1	0	JOB 17:14
ਸੜੇ	5	5	5	7	JDG 15:14
ਸੜ੍ਹਾਂ	3	3	2	0	JOS 11:6
ਸੜ੍ਹਿਆਂਦ	2	2	2	0	JOL 2:20
ਸੜ੍ਹਿਆਂਧ	3	3	1	0	ISA 3:24
ਸੰਕਟ	3	3	2	21	PSA 25:17
ਸੰਕਟਾਂ	1	1	1	2	2CO 12:10
ਸੰਕਲਪ	4	4	4	2	GEN 49:26
ਸੰਕਾ	1	1	1	0	ROM 4:20
ਸੰਕੇਤ	1	1	1	9	JHN 19:20
ਸੰਕੇਤਕ	3	3	1	1	JHN 16:25
ਸੰਖ	1	1	1	0	REV 18:12
ਸੰਗ	243	243	42	102	GEN 4:1
ਸੰਗਤ	26	26	15	29	GEN 49:6
ਸੰਗਤਾਂ	4	4	2	2	PSA 26:12
ਸੰਗਦੇ	1	1	1	1	GEN 2:25
ਸੰਗਲ	7	7	6	6	1KI 6:21
ਸੰਗਲਾਂ	11	11	8	14	PSA 149:8
ਸੰਗੀ	6	6	5	3	GEN 45:11
ਸੰਗੀਤ	1	1	1	1	1CO 14:7
ਸੰਗੁੱਚ	1	1	1	0	PRO 25:17
ਸੰਘ	8	8	6	7	JOB 20:13
ਸੰਘਣਾ	1	1	1	1	EZK 24:10
ਸੰਘਣੀ	2	2	2	2	ISA 32:14
ਸੰਘਣੀਆਂ	3	3	1	5	EZK 31:3
ਸੰਘਣੇ	2	2	2	6	NEH 8:15
ਸੰਘੀਓਂ	1	1	1	0	MAT 18:28
ਸੰਚੇ	1	1	1	0	ROM 6:17
ਸੰਜਮ	5	5	4	9	ACT 24:25
ਸੰਜ਼ਮ	1	1	1	0	1CO 9:27
ਸੰਜਾਫ਼	8	8	1	8	EXO 26:4
ਸੰਜੋ	12	12	8	12	EXO 28:32
ਸੰਜੋਆ	1	1	1	0	NEH 4:16
ਸੰਜੋਆਂ	1	1	1	1	2CH 26:14
ਸੰਜੋਗ	2	2	2	2	RUT 2:3
ਸੰਝ	60	60	20	5	GEN 1:5
ਸੰਢ	3	3	3	0	EXO 23:26
ਸੰਤ	23	23	10	17	DEU 33:2
ਸੰਤਾ	1	1	1	0	PSA 79:2
ਸੰਤਾਂ	64	64	15	73	1SA 2:9
ਸੰਤਾਨ	151	151	19	270	GEN 3:15
ਸੰਤਾਲੀ	2	2	2	3	GEN 47:28
ਸੰਤੁਸ਼ਟ	3	3	3	2	JHN 6:26
ਸੰਤੋ	4	4	2	4	PSA 30:4
ਸੰਤੋਖ	4	4	4	3	JOS 7:7
ਸੰਦ	7	7	6	7	GEN 4:22
ਸੰਦਾਂ	2	2	2	3	DEU 23:13
ਸੰਦੀਪ	1	1	1	0	PSA 9:5
ਸੰਦੂਕ	207	207	19	226	GEN 50:26
ਸੰਦੂਕੜੀ	3	3	1	0	1SA 6:8
ਸੰਦੇਸ਼	20	20	6	70	JHN 10:35
ਸੰਦੇਸ਼ਾ	1	1	1	3	JHN 11:3
ਸੰਦੇਸਾ	3	3	2	0	JDG 3:19
ਸੰਦੇਸੀ	1	1	1	1	PHP 2:25
ਸੰਦੇਸੀਆਂ	2	2	1	0	GEN 32:3
ਸੰਧਿਆ	41	41	7	0	LEV 11:24
ਸੰਨਾਹ	1	1	1	0	JOS 15:49
ਸੰਨ੍ਹ	7	7	5	6	EXO 22:2
ਸੰਨ੍ਹਾਂ	1	1	1	0	JOB 24:16
ਸੰਪਤ	1	1	1	0	PSA 62:10
ਸੰਪਤਾ	2	2	2	0	1CH 29:23
ਸੰਪੂਰਣ	15	15	7	3	GEN 29:21
ਸੰਪੂਰਨ	53	53	19	67	GEN 2:1
ਸੰਪੂਰਨਤਾਈ	4	4	3	4	JOB 11:7
ਸੰਬੰਧ	4	4	4	12	GEN 18:19
ਸੰਬੰਧਿਤ	18	18	4	21	JHN 1:14
ਸੰਬੰਧੀ	1	1	1	9	JHN 18:26
ਸੰਭਲ	2	2	1	2	2CH 14:13
ਸੰਭਲਦੀ	1	1	1	1	PRO 20:28
ਸੰਭਵ	4	4	3	4	JHN 3:9
ਸੰਭਾਲ	7	7	5	24	EXO 16:34
ਸੰਭਾਲਣ	2	2	2	8	2CH 22:9
ਸੰਭਾਲਣਾ	1	1	1	0	1TI 5:21
ਸੰਭਾਲਦਾ	8	8	2	11	PSA 3:5
ਸੰਭਾਲਾਂਗਾ	1	1	1	1	ISA 41:10
ਸੰਭਾਲਿਆ	6	6	4	9	2SA 6:6
ਸੰਭਾਲੀ	1	1	1	4	PSA 119:33
ਸੰਭਾਲੂ	2	2	2	1	NUM 3:38
ਸੰਭਾਲੇ	2	2	1	2	ISA 9:7
ਸੰਭਾਲੇਗਾ	3	3	2	4	PSA 41:3
ਸੰਭਾਵਿਤ	1	1	1	0	JHN 4:29
ਸੰਮਤ	1	1	1	0	1CH 20:1
ਸੰਮਨ	1	1	1	0	JOB 9:19
ਸੰਮਲਿਤ	1	1	1	0	1CO 15:50
ਸੰਮਾਂ	2	2	1	2	DAN 4:15
ਸੰਮਾਹ	1	1	1	0	GEN 36:17
ਸੰਮ੍ਹਾਲਿਆ	1	1	1	0	2SA 14:14
ਸੰਯਮ	1	1	1	0	1PE 1:13
ਸੰਵਾਰਦੀ	1	1	1	0	JAS 2:17
ਸੰਸਾ	1	1	1	0	ACT 19:27
ਸੰਸਾਰ	82	82	26	200	GEN 41:57
ਸੰਸਾਰਕ	2	2	2	3	COL 3:22
ਸੰਸਾਰੀ	2	2	2	6	PSA 17:14
ਸੰਹ	1	1	1	0	2SA 21:7
ਸੱਕ	1	1	1	0	HOS 10:7
ਸੱਕਣ	5	5	5	0	GEN 44:1
ਸੱਕਣਗੇ	14	14	5	0	ISA 47:14
ਸੱਕਦਾ	271	271	46	0	GEN 27:1
ਸੱਕਦੀ	21	21	13	0	2KI 7:2
ਸੱਕਦੀਆਂ	10	10	6	0	JOB 11:3
ਸੱਕਦੇ	81	81	28	0	GEN 24:50
ਸੱਕਾ	1	1	1	1	DEU 13:6
ਸੱਕਾਂ	4	4	4	0	NUM 22:11
ਸੱਕਾਂਗਾ	1	1	1	0	JOB 10:15
ਸੱਕਾਂਗੀ	2	2	1	0	EST 8:6
ਸੱਕਾਂਗੇ	1	1	1	0	GEN 44:26
ਸੱਕਿਆ	36	36	22	0	GEN 41:8
ਸੱਕੀ	6	6	4	2	GEN 31:35
ਸੱਕੀਆਂ	2	2	2	0	2CH 20:25
ਸੱਕੀਏ	6	6	5	0	DEU 7:17
ਸੱਕੇ	105	105	31	3	GEN 45:3
ਸੱਕੇਂ	7	7	4	0	GEN 6:19
ਸੱਕੇਂਗਾ	4	4	4	0	EXO 18:23
ਸੱਕੇਂਗੀ	1	1	1	0	ISA 47:11
ਸੱਕੇਗਾ	25	25	13	0	EXO 10:5
ਸੱਕੇਗਾਂ	2	2	2	0	MAT 7:5
ਸੱਕੇਗੀ	1	1	1	0	ROM 8:39
ਸੱਕੋ	13	13	8	0	DEU 14:24
ਸੱਕੋਂ	1	1	1	0	2CH 13:9
ਸੱਕੋਗੇ	13	13	8	0	GEN 42:15
ਸੱਖਣਾ	11	11	9	5	GEN 37:24
ਸੱਖਣਿਆਂ	2	2	2	0	2CO 6:10
ਸੱਖਣੀ	3	3	2	1	2SA 1:22
ਸੱਖਣੇ	10	10	8	3	GEN 31:42
ਸੱਗੋਂ	1	1	1	0	2KI 17:14
ਸੱਚ	261	261	39	182	GEN 3:1
ਸੱਚ-ਮੁੱਚ	5	5	1	159	JHN 1:51
ਸੱਚਮੁੱਚ	14	14	3	0	JHN 13:38
ਸੱਚਾ	43	43	21	52	LEV 19:36
ਸੱਚਾਈ	1	1	1	10	EZK 18:9
ਸੱਚਾਈਆਂ	1	1	1	0	1CO 4:1
ਸੱਚਿਆਂ	3	3	2	2	NEH 9:13
ਸੱਚਿਆਈ	7	7	2	0	PSA 37:3
ਸੱਚੀ	37	37	18	42	LEV 19:36
ਸੱਚੀਂ	8	8	7	4	GEN 18:13
ਸੱਚੀਆਂ	6	6	4	7	PSA 93:5
ਸੱਚੇ	35	35	16	38	GEN 42:11
ਸੱਚੋ	1	1	1	0	PRO 8:7
ਸੱਛ	1	1	1	0	2KI 24:3
ਸੱਜ	1	1	1	1	HOS 2:13
ਸੱਜਣ	2	2	1	2	GEN 38:12
ਸੱਜਣਾਂ	2	2	2	0	JOB 35:4
ਸੱਜਨੀ	1	1	1	0	LUK 5:36
ਸੱਜਰਾ	1	1	1	1	GEN 8:11
ਸੱਜਰੇ	1	1	1	1	PSA 92:10
ਸੱਜਾ	41	41	12	45	GEN 48:14
ਸੱਜੀ	14	14	6	5	LEV 7:32
ਸੱਜੀਆਂ	1	1	1	1	1SA 11:2
ਸੱਜੇ	170	170	37	176	GEN 13:9
ਸੱਟ	28	28	14	24	GEN 4:23
ਸੱਟਾਂ	1	1	1	1	PRO 20:30
ਸੱਟੀਂ	1	1	1	0	EXO 34:20
ਸੱਠ	33	33	17	40	NUM 7:88
ਸੱਠਾਂ	6	6	4	2	GEN 25:26
ਸੱਤ	338	338	31	367	GEN 4:15
ਸੱਤਗੁਣਾ	1	1	1	0	DAN 3:19
ਸੱਤਰ	36	36	18	61	GEN 5:12
ਸੱਤਰਾਂ	8	8	5	1	GEN 11:26
ਸੱਤਵਾਂ	17	17	7	18	EXO 16:26
ਸੱਤਵੀਂ	7	7	5	10	JOS 6:16
ਸੱਤਵੇ	2	2	1	0	LEV 23:39
ਸੱਤਵੇਂ	83	83	22	91	GEN 2:2
ਸੱਤਾ	1	1	1	2	DEU 33:28
ਸੱਤਾਂ	93	93	28	68	GEN 7:10
ਸੱਤਿਆ	35	35	12	1	GEN 34:30
ਸੱਤਿਆਨਾਸ	4	4	3	30	NUM 21:2
ਸੱਤੀਂ	4	4	2	0	DEU 28:7
ਸੱਤੇ	6	6	3	7	2SA 21:9
ਸੱਤੋ	1	1	1	0	LEV 25:8
ਸੱਤ੍ਰ	11	11	5	0	EXO 1:5
ਸੱਦ	101	101	22	62	GEN 41:8
ਸੱਦਕੇ	1	1	1	0	GEN 27:1
ਸੱਦਣ	8	8	7	7	NUM 10:2
ਸੱਦਣਗੇ	4	4	4	3	DEU 33:19
ਸੱਦਦਾ	6	6	4	5	2SA 14:13
ਸੱਦਦੇ	1	1	1	1	JHN 13:13
ਸੱਦਾ	6	6	5	17	2SA 14:32
ਸੱਦਾਂਗਾ	3	3	2	1	EZK 38:21
ਸੱਦਾਂਗੀ	1	1	1	1	GEN 27:45
ਸੱਦਿਆ	103	103	30	92	GEN 2:19
ਸੱਦੀ	3	3	2	3	EST 2:14
ਸੱਦੀਦਾ	8	8	4	1	LUK 1:61
ਸੱਦੇ	37	37	23	38	EXO 34:15
ਸੱਦੇਂਗਾ	2	2	2	2	ISA 55:5
ਸੱਦੇਂਗੀ	1	1	1	1	ISA 60:18
ਸੱਦੇਗਾ	2	2	2	2	GEN 2:19
ਸੱਦੋ	6	6	5	5	EXO 2:20
ਸੱਦੋਗੇ	1	1	1	1	JER 3:19
ਸੱਪ	42	42	18	46	GEN 3:1
ਸੱਪਾਂ	12	12	9	16	DEU 32:33
ਸੱਪੋ	1	1	1	1	MAT 23:33
ਸੱਬਬੋਂ	1	1	1	0	1TI 1:16
ਸੱਬੋ	2	2	1	0	ACT 4:24
ਸੱਭ	6	6	5	0	LEV 27:32
ਸੱਭਦਾ	1	1	1	0	2SA 19:35
ਸੱਭਨਾਂ	1	1	1	0	MAT 5:15
ਸੱਭੇ	119	119	26	42	LEV 6:18
ਸੱਭੋ	85	85	27	34	EXO 9:25
ਸੱਭੋਂ	1	1	1	0	ACT 2:32
ਸੱਲ	2	2	1	0	ISA 47:8
ਸੱਲਈ	1	1	1	1	NEH 12:20
ਸੱਲਾਂ	1	1	1	0	LAM 4:9
ਸੱਲਾਈ	1	1	1	1	NEH 11:8
ਸੱਲੂ	4	4	3	4	GEN 14:23
ਸੱਸ	21	21	6	21	DEU 27:23
ਹ	4	4	4	0	1SA 16:4
ਹਊ	1	1	1	0	MIC 7:18
ਹਕ	2	2	2	0	1CH 5:2
ਹਕਮੋਨੀ	2	2	1	2	1CH 11:11
ਹਕਲਯਾਹ	2	2	1	2	NEH 1:1
ਹਕਿਆ	2	2	1	0	DAN 4:32
ਹਕੀਕਤ	5	5	3	1	MRK 5:33
ਹਕੀਮ	3	3	3	4	MAT 9:12
ਹਕੀਮਾਂ	2	2	2	2	MRK 5:26
ਹਕੀਲਾਹ	3	3	1	3	1SA 23:19
ਹਕੂਫਾ	2	2	2	2	EZR 2:51
ਹਕੂਮਤ	30	30	15	33	GEN 37:8
ਹਕੂਮਤਾਂ	8	8	4	7	ROM 8:38
ਹਕੇ	1	1	1	0	DAN 4:25
ਹਕੋਸ	1	1	1	5	NEH 3:4
ਹਗਈ	1	1	1	0	EST 2:15
ਹਗਰੀ	4	4	2	4	1CH 5:20
ਹਗਰੀਆਂ	2	2	1	2	1CH 5:10
ਹਗਲਾਹ	1	1	1	3	JOS 15:6
ਹਗਾਬਾ	1	1	1	0	NEH 7:48
ਹਗੀਥ	3	3	1	0	1KI 1:5
ਹਗੱਈ	1	1	1	0	EZR 6:14
ਹਜ਼ਯੋਨ	1	1	1	1	1KI 15:18
ਹਜ਼ਰਾਂ	1	1	1	0	SNG 5:10
ਹਜ਼ਾਏਲ	19	19	4	23	1KI 19:15
ਹਜ਼ਾਯਾਹ	1	1	1	1	NEH 11:5
ਹਜ਼ਾਰ	446	446	33	464	GEN 20:16
ਹਜ਼ਾਰਾਂ	67	67	22	60	GEN 24:60
ਹਜ਼ੀਏਲ	1	1	1	1	1CH 23:9
ਹਜ਼ੂਰ	34	34	20	54	GEN 17:18
ਹਜ਼ੂਰੀ	18	18	11	30	EXO 25:30
ਹਜ਼ੂਰੋ	1	1	1	0	JOB 15:4
ਹਜ਼ੂਰੋਂ	12	12	7	16	GEN 41:46
ਹਜ਼ੋ	1	1	1	1	GEN 22:22
ਹਜਾਏਲ	4	4	1	0	2KI 8:13
ਹਜਾਮਤ	1	1	1	1	GEN 41:14
ਹਜਾਰ	1	1	1	0	JER 52:30
ਹਜਾਰਾਂ	1	1	1	0	1CH 16:15
ਹਜਿਰਾਂ	1	1	1	0	NAM 3:12
ਹਜੀਰ	20	20	15	0	NUM 20:5
ਹਜੀਰਾਂ	14	14	6	0	NUM 13:23
ਹਜੂਰ	19	19	5	0	2KI 20:3
ਹਜੂਰੀ	8	8	3	0	NUM 4:7
ਹਜੂਰੋਂ	3	3	3	0	GEN 4:16
ਹਟ	47	47	23	24	GEN 11:8
ਹਟਇਆ	1	1	1	0	2TH 2:7
ਹਟਕੇ	1	1	1	0	JHN 20:7
ਹਟਣ	2	2	2	1	ISA 59:20
ਹਟਣਗੇ	1	1	1	1	REV 11:7
ਹਟਣੀ	1	1	1	0	PRO 27:22
ਹਟਦਾ	4	4	4	3	ISA 57:17
ਹਟਦੇ	1	1	1	0	COL 1:9
ਹਟਾ	52	52	22	53	GEN 48:17
ਹਟਾਂ	1	1	1	0	LUK 17:8
ਹਟਾਂਗੇ	1	1	1	1	PSA 80:18
ਹਟਾਇਆ	10	10	8	10	GEN 15:11
ਹਟਾਈ	4	4	3	2	JOB 6:13
ਹਟਾਈਆਂ	1	1	1	1	JER 31:36
ਹਟਾਉਂਦਾ	5	5	5	5	PSA 44:10
ਹਟਾਉਂਦੇ	2	2	2	2	JOB 24:4
ਹਟਾਉਣ	3	3	3	2	DEU 28:26
ਹਟਾਉਣਗੇ	1	1	1	1	DAN 11:31
ਹਟਾਉਣਾ	1	1	1	2	2KI 13:23
ਹਟਾਏ	6	6	4	4	EXO 8:9
ਹਟਾਵਾਂਗਾ	2	2	2	2	EXO 33:23
ਹਟਾਵੀਂ	1	1	1	2	1SA 20:15
ਹਟਾਵੇ	2	2	2	2	EXO 10:17
ਹਟਾਵੇਗਾ	2	2	2	0	JOB 9:12
ਹਟਾਵੋ	1	1	1	0	JHN 11:44
ਹਟਿਆ	31	31	15	24	GEN 17:22
ਹਟੀ	1	1	1	0	LUK 7:45
ਹਟੀਆਂ	1	1	1	1	REV 10:4
ਹਟੀਏ	1	1	1	1	DAN 9:13
ਹਟੀਟਾ	2	2	2	2	EZR 2:42
ਹਟੀਫਾ	1	1	1	2	NEH 7:56
ਹਟੀਫਾਦੀ	1	1	1	0	EZR 2:54
ਹਟੇ	13	13	10	12	2CH 34:33
ਹਟੇਂਗਾ	1	1	1	1	JOB 7:19
ਹਟੇਗਾ	3	3	3	3	PRO 22:6
ਹਟੇਗੀ	1	1	1	1	2SA 12:10
ਹਟੋ	4	4	2	4	1SA 12:20
ਹਠ	9	9	7	6	NUM 14:44
ਹਠਾੜ	11	11	6	5	GEN 38:1
ਹਠੀ	2	2	2	1	EXO 32:9
ਹਠੀਆ	1	1	1	0	ISA 48:4
ਹਠੀਏ	1	1	1	1	EXO 34:9
ਹਠੀਲੇ	1	1	1	5	ISA 46:12
ਹਠੇਲੇ	1	1	1	0	JON 1:5
ਹਡਕੋਰੇ	2	2	1	2	JER 48:36
ਹਤਿਆ	1	1	1	0	2SA 22:38
ਹਤਿਆਰਾ	1	1	1	0	JHN 8:44
ਹਤਿਆਰੇ	1	1	1	1	2SA 21:1
ਹਥ	2	2	2	0	PSA 24:4
ਹਥਥ	1	1	1	1	1CH 4:13
ਹਥਲੋਨ	2	2	1	2	EZK 47:15
ਹਥਸ਼ੀ	1	1	1	0	ACT 8:0
ਹਥਾਂ	1	1	1	0	2SA 23:6
ਹਥਾਕ	4	4	1	5	EST 4:5
ਹਥਿਆਰ	22	22	13	33	NUM 35:16
ਹਥਿਆਰਾਂ	1	1	1	3	JER 50:25
ਹਥੇਲੀ	2	2	1	3	GEN 40:11
ਹਥੇਲੀਆਂ	4	4	3	2	EXO 29:24
ਹਥੋਂ	1	1	1	0	2SA 13:5
ਹਥੌੜਾ	2	2	1	3	JER 50:23
ਹਥੌੜਿਆਂ	3	3	3	3	PSA 74:6
ਹਥੌੜੀ	1	1	1	0	ACT 17:29
ਹਥੌੜੇ	1	1	1	3	ISA 41:7
ਹਦ	1	1	1	0	JOS 13:11
ਹਦਦ	18	18	5	16	GEN 25:15
ਹਦਦਅਜ਼ਰ	11	11	2	20	2SA 8:3
ਹਦਦਰਮੋਨ	1	1	1	0	ZEC 12:11
ਹਦਰ	1	1	1	0	GEN 36:39
ਹਦਰਅਜ਼ਰ	9	9	1	1	1CH 18:3
ਹਦਲੀ	1	1	1	1	2CH 28:12
ਹਦੀਦ	2	2	2	3	EZR 2:33
ਹਦੈਤ	1	1	1	0	EZR 1:2
ਹਦੋਨੇ	1	1	1	0	2KI 19:37
ਹਦੋਰਾਮ	3	3	2	4	GEN 10:27
ਹਦੋਰਾਮੇ	1	1	1	0	2CH 10:18
ਹਨ	4757	4757	66	4839	GEN 2:12
ਹਨ-ਅਲੀਫਲਟ	1	1	1	0	EZR 8:13
ਹਨ-ਕਬਸਏਲ	1	1	1	0	JOS 15:21
ਹਨਅਤੇ	1	1	1	0	1PE 1:24
ਹਨਨਏਲ	2	2	2	0	JER 31:38
ਹਨਨਯਾਹ	29	29	6	30	1CH 3:19
ਹਨਨੇਲ	2	2	1	4	NEH 3:1
ਹਨਮਏਲ	4	4	1	4	JER 32:7
ਹਨਾਥੋਨ	1	1	1	1	JOS 19:14
ਹਨਾਨ	7	7	2	0	1CH 27:28
ਹਨਾਨਿਯਾ	4	4	1	4	ACT 5:0
ਹਨਾਨਿਯਾਹ	8	8	1	8	ACT 9:10
ਹਨਾਨੀ	11	11	5	12	1KI 16:1
ਹਨੂਨ	1	1	1	2	NEH 3:13
ਹਨੇਰਾ	3	3	1	0	JHN 3:19
ਹਨੇਰਿਆਂ	1	1	1	0	JHN 8:12
ਹਨੇਰੇ	10	10	5	78	DAN 6:19
ਹਨੋਕ	19	19	7	19	GEN 4:17
ਹਨੋਕੀਆਂ	1	1	1	1	NUM 26:5
ਹਨ੍ਹੇਰੇ	1	1	1	27	ISA 45:3
ਹਫਤਿਆਂ	3	3	2	0	DEU 16:10
ਹਫਤੇ	3	3	2	0	DEU 16:9
ਹਫਰਨਫਰ	1	1	1	0	1CH 7:36
ਹਫਸੀਬਾਹ	1	1	1	1	2KI 21:1
ਹਫ਼ਤਾਂ	1	1	1	0	JER 5:24
ਹਫ਼ਤੇ	8	8	5	13	MAT 28:1
ਹਫਾਰਇਮ	1	1	1	1	JOS 19:19
ਹਬ	1	1	1	0	LEV 11:23
ਹਬਰ	10	10	3	0	GEN 46:17
ਹਬਰੋਨ	69	69	10	76	GEN 13:18
ਹਬਰੋਨੀ	1	1	1	1	NUM 26:58
ਹਬਰੋਨੀਆਂ	5	5	2	5	NUM 3:27
ਹਬਸ਼	2	2	1	0	ACT 8:27
ਹਬਸ਼ੀ	1	1	1	1	JER 13:23
ਹਬੱਕੂਕ	6	6	1	20	HAB 0:0
ਹਮਦਰਦੀ	1	1	1	0	JAS 3:17
ਹਮਦਾਥਾ	5	5	1	5	EST 3:1
ਹਮਦਾਨ	1	1	1	2	GEN 36:26
ਹਮਰਾਨ	1	1	1	0	1CH 1:41
ਹਮਲ	1	1	1	1	HOS 9:11
ਹਮਲਾ	1	1	1	86	JHN 10:12
ਹਮਸੋਸ	5	5	5	0	PRO 23:29
ਹਮਾਤੀ	1	1	1	0	GEN 10:18
ਹਮਾਥ	37	37	13	37	NUM 13:21
ਹਮਾਥੀ	1	1	1	2	1CH 1:16
ਹਮਾਨ	3	3	1	0	EST 3:2
ਹਮਾਮ	2	2	2	0	1CH 1:39
ਹਮੂਟਲ	3	3	2	3	2KI 23:31
ਹਮੂਲ	2	2	2	0	NUM 26:21
ਹਮੂਲੀਆਂ	1	1	1	1	NUM 26:21
ਹਮੇਸ਼ਗੀ	3	3	2	0	NUM 4:7
ਹਮੇਸ਼ਾ	47	47	10	13	PSA 9:18
ਹਮੇਸ਼ਾਂ	1	1	1	18	1TH 2:17
ਹਮੋਨ	2	2	2	1	SNG 8:11
ਹਮੋਰ	14	14	4	13	GEN 33:19
ਹਯਾਤੀ	14	14	5	1	JOB 10:1
ਹਯਾਤੀਆਂ	1	1	1	1	PSA 78:50
ਹਰ	689	689	54	578	GEN 1:29
ਹਰਕਾਰਾ	2	2	1	0	PRO 13:17
ਹਰਖ	5	5	2	4	2CH 16:10
ਹਰਜ	2	2	2	0	NUM 16:15
ਹਰਜਾ	2	2	2	0	NUM 35:23
ਹਰਜਾਨਾ	2	2	1	0	NUM 5:8
ਹਰਜੂਨ	1	1	1	0	LEV 11:30
ਹਰਜੇ	1	1	1	1	JER 25:7
ਹਰਨ	6	6	4	0	DEU 14:5
ਹਰਨਾਂ	1	1	1	0	1CH 12:8
ਹਰਨੀ	9	9	7	5	GEN 49:21
ਹਰਨੀਆ	1	1	1	0	PSA 29:9
ਹਰਨੀਆਂ	7	7	6	5	2SA 22:34
ਹਰਨੋਟਿਆਂ	1	1	1	0	SNG 7:3
ਹਰਨੋਟੀ	1	1	1	1	PRO 5:19
ਹਰਨੋਟੇ	2	2	1	0	SNG 2:17
ਹਰਨੋਤਿਆ	1	1	1	0	SNG 4:5
ਹਰਫ਼	4	4	3	0	JOB 19:5
ਹਰਬੋਨ	3	3	1	0	2SA 2:32
ਹਰਬੋਨਾ	1	1	1	2	EST 1:10
ਹਰਬੋਨਾਹ	1	1	1	0	EST 7:9
ਹਰਮਗਿੱਦੋਨ	1	1	1	1	REV 16:16
ਹਰਮਲ	1	1	1	1	LUK 11:42
ਹਰਮੁਗਨੇਸ	1	1	1	1	2TI 1:15
ਹਰਮੇਸ	2	2	2	2	ACT 14:12
ਹਰਮੋਨ	14	14	6	15	DEU 3:8
ਹਰਸ	2	2	1	2	JDG 1:35
ਹਰਸ਼	1	1	1	1	1CH 9:15
ਹਰਸ਼ਾ	2	2	2	2	EZR 2:52
ਹਰਸੋਨ	2	2	1	0	MAT 1:3
ਹਰਹਯਾਹ	1	1	1	1	NEH 3:8
ਹਰਹਸ	1	1	1	1	2KI 22:14
ਹਰਹੂਰ	2	2	2	2	EZR 2:51
ਹਰਾ	18	18	13	19	EXO 17:13
ਹਰਾਇਆ	1	1	1	1	JHN 1:5
ਹਰਾਦਾਹ	2	2	1	2	NUM 33:24
ਹਰਾਨੀ	1	1	1	0	EZK 4:16
ਹਰਾਮ	6	6	3	1	DEU 7:26
ਹਰਾਮਕਾਰ	6	6	5	8	MAT 12:39
ਹਰਾਮਕਾਰਾਂ	3	3	3	5	1TI 1:10
ਹਰਾਮਕਾਰੀ	24	24	10	35	DEU 31:16
ਹਰਾਮਕਾਰੀਆਂ	2	2	2	1	MAT 15:19
ਹਰਾਰੀ	4	4	2	4	2SA 23:11
ਹਰਾਵੇਗਾ	1	1	1	2	DAN 11:7
ਹਰਾਸ	1	1	1	0	DEU 32:25
ਹਰਿਆ	2	2	2	0	JOB 33:25
ਹਰਿਆਈ	3	3	3	2	SNG 6:11
ਹਰਿਆਉਲ	1	1	1	1	PSA 72:16
ਹਰਿਆਉਲੀ	1	1	1	0	REV 9:4
ਹਰਿਆਲੀ	1	1	1	3	EXO 10:15
ਹਰਿਮ	1	1	1	0	1CH 24:8
ਹਰੀ	10	10	7	9	EXO 28:19
ਹਰੀਆਂ	5	5	4	5	LEV 14:37
ਹਰੀਫ	2	2	1	0	NEH 7:24
ਹਰੀਮ	5	5	2	0	EZR 10:31
ਹਰੁਫੀ	1	1	1	1	1CH 12:5
ਹਰੂਮਫ਼	1	1	1	1	NEH 3:10
ਹਰੇ	33	33	16	31	GEN 30:37
ਹਰੇਕ	338	338	38	487	LEV 7:14
ਹਰੋਡੀ	1	1	1	0	2SA 23:25
ਹਰੋਦ	1	1	1	1	JDG 7:1
ਹਰੋਦੀ	1	1	1	2	2SA 23:25
ਹਰੋਰੀ	1	1	1	1	1CH 11:27
ਹਰੋਸ਼ਥ	3	3	1	3	JDG 4:2
ਹਲ	16	16	9	11	JDG 14:18
ਹਲਕਈ	1	1	1	1	NEH 12:15
ਹਲਕਤ	1	1	1	1	2SA 2:16
ਹਲਕਥ	1	1	1	0	JOS 19:25
ਹਲਕਾ	4	4	4	7	EXO 18:22
ਹਲਕਾਥ	1	1	1	2	JOS 21:31
ਹਲਕਾਰਾ	9	9	6	2	1SA 23:27
ਹਲਕਾਰਿਆ	3	3	3	0	1SA 11:7
ਹਲਕਾਰਿਆਂ	23	23	9	4	NUM 24:12
ਹਲਕਾਰੇ	46	46	13	9	NUM 20:14
ਹਲਕਿਆਂ	2	2	1	0	2CO 10:16
ਹਲਕੀ	2	2	2	2	1KI 16:31
ਹਲਕੇ	5	5	4	3	JOS 13:2
ਹਲਚਲ	2	2	2	5	JER 49:23
ਹਲਦਈ	1	1	1	2	1CH 27:15
ਹਲਦੀ	1	1	1	0	ZEC 6:10
ਹਲਫ	1	1	1	1	JOS 19:33
ਹਲਫ਼ਈ	2	2	2	2	MAT 10:3
ਹਲਫ਼ਾ	2	2	2	3	MRK 3:18
ਹਲਫਾ	1	1	1	0	MRK 2:14
ਹਲਬਾਹ	1	1	1	1	JDG 1:31
ਹਲਬੋਨ	1	1	1	1	EZK 27:18
ਹਲਲੂਯਾਹ	27	27	2	27	PSA 104:35
ਹਲਸ	1	1	1	5	1CH 11:27
ਹਲਹ	2	2	1	3	2KI 17:6
ਹਲਹੂਲ	1	1	1	1	JOS 15:58
ਹਲਾਂ	1	1	1	0	1KI 19:19
ਹਲਾਕ	2	2	2	1	JOB 30:12
ਹਲਾਕਤ	5	5	3	0	JOB 28:22
ਹਲਾਵਾਂਗਾ	1	1	1	0	ZEC 2:9
ਹਲਾਹ	2	2	1	2	1CH 4:5
ਹਲੀ	1	1	1	1	JOS 19:25
ਹਲੀਂ	1	1	1	1	JOB 1:14
ਹਲੀਮ	1	1	1	6	MAT 5:5
ਹਲੀਮੀ	1	1	1	2	2CO 10:1
ਹਲੂਣਾ	1	1	1	1	ISA 24:13
ਹਲੂਣੇ	1	1	1	1	ISA 17:6
ਹਵਾ	75	75	20	87	GEN 41:6
ਹਵਾਈ	4	4	3	4	JOB 15:2
ਹਵਾਉਂਕਣਗੇ	1	1	1	0	ISA 13:22
ਹਵਾਦਾਰ	1	1	1	3	JER 22:14
ਹਵਾਲ	4	4	3	0	MRK 5:16
ਹਵਾਲਾਤ	2	2	1	6	ACT 4:3
ਹਵਾਲੇ	55	55	19	59	GEN 40:4
ਹਵਾਵਾਂ	14	14	7	9	JOB 37:9
ਹਵਾਸਲ	1	1	1	0	DEU 14:17
ਹਵਾਸਿਲ	1	1	1	2	LEV 11:18
ਹਵੀਲਾਹ	7	7	3	7	GEN 2:11
ਹਵੇਲੀ	1	1	1	0	2SA 16:22
ਹਸਦ	2	2	2	0	ROM 13:13
ਹਸਦਯਾਹ	1	1	1	1	1CH 3:20
ਹਸਨੂਆਹ	1	1	1	2	1CH 9:7
ਹਸਬੋਨ	1	1	1	0	JER 48:34
ਹਸਰ	3	3	1	2	JOS 15:27
ਹਸਰ-ਅੱਦਾਰ	1	1	1	1	NUM 34:4
ਹਸਰ-ਏਨਾਨ	3	3	2	3	NUM 34:9
ਹਸਰ-ਏਨੋਨ	1	1	1	1	EZK 47:17
ਹਸਰ-ਸੂਆਲ	1	1	1	0	JOS 15:28
ਹਸਰਈ	1	1	1	0	2SA 23:35
ਹਸਰਮਾਵਤ	1	1	1	0	GEN 10:26
ਹਸਰਮਾਵਥ	1	1	1	2	1CH 1:20
ਹਸਰਸ਼ੂਆਲ	2	2	2	4	1CH 4:28
ਹਸਰਸੂਸੀਮ	1	1	1	0	1CH 4:31
ਹਸਰਾਹ	1	1	1	1	2CH 34:22
ਹਸਰੋ	2	2	2	2	1SA 12:9
ਹਸਰੋਨ	17	17	7	21	GEN 46:9
ਹਸਰੋਨੀਆਂ	2	2	1	2	NUM 26:5
ਹਸਲ	3	3	2	0	2SA 23:26
ਹਸਲੀ	1	1	1	1	LUK 3:25
ਹਸਸੋਨ	1	1	1	2	2CH 20:2
ਹਸ਼ਈ	1	1	1	0	1KI 4:16
ਹਸ਼ਬਨਯਾਹ	3	3	1	2	NEH 3:10
ਹਸ਼ਬਯਾਰ	1	1	1	0	1CH 25:3
ਹਸ਼ਬਯਾਹ	13	13	4	15	1CH 6:45
ਹਸ਼ਬੋਨ	36	36	9	38	NUM 21:25
ਹਸ਼ਬੋਨਦੇ	1	1	1	0	DEU 2:26
ਹਸ਼ਬੱਦਾਨਾਹ	1	1	1	1	NEH 8:4
ਹਸ਼ਮੋਨ	1	1	1	1	JOS 15:27
ਹਸ਼ਮੋਨਾਹ	2	2	1	2	NUM 33:29
ਹਸ਼ਰ	1	1	1	0	2PE 2:4
ਹਸ਼ਰੋਨ	2	2	2	1	JOS 15:3
ਹਸ਼ੁਬਾਹ	1	1	1	1	1CH 3:20
ਹਸ਼ੂਈ	12	12	1	0	2SA 15:37
ਹਸ਼ੂਬ	3	3	2	5	1CH 9:14
ਹਸ਼ੋਅਯਾਹ	1	1	1	0	NEH 12:32
ਹਸਾਇਆ	1	1	1	0	GEN 21:6
ਹਸਾਨ	4	4	1	0	LUK 6:32
ਹਸਿਸੋਨ	1	1	1	0	GEN 14:7
ਹਸੁਫਾ	1	1	1	0	NEH 7:46
ਹਸੂਫ਼ਾ	1	1	1	2	EZR 2:43
ਹਸੇਰ-ਹੱਤੀਕੋਨ	1	1	1	1	EZK 47:16
ਹਸੇਰੋਥ	6	6	2	6	NUM 11:35
ਹਸੋਰ	4	4	2	0	JOS 11:1
ਹਹਗਾਬਾਹ	1	1	1	0	EZR 2:45
ਹਹੀਰੋਥ	1	1	1	0	NUM 33:8
ਹਹੇੜ	2	2	1	0	1KI 10:28
ਹਾ	10	10	5	2	JOB 38:3
ਹਾਂ	3156	3156	65	3181	GEN 3:2
ਹਾਂਕਾ	1	1	1	0	2SA 18:25
ਹਾਂਗੇ	3	3	3	0	GEN 29:5
ਹਾਂਝ	1	1	1	0	LUK 15:8
ਹਾਂਡੀ	2	2	1	2	LEV 6:28
ਹਾਅਹਸ਼ਤਾਰੀ	1	1	1	1	1CH 4:6
ਹਾਇ	126	126	18	0	1SA 4:7
ਹਾਈ	1	1	1	0	LUK 17:1
ਹਾਉਕਾ	2	2	1	2	MRK 7:34
ਹਾਉਕੇ	3	3	2	5	2CO 5:2
ਹਾਏ	31	31	13	153	EXO 32:31
ਹਾਕ	8	8	5	3	GEN 19:5
ਹਾਕਮ	125	125	31	184	GEN 42:6
ਹਾਕਮਾਂ	29	29	19	92	JDG 5:9
ਹਾਕਮੀ	3	3	2	0	NEH 5:14
ਹਾਕਾਂ	13	13	8	5	LEV 9:24
ਹਾਕਿਮ	1	1	1	0	LUK 2:2
ਹਾਗਲਾਹ	6	6	2	4	NUM 26:33
ਹਾਗਾਬ	1	1	1	1	EZR 2:46
ਹਾਜਰ	9	9	7	0	DEU 16:16
ਹਾਜਰਾ	14	14	2	5	GEN 16:1
ਹਾਜ਼ਮੇ	1	1	1	1	1TI 5:23
ਹਾਜ਼ਰ	64	64	20	78	GEN 22:1
ਹਾਜ਼ਰੀ	1	1	1	0	JHN 17:5
ਹਾਜ਼ਿਰ	1	1	1	1	JOB 38:35
ਹਾਜੂਰੋਂ	1	1	1	0	PSA 51:11
ਹਾਠਾ	2	2	2	0	2SA 22:27
ਹਾਠੀ	1	1	1	0	DEU 9:13
ਹਾਠੇ	6	6	4	1	EXO 33:3
ਹਾਣ	2	2	2	1	1CH 16:22
ਹਾਣੀਆਂ	2	2	2	0	DAN 1:10
ਹਾਤਾ	3	3	1	0	EXO 27:9
ਹਾਤੇ	32	32	4	0	EXO 27:12
ਹਾਥੀ	13	13	7	13	1KI 10:18
ਹਾਦਸ਼ੀ	1	1	1	1	2SA 24:6
ਹਾਦਾਸ਼ਾਹ	1	1	1	1	JOS 15:37
ਹਾਦੀਦ	1	1	1	0	NEH 7:37
ਹਾਨ	3	3	2	1	PSA 25:10
ਹਾਨਨ	1	1	1	0	1CH 9:44
ਹਾਨਾਨ	5	5	3	12	1CH 8:23
ਹਾਨੀ	9	9	7	12	NUM 14:23
ਹਾਨੂਨ	10	10	3	10	2SA 10:1
ਹਾਨੇਸ	1	1	1	1	ISA 30:4
ਹਾਫ਼ਨੀ	5	5	1	5	1SA 1:3
ਹਾਫ਼ਰਾ	1	1	1	1	JER 44:30
ਹਾਬਲ	12	12	4	13	GEN 4:2
ਹਾਬਾਯਾਹ	1	1	1	0	NEH 7:63
ਹਾਬੋਰ	3	3	2	3	2KI 17:6
ਹਾਬੜ	1	1	1	1	NUM 11:4
ਹਾਬੜਤਾਈਂ	1	1	1	0	2KI 7:15
ਹਾਬੜੀ	1	1	1	0	NUM 11:34
ਹਾਮ	17	17	3	17	GEN 5:32
ਹਾਮਾਨ	49	49	1	57	EST 3:4
ਹਾਮੀ	5	5	5	4	DEU 13:8
ਹਾਮੁਸ	1	1	1	0	EZR 2:19
ਹਾਮੂਲ	1	1	1	3	GEN 46:12
ਹਾਮੂਸ	1	1	1	0	NEH 7:22
ਹਾਰ	28	28	15	46	EXO 34:7
ਹਾਰਥ	1	1	1	1	1SA 22:5
ਹਾਰਦੇ	2	2	1	2	2CO 4:1
ਹਾਰਨ	1	1	1	2	EXO 32:18
ਹਾਰਮਾਹ	9	9	6	9	NUM 14:45
ਹਾਰਾ	2	2	2	1	NUM 14:18
ਹਾਰਾਨ	22	22	7	22	GEN 11:26
ਹਾਰਾਮ	1	1	1	1	JOS 13:27
ਹਾਰਿਆਂ	1	1	1	0	JER 46:22
ਹਾਰੀਏ	1	1	1	1	GAL 6:9
ਹਾਰੀਮ	3	3	2	11	EZR 2:32
ਹਾਰੁਮ	1	1	1	1	1CH 4:8
ਹਾਰੂਨ	347	347	16	370	EXO 4:14
ਹਾਰੂਨੀਆਂ	2	2	1	0	1CH 12:27
ਹਾਰੂਸ	1	1	1	1	2KI 21:19
ਹਾਰੇ	4	4	2	2	DEU 29:11
ਹਾਰੇਫ	1	1	1	1	1CH 2:51
ਹਾਰੇਮ	1	1	1	1	JOS 19:38
ਹਾਰੋ	1	1	1	2	EPH 3:13
ਹਾਰੋਆਹ	1	1	1	1	1CH 2:52
ਹਾਲ	59	59	23	69	GEN 31:35
ਹਾਲਤ	6	6	5	10	GEN 18:11
ਹਾਲਾ	3	3	1	0	ROM 13:6
ਹਾਲਾਂ	6	6	2	0	EZK 7:13
ਹਾਲਾਕ	2	2	1	2	JOS 11:17
ਹਾਲੀ	10	10	7	0	GEN 4:2
ਹਾਲੀਓ	1	1	1	0	JOL 1:11
ਹਾਲੇ	20	20	8	10	1SA 1:24
ਹਾਸਲ	7	7	7	2	EXO 23:10
ਹਾਸ਼ੁਮ	3	3	2	5	EZR 10:33
ਹਾਸ਼ੋਰ	1	1	1	0	1KI 9:15
ਹਾਸਾ	5	5	3	6	PSA 79:4
ਹਾਸਿਆਂ	1	1	1	0	JAS 4:9
ਹਾਸਿਲ	8	8	5	3	PSA 67:6
ਹਾਸੀ	13	13	6	3	JOB 12:4
ਹਾਸੇ	5	5	4	9	JOB 8:21
ਹਾਸੇਮ	1	1	1	1	1CH 11:34
ਹਾਸੋਰ	14	14	5	20	JOS 11:10
ਹਾਹ	1	1	1	0	ECC 12:8
ਹਾਹਾ	3	3	3	0	PSA 88:2
ਹਾਹਾਂ	5	5	1	0	LAM 1:4
ਹਾਹਾਕਾਰ	1	1	1	4	EST 4:3
ਹਾਹੁਕਾ	1	1	1	0	PSA 102:20
ਹਾਹੁਕੇ	3	3	1	0	ROM 8:22
ਹਾੜਾ	1	1	1	1	JER 51:13
ਹਾੜੀ	9	9	3	0	GEN 8:22
ਹਾੜੂ	3	3	2	0	2SA 16:1
ਹਾੜੇ	1	1	1	0	JOB 1:9
ਹਾੜ੍ਹੀ	1	1	1	3	ISA 28:4
ਹਿਆ	2	2	2	0	MAL 2:12
ਹਿਆਂ	1	1	1	0	ROM 2:22
ਹਿਆਉ	6	6	5	0	MRK 12:34
ਹਿਆਉਂ	3	3	3	0	JOB 41:10
ਹਿਕਮਤ	2	2	2	0	EXO 1:10
ਹਿਚਕ	2	2	1	2	PSA 18:44
ਹਿਜਕੀਏਲ	1	1	1	0	EZK 1:3
ਹਿਜਕੀਯਾਹ	22	22	3	0	2CH 32:8
ਹਿਜ਼ਕੀ	1	1	1	1	1CH 8:17
ਹਿਜ਼ਕੀਏਲ	5	5	1	20	EZK 0:0
ਹਿਜ਼ਕੀਯਾਹ	110	110	12	148	2KI 16:20
ਹਿਠਾਂਹ	1	1	1	0	1SA 6:15
ਹਿਠਾਹਾਂ	2	2	2	0	MRK 13:15
ਹਿਣਕਣ	1	1	1	1	JER 8:16
ਹਿਣਕਣਾ	1	1	1	1	JER 13:27
ਹਿਣਕਦਾ	2	2	2	2	JOB 39:25
ਹਿਣਕੋ	1	1	1	1	JER 50:11
ਹਿਤ	3	3	3	0	2CH 9:8
ਹਿਦਾਇਤਾਂ	2	2	2	9	1CO 11:34
ਹਿਮ	1	1	1	1	JOB 6:16
ਹਿਰਖ	3	3	1	0	GEN 34:7
ਹਿਰਦਿਆਂ	15	15	9	5	EXO 31:6
ਹਿਰਦੇ	16	16	8	5	EXO 28:29
ਹਿਰਨ	4	4	3	11	DEU 12:15
ਹਿਰਮਾਸ	1	1	1	1	ROM 16:14
ਹਿਰਸ	5	5	3	3	DEU 5:21
ਹਿਲ	2	2	1	0	ISA 6:4
ਹਿਲਕੀਯਾਹ	34	34	7	35	2KI 18:18
ਹਿਲਦਾ	1	1	1	0	LUK 7:24
ਹਿਲਦੀ	1	1	1	0	PSA 62:3
ਹਿਲਾ	13	13	8	13	JOB 4:14
ਹਿਲਾਇਆ	12	12	8	11	EXO 29:27
ਹਿਲਾਈ	3	3	2	5	LEV 7:30
ਹਿਲਾਈਆਂ	5	5	4	5	MAT 24:29
ਹਿਲਾਉਂਦਾ	4	4	4	5	DEU 32:11
ਹਿਲਾਉਂਦੀ	3	3	3	3	2KI 19:21
ਹਿਲਾਉਂਦੇ	3	3	2	3	PSA 22:7
ਹਿਲਾਉਣ	31	31	5	31	EXO 29:24
ਹਿਲਾਉਣੋਂ	1	1	1	0	ISA 19:16
ਹਿਲਾਏ	3	3	3	3	JOB 34:20
ਹਿਲਾਓ	2	2	2	2	LEV 23:12
ਹਿਲਾਵਾਂਗਾ	1	1	1	1	HAG 2:21
ਹਿਲਾਵੀਂ	2	2	1	2	EXO 29:24
ਹਿਲਾਵੇ	8	8	3	8	LEV 14:12
ਹਿਲਾਵੇਗਾ	3	3	3	2	GEN 41:44
ਹਿਲੇ	1	1	1	0	PSA 93:1
ਹਿਸਪਾਨਿਯਾ	2	2	1	2	ROM 15:24
ਹਿਸਾਬ	7	7	5	12	ECC 7:27
ਹਿਸਿਆਂ	2	2	1	0	JHN 19:23
ਹਿੜ	2	2	1	0	GEN 21:9
ਹਿੰਦ	2	2	1	0	EST 1:1
ਹਿੰਦੀ	1	1	1	0	ROM 2:24
ਹਿੰਨੋਮ	7	7	4	8	JOS 15:8
ਹਿੰਮਤ	3	3	2	16	JOS 2:11
ਹਿੱਕ	18	18	9	5	GEN 16:5
ਹਿੱਗਯੋਨ	1	1	1	1	PSA 9:16
ਹਿੱਚਕ	1	1	1	0	2SA 22:45
ਹਿੱਤ	4	4	4	2	RUT 2:13
ਹਿੱਤਕਾਰੀ	2	2	1	0	PRO 18:24
ਹਿੱਤਣਾਂ	1	1	1	1	1KI 11:1
ਹਿੱਤੀ	30	30	11	30	GEN 15:20
ਹਿੱਤੀ-ਸਾਰੇ	1	1	1	0	2SA 23:39
ਹਿੱਤੀਆ	1	1	1	0	JOS 1:4
ਹਿੱਤੀਆਂ	18	18	9	20	GEN 23:16
ਹਿੱਦਈ	1	1	1	1	2SA 23:30
ਹਿੱਦਕਲ	1	1	1	3	GEN 2:14
ਹਿੱਲ	13	13	10	16	2SA 22:8
ਹਿੱਲਣ	1	1	1	1	AMO 9:1
ਹਿੱਲਣਾ	1	1	1	0	JOB 16:5
ਹਿੱਲਦਾ	3	3	3	4	EXO 33:11
ਹਿੱਲਦਿਆਂ	1	1	1	0	ISA 35:3
ਹਿੱਲਦੀ	1	1	1	2	JOL 2:10
ਹਿੱਲਦੇ	2	2	2	2	1SA 1:13
ਹਿੱਲੇ	3	3	2	4	PSA 96:10
ਹਿੱਲੇਗਾ	2	2	2	2	1CH 16:30
ਹਿੱਲੇਲ	2	2	1	2	JDG 12:13
ਹਿੱਵੀ	11	11	6	11	GEN 10:17
ਹਿੱਵੀਆਂ	14	14	7	14	EXO 3:8
ਹਿੱਸਾ	99	99	33	160	GEN 14:24
ਹਿੱਸਿਆਂ	15	15	8	21	NUM 31:27
ਹਿੱਸੇ	47	47	18	71	GEN 2:10
ਹਿੱਸੇਦਾਰ	2	2	2	2	1CO 12:26
ਹੀ	2254	2254	66	2913	GEN 1:7
ਹੀਂਗਦਾ	1	1	1	1	JOB 6:5
ਹੀਂਗਦੇ	1	1	1	1	JOB 30:7
ਹੀਂਹਾਂ	1	1	1	0	AMO 3:12
ਹੀਏਰਪੁਲਿਸ	1	1	1	1	COL 4:13
ਹੀਏਲ	1	1	1	1	1KI 16:34
ਹੀਣ	9	9	6	4	GEN 27:11
ਹੀਣਾ	2	2	2	1	2SA 3:39
ਹੀਣਿਆਂ	1	1	1	1	PSA 138:6
ਹੀਣੇ	1	1	1	1	PSA 106:43
ਹੀਨ	19	19	4	18	EXO 29:40
ਹੀਨੋਮ	1	1	1	0	2CH 28:3
ਹੀਮਾਨ	1	1	1	0	2CH 5:12
ਹੀਰਾਮ	22	22	3	28	2SA 5:11
ਹੀਰਾਹ	2	2	1	2	GEN 38:1
ਹੀਰਿਆਂ	1	1	1	1	1CH 20:2
ਹੀਰੇ	3	3	3	5	JER 17:1
ਹੀਲੇਨ	1	1	1	1	1CH 6:58
ਹੁਕਨ	1	1	1	0	JOS 1:11
ਹੁਕਮ	707	707	50	761	GEN 3:11
ਹੁਕਮ-ਨਾਮੇ	1	1	1	0	ISA 58:2
ਹੁਕਮਨਾਮਾ	12	12	4	10	DEU 6:1
ਹੁਕਮਨਾਮੇ	15	15	7	27	DEU 7:11
ਹੁਕਮਰਾਨੀ	2	2	1	2	DAN 2:44
ਹੁਕਮਾ	2	2	2	0	DEU 13:4
ਹੁਕਮਾਂ	134	134	31	162	GEN 26:5
ਹੁਕਮੋਂ	1	1	1	1	PRO 8:29
ਹੁਕੂਮਤ	1	1	1	0	PSA 8:6
ਹੁਖਹੁਕਮਨਾਮਾ	1	1	1	0	DEU 5:31
ਹੁਟੇ	1	1	1	0	NEH 4:2
ਹੁਣ	887	887	60	931	GEN 2:23
ਹੁਣੇ	19	19	14	28	DEU 32:17
ਹੁਦਰੀ	1	1	1	0	1SA 20:30
ਹੁਦਾ	1	1	1	0	PSA 109:8
ਹੁਦੇਦਾਰ	1	1	1	0	1CH 26:29
ਹੁਦੇਦਾਰਾਂ	1	1	1	0	EST 1:8
ਹੁਨਰ	1	1	1	1	1KI 7:14
ਹੁਮਤਾਹ	1	1	1	1	JOS 15:54
ਹੁਮਿਨਾਯੁਸ	2	2	2	2	1TI 1:20
ਹੁਲਦਾਹ	2	2	2	2	2KI 22:14
ਹੁਲਾਰੇ	1	1	1	1	ISA 24:20
ਹੁਲੜ	1	1	1	0	PSA 46:6
ਹੁਸ਼ਾਤੀ	1	1	1	0	2SA 21:18
ਹੁਸ਼ਾਥੀ	2	2	2	5	2SA 23:27
ਹੁਸ਼ਿਆਰ	10	10	5	5	EZK 21:31
ਹੁਸ਼ਿਆਰੀ	2	2	2	2	PRO 8:5
ਹੁਸ਼ੀਮ	2	2	2	2	GEN 46:23
ਹੁਸਾਮ	2	2	1	0	GEN 36:34
ਹੁੰਗਣਾ	1	1	1	0	EXO 6:5
ਹੁੰਗਾਰਾ	1	1	1	1	PSA 115:7
ਹੁੰਦਾ	426	426	54	441	GEN 29:26
ਹੁੰਦਿਆ	2	2	2	0	2SA 5:8
ਹੁੰਦਿਆਂ	38	38	17	36	EXO 5:13
ਹੁੰਦੀ	176	176	41	198	GEN 7:12
ਹੁੰਦੀਆ	1	1	1	0	NEH 5:18
ਹੁੰਦੀਆਂ	38	38	16	38	JDG 19:9
ਹੁੰਦੇ	191	191	46	201	GEN 29:2
ਹੁੱਕੋਕ	1	1	1	1	JOS 19:34
ਹੁੱਗ	2	2	2	0	GEN 19:13
ਹੁੱਜ	1	1	1	0	EST 9:5
ਹੁੱਜਤੀ	1	1	1	0	ROM 10:21
ਹੁੱਡਾ	1	1	1	0	PSA 58:6
ਹੁੱਦਾ	1	1	1	0	ACT 1:20
ਹੁੱਦੇ	5	5	3	0	GEN 40:13
ਹੁੱਦੇਦਾਰ	16	16	6	1	NUM 11:16
ਹੁੱਦੇਦਾਰਾਂ	7	7	4	1	DEU 31:28
ਹੁੱਪਾਹ	1	1	1	1	1CH 24:13
ਹੁੱਪੀਮ	2	2	1	3	1CH 7:12
ਹੁੱਫੀਮ	1	1	1	0	GEN 46:21
ਹੁੱਬਾਹ	1	1	1	1	1CH 7:34
ਹੁੱਲੜ	3	3	3	3	PSA 83:2
ਹੁੱਸ	7	7	6	2	GEN 47:13
ਹੁੱਸਣਗੇ	1	1	1	1	ISA 40:31
ਹੁੱਸਦਾ	1	1	1	1	ISA 40:28
ਹੁੱਸ਼ਾਥੀ	1	1	1	0	1CH 20:4
ਹੁੱਸਿਆ	1	1	1	1	ISA 29:8
ਹੁੱਸੀ	2	2	1	0	ISA 32:2
ਹੁੱਸੇ	6	6	3	2	DEU 25:18
ਹੂਕੋਕ	1	1	1	1	1CH 6:75
ਹੂਫ਼ਾਮ	1	1	1	1	NUM 26:39
ਹੂਫ਼ਾਮੀਆਂ	1	1	1	1	NUM 26:39
ਹੂਰ	15	15	6	15	EXO 17:10
ਹੂਰਈ	1	1	1	1	1CH 11:32
ਹੂਰਾਮ	12	12	2	8	1CH 8:5
ਹੂਰੀ	1	1	1	1	1CH 5:14
ਹੂਰੇ	3	3	3	3	EXO 21:18
ਹੂਲ	2	2	2	2	GEN 10:23
ਹੂਸ਼ਈ	2	2	2	15	2SA 15:32
ਹੂਸ਼ਾਮ	2	2	1	4	1CH 1:45
ਹੂਸ਼ਾਹ	1	1	1	1	1CH 4:4
ਹੂਸ਼ੀਮ	2	2	1	2	1CH 8:8
ਹੂੜ੍ਹ	2	2	1	0	LEV 5:4
ਹੂੰਗਣ	3	3	2	2	JOB 23:2
ਹੂੰਗਣਗੇ	1	1	1	1	JER 51:52
ਹੂੰਗਦਾ	4	4	2	3	PSA 38:8
ਹੂੰਗਦੇ	2	2	2	1	JOB 24:12
ਹੂੰਗਾ	3	3	1	0	ISA 21:2
ਹੂੰਗਾਂਗਾ	1	1	1	1	PSA 55:17
ਹੂੰਗਿਆਂ	1	1	1	1	MAL 2:13
ਹੂੰਝ	6	6	5	5	JOB 27:21
ਹੂੰਝਾ	2	2	1	2	JOL 1:4
ਹੂੰਝੇ	2	2	1	2	JER 12:4
ਹੂੰਝੇਂ	1	1	1	0	1SA 12:25
ਹੂੰਦੀਆਂ	1	1	1	0	ACT 2:3
ਹੇ	1754	1754	59	1899	GEN 4:23
ਹੇਗਈ	3	3	1	5	EST 2:3
ਹੇਜ਼ੀਰ	2	2	2	2	1CH 24:15
ਹੇਠ	255	255	44	233	GEN 7:19
ਹੇਠਲਾ	2	2	2	2	1KI 9:17
ਹੇਠਲਿਆਂ	3	3	3	2	PSA 139:15
ਹੇਠਲੀ	9	9	6	7	EXO 28:27
ਹੇਠਲੇ	26	26	15	27	GEN 1:7
ਹੇਠਾ	2	2	2	0	2KI 18:34
ਹੇਠਾਂ	146	146	36	153	GEN 49:25
ਹੇਠਾਂਹ	2	2	2	0	LEV 9:22
ਹੇਠਾਹਾਂ	1	1	1	0	JDG 9:37
ਹੇਠੋਂ	32	32	16	31	GEN 6:17
ਹੇਣ	1	1	1	0	NEH 6:18
ਹੇਤ	8	8	1	11	GEN 23:3
ਹੇਥ	4	4	2	0	GEN 10:15
ਹੇਨ	1	1	1	1	ZEC 6:14
ਹੇਨਰਾ	1	1	1	0	JHN 12:35
ਹੇਨਾ	2	2	2	3	2KI 19:13
ਹੇਨਾਦਾਦ	4	4	2	4	EZR 3:9
ਹੇਫਰ	5	5	5	0	NUM 26:33
ਹੇਫ਼ਰ	5	5	2	11	NUM 26:32
ਹੇਫ਼ਰੀਆਂ	1	1	1	1	NUM 26:32
ਹੇਬਰ	1	1	1	11	NUM 26:45
ਹੇਬਰੀਆਂ	1	1	1	1	NUM 26:45
ਹੇਬਲ	1	1	1	1	JOS 19:29
ਹੇਮ	1	1	1	0	EZR 8:35
ਹੇਮਾਨ	14	14	3	16	1KI 4:31
ਹੇਮਾਨੀਆਂ	1	1	1	1	2CH 29:14
ਹੇਮਾਮ	1	1	1	0	GEN 36:22
ਹੇਯਹੋਵਾ	1	1	1	0	2SA 22:50
ਹੇਰ	1	1	1	1	1TI 6:4
ਹੇਰਾ	1	1	1	0	PSA 55:11
ਹੇਰਾਨ	1	1	1	0	ACT 2:7
ਹੇਰੀਆਂ	1	1	1	0	JER 14:7
ਹੇਰੋਦਿਆਸ	1	1	1	0	LUK 3:19
ਹੇਰੋਦਿਯਾਸ	5	5	2	6	MAT 14:3
ਹੇਰੋਦਿਯੋਨ	1	1	1	1	ROM 16:11
ਹੇਰੋਦੀਆਂ	3	3	2	3	MAT 22:16
ਹੇਰੋਦੇਸ	44	44	4	50	MAT 2:1
ਹੇਲਕ	2	2	2	2	NUM 26:30
ਹੇਲਕੀਆਂ	1	1	1	1	NUM 26:30
ਹੇਲਦ	1	1	1	1	1CH 11:30
ਹੇਲਬ	1	1	1	1	2SA 23:29
ਹੇਲਮ	2	2	2	2	1CH 7:35
ਹੇਲਸ	1	1	1	0	1CH 27:10
ਹੇਲਾਮ	2	2	1	2	2SA 10:16
ਹੇਲੀ	1	1	1	0	LUK 3:23
ਹੇਲੋਨ	5	5	1	5	NUM 1:9
ਹੇਵੇ	3	3	3	0	EXO 25:17
ਹੇਵੇਗਾ	1	1	1	0	LUK 18:24
ਹੇੜਾਂ	1	1	1	1	2CH 1:15
ਹੈ	14808	14808	66	15421	GEN 1:4
ਹੈਂ	926	926	46	959	GEN 3:9
ਹੈਂਕਲਾਂ	1	1	1	0	JDG 8:21
ਹੈਂਕੜੀ	1	1	1	1	JER 48:29
ਹੈਅਤੇ	5	5	1	0	1PE 2:8
ਹੈਕਲ	168	168	26	231	1SA 1:9
ਹੈਕਲਾਂ	2	2	2	1	JOL 3:5
ਹੈਕਲੋਂ	4	4	4	1	MAT 24:1
ਹੈਗਾ	26	26	7	0	GEN 29:6
ਹੈਗੀ	2	2	2	0	1SA 9:8
ਹੈਜਿਹੜਾ	1	1	1	0	1PE 2:6
ਹੈਰਾਨ	68	68	13	93	JOB 17:8
ਹੈਰਾਨਕ	1	1	1	0	1PE 2:9
ਹੈਰਾਨਗੀ	1	1	1	1	MIC 7:4
ਹੈਰਾਨੀ	8	8	4	11	GEN 43:33
ਹੈਰਾਨੀਜਨਕ	1	1	1	0	2PE 3:10
ਹੈਸਨ	2	2	1	0	2SA 13:30
ਹੈਸਾ	1	1	1	0	PRO 8:30
ਹੈਸੀ	21	21	9	0	JDG 14:4
ਹੈਸੋ	1	1	1	0	2SA 19:42
ਹੋ	2846	2846	65	3209	GEN 1:3
ਹੋਂ	18	18	10	0	2SA 13:14
ਹੋਂਠ	1	1	1	0	LEV 13:45
ਹੋਂਦ	1	1	1	1	1CO 15:45
ਹੋਂਸਲਾ	1	1	1	1	JOS 1:7
ਹੋਇ	1	1	1	0	2CH 32:12
ਹੋਇਅ	1	1	1	0	1KI 18:45
ਹੋਇਆ	1791	1791	62	1727	GEN 1:5
ਹੋਇਆਂ	162	162	36	165	GEN 17:23
ਹੋਇਓ	5	5	3	7	ISA 45:20
ਹੋਈ	675	675	55	748	GEN 3:17
ਹੋਈਆ	2	2	2	0	PSA 10:8
ਹੋਈਆਂ	222	222	43	225	GEN 6:2
ਹੋਈਏ	37	37	19	35	GEN 31:49
ਹੋਊ	16	16	10	0	GEN 9:26
ਹੋਊਗਾ	14	14	3	0	GEN 12:12
ਹੋਊਗੀ	6	6	5	0	GEN 15:13
ਹੋਏ	1207	1207	60	1477	GEN 2:4
ਹੋਏਗਾ	2	2	2	0	JOB 22:28
ਹੋਕਾ	18	18	15	7	EXO 36:6
ਹੋਕਾਂ	1	1	1	0	JON 3:7
ਹੋਕੇ	70	70	17	0	GEN 9:21
ਹੋਗਿਆ	4	4	1	0	LEV 13:13
ਹੋਛੀਆਂ	2	2	2	0	JOB 15:3
ਹੋਛੇ	1	1	1	0	PRO 20:19
ਹੋਜ਼ਾ	1	1	1	0	NEH 3:15
ਹੋਜ਼ਾਈ	1	1	1	1	2CH 33:19
ਹੋਠਾਂ	2	2	2	0	LEV 5:4
ਹੋਣ	749	749	56	878	GEN 1:14
ਹੋਣਗੀਆਂ	66	66	21	69	GEN 30:32
ਹੋਣਗੀਆਂਜਿਹੜੀਆਂਜਗਵੇਦੀਦੇ	1	1	1	0	ZEC 14:20
ਹੋਣਗੇ	282	282	44	297	GEN 2:24
ਹੋਣਾ	103	103	29	82	GEN 13:8
ਹੋਣੀ	18	18	11	5	1KI 20:9
ਹੋਣੀਆਂ	3	3	3	5	MAT 24:6
ਹੋਣੇ	9	9	6	0	JHN 14:1
ਹੋਤੇ	1	1	1	0	JHN 13:14
ਹੋਥਾਮ	2	2	1	2	1CH 7:32
ਹੋਥੀਰ	2	2	1	2	1CH 25:4
ਹੋਦ	1	1	1	2	1CH 7:37
ਹੋਦਵਯਾਹ	2	2	1	4	1CH 5:24
ਹੋਦਵਾਹ	1	1	1	1	NEH 7:43
ਹੋਦਸ਼	1	1	1	0	1CH 8:9
ਹੋਦੀਯਾਹ	6	6	2	6	1CH 4:19
ਹੋਦੈਯਾਹ	1	1	1	0	1CH 3:24
ਹੋਬਾਬ	2	2	2	2	NUM 10:29
ਹੋਬਾਹ	1	1	1	1	GEN 14:15
ਹੋਮ	280	280	24	299	GEN 8:20
ਹੋਮਬਲੀ	3	3	3	0	LEV 1:6
ਹੋਮਬਲੀਆਂ	2	2	2	0	EZR 6:9
ਹੋਮਰ	8	8	2	8	EZK 45:11
ਹੋਮਾਂ	1	1	1	0	MRK 12:33
ਹੋਮਾਰ	1	1	1	1	NUM 11:32
ਹੋਯਾ	1	1	1	0	1CH 18:1
ਹੋਰ	594	594	50	679	GEN 4:25
ਹੋਰ-ਹਗਿਦਗਾਦ	2	2	1	2	NUM 33:32
ਹੋਰਨਾ	8	8	5	0	DEU 13:6
ਹੋਰਨਾਂ	89	89	31	62	EXO 23:13
ਹੋਰਫ	1	1	1	0	1KI 4:3
ਹੋਰਾਂ	8	8	4	5	JHN 4:38
ਹੋਰਾਮ	1	1	1	1	JOS 10:33
ਹੋਰੀ	5	5	4	6	GEN 36:20
ਹੋਰੀਆਂ	5	5	2	4	GEN 14:6
ਹੋਰੇਬ	18	18	6	19	EXO 3:1
ਹੋਰੋਨ	10	10	5	0	JOS 16:3
ਹੋਰੋਨਇਮ	1	1	1	4	ISA 15:5
ਹੋਰੋਨਯਿਮ	1	1	1	0	JER 48:34
ਹੋਰੋਨਾਇਮ	2	2	1	0	JER 48:3
ਹੋਰੋਨੀ	2	2	1	3	NEH 2:10
ਹੋਲਾ	1	1	1	0	JON 1:5
ਹੋਲੋਨ	3	3	2	3	JOS 15:51
ਹੋਵਗਾ	2	2	2	0	ISA 38:7
ਹੋਵਗੀ	1	1	1	0	ISA 30:32
ਹੋਵਾ	1	1	1	0	PSA 9:14
ਹੋਵਾਂ	37	37	21	37	GEN 27:12
ਹੋਵਾਂਗਾ	90	90	26	87	GEN 4:14
ਹੋਵਾਂਗੀਆਂ	1	1	1	1	SNG 1:4
ਹੋਵਾਂਗੇ	23	23	13	19	GEN 47:19
ਹੋਵਾਗਾਂ	1	1	1	0	MAL 3:5
ਹੋਵੀਂ	4	4	3	4	2SA 20:4
ਹੋਵੇ	1529	1529	64	1670	GEN 1:3
ਹੋਵੇ-ਵਿਹੜੇ	1	1	1	0	EZR 6:9
ਹੋਵੇਂ	15	15	12	20	GEN 28:3
ਹੋਵੇਂਗਾ	43	43	20	53	GEN 4:12
ਹੋਵੇਂਗੀ	15	15	6	17	JDG 13:3
ਹੋਵੇਗ	1	1	1	0	ZEC 13:8
ਹੋਵੇਗ਼ੀ	1	1	1	0	1TH 3:5
ਹੋਵੇਗਾ	910	910	55	963	GEN 4:14
ਹੋਵੇਗੀ	276	276	39	291	GEN 3:16
ਹੋਵੇਗੇ	1	1	1	0	EZK 36:25
ਹੋਵੋ	124	124	37	127	EXO 22:31
ਹੋਵੋ-ਉਨ੍ਹਾਂ	1	1	1	0	1TH 4:13
ਹੋਵੋਂ	6	6	4	1	JHN 12:36
ਹੋਵੋਂਗੀਆਂ	1	1	1	0	1PE 3:6
ਹੋਵੋਂਗੇ	14	14	6	0	JHN 6:62
ਹੋਵੋਗਾ	1	1	1	0	ZEC 9:7
ਹੋਵੋਗੇ	43	43	15	56	EXO 12:13
ਹੋਸਲਾ	1	1	1	0	JOS 1:6
ਹੋਸ਼	4	4	4	5	1KI 10:5
ਹੋਸ਼ਆਯਾਹ	2	2	1	3	JER 42:1
ਹੋਸ਼ਾਮਾ	1	1	1	1	1CH 3:18
ਹੋਸ਼ਿਆਰ	2	2	2	0	1CO 8:9
ਹੋਸ਼ੇਆ	21	21	6	36	NUM 13:8
ਹੋਸਾਹ	5	5	2	5	JOS 19:29
ਹੋਸੰਨਾ	5	5	2	6	MAT 21:9
ਹੋਹਾਮ	1	1	1	1	JOS 10:3
ਹੋਹਿਆ	1	1	1	0	EST 6:4
ਹੋੜਾ	2	2	1	2	EXO 26:28
ਹੋੜਿਆਂ	4	4	1	4	EXO 26:29
ਹੋੜੇ	17	17	6	12	EXO 26:26
ਹੌ	1	1	1	0	ISA 37:11
ਹੌਂਕਦੀ	1	1	1	1	JER 4:31
ਹੌਂਕਦੇ	1	1	1	1	JOL 1:20
ਹੌਂਕਿਆ	1	1	1	2	PSA 119:131
ਹੌਂਸਲਾ	30	30	15	47	DEU 28:56
ਹੌਂਸਲੇ	3	3	3	4	DAN 11:25
ਹੌਕਦਾ	1	1	1	0	PSA 12:5
ਹੌਕੇ	7	7	5	0	JOB 3:24
ਹੌਜ਼	1	1	1	0	1CH 18:8
ਹੌਦ	33	33	8	45	GEN 24:20
ਹੌਦਾਂ	1	1	1	5	GEN 30:38
ਹੌਦੀ	3	3	1	5	1KI 7:38
ਹੌਦੀਆਂ	5	5	2	5	1KI 7:38
ਹੌਰਾਨ	2	2	1	2	EZK 47:16
ਹੌਲ	19	19	7	10	EXO 15:16
ਹੌਲਨਾਕ	2	2	2	0	JOL 2:31
ਹੌਲਨਾਕਚੀਜ਼	1	1	1	0	HOS 6:10
ਹੌਲਾ	9	9	5	6	1KI 12:4
ਹੌਲਾਂ	1	1	1	0	LAM 2:22
ਹੌਲਿਆਂ	2	2	2	0	ACT 27:38
ਹੌਲੀ	25	25	11	6	GEN 33:14
ਹੌਲੇ-ਹੌਲੇ	1	1	1	0	ACT 27:13
ਹੌਸਲਾ	5	5	4	0	2CH 15:8
ਹੜ	4	4	4	0	1CH 14:11
ਹੜਾਂ	5	5	2	0	2SA 22:17
ਹੜ੍ਹ	22	22	9	27	JOB 14:19
ਹੜ੍ਹਾ	1	1	1	0	JON 2:3
ਹੜ੍ਹਾਂ	5	5	3	10	2SA 22:5
ਹੜ੍ਹੀ	1	1	1	0	ISA 10:22
ਹੜੱਪ	10	10	4	7	JOB 5:5
ਹੰਕਾਰ	61	61	20	58	DEU 8:14
ਹੰਕਾਰਨਾਂ	2	2	2	2	ISA 3:16
ਹੰਕਾਰਾਂ	1	1	1	0	PSA 19:13
ਹੰਕਾਰਿਆ	2	2	2	2	2CH 26:16
ਹੰਕਾਰੀ	25	25	15	23	JOB 40:11
ਹੰਕਾਰੀਆਂ	15	15	4	17	2SA 22:28
ਹੰਗਾਮੇ	1	1	1	1	ISA 33:3
ਹੰਜੀਰ	21	21	9	0	JDG 9:10
ਹੰਜੀਰਾਂ	2	2	2	0	2KI 20:7
ਹੰਝੂ	1	1	1	15	ACT 20:19
ਹੰਟਰ	1	1	1	0	JHN 2:15
ਹੰਡਾਉਂਦੇ	1	1	1	0	JDG 8:26
ਹੰਢ	1	1	1	1	JOS 9:13
ਹੰਢਾਈ	1	1	1	1	JOB 13:28
ਹੰਢੀਆਂ	2	2	2	1	DEU 29:5
ਹੰਢੇ	5	5	3	3	DEU 8:4
ਹੰਨਾਹ	13	13	1	17	1SA 1:2
ਹੰਨੀਏਲ	2	2	2	2	NUM 34:23
ਹੰਮਥ	2	2	2	2	JOS 19:35
ਹੰਮੂਏਲ	1	1	1	1	1CH 4:26
ਹੰਮੇਆਹ	2	2	1	2	NEH 3:1
ਹੰਮੋਨ	2	2	2	2	JOS 19:28
ਹੰਮੋਲਕੋਥ	1	1	1	1	1CH 7:18
ਹੱਕ	94	94	31	99	GEN 25:31
ਹੱਕਣ	3	3	2	3	2KI 4:24
ਹੱਕਣਾ	1	1	1	1	2KI 9:20
ਹੱਕਦਾ	2	2	2	1	2KI 9:20
ਹੱਕਦਾਰ	6	6	4	4	MAT 10:10
ਹੱਕਦੇ	1	1	1	1	1CH 13:7
ਹੱਕਾ	8	8	3	0	JER 31:19
ਹੱਕਾਟਾਨ	1	1	1	1	EZR 8:12
ਹੱਕਿਆ	3	3	3	3	EXO 22:10
ਹੱਕੇ	10	10	7	6	GEN 33:13
ਹੱਕੋਸ	1	1	1	0	1CH 24:10
ਹੱਕੋਸ਼	1	1	1	0	NEH 3:21
ਹੱਗਈ	1	1	1	2	EZR 5:1
ਹੱਗੀ	2	2	2	2	GEN 46:16
ਹੱਗੀਆਂ	1	1	1	1	NUM 26:15
ਹੱਗੀਥ	1	1	1	5	1CH 3:2
ਹੱਗੀਬ	1	1	1	0	2SA 3:4
ਹੱਗੀਯਾਹ	1	1	1	1	1CH 6:30
ਹੱਛਾ	2	2	2	0	JDG 8:7
ਹੱਜਈ	13	13	1	17	HAG 0:0
ਹੱਟ	5	5	5	25	GEN 19:9
ਹੱਟਦੇ	1	1	1	0	JOB 6:15
ਹੱਟਾਂਗਾ	1	1	1	0	JER 32:40
ਹੱਟੀ	1	1	1	1	LUK 19:23
ਹੱਟੀਲ	2	2	2	2	EZR 2:57
ਹੱਟੂਸ਼	3	3	2	5	1CH 3:22
ਹੱਟੇਗੀ	1	1	1	1	PRO 17:13
ਹੱਠ	1	1	1	1	ISA 30:12
ਹੱਠੀਏ	1	1	1	1	2CH 30:8
ਹੱਡ	1	1	1	0	DEU 14:12
ਹੱਡੀ	20	20	10	20	GEN 2:23
ਹੱਡੀਆ	2	2	1	0	PSA 35:10
ਹੱਡੀਆਂ	94	94	25	96	GEN 2:23
ਹੱਡੀਓ	1	1	1	1	EZK 37:4
ਹੱਤਆਵਾਹ	1	1	1	0	DEU 9:22
ਹੱਤਾਵਾਹ	2	2	1	0	NUM 11:34
ਹੱਤਿਆ	3	3	3	13	GEN 16:5
ਹੱਤਿਆਰੇ	1	1	1	0	PSA 55:23
ਹੱਥ	1501	1501	54	1488	GEN 3:3
ਹੱਥ-ਪੈਰ	2	2	2	12	JHN 11:44
ਹੱਥਉਸ	1	1	1	0	DEU 34:9
ਹੱਥਲ	1	1	1	0	2CO 1:8
ਹੱਥਲੀ	1	1	1	0	1SA 14:27
ਹੱਥਸਮੂਏਲ	1	1	1	0	1SA 7:13
ਹੱਥਾ	1	1	1	0	PSA 58:2
ਹੱਥਾਂ	192	192	38	220	GEN 5:29
ਹੱਥੀ	10	10	5	0	RUT 3:17
ਹੱਥੀਂ	61	61	30	54	GEN 9:5
ਹੱਥੋ	2	2	2	0	DEU 32:39
ਹੱਥੋਂ	243	243	39	243	GEN 4:11
ਹੱਦ	193	193	21	202	GEN 10:19
ਹੱਦਤਾਹ	1	1	1	1	JOS 15:25
ਹੱਦਸਾਹ	1	1	1	1	EST 2:7
ਹੱਦਾ	1	1	1	0	DEU 3:14
ਹੱਦਾਂ	92	92	21	94	EXO 8:2
ਹੱਦੋਂ	18	18	9	18	GEN 17:2
ਹੱਪੀੱਸੇਸ	1	1	1	0	1CH 24:15
ਹੱਬਸਿਨਯਾਹ	1	1	1	1	JER 35:3
ਹੱਮੋਥ	1	1	1	1	JOS 21:32
ਹੱਲ	2	2	2	8	DAN 5:12
ਹੱਲਾ	21	21	8	8	JDG 8:21
ਹੱਲਾਂ	1	1	1	1	1CH 20:3
ਹੱਲੇ	2	2	2	2	PSA 55:18
ਹੱਲੋਹੇਸ਼	2	2	1	2	NEH 3:12
ਹੱਵਾਹ	4	4	3	4	GEN 3:20
ਹੱਵੋਥ	1	1	1	1	NUM 32:41
ਹੱਵੋਥਯਾਈਰ	1	1	1	0	DEU 3:14
ਹੱਸਣ	6	6	4	6	EXO 32:6
ਹੱਸਣਗਏ	1	1	1	0	PSA 52:6
ਹੱਸਣਗੇ	3	3	3	2	GEN 21:6
ਹੱਸਦਾ	3	3	1	5	JOB 39:7
ਹੱਸਦੀ	2	2	2	2	JOB 39:18
ਹੱਸਦੇ	7	7	5	5	2CH 30:10
ਹੱਸਨਾਆਹ	1	1	1	1	NEH 3:3
ਹੱਸਲਲਪੋਨੀ	1	1	1	1	1CH 4:3
ਹੱਸ਼ਾਰੀ	1	1	1	0	1CH 27:11
ਹੱਸ਼ੂਬ	2	2	1	0	NEH 10:23
ਹੱਸਾਂਗੀ	1	1	1	1	PRO 1:26
ਹੱਸਿਆ	1	1	1	2	GEN 17:17
ਹੱਸੀ	4	4	1	4	GEN 18:12
ਹੱਸੂਰੀਮ	1	1	1	1	2SA 2:16
ਹੱਸੇ	2	2	2	2	MAT 9:24
ਹੱਸੇਂਗ	1	1	1	0	JOB 5:22
ਹੱਸੇਂਗਾ	1	1	1	2	PSA 59:8
ਹੱਸੇਗਾ	2	2	1	2	PSA 2:4
ਹੱਸੋਗੇ	1	1	1	1	LUK 6:21
